  0
SECTION
  2
HEADER
  9
$ACADVER
  1
AC1032
  9
$ACADMAINTVER
 90
4
  9
$DWGCODEPAGE
  3
ANSI_1252
  9
$LASTSAVEDBY
  1
ezdxf
  9
$REQUIREDVERSIONS
160
0
  9
$INSBASE
 10
0.0
 20
0.0
 30
0.0
  9
$EXTMIN
 10
1e+20
 20
1e+20
 30
1e+20
  9
$EXTMAX
 10
-1e+20
 20
-1e+20
 30
-1e+20
  9
$LIMMIN
 10
0.0
 20
0.0
  9
$LIMMAX
 10
420.0
 20
297.0
  9
$ORTHOMODE
 70
0
  9
$REGENMODE
 70
1
  9
$FILLMODE
 70
1
  9
$QTEXTMODE
 70
0
  9
$MIRRTEXT
 70
1
  9
$LTSCALE
 40
1.0
  9
$ATTMODE
 70
1
  9
$TEXTSIZE
 40
2.5
  9
$TRACEWID
 40
1.0
  9
$TEXTSTYLE
  7
Standard
  9
$CLAYER
  8
0
  9
$CELTYPE
  6
ByLayer
  9
$CECOLOR
 62
256
  9
$CELTSCALE
 40
1.0
  9
$DISPSILH
 70
0
  9
$DIMSCALE
 40
1.0
  9
$DIMASZ
 40
2.5
  9
$DIMEXO
 40
0.625
  9
$DIMDLI
 40
3.75
  9
$DIMRND
 40
0.0
  9
$DIMDLE
 40
0.0
  9
$DIMEXE
 40
1.25
  9
$DIMTP
 40
0.0
  9
$DIMTM
 40
0.0
  9
$DIMTXT
 40
2.5
  9
$DIMCEN
 40
2.5
  9
$DIMTSZ
 40
0.0
  9
$DIMTOL
 70
0
  9
$DIMLIM
 70
0
  9
$DIMTIH
 70
0
  9
$DIMTOH
 70
0
  9
$DIMSE1
 70
0
  9
$DIMSE2
 70
0
  9
$DIMTAD
 70
1
  9
$DIMZIN
 70
8
  9
$DIMBLK
  1

  9
$DIMASO
 70
1
  9
$DIMSHO
 70
1
  9
$DIMPOST
  1

  9
$DIMAPOST
  1

  9
$DIMALT
 70
0
  9
$DIMALTD
 70
3
  9
$DIMALTF
 40
0.03937007874
  9
$DIMLFAC
 40
1.0
  9
$DIMTOFL
 70
1
  9
$DIMTVP
 40
0.0
  9
$DIMTIX
 70
0
  9
$DIMSOXD
 70
0
  9
$DIMSAH
 70
0
  9
$DIMBLK1
  1

  9
$DIMBLK2
  1

  9
$DIMSTYLE
  2
ISO-25
  9
$DIMCLRD
 70
0
  9
$DIMCLRE
 70
0
  9
$DIMCLRT
 70
0
  9
$DIMTFAC
 40
1.0
  9
$DIMGAP
 40
0.625
  9
$DIMJUST
 70
0
  9
$DIMSD1
 70
0
  9
$DIMSD2
 70
0
  9
$DIMTOLJ
 70
0
  9
$DIMTZIN
 70
8
  9
$DIMALTZ
 70
0
  9
$DIMALTTZ
 70
0
  9
$DIMUPT
 70
0
  9
$DIMDEC
 70
2
  9
$DIMTDEC
 70
2
  9
$DIMALTU
 70
2
  9
$DIMALTTD
 70
3
  9
$DIMTXSTY
  7
Standard
  9
$DIMAUNIT
 70
0
  9
$DIMADEC
 70
0
  9
$DIMALTRND
 40
0.0
  9
$DIMAZIN
 70
0
  9
$DIMDSEP
 70
44
  9
$DIMATFIT
 70
3
  9
$DIMFRAC
 70
0
  9
$DIMLDRBLK
  1

  9
$DIMLUNIT
 70
2
  9
$DIMLWD
 70
-2
  9
$DIMLWE
 70
-2
  9
$DIMTMOVE
 70
0
  9
$DIMFXL
 40
1.0
  9
$DIMFXLON
 70
0
  9
$DIMJOGANG
 40
0.785398163397
  9
$DIMTFILL
 70
0
  9
$DIMTFILLCLR
 70
0
  9
$DIMARCSYM
 70
0
  9
$DIMLTYPE
  6

  9
$DIMLTEX1
  6

  9
$DIMLTEX2
  6

  9
$DIMTXTDIRECTION
 70
0
  9
$LUNITS
 70
2
  9
$LUPREC
 70
4
  9
$SKETCHINC
 40
1.0
  9
$FILLETRAD
 40
10.0
  9
$AUNITS
 70
0
  9
$AUPREC
 70
2
  9
$MENU
  1
.
  9
$ELEVATION
 40
0.0
  9
$PELEVATION
 40
0.0
  9
$THICKNESS
 40
0.0
  9
$LIMCHECK
 70
0
  9
$CHAMFERA
 40
0.0
  9
$CHAMFERB
 40
0.0
  9
$CHAMFERC
 40
0.0
  9
$CHAMFERD
 40
0.0
  9
$SKPOLY
 70
0
  9
$TDCREATE
 40
2461309.2299189814
  9
$TDUCREATE
 40
2458532.153996898
  9
$TDUPDATE
 40
2461309.2299189814
  9
$TDUUPDATE
 40
2458532.1544311
  9
$TDINDWG
 40
0.0
  9
$TDUSRTIMER
 40
0.0
  9
$USRTIMER
 70
1
  9
$ANGBASE
 50
0.0
  9
$ANGDIR
 70
0
  9
$PDMODE
 70
0
  9
$PDSIZE
 40
0.0
  9
$PLINEWID
 40
0.0
  9
$SPLFRAME
 70
0
  9
$SPLINETYPE
 70
6
  9
$SPLINESEGS
 70
8
  9
$HANDSEED
  5
629
  9
$SURFTAB1
 70
6
  9
$SURFTAB2
 70
6
  9
$SURFTYPE
 70
6
  9
$SURFU
 70
6
  9
$SURFV
 70
6
  9
$UCSBASE
  2

  9
$UCSNAME
  2

  9
$UCSORG
 10
0.0
 20
0.0
 30
0.0
  9
$UCSXDIR
 10
1.0
 20
0.0
 30
0.0
  9
$UCSYDIR
 10
0.0
 20
1.0
 30
0.0
  9
$UCSORTHOREF
  2

  9
$UCSORTHOVIEW
 70
0
  9
$UCSORGTOP
 10
0.0
 20
0.0
 30
0.0
  9
$UCSORGBOTTOM
 10
0.0
 20
0.0
 30
0.0
  9
$UCSORGLEFT
 10
0.0
 20
0.0
 30
0.0
  9
$UCSORGRIGHT
 10
0.0
 20
0.0
 30
0.0
  9
$UCSORGFRONT
 10
0.0
 20
0.0
 30
0.0
  9
$UCSORGBACK
 10
0.0
 20
0.0
 30
0.0
  9
$PUCSBASE
  2

  9
$PUCSNAME
  2

  9
$PUCSORG
 10
0.0
 20
0.0
 30
0.0
  9
$PUCSXDIR
 10
1.0
 20
0.0
 30
0.0
  9
$PUCSYDIR
 10
0.0
 20
1.0
 30
0.0
  9
$PUCSORTHOREF
  2

  9
$PUCSORTHOVIEW
 70
0
  9
$PUCSORGTOP
 10
0.0
 20
0.0
 30
0.0
  9
$PUCSORGBOTTOM
 10
0.0
 20
0.0
 30
0.0
  9
$PUCSORGLEFT
 10
0.0
 20
0.0
 30
0.0
  9
$PUCSORGRIGHT
 10
0.0
 20
0.0
 30
0.0
  9
$PUCSORGFRONT
 10
0.0
 20
0.0
 30
0.0
  9
$PUCSORGBACK
 10
0.0
 20
0.0
 30
0.0
  9
$USERI1
 70
0
  9
$USERI2
 70
0
  9
$USERI3
 70
0
  9
$USERI4
 70
0
  9
$USERI5
 70
0
  9
$USERR1
 40
0.0
  9
$USERR2
 40
0.0
  9
$USERR3
 40
0.0
  9
$USERR4
 40
0.0
  9
$USERR5
 40
0.0
  9
$WORLDVIEW
 70
1
  9
$SHADEDGE
 70
3
  9
$SHADEDIF
 70
70
  9
$TILEMODE
 70
1
  9
$MAXACTVP
 70
64
  9
$PINSBASE
 10
0.0
 20
0.0
 30
0.0
  9
$PLIMCHECK
 70
0
  9
$PEXTMIN
 10
1e+20
 20
1e+20
 30
1e+20
  9
$PEXTMAX
 10
-1e+20
 20
-1e+20
 30
-1e+20
  9
$PLIMMIN
 10
-0.0
 20
-0.0
  9
$PLIMMAX
 10
1189.0
 20
841.0
  9
$UNITMODE
 70
0
  9
$VISRETAIN
 70
1
  9
$PLINEGEN
 70
0
  9
$PSLTSCALE
 70
0
  9
$TREEDEPTH
 70
3020
  9
$CMLSTYLE
  2
Standard
  9
$CMLJUST
 70
0
  9
$CMLSCALE
 40
20.0
  9
$PROXYGRAPHICS
 70
1
  9
$MEASUREMENT
 70
1
  9
$CELWEIGHT
370
-1
  9
$ENDCAPS
280
0
  9
$JOINSTYLE
280
0
  9
$LWDISPLAY
290
1
  9
$INSUNITS
 70
6
  9
$HYPERLINKBASE
  1

  9
$STYLESHEET
  1

  9
$XEDIT
290
1
  9
$CEPSNTYPE
380
0
  9
$PSTYLEMODE
290
1
  9
$FINGERPRINTGUID
  2
{B6BC5A05-A288-49C6-A011-2CA572BFD53D}
  9
$VERSIONGUID
  2
{5A4D6D49-1C61-4B44-BBA7-A50A250902A6}
  9
$EXTNAMES
290
1
  9
$PSVPSCALE
 40
0.0
  9
$OLESTARTUP
290
0
  9
$SORTENTS
280
127
  9
$INDEXCTL
280
0
  9
$HIDETEXT
280
1
  9
$XCLIPFRAME
280
1
  9
$HALOGAP
280
0
  9
$OBSCOLOR
 70
257
  9
$OBSLTYPE
280
0
  9
$INTERSECTIONDISPLAY
280
0
  9
$INTERSECTIONCOLOR
 70
257
  9
$DIMASSOC
280
2
  9
$PROJECTNAME
  1

  9
$CAMERADISPLAY
290
0
  9
$LENSLENGTH
 40
50.0
  9
$CAMERAHEIGHT
 40
0.0
  9
$STEPSPERSEC
 40
24.0
  9
$STEPSIZE
 40
100.0
  9
$3DDWFPREC
 40
2.0
  9
$PSOLWIDTH
 40
0.005
  9
$PSOLHEIGHT
 40
0.08
  9
$LOFTANG1
 40
1.570796326795
  9
$LOFTANG2
 40
1.570796326795
  9
$LOFTMAG1
 40
0.0
  9
$LOFTMAG2
 40
0.0
  9
$LOFTPARAM
 70
7
  9
$LOFTNORMALS
280
1
  9
$LATITUDE
 40
37.795
  9
$LONGITUDE
 40
-122.394
  9
$NORTHDIRECTION
 40
0.0
  9
$TIMEZONE
 70
-8000
  9
$LIGHTGLYPHDISPLAY
280
1
  9
$TILEMODELIGHTSYNCH
280
1
  9
$CMATERIAL
347
20
  9
$SOLIDHIST
280
0
  9
$SHOWHIST
280
1
  9
$DWFFRAME
280
2
  9
$DGNFRAME
280
2
  9
$REALWORLDSCALE
290
1
  9
$INTERFERECOLOR
 62
256
  9
$CSHADOW
280
0
  9
$SHADOWPLANELOCATION
 40
0.0
  0
ENDSEC
  0
SECTION
  2
CLASSES
  0
CLASS
  1
ACDBDICTIONARYWDFLT
  2
AcDbDictionaryWithDefault
  3
ObjectDBX Classes
 90
0
 91
0
280
0
281
0
  0
CLASS
  1
SUN
  2
AcDbSun
  3
SCENEOE
 90
1153
 91
0
280
0
281
0
  0
CLASS
  1
VISUALSTYLE
  2
AcDbVisualStyle
  3
ObjectDBX Classes
 90
4095
 91
0
280
0
281
0
  0
CLASS
  1
MATERIAL
  2
AcDbMaterial
  3
ObjectDBX Classes
 90
1153
 91
0
280
0
281
0
  0
CLASS
  1
SCALE
  2
AcDbScale
  3
ObjectDBX Classes
 90
1153
 91
0
280
0
281
0
  0
CLASS
  1
TABLESTYLE
  2
AcDbTableStyle
  3
ObjectDBX Classes
 90
4095
 91
0
280
0
281
0
  0
CLASS
  1
MLEADERSTYLE
  2
AcDbMLeaderStyle
  3
ACDB_MLEADERSTYLE_CLASS
 90
4095
 91
0
280
0
281
0
  0
CLASS
  1
DICTIONARYVAR
  2
AcDbDictionaryVar
  3
ObjectDBX Classes
 90
0
 91
0
280
0
281
0
  0
CLASS
  1
CELLSTYLEMAP
  2
AcDbCellStyleMap
  3
ObjectDBX Classes
 90
1152
 91
0
280
0
281
0
  0
CLASS
  1
MENTALRAYRENDERSETTINGS
  2
AcDbMentalRayRenderSettings
  3
SCENEOE
 90
1024
 91
0
280
0
281
0
  0
CLASS
  1
ACDBDETAILVIEWSTYLE
  2
AcDbDetailViewStyle
  3
ObjectDBX Classes
 90
1025
 91
0
280
0
281
0
  0
CLASS
  1
ACDBSECTIONVIEWSTYLE
  2
AcDbSectionViewStyle
  3
ObjectDBX Classes
 90
1025
 91
0
280
0
281
0
  0
CLASS
  1
RASTERVARIABLES
  2
AcDbRasterVariables
  3
ISM
 90
0
 91
0
280
0
281
0
  0
CLASS
  1
LAYOUT
  2
AcDbLayout
  3
ObjectDBX Classes
 90
0
 91
0
280
0
281
0
  0
CLASS
  1
ACDBPLACEHOLDER
  2
AcDbPlaceHolder
  3
ObjectDBX Classes
 90
0
 91
0
280
0
281
0
  0
ENDSEC
  0
SECTION
  2
TABLES
  0
TABLE
  2
VPORT
  5
8
330
0
100
AcDbSymbolTable
 70
1
  0
VPORT
  5
23
330
8
100
AcDbSymbolTableRecord
100
AcDbViewportTableRecord
  2
*Active
 70
0
 10
0.0
 20
0.0
 11
1.0
 21
1.0
 12
0.0
 22
0.0
 13
0.0
 23
0.0
 14
0.5
 24
0.5
 15
0.5
 25
0.5
 16
0.0
 26
0.0
 36
1.0
 17
0.0
 27
0.0
 37
0.0
 40
1000.0
 41
1.34
 42
50.0
 43
0.0
 44
0.0
 50
0.0
 51
0.0
 71
0
 72
1000
 73
1
 74
3
 75
0
 76
0
 77
0
 78
0
281
0
 65
0
146
0.0
  0
ENDTAB
  0
TABLE
  2
LTYPE
  5
2
330
0
100
AcDbSymbolTable
 70
14
  0
LTYPE
  5
24
330
2
100
AcDbSymbolTableRecord
100
AcDbLinetypeTableRecord
  2
ByBlock
 70
0
  3

 72
65
 73
0
 40
0.0
  0
LTYPE
  5
25
330
2
100
AcDbSymbolTableRecord
100
AcDbLinetypeTableRecord
  2
ByLayer
 70
0
  3

 72
65
 73
0
 40
0.0
  0
LTYPE
  5
26
330
2
100
AcDbSymbolTableRecord
100
AcDbLinetypeTableRecord
  2
Continuous
 70
0
  3

 72
65
 73
0
 40
0.0
  0
LTYPE
  5
2F
330
2
100
AcDbSymbolTableRecord
100
AcDbLinetypeTableRecord
  2
KRESKOWA
 70
0
  3
Linia kreskowa (02): krawędzie niewidoczne, elementy pod/nad płaszczyzną cięcia
 72
65
 73
2
 40
5.249999999999999
 49
4.199999999999999
 74
0
 49
-1.0499999999999998
 74
0
  0
LTYPE
  5
30
330
2
100
AcDbSymbolTableRecord
100
AcDbLinetypeTableRecord
  2
KRESKOWA_DROBNA
 70
0
  3
Linia kreskowa drobna (kreska krótka 6d)
 72
65
 73
2
 40
3.1499999999999995
 49
2.0999999999999996
 74
0
 49
-1.0499999999999998
 74
0
  0
LTYPE
  5
31
330
2
100
AcDbSymbolTableRecord
100
AcDbLinetypeTableRecord
  2
PUNKTOWA
 70
0
  3
Linia punktowa (04): osie, płaszczyzny przekroju
 72
65
 73
4
 40
10.5
 49
8.399999999999999
 74
0
 49
-1.0499999999999998
 74
0
 49
0.0
 74
0
 49
-1.0499999999999998
 74
0
  0
LTYPE
  5
32
330
2
100
AcDbSymbolTableRecord
100
AcDbLinetypeTableRecord
  2
PUNKTOWA_KROTKA
 70
0
  3
Linia punktowa z kreską zwykłą (końce przekrojów, gaz)
 72
65
 73
4
 40
6.299999999999999
 49
4.199999999999999
 74
0
 49
-1.0499999999999998
 74
0
 49
0.0
 74
0
 49
-1.0499999999999998
 74
0
  0
LTYPE
  5
33
330
2
100
AcDbSymbolTableRecord
100
AcDbLinetypeTableRecord
  2
DWUPUNKTOWA
 70
0
  3
Linia dwupunktowa (05): położenia skrajne, części przyległe
 72
65
 73
6
 40
11.55
 49
8.399999999999999
 74
0
 49
-1.0499999999999998
 74
0
 49
0.0
 74
0
 49
-1.0499999999999998
 74
0
 49
0.0
 74
0
 49
-1.0499999999999998
 74
0
  0
LTYPE
  5
34
330
2
100
AcDbSymbolTableRecord
100
AcDbLinetypeTableRecord
  2
KROPKOWA
 70
0
  3
Linia kropkowa (07): elementy nieobjęte projektem
 72
65
 73
2
 40
1.0499999999999998
 49
0.0
 74
0
 49
-1.0499999999999998
 74
0
  0
LTYPE
  5
35
330
2
100
AcDbSymbolTableRecord
100
AcDbLinetypeTableRecord
  2
KRESKA_DLUGA
 70
0
  3
Linia kreskowa długa (instalacje)
 72
65
 73
2
 40
9.45
 49
8.399999999999999
 74
0
 49
-1.0499999999999998
 74
0
  0
LTYPE
  5
36
330
2
100
AcDbSymbolTableRecord
100
AcDbLinetypeTableRecord
  2
KRESKOWA_3_1
 70
0
  3
Linia kreskowa 3/1 mm (paroizolacja, R4 pkt 3.8)
 72
65
 73
2
 40
4.0
 49
3.0
 74
0
 49
-1.0
 74
0
  0
LTYPE
  5
37
330
2
100
AcDbSymbolTableRecord
100
AcDbLinetypeTableRecord
  2
HYDRO_OKNA
 70
0
  3
Białe okna pasa izolacji przeciwwodnej (czarny 3 / biały 1,5 mm)
 72
65
 73
2
 40
4.5
 49
1.5
 74
0
 49
-3.0
 74
0
  0
LTYPE
  5
38
330
2
100
AcDbSymbolTableRecord
100
AcDbLinetypeTableRecord
  2
WIELOPUNKTOWA
 70
0
  3
Linia wielopunktowa (telekomunikacja, PN-B-01027)
 72
65
 73
8
 40
13.399999999999999
 49
9.0
 74
0
 49
-1.2
 74
0
 49
0.0
 74
0
 49
-1.0
 74
0
 49
0.0
 74
0
 49
-1.0
 74
0
 49
0.0
 74
0
 49
-1.2
 74
0
  0
LTYPE
  5
39
330
2
100
AcDbSymbolTableRecord
100
AcDbLinetypeTableRecord
  2
KABEL_E
 70
0
  3
Kabel elektroenergetyczny (PN-B-01027: kreskowa 2·9·2)
 72
65
 73
2
 40
11.0
 49
9.0
 74
0
 49
-2.0
 74
0
  0
ENDTAB
  0
TABLE
  2
LAYER
  5
1
330
0
100
AcDbSymbolTable
 70
103
  0
LAYER
  5
27
330
1
100
AcDbSymbolTableRecord
100
AcDbLayerTableRecord
  2
0
 70
0
 62
7
  6
Continuous
370
-3
390
13
347
21
  0
LAYER
  5
28
330
1
100
AcDbSymbolTableRecord
100
AcDbLayerTableRecord
  2
Defpoints
 70
0
 62
7
  6
Continuous
290
0
370
-3
390
13
347
21
  0
LAYER
  5
3E
330
1
100
AcDbSymbolTableRecord
100
AcDbLayerTableRecord
  2
R-RAMKA
 70
0
 62
7
  6
Continuous
370
50
390
13
347
21
1001
AcAecLayerStandard
1000

1000
Ramka arkusza, znaki składania i centrowania
  0
LAYER
  5
40
330
1
100
AcDbSymbolTableRecord
100
AcDbLayerTableRecord
  2
R-TABLICZKA
 70
0
 62
7
  6
Continuous
370
25
390
13
347
21
1001
AcAecLayerStandard
1000

1000
Tabliczka rysunkowa (PN-EN ISO 7200)
  0
LAYER
  5
41
330
1
100
AcDbSymbolTableRecord
100
AcDbLayerTableRecord
  2
R-OPISY
 70
0
 62
7
  6
Continuous
370
25
390
13
347
21
1001
AcAecLayerStandard
1000

1000
Opisy arkusza: tytuły rzutni, uwagi, legendy
  0
LAYER
  5
42
330
1
100
AcDbSymbolTableRecord
100
AcDbLayerTableRecord
  2
R-LEGENDA
 70
0
 62
7
  6
Continuous
370
25
390
13
347
21
1001
AcAecLayerStandard
1000

1000
Legenda oznaczeń
  0
LAYER
  5
43
330
1
100
AcDbSymbolTableRecord
100
AcDbLayerTableRecord
  2
R-RZUTNIA
 70
0
 62
8
  6
Continuous
290
0
370
18
390
13
347
21
1001
AcAecLayerStandard
1000

1000
Obrys rzutni (nie drukowany)
  0
LAYER
  5
44
330
1
100
AcDbSymbolTableRecord
100
AcDbLayerTableRecord
  2
A-SCIANY-KONSTR
 70
0
 62
7
  6
Continuous
370
50
390
13
347
21
1001
AcAecLayerStandard
1000

1000
Ściany i słupy konstrukcyjne w przekroju — kontur
  0
LAYER
  5
45
330
1
100
AcDbSymbolTableRecord
100
AcDbLayerTableRecord
  2
A-SCIANY-DZIAL
 70
0
 62
7
  6
Continuous
370
35
390
13
347
21
1001
AcAecLayerStandard
1000

1000
Ścianki działowe w przekroju — kontur
  0
LAYER
  5
46
330
1
100
AcDbSymbolTableRecord
100
AcDbLayerTableRecord
  2
A-SCIANY-IZOL
 70
0
 62
4
  6
Continuous
370
35
390
13
347
21
1001
AcAecLayerStandard
1000

1000
Warstwy izolacji termicznej ścian — kontur
  0
LAYER
  5
47
330
1
100
AcDbSymbolTableRecord
100
AcDbLayerTableRecord
  2
A-SCIANY-WYK
 70
0
 62
8
  6
Continuous
370
18
390
13
347
21
1001
AcAecLayerStandard
1000

1000
Tynki, okładziny, warstwy wykończeniowe — kontur
  0
LAYER
  5
48
330
1
100
AcDbSymbolTableRecord
100
AcDbLayerTableRecord
  2
A-STROPY
 70
0
 62
7
  6
Continuous
370
50
390
13
347
21
1001
AcAecLayerStandard
1000

1000
Stropy, płyty, stropodachy w przekroju — kontur
  0
LAYER
  5
49
330
1
100
AcDbSymbolTableRecord
100
AcDbLayerTableRecord
  2
A-WARSTWY
 70
0
 62
8
  6
Continuous
370
25
390
13
347
21
1001
AcAecLayerStandard
1000

1000
Warstwy przegród poziomych (podłogi, dachy) — kontur
  0
LAYER
  5
4A
330
1
100
AcDbSymbolTableRecord
100
AcDbLayerTableRecord
  2
A-IZOL-WODNA
 70
0
 62
5
  6
Continuous
370
100
390
13
347
21
1001
AcAecLayerStandard
1000

1000
Izolacje przeciwwodne/przeciwwilgociowe/paroizolacje
  0
LAYER
  5
4B
330
1
100
AcDbSymbolTableRecord
100
AcDbLayerTableRecord
  2
A-FUNDAMENTY
 70
0
 62
7
  6
Continuous
370
50
390
13
347
21
1001
AcAecLayerStandard
1000

1000
Fundamenty w przekroju — kontur
  0
LAYER
  5
4C
330
1
100
AcDbSymbolTableRecord
100
AcDbLayerTableRecord
  2
A-KRESKOWANIE
 70
0
 62
8
  6
Continuous
370
18
390
13
347
21
1001
AcAecLayerStandard
1000

1000
Kreskowanie materiałów (PN-B-01030)
  0
LAYER
  5
4D
330
1
100
AcDbSymbolTableRecord
100
AcDbLayerTableRecord
  2
A-WYPELNIENIA
 70
0
 62
9
  6
Continuous
370
18
390
13
347
21
1001
AcAecLayerStandard
1000

1000
Wypełnienia (zaczernienia, tła)
  0
LAYER
  5
4E
330
1
100
AcDbSymbolTableRecord
100
AcDbLayerTableRecord
  2
A-WIDOK
 70
0
 62
7
  6
Continuous
370
25
390
13
347
21
1001
AcAecLayerStandard
1000

1000
Krawędzie widoczne (poza płaszczyzną cięcia)
  0
LAYER
  5
4F
330
1
100
AcDbSymbolTableRecord
100
AcDbLayerTableRecord
  2
A-NIEWIDOCZNE
 70
0
 62
8
  6
KRESKOWA
370
25
390
13
347
21
1001
AcAecLayerStandard
1000

1000
Krawędzie niewidoczne
  0
LAYER
  5
50
330
1
100
AcDbSymbolTableRecord
100
AcDbLayerTableRecord
  2
A-NAD-CIECIEM
 70
0
 62
8
  6
KRESKOWA
370
25
390
13
347
21
1001
AcAecLayerStandard
1000

1000
Elementy nad płaszczyzną cięcia (belki, nadproża, okapy)
  0
LAYER
  5
51
330
1
100
AcDbSymbolTableRecord
100
AcDbLayerTableRecord
  2
A-OKNA
 70
0
 62
3
  6
Continuous
370
35
390
13
347
21
1001
AcAecLayerStandard
1000

1000
Stolarka okienna
  0
LAYER
  5
52
330
1
100
AcDbSymbolTableRecord
100
AcDbLayerTableRecord
  2
A-DRZWI
 70
0
 62
3
  6
Continuous
370
35
390
13
347
21
1001
AcAecLayerStandard
1000

1000
Stolarka drzwiowa
  0
LAYER
  5
53
330
1
100
AcDbSymbolTableRecord
100
AcDbLayerTableRecord
  2
A-SCHODY
 70
0
 62
6
  6
Continuous
370
25
390
13
347
21
1001
AcAecLayerStandard
1000

1000
Schody, pochylnie, balustrady
  0
LAYER
  5
54
330
1
100
AcDbSymbolTableRecord
100
AcDbLayerTableRecord
  2
A-MEBLE
 70
0
 62
8
  6
Continuous
370
18
390
13
347
21
1001
AcAecLayerStandard
1000

1000
Meble i wyposażenie ruchome
  0
LAYER
  5
55
330
1
100
AcDbSymbolTableRecord
100
AcDbLayerTableRecord
  2
A-SANITARNE
 70
0
 62
6
  6
Continuous
370
25
390
13
347
21
1001
AcAecLayerStandard
1000

1000
Wyposażenie sanitarne i kuchenne
  0
LAYER
  5
56
330
1
100
AcDbSymbolTableRecord
100
AcDbLayerTableRecord
  2
A-WYMIARY
 70
0
 62
1
  6
Continuous
370
25
390
13
347
21
1001
AcAecLayerStandard
1000

1000
Wymiarowanie (PN-B-01029)
  0
LAYER
  5
57
330
1
100
AcDbSymbolTableRecord
100
AcDbLayerTableRecord
  2
A-OPISY
 70
0
 62
2
  6
Continuous
370
25
390
13
347
21
1001
AcAecLayerStandard
1000

1000
Opisy, odnośniki, opisy warstw
  0
LAYER
  5
58
330
1
100
AcDbSymbolTableRecord
100
AcDbLayerTableRecord
  2
A-POMIESZCZENIA
 70
0
 62
2
  6
Continuous
370
25
390
13
347
21
1001
AcAecLayerStandard
1000

1000
Oznaczenia pomieszczeń (PN-EN ISO 4157)
  0
LAYER
  5
59
330
1
100
AcDbSymbolTableRecord
100
AcDbLayerTableRecord
  2
A-OSIE
 70
0
 62
1
  6
PUNKTOWA
370
25
390
13
347
21
1001
AcAecLayerStandard
1000

1000
Osie konstrukcyjne
  0
LAYER
  5
5A
330
1
100
AcDbSymbolTableRecord
100
AcDbLayerTableRecord
  2
A-RZEDNE
 70
0
 62
1
  6
Continuous
370
25
390
13
347
21
1001
AcAecLayerStandard
1000

1000
Rzędne wysokościowe
  0
LAYER
  5
5B
330
1
100
AcDbSymbolTableRecord
100
AcDbLayerTableRecord
  2
A-PRZEKROJE
 70
0
 62
1
  6
PUNKTOWA_KROTKA
370
50
390
13
347
21
1001
AcAecLayerStandard
1000

1000
Oznaczenia przekrojów i widoków
  0
LAYER
  5
5C
330
1
100
AcDbSymbolTableRecord
100
AcDbLayerTableRecord
  2
A-SYMBOLE
 70
0
 62
2
  6
Continuous
370
25
390
13
347
21
1001
AcAecLayerStandard
1000

1000
Symbole ogólne (północ, spadki, odnośniki)
  0
LAYER
  5
5D
330
1
100
AcDbSymbolTableRecord
100
AcDbLayerTableRecord
  2
A-TEREN
 70
0
 62
32
  6
Continuous
370
50
390
13
347
21
1001
AcAecLayerStandard
1000

1000
Linia terenu, grunt
  0
LAYER
  5
5E
330
1
100
AcDbSymbolTableRecord
100
AcDbLayerTableRecord
  2
A-ELEWACJE
 70
0
 62
7
  6
Continuous
370
35
390
13
347
21
1001
AcAecLayerStandard
1000

1000
Elewacje — krawędzie
  0
LAYER
  5
5F
330
1
100
AcDbSymbolTableRecord
100
AcDbLayerTableRecord
  2
A-MASKA
 70
0
 62
7
  6
Continuous
370
18
390
13
347
21
1001
AcAecLayerStandard
1000

1000
Maski (tło napisów)
  0
LAYER
  5
60
330
1
100
AcDbSymbolTableRecord
100
AcDbLayerTableRecord
  2
K-KONSTR
 70
0
 62
7
  6
Continuous
370
50
390
13
347
21
1001
AcAecLayerStandard
1000

1000
Konstrukcja — kontury elementów
  0
LAYER
  5
61
330
1
100
AcDbSymbolTableRecord
100
AcDbLayerTableRecord
  2
K-ZBROJENIE
 70
0
 62
1
  6
Continuous
370
100
390
13
347
21
1001
AcAecLayerStandard
1000

1000
Zbrojenie — pręty (PN-EN ISO 3766)
  0
LAYER
  5
62
330
1
100
AcDbSymbolTableRecord
100
AcDbLayerTableRecord
  2
K-ZBROJENIE-OPIS
 70
0
 62
2
  6
Continuous
370
25
390
13
347
21
1001
AcAecLayerStandard
1000

1000
Zbrojenie — opisy pozycji
  0
LAYER
  5
63
330
1
100
AcDbSymbolTableRecord
100
AcDbLayerTableRecord
  2
K-WYMIARY
 70
0
 62
1
  6
Continuous
370
25
390
13
347
21
1001
AcAecLayerStandard
1000

1000
Konstrukcja — wymiary
  0
LAYER
  5
64
330
1
100
AcDbSymbolTableRecord
100
AcDbLayerTableRecord
  2
K-OSIE
 70
0
 62
1
  6
PUNKTOWA
370
25
390
13
347
21
1001
AcAecLayerStandard
1000

1000
Konstrukcja — osie
  0
LAYER
  5
65
330
1
100
AcDbSymbolTableRecord
100
AcDbLayerTableRecord
  2
S-WODA
 70
0
 62
5
420
20680
  6
Continuous
370
35
390
13
347
21
1001
AcAecLayerStandard
1000

1000
Instalacja wody zimnej
  0
LAYER
  5
66
330
1
100
AcDbSymbolTableRecord
100
AcDbLayerTableRecord
  2
S-CWU
 70
0
 62
1
420
13631488
  6
KRESKOWA
370
35
390
13
347
21
1001
AcAecLayerStandard
1000

1000
Instalacja ciepłej wody użytkowej
  0
LAYER
  5
67
330
1
100
AcDbSymbolTableRecord
100
AcDbLayerTableRecord
  2
S-CYRK
 70
0
 62
6
420
11534512
  6
PUNKTOWA_KROTKA
370
25
390
13
347
21
1001
AcAecLayerStandard
1000

1000
Instalacja cyrkulacji CWU
  0
LAYER
  5
68
330
1
100
AcDbSymbolTableRecord
100
AcDbLayerTableRecord
  2
S-KANAL
 70
0
 62
34
420
8013056
  6
Continuous
370
50
390
13
347
21
1001
AcAecLayerStandard
1000

1000
Kanalizacja sanitarna
  0
LAYER
  5
69
330
1
100
AcDbSymbolTableRecord
100
AcDbLayerTableRecord
  2
S-DESZCZ
 70
0
 62
150
420
32906
  6
KRESKA_DLUGA
370
35
390
13
347
21
1001
AcAecLayerStandard
1000

1000
Kanalizacja deszczowa / odwodnienie
  0
LAYER
  5
6A
330
1
100
AcDbSymbolTableRecord
100
AcDbLayerTableRecord
  2
S-OGRZ
 70
0
 62
1
420
14700544
  6
Continuous
370
25
390
13
347
21
1001
AcAecLayerStandard
1000

1000
Ogrzewanie (zasilanie/powrót, pętle podłogowe)
  0
LAYER
  5
6B
330
1
100
AcDbSymbolTableRecord
100
AcDbLayerTableRecord
  2
S-WENT
 70
0
 62
3
420
35328
  6
Continuous
370
35
390
13
347
21
1001
AcAecLayerStandard
1000

1000
Wentylacja mechaniczna
  0
LAYER
  5
6C
330
1
100
AcDbSymbolTableRecord
100
AcDbLayerTableRecord
  2
S-URZADZENIA
 70
0
 62
2
420
3158064
  6
Continuous
370
35
390
13
347
21
1001
AcAecLayerStandard
1000

1000
Urządzenia i armatura instalacji sanitarnych
  0
LAYER
  5
6D
330
1
100
AcDbSymbolTableRecord
100
AcDbLayerTableRecord
  2
S-OPISY
 70
0
 62
2
  6
Continuous
370
25
390
13
347
21
1001
AcAecLayerStandard
1000

1000
Instalacje sanitarne — opisy
  0
LAYER
  5
6E
330
1
100
AcDbSymbolTableRecord
100
AcDbLayerTableRecord
  2
E-GNIAZDA
 70
0
 62
1
420
12582912
  6
Continuous
370
35
390
13
347
21
1001
AcAecLayerStandard
1000

1000
Gniazda wtyczkowe (PN-EN 60617)
  0
LAYER
  5
6F
330
1
100
AcDbSymbolTableRecord
100
AcDbLayerTableRecord
  2
E-OSWIETLENIE
 70
0
 62
30
420
13656064
  6
Continuous
370
35
390
13
347
21
1001
AcAecLayerStandard
1000

1000
Oprawy oświetleniowe
  0
LAYER
  5
70
330
1
100
AcDbSymbolTableRecord
100
AcDbLayerTableRecord
  2
E-LACZNIKI
 70
0
 62
30
420
13656064
  6
Continuous
370
35
390
13
347
21
1001
AcAecLayerStandard
1000

1000
Łączniki, czujniki
  0
LAYER
  5
71
330
1
100
AcDbSymbolTableRecord
100
AcDbLayerTableRecord
  2
E-TRASY
 70
0
 62
8
420
6316128
  6
Continuous
370
25
390
13
347
21
1001
AcAecLayerStandard
1000

1000
Trasy przewodów
  0
LAYER
  5
72
330
1
100
AcDbSymbolTableRecord
100
AcDbLayerTableRecord
  2
E-ROZDZIELNICE
 70
0
 62
1
420
12582912
  6
Continuous
370
35
390
13
347
21
1001
AcAecLayerStandard
1000

1000
Rozdzielnice, złącza, puszki
  0
LAYER
  5
73
330
1
100
AcDbSymbolTableRecord
100
AcDbLayerTableRecord
  2
E-TELETECH
 70
0
 62
5
420
20680
  6
Continuous
370
35
390
13
347
21
1001
AcAecLayerStandard
1000

1000
Instalacje teletechniczne (LAN, TV, domofon)
  0
LAYER
  5
74
330
1
100
AcDbSymbolTableRecord
100
AcDbLayerTableRecord
  2
E-ODGROM
 70
0
 62
3
420
35328
  6
Continuous
370
35
390
13
347
21
1001
AcAecLayerStandard
1000

1000
Uziemienia, połączenia wyrównawcze, ochrona odgromowa
  0
LAYER
  5
75
330
1
100
AcDbSymbolTableRecord
100
AcDbLayerTableRecord
  2
E-OPISY
 70
0
 62
2
  6
Continuous
370
25
390
13
347
21
1001
AcAecLayerStandard
1000

1000
Instalacje elektryczne — opisy
  0
LAYER
  5
76
330
1
100
AcDbSymbolTableRecord
100
AcDbLayerTableRecord
  2
Z-GRANICE
 70
0
 62
1
  6
DWUPUNKTOWA
370
50
390
13
347
21
1001
AcAecLayerStandard
1000

1000
Granice działki, punkty graniczne
  0
LAYER
  5
77
330
1
100
AcDbSymbolTableRecord
100
AcDbLayerTableRecord
  2
Z-ZABUDOWA
 70
0
 62
7
  6
Continuous
370
50
390
13
347
21
1001
AcAecLayerStandard
1000

1000
Budynki projektowane i istniejące
  0
LAYER
  5
78
330
1
100
AcDbSymbolTableRecord
100
AcDbLayerTableRecord
  2
Z-LINIE-ZABUDOWY
 70
0
 62
1
420
12582912
  6
PUNKTOWA
370
35
390
13
347
21
1001
AcAecLayerStandard
1000

1000
Linie zabudowy (MPZP)
  0
LAYER
  5
79
330
1
100
AcDbSymbolTableRecord
100
AcDbLayerTableRecord
  2
Z-UTWARDZENIA
 70
0
 62
8
  6
Continuous
370
25
390
13
347
21
1001
AcAecLayerStandard
1000

1000
Nawierzchnie utwardzone
  0
LAYER
  5
7A
330
1
100
AcDbSymbolTableRecord
100
AcDbLayerTableRecord
  2
Z-ZIELEN
 70
0
 62
3
420
1997342
  6
Continuous
370
25
390
13
347
21
1001
AcAecLayerStandard
1000

1000
Zieleń: drzewa, krzewy, trawniki
  0
LAYER
  5
7B
330
1
100
AcDbSymbolTableRecord
100
AcDbLayerTableRecord
  2
Z-UZBROJENIE
 70
0
 62
5
  6
Continuous
370
35
390
13
347
21
1001
AcAecLayerStandard
1000

1000
Uzbrojenie terenu, sieci i przyłącza
  0
LAYER
  5
7C
330
1
100
AcDbSymbolTableRecord
100
AcDbLayerTableRecord
  2
Z-WARSTWICE
 70
0
 62
32
420
9067050
  6
Continuous
370
18
390
13
347
21
1001
AcAecLayerStandard
1000

1000
Warstwice i punkty wysokościowe
  0
LAYER
  5
7D
330
1
100
AcDbSymbolTableRecord
100
AcDbLayerTableRecord
  2
Z-OGRODZENIE
 70
0
 62
7
  6
Continuous
370
35
390
13
347
21
1001
AcAecLayerStandard
1000

1000
Ogrodzenie, bramy, furtki
  0
LAYER
  5
7E
330
1
100
AcDbSymbolTableRecord
100
AcDbLayerTableRecord
  2
Z-OPISY
 70
0
 62
2
  6
Continuous
370
25
390
13
347
21
1001
AcAecLayerStandard
1000

1000
Opisy zagospodarowania
  0
LAYER
  5
7F
330
1
100
AcDbSymbolTableRecord
100
AcDbLayerTableRecord
  2
Z-MAPA
 70
0
 62
8
420
5921370
  6
Continuous
370
18
390
13
347
21
1001
AcAecLayerStandard
1000

1000
Podkład: mapa do celów projektowych (przykładowa, fikcyjna)
  0
LAYER
  5
80
330
1
100
AcDbSymbolTableRecord
100
AcDbLayerTableRecord
  2
Z-MAPA-OPISY
 70
0
 62
8
420
5921370
  6
Continuous
370
25
390
13
347
21
1001
AcAecLayerStandard
1000

1000
Podkład: opisy mapy (numery działek, budynki, sieci)
  0
LAYER
  5
81
330
1
100
AcDbSymbolTableRecord
100
AcDbLayerTableRecord
  2
Z-MAPA-RAMKA
 70
0
 62
7
  6
Continuous
370
35
390
13
347
21
1001
AcAecLayerStandard
1000

1000
Ramka i opis podkładu mapowego
  0
LAYER
  5
82
330
1
100
AcDbSymbolTableRecord
100
AcDbLayerTableRecord
  2
Z-DZIALKA
 70
0
 62
1
  6
Continuous
370
35
390
13
347
21
1001
AcAecLayerStandard
1000

1000
Granica działki budowlanej (PN-B-01027 poz. 2.7)
  0
LAYER
  5
83
330
1
100
AcDbSymbolTableRecord
100
AcDbLayerTableRecord
  2
Z-LZ
 70
0
 62
1
420
12582912
  6
Continuous
370
35
390
13
347
21
1001
AcAecLayerStandard
1000

1000
Nieprzekraczalna linia zabudowy (MPZP, PN-B-01027 poz. 2.2)
  0
LAYER
  5
84
330
1
100
AcDbSymbolTableRecord
100
AcDbLayerTableRecord
  2
Z-DROGA
 70
0
 62
8
420
4210752
  6
Continuous
370
35
390
13
347
21
1001
AcAecLayerStandard
1000

1000
Droga publiczna: linie rozgraniczające, jezdnia
  0
LAYER
  5
85
330
1
100
AcDbSymbolTableRecord
100
AcDbLayerTableRecord
  2
Z-BUDYNEK
 70
0
 62
7
  6
Continuous
370
100
390
13
347
21
1001
AcAecLayerStandard
1000

1000
Budynek projektowany — obrys przyziemia 1,0 m nad terenem (PN-B-01027 poz. 1.1)
  0
LAYER
  5
86
330
1
100
AcDbSymbolTableRecord
100
AcDbLayerTableRecord
  2
Z-BUDYNEK-NAD
 70
0
 62
7
  6
KRESKOWA
370
50
390
13
347
21
1001
AcAecLayerStandard
1000

1000
Obrys wyższych kondygnacji, płyt i okapów (PN-B-01027 poz. 1.6)
  0
LAYER
  5
87
330
1
100
AcDbSymbolTableRecord
100
AcDbLayerTableRecord
  2
Z-WYMIARY
 70
0
 62
1
  6
Continuous
370
18
390
13
347
21
1001
AcAecLayerStandard
1000

1000
Wymiarowanie PZT — linie 0,18 (PN-B-01027 poz. 4)
  0
LAYER
  5
88
330
1
100
AcDbSymbolTableRecord
100
AcDbLayerTableRecord
  2
Z-RZEDNE
 70
0
 62
32
420
7029795
  6
Continuous
370
18
390
13
347
21
1001
AcAecLayerStandard
1000

1000
Rzędne terenu istniejącego i projektowanego (PN-B-01025)
  0
LAYER
  5
89
330
1
100
AcDbSymbolTableRecord
100
AcDbLayerTableRecord
  2
Z-RZEDNE-PROJ
 70
0
 62
1
  6
Continuous
370
18
390
13
347
21
1001
AcAecLayerStandard
1000

1000
Rzędne terenu projektowanego
  0
LAYER
  5
8A
330
1
100
AcDbSymbolTableRecord
100
AcDbLayerTableRecord
  2
Z-ODWODNIENIE
 70
0
 62
150
420
32906
  6
Continuous
370
25
390
13
347
21
1001
AcAecLayerStandard
1000

1000
Odwodnienie terenu, spadki, kierunki spływu
  0
LAYER
  5
8B
330
1
100
AcDbSymbolTableRecord
100
AcDbLayerTableRecord
  2
Z-SIECI-IST
 70
0
 62
5
  6
Continuous
370
25
390
13
347
21
1001
AcAecLayerStandard
1000

1000
Uzbrojenie istniejące (wg mapy)
  0
LAYER
  5
8C
330
1
100
AcDbSymbolTableRecord
100
AcDbLayerTableRecord
  2
Z-SIECI-PROJ
 70
0
 62
5
  6
Continuous
370
50
390
13
347
21
1001
AcAecLayerStandard
1000

1000
Uzbrojenie projektowane (przyłącza, kolektory)
  0
LAYER
  5
8D
330
1
100
AcDbSymbolTableRecord
100
AcDbLayerTableRecord
  2
Z-KOLIZJE
 70
0
 62
6
420
12583104
  6
Continuous
370
35
390
13
347
21
1001
AcAecLayerStandard
1000

1000
Kolizje, zbliżenia i skrzyżowania sieci
  0
LAYER
  5
8E
330
1
100
AcDbSymbolTableRecord
100
AcDbLayerTableRecord
  2
Z-TYCZENIE
 70
0
 62
1
  6
Continuous
370
25
390
13
347
21
1001
AcAecLayerStandard
1000

1000
Punkty tyczenia budynku
  0
LAYER
  5
8F
330
1
100
AcDbSymbolTableRecord
100
AcDbLayerTableRecord
  2
Z-STREFY
 70
0
 62
6
420
11534512
  6
Continuous
370
25
390
13
347
21
1001
AcAecLayerStandard
1000

1000
Strefy (R290 pompy ciepła)
  0
LAYER
  5
90
330
1
100
AcDbSymbolTableRecord
100
AcDbLayerTableRecord
  2
Z-TLO
 70
0
 62
7
  6
Continuous
370
18
390
13
347
21
1001
AcAecLayerStandard
1000

1000
Tło (maski wypełnień)
  0
LAYER
  5
91
330
1
100
AcDbSymbolTableRecord
100
AcDbLayerTableRecord
  2
I-PODKLAD
 70
0
 62
8
420
10132122
  6
Continuous
370
18
390
13
347
21
1001
AcAecLayerStandard
1000

1000
Podkład architektoniczny — rzut AR (szary, cienki)
  0
LAYER
  5
92
330
1
100
AcDbSymbolTableRecord
100
AcDbLayerTableRecord
  2
I-PODKLAD-SCIANY
 70
0
 62
8
420
7237230
  6
Continuous
370
25
390
13
347
21
1001
AcAecLayerStandard
1000

1000
Podkład architektoniczny — kontury ścian przeciętych
  0
LAYER
  5
93
330
1
100
AcDbSymbolTableRecord
100
AcDbLayerTableRecord
  2
I-PODKLAD-WYPELN
 70
0
 62
254
420
15132390
  6
Continuous
370
18
390
13
347
21
1001
AcAecLayerStandard
1000

1000
Podkład architektoniczny — wypełnienie ścian przeciętych
  0
LAYER
  5
94
330
1
100
AcDbSymbolTableRecord
100
AcDbLayerTableRecord
  2
I-POMIESZCZENIA
 70
0
 62
8
420
4868682
  6
Continuous
370
25
390
13
347
21
1001
AcAecLayerStandard
1000

1000
Podkład — numery i nazwy pomieszczeń
  0
LAYER
  5
95
330
1
100
AcDbSymbolTableRecord
100
AcDbLayerTableRecord
  2
I-OSIE
 70
0
 62
8
420
8026746
  6
PUNKTOWA
370
18
390
13
347
21
1001
AcAecLayerStandard
1000

1000
Podkład — osie konstrukcyjne
  0
LAYER
  5
96
330
1
100
AcDbSymbolTableRecord
100
AcDbLayerTableRecord
  2
I-BRAKI
 70
0
 62
6
420
11534474
  6
KRESKOWA
370
25
390
13
347
21
1001
AcAecLayerStandard
1000

1000
Elementy do uzupełnienia w modelu [DO UZUPEŁNIENIA] / proponowane
  0
LAYER
  5
97
330
1
100
AcDbSymbolTableRecord
100
AcDbLayerTableRecord
  2
E-PV
 70
0
 62
200
420
5975171
  6
Continuous
370
35
390
13
347
21
1001
AcAecLayerStandard
1000

1000
Instalacja fotowoltaiczna: moduły, trasy DC
  0
LAYER
  5
98
330
1
100
AcDbSymbolTableRecord
100
AcDbLayerTableRecord
  2
E-ALARM
 70
0
 62
5
420
2056104
  6
Continuous
370
35
390
13
347
21
1001
AcAecLayerStandard
1000

1000
Sygnalizacja włamania i napadu (SSWiN), czujki
  0
LAYER
  5
99
330
1
100
AcDbSymbolTableRecord
100
AcDbLayerTableRecord
  2
S-PC
 70
0
 62
1
420
12597547
  6
Continuous
370
35
390
13
347
21
1001
AcAecLayerStandard
1000

1000
Pompa ciepła — przewody czynnika grzewczego (zasilanie/powrót)
  0
LAYER
  5
9A
330
1
100
AcDbSymbolTableRecord
100
AcDbLayerTableRecord
  2
A-DET-HYDRO
 70
0
 62
5
420
1402304
  6
Continuous
370
50
390
13
347
21
1001
AcAecLayerStandard
1000

1000
Detal — hydroizolacja / ochrona przed wodą (linia niebieska)
  0
LAYER
  5
9B
330
1
100
AcDbSymbolTableRecord
100
AcDbLayerTableRecord
  2
A-DET-SZCZEL
 70
0
 62
1
420
13840175
  6
KRESKOWA
370
35
390
13
347
21
1001
AcAecLayerStandard
1000

1000
Detal — szczelność powietrzna (czerwona przerywana)
  0
LAYER
  5
9C
330
1
100
AcDbSymbolTableRecord
100
AcDbLayerTableRecord
  2
A-DET-PARO
 70
0
 62
6
420
8069026
  6
Continuous
370
35
390
13
347
21
1001
AcAecLayerStandard
1000

1000
Detal — paroizolacja / kontrola pary (fioletowa)
  0
LAYER
  5
9D
330
1
100
AcDbSymbolTableRecord
100
AcDbLayerTableRecord
  2
A-DET-IZOL
 70
0
 62
30
420
15690752
  6
Continuous
370
35
390
13
347
21
1001
AcAecLayerStandard
1000

1000
Detal — obrys izolacji cieplnej (pomarańczowy)
  0
LAYER
  5
9E
330
1
100
AcDbSymbolTableRecord
100
AcDbLayerTableRecord
  2
A-DET-TASMA
 70
0
 62
6
  6
Continuous
370
50
390
13
347
21
1001
AcAecLayerStandard
1000

1000
Detal — taśmy uszczelniające (paroszczelne / paroprzepuszczalne)
  0
LAYER
  5
9F
330
1
100
AcDbSymbolTableRecord
100
AcDbLayerTableRecord
  2
A-DET-MEMBRANY
 70
0
 62
8
420
4545124
  6
PUNKTOWA_KROTKA
370
25
390
13
347
21
1001
AcAecLayerStandard
1000

1000
Detal — membrany wiatroizolacyjne, włókniny, bariery
  0
LAYER
  5
A0
330
1
100
AcDbSymbolTableRecord
100
AcDbLayerTableRecord
  2
A-DET-OBROBKI
 70
0
 62
7
  6
Continuous
370
35
390
13
347
21
1001
AcAecLayerStandard
1000

1000
Detal — obróbki blacharskie, okapniki, rynny
  0
LAYER
  5
A1
330
1
100
AcDbSymbolTableRecord
100
AcDbLayerTableRecord
  2
A-DET-PRZERWA
 70
0
 62
8
  6
Continuous
370
25
390
13
347
21
1001
AcAecLayerStandard
1000

1000
Detal — linie przerwania
  0
LAYER
  5
A2
330
1
100
AcDbSymbolTableRecord
100
AcDbLayerTableRecord
  2
A-DET-OPIS
 70
0
 62
2
  6
Continuous
370
25
390
13
347
21
1001
AcAecLayerStandard
1000

1000
Detal — pole opisu (wyniki mostków, ocena 4 linii)
  0
LAYER
  5
A3
330
1
100
AcDbSymbolTableRecord
100
AcDbLayerTableRecord
  2
E-UZIOM
 70
0
 62
7
  6
Continuous
370
25
390
13
347
21
1001
AcAecLayerStandard
1000

1000
E-UZIOM
  0
ENDTAB
  0
TABLE
  2
STYLE
  5
5
330
0
100
AcDbSymbolTable
 70
5
  0
STYLE
  5
29
330
5
100
AcDbSymbolTableRecord
100
AcDbTextStyleTableRecord
  2
Standard
 70
0
 40
0.0
 41
1.0
 50
0.0
 71
0
 42
2.5
  3
txt
  4

  0
STYLE
  5
3A
330
5
100
AcDbSymbolTableRecord
100
AcDbTextStyleTableRecord
  2
PL_ARIAL
 70
0
 40
0.0
 41
1.0
 50
0.0
 71
0
 42
2.5
  3
arial.ttf
  4

  0
STYLE
  5
3B
330
5
100
AcDbSymbolTableRecord
100
AcDbTextStyleTableRecord
  2
PL_ARIAL_B
 70
0
 40
0.0
 41
1.0
 50
0.0
 71
0
 42
2.5
  3
arialbd.ttf
  4

  0
STYLE
  5
3C
330
5
100
AcDbSymbolTableRecord
100
AcDbTextStyleTableRecord
  2
PL_ARIAL_I
 70
0
 40
0.0
 41
1.0
 50
0.0
 71
0
 42
2.5
  3
ariali.ttf
  4

  0
STYLE
  5
3D
330
5
100
AcDbSymbolTableRecord
100
AcDbTextStyleTableRecord
  2
PL_ARIAL_BI
 70
0
 40
0.0
 41
1.0
 50
0.0
 71
0
 42
2.5
  3
arialbi.ttf
  4

  0
ENDTAB
  0
TABLE
  2
VIEW
  5
7
330
0
100
AcDbSymbolTable
 70
0
  0
ENDTAB
  0
TABLE
  2
UCS
  5
6
330
0
100
AcDbSymbolTable
 70
0
  0
ENDTAB
  0
TABLE
  2
APPID
  5
3
330
0
100
AcDbSymbolTable
 70
4
  0
APPID
  5
2A
330
3
100
AcDbSymbolTableRecord
100
AcDbRegAppTableRecord
  2
ACAD
 70
0
  0
APPID
  5
3F
330
3
100
AcDbSymbolTableRecord
100
AcDbRegAppTableRecord
  2
AcAecLayerStandard
 70
0
  0
APPID
  5
626
330
3
100
AcDbSymbolTableRecord
100
AcDbRegAppTableRecord
  2
HATCHBACKGROUNDCOLOR
 70
0
  0
APPID
  5
627
330
3
100
AcDbSymbolTableRecord
100
AcDbRegAppTableRecord
  2
EZDXF
 70
0
  0
ENDTAB
  0
TABLE
  2
DIMSTYLE
  5
4
330
0
100
AcDbSymbolTable
 70
1
100
AcDbDimStyleTable
  0
DIMSTYLE
105
2B
330
4
100
AcDbSymbolTableRecord
100
AcDbDimStyleTableRecord
  2
Standard
 70
0
 40
1.0
 41
2.5
 42
0.625
 43
3.75
 44
1.25
 45
0.0
 46
0.0
 47
0.0
 48
0.0
 49
2.5
140
2.5
141
2.5
142
0.0
143
0.03937007874
144
1.0
145
0.0
146
1.0
147
0.625
148
0.0
 69
0
 70
0
 71
0
 72
0
 73
0
 74
0
 75
0
 76
0
 77
1
 78
8
 79
3
170
0
171
3
172
1
173
0
174
0
175
0
176
0
177
0
178
0
179
2
271
2
272
2
273
2
274
3
275
0
276
0
277
2
278
44
279
0
280
0
281
0
282
0
283
0
284
8
285
0
286
0
288
0
289
3
290
0
371
-2
372
-2
  0
ENDTAB
  0
TABLE
  2
BLOCK_RECORD
  5
9
330
0
100
AcDbSymbolTable
 70
2
  0
BLOCK_RECORD
  5
17
330
9
100
AcDbSymbolTableRecord
100
AcDbBlockTableRecord
  2
*Model_Space
340
1A
 70
0
280
1
281
0
  0
BLOCK_RECORD
  5
1B
330
9
100
AcDbSymbolTableRecord
100
AcDbBlockTableRecord
  2
*Paper_Space
340
1E
 70
0
280
1
281
0
  0
ENDTAB
  0
ENDSEC
  0
SECTION
  2
BLOCKS
  0
BLOCK
  5
18
330
17
100
AcDbEntity
  8
0
100
AcDbBlockBegin
  2
*Model_Space
 70
0
 10
0.0
 20
0.0
 30
0.0
  3
*Model_Space
  1

  0
ENDBLK
  5
19
330
17
100
AcDbEntity
  8
0
100
AcDbBlockEnd
  0
BLOCK
  5
1C
330
1B
100
AcDbEntity
  8
0
100
AcDbBlockBegin
  2
*Paper_Space
 70
0
 10
0.0
 20
0.0
 30
0.0
  3
*Paper_Space
  1

  0
ENDBLK
  5
1D
330
1B
100
AcDbEntity
  8
0
100
AcDbBlockEnd
  0
ENDSEC
  0
SECTION
  2
ENTITIES
  0
LWPOLYLINE
  5
44A
330
17
100
AcDbEntity
  8
K-OSIE
  6
PUNKTOWA
370
35
 48
0.04924812030075188
100
AcDbPolyline
 90
2
 70
128
 10
-1.0
 20
-2.5
 10
-1.0
 20
9.290000000000001
  0
LWPOLYLINE
  5
44B
330
17
100
AcDbEntity
  8
K-OSIE
  6
PUNKTOWA
370
35
 48
0.04924812030075188
100
AcDbPolyline
 90
2
 70
128
 10
0.0
 20
-2.5
 10
0.0
 20
9.290000000000001
  0
LWPOLYLINE
  5
44C
330
17
100
AcDbEntity
  8
K-OSIE
  6
PUNKTOWA
370
35
 48
0.04924812030075188
100
AcDbPolyline
 90
2
 70
128
 10
3.875
 20
-2.5
 10
3.875
 20
9.290000000000001
  0
LWPOLYLINE
  5
44D
330
17
100
AcDbEntity
  8
K-OSIE
  6
PUNKTOWA
370
35
 48
0.04924812030075188
100
AcDbPolyline
 90
2
 70
128
 10
5.875
 20
-2.5
 10
5.875
 20
9.290000000000001
  0
LWPOLYLINE
  5
44E
330
17
100
AcDbEntity
  8
K-OSIE
  6
PUNKTOWA
370
35
 48
0.04924812030075188
100
AcDbPolyline
 90
2
 70
128
 10
7.19
 20
-2.5
 10
7.19
 20
9.290000000000001
  0
LWPOLYLINE
  5
44F
330
17
100
AcDbEntity
  8
K-OSIE
  6
PUNKTOWA
370
35
 48
0.04924812030075188
100
AcDbPolyline
 90
2
 70
128
 10
8.5
 20
-2.5
 10
8.5
 20
9.290000000000001
  0
LWPOLYLINE
  5
450
330
17
100
AcDbEntity
  8
K-OSIE
  6
PUNKTOWA
370
35
 48
0.04924812030075188
100
AcDbPolyline
 90
2
 70
128
 10
9.875
 20
-2.5
 10
9.875
 20
9.290000000000001
  0
LWPOLYLINE
  5
451
330
17
100
AcDbEntity
  8
K-OSIE
  6
PUNKTOWA
370
35
 48
0.04924812030075188
100
AcDbPolyline
 90
2
 70
128
 10
12.0
 20
-2.5
 10
12.0
 20
9.290000000000001
  0
LWPOLYLINE
  5
452
330
17
100
AcDbEntity
  8
K-OSIE
  6
PUNKTOWA
370
35
 48
0.04986522911051214
100
AcDbPolyline
 90
2
 70
128
 10
-3.6
 20
0.0
 10
13.05
 20
0.0
  0
LWPOLYLINE
  5
453
330
17
100
AcDbEntity
  8
K-OSIE
  6
PUNKTOWA
370
35
 48
0.04986522911051214
100
AcDbPolyline
 90
2
 70
128
 10
-3.6
 20
2.875
 10
13.05
 20
2.875
  0
LWPOLYLINE
  5
454
330
17
100
AcDbEntity
  8
K-OSIE
  6
PUNKTOWA
370
35
 48
0.04986522911051214
100
AcDbPolyline
 90
2
 70
128
 10
-3.6
 20
3.75
 10
13.05
 20
3.75
  0
LWPOLYLINE
  5
455
330
17
100
AcDbEntity
  8
K-OSIE
  6
PUNKTOWA
370
35
 48
0.04986522911051214
100
AcDbPolyline
 90
2
 70
128
 10
-3.6
 20
5.125
 10
13.05
 20
5.125
  0
LWPOLYLINE
  5
456
330
17
100
AcDbEntity
  8
K-OSIE
  6
PUNKTOWA
370
35
 48
0.04986522911051214
100
AcDbPolyline
 90
2
 70
128
 10
-3.6
 20
8.75
 10
13.05
 20
8.75
  0
HATCH
  5
457
330
17
100
AcDbEntity
  8
K-OSIE
 62
7
420
16777215
100
AcDbHatch
 10
0.0
 20
0.0
 30
0.0
210
0.0
220
0.0
230
1.0
  2
SOLID
 70
1
 71
0
 91
1
 92
3
 72
0
 73
1
 93
48
 10
-0.75
 20
-2.75
 10
-0.7521387846565474
 20
-2.717368451944987
 10
-0.758518543427733
 20
-2.68529523872437
 10
-0.7690301168721783
 20
-2.6543291419087276
 10
-0.7834936490538903
 20
-2.625
 10
-0.8016616649271912
 20
-2.5978096427478197
 10
-0.8232233047033631
 20
-2.573223304703363
 10
-0.8478096427478199
 20
-2.5516616649271913
 10
-0.875
 20
-2.53349364905389
 10
-0.9043291419087276
 20
-2.5190301168721785
 10
-0.9352952387243698
 20
-2.508518543427733
 10
-0.9673684519449871
 20
-2.5021387846565473
 10
-1.0
 20
-2.5
 10
-1.0326315480550128
 20
-2.5021387846565473
 10
-1.0647047612756302
 20
-2.508518543427733
 10
-1.0956708580912724
 20
-2.5190301168721785
 10
-1.125
 20
-2.53349364905389
 10
-1.15219035725218
 20
-2.5516616649271913
 10
-1.176776695296637
 20
-2.573223304703363
 10
-1.1983383350728087
 20
-2.5978096427478197
 10
-1.2165063509461096
 20
-2.625
 10
-1.2309698831278217
 20
-2.6543291419087276
 10
-1.241481456572267
 20
-2.6852952387243696
 10
-1.2478612153434525
 20
-2.717368451944987
 10
-1.25
 20
-2.75
 10
-1.2478612153434527
 20
-2.782631548055013
 10
-1.2414814565722672
 20
-2.81470476127563
 10
-1.2309698831278217
 20
-2.8456708580912724
 10
-1.2165063509461098
 20
-2.875
 10
-1.1983383350728087
 20
-2.90219035725218
 10
-1.176776695296637
 20
-2.926776695296637
 10
-1.1521903572521803
 20
-2.9483383350728087
 10
-1.125
 20
-2.9665063509461094
 10
-1.0956708580912726
 20
-2.9809698831278215
 10
-1.0647047612756304
 20
-2.991481456572267
 10
-1.0326315480550132
 20
-2.9978612153434527
 10
-1.0
 20
-3.0
 10
-0.9673684519449872
 20
-2.9978612153434527
 10
-0.9352952387243699
 20
-2.991481456572267
 10
-0.9043291419087277
 20
-2.9809698831278215
 10
-0.8750000000000002
 20
-2.96650635094611
 10
-0.84780964274782
 20
-2.9483383350728087
 10
-0.8232233047033631
 20
-2.926776695296637
 10
-0.8016616649271913
 20
-2.9021903572521803
 10
-0.7834936490538904
 20
-2.875
 10
-0.7690301168721784
 20
-2.8456708580912724
 10
-0.758518543427733
 20
-2.8147047612756304
 10
-0.7521387846565475
 20
-2.7826315480550132
 97
0
 75
0
 76
1
 98
0
  0
HATCH
  5
458
330
17
100
AcDbEntity
  8
K-OSIE
 62
7
420
16777215
100
AcDbHatch
 10
0.0
 20
0.0
 30
0.0
210
0.0
220
0.0
230
1.0
  2
SOLID
 70
1
 71
0
 91
1
 92
3
 72
0
 73
1
 93
48
 10
-0.75
 20
9.540000000000001
 10
-0.7521387846565474
 20
9.572631548055014
 10
-0.758518543427733
 20
9.60470476127563
 10
-0.7690301168721783
 20
9.635670858091274
 10
-0.7834936490538903
 20
9.665000000000001
 10
-0.8016616649271912
 20
9.692190357252182
 10
-0.8232233047033631
 20
9.716776695296637
 10
-0.8478096427478199
 20
9.73833833507281
 10
-0.875
 20
9.756506350946111
 10
-0.9043291419087276
 20
9.770969883127822
 10
-0.9352952387243698
 20
9.781481456572267
 10
-0.9673684519449871
 20
9.787861215343453
 10
-1.0
 20
9.790000000000001
 10
-1.0326315480550128
 20
9.787861215343453
 10
-1.0647047612756302
 20
9.781481456572267
 10
-1.0956708580912724
 20
9.770969883127822
 10
-1.125
 20
9.756506350946111
 10
-1.15219035725218
 20
9.73833833507281
 10
-1.176776695296637
 20
9.716776695296637
 10
-1.1983383350728087
 20
9.692190357252182
 10
-1.2165063509461096
 20
9.665000000000001
 10
-1.2309698831278217
 20
9.635670858091274
 10
-1.241481456572267
 20
9.60470476127563
 10
-1.2478612153434525
 20
9.572631548055014
 10
-1.25
 20
9.540000000000001
 10
-1.2478612153434527
 20
9.507368451944988
 10
-1.2414814565722672
 20
9.475295238724371
 10
-1.2309698831278217
 20
9.444329141908728
 10
-1.2165063509461098
 20
9.415000000000001
 10
-1.1983383350728087
 20
9.38780964274782
 10
-1.176776695296637
 20
9.363223304703364
 10
-1.1521903572521803
 20
9.341661664927193
 10
-1.125
 20
9.32349364905389
 10
-1.0956708580912726
 20
9.30903011687218
 10
-1.0647047612756304
 20
9.298518543427734
 10
-1.0326315480550132
 20
9.292138784656549
 10
-1.0
 20
9.290000000000001
 10
-0.9673684519449872
 20
9.292138784656549
 10
-0.9352952387243699
 20
9.298518543427734
 10
-0.9043291419087277
 20
9.30903011687218
 10
-0.8750000000000002
 20
9.32349364905389
 10
-0.84780964274782
 20
9.341661664927193
 10
-0.8232233047033631
 20
9.363223304703364
 10
-0.8016616649271913
 20
9.38780964274782
 10
-0.7834936490538904
 20
9.415000000000001
 10
-0.7690301168721784
 20
9.444329141908728
 10
-0.758518543427733
 20
9.475295238724371
 10
-0.7521387846565475
 20
9.507368451944988
 97
0
 75
0
 76
1
 98
0
  0
HATCH
  5
459
330
17
100
AcDbEntity
  8
K-OSIE
 62
7
420
16777215
100
AcDbHatch
 10
0.0
 20
0.0
 30
0.0
210
0.0
220
0.0
230
1.0
  2
SOLID
 70
1
 71
0
 91
1
 92
3
 72
0
 73
1
 93
48
 10
0.25
 20
-2.75
 10
0.2478612153434526
 20
-2.717368451944987
 10
0.24148145657226708
 20
-2.68529523872437
 10
0.23096988312782168
 20
-2.6543291419087276
 10
0.21650635094610968
 20
-2.625
 10
0.19833833507280882
 20
-2.5978096427478197
 10
0.1767766952966369
 20
-2.573223304703363
 10
0.15219035725218016
 20
-2.5516616649271913
 10
0.12500000000000003
 20
-2.53349364905389
 10
0.09567085809127246
 20
-2.5190301168721785
 10
0.06470476127563024
 20
-2.508518543427733
 10
0.03263154805501293
 20
-2.5021387846565473
 10
1.5308084989341915e-17
 20
-2.5
 10
-0.032631548055012845
 20
-2.5021387846565473
 10
-0.06470476127563016
 20
-2.508518543427733
 10
-0.09567085809127238
 20
-2.5190301168721785
 10
-0.12499999999999994
 20
-2.53349364905389
 10
-0.15219035725218008
 20
-2.5516616649271913
 10
-0.17677669529663687
 20
-2.573223304703363
 10
-0.19833833507280876
 20
-2.5978096427478197
 10
-0.21650635094610962
 20
-2.625
 10
-0.23096988312782168
 20
-2.6543291419087276
 10
-0.24148145657226705
 20
-2.6852952387243696
 10
-0.2478612153434526
 20
-2.717368451944987
 10
-0.25
 20
-2.75
 10
-0.24786121534345262
 20
-2.782631548055013
 10
-0.2414814565722671
 20
-2.81470476127563
 10
-0.23096988312782174
 20
-2.8456708580912724
 10
-0.2165063509461097
 20
-2.875
 10
-0.19833833507280885
 20
-2.90219035725218
 10
-0.17677669529663698
 20
-2.926776695296637
 10
-0.15219035725218022
 20
-2.9483383350728087
 10
-0.1250000000000001
 20
-2.9665063509461094
 10
-0.09567085809127258
 20
-2.9809698831278215
 10
-0.06470476127563038
 20
-2.991481456572267
 10
-0.03263154805501312
 20
-2.9978612153434527
 10
-4.592425496802574e-17
 20
-3.0
 10
0.03263154805501282
 20
-2.9978612153434527
 10
0.06470476127563007
 20
-2.991481456572267
 10
0.09567085809127229
 20
-2.9809698831278215
 10
0.12499999999999983
 20
-2.96650635094611
 10
0.15219035725217997
 20
-2.9483383350728087
 10
0.17677669529663684
 20
-2.926776695296637
 10
0.19833833507280874
 20
-2.9021903572521803
 10
0.2165063509461096
 20
-2.875
 10
0.23096988312782163
 20
-2.8456708580912724
 10
0.24148145657226702
 20
-2.8147047612756304
 10
0.24786121534345257
 20
-2.7826315480550132
 97
0
 75
0
 76
1
 98
0
  0
HATCH
  5
45A
330
17
100
AcDbEntity
  8
K-OSIE
 62
7
420
16777215
100
AcDbHatch
 10
0.0
 20
0.0
 30
0.0
210
0.0
220
0.0
230
1.0
  2
SOLID
 70
1
 71
0
 91
1
 92
3
 72
0
 73
1
 93
48
 10
0.25
 20
9.540000000000001
 10
0.2478612153434526
 20
9.572631548055014
 10
0.24148145657226708
 20
9.60470476127563
 10
0.23096988312782168
 20
9.635670858091274
 10
0.21650635094610968
 20
9.665000000000001
 10
0.19833833507280882
 20
9.692190357252182
 10
0.1767766952966369
 20
9.716776695296637
 10
0.15219035725218016
 20
9.73833833507281
 10
0.12500000000000003
 20
9.756506350946111
 10
0.09567085809127246
 20
9.770969883127822
 10
0.06470476127563024
 20
9.781481456572267
 10
0.03263154805501293
 20
9.787861215343453
 10
1.5308084989341915e-17
 20
9.790000000000001
 10
-0.032631548055012845
 20
9.787861215343453
 10
-0.06470476127563016
 20
9.781481456572267
 10
-0.09567085809127238
 20
9.770969883127822
 10
-0.12499999999999994
 20
9.756506350946111
 10
-0.15219035725218008
 20
9.73833833507281
 10
-0.17677669529663687
 20
9.716776695296637
 10
-0.19833833507280876
 20
9.692190357252182
 10
-0.21650635094610962
 20
9.665000000000001
 10
-0.23096988312782168
 20
9.635670858091274
 10
-0.24148145657226705
 20
9.60470476127563
 10
-0.2478612153434526
 20
9.572631548055014
 10
-0.25
 20
9.540000000000001
 10
-0.24786121534345262
 20
9.507368451944988
 10
-0.2414814565722671
 20
9.475295238724371
 10
-0.23096988312782174
 20
9.444329141908728
 10
-0.2165063509461097
 20
9.415000000000001
 10
-0.19833833507280885
 20
9.38780964274782
 10
-0.17677669529663698
 20
9.363223304703364
 10
-0.15219035725218022
 20
9.341661664927193
 10
-0.1250000000000001
 20
9.32349364905389
 10
-0.09567085809127258
 20
9.30903011687218
 10
-0.06470476127563038
 20
9.298518543427734
 10
-0.03263154805501312
 20
9.292138784656549
 10
-4.592425496802574e-17
 20
9.290000000000001
 10
0.03263154805501282
 20
9.292138784656549
 10
0.06470476127563007
 20
9.298518543427734
 10
0.09567085809127229
 20
9.30903011687218
 10
0.12499999999999983
 20
9.32349364905389
 10
0.15219035725217997
 20
9.341661664927193
 10
0.17677669529663684
 20
9.363223304703364
 10
0.19833833507280874
 20
9.38780964274782
 10
0.2165063509461096
 20
9.415000000000001
 10
0.23096988312782163
 20
9.444329141908728
 10
0.24148145657226702
 20
9.475295238724371
 10
0.24786121534345257
 20
9.507368451944988
 97
0
 75
0
 76
1
 98
0
  0
HATCH
  5
45B
330
17
100
AcDbEntity
  8
K-OSIE
 62
7
420
16777215
100
AcDbHatch
 10
0.0
 20
0.0
 30
0.0
210
0.0
220
0.0
230
1.0
  2
SOLID
 70
1
 71
0
 91
1
 92
3
 72
0
 73
1
 93
48
 10
4.125
 20
-2.75
 10
4.122861215343453
 20
-2.717368451944987
 10
4.116481456572267
 20
-2.68529523872437
 10
4.1059698831278215
 20
-2.6543291419087276
 10
4.091506350946109
 20
-2.625
 10
4.073338335072809
 20
-2.5978096427478197
 10
4.0517766952966365
 20
-2.573223304703363
 10
4.02719035725218
 20
-2.5516616649271913
 10
4.0
 20
-2.53349364905389
 10
3.9706708580912724
 20
-2.5190301168721785
 10
3.9397047612756304
 20
-2.508518543427733
 10
3.907631548055013
 20
-2.5021387846565473
 10
3.875
 20
-2.5
 10
3.842368451944987
 20
-2.5021387846565473
 10
3.81029523872437
 20
-2.508518543427733
 10
3.7793291419087276
 20
-2.5190301168721785
 10
3.75
 20
-2.53349364905389
 10
3.72280964274782
 20
-2.5516616649271913
 10
3.698223304703363
 20
-2.573223304703363
 10
3.6766616649271913
 20
-2.5978096427478197
 10
3.65849364905389
 20
-2.625
 10
3.6440301168721785
 20
-2.6543291419087276
 10
3.633518543427733
 20
-2.6852952387243696
 10
3.6271387846565473
 20
-2.717368451944987
 10
3.625
 20
-2.75
 10
3.6271387846565473
 20
-2.782631548055013
 10
3.633518543427733
 20
-2.81470476127563
 10
3.6440301168721785
 20
-2.8456708580912724
 10
3.65849364905389
 20
-2.875
 10
3.6766616649271913
 20
-2.90219035725218
 10
3.698223304703363
 20
-2.926776695296637
 10
3.7228096427478197
 20
-2.9483383350728087
 10
3.75
 20
-2.9665063509461094
 10
3.7793291419087276
 20
-2.9809698831278215
 10
3.8102952387243696
 20
-2.991481456572267
 10
3.8423684519449868
 20
-2.9978612153434527
 10
3.875
 20
-3.0
 10
3.907631548055013
 20
-2.9978612153434527
 10
3.93970476127563
 20
-2.991481456572267
 10
3.9706708580912724
 20
-2.9809698831278215
 10
4.0
 20
-2.96650635094611
 10
4.02719035725218
 20
-2.9483383350728087
 10
4.0517766952966365
 20
-2.926776695296637
 10
4.073338335072808
 20
-2.9021903572521803
 10
4.091506350946109
 20
-2.875
 10
4.1059698831278215
 20
-2.8456708580912724
 10
4.116481456572267
 20
-2.8147047612756304
 10
4.122861215343453
 20
-2.7826315480550132
 97
0
 75
0
 76
1
 98
0
  0
HATCH
  5
45C
330
17
100
AcDbEntity
  8
K-OSIE
 62
7
420
16777215
100
AcDbHatch
 10
0.0
 20
0.0
 30
0.0
210
0.0
220
0.0
230
1.0
  2
SOLID
 70
1
 71
0
 91
1
 92
3
 72
0
 73
1
 93
48
 10
4.125
 20
9.540000000000001
 10
4.122861215343453
 20
9.572631548055014
 10
4.116481456572267
 20
9.60470476127563
 10
4.1059698831278215
 20
9.635670858091274
 10
4.091506350946109
 20
9.665000000000001
 10
4.073338335072809
 20
9.692190357252182
 10
4.0517766952966365
 20
9.716776695296637
 10
4.02719035725218
 20
9.73833833507281
 10
4.0
 20
9.756506350946111
 10
3.9706708580912724
 20
9.770969883127822
 10
3.9397047612756304
 20
9.781481456572267
 10
3.907631548055013
 20
9.787861215343453
 10
3.875
 20
9.790000000000001
 10
3.842368451944987
 20
9.787861215343453
 10
3.81029523872437
 20
9.781481456572267
 10
3.7793291419087276
 20
9.770969883127822
 10
3.75
 20
9.756506350946111
 10
3.72280964274782
 20
9.73833833507281
 10
3.698223304703363
 20
9.716776695296637
 10
3.6766616649271913
 20
9.692190357252182
 10
3.65849364905389
 20
9.665000000000001
 10
3.6440301168721785
 20
9.635670858091274
 10
3.633518543427733
 20
9.60470476127563
 10
3.6271387846565473
 20
9.572631548055014
 10
3.625
 20
9.540000000000001
 10
3.6271387846565473
 20
9.507368451944988
 10
3.633518543427733
 20
9.475295238724371
 10
3.6440301168721785
 20
9.444329141908728
 10
3.65849364905389
 20
9.415000000000001
 10
3.6766616649271913
 20
9.38780964274782
 10
3.698223304703363
 20
9.363223304703364
 10
3.7228096427478197
 20
9.341661664927193
 10
3.75
 20
9.32349364905389
 10
3.7793291419087276
 20
9.30903011687218
 10
3.8102952387243696
 20
9.298518543427734
 10
3.8423684519449868
 20
9.292138784656549
 10
3.875
 20
9.290000000000001
 10
3.907631548055013
 20
9.292138784656549
 10
3.93970476127563
 20
9.298518543427734
 10
3.9706708580912724
 20
9.30903011687218
 10
4.0
 20
9.32349364905389
 10
4.02719035725218
 20
9.341661664927193
 10
4.0517766952966365
 20
9.363223304703364
 10
4.073338335072808
 20
9.38780964274782
 10
4.091506350946109
 20
9.415000000000001
 10
4.1059698831278215
 20
9.444329141908728
 10
4.116481456572267
 20
9.475295238724371
 10
4.122861215343453
 20
9.507368451944988
 97
0
 75
0
 76
1
 98
0
  0
HATCH
  5
45D
330
17
100
AcDbEntity
  8
K-OSIE
 62
7
420
16777215
100
AcDbHatch
 10
0.0
 20
0.0
 30
0.0
210
0.0
220
0.0
230
1.0
  2
SOLID
 70
1
 71
0
 91
1
 92
3
 72
0
 73
1
 93
48
 10
6.125
 20
-2.75
 10
6.122861215343453
 20
-2.717368451944987
 10
6.116481456572267
 20
-2.68529523872437
 10
6.1059698831278215
 20
-2.6543291419087276
 10
6.091506350946109
 20
-2.625
 10
6.073338335072809
 20
-2.5978096427478197
 10
6.0517766952966365
 20
-2.573223304703363
 10
6.02719035725218
 20
-2.5516616649271913
 10
6.0
 20
-2.53349364905389
 10
5.970670858091273
 20
-2.5190301168721785
 10
5.93970476127563
 20
-2.508518543427733
 10
5.907631548055013
 20
-2.5021387846565473
 10
5.875
 20
-2.5
 10
5.842368451944987
 20
-2.5021387846565473
 10
5.81029523872437
 20
-2.508518543427733
 10
5.779329141908728
 20
-2.5190301168721785
 10
5.75
 20
-2.53349364905389
 10
5.72280964274782
 20
-2.5516616649271913
 10
5.6982233047033635
 20
-2.573223304703363
 10
5.676661664927191
 20
-2.5978096427478197
 10
5.658493649053891
 20
-2.625
 10
5.6440301168721785
 20
-2.6543291419087276
 10
5.633518543427733
 20
-2.6852952387243696
 10
5.627138784656547
 20
-2.717368451944987
 10
5.625
 20
-2.75
 10
5.627138784656547
 20
-2.782631548055013
 10
5.633518543427733
 20
-2.81470476127563
 10
5.6440301168721785
 20
-2.8456708580912724
 10
5.658493649053891
 20
-2.875
 10
5.676661664927191
 20
-2.90219035725218
 10
5.6982233047033635
 20
-2.926776695296637
 10
5.72280964274782
 20
-2.9483383350728087
 10
5.75
 20
-2.9665063509461094
 10
5.779329141908727
 20
-2.9809698831278215
 10
5.81029523872437
 20
-2.991481456572267
 10
5.842368451944987
 20
-2.9978612153434527
 10
5.875
 20
-3.0
 10
5.907631548055013
 20
-2.9978612153434527
 10
5.93970476127563
 20
-2.991481456572267
 10
5.970670858091272
 20
-2.9809698831278215
 10
6.0
 20
-2.96650635094611
 10
6.02719035725218
 20
-2.9483383350728087
 10
6.0517766952966365
 20
-2.926776695296637
 10
6.073338335072808
 20
-2.9021903572521803
 10
6.091506350946109
 20
-2.875
 10
6.1059698831278215
 20
-2.8456708580912724
 10
6.116481456572267
 20
-2.8147047612756304
 10
6.122861215343453
 20
-2.7826315480550132
 97
0
 75
0
 76
1
 98
0
  0
HATCH
  5
45E
330
17
100
AcDbEntity
  8
K-OSIE
 62
7
420
16777215
100
AcDbHatch
 10
0.0
 20
0.0
 30
0.0
210
0.0
220
0.0
230
1.0
  2
SOLID
 70
1
 71
0
 91
1
 92
3
 72
0
 73
1
 93
48
 10
6.125
 20
9.540000000000001
 10
6.122861215343453
 20
9.572631548055014
 10
6.116481456572267
 20
9.60470476127563
 10
6.1059698831278215
 20
9.635670858091274
 10
6.091506350946109
 20
9.665000000000001
 10
6.073338335072809
 20
9.692190357252182
 10
6.0517766952966365
 20
9.716776695296637
 10
6.02719035725218
 20
9.73833833507281
 10
6.0
 20
9.756506350946111
 10
5.970670858091273
 20
9.770969883127822
 10
5.93970476127563
 20
9.781481456572267
 10
5.907631548055013
 20
9.787861215343453
 10
5.875
 20
9.790000000000001
 10
5.842368451944987
 20
9.787861215343453
 10
5.81029523872437
 20
9.781481456572267
 10
5.779329141908728
 20
9.770969883127822
 10
5.75
 20
9.756506350946111
 10
5.72280964274782
 20
9.73833833507281
 10
5.6982233047033635
 20
9.716776695296637
 10
5.676661664927191
 20
9.692190357252182
 10
5.658493649053891
 20
9.665000000000001
 10
5.6440301168721785
 20
9.635670858091274
 10
5.633518543427733
 20
9.60470476127563
 10
5.627138784656547
 20
9.572631548055014
 10
5.625
 20
9.540000000000001
 10
5.627138784656547
 20
9.507368451944988
 10
5.633518543427733
 20
9.475295238724371
 10
5.6440301168721785
 20
9.444329141908728
 10
5.658493649053891
 20
9.415000000000001
 10
5.676661664927191
 20
9.38780964274782
 10
5.6982233047033635
 20
9.363223304703364
 10
5.72280964274782
 20
9.341661664927193
 10
5.75
 20
9.32349364905389
 10
5.779329141908727
 20
9.30903011687218
 10
5.81029523872437
 20
9.298518543427734
 10
5.842368451944987
 20
9.292138784656549
 10
5.875
 20
9.290000000000001
 10
5.907631548055013
 20
9.292138784656549
 10
5.93970476127563
 20
9.298518543427734
 10
5.970670858091272
 20
9.30903011687218
 10
6.0
 20
9.32349364905389
 10
6.02719035725218
 20
9.341661664927193
 10
6.0517766952966365
 20
9.363223304703364
 10
6.073338335072808
 20
9.38780964274782
 10
6.091506350946109
 20
9.415000000000001
 10
6.1059698831278215
 20
9.444329141908728
 10
6.116481456572267
 20
9.475295238724371
 10
6.122861215343453
 20
9.507368451944988
 97
0
 75
0
 76
1
 98
0
  0
HATCH
  5
45F
330
17
100
AcDbEntity
  8
K-OSIE
 62
7
420
16777215
100
AcDbHatch
 10
0.0
 20
0.0
 30
0.0
210
0.0
220
0.0
230
1.0
  2
SOLID
 70
1
 71
0
 91
1
 92
3
 72
0
 73
1
 93
48
 10
7.44
 20
-2.75
 10
7.437861215343453
 20
-2.717368451944987
 10
7.431481456572268
 20
-2.68529523872437
 10
7.420969883127822
 20
-2.6543291419087276
 10
7.40650635094611
 20
-2.625
 10
7.38833833507281
 20
-2.5978096427478197
 10
7.366776695296637
 20
-2.573223304703363
 10
7.34219035725218
 20
-2.5516616649271913
 10
7.315
 20
-2.53349364905389
 10
7.285670858091273
 20
-2.5190301168721785
 10
7.25470476127563
 20
-2.508518543427733
 10
7.222631548055014
 20
-2.5021387846565473
 10
7.19
 20
-2.5
 10
7.157368451944987
 20
-2.5021387846565473
 10
7.12529523872437
 20
-2.508518543427733
 10
7.094329141908728
 20
-2.5190301168721785
 10
7.065
 20
-2.53349364905389
 10
7.0378096427478205
 20
-2.5516616649271913
 10
7.013223304703364
 20
-2.573223304703363
 10
6.991661664927191
 20
-2.5978096427478197
 10
6.973493649053891
 20
-2.625
 10
6.959030116872179
 20
-2.6543291419087276
 10
6.948518543427733
 20
-2.6852952387243696
 10
6.942138784656548
 20
-2.717368451944987
 10
6.94
 20
-2.75
 10
6.942138784656548
 20
-2.782631548055013
 10
6.948518543427733
 20
-2.81470476127563
 10
6.959030116872179
 20
-2.8456708580912724
 10
6.973493649053891
 20
-2.875
 10
6.991661664927191
 20
-2.90219035725218
 10
7.013223304703363
 20
-2.926776695296637
 10
7.0378096427478205
 20
-2.9483383350728087
 10
7.065
 20
-2.9665063509461094
 10
7.0943291419087275
 20
-2.9809698831278215
 10
7.12529523872437
 20
-2.991481456572267
 10
7.157368451944987
 20
-2.9978612153434527
 10
7.19
 20
-3.0
 10
7.222631548055014
 20
-2.9978612153434527
 10
7.25470476127563
 20
-2.991481456572267
 10
7.285670858091272
 20
-2.9809698831278215
 10
7.315
 20
-2.96650635094611
 10
7.34219035725218
 20
-2.9483383350728087
 10
7.366776695296637
 20
-2.926776695296637
 10
7.38833833507281
 20
-2.9021903572521803
 10
7.40650635094611
 20
-2.875
 10
7.420969883127822
 20
-2.8456708580912724
 10
7.431481456572268
 20
-2.8147047612756304
 10
7.437861215343453
 20
-2.7826315480550132
 97
0
 75
0
 76
1
 98
0
  0
HATCH
  5
460
330
17
100
AcDbEntity
  8
K-OSIE
 62
7
420
16777215
100
AcDbHatch
 10
0.0
 20
0.0
 30
0.0
210
0.0
220
0.0
230
1.0
  2
SOLID
 70
1
 71
0
 91
1
 92
3
 72
0
 73
1
 93
48
 10
7.44
 20
9.540000000000001
 10
7.437861215343453
 20
9.572631548055014
 10
7.431481456572268
 20
9.60470476127563
 10
7.420969883127822
 20
9.635670858091274
 10
7.40650635094611
 20
9.665000000000001
 10
7.38833833507281
 20
9.692190357252182
 10
7.366776695296637
 20
9.716776695296637
 10
7.34219035725218
 20
9.73833833507281
 10
7.315
 20
9.756506350946111
 10
7.285670858091273
 20
9.770969883127822
 10
7.25470476127563
 20
9.781481456572267
 10
7.222631548055014
 20
9.787861215343453
 10
7.19
 20
9.790000000000001
 10
7.157368451944987
 20
9.787861215343453
 10
7.12529523872437
 20
9.781481456572267
 10
7.094329141908728
 20
9.770969883127822
 10
7.065
 20
9.756506350946111
 10
7.0378096427478205
 20
9.73833833507281
 10
7.013223304703364
 20
9.716776695296637
 10
6.991661664927191
 20
9.692190357252182
 10
6.973493649053891
 20
9.665000000000001
 10
6.959030116872179
 20
9.635670858091274
 10
6.948518543427733
 20
9.60470476127563
 10
6.942138784656548
 20
9.572631548055014
 10
6.94
 20
9.540000000000001
 10
6.942138784656548
 20
9.507368451944988
 10
6.948518543427733
 20
9.475295238724371
 10
6.959030116872179
 20
9.444329141908728
 10
6.973493649053891
 20
9.415000000000001
 10
6.991661664927191
 20
9.38780964274782
 10
7.013223304703363
 20
9.363223304703364
 10
7.0378096427478205
 20
9.341661664927193
 10
7.065
 20
9.32349364905389
 10
7.0943291419087275
 20
9.30903011687218
 10
7.12529523872437
 20
9.298518543427734
 10
7.157368451944987
 20
9.292138784656549
 10
7.19
 20
9.290000000000001
 10
7.222631548055014
 20
9.292138784656549
 10
7.25470476127563
 20
9.298518543427734
 10
7.285670858091272
 20
9.30903011687218
 10
7.315
 20
9.32349364905389
 10
7.34219035725218
 20
9.341661664927193
 10
7.366776695296637
 20
9.363223304703364
 10
7.38833833507281
 20
9.38780964274782
 10
7.40650635094611
 20
9.415000000000001
 10
7.420969883127822
 20
9.444329141908728
 10
7.431481456572268
 20
9.475295238724371
 10
7.437861215343453
 20
9.507368451944988
 97
0
 75
0
 76
1
 98
0
  0
HATCH
  5
461
330
17
100
AcDbEntity
  8
K-OSIE
 62
7
420
16777215
100
AcDbHatch
 10
0.0
 20
0.0
 30
0.0
210
0.0
220
0.0
230
1.0
  2
SOLID
 70
1
 71
0
 91
1
 92
3
 72
0
 73
1
 93
48
 10
8.75
 20
-2.75
 10
8.747861215343452
 20
-2.717368451944987
 10
8.741481456572266
 20
-2.68529523872437
 10
8.730969883127822
 20
-2.6543291419087276
 10
8.71650635094611
 20
-2.625
 10
8.698338335072808
 20
-2.5978096427478197
 10
8.676776695296637
 20
-2.573223304703363
 10
8.65219035725218
 20
-2.5516616649271913
 10
8.625
 20
-2.53349364905389
 10
8.595670858091273
 20
-2.5190301168721785
 10
8.56470476127563
 20
-2.508518543427733
 10
8.532631548055013
 20
-2.5021387846565473
 10
8.5
 20
-2.5
 10
8.467368451944987
 20
-2.5021387846565473
 10
8.43529523872437
 20
-2.508518543427733
 10
8.404329141908727
 20
-2.5190301168721785
 10
8.375
 20
-2.53349364905389
 10
8.34780964274782
 20
-2.5516616649271913
 10
8.323223304703363
 20
-2.573223304703363
 10
8.301661664927192
 20
-2.5978096427478197
 10
8.28349364905389
 20
-2.625
 10
8.269030116872178
 20
-2.6543291419087276
 10
8.258518543427734
 20
-2.6852952387243696
 10
8.252138784656548
 20
-2.717368451944987
 10
8.25
 20
-2.75
 10
8.252138784656548
 20
-2.782631548055013
 10
8.258518543427734
 20
-2.81470476127563
 10
8.269030116872178
 20
-2.8456708580912724
 10
8.28349364905389
 20
-2.875
 10
8.301661664927192
 20
-2.90219035725218
 10
8.323223304703363
 20
-2.926776695296637
 10
8.34780964274782
 20
-2.9483383350728087
 10
8.375
 20
-2.9665063509461094
 10
8.404329141908727
 20
-2.9809698831278215
 10
8.43529523872437
 20
-2.991481456572267
 10
8.467368451944987
 20
-2.9978612153434527
 10
8.5
 20
-3.0
 10
8.532631548055013
 20
-2.9978612153434527
 10
8.56470476127563
 20
-2.991481456572267
 10
8.595670858091273
 20
-2.9809698831278215
 10
8.625
 20
-2.96650635094611
 10
8.65219035725218
 20
-2.9483383350728087
 10
8.676776695296637
 20
-2.926776695296637
 10
8.698338335072808
 20
-2.9021903572521803
 10
8.71650635094611
 20
-2.875
 10
8.730969883127822
 20
-2.8456708580912724
 10
8.741481456572266
 20
-2.8147047612756304
 10
8.747861215343452
 20
-2.7826315480550132
 97
0
 75
0
 76
1
 98
0
  0
HATCH
  5
462
330
17
100
AcDbEntity
  8
K-OSIE
 62
7
420
16777215
100
AcDbHatch
 10
0.0
 20
0.0
 30
0.0
210
0.0
220
0.0
230
1.0
  2
SOLID
 70
1
 71
0
 91
1
 92
3
 72
0
 73
1
 93
48
 10
8.75
 20
9.540000000000001
 10
8.747861215343452
 20
9.572631548055014
 10
8.741481456572266
 20
9.60470476127563
 10
8.730969883127822
 20
9.635670858091274
 10
8.71650635094611
 20
9.665000000000001
 10
8.698338335072808
 20
9.692190357252182
 10
8.676776695296637
 20
9.716776695296637
 10
8.65219035725218
 20
9.73833833507281
 10
8.625
 20
9.756506350946111
 10
8.595670858091273
 20
9.770969883127822
 10
8.56470476127563
 20
9.781481456572267
 10
8.532631548055013
 20
9.787861215343453
 10
8.5
 20
9.790000000000001
 10
8.467368451944987
 20
9.787861215343453
 10
8.43529523872437
 20
9.781481456572267
 10
8.404329141908727
 20
9.770969883127822
 10
8.375
 20
9.756506350946111
 10
8.34780964274782
 20
9.73833833507281
 10
8.323223304703363
 20
9.716776695296637
 10
8.301661664927192
 20
9.692190357252182
 10
8.28349364905389
 20
9.665000000000001
 10
8.269030116872178
 20
9.635670858091274
 10
8.258518543427734
 20
9.60470476127563
 10
8.252138784656548
 20
9.572631548055014
 10
8.25
 20
9.540000000000001
 10
8.252138784656548
 20
9.507368451944988
 10
8.258518543427734
 20
9.475295238724371
 10
8.269030116872178
 20
9.444329141908728
 10
8.28349364905389
 20
9.415000000000001
 10
8.301661664927192
 20
9.38780964274782
 10
8.323223304703363
 20
9.363223304703364
 10
8.34780964274782
 20
9.341661664927193
 10
8.375
 20
9.32349364905389
 10
8.404329141908727
 20
9.30903011687218
 10
8.43529523872437
 20
9.298518543427734
 10
8.467368451944987
 20
9.292138784656549
 10
8.5
 20
9.290000000000001
 10
8.532631548055013
 20
9.292138784656549
 10
8.56470476127563
 20
9.298518543427734
 10
8.595670858091273
 20
9.30903011687218
 10
8.625
 20
9.32349364905389
 10
8.65219035725218
 20
9.341661664927193
 10
8.676776695296637
 20
9.363223304703364
 10
8.698338335072808
 20
9.38780964274782
 10
8.71650635094611
 20
9.415000000000001
 10
8.730969883127822
 20
9.444329141908728
 10
8.741481456572266
 20
9.475295238724371
 10
8.747861215343452
 20
9.507368451944988
 97
0
 75
0
 76
1
 98
0
  0
HATCH
  5
463
330
17
100
AcDbEntity
  8
K-OSIE
 62
7
420
16777215
100
AcDbHatch
 10
0.0
 20
0.0
 30
0.0
210
0.0
220
0.0
230
1.0
  2
SOLID
 70
1
 71
0
 91
1
 92
3
 72
0
 73
1
 93
48
 10
10.125
 20
-2.75
 10
10.122861215343452
 20
-2.717368451944987
 10
10.116481456572266
 20
-2.68529523872437
 10
10.105969883127822
 20
-2.6543291419087276
 10
10.09150635094611
 20
-2.625
 10
10.073338335072808
 20
-2.5978096427478197
 10
10.051776695296637
 20
-2.573223304703363
 10
10.02719035725218
 20
-2.5516616649271913
 10
10.0
 20
-2.53349364905389
 10
9.970670858091273
 20
-2.5190301168721785
 10
9.93970476127563
 20
-2.508518543427733
 10
9.907631548055013
 20
-2.5021387846565473
 10
9.875
 20
-2.5
 10
9.842368451944987
 20
-2.5021387846565473
 10
9.81029523872437
 20
-2.508518543427733
 10
9.779329141908727
 20
-2.5190301168721785
 10
9.75
 20
-2.53349364905389
 10
9.72280964274782
 20
-2.5516616649271913
 10
9.698223304703363
 20
-2.573223304703363
 10
9.676661664927192
 20
-2.5978096427478197
 10
9.65849364905389
 20
-2.625
 10
9.644030116872178
 20
-2.6543291419087276
 10
9.633518543427734
 20
-2.6852952387243696
 10
9.627138784656548
 20
-2.717368451944987
 10
9.625
 20
-2.75
 10
9.627138784656548
 20
-2.782631548055013
 10
9.633518543427734
 20
-2.81470476127563
 10
9.644030116872178
 20
-2.8456708580912724
 10
9.65849364905389
 20
-2.875
 10
9.676661664927192
 20
-2.90219035725218
 10
9.698223304703363
 20
-2.926776695296637
 10
9.72280964274782
 20
-2.9483383350728087
 10
9.75
 20
-2.9665063509461094
 10
9.779329141908727
 20
-2.9809698831278215
 10
9.81029523872437
 20
-2.991481456572267
 10
9.842368451944987
 20
-2.9978612153434527
 10
9.875
 20
-3.0
 10
9.907631548055013
 20
-2.9978612153434527
 10
9.93970476127563
 20
-2.991481456572267
 10
9.970670858091273
 20
-2.9809698831278215
 10
10.0
 20
-2.96650635094611
 10
10.02719035725218
 20
-2.9483383350728087
 10
10.051776695296637
 20
-2.926776695296637
 10
10.073338335072808
 20
-2.9021903572521803
 10
10.09150635094611
 20
-2.875
 10
10.105969883127822
 20
-2.8456708580912724
 10
10.116481456572266
 20
-2.8147047612756304
 10
10.122861215343452
 20
-2.7826315480550132
 97
0
 75
0
 76
1
 98
0
  0
HATCH
  5
464
330
17
100
AcDbEntity
  8
K-OSIE
 62
7
420
16777215
100
AcDbHatch
 10
0.0
 20
0.0
 30
0.0
210
0.0
220
0.0
230
1.0
  2
SOLID
 70
1
 71
0
 91
1
 92
3
 72
0
 73
1
 93
48
 10
10.125
 20
9.540000000000001
 10
10.122861215343452
 20
9.572631548055014
 10
10.116481456572266
 20
9.60470476127563
 10
10.105969883127822
 20
9.635670858091274
 10
10.09150635094611
 20
9.665000000000001
 10
10.073338335072808
 20
9.692190357252182
 10
10.051776695296637
 20
9.716776695296637
 10
10.02719035725218
 20
9.73833833507281
 10
10.0
 20
9.756506350946111
 10
9.970670858091273
 20
9.770969883127822
 10
9.93970476127563
 20
9.781481456572267
 10
9.907631548055013
 20
9.787861215343453
 10
9.875
 20
9.790000000000001
 10
9.842368451944987
 20
9.787861215343453
 10
9.81029523872437
 20
9.781481456572267
 10
9.779329141908727
 20
9.770969883127822
 10
9.75
 20
9.756506350946111
 10
9.72280964274782
 20
9.73833833507281
 10
9.698223304703363
 20
9.716776695296637
 10
9.676661664927192
 20
9.692190357252182
 10
9.65849364905389
 20
9.665000000000001
 10
9.644030116872178
 20
9.635670858091274
 10
9.633518543427734
 20
9.60470476127563
 10
9.627138784656548
 20
9.572631548055014
 10
9.625
 20
9.540000000000001
 10
9.627138784656548
 20
9.507368451944988
 10
9.633518543427734
 20
9.475295238724371
 10
9.644030116872178
 20
9.444329141908728
 10
9.65849364905389
 20
9.415000000000001
 10
9.676661664927192
 20
9.38780964274782
 10
9.698223304703363
 20
9.363223304703364
 10
9.72280964274782
 20
9.341661664927193
 10
9.75
 20
9.32349364905389
 10
9.779329141908727
 20
9.30903011687218
 10
9.81029523872437
 20
9.298518543427734
 10
9.842368451944987
 20
9.292138784656549
 10
9.875
 20
9.290000000000001
 10
9.907631548055013
 20
9.292138784656549
 10
9.93970476127563
 20
9.298518543427734
 10
9.970670858091273
 20
9.30903011687218
 10
10.0
 20
9.32349364905389
 10
10.02719035725218
 20
9.341661664927193
 10
10.051776695296637
 20
9.363223304703364
 10
10.073338335072808
 20
9.38780964274782
 10
10.09150635094611
 20
9.415000000000001
 10
10.105969883127822
 20
9.444329141908728
 10
10.116481456572266
 20
9.475295238724371
 10
10.122861215343452
 20
9.507368451944988
 97
0
 75
0
 76
1
 98
0
  0
HATCH
  5
465
330
17
100
AcDbEntity
  8
K-OSIE
 62
7
420
16777215
100
AcDbHatch
 10
0.0
 20
0.0
 30
0.0
210
0.0
220
0.0
230
1.0
  2
SOLID
 70
1
 71
0
 91
1
 92
3
 72
0
 73
1
 93
48
 10
12.25
 20
-2.75
 10
12.247861215343452
 20
-2.717368451944987
 10
12.241481456572266
 20
-2.68529523872437
 10
12.230969883127822
 20
-2.6543291419087276
 10
12.21650635094611
 20
-2.625
 10
12.198338335072808
 20
-2.5978096427478197
 10
12.176776695296637
 20
-2.573223304703363
 10
12.15219035725218
 20
-2.5516616649271913
 10
12.125
 20
-2.53349364905389
 10
12.095670858091273
 20
-2.5190301168721785
 10
12.06470476127563
 20
-2.508518543427733
 10
12.032631548055013
 20
-2.5021387846565473
 10
12.0
 20
-2.5
 10
11.967368451944987
 20
-2.5021387846565473
 10
11.93529523872437
 20
-2.508518543427733
 10
11.904329141908727
 20
-2.5190301168721785
 10
11.875
 20
-2.53349364905389
 10
11.84780964274782
 20
-2.5516616649271913
 10
11.823223304703363
 20
-2.573223304703363
 10
11.801661664927192
 20
-2.5978096427478197
 10
11.78349364905389
 20
-2.625
 10
11.769030116872178
 20
-2.6543291419087276
 10
11.758518543427734
 20
-2.6852952387243696
 10
11.752138784656548
 20
-2.717368451944987
 10
11.75
 20
-2.75
 10
11.752138784656548
 20
-2.782631548055013
 10
11.758518543427734
 20
-2.81470476127563
 10
11.769030116872178
 20
-2.8456708580912724
 10
11.78349364905389
 20
-2.875
 10
11.801661664927192
 20
-2.90219035725218
 10
11.823223304703363
 20
-2.926776695296637
 10
11.84780964274782
 20
-2.9483383350728087
 10
11.875
 20
-2.9665063509461094
 10
11.904329141908727
 20
-2.9809698831278215
 10
11.93529523872437
 20
-2.991481456572267
 10
11.967368451944987
 20
-2.9978612153434527
 10
12.0
 20
-3.0
 10
12.032631548055013
 20
-2.9978612153434527
 10
12.06470476127563
 20
-2.991481456572267
 10
12.095670858091273
 20
-2.9809698831278215
 10
12.125
 20
-2.96650635094611
 10
12.15219035725218
 20
-2.9483383350728087
 10
12.176776695296637
 20
-2.926776695296637
 10
12.198338335072808
 20
-2.9021903572521803
 10
12.21650635094611
 20
-2.875
 10
12.230969883127822
 20
-2.8456708580912724
 10
12.241481456572266
 20
-2.8147047612756304
 10
12.247861215343452
 20
-2.7826315480550132
 97
0
 75
0
 76
1
 98
0
  0
HATCH
  5
466
330
17
100
AcDbEntity
  8
K-OSIE
 62
7
420
16777215
100
AcDbHatch
 10
0.0
 20
0.0
 30
0.0
210
0.0
220
0.0
230
1.0
  2
SOLID
 70
1
 71
0
 91
1
 92
3
 72
0
 73
1
 93
48
 10
12.25
 20
9.540000000000001
 10
12.247861215343452
 20
9.572631548055014
 10
12.241481456572266
 20
9.60470476127563
 10
12.230969883127822
 20
9.635670858091274
 10
12.21650635094611
 20
9.665000000000001
 10
12.198338335072808
 20
9.692190357252182
 10
12.176776695296637
 20
9.716776695296637
 10
12.15219035725218
 20
9.73833833507281
 10
12.125
 20
9.756506350946111
 10
12.095670858091273
 20
9.770969883127822
 10
12.06470476127563
 20
9.781481456572267
 10
12.032631548055013
 20
9.787861215343453
 10
12.0
 20
9.790000000000001
 10
11.967368451944987
 20
9.787861215343453
 10
11.93529523872437
 20
9.781481456572267
 10
11.904329141908727
 20
9.770969883127822
 10
11.875
 20
9.756506350946111
 10
11.84780964274782
 20
9.73833833507281
 10
11.823223304703363
 20
9.716776695296637
 10
11.801661664927192
 20
9.692190357252182
 10
11.78349364905389
 20
9.665000000000001
 10
11.769030116872178
 20
9.635670858091274
 10
11.758518543427734
 20
9.60470476127563
 10
11.752138784656548
 20
9.572631548055014
 10
11.75
 20
9.540000000000001
 10
11.752138784656548
 20
9.507368451944988
 10
11.758518543427734
 20
9.475295238724371
 10
11.769030116872178
 20
9.444329141908728
 10
11.78349364905389
 20
9.415000000000001
 10
11.801661664927192
 20
9.38780964274782
 10
11.823223304703363
 20
9.363223304703364
 10
11.84780964274782
 20
9.341661664927193
 10
11.875
 20
9.32349364905389
 10
11.904329141908727
 20
9.30903011687218
 10
11.93529523872437
 20
9.298518543427734
 10
11.967368451944987
 20
9.292138784656549
 10
12.0
 20
9.290000000000001
 10
12.032631548055013
 20
9.292138784656549
 10
12.06470476127563
 20
9.298518543427734
 10
12.095670858091273
 20
9.30903011687218
 10
12.125
 20
9.32349364905389
 10
12.15219035725218
 20
9.341661664927193
 10
12.176776695296637
 20
9.363223304703364
 10
12.198338335072808
 20
9.38780964274782
 10
12.21650635094611
 20
9.415000000000001
 10
12.230969883127822
 20
9.444329141908728
 10
12.241481456572266
 20
9.475295238724371
 10
12.247861215343452
 20
9.507368451944988
 97
0
 75
0
 76
1
 98
0
  0
HATCH
  5
467
330
17
100
AcDbEntity
  8
K-OSIE
 62
7
420
16777215
100
AcDbHatch
 10
0.0
 20
0.0
 30
0.0
210
0.0
220
0.0
230
1.0
  2
SOLID
 70
1
 71
0
 91
1
 92
3
 72
0
 73
1
 93
48
 10
-3.6
 20
0.0
 10
-3.6021387846565474
 20
0.03263154805501289
 10
-3.608518543427733
 20
0.06470476127563018
 10
-3.6190301168721786
 20
0.09567085809127245
 10
-3.6334936490538903
 20
0.12499999999999999
 10
-3.6516616649271914
 20
0.15219035725218014
 10
-3.673223304703363
 20
0.17677669529663687
 10
-3.6978096427478198
 20
0.1983383350728088
 10
-3.725
 20
0.21650635094610965
 10
-3.7543291419087277
 20
0.23096988312782168
 10
-3.7852952387243697
 20
0.24148145657226705
 10
-3.8173684519449873
 20
0.2478612153434526
 10
-3.85
 20
0.25
 10
-3.882631548055013
 20
0.24786121534345262
 10
-3.91470476127563
 20
0.24148145657226708
 10
-3.9456708580912725
 20
0.2309698831278217
 10
-3.975
 20
0.21650635094610968
 10
-4.00219035725218
 20
0.19833833507280885
 10
-4.026776695296637
 20
0.1767766952966369
 10
-4.048338335072809
 20
0.15219035725218022
 10
-4.06650635094611
 20
0.12500000000000008
 10
-4.080969883127822
 20
0.09567085809127247
 10
-4.091481456572267
 20
0.06470476127563025
 10
-4.097861215343452
 20
0.032631548055013
 10
-4.1
 20
3.061616997868383e-17
 10
-4.097861215343452
 20
-0.03263154805501283
 10
-4.091481456572267
 20
-0.06470476127563009
 10
-4.080969883127822
 20
-0.0956708580912723
 10
-4.06650635094611
 20
-0.12499999999999993
 10
-4.048338335072809
 20
-0.15219035725218008
 10
-4.026776695296637
 20
-0.17677669529663678
 10
-4.00219035725218
 20
-0.19833833507280874
 10
-3.975
 20
-0.2165063509461096
 10
-3.9456708580912725
 20
-0.23096988312782163
 10
-3.9147047612756305
 20
-0.24148145657226702
 10
-3.8826315480550133
 20
-0.24786121534345257
 10
-3.85
 20
-0.25
 10
-3.8173684519449873
 20
-0.24786121534345262
 10
-3.78529523872437
 20
-0.2414814565722671
 10
-3.7543291419087277
 20
-0.23096988312782174
 10
-3.725
 20
-0.21650635094610976
 10
-3.69780964274782
 20
-0.19833833507280893
 10
-3.673223304703363
 20
-0.17677669529663692
 10
-3.6516616649271914
 20
-0.15219035725218022
 10
-3.6334936490538903
 20
-0.1250000000000001
 10
-3.6190301168721786
 20
-0.0956708580912726
 10
-3.608518543427733
 20
-0.06470476127563039
 10
-3.6021387846565474
 20
-0.03263154805501314
 97
0
 75
0
 76
1
 98
0
  0
HATCH
  5
468
330
17
100
AcDbEntity
  8
K-OSIE
 62
7
420
16777215
100
AcDbHatch
 10
0.0
 20
0.0
 30
0.0
210
0.0
220
0.0
230
1.0
  2
SOLID
 70
1
 71
0
 91
1
 92
3
 72
0
 73
1
 93
48
 10
13.55
 20
0.0
 10
13.547861215343453
 20
0.03263154805501289
 10
13.541481456572267
 20
0.06470476127563018
 10
13.530969883127822
 20
0.09567085809127245
 10
13.516506350946111
 20
0.12499999999999999
 10
13.498338335072809
 20
0.15219035725218014
 10
13.476776695296637
 20
0.17677669529663687
 10
13.452190357252181
 20
0.1983383350728088
 10
13.425
 20
0.21650635094610965
 10
13.395670858091274
 20
0.23096988312782168
 10
13.36470476127563
 20
0.24148145657226705
 10
13.332631548055014
 20
0.2478612153434526
 10
13.3
 20
0.25
 10
13.267368451944987
 20
0.24786121534345262
 10
13.23529523872437
 20
0.24148145657226708
 10
13.204329141908728
 20
0.2309698831278217
 10
13.175
 20
0.21650635094610968
 10
13.14780964274782
 20
0.19833833507280885
 10
13.123223304703364
 20
0.1767766952966369
 10
13.101661664927192
 20
0.15219035725218022
 10
13.08349364905389
 20
0.12500000000000008
 10
13.06903011687218
 20
0.09567085809127247
 10
13.058518543427734
 20
0.06470476127563025
 10
13.052138784656549
 20
0.032631548055013
 10
13.05
 20
3.061616997868383e-17
 10
13.052138784656549
 20
-0.03263154805501283
 10
13.058518543427734
 20
-0.06470476127563009
 10
13.06903011687218
 20
-0.0956708580912723
 10
13.08349364905389
 20
-0.12499999999999993
 10
13.101661664927192
 20
-0.15219035725218008
 10
13.123223304703364
 20
-0.17677669529663678
 10
13.14780964274782
 20
-0.19833833507280874
 10
13.175
 20
-0.2165063509461096
 10
13.204329141908728
 20
-0.23096988312782163
 10
13.23529523872437
 20
-0.24148145657226702
 10
13.267368451944987
 20
-0.24786121534345257
 10
13.3
 20
-0.25
 10
13.332631548055014
 20
-0.24786121534345262
 10
13.36470476127563
 20
-0.2414814565722671
 10
13.395670858091274
 20
-0.23096988312782174
 10
13.425
 20
-0.21650635094610976
 10
13.452190357252181
 20
-0.19833833507280893
 10
13.476776695296637
 20
-0.17677669529663692
 10
13.498338335072809
 20
-0.15219035725218022
 10
13.516506350946111
 20
-0.1250000000000001
 10
13.530969883127822
 20
-0.0956708580912726
 10
13.541481456572267
 20
-0.06470476127563039
 10
13.547861215343453
 20
-0.03263154805501314
 97
0
 75
0
 76
1
 98
0
  0
HATCH
  5
469
330
17
100
AcDbEntity
  8
K-OSIE
 62
7
420
16777215
100
AcDbHatch
 10
0.0
 20
0.0
 30
0.0
210
0.0
220
0.0
230
1.0
  2
SOLID
 70
1
 71
0
 91
1
 92
3
 72
0
 73
1
 93
48
 10
-3.6
 20
2.875
 10
-3.6021387846565474
 20
2.907631548055013
 10
-3.608518543427733
 20
2.93970476127563
 10
-3.6190301168721786
 20
2.9706708580912724
 10
-3.6334936490538903
 20
3.0
 10
-3.6516616649271914
 20
3.0271903572521803
 10
-3.673223304703363
 20
3.051776695296637
 10
-3.6978096427478198
 20
3.0733383350728087
 10
-3.725
 20
3.09150635094611
 10
-3.7543291419087277
 20
3.1059698831278215
 10
-3.7852952387243697
 20
3.116481456572267
 10
-3.8173684519449873
 20
3.1228612153434527
 10
-3.85
 20
3.125
 10
-3.882631548055013
 20
3.1228612153434527
 10
-3.91470476127563
 20
3.116481456572267
 10
-3.9456708580912725
 20
3.1059698831278215
 10
-3.975
 20
3.09150635094611
 10
-4.00219035725218
 20
3.0733383350728087
 10
-4.026776695296637
 20
3.051776695296637
 10
-4.048338335072809
 20
3.0271903572521803
 10
-4.06650635094611
 20
3.0
 10
-4.080969883127822
 20
2.9706708580912724
 10
-4.091481456572267
 20
2.9397047612756304
 10
-4.097861215343452
 20
2.907631548055013
 10
-4.1
 20
2.875
 10
-4.097861215343452
 20
2.842368451944987
 10
-4.091481456572267
 20
2.81029523872437
 10
-4.080969883127822
 20
2.7793291419087276
 10
-4.06650635094611
 20
2.75
 10
-4.048338335072809
 20
2.72280964274782
 10
-4.026776695296637
 20
2.698223304703363
 10
-4.00219035725218
 20
2.6766616649271913
 10
-3.975
 20
2.6584936490538906
 10
-3.9456708580912725
 20
2.6440301168721785
 10
-3.9147047612756305
 20
2.633518543427733
 10
-3.8826315480550133
 20
2.6271387846565473
 10
-3.85
 20
2.625
 10
-3.8173684519449873
 20
2.6271387846565473
 10
-3.78529523872437
 20
2.633518543427733
 10
-3.7543291419087277
 20
2.6440301168721785
 10
-3.725
 20
2.65849364905389
 10
-3.69780964274782
 20
2.6766616649271913
 10
-3.673223304703363
 20
2.698223304703363
 10
-3.6516616649271914
 20
2.7228096427478197
 10
-3.6334936490538903
 20
2.75
 10
-3.6190301168721786
 20
2.7793291419087276
 10
-3.608518543427733
 20
2.8102952387243696
 10
-3.6021387846565474
 20
2.8423684519449868
 97
0
 75
0
 76
1
 98
0
  0
HATCH
  5
46A
330
17
100
AcDbEntity
  8
K-OSIE
 62
7
420
16777215
100
AcDbHatch
 10
0.0
 20
0.0
 30
0.0
210
0.0
220
0.0
230
1.0
  2
SOLID
 70
1
 71
0
 91
1
 92
3
 72
0
 73
1
 93
48
 10
13.55
 20
2.875
 10
13.547861215343453
 20
2.907631548055013
 10
13.541481456572267
 20
2.93970476127563
 10
13.530969883127822
 20
2.9706708580912724
 10
13.516506350946111
 20
3.0
 10
13.498338335072809
 20
3.0271903572521803
 10
13.476776695296637
 20
3.051776695296637
 10
13.452190357252181
 20
3.0733383350728087
 10
13.425
 20
3.09150635094611
 10
13.395670858091274
 20
3.1059698831278215
 10
13.36470476127563
 20
3.116481456572267
 10
13.332631548055014
 20
3.1228612153434527
 10
13.3
 20
3.125
 10
13.267368451944987
 20
3.1228612153434527
 10
13.23529523872437
 20
3.116481456572267
 10
13.204329141908728
 20
3.1059698831278215
 10
13.175
 20
3.09150635094611
 10
13.14780964274782
 20
3.0733383350728087
 10
13.123223304703364
 20
3.051776695296637
 10
13.101661664927192
 20
3.0271903572521803
 10
13.08349364905389
 20
3.0
 10
13.06903011687218
 20
2.9706708580912724
 10
13.058518543427734
 20
2.9397047612756304
 10
13.052138784656549
 20
2.907631548055013
 10
13.05
 20
2.875
 10
13.052138784656549
 20
2.842368451944987
 10
13.058518543427734
 20
2.81029523872437
 10
13.06903011687218
 20
2.7793291419087276
 10
13.08349364905389
 20
2.75
 10
13.101661664927192
 20
2.72280964274782
 10
13.123223304703364
 20
2.698223304703363
 10
13.14780964274782
 20
2.6766616649271913
 10
13.175
 20
2.6584936490538906
 10
13.204329141908728
 20
2.6440301168721785
 10
13.23529523872437
 20
2.633518543427733
 10
13.267368451944987
 20
2.6271387846565473
 10
13.3
 20
2.625
 10
13.332631548055014
 20
2.6271387846565473
 10
13.36470476127563
 20
2.633518543427733
 10
13.395670858091274
 20
2.6440301168721785
 10
13.425
 20
2.65849364905389
 10
13.452190357252181
 20
2.6766616649271913
 10
13.476776695296637
 20
2.698223304703363
 10
13.498338335072809
 20
2.7228096427478197
 10
13.516506350946111
 20
2.75
 10
13.530969883127822
 20
2.7793291419087276
 10
13.541481456572267
 20
2.8102952387243696
 10
13.547861215343453
 20
2.8423684519449868
 97
0
 75
0
 76
1
 98
0
  0
HATCH
  5
46B
330
17
100
AcDbEntity
  8
K-OSIE
 62
7
420
16777215
100
AcDbHatch
 10
0.0
 20
0.0
 30
0.0
210
0.0
220
0.0
230
1.0
  2
SOLID
 70
1
 71
0
 91
1
 92
3
 72
0
 73
1
 93
48
 10
-3.6
 20
3.75
 10
-3.6021387846565474
 20
3.782631548055013
 10
-3.608518543427733
 20
3.81470476127563
 10
-3.6190301168721786
 20
3.8456708580912724
 10
-3.6334936490538903
 20
3.875
 10
-3.6516616649271914
 20
3.9021903572521803
 10
-3.673223304703363
 20
3.926776695296637
 10
-3.6978096427478198
 20
3.9483383350728087
 10
-3.725
 20
3.96650635094611
 10
-3.7543291419087277
 20
3.9809698831278215
 10
-3.7852952387243697
 20
3.991481456572267
 10
-3.8173684519449873
 20
3.9978612153434527
 10
-3.85
 20
4.0
 10
-3.882631548055013
 20
3.9978612153434527
 10
-3.91470476127563
 20
3.991481456572267
 10
-3.9456708580912725
 20
3.9809698831278215
 10
-3.975
 20
3.96650635094611
 10
-4.00219035725218
 20
3.9483383350728087
 10
-4.026776695296637
 20
3.926776695296637
 10
-4.048338335072809
 20
3.9021903572521803
 10
-4.06650635094611
 20
3.875
 10
-4.080969883127822
 20
3.8456708580912724
 10
-4.091481456572267
 20
3.8147047612756304
 10
-4.097861215343452
 20
3.782631548055013
 10
-4.1
 20
3.75
 10
-4.097861215343452
 20
3.717368451944987
 10
-4.091481456572267
 20
3.68529523872437
 10
-4.080969883127822
 20
3.6543291419087276
 10
-4.06650635094611
 20
3.625
 10
-4.048338335072809
 20
3.59780964274782
 10
-4.026776695296637
 20
3.573223304703363
 10
-4.00219035725218
 20
3.5516616649271913
 10
-3.975
 20
3.5334936490538906
 10
-3.9456708580912725
 20
3.5190301168721785
 10
-3.9147047612756305
 20
3.508518543427733
 10
-3.8826315480550133
 20
3.5021387846565473
 10
-3.85
 20
3.5
 10
-3.8173684519449873
 20
3.5021387846565473
 10
-3.78529523872437
 20
3.508518543427733
 10
-3.7543291419087277
 20
3.5190301168721785
 10
-3.725
 20
3.53349364905389
 10
-3.69780964274782
 20
3.5516616649271913
 10
-3.673223304703363
 20
3.573223304703363
 10
-3.6516616649271914
 20
3.5978096427478197
 10
-3.6334936490538903
 20
3.625
 10
-3.6190301168721786
 20
3.6543291419087276
 10
-3.608518543427733
 20
3.6852952387243696
 10
-3.6021387846565474
 20
3.7173684519449868
 97
0
 75
0
 76
1
 98
0
  0
HATCH
  5
46C
330
17
100
AcDbEntity
  8
K-OSIE
 62
7
420
16777215
100
AcDbHatch
 10
0.0
 20
0.0
 30
0.0
210
0.0
220
0.0
230
1.0
  2
SOLID
 70
1
 71
0
 91
1
 92
3
 72
0
 73
1
 93
48
 10
13.55
 20
3.75
 10
13.547861215343453
 20
3.782631548055013
 10
13.541481456572267
 20
3.81470476127563
 10
13.530969883127822
 20
3.8456708580912724
 10
13.516506350946111
 20
3.875
 10
13.498338335072809
 20
3.9021903572521803
 10
13.476776695296637
 20
3.926776695296637
 10
13.452190357252181
 20
3.9483383350728087
 10
13.425
 20
3.96650635094611
 10
13.395670858091274
 20
3.9809698831278215
 10
13.36470476127563
 20
3.991481456572267
 10
13.332631548055014
 20
3.9978612153434527
 10
13.3
 20
4.0
 10
13.267368451944987
 20
3.9978612153434527
 10
13.23529523872437
 20
3.991481456572267
 10
13.204329141908728
 20
3.9809698831278215
 10
13.175
 20
3.96650635094611
 10
13.14780964274782
 20
3.9483383350728087
 10
13.123223304703364
 20
3.926776695296637
 10
13.101661664927192
 20
3.9021903572521803
 10
13.08349364905389
 20
3.875
 10
13.06903011687218
 20
3.8456708580912724
 10
13.058518543427734
 20
3.8147047612756304
 10
13.052138784656549
 20
3.782631548055013
 10
13.05
 20
3.75
 10
13.052138784656549
 20
3.717368451944987
 10
13.058518543427734
 20
3.68529523872437
 10
13.06903011687218
 20
3.6543291419087276
 10
13.08349364905389
 20
3.625
 10
13.101661664927192
 20
3.59780964274782
 10
13.123223304703364
 20
3.573223304703363
 10
13.14780964274782
 20
3.5516616649271913
 10
13.175
 20
3.5334936490538906
 10
13.204329141908728
 20
3.5190301168721785
 10
13.23529523872437
 20
3.508518543427733
 10
13.267368451944987
 20
3.5021387846565473
 10
13.3
 20
3.5
 10
13.332631548055014
 20
3.5021387846565473
 10
13.36470476127563
 20
3.508518543427733
 10
13.395670858091274
 20
3.5190301168721785
 10
13.425
 20
3.53349364905389
 10
13.452190357252181
 20
3.5516616649271913
 10
13.476776695296637
 20
3.573223304703363
 10
13.498338335072809
 20
3.5978096427478197
 10
13.516506350946111
 20
3.625
 10
13.530969883127822
 20
3.6543291419087276
 10
13.541481456572267
 20
3.6852952387243696
 10
13.547861215343453
 20
3.7173684519449868
 97
0
 75
0
 76
1
 98
0
  0
HATCH
  5
46D
330
17
100
AcDbEntity
  8
K-OSIE
 62
7
420
16777215
100
AcDbHatch
 10
0.0
 20
0.0
 30
0.0
210
0.0
220
0.0
230
1.0
  2
SOLID
 70
1
 71
0
 91
1
 92
3
 72
0
 73
1
 93
48
 10
-3.6
 20
5.125
 10
-3.6021387846565474
 20
5.157631548055013
 10
-3.608518543427733
 20
5.18970476127563
 10
-3.6190301168721786
 20
5.220670858091273
 10
-3.6334936490538903
 20
5.25
 10
-3.6516616649271914
 20
5.27719035725218
 10
-3.673223304703363
 20
5.3017766952966365
 10
-3.6978096427478198
 20
5.323338335072809
 10
-3.725
 20
5.341506350946109
 10
-3.7543291419087277
 20
5.3559698831278215
 10
-3.7852952387243697
 20
5.366481456572267
 10
-3.8173684519449873
 20
5.372861215343453
 10
-3.85
 20
5.375
 10
-3.882631548055013
 20
5.372861215343453
 10
-3.91470476127563
 20
5.366481456572267
 10
-3.9456708580912725
 20
5.3559698831278215
 10
-3.975
 20
5.341506350946109
 10
-4.00219035725218
 20
5.323338335072809
 10
-4.026776695296637
 20
5.3017766952966365
 10
-4.048338335072809
 20
5.27719035725218
 10
-4.06650635094611
 20
5.25
 10
-4.080969883127822
 20
5.220670858091273
 10
-4.091481456572267
 20
5.18970476127563
 10
-4.097861215343452
 20
5.157631548055013
 10
-4.1
 20
5.125
 10
-4.097861215343452
 20
5.092368451944987
 10
-4.091481456572267
 20
5.06029523872437
 10
-4.080969883127822
 20
5.029329141908728
 10
-4.06650635094611
 20
5.0
 10
-4.048338335072809
 20
4.97280964274782
 10
-4.026776695296637
 20
4.9482233047033635
 10
-4.00219035725218
 20
4.926661664927192
 10
-3.975
 20
4.908493649053891
 10
-3.9456708580912725
 20
4.8940301168721785
 10
-3.9147047612756305
 20
4.883518543427733
 10
-3.8826315480550133
 20
4.877138784656547
 10
-3.85
 20
4.875
 10
-3.8173684519449873
 20
4.877138784656547
 10
-3.78529523872437
 20
4.883518543427733
 10
-3.7543291419087277
 20
4.8940301168721785
 10
-3.725
 20
4.908493649053891
 10
-3.69780964274782
 20
4.926661664927191
 10
-3.673223304703363
 20
4.9482233047033635
 10
-3.6516616649271914
 20
4.97280964274782
 10
-3.6334936490538903
 20
5.0
 10
-3.6190301168721786
 20
5.029329141908727
 10
-3.608518543427733
 20
5.06029523872437
 10
-3.6021387846565474
 20
5.092368451944987
 97
0
 75
0
 76
1
 98
0
  0
HATCH
  5
46E
330
17
100
AcDbEntity
  8
K-OSIE
 62
7
420
16777215
100
AcDbHatch
 10
0.0
 20
0.0
 30
0.0
210
0.0
220
0.0
230
1.0
  2
SOLID
 70
1
 71
0
 91
1
 92
3
 72
0
 73
1
 93
48
 10
13.55
 20
5.125
 10
13.547861215343453
 20
5.157631548055013
 10
13.541481456572267
 20
5.18970476127563
 10
13.530969883127822
 20
5.220670858091273
 10
13.516506350946111
 20
5.25
 10
13.498338335072809
 20
5.27719035725218
 10
13.476776695296637
 20
5.3017766952966365
 10
13.452190357252181
 20
5.323338335072809
 10
13.425
 20
5.341506350946109
 10
13.395670858091274
 20
5.3559698831278215
 10
13.36470476127563
 20
5.366481456572267
 10
13.332631548055014
 20
5.372861215343453
 10
13.3
 20
5.375
 10
13.267368451944987
 20
5.372861215343453
 10
13.23529523872437
 20
5.366481456572267
 10
13.204329141908728
 20
5.3559698831278215
 10
13.175
 20
5.341506350946109
 10
13.14780964274782
 20
5.323338335072809
 10
13.123223304703364
 20
5.3017766952966365
 10
13.101661664927192
 20
5.27719035725218
 10
13.08349364905389
 20
5.25
 10
13.06903011687218
 20
5.220670858091273
 10
13.058518543427734
 20
5.18970476127563
 10
13.052138784656549
 20
5.157631548055013
 10
13.05
 20
5.125
 10
13.052138784656549
 20
5.092368451944987
 10
13.058518543427734
 20
5.06029523872437
 10
13.06903011687218
 20
5.029329141908728
 10
13.08349364905389
 20
5.0
 10
13.101661664927192
 20
4.97280964274782
 10
13.123223304703364
 20
4.9482233047033635
 10
13.14780964274782
 20
4.926661664927192
 10
13.175
 20
4.908493649053891
 10
13.204329141908728
 20
4.8940301168721785
 10
13.23529523872437
 20
4.883518543427733
 10
13.267368451944987
 20
4.877138784656547
 10
13.3
 20
4.875
 10
13.332631548055014
 20
4.877138784656547
 10
13.36470476127563
 20
4.883518543427733
 10
13.395670858091274
 20
4.8940301168721785
 10
13.425
 20
4.908493649053891
 10
13.452190357252181
 20
4.926661664927191
 10
13.476776695296637
 20
4.9482233047033635
 10
13.498338335072809
 20
4.97280964274782
 10
13.516506350946111
 20
5.0
 10
13.530969883127822
 20
5.029329141908727
 10
13.541481456572267
 20
5.06029523872437
 10
13.547861215343453
 20
5.092368451944987
 97
0
 75
0
 76
1
 98
0
  0
HATCH
  5
46F
330
17
100
AcDbEntity
  8
K-OSIE
 62
7
420
16777215
100
AcDbHatch
 10
0.0
 20
0.0
 30
0.0
210
0.0
220
0.0
230
1.0
  2
SOLID
 70
1
 71
0
 91
1
 92
3
 72
0
 73
1
 93
48
 10
-3.6
 20
8.75
 10
-3.6021387846565474
 20
8.782631548055013
 10
-3.608518543427733
 20
8.81470476127563
 10
-3.6190301168721786
 20
8.845670858091273
 10
-3.6334936490538903
 20
8.875
 10
-3.6516616649271914
 20
8.90219035725218
 10
-3.673223304703363
 20
8.926776695296637
 10
-3.6978096427478198
 20
8.948338335072808
 10
-3.725
 20
8.96650635094611
 10
-3.7543291419087277
 20
8.980969883127822
 10
-3.7852952387243697
 20
8.991481456572266
 10
-3.8173684519449873
 20
8.997861215343452
 10
-3.85
 20
9.0
 10
-3.882631548055013
 20
8.997861215343452
 10
-3.91470476127563
 20
8.991481456572266
 10
-3.9456708580912725
 20
8.980969883127822
 10
-3.975
 20
8.96650635094611
 10
-4.00219035725218
 20
8.948338335072808
 10
-4.026776695296637
 20
8.926776695296637
 10
-4.048338335072809
 20
8.90219035725218
 10
-4.06650635094611
 20
8.875
 10
-4.080969883127822
 20
8.845670858091273
 10
-4.091481456572267
 20
8.81470476127563
 10
-4.097861215343452
 20
8.782631548055013
 10
-4.1
 20
8.75
 10
-4.097861215343452
 20
8.717368451944987
 10
-4.091481456572267
 20
8.68529523872437
 10
-4.080969883127822
 20
8.654329141908727
 10
-4.06650635094611
 20
8.625
 10
-4.048338335072809
 20
8.59780964274782
 10
-4.026776695296637
 20
8.573223304703363
 10
-4.00219035725218
 20
8.551661664927192
 10
-3.975
 20
8.53349364905389
 10
-3.9456708580912725
 20
8.519030116872178
 10
-3.9147047612756305
 20
8.508518543427734
 10
-3.8826315480550133
 20
8.502138784656548
 10
-3.85
 20
8.5
 10
-3.8173684519449873
 20
8.502138784656548
 10
-3.78529523872437
 20
8.508518543427734
 10
-3.7543291419087277
 20
8.519030116872178
 10
-3.725
 20
8.53349364905389
 10
-3.69780964274782
 20
8.551661664927192
 10
-3.673223304703363
 20
8.573223304703363
 10
-3.6516616649271914
 20
8.59780964274782
 10
-3.6334936490538903
 20
8.625
 10
-3.6190301168721786
 20
8.654329141908727
 10
-3.608518543427733
 20
8.68529523872437
 10
-3.6021387846565474
 20
8.717368451944987
 97
0
 75
0
 76
1
 98
0
  0
HATCH
  5
470
330
17
100
AcDbEntity
  8
K-OSIE
 62
7
420
16777215
100
AcDbHatch
 10
0.0
 20
0.0
 30
0.0
210
0.0
220
0.0
230
1.0
  2
SOLID
 70
1
 71
0
 91
1
 92
3
 72
0
 73
1
 93
48
 10
13.55
 20
8.75
 10
13.547861215343453
 20
8.782631548055013
 10
13.541481456572267
 20
8.81470476127563
 10
13.530969883127822
 20
8.845670858091273
 10
13.516506350946111
 20
8.875
 10
13.498338335072809
 20
8.90219035725218
 10
13.476776695296637
 20
8.926776695296637
 10
13.452190357252181
 20
8.948338335072808
 10
13.425
 20
8.96650635094611
 10
13.395670858091274
 20
8.980969883127822
 10
13.36470476127563
 20
8.991481456572266
 10
13.332631548055014
 20
8.997861215343452
 10
13.3
 20
9.0
 10
13.267368451944987
 20
8.997861215343452
 10
13.23529523872437
 20
8.991481456572266
 10
13.204329141908728
 20
8.980969883127822
 10
13.175
 20
8.96650635094611
 10
13.14780964274782
 20
8.948338335072808
 10
13.123223304703364
 20
8.926776695296637
 10
13.101661664927192
 20
8.90219035725218
 10
13.08349364905389
 20
8.875
 10
13.06903011687218
 20
8.845670858091273
 10
13.058518543427734
 20
8.81470476127563
 10
13.052138784656549
 20
8.782631548055013
 10
13.05
 20
8.75
 10
13.052138784656549
 20
8.717368451944987
 10
13.058518543427734
 20
8.68529523872437
 10
13.06903011687218
 20
8.654329141908727
 10
13.08349364905389
 20
8.625
 10
13.101661664927192
 20
8.59780964274782
 10
13.123223304703364
 20
8.573223304703363
 10
13.14780964274782
 20
8.551661664927192
 10
13.175
 20
8.53349364905389
 10
13.204329141908728
 20
8.519030116872178
 10
13.23529523872437
 20
8.508518543427734
 10
13.267368451944987
 20
8.502138784656548
 10
13.3
 20
8.5
 10
13.332631548055014
 20
8.502138784656548
 10
13.36470476127563
 20
8.508518543427734
 10
13.395670858091274
 20
8.519030116872178
 10
13.425
 20
8.53349364905389
 10
13.452190357252181
 20
8.551661664927192
 10
13.476776695296637
 20
8.573223304703363
 10
13.498338335072809
 20
8.59780964274782
 10
13.516506350946111
 20
8.625
 10
13.530969883127822
 20
8.654329141908727
 10
13.541481456572267
 20
8.68529523872437
 10
13.547861215343453
 20
8.717368451944987
 97
0
 75
0
 76
1
 98
0
  0
CIRCLE
  5
471
330
17
100
AcDbEntity
  8
K-OSIE
  6
Continuous
370
35
 48
0.05
100
AcDbCircle
 10
-1.0
 20
-2.75
 30
0.0
 40
0.25
  0
CIRCLE
  5
472
330
17
100
AcDbEntity
  8
K-OSIE
  6
Continuous
370
35
 48
0.05
100
AcDbCircle
 10
-1.0
 20
9.540000000000001
 30
0.0
 40
0.25
  0
CIRCLE
  5
473
330
17
100
AcDbEntity
  8
K-OSIE
  6
Continuous
370
35
 48
0.05
100
AcDbCircle
 10
0.0
 20
-2.75
 30
0.0
 40
0.25
  0
CIRCLE
  5
474
330
17
100
AcDbEntity
  8
K-OSIE
  6
Continuous
370
35
 48
0.05
100
AcDbCircle
 10
0.0
 20
9.540000000000001
 30
0.0
 40
0.25
  0
CIRCLE
  5
475
330
17
100
AcDbEntity
  8
K-OSIE
  6
Continuous
370
35
 48
0.05
100
AcDbCircle
 10
3.875
 20
-2.75
 30
0.0
 40
0.25
  0
CIRCLE
  5
476
330
17
100
AcDbEntity
  8
K-OSIE
  6
Continuous
370
35
 48
0.05
100
AcDbCircle
 10
3.875
 20
9.540000000000001
 30
0.0
 40
0.25
  0
CIRCLE
  5
477
330
17
100
AcDbEntity
  8
K-OSIE
  6
Continuous
370
35
 48
0.05
100
AcDbCircle
 10
5.875
 20
-2.75
 30
0.0
 40
0.25
  0
CIRCLE
  5
478
330
17
100
AcDbEntity
  8
K-OSIE
  6
Continuous
370
35
 48
0.05
100
AcDbCircle
 10
5.875
 20
9.540000000000001
 30
0.0
 40
0.25
  0
CIRCLE
  5
479
330
17
100
AcDbEntity
  8
K-OSIE
  6
Continuous
370
35
 48
0.05
100
AcDbCircle
 10
7.19
 20
-2.75
 30
0.0
 40
0.25
  0
CIRCLE
  5
47A
330
17
100
AcDbEntity
  8
K-OSIE
  6
Continuous
370
35
 48
0.05
100
AcDbCircle
 10
7.19
 20
9.540000000000001
 30
0.0
 40
0.25
  0
CIRCLE
  5
47B
330
17
100
AcDbEntity
  8
K-OSIE
  6
Continuous
370
35
 48
0.05
100
AcDbCircle
 10
8.5
 20
-2.75
 30
0.0
 40
0.25
  0
CIRCLE
  5
47C
330
17
100
AcDbEntity
  8
K-OSIE
  6
Continuous
370
35
 48
0.05
100
AcDbCircle
 10
8.5
 20
9.540000000000001
 30
0.0
 40
0.25
  0
CIRCLE
  5
47D
330
17
100
AcDbEntity
  8
K-OSIE
  6
Continuous
370
35
 48
0.05
100
AcDbCircle
 10
9.875
 20
-2.75
 30
0.0
 40
0.25
  0
CIRCLE
  5
47E
330
17
100
AcDbEntity
  8
K-OSIE
  6
Continuous
370
35
 48
0.05
100
AcDbCircle
 10
9.875
 20
9.540000000000001
 30
0.0
 40
0.25
  0
CIRCLE
  5
47F
330
17
100
AcDbEntity
  8
K-OSIE
  6
Continuous
370
35
 48
0.05
100
AcDbCircle
 10
12.0
 20
-2.75
 30
0.0
 40
0.25
  0
CIRCLE
  5
480
330
17
100
AcDbEntity
  8
K-OSIE
  6
Continuous
370
35
 48
0.05
100
AcDbCircle
 10
12.0
 20
9.540000000000001
 30
0.0
 40
0.25
  0
CIRCLE
  5
481
330
17
100
AcDbEntity
  8
K-OSIE
  6
Continuous
370
35
 48
0.05
100
AcDbCircle
 10
-3.85
 20
0.0
 30
0.0
 40
0.25
  0
CIRCLE
  5
482
330
17
100
AcDbEntity
  8
K-OSIE
  6
Continuous
370
35
 48
0.05
100
AcDbCircle
 10
13.3
 20
0.0
 30
0.0
 40
0.25
  0
CIRCLE
  5
483
330
17
100
AcDbEntity
  8
K-OSIE
  6
Continuous
370
35
 48
0.05
100
AcDbCircle
 10
-3.85
 20
2.875
 30
0.0
 40
0.25
  0
CIRCLE
  5
484
330
17
100
AcDbEntity
  8
K-OSIE
  6
Continuous
370
35
 48
0.05
100
AcDbCircle
 10
13.3
 20
2.875
 30
0.0
 40
0.25
  0
CIRCLE
  5
485
330
17
100
AcDbEntity
  8
K-OSIE
  6
Continuous
370
35
 48
0.05
100
AcDbCircle
 10
-3.85
 20
3.75
 30
0.0
 40
0.25
  0
CIRCLE
  5
486
330
17
100
AcDbEntity
  8
K-OSIE
  6
Continuous
370
35
 48
0.05
100
AcDbCircle
 10
13.3
 20
3.75
 30
0.0
 40
0.25
  0
CIRCLE
  5
487
330
17
100
AcDbEntity
  8
K-OSIE
  6
Continuous
370
35
 48
0.05
100
AcDbCircle
 10
-3.85
 20
5.125
 30
0.0
 40
0.25
  0
CIRCLE
  5
488
330
17
100
AcDbEntity
  8
K-OSIE
  6
Continuous
370
35
 48
0.05
100
AcDbCircle
 10
13.3
 20
5.125
 30
0.0
 40
0.25
  0
CIRCLE
  5
489
330
17
100
AcDbEntity
  8
K-OSIE
  6
Continuous
370
35
 48
0.05
100
AcDbCircle
 10
-3.85
 20
8.75
 30
0.0
 40
0.25
  0
CIRCLE
  5
48A
330
17
100
AcDbEntity
  8
K-OSIE
  6
Continuous
370
35
 48
0.05
100
AcDbCircle
 10
13.3
 20
8.75
 30
0.0
 40
0.25
  0
TEXT
  5
48B
330
17
100
AcDbEntity
  8
K-OSIE
100
AcDbText
 10
-1.1091216216216215
 20
-2.8375
 30
0.0
 40
0.17500000000000002
  1
A'
  7
PL_ARIAL
 11
-1.1091216216216215
 21
-2.8375
 31
0.0
100
AcDbText
  0
TEXT
  5
48C
330
17
100
AcDbEntity
  8
K-OSIE
100
AcDbText
 10
-1.1091216216216215
 20
9.4525
 30
0.0
 40
0.17500000000000002
  1
A'
  7
PL_ARIAL
 11
-1.1091216216216215
 21
9.4525
 31
0.0
100
AcDbText
  0
TEXT
  5
48D
330
17
100
AcDbEntity
  8
K-OSIE
100
AcDbText
 10
-0.08483704292527822
 20
-2.8375
 30
0.0
 40
0.17500000000000002
  1
A
  7
PL_ARIAL
 11
-0.08483704292527822
 21
-2.8375
 31
0.0
100
AcDbText
  0
TEXT
  5
48E
330
17
100
AcDbEntity
  8
K-OSIE
100
AcDbText
 10
-0.08483704292527822
 20
9.4525
 30
0.0
 40
0.17500000000000002
  1
A
  7
PL_ARIAL
 11
-0.08483704292527822
 21
9.4525
 31
0.0
100
AcDbText
  0
TEXT
  5
48F
330
17
100
AcDbEntity
  8
K-OSIE
100
AcDbText
 10
3.7901629570747217
 20
-2.8375
 30
0.0
 40
0.17500000000000002
  1
B
  7
PL_ARIAL
 11
3.7901629570747217
 21
-2.8375
 31
0.0
100
AcDbText
  0
TEXT
  5
490
330
17
100
AcDbEntity
  8
K-OSIE
100
AcDbText
 10
3.7901629570747217
 20
9.4525
 30
0.0
 40
0.17500000000000002
  1
B
  7
PL_ARIAL
 11
3.7901629570747217
 21
9.4525
 31
0.0
100
AcDbText
  0
TEXT
  5
491
330
17
100
AcDbEntity
  8
K-OSIE
100
AcDbText
 10
5.783147853736089
 20
-2.8375
 30
0.0
 40
0.17500000000000002
  1
C
  7
PL_ARIAL
 11
5.783147853736089
 21
-2.8375
 31
0.0
100
AcDbText
  0
TEXT
  5
492
330
17
100
AcDbEntity
  8
K-OSIE
100
AcDbText
 10
5.783147853736089
 20
9.4525
 30
0.0
 40
0.17500000000000002
  1
C
  7
PL_ARIAL
 11
5.783147853736089
 21
9.4525
 31
0.0
100
AcDbText
  0
TEXT
  5
493
330
17
100
AcDbEntity
  8
K-OSIE
100
AcDbText
 10
7.084058028616853
 20
-2.8375
 30
0.0
 40
0.17500000000000002
  1
M
  7
PL_ARIAL
 11
7.084058028616853
 21
-2.8375
 31
0.0
100
AcDbText
  0
TEXT
  5
494
330
17
100
AcDbEntity
  8
K-OSIE
100
AcDbText
 10
7.084058028616853
 20
9.4525
 30
0.0
 40
0.17500000000000002
  1
M
  7
PL_ARIAL
 11
7.084058028616853
 21
9.4525
 31
0.0
100
AcDbText
  0
TEXT
  5
495
330
17
100
AcDbEntity
  8
K-OSIE
100
AcDbText
 10
8.40814785373609
 20
-2.8375
 30
0.0
 40
0.17500000000000002
  1
D
  7
PL_ARIAL
 11
8.40814785373609
 21
-2.8375
 31
0.0
100
AcDbText
  0
TEXT
  5
496
330
17
100
AcDbEntity
  8
K-OSIE
100
AcDbText
 10
8.40814785373609
 20
9.4525
 30
0.0
 40
0.17500000000000002
  1
D
  7
PL_ARIAL
 11
8.40814785373609
 21
9.4525
 31
0.0
100
AcDbText
  0
TEXT
  5
497
330
17
100
AcDbEntity
  8
K-OSIE
100
AcDbText
 10
9.758863275039745
 20
-2.8375
 30
0.0
 40
0.17500000000000002
  1
D'
  7
PL_ARIAL
 11
9.758863275039745
 21
-2.8375
 31
0.0
100
AcDbText
  0
TEXT
  5
498
330
17
100
AcDbEntity
  8
K-OSIE
100
AcDbText
 10
9.758863275039745
 20
9.4525
 30
0.0
 40
0.17500000000000002
  1
D'
  7
PL_ARIAL
 11
9.758863275039745
 21
9.4525
 31
0.0
100
AcDbText
  0
TEXT
  5
499
330
17
100
AcDbEntity
  8
K-OSIE
100
AcDbText
 10
11.915162957074722
 20
-2.8375
 30
0.0
 40
0.17500000000000002
  1
E
  7
PL_ARIAL
 11
11.915162957074722
 21
-2.8375
 31
0.0
100
AcDbText
  0
TEXT
  5
49A
330
17
100
AcDbEntity
  8
K-OSIE
100
AcDbText
 10
11.915162957074722
 20
9.4525
 30
0.0
 40
0.17500000000000002
  1
E
  7
PL_ARIAL
 11
11.915162957074722
 21
9.4525
 31
0.0
100
AcDbText
  0
TEXT
  5
49B
330
17
100
AcDbEntity
  8
K-OSIE
100
AcDbText
 10
-3.920727344992051
 20
-0.08750000000000001
 30
0.0
 40
0.17500000000000002
  1
1
  7
PL_ARIAL
 11
-3.920727344992051
 21
-0.08750000000000001
 31
0.0
100
AcDbText
  0
TEXT
  5
49C
330
17
100
AcDbEntity
  8
K-OSIE
100
AcDbText
 10
13.22927265500795
 20
-0.08750000000000001
 30
0.0
 40
0.17500000000000002
  1
1
  7
PL_ARIAL
 11
13.22927265500795
 21
-0.08750000000000001
 31
0.0
100
AcDbText
  0
TEXT
  5
49D
330
17
100
AcDbEntity
  8
K-OSIE
100
AcDbText
 10
-3.920727344992051
 20
2.7875
 30
0.0
 40
0.17500000000000002
  1
2
  7
PL_ARIAL
 11
-3.920727344992051
 21
2.7875
 31
0.0
100
AcDbText
  0
TEXT
  5
49E
330
17
100
AcDbEntity
  8
K-OSIE
100
AcDbText
 10
13.22927265500795
 20
2.7875
 30
0.0
 40
0.17500000000000002
  1
2
  7
PL_ARIAL
 11
13.22927265500795
 21
2.7875
 31
0.0
100
AcDbText
  0
TEXT
  5
49F
330
17
100
AcDbEntity
  8
K-OSIE
100
AcDbText
 10
-3.941852146263911
 20
3.6625
 30
0.0
 40
0.17500000000000002
  1
H
  7
PL_ARIAL
 11
-3.941852146263911
 21
3.6625
 31
0.0
100
AcDbText
  0
TEXT
  5
4A0
330
17
100
AcDbEntity
  8
K-OSIE
100
AcDbText
 10
13.20814785373609
 20
3.6625
 30
0.0
 40
0.17500000000000002
  1
H
  7
PL_ARIAL
 11
13.20814785373609
 21
3.6625
 31
0.0
100
AcDbText
  0
TEXT
  5
4A1
330
17
100
AcDbEntity
  8
K-OSIE
100
AcDbText
 10
-3.920727344992051
 20
5.0375
 30
0.0
 40
0.17500000000000002
  1
3
  7
PL_ARIAL
 11
-3.920727344992051
 21
5.0375
 31
0.0
100
AcDbText
  0
TEXT
  5
4A2
330
17
100
AcDbEntity
  8
K-OSIE
100
AcDbText
 10
13.22927265500795
 20
5.0375
 30
0.0
 40
0.17500000000000002
  1
3
  7
PL_ARIAL
 11
13.22927265500795
 21
5.0375
 31
0.0
100
AcDbText
  0
TEXT
  5
4A3
330
17
100
AcDbEntity
  8
K-OSIE
100
AcDbText
 10
-3.920727344992051
 20
8.6625
 30
0.0
 40
0.17500000000000002
  1
4
  7
PL_ARIAL
 11
-3.920727344992051
 21
8.6625
 31
0.0
100
AcDbText
  0
TEXT
  5
4A4
330
17
100
AcDbEntity
  8
K-OSIE
100
AcDbText
 10
13.22927265500795
 20
8.6625
 30
0.0
 40
0.17500000000000002
  1
4
  7
PL_ARIAL
 11
13.22927265500795
 21
8.6625
 31
0.0
100
AcDbText
  0
LWPOLYLINE
  5
4A5
330
17
100
AcDbEntity
  8
K-KONSTR
370
70
 48
0.05
100
AcDbPolyline
 90
8
 70
1
 10
-0.09
 20
-0.09
 10
12.09
 20
-0.09
 10
12.09
 20
5.425
 10
8.8
 20
5.425
 10
8.8
 20
8.84
 10
3.575
 20
8.84
 10
3.575
 20
5.425
 10
-0.09
 20
5.425
  0
LWPOLYLINE
  5
4A6
330
17
100
AcDbEntity
  8
K-KONSTR
370
70
 48
0.05
100
AcDbPolyline
 90
4
 70
1
 10
-1.1
 20
-0.3
 10
-0.09
 20
-0.3
 10
-0.09
 20
5.425
 10
-1.1
 20
5.425
  0
LWPOLYLINE
  5
4A7
330
17
100
AcDbEntity
  8
K-KONSTR
370
70
 48
0.05
100
AcDbPolyline
 90
4
 70
1
 10
-0.09
 20
5.425
 10
3.575
 20
5.425
 10
3.575
 20
8.84
 10
-0.09
 20
8.84
  0
LWPOLYLINE
  5
4A8
330
17
100
AcDbEntity
  8
K-KONSTR
370
70
 48
0.05
100
AcDbPolyline
 90
4
 70
1
 10
8.8
 20
5.425
 10
12.09
 20
5.425
 10
12.09
 20
8.84
 10
8.8
 20
8.84
  0
LWPOLYLINE
  5
4A9
330
17
100
AcDbEntity
  8
K-KONSTR
370
70
 48
0.05
100
AcDbPolyline
 90
8
 70
1
 10
-2.4
 20
-1.3
 10
12.6
 20
-1.3
 10
12.6
 20
5.425
 10
12.3
 20
5.425
 10
12.3
 20
-0.3
 10
-1.3
 20
-0.3
 10
-1.3
 20
5.425
 10
-2.4
 20
5.425
  0
LWPOLYLINE
  5
4AA
330
17
100
AcDbEntity
  8
K-KONSTR
  6
KRESKOWA
370
35
 48
0.05
100
AcDbPolyline
 90
4
 70
129
 10
11.37
 20
0.09
 10
11.37
 20
-0.09
 10
3.85
 20
-0.09
 10
3.85
 20
0.09
  0
LWPOLYLINE
  5
4AB
330
17
100
AcDbEntity
  8
K-KONSTR
  6
KRESKOWA
370
35
 48
0.05
100
AcDbPolyline
 90
4
 70
129
 10
-1.1
 20
5.125
 10
-0.9
 20
5.125
 10
-0.9
 20
0.0
 10
-1.1
 20
0.0
  0
LWPOLYLINE
  5
4AC
330
17
100
AcDbEntity
  8
K-KONSTR
  6
KRESKOWA
370
35
 48
0.05
100
AcDbPolyline
 90
4
 70
129
 10
3.875
 20
0.09
 10
3.875
 20
-0.09
 10
-1.0
 20
-0.09
 10
-1.0
 20
0.09
  0
LWPOLYLINE
  5
4AD
330
17
100
AcDbEntity
  8
K-KONSTR
  6
KRESKOWA
370
35
 48
0.05
100
AcDbPolyline
 90
4
 70
129
 10
3.875
 20
5.215
 10
3.875
 20
5.035
 10
-1.0
 20
5.035
 10
-1.0
 20
5.215
  0
LWPOLYLINE
  5
4AE
330
17
100
AcDbEntity
  8
K-KONSTR
  6
KRESKOWA
370
35
 48
0.05
100
AcDbPolyline
 90
4
 70
129
 10
8.5
 20
5.25
 10
8.5
 20
5.0
 10
5.875
 20
5.0
 10
5.875
 20
5.25
  0
LWPOLYLINE
  5
4AF
330
17
100
AcDbEntity
  8
K-KONSTR
  6
KRESKOWA
370
35
 48
0.05
100
AcDbPolyline
 90
4
 70
129
 10
0.09
 20
5.8
 10
-0.09
 20
5.8
 10
-0.09
 20
8.0
 10
0.09
 20
8.0
  0
LWPOLYLINE
  5
4B0
330
17
100
AcDbEntity
  8
K-KONSTR
  6
KRESKOWA
370
35
 48
0.05
100
AcDbPolyline
 90
4
 70
129
 10
0.09
 20
0.8
 10
-0.09
 20
0.8
 10
-0.09
 20
3.0
 10
0.09
 20
3.0
  0
LWPOLYLINE
  5
4B1
330
17
100
AcDbEntity
  8
K-ZBROJENIE
370
70
 48
0.05
100
AcDbPolyline
 90
2
 70
0
 10
-0.07
 20
3.3217592592592595
 10
12.06
 20
3.3217592592592595
  0
LWPOLYLINE
  5
4B2
330
17
100
AcDbEntity
  8
K-ZBROJENIE
370
70
 48
0.05
100
AcDbPolyline
 90
2
 70
0
 10
1.2258064516129032
 20
-0.07
 10
1.2258064516129032
 20
5.4
  0
LWPOLYLINE
  5
4B3
330
17
100
AcDbEntity
  8
K-ZBROJENIE
370
70
 48
0.05
100
AcDbPolyline
 90
2
 70
0
 10
9.870967741935484
 20
-0.07
 10
9.870967741935484
 20
5.4
  0
LWPOLYLINE
  5
4B4
330
17
100
AcDbEntity
  8
K-ZBROJENIE
370
70
 48
0.05
100
AcDbPolyline
 90
2
 70
0
 10
3.6774193548387095
 20
-0.07
 10
3.6774193548387095
 20
5.72
  0
LWPOLYLINE
  5
4B5
330
17
100
AcDbEntity
  8
K-ZBROJENIE
370
70
 48
0.05
100
AcDbPolyline
 90
2
 70
0
 10
8.580645161290322
 20
-0.07
 10
8.580645161290322
 20
5.72
  0
LWPOLYLINE
  5
4B6
330
17
100
AcDbEntity
  8
K-ZBROJENIE
370
70
 48
0.05
100
AcDbPolyline
 90
2
 70
0
 10
5.483870967741935
 20
-0.07
 10
5.483870967741935
 20
5.22
  0
LWPOLYLINE
  5
4B7
330
17
100
AcDbEntity
  8
K-ZBROJENIE
370
70
 48
0.05
100
AcDbPolyline
 90
2
 70
0
 10
3.27
 20
5.215625
 10
5.97
 20
5.215625
  0
LWPOLYLINE
  5
4B8
330
17
100
AcDbEntity
  8
K-ZBROJENIE
370
70
 48
0.05
100
AcDbPolyline
 90
2
 70
0
 10
3.6
 20
6.665625
 10
5.97
 20
6.665625
  0
LWPOLYLINE
  5
4B9
330
17
100
AcDbEntity
  8
K-ZBROJENIE
370
70
 48
0.05
100
AcDbPolyline
 90
2
 70
0
 10
5.175
 20
5.03
 10
5.175
 20
8.81
  0
LWPOLYLINE
  5
4BA
330
17
100
AcDbEntity
  8
K-ZBROJENIE
370
70
 48
0.05
100
AcDbPolyline
 90
2
 70
0
 10
5.78
 20
5.396875
 10
9.1
 20
5.396875
  0
LWPOLYLINE
  5
4BB
330
17
100
AcDbEntity
  8
K-ZBROJENIE
370
70
 48
0.05
100
AcDbPolyline
 90
2
 70
0
 10
5.78
 20
7.571875
 10
8.78
 20
7.571875
  0
LWPOLYLINE
  5
4BC
330
17
100
AcDbEntity
  8
K-ZBROJENIE
370
70
 48
0.05
100
AcDbPolyline
 90
2
 70
0
 10
6.71875
 20
5.03
 10
6.71875
 20
8.81
  0
LWPOLYLINE
  5
4BD
330
17
100
AcDbEntity
  8
K-ZBROJENIE
370
70
 48
0.05
100
AcDbPolyline
 90
2
 70
0
 10
-1.08
 20
1.71125
 10
-0.11
 20
1.71125
  0
LWPOLYLINE
  5
4BE
330
17
100
AcDbEntity
  8
K-ZBROJENIE
370
70
 48
0.05
100
AcDbPolyline
 90
2
 70
0
 10
-0.5150000000000001
 20
-0.27
 10
-0.5150000000000001
 20
5.4
  0
LWPOLYLINE
  5
4BF
330
17
100
AcDbEntity
  8
K-ZBROJENIE
370
70
 48
0.05
100
AcDbPolyline
 90
2
 70
0
 10
-0.07
 20
7.558333333333334
 10
3.55
 20
7.558333333333334
  0
LWPOLYLINE
  5
4C0
330
17
100
AcDbEntity
  8
K-ZBROJENIE
370
70
 48
0.05
100
AcDbPolyline
 90
2
 70
0
 10
1.2819444444444446
 20
5.45
 10
1.2819444444444446
 20
8.81
  0
LWPOLYLINE
  5
4C1
330
17
100
AcDbEntity
  8
K-ZBROJENIE
370
70
 48
0.05
100
AcDbPolyline
 90
2
 70
0
 10
8.83
 20
6.641666666666667
 10
12.06
 20
6.641666666666667
  0
LWPOLYLINE
  5
4C2
330
17
100
AcDbEntity
  8
K-ZBROJENIE
370
70
 48
0.05
100
AcDbPolyline
 90
2
 70
0
 10
10.908593750000001
 20
5.45
 10
10.908593750000001
 20
8.81
  0
LWPOLYLINE
  5
4C3
330
17
100
AcDbEntity
  8
K-ZBROJENIE
370
70
 48
0.05
100
AcDbPolyline
 90
2
 70
0
 10
-2.36
 20
-0.9713970588235296
 10
12.56
 20
-0.9713970588235296
  0
LWPOLYLINE
  5
4C4
330
17
100
AcDbEntity
  8
K-ZBROJENIE
370
70
 48
0.05
100
AcDbPolyline
 90
2
 70
0
 10
-2.36
 20
1.768897058823529
 10
-1.33
 20
1.768897058823529
  0
LWPOLYLINE
  5
4C5
330
17
100
AcDbEntity
  8
K-ZBROJENIE
370
70
 48
0.05
100
AcDbPolyline
 90
2
 70
0
 10
-1.6866527777777776
 20
-1.27
 10
-1.6866527777777776
 20
5.39
  0
LWPOLYLINE
  5
4C6
330
17
100
AcDbEntity
  8
K-ZBROJENIE
370
70
 48
0.05
100
AcDbPolyline
 90
2
 70
0
 10
7.3313749999999995
 20
-1.27
 10
7.3313749999999995
 20
-0.33
  0
LWPOLYLINE
  5
4C7
330
17
100
AcDbEntity
  8
K-ZBROJENIE
370
35
 48
0.05
100
AcDbPolyline
 90
2
 70
0
 10
5.32
 20
8.55
 10
6.03
 20
8.55
  0
LWPOLYLINE
  5
4C8
330
17
100
AcDbEntity
  8
K-ZBROJENIE
370
35
 48
0.05
100
AcDbPolyline
 90
2
 70
0
 10
5.675
 20
8.2
 10
5.675
 20
8.81
  0
LWPOLYLINE
  5
4C9
330
17
100
AcDbEntity
  8
K-ZBROJENIE
370
35
 48
0.05
100
AcDbPolyline
 90
2
 70
0
 10
3.73
 20
8.55
 10
4.43
 20
8.55
  0
LWPOLYLINE
  5
4CA
330
17
100
AcDbEntity
  8
K-ZBROJENIE
370
35
 48
0.05
100
AcDbPolyline
 90
2
 70
0
 10
4.075
 20
8.2
 10
4.075
 20
8.81
  0
LWPOLYLINE
  5
4CB
330
17
100
AcDbEntity
  8
K-ZBROJENIE
370
35
 48
0.05
100
AcDbPolyline
 90
2
 70
0
 10
7.81
 20
8.553125
 10
8.66
 20
8.553125
  0
LWPOLYLINE
  5
4CC
330
17
100
AcDbEntity
  8
K-ZBROJENIE
370
35
 48
0.05
100
AcDbPolyline
 90
2
 70
0
 10
8.303125
 20
8.06
 10
8.303125
 20
8.81
  0
LWPOLYLINE
  5
4CD
330
17
100
AcDbEntity
  8
K-ZBROJENIE
370
35
 48
0.05
100
AcDbPolyline
 90
2
 70
0
 10
5.71
 20
8.553125
 10
6.56
 20
8.553125
  0
LWPOLYLINE
  5
4CE
330
17
100
AcDbEntity
  8
K-ZBROJENIE
370
35
 48
0.05
100
AcDbPolyline
 90
2
 70
0
 10
6.203125
 20
8.06
 10
6.203125
 20
8.81
  0
LWPOLYLINE
  5
4CF
330
17
100
AcDbEntity
  8
K-ZBROJENIE
370
35
 48
0.05
100
AcDbPolyline
 90
2
 70
0
 10
3.0
 20
8.447916666666666
 10
3.55
 20
8.447916666666666
  0
LWPOLYLINE
  5
4D0
330
17
100
AcDbEntity
  8
K-ZBROJENIE
370
35
 48
0.05
100
AcDbPolyline
 90
2
 70
0
 10
3.415625
 20
7.88
 10
3.415625
 20
8.81
  0
LWPOLYLINE
  5
4D1
330
17
100
AcDbEntity
  8
K-ZBROJENIE
370
35
 48
0.05
100
AcDbPolyline
 90
2
 70
0
 10
-0.07
 20
8.447916666666666
 10
0.88
 20
8.447916666666666
  0
LWPOLYLINE
  5
4D2
330
17
100
AcDbEntity
  8
K-ZBROJENIE
370
35
 48
0.05
100
AcDbPolyline
 90
2
 70
0
 10
0.4229166666666667
 20
7.88
 10
0.4229166666666667
 20
8.81
  0
LWPOLYLINE
  5
4D3
330
17
100
AcDbEntity
  8
K-ZBROJENIE
370
35
 48
0.05
100
AcDbPolyline
 90
2
 70
0
 10
11.15
 20
5.725
 10
12.06
 20
5.725
  0
LWPOLYLINE
  5
4D4
330
17
100
AcDbEntity
  8
K-ZBROJENIE
370
35
 48
0.05
100
AcDbPolyline
 90
2
 70
0
 10
11.7375
 20
5.45
 10
11.7375
 20
5.98
  0
LWPOLYLINE
  5
4D5
330
17
100
AcDbEntity
  8
K-ZBROJENIE
370
35
 48
0.05
100
AcDbPolyline
 90
2
 70
0
 10
11.15
 20
8.4875
 10
12.06
 20
8.4875
  0
LWPOLYLINE
  5
4D6
330
17
100
AcDbEntity
  8
K-ZBROJENIE
370
35
 48
0.05
100
AcDbPolyline
 90
2
 70
0
 10
11.7375
 20
7.9
 10
11.7375
 20
8.81
  0
LWPOLYLINE
  5
4D7
330
17
100
AcDbEntity
  8
K-ZBROJENIE
370
35
 48
0.05
100
AcDbPolyline
 90
2
 70
0
 10
8.83
 20
8.4875
 10
9.35
 20
8.4875
  0
LWPOLYLINE
  5
4D8
330
17
100
AcDbEntity
  8
K-ZBROJENIE
370
35
 48
0.05
100
AcDbPolyline
 90
2
 70
0
 10
9.1
 20
7.9
 10
9.1
 20
8.81
  0
LWPOLYLINE
  5
4D9
330
17
100
AcDbEntity
  8
K-WYMIARY
370
35
 48
0.05
100
AcDbPolyline
 90
2
 70
0
 10
-1.1
 20
-1.8
 10
12.1
 20
-1.8
  0
LWPOLYLINE
  5
4DA
330
17
100
AcDbEntity
  8
K-WYMIARY
370
35
 48
0.05
100
AcDbPolyline
 90
2
 70
0
 10
-1.0
 20
-1.7
 10
-1.0
 20
-1.9000000000000001
  0
LWPOLYLINE
  5
4DB
330
17
100
AcDbEntity
  8
K-WYMIARY
370
35
 48
0.05
100
AcDbPolyline
 90
2
 70
0
 10
-1.0530330085889912
 20
-1.8530330085889912
 10
-0.9469669914110089
 20
-1.7469669914110089
  0
LWPOLYLINE
  5
4DC
330
17
100
AcDbEntity
  8
K-WYMIARY
370
35
 48
0.05
100
AcDbPolyline
 90
2
 70
0
 10
0.0
 20
-1.7
 10
0.0
 20
-1.9000000000000001
  0
LWPOLYLINE
  5
4DD
330
17
100
AcDbEntity
  8
K-WYMIARY
370
35
 48
0.05
100
AcDbPolyline
 90
2
 70
0
 10
-0.05303300858899108
 20
-1.8530330085889912
 10
0.05303300858899108
 20
-1.7469669914110089
  0
LWPOLYLINE
  5
4DE
330
17
100
AcDbEntity
  8
K-WYMIARY
370
35
 48
0.05
100
AcDbPolyline
 90
2
 70
0
 10
3.875
 20
-1.7
 10
3.875
 20
-1.9000000000000001
  0
LWPOLYLINE
  5
4DF
330
17
100
AcDbEntity
  8
K-WYMIARY
370
35
 48
0.05
100
AcDbPolyline
 90
2
 70
0
 10
3.821966991411009
 20
-1.8530330085889912
 10
3.928033008588991
 20
-1.7469669914110089
  0
LWPOLYLINE
  5
4E0
330
17
100
AcDbEntity
  8
K-WYMIARY
370
35
 48
0.05
100
AcDbPolyline
 90
2
 70
0
 10
5.875
 20
-1.7
 10
5.875
 20
-1.9000000000000001
  0
LWPOLYLINE
  5
4E1
330
17
100
AcDbEntity
  8
K-WYMIARY
370
35
 48
0.05
100
AcDbPolyline
 90
2
 70
0
 10
5.821966991411009
 20
-1.8530330085889912
 10
5.928033008588991
 20
-1.7469669914110089
  0
LWPOLYLINE
  5
4E2
330
17
100
AcDbEntity
  8
K-WYMIARY
370
35
 48
0.05
100
AcDbPolyline
 90
2
 70
0
 10
7.19
 20
-1.7
 10
7.19
 20
-1.9000000000000001
  0
LWPOLYLINE
  5
4E3
330
17
100
AcDbEntity
  8
K-WYMIARY
370
35
 48
0.05
100
AcDbPolyline
 90
2
 70
0
 10
7.136966991411009
 20
-1.8530330085889912
 10
7.243033008588991
 20
-1.7469669914110089
  0
LWPOLYLINE
  5
4E4
330
17
100
AcDbEntity
  8
K-WYMIARY
370
35
 48
0.05
100
AcDbPolyline
 90
2
 70
0
 10
8.5
 20
-1.7
 10
8.5
 20
-1.9000000000000001
  0
LWPOLYLINE
  5
4E5
330
17
100
AcDbEntity
  8
K-WYMIARY
370
35
 48
0.05
100
AcDbPolyline
 90
2
 70
0
 10
8.446966991411008
 20
-1.8530330085889912
 10
8.553033008588992
 20
-1.7469669914110089
  0
LWPOLYLINE
  5
4E6
330
17
100
AcDbEntity
  8
K-WYMIARY
370
35
 48
0.05
100
AcDbPolyline
 90
2
 70
0
 10
9.875
 20
-1.7
 10
9.875
 20
-1.9000000000000001
  0
LWPOLYLINE
  5
4E7
330
17
100
AcDbEntity
  8
K-WYMIARY
370
35
 48
0.05
100
AcDbPolyline
 90
2
 70
0
 10
9.821966991411008
 20
-1.8530330085889912
 10
9.928033008588992
 20
-1.7469669914110089
  0
LWPOLYLINE
  5
4E8
330
17
100
AcDbEntity
  8
K-WYMIARY
370
35
 48
0.05
100
AcDbPolyline
 90
2
 70
0
 10
12.0
 20
-1.7
 10
12.0
 20
-1.9000000000000001
  0
LWPOLYLINE
  5
4E9
330
17
100
AcDbEntity
  8
K-WYMIARY
370
35
 48
0.05
100
AcDbPolyline
 90
2
 70
0
 10
11.946966991411008
 20
-1.8530330085889912
 10
12.053033008588992
 20
-1.7469669914110089
  0
LWPOLYLINE
  5
4EA
330
17
100
AcDbEntity
  8
K-WYMIARY
370
35
 48
0.05
100
AcDbPolyline
 90
2
 70
0
 10
-2.5
 20
-2.1500000000000004
 10
12.7
 20
-2.1500000000000004
  0
LWPOLYLINE
  5
4EB
330
17
100
AcDbEntity
  8
K-WYMIARY
370
35
 48
0.05
100
AcDbPolyline
 90
2
 70
0
 10
-2.4
 20
-2.0500000000000003
 10
-2.4
 20
-2.2500000000000004
  0
LWPOLYLINE
  5
4EC
330
17
100
AcDbEntity
  8
K-WYMIARY
370
35
 48
0.05
100
AcDbPolyline
 90
2
 70
0
 10
-2.453033008588991
 20
-2.2030330085889913
 10
-2.346966991411009
 20
-2.0969669914110094
  0
LWPOLYLINE
  5
4ED
330
17
100
AcDbEntity
  8
K-WYMIARY
370
35
 48
0.05
100
AcDbPolyline
 90
2
 70
0
 10
12.6
 20
-2.0500000000000003
 10
12.6
 20
-2.2500000000000004
  0
LWPOLYLINE
  5
4EE
330
17
100
AcDbEntity
  8
K-WYMIARY
370
35
 48
0.05
100
AcDbPolyline
 90
2
 70
0
 10
12.546966991411008
 20
-2.2030330085889913
 10
12.653033008588991
 20
-2.0969669914110094
  0
LWPOLYLINE
  5
4EF
330
17
100
AcDbEntity
  8
K-WYMIARY
370
35
 48
0.05
100
AcDbPolyline
 90
2
 70
0
 10
-2.9
 20
-0.1
 10
-2.9
 20
8.85
  0
LWPOLYLINE
  5
4F0
330
17
100
AcDbEntity
  8
K-WYMIARY
370
35
 48
0.05
100
AcDbPolyline
 90
2
 70
0
 10
-2.8
 20
0.0
 10
-3.0
 20
0.0
  0
LWPOLYLINE
  5
4F1
330
17
100
AcDbEntity
  8
K-WYMIARY
370
35
 48
0.05
100
AcDbPolyline
 90
2
 70
0
 10
-2.846966991411009
 20
-0.05303300858899108
 10
-2.953033008588991
 20
0.05303300858899108
  0
LWPOLYLINE
  5
4F2
330
17
100
AcDbEntity
  8
K-WYMIARY
370
35
 48
0.05
100
AcDbPolyline
 90
2
 70
0
 10
-2.8
 20
2.875
 10
-3.0
 20
2.875
  0
LWPOLYLINE
  5
4F3
330
17
100
AcDbEntity
  8
K-WYMIARY
370
35
 48
0.05
100
AcDbPolyline
 90
2
 70
0
 10
-2.846966991411009
 20
2.821966991411009
 10
-2.953033008588991
 20
2.928033008588991
  0
LWPOLYLINE
  5
4F4
330
17
100
AcDbEntity
  8
K-WYMIARY
370
35
 48
0.05
100
AcDbPolyline
 90
2
 70
0
 10
-2.8
 20
3.75
 10
-3.0
 20
3.75
  0
LWPOLYLINE
  5
4F5
330
17
100
AcDbEntity
  8
K-WYMIARY
370
35
 48
0.05
100
AcDbPolyline
 90
2
 70
0
 10
-2.846966991411009
 20
3.696966991411009
 10
-2.953033008588991
 20
3.803033008588991
  0
LWPOLYLINE
  5
4F6
330
17
100
AcDbEntity
  8
K-WYMIARY
370
35
 48
0.05
100
AcDbPolyline
 90
2
 70
0
 10
-2.8
 20
5.125
 10
-3.0
 20
5.125
  0
LWPOLYLINE
  5
4F7
330
17
100
AcDbEntity
  8
K-WYMIARY
370
35
 48
0.05
100
AcDbPolyline
 90
2
 70
0
 10
-2.846966991411009
 20
5.071966991411009
 10
-2.953033008588991
 20
5.178033008588991
  0
LWPOLYLINE
  5
4F8
330
17
100
AcDbEntity
  8
K-WYMIARY
370
35
 48
0.05
100
AcDbPolyline
 90
2
 70
0
 10
-2.8
 20
8.75
 10
-3.0
 20
8.75
  0
LWPOLYLINE
  5
4F9
330
17
100
AcDbEntity
  8
K-WYMIARY
370
35
 48
0.05
100
AcDbPolyline
 90
2
 70
0
 10
-2.846966991411009
 20
8.696966991411008
 10
-2.953033008588991
 20
8.803033008588992
  0
LWPOLYLINE
  5
4FA
330
17
100
AcDbEntity
  8
K-WYMIARY
370
35
 48
0.05
100
AcDbPolyline
 90
2
 70
0
 10
-3.25
 20
-1.4000000000000001
 10
-3.25
 20
8.94
  0
LWPOLYLINE
  5
4FB
330
17
100
AcDbEntity
  8
K-WYMIARY
370
35
 48
0.05
100
AcDbPolyline
 90
2
 70
0
 10
-3.15
 20
-1.3
 10
-3.35
 20
-1.3
  0
LWPOLYLINE
  5
4FC
330
17
100
AcDbEntity
  8
K-WYMIARY
370
35
 48
0.05
100
AcDbPolyline
 90
2
 70
0
 10
-3.196966991411009
 20
-1.3530330085889912
 10
-3.303033008588991
 20
-1.2469669914110089
  0
LWPOLYLINE
  5
4FD
330
17
100
AcDbEntity
  8
K-WYMIARY
370
35
 48
0.05
100
AcDbPolyline
 90
2
 70
0
 10
-3.15
 20
8.84
 10
-3.35
 20
8.84
  0
LWPOLYLINE
  5
4FE
330
17
100
AcDbEntity
  8
K-WYMIARY
370
35
 48
0.05
100
AcDbPolyline
 90
2
 70
0
 10
-3.196966991411009
 20
8.786966991411008
 10
-3.303033008588991
 20
8.893033008588992
  0
HATCH
  5
4FF
330
17
100
AcDbEntity
  8
K-ZBROJENIE-OPIS
 62
7
420
0
100
AcDbHatch
 10
0.0
 20
0.0
 30
0.0
210
0.0
220
0.0
230
1.0
  2
SOLID
 70
1
 71
0
 91
1
 92
3
 72
0
 73
1
 93
24
 10
3.6999193548387095
 20
1.7827999999999997
 10
3.6991526859302137
 20
1.7886234285148064
 10
3.6969049264238594
 20
1.7940499999999997
 10
3.6933292574154066
 20
1.798709902576697
 10
3.6886693548387095
 20
1.8022855715851496
 10
3.683242783353516
 20
1.8045333310915037
 10
3.6774193548387095
 20
1.8052999999999997
 10
3.671595926323903
 20
1.8045333310915037
 10
3.6661693548387095
 20
1.8022855715851496
 10
3.6615094522620124
 20
1.798709902576697
 10
3.6579337832535597
 20
1.7940499999999997
 10
3.6556860237472053
 20
1.7886234285148064
 10
3.6549193548387096
 20
1.7827999999999997
 10
3.6556860237472053
 20
1.776976571485193
 10
3.6579337832535597
 20
1.7715499999999997
 10
3.6615094522620124
 20
1.7668900974233024
 10
3.6661693548387095
 20
1.7633144284148499
 10
3.671595926323903
 20
1.7610666689084957
 10
3.6774193548387095
 20
1.7602999999999998
 10
3.683242783353516
 20
1.7610666689084957
 10
3.6886693548387095
 20
1.7633144284148499
 10
3.6933292574154066
 20
1.7668900974233024
 10
3.6969049264238594
 20
1.7715499999999997
 10
3.6991526859302137
 20
1.776976571485193
 97
0
 75
0
 76
1
 98
0
  0
HATCH
  5
500
330
17
100
AcDbEntity
  8
K-ZBROJENIE-OPIS
 62
7
420
0
100
AcDbHatch
 10
0.0
 20
0.0
 30
0.0
210
0.0
220
0.0
230
1.0
  2
SOLID
 70
1
 71
0
 91
1
 92
3
 72
0
 73
1
 93
24
 10
1.3044444444444445
 20
6.525200000000001
 10
1.3036777755359485
 20
6.531023428514808
 10
1.3014300160295944
 20
6.536450000000001
 10
1.2978543470211419
 20
6.541109902576698
 10
1.2931944444444445
 20
6.544685571585151
 10
1.2877678729592512
 20
6.5469333310915045
 10
1.2819444444444446
 20
6.547700000000001
 10
1.276121015929638
 20
6.5469333310915045
 10
1.2706944444444446
 20
6.544685571585151
 10
1.2660345418677472
 20
6.541109902576698
 10
1.2624588728592947
 20
6.536450000000001
 10
1.2602111133529406
 20
6.531023428514808
 10
1.2594444444444446
 20
6.525200000000001
 10
1.2602111133529406
 20
6.519376571485194
 10
1.2624588728592947
 20
6.51395
 10
1.2660345418677472
 20
6.509290097423303
 10
1.2706944444444446
 20
6.5057144284148505
 10
1.276121015929638
 20
6.503466668908497
 10
1.2819444444444446
 20
6.502700000000001
 10
1.2877678729592512
 20
6.503466668908497
 10
1.2931944444444445
 20
6.5057144284148505
 10
1.2978543470211419
 20
6.509290097423303
 10
1.3014300160295944
 20
6.51395
 10
1.3036777755359485
 20
6.519376571485194
 97
0
 75
0
 76
1
 98
0
  0
HATCH
  5
501
330
17
100
AcDbEntity
  8
K-ZBROJENIE-OPIS
 62
7
420
0
100
AcDbHatch
 10
0.0
 20
0.0
 30
0.0
210
0.0
220
0.0
230
1.0
  2
SOLID
 70
1
 71
0
 91
1
 92
3
 72
0
 73
1
 93
24
 10
7.4624999999999995
 20
5.396875
 10
7.461733331091503
 20
5.402698428514807
 10
7.45948557158515
 20
5.408125
 10
7.455909902576697
 20
5.412784902576697
 10
7.45125
 20
5.41636057158515
 10
7.445823428514807
 20
5.418608331091503
 10
7.4399999999999995
 20
5.419375
 10
7.434176571485192
 20
5.418608331091503
 10
7.428749999999999
 20
5.41636057158515
 10
7.424090097423302
 20
5.412784902576697
 10
7.420514428414849
 20
5.408125
 10
7.418266668908496
 20
5.402698428514807
 10
7.4174999999999995
 20
5.396875
 10
7.418266668908496
 20
5.3910515714851925
 10
7.420514428414849
 20
5.385624999999999
 10
7.424090097423302
 20
5.380965097423302
 10
7.428749999999999
 20
5.377389428414849
 10
7.434176571485192
 20
5.375141668908496
 10
7.4399999999999995
 20
5.374375
 10
7.445823428514807
 20
5.375141668908496
 10
7.45125
 20
5.377389428414849
 10
7.455909902576697
 20
5.380965097423302
 10
7.45948557158515
 20
5.385624999999999
 10
7.461733331091503
 20
5.3910515714851925
 97
0
 75
0
 76
1
 98
0
  0
HATCH
  5
502
330
17
100
AcDbEntity
  8
K-ZBROJENIE-OPIS
 62
7
420
0
100
AcDbHatch
 10
0.0
 20
0.0
 30
0.0
210
0.0
220
0.0
230
1.0
  2
SOLID
 70
1
 71
0
 91
1
 92
3
 72
0
 73
1
 93
24
 10
4.6425
 20
5.215625
 10
4.641733331091504
 20
5.221448428514807
 10
4.63948557158515
 20
5.226875000000001
 10
4.635909902576698
 20
5.231534902576698
 10
4.6312500000000005
 20
5.2351105715851505
 10
4.625823428514807
 20
5.237358331091504
 10
4.62
 20
5.238125
 10
4.614176571485193
 20
5.237358331091504
 10
4.60875
 20
5.2351105715851505
 10
4.6040900974233026
 20
5.231534902576698
 10
4.60051442841485
 20
5.226875000000001
 10
4.598266668908496
 20
5.221448428514807
 10
4.5975
 20
5.215625
 10
4.598266668908496
 20
5.209801571485193
 10
4.60051442841485
 20
5.204375
 10
4.6040900974233026
 20
5.199715097423303
 10
4.60875
 20
5.19613942841485
 10
4.614176571485193
 20
5.193891668908496
 10
4.62
 20
5.193125
 10
4.625823428514807
 20
5.193891668908496
 10
4.6312500000000005
 20
5.19613942841485
 10
4.635909902576698
 20
5.199715097423303
 10
4.63948557158515
 20
5.204375
 10
4.641733331091504
 20
5.209801571485193
 97
0
 75
0
 76
1
 98
0
  0
HATCH
  5
503
330
17
100
AcDbEntity
  8
K-ZBROJENIE-OPIS
 62
7
420
0
100
AcDbHatch
 10
0.0
 20
0.0
 30
0.0
210
0.0
220
0.0
230
1.0
  2
SOLID
 70
1
 71
0
 91
1
 92
3
 72
0
 73
1
 93
24
 10
-2.1521
 20
1.768897058823529
 10
-2.1528666689084957
 20
1.7747204873383358
 10
-2.15511442841485
 20
1.780147058823529
 10
-2.1586900974233028
 20
1.7848069614002264
 10
-2.16335
 20
1.788382630408679
 10
-2.168776571485193
 20
1.790630389915033
 10
-2.1746
 20
1.791397058823529
 10
-2.1804234285148065
 20
1.790630389915033
 10
-2.18585
 20
1.788382630408679
 10
-2.190509902576697
 20
1.7848069614002264
 10
-2.1940855715851497
 20
1.780147058823529
 10
-2.196333331091504
 20
1.7747204873383358
 10
-2.1971
 20
1.768897058823529
 10
-2.196333331091504
 20
1.7630736303087224
 10
-2.1940855715851497
 20
1.7576470588235291
 10
-2.190509902576697
 20
1.7529871562468318
 10
-2.18585
 20
1.7494114872383792
 10
-2.1804234285148065
 20
1.747163727732025
 10
-2.1746
 20
1.7463970588235291
 10
-2.168776571485193
 20
1.747163727732025
 10
-2.16335
 20
1.7494114872383792
 10
-2.1586900974233028
 20
1.7529871562468318
 10
-2.15511442841485
 20
1.7576470588235291
 10
-2.1528666689084957
 20
1.7630736303087224
 97
0
 75
0
 76
1
 98
0
  0
HATCH
  5
504
330
17
100
AcDbEntity
  8
A-OPISY
 62
7
420
0
100
AcDbHatch
 10
0.0
 20
0.0
 30
0.0
210
0.0
220
0.0
230
1.0
  2
SOLID
 70
1
 71
0
 91
1
 92
3
 72
0
 73
1
 93
24
 10
6.200917968750001
 20
3.292597656250001
 10
6.2001512998415045
 20
3.2984210847648074
 10
6.197903540335151
 20
3.3038476562500008
 10
6.194327871326698
 20
3.308507558826698
 10
6.189667968750001
 20
3.3120832278351506
 10
6.184241397264808
 20
3.314330987341505
 10
6.178417968750001
 20
3.3150976562500007
 10
6.172594540235194
 20
3.314330987341505
 10
6.16716796875
 20
3.3120832278351506
 10
6.162508066173303
 20
3.308507558826698
 10
6.15893239716485
 20
3.3038476562500008
 10
6.156684637658497
 20
3.2984210847648074
 10
6.155917968750001
 20
3.292597656250001
 10
6.156684637658497
 20
3.286774227735194
 10
6.15893239716485
 20
3.281347656250001
 10
6.162508066173303
 20
3.2766877536733037
 10
6.16716796875
 20
3.273112084664851
 10
6.172594540235194
 20
3.2708643251584966
 10
6.178417968750001
 20
3.270097656250001
 10
6.184241397264808
 20
3.2708643251584966
 10
6.189667968750001
 20
3.273112084664851
 10
6.194327871326698
 20
3.2766877536733037
 10
6.197903540335151
 20
3.281347656250001
 10
6.2001512998415045
 20
3.286774227735194
 97
0
 75
0
 76
1
 98
0
  0
HATCH
  5
505
330
17
100
AcDbEntity
  8
A-OPISY
 62
7
420
0
100
AcDbHatch
 10
0.0
 20
0.0
 30
0.0
210
0.0
220
0.0
230
1.0
  2
SOLID
 70
1
 71
0
 91
1
 92
3
 72
0
 73
1
 93
24
 10
-0.5725000000000001
 20
2.5625
 10
-0.5732666689084961
 20
2.5683234285148067
 10
-0.5755144284148502
 20
2.57375
 10
-0.5790900974233028
 20
2.578409902576697
 10
-0.5837500000000001
 20
2.58198557158515
 10
-0.5891765714851933
 20
2.584233331091504
 10
-0.5950000000000001
 20
2.585
 10
-0.6008234285148067
 20
2.584233331091504
 10
-0.6062500000000001
 20
2.58198557158515
 10
-0.6109099025766974
 20
2.578409902576697
 10
-0.6144855715851499
 20
2.57375
 10
-0.6167333310915041
 20
2.5683234285148067
 10
-0.6175
 20
2.5625
 10
-0.6167333310915041
 20
2.5566765714851933
 10
-0.6144855715851499
 20
2.55125
 10
-0.6109099025766974
 20
2.546590097423303
 10
-0.6062500000000001
 20
2.54301442841485
 10
-0.6008234285148069
 20
2.540766668908496
 10
-0.5950000000000001
 20
2.54
 10
-0.5891765714851934
 20
2.540766668908496
 10
-0.5837500000000001
 20
2.54301442841485
 10
-0.5790900974233028
 20
2.546590097423303
 10
-0.5755144284148502
 20
2.55125
 10
-0.5732666689084961
 20
2.5566765714851933
 97
0
 75
0
 76
1
 98
0
  0
HATCH
  5
506
330
17
100
AcDbEntity
  8
A-OPISY
 62
7
420
0
100
AcDbHatch
 10
0.0
 20
0.0
 30
0.0
210
0.0
220
0.0
230
1.0
  2
SOLID
 70
1
 71
0
 91
1
 92
3
 72
0
 73
1
 93
24
 10
10.467500000000001
 20
7.1325
 10
10.466733331091504
 20
7.138323428514807
 10
10.46448557158515
 20
7.143750000000001
 10
10.460909902576697
 20
7.148409902576698
 10
10.45625
 20
7.151985571585151
 10
10.450823428514807
 20
7.154233331091504
 10
10.445
 20
7.155
 10
10.439176571485193
 20
7.154233331091504
 10
10.43375
 20
7.151985571585151
 10
10.429090097423304
 20
7.148409902576698
 10
10.42551442841485
 20
7.143750000000001
 10
10.423266668908497
 20
7.138323428514807
 10
10.4225
 20
7.1325
 10
10.423266668908497
 20
7.126676571485193
 10
10.42551442841485
 20
7.12125
 10
10.429090097423304
 20
7.116590097423303
 10
10.43375
 20
7.11301442841485
 10
10.439176571485193
 20
7.1107666689084965
 10
10.445
 20
7.11
 10
10.450823428514807
 20
7.1107666689084965
 10
10.45625
 20
7.11301442841485
 10
10.460909902576697
 20
7.116590097423303
 10
10.46448557158515
 20
7.12125
 10
10.466733331091504
 20
7.126676571485193
 97
0
 75
0
 76
1
 98
0
  0
LWPOLYLINE
  5
507
330
17
100
AcDbEntity
  8
K-ZBROJENIE-OPIS
370
35
 48
0.05
100
AcDbPolyline
 90
2
 70
0
 10
5.995
 20
0.09490740740740741
 10
5.995
 20
5.030092592592593
  0
LWPOLYLINE
  5
508
330
17
100
AcDbEntity
  8
K-ZBROJENIE-OPIS
370
35
 48
0.05
100
AcDbPolyline
 90
2
 70
0
 10
6.0338908729652605
 20
0.0560165344421473
 10
5.95610912703474
 20
0.13379828037266753
  0
LWPOLYLINE
  5
509
330
17
100
AcDbEntity
  8
K-ZBROJENIE-OPIS
370
35
 48
0.05
100
AcDbPolyline
 90
2
 70
0
 10
6.0338908729652605
 20
4.991201719627332
 10
5.95610912703474
 20
5.068983465557853
  0
CIRCLE
  5
50A
330
17
100
AcDbEntity
  8
K-ZBROJENIE-OPIS
370
35
 48
0.05
100
AcDbCircle
 10
5.995
 20
3.3217592592592595
 30
0.0
 40
0.034999999999999996
  0
LWPOLYLINE
  5
50B
330
17
100
AcDbEntity
  8
K-ZBROJENIE-OPIS
370
35
 48
0.05
100
AcDbPolyline
 90
2
 70
0
 10
0.06451612903225806
 20
3.6496
 10
3.5483870967741935
 20
3.6496
  0
LWPOLYLINE
  5
50C
330
17
100
AcDbEntity
  8
K-ZBROJENIE-OPIS
370
35
 48
0.05
100
AcDbPolyline
 90
2
 70
0
 10
0.025625256066997948
 20
3.61070912703474
 10
0.10340700199751818
 20
3.68849087296526
  0
LWPOLYLINE
  5
50D
330
17
100
AcDbEntity
  8
K-ZBROJENIE-OPIS
370
35
 48
0.05
100
AcDbPolyline
 90
2
 70
0
 10
3.5094962238089336
 20
3.61070912703474
 10
3.5872779697394535
 20
3.68849087296526
  0
CIRCLE
  5
50E
330
17
100
AcDbEntity
  8
K-ZBROJENIE-OPIS
370
35
 48
0.05
100
AcDbCircle
 10
1.2258064516129032
 20
3.6496
 30
0.0
 40
0.034999999999999996
  0
LWPOLYLINE
  5
50F
330
17
100
AcDbEntity
  8
K-ZBROJENIE-OPIS
370
35
 48
0.05
100
AcDbPolyline
 90
2
 70
0
 10
8.838709677419354
 20
3.6496
 10
11.935483870967742
 20
3.6496
  0
LWPOLYLINE
  5
510
330
17
100
AcDbEntity
  8
K-ZBROJENIE-OPIS
370
35
 48
0.05
100
AcDbPolyline
 90
2
 70
0
 10
8.799818804454095
 20
3.61070912703474
 10
8.877600550384614
 20
3.68849087296526
  0
LWPOLYLINE
  5
511
330
17
100
AcDbEntity
  8
K-ZBROJENIE-OPIS
370
35
 48
0.05
100
AcDbPolyline
 90
2
 70
0
 10
11.896592998002482
 20
3.61070912703474
 10
11.974374743933001
 20
3.68849087296526
  0
CIRCLE
  5
512
330
17
100
AcDbEntity
  8
K-ZBROJENIE-OPIS
370
35
 48
0.05
100
AcDbCircle
 10
9.870967741935484
 20
3.6496
 30
0.0
 40
0.034999999999999996
  0
LWPOLYLINE
  5
513
330
17
100
AcDbEntity
  8
K-ZBROJENIE-OPIS
370
35
 48
0.05
100
AcDbPolyline
 90
2
 70
0
 10
3.6774193548387095
 20
3.8671999999999995
 10
3.8064516129032255
 20
3.8671999999999995
  0
LWPOLYLINE
  5
514
330
17
100
AcDbEntity
  8
K-ZBROJENIE-OPIS
370
35
 48
0.05
100
AcDbPolyline
 90
2
 70
0
 10
3.6385284818734496
 20
3.8283091270347396
 10
3.7163102278039695
 20
3.9060908729652595
  0
LWPOLYLINE
  5
515
330
17
100
AcDbEntity
  8
K-ZBROJENIE-OPIS
370
35
 48
0.05
100
AcDbPolyline
 90
2
 70
0
 10
3.7675607399379656
 20
3.8283091270347396
 10
3.8453424858684855
 20
3.9060908729652595
  0
CIRCLE
  5
516
330
17
100
AcDbEntity
  8
K-ZBROJENIE-OPIS
370
35
 48
0.05
100
AcDbCircle
 10
3.6774193548387095
 20
3.8671999999999995
 30
0.0
 40
0.034999999999999996
  0
LWPOLYLINE
  5
517
330
17
100
AcDbEntity
  8
K-ZBROJENIE-OPIS
370
35
 48
0.05
100
AcDbPolyline
 90
2
 70
0
 10
8.580645161290322
 20
3.8671999999999995
 10
8.709677419354838
 20
3.8671999999999995
  0
LWPOLYLINE
  5
518
330
17
100
AcDbEntity
  8
K-ZBROJENIE-OPIS
370
35
 48
0.05
100
AcDbPolyline
 90
2
 70
0
 10
8.541754288325063
 20
3.8283091270347396
 10
8.619536034255582
 20
3.9060908729652595
  0
LWPOLYLINE
  5
519
330
17
100
AcDbEntity
  8
K-ZBROJENIE-OPIS
370
35
 48
0.05
100
AcDbPolyline
 90
2
 70
0
 10
8.670786546389579
 20
3.8283091270347396
 10
8.748568292320098
 20
3.9060908729652595
  0
CIRCLE
  5
51A
330
17
100
AcDbEntity
  8
K-ZBROJENIE-OPIS
370
35
 48
0.05
100
AcDbCircle
 10
8.580645161290322
 20
3.8671999999999995
 30
0.0
 40
0.034999999999999996
  0
LWPOLYLINE
  5
51B
330
17
100
AcDbEntity
  8
K-ZBROJENIE-OPIS
370
35
 48
0.05
100
AcDbPolyline
 90
2
 70
0
 10
3.935483870967742
 20
3.5271999999999997
 10
8.451612903225806
 20
3.5271999999999997
  0
LWPOLYLINE
  5
51C
330
17
100
AcDbEntity
  8
K-ZBROJENIE-OPIS
370
35
 48
0.05
100
AcDbPolyline
 90
2
 70
0
 10
3.896592998002482
 20
3.4883091270347397
 10
3.974374743933002
 20
3.5660908729652596
  0
LWPOLYLINE
  5
51D
330
17
100
AcDbEntity
  8
K-ZBROJENIE-OPIS
370
35
 48
0.05
100
AcDbPolyline
 90
2
 70
0
 10
8.412722030260547
 20
3.4883091270347397
 10
8.490503776191066
 20
3.5660908729652596
  0
CIRCLE
  5
51E
330
17
100
AcDbEntity
  8
K-ZBROJENIE-OPIS
370
35
 48
0.05
100
AcDbCircle
 10
5.483870967741935
 20
3.5271999999999997
 30
0.0
 40
0.034999999999999996
  0
LWPOLYLINE
  5
51F
330
17
100
AcDbEntity
  8
K-ZBROJENIE-OPIS
370
35
 48
0.05
100
AcDbPolyline
 90
2
 70
0
 10
4.62
 20
5.215625
 10
4.62
 20
5.396875
  0
LWPOLYLINE
  5
520
330
17
100
AcDbEntity
  8
K-ZBROJENIE-OPIS
370
35
 48
0.05
100
AcDbPolyline
 90
2
 70
0
 10
4.6588908729652605
 20
5.17673412703474
 10
4.58110912703474
 20
5.254515872965261
  0
LWPOLYLINE
  5
521
330
17
100
AcDbEntity
  8
K-ZBROJENIE-OPIS
370
35
 48
0.05
100
AcDbPolyline
 90
2
 70
0
 10
4.6588908729652605
 20
5.357984127034739
 10
4.58110912703474
 20
5.43576587296526
  0
CIRCLE
  5
522
330
17
100
AcDbEntity
  8
K-ZBROJENIE-OPIS
370
35
 48
0.05
100
AcDbCircle
 10
4.62
 20
5.215625
 30
0.0
 40
0.034999999999999996
  0
LWPOLYLINE
  5
523
330
17
100
AcDbEntity
  8
K-ZBROJENIE-OPIS
370
35
 48
0.05
100
AcDbPolyline
 90
2
 70
0
 10
4.785
 20
5.578125
 10
4.785
 20
8.659375
  0
LWPOLYLINE
  5
524
330
17
100
AcDbEntity
  8
K-ZBROJENIE-OPIS
370
35
 48
0.05
100
AcDbPolyline
 90
2
 70
0
 10
4.8238908729652605
 20
5.53923412703474
 10
4.74610912703474
 20
5.61701587296526
  0
LWPOLYLINE
  5
525
330
17
100
AcDbEntity
  8
K-ZBROJENIE-OPIS
370
35
 48
0.05
100
AcDbPolyline
 90
2
 70
0
 10
4.8238908729652605
 20
8.620484127034741
 10
4.74610912703474
 20
8.69826587296526
  0
CIRCLE
  5
526
330
17
100
AcDbEntity
  8
K-ZBROJENIE-OPIS
370
35
 48
0.05
100
AcDbCircle
 10
4.785
 20
6.665625
 30
0.0
 40
0.034999999999999996
  0
LWPOLYLINE
  5
527
330
17
100
AcDbEntity
  8
K-ZBROJENIE-OPIS
370
35
 48
0.05
100
AcDbPolyline
 90
2
 70
0
 10
3.975
 20
7.6004
 10
5.775
 20
7.6004
  0
LWPOLYLINE
  5
528
330
17
100
AcDbEntity
  8
K-ZBROJENIE-OPIS
370
35
 48
0.05
100
AcDbPolyline
 90
2
 70
0
 10
3.93610912703474
 20
7.561509127034739
 10
4.01389087296526
 20
7.63929087296526
  0
LWPOLYLINE
  5
529
330
17
100
AcDbEntity
  8
K-ZBROJENIE-OPIS
370
35
 48
0.05
100
AcDbPolyline
 90
2
 70
0
 10
5.73610912703474
 20
7.561509127034739
 10
5.813890872965261
 20
7.63929087296526
  0
CIRCLE
  5
52A
330
17
100
AcDbEntity
  8
K-ZBROJENIE-OPIS
370
35
 48
0.05
100
AcDbCircle
 10
5.175
 20
7.6004
 30
0.0
 40
0.034999999999999996
  0
LWPOLYLINE
  5
52B
330
17
100
AcDbEntity
  8
K-ZBROJENIE-OPIS
370
35
 48
0.05
100
AcDbPolyline
 90
2
 70
0
 10
7.4399999999999995
 20
5.215625
 10
7.4399999999999995
 20
5.396875
  0
LWPOLYLINE
  5
52C
330
17
100
AcDbEntity
  8
K-ZBROJENIE-OPIS
370
35
 48
0.05
100
AcDbPolyline
 90
2
 70
0
 10
7.47889087296526
 20
5.17673412703474
 10
7.401109127034739
 20
5.254515872965261
  0
LWPOLYLINE
  5
52D
330
17
100
AcDbEntity
  8
K-ZBROJENIE-OPIS
370
35
 48
0.05
100
AcDbPolyline
 90
2
 70
0
 10
7.47889087296526
 20
5.357984127034739
 10
7.401109127034739
 20
5.43576587296526
  0
CIRCLE
  5
52E
330
17
100
AcDbEntity
  8
K-ZBROJENIE-OPIS
370
35
 48
0.05
100
AcDbCircle
 10
7.4399999999999995
 20
5.396875
 30
0.0
 40
0.034999999999999996
  0
LWPOLYLINE
  5
52F
330
17
100
AcDbEntity
  8
K-ZBROJENIE-OPIS
370
35
 48
0.05
100
AcDbPolyline
 90
2
 70
0
 10
7.279999999999999
 20
5.578125
 10
7.279999999999999
 20
8.659375
  0
LWPOLYLINE
  5
530
330
17
100
AcDbEntity
  8
K-ZBROJENIE-OPIS
370
35
 48
0.05
100
AcDbPolyline
 90
2
 70
0
 10
7.31889087296526
 20
5.53923412703474
 10
7.241109127034739
 20
5.61701587296526
  0
LWPOLYLINE
  5
531
330
17
100
AcDbEntity
  8
K-ZBROJENIE-OPIS
370
35
 48
0.05
100
AcDbPolyline
 90
2
 70
0
 10
7.31889087296526
 20
8.620484127034741
 10
7.241109127034739
 20
8.69826587296526
  0
CIRCLE
  5
532
330
17
100
AcDbEntity
  8
K-ZBROJENIE-OPIS
370
35
 48
0.05
100
AcDbCircle
 10
7.279999999999999
 20
7.571875
 30
0.0
 40
0.034999999999999996
  0
LWPOLYLINE
  5
533
330
17
100
AcDbEntity
  8
K-ZBROJENIE-OPIS
370
35
 48
0.05
100
AcDbPolyline
 90
2
 70
0
 10
5.96875
 20
7.6004
 10
8.40625
 20
7.6004
  0
LWPOLYLINE
  5
534
330
17
100
AcDbEntity
  8
K-ZBROJENIE-OPIS
370
35
 48
0.05
100
AcDbPolyline
 90
2
 70
0
 10
5.92985912703474
 20
7.561509127034739
 10
6.00764087296526
 20
7.63929087296526
  0
LWPOLYLINE
  5
535
330
17
100
AcDbEntity
  8
K-ZBROJENIE-OPIS
370
35
 48
0.05
100
AcDbPolyline
 90
2
 70
0
 10
8.36735912703474
 20
7.561509127034739
 10
8.44514087296526
 20
7.63929087296526
  0
CIRCLE
  5
536
330
17
100
AcDbEntity
  8
K-ZBROJENIE-OPIS
370
35
 48
0.05
100
AcDbCircle
 10
6.71875
 20
7.6004
 30
0.0
 40
0.034999999999999996
  0
LWPOLYLINE
  5
537
330
17
100
AcDbEntity
  8
K-ZBROJENIE-OPIS
370
35
 48
0.05
100
AcDbPolyline
 90
2
 70
0
 10
-0.5950000000000001
 20
-0.18041666666666664
 10
-0.5950000000000001
 20
5.305416666666666
  0
LWPOLYLINE
  5
538
330
17
100
AcDbEntity
  8
K-ZBROJENIE-OPIS
370
35
 48
0.05
100
AcDbPolyline
 90
2
 70
0
 10
-0.55610912703474
 20
-0.21930753963192676
 10
-0.6338908729652601
 20
-0.14152579370140653
  0
LWPOLYLINE
  5
539
330
17
100
AcDbEntity
  8
K-ZBROJENIE-OPIS
370
35
 48
0.05
100
AcDbPolyline
 90
2
 70
0
 10
-0.55610912703474
 20
5.266525793701406
 10
-0.6338908729652601
 20
5.344307539631926
  0
CIRCLE
  5
53A
330
17
100
AcDbEntity
  8
K-ZBROJENIE-OPIS
370
35
 48
0.05
100
AcDbCircle
 10
-0.5950000000000001
 20
1.71125
 30
0.0
 40
0.034999999999999996
  0
LWPOLYLINE
  5
53B
330
17
100
AcDbEntity
  8
K-ZBROJENIE-OPIS
370
35
 48
0.05
100
AcDbPolyline
 90
2
 70
0
 10
-0.9950000000000001
 20
3.5856000000000003
 10
-0.19500000000000006
 20
3.5856000000000003
  0
LWPOLYLINE
  5
53C
330
17
100
AcDbEntity
  8
K-ZBROJENIE-OPIS
370
35
 48
0.05
100
AcDbPolyline
 90
2
 70
0
 10
-1.0338908729652603
 20
3.5467091270347404
 10
-0.9561091270347399
 20
3.6244908729652603
  0
LWPOLYLINE
  5
53D
330
17
100
AcDbEntity
  8
K-ZBROJENIE-OPIS
370
35
 48
0.05
100
AcDbPolyline
 90
2
 70
0
 10
-0.23389087296526018
 20
3.5467091270347404
 10
-0.15610912703473995
 20
3.6244908729652603
  0
CIRCLE
  5
53E
330
17
100
AcDbEntity
  8
K-ZBROJENIE-OPIS
370
35
 48
0.05
100
AcDbCircle
 10
-0.5150000000000001
 20
3.5856000000000003
 30
0.0
 40
0.034999999999999996
  0
LWPOLYLINE
  5
53F
330
17
100
AcDbEntity
  8
K-ZBROJENIE-OPIS
370
35
 48
0.05
100
AcDbPolyline
 90
2
 70
0
 10
1.74
 20
5.541666666666667
 10
1.74
 20
8.658333333333333
  0
LWPOLYLINE
  5
540
330
17
100
AcDbEntity
  8
K-ZBROJENIE-OPIS
370
35
 48
0.05
100
AcDbPolyline
 90
2
 70
0
 10
1.7788908729652602
 20
5.502775793701407
 10
1.7011091270347398
 20
5.580557539631927
  0
LWPOLYLINE
  5
541
330
17
100
AcDbEntity
  8
K-ZBROJENIE-OPIS
370
35
 48
0.05
100
AcDbPolyline
 90
2
 70
0
 10
1.7788908729652602
 20
8.619442460368074
 10
1.7011091270347398
 20
8.697224206298593
  0
CIRCLE
  5
542
330
17
100
AcDbEntity
  8
K-ZBROJENIE-OPIS
370
35
 48
0.05
100
AcDbCircle
 10
1.74
 20
7.558333333333334
 30
0.0
 40
0.034999999999999996
  0
LWPOLYLINE
  5
543
330
17
100
AcDbEntity
  8
K-ZBROJENIE-OPIS
370
35
 48
0.05
100
AcDbPolyline
 90
2
 70
0
 10
0.09861111111111112
 20
7.734800000000001
 10
3.4513888888888893
 20
7.734800000000001
  0
LWPOLYLINE
  5
544
330
17
100
AcDbEntity
  8
K-ZBROJENIE-OPIS
370
35
 48
0.05
100
AcDbPolyline
 90
2
 70
0
 10
0.05972023814585101
 20
7.69590912703474
 10
0.13750198407637124
 20
7.773690872965261
  0
LWPOLYLINE
  5
545
330
17
100
AcDbEntity
  8
K-ZBROJENIE-OPIS
370
35
 48
0.05
100
AcDbPolyline
 90
2
 70
0
 10
3.4124980159236293
 20
7.69590912703474
 10
3.4902797618541492
 20
7.773690872965261
  0
CIRCLE
  5
546
330
17
100
AcDbEntity
  8
K-ZBROJENIE-OPIS
370
35
 48
0.05
100
AcDbCircle
 10
1.2819444444444446
 20
7.734800000000001
 30
0.0
 40
0.034999999999999996
  0
LWPOLYLINE
  5
547
330
17
100
AcDbEntity
  8
K-ZBROJENIE-OPIS
370
35
 48
0.05
100
AcDbPolyline
 90
2
 70
0
 10
10.445
 20
5.541666666666667
 10
10.445
 20
8.658333333333333
  0
LWPOLYLINE
  5
548
330
17
100
AcDbEntity
  8
K-ZBROJENIE-OPIS
370
35
 48
0.05
100
AcDbPolyline
 90
2
 70
0
 10
10.48389087296526
 20
5.502775793701407
 10
10.40610912703474
 20
5.580557539631927
  0
LWPOLYLINE
  5
549
330
17
100
AcDbEntity
  8
K-ZBROJENIE-OPIS
370
35
 48
0.05
100
AcDbPolyline
 90
2
 70
0
 10
10.48389087296526
 20
8.619442460368074
 10
10.40610912703474
 20
8.697224206298593
  0
CIRCLE
  5
54A
330
17
100
AcDbEntity
  8
K-ZBROJENIE-OPIS
370
35
 48
0.05
100
AcDbCircle
 10
10.445
 20
6.641666666666667
 30
0.0
 40
0.034999999999999996
  0
LWPOLYLINE
  5
54B
330
17
100
AcDbEntity
  8
K-ZBROJENIE-OPIS
370
35
 48
0.05
100
AcDbPolyline
 90
2
 70
0
 10
8.924218750000001
 20
7.734800000000001
 10
11.90078125
 20
7.734800000000001
  0
LWPOLYLINE
  5
54C
330
17
100
AcDbEntity
  8
K-ZBROJENIE-OPIS
370
35
 48
0.05
100
AcDbPolyline
 90
2
 70
0
 10
8.885327877034742
 20
7.69590912703474
 10
8.963109622965261
 20
7.773690872965261
  0
LWPOLYLINE
  5
54D
330
17
100
AcDbEntity
  8
K-ZBROJENIE-OPIS
370
35
 48
0.05
100
AcDbPolyline
 90
2
 70
0
 10
11.86189037703474
 20
7.69590912703474
 10
11.93967212296526
 20
7.773690872965261
  0
CIRCLE
  5
54E
330
17
100
AcDbEntity
  8
K-ZBROJENIE-OPIS
370
35
 48
0.05
100
AcDbCircle
 10
10.908593750000001
 20
7.734800000000001
 30
0.0
 40
0.034999999999999996
  0
LWPOLYLINE
  5
54F
330
17
100
AcDbEntity
  8
K-ZBROJENIE-OPIS
370
35
 48
0.05
100
AcDbPolyline
 90
2
 70
0
 10
5.1000000000000005
 20
-1.1671323529411766
 10
5.1000000000000005
 20
-0.3841911764705884
  0
LWPOLYLINE
  5
550
330
17
100
AcDbEntity
  8
K-ZBROJENIE-OPIS
370
35
 48
0.05
100
AcDbPolyline
 90
2
 70
0
 10
5.138890872965261
 20
-1.2060232259064367
 10
5.06110912703474
 20
-1.1282414799759164
  0
LWPOLYLINE
  5
551
330
17
100
AcDbEntity
  8
K-ZBROJENIE-OPIS
370
35
 48
0.05
100
AcDbPolyline
 90
2
 70
0
 10
5.138890872965261
 20
-0.42308204943584854
 10
5.06110912703474
 20
-0.3453003035053283
  0
CIRCLE
  5
552
330
17
100
AcDbEntity
  8
K-ZBROJENIE-OPIS
370
35
 48
0.05
100
AcDbCircle
 10
5.1000000000000005
 20
-0.9713970588235296
 30
0.0
 40
0.034999999999999996
  0
LWPOLYLINE
  5
553
330
17
100
AcDbEntity
  8
K-ZBROJENIE-OPIS
370
35
 48
0.05
100
AcDbPolyline
 90
2
 70
0
 10
-1.845
 20
-0.18845588235294142
 10
-1.845
 20
5.2921323529411755
  0
LWPOLYLINE
  5
554
330
17
100
AcDbEntity
  8
K-ZBROJENIE-OPIS
370
35
 48
0.05
100
AcDbPolyline
 90
2
 70
0
 10
-1.8061091270347398
 20
-0.22734675531820153
 10
-1.8838908729652601
 20
-0.1495650093876813
  0
LWPOLYLINE
  5
555
330
17
100
AcDbEntity
  8
K-ZBROJENIE-OPIS
370
35
 48
0.05
100
AcDbPolyline
 90
2
 70
0
 10
-1.8061091270347398
 20
5.253241479975915
 10
-1.8838908729652601
 20
5.331023225906436
  0
CIRCLE
  5
556
330
17
100
AcDbEntity
  8
K-ZBROJENIE-OPIS
370
35
 48
0.05
100
AcDbCircle
 10
-1.845
 20
1.768897058823529
 30
0.0
 40
0.034999999999999996
  0
LWPOLYLINE
  5
557
330
17
100
AcDbEntity
  8
K-ZBROJENIE-OPIS
370
35
 48
0.05
100
AcDbPolyline
 90
2
 70
0
 10
-2.325097222222222
 20
3.2588
 10
-1.3674305555555553
 20
3.2588
  0
LWPOLYLINE
  5
558
330
17
100
AcDbEntity
  8
K-ZBROJENIE-OPIS
370
35
 48
0.05
100
AcDbPolyline
 90
2
 70
0
 10
-2.363988095187482
 20
3.21990912703474
 10
-2.286206349256962
 20
3.29769087296526
  0
LWPOLYLINE
  5
559
330
17
100
AcDbEntity
  8
K-ZBROJENIE-OPIS
370
35
 48
0.05
100
AcDbPolyline
 90
2
 70
0
 10
-1.4063214285208154
 20
3.21990912703474
 10
-1.328539682590295
 20
3.29769087296526
  0
CIRCLE
  5
55A
330
17
100
AcDbEntity
  8
K-ZBROJENIE-OPIS
370
35
 48
0.05
100
AcDbCircle
 10
-1.6866527777777776
 20
3.2588
 30
0.0
 40
0.034999999999999996
  0
LWPOLYLINE
  5
55B
330
17
100
AcDbEntity
  8
K-ZBROJENIE-OPIS
370
35
 48
0.05
100
AcDbPolyline
 90
2
 70
0
 10
-1.2876249999999998
 20
-0.6308
 10
11.960097222222222
 20
-0.6308
  0
LWPOLYLINE
  5
55C
330
17
100
AcDbEntity
  8
K-ZBROJENIE-OPIS
370
35
 48
0.05
100
AcDbPolyline
 90
2
 70
0
 10
-1.32651587296526
 20
-0.6696908729652602
 10
-1.2487341270347396
 20
-0.5919091270347399
  0
LWPOLYLINE
  5
55D
330
17
100
AcDbEntity
  8
K-ZBROJENIE-OPIS
370
35
 48
0.05
100
AcDbPolyline
 90
2
 70
0
 10
11.921206349256963
 20
-0.6696908729652602
 10
11.998988095187482
 20
-0.5919091270347399
  0
CIRCLE
  5
55E
330
17
100
AcDbEntity
  8
K-ZBROJENIE-OPIS
370
35
 48
0.05
100
AcDbCircle
 10
7.3313749999999995
 20
-0.6308
 30
0.0
 40
0.034999999999999996
  0
LWPOLYLINE
  5
55F
330
17
100
AcDbEntity
  8
K-ZBROJENIE-OPIS
  6
KRESKOWA_DROBNA
370
35
 48
0.05
100
AcDbPolyline
 90
4
 70
129
 10
5.475
 20
8.35
 10
5.475
 20
8.75
 10
5.875
 20
8.75
 10
5.875
 20
8.35
  0
LWPOLYLINE
  5
560
330
17
100
AcDbEntity
  8
K-ZBROJENIE-OPIS
  6
KRESKOWA_DROBNA
370
35
 48
0.05
100
AcDbPolyline
 90
4
 70
129
 10
4.275
 20
8.35
 10
3.875
 20
8.35
 10
3.875
 20
8.75
 10
4.275
 20
8.75
  0
LWPOLYLINE
  5
561
330
17
100
AcDbEntity
  8
K-ZBROJENIE-OPIS
  6
KRESKOWA_DROBNA
370
35
 48
0.05
100
AcDbPolyline
 90
4
 70
129
 10
7.975
 20
8.225
 10
7.975
 20
8.75
 10
8.5
 20
8.75
 10
8.5
 20
8.225
  0
LWPOLYLINE
  5
562
330
17
100
AcDbEntity
  8
K-ZBROJENIE-OPIS
  6
KRESKOWA_DROBNA
370
35
 48
0.05
100
AcDbPolyline
 90
4
 70
129
 10
6.4
 20
8.225
 10
5.875
 20
8.225
 10
5.875
 20
8.75
 10
6.4
 20
8.75
  0
LWPOLYLINE
  5
563
330
17
100
AcDbEntity
  8
K-ZBROJENIE-OPIS
  6
KRESKOWA_DROBNA
370
35
 48
0.05
100
AcDbPolyline
 90
4
 70
129
 10
3.15
 20
8.025
 10
3.15
 20
8.75
 10
3.575
 20
8.75
 10
3.575
 20
8.025
  0
LWPOLYLINE
  5
564
330
17
100
AcDbEntity
  8
K-ZBROJENIE-OPIS
  6
KRESKOWA_DROBNA
370
35
 48
0.05
100
AcDbPolyline
 90
4
 70
129
 10
0.7250000000000001
 20
8.025
 10
0.0
 20
8.025
 10
0.0
 20
8.75
 10
0.7250000000000001
 20
8.75
  0
LWPOLYLINE
  5
565
330
17
100
AcDbEntity
  8
K-ZBROJENIE-OPIS
  6
KRESKOWA_DROBNA
370
35
 48
0.05
100
AcDbPolyline
 90
4
 70
129
 10
11.3
 20
5.825
 10
12.0
 20
5.825
 10
12.0
 20
5.425
 10
11.3
 20
5.425
  0
LWPOLYLINE
  5
566
330
17
100
AcDbEntity
  8
K-ZBROJENIE-OPIS
  6
KRESKOWA_DROBNA
370
35
 48
0.05
100
AcDbPolyline
 90
4
 70
129
 10
11.3
 20
8.05
 10
11.3
 20
8.75
 10
12.0
 20
8.75
 10
12.0
 20
8.05
  0
LWPOLYLINE
  5
567
330
17
100
AcDbEntity
  8
K-ZBROJENIE-OPIS
  6
KRESKOWA_DROBNA
370
35
 48
0.05
100
AcDbPolyline
 90
4
 70
129
 10
9.2
 20
8.05
 10
8.8
 20
8.05
 10
8.8
 20
8.75
 10
9.2
 20
8.75
  0
LWPOLYLINE
  5
568
330
17
100
AcDbEntity
  8
K-ZBROJENIE-OPIS
370
35
 48
0.05
100
AcDbPolyline
 90
2
 70
0
 10
3.6774193548387095
 20
1.7827999999999997
 10
3.4424193548387096
 20
1.7827999999999997
  0
LWPOLYLINE
  5
569
330
17
100
AcDbEntity
  8
K-ZBROJENIE-OPIS
370
35
 48
0.05
100
AcDbPolyline
 90
2
 70
0
 10
1.2819444444444446
 20
6.525200000000001
 10
1.0469444444444445
 20
6.525200000000001
  0
LWPOLYLINE
  5
56A
330
17
100
AcDbEntity
  8
K-ZBROJENIE-OPIS
370
35
 48
0.05
100
AcDbPolyline
 90
2
 70
0
 10
7.4399999999999995
 20
5.396875
 10
7.4399999999999995
 20
4.936875
  0
LWPOLYLINE
  5
56B
330
17
100
AcDbEntity
  8
K-ZBROJENIE-OPIS
370
35
 48
0.05
100
AcDbPolyline
 90
2
 70
0
 10
4.62
 20
5.215625
 10
4.62
 20
4.980625
  0
LWPOLYLINE
  5
56C
330
17
100
AcDbEntity
  8
K-ZBROJENIE-OPIS
370
35
 48
0.05
100
AcDbPolyline
 90
2
 70
0
 10
-2.1746
 20
1.768897058823529
 10
-2.1746
 20
2.003897058823529
  0
LWPOLYLINE
  5
56D
330
17
100
AcDbEntity
  8
A-OPISY
370
35
 48
0.05
100
AcDbPolyline
 90
2
 70
0
 10
6.178417968750001
 20
3.292597656250001
 10
6.178417968750001
 20
3.6525976562500007
  0
LWPOLYLINE
  5
56E
330
17
100
AcDbEntity
  8
A-OPISY
370
35
 48
0.05
100
AcDbPolyline
 90
2
 70
0
 10
-0.5950000000000001
 20
2.5625
 10
-0.7550000000000001
 20
2.5625
  0
LWPOLYLINE
  5
56F
330
17
100
AcDbEntity
  8
A-OPISY
370
35
 48
0.05
100
AcDbPolyline
 90
2
 70
0
 10
10.445
 20
7.1325
 10
10.605
 20
7.1325
  0
HATCH
  5
570
330
17
100
AcDbEntity
  8
K-ZBROJENIE-OPIS
 62
7
420
16777215
100
AcDbHatch
 10
0.0
 20
0.0
 30
0.0
210
0.0
220
0.0
230
1.0
  2
SOLID
 70
1
 71
0
 91
1
 92
3
 72
0
 73
1
 93
48
 10
1.217292913922326
 20
-1.1438970588235295
 10
1.216000753789489
 20
-1.124182504887318
 10
1.212146382609105
 20
-1.1048052724348618
 10
1.2057957497407041
 20
-1.0860969112858068
 10
1.1970575162733927
 20
-1.0683775266863504
 10
1.1860811958044926
 20
-1.0519503022197312
 10
1.1730545962204373
 20
-1.03709631225106
 10
1.158200606251766
 20
-1.0240697126670046
 10
1.141773381785147
 20
-1.0130933921981045
 10
1.1240539971856907
 20
-1.004355158730793
 10
1.1053456360366354
 20
-0.9980045258623922
 10
1.0859684035841792
 20
-0.9941501546820082
 10
1.0662538496479677
 20
-0.9928579945491711
 10
1.046539295711756
 20
-0.9941501546820082
 10
1.0271620632593
 20
-0.9980045258623922
 10
1.0084537021102449
 20
-1.004355158730793
 10
0.9907343175107884
 20
-1.0130933921981045
 10
0.9743070930441693
 20
-1.0240697126670046
 10
0.959453103075498
 20
-1.03709631225106
 10
0.9464265034914429
 20
-1.0519503022197312
 10
0.9354501830225427
 20
-1.0683775266863502
 10
0.9267119495552312
 20
-1.0860969112858065
 10
0.9203613166868303
 20
-1.1048052724348618
 10
0.9165069455064463
 20
-1.1241825048873177
 10
0.9152147853736092
 20
-1.1438970588235295
 10
0.9165069455064463
 20
-1.1636116127597411
 10
0.9203613166868303
 20
-1.1829888452121973
 10
0.9267119495552312
 20
-1.2016972063612523
 10
0.9354501830225426
 20
-1.2194165909607086
 10
0.9464265034914427
 20
-1.235843815427328
 10
0.9594531030754979
 20
-1.2506978053959992
 10
0.9743070930441692
 20
-1.2637244049800542
 10
0.9907343175107883
 20
-1.2747007254489546
 10
1.0084537021102447
 20
-1.283438958916266
 10
1.0271620632593
 20
-1.289789591784667
 10
1.0465392957117559
 20
-1.293643962965051
 10
1.0662538496479677
 20
-1.294936123097888
 10
1.0859684035841792
 20
-1.293643962965051
 10
1.1053456360366354
 20
-1.289789591784667
 10
1.1240539971856904
 20
-1.283438958916266
 10
1.1417733817851468
 20
-1.2747007254489546
 10
1.158200606251766
 20
-1.2637244049800544
 10
1.1730545962204373
 20
-1.2506978053959992
 10
1.1860811958044923
 20
-1.235843815427328
 10
1.1970575162733927
 20
-1.2194165909607089
 10
1.2057957497407041
 20
-1.2016972063612525
 10
1.212146382609105
 20
-1.1829888452121973
 10
1.216000753789489
 20
-1.1636116127597413
 97
0
 75
0
 76
1
 98
0
  0
HATCH
  5
571
330
17
100
AcDbEntity
  8
K-ZBROJENIE-OPIS
 62
7
420
16777215
100
AcDbHatch
 10
0.0
 20
0.0
 30
0.0
210
0.0
220
0.0
230
1.0
  2
SOLID
 70
1
 71
0
 91
1
 92
3
 72
0
 73
1
 93
48
 10
2.593453849647967
 20
3.1492592592592596
 10
2.5923416816265625
 20
3.166227664247866
 10
2.589024207065546
 20
3.1829057351225876
 10
2.5835581888744343
 20
3.199008105466721
 10
2.576037152139944
 20
3.2142592592592596
 10
2.5665897838858274
 20
3.228398245030393
 10
2.5553777312022183
 20
3.241183140813511
 10
2.5425928354191005
 20
3.25239519349712
 10
2.528453849647967
 20
3.2618425617512368
 10
2.5132026958554285
 20
3.269363598485727
 10
2.497100325511295
 20
3.2748296166768385
 10
2.4804222546365735
 20
3.278147091237855
 10
2.463453849647967
 20
3.2792592592592595
 10
2.4464854446593605
 20
3.278147091237855
 10
2.4298073737846395
 20
3.2748296166768385
 10
2.4137050034405054
 20
3.269363598485727
 10
2.398453849647967
 20
3.2618425617512368
 10
2.3843148638768334
 20
3.2523951934971205
 10
2.3715299680937156
 20
3.241183140813511
 10
2.3603179154101066
 20
3.228398245030393
 10
2.35087054715599
 20
3.2142592592592596
 10
2.3433495104214996
 20
3.199008105466721
 10
2.337883492230388
 20
3.1829057351225876
 10
2.3345660176693714
 20
3.1662276642478666
 10
2.333453849647967
 20
3.1492592592592596
 10
2.3345660176693714
 20
3.132290854270653
 10
2.337883492230388
 20
3.115612783395932
 10
2.3433495104214996
 20
3.099510413051798
 10
2.35087054715599
 20
3.0842592592592597
 10
2.360317915410106
 20
3.070120273488126
 10
2.3715299680937156
 20
3.0573353777050087
 10
2.3843148638768334
 20
3.0461233250213993
 10
2.398453849647967
 20
3.0366759567672825
 10
2.4137050034405054
 20
3.0291549200327923
 10
2.429807373784639
 20
3.023688901841681
 10
2.44648544465936
 20
3.020371427280664
 10
2.463453849647967
 20
3.0192592592592598
 10
2.4804222546365735
 20
3.020371427280664
 10
2.4971003255112945
 20
3.023688901841681
 10
2.5132026958554285
 20
3.0291549200327923
 10
2.528453849647967
 20
3.0366759567672825
 10
2.5425928354191005
 20
3.046123325021399
 10
2.5553777312022183
 20
3.0573353777050083
 10
2.5665897838858274
 20
3.070120273488126
 10
2.576037152139944
 20
3.0842592592592597
 10
2.5835581888744343
 20
3.099510413051798
 10
2.589024207065546
 20
3.1156127833959317
 10
2.5923416816265625
 20
3.1322908542706527
 97
0
 75
0
 76
1
 98
0
  0
HATCH
  5
572
330
17
100
AcDbEntity
  8
K-ZBROJENIE-OPIS
 62
7
420
16777215
100
AcDbHatch
 10
0.0
 20
0.0
 30
0.0
210
0.0
220
0.0
230
1.0
  2
SOLID
 70
1
 71
0
 91
1
 92
3
 72
0
 73
1
 93
48
 10
-1.363113713503419
 20
3.4212391778332956
 10
-1.364405873636256
 20
3.440953731769507
 10
-1.36826024481664
 20
3.460330964221963
 10
-1.374610877685041
 20
3.4790393253710183
 10
-1.3833491111523524
 20
3.4967587099704747
 10
-1.3943254316212526
 20
3.513185934437094
 10
-1.4073520312053078
 20
3.5280399244057654
 10
-1.422206021173979
 20
3.5410665239898202
 10
-1.4386332456405981
 20
3.5520428444587204
 10
-1.4563526302400545
 20
3.560781077926032
 10
-1.4750609913891097
 20
3.567131710794433
 10
-1.4944382238415659
 20
3.5709860819748167
 10
-1.5141527777777775
 20
3.5722782421076538
 10
-1.533867331713989
 20
3.5709860819748167
 10
-1.5532445641664452
 20
3.567131710794433
 10
-1.5719529253155002
 20
3.5607810779260323
 10
-1.5896723099149566
 20
3.5520428444587204
 10
-1.6060995343815758
 20
3.5410665239898202
 10
-1.620953524350247
 20
3.5280399244057654
 10
-1.6339801239343024
 20
3.513185934437094
 10
-1.6449564444032025
 20
3.4967587099704747
 10
-1.653694677870514
 20
3.4790393253710183
 10
-1.6600453107389148
 20
3.4603309642219635
 10
-1.6638996819192988
 20
3.440953731769507
 10
-1.6651918420521359
 20
3.4212391778332956
 10
-1.6638996819192988
 20
3.401524623897084
 10
-1.6600453107389148
 20
3.382147391444628
 10
-1.653694677870514
 20
3.363439030295573
 10
-1.6449564444032025
 20
3.3457196456961165
 10
-1.6339801239343024
 20
3.329292421229497
 10
-1.620953524350247
 20
3.314438431260826
 10
-1.6060995343815758
 20
3.301411831676771
 10
-1.5896723099149568
 20
3.2904355112078707
 10
-1.5719529253155005
 20
3.2816972777405593
 10
-1.5532445641664452
 20
3.275346644872158
 10
-1.5338673317139893
 20
3.2714922736917744
 10
-1.5141527777777775
 20
3.2702001135589374
 10
-1.4944382238415659
 20
3.2714922736917744
 10
-1.4750609913891097
 20
3.275346644872158
 10
-1.4563526302400547
 20
3.281697277740559
 10
-1.4386332456405984
 20
3.2904355112078703
 10
-1.422206021173979
 20
3.301411831676771
 10
-1.4073520312053078
 20
3.3144384312608257
 10
-1.3943254316212528
 20
3.329292421229497
 10
-1.3833491111523524
 20
3.3457196456961165
 10
-1.374610877685041
 20
3.363439030295573
 10
-1.36826024481664
 20
3.3821473914446276
 10
-1.364405873636256
 20
3.401524623897084
 97
0
 75
0
 76
1
 98
0
  0
HATCH
  5
573
330
17
100
AcDbEntity
  8
K-ZBROJENIE-OPIS
 62
7
420
16777215
100
AcDbHatch
 10
0.0
 20
0.0
 30
0.0
210
0.0
220
0.0
230
1.0
  2
SOLID
 70
1
 71
0
 91
1
 92
3
 72
0
 73
1
 93
48
 10
3.4699193548387095
 20
1.0633587099704744
 10
3.468807186817305
 20
1.0803271149590812
 10
3.4654897122562884
 20
1.0970051858338021
 10
3.460023694065177
 20
1.113107556177936
 10
3.4525026573306867
 20
1.1283587099704744
 10
3.44305528907657
 20
1.1424976957416082
 10
3.431843236392961
 20
1.1552825915247256
 10
3.419058340609843
 20
1.166494644208335
 10
3.4049193548387096
 20
1.1759420124624516
 10
3.389668201046171
 20
1.1834630491969418
 10
3.3735658307020375
 20
1.1889290673880533
 10
3.356887759827316
 20
1.1922465419490698
 10
3.3399193548387096
 20
1.1933587099704743
 10
3.322950949850103
 20
1.1922465419490698
 10
3.306272878975382
 20
1.1889290673880533
 10
3.290170508631248
 20
1.1834630491969418
 10
3.2749193548387097
 20
1.1759420124624516
 10
3.260780369067576
 20
1.166494644208335
 10
3.2479954732844583
 20
1.1552825915247256
 10
3.2367834206008492
 20
1.1424976957416082
 10
3.2273360523467325
 20
1.1283587099704744
 10
3.2198150156122423
 20
1.1131075561779362
 10
3.214348997421131
 20
1.0970051858338021
 10
3.211031522860114
 20
1.0803271149590812
 10
3.2099193548387097
 20
1.0633587099704744
 10
3.211031522860114
 20
1.0463903049818677
 10
3.214348997421131
 20
1.0297122341071467
 10
3.2198150156122423
 20
1.0136098637630129
 10
3.2273360523467325
 20
0.9983587099704745
 10
3.2367834206008492
 20
0.9842197241993408
 10
3.2479954732844583
 20
0.9714348284162233
 10
3.260780369067576
 20
0.9602227757326138
 10
3.2749193548387097
 20
0.9507754074784974
 10
3.290170508631248
 20
0.9432543707440072
 10
3.3062728789753817
 20
0.9377883525528956
 10
3.3229509498501026
 20
0.9344708779918791
 10
3.3399193548387096
 20
0.9333587099704744
 10
3.356887759827316
 20
0.9344708779918791
 10
3.373565830702037
 20
0.9377883525528955
 10
3.389668201046171
 20
0.9432543707440071
 10
3.4049193548387096
 20
0.9507754074784973
 10
3.419058340609843
 20
0.9602227757326138
 10
3.431843236392961
 20
0.9714348284162232
 10
3.44305528907657
 20
0.9842197241993407
 10
3.4525026573306867
 20
0.9983587099704744
 10
3.460023694065177
 20
1.0136098637630127
 10
3.4654897122562884
 20
1.0297122341071465
 10
3.468807186817305
 20
1.0463903049818677
 97
0
 75
0
 76
1
 98
0
  0
HATCH
  5
574
330
17
100
AcDbEntity
  8
K-ZBROJENIE-OPIS
 62
7
420
16777215
100
AcDbHatch
 10
0.0
 20
0.0
 30
0.0
210
0.0
220
0.0
230
1.0
  2
SOLID
 70
1
 71
0
 91
1
 92
3
 72
0
 73
1
 93
48
 10
8.883145161290322
 20
1.0633587099704744
 10
8.882032993268917
 20
1.0803271149590812
 10
8.878715518707901
 20
1.0970051858338021
 10
8.873249500516788
 20
1.113107556177936
 10
8.865728463782299
 20
1.1283587099704744
 10
8.856281095528182
 20
1.1424976957416082
 10
8.845069042844573
 20
1.1552825915247256
 10
8.832284147061456
 20
1.166494644208335
 10
8.818145161290321
 20
1.1759420124624516
 10
8.802894007497784
 20
1.1834630491969418
 10
8.78679163715365
 20
1.1889290673880533
 10
8.770113566278928
 20
1.1922465419490698
 10
8.753145161290321
 20
1.1933587099704743
 10
8.736176756301715
 20
1.1922465419490698
 10
8.719498685426993
 20
1.1889290673880533
 10
8.703396315082859
 20
1.1834630491969418
 10
8.688145161290322
 20
1.1759420124624516
 10
8.674006175519187
 20
1.166494644208335
 10
8.66122127973607
 20
1.1552825915247256
 10
8.650009227052461
 20
1.1424976957416082
 10
8.640561858798344
 20
1.1283587099704744
 10
8.633040822063855
 20
1.1131075561779362
 10
8.627574803872742
 20
1.0970051858338021
 10
8.624257329311726
 20
1.0803271149590812
 10
8.62314516129032
 20
1.0633587099704744
 10
8.624257329311726
 20
1.0463903049818677
 10
8.627574803872742
 20
1.0297122341071467
 10
8.633040822063855
 20
1.0136098637630129
 10
8.640561858798344
 20
0.9983587099704745
 10
8.650009227052461
 20
0.9842197241993408
 10
8.66122127973607
 20
0.9714348284162233
 10
8.674006175519187
 20
0.9602227757326138
 10
8.688145161290322
 20
0.9507754074784974
 10
8.703396315082859
 20
0.9432543707440072
 10
8.719498685426993
 20
0.9377883525528956
 10
8.736176756301715
 20
0.9344708779918791
 10
8.753145161290321
 20
0.9333587099704744
 10
8.770113566278928
 20
0.9344708779918791
 10
8.78679163715365
 20
0.9377883525528955
 10
8.802894007497784
 20
0.9432543707440071
 10
8.818145161290321
 20
0.9507754074784973
 10
8.832284147061456
 20
0.9602227757326138
 10
8.845069042844573
 20
0.9714348284162232
 10
8.856281095528182
 20
0.9842197241993407
 10
8.865728463782299
 20
0.9983587099704744
 10
8.873249500516788
 20
1.0136098637630127
 10
8.878715518707901
 20
1.0297122341071465
 10
8.882032993268917
 20
1.0463903049818677
 97
0
 75
0
 76
1
 98
0
  0
HATCH
  5
575
330
17
100
AcDbEntity
  8
K-ZBROJENIE-OPIS
 62
7
420
16777215
100
AcDbHatch
 10
0.0
 20
0.0
 30
0.0
210
0.0
220
0.0
230
1.0
  2
SOLID
 70
1
 71
0
 91
1
 92
3
 72
0
 73
1
 93
48
 10
-0.19250000000000012
 20
2.8156391778332956
 10
-0.19378327079392857
 20
2.8352181066663036
 10
-0.19761112605663986
 20
2.854462034598674
 10
-0.2039180701233071
 20
2.873041692688059
 10
-0.21259618943233433
 20
2.890639177833296
 10
-0.22349699895631484
 20
2.9069533921846036
 10
-0.236433982822018
 20
2.9217051950112776
 10
-0.25118578564869204
 20
2.934642178876981
 10
-0.2675000000000001
 20
2.9455429884009616
 10
-0.28509748514523664
 20
2.954221107709989
 10
-0.30367714323462197
 20
2.960528051776656
 10
-0.32292107116699237
 20
2.964355907039367
 10
-0.34250000000000014
 20
2.9656391778332956
 10
-0.36207892883300785
 20
2.9643559070393675
 10
-0.38132285676537825
 20
2.960528051776656
 10
-0.3999025148547636
 20
2.954221107709989
 10
-0.4175000000000001
 20
2.9455429884009616
 10
-0.4338142143513082
 20
2.934642178876981
 10
-0.4485660171779823
 20
2.921705195011278
 10
-0.4615030010436854
 20
2.9069533921846036
 10
-0.4724038105676659
 20
2.890639177833296
 10
-0.4810819298766932
 20
2.873041692688059
 10
-0.4873888739433604
 20
2.854462034598674
 10
-0.49121672920607173
 20
2.8352181066663036
 10
-0.49250000000000016
 20
2.8156391778332956
 10
-0.49121672920607173
 20
2.796060249000288
 10
-0.4873888739433604
 20
2.7768163210679178
 10
-0.4810819298766932
 20
2.758236662978532
 10
-0.472403810567666
 20
2.7406391778332955
 10
-0.46150300104368547
 20
2.7243249634819877
 10
-0.44856601717798233
 20
2.7095731606553137
 10
-0.4338142143513083
 20
2.6966361767896103
 10
-0.4175000000000002
 20
2.6857353672656297
 10
-0.3999025148547637
 20
2.677057247956603
 10
-0.38132285676537836
 20
2.6707503038899354
 10
-0.362078928833008
 20
2.6669224486272243
 10
-0.34250000000000014
 20
2.6656391778332957
 10
-0.3229210711669924
 20
2.666922448627224
 10
-0.3036771432346221
 20
2.6707503038899354
 10
-0.28509748514523675
 20
2.6770572479566024
 10
-0.26750000000000024
 20
2.6857353672656297
 10
-0.25118578564869215
 20
2.6966361767896103
 10
-0.23643398282201802
 20
2.7095731606553133
 10
-0.22349699895631486
 20
2.7243249634819877
 10
-0.21259618943233435
 20
2.7406391778332955
 10
-0.20391807012330715
 20
2.758236662978532
 10
-0.1976111260566399
 20
2.7768163210679173
 10
-0.19378327079392857
 20
2.7960602490002877
 97
0
 75
0
 76
1
 98
0
  0
HATCH
  5
576
330
17
100
AcDbEntity
  8
K-ZBROJENIE-OPIS
 62
7
420
16777215
100
AcDbHatch
 10
0.0
 20
0.0
 30
0.0
210
0.0
220
0.0
230
1.0
  2
SOLID
 70
1
 71
0
 91
1
 92
3
 72
0
 73
1
 93
48
 10
1.5283064516129032
 20
0.9104391778332956
 10
1.5271942835914987
 20
0.9274075828219024
 10
1.5238768090304822
 20
0.9440856536966233
 10
1.5184107908393707
 20
0.9601880240407573
 10
1.5108897541048805
 20
0.9754391778332956
 10
1.501442385850764
 20
0.9895781636044293
 10
1.4902303331671545
 20
1.0023630593875468
 10
1.477445437384037
 20
1.0135751120711562
 10
1.4633064516129033
 20
1.0230224803252728
 10
1.4480552978203651
 20
1.030543517059763
 10
1.431952927476231
 20
1.0360095352508745
 10
1.41527485660151
 20
1.039327009811891
 10
1.3983064516129033
 20
1.0404391778332958
 10
1.3813380466242966
 20
1.039327009811891
 10
1.3646599757495756
 20
1.0360095352508745
 10
1.3485576054054418
 20
1.030543517059763
 10
1.3333064516129034
 20
1.0230224803252728
 10
1.3191674658417698
 20
1.0135751120711562
 10
1.3063825700586522
 20
1.0023630593875468
 10
1.2951705173750427
 20
0.9895781636044294
 10
1.2857231491209262
 20
0.9754391778332957
 10
1.278202112386436
 20
0.9601880240407573
 10
1.2727360941953245
 20
0.9440856536966233
 10
1.269418619634308
 20
0.9274075828219024
 10
1.2683064516129035
 20
0.9104391778332956
 10
1.269418619634308
 20
0.893470772844689
 10
1.2727360941953245
 20
0.876792701969968
 10
1.278202112386436
 20
0.8606903316258341
 10
1.2857231491209262
 20
0.8454391778332957
 10
1.2951705173750427
 20
0.831300192062162
 10
1.3063825700586522
 20
0.8185152962790445
 10
1.3191674658417696
 20
0.807303243595435
 10
1.3333064516129034
 20
0.7978558753413186
 10
1.3485576054054416
 20
0.7903348386068284
 10
1.3646599757495756
 20
0.7848688204157168
 10
1.3813380466242966
 20
0.7815513458547003
 10
1.3983064516129033
 20
0.7804391778332956
 10
1.41527485660151
 20
0.7815513458547003
 10
1.431952927476231
 20
0.7848688204157167
 10
1.448055297820365
 20
0.7903348386068283
 10
1.4633064516129033
 20
0.7978558753413185
 10
1.4774454373840369
 20
0.807303243595435
 10
1.4902303331671545
 20
0.8185152962790444
 10
1.501442385850764
 20
0.8313001920621619
 10
1.5108897541048802
 20
0.8454391778332956
 10
1.5184107908393707
 20
0.8606903316258339
 10
1.5238768090304822
 20
0.8767927019699678
 10
1.5271942835914987
 20
0.8934707728446888
 97
0
 75
0
 76
1
 98
0
  0
HATCH
  5
577
330
17
100
AcDbEntity
  8
K-ZBROJENIE-OPIS
 62
7
420
16777215
100
AcDbHatch
 10
0.0
 20
0.0
 30
0.0
210
0.0
220
0.0
230
1.0
  2
SOLID
 70
1
 71
0
 91
1
 92
3
 72
0
 73
1
 93
48
 10
10.173467741935484
 20
0.9104391778332956
 10
10.172355573914079
 20
0.9274075828219024
 10
10.169038099353063
 20
0.9440856536966233
 10
10.16357208116195
 20
0.9601880240407573
 10
10.15605104442746
 20
0.9754391778332956
 10
10.146603676173344
 20
0.9895781636044293
 10
10.135391623489735
 20
1.0023630593875468
 10
10.122606727706618
 20
1.0135751120711562
 10
10.108467741935483
 20
1.0230224803252728
 10
10.093216588142946
 20
1.030543517059763
 10
10.077114217798812
 20
1.0360095352508745
 10
10.06043614692409
 20
1.039327009811891
 10
10.043467741935483
 20
1.0404391778332958
 10
10.026499336946877
 20
1.039327009811891
 10
10.009821266072155
 20
1.0360095352508745
 10
9.993718895728021
 20
1.030543517059763
 10
9.978467741935484
 20
1.0230224803252728
 10
9.964328756164349
 20
1.0135751120711562
 10
9.951543860381232
 20
1.0023630593875468
 10
9.940331807697623
 20
0.9895781636044294
 10
9.930884439443506
 20
0.9754391778332957
 10
9.923363402709017
 20
0.9601880240407573
 10
9.917897384517904
 20
0.9440856536966233
 10
9.914579909956888
 20
0.9274075828219024
 10
9.913467741935483
 20
0.9104391778332956
 10
9.914579909956888
 20
0.893470772844689
 10
9.917897384517904
 20
0.876792701969968
 10
9.923363402709017
 20
0.8606903316258341
 10
9.930884439443506
 20
0.8454391778332957
 10
9.940331807697623
 20
0.831300192062162
 10
9.951543860381232
 20
0.8185152962790445
 10
9.964328756164349
 20
0.807303243595435
 10
9.978467741935484
 20
0.7978558753413186
 10
9.993718895728021
 20
0.7903348386068284
 10
10.009821266072155
 20
0.7848688204157168
 10
10.026499336946877
 20
0.7815513458547003
 10
10.043467741935483
 20
0.7804391778332956
 10
10.06043614692409
 20
0.7815513458547003
 10
10.077114217798812
 20
0.7848688204157167
 10
10.093216588142946
 20
0.7903348386068283
 10
10.108467741935483
 20
0.7978558753413185
 10
10.122606727706618
 20
0.807303243595435
 10
10.135391623489735
 20
0.8185152962790444
 10
10.146603676173344
 20
0.8313001920621619
 10
10.15605104442746
 20
0.8454391778332956
 10
10.16357208116195
 20
0.8606903316258339
 10
10.169038099353063
 20
0.8767927019699678
 10
10.172355573914079
 20
0.8934707728446888
 97
0
 75
0
 76
1
 98
0
  0
HATCH
  5
578
330
17
100
AcDbEntity
  8
K-ZBROJENIE-OPIS
 62
7
420
16777215
100
AcDbHatch
 10
0.0
 20
0.0
 30
0.0
210
0.0
220
0.0
230
1.0
  2
SOLID
 70
1
 71
0
 91
1
 92
3
 72
0
 73
1
 93
48
 10
5.786370967741935
 20
0.8528391778332953
 10
5.7852587997205305
 20
0.8698075828219021
 10
5.781941325159514
 20
0.886485653696623
 10
5.776475306968402
 20
0.902588024040757
 10
5.7689542702339125
 20
0.9178391778332953
 10
5.759506901979796
 20
0.931978163604429
 10
5.748294849296187
 20
0.9447630593875465
 10
5.735509953513069
 20
0.9559751120711559
 10
5.721370967741936
 20
0.9654224803252723
 10
5.706119813949397
 20
0.9729435170597626
 10
5.690017443605263
 20
0.9784095352508742
 10
5.673339372730542
 20
0.9817270098118906
 10
5.656370967741935
 20
0.9828391778332953
 10
5.639402562753329
 20
0.9817270098118906
 10
5.622724491878608
 20
0.9784095352508742
 10
5.606622121534474
 20
0.9729435170597627
 10
5.591370967741935
 20
0.9654224803252723
 10
5.577231981970802
 20
0.9559751120711559
 10
5.564447086187684
 20
0.9447630593875465
 10
5.553235033504075
 20
0.9319781636044291
 10
5.543787665249958
 20
0.9178391778332954
 10
5.5362666285154685
 20
0.902588024040757
 10
5.5308006103243565
 20
0.886485653696623
 10
5.52748313576334
 20
0.8698075828219021
 10
5.5263709677419355
 20
0.8528391778332953
 10
5.52748313576334
 20
0.8358707728446887
 10
5.5308006103243565
 20
0.8191927019699676
 10
5.5362666285154685
 20
0.8030903316258338
 10
5.543787665249958
 20
0.7878391778332954
 10
5.553235033504075
 20
0.7737001920621617
 10
5.564447086187684
 20
0.7609152962790442
 10
5.577231981970802
 20
0.7497032435954347
 10
5.591370967741935
 20
0.7402558753413183
 10
5.606622121534474
 20
0.7327348386068281
 10
5.622724491878608
 20
0.7272688204157165
 10
5.639402562753329
 20
0.7239513458547
 10
5.656370967741935
 20
0.7228391778332953
 10
5.673339372730542
 20
0.7239513458547
 10
5.690017443605263
 20
0.7272688204157164
 10
5.706119813949397
 20
0.732734838606828
 10
5.721370967741935
 20
0.7402558753413182
 10
5.735509953513069
 20
0.7497032435954347
 10
5.748294849296187
 20
0.7609152962790441
 10
5.759506901979796
 20
0.7737001920621616
 10
5.7689542702339125
 20
0.7878391778332953
 10
5.776475306968402
 20
0.8030903316258335
 10
5.781941325159514
 20
0.8191927019699675
 10
5.7852587997205305
 20
0.8358707728446885
 97
0
 75
0
 76
1
 98
0
  0
HATCH
  5
579
330
17
100
AcDbEntity
  8
K-ZBROJENIE-OPIS
 62
7
420
16777215
100
AcDbHatch
 10
0.0
 20
0.0
 30
0.0
210
0.0
220
0.0
230
1.0
  2
SOLID
 70
1
 71
0
 91
1
 92
3
 72
0
 73
1
 93
48
 10
5.4775
 20
6.830439177833295
 10
5.476387831978595
 20
6.847407582821901
 10
5.473070357417579
 20
6.864085653696622
 10
5.467604339226467
 20
6.8801880240407565
 10
5.460083302491977
 20
6.895439177833295
 10
5.4506359342378605
 20
6.9095781636044284
 10
5.4394238815542515
 20
6.922363059387546
 10
5.426638985771134
 20
6.933575112071155
 10
5.4125000000000005
 20
6.943022480325272
 10
5.397248846207462
 20
6.950543517059762
 10
5.381146475863328
 20
6.956009535250874
 10
5.364468404988607
 20
6.95932700981189
 10
5.3475
 20
6.960439177833295
 10
5.330531595011394
 20
6.95932700981189
 10
5.313853524136673
 20
6.956009535250874
 10
5.297751153792539
 20
6.950543517059762
 10
5.2825
 20
6.943022480325272
 10
5.268361014228867
 20
6.933575112071155
 10
5.255576118445749
 20
6.922363059387546
 10
5.24436406576214
 20
6.9095781636044284
 10
5.234916697508023
 20
6.895439177833295
 10
5.227395660773533
 20
6.8801880240407565
 10
5.221929642582421
 20
6.864085653696622
 10
5.218612168021405
 20
6.847407582821901
 10
5.2175
 20
6.830439177833295
 10
5.218612168021405
 20
6.813470772844688
 10
5.221929642582421
 20
6.796792701969967
 10
5.227395660773533
 20
6.780690331625833
 10
5.234916697508023
 20
6.7654391778332945
 10
5.24436406576214
 20
6.751300192062161
 10
5.255576118445749
 20
6.7385152962790436
 10
5.268361014228867
 20
6.7273032435954345
 10
5.2825
 20
6.717855875341318
 10
5.297751153792539
 20
6.710334838606828
 10
5.313853524136673
 20
6.704868820415716
 10
5.330531595011394
 20
6.7015513458547
 10
5.3475
 20
6.700439177833295
 10
5.364468404988607
 20
6.7015513458547
 10
5.381146475863328
 20
6.704868820415716
 10
5.397248846207462
 20
6.710334838606828
 10
5.4125
 20
6.717855875341318
 10
5.426638985771134
 20
6.7273032435954345
 10
5.4394238815542515
 20
6.7385152962790436
 10
5.4506359342378605
 20
6.751300192062161
 10
5.460083302491977
 20
6.7654391778332945
 10
5.467604339226467
 20
6.780690331625833
 10
5.473070357417579
 20
6.796792701969967
 10
5.476387831978595
 20
6.813470772844688
 97
0
 75
0
 76
1
 98
0
  0
HATCH
  5
57A
330
17
100
AcDbEntity
  8
K-ZBROJENIE-OPIS
 62
7
420
16777215
100
AcDbHatch
 10
0.0
 20
0.0
 30
0.0
210
0.0
220
0.0
230
1.0
  2
SOLID
 70
1
 71
0
 91
1
 92
3
 72
0
 73
1
 93
48
 10
7.02125
 20
5.469639177833296
 10
7.020137831978595
 20
5.486607582821902
 10
7.016820357417579
 20
5.503285653696623
 10
7.011354339226467
 20
5.519388024040757
 10
7.003833302491977
 20
5.534639177833296
 10
6.994385934237861
 20
5.548778163604429
 10
6.983173881554252
 20
5.561563059387547
 10
6.970388985771134
 20
5.572775112071156
 10
6.956250000000001
 20
5.582222480325273
 10
6.940998846207462
 20
5.5897435170597625
 10
6.924896475863328
 20
5.595209535250874
 10
6.908218404988607
 20
5.598527009811891
 10
6.89125
 20
5.5996391778332955
 10
6.874281595011394
 20
5.598527009811891
 10
6.857603524136673
 20
5.595209535250874
 10
6.841501153792539
 20
5.5897435170597625
 10
6.82625
 20
5.582222480325273
 10
6.812111014228867
 20
5.572775112071156
 10
6.799326118445749
 20
5.561563059387547
 10
6.78811406576214
 20
5.548778163604429
 10
6.778666697508023
 20
5.534639177833296
 10
6.771145660773533
 20
5.519388024040757
 10
6.7656796425824215
 20
5.503285653696623
 10
6.762362168021405
 20
5.486607582821902
 10
6.76125
 20
5.469639177833296
 10
6.762362168021405
 20
5.452670772844689
 10
6.7656796425824215
 20
5.435992701969968
 10
6.771145660773533
 20
5.419890331625834
 10
6.778666697508023
 20
5.404639177833295
 10
6.78811406576214
 20
5.390500192062162
 10
6.799326118445749
 20
5.377715296279044
 10
6.812111014228867
 20
5.366503243595435
 10
6.82625
 20
5.357055875341318
 10
6.841501153792539
 20
5.349534838606829
 10
6.857603524136673
 20
5.344068820415717
 10
6.874281595011394
 20
5.3407513458547005
 10
6.89125
 20
5.339639177833296
 10
6.908218404988607
 20
5.3407513458547005
 10
6.924896475863328
 20
5.344068820415717
 10
6.940998846207462
 20
5.349534838606829
 10
6.95625
 20
5.357055875341318
 10
6.970388985771134
 20
5.366503243595435
 10
6.983173881554252
 20
5.377715296279044
 10
6.994385934237861
 20
5.390500192062162
 10
7.003833302491977
 20
5.404639177833295
 10
7.011354339226467
 20
5.419890331625834
 10
7.016820357417579
 20
5.435992701969968
 10
7.020137831978595
 20
5.452670772844689
 97
0
 75
0
 76
1
 98
0
  0
HATCH
  5
57B
330
17
100
AcDbEntity
  8
K-ZBROJENIE-OPIS
 62
7
420
16777215
100
AcDbHatch
 10
0.0
 20
0.0
 30
0.0
210
0.0
220
0.0
230
1.0
  2
SOLID
 70
1
 71
0
 91
1
 92
3
 72
0
 73
1
 93
48
 10
1.7726782421076537
 20
7.385833333333333
 10
1.7713860819748166
 20
7.405547887269545
 10
1.7675317107944326
 20
7.424925119722001
 10
1.7611810779260317
 20
7.443633480871056
 10
1.7524428444587203
 20
7.461352865470513
 10
1.7414665239898202
 20
7.477780089937132
 10
1.7284399244057649
 20
7.492634079905803
 10
1.7135859344370936
 20
7.505660679489858
 10
1.6971587099704746
 20
7.516636999958759
 10
1.6794393253710183
 20
7.52537523342607
 10
1.660730964221963
 20
7.531725866294471
 10
1.6413537317695068
 20
7.535580237474854
 10
1.6216391778332953
 20
7.5368723976076915
 10
1.6019246238970837
 20
7.535580237474854
 10
1.5825473914446275
 20
7.531725866294471
 10
1.5638390302955725
 20
7.52537523342607
 10
1.5461196456961162
 20
7.516636999958759
 10
1.529692421229497
 20
7.505660679489858
 10
1.5148384312608256
 20
7.492634079905803
 10
1.5018118316767703
 20
7.477780089937132
 10
1.4908355112078702
 20
7.461352865470513
 10
1.4820972777405588
 20
7.443633480871056
 10
1.475746644872158
 20
7.424925119722001
 10
1.471892273691774
 20
7.405547887269545
 10
1.4706001135589368
 20
7.385833333333333
 10
1.471892273691774
 20
7.366118779397121
 10
1.475746644872158
 20
7.346741546944665
 10
1.4820972777405588
 20
7.3280331857956105
 10
1.4908355112078702
 20
7.310313801196154
 10
1.5018118316767703
 20
7.293886576729535
 10
1.5148384312608256
 20
7.279032586760864
 10
1.529692421229497
 20
7.266005987176809
 10
1.546119645696116
 20
7.255029666707908
 10
1.5638390302955723
 20
7.2462914332405965
 10
1.5825473914446275
 20
7.239940800372196
 10
1.6019246238970835
 20
7.236086429191812
 10
1.6216391778332953
 20
7.234794269058975
 10
1.6413537317695068
 20
7.236086429191812
 10
1.660730964221963
 20
7.239940800372196
 10
1.679439325371018
 20
7.2462914332405965
 10
1.6971587099704744
 20
7.255029666707908
 10
1.7135859344370936
 20
7.266005987176809
 10
1.7284399244057649
 20
7.279032586760864
 10
1.74146652398982
 20
7.293886576729535
 10
1.7524428444587203
 20
7.310313801196154
 10
1.7611810779260317
 20
7.3280331857956105
 10
1.7675317107944326
 20
7.346741546944665
 10
1.7713860819748166
 20
7.366118779397121
 97
0
 75
0
 76
1
 98
0
  0
HATCH
  5
57C
330
17
100
AcDbEntity
  8
K-ZBROJENIE-OPIS
 62
7
420
16777215
100
AcDbHatch
 10
0.0
 20
0.0
 30
0.0
210
0.0
220
0.0
230
1.0
  2
SOLID
 70
1
 71
0
 91
1
 92
3
 72
0
 73
1
 93
48
 10
1.0954835087188028
 20
5.755239177833296
 10
1.0941913485859658
 20
5.774953731769508
 10
1.090336977405582
 20
5.794330964221964
 10
1.083986344537181
 20
5.813039325371019
 10
1.0752481110698695
 20
5.830758709970476
 10
1.0642717906009693
 20
5.8471859344370944
 10
1.0512451910169143
 20
5.8620399244057655
 10
1.036391201048243
 20
5.875066523989821
 10
1.0199639765816237
 20
5.886042844458721
 10
1.0022445919821674
 20
5.894781077926033
 10
0.9835362308331123
 20
5.901131710794433
 10
0.9641589983806562
 20
5.904986081974817
 10
0.9444444444444445
 20
5.906278242107654
 10
0.924729890508233
 20
5.904986081974817
 10
0.9053526580557768
 20
5.901131710794433
 10
0.8866442969067216
 20
5.894781077926033
 10
0.8689249123072653
 20
5.886042844458721
 10
0.8524976878406462
 20
5.875066523989821
 10
0.8376436978719749
 20
5.8620399244057655
 10
0.8246170982879197
 20
5.8471859344370944
 10
0.8136407778190196
 20
5.830758709970476
 10
0.804902544351708
 20
5.813039325371019
 10
0.7985519114833072
 20
5.794330964221964
 10
0.7946975403029232
 20
5.774953731769508
 10
0.7934053801700861
 20
5.755239177833296
 10
0.7946975403029232
 20
5.735524623897084
 10
0.7985519114833072
 20
5.716147391444628
 10
0.804902544351708
 20
5.697439030295573
 10
0.8136407778190194
 20
5.6797196456961165
 10
0.8246170982879197
 20
5.663292421229498
 10
0.8376436978719748
 20
5.648438431260827
 10
0.8524976878406461
 20
5.635411831676771
 10
0.8689249123072652
 20
5.624435511207871
 10
0.8866442969067215
 20
5.615697277740559
 10
0.9053526580557767
 20
5.609346644872159
 10
0.9247298905082327
 20
5.605492273691775
 10
0.9444444444444445
 20
5.604200113558938
 10
0.9641589983806561
 20
5.605492273691775
 10
0.9835362308331121
 20
5.609346644872159
 10
1.0022445919821674
 20
5.615697277740559
 10
1.0199639765816237
 20
5.624435511207871
 10
1.0363912010482428
 20
5.635411831676771
 10
1.051245191016914
 20
5.648438431260827
 10
1.0642717906009693
 20
5.663292421229498
 10
1.0752481110698695
 20
5.6797196456961165
 10
1.083986344537181
 20
5.697439030295573
 10
1.0903369774055818
 20
5.716147391444628
 10
1.0941913485859658
 20
5.735524623897084
 97
0
 75
0
 76
1
 98
0
  0
HATCH
  5
57D
330
17
100
AcDbEntity
  8
K-ZBROJENIE-OPIS
 62
7
420
16777215
100
AcDbHatch
 10
0.0
 20
0.0
 30
0.0
210
0.0
220
0.0
230
1.0
  2
SOLID
 70
1
 71
0
 91
1
 92
3
 72
0
 73
1
 93
48
 10
11.23213281427436
 20
6.964839177833296
 10
11.230840654141522
 20
6.984553731769508
 10
11.226986282961139
 20
7.003930964221964
 10
11.220635650092737
 20
7.022639325371019
 10
11.211897416625426
 20
7.040358709970476
 10
11.200921096156526
 20
7.0567859344370945
 10
11.18789449657247
 20
7.0716399244057655
 10
11.1730405066038
 20
7.084666523989821
 10
11.15661328213718
 20
7.095642844458721
 10
11.138893897537724
 20
7.104381077926033
 10
11.120185536388668
 20
7.1107317107944334
 10
11.100808303936212
 20
7.114586081974817
 10
11.08109375
 20
7.115878242107654
 10
11.06137919606379
 20
7.114586081974817
 10
11.042001963611334
 20
7.1107317107944334
 10
11.023293602462278
 20
7.104381077926033
 10
11.005574217862822
 20
7.095642844458721
 10
10.989146993396202
 20
7.084666523989821
 10
10.974293003427531
 20
7.0716399244057655
 10
10.961266403843476
 20
7.0567859344370945
 10
10.950290083374576
 20
7.040358709970476
 10
10.941551849907265
 20
7.022639325371019
 10
10.935201217038863
 20
7.003930964221964
 10
10.93134684585848
 20
6.984553731769508
 10
10.930054685725642
 20
6.964839177833296
 10
10.93134684585848
 20
6.945124623897084
 10
10.935201217038863
 20
6.925747391444628
 10
10.941551849907265
 20
6.907039030295573
 10
10.950290083374576
 20
6.8893196456961165
 10
10.961266403843476
 20
6.872892421229498
 10
10.974293003427531
 20
6.858038431260827
 10
10.989146993396202
 20
6.845011831676771
 10
11.005574217862822
 20
6.834035511207871
 10
11.023293602462278
 20
6.825297277740559
 10
11.042001963611334
 20
6.818946644872159
 10
11.06137919606379
 20
6.815092273691775
 10
11.08109375
 20
6.813800113558938
 10
11.100808303936212
 20
6.815092273691775
 10
11.120185536388668
 20
6.818946644872159
 10
11.138893897537724
 20
6.825297277740559
 10
11.15661328213718
 20
6.834035511207871
 10
11.1730405066038
 20
6.845011831676771
 10
11.18789449657247
 20
6.858038431260827
 10
11.200921096156526
 20
6.872892421229498
 10
11.211897416625426
 20
6.8893196456961165
 10
11.220635650092737
 20
6.907039030295573
 10
11.226986282961137
 20
6.925747391444628
 10
11.230840654141522
 20
6.945124623897084
 97
0
 75
0
 76
1
 98
0
  0
HATCH
  5
57E
330
17
100
AcDbEntity
  8
K-ZBROJENIE-OPIS
 62
7
420
16777215
100
AcDbHatch
 10
0.0
 20
0.0
 30
0.0
210
0.0
220
0.0
230
1.0
  2
SOLID
 70
1
 71
0
 91
1
 92
3
 72
0
 73
1
 93
48
 10
6.850558709970474
 20
4.804374999999999
 10
6.849446541949069
 20
4.821343404988606
 10
6.846129067388053
 20
4.838021475863327
 10
6.840663049196941
 20
4.854123846207461
 10
6.833142012462451
 20
4.869375
 10
6.823694644208334
 20
4.883513985771133
 10
6.812482591524725
 20
4.896298881554251
 10
6.7996976957416075
 20
4.90751093423786
 10
6.785558709970474
 20
4.9169583024919765
 10
6.770307556177936
 20
4.924479339226466
 10
6.7542051858338015
 20
4.929945357417578
 10
6.7375271149590805
 20
4.9332628319785945
 10
6.720558709970474
 20
4.934374999999999
 10
6.7035903049818675
 20
4.9332628319785945
 10
6.6869122341071465
 20
4.929945357417578
 10
6.670809863763012
 20
4.924479339226466
 10
6.655558709970474
 20
4.9169583024919765
 10
6.6414197241993405
 20
4.90751093423786
 10
6.628634828416223
 20
4.896298881554251
 10
6.617422775732614
 20
4.883513985771133
 10
6.607975407478497
 20
4.869375
 10
6.600454370744007
 20
4.854123846207461
 10
6.594988352552895
 20
4.838021475863327
 10
6.591670877991879
 20
4.821343404988606
 10
6.590558709970474
 20
4.804374999999999
 10
6.591670877991879
 20
4.787406595011393
 10
6.594988352552895
 20
4.770728524136672
 10
6.600454370744007
 20
4.754626153792538
 10
6.607975407478497
 20
4.739374999999999
 10
6.617422775732614
 20
4.725236014228866
 10
6.628634828416223
 20
4.712451118445748
 10
6.6414197241993405
 20
4.701239065762139
 10
6.655558709970474
 20
4.691791697508022
 10
6.670809863763012
 20
4.6842706607735325
 10
6.6869122341071465
 20
4.678804642582421
 10
6.7035903049818675
 20
4.675487168021404
 10
6.720558709970474
 20
4.6743749999999995
 10
6.7375271149590805
 20
4.675487168021404
 10
6.7542051858338015
 20
4.678804642582421
 10
6.770307556177936
 20
4.6842706607735325
 10
6.7855587099704735
 20
4.691791697508022
 10
6.7996976957416075
 20
4.701239065762139
 10
6.812482591524725
 20
4.712451118445748
 10
6.823694644208334
 20
4.725236014228866
 10
6.833142012462451
 20
4.739374999999999
 10
6.840663049196941
 20
4.754626153792538
 10
6.846129067388053
 20
4.770728524136672
 10
6.849446541949069
 20
4.787406595011393
 97
0
 75
0
 76
1
 98
0
  0
HATCH
  5
57F
330
17
100
AcDbEntity
  8
K-ZBROJENIE-OPIS
 62
7
420
16777215
100
AcDbHatch
 10
0.0
 20
0.0
 30
0.0
210
0.0
220
0.0
230
1.0
  2
SOLID
 70
1
 71
0
 91
1
 92
3
 72
0
 73
1
 93
48
 10
9.244678242107655
 20
6.469166666666666
 10
9.243386081974817
 20
6.488881220602878
 10
9.239531710794434
 20
6.508258453055334
 10
9.233181077926032
 20
6.526966814204389
 10
9.224442844458721
 20
6.544686198803846
 10
9.21346652398982
 20
6.561113423270465
 10
9.200439924405766
 20
6.575967413239136
 10
9.185585934437094
 20
6.588994012823191
 10
9.169158709970475
 20
6.599970333292092
 10
9.151439325371019
 20
6.608708566759403
 10
9.132730964221963
 20
6.615059199627804
 10
9.113353731769507
 20
6.618913570808187
 10
9.093639177833296
 20
6.6202057309410245
 10
9.073924623897085
 20
6.618913570808187
 10
9.054547391444629
 20
6.615059199627804
 10
9.035839030295573
 20
6.608708566759403
 10
9.018119645696117
 20
6.599970333292092
 10
9.001692421229498
 20
6.588994012823191
 10
8.986838431260827
 20
6.575967413239136
 10
8.973811831676771
 20
6.561113423270465
 10
8.96283551120787
 20
6.544686198803846
 10
8.95409727774056
 20
6.526966814204389
 10
8.947746644872158
 20
6.508258453055334
 10
8.943892273691775
 20
6.488881220602878
 10
8.942600113558937
 20
6.469166666666666
 10
8.943892273691775
 20
6.449452112730454
 10
8.947746644872158
 20
6.430074880277998
 10
8.95409727774056
 20
6.4113665191289435
 10
8.96283551120787
 20
6.393647134529487
 10
8.973811831676771
 20
6.377219910062868
 10
8.986838431260827
 20
6.362365920094197
 10
9.001692421229498
 20
6.349339320510142
 10
9.018119645696117
 20
6.338363000041241
 10
9.035839030295573
 20
6.32962476657393
 10
9.054547391444629
 20
6.323274133705529
 10
9.073924623897085
 20
6.319419762525145
 10
9.093639177833296
 20
6.318127602392308
 10
9.113353731769507
 20
6.319419762525145
 10
9.132730964221963
 20
6.323274133705529
 10
9.151439325371019
 20
6.32962476657393
 10
9.169158709970475
 20
6.338363000041241
 10
9.185585934437094
 20
6.349339320510142
 10
9.200439924405766
 20
6.362365920094197
 10
9.21346652398982
 20
6.377219910062868
 10
9.224442844458721
 20
6.393647134529487
 10
9.233181077926032
 20
6.4113665191289435
 10
9.239531710794433
 20
6.430074880277998
 10
9.243386081974817
 20
6.449452112730454
 97
0
 75
0
 76
1
 98
0
  0
HATCH
  5
580
330
17
100
AcDbEntity
  8
K-ZBROJENIE-OPIS
 62
7
420
16777215
100
AcDbHatch
 10
0.0
 20
0.0
 30
0.0
210
0.0
220
0.0
230
1.0
  2
SOLID
 70
1
 71
0
 91
1
 92
3
 72
0
 73
1
 93
48
 10
7.180039177833295
 20
7.399375
 10
7.17892700981189
 20
7.416343404988607
 10
7.1756095352508735
 20
7.4330214758633275
 10
7.170143517059762
 20
7.449123846207462
 10
7.162622480325272
 20
7.464375
 10
7.153175112071155
 20
7.478513985771134
 10
7.141963059387546
 20
7.491298881554251
 10
7.129178163604428
 20
7.50251093423786
 10
7.115039177833295
 20
7.511958302491977
 10
7.099788024040756
 20
7.519479339226467
 10
7.083685653696622
 20
7.524945357417579
 10
7.067007582821901
 20
7.528262831978595
 10
7.050039177833295
 20
7.529375
 10
7.033070772844688
 20
7.528262831978595
 10
7.016392701969967
 20
7.524945357417579
 10
7.000290331625833
 20
7.519479339226467
 10
6.985039177833294
 20
7.511958302491977
 10
6.970900192062161
 20
7.50251093423786
 10
6.958115296279043
 20
7.491298881554251
 10
6.946903243595434
 20
7.478513985771134
 10
6.937455875341318
 20
7.464375
 10
6.929934838606828
 20
7.449123846207462
 10
6.924468820415716
 20
7.4330214758633275
 10
6.9211513458547
 20
7.416343404988607
 10
6.920039177833295
 20
7.399375
 10
6.9211513458547
 20
7.3824065950113935
 10
6.924468820415716
 20
7.365728524136673
 10
6.929934838606828
 20
7.3496261537925385
 10
6.937455875341318
 20
7.334375
 10
6.946903243595434
 20
7.3202360142288665
 10
6.958115296279043
 20
7.307451118445749
 10
6.970900192062161
 20
7.29623906576214
 10
6.985039177833294
 20
7.286791697508023
 10
7.000290331625833
 20
7.279270660773533
 10
7.016392701969967
 20
7.273804642582421
 10
7.033070772844688
 20
7.270487168021405
 10
7.050039177833295
 20
7.269375
 10
7.067007582821901
 20
7.270487168021405
 10
7.083685653696622
 20
7.273804642582421
 10
7.099788024040756
 20
7.279270660773533
 10
7.115039177833294
 20
7.286791697508023
 10
7.129178163604428
 20
7.29623906576214
 10
7.141963059387546
 20
7.307451118445749
 10
7.153175112071155
 20
7.3202360142288665
 10
7.162622480325272
 20
7.334375
 10
7.170143517059762
 20
7.3496261537925385
 10
7.1756095352508735
 20
7.365728524136673
 10
7.17892700981189
 20
7.3824065950113935
 97
0
 75
0
 76
1
 98
0
  0
HATCH
  5
581
330
17
100
AcDbEntity
  8
K-ZBROJENIE-OPIS
 62
7
420
16777215
100
AcDbHatch
 10
0.0
 20
0.0
 30
0.0
210
0.0
220
0.0
230
1.0
  2
SOLID
 70
1
 71
0
 91
1
 92
3
 72
0
 73
1
 93
48
 10
4.0305587099704745
 20
4.8481250000000005
 10
4.02944654194907
 20
4.865093404988607
 10
4.026129067388053
 20
4.881771475863328
 10
4.0206630491969415
 20
4.897873846207462
 10
4.013142012462452
 20
4.913125000000001
 10
4.003694644208335
 20
4.927263985771134
 10
3.992482591524726
 20
4.940048881554252
 10
3.979697695741608
 20
4.951260934237861
 10
3.9655587099704745
 20
4.960708302491978
 10
3.950307556177936
 20
4.968229339226467
 10
3.9342051858338025
 20
4.973695357417579
 10
3.917527114959081
 20
4.977012831978596
 10
3.9005587099704746
 20
4.978125
 10
3.883590304981868
 20
4.977012831978596
 10
3.866912234107147
 20
4.973695357417579
 10
3.850809863763013
 20
4.968229339226467
 10
3.8355587099704747
 20
4.960708302491978
 10
3.821419724199341
 20
4.951260934237861
 10
3.8086348284162233
 20
4.940048881554252
 10
3.797422775732614
 20
4.927263985771134
 10
3.7879754074784975
 20
4.913125000000001
 10
3.7804543707440073
 20
4.897873846207462
 10
3.7749883525528958
 20
4.881771475863328
 10
3.771670877991879
 20
4.865093404988607
 10
3.7705587099704747
 20
4.8481250000000005
 10
3.771670877991879
 20
4.831156595011394
 10
3.7749883525528958
 20
4.814478524136673
 10
3.7804543707440073
 20
4.798376153792539
 10
3.7879754074784975
 20
4.783125
 10
3.797422775732614
 20
4.768986014228867
 10
3.8086348284162233
 20
4.756201118445749
 10
3.821419724199341
 20
4.74498906576214
 10
3.8355587099704747
 20
4.735541697508023
 10
3.850809863763013
 20
4.728020660773534
 10
3.8669122341071467
 20
4.722554642582422
 10
3.8835903049818676
 20
4.719237168021405
 10
3.9005587099704746
 20
4.718125000000001
 10
3.917527114959081
 20
4.719237168021405
 10
3.934205185833802
 20
4.722554642582422
 10
3.950307556177936
 20
4.728020660773534
 10
3.9655587099704745
 20
4.735541697508023
 10
3.979697695741608
 20
4.74498906576214
 10
3.992482591524726
 20
4.756201118445749
 10
4.003694644208335
 20
4.768986014228867
 10
4.013142012462452
 20
4.783125
 10
4.0206630491969415
 20
4.798376153792539
 10
4.026129067388053
 20
4.814478524136673
 10
4.02944654194907
 20
4.831156595011394
 97
0
 75
0
 76
1
 98
0
  0
HATCH
  5
582
330
17
100
AcDbEntity
  8
K-ZBROJENIE-OPIS
 62
7
420
16777215
100
AcDbHatch
 10
0.0
 20
0.0
 30
0.0
210
0.0
220
0.0
230
1.0
  2
SOLID
 70
1
 71
0
 91
1
 92
3
 72
0
 73
1
 93
48
 10
4.145039177833295
 20
6.493125
 10
4.1439270098118905
 20
6.510093404988607
 10
4.140609535250874
 20
6.5267714758633275
 10
4.135143517059762
 20
6.542873846207462
 10
4.127622480325273
 20
6.558125
 10
4.118175112071156
 20
6.572263985771134
 10
4.106963059387547
 20
6.585048881554251
 10
4.094178163604429
 20
6.59626093423786
 10
4.080039177833296
 20
6.605708302491977
 10
4.064788024040757
 20
6.613229339226467
 10
4.048685653696623
 20
6.618695357417579
 10
4.032007582821902
 20
6.622012831978595
 10
4.0150391778332954
 20
6.623125
 10
3.998070772844689
 20
6.622012831978595
 10
3.981392701969968
 20
6.618695357417579
 10
3.965290331625834
 20
6.613229339226467
 10
3.9500391778332955
 20
6.605708302491977
 10
3.935900192062162
 20
6.59626093423786
 10
3.923115296279044
 20
6.585048881554251
 10
3.911903243595435
 20
6.572263985771134
 10
3.9024558753413183
 20
6.558125
 10
3.894934838606828
 20
6.542873846207462
 10
3.8894688204157166
 20
6.5267714758633275
 10
3.8861513458547
 20
6.510093404988607
 10
3.8850391778332956
 20
6.493125
 10
3.8861513458547
 20
6.4761565950113935
 10
3.8894688204157166
 20
6.459478524136673
 10
3.894934838606828
 20
6.4433761537925385
 10
3.9024558753413183
 20
6.428125
 10
3.911903243595435
 20
6.4139860142288665
 10
3.923115296279044
 20
6.401201118445749
 10
3.935900192062162
 20
6.38998906576214
 10
3.9500391778332955
 20
6.380541697508023
 10
3.965290331625834
 20
6.373020660773533
 10
3.9813927019699675
 20
6.367554642582421
 10
3.9980707728446885
 20
6.364237168021405
 10
4.0150391778332954
 20
6.363125
 10
4.032007582821902
 20
6.364237168021405
 10
4.048685653696623
 20
6.367554642582421
 10
4.064788024040757
 20
6.373020660773533
 10
4.080039177833295
 20
6.380541697508023
 10
4.094178163604429
 20
6.38998906576214
 10
4.106963059387547
 20
6.401201118445749
 10
4.118175112071156
 20
6.4139860142288665
 10
4.127622480325273
 20
6.428125
 10
4.135143517059762
 20
6.4433761537925385
 10
4.140609535250874
 20
6.459478524136673
 10
4.1439270098118905
 20
6.4761565950113935
 97
0
 75
0
 76
1
 98
0
  0
HATCH
  5
583
330
17
100
AcDbEntity
  8
K-ZBROJENIE-OPIS
 62
7
420
16777215
100
AcDbHatch
 10
0.0
 20
0.0
 30
0.0
210
0.0
220
0.0
230
1.0
  2
SOLID
 70
1
 71
0
 91
1
 92
3
 72
0
 73
1
 93
48
 10
-2.8440412900295255
 20
2.106397058823529
 10
-2.8453334501623626
 20
2.1261116127597406
 10
-2.8491878213427464
 20
2.1454888452121965
 10
-2.8555384542111475
 20
2.164197206361252
 10
-2.864276687678459
 20
2.181916590960708
 10
-2.875253008147359
 20
2.1983438154273274
 10
-2.888279607731414
 20
2.213197805395999
 10
-2.9031335977000854
 20
2.2262244049800537
 10
-2.9195608221667047
 20
2.237200725448954
 10
-2.937280206766161
 20
2.2459389589162653
 10
-2.955988567915216
 20
2.2522895917846664
 10
-2.975365800367672
 20
2.25614396296505
 10
-2.9950803543038838
 20
2.2574361230978877
 10
-3.0147949082400953
 20
2.25614396296505
 10
-3.0341721406925513
 20
2.2522895917846664
 10
-3.0528805018416065
 20
2.2459389589162653
 10
-3.070599886441063
 20
2.237200725448954
 10
-3.087027110907682
 20
2.2262244049800537
 10
-3.1018811008763536
 20
2.213197805395999
 10
-3.1149077004604084
 20
2.1983438154273274
 10
-3.1258840209293086
 20
2.181916590960708
 10
-3.13462225439662
 20
2.164197206361252
 10
-3.140972887265021
 20
2.145488845212197
 10
-3.144827258445405
 20
2.1261116127597406
 10
-3.146119418578242
 20
2.106397058823529
 10
-3.144827258445405
 20
2.0866825048873174
 10
-3.140972887265021
 20
2.0673052724348615
 10
-3.1346222543966205
 20
2.0485969112858062
 10
-3.1258840209293086
 20
2.03087752668635
 10
-3.1149077004604084
 20
2.0144503022197306
 10
-3.1018811008763536
 20
1.9995963122510594
 10
-3.087027110907682
 20
1.9865697126670043
 10
-3.070599886441063
 20
1.975593392198104
 10
-3.0528805018416065
 20
1.9668551587307925
 10
-3.0341721406925517
 20
1.9605045258623917
 10
-3.0147949082400953
 20
1.9566501546820076
 10
-2.9950803543038838
 20
1.9553579945491706
 10
-2.975365800367672
 20
1.9566501546820076
 10
-2.9559885679152162
 20
1.9605045258623917
 10
-2.937280206766161
 20
1.9668551587307925
 10
-2.9195608221667047
 20
1.975593392198104
 10
-2.9031335977000854
 20
1.986569712667004
 10
-2.8882796077314143
 20
1.9995963122510594
 10
-2.875253008147359
 20
2.0144503022197306
 10
-2.864276687678459
 20
2.03087752668635
 10
-2.8555384542111475
 20
2.0485969112858062
 10
-2.8491878213427464
 20
2.067305272434861
 10
-2.8453334501623626
 20
2.0866825048873174
 97
0
 75
0
 76
1
 98
0
  0
HATCH
  5
584
330
17
100
AcDbEntity
  8
K-ZBROJENIE-OPIS
 62
7
420
16777215
100
AcDbHatch
 10
0.0
 20
0.0
 30
0.0
210
0.0
220
0.0
230
1.0
  2
SOLID
 70
1
 71
0
 91
1
 92
3
 72
0
 73
1
 93
48
 10
-0.9888022257551674
 20
1.5387499999999998
 10
-0.9900943858880045
 20
1.5584645539362114
 10
-0.9939487570683885
 20
1.5778417863886676
 10
-1.0002993899367894
 20
1.5965501475377226
 10
-1.0090376234041007
 20
1.614269532137179
 10
-1.020013943873001
 20
1.6306967566037982
 10
-1.0330405434570562
 20
1.6455507465724695
 10
-1.0478945334257275
 20
1.6585773461565247
 10
-1.0643217578923465
 20
1.669553666625425
 10
-1.0820411424918028
 20
1.6782919000927363
 10
-1.100749503640858
 20
1.6846425329611372
 10
-1.1201267360933143
 20
1.6884969041415212
 10
-1.1398412900295258
 20
1.6897890642743583
 10
-1.1595558439657374
 20
1.6884969041415212
 10
-1.1789330764181936
 20
1.6846425329611372
 10
-1.1976414375672486
 20
1.6782919000927363
 10
-1.215360822166705
 20
1.669553666625425
 10
-1.2317880466333242
 20
1.6585773461565247
 10
-1.2466420366019955
 20
1.6455507465724695
 10
-1.2596686361860507
 20
1.6306967566037982
 10
-1.270644956654951
 20
1.6142695321371792
 10
-1.2793831901222623
 20
1.5965501475377228
 10
-1.2857338229906632
 20
1.5778417863886676
 10
-1.2895881941710472
 20
1.5584645539362116
 10
-1.2908803543038843
 20
1.5387499999999998
 10
-1.2895881941710472
 20
1.5190354460637883
 10
-1.2857338229906632
 20
1.4996582136113321
 10
-1.2793831901222623
 20
1.480949852462277
 10
-1.270644956654951
 20
1.4632304678628207
 10
-1.2596686361860507
 20
1.4468032433962015
 10
-1.2466420366019955
 20
1.4319492534275302
 10
-1.2317880466333242
 20
1.4189226538434752
 10
-1.2153608221667052
 20
1.4079463333745748
 10
-1.1976414375672488
 20
1.3992080999072634
 10
-1.1789330764181936
 20
1.3928574670388625
 10
-1.1595558439657376
 20
1.3890030958584785
 10
-1.1398412900295258
 20
1.3877109357256414
 10
-1.1201267360933143
 20
1.3890030958584785
 10
-1.100749503640858
 20
1.3928574670388625
 10
-1.082041142491803
 20
1.3992080999072634
 10
-1.0643217578923467
 20
1.4079463333745748
 10
-1.0478945334257275
 20
1.418922653843475
 10
-1.0330405434570562
 20
1.4319492534275302
 10
-1.0200139438730011
 20
1.4468032433962015
 10
-1.0090376234041007
 20
1.4632304678628205
 10
-1.0002993899367894
 20
1.4809498524622768
 10
-0.9939487570683885
 20
1.4996582136113321
 10
-0.9900943858880045
 20
1.519035446063788
 97
0
 75
0
 76
1
 98
0
  0
HATCH
  5
585
330
17
100
AcDbEntity
  8
K-ZBROJENIE-OPIS
 62
7
420
16777215
100
AcDbHatch
 10
0.0
 20
0.0
 30
0.0
210
0.0
220
0.0
230
1.0
  2
SOLID
 70
1
 71
0
 91
1
 92
3
 72
0
 73
1
 93
48
 10
7.654914064274358
 20
-1.8707608221667047
 10
7.653621904141521
 20
-1.8510462682304931
 10
7.649767532961137
 20
-1.831669035778037
 10
7.6434169000927366
 20
-1.812960674628982
 10
7.634678666625425
 20
-1.7952412900295256
 10
7.6237023461565245
 20
-1.7788140655629063
 10
7.610675746572469
 20
-1.763960075594235
 10
7.595821756603798
 20
-1.7509334760101798
 10
7.579394532137179
 20
-1.7399571555412796
 10
7.561675147537723
 20
-1.7312189220739682
 10
7.542966786388668
 20
-1.7248682892055673
 10
7.523589553936212
 20
-1.7210139180251833
 10
7.503875
 20
-1.7197217578923463
 10
7.484160446063788
 20
-1.7210139180251833
 10
7.464783213611332
 20
-1.7248682892055673
 10
7.446074852462277
 20
-1.7312189220739682
 10
7.42835546786282
 20
-1.7399571555412796
 10
7.4119282433962015
 20
-1.7509334760101798
 10
7.39707425342753
 20
-1.763960075594235
 10
7.384047653843475
 20
-1.7788140655629063
 10
7.3730713333745745
 20
-1.7952412900295254
 10
7.364333099907263
 20
-1.8129606746289817
 10
7.3579824670388625
 20
-1.831669035778037
 10
7.354128095858479
 20
-1.851046268230493
 10
7.352835935725642
 20
-1.8707608221667047
 10
7.354128095858479
 20
-1.8904753761029163
 10
7.3579824670388625
 20
-1.9098526085553724
 10
7.364333099907263
 20
-1.9285609697044275
 10
7.3730713333745745
 20
-1.9462803543038838
 10
7.384047653843475
 20
-1.962707578770503
 10
7.39707425342753
 20
-1.9775615687391743
 10
7.4119282433962015
 20
-1.9905881683232294
 10
7.42835546786282
 20
-2.0015644887921296
 10
7.446074852462277
 20
-2.010302722259441
 10
7.464783213611332
 20
-2.016653355127842
 10
7.484160446063788
 20
-2.020507726308226
 10
7.503875
 20
-2.0217998864410633
 10
7.523589553936212
 20
-2.020507726308226
 10
7.542966786388668
 20
-2.016653355127842
 10
7.561675147537723
 20
-2.010302722259441
 10
7.579394532137179
 20
-2.0015644887921296
 10
7.595821756603798
 20
-1.9905881683232296
 10
7.610675746572469
 20
-1.9775615687391743
 10
7.6237023461565245
 20
-1.962707578770503
 10
7.634678666625425
 20
-1.946280354303884
 10
7.6434169000927366
 20
-1.9285609697044277
 10
7.649767532961137
 20
-1.9098526085553724
 10
7.653621904141521
 20
-1.8904753761029165
 97
0
 75
0
 76
1
 98
0
  0
HATCH
  5
586
330
17
100
AcDbEntity
  8
K-ZBROJENIE-OPIS
 62
7
420
16777215
100
AcDbHatch
 10
0.0
 20
0.0
 30
0.0
210
0.0
220
0.0
230
1.0
  2
SOLID
 70
1
 71
0
 91
1
 92
3
 72
0
 73
1
 93
6
 10
3.90638769021122
 20
8.55
 10
3.9603876902112196
 20
8.64
 10
4.1996123097887805
 20
8.64
 10
4.253612309788781
 20
8.55
 10
4.1996123097887805
 20
8.46
 10
3.9603876902112196
 20
8.46
 97
0
 75
0
 76
1
 98
0
  0
HATCH
  5
587
330
17
100
AcDbEntity
  8
K-ZBROJENIE-OPIS
 62
7
420
16777215
100
AcDbHatch
 10
0.0
 20
0.0
 30
0.0
210
0.0
220
0.0
230
1.0
  2
SOLID
 70
1
 71
0
 91
1
 92
3
 72
0
 73
1
 93
6
 10
5.496387690211219
 20
8.55
 10
5.5503876902112195
 20
8.64
 10
5.78961230978878
 20
8.64
 10
5.843612309788781
 20
8.55
 10
5.78961230978878
 20
8.46
 10
5.5503876902112195
 20
8.46
 97
0
 75
0
 76
1
 98
0
  0
HATCH
  5
588
330
17
100
AcDbEntity
  8
K-ZBROJENIE-OPIS
 62
7
420
16777215
100
AcDbHatch
 10
0.0
 20
0.0
 30
0.0
210
0.0
220
0.0
230
1.0
  2
SOLID
 70
1
 71
0
 91
1
 92
3
 72
0
 73
1
 93
6
 10
5.966387690211219
 20
8.49
 10
6.020387690211219
 20
8.58
 10
6.25961230978878
 20
8.58
 10
6.31361230978878
 20
8.49
 10
6.25961230978878
 20
8.4
 10
6.020387690211219
 20
8.4
 97
0
 75
0
 76
1
 98
0
  0
HATCH
  5
589
330
17
100
AcDbEntity
  8
K-ZBROJENIE-OPIS
 62
7
420
16777215
100
AcDbHatch
 10
0.0
 20
0.0
 30
0.0
210
0.0
220
0.0
230
1.0
  2
SOLID
 70
1
 71
0
 91
1
 92
3
 72
0
 73
1
 93
6
 10
8.06638769021122
 20
8.49
 10
8.12038769021122
 20
8.58
 10
8.35961230978878
 20
8.58
 10
8.41361230978878
 20
8.49
 10
8.35961230978878
 20
8.4
 10
8.12038769021122
 20
8.4
 97
0
 75
0
 76
1
 98
0
  0
HATCH
  5
58A
330
17
100
AcDbEntity
  8
K-ZBROJENIE-OPIS
 62
7
420
16777215
100
AcDbHatch
 10
0.0
 20
0.0
 30
0.0
210
0.0
220
0.0
230
1.0
  2
SOLID
 70
1
 71
0
 91
1
 92
3
 72
0
 73
1
 93
6
 10
8.82638769021122
 20
8.4
 10
8.88038769021122
 20
8.49
 10
9.11961230978878
 20
8.49
 10
9.17361230978878
 20
8.4
 10
9.11961230978878
 20
8.31
 10
8.88038769021122
 20
8.31
 97
0
 75
0
 76
1
 98
0
  0
HATCH
  5
58B
330
17
100
AcDbEntity
  8
K-ZBROJENIE-OPIS
 62
7
420
16777215
100
AcDbHatch
 10
0.0
 20
0.0
 30
0.0
210
0.0
220
0.0
230
1.0
  2
SOLID
 70
1
 71
0
 91
1
 92
3
 72
0
 73
1
 93
6
 10
11.47638769021122
 20
8.4
 10
11.53038769021122
 20
8.49
 10
11.76961230978878
 20
8.49
 10
11.82361230978878
 20
8.4
 10
11.76961230978878
 20
8.31
 10
11.53038769021122
 20
8.31
 97
0
 75
0
 76
1
 98
0
  0
HATCH
  5
58C
330
17
100
AcDbEntity
  8
K-ZBROJENIE-OPIS
 62
7
420
16777215
100
AcDbHatch
 10
0.0
 20
0.0
 30
0.0
210
0.0
220
0.0
230
1.0
  2
SOLID
 70
1
 71
0
 91
1
 92
3
 72
0
 73
1
 93
6
 10
0.1863876902112196
 20
8.39
 10
0.24038769021121958
 20
8.48
 10
0.4796123097887804
 20
8.48
 10
0.5336123097887804
 20
8.39
 10
0.4796123097887804
 20
8.3
 10
0.24038769021121958
 20
8.3
 97
0
 75
0
 76
1
 98
0
  0
HATCH
  5
58D
330
17
100
AcDbEntity
  8
K-ZBROJENIE-OPIS
 62
7
420
16777215
100
AcDbHatch
 10
0.0
 20
0.0
 30
0.0
210
0.0
220
0.0
230
1.0
  2
SOLID
 70
1
 71
0
 91
1
 92
3
 72
0
 73
1
 93
6
 10
3.1863876902112196
 20
8.39
 10
3.2403876902112194
 20
8.48
 10
3.4796123097887803
 20
8.48
 10
3.53361230978878
 20
8.39
 10
3.4796123097887803
 20
8.3
 10
3.2403876902112194
 20
8.3
 97
0
 75
0
 76
1
 98
0
  0
HATCH
  5
58E
330
17
100
AcDbEntity
  8
K-ZBROJENIE-OPIS
 62
7
420
16777215
100
AcDbHatch
 10
0.0
 20
0.0
 30
0.0
210
0.0
220
0.0
230
1.0
  2
SOLID
 70
1
 71
0
 91
1
 92
3
 72
0
 73
1
 93
6
 10
11.47638769021122
 20
5.62
 10
11.53038769021122
 20
5.71
 10
11.76961230978878
 20
5.71
 10
11.82361230978878
 20
5.62
 10
11.76961230978878
 20
5.53
 10
11.53038769021122
 20
5.53
 97
0
 75
0
 76
1
 98
0
  0
LWPOLYLINE
  5
58F
330
17
100
AcDbEntity
  8
K-ZBROJENIE-OPIS
370
35
 48
0.05
100
AcDbPolyline
 90
48
 70
1
 10
1.217292913922326
 20
-1.1438970588235295
 10
1.216000753789489
 20
-1.124182504887318
 10
1.212146382609105
 20
-1.1048052724348618
 10
1.2057957497407041
 20
-1.0860969112858068
 10
1.1970575162733927
 20
-1.0683775266863504
 10
1.1860811958044926
 20
-1.0519503022197312
 10
1.1730545962204373
 20
-1.03709631225106
 10
1.158200606251766
 20
-1.0240697126670046
 10
1.141773381785147
 20
-1.0130933921981045
 10
1.1240539971856907
 20
-1.004355158730793
 10
1.1053456360366354
 20
-0.9980045258623922
 10
1.0859684035841792
 20
-0.9941501546820082
 10
1.0662538496479677
 20
-0.9928579945491711
 10
1.046539295711756
 20
-0.9941501546820082
 10
1.0271620632593
 20
-0.9980045258623922
 10
1.0084537021102449
 20
-1.004355158730793
 10
0.9907343175107884
 20
-1.0130933921981045
 10
0.9743070930441693
 20
-1.0240697126670046
 10
0.959453103075498
 20
-1.03709631225106
 10
0.9464265034914429
 20
-1.0519503022197312
 10
0.9354501830225427
 20
-1.0683775266863502
 10
0.9267119495552312
 20
-1.0860969112858065
 10
0.9203613166868303
 20
-1.1048052724348618
 10
0.9165069455064463
 20
-1.1241825048873177
 10
0.9152147853736092
 20
-1.1438970588235295
 10
0.9165069455064463
 20
-1.1636116127597411
 10
0.9203613166868303
 20
-1.1829888452121973
 10
0.9267119495552312
 20
-1.2016972063612523
 10
0.9354501830225426
 20
-1.2194165909607086
 10
0.9464265034914427
 20
-1.235843815427328
 10
0.9594531030754979
 20
-1.2506978053959992
 10
0.9743070930441692
 20
-1.2637244049800542
 10
0.9907343175107883
 20
-1.2747007254489546
 10
1.0084537021102447
 20
-1.283438958916266
 10
1.0271620632593
 20
-1.289789591784667
 10
1.0465392957117559
 20
-1.293643962965051
 10
1.0662538496479677
 20
-1.294936123097888
 10
1.0859684035841792
 20
-1.293643962965051
 10
1.1053456360366354
 20
-1.289789591784667
 10
1.1240539971856904
 20
-1.283438958916266
 10
1.1417733817851468
 20
-1.2747007254489546
 10
1.158200606251766
 20
-1.2637244049800544
 10
1.1730545962204373
 20
-1.2506978053959992
 10
1.1860811958044923
 20
-1.235843815427328
 10
1.1970575162733927
 20
-1.2194165909607089
 10
1.2057957497407041
 20
-1.2016972063612525
 10
1.212146382609105
 20
-1.1829888452121973
 10
1.216000753789489
 20
-1.1636116127597413
  0
LWPOLYLINE
  5
590
330
17
100
AcDbEntity
  8
K-ZBROJENIE-OPIS
370
35
 48
0.05
100
AcDbPolyline
 90
48
 70
1
 10
2.593453849647967
 20
3.1492592592592596
 10
2.5923416816265625
 20
3.166227664247866
 10
2.589024207065546
 20
3.1829057351225876
 10
2.5835581888744343
 20
3.199008105466721
 10
2.576037152139944
 20
3.2142592592592596
 10
2.5665897838858274
 20
3.228398245030393
 10
2.5553777312022183
 20
3.241183140813511
 10
2.5425928354191005
 20
3.25239519349712
 10
2.528453849647967
 20
3.2618425617512368
 10
2.5132026958554285
 20
3.269363598485727
 10
2.497100325511295
 20
3.2748296166768385
 10
2.4804222546365735
 20
3.278147091237855
 10
2.463453849647967
 20
3.2792592592592595
 10
2.4464854446593605
 20
3.278147091237855
 10
2.4298073737846395
 20
3.2748296166768385
 10
2.4137050034405054
 20
3.269363598485727
 10
2.398453849647967
 20
3.2618425617512368
 10
2.3843148638768334
 20
3.2523951934971205
 10
2.3715299680937156
 20
3.241183140813511
 10
2.3603179154101066
 20
3.228398245030393
 10
2.35087054715599
 20
3.2142592592592596
 10
2.3433495104214996
 20
3.199008105466721
 10
2.337883492230388
 20
3.1829057351225876
 10
2.3345660176693714
 20
3.1662276642478666
 10
2.333453849647967
 20
3.1492592592592596
 10
2.3345660176693714
 20
3.132290854270653
 10
2.337883492230388
 20
3.115612783395932
 10
2.3433495104214996
 20
3.099510413051798
 10
2.35087054715599
 20
3.0842592592592597
 10
2.360317915410106
 20
3.070120273488126
 10
2.3715299680937156
 20
3.0573353777050087
 10
2.3843148638768334
 20
3.0461233250213993
 10
2.398453849647967
 20
3.0366759567672825
 10
2.4137050034405054
 20
3.0291549200327923
 10
2.429807373784639
 20
3.023688901841681
 10
2.44648544465936
 20
3.020371427280664
 10
2.463453849647967
 20
3.0192592592592598
 10
2.4804222546365735
 20
3.020371427280664
 10
2.4971003255112945
 20
3.023688901841681
 10
2.5132026958554285
 20
3.0291549200327923
 10
2.528453849647967
 20
3.0366759567672825
 10
2.5425928354191005
 20
3.046123325021399
 10
2.5553777312022183
 20
3.0573353777050083
 10
2.5665897838858274
 20
3.070120273488126
 10
2.576037152139944
 20
3.0842592592592597
 10
2.5835581888744343
 20
3.099510413051798
 10
2.589024207065546
 20
3.1156127833959317
 10
2.5923416816265625
 20
3.1322908542706527
  0
LWPOLYLINE
  5
591
330
17
100
AcDbEntity
  8
K-ZBROJENIE-OPIS
370
35
 48
0.05
100
AcDbPolyline
 90
48
 70
1
 10
-1.363113713503419
 20
3.4212391778332956
 10
-1.364405873636256
 20
3.440953731769507
 10
-1.36826024481664
 20
3.460330964221963
 10
-1.374610877685041
 20
3.4790393253710183
 10
-1.3833491111523524
 20
3.4967587099704747
 10
-1.3943254316212526
 20
3.513185934437094
 10
-1.4073520312053078
 20
3.5280399244057654
 10
-1.422206021173979
 20
3.5410665239898202
 10
-1.4386332456405981
 20
3.5520428444587204
 10
-1.4563526302400545
 20
3.560781077926032
 10
-1.4750609913891097
 20
3.567131710794433
 10
-1.4944382238415659
 20
3.5709860819748167
 10
-1.5141527777777775
 20
3.5722782421076538
 10
-1.533867331713989
 20
3.5709860819748167
 10
-1.5532445641664452
 20
3.567131710794433
 10
-1.5719529253155002
 20
3.5607810779260323
 10
-1.5896723099149566
 20
3.5520428444587204
 10
-1.6060995343815758
 20
3.5410665239898202
 10
-1.620953524350247
 20
3.5280399244057654
 10
-1.6339801239343024
 20
3.513185934437094
 10
-1.6449564444032025
 20
3.4967587099704747
 10
-1.653694677870514
 20
3.4790393253710183
 10
-1.6600453107389148
 20
3.4603309642219635
 10
-1.6638996819192988
 20
3.440953731769507
 10
-1.6651918420521359
 20
3.4212391778332956
 10
-1.6638996819192988
 20
3.401524623897084
 10
-1.6600453107389148
 20
3.382147391444628
 10
-1.653694677870514
 20
3.363439030295573
 10
-1.6449564444032025
 20
3.3457196456961165
 10
-1.6339801239343024
 20
3.329292421229497
 10
-1.620953524350247
 20
3.314438431260826
 10
-1.6060995343815758
 20
3.301411831676771
 10
-1.5896723099149568
 20
3.2904355112078707
 10
-1.5719529253155005
 20
3.2816972777405593
 10
-1.5532445641664452
 20
3.275346644872158
 10
-1.5338673317139893
 20
3.2714922736917744
 10
-1.5141527777777775
 20
3.2702001135589374
 10
-1.4944382238415659
 20
3.2714922736917744
 10
-1.4750609913891097
 20
3.275346644872158
 10
-1.4563526302400547
 20
3.281697277740559
 10
-1.4386332456405984
 20
3.2904355112078703
 10
-1.422206021173979
 20
3.301411831676771
 10
-1.4073520312053078
 20
3.3144384312608257
 10
-1.3943254316212528
 20
3.329292421229497
 10
-1.3833491111523524
 20
3.3457196456961165
 10
-1.374610877685041
 20
3.363439030295573
 10
-1.36826024481664
 20
3.3821473914446276
 10
-1.364405873636256
 20
3.401524623897084
  0
LWPOLYLINE
  5
592
330
17
100
AcDbEntity
  8
K-ZBROJENIE-OPIS
370
35
 48
0.05
100
AcDbPolyline
 90
48
 70
1
 10
3.4699193548387095
 20
1.0633587099704744
 10
3.468807186817305
 20
1.0803271149590812
 10
3.4654897122562884
 20
1.0970051858338021
 10
3.460023694065177
 20
1.113107556177936
 10
3.4525026573306867
 20
1.1283587099704744
 10
3.44305528907657
 20
1.1424976957416082
 10
3.431843236392961
 20
1.1552825915247256
 10
3.419058340609843
 20
1.166494644208335
 10
3.4049193548387096
 20
1.1759420124624516
 10
3.389668201046171
 20
1.1834630491969418
 10
3.3735658307020375
 20
1.1889290673880533
 10
3.356887759827316
 20
1.1922465419490698
 10
3.3399193548387096
 20
1.1933587099704743
 10
3.322950949850103
 20
1.1922465419490698
 10
3.306272878975382
 20
1.1889290673880533
 10
3.290170508631248
 20
1.1834630491969418
 10
3.2749193548387097
 20
1.1759420124624516
 10
3.260780369067576
 20
1.166494644208335
 10
3.2479954732844583
 20
1.1552825915247256
 10
3.2367834206008492
 20
1.1424976957416082
 10
3.2273360523467325
 20
1.1283587099704744
 10
3.2198150156122423
 20
1.1131075561779362
 10
3.214348997421131
 20
1.0970051858338021
 10
3.211031522860114
 20
1.0803271149590812
 10
3.2099193548387097
 20
1.0633587099704744
 10
3.211031522860114
 20
1.0463903049818677
 10
3.214348997421131
 20
1.0297122341071467
 10
3.2198150156122423
 20
1.0136098637630129
 10
3.2273360523467325
 20
0.9983587099704745
 10
3.2367834206008492
 20
0.9842197241993408
 10
3.2479954732844583
 20
0.9714348284162233
 10
3.260780369067576
 20
0.9602227757326138
 10
3.2749193548387097
 20
0.9507754074784974
 10
3.290170508631248
 20
0.9432543707440072
 10
3.3062728789753817
 20
0.9377883525528956
 10
3.3229509498501026
 20
0.9344708779918791
 10
3.3399193548387096
 20
0.9333587099704744
 10
3.356887759827316
 20
0.9344708779918791
 10
3.373565830702037
 20
0.9377883525528955
 10
3.389668201046171
 20
0.9432543707440071
 10
3.4049193548387096
 20
0.9507754074784973
 10
3.419058340609843
 20
0.9602227757326138
 10
3.431843236392961
 20
0.9714348284162232
 10
3.44305528907657
 20
0.9842197241993407
 10
3.4525026573306867
 20
0.9983587099704744
 10
3.460023694065177
 20
1.0136098637630127
 10
3.4654897122562884
 20
1.0297122341071465
 10
3.468807186817305
 20
1.0463903049818677
  0
LWPOLYLINE
  5
593
330
17
100
AcDbEntity
  8
K-ZBROJENIE-OPIS
370
35
 48
0.05
100
AcDbPolyline
 90
48
 70
1
 10
8.883145161290322
 20
1.0633587099704744
 10
8.882032993268917
 20
1.0803271149590812
 10
8.878715518707901
 20
1.0970051858338021
 10
8.873249500516788
 20
1.113107556177936
 10
8.865728463782299
 20
1.1283587099704744
 10
8.856281095528182
 20
1.1424976957416082
 10
8.845069042844573
 20
1.1552825915247256
 10
8.832284147061456
 20
1.166494644208335
 10
8.818145161290321
 20
1.1759420124624516
 10
8.802894007497784
 20
1.1834630491969418
 10
8.78679163715365
 20
1.1889290673880533
 10
8.770113566278928
 20
1.1922465419490698
 10
8.753145161290321
 20
1.1933587099704743
 10
8.736176756301715
 20
1.1922465419490698
 10
8.719498685426993
 20
1.1889290673880533
 10
8.703396315082859
 20
1.1834630491969418
 10
8.688145161290322
 20
1.1759420124624516
 10
8.674006175519187
 20
1.166494644208335
 10
8.66122127973607
 20
1.1552825915247256
 10
8.650009227052461
 20
1.1424976957416082
 10
8.640561858798344
 20
1.1283587099704744
 10
8.633040822063855
 20
1.1131075561779362
 10
8.627574803872742
 20
1.0970051858338021
 10
8.624257329311726
 20
1.0803271149590812
 10
8.62314516129032
 20
1.0633587099704744
 10
8.624257329311726
 20
1.0463903049818677
 10
8.627574803872742
 20
1.0297122341071467
 10
8.633040822063855
 20
1.0136098637630129
 10
8.640561858798344
 20
0.9983587099704745
 10
8.650009227052461
 20
0.9842197241993408
 10
8.66122127973607
 20
0.9714348284162233
 10
8.674006175519187
 20
0.9602227757326138
 10
8.688145161290322
 20
0.9507754074784974
 10
8.703396315082859
 20
0.9432543707440072
 10
8.719498685426993
 20
0.9377883525528956
 10
8.736176756301715
 20
0.9344708779918791
 10
8.753145161290321
 20
0.9333587099704744
 10
8.770113566278928
 20
0.9344708779918791
 10
8.78679163715365
 20
0.9377883525528955
 10
8.802894007497784
 20
0.9432543707440071
 10
8.818145161290321
 20
0.9507754074784973
 10
8.832284147061456
 20
0.9602227757326138
 10
8.845069042844573
 20
0.9714348284162232
 10
8.856281095528182
 20
0.9842197241993407
 10
8.865728463782299
 20
0.9983587099704744
 10
8.873249500516788
 20
1.0136098637630127
 10
8.878715518707901
 20
1.0297122341071465
 10
8.882032993268917
 20
1.0463903049818677
  0
LWPOLYLINE
  5
594
330
17
100
AcDbEntity
  8
K-ZBROJENIE-OPIS
370
35
 48
0.05
100
AcDbPolyline
 90
48
 70
1
 10
-0.19250000000000012
 20
2.8156391778332956
 10
-0.19378327079392857
 20
2.8352181066663036
 10
-0.19761112605663986
 20
2.854462034598674
 10
-0.2039180701233071
 20
2.873041692688059
 10
-0.21259618943233433
 20
2.890639177833296
 10
-0.22349699895631484
 20
2.9069533921846036
 10
-0.236433982822018
 20
2.9217051950112776
 10
-0.25118578564869204
 20
2.934642178876981
 10
-0.2675000000000001
 20
2.9455429884009616
 10
-0.28509748514523664
 20
2.954221107709989
 10
-0.30367714323462197
 20
2.960528051776656
 10
-0.32292107116699237
 20
2.964355907039367
 10
-0.34250000000000014
 20
2.9656391778332956
 10
-0.36207892883300785
 20
2.9643559070393675
 10
-0.38132285676537825
 20
2.960528051776656
 10
-0.3999025148547636
 20
2.954221107709989
 10
-0.4175000000000001
 20
2.9455429884009616
 10
-0.4338142143513082
 20
2.934642178876981
 10
-0.4485660171779823
 20
2.921705195011278
 10
-0.4615030010436854
 20
2.9069533921846036
 10
-0.4724038105676659
 20
2.890639177833296
 10
-0.4810819298766932
 20
2.873041692688059
 10
-0.4873888739433604
 20
2.854462034598674
 10
-0.49121672920607173
 20
2.8352181066663036
 10
-0.49250000000000016
 20
2.8156391778332956
 10
-0.49121672920607173
 20
2.796060249000288
 10
-0.4873888739433604
 20
2.7768163210679178
 10
-0.4810819298766932
 20
2.758236662978532
 10
-0.472403810567666
 20
2.7406391778332955
 10
-0.46150300104368547
 20
2.7243249634819877
 10
-0.44856601717798233
 20
2.7095731606553137
 10
-0.4338142143513083
 20
2.6966361767896103
 10
-0.4175000000000002
 20
2.6857353672656297
 10
-0.3999025148547637
 20
2.677057247956603
 10
-0.38132285676537836
 20
2.6707503038899354
 10
-0.362078928833008
 20
2.6669224486272243
 10
-0.34250000000000014
 20
2.6656391778332957
 10
-0.3229210711669924
 20
2.666922448627224
 10
-0.3036771432346221
 20
2.6707503038899354
 10
-0.28509748514523675
 20
2.6770572479566024
 10
-0.26750000000000024
 20
2.6857353672656297
 10
-0.25118578564869215
 20
2.6966361767896103
 10
-0.23643398282201802
 20
2.7095731606553133
 10
-0.22349699895631486
 20
2.7243249634819877
 10
-0.21259618943233435
 20
2.7406391778332955
 10
-0.20391807012330715
 20
2.758236662978532
 10
-0.1976111260566399
 20
2.7768163210679173
 10
-0.19378327079392857
 20
2.7960602490002877
  0
LWPOLYLINE
  5
595
330
17
100
AcDbEntity
  8
K-ZBROJENIE-OPIS
370
35
 48
0.05
100
AcDbPolyline
 90
48
 70
1
 10
1.5283064516129032
 20
0.9104391778332956
 10
1.5271942835914987
 20
0.9274075828219024
 10
1.5238768090304822
 20
0.9440856536966233
 10
1.5184107908393707
 20
0.9601880240407573
 10
1.5108897541048805
 20
0.9754391778332956
 10
1.501442385850764
 20
0.9895781636044293
 10
1.4902303331671545
 20
1.0023630593875468
 10
1.477445437384037
 20
1.0135751120711562
 10
1.4633064516129033
 20
1.0230224803252728
 10
1.4480552978203651
 20
1.030543517059763
 10
1.431952927476231
 20
1.0360095352508745
 10
1.41527485660151
 20
1.039327009811891
 10
1.3983064516129033
 20
1.0404391778332958
 10
1.3813380466242966
 20
1.039327009811891
 10
1.3646599757495756
 20
1.0360095352508745
 10
1.3485576054054418
 20
1.030543517059763
 10
1.3333064516129034
 20
1.0230224803252728
 10
1.3191674658417698
 20
1.0135751120711562
 10
1.3063825700586522
 20
1.0023630593875468
 10
1.2951705173750427
 20
0.9895781636044294
 10
1.2857231491209262
 20
0.9754391778332957
 10
1.278202112386436
 20
0.9601880240407573
 10
1.2727360941953245
 20
0.9440856536966233
 10
1.269418619634308
 20
0.9274075828219024
 10
1.2683064516129035
 20
0.9104391778332956
 10
1.269418619634308
 20
0.893470772844689
 10
1.2727360941953245
 20
0.876792701969968
 10
1.278202112386436
 20
0.8606903316258341
 10
1.2857231491209262
 20
0.8454391778332957
 10
1.2951705173750427
 20
0.831300192062162
 10
1.3063825700586522
 20
0.8185152962790445
 10
1.3191674658417696
 20
0.807303243595435
 10
1.3333064516129034
 20
0.7978558753413186
 10
1.3485576054054416
 20
0.7903348386068284
 10
1.3646599757495756
 20
0.7848688204157168
 10
1.3813380466242966
 20
0.7815513458547003
 10
1.3983064516129033
 20
0.7804391778332956
 10
1.41527485660151
 20
0.7815513458547003
 10
1.431952927476231
 20
0.7848688204157167
 10
1.448055297820365
 20
0.7903348386068283
 10
1.4633064516129033
 20
0.7978558753413185
 10
1.4774454373840369
 20
0.807303243595435
 10
1.4902303331671545
 20
0.8185152962790444
 10
1.501442385850764
 20
0.8313001920621619
 10
1.5108897541048802
 20
0.8454391778332956
 10
1.5184107908393707
 20
0.8606903316258339
 10
1.5238768090304822
 20
0.8767927019699678
 10
1.5271942835914987
 20
0.8934707728446888
  0
LWPOLYLINE
  5
596
330
17
100
AcDbEntity
  8
K-ZBROJENIE-OPIS
370
35
 48
0.05
100
AcDbPolyline
 90
48
 70
1
 10
10.173467741935484
 20
0.9104391778332956
 10
10.172355573914079
 20
0.9274075828219024
 10
10.169038099353063
 20
0.9440856536966233
 10
10.16357208116195
 20
0.9601880240407573
 10
10.15605104442746
 20
0.9754391778332956
 10
10.146603676173344
 20
0.9895781636044293
 10
10.135391623489735
 20
1.0023630593875468
 10
10.122606727706618
 20
1.0135751120711562
 10
10.108467741935483
 20
1.0230224803252728
 10
10.093216588142946
 20
1.030543517059763
 10
10.077114217798812
 20
1.0360095352508745
 10
10.06043614692409
 20
1.039327009811891
 10
10.043467741935483
 20
1.0404391778332958
 10
10.026499336946877
 20
1.039327009811891
 10
10.009821266072155
 20
1.0360095352508745
 10
9.993718895728021
 20
1.030543517059763
 10
9.978467741935484
 20
1.0230224803252728
 10
9.964328756164349
 20
1.0135751120711562
 10
9.951543860381232
 20
1.0023630593875468
 10
9.940331807697623
 20
0.9895781636044294
 10
9.930884439443506
 20
0.9754391778332957
 10
9.923363402709017
 20
0.9601880240407573
 10
9.917897384517904
 20
0.9440856536966233
 10
9.914579909956888
 20
0.9274075828219024
 10
9.913467741935483
 20
0.9104391778332956
 10
9.914579909956888
 20
0.893470772844689
 10
9.917897384517904
 20
0.876792701969968
 10
9.923363402709017
 20
0.8606903316258341
 10
9.930884439443506
 20
0.8454391778332957
 10
9.940331807697623
 20
0.831300192062162
 10
9.951543860381232
 20
0.8185152962790445
 10
9.964328756164349
 20
0.807303243595435
 10
9.978467741935484
 20
0.7978558753413186
 10
9.993718895728021
 20
0.7903348386068284
 10
10.009821266072155
 20
0.7848688204157168
 10
10.026499336946877
 20
0.7815513458547003
 10
10.043467741935483
 20
0.7804391778332956
 10
10.06043614692409
 20
0.7815513458547003
 10
10.077114217798812
 20
0.7848688204157167
 10
10.093216588142946
 20
0.7903348386068283
 10
10.108467741935483
 20
0.7978558753413185
 10
10.122606727706618
 20
0.807303243595435
 10
10.135391623489735
 20
0.8185152962790444
 10
10.146603676173344
 20
0.8313001920621619
 10
10.15605104442746
 20
0.8454391778332956
 10
10.16357208116195
 20
0.8606903316258339
 10
10.169038099353063
 20
0.8767927019699678
 10
10.172355573914079
 20
0.8934707728446888
  0
LWPOLYLINE
  5
597
330
17
100
AcDbEntity
  8
K-ZBROJENIE-OPIS
370
35
 48
0.05
100
AcDbPolyline
 90
48
 70
1
 10
5.786370967741935
 20
0.8528391778332953
 10
5.7852587997205305
 20
0.8698075828219021
 10
5.781941325159514
 20
0.886485653696623
 10
5.776475306968402
 20
0.902588024040757
 10
5.7689542702339125
 20
0.9178391778332953
 10
5.759506901979796
 20
0.931978163604429
 10
5.748294849296187
 20
0.9447630593875465
 10
5.735509953513069
 20
0.9559751120711559
 10
5.721370967741936
 20
0.9654224803252723
 10
5.706119813949397
 20
0.9729435170597626
 10
5.690017443605263
 20
0.9784095352508742
 10
5.673339372730542
 20
0.9817270098118906
 10
5.656370967741935
 20
0.9828391778332953
 10
5.639402562753329
 20
0.9817270098118906
 10
5.622724491878608
 20
0.9784095352508742
 10
5.606622121534474
 20
0.9729435170597627
 10
5.591370967741935
 20
0.9654224803252723
 10
5.577231981970802
 20
0.9559751120711559
 10
5.564447086187684
 20
0.9447630593875465
 10
5.553235033504075
 20
0.9319781636044291
 10
5.543787665249958
 20
0.9178391778332954
 10
5.5362666285154685
 20
0.902588024040757
 10
5.5308006103243565
 20
0.886485653696623
 10
5.52748313576334
 20
0.8698075828219021
 10
5.5263709677419355
 20
0.8528391778332953
 10
5.52748313576334
 20
0.8358707728446887
 10
5.5308006103243565
 20
0.8191927019699676
 10
5.5362666285154685
 20
0.8030903316258338
 10
5.543787665249958
 20
0.7878391778332954
 10
5.553235033504075
 20
0.7737001920621617
 10
5.564447086187684
 20
0.7609152962790442
 10
5.577231981970802
 20
0.7497032435954347
 10
5.591370967741935
 20
0.7402558753413183
 10
5.606622121534474
 20
0.7327348386068281
 10
5.622724491878608
 20
0.7272688204157165
 10
5.639402562753329
 20
0.7239513458547
 10
5.656370967741935
 20
0.7228391778332953
 10
5.673339372730542
 20
0.7239513458547
 10
5.690017443605263
 20
0.7272688204157164
 10
5.706119813949397
 20
0.732734838606828
 10
5.721370967741935
 20
0.7402558753413182
 10
5.735509953513069
 20
0.7497032435954347
 10
5.748294849296187
 20
0.7609152962790441
 10
5.759506901979796
 20
0.7737001920621616
 10
5.7689542702339125
 20
0.7878391778332953
 10
5.776475306968402
 20
0.8030903316258335
 10
5.781941325159514
 20
0.8191927019699675
 10
5.7852587997205305
 20
0.8358707728446885
  0
LWPOLYLINE
  5
598
330
17
100
AcDbEntity
  8
K-ZBROJENIE-OPIS
370
35
 48
0.05
100
AcDbPolyline
 90
48
 70
1
 10
5.4775
 20
6.830439177833295
 10
5.476387831978595
 20
6.847407582821901
 10
5.473070357417579
 20
6.864085653696622
 10
5.467604339226467
 20
6.8801880240407565
 10
5.460083302491977
 20
6.895439177833295
 10
5.4506359342378605
 20
6.9095781636044284
 10
5.4394238815542515
 20
6.922363059387546
 10
5.426638985771134
 20
6.933575112071155
 10
5.4125000000000005
 20
6.943022480325272
 10
5.397248846207462
 20
6.950543517059762
 10
5.381146475863328
 20
6.956009535250874
 10
5.364468404988607
 20
6.95932700981189
 10
5.3475
 20
6.960439177833295
 10
5.330531595011394
 20
6.95932700981189
 10
5.313853524136673
 20
6.956009535250874
 10
5.297751153792539
 20
6.950543517059762
 10
5.2825
 20
6.943022480325272
 10
5.268361014228867
 20
6.933575112071155
 10
5.255576118445749
 20
6.922363059387546
 10
5.24436406576214
 20
6.9095781636044284
 10
5.234916697508023
 20
6.895439177833295
 10
5.227395660773533
 20
6.8801880240407565
 10
5.221929642582421
 20
6.864085653696622
 10
5.218612168021405
 20
6.847407582821901
 10
5.2175
 20
6.830439177833295
 10
5.218612168021405
 20
6.813470772844688
 10
5.221929642582421
 20
6.796792701969967
 10
5.227395660773533
 20
6.780690331625833
 10
5.234916697508023
 20
6.7654391778332945
 10
5.24436406576214
 20
6.751300192062161
 10
5.255576118445749
 20
6.7385152962790436
 10
5.268361014228867
 20
6.7273032435954345
 10
5.2825
 20
6.717855875341318
 10
5.297751153792539
 20
6.710334838606828
 10
5.313853524136673
 20
6.704868820415716
 10
5.330531595011394
 20
6.7015513458547
 10
5.3475
 20
6.700439177833295
 10
5.364468404988607
 20
6.7015513458547
 10
5.381146475863328
 20
6.704868820415716
 10
5.397248846207462
 20
6.710334838606828
 10
5.4125
 20
6.717855875341318
 10
5.426638985771134
 20
6.7273032435954345
 10
5.4394238815542515
 20
6.7385152962790436
 10
5.4506359342378605
 20
6.751300192062161
 10
5.460083302491977
 20
6.7654391778332945
 10
5.467604339226467
 20
6.780690331625833
 10
5.473070357417579
 20
6.796792701969967
 10
5.476387831978595
 20
6.813470772844688
  0
LWPOLYLINE
  5
599
330
17
100
AcDbEntity
  8
K-ZBROJENIE-OPIS
370
35
 48
0.05
100
AcDbPolyline
 90
48
 70
1
 10
7.02125
 20
5.469639177833296
 10
7.020137831978595
 20
5.486607582821902
 10
7.016820357417579
 20
5.503285653696623
 10
7.011354339226467
 20
5.519388024040757
 10
7.003833302491977
 20
5.534639177833296
 10
6.994385934237861
 20
5.548778163604429
 10
6.983173881554252
 20
5.561563059387547
 10
6.970388985771134
 20
5.572775112071156
 10
6.956250000000001
 20
5.582222480325273
 10
6.940998846207462
 20
5.5897435170597625
 10
6.924896475863328
 20
5.595209535250874
 10
6.908218404988607
 20
5.598527009811891
 10
6.89125
 20
5.5996391778332955
 10
6.874281595011394
 20
5.598527009811891
 10
6.857603524136673
 20
5.595209535250874
 10
6.841501153792539
 20
5.5897435170597625
 10
6.82625
 20
5.582222480325273
 10
6.812111014228867
 20
5.572775112071156
 10
6.799326118445749
 20
5.561563059387547
 10
6.78811406576214
 20
5.548778163604429
 10
6.778666697508023
 20
5.534639177833296
 10
6.771145660773533
 20
5.519388024040757
 10
6.7656796425824215
 20
5.503285653696623
 10
6.762362168021405
 20
5.486607582821902
 10
6.76125
 20
5.469639177833296
 10
6.762362168021405
 20
5.452670772844689
 10
6.7656796425824215
 20
5.435992701969968
 10
6.771145660773533
 20
5.419890331625834
 10
6.778666697508023
 20
5.404639177833295
 10
6.78811406576214
 20
5.390500192062162
 10
6.799326118445749
 20
5.377715296279044
 10
6.812111014228867
 20
5.366503243595435
 10
6.82625
 20
5.357055875341318
 10
6.841501153792539
 20
5.349534838606829
 10
6.857603524136673
 20
5.344068820415717
 10
6.874281595011394
 20
5.3407513458547005
 10
6.89125
 20
5.339639177833296
 10
6.908218404988607
 20
5.3407513458547005
 10
6.924896475863328
 20
5.344068820415717
 10
6.940998846207462
 20
5.349534838606829
 10
6.95625
 20
5.357055875341318
 10
6.970388985771134
 20
5.366503243595435
 10
6.983173881554252
 20
5.377715296279044
 10
6.994385934237861
 20
5.390500192062162
 10
7.003833302491977
 20
5.404639177833295
 10
7.011354339226467
 20
5.419890331625834
 10
7.016820357417579
 20
5.435992701969968
 10
7.020137831978595
 20
5.452670772844689
  0
LWPOLYLINE
  5
59A
330
17
100
AcDbEntity
  8
K-ZBROJENIE-OPIS
370
35
 48
0.05
100
AcDbPolyline
 90
48
 70
1
 10
1.7726782421076537
 20
7.385833333333333
 10
1.7713860819748166
 20
7.405547887269545
 10
1.7675317107944326
 20
7.424925119722001
 10
1.7611810779260317
 20
7.443633480871056
 10
1.7524428444587203
 20
7.461352865470513
 10
1.7414665239898202
 20
7.477780089937132
 10
1.7284399244057649
 20
7.492634079905803
 10
1.7135859344370936
 20
7.505660679489858
 10
1.6971587099704746
 20
7.516636999958759
 10
1.6794393253710183
 20
7.52537523342607
 10
1.660730964221963
 20
7.531725866294471
 10
1.6413537317695068
 20
7.535580237474854
 10
1.6216391778332953
 20
7.5368723976076915
 10
1.6019246238970837
 20
7.535580237474854
 10
1.5825473914446275
 20
7.531725866294471
 10
1.5638390302955725
 20
7.52537523342607
 10
1.5461196456961162
 20
7.516636999958759
 10
1.529692421229497
 20
7.505660679489858
 10
1.5148384312608256
 20
7.492634079905803
 10
1.5018118316767703
 20
7.477780089937132
 10
1.4908355112078702
 20
7.461352865470513
 10
1.4820972777405588
 20
7.443633480871056
 10
1.475746644872158
 20
7.424925119722001
 10
1.471892273691774
 20
7.405547887269545
 10
1.4706001135589368
 20
7.385833333333333
 10
1.471892273691774
 20
7.366118779397121
 10
1.475746644872158
 20
7.346741546944665
 10
1.4820972777405588
 20
7.3280331857956105
 10
1.4908355112078702
 20
7.310313801196154
 10
1.5018118316767703
 20
7.293886576729535
 10
1.5148384312608256
 20
7.279032586760864
 10
1.529692421229497
 20
7.266005987176809
 10
1.546119645696116
 20
7.255029666707908
 10
1.5638390302955723
 20
7.2462914332405965
 10
1.5825473914446275
 20
7.239940800372196
 10
1.6019246238970835
 20
7.236086429191812
 10
1.6216391778332953
 20
7.234794269058975
 10
1.6413537317695068
 20
7.236086429191812
 10
1.660730964221963
 20
7.239940800372196
 10
1.679439325371018
 20
7.2462914332405965
 10
1.6971587099704744
 20
7.255029666707908
 10
1.7135859344370936
 20
7.266005987176809
 10
1.7284399244057649
 20
7.279032586760864
 10
1.74146652398982
 20
7.293886576729535
 10
1.7524428444587203
 20
7.310313801196154
 10
1.7611810779260317
 20
7.3280331857956105
 10
1.7675317107944326
 20
7.346741546944665
 10
1.7713860819748166
 20
7.366118779397121
  0
LWPOLYLINE
  5
59B
330
17
100
AcDbEntity
  8
K-ZBROJENIE-OPIS
370
35
 48
0.05
100
AcDbPolyline
 90
48
 70
1
 10
1.0954835087188028
 20
5.755239177833296
 10
1.0941913485859658
 20
5.774953731769508
 10
1.090336977405582
 20
5.794330964221964
 10
1.083986344537181
 20
5.813039325371019
 10
1.0752481110698695
 20
5.830758709970476
 10
1.0642717906009693
 20
5.8471859344370944
 10
1.0512451910169143
 20
5.8620399244057655
 10
1.036391201048243
 20
5.875066523989821
 10
1.0199639765816237
 20
5.886042844458721
 10
1.0022445919821674
 20
5.894781077926033
 10
0.9835362308331123
 20
5.901131710794433
 10
0.9641589983806562
 20
5.904986081974817
 10
0.9444444444444445
 20
5.906278242107654
 10
0.924729890508233
 20
5.904986081974817
 10
0.9053526580557768
 20
5.901131710794433
 10
0.8866442969067216
 20
5.894781077926033
 10
0.8689249123072653
 20
5.886042844458721
 10
0.8524976878406462
 20
5.875066523989821
 10
0.8376436978719749
 20
5.8620399244057655
 10
0.8246170982879197
 20
5.8471859344370944
 10
0.8136407778190196
 20
5.830758709970476
 10
0.804902544351708
 20
5.813039325371019
 10
0.7985519114833072
 20
5.794330964221964
 10
0.7946975403029232
 20
5.774953731769508
 10
0.7934053801700861
 20
5.755239177833296
 10
0.7946975403029232
 20
5.735524623897084
 10
0.7985519114833072
 20
5.716147391444628
 10
0.804902544351708
 20
5.697439030295573
 10
0.8136407778190194
 20
5.6797196456961165
 10
0.8246170982879197
 20
5.663292421229498
 10
0.8376436978719748
 20
5.648438431260827
 10
0.8524976878406461
 20
5.635411831676771
 10
0.8689249123072652
 20
5.624435511207871
 10
0.8866442969067215
 20
5.615697277740559
 10
0.9053526580557767
 20
5.609346644872159
 10
0.9247298905082327
 20
5.605492273691775
 10
0.9444444444444445
 20
5.604200113558938
 10
0.9641589983806561
 20
5.605492273691775
 10
0.9835362308331121
 20
5.609346644872159
 10
1.0022445919821674
 20
5.615697277740559
 10
1.0199639765816237
 20
5.624435511207871
 10
1.0363912010482428
 20
5.635411831676771
 10
1.051245191016914
 20
5.648438431260827
 10
1.0642717906009693
 20
5.663292421229498
 10
1.0752481110698695
 20
5.6797196456961165
 10
1.083986344537181
 20
5.697439030295573
 10
1.0903369774055818
 20
5.716147391444628
 10
1.0941913485859658
 20
5.735524623897084
  0
LWPOLYLINE
  5
59C
330
17
100
AcDbEntity
  8
K-ZBROJENIE-OPIS
370
35
 48
0.05
100
AcDbPolyline
 90
48
 70
1
 10
11.23213281427436
 20
6.964839177833296
 10
11.230840654141522
 20
6.984553731769508
 10
11.226986282961139
 20
7.003930964221964
 10
11.220635650092737
 20
7.022639325371019
 10
11.211897416625426
 20
7.040358709970476
 10
11.200921096156526
 20
7.0567859344370945
 10
11.18789449657247
 20
7.0716399244057655
 10
11.1730405066038
 20
7.084666523989821
 10
11.15661328213718
 20
7.095642844458721
 10
11.138893897537724
 20
7.104381077926033
 10
11.120185536388668
 20
7.1107317107944334
 10
11.100808303936212
 20
7.114586081974817
 10
11.08109375
 20
7.115878242107654
 10
11.06137919606379
 20
7.114586081974817
 10
11.042001963611334
 20
7.1107317107944334
 10
11.023293602462278
 20
7.104381077926033
 10
11.005574217862822
 20
7.095642844458721
 10
10.989146993396202
 20
7.084666523989821
 10
10.974293003427531
 20
7.0716399244057655
 10
10.961266403843476
 20
7.0567859344370945
 10
10.950290083374576
 20
7.040358709970476
 10
10.941551849907265
 20
7.022639325371019
 10
10.935201217038863
 20
7.003930964221964
 10
10.93134684585848
 20
6.984553731769508
 10
10.930054685725642
 20
6.964839177833296
 10
10.93134684585848
 20
6.945124623897084
 10
10.935201217038863
 20
6.925747391444628
 10
10.941551849907265
 20
6.907039030295573
 10
10.950290083374576
 20
6.8893196456961165
 10
10.961266403843476
 20
6.872892421229498
 10
10.974293003427531
 20
6.858038431260827
 10
10.989146993396202
 20
6.845011831676771
 10
11.005574217862822
 20
6.834035511207871
 10
11.023293602462278
 20
6.825297277740559
 10
11.042001963611334
 20
6.818946644872159
 10
11.06137919606379
 20
6.815092273691775
 10
11.08109375
 20
6.813800113558938
 10
11.100808303936212
 20
6.815092273691775
 10
11.120185536388668
 20
6.818946644872159
 10
11.138893897537724
 20
6.825297277740559
 10
11.15661328213718
 20
6.834035511207871
 10
11.1730405066038
 20
6.845011831676771
 10
11.18789449657247
 20
6.858038431260827
 10
11.200921096156526
 20
6.872892421229498
 10
11.211897416625426
 20
6.8893196456961165
 10
11.220635650092737
 20
6.907039030295573
 10
11.226986282961137
 20
6.925747391444628
 10
11.230840654141522
 20
6.945124623897084
  0
LWPOLYLINE
  5
59D
330
17
100
AcDbEntity
  8
K-ZBROJENIE-OPIS
370
35
 48
0.05
100
AcDbPolyline
 90
48
 70
1
 10
6.850558709970474
 20
4.804374999999999
 10
6.849446541949069
 20
4.821343404988606
 10
6.846129067388053
 20
4.838021475863327
 10
6.840663049196941
 20
4.854123846207461
 10
6.833142012462451
 20
4.869375
 10
6.823694644208334
 20
4.883513985771133
 10
6.812482591524725
 20
4.896298881554251
 10
6.7996976957416075
 20
4.90751093423786
 10
6.785558709970474
 20
4.9169583024919765
 10
6.770307556177936
 20
4.924479339226466
 10
6.7542051858338015
 20
4.929945357417578
 10
6.7375271149590805
 20
4.9332628319785945
 10
6.720558709970474
 20
4.934374999999999
 10
6.7035903049818675
 20
4.9332628319785945
 10
6.6869122341071465
 20
4.929945357417578
 10
6.670809863763012
 20
4.924479339226466
 10
6.655558709970474
 20
4.9169583024919765
 10
6.6414197241993405
 20
4.90751093423786
 10
6.628634828416223
 20
4.896298881554251
 10
6.617422775732614
 20
4.883513985771133
 10
6.607975407478497
 20
4.869375
 10
6.600454370744007
 20
4.854123846207461
 10
6.594988352552895
 20
4.838021475863327
 10
6.591670877991879
 20
4.821343404988606
 10
6.590558709970474
 20
4.804374999999999
 10
6.591670877991879
 20
4.787406595011393
 10
6.594988352552895
 20
4.770728524136672
 10
6.600454370744007
 20
4.754626153792538
 10
6.607975407478497
 20
4.739374999999999
 10
6.617422775732614
 20
4.725236014228866
 10
6.628634828416223
 20
4.712451118445748
 10
6.6414197241993405
 20
4.701239065762139
 10
6.655558709970474
 20
4.691791697508022
 10
6.670809863763012
 20
4.6842706607735325
 10
6.6869122341071465
 20
4.678804642582421
 10
6.7035903049818675
 20
4.675487168021404
 10
6.720558709970474
 20
4.6743749999999995
 10
6.7375271149590805
 20
4.675487168021404
 10
6.7542051858338015
 20
4.678804642582421
 10
6.770307556177936
 20
4.6842706607735325
 10
6.7855587099704735
 20
4.691791697508022
 10
6.7996976957416075
 20
4.701239065762139
 10
6.812482591524725
 20
4.712451118445748
 10
6.823694644208334
 20
4.725236014228866
 10
6.833142012462451
 20
4.739374999999999
 10
6.840663049196941
 20
4.754626153792538
 10
6.846129067388053
 20
4.770728524136672
 10
6.849446541949069
 20
4.787406595011393
  0
LWPOLYLINE
  5
59E
330
17
100
AcDbEntity
  8
K-ZBROJENIE-OPIS
370
35
 48
0.05
100
AcDbPolyline
 90
48
 70
1
 10
9.244678242107655
 20
6.469166666666666
 10
9.243386081974817
 20
6.488881220602878
 10
9.239531710794434
 20
6.508258453055334
 10
9.233181077926032
 20
6.526966814204389
 10
9.224442844458721
 20
6.544686198803846
 10
9.21346652398982
 20
6.561113423270465
 10
9.200439924405766
 20
6.575967413239136
 10
9.185585934437094
 20
6.588994012823191
 10
9.169158709970475
 20
6.599970333292092
 10
9.151439325371019
 20
6.608708566759403
 10
9.132730964221963
 20
6.615059199627804
 10
9.113353731769507
 20
6.618913570808187
 10
9.093639177833296
 20
6.6202057309410245
 10
9.073924623897085
 20
6.618913570808187
 10
9.054547391444629
 20
6.615059199627804
 10
9.035839030295573
 20
6.608708566759403
 10
9.018119645696117
 20
6.599970333292092
 10
9.001692421229498
 20
6.588994012823191
 10
8.986838431260827
 20
6.575967413239136
 10
8.973811831676771
 20
6.561113423270465
 10
8.96283551120787
 20
6.544686198803846
 10
8.95409727774056
 20
6.526966814204389
 10
8.947746644872158
 20
6.508258453055334
 10
8.943892273691775
 20
6.488881220602878
 10
8.942600113558937
 20
6.469166666666666
 10
8.943892273691775
 20
6.449452112730454
 10
8.947746644872158
 20
6.430074880277998
 10
8.95409727774056
 20
6.4113665191289435
 10
8.96283551120787
 20
6.393647134529487
 10
8.973811831676771
 20
6.377219910062868
 10
8.986838431260827
 20
6.362365920094197
 10
9.001692421229498
 20
6.349339320510142
 10
9.018119645696117
 20
6.338363000041241
 10
9.035839030295573
 20
6.32962476657393
 10
9.054547391444629
 20
6.323274133705529
 10
9.073924623897085
 20
6.319419762525145
 10
9.093639177833296
 20
6.318127602392308
 10
9.113353731769507
 20
6.319419762525145
 10
9.132730964221963
 20
6.323274133705529
 10
9.151439325371019
 20
6.32962476657393
 10
9.169158709970475
 20
6.338363000041241
 10
9.185585934437094
 20
6.349339320510142
 10
9.200439924405766
 20
6.362365920094197
 10
9.21346652398982
 20
6.377219910062868
 10
9.224442844458721
 20
6.393647134529487
 10
9.233181077926032
 20
6.4113665191289435
 10
9.239531710794433
 20
6.430074880277998
 10
9.243386081974817
 20
6.449452112730454
  0
LWPOLYLINE
  5
59F
330
17
100
AcDbEntity
  8
K-ZBROJENIE-OPIS
370
35
 48
0.05
100
AcDbPolyline
 90
48
 70
1
 10
7.180039177833295
 20
7.399375
 10
7.17892700981189
 20
7.416343404988607
 10
7.1756095352508735
 20
7.4330214758633275
 10
7.170143517059762
 20
7.449123846207462
 10
7.162622480325272
 20
7.464375
 10
7.153175112071155
 20
7.478513985771134
 10
7.141963059387546
 20
7.491298881554251
 10
7.129178163604428
 20
7.50251093423786
 10
7.115039177833295
 20
7.511958302491977
 10
7.099788024040756
 20
7.519479339226467
 10
7.083685653696622
 20
7.524945357417579
 10
7.067007582821901
 20
7.528262831978595
 10
7.050039177833295
 20
7.529375
 10
7.033070772844688
 20
7.528262831978595
 10
7.016392701969967
 20
7.524945357417579
 10
7.000290331625833
 20
7.519479339226467
 10
6.985039177833294
 20
7.511958302491977
 10
6.970900192062161
 20
7.50251093423786
 10
6.958115296279043
 20
7.491298881554251
 10
6.946903243595434
 20
7.478513985771134
 10
6.937455875341318
 20
7.464375
 10
6.929934838606828
 20
7.449123846207462
 10
6.924468820415716
 20
7.4330214758633275
 10
6.9211513458547
 20
7.416343404988607
 10
6.920039177833295
 20
7.399375
 10
6.9211513458547
 20
7.3824065950113935
 10
6.924468820415716
 20
7.365728524136673
 10
6.929934838606828
 20
7.3496261537925385
 10
6.937455875341318
 20
7.334375
 10
6.946903243595434
 20
7.3202360142288665
 10
6.958115296279043
 20
7.307451118445749
 10
6.970900192062161
 20
7.29623906576214
 10
6.985039177833294
 20
7.286791697508023
 10
7.000290331625833
 20
7.279270660773533
 10
7.016392701969967
 20
7.273804642582421
 10
7.033070772844688
 20
7.270487168021405
 10
7.050039177833295
 20
7.269375
 10
7.067007582821901
 20
7.270487168021405
 10
7.083685653696622
 20
7.273804642582421
 10
7.099788024040756
 20
7.279270660773533
 10
7.115039177833294
 20
7.286791697508023
 10
7.129178163604428
 20
7.29623906576214
 10
7.141963059387546
 20
7.307451118445749
 10
7.153175112071155
 20
7.3202360142288665
 10
7.162622480325272
 20
7.334375
 10
7.170143517059762
 20
7.3496261537925385
 10
7.1756095352508735
 20
7.365728524136673
 10
7.17892700981189
 20
7.3824065950113935
  0
LWPOLYLINE
  5
5A0
330
17
100
AcDbEntity
  8
K-ZBROJENIE-OPIS
370
35
 48
0.05
100
AcDbPolyline
 90
48
 70
1
 10
4.0305587099704745
 20
4.8481250000000005
 10
4.02944654194907
 20
4.865093404988607
 10
4.026129067388053
 20
4.881771475863328
 10
4.0206630491969415
 20
4.897873846207462
 10
4.013142012462452
 20
4.913125000000001
 10
4.003694644208335
 20
4.927263985771134
 10
3.992482591524726
 20
4.940048881554252
 10
3.979697695741608
 20
4.951260934237861
 10
3.9655587099704745
 20
4.960708302491978
 10
3.950307556177936
 20
4.968229339226467
 10
3.9342051858338025
 20
4.973695357417579
 10
3.917527114959081
 20
4.977012831978596
 10
3.9005587099704746
 20
4.978125
 10
3.883590304981868
 20
4.977012831978596
 10
3.866912234107147
 20
4.973695357417579
 10
3.850809863763013
 20
4.968229339226467
 10
3.8355587099704747
 20
4.960708302491978
 10
3.821419724199341
 20
4.951260934237861
 10
3.8086348284162233
 20
4.940048881554252
 10
3.797422775732614
 20
4.927263985771134
 10
3.7879754074784975
 20
4.913125000000001
 10
3.7804543707440073
 20
4.897873846207462
 10
3.7749883525528958
 20
4.881771475863328
 10
3.771670877991879
 20
4.865093404988607
 10
3.7705587099704747
 20
4.8481250000000005
 10
3.771670877991879
 20
4.831156595011394
 10
3.7749883525528958
 20
4.814478524136673
 10
3.7804543707440073
 20
4.798376153792539
 10
3.7879754074784975
 20
4.783125
 10
3.797422775732614
 20
4.768986014228867
 10
3.8086348284162233
 20
4.756201118445749
 10
3.821419724199341
 20
4.74498906576214
 10
3.8355587099704747
 20
4.735541697508023
 10
3.850809863763013
 20
4.728020660773534
 10
3.8669122341071467
 20
4.722554642582422
 10
3.8835903049818676
 20
4.719237168021405
 10
3.9005587099704746
 20
4.718125000000001
 10
3.917527114959081
 20
4.719237168021405
 10
3.934205185833802
 20
4.722554642582422
 10
3.950307556177936
 20
4.728020660773534
 10
3.9655587099704745
 20
4.735541697508023
 10
3.979697695741608
 20
4.74498906576214
 10
3.992482591524726
 20
4.756201118445749
 10
4.003694644208335
 20
4.768986014228867
 10
4.013142012462452
 20
4.783125
 10
4.0206630491969415
 20
4.798376153792539
 10
4.026129067388053
 20
4.814478524136673
 10
4.02944654194907
 20
4.831156595011394
  0
LWPOLYLINE
  5
5A1
330
17
100
AcDbEntity
  8
K-ZBROJENIE-OPIS
370
35
 48
0.05
100
AcDbPolyline
 90
48
 70
1
 10
4.145039177833295
 20
6.493125
 10
4.1439270098118905
 20
6.510093404988607
 10
4.140609535250874
 20
6.5267714758633275
 10
4.135143517059762
 20
6.542873846207462
 10
4.127622480325273
 20
6.558125
 10
4.118175112071156
 20
6.572263985771134
 10
4.106963059387547
 20
6.585048881554251
 10
4.094178163604429
 20
6.59626093423786
 10
4.080039177833296
 20
6.605708302491977
 10
4.064788024040757
 20
6.613229339226467
 10
4.048685653696623
 20
6.618695357417579
 10
4.032007582821902
 20
6.622012831978595
 10
4.0150391778332954
 20
6.623125
 10
3.998070772844689
 20
6.622012831978595
 10
3.981392701969968
 20
6.618695357417579
 10
3.965290331625834
 20
6.613229339226467
 10
3.9500391778332955
 20
6.605708302491977
 10
3.935900192062162
 20
6.59626093423786
 10
3.923115296279044
 20
6.585048881554251
 10
3.911903243595435
 20
6.572263985771134
 10
3.9024558753413183
 20
6.558125
 10
3.894934838606828
 20
6.542873846207462
 10
3.8894688204157166
 20
6.5267714758633275
 10
3.8861513458547
 20
6.510093404988607
 10
3.8850391778332956
 20
6.493125
 10
3.8861513458547
 20
6.4761565950113935
 10
3.8894688204157166
 20
6.459478524136673
 10
3.894934838606828
 20
6.4433761537925385
 10
3.9024558753413183
 20
6.428125
 10
3.911903243595435
 20
6.4139860142288665
 10
3.923115296279044
 20
6.401201118445749
 10
3.935900192062162
 20
6.38998906576214
 10
3.9500391778332955
 20
6.380541697508023
 10
3.965290331625834
 20
6.373020660773533
 10
3.9813927019699675
 20
6.367554642582421
 10
3.9980707728446885
 20
6.364237168021405
 10
4.0150391778332954
 20
6.363125
 10
4.032007582821902
 20
6.364237168021405
 10
4.048685653696623
 20
6.367554642582421
 10
4.064788024040757
 20
6.373020660773533
 10
4.080039177833295
 20
6.380541697508023
 10
4.094178163604429
 20
6.38998906576214
 10
4.106963059387547
 20
6.401201118445749
 10
4.118175112071156
 20
6.4139860142288665
 10
4.127622480325273
 20
6.428125
 10
4.135143517059762
 20
6.4433761537925385
 10
4.140609535250874
 20
6.459478524136673
 10
4.1439270098118905
 20
6.4761565950113935
  0
LWPOLYLINE
  5
5A2
330
17
100
AcDbEntity
  8
K-ZBROJENIE-OPIS
370
35
 48
0.05
100
AcDbPolyline
 90
48
 70
1
 10
-2.8440412900295255
 20
2.106397058823529
 10
-2.8453334501623626
 20
2.1261116127597406
 10
-2.8491878213427464
 20
2.1454888452121965
 10
-2.8555384542111475
 20
2.164197206361252
 10
-2.864276687678459
 20
2.181916590960708
 10
-2.875253008147359
 20
2.1983438154273274
 10
-2.888279607731414
 20
2.213197805395999
 10
-2.9031335977000854
 20
2.2262244049800537
 10
-2.9195608221667047
 20
2.237200725448954
 10
-2.937280206766161
 20
2.2459389589162653
 10
-2.955988567915216
 20
2.2522895917846664
 10
-2.975365800367672
 20
2.25614396296505
 10
-2.9950803543038838
 20
2.2574361230978877
 10
-3.0147949082400953
 20
2.25614396296505
 10
-3.0341721406925513
 20
2.2522895917846664
 10
-3.0528805018416065
 20
2.2459389589162653
 10
-3.070599886441063
 20
2.237200725448954
 10
-3.087027110907682
 20
2.2262244049800537
 10
-3.1018811008763536
 20
2.213197805395999
 10
-3.1149077004604084
 20
2.1983438154273274
 10
-3.1258840209293086
 20
2.181916590960708
 10
-3.13462225439662
 20
2.164197206361252
 10
-3.140972887265021
 20
2.145488845212197
 10
-3.144827258445405
 20
2.1261116127597406
 10
-3.146119418578242
 20
2.106397058823529
 10
-3.144827258445405
 20
2.0866825048873174
 10
-3.140972887265021
 20
2.0673052724348615
 10
-3.1346222543966205
 20
2.0485969112858062
 10
-3.1258840209293086
 20
2.03087752668635
 10
-3.1149077004604084
 20
2.0144503022197306
 10
-3.1018811008763536
 20
1.9995963122510594
 10
-3.087027110907682
 20
1.9865697126670043
 10
-3.070599886441063
 20
1.975593392198104
 10
-3.0528805018416065
 20
1.9668551587307925
 10
-3.0341721406925517
 20
1.9605045258623917
 10
-3.0147949082400953
 20
1.9566501546820076
 10
-2.9950803543038838
 20
1.9553579945491706
 10
-2.975365800367672
 20
1.9566501546820076
 10
-2.9559885679152162
 20
1.9605045258623917
 10
-2.937280206766161
 20
1.9668551587307925
 10
-2.9195608221667047
 20
1.975593392198104
 10
-2.9031335977000854
 20
1.986569712667004
 10
-2.8882796077314143
 20
1.9995963122510594
 10
-2.875253008147359
 20
2.0144503022197306
 10
-2.864276687678459
 20
2.03087752668635
 10
-2.8555384542111475
 20
2.0485969112858062
 10
-2.8491878213427464
 20
2.067305272434861
 10
-2.8453334501623626
 20
2.0866825048873174
  0
LWPOLYLINE
  5
5A3
330
17
100
AcDbEntity
  8
K-ZBROJENIE-OPIS
370
35
 48
0.05
100
AcDbPolyline
 90
48
 70
1
 10
-0.9888022257551674
 20
1.5387499999999998
 10
-0.9900943858880045
 20
1.5584645539362114
 10
-0.9939487570683885
 20
1.5778417863886676
 10
-1.0002993899367894
 20
1.5965501475377226
 10
-1.0090376234041007
 20
1.614269532137179
 10
-1.020013943873001
 20
1.6306967566037982
 10
-1.0330405434570562
 20
1.6455507465724695
 10
-1.0478945334257275
 20
1.6585773461565247
 10
-1.0643217578923465
 20
1.669553666625425
 10
-1.0820411424918028
 20
1.6782919000927363
 10
-1.100749503640858
 20
1.6846425329611372
 10
-1.1201267360933143
 20
1.6884969041415212
 10
-1.1398412900295258
 20
1.6897890642743583
 10
-1.1595558439657374
 20
1.6884969041415212
 10
-1.1789330764181936
 20
1.6846425329611372
 10
-1.1976414375672486
 20
1.6782919000927363
 10
-1.215360822166705
 20
1.669553666625425
 10
-1.2317880466333242
 20
1.6585773461565247
 10
-1.2466420366019955
 20
1.6455507465724695
 10
-1.2596686361860507
 20
1.6306967566037982
 10
-1.270644956654951
 20
1.6142695321371792
 10
-1.2793831901222623
 20
1.5965501475377228
 10
-1.2857338229906632
 20
1.5778417863886676
 10
-1.2895881941710472
 20
1.5584645539362116
 10
-1.2908803543038843
 20
1.5387499999999998
 10
-1.2895881941710472
 20
1.5190354460637883
 10
-1.2857338229906632
 20
1.4996582136113321
 10
-1.2793831901222623
 20
1.480949852462277
 10
-1.270644956654951
 20
1.4632304678628207
 10
-1.2596686361860507
 20
1.4468032433962015
 10
-1.2466420366019955
 20
1.4319492534275302
 10
-1.2317880466333242
 20
1.4189226538434752
 10
-1.2153608221667052
 20
1.4079463333745748
 10
-1.1976414375672488
 20
1.3992080999072634
 10
-1.1789330764181936
 20
1.3928574670388625
 10
-1.1595558439657376
 20
1.3890030958584785
 10
-1.1398412900295258
 20
1.3877109357256414
 10
-1.1201267360933143
 20
1.3890030958584785
 10
-1.100749503640858
 20
1.3928574670388625
 10
-1.082041142491803
 20
1.3992080999072634
 10
-1.0643217578923467
 20
1.4079463333745748
 10
-1.0478945334257275
 20
1.418922653843475
 10
-1.0330405434570562
 20
1.4319492534275302
 10
-1.0200139438730011
 20
1.4468032433962015
 10
-1.0090376234041007
 20
1.4632304678628205
 10
-1.0002993899367894
 20
1.4809498524622768
 10
-0.9939487570683885
 20
1.4996582136113321
 10
-0.9900943858880045
 20
1.519035446063788
  0
LWPOLYLINE
  5
5A4
330
17
100
AcDbEntity
  8
K-ZBROJENIE-OPIS
370
35
 48
0.05
100
AcDbPolyline
 90
48
 70
1
 10
7.654914064274358
 20
-1.8707608221667047
 10
7.653621904141521
 20
-1.8510462682304931
 10
7.649767532961137
 20
-1.831669035778037
 10
7.6434169000927366
 20
-1.812960674628982
 10
7.634678666625425
 20
-1.7952412900295256
 10
7.6237023461565245
 20
-1.7788140655629063
 10
7.610675746572469
 20
-1.763960075594235
 10
7.595821756603798
 20
-1.7509334760101798
 10
7.579394532137179
 20
-1.7399571555412796
 10
7.561675147537723
 20
-1.7312189220739682
 10
7.542966786388668
 20
-1.7248682892055673
 10
7.523589553936212
 20
-1.7210139180251833
 10
7.503875
 20
-1.7197217578923463
 10
7.484160446063788
 20
-1.7210139180251833
 10
7.464783213611332
 20
-1.7248682892055673
 10
7.446074852462277
 20
-1.7312189220739682
 10
7.42835546786282
 20
-1.7399571555412796
 10
7.4119282433962015
 20
-1.7509334760101798
 10
7.39707425342753
 20
-1.763960075594235
 10
7.384047653843475
 20
-1.7788140655629063
 10
7.3730713333745745
 20
-1.7952412900295254
 10
7.364333099907263
 20
-1.8129606746289817
 10
7.3579824670388625
 20
-1.831669035778037
 10
7.354128095858479
 20
-1.851046268230493
 10
7.352835935725642
 20
-1.8707608221667047
 10
7.354128095858479
 20
-1.8904753761029163
 10
7.3579824670388625
 20
-1.9098526085553724
 10
7.364333099907263
 20
-1.9285609697044275
 10
7.3730713333745745
 20
-1.9462803543038838
 10
7.384047653843475
 20
-1.962707578770503
 10
7.39707425342753
 20
-1.9775615687391743
 10
7.4119282433962015
 20
-1.9905881683232294
 10
7.42835546786282
 20
-2.0015644887921296
 10
7.446074852462277
 20
-2.010302722259441
 10
7.464783213611332
 20
-2.016653355127842
 10
7.484160446063788
 20
-2.020507726308226
 10
7.503875
 20
-2.0217998864410633
 10
7.523589553936212
 20
-2.020507726308226
 10
7.542966786388668
 20
-2.016653355127842
 10
7.561675147537723
 20
-2.010302722259441
 10
7.579394532137179
 20
-2.0015644887921296
 10
7.595821756603798
 20
-1.9905881683232296
 10
7.610675746572469
 20
-1.9775615687391743
 10
7.6237023461565245
 20
-1.962707578770503
 10
7.634678666625425
 20
-1.946280354303884
 10
7.6434169000927366
 20
-1.9285609697044277
 10
7.649767532961137
 20
-1.9098526085553724
 10
7.653621904141521
 20
-1.8904753761029165
  0
LWPOLYLINE
  5
5A5
330
17
100
AcDbEntity
  8
K-ZBROJENIE-OPIS
370
35
 48
0.05
100
AcDbPolyline
 90
6
 70
1
 10
3.90638769021122
 20
8.55
 10
3.9603876902112196
 20
8.64
 10
4.1996123097887805
 20
8.64
 10
4.253612309788781
 20
8.55
 10
4.1996123097887805
 20
8.46
 10
3.9603876902112196
 20
8.46
  0
LWPOLYLINE
  5
5A6
330
17
100
AcDbEntity
  8
K-ZBROJENIE-OPIS
370
35
 48
0.05
100
AcDbPolyline
 90
6
 70
1
 10
5.496387690211219
 20
8.55
 10
5.5503876902112195
 20
8.64
 10
5.78961230978878
 20
8.64
 10
5.843612309788781
 20
8.55
 10
5.78961230978878
 20
8.46
 10
5.5503876902112195
 20
8.46
  0
LWPOLYLINE
  5
5A7
330
17
100
AcDbEntity
  8
K-ZBROJENIE-OPIS
370
35
 48
0.05
100
AcDbPolyline
 90
6
 70
1
 10
5.966387690211219
 20
8.49
 10
6.020387690211219
 20
8.58
 10
6.25961230978878
 20
8.58
 10
6.31361230978878
 20
8.49
 10
6.25961230978878
 20
8.4
 10
6.020387690211219
 20
8.4
  0
LWPOLYLINE
  5
5A8
330
17
100
AcDbEntity
  8
K-ZBROJENIE-OPIS
370
35
 48
0.05
100
AcDbPolyline
 90
6
 70
1
 10
8.06638769021122
 20
8.49
 10
8.12038769021122
 20
8.58
 10
8.35961230978878
 20
8.58
 10
8.41361230978878
 20
8.49
 10
8.35961230978878
 20
8.4
 10
8.12038769021122
 20
8.4
  0
LWPOLYLINE
  5
5A9
330
17
100
AcDbEntity
  8
K-ZBROJENIE-OPIS
370
35
 48
0.05
100
AcDbPolyline
 90
6
 70
1
 10
8.82638769021122
 20
8.4
 10
8.88038769021122
 20
8.49
 10
9.11961230978878
 20
8.49
 10
9.17361230978878
 20
8.4
 10
9.11961230978878
 20
8.31
 10
8.88038769021122
 20
8.31
  0
LWPOLYLINE
  5
5AA
330
17
100
AcDbEntity
  8
K-ZBROJENIE-OPIS
370
35
 48
0.05
100
AcDbPolyline
 90
6
 70
1
 10
11.47638769021122
 20
8.4
 10
11.53038769021122
 20
8.49
 10
11.76961230978878
 20
8.49
 10
11.82361230978878
 20
8.4
 10
11.76961230978878
 20
8.31
 10
11.53038769021122
 20
8.31
  0
LWPOLYLINE
  5
5AB
330
17
100
AcDbEntity
  8
K-ZBROJENIE-OPIS
370
35
 48
0.05
100
AcDbPolyline
 90
6
 70
1
 10
0.1863876902112196
 20
8.39
 10
0.24038769021121958
 20
8.48
 10
0.4796123097887804
 20
8.48
 10
0.5336123097887804
 20
8.39
 10
0.4796123097887804
 20
8.3
 10
0.24038769021121958
 20
8.3
  0
LWPOLYLINE
  5
5AC
330
17
100
AcDbEntity
  8
K-ZBROJENIE-OPIS
370
35
 48
0.05
100
AcDbPolyline
 90
6
 70
1
 10
3.1863876902112196
 20
8.39
 10
3.2403876902112194
 20
8.48
 10
3.4796123097887803
 20
8.48
 10
3.53361230978878
 20
8.39
 10
3.4796123097887803
 20
8.3
 10
3.2403876902112194
 20
8.3
  0
LWPOLYLINE
  5
5AD
330
17
100
AcDbEntity
  8
K-ZBROJENIE-OPIS
370
35
 48
0.05
100
AcDbPolyline
 90
6
 70
1
 10
11.47638769021122
 20
5.62
 10
11.53038769021122
 20
5.71
 10
11.76961230978878
 20
5.71
 10
11.82361230978878
 20
5.62
 10
11.76961230978878
 20
5.53
 10
11.53038769021122
 20
5.53
  0
TEXT
  5
5AE
330
17
100
AcDbEntity
  8
K-ZBROJENIE-OPIS
100
AcDbText
 10
0.9652147853736093
 20
-1.2063970588235295
 30
0.0
 40
0.125
  1
15
  7
PL_ARIAL
 11
0.9652147853736093
 21
-1.2063970588235295
 31
0.0
100
AcDbText
  0
TEXT
  5
5AF
330
17
100
AcDbEntity
  8
K-ZBROJENIE-OPIS
100
AcDbText
 10
2.412934317510788
 20
3.0867592592592596
 30
0.0
 40
0.125
  1
1
  7
PL_ARIAL
 11
2.412934317510788
 21
3.0867592592592596
 31
0.0
100
AcDbText
  0
TEXT
  5
5B0
330
17
100
AcDbEntity
  8
K-ZBROJENIE-OPIS
100
AcDbText
 10
-1.6151918420521358
 20
3.3587391778332956
 30
0.0
 40
0.125
  1
17
  7
PL_ARIAL
 11
-1.6151918420521358
 21
3.3587391778332956
 31
0.0
100
AcDbText
  0
TEXT
  5
5B1
330
17
100
AcDbEntity
  8
K-ZBROJENIE-OPIS
100
AcDbText
 10
3.2893998227015304
 20
1.0008587099704744
 30
0.0
 40
0.125
  1
3
  7
PL_ARIAL
 11
3.2893998227015304
 21
1.0008587099704744
 31
0.0
100
AcDbText
  0
TEXT
  5
5B2
330
17
100
AcDbEntity
  8
K-ZBROJENIE-OPIS
100
AcDbText
 10
8.702625629153141
 20
1.0008587099704744
 30
0.0
 40
0.125
  1
3
  7
PL_ARIAL
 11
8.702625629153141
 21
1.0008587099704744
 31
0.0
100
AcDbText
  0
TEXT
  5
5B3
330
17
100
AcDbEntity
  8
K-ZBROJENIE-OPIS
100
AcDbText
 10
-0.43679650238473783
 20
2.7531391778332956
 30
0.0
 40
0.125
  1
11
  7
PL_ARIAL
 11
-0.43679650238473783
 21
2.7531391778332956
 31
0.0
100
AcDbText
  0
TEXT
  5
5B4
330
17
100
AcDbEntity
  8
K-ZBROJENIE-OPIS
100
AcDbText
 10
1.3477869194757242
 20
0.8479391778332956
 30
0.0
 40
0.125
  1
2
  7
PL_ARIAL
 11
1.3477869194757242
 21
0.8479391778332956
 31
0.0
100
AcDbText
  0
TEXT
  5
5B5
330
17
100
AcDbEntity
  8
K-ZBROJENIE-OPIS
100
AcDbText
 10
9.992948209798303
 20
0.8479391778332956
 30
0.0
 40
0.125
  1
2
  7
PL_ARIAL
 11
9.992948209798303
 21
0.8479391778332956
 31
0.0
100
AcDbText
  0
TEXT
  5
5B6
330
17
100
AcDbEntity
  8
K-ZBROJENIE-OPIS
100
AcDbText
 10
5.605851435604756
 20
0.7903391778332953
 30
0.0
 40
0.125
  1
4
  7
PL_ARIAL
 11
5.605851435604756
 21
0.7903391778332953
 31
0.0
100
AcDbText
  0
TEXT
  5
5B7
330
17
100
AcDbEntity
  8
K-ZBROJENIE-OPIS
100
AcDbText
 10
5.296980467862821
 20
6.767939177833295
 30
0.0
 40
0.125
  1
7
  7
PL_ARIAL
 11
5.296980467862821
 21
6.767939177833295
 31
0.0
100
AcDbText
  0
TEXT
  5
5B8
330
17
100
AcDbEntity
  8
K-ZBROJENIE-OPIS
100
AcDbText
 10
6.840730467862821
 20
5.407139177833296
 30
0.0
 40
0.125
  1
7
  7
PL_ARIAL
 11
6.840730467862821
 21
5.407139177833296
 31
0.0
100
AcDbText
  0
TEXT
  5
5B9
330
17
100
AcDbEntity
  8
K-ZBROJENIE-OPIS
100
AcDbText
 10
1.5206001135589369
 20
7.323333333333333
 30
0.0
 40
0.125
  1
12
  7
PL_ARIAL
 11
1.5206001135589369
 21
7.323333333333333
 31
0.0
100
AcDbText
  0
TEXT
  5
5BA
330
17
100
AcDbEntity
  8
K-ZBROJENIE-OPIS
100
AcDbText
 10
0.8434053801700861
 20
5.692739177833296
 30
0.0
 40
0.125
  1
13
  7
PL_ARIAL
 11
0.8434053801700861
 21
5.692739177833296
 31
0.0
100
AcDbText
  0
TEXT
  5
5BB
330
17
100
AcDbEntity
  8
K-ZBROJENIE-OPIS
100
AcDbText
 10
10.980054685725642
 20
6.902339177833296
 30
0.0
 40
0.125
  1
13
  7
PL_ARIAL
 11
10.980054685725642
 21
6.902339177833296
 31
0.0
100
AcDbText
  0
TEXT
  5
5BC
330
17
100
AcDbEntity
  8
K-ZBROJENIE-OPIS
100
AcDbText
 10
6.670039177833295
 20
4.741874999999999
 30
0.0
 40
0.125
  1
8
  7
PL_ARIAL
 11
6.670039177833295
 21
4.741874999999999
 31
0.0
100
AcDbText
  0
TEXT
  5
5BD
330
17
100
AcDbEntity
  8
K-ZBROJENIE-OPIS
100
AcDbText
 10
8.992600113558938
 20
6.406666666666666
 30
0.0
 40
0.125
  1
14
  7
PL_ARIAL
 11
8.992600113558938
 21
6.406666666666666
 31
0.0
100
AcDbText
  0
TEXT
  5
5BE
330
17
100
AcDbEntity
  8
K-ZBROJENIE-OPIS
100
AcDbText
 10
6.9995196456961155
 20
7.336875
 30
0.0
 40
0.125
  1
9
  7
PL_ARIAL
 11
6.9995196456961155
 21
7.336875
 31
0.0
100
AcDbText
  0
TEXT
  5
5BF
330
17
100
AcDbEntity
  8
K-ZBROJENIE-OPIS
100
AcDbText
 10
3.8500391778332954
 20
4.7856250000000005
 30
0.0
 40
0.125
  1
5
  7
PL_ARIAL
 11
3.8500391778332954
 21
4.7856250000000005
 31
0.0
100
AcDbText
  0
TEXT
  5
5C0
330
17
100
AcDbEntity
  8
K-ZBROJENIE-OPIS
100
AcDbText
 10
3.9645196456961163
 20
6.430625
 30
0.0
 40
0.125
  1
6
  7
PL_ARIAL
 11
3.9645196456961163
 21
6.430625
 31
0.0
100
AcDbText
  0
TEXT
  5
5C1
330
17
100
AcDbEntity
  8
K-ZBROJENIE-OPIS
100
AcDbText
 10
-3.096119418578242
 20
2.043897058823529
 30
0.0
 40
0.125
  1
16
  7
PL_ARIAL
 11
-3.096119418578242
 21
2.043897058823529
 31
0.0
100
AcDbText
  0
TEXT
  5
5C2
330
17
100
AcDbEntity
  8
K-ZBROJENIE-OPIS
100
AcDbText
 10
-1.2408803543038842
 20
1.4762499999999998
 30
0.0
 40
0.125
  1
10
  7
PL_ARIAL
 11
-1.2408803543038842
 21
1.4762499999999998
 31
0.0
100
AcDbText
  0
TEXT
  5
5C3
330
17
100
AcDbEntity
  8
K-ZBROJENIE-OPIS
100
AcDbText
 10
7.4028359357256415
 20
-1.9332608221667047
 30
0.0
 40
0.125
  1
18
  7
PL_ARIAL
 11
7.4028359357256415
 21
-1.9332608221667047
 31
0.0
100
AcDbText
  0
TEXT
  5
5C4
330
17
100
AcDbEntity
  8
K-ZBROJENIE-OPIS
100
AcDbText
 10
3.9963876902112196
 20
8.505
 30
0.0
 40
0.09000000000000001
  1
N1
  7
PL_ARIAL
 11
3.9963876902112196
 21
8.505
 31
0.0
100
AcDbText
  0
TEXT
  5
5C5
330
17
100
AcDbEntity
  8
K-ZBROJENIE-OPIS
100
AcDbText
 10
5.58638769021122
 20
8.505
 30
0.0
 40
0.09000000000000001
  1
N2
  7
PL_ARIAL
 11
5.58638769021122
 21
8.505
 31
0.0
100
AcDbText
  0
TEXT
  5
5C6
330
17
100
AcDbEntity
  8
K-ZBROJENIE-OPIS
100
AcDbText
 10
6.05638769021122
 20
8.445
 30
0.0
 40
0.09000000000000001
  1
N3
  7
PL_ARIAL
 11
6.05638769021122
 21
8.445
 31
0.0
100
AcDbText
  0
TEXT
  5
5C7
330
17
100
AcDbEntity
  8
K-ZBROJENIE-OPIS
100
AcDbText
 10
8.15638769021122
 20
8.445
 30
0.0
 40
0.09000000000000001
  1
N4
  7
PL_ARIAL
 11
8.15638769021122
 21
8.445
 31
0.0
100
AcDbText
  0
TEXT
  5
5C8
330
17
100
AcDbEntity
  8
K-ZBROJENIE-OPIS
100
AcDbText
 10
8.91638769021122
 20
8.355
 30
0.0
 40
0.09000000000000001
  1
N5
  7
PL_ARIAL
 11
8.91638769021122
 21
8.355
 31
0.0
100
AcDbText
  0
TEXT
  5
5C9
330
17
100
AcDbEntity
  8
K-ZBROJENIE-OPIS
100
AcDbText
 10
11.56638769021122
 20
8.355
 30
0.0
 40
0.09000000000000001
  1
N6
  7
PL_ARIAL
 11
11.56638769021122
 21
8.355
 31
0.0
100
AcDbText
  0
TEXT
  5
5CA
330
17
100
AcDbEntity
  8
K-ZBROJENIE-OPIS
100
AcDbText
 10
0.2763876902112196
 20
8.345
 30
0.0
 40
0.09000000000000001
  1
N7
  7
PL_ARIAL
 11
0.2763876902112196
 21
8.345
 31
0.0
100
AcDbText
  0
TEXT
  5
5CB
330
17
100
AcDbEntity
  8
K-ZBROJENIE-OPIS
100
AcDbText
 10
3.2763876902112195
 20
8.345
 30
0.0
 40
0.09000000000000001
  1
N8
  7
PL_ARIAL
 11
3.2763876902112195
 21
8.345
 31
0.0
100
AcDbText
  0
TEXT
  5
5CC
330
17
100
AcDbEntity
  8
K-ZBROJENIE-OPIS
100
AcDbText
 10
11.56638769021122
 20
5.575
 30
0.0
 40
0.09000000000000001
  1
N9
  7
PL_ARIAL
 11
11.56638769021122
 21
5.575
 31
0.0
100
AcDbText
  0
HATCH
  5
5CD
330
17
100
AcDbEntity
  8
A-MASKA
 62
7
420
16777215
100
AcDbHatch
 10
0.0
 20
0.0
 30
0.0
210
0.0
220
0.0
230
1.0
  2
SOLID
 70
1
 71
0
 91
1
 92
3
 72
0
 73
1
 93
4
 10
-0.6665585964115376
 20
-1.7925
 10
-0.3334414035884624
 20
-1.7925
 10
-0.3334414035884624
 20
-1.61
 10
-0.6665585964115376
 20
-1.61
 97
0
 75
0
 76
1
 98
0
  0
TEXT
  5
5CE
330
17
100
AcDbEntity
  8
K-WYMIARY
100
AcDbText
 10
-0.6515585964115376
 20
-1.75
 30
0.0
 40
0.125
  1
100
  7
PL_ARIAL
 11
-0.6515585964115376
 21
-1.75
 31
0.0
100
AcDbText
  0
HATCH
  5
5CF
330
17
100
AcDbEntity
  8
A-MASKA
 62
7
420
16777215
100
AcDbHatch
 10
0.0
 20
0.0
 30
0.0
210
0.0
220
0.0
230
1.0
  2
SOLID
 70
1
 71
0
 91
1
 92
3
 72
0
 73
1
 93
4
 10
1.7308173404496934
 20
-1.7925
 10
2.1441826595503066
 20
-1.7925
 10
2.1441826595503066
 20
-1.5825
 10
1.7308173404496934
 20
-1.5825
 97
0
 75
0
 76
1
 98
0
  0
TEXT
  5
5D0
330
17
100
AcDbEntity
  8
K-WYMIARY
100
AcDbText
 10
1.7458173404496933
 20
-1.75
 30
0.0
 40
0.125
  1
387
  7
PL_ARIAL
 11
1.7458173404496933
 21
-1.75
 31
0.0
100
AcDbText
  0
TEXT
  5
5D1
330
17
100
AcDbEntity
  8
K-WYMIARY
100
AcDbText
 10
2.0564345332727685
 20
-1.6875
 30
0.0
 40
0.09000000000000001
  1
5
  7
PL_ARIAL
 11
2.0564345332727685
 21
-1.6875
 31
0.0
100
AcDbText
  0
HATCH
  5
5D2
330
17
100
AcDbEntity
  8
A-MASKA
 62
7
420
16777215
100
AcDbHatch
 10
0.0
 20
0.0
 30
0.0
210
0.0
220
0.0
230
1.0
  2
SOLID
 70
1
 71
0
 91
1
 92
3
 72
0
 73
1
 93
4
 10
4.708441403588463
 20
-1.7925
 10
5.041558596411537
 20
-1.7925
 10
5.041558596411537
 20
-1.61
 10
4.708441403588463
 20
-1.61
 97
0
 75
0
 76
1
 98
0
  0
TEXT
  5
5D3
330
17
100
AcDbEntity
  8
K-WYMIARY
100
AcDbText
 10
4.723441403588462
 20
-1.75
 30
0.0
 40
0.125
  1
200
  7
PL_ARIAL
 11
4.723441403588462
 21
-1.75
 31
0.0
100
AcDbText
  0
HATCH
  5
5D4
330
17
100
AcDbEntity
  8
A-MASKA
 62
7
420
16777215
100
AcDbHatch
 10
0.0
 20
0.0
 30
0.0
210
0.0
220
0.0
230
1.0
  2
SOLID
 70
1
 71
0
 91
1
 92
3
 72
0
 73
1
 93
4
 10
6.325817340449694
 20
-1.7925
 10
6.739182659550307
 20
-1.7925
 10
6.739182659550307
 20
-1.5825
 10
6.325817340449694
 20
-1.5825
 97
0
 75
0
 76
1
 98
0
  0
TEXT
  5
5D5
330
17
100
AcDbEntity
  8
K-WYMIARY
100
AcDbText
 10
6.340817340449694
 20
-1.75
 30
0.0
 40
0.125
  1
131
  7
PL_ARIAL
 11
6.340817340449694
 21
-1.75
 31
0.0
100
AcDbText
  0
TEXT
  5
5D6
330
17
100
AcDbEntity
  8
K-WYMIARY
100
AcDbText
 10
6.651434533272769
 20
-1.6875
 30
0.0
 40
0.09000000000000001
  1
5
  7
PL_ARIAL
 11
6.651434533272769
 21
-1.6875
 31
0.0
100
AcDbText
  0
HATCH
  5
5D7
330
17
100
AcDbEntity
  8
A-MASKA
 62
7
420
16777215
100
AcDbHatch
 10
0.0
 20
0.0
 30
0.0
210
0.0
220
0.0
230
1.0
  2
SOLID
 70
1
 71
0
 91
1
 92
3
 72
0
 73
1
 93
4
 10
7.678441403588463
 20
-1.7925
 10
8.011558596411538
 20
-1.7925
 10
8.011558596411538
 20
-1.61
 10
7.678441403588463
 20
-1.61
 97
0
 75
0
 76
1
 98
0
  0
TEXT
  5
5D8
330
17
100
AcDbEntity
  8
K-WYMIARY
100
AcDbText
 10
7.693441403588463
 20
-1.75
 30
0.0
 40
0.125
  1
131
  7
PL_ARIAL
 11
7.693441403588463
 21
-1.75
 31
0.0
100
AcDbText
  0
HATCH
  5
5D9
330
17
100
AcDbEntity
  8
A-MASKA
 62
7
420
16777215
100
AcDbHatch
 10
0.0
 20
0.0
 30
0.0
210
0.0
220
0.0
230
1.0
  2
SOLID
 70
1
 71
0
 91
1
 92
3
 72
0
 73
1
 93
4
 10
8.980817340449693
 20
-1.7925
 10
9.394182659550307
 20
-1.7925
 10
9.394182659550307
 20
-1.5825
 10
8.980817340449693
 20
-1.5825
 97
0
 75
0
 76
1
 98
0
  0
TEXT
  5
5DA
330
17
100
AcDbEntity
  8
K-WYMIARY
100
AcDbText
 10
8.995817340449694
 20
-1.75
 30
0.0
 40
0.125
  1
137
  7
PL_ARIAL
 11
8.995817340449694
 21
-1.75
 31
0.0
100
AcDbText
  0
TEXT
  5
5DB
330
17
100
AcDbEntity
  8
K-WYMIARY
100
AcDbText
 10
9.30643453327277
 20
-1.6875
 30
0.0
 40
0.09000000000000001
  1
5
  7
PL_ARIAL
 11
9.30643453327277
 21
-1.6875
 31
0.0
100
AcDbText
  0
HATCH
  5
5DC
330
17
100
AcDbEntity
  8
A-MASKA
 62
7
420
16777215
100
AcDbHatch
 10
0.0
 20
0.0
 30
0.0
210
0.0
220
0.0
230
1.0
  2
SOLID
 70
1
 71
0
 91
1
 92
3
 72
0
 73
1
 93
4
 10
10.730817340449693
 20
-1.7925
 10
11.144182659550307
 20
-1.7925
 10
11.144182659550307
 20
-1.5825
 10
10.730817340449693
 20
-1.5825
 97
0
 75
0
 76
1
 98
0
  0
TEXT
  5
5DD
330
17
100
AcDbEntity
  8
K-WYMIARY
100
AcDbText
 10
10.745817340449694
 20
-1.75
 30
0.0
 40
0.125
  1
212
  7
PL_ARIAL
 11
10.745817340449694
 21
-1.75
 31
0.0
100
AcDbText
  0
TEXT
  5
5DE
330
17
100
AcDbEntity
  8
K-WYMIARY
100
AcDbText
 10
11.05643453327277
 20
-1.6875
 30
0.0
 40
0.09000000000000001
  1
5
  7
PL_ARIAL
 11
11.05643453327277
 21
-1.6875
 31
0.0
100
AcDbText
  0
HATCH
  5
5DF
330
17
100
AcDbEntity
  8
A-MASKA
 62
7
420
16777215
100
AcDbHatch
 10
0.0
 20
0.0
 30
0.0
210
0.0
220
0.0
230
1.0
  2
SOLID
 70
1
 71
0
 91
1
 92
3
 72
0
 73
1
 93
4
 10
4.882921871451283
 20
-2.1425000000000005
 10
5.317078128548716
 20
-2.1425000000000005
 10
5.317078128548716
 20
-1.9600000000000006
 10
4.882921871451283
 20
-1.9600000000000006
 97
0
 75
0
 76
1
 98
0
  0
TEXT
  5
5E0
330
17
100
AcDbEntity
  8
K-WYMIARY
100
AcDbText
 10
4.897921871451283
 20
-2.1000000000000005
 30
0.0
 40
0.125
  1
1500
  7
PL_ARIAL
 11
4.897921871451283
 21
-2.1000000000000005
 31
0.0
100
AcDbText
  0
HATCH
  5
5E1
330
17
100
AcDbEntity
  8
A-MASKA
 62
7
420
16777215
100
AcDbHatch
 10
0.0
 20
0.0
 30
0.0
210
0.0
220
0.0
230
1.0
  2
SOLID
 70
1
 71
0
 91
1
 92
3
 72
0
 73
1
 93
4
 10
-2.9074999999999998
 20
1.2308173404496934
 10
-2.9074999999999998
 20
1.6441826595503066
 10
-3.1174999999999997
 20
1.6441826595503066
 10
-3.1174999999999997
 20
1.2308173404496934
 97
0
 75
0
 76
1
 98
0
  0
TEXT
  5
5E2
330
17
100
AcDbEntity
  8
K-WYMIARY
100
AcDbText
 10
-2.9499999999999997
 20
1.2458173404496933
 30
0.0
 40
0.125
  1
287
 50
90.0
  7
PL_ARIAL
 11
-2.9499999999999997
 21
1.2458173404496933
 31
0.0
100
AcDbText
  0
TEXT
  5
5E3
330
17
100
AcDbEntity
  8
K-WYMIARY
100
AcDbText
 10
-3.0124999999999997
 20
1.5564345332727685
 30
0.0
 40
0.09000000000000001
  1
5
 50
90.0
  7
PL_ARIAL
 11
-3.0124999999999997
 21
1.5564345332727685
 31
0.0
100
AcDbText
  0
HATCH
  5
5E4
330
17
100
AcDbEntity
  8
A-MASKA
 62
7
420
16777215
100
AcDbHatch
 10
0.0
 20
0.0
 30
0.0
210
0.0
220
0.0
230
1.0
  2
SOLID
 70
1
 71
0
 91
1
 92
3
 72
0
 73
1
 93
4
 10
-2.9074999999999998
 20
3.1563368725868726
 10
-2.9074999999999998
 20
3.4686631274131274
 10
-3.1174999999999997
 20
3.4686631274131274
 10
-3.1174999999999997
 20
3.1563368725868726
 97
0
 75
0
 76
1
 98
0
  0
TEXT
  5
5E5
330
17
100
AcDbEntity
  8
K-WYMIARY
100
AcDbText
 10
-2.9499999999999997
 20
3.1713368725868727
 30
0.0
 40
0.125
  1
87
 50
90.0
  7
PL_ARIAL
 11
-2.9499999999999997
 21
3.1713368725868727
 31
0.0
100
AcDbText
  0
TEXT
  5
5E6
330
17
100
AcDbEntity
  8
K-WYMIARY
100
AcDbText
 10
-3.0124999999999997
 20
3.3809150011355893
 30
0.0
 40
0.09000000000000001
  1
5
 50
90.0
  7
PL_ARIAL
 11
-3.0124999999999997
 21
3.3809150011355893
 31
0.0
100
AcDbText
  0
HATCH
  5
5E7
330
17
100
AcDbEntity
  8
A-MASKA
 62
7
420
16777215
100
AcDbHatch
 10
0.0
 20
0.0
 30
0.0
210
0.0
220
0.0
230
1.0
  2
SOLID
 70
1
 71
0
 91
1
 92
3
 72
0
 73
1
 93
4
 10
-2.9074999999999998
 20
4.230817340449693
 10
-2.9074999999999998
 20
4.644182659550307
 10
-3.1174999999999997
 20
4.644182659550307
 10
-3.1174999999999997
 20
4.230817340449693
 97
0
 75
0
 76
1
 98
0
  0
TEXT
  5
5E8
330
17
100
AcDbEntity
  8
K-WYMIARY
100
AcDbText
 10
-2.9499999999999997
 20
4.245817340449693
 30
0.0
 40
0.125
  1
137
 50
90.0
  7
PL_ARIAL
 11
-2.9499999999999997
 21
4.245817340449693
 31
0.0
100
AcDbText
  0
TEXT
  5
5E9
330
17
100
AcDbEntity
  8
K-WYMIARY
100
AcDbText
 10
-3.0124999999999997
 20
4.5564345332727685
 30
0.0
 40
0.09000000000000001
  1
5
 50
90.0
  7
PL_ARIAL
 11
-3.0124999999999997
 21
4.5564345332727685
 31
0.0
100
AcDbText
  0
HATCH
  5
5EA
330
17
100
AcDbEntity
  8
A-MASKA
 62
7
420
16777215
100
AcDbHatch
 10
0.0
 20
0.0
 30
0.0
210
0.0
220
0.0
230
1.0
  2
SOLID
 70
1
 71
0
 91
1
 92
3
 72
0
 73
1
 93
4
 10
-2.9074999999999998
 20
6.730817340449693
 10
-2.9074999999999998
 20
7.144182659550307
 10
-3.1174999999999997
 20
7.144182659550307
 10
-3.1174999999999997
 20
6.730817340449693
 97
0
 75
0
 76
1
 98
0
  0
TEXT
  5
5EB
330
17
100
AcDbEntity
  8
K-WYMIARY
100
AcDbText
 10
-2.9499999999999997
 20
6.745817340449693
 30
0.0
 40
0.125
  1
362
 50
90.0
  7
PL_ARIAL
 11
-2.9499999999999997
 21
6.745817340449693
 31
0.0
100
AcDbText
  0
TEXT
  5
5EC
330
17
100
AcDbEntity
  8
K-WYMIARY
100
AcDbText
 10
-3.0124999999999997
 20
7.0564345332727685
 30
0.0
 40
0.09000000000000001
  1
5
 50
90.0
  7
PL_ARIAL
 11
-3.0124999999999997
 21
7.0564345332727685
 31
0.0
100
AcDbText
  0
HATCH
  5
5ED
330
17
100
AcDbEntity
  8
A-MASKA
 62
7
420
16777215
100
AcDbHatch
 10
0.0
 20
0.0
 30
0.0
210
0.0
220
0.0
230
1.0
  2
SOLID
 70
1
 71
0
 91
1
 92
3
 72
0
 73
1
 93
4
 10
-3.2575
 20
3.552921871451283
 10
-3.2575
 20
3.987078128548717
 10
-3.44
 20
3.987078128548717
 10
-3.44
 20
3.552921871451283
 97
0
 75
0
 76
1
 98
0
  0
TEXT
  5
5EE
330
17
100
AcDbEntity
  8
K-WYMIARY
100
AcDbText
 10
-3.3
 20
3.5679218714512833
 30
0.0
 40
0.125
  1
1014
 50
90.0
  7
PL_ARIAL
 11
-3.3
 21
3.5679218714512833
 31
0.0
100
AcDbText
  0
HATCH
  5
5EF
330
17
100
AcDbEntity
  8
A-MASKA
 62
7
420
16777215
100
AcDbHatch
 10
0.0
 20
0.0
 30
0.0
210
0.0
220
0.0
230
1.0
  2
SOLID
 70
1
 71
0
 91
1
 92
3
 72
0
 73
1
 93
4
 10
1.241253849647968
 20
-1.2588970588235295
 10
3.9375461503520333
 20
-1.2588970588235295
 10
3.9375461503520333
 20
-1.0563970588235296
 10
1.241253849647968
 20
-1.0563970588235296
 97
0
 75
0
 76
1
 98
0
  0
TEXT
  5
5F0
330
17
100
AcDbEntity
  8
K-ZBROJENIE-OPIS
100
AcDbText
 10
1.2662538496479678
 20
-1.2063970588235295
 30
0.0
 40
0.125
  1
5×2 Ø10 co 20 l=771 (zakład 50)
  7
PL_ARIAL
 11
1.2662538496479678
 21
-1.2063970588235295
 31
0.0
100
AcDbText
  0
HATCH
  5
5F1
330
17
100
AcDbEntity
  8
A-MASKA
 62
7
420
16777215
100
AcDbHatch
 10
0.0
 20
0.0
 30
0.0
210
0.0
220
0.0
230
1.0
  2
SOLID
 70
1
 71
0
 91
1
 92
3
 72
0
 73
1
 93
4
 10
2.6184538496479672
 20
3.03425925925926
 10
5.314746150352033
 20
3.03425925925926
 10
5.314746150352033
 20
3.2367592592592596
 10
2.6184538496479672
 20
3.2367592592592596
 97
0
 75
0
 76
1
 98
0
  0
TEXT
  5
5F2
330
17
100
AcDbEntity
  8
K-ZBROJENIE-OPIS
100
AcDbText
 10
2.643453849647967
 20
3.0867592592592596
 30
0.0
 40
0.125
  1
27×2 Ø8 co 19 l=629 (zakład 45)
  7
PL_ARIAL
 11
2.643453849647967
 21
3.0867592592592596
 31
0.0
100
AcDbText
  0
HATCH
  5
5F3
330
17
100
AcDbEntity
  8
A-MASKA
 62
7
420
16777215
100
AcDbHatch
 10
0.0
 20
0.0
 30
0.0
210
0.0
220
0.0
230
1.0
  2
SOLID
 70
1
 71
0
 91
1
 92
3
 72
0
 73
1
 93
4
 10
-1.3991527777777775
 20
3.596239177833296
 10
-1.3991527777777775
 20
5.136160822166705
 10
-1.6016527777777774
 20
5.136160822166705
 10
-1.6016527777777774
 20
3.596239177833296
 97
0
 75
0
 76
1
 98
0
  0
TEXT
  5
5F4
330
17
100
AcDbEntity
  8
K-ZBROJENIE-OPIS
100
AcDbText
 10
-1.4516527777777775
 20
3.6212391778332957
 30
0.0
 40
0.125
  1
13 Ø10 co 8 l=666
 50
90.0
  7
PL_ARIAL
 11
-1.4516527777777775
 21
3.6212391778332957
 31
0.0
100
AcDbText
  0
HATCH
  5
5F5
330
17
100
AcDbEntity
  8
A-MASKA
 62
7
420
16777215
100
AcDbHatch
 10
0.0
 20
0.0
 30
0.0
210
0.0
220
0.0
230
1.0
  2
SOLID
 70
1
 71
0
 91
1
 92
3
 72
0
 73
1
 93
4
 10
3.45491935483871
 20
1.2183587099704745
 10
3.45491935483871
 20
2.6572412900295252
 10
3.2524193548387097
 20
2.6572412900295252
 10
3.2524193548387097
 20
1.2183587099704745
 97
0
 75
0
 76
1
 98
0
  0
TEXT
  5
5F6
330
17
100
AcDbEntity
  8
K-ZBROJENIE-OPIS
100
AcDbText
 10
3.4024193548387096
 20
1.2433587099704744
 30
0.0
 40
0.125
  1
2 Ø8 co 13 l=579
 50
90.0
  7
PL_ARIAL
 11
3.4024193548387096
 21
1.2433587099704744
 31
0.0
100
AcDbText
  0
HATCH
  5
5F7
330
17
100
AcDbEntity
  8
A-MASKA
 62
7
420
16777215
100
AcDbHatch
 10
0.0
 20
0.0
 30
0.0
210
0.0
220
0.0
230
1.0
  2
SOLID
 70
1
 71
0
 91
1
 92
3
 72
0
 73
1
 93
4
 10
8.868145161290322
 20
1.2183587099704745
 10
8.868145161290322
 20
2.6572412900295252
 10
8.665645161290321
 20
2.6572412900295252
 10
8.665645161290321
 20
1.2183587099704745
 97
0
 75
0
 76
1
 98
0
  0
TEXT
  5
5F8
330
17
100
AcDbEntity
  8
K-ZBROJENIE-OPIS
100
AcDbText
 10
8.815645161290321
 20
1.2433587099704744
 30
0.0
 40
0.125
  1
2 Ø8 co 13 l=579
 50
90.0
  7
PL_ARIAL
 11
8.815645161290321
 21
1.2433587099704744
 31
0.0
100
AcDbText
  0
HATCH
  5
5F9
330
17
100
AcDbEntity
  8
A-MASKA
 62
7
420
16777215
100
AcDbHatch
 10
0.0
 20
0.0
 30
0.0
210
0.0
220
0.0
230
1.0
  2
SOLID
 70
1
 71
0
 91
1
 92
3
 72
0
 73
1
 93
4
 10
-0.22750000000000015
 20
2.990639177833296
 10
-0.22750000000000004
 20
4.530560822166705
 10
-0.43000000000000005
 20
4.530560822166705
 10
-0.43000000000000016
 20
2.990639177833296
 97
0
 75
0
 76
1
 98
0
  0
TEXT
  5
5FA
330
17
100
AcDbEntity
  8
K-ZBROJENIE-OPIS
100
AcDbText
 10
-0.28000000000000014
 20
3.015639177833296
 30
0.0
 40
0.125
  1
6 Ø12 co 16 l=567
 50
90.0
  7
PL_ARIAL
 11
-0.28000000000000014
 21
3.015639177833296
 31
0.0
100
AcDbText
  0
HATCH
  5
5FB
330
17
100
AcDbEntity
  8
A-MASKA
 62
7
420
16777215
100
AcDbHatch
 10
0.0
 20
0.0
 30
0.0
210
0.0
220
0.0
230
1.0
  2
SOLID
 70
1
 71
0
 91
1
 92
3
 72
0
 73
1
 93
4
 10
1.5133064516129033
 20
1.0654391778332957
 10
1.5133064516129033
 20
2.6053608221667046
 10
1.3108064516129034
 20
2.6053608221667046
 10
1.3108064516129034
 20
1.0654391778332957
 97
0
 75
0
 76
1
 98
0
  0
TEXT
  5
5FC
330
17
100
AcDbEntity
  8
K-ZBROJENIE-OPIS
100
AcDbText
 10
1.4608064516129033
 20
1.0904391778332956
 30
0.0
 40
0.125
  1
28 Ø8 co 13 l=547
 50
90.0
  7
PL_ARIAL
 11
1.4608064516129033
 21
1.0904391778332956
 31
0.0
100
AcDbText
  0
HATCH
  5
5FD
330
17
100
AcDbEntity
  8
A-MASKA
 62
7
420
16777215
100
AcDbHatch
 10
0.0
 20
0.0
 30
0.0
210
0.0
220
0.0
230
1.0
  2
SOLID
 70
1
 71
0
 91
1
 92
3
 72
0
 73
1
 93
4
 10
10.158467741935484
 20
1.0654391778332957
 10
10.158467741935484
 20
2.6053608221667046
 10
9.955967741935483
 20
2.6053608221667046
 10
9.955967741935483
 20
1.0654391778332957
 97
0
 75
0
 76
1
 98
0
  0
TEXT
  5
5FE
330
17
100
AcDbEntity
  8
K-ZBROJENIE-OPIS
100
AcDbText
 10
10.105967741935483
 20
1.0904391778332956
 30
0.0
 40
0.125
  1
25 Ø8 co 13 l=547
 50
90.0
  7
PL_ARIAL
 11
10.105967741935483
 21
1.0904391778332956
 31
0.0
100
AcDbText
  0
HATCH
  5
5FF
330
17
100
AcDbEntity
  8
A-MASKA
 62
7
420
16777215
100
AcDbHatch
 10
0.0
 20
0.0
 30
0.0
210
0.0
220
0.0
230
1.0
  2
SOLID
 70
1
 71
0
 91
1
 92
3
 72
0
 73
1
 93
4
 10
5.771370967741936
 20
1.0078391778332954
 10
5.771370967741936
 20
2.5477608221667043
 10
5.568870967741935
 20
2.5477608221667043
 10
5.568870967741935
 20
1.0078391778332954
 97
0
 75
0
 76
1
 98
0
  0
TEXT
  5
600
330
17
100
AcDbEntity
  8
K-ZBROJENIE-OPIS
100
AcDbText
 10
5.718870967741935
 20
1.0328391778332953
 30
0.0
 40
0.125
  1
36 Ø8 co 13 l=529
 50
90.0
  7
PL_ARIAL
 11
5.718870967741935
 21
1.0328391778332953
 31
0.0
100
AcDbText
  0
HATCH
  5
601
330
17
100
AcDbEntity
  8
A-MASKA
 62
7
420
16777215
100
AcDbHatch
 10
0.0
 20
0.0
 30
0.0
210
0.0
220
0.0
230
1.0
  2
SOLID
 70
1
 71
0
 91
1
 92
3
 72
0
 73
1
 93
4
 10
5.4625
 20
6.985439177833294
 10
5.4625
 20
8.525360822166704
 10
5.26
 20
8.525360822166704
 10
5.26
 20
6.985439177833294
 97
0
 75
0
 76
1
 98
0
  0
TEXT
  5
602
330
17
100
AcDbEntity
  8
K-ZBROJENIE-OPIS
100
AcDbText
 10
5.41
 20
7.010439177833295
 30
0.0
 40
0.125
  1
10 Ø8 co 20 l=378
 50
90.0
  7
PL_ARIAL
 11
5.41
 21
7.010439177833295
 31
0.0
100
AcDbText
  0
HATCH
  5
603
330
17
100
AcDbEntity
  8
A-MASKA
 62
7
420
16777215
100
AcDbHatch
 10
0.0
 20
0.0
 30
0.0
210
0.0
220
0.0
230
1.0
  2
SOLID
 70
1
 71
0
 91
1
 92
3
 72
0
 73
1
 93
4
 10
7.0062500000000005
 20
5.624639177833295
 10
7.0062500000000005
 20
7.164560822166704
 10
6.803750000000001
 20
7.164560822166704
 10
6.80375
 20
5.624639177833295
 97
0
 75
0
 76
1
 98
0
  0
TEXT
  5
604
330
17
100
AcDbEntity
  8
K-ZBROJENIE-OPIS
100
AcDbText
 10
6.95375
 20
5.649639177833295
 30
0.0
 40
0.125
  1
14 Ø8 co 20 l=378
 50
90.0
  7
PL_ARIAL
 11
6.95375
 21
5.649639177833295
 31
0.0
100
AcDbText
  0
HATCH
  5
605
330
17
100
AcDbEntity
  8
A-MASKA
 62
7
420
16777215
100
AcDbHatch
 10
0.0
 20
0.0
 30
0.0
210
0.0
220
0.0
230
1.0
  2
SOLID
 70
1
 71
0
 91
1
 92
3
 72
0
 73
1
 93
4
 10
1.7966391778332955
 20
7.270833333333333
 10
3.3365608221667045
 20
7.270833333333333
 10
3.3365608221667045
 20
7.473333333333334
 10
1.7966391778332955
 20
7.473333333333334
 97
0
 75
0
 76
1
 98
0
  0
TEXT
  5
606
330
17
100
AcDbEntity
  8
K-ZBROJENIE-OPIS
100
AcDbText
 10
1.8216391778332954
 20
7.323333333333333
 30
0.0
 40
0.125
  1
18 Ø8 co 19 l=362
  7
PL_ARIAL
 11
1.8216391778332954
 21
7.323333333333333
 31
0.0
100
AcDbText
  0
HATCH
  5
607
330
17
100
AcDbEntity
  8
A-MASKA
 62
7
420
16777215
100
AcDbHatch
 10
0.0
 20
0.0
 30
0.0
210
0.0
220
0.0
230
1.0
  2
SOLID
 70
1
 71
0
 91
1
 92
3
 72
0
 73
1
 93
4
 10
1.0594444444444444
 20
5.930239177833295
 10
1.0594444444444446
 20
7.470160822166704
 10
0.8569444444444446
 20
7.470160822166704
 10
0.8569444444444445
 20
5.930239177833295
 97
0
 75
0
 76
1
 98
0
  0
TEXT
  5
608
330
17
100
AcDbEntity
  8
K-ZBROJENIE-OPIS
100
AcDbText
 10
1.0069444444444446
 20
5.955239177833295
 30
0.0
 40
0.125
  1
18 Ø8 co 20 l=336
 50
90.0
  7
PL_ARIAL
 11
1.0069444444444446
 21
5.955239177833295
 31
0.0
100
AcDbText
  0
HATCH
  5
609
330
17
100
AcDbEntity
  8
A-MASKA
 62
7
420
16777215
100
AcDbHatch
 10
0.0
 20
0.0
 30
0.0
210
0.0
220
0.0
230
1.0
  2
SOLID
 70
1
 71
0
 91
1
 92
3
 72
0
 73
1
 93
4
 10
11.196093750000001
 20
7.139839177833295
 10
11.196093750000001
 20
8.679760822166704
 10
10.99359375
 20
8.679760822166704
 10
10.99359375
 20
7.139839177833295
 97
0
 75
0
 76
1
 98
0
  0
TEXT
  5
60A
330
17
100
AcDbEntity
  8
K-ZBROJENIE-OPIS
100
AcDbText
 10
11.14359375
 20
7.164839177833295
 30
0.0
 40
0.125
  1
16 Ø8 co 20 l=336
 50
90.0
  7
PL_ARIAL
 11
11.14359375
 21
7.164839177833295
 31
0.0
100
AcDbText
  0
HATCH
  5
60B
330
17
100
AcDbEntity
  8
A-MASKA
 62
7
420
16777215
100
AcDbHatch
 10
0.0
 20
0.0
 30
0.0
210
0.0
220
0.0
230
1.0
  2
SOLID
 70
1
 71
0
 91
1
 92
3
 72
0
 73
1
 93
4
 10
6.875558709970473
 20
4.689374999999999
 10
8.314441290029524
 20
4.689374999999999
 10
8.314441290029524
 20
4.891875
 10
6.875558709970473
 20
4.891875
 97
0
 75
0
 76
1
 98
0
  0
TEXT
  5
60C
330
17
100
AcDbEntity
  8
K-ZBROJENIE-OPIS
100
AcDbText
 10
6.900558709970474
 20
4.741874999999999
 30
0.0
 40
0.125
  1
2 Ø8 co 19 l=332
  7
PL_ARIAL
 11
6.900558709970474
 21
4.741874999999999
 31
0.0
100
AcDbText
  0
HATCH
  5
60D
330
17
100
AcDbEntity
  8
A-MASKA
 62
7
420
16777215
100
AcDbHatch
 10
0.0
 20
0.0
 30
0.0
210
0.0
220
0.0
230
1.0
  2
SOLID
 70
1
 71
0
 91
1
 92
3
 72
0
 73
1
 93
4
 10
9.268639177833295
 20
6.354166666666666
 10
10.808560822166704
 20
6.354166666666666
 10
10.808560822166704
 20
6.556666666666667
 10
9.268639177833295
 20
6.556666666666667
 97
0
 75
0
 76
1
 98
0
  0
TEXT
  5
60E
330
17
100
AcDbEntity
  8
K-ZBROJENIE-OPIS
100
AcDbText
 10
9.293639177833295
 20
6.406666666666666
 30
0.0
 40
0.125
  1
18 Ø8 co 19 l=323
  7
PL_ARIAL
 11
9.293639177833295
 21
6.406666666666666
 31
0.0
100
AcDbText
  0
HATCH
  5
60F
330
17
100
AcDbEntity
  8
A-MASKA
 62
7
420
16777215
100
AcDbHatch
 10
0.0
 20
0.0
 30
0.0
210
0.0
220
0.0
230
1.0
  2
SOLID
 70
1
 71
0
 91
1
 92
3
 72
0
 73
1
 93
4
 10
7.205039177833294
 20
7.284375
 10
8.744960822166703
 20
7.284375
 10
8.744960822166703
 20
7.486875
 10
7.205039177833294
 20
7.486875
 97
0
 75
0
 76
1
 98
0
  0
TEXT
  5
610
330
17
100
AcDbEntity
  8
K-ZBROJENIE-OPIS
100
AcDbText
 10
7.230039177833294
 20
7.336875
 30
0.0
 40
0.125
  1
18 Ø8 co 19 l=300
  7
PL_ARIAL
 11
7.230039177833294
 21
7.336875
 31
0.0
100
AcDbText
  0
HATCH
  5
611
330
17
100
AcDbEntity
  8
A-MASKA
 62
7
420
16777215
100
AcDbHatch
 10
0.0
 20
0.0
 30
0.0
210
0.0
220
0.0
230
1.0
  2
SOLID
 70
1
 71
0
 91
1
 92
3
 72
0
 73
1
 93
4
 10
4.055558709970475
 20
4.733125
 10
5.494441290029526
 20
4.733125
 10
5.494441290029526
 20
4.935625000000001
 10
4.055558709970475
 20
4.935625000000001
 97
0
 75
0
 76
1
 98
0
  0
TEXT
  5
612
330
17
100
AcDbEntity
  8
K-ZBROJENIE-OPIS
100
AcDbText
 10
4.080558709970475
 20
4.7856250000000005
 30
0.0
 40
0.125
  1
2 Ø8 co 19 l=270
  7
PL_ARIAL
 11
4.080558709970475
 21
4.7856250000000005
 31
0.0
100
AcDbText
  0
HATCH
  5
613
330
17
100
AcDbEntity
  8
A-MASKA
 62
7
420
16777215
100
AcDbHatch
 10
0.0
 20
0.0
 30
0.0
210
0.0
220
0.0
230
1.0
  2
SOLID
 70
1
 71
0
 91
1
 92
3
 72
0
 73
1
 93
4
 10
4.170039177833296
 20
6.378125
 10
5.709960822166705
 20
6.378125
 10
5.709960822166705
 20
6.580625
 10
4.170039177833296
 20
6.580625
 97
0
 75
0
 76
1
 98
0
  0
TEXT
  5
614
330
17
100
AcDbEntity
  8
K-ZBROJENIE-OPIS
100
AcDbText
 10
4.195039177833296
 20
6.430625
 30
0.0
 40
0.125
  1
18 Ø8 co 19 l=237
  7
PL_ARIAL
 11
4.195039177833296
 21
6.430625
 31
0.0
100
AcDbText
  0
HATCH
  5
615
330
17
100
AcDbEntity
  8
A-MASKA
 62
7
420
16777215
100
AcDbHatch
 10
0.0
 20
0.0
 30
0.0
210
0.0
220
0.0
230
1.0
  2
SOLID
 70
1
 71
0
 91
1
 92
3
 72
0
 73
1
 93
4
 10
-2.8200803543038835
 20
1.991397058823529
 10
-1.1791196456961162
 20
1.991397058823529
 10
-1.1791196456961162
 20
2.193897058823529
 10
-2.8200803543038835
 20
2.193897058823529
 97
0
 75
0
 76
1
 98
0
  0
TEXT
  5
616
330
17
100
AcDbEntity
  8
K-ZBROJENIE-OPIS
100
AcDbText
 10
-2.7950803543038836
 20
2.043897058823529
 30
0.0
 40
0.125
  1
29 Ø10 co 20 l=103
  7
PL_ARIAL
 11
-2.7950803543038836
 21
2.043897058823529
 31
0.0
100
AcDbText
  0
HATCH
  5
617
330
17
100
AcDbEntity
  8
A-MASKA
 62
7
420
16777215
100
AcDbHatch
 10
0.0
 20
0.0
 30
0.0
210
0.0
220
0.0
230
1.0
  2
SOLID
 70
1
 71
0
 91
1
 92
3
 72
0
 73
1
 93
4
 10
-0.9648412900295257
 20
1.4237499999999998
 10
0.4740412900295252
 20
1.4237499999999998
 10
0.4740412900295252
 20
1.6262499999999998
 10
-0.9648412900295257
 20
1.6262499999999998
 97
0
 75
0
 76
1
 98
0
  0
TEXT
  5
618
330
17
100
AcDbEntity
  8
K-ZBROJENIE-OPIS
100
AcDbText
 10
-0.9398412900295257
 20
1.4762499999999998
 30
0.0
 40
0.125
  1
30 Ø8 co 19 l=97
  7
PL_ARIAL
 11
-0.9398412900295257
 21
1.4762499999999998
 31
0.0
100
AcDbText
  0
HATCH
  5
619
330
17
100
AcDbEntity
  8
A-MASKA
 62
7
420
16777215
100
AcDbHatch
 10
0.0
 20
0.0
 30
0.0
210
0.0
220
0.0
230
1.0
  2
SOLID
 70
1
 71
0
 91
1
 92
3
 72
0
 73
1
 93
4
 10
7.618875
 20
-1.6957608221667044
 10
7.618875
 20
-0.15583917783329548
 10
7.416375
 20
-0.15583917783329548
 10
7.4163749999999995
 20
-1.6957608221667044
 97
0
 75
0
 76
1
 98
0
  0
TEXT
  5
61A
330
17
100
AcDbEntity
  8
K-ZBROJENIE-OPIS
100
AcDbText
 10
7.566375
 20
-1.6707608221667045
 30
0.0
 40
0.125
  1
167 Ø10 co 8 l=94
 50
90.0
  7
PL_ARIAL
 11
7.566375
 21
-1.6707608221667045
 31
0.0
100
AcDbText
  0
HATCH
  5
61B
330
17
100
AcDbEntity
  8
A-MASKA
 62
7
420
16777215
100
AcDbHatch
 10
0.0
 20
0.0
 30
0.0
210
0.0
220
0.0
230
1.0
  2
SOLID
 70
1
 71
0
 91
1
 92
3
 72
0
 73
1
 93
4
 10
3.8913239419500916
 20
3.640097656250001
 10
8.46551199554991
 20
3.640097656250001
 10
8.46551199554991
 20
3.8425976562500006
 10
3.8913239419500916
 20
3.8425976562500006
 97
0
 75
0
 76
1
 98
0
  0
TEXT
  5
61C
330
17
100
AcDbEntity
  8
A-OPISY
100
AcDbText
 10
3.9163239419500915
 20
3.6925976562500007
 30
0.0
 40
0.125
  1
ST2 (poz. 2.1): h = 22 cm, C25/30, XC1, wierzch +6,150
  7
PL_ARIAL
 11
3.9163239419500915
 21
3.6925976562500007
 31
0.0
100
AcDbText
  0
HATCH
  5
61D
330
17
100
AcDbEntity
  8
A-MASKA
 62
7
420
16777215
100
AcDbHatch
 10
0.0
 20
0.0
 30
0.0
210
0.0
220
0.0
230
1.0
  2
SOLID
 70
1
 71
0
 91
1
 92
3
 72
0
 73
1
 93
4
 10
-0.7425000000000002
 20
0.21991823756529605
 10
-0.7424999999999998
 20
4.905081762434703
 10
-0.9449999999999998
 20
4.905081762434703
 10
-0.9450000000000002
 20
0.21991823756529608
 97
0
 75
0
 76
1
 98
0
  0
TEXT
  5
61E
330
17
100
AcDbEntity
  8
A-OPISY
100
AcDbText
 10
-0.7950000000000002
 20
0.24491823756529607
 30
0.0
 40
0.125
  1
ST2Z (poz. 2.2): h = 22 cm, C25/30, XC1, wierzch +6,150
 50
90.0
  7
PL_ARIAL
 11
-0.7950000000000002
 21
0.24491823756529607
 31
0.0
100
AcDbText
  0
HATCH
  5
61F
330
17
100
AcDbEntity
  8
A-MASKA
 62
7
420
16777215
100
AcDbHatch
 10
0.0
 20
0.0
 30
0.0
210
0.0
220
0.0
230
1.0
  2
SOLID
 70
1
 71
0
 91
1
 92
3
 72
0
 73
1
 93
4
 10
-0.49411707926413817
 20
6.925
 10
3.979117079264138
 20
6.925
 10
3.979117079264138
 20
7.1275
 10
-0.49411707926413817
 20
7.1275
 97
0
 75
0
 76
1
 98
0
  0
TEXT
  5
620
330
17
100
AcDbEntity
  8
A-OPISY
100
AcDbText
 10
-0.46911707926413815
 20
6.9775
 30
0.0
 40
0.125
  1
D2 (poz. 1.2): h = 22 cm, C25/30, XC1, wierzch +6,150
  7
PL_ARIAL
 11
-0.46911707926413815
 21
6.9775
 31
0.0
100
AcDbText
  0
HATCH
  5
621
330
17
100
AcDbEntity
  8
A-MASKA
 62
7
420
16777215
100
AcDbHatch
 10
0.0
 20
0.0
 30
0.0
210
0.0
220
0.0
230
1.0
  2
SOLID
 70
1
 71
0
 91
1
 92
3
 72
0
 73
1
 93
4
 10
10.852500000000001
 20
4.895882920735861
 10
10.852500000000001
 20
9.369117079264138
 10
10.65
 20
9.369117079264138
 10
10.65
 20
4.895882920735861
 97
0
 75
0
 76
1
 98
0
  0
TEXT
  5
622
330
17
100
AcDbEntity
  8
A-OPISY
100
AcDbText
 10
10.8
 20
4.9208829207358615
 30
0.0
 40
0.125
  1
D3 (poz. 1.3): h = 22 cm, C25/30, XC1, wierzch +6,150
 50
90.0
  7
PL_ARIAL
 11
10.8
 21
4.9208829207358615
 31
0.0
100
AcDbText
  0
HATCH
  5
623
330
17
100
AcDbEntity
  8
A-MASKA
 62
7
420
16777215
100
AcDbHatch
 10
0.0
 20
0.0
 30
0.0
210
0.0
220
0.0
230
1.0
  2
SOLID
 70
1
 71
0
 91
1
 92
3
 72
0
 73
1
 93
4
 10
-1.0971407101692034
 20
-0.869609375
 10
3.5276094601692023
 20
-0.869609375
 10
3.5276094601692023
 20
-0.667109375
 10
-1.0971407101692034
 20
-0.667109375
 97
0
 75
0
 76
1
 98
0
  0
TEXT
  5
624
330
17
100
AcDbEntity
  8
A-OPISY
100
AcDbText
 10
-1.0721407101692035
 20
-0.817109375
 30
0.0
 40
0.125
  1
PL-2 (poz. 3.2): h = 30 cm, C30/37, XC3, wierzch +6,150
  7
PL_ARIAL
 11
-1.0721407101692035
 21
-0.817109375
 31
0.0
100
AcDbText
  0
VIEWPORT
  5
A4
330
1B
100
AcDbEntity
 67
1
  8
VIEWPORTS
100
AcDbViewport
 10
594.5
 20
420.5
 30
0.0
 40
1189.0
 41
841.0
 68
1
 69
1
 12
594.5
 22
420.5
 13
0.0
 23
0.0
 14
10.0
 24
10.0
 15
10.0
 25
10.0
 16
0.0
 26
0.0
 36
1.0
 17
0.0
 27
0.0
 37
0.0
 42
50.0
 43
0.0
 44
0.0
 45
925.1
 50
0.0
 51
0.0
 72
100
 90
557088
  1

281
0
 71
0
 74
0
110
0.0
120
0.0
130
0.0
111
1.0
121
0.0
131
0.0
112
0.0
122
1.0
132
0.0
 79
0
146
0.0
282
0
  0
HATCH
  5
A5
330
1B
100
AcDbEntity
 67
1
  8
R-OPISY
 62
7
420
15658734
100
AcDbHatch
 10
0.0
 20
0.0
 30
0.0
210
0.0
220
0.0
230
1.0
  2
SOLID
 70
1
 71
0
 91
1
 92
3
 72
0
 73
1
 93
4
 10
999.0
 20
817.5
 10
1179.0
 20
817.5
 10
1179.0
 20
822.0
 10
999.0
 20
822.0
 97
0
 75
0
 76
1
 98
0
  0
HATCH
  5
A6
330
1B
100
AcDbEntity
 67
1
  8
R-OPISY
 62
7
420
15658734
100
AcDbHatch
 10
0.0
 20
0.0
 30
0.0
210
0.0
220
0.0
230
1.0
  2
SOLID
 70
1
 71
0
 91
1
 92
3
 72
0
 73
1
 93
4
 10
999.0
 20
712.2000000000003
 10
1179.0
 20
712.2000000000003
 10
1179.0
 20
719.2000000000003
 10
999.0
 20
719.2000000000003
 97
0
 75
0
 76
1
 98
0
  0
HATCH
  5
A7
330
1B
100
AcDbEntity
 67
1
  8
R-OPISY
 62
7
420
0
100
AcDbHatch
 10
0.0
 20
0.0
 30
0.0
210
0.0
220
0.0
230
1.0
  2
SOLID
 70
1
 71
0
 91
1
 92
3
 72
0
 73
1
 93
4
 10
1003.0
 20
349.12000000000006
 10
1007.0
 20
349.12000000000006
 10
1007.0
 20
350.7200000000001
 10
1003.0
 20
350.7200000000001
 97
0
 75
0
 76
1
 98
0
  0
HATCH
  5
A8
330
1B
100
AcDbEntity
 67
1
  8
R-OPISY
 62
7
420
0
100
AcDbHatch
 10
0.0
 20
0.0
 30
0.0
210
0.0
220
0.0
230
1.0
  2
SOLID
 70
1
 71
0
 91
1
 92
3
 72
0
 73
1
 93
4
 10
1011.0
 20
349.12000000000006
 10
1015.0
 20
349.12000000000006
 10
1015.0
 20
350.7200000000001
 10
1011.0
 20
350.7200000000001
 97
0
 75
0
 76
1
 98
0
  0
HATCH
  5
A9
330
1B
100
AcDbEntity
 67
1
  8
R-OPISY
 62
7
420
0
100
AcDbHatch
 10
0.0
 20
0.0
 30
0.0
210
0.0
220
0.0
230
1.0
  2
SOLID
 70
1
 71
0
 91
1
 92
3
 72
0
 73
1
 93
4
 10
1019.0
 20
349.12000000000006
 10
1023.0
 20
349.12000000000006
 10
1023.0
 20
350.7200000000001
 10
1019.0
 20
350.7200000000001
 97
0
 75
0
 76
1
 98
0
  0
HATCH
  5
AA
330
1B
100
AcDbEntity
 67
1
  8
R-OPISY
 62
7
420
0
100
AcDbHatch
 10
0.0
 20
0.0
 30
0.0
210
0.0
220
0.0
230
1.0
  2
SOLID
 70
1
 71
0
 91
1
 92
3
 72
0
 73
1
 93
4
 10
1043.0
 20
349.12000000000006
 10
1063.0
 20
349.12000000000006
 10
1063.0
 20
350.7200000000001
 10
1043.0
 20
350.7200000000001
 97
0
 75
0
 76
1
 98
0
  0
HATCH
  5
AB
330
1B
100
AcDbEntity
 67
1
  8
R-OPISY
 62
7
420
0
100
AcDbHatch
 10
0.0
 20
0.0
 30
0.0
210
0.0
220
0.0
230
1.0
  2
SOLID
 70
1
 71
0
 91
1
 92
3
 72
0
 73
1
 93
4
 10
1083.0
 20
349.12000000000006
 10
1103.0
 20
349.12000000000006
 10
1103.0
 20
350.7200000000001
 10
1083.0
 20
350.7200000000001
 97
0
 75
0
 76
1
 98
0
  0
LWPOLYLINE
  5
AC
330
1B
100
AcDbEntity
 67
1
  8
R-OPISY
370
50
100
AcDbPolyline
 90
2
 70
0
 10
331.0
 20
288.1
 10
517.1404724051783
 20
288.1
  0
LWPOLYLINE
  5
AD
330
1B
100
AcDbEntity
 67
1
  8
R-OPISY
370
25
100
AcDbPolyline
 90
2
 70
0
 10
999.0
 20
817.5
 10
1179.0
 20
817.5
  0
LWPOLYLINE
  5
AE
330
1B
100
AcDbEntity
 67
1
  8
R-OPISY
370
13
100
AcDbPolyline
 90
2
 70
0
 10
999.0
 20
813.0
 10
1179.0
 20
813.0
  0
LWPOLYLINE
  5
AF
330
1B
100
AcDbEntity
 67
1
  8
R-OPISY
370
13
100
AcDbPolyline
 90
2
 70
0
 10
999.0
 20
808.5
 10
1179.0
 20
808.5
  0
LWPOLYLINE
  5
B0
330
1B
100
AcDbEntity
 67
1
  8
R-OPISY
370
13
100
AcDbPolyline
 90
2
 70
0
 10
999.0
 20
804.0
 10
1179.0
 20
804.0
  0
LWPOLYLINE
  5
B1
330
1B
100
AcDbEntity
 67
1
  8
R-OPISY
370
13
100
AcDbPolyline
 90
2
 70
0
 10
999.0
 20
799.5
 10
1179.0
 20
799.5
  0
LWPOLYLINE
  5
B2
330
1B
100
AcDbEntity
 67
1
  8
R-OPISY
370
13
100
AcDbPolyline
 90
2
 70
0
 10
999.0
 20
795.0
 10
1179.0
 20
795.0
  0
LWPOLYLINE
  5
B3
330
1B
100
AcDbEntity
 67
1
  8
R-OPISY
370
13
100
AcDbPolyline
 90
2
 70
0
 10
999.0
 20
790.5
 10
1179.0
 20
790.5
  0
LWPOLYLINE
  5
B4
330
1B
100
AcDbEntity
 67
1
  8
R-OPISY
370
13
100
AcDbPolyline
 90
2
 70
0
 10
999.0
 20
786.0
 10
1179.0
 20
786.0
  0
LWPOLYLINE
  5
B5
330
1B
100
AcDbEntity
 67
1
  8
R-OPISY
370
13
100
AcDbPolyline
 90
2
 70
0
 10
999.0
 20
781.5
 10
1179.0
 20
781.5
  0
LWPOLYLINE
  5
B6
330
1B
100
AcDbEntity
 67
1
  8
R-OPISY
370
13
100
AcDbPolyline
 90
2
 70
0
 10
999.0
 20
777.0
 10
1179.0
 20
777.0
  0
LWPOLYLINE
  5
B7
330
1B
100
AcDbEntity
 67
1
  8
R-OPISY
370
13
100
AcDbPolyline
 90
2
 70
0
 10
1013.0
 20
777.0
 10
1013.0
 20
822.0
  0
LWPOLYLINE
  5
B8
330
1B
100
AcDbEntity
 67
1
  8
R-OPISY
370
13
100
AcDbPolyline
 90
2
 70
0
 10
1039.0
 20
777.0
 10
1039.0
 20
822.0
  0
LWPOLYLINE
  5
B9
330
1B
100
AcDbEntity
 67
1
  8
R-OPISY
370
13
100
AcDbPolyline
 90
2
 70
0
 10
1055.0
 20
777.0
 10
1055.0
 20
822.0
  0
LWPOLYLINE
  5
BA
330
1B
100
AcDbEntity
 67
1
  8
R-OPISY
370
13
100
AcDbPolyline
 90
2
 70
0
 10
1139.0
 20
777.0
 10
1139.0
 20
822.0
  0
LWPOLYLINE
  5
BB
330
1B
100
AcDbEntity
 67
1
  8
R-OPISY
370
35
100
AcDbPolyline
 90
4
 70
1
 10
999.0
 20
777.0
 10
1179.0
 20
777.0
 10
1179.0
 20
822.0
 10
999.0
 20
822.0
  0
LWPOLYLINE
  5
BC
330
1B
100
AcDbEntity
 67
1
  8
R-LEGENDA
370
50
100
AcDbPolyline
 90
2
 70
0
 10
1000.0
 20
762.9
 10
1012.0
 20
762.9
  0
LWPOLYLINE
  5
BD
330
1B
100
AcDbEntity
 67
1
  8
R-LEGENDA
370
50
100
AcDbPolyline
 90
2
 70
0
 10
1000.0
 20
757.6
 10
1012.0
 20
757.6
  0
LWPOLYLINE
  5
BE
330
1B
100
AcDbEntity
 67
1
  8
R-LEGENDA
370
50
100
AcDbPolyline
 90
2
 70
0
 10
1012.0
 20
757.6
 10
1012.0
 20
755.9000000000001
  0
LWPOLYLINE
  5
BF
330
1B
100
AcDbEntity
 67
1
  8
R-LEGENDA
370
18
100
AcDbPolyline
 90
2
 70
0
 10
1006.0
 20
750.2
 10
1006.0
 20
754.4000000000001
  0
LWPOLYLINE
  5
C0
330
1B
100
AcDbEntity
 67
1
  8
R-LEGENDA
370
18
100
AcDbPolyline
 90
2
 70
0
 10
1005.0
 20
749.5
 10
1007.0
 20
750.9000000000001
  0
LWPOLYLINE
  5
C1
330
1B
100
AcDbEntity
 67
1
  8
R-LEGENDA
370
18
100
AcDbPolyline
 90
2
 70
0
 10
1005.0
 20
753.7
 10
1007.0
 20
755.1000000000001
  0
CIRCLE
  5
C2
330
1B
100
AcDbEntity
 67
1
  8
R-LEGENDA
370
18
100
AcDbCircle
 10
1006.0
 20
752.3000000000001
 30
0.0
 40
0.6
  0
LWPOLYLINE
  5
C3
330
1B
100
AcDbEntity
 67
1
  8
R-LEGENDA
370
50
100
AcDbPolyline
 90
2
 70
0
 10
1000.0
 20
752.3000000000001
 10
1012.0
 20
752.3000000000001
  0
LWPOLYLINE
  5
C4
330
1B
100
AcDbEntity
 67
1
  8
R-LEGENDA
  6
KRESKOWA_DROBNA
370
25
100
AcDbPolyline
 90
4
 70
129
 10
1003.0
 20
739.6000000000001
 10
1009.0
 20
739.6000000000001
 10
1009.0
 20
743.8000000000002
 10
1003.0
 20
743.8000000000002
  0
LWPOLYLINE
  5
C5
330
1B
100
AcDbEntity
 67
1
  8
R-LEGENDA
370
18
100
AcDbPolyline
 90
2
 70
0
 10
1003.0
 20
739.6000000000001
 10
1009.0
 20
743.8000000000002
  0
LWPOLYLINE
  5
C6
330
1B
100
AcDbEntity
 67
1
  8
R-LEGENDA
  6
KRESKOWA
370
25
100
AcDbPolyline
 90
2
 70
128
 10
1000.0
 20
736.4000000000002
 10
1012.0
 20
736.4000000000002
  0
LWPOLYLINE
  5
C7
330
1B
100
AcDbEntity
 67
1
  8
R-OPISY
370
25
100
AcDbPolyline
 90
2
 70
0
 10
999.0
 20
712.2000000000003
 10
1179.0
 20
712.2000000000003
  0
LWPOLYLINE
  5
C8
330
1B
100
AcDbEntity
 67
1
  8
R-OPISY
370
13
100
AcDbPolyline
 90
2
 70
0
 10
999.0
 20
707.7000000000003
 10
1179.0
 20
707.7000000000003
  0
LWPOLYLINE
  5
C9
330
1B
100
AcDbEntity
 67
1
  8
R-OPISY
370
13
100
AcDbPolyline
 90
2
 70
0
 10
999.0
 20
703.2000000000003
 10
1179.0
 20
703.2000000000003
  0
LWPOLYLINE
  5
CA
330
1B
100
AcDbEntity
 67
1
  8
R-OPISY
370
13
100
AcDbPolyline
 90
2
 70
0
 10
999.0
 20
698.7000000000003
 10
1179.0
 20
698.7000000000003
  0
LWPOLYLINE
  5
CB
330
1B
100
AcDbEntity
 67
1
  8
R-OPISY
370
13
100
AcDbPolyline
 90
2
 70
0
 10
999.0
 20
694.2000000000003
 10
1179.0
 20
694.2000000000003
  0
LWPOLYLINE
  5
CC
330
1B
100
AcDbEntity
 67
1
  8
R-OPISY
370
13
100
AcDbPolyline
 90
2
 70
0
 10
999.0
 20
689.7000000000003
 10
1179.0
 20
689.7000000000003
  0
LWPOLYLINE
  5
CD
330
1B
100
AcDbEntity
 67
1
  8
R-OPISY
370
13
100
AcDbPolyline
 90
2
 70
0
 10
999.0
 20
685.2000000000003
 10
1179.0
 20
685.2000000000003
  0
LWPOLYLINE
  5
CE
330
1B
100
AcDbEntity
 67
1
  8
R-OPISY
370
13
100
AcDbPolyline
 90
2
 70
0
 10
999.0
 20
680.7000000000003
 10
1179.0
 20
680.7000000000003
  0
LWPOLYLINE
  5
CF
330
1B
100
AcDbEntity
 67
1
  8
R-OPISY
370
13
100
AcDbPolyline
 90
2
 70
0
 10
999.0
 20
676.2000000000003
 10
1179.0
 20
676.2000000000003
  0
LWPOLYLINE
  5
D0
330
1B
100
AcDbEntity
 67
1
  8
R-OPISY
370
13
100
AcDbPolyline
 90
2
 70
0
 10
999.0
 20
671.7000000000003
 10
1179.0
 20
671.7000000000003
  0
LWPOLYLINE
  5
D1
330
1B
100
AcDbEntity
 67
1
  8
R-OPISY
370
13
100
AcDbPolyline
 90
2
 70
0
 10
999.0
 20
667.2000000000003
 10
1179.0
 20
667.2000000000003
  0
LWPOLYLINE
  5
D2
330
1B
100
AcDbEntity
 67
1
  8
R-OPISY
370
13
100
AcDbPolyline
 90
2
 70
0
 10
999.0
 20
662.7000000000003
 10
1179.0
 20
662.7000000000003
  0
LWPOLYLINE
  5
D3
330
1B
100
AcDbEntity
 67
1
  8
R-OPISY
370
13
100
AcDbPolyline
 90
2
 70
0
 10
999.0
 20
658.2000000000003
 10
1179.0
 20
658.2000000000003
  0
LWPOLYLINE
  5
D4
330
1B
100
AcDbEntity
 67
1
  8
R-OPISY
370
13
100
AcDbPolyline
 90
2
 70
0
 10
999.0
 20
653.7000000000003
 10
1179.0
 20
653.7000000000003
  0
LWPOLYLINE
  5
D5
330
1B
100
AcDbEntity
 67
1
  8
R-OPISY
370
13
100
AcDbPolyline
 90
2
 70
0
 10
999.0
 20
649.2000000000003
 10
1179.0
 20
649.2000000000003
  0
LWPOLYLINE
  5
D6
330
1B
100
AcDbEntity
 67
1
  8
R-OPISY
370
13
100
AcDbPolyline
 90
2
 70
0
 10
999.0
 20
644.7000000000003
 10
1179.0
 20
644.7000000000003
  0
LWPOLYLINE
  5
D7
330
1B
100
AcDbEntity
 67
1
  8
R-OPISY
370
13
100
AcDbPolyline
 90
2
 70
0
 10
999.0
 20
640.2000000000003
 10
1179.0
 20
640.2000000000003
  0
LWPOLYLINE
  5
D8
330
1B
100
AcDbEntity
 67
1
  8
R-OPISY
370
13
100
AcDbPolyline
 90
2
 70
0
 10
999.0
 20
635.7000000000003
 10
1179.0
 20
635.7000000000003
  0
LWPOLYLINE
  5
D9
330
1B
100
AcDbEntity
 67
1
  8
R-OPISY
370
13
100
AcDbPolyline
 90
2
 70
0
 10
999.0
 20
631.2000000000003
 10
1179.0
 20
631.2000000000003
  0
LWPOLYLINE
  5
DA
330
1B
100
AcDbEntity
 67
1
  8
R-OPISY
370
13
100
AcDbPolyline
 90
2
 70
0
 10
999.0
 20
626.7000000000003
 10
1179.0
 20
626.7000000000003
  0
LWPOLYLINE
  5
DB
330
1B
100
AcDbEntity
 67
1
  8
R-OPISY
370
13
100
AcDbPolyline
 90
2
 70
0
 10
999.0
 20
622.2000000000003
 10
1179.0
 20
622.2000000000003
  0
LWPOLYLINE
  5
DC
330
1B
100
AcDbEntity
 67
1
  8
R-OPISY
370
13
100
AcDbPolyline
 90
2
 70
0
 10
999.0
 20
617.7000000000003
 10
1179.0
 20
617.7000000000003
  0
LWPOLYLINE
  5
DD
330
1B
100
AcDbEntity
 67
1
  8
R-OPISY
370
13
100
AcDbPolyline
 90
2
 70
0
 10
999.0
 20
613.2000000000003
 10
1179.0
 20
613.2000000000003
  0
LWPOLYLINE
  5
DE
330
1B
100
AcDbEntity
 67
1
  8
R-OPISY
370
13
100
AcDbPolyline
 90
2
 70
0
 10
999.0
 20
608.7000000000003
 10
1179.0
 20
608.7000000000003
  0
LWPOLYLINE
  5
DF
330
1B
100
AcDbEntity
 67
1
  8
R-OPISY
370
13
100
AcDbPolyline
 90
2
 70
0
 10
999.0
 20
604.2000000000003
 10
1179.0
 20
604.2000000000003
  0
LWPOLYLINE
  5
E0
330
1B
100
AcDbEntity
 67
1
  8
R-OPISY
370
13
100
AcDbPolyline
 90
2
 70
0
 10
999.0
 20
599.7000000000003
 10
1179.0
 20
599.7000000000003
  0
LWPOLYLINE
  5
E1
330
1B
100
AcDbEntity
 67
1
  8
R-OPISY
370
13
100
AcDbPolyline
 90
2
 70
0
 10
999.0
 20
595.2000000000003
 10
1179.0
 20
595.2000000000003
  0
LWPOLYLINE
  5
E2
330
1B
100
AcDbEntity
 67
1
  8
R-OPISY
370
13
100
AcDbPolyline
 90
2
 70
0
 10
999.0
 20
590.7000000000003
 10
1179.0
 20
590.7000000000003
  0
LWPOLYLINE
  5
E3
330
1B
100
AcDbEntity
 67
1
  8
R-OPISY
370
13
100
AcDbPolyline
 90
2
 70
0
 10
999.0
 20
586.2000000000003
 10
1179.0
 20
586.2000000000003
  0
LWPOLYLINE
  5
E4
330
1B
100
AcDbEntity
 67
1
  8
R-OPISY
370
13
100
AcDbPolyline
 90
2
 70
0
 10
999.0
 20
581.7000000000003
 10
1179.0
 20
581.7000000000003
  0
LWPOLYLINE
  5
E5
330
1B
100
AcDbEntity
 67
1
  8
R-OPISY
370
13
100
AcDbPolyline
 90
2
 70
0
 10
999.0
 20
577.2000000000003
 10
1179.0
 20
577.2000000000003
  0
LWPOLYLINE
  5
E6
330
1B
100
AcDbEntity
 67
1
  8
R-OPISY
370
13
100
AcDbPolyline
 90
2
 70
0
 10
999.0
 20
572.7000000000003
 10
1179.0
 20
572.7000000000003
  0
LWPOLYLINE
  5
E7
330
1B
100
AcDbEntity
 67
1
  8
R-OPISY
370
13
100
AcDbPolyline
 90
2
 70
0
 10
999.0
 20
568.2000000000003
 10
1179.0
 20
568.2000000000003
  0
LWPOLYLINE
  5
E8
330
1B
100
AcDbEntity
 67
1
  8
R-OPISY
370
13
100
AcDbPolyline
 90
2
 70
0
 10
999.0
 20
563.7000000000003
 10
1179.0
 20
563.7000000000003
  0
LWPOLYLINE
  5
E9
330
1B
100
AcDbEntity
 67
1
  8
R-OPISY
370
13
100
AcDbPolyline
 90
2
 70
0
 10
999.0
 20
559.2000000000003
 10
1179.0
 20
559.2000000000003
  0
LWPOLYLINE
  5
EA
330
1B
100
AcDbEntity
 67
1
  8
R-OPISY
370
13
100
AcDbPolyline
 90
2
 70
0
 10
999.0
 20
554.7000000000003
 10
1179.0
 20
554.7000000000003
  0
LWPOLYLINE
  5
EB
330
1B
100
AcDbEntity
 67
1
  8
R-OPISY
370
13
100
AcDbPolyline
 90
2
 70
0
 10
999.0
 20
550.2000000000003
 10
1179.0
 20
550.2000000000003
  0
LWPOLYLINE
  5
EC
330
1B
100
AcDbEntity
 67
1
  8
R-OPISY
370
13
100
AcDbPolyline
 90
2
 70
0
 10
999.0
 20
545.7000000000003
 10
1179.0
 20
545.7000000000003
  0
LWPOLYLINE
  5
ED
330
1B
100
AcDbEntity
 67
1
  8
R-OPISY
370
13
100
AcDbPolyline
 90
2
 70
0
 10
999.0
 20
541.2000000000003
 10
1179.0
 20
541.2000000000003
  0
LWPOLYLINE
  5
EE
330
1B
100
AcDbEntity
 67
1
  8
R-OPISY
370
13
100
AcDbPolyline
 90
2
 70
0
 10
999.0
 20
536.7000000000003
 10
1179.0
 20
536.7000000000003
  0
LWPOLYLINE
  5
EF
330
1B
100
AcDbEntity
 67
1
  8
R-OPISY
370
13
100
AcDbPolyline
 90
2
 70
0
 10
999.0
 20
532.2000000000003
 10
1179.0
 20
532.2000000000003
  0
LWPOLYLINE
  5
F0
330
1B
100
AcDbEntity
 67
1
  8
R-OPISY
370
13
100
AcDbPolyline
 90
2
 70
0
 10
999.0
 20
527.7000000000003
 10
1179.0
 20
527.7000000000003
  0
LWPOLYLINE
  5
F1
330
1B
100
AcDbEntity
 67
1
  8
R-OPISY
370
13
100
AcDbPolyline
 90
2
 70
0
 10
999.0
 20
523.2000000000003
 10
1179.0
 20
523.2000000000003
  0
LWPOLYLINE
  5
F2
330
1B
100
AcDbEntity
 67
1
  8
R-OPISY
370
13
100
AcDbPolyline
 90
2
 70
0
 10
999.0
 20
518.7000000000003
 10
1179.0
 20
518.7000000000003
  0
LWPOLYLINE
  5
F3
330
1B
100
AcDbEntity
 67
1
  8
R-OPISY
370
13
100
AcDbPolyline
 90
2
 70
0
 10
999.0
 20
514.2000000000003
 10
1179.0
 20
514.2000000000003
  0
LWPOLYLINE
  5
F4
330
1B
100
AcDbEntity
 67
1
  8
R-OPISY
370
13
100
AcDbPolyline
 90
2
 70
0
 10
999.0
 20
509.7000000000003
 10
1179.0
 20
509.7000000000003
  0
LWPOLYLINE
  5
F5
330
1B
100
AcDbEntity
 67
1
  8
R-OPISY
370
13
100
AcDbPolyline
 90
2
 70
0
 10
999.0
 20
505.2000000000003
 10
1179.0
 20
505.2000000000003
  0
LWPOLYLINE
  5
F6
330
1B
100
AcDbEntity
 67
1
  8
R-OPISY
370
13
100
AcDbPolyline
 90
2
 70
0
 10
999.0
 20
500.7000000000003
 10
1179.0
 20
500.7000000000003
  0
LWPOLYLINE
  5
F7
330
1B
100
AcDbEntity
 67
1
  8
R-OPISY
370
13
100
AcDbPolyline
 90
2
 70
0
 10
999.0
 20
496.2000000000003
 10
1179.0
 20
496.2000000000003
  0
LWPOLYLINE
  5
F8
330
1B
100
AcDbEntity
 67
1
  8
R-OPISY
370
13
100
AcDbPolyline
 90
2
 70
0
 10
999.0
 20
491.7000000000003
 10
1179.0
 20
491.7000000000003
  0
LWPOLYLINE
  5
F9
330
1B
100
AcDbEntity
 67
1
  8
R-OPISY
370
13
100
AcDbPolyline
 90
2
 70
0
 10
999.0
 20
487.2000000000003
 10
1179.0
 20
487.2000000000003
  0
LWPOLYLINE
  5
FA
330
1B
100
AcDbEntity
 67
1
  8
R-OPISY
370
13
100
AcDbPolyline
 90
2
 70
0
 10
999.0
 20
482.7000000000003
 10
1179.0
 20
482.7000000000003
  0
LWPOLYLINE
  5
FB
330
1B
100
AcDbEntity
 67
1
  8
R-OPISY
370
13
100
AcDbPolyline
 90
2
 70
0
 10
999.0
 20
478.2000000000003
 10
1179.0
 20
478.2000000000003
  0
LWPOLYLINE
  5
FC
330
1B
100
AcDbEntity
 67
1
  8
R-OPISY
370
13
100
AcDbPolyline
 90
2
 70
0
 10
999.0
 20
473.7000000000003
 10
1179.0
 20
473.7000000000003
  0
LWPOLYLINE
  5
FD
330
1B
100
AcDbEntity
 67
1
  8
R-OPISY
370
13
100
AcDbPolyline
 90
2
 70
0
 10
999.0
 20
469.2000000000003
 10
1179.0
 20
469.2000000000003
  0
LWPOLYLINE
  5
FE
330
1B
100
AcDbEntity
 67
1
  8
R-OPISY
370
13
100
AcDbPolyline
 90
2
 70
0
 10
999.0
 20
464.7000000000003
 10
1179.0
 20
464.7000000000003
  0
LWPOLYLINE
  5
FF
330
1B
100
AcDbEntity
 67
1
  8
R-OPISY
370
13
100
AcDbPolyline
 90
2
 70
0
 10
1009.0
 20
464.7000000000003
 10
1009.0
 20
719.2000000000003
  0
LWPOLYLINE
  5
100
330
1B
100
AcDbEntity
 67
1
  8
R-OPISY
370
13
100
AcDbPolyline
 90
2
 70
0
 10
1018.0
 20
464.7000000000003
 10
1018.0
 20
719.2000000000003
  0
LWPOLYLINE
  5
101
330
1B
100
AcDbEntity
 67
1
  8
R-OPISY
370
13
100
AcDbPolyline
 90
2
 70
0
 10
1076.0
 20
464.7000000000003
 10
1076.0
 20
719.2000000000003
  0
LWPOLYLINE
  5
102
330
1B
100
AcDbEntity
 67
1
  8
R-OPISY
370
13
100
AcDbPolyline
 90
2
 70
0
 10
1091.0
 20
464.7000000000003
 10
1091.0
 20
719.2000000000003
  0
LWPOLYLINE
  5
103
330
1B
100
AcDbEntity
 67
1
  8
R-OPISY
370
13
100
AcDbPolyline
 90
2
 70
0
 10
1103.0
 20
464.7000000000003
 10
1103.0
 20
719.2000000000003
  0
LWPOLYLINE
  5
104
330
1B
100
AcDbEntity
 67
1
  8
R-OPISY
370
13
100
AcDbPolyline
 90
2
 70
0
 10
1114.0
 20
464.7000000000003
 10
1114.0
 20
719.2000000000003
  0
LWPOLYLINE
  5
105
330
1B
100
AcDbEntity
 67
1
  8
R-OPISY
370
13
100
AcDbPolyline
 90
2
 70
0
 10
1127.0
 20
464.7000000000003
 10
1127.0
 20
719.2000000000003
  0
LWPOLYLINE
  5
106
330
1B
100
AcDbEntity
 67
1
  8
R-OPISY
370
13
100
AcDbPolyline
 90
2
 70
0
 10
1140.0
 20
464.7000000000003
 10
1140.0
 20
719.2000000000003
  0
LWPOLYLINE
  5
107
330
1B
100
AcDbEntity
 67
1
  8
R-OPISY
370
13
100
AcDbPolyline
 90
2
 70
0
 10
1153.0
 20
464.7000000000003
 10
1153.0
 20
719.2000000000003
  0
LWPOLYLINE
  5
108
330
1B
100
AcDbEntity
 67
1
  8
R-OPISY
370
13
100
AcDbPolyline
 90
2
 70
0
 10
1166.0
 20
464.7000000000003
 10
1166.0
 20
719.2000000000003
  0
LWPOLYLINE
  5
109
330
1B
100
AcDbEntity
 67
1
  8
R-OPISY
370
35
100
AcDbPolyline
 90
4
 70
1
 10
999.0
 20
464.7000000000003
 10
1179.0
 20
464.7000000000003
 10
1179.0
 20
719.2000000000003
 10
999.0
 20
719.2000000000003
  0
LWPOLYLINE
  5
10A
330
1B
100
AcDbEntity
 67
1
  8
R-OPISY
370
35
100
AcDbPolyline
 90
2
 70
0
 10
1019.2
 20
709.9500000000003
 10
1026.2
 20
709.9500000000003
  0
LWPOLYLINE
  5
10B
330
1B
100
AcDbEntity
 67
1
  8
R-OPISY
370
35
100
AcDbPolyline
 90
2
 70
0
 10
1019.2
 20
705.4500000000003
 10
1026.2
 20
705.4500000000003
  0
LWPOLYLINE
  5
10C
330
1B
100
AcDbEntity
 67
1
  8
R-OPISY
370
35
100
AcDbPolyline
 90
2
 70
0
 10
1019.2
 20
700.9500000000003
 10
1026.2
 20
700.9500000000003
  0
LWPOLYLINE
  5
10D
330
1B
100
AcDbEntity
 67
1
  8
R-OPISY
370
35
100
AcDbPolyline
 90
2
 70
0
 10
1019.2
 20
696.4500000000003
 10
1026.2
 20
696.4500000000003
  0
LWPOLYLINE
  5
10E
330
1B
100
AcDbEntity
 67
1
  8
R-OPISY
370
35
100
AcDbPolyline
 90
2
 70
0
 10
1019.2
 20
691.9500000000003
 10
1026.2
 20
691.9500000000003
  0
LWPOLYLINE
  5
10F
330
1B
100
AcDbEntity
 67
1
  8
R-OPISY
370
35
100
AcDbPolyline
 90
2
 70
0
 10
1019.2
 20
687.4500000000003
 10
1026.2
 20
687.4500000000003
  0
LWPOLYLINE
  5
110
330
1B
100
AcDbEntity
 67
1
  8
R-OPISY
370
35
100
AcDbPolyline
 90
2
 70
0
 10
1019.2
 20
682.9500000000003
 10
1026.2
 20
682.9500000000003
  0
LWPOLYLINE
  5
111
330
1B
100
AcDbEntity
 67
1
  8
R-OPISY
370
35
100
AcDbPolyline
 90
2
 70
0
 10
1019.2
 20
678.4500000000003
 10
1026.2
 20
678.4500000000003
  0
LWPOLYLINE
  5
112
330
1B
100
AcDbEntity
 67
1
  8
R-OPISY
370
35
100
AcDbPolyline
 90
2
 70
0
 10
1019.2
 20
673.9500000000003
 10
1026.2
 20
673.9500000000003
  0
LWPOLYLINE
  5
113
330
1B
100
AcDbEntity
 67
1
  8
R-OPISY
370
35
100
AcDbPolyline
 90
2
 70
0
 10
1019.2
 20
669.4500000000003
 10
1026.2
 20
669.4500000000003
  0
LWPOLYLINE
  5
114
330
1B
100
AcDbEntity
 67
1
  8
R-OPISY
370
35
100
AcDbPolyline
 90
2
 70
0
 10
1019.2
 20
664.9500000000003
 10
1026.2
 20
664.9500000000003
  0
LWPOLYLINE
  5
115
330
1B
100
AcDbEntity
 67
1
  8
R-OPISY
370
35
100
AcDbPolyline
 90
2
 70
0
 10
1019.2
 20
660.4500000000003
 10
1026.2
 20
660.4500000000003
  0
LWPOLYLINE
  5
116
330
1B
100
AcDbEntity
 67
1
  8
R-OPISY
370
35
100
AcDbPolyline
 90
2
 70
0
 10
1019.2
 20
655.9500000000003
 10
1026.2
 20
655.9500000000003
  0
LWPOLYLINE
  5
117
330
1B
100
AcDbEntity
 67
1
  8
R-OPISY
370
35
100
AcDbPolyline
 90
2
 70
0
 10
1019.2
 20
651.4500000000003
 10
1026.2
 20
651.4500000000003
  0
LWPOLYLINE
  5
118
330
1B
100
AcDbEntity
 67
1
  8
R-OPISY
370
35
100
AcDbPolyline
 90
2
 70
0
 10
1019.2
 20
646.9500000000003
 10
1026.2
 20
646.9500000000003
  0
LWPOLYLINE
  5
119
330
1B
100
AcDbEntity
 67
1
  8
R-OPISY
370
35
100
AcDbPolyline
 90
2
 70
0
 10
1019.2
 20
642.4500000000003
 10
1026.2
 20
642.4500000000003
  0
LWPOLYLINE
  5
11A
330
1B
100
AcDbEntity
 67
1
  8
R-OPISY
370
35
100
AcDbPolyline
 90
2
 70
0
 10
1019.2
 20
637.9500000000003
 10
1026.2
 20
637.9500000000003
  0
LWPOLYLINE
  5
11B
330
1B
100
AcDbEntity
 67
1
  8
R-OPISY
370
35
100
AcDbPolyline
 90
2
 70
0
 10
1019.2
 20
633.4500000000003
 10
1026.2
 20
633.4500000000003
  0
LWPOLYLINE
  5
11C
330
1B
100
AcDbEntity
 67
1
  8
R-OPISY
370
35
100
AcDbPolyline
 90
3
 70
0
 10
1019.2
 20
629.7600000000002
 10
1026.2
 20
629.7600000000002
 10
1026.2
 20
628.1400000000003
  0
LWPOLYLINE
  5
11D
330
1B
100
AcDbEntity
 67
1
  8
R-OPISY
370
35
100
AcDbPolyline
 90
3
 70
0
 10
1019.2
 20
625.2600000000002
 10
1026.2
 20
625.2600000000002
 10
1026.2
 20
623.6400000000003
  0
LWPOLYLINE
  5
11E
330
1B
100
AcDbEntity
 67
1
  8
R-OPISY
370
35
100
AcDbPolyline
 90
3
 70
0
 10
1019.2
 20
620.7600000000002
 10
1026.2
 20
620.7600000000002
 10
1026.2
 20
619.1400000000003
  0
LWPOLYLINE
  5
11F
330
1B
100
AcDbEntity
 67
1
  8
R-OPISY
370
35
100
AcDbPolyline
 90
2
 70
0
 10
1019.2
 20
615.4500000000003
 10
1026.2
 20
615.4500000000003
  0
LWPOLYLINE
  5
120
330
1B
100
AcDbEntity
 67
1
  8
R-OPISY
370
35
100
AcDbPolyline
 90
2
 70
0
 10
1019.2
 20
610.9500000000003
 10
1026.2
 20
610.9500000000003
  0
LWPOLYLINE
  5
121
330
1B
100
AcDbEntity
 67
1
  8
R-OPISY
370
35
100
AcDbPolyline
 90
3
 70
0
 10
1019.2
 20
607.2600000000002
 10
1026.2
 20
607.2600000000002
 10
1026.2
 20
605.6400000000003
  0
LWPOLYLINE
  5
122
330
1B
100
AcDbEntity
 67
1
  8
R-OPISY
370
35
100
AcDbPolyline
 90
2
 70
0
 10
1019.2
 20
601.9500000000003
 10
1026.2
 20
601.9500000000003
  0
LWPOLYLINE
  5
123
330
1B
100
AcDbEntity
 67
1
  8
R-OPISY
370
35
100
AcDbPolyline
 90
2
 70
0
 10
1019.2
 20
597.4500000000003
 10
1026.2
 20
597.4500000000003
  0
LWPOLYLINE
  5
124
330
1B
100
AcDbEntity
 67
1
  8
R-OPISY
370
35
100
AcDbPolyline
 90
2
 70
0
 10
1019.2
 20
592.9500000000003
 10
1026.2
 20
592.9500000000003
  0
LWPOLYLINE
  5
125
330
1B
100
AcDbEntity
 67
1
  8
R-OPISY
370
35
100
AcDbPolyline
 90
2
 70
0
 10
1019.2
 20
588.4500000000003
 10
1026.2
 20
588.4500000000003
  0
LWPOLYLINE
  5
126
330
1B
100
AcDbEntity
 67
1
  8
R-OPISY
370
35
100
AcDbPolyline
 90
2
 70
0
 10
1019.2
 20
583.9500000000003
 10
1026.2
 20
583.9500000000003
  0
LWPOLYLINE
  5
127
330
1B
100
AcDbEntity
 67
1
  8
R-OPISY
370
35
100
AcDbPolyline
 90
2
 70
0
 10
1019.2
 20
579.4500000000003
 10
1026.2
 20
579.4500000000003
  0
LWPOLYLINE
  5
128
330
1B
100
AcDbEntity
 67
1
  8
R-OPISY
370
35
100
AcDbPolyline
 90
2
 70
0
 10
1019.2
 20
574.9500000000003
 10
1026.2
 20
574.9500000000003
  0
LWPOLYLINE
  5
129
330
1B
100
AcDbEntity
 67
1
  8
R-OPISY
370
35
100
AcDbPolyline
 90
3
 70
0
 10
1019.2
 20
571.2600000000002
 10
1026.2
 20
571.2600000000002
 10
1026.2
 20
569.6400000000003
  0
LWPOLYLINE
  5
12A
330
1B
100
AcDbEntity
 67
1
  8
R-OPISY
370
35
100
AcDbPolyline
 90
3
 70
0
 10
1019.2
 20
566.7600000000002
 10
1026.2
 20
566.7600000000002
 10
1026.2
 20
565.1400000000003
  0
LWPOLYLINE
  5
12B
330
1B
100
AcDbEntity
 67
1
  8
R-OPISY
370
35
100
AcDbPolyline
 90
2
 70
0
 10
1019.2
 20
561.4500000000003
 10
1026.2
 20
561.4500000000003
  0
LWPOLYLINE
  5
12C
330
1B
100
AcDbEntity
 67
1
  8
R-OPISY
370
35
100
AcDbPolyline
 90
3
 70
0
 10
1019.2
 20
557.7600000000002
 10
1026.2
 20
557.7600000000002
 10
1026.2
 20
556.1400000000003
  0
LWPOLYLINE
  5
12D
330
1B
100
AcDbEntity
 67
1
  8
R-OPISY
370
35
100
AcDbPolyline
 90
2
 70
0
 10
1019.2
 20
552.4500000000003
 10
1026.2
 20
552.4500000000003
  0
LWPOLYLINE
  5
12E
330
1B
100
AcDbEntity
 67
1
  8
R-OPISY
370
35
100
AcDbPolyline
 90
3
 70
0
 10
1019.2
 20
548.7600000000002
 10
1026.2
 20
548.7600000000002
 10
1026.2
 20
547.1400000000003
  0
LWPOLYLINE
  5
12F
330
1B
100
AcDbEntity
 67
1
  8
R-OPISY
370
35
100
AcDbPolyline
 90
3
 70
0
 10
1019.2
 20
544.2600000000002
 10
1026.2
 20
544.2600000000002
 10
1026.2
 20
542.6400000000003
  0
LWPOLYLINE
  5
130
330
1B
100
AcDbEntity
 67
1
  8
R-OPISY
370
35
100
AcDbPolyline
 90
2
 70
0
 10
1019.2
 20
538.9500000000003
 10
1026.2
 20
538.9500000000003
  0
LWPOLYLINE
  5
131
330
1B
100
AcDbEntity
 67
1
  8
R-OPISY
370
35
100
AcDbPolyline
 90
2
 70
0
 10
1019.2
 20
534.4500000000003
 10
1026.2
 20
534.4500000000003
  0
LWPOLYLINE
  5
132
330
1B
100
AcDbEntity
 67
1
  8
R-OPISY
370
35
100
AcDbPolyline
 90
2
 70
0
 10
1019.2
 20
529.9500000000003
 10
1026.2
 20
529.9500000000003
  0
LWPOLYLINE
  5
133
330
1B
100
AcDbEntity
 67
1
  8
R-OPISY
370
35
100
AcDbPolyline
 90
2
 70
0
 10
1019.2
 20
525.4500000000003
 10
1026.2
 20
525.4500000000003
  0
LWPOLYLINE
  5
134
330
1B
100
AcDbEntity
 67
1
  8
R-OPISY
370
35
100
AcDbPolyline
 90
2
 70
0
 10
1019.2
 20
520.9500000000003
 10
1026.2
 20
520.9500000000003
  0
LWPOLYLINE
  5
135
330
1B
100
AcDbEntity
 67
1
  8
R-OPISY
370
35
100
AcDbPolyline
 90
2
 70
0
 10
1019.2
 20
516.4500000000003
 10
1026.2
 20
516.4500000000003
  0
LWPOLYLINE
  5
136
330
1B
100
AcDbEntity
 67
1
  8
R-OPISY
370
35
100
AcDbPolyline
 90
2
 70
0
 10
1019.2
 20
511.9500000000003
 10
1026.2
 20
511.9500000000003
  0
LWPOLYLINE
  5
137
330
1B
100
AcDbEntity
 67
1
  8
R-OPISY
370
35
100
AcDbPolyline
 90
2
 70
0
 10
1019.2
 20
507.4500000000003
 10
1026.2
 20
507.4500000000003
  0
LWPOLYLINE
  5
138
330
1B
100
AcDbEntity
 67
1
  8
R-OPISY
370
35
100
AcDbPolyline
 90
2
 70
0
 10
1019.2
 20
502.9500000000003
 10
1026.2
 20
502.9500000000003
  0
LWPOLYLINE
  5
139
330
1B
100
AcDbEntity
 67
1
  8
R-OPISY
370
35
100
AcDbPolyline
 90
2
 70
0
 10
1019.2
 20
498.4500000000003
 10
1026.2
 20
498.4500000000003
  0
LWPOLYLINE
  5
13A
330
1B
100
AcDbEntity
 67
1
  8
R-OPISY
370
35
100
AcDbPolyline
 90
2
 70
0
 10
1019.2
 20
493.9500000000003
 10
1026.2
 20
493.9500000000003
  0
LWPOLYLINE
  5
13B
330
1B
100
AcDbEntity
 67
1
  8
R-OPISY
370
35
100
AcDbPolyline
 90
2
 70
0
 10
1019.2
 20
489.4500000000003
 10
1026.2
 20
489.4500000000003
  0
LWPOLYLINE
  5
13C
330
1B
100
AcDbEntity
 67
1
  8
R-OPISY
370
35
100
AcDbPolyline
 90
2
 70
0
 10
1019.2
 20
484.9500000000003
 10
1026.2
 20
484.9500000000003
  0
LWPOLYLINE
  5
13D
330
1B
100
AcDbEntity
 67
1
  8
R-OPISY
370
25
100
AcDbPolyline
 90
4
 70
1
 10
999.0
 20
362.12000000000006
 10
1179.0
 20
362.12000000000006
 10
1179.0
 20
436.3000000000002
 10
999.0
 20
436.3000000000002
  0
LWPOLYLINE
  5
13E
330
1B
100
AcDbEntity
 67
1
  8
R-OPISY
370
18
100
AcDbPolyline
 90
4
 70
1
 10
1003.0
 20
349.12000000000006
 10
1023.0
 20
349.12000000000006
 10
1023.0
 20
350.7200000000001
 10
1003.0
 20
350.7200000000001
  0
LWPOLYLINE
  5
13F
330
1B
100
AcDbEntity
 67
1
  8
R-OPISY
370
18
100
AcDbPolyline
 90
4
 70
1
 10
1023.0
 20
349.12000000000006
 10
1043.0
 20
349.12000000000006
 10
1043.0
 20
350.7200000000001
 10
1023.0
 20
350.7200000000001
  0
LWPOLYLINE
  5
140
330
1B
100
AcDbEntity
 67
1
  8
R-OPISY
370
18
100
AcDbPolyline
 90
4
 70
1
 10
1043.0
 20
349.12000000000006
 10
1063.0
 20
349.12000000000006
 10
1063.0
 20
350.7200000000001
 10
1043.0
 20
350.7200000000001
  0
LWPOLYLINE
  5
141
330
1B
100
AcDbEntity
 67
1
  8
R-OPISY
370
18
100
AcDbPolyline
 90
4
 70
1
 10
1063.0
 20
349.12000000000006
 10
1083.0
 20
349.12000000000006
 10
1083.0
 20
350.7200000000001
 10
1063.0
 20
350.7200000000001
  0
LWPOLYLINE
  5
142
330
1B
100
AcDbEntity
 67
1
  8
R-OPISY
370
18
100
AcDbPolyline
 90
4
 70
1
 10
1083.0
 20
349.12000000000006
 10
1103.0
 20
349.12000000000006
 10
1103.0
 20
350.7200000000001
 10
1083.0
 20
350.7200000000001
  0
LWPOLYLINE
  5
143
330
1B
100
AcDbEntity
 67
1
  8
R-OPISY
370
18
100
AcDbPolyline
 90
4
 70
1
 10
1103.0
 20
349.12000000000006
 10
1123.0
 20
349.12000000000006
 10
1123.0
 20
350.7200000000001
 10
1103.0
 20
350.7200000000001
  0
LWPOLYLINE
  5
144
330
1B
100
AcDbEntity
 67
1
  8
R-OPISY
370
35
100
AcDbPolyline
 90
2
 70
0
 10
11.0
 20
18.0
 10
11.0
 20
118.0
  0
LWPOLYLINE
  5
145
330
1B
100
AcDbEntity
 67
1
  8
R-OPISY
370
18
100
AcDbPolyline
 90
2
 70
0
 10
11.0
 20
18.0
 10
9.4
 20
18.0
  0
LWPOLYLINE
  5
146
330
1B
100
AcDbEntity
 67
1
  8
R-OPISY
370
18
100
AcDbPolyline
 90
2
 70
0
 10
11.0
 20
28.0
 10
10.1
 20
28.0
  0
LWPOLYLINE
  5
147
330
1B
100
AcDbEntity
 67
1
  8
R-OPISY
370
18
100
AcDbPolyline
 90
2
 70
0
 10
11.0
 20
38.0
 10
10.1
 20
38.0
  0
LWPOLYLINE
  5
148
330
1B
100
AcDbEntity
 67
1
  8
R-OPISY
370
18
100
AcDbPolyline
 90
2
 70
0
 10
11.0
 20
48.0
 10
10.1
 20
48.0
  0
LWPOLYLINE
  5
149
330
1B
100
AcDbEntity
 67
1
  8
R-OPISY
370
18
100
AcDbPolyline
 90
2
 70
0
 10
11.0
 20
58.0
 10
10.1
 20
58.0
  0
LWPOLYLINE
  5
14A
330
1B
100
AcDbEntity
 67
1
  8
R-OPISY
370
18
100
AcDbPolyline
 90
2
 70
0
 10
11.0
 20
68.0
 10
9.4
 20
68.0
  0
LWPOLYLINE
  5
14B
330
1B
100
AcDbEntity
 67
1
  8
R-OPISY
370
18
100
AcDbPolyline
 90
2
 70
0
 10
11.0
 20
78.0
 10
10.1
 20
78.0
  0
LWPOLYLINE
  5
14C
330
1B
100
AcDbEntity
 67
1
  8
R-OPISY
370
18
100
AcDbPolyline
 90
2
 70
0
 10
11.0
 20
88.0
 10
10.1
 20
88.0
  0
LWPOLYLINE
  5
14D
330
1B
100
AcDbEntity
 67
1
  8
R-OPISY
370
18
100
AcDbPolyline
 90
2
 70
0
 10
11.0
 20
98.0
 10
10.1
 20
98.0
  0
LWPOLYLINE
  5
14E
330
1B
100
AcDbEntity
 67
1
  8
R-OPISY
370
18
100
AcDbPolyline
 90
2
 70
0
 10
11.0
 20
108.0
 10
10.1
 20
108.0
  0
LWPOLYLINE
  5
14F
330
1B
100
AcDbEntity
 67
1
  8
R-OPISY
370
18
100
AcDbPolyline
 90
2
 70
0
 10
11.0
 20
118.0
 10
9.4
 20
118.0
  0
HATCH
  5
150
330
1B
100
AcDbEntity
 67
1
  8
R-LEGENDA
 62
7
420
16777215
100
AcDbHatch
 10
0.0
 20
0.0
 30
0.0
210
0.0
220
0.0
230
1.0
  2
SOLID
 70
1
 71
0
 91
1
 92
3
 72
0
 73
1
 93
48
 10
1008.4
 20
747.0000000000001
 10
1008.3794676672971
 20
747.3132628613282
 10
1008.3182219830937
 20
747.6211657082462
 10
1008.2173108780271
 20
747.9184402376764
 10
1008.0784609690827
 20
748.2000000000002
 10
1007.904048016699
 20
748.461027429621
 10
1007.6970562748477
 20
748.6970562748478
 10
1007.4610274296209
 20
748.9040480166991
 10
1007.2
 20
749.0784609690828
 10
1006.9184402376762
 20
749.2173108780272
 10
1006.621165708246
 20
749.3182219830938
 10
1006.3132628613281
 20
749.3794676672973
 10
1006.0
 20
749.4000000000001
 10
1005.6867371386719
 20
749.3794676672973
 10
1005.378834291754
 20
749.3182219830938
 10
1005.0815597623238
 20
749.2173108780272
 10
1004.8
 20
749.0784609690828
 10
1004.5389725703791
 20
748.9040480166991
 10
1004.3029437251523
 20
748.6970562748478
 10
1004.095951983301
 20
748.461027429621
 10
1003.9215390309173
 20
748.2000000000002
 10
1003.7826891219729
 20
747.9184402376764
 10
1003.6817780169063
 20
747.6211657082462
 10
1003.6205323327029
 20
747.3132628613282
 10
1003.6
 20
747.0000000000001
 10
1003.6205323327029
 20
746.686737138672
 10
1003.6817780169063
 20
746.3788342917541
 10
1003.7826891219729
 20
746.0815597623239
 10
1003.9215390309173
 20
745.8000000000001
 10
1004.095951983301
 20
745.5389725703792
 10
1004.3029437251523
 20
745.3029437251524
 10
1004.5389725703791
 20
745.0959519833011
 10
1004.8
 20
744.9215390309174
 10
1005.0815597623238
 20
744.782689121973
 10
1005.378834291754
 20
744.6817780169064
 10
1005.6867371386719
 20
744.620532332703
 10
1006.0
 20
744.6000000000001
 10
1006.3132628613281
 20
744.620532332703
 10
1006.621165708246
 20
744.6817780169064
 10
1006.9184402376762
 20
744.782689121973
 10
1007.2
 20
744.9215390309174
 10
1007.4610274296209
 20
745.0959519833011
 10
1007.6970562748477
 20
745.3029437251524
 10
1007.904048016699
 20
745.5389725703792
 10
1008.0784609690827
 20
745.8000000000001
 10
1008.2173108780271
 20
746.0815597623239
 10
1008.3182219830937
 20
746.3788342917541
 10
1008.3794676672971
 20
746.686737138672
 97
0
 75
0
 76
1
 98
0
  0
LWPOLYLINE
  5
151
330
1B
100
AcDbEntity
 67
1
  8
R-LEGENDA
370
18
100
AcDbPolyline
 90
48
 70
1
 10
1008.4
 20
747.0000000000001
 10
1008.3794676672971
 20
747.3132628613282
 10
1008.3182219830937
 20
747.6211657082462
 10
1008.2173108780271
 20
747.9184402376764
 10
1008.0784609690827
 20
748.2000000000002
 10
1007.904048016699
 20
748.461027429621
 10
1007.6970562748477
 20
748.6970562748478
 10
1007.4610274296209
 20
748.9040480166991
 10
1007.2
 20
749.0784609690828
 10
1006.9184402376762
 20
749.2173108780272
 10
1006.621165708246
 20
749.3182219830938
 10
1006.3132628613281
 20
749.3794676672973
 10
1006.0
 20
749.4000000000001
 10
1005.6867371386719
 20
749.3794676672973
 10
1005.378834291754
 20
749.3182219830938
 10
1005.0815597623238
 20
749.2173108780272
 10
1004.8
 20
749.0784609690828
 10
1004.5389725703791
 20
748.9040480166991
 10
1004.3029437251523
 20
748.6970562748478
 10
1004.095951983301
 20
748.461027429621
 10
1003.9215390309173
 20
748.2000000000002
 10
1003.7826891219729
 20
747.9184402376764
 10
1003.6817780169063
 20
747.6211657082462
 10
1003.6205323327029
 20
747.3132628613282
 10
1003.6
 20
747.0000000000001
 10
1003.6205323327029
 20
746.686737138672
 10
1003.6817780169063
 20
746.3788342917541
 10
1003.7826891219729
 20
746.0815597623239
 10
1003.9215390309173
 20
745.8000000000001
 10
1004.095951983301
 20
745.5389725703792
 10
1004.3029437251523
 20
745.3029437251524
 10
1004.5389725703791
 20
745.0959519833011
 10
1004.8
 20
744.9215390309174
 10
1005.0815597623238
 20
744.782689121973
 10
1005.378834291754
 20
744.6817780169064
 10
1005.6867371386719
 20
744.620532332703
 10
1006.0
 20
744.6000000000001
 10
1006.3132628613281
 20
744.620532332703
 10
1006.621165708246
 20
744.6817780169064
 10
1006.9184402376762
 20
744.782689121973
 10
1007.2
 20
744.9215390309174
 10
1007.4610274296209
 20
745.0959519833011
 10
1007.6970562748477
 20
745.3029437251524
 10
1007.904048016699
 20
745.5389725703792
 10
1008.0784609690827
 20
745.8000000000001
 10
1008.2173108780271
 20
746.0815597623239
 10
1008.3182219830937
 20
746.3788342917541
 10
1008.3794676672971
 20
746.686737138672
  0
TEXT
  5
152
330
1B
100
AcDbEntity
 67
1
  8
R-LEGENDA
100
AcDbText
 10
1004.9896093572564
 20
745.7500000000001
 30
0.0
 40
2.5
  1
3
  7
PL_ARIAL
 11
1004.9896093572564
 21
745.7500000000001
 31
0.0
100
AcDbText
  0
HATCH
  5
153
330
1B
100
AcDbEntity
 67
1
  8
R-TABLICZKA
 62
7
420
16777215
100
AcDbHatch
 10
0.0
 20
0.0
 30
0.0
210
0.0
220
0.0
230
1.0
  2
SOLID
 70
1
 71
0
 91
1
 92
3
 72
0
 73
1
 93
4
 10
999.0
 20
10.0
 10
1179.0
 20
10.0
 10
1179.0
 20
103.0
 10
999.0
 20
103.0
 97
0
 75
0
 76
1
 98
0
  0
HATCH
  5
154
330
1B
100
AcDbEntity
 67
1
  8
R-TABLICZKA
 62
7
420
16777215
100
AcDbHatch
 10
0.0
 20
0.0
 30
0.0
210
0.0
220
0.0
230
1.0
  2
SOLID
 70
1
 71
0
 91
1
 92
3
 72
0
 73
1
 93
4
 10
999.0
 20
103.0
 10
1179.0
 20
103.0
 10
1179.0
 20
113.0
 10
999.0
 20
113.0
 97
0
 75
0
 76
1
 98
0
  0
LWPOLYLINE
  5
155
330
1B
100
AcDbEntity
 67
1
  8
R-RAMKA
370
70
100
AcDbPolyline
 90
4
 70
1
 10
20.0
 20
10.0
 10
1179.0
 20
10.0
 10
1179.0
 20
831.0
 10
20.0
 20
831.0
  0
LWPOLYLINE
  5
156
330
1B
100
AcDbEntity
 67
1
  8
R-RAMKA
370
70
100
AcDbPolyline
 90
2
 70
0
 10
594.5
 20
0.0
 10
594.5
 20
20.0
  0
LWPOLYLINE
  5
157
330
1B
100
AcDbEntity
 67
1
  8
R-RAMKA
370
70
100
AcDbPolyline
 90
2
 70
0
 10
594.5
 20
841.0
 10
594.5
 20
821.0
  0
LWPOLYLINE
  5
158
330
1B
100
AcDbEntity
 67
1
  8
R-RAMKA
370
70
100
AcDbPolyline
 90
2
 70
0
 10
0.0
 20
420.5
 10
30.0
 20
420.5
  0
LWPOLYLINE
  5
159
330
1B
100
AcDbEntity
 67
1
  8
R-RAMKA
370
70
100
AcDbPolyline
 90
2
 70
0
 10
1189.0
 20
420.5
 10
1169.0
 20
420.5
  0
LWPOLYLINE
  5
15A
330
1B
100
AcDbEntity
 67
1
  8
R-RAMKA
370
35
100
AcDbPolyline
 90
2
 70
0
 10
210.0
 20
0.0
 10
210.0
 20
5.0
  0
LWPOLYLINE
  5
15B
330
1B
100
AcDbEntity
 67
1
  8
R-RAMKA
370
35
100
AcDbPolyline
 90
2
 70
0
 10
210.0
 20
841.0
 10
210.0
 20
836.0
  0
LWPOLYLINE
  5
15C
330
1B
100
AcDbEntity
 67
1
  8
R-RAMKA
370
35
100
AcDbPolyline
 90
2
 70
0
 10
319.5
 20
0.0
 10
319.5
 20
5.0
  0
LWPOLYLINE
  5
15D
330
1B
100
AcDbEntity
 67
1
  8
R-RAMKA
370
35
100
AcDbPolyline
 90
2
 70
0
 10
319.5
 20
841.0
 10
319.5
 20
836.0
  0
LWPOLYLINE
  5
15E
330
1B
100
AcDbEntity
 67
1
  8
R-RAMKA
370
35
100
AcDbPolyline
 90
2
 70
0
 10
429.0
 20
0.0
 10
429.0
 20
5.0
  0
LWPOLYLINE
  5
15F
330
1B
100
AcDbEntity
 67
1
  8
R-RAMKA
370
35
100
AcDbPolyline
 90
2
 70
0
 10
429.0
 20
841.0
 10
429.0
 20
836.0
  0
LWPOLYLINE
  5
160
330
1B
100
AcDbEntity
 67
1
  8
R-RAMKA
370
35
100
AcDbPolyline
 90
2
 70
0
 10
619.0
 20
0.0
 10
619.0
 20
5.0
  0
LWPOLYLINE
  5
161
330
1B
100
AcDbEntity
 67
1
  8
R-RAMKA
370
35
100
AcDbPolyline
 90
2
 70
0
 10
619.0
 20
841.0
 10
619.0
 20
836.0
  0
LWPOLYLINE
  5
162
330
1B
100
AcDbEntity
 67
1
  8
R-RAMKA
370
35
100
AcDbPolyline
 90
2
 70
0
 10
809.0
 20
0.0
 10
809.0
 20
5.0
  0
LWPOLYLINE
  5
163
330
1B
100
AcDbEntity
 67
1
  8
R-RAMKA
370
35
100
AcDbPolyline
 90
2
 70
0
 10
809.0
 20
841.0
 10
809.0
 20
836.0
  0
LWPOLYLINE
  5
164
330
1B
100
AcDbEntity
 67
1
  8
R-RAMKA
370
35
100
AcDbPolyline
 90
2
 70
0
 10
999.0
 20
0.0
 10
999.0
 20
5.0
  0
LWPOLYLINE
  5
165
330
1B
100
AcDbEntity
 67
1
  8
R-RAMKA
370
35
100
AcDbPolyline
 90
2
 70
0
 10
999.0
 20
841.0
 10
999.0
 20
836.0
  0
LWPOLYLINE
  5
166
330
1B
100
AcDbEntity
 67
1
  8
R-RAMKA
370
35
100
AcDbPolyline
 90
2
 70
0
 10
0.0
 20
297.0
 10
5.0
 20
297.0
  0
LWPOLYLINE
  5
167
330
1B
100
AcDbEntity
 67
1
  8
R-RAMKA
370
35
100
AcDbPolyline
 90
2
 70
0
 10
1189.0
 20
297.0
 10
1184.0
 20
297.0
  0
LWPOLYLINE
  5
168
330
1B
100
AcDbEntity
 67
1
  8
R-RAMKA
370
35
100
AcDbPolyline
 90
2
 70
0
 10
0.0
 20
594.0
 10
5.0
 20
594.0
  0
LWPOLYLINE
  5
169
330
1B
100
AcDbEntity
 67
1
  8
R-RAMKA
370
35
100
AcDbPolyline
 90
2
 70
0
 10
1189.0
 20
594.0
 10
1184.0
 20
594.0
  0
LWPOLYLINE
  5
16A
330
1B
100
AcDbEntity
 67
1
  8
R-RAMKA
370
35
100
AcDbPolyline
 90
2
 70
0
 10
94.5
 20
10.0
 10
94.5
 20
5.0
  0
LWPOLYLINE
  5
16B
330
1B
100
AcDbEntity
 67
1
  8
R-RAMKA
370
35
100
AcDbPolyline
 90
2
 70
0
 10
94.5
 20
831.0
 10
94.5
 20
836.0
  0
LWPOLYLINE
  5
16C
330
1B
100
AcDbEntity
 67
1
  8
R-RAMKA
370
35
100
AcDbPolyline
 90
2
 70
0
 10
144.5
 20
10.0
 10
144.5
 20
5.0
  0
LWPOLYLINE
  5
16D
330
1B
100
AcDbEntity
 67
1
  8
R-RAMKA
370
35
100
AcDbPolyline
 90
2
 70
0
 10
144.5
 20
831.0
 10
144.5
 20
836.0
  0
LWPOLYLINE
  5
16E
330
1B
100
AcDbEntity
 67
1
  8
R-RAMKA
370
35
100
AcDbPolyline
 90
2
 70
0
 10
194.5
 20
10.0
 10
194.5
 20
5.0
  0
LWPOLYLINE
  5
16F
330
1B
100
AcDbEntity
 67
1
  8
R-RAMKA
370
35
100
AcDbPolyline
 90
2
 70
0
 10
194.5
 20
831.0
 10
194.5
 20
836.0
  0
LWPOLYLINE
  5
170
330
1B
100
AcDbEntity
 67
1
  8
R-RAMKA
370
35
100
AcDbPolyline
 90
2
 70
0
 10
244.5
 20
10.0
 10
244.5
 20
5.0
  0
LWPOLYLINE
  5
171
330
1B
100
AcDbEntity
 67
1
  8
R-RAMKA
370
35
100
AcDbPolyline
 90
2
 70
0
 10
244.5
 20
831.0
 10
244.5
 20
836.0
  0
LWPOLYLINE
  5
172
330
1B
100
AcDbEntity
 67
1
  8
R-RAMKA
370
35
100
AcDbPolyline
 90
2
 70
0
 10
294.5
 20
10.0
 10
294.5
 20
5.0
  0
LWPOLYLINE
  5
173
330
1B
100
AcDbEntity
 67
1
  8
R-RAMKA
370
35
100
AcDbPolyline
 90
2
 70
0
 10
294.5
 20
831.0
 10
294.5
 20
836.0
  0
LWPOLYLINE
  5
174
330
1B
100
AcDbEntity
 67
1
  8
R-RAMKA
370
35
100
AcDbPolyline
 90
2
 70
0
 10
344.5
 20
10.0
 10
344.5
 20
5.0
  0
LWPOLYLINE
  5
175
330
1B
100
AcDbEntity
 67
1
  8
R-RAMKA
370
35
100
AcDbPolyline
 90
2
 70
0
 10
344.5
 20
831.0
 10
344.5
 20
836.0
  0
LWPOLYLINE
  5
176
330
1B
100
AcDbEntity
 67
1
  8
R-RAMKA
370
35
100
AcDbPolyline
 90
2
 70
0
 10
394.5
 20
10.0
 10
394.5
 20
5.0
  0
LWPOLYLINE
  5
177
330
1B
100
AcDbEntity
 67
1
  8
R-RAMKA
370
35
100
AcDbPolyline
 90
2
 70
0
 10
394.5
 20
831.0
 10
394.5
 20
836.0
  0
LWPOLYLINE
  5
178
330
1B
100
AcDbEntity
 67
1
  8
R-RAMKA
370
35
100
AcDbPolyline
 90
2
 70
0
 10
444.5
 20
10.0
 10
444.5
 20
5.0
  0
LWPOLYLINE
  5
179
330
1B
100
AcDbEntity
 67
1
  8
R-RAMKA
370
35
100
AcDbPolyline
 90
2
 70
0
 10
444.5
 20
831.0
 10
444.5
 20
836.0
  0
LWPOLYLINE
  5
17A
330
1B
100
AcDbEntity
 67
1
  8
R-RAMKA
370
35
100
AcDbPolyline
 90
2
 70
0
 10
494.5
 20
10.0
 10
494.5
 20
5.0
  0
LWPOLYLINE
  5
17B
330
1B
100
AcDbEntity
 67
1
  8
R-RAMKA
370
35
100
AcDbPolyline
 90
2
 70
0
 10
494.5
 20
831.0
 10
494.5
 20
836.0
  0
LWPOLYLINE
  5
17C
330
1B
100
AcDbEntity
 67
1
  8
R-RAMKA
370
35
100
AcDbPolyline
 90
2
 70
0
 10
544.5
 20
10.0
 10
544.5
 20
5.0
  0
LWPOLYLINE
  5
17D
330
1B
100
AcDbEntity
 67
1
  8
R-RAMKA
370
35
100
AcDbPolyline
 90
2
 70
0
 10
544.5
 20
831.0
 10
544.5
 20
836.0
  0
LWPOLYLINE
  5
17E
330
1B
100
AcDbEntity
 67
1
  8
R-RAMKA
370
35
100
AcDbPolyline
 90
2
 70
0
 10
594.5
 20
10.0
 10
594.5
 20
5.0
  0
LWPOLYLINE
  5
17F
330
1B
100
AcDbEntity
 67
1
  8
R-RAMKA
370
35
100
AcDbPolyline
 90
2
 70
0
 10
594.5
 20
831.0
 10
594.5
 20
836.0
  0
LWPOLYLINE
  5
180
330
1B
100
AcDbEntity
 67
1
  8
R-RAMKA
370
35
100
AcDbPolyline
 90
2
 70
0
 10
644.5
 20
10.0
 10
644.5
 20
5.0
  0
LWPOLYLINE
  5
181
330
1B
100
AcDbEntity
 67
1
  8
R-RAMKA
370
35
100
AcDbPolyline
 90
2
 70
0
 10
644.5
 20
831.0
 10
644.5
 20
836.0
  0
LWPOLYLINE
  5
182
330
1B
100
AcDbEntity
 67
1
  8
R-RAMKA
370
35
100
AcDbPolyline
 90
2
 70
0
 10
694.5
 20
10.0
 10
694.5
 20
5.0
  0
LWPOLYLINE
  5
183
330
1B
100
AcDbEntity
 67
1
  8
R-RAMKA
370
35
100
AcDbPolyline
 90
2
 70
0
 10
694.5
 20
831.0
 10
694.5
 20
836.0
  0
LWPOLYLINE
  5
184
330
1B
100
AcDbEntity
 67
1
  8
R-RAMKA
370
35
100
AcDbPolyline
 90
2
 70
0
 10
744.5
 20
10.0
 10
744.5
 20
5.0
  0
LWPOLYLINE
  5
185
330
1B
100
AcDbEntity
 67
1
  8
R-RAMKA
370
35
100
AcDbPolyline
 90
2
 70
0
 10
744.5
 20
831.0
 10
744.5
 20
836.0
  0
LWPOLYLINE
  5
186
330
1B
100
AcDbEntity
 67
1
  8
R-RAMKA
370
35
100
AcDbPolyline
 90
2
 70
0
 10
794.5
 20
10.0
 10
794.5
 20
5.0
  0
LWPOLYLINE
  5
187
330
1B
100
AcDbEntity
 67
1
  8
R-RAMKA
370
35
100
AcDbPolyline
 90
2
 70
0
 10
794.5
 20
831.0
 10
794.5
 20
836.0
  0
LWPOLYLINE
  5
188
330
1B
100
AcDbEntity
 67
1
  8
R-RAMKA
370
35
100
AcDbPolyline
 90
2
 70
0
 10
844.5
 20
10.0
 10
844.5
 20
5.0
  0
LWPOLYLINE
  5
189
330
1B
100
AcDbEntity
 67
1
  8
R-RAMKA
370
35
100
AcDbPolyline
 90
2
 70
0
 10
844.5
 20
831.0
 10
844.5
 20
836.0
  0
LWPOLYLINE
  5
18A
330
1B
100
AcDbEntity
 67
1
  8
R-RAMKA
370
35
100
AcDbPolyline
 90
2
 70
0
 10
894.5
 20
10.0
 10
894.5
 20
5.0
  0
LWPOLYLINE
  5
18B
330
1B
100
AcDbEntity
 67
1
  8
R-RAMKA
370
35
100
AcDbPolyline
 90
2
 70
0
 10
894.5
 20
831.0
 10
894.5
 20
836.0
  0
LWPOLYLINE
  5
18C
330
1B
100
AcDbEntity
 67
1
  8
R-RAMKA
370
35
100
AcDbPolyline
 90
2
 70
0
 10
944.5
 20
10.0
 10
944.5
 20
5.0
  0
LWPOLYLINE
  5
18D
330
1B
100
AcDbEntity
 67
1
  8
R-RAMKA
370
35
100
AcDbPolyline
 90
2
 70
0
 10
944.5
 20
831.0
 10
944.5
 20
836.0
  0
LWPOLYLINE
  5
18E
330
1B
100
AcDbEntity
 67
1
  8
R-RAMKA
370
35
100
AcDbPolyline
 90
2
 70
0
 10
994.5
 20
10.0
 10
994.5
 20
5.0
  0
LWPOLYLINE
  5
18F
330
1B
100
AcDbEntity
 67
1
  8
R-RAMKA
370
35
100
AcDbPolyline
 90
2
 70
0
 10
994.5
 20
831.0
 10
994.5
 20
836.0
  0
LWPOLYLINE
  5
190
330
1B
100
AcDbEntity
 67
1
  8
R-RAMKA
370
35
100
AcDbPolyline
 90
2
 70
0
 10
1044.5
 20
10.0
 10
1044.5
 20
5.0
  0
LWPOLYLINE
  5
191
330
1B
100
AcDbEntity
 67
1
  8
R-RAMKA
370
35
100
AcDbPolyline
 90
2
 70
0
 10
1044.5
 20
831.0
 10
1044.5
 20
836.0
  0
LWPOLYLINE
  5
192
330
1B
100
AcDbEntity
 67
1
  8
R-RAMKA
370
35
100
AcDbPolyline
 90
2
 70
0
 10
1094.5
 20
10.0
 10
1094.5
 20
5.0
  0
LWPOLYLINE
  5
193
330
1B
100
AcDbEntity
 67
1
  8
R-RAMKA
370
35
100
AcDbPolyline
 90
2
 70
0
 10
1094.5
 20
831.0
 10
1094.5
 20
836.0
  0
LWPOLYLINE
  5
194
330
1B
100
AcDbEntity
 67
1
  8
R-RAMKA
370
35
100
AcDbPolyline
 90
2
 70
0
 10
1144.5
 20
10.0
 10
1144.5
 20
5.0
  0
LWPOLYLINE
  5
195
330
1B
100
AcDbEntity
 67
1
  8
R-RAMKA
370
35
100
AcDbPolyline
 90
2
 70
0
 10
1144.5
 20
831.0
 10
1144.5
 20
836.0
  0
LWPOLYLINE
  5
196
330
1B
100
AcDbEntity
 67
1
  8
R-RAMKA
370
35
100
AcDbPolyline
 90
2
 70
0
 10
20.0
 20
70.5
 10
15.0
 20
70.5
  0
LWPOLYLINE
  5
197
330
1B
100
AcDbEntity
 67
1
  8
R-RAMKA
370
35
100
AcDbPolyline
 90
2
 70
0
 10
1179.0
 20
70.5
 10
1184.0
 20
70.5
  0
LWPOLYLINE
  5
198
330
1B
100
AcDbEntity
 67
1
  8
R-RAMKA
370
35
100
AcDbPolyline
 90
2
 70
0
 10
20.0
 20
120.5
 10
15.0
 20
120.5
  0
LWPOLYLINE
  5
199
330
1B
100
AcDbEntity
 67
1
  8
R-RAMKA
370
35
100
AcDbPolyline
 90
2
 70
0
 10
1179.0
 20
120.5
 10
1184.0
 20
120.5
  0
LWPOLYLINE
  5
19A
330
1B
100
AcDbEntity
 67
1
  8
R-RAMKA
370
35
100
AcDbPolyline
 90
2
 70
0
 10
20.0
 20
170.5
 10
15.0
 20
170.5
  0
LWPOLYLINE
  5
19B
330
1B
100
AcDbEntity
 67
1
  8
R-RAMKA
370
35
100
AcDbPolyline
 90
2
 70
0
 10
1179.0
 20
170.5
 10
1184.0
 20
170.5
  0
LWPOLYLINE
  5
19C
330
1B
100
AcDbEntity
 67
1
  8
R-RAMKA
370
35
100
AcDbPolyline
 90
2
 70
0
 10
20.0
 20
220.5
 10
15.0
 20
220.5
  0
LWPOLYLINE
  5
19D
330
1B
100
AcDbEntity
 67
1
  8
R-RAMKA
370
35
100
AcDbPolyline
 90
2
 70
0
 10
1179.0
 20
220.5
 10
1184.0
 20
220.5
  0
LWPOLYLINE
  5
19E
330
1B
100
AcDbEntity
 67
1
  8
R-RAMKA
370
35
100
AcDbPolyline
 90
2
 70
0
 10
20.0
 20
270.5
 10
15.0
 20
270.5
  0
LWPOLYLINE
  5
19F
330
1B
100
AcDbEntity
 67
1
  8
R-RAMKA
370
35
100
AcDbPolyline
 90
2
 70
0
 10
1179.0
 20
270.5
 10
1184.0
 20
270.5
  0
LWPOLYLINE
  5
1A0
330
1B
100
AcDbEntity
 67
1
  8
R-RAMKA
370
35
100
AcDbPolyline
 90
2
 70
0
 10
20.0
 20
320.5
 10
15.0
 20
320.5
  0
LWPOLYLINE
  5
1A1
330
1B
100
AcDbEntity
 67
1
  8
R-RAMKA
370
35
100
AcDbPolyline
 90
2
 70
0
 10
1179.0
 20
320.5
 10
1184.0
 20
320.5
  0
LWPOLYLINE
  5
1A2
330
1B
100
AcDbEntity
 67
1
  8
R-RAMKA
370
35
100
AcDbPolyline
 90
2
 70
0
 10
20.0
 20
370.5
 10
15.0
 20
370.5
  0
LWPOLYLINE
  5
1A3
330
1B
100
AcDbEntity
 67
1
  8
R-RAMKA
370
35
100
AcDbPolyline
 90
2
 70
0
 10
1179.0
 20
370.5
 10
1184.0
 20
370.5
  0
LWPOLYLINE
  5
1A4
330
1B
100
AcDbEntity
 67
1
  8
R-RAMKA
370
35
100
AcDbPolyline
 90
2
 70
0
 10
20.0
 20
420.5
 10
15.0
 20
420.5
  0
LWPOLYLINE
  5
1A5
330
1B
100
AcDbEntity
 67
1
  8
R-RAMKA
370
35
100
AcDbPolyline
 90
2
 70
0
 10
1179.0
 20
420.5
 10
1184.0
 20
420.5
  0
LWPOLYLINE
  5
1A6
330
1B
100
AcDbEntity
 67
1
  8
R-RAMKA
370
35
100
AcDbPolyline
 90
2
 70
0
 10
20.0
 20
470.5
 10
15.0
 20
470.5
  0
LWPOLYLINE
  5
1A7
330
1B
100
AcDbEntity
 67
1
  8
R-RAMKA
370
35
100
AcDbPolyline
 90
2
 70
0
 10
1179.0
 20
470.5
 10
1184.0
 20
470.5
  0
LWPOLYLINE
  5
1A8
330
1B
100
AcDbEntity
 67
1
  8
R-RAMKA
370
35
100
AcDbPolyline
 90
2
 70
0
 10
20.0
 20
520.5
 10
15.0
 20
520.5
  0
LWPOLYLINE
  5
1A9
330
1B
100
AcDbEntity
 67
1
  8
R-RAMKA
370
35
100
AcDbPolyline
 90
2
 70
0
 10
1179.0
 20
520.5
 10
1184.0
 20
520.5
  0
LWPOLYLINE
  5
1AA
330
1B
100
AcDbEntity
 67
1
  8
R-RAMKA
370
35
100
AcDbPolyline
 90
2
 70
0
 10
20.0
 20
570.5
 10
15.0
 20
570.5
  0
LWPOLYLINE
  5
1AB
330
1B
100
AcDbEntity
 67
1
  8
R-RAMKA
370
35
100
AcDbPolyline
 90
2
 70
0
 10
1179.0
 20
570.5
 10
1184.0
 20
570.5
  0
LWPOLYLINE
  5
1AC
330
1B
100
AcDbEntity
 67
1
  8
R-RAMKA
370
35
100
AcDbPolyline
 90
2
 70
0
 10
20.0
 20
620.5
 10
15.0
 20
620.5
  0
LWPOLYLINE
  5
1AD
330
1B
100
AcDbEntity
 67
1
  8
R-RAMKA
370
35
100
AcDbPolyline
 90
2
 70
0
 10
1179.0
 20
620.5
 10
1184.0
 20
620.5
  0
LWPOLYLINE
  5
1AE
330
1B
100
AcDbEntity
 67
1
  8
R-RAMKA
370
35
100
AcDbPolyline
 90
2
 70
0
 10
20.0
 20
670.5
 10
15.0
 20
670.5
  0
LWPOLYLINE
  5
1AF
330
1B
100
AcDbEntity
 67
1
  8
R-RAMKA
370
35
100
AcDbPolyline
 90
2
 70
0
 10
1179.0
 20
670.5
 10
1184.0
 20
670.5
  0
LWPOLYLINE
  5
1B0
330
1B
100
AcDbEntity
 67
1
  8
R-RAMKA
370
35
100
AcDbPolyline
 90
2
 70
0
 10
20.0
 20
720.5
 10
15.0
 20
720.5
  0
LWPOLYLINE
  5
1B1
330
1B
100
AcDbEntity
 67
1
  8
R-RAMKA
370
35
100
AcDbPolyline
 90
2
 70
0
 10
1179.0
 20
720.5
 10
1184.0
 20
720.5
  0
LWPOLYLINE
  5
1B2
330
1B
100
AcDbEntity
 67
1
  8
R-RAMKA
370
35
100
AcDbPolyline
 90
2
 70
0
 10
20.0
 20
770.5
 10
15.0
 20
770.5
  0
LWPOLYLINE
  5
1B3
330
1B
100
AcDbEntity
 67
1
  8
R-RAMKA
370
35
100
AcDbPolyline
 90
2
 70
0
 10
1179.0
 20
770.5
 10
1184.0
 20
770.5
  0
LWPOLYLINE
  5
1B4
330
1B
100
AcDbEntity
 67
1
  8
R-TABLICZKA
370
25
100
AcDbPolyline
 90
2
 70
0
 10
1109.0
 20
91.0
 10
1109.0
 20
103.0
  0
LWPOLYLINE
  5
1B5
330
1B
100
AcDbEntity
 67
1
  8
R-TABLICZKA
370
25
100
AcDbPolyline
 90
2
 70
0
 10
1134.0
 20
91.0
 10
1134.0
 20
103.0
  0
LWPOLYLINE
  5
1B6
330
1B
100
AcDbEntity
 67
1
  8
R-TABLICZKA
370
25
100
AcDbPolyline
 90
2
 70
0
 10
999.0
 20
91.0
 10
1179.0
 20
91.0
  0
LWPOLYLINE
  5
1B7
330
1B
100
AcDbEntity
 67
1
  8
R-TABLICZKA
370
18
100
AcDbPolyline
 90
2
 70
0
 10
999.0
 20
83.0
 10
1179.0
 20
83.0
  0
LWPOLYLINE
  5
1B8
330
1B
100
AcDbEntity
 67
1
  8
R-TABLICZKA
370
18
100
AcDbPolyline
 90
2
 70
0
 10
999.0
 20
72.5
 10
1179.0
 20
72.5
  0
LWPOLYLINE
  5
1B9
330
1B
100
AcDbEntity
 67
1
  8
R-TABLICZKA
370
18
100
AcDbPolyline
 90
2
 70
0
 10
1149.0
 20
63.5
 10
1149.0
 20
72.5
  0
LWPOLYLINE
  5
1BA
330
1B
100
AcDbEntity
 67
1
  8
R-TABLICZKA
370
25
100
AcDbPolyline
 90
2
 70
0
 10
999.0
 20
63.5
 10
1179.0
 20
63.5
  0
LWPOLYLINE
  5
1BB
330
1B
100
AcDbEntity
 67
1
  8
R-TABLICZKA
370
18
100
AcDbPolyline
 90
2
 70
0
 10
999.0
 20
59.0
 10
1179.0
 20
59.0
  0
LWPOLYLINE
  5
1BC
330
1B
100
AcDbEntity
 67
1
  8
R-TABLICZKA
370
18
100
AcDbPolyline
 90
2
 70
0
 10
999.0
 20
52.0
 10
1179.0
 20
52.0
  0
LWPOLYLINE
  5
1BD
330
1B
100
AcDbEntity
 67
1
  8
R-TABLICZKA
370
18
100
AcDbPolyline
 90
2
 70
0
 10
999.0
 20
45.0
 10
1179.0
 20
45.0
  0
LWPOLYLINE
  5
1BE
330
1B
100
AcDbEntity
 67
1
  8
R-TABLICZKA
370
18
100
AcDbPolyline
 90
2
 70
0
 10
999.0
 20
38.0
 10
1179.0
 20
38.0
  0
LWPOLYLINE
  5
1BF
330
1B
100
AcDbEntity
 67
1
  8
R-TABLICZKA
370
18
100
AcDbPolyline
 90
2
 70
0
 10
999.0
 20
31.0
 10
1179.0
 20
31.0
  0
LWPOLYLINE
  5
1C0
330
1B
100
AcDbEntity
 67
1
  8
R-TABLICZKA
370
18
100
AcDbPolyline
 90
2
 70
0
 10
1026.0
 20
31.0
 10
1026.0
 20
63.5
  0
LWPOLYLINE
  5
1C1
330
1B
100
AcDbEntity
 67
1
  8
R-TABLICZKA
370
18
100
AcDbPolyline
 90
2
 70
0
 10
1069.0
 20
31.0
 10
1069.0
 20
63.5
  0
LWPOLYLINE
  5
1C2
330
1B
100
AcDbEntity
 67
1
  8
R-TABLICZKA
370
18
100
AcDbPolyline
 90
2
 70
0
 10
1124.0
 20
31.0
 10
1124.0
 20
63.5
  0
LWPOLYLINE
  5
1C3
330
1B
100
AcDbEntity
 67
1
  8
R-TABLICZKA
370
18
100
AcDbPolyline
 90
2
 70
0
 10
1144.0
 20
31.0
 10
1144.0
 20
63.5
  0
LWPOLYLINE
  5
1C4
330
1B
100
AcDbEntity
 67
1
  8
R-TABLICZKA
370
25
100
AcDbPolyline
 90
2
 70
0
 10
999.0
 20
31.0
 10
1179.0
 20
31.0
  0
LWPOLYLINE
  5
1C5
330
1B
100
AcDbEntity
 67
1
  8
R-TABLICZKA
370
25
100
AcDbPolyline
 90
2
 70
0
 10
999.0
 20
19.0
 10
1179.0
 20
19.0
  0
LWPOLYLINE
  5
1C6
330
1B
100
AcDbEntity
 67
1
  8
R-TABLICZKA
370
25
100
AcDbPolyline
 90
2
 70
0
 10
1023.0
 20
10.0
 10
1023.0
 20
19.0
  0
LWPOLYLINE
  5
1C7
330
1B
100
AcDbEntity
 67
1
  8
R-TABLICZKA
370
25
100
AcDbPolyline
 90
2
 70
0
 10
1039.0
 20
10.0
 10
1039.0
 20
19.0
  0
LWPOLYLINE
  5
1C8
330
1B
100
AcDbEntity
 67
1
  8
R-TABLICZKA
370
25
100
AcDbPolyline
 90
2
 70
0
 10
1063.0
 20
10.0
 10
1063.0
 20
19.0
  0
LWPOLYLINE
  5
1C9
330
1B
100
AcDbEntity
 67
1
  8
R-TABLICZKA
370
25
100
AcDbPolyline
 90
2
 70
0
 10
1091.0
 20
10.0
 10
1091.0
 20
19.0
  0
LWPOLYLINE
  5
1CA
330
1B
100
AcDbEntity
 67
1
  8
R-TABLICZKA
370
25
100
AcDbPolyline
 90
2
 70
0
 10
1143.0
 20
10.0
 10
1143.0
 20
19.0
  0
LWPOLYLINE
  5
1CB
330
1B
100
AcDbEntity
 67
1
  8
R-TABLICZKA
370
25
100
AcDbPolyline
 90
2
 70
0
 10
1161.0
 20
10.0
 10
1161.0
 20
19.0
  0
LWPOLYLINE
  5
1CC
330
1B
100
AcDbEntity
 67
1
  8
R-TABLICZKA
370
50
100
AcDbPolyline
 90
4
 70
1
 10
999.0
 20
10.0
 10
1179.0
 20
10.0
 10
1179.0
 20
103.0
 10
999.0
 20
103.0
  0
LWPOLYLINE
  5
1CD
330
1B
100
AcDbEntity
 67
1
  8
R-TABLICZKA
370
18
100
AcDbPolyline
 90
2
 70
0
 10
999.0
 20
108.0
 10
1179.0
 20
108.0
  0
LWPOLYLINE
  5
1CE
330
1B
100
AcDbEntity
 67
1
  8
R-TABLICZKA
370
18
100
AcDbPolyline
 90
2
 70
0
 10
999.0
 20
113.0
 10
1179.0
 20
113.0
  0
LWPOLYLINE
  5
1CF
330
1B
100
AcDbEntity
 67
1
  8
R-TABLICZKA
370
18
100
AcDbPolyline
 90
2
 70
0
 10
1017.0
 20
103.0
 10
1017.0
 20
113.0
  0
LWPOLYLINE
  5
1D0
330
1B
100
AcDbEntity
 67
1
  8
R-TABLICZKA
370
18
100
AcDbPolyline
 90
2
 70
0
 10
1139.0
 20
103.0
 10
1139.0
 20
113.0
  0
LWPOLYLINE
  5
1D1
330
1B
100
AcDbEntity
 67
1
  8
R-TABLICZKA
370
25
100
AcDbPolyline
 90
4
 70
1
 10
999.0
 20
103.0
 10
1179.0
 20
103.0
 10
1179.0
 20
113.0
 10
999.0
 20
113.0
  0
TEXT
  5
1D2
330
1B
100
AcDbEntity
 67
1
  8
R-OPISY
100
AcDbText
 10
331.0
 20
289.6
 30
0.0
 40
5.0
  1
ZBROJENIE DOLNE PŁYT ST2, ST2Z, D2, D3, PL-2
  7
PL_ARIAL_B
 11
331.0
 21
289.6
 31
0.0
100
AcDbText
  0
TEXT
  5
1D3
330
1B
100
AcDbEntity
 67
1
  8
R-OPISY
100
AcDbText
 10
507.2398364751306
 20
289.6
 30
0.0
 40
3.5
  1
1:50
  7
PL_ARIAL
 11
507.2398364751306
 21
289.6
 31
0.0
100
AcDbText
  0
TEXT
  5
1D4
330
1B
100
AcDbEntity
 67
1
  8
R-OPISY
100
AcDbText
 10
999.0
 20
825.0
 30
0.0
 40
2.5
  1
STREFY ZBROJENIA NAROŻNEGO (górą i dołem, 2 kierunki — PN-EN 1992-1-1 9.3.1.3)
  7
PL_ARIAL_B
 11
999.0
 21
825.0
 31
0.0
100
AcDbText
  0
TEXT
  5
1D5
330
1B
100
AcDbEntity
 67
1
  8
R-OPISY
100
AcDbText
 10
1002.2920735861912
 20
818.85
 30
0.0
 40
1.8
  1
Strefa
  7
PL_ARIAL_B
 11
1002.2920735861912
 21
818.85
 31
0.0
100
AcDbText
  0
TEXT
  5
1D6
330
1B
100
AcDbEntity
 67
1
  8
R-OPISY
100
AcDbText
 10
1023.2374517374517
 20
818.85
 30
0.0
 40
1.8
  1
Pole
  7
PL_ARIAL_B
 11
1023.2374517374517
 21
818.85
 31
0.0
100
AcDbText
  0
TEXT
  5
1D7
330
1B
100
AcDbEntity
 67
1
  8
R-OPISY
100
AcDbText
 10
1042.1308426073133
 20
818.85
 30
0.0
 40
1.8
  1
Bok [m]
  7
PL_ARIAL_B
 11
1042.1308426073133
 21
818.85
 31
0.0
100
AcDbText
  0
TEXT
  5
1D8
330
1B
100
AcDbEntity
 67
1
  8
R-OPISY
100
AcDbText
 10
1085.5131955484896
 20
818.85
 30
0.0
 40
1.8
  1
Pozycje (kierunek)
  7
PL_ARIAL_B
 11
1085.5131955484896
 21
818.85
 31
0.0
100
AcDbText
  0
TEXT
  5
1D9
330
1B
100
AcDbEntity
 67
1
  8
R-OPISY
100
AcDbText
 10
1155.7276629570747
 20
818.85
 30
0.0
 40
1.8
  1
Pręty
  7
PL_ARIAL_B
 11
1155.7276629570747
 21
818.85
 31
0.0
100
AcDbText
  0
TEXT
  5
1DA
330
1B
100
AcDbEntity
 67
1
  8
R-OPISY
100
AcDbText
 10
1004.3277538042244
 20
814.35
 30
0.0
 40
1.8
  1
N1
  7
PL_ARIAL
 11
1004.3277538042244
 21
814.35
 31
0.0
100
AcDbText
  0
TEXT
  5
1DB
330
1B
100
AcDbEntity
 67
1
  8
R-OPISY
100
AcDbText
 10
1014.0
 20
814.35
 30
0.0
 40
1.8
  1
ST2/P5
  7
PL_ARIAL
 11
1014.0
 21
814.35
 31
0.0
100
AcDbText
  0
TEXT
  5
1DC
330
1B
100
AcDbEntity
 67
1
  8
R-OPISY
100
AcDbText
 10
1040.0
 20
814.35
 30
0.0
 40
1.8
  1
0,40
  7
PL_ARIAL
 11
1040.0
 21
814.35
 31
0.0
100
AcDbText
  0
TEXT
  5
1DD
330
1B
100
AcDbEntity
 67
1
  8
R-OPISY
100
AcDbText
 10
1056.0
 20
814.35
 30
0.0
 40
1.8
  1
43 (x), 42 (y)
  7
PL_ARIAL
 11
1056.0
 21
814.35
 31
0.0
100
AcDbText
  0
TEXT
  5
1DE
330
1B
100
AcDbEntity
 67
1
  8
R-OPISY
100
AcDbText
 10
1140.0
 20
814.35
 30
0.0
 40
1.8
  1
Ø14 co 17
  7
PL_ARIAL
 11
1140.0
 21
814.35
 31
0.0
100
AcDbText
  0
TEXT
  5
1DF
330
1B
100
AcDbEntity
 67
1
  8
R-OPISY
100
AcDbText
 10
1004.3277538042244
 20
809.85
 30
0.0
 40
1.8
  1
N2
  7
PL_ARIAL
 11
1004.3277538042244
 21
809.85
 31
0.0
100
AcDbText
  0
TEXT
  5
1E0
330
1B
100
AcDbEntity
 67
1
  8
R-OPISY
100
AcDbText
 10
1014.0
 20
809.85
 30
0.0
 40
1.8
  1
ST2/P5
  7
PL_ARIAL
 11
1014.0
 21
809.85
 31
0.0
100
AcDbText
  0
TEXT
  5
1E1
330
1B
100
AcDbEntity
 67
1
  8
R-OPISY
100
AcDbText
 10
1040.0
 20
809.85
 30
0.0
 40
1.8
  1
0,40
  7
PL_ARIAL
 11
1040.0
 21
809.85
 31
0.0
100
AcDbText
  0
TEXT
  5
1E2
330
1B
100
AcDbEntity
 67
1
  8
R-OPISY
100
AcDbText
 10
1056.0
 20
809.85
 30
0.0
 40
1.8
  1
41 (x), 42 (y)
  7
PL_ARIAL
 11
1056.0
 21
809.85
 31
0.0
100
AcDbText
  0
TEXT
  5
1E3
330
1B
100
AcDbEntity
 67
1
  8
R-OPISY
100
AcDbText
 10
1140.0
 20
809.85
 30
0.0
 40
1.8
  1
Ø14 co 17
  7
PL_ARIAL
 11
1140.0
 21
809.85
 31
0.0
100
AcDbText
  0
TEXT
  5
1E4
330
1B
100
AcDbEntity
 67
1
  8
R-OPISY
100
AcDbText
 10
1004.3277538042244
 20
805.35
 30
0.0
 40
1.8
  1
N3
  7
PL_ARIAL
 11
1004.3277538042244
 21
805.35
 31
0.0
100
AcDbText
  0
TEXT
  5
1E5
330
1B
100
AcDbEntity
 67
1
  8
R-OPISY
100
AcDbText
 10
1014.0
 20
805.35
 30
0.0
 40
1.8
  1
ST2/P6
  7
PL_ARIAL
 11
1014.0
 21
805.35
 31
0.0
100
AcDbText
  0
TEXT
  5
1E6
330
1B
100
AcDbEntity
 67
1
  8
R-OPISY
100
AcDbText
 10
1040.0
 20
805.35
 30
0.0
 40
1.8
  1
0,53
  7
PL_ARIAL
 11
1040.0
 21
805.35
 31
0.0
100
AcDbText
  0
TEXT
  5
1E7
330
1B
100
AcDbEntity
 67
1
  8
R-OPISY
100
AcDbText
 10
1056.0
 20
805.35
 30
0.0
 40
1.8
  1
44 (x), 45 (y)
  7
PL_ARIAL
 11
1056.0
 21
805.35
 31
0.0
100
AcDbText
  0
TEXT
  5
1E8
330
1B
100
AcDbEntity
 67
1
  8
R-OPISY
100
AcDbText
 10
1140.0
 20
805.35
 30
0.0
 40
1.8
  1
Ø16 co 17
  7
PL_ARIAL
 11
1140.0
 21
805.35
 31
0.0
100
AcDbText
  0
TEXT
  5
1E9
330
1B
100
AcDbEntity
 67
1
  8
R-OPISY
100
AcDbText
 10
1004.3277538042244
 20
800.85
 30
0.0
 40
1.8
  1
N4
  7
PL_ARIAL
 11
1004.3277538042244
 21
800.85
 31
0.0
100
AcDbText
  0
TEXT
  5
1EA
330
1B
100
AcDbEntity
 67
1
  8
R-OPISY
100
AcDbText
 10
1014.0
 20
800.85
 30
0.0
 40
1.8
  1
ST2/P6
  7
PL_ARIAL
 11
1014.0
 21
800.85
 31
0.0
100
AcDbText
  0
TEXT
  5
1EB
330
1B
100
AcDbEntity
 67
1
  8
R-OPISY
100
AcDbText
 10
1040.0
 20
800.85
 30
0.0
 40
1.8
  1
0,53
  7
PL_ARIAL
 11
1040.0
 21
800.85
 31
0.0
100
AcDbText
  0
TEXT
  5
1EC
330
1B
100
AcDbEntity
 67
1
  8
R-OPISY
100
AcDbText
 10
1056.0
 20
800.85
 30
0.0
 40
1.8
  1
44 (x), 45 (y)
  7
PL_ARIAL
 11
1056.0
 21
800.85
 31
0.0
100
AcDbText
  0
TEXT
  5
1ED
330
1B
100
AcDbEntity
 67
1
  8
R-OPISY
100
AcDbText
 10
1140.0
 20
800.85
 30
0.0
 40
1.8
  1
Ø16 co 17
  7
PL_ARIAL
 11
1140.0
 21
800.85
 31
0.0
100
AcDbText
  0
TEXT
  5
1EE
330
1B
100
AcDbEntity
 67
1
  8
R-OPISY
100
AcDbText
 10
1004.3277538042244
 20
796.35
 30
0.0
 40
1.8
  1
N5
  7
PL_ARIAL
 11
1004.3277538042244
 21
796.35
 31
0.0
100
AcDbText
  0
TEXT
  5
1EF
330
1B
100
AcDbEntity
 67
1
  8
R-OPISY
100
AcDbText
 10
1014.0
 20
796.35
 30
0.0
 40
1.8
  1
D3/P7
  7
PL_ARIAL
 11
1014.0
 21
796.35
 31
0.0
100
AcDbText
  0
TEXT
  5
1F0
330
1B
100
AcDbEntity
 67
1
  8
R-OPISY
100
AcDbText
 10
1040.0
 20
796.35
 30
0.0
 40
1.8
  1
0,40
  7
PL_ARIAL
 11
1040.0
 21
796.35
 31
0.0
100
AcDbText
  0
TEXT
  5
1F1
330
1B
100
AcDbEntity
 67
1
  8
R-OPISY
100
AcDbText
 10
1056.0
 20
796.35
 30
0.0
 40
1.8
  1
51 (x), 49 (y)
  7
PL_ARIAL
 11
1056.0
 21
796.35
 31
0.0
100
AcDbText
  0
TEXT
  5
1F2
330
1B
100
AcDbEntity
 67
1
  8
R-OPISY
100
AcDbText
 10
1140.0
 20
796.35
 30
0.0
 40
1.8
  1
Ø8 co 20
  7
PL_ARIAL
 11
1140.0
 21
796.35
 31
0.0
100
AcDbText
  0
TEXT
  5
1F3
330
1B
100
AcDbEntity
 67
1
  8
R-OPISY
100
AcDbText
 10
1004.3277538042244
 20
791.85
 30
0.0
 40
1.8
  1
N6
  7
PL_ARIAL
 11
1004.3277538042244
 21
791.85
 31
0.0
100
AcDbText
  0
TEXT
  5
1F4
330
1B
100
AcDbEntity
 67
1
  8
R-OPISY
100
AcDbText
 10
1014.0
 20
791.85
 30
0.0
 40
1.8
  1
D3/P7
  7
PL_ARIAL
 11
1014.0
 21
791.85
 31
0.0
100
AcDbText
  0
TEXT
  5
1F5
330
1B
100
AcDbEntity
 67
1
  8
R-OPISY
100
AcDbText
 10
1040.0
 20
791.85
 30
0.0
 40
1.8
  1
0,70
  7
PL_ARIAL
 11
1040.0
 21
791.85
 31
0.0
100
AcDbText
  0
TEXT
  5
1F6
330
1B
100
AcDbEntity
 67
1
  8
R-OPISY
100
AcDbText
 10
1056.0
 20
791.85
 30
0.0
 40
1.8
  1
49 (x), 49 (y)
  7
PL_ARIAL
 11
1056.0
 21
791.85
 31
0.0
100
AcDbText
  0
TEXT
  5
1F7
330
1B
100
AcDbEntity
 67
1
  8
R-OPISY
100
AcDbText
 10
1140.0
 20
791.85
 30
0.0
 40
1.8
  1
Ø8 co 20
  7
PL_ARIAL
 11
1140.0
 21
791.85
 31
0.0
100
AcDbText
  0
TEXT
  5
1F8
330
1B
100
AcDbEntity
 67
1
  8
R-OPISY
100
AcDbText
 10
1004.3277538042244
 20
787.35
 30
0.0
 40
1.8
  1
N7
  7
PL_ARIAL
 11
1004.3277538042244
 21
787.35
 31
0.0
100
AcDbText
  0
TEXT
  5
1F9
330
1B
100
AcDbEntity
 67
1
  8
R-OPISY
100
AcDbText
 10
1014.0
 20
787.35
 30
0.0
 40
1.8
  1
D2/P4
  7
PL_ARIAL
 11
1014.0
 21
787.35
 31
0.0
100
AcDbText
  0
TEXT
  5
1FA
330
1B
100
AcDbEntity
 67
1
  8
R-OPISY
100
AcDbText
 10
1040.0
 20
787.35
 30
0.0
 40
1.8
  1
0,73
  7
PL_ARIAL
 11
1040.0
 21
787.35
 31
0.0
100
AcDbText
  0
TEXT
  5
1FB
330
1B
100
AcDbEntity
 67
1
  8
R-OPISY
100
AcDbText
 10
1056.0
 20
787.35
 30
0.0
 40
1.8
  1
48 (x), 47 (y)
  7
PL_ARIAL
 11
1056.0
 21
787.35
 31
0.0
100
AcDbText
  0
TEXT
  5
1FC
330
1B
100
AcDbEntity
 67
1
  8
R-OPISY
100
AcDbText
 10
1140.0
 20
787.35
 30
0.0
 40
1.8
  1
Ø10 co 14
  7
PL_ARIAL
 11
1140.0
 21
787.35
 31
0.0
100
AcDbText
  0
TEXT
  5
1FD
330
1B
100
AcDbEntity
 67
1
  8
R-OPISY
100
AcDbText
 10
1004.3277538042244
 20
782.85
 30
0.0
 40
1.8
  1
N8
  7
PL_ARIAL
 11
1004.3277538042244
 21
782.85
 31
0.0
100
AcDbText
  0
TEXT
  5
1FE
330
1B
100
AcDbEntity
 67
1
  8
R-OPISY
100
AcDbText
 10
1014.0
 20
782.85
 30
0.0
 40
1.8
  1
D2/P4
  7
PL_ARIAL
 11
1014.0
 21
782.85
 31
0.0
100
AcDbText
  0
TEXT
  5
1FF
330
1B
100
AcDbEntity
 67
1
  8
R-OPISY
100
AcDbText
 10
1040.0
 20
782.85
 30
0.0
 40
1.8
  1
0,43
  7
PL_ARIAL
 11
1040.0
 21
782.85
 31
0.0
100
AcDbText
  0
TEXT
  5
200
330
1B
100
AcDbEntity
 67
1
  8
R-OPISY
100
AcDbText
 10
1056.0
 20
782.85
 30
0.0
 40
1.8
  1
46 (x), 47 (y)
  7
PL_ARIAL
 11
1056.0
 21
782.85
 31
0.0
100
AcDbText
  0
TEXT
  5
201
330
1B
100
AcDbEntity
 67
1
  8
R-OPISY
100
AcDbText
 10
1140.0
 20
782.85
 30
0.0
 40
1.8
  1
Ø10 co 14
  7
PL_ARIAL
 11
1140.0
 21
782.85
 31
0.0
100
AcDbText
  0
TEXT
  5
202
330
1B
100
AcDbEntity
 67
1
  8
R-OPISY
100
AcDbText
 10
1004.3277538042244
 20
778.35
 30
0.0
 40
1.8
  1
N9
  7
PL_ARIAL
 11
1004.3277538042244
 21
778.35
 31
0.0
100
AcDbText
  0
TEXT
  5
203
330
1B
100
AcDbEntity
 67
1
  8
R-OPISY
100
AcDbText
 10
1014.0
 20
778.35
 30
0.0
 40
1.8
  1
D3/P7
  7
PL_ARIAL
 11
1014.0
 21
778.35
 31
0.0
100
AcDbText
  0
TEXT
  5
204
330
1B
100
AcDbEntity
 67
1
  8
R-OPISY
100
AcDbText
 10
1040.0
 20
778.35
 30
0.0
 40
1.8
  1
0,70
  7
PL_ARIAL
 11
1040.0
 21
778.35
 31
0.0
100
AcDbText
  0
TEXT
  5
205
330
1B
100
AcDbEntity
 67
1
  8
R-OPISY
100
AcDbText
 10
1056.0
 20
778.35
 30
0.0
 40
1.8
  1
49 (x), 50 (y)
  7
PL_ARIAL
 11
1056.0
 21
778.35
 31
0.0
100
AcDbText
  0
TEXT
  5
206
330
1B
100
AcDbEntity
 67
1
  8
R-OPISY
100
AcDbText
 10
1140.0
 20
778.35
 30
0.0
 40
1.8
  1
Ø8 co 20
  7
PL_ARIAL
 11
1140.0
 21
778.35
 31
0.0
100
AcDbText
  0
TEXT
  5
207
330
1B
100
AcDbEntity
 67
1
  8
R-LEGENDA
100
AcDbText
 10
999.0
 20
767.5
 30
0.0
 40
3.5
  1
OZNACZENIA NA RYSUNKU
  7
PL_ARIAL_B
 11
999.0
 21
767.5
 31
0.0
100
AcDbText
  0
TEXT
  5
208
330
1B
100
AcDbEntity
 67
1
  8
R-LEGENDA
100
AcDbText
 10
1015.0
 20
762.2
 30
0.0
 40
1.8
  1
pręt reprezentatywny grupy (warstwa dolna), linia gruba
  7
PL_ARIAL
 11
1015.0
 21
762.2
 31
0.0
100
AcDbText
  0
TEXT
  5
209
330
1B
100
AcDbEntity
 67
1
  8
R-LEGENDA
100
AcDbText
 10
1015.0
 20
756.9000000000001
 30
0.0
 40
1.8
  1
pręt z odgięciem 90° — odgięcie (ramię) pokazane w płaszczyźnie rysunku
  7
PL_ARIAL
 11
1015.0
 21
756.9000000000001
 31
0.0
100
AcDbText
  0
TEXT
  5
20A
330
1B
100
AcDbEntity
 67
1
  8
R-LEGENDA
100
AcDbText
 10
1015.0
 20
751.6000000000001
 30
0.0
 40
1.8
  1
linia rozkładu prętów grupy (zasięg), kółko — pręt reprezentatywny
  7
PL_ARIAL
 11
1015.0
 21
751.6000000000001
 31
0.0
100
AcDbText
  0
TEXT
  5
20B
330
1B
100
AcDbEntity
 67
1
  8
R-LEGENDA
100
AcDbText
 10
1015.0
 20
746.3000000000002
 30
0.0
 40
1.8
  1
numer pozycji pręta (zestawienie stali)
  7
PL_ARIAL
 11
1015.0
 21
746.3000000000002
 31
0.0
100
AcDbText
  0
TEXT
  5
20C
330
1B
100
AcDbEntity
 67
1
  8
R-LEGENDA
100
AcDbText
 10
1015.0
 20
741.0000000000002
 30
0.0
 40
1.8
  1
strefa zbrojenia narożnego (0,2·l_min) — pręty górą i dołem w 2 kierunkach
  7
PL_ARIAL
 11
1015.0
 21
741.0000000000002
 31
0.0
100
AcDbText
  0
TEXT
  5
20D
330
1B
100
AcDbEntity
 67
1
  8
R-LEGENDA
100
AcDbText
 10
1015.0
 20
735.7000000000003
 30
0.0
 40
1.8
  1
ściany / belki / słupy pod płytą (widok zasłonięty)
  7
PL_ARIAL
 11
1015.0
 21
735.7000000000003
 31
0.0
100
AcDbText
  0
TEXT
  5
20E
330
1B
100
AcDbEntity
 67
1
  8
R-OPISY
100
AcDbText
 10
999.0
 20
721.2000000000003
 30
0.0
 40
3.5
  1
ZESTAWIENIE STALI
  7
PL_ARIAL_B
 11
999.0
 21
721.2000000000003
 31
0.0
100
AcDbText
  0
TEXT
  5
20F
330
1B
100
AcDbEntity
 67
1
  8
R-OPISY
100
AcDbText
 10
1001.3108335225983
 20
714.8000000000003
 30
0.0
 40
1.8
  1
Poz.
  7
PL_ARIAL_B
 11
1001.3108335225983
 21
714.8000000000003
 31
0.0
100
AcDbText
  0
TEXT
  5
210
330
1B
100
AcDbEntity
 67
1
  8
R-OPISY
100
AcDbText
 10
1012.4824665001136
 20
716.1000000000003
 30
0.0
 40
1.8
  1
Ø
  7
PL_ARIAL_B
 11
1012.4824665001136
 21
716.1000000000003
 31
0.0
100
AcDbText
  0
TEXT
  5
211
330
1B
100
AcDbEntity
 67
1
  8
R-OPISY
100
AcDbText
 10
1010.3022711787418
 20
713.5000000000002
 30
0.0
 40
1.8
  1
[mm]
  7
PL_ARIAL_B
 11
1010.3022711787418
 21
713.5000000000002
 31
0.0
100
AcDbText
  0
TEXT
  5
212
330
1B
100
AcDbEntity
 67
1
  8
R-OPISY
100
AcDbText
 10
1036.457756075403
 20
716.1000000000003
 30
0.0
 40
1.8
  1
Kształt ISO 3766,
  7
PL_ARIAL_B
 11
1036.457756075403
 21
716.1000000000003
 31
0.0
100
AcDbText
  0
TEXT
  5
213
330
1B
100
AcDbEntity
 67
1
  8
R-OPISY
100
AcDbText
 10
1038.638769021122
 20
713.5000000000002
 30
0.0
 40
1.8
  1
wymiary [cm]
  7
PL_ARIAL_B
 11
1038.638769021122
 21
713.5000000000002
 31
0.0
100
AcDbText
  0
TEXT
  5
214
330
1B
100
AcDbEntity
 67
1
  8
R-OPISY
100
AcDbText
 10
1080.2303202362025
 20
716.1000000000003
 30
0.0
 40
1.8
  1
Dług.
  7
PL_ARIAL_B
 11
1080.2303202362025
 21
716.1000000000003
 31
0.0
100
AcDbText
  0
TEXT
  5
215
330
1B
100
AcDbEntity
 67
1
  8
R-OPISY
100
AcDbText
 10
1080.738064955712
 20
713.5000000000002
 30
0.0
 40
1.8
  1
[cm]
  7
PL_ARIAL_B
 11
1080.738064955712
 21
713.5000000000002
 31
0.0
100
AcDbText
  0
TEXT
  5
216
330
1B
100
AcDbEntity
 67
1
  8
R-OPISY
100
AcDbText
 10
1092.9294571882808
 20
716.1000000000003
 30
0.0
 40
1.8
  1
Liczba
  7
PL_ARIAL_B
 11
1092.9294571882808
 21
716.1000000000003
 31
0.0
100
AcDbText
  0
TEXT
  5
217
330
1B
100
AcDbEntity
 67
1
  8
R-OPISY
100
AcDbText
 10
1093.9482171246877
 20
713.5000000000002
 30
0.0
 40
1.8
  1
[szt.]
  7
PL_ARIAL_B
 11
1093.9482171246877
 21
713.5000000000002
 31
0.0
100
AcDbText
  0
TEXT
  5
218
330
1B
100
AcDbEntity
 67
1
  8
R-OPISY
100
AcDbText
 10
1105.0097660685897
 20
714.8000000000003
 30
0.0
 40
1.8
  1
Elem.
  7
PL_ARIAL_B
 11
1105.0097660685897
 21
714.8000000000003
 31
0.0
100
AcDbText
  0
TEXT
  5
219
330
1B
100
AcDbEntity
 67
1
  8
R-OPISY
100
AcDbText
 10
1118.7549852373381
 20
716.1000000000003
 30
0.0
 40
1.8
  1
Ø8
  7
PL_ARIAL_B
 11
1118.7549852373381
 21
716.1000000000003
 31
0.0
100
AcDbText
  0
TEXT
  5
21A
330
1B
100
AcDbEntity
 67
1
  8
R-OPISY
100
AcDbText
 10
1118.4655462184874
 20
713.5000000000002
 30
0.0
 40
1.8
  1
[m]
  7
PL_ARIAL_B
 11
1118.4655462184874
 21
713.5000000000002
 31
0.0
100
AcDbText
  0
TEXT
  5
21B
330
1B
100
AcDbEntity
 67
1
  8
R-OPISY
100
AcDbText
 10
1131.0275039745627
 20
716.1000000000003
 30
0.0
 40
1.8
  1
Ø10
  7
PL_ARIAL_B
 11
1131.0275039745627
 21
716.1000000000003
 31
0.0
100
AcDbText
  0
TEXT
  5
21C
330
1B
100
AcDbEntity
 67
1
  8
R-OPISY
100
AcDbText
 10
1131.4655462184874
 20
713.5000000000002
 30
0.0
 40
1.8
  1
[m]
  7
PL_ARIAL_B
 11
1131.4655462184874
 21
713.5000000000002
 31
0.0
100
AcDbText
  0
TEXT
  5
21D
330
1B
100
AcDbEntity
 67
1
  8
R-OPISY
100
AcDbText
 10
1144.0275039745627
 20
716.1000000000003
 30
0.0
 40
1.8
  1
Ø12
  7
PL_ARIAL_B
 11
1144.0275039745627
 21
716.1000000000003
 31
0.0
100
AcDbText
  0
TEXT
  5
21E
330
1B
100
AcDbEntity
 67
1
  8
R-OPISY
100
AcDbText
 10
1144.4655462184874
 20
713.5000000000002
 30
0.0
 40
1.8
  1
[m]
  7
PL_ARIAL_B
 11
1144.4655462184874
 21
713.5000000000002
 31
0.0
100
AcDbText
  0
TEXT
  5
21F
330
1B
100
AcDbEntity
 67
1
  8
R-OPISY
100
AcDbText
 10
1157.0275039745627
 20
716.1000000000003
 30
0.0
 40
1.8
  1
Ø14
  7
PL_ARIAL_B
 11
1157.0275039745627
 21
716.1000000000003
 31
0.0
100
AcDbText
  0
TEXT
  5
220
330
1B
100
AcDbEntity
 67
1
  8
R-OPISY
100
AcDbText
 10
1157.4655462184874
 20
713.5000000000002
 30
0.0
 40
1.8
  1
[m]
  7
PL_ARIAL_B
 11
1157.4655462184874
 21
713.5000000000002
 31
0.0
100
AcDbText
  0
TEXT
  5
221
330
1B
100
AcDbEntity
 67
1
  8
R-OPISY
100
AcDbText
 10
1170.0275039745627
 20
716.1000000000003
 30
0.0
 40
1.8
  1
Ø16
  7
PL_ARIAL_B
 11
1170.0275039745627
 21
716.1000000000003
 31
0.0
100
AcDbText
  0
TEXT
  5
222
330
1B
100
AcDbEntity
 67
1
  8
R-OPISY
100
AcDbText
 10
1170.4655462184874
 20
713.5000000000002
 30
0.0
 40
1.8
  1
[m]
  7
PL_ARIAL_B
 11
1170.4655462184874
 21
713.5000000000002
 31
0.0
100
AcDbText
  0
TEXT
  5
223
330
1B
100
AcDbEntity
 67
1
  8
R-OPISY
100
AcDbText
 10
1003.2725187372246
 20
709.0500000000003
 30
0.0
 40
1.8
  1
1
  7
PL_ARIAL
 11
1003.2725187372246
 21
709.0500000000003
 31
0.0
100
AcDbText
  0
TEXT
  5
224
330
1B
100
AcDbEntity
 67
1
  8
R-OPISY
100
AcDbText
 10
1012.7725187372246
 20
709.0500000000003
 30
0.0
 40
1.8
  1
8
  7
PL_ARIAL
 11
1012.7725187372246
 21
709.0500000000003
 31
0.0
100
AcDbText
  0
TEXT
  5
225
330
1B
100
AcDbEntity
 67
1
  8
R-OPISY
100
AcDbText
 10
1085.6351124233477
 20
709.0500000000003
 30
0.0
 40
1.8
  1
629
  7
PL_ARIAL
 11
1085.6351124233477
 21
709.0500000000003
 31
0.0
100
AcDbText
  0
TEXT
  5
226
330
1B
100
AcDbEntity
 67
1
  8
R-OPISY
100
AcDbText
 10
1099.0900749488985
 20
709.0500000000003
 30
0.0
 40
1.8
  1
54
  7
PL_ARIAL
 11
1099.0900749488985
 21
709.0500000000003
 31
0.0
100
AcDbText
  0
TEXT
  5
227
330
1B
100
AcDbEntity
 67
1
  8
R-OPISY
100
AcDbText
 10
1106.1008857597094
 20
709.0500000000003
 30
0.0
 40
1.8
  1
ST2
  7
PL_ARIAL
 11
1106.1008857597094
 21
709.0500000000003
 31
0.0
100
AcDbText
  0
TEXT
  5
228
330
1B
100
AcDbEntity
 67
1
  8
R-OPISY
100
AcDbText
 10
1117.998319327731
 20
709.0500000000003
 30
0.0
 40
1.8
  1
339,66
  7
PL_ARIAL
 11
1117.998319327731
 21
709.0500000000003
 31
0.0
100
AcDbText
  0
TEXT
  5
229
330
1B
100
AcDbEntity
 67
1
  8
R-OPISY
100
AcDbText
 10
1003.2725187372246
 20
704.5500000000003
 30
0.0
 40
1.8
  1
2
  7
PL_ARIAL
 11
1003.2725187372246
 21
704.5500000000003
 31
0.0
100
AcDbText
  0
TEXT
  5
22A
330
1B
100
AcDbEntity
 67
1
  8
R-OPISY
100
AcDbText
 10
1012.7725187372246
 20
704.5500000000003
 30
0.0
 40
1.8
  1
8
  7
PL_ARIAL
 11
1012.7725187372246
 21
704.5500000000003
 31
0.0
100
AcDbText
  0
TEXT
  5
22B
330
1B
100
AcDbEntity
 67
1
  8
R-OPISY
100
AcDbText
 10
1085.6351124233477
 20
704.5500000000003
 30
0.0
 40
1.8
  1
547
  7
PL_ARIAL
 11
1085.6351124233477
 21
704.5500000000003
 31
0.0
100
AcDbText
  0
TEXT
  5
22C
330
1B
100
AcDbEntity
 67
1
  8
R-OPISY
100
AcDbText
 10
1099.0900749488985
 20
704.5500000000003
 30
0.0
 40
1.8
  1
53
  7
PL_ARIAL
 11
1099.0900749488985
 21
704.5500000000003
 31
0.0
100
AcDbText
  0
TEXT
  5
22D
330
1B
100
AcDbEntity
 67
1
  8
R-OPISY
100
AcDbText
 10
1106.1008857597094
 20
704.5500000000003
 30
0.0
 40
1.8
  1
ST2
  7
PL_ARIAL
 11
1106.1008857597094
 21
704.5500000000003
 31
0.0
100
AcDbText
  0
TEXT
  5
22E
330
1B
100
AcDbEntity
 67
1
  8
R-OPISY
100
AcDbText
 10
1117.998319327731
 20
704.5500000000003
 30
0.0
 40
1.8
  1
289,91
  7
PL_ARIAL
 11
1117.998319327731
 21
704.5500000000003
 31
0.0
100
AcDbText
  0
TEXT
  5
22F
330
1B
100
AcDbEntity
 67
1
  8
R-OPISY
100
AcDbText
 10
1003.2725187372246
 20
700.0500000000003
 30
0.0
 40
1.8
  1
3
  7
PL_ARIAL
 11
1003.2725187372246
 21
700.0500000000003
 31
0.0
100
AcDbText
  0
TEXT
  5
230
330
1B
100
AcDbEntity
 67
1
  8
R-OPISY
100
AcDbText
 10
1012.7725187372246
 20
700.0500000000003
 30
0.0
 40
1.8
  1
8
  7
PL_ARIAL
 11
1012.7725187372246
 21
700.0500000000003
 31
0.0
100
AcDbText
  0
TEXT
  5
231
330
1B
100
AcDbEntity
 67
1
  8
R-OPISY
100
AcDbText
 10
1085.6351124233477
 20
700.0500000000003
 30
0.0
 40
1.8
  1
579
  7
PL_ARIAL
 11
1085.6351124233477
 21
700.0500000000003
 31
0.0
100
AcDbText
  0
TEXT
  5
232
330
1B
100
AcDbEntity
 67
1
  8
R-OPISY
100
AcDbText
 10
1100.5450374744491
 20
700.0500000000003
 30
0.0
 40
1.8
  1
4
  7
PL_ARIAL
 11
1100.5450374744491
 21
700.0500000000003
 31
0.0
100
AcDbText
  0
TEXT
  5
233
330
1B
100
AcDbEntity
 67
1
  8
R-OPISY
100
AcDbText
 10
1106.1008857597094
 20
700.0500000000003
 30
0.0
 40
1.8
  1
ST2
  7
PL_ARIAL
 11
1106.1008857597094
 21
700.0500000000003
 31
0.0
100
AcDbText
  0
TEXT
  5
234
330
1B
100
AcDbEntity
 67
1
  8
R-OPISY
100
AcDbText
 10
1119.4532818532819
 20
700.0500000000003
 30
0.0
 40
1.8
  1
23,16
  7
PL_ARIAL
 11
1119.4532818532819
 21
700.0500000000003
 31
0.0
100
AcDbText
  0
TEXT
  5
235
330
1B
100
AcDbEntity
 67
1
  8
R-OPISY
100
AcDbText
 10
1003.2725187372246
 20
695.5500000000003
 30
0.0
 40
1.8
  1
4
  7
PL_ARIAL
 11
1003.2725187372246
 21
695.5500000000003
 31
0.0
100
AcDbText
  0
TEXT
  5
236
330
1B
100
AcDbEntity
 67
1
  8
R-OPISY
100
AcDbText
 10
1012.7725187372246
 20
695.5500000000003
 30
0.0
 40
1.8
  1
8
  7
PL_ARIAL
 11
1012.7725187372246
 21
695.5500000000003
 31
0.0
100
AcDbText
  0
TEXT
  5
237
330
1B
100
AcDbEntity
 67
1
  8
R-OPISY
100
AcDbText
 10
1085.6351124233477
 20
695.5500000000003
 30
0.0
 40
1.8
  1
529
  7
PL_ARIAL
 11
1085.6351124233477
 21
695.5500000000003
 31
0.0
100
AcDbText
  0
TEXT
  5
238
330
1B
100
AcDbEntity
 67
1
  8
R-OPISY
100
AcDbText
 10
1099.0900749488985
 20
695.5500000000003
 30
0.0
 40
1.8
  1
36
  7
PL_ARIAL
 11
1099.0900749488985
 21
695.5500000000003
 31
0.0
100
AcDbText
  0
TEXT
  5
239
330
1B
100
AcDbEntity
 67
1
  8
R-OPISY
100
AcDbText
 10
1106.1008857597094
 20
695.5500000000003
 30
0.0
 40
1.8
  1
ST2
  7
PL_ARIAL
 11
1106.1008857597094
 21
695.5500000000003
 31
0.0
100
AcDbText
  0
TEXT
  5
23A
330
1B
100
AcDbEntity
 67
1
  8
R-OPISY
100
AcDbText
 10
1117.998319327731
 20
695.5500000000003
 30
0.0
 40
1.8
  1
190,44
  7
PL_ARIAL
 11
1117.998319327731
 21
695.5500000000003
 31
0.0
100
AcDbText
  0
TEXT
  5
23B
330
1B
100
AcDbEntity
 67
1
  8
R-OPISY
100
AcDbText
 10
1003.2725187372246
 20
691.0500000000003
 30
0.0
 40
1.8
  1
5
  7
PL_ARIAL
 11
1003.2725187372246
 21
691.0500000000003
 31
0.0
100
AcDbText
  0
TEXT
  5
23C
330
1B
100
AcDbEntity
 67
1
  8
R-OPISY
100
AcDbText
 10
1012.7725187372246
 20
691.0500000000003
 30
0.0
 40
1.8
  1
8
  7
PL_ARIAL
 11
1012.7725187372246
 21
691.0500000000003
 31
0.0
100
AcDbText
  0
TEXT
  5
23D
330
1B
100
AcDbEntity
 67
1
  8
R-OPISY
100
AcDbText
 10
1085.6351124233477
 20
691.0500000000003
 30
0.0
 40
1.8
  1
270
  7
PL_ARIAL
 11
1085.6351124233477
 21
691.0500000000003
 31
0.0
100
AcDbText
  0
TEXT
  5
23E
330
1B
100
AcDbEntity
 67
1
  8
R-OPISY
100
AcDbText
 10
1100.5450374744491
 20
691.0500000000003
 30
0.0
 40
1.8
  1
2
  7
PL_ARIAL
 11
1100.5450374744491
 21
691.0500000000003
 31
0.0
100
AcDbText
  0
TEXT
  5
23F
330
1B
100
AcDbEntity
 67
1
  8
R-OPISY
100
AcDbText
 10
1106.1008857597094
 20
691.0500000000003
 30
0.0
 40
1.8
  1
ST2
  7
PL_ARIAL
 11
1106.1008857597094
 21
691.0500000000003
 31
0.0
100
AcDbText
  0
TEXT
  5
240
330
1B
100
AcDbEntity
 67
1
  8
R-OPISY
100
AcDbText
 10
1120.9082443788327
 20
691.0500000000003
 30
0.0
 40
1.8
  1
5,40
  7
PL_ARIAL
 11
1120.9082443788327
 21
691.0500000000003
 31
0.0
100
AcDbText
  0
TEXT
  5
241
330
1B
100
AcDbEntity
 67
1
  8
R-OPISY
100
AcDbText
 10
1003.2725187372246
 20
686.5500000000003
 30
0.0
 40
1.8
  1
6
  7
PL_ARIAL
 11
1003.2725187372246
 21
686.5500000000003
 31
0.0
100
AcDbText
  0
TEXT
  5
242
330
1B
100
AcDbEntity
 67
1
  8
R-OPISY
100
AcDbText
 10
1012.7725187372246
 20
686.5500000000003
 30
0.0
 40
1.8
  1
8
  7
PL_ARIAL
 11
1012.7725187372246
 21
686.5500000000003
 31
0.0
100
AcDbText
  0
TEXT
  5
243
330
1B
100
AcDbEntity
 67
1
  8
R-OPISY
100
AcDbText
 10
1085.6351124233477
 20
686.5500000000003
 30
0.0
 40
1.8
  1
237
  7
PL_ARIAL
 11
1085.6351124233477
 21
686.5500000000003
 31
0.0
100
AcDbText
  0
TEXT
  5
244
330
1B
100
AcDbEntity
 67
1
  8
R-OPISY
100
AcDbText
 10
1099.0900749488985
 20
686.5500000000003
 30
0.0
 40
1.8
  1
18
  7
PL_ARIAL
 11
1099.0900749488985
 21
686.5500000000003
 31
0.0
100
AcDbText
  0
TEXT
  5
245
330
1B
100
AcDbEntity
 67
1
  8
R-OPISY
100
AcDbText
 10
1106.1008857597094
 20
686.5500000000003
 30
0.0
 40
1.8
  1
ST2
  7
PL_ARIAL
 11
1106.1008857597094
 21
686.5500000000003
 31
0.0
100
AcDbText
  0
TEXT
  5
246
330
1B
100
AcDbEntity
 67
1
  8
R-OPISY
100
AcDbText
 10
1119.4532818532819
 20
686.5500000000003
 30
0.0
 40
1.8
  1
42,66
  7
PL_ARIAL
 11
1119.4532818532819
 21
686.5500000000003
 31
0.0
100
AcDbText
  0
TEXT
  5
247
330
1B
100
AcDbEntity
 67
1
  8
R-OPISY
100
AcDbText
 10
1003.2725187372246
 20
682.0500000000003
 30
0.0
 40
1.8
  1
7
  7
PL_ARIAL
 11
1003.2725187372246
 21
682.0500000000003
 31
0.0
100
AcDbText
  0
TEXT
  5
248
330
1B
100
AcDbEntity
 67
1
  8
R-OPISY
100
AcDbText
 10
1012.7725187372246
 20
682.0500000000003
 30
0.0
 40
1.8
  1
8
  7
PL_ARIAL
 11
1012.7725187372246
 21
682.0500000000003
 31
0.0
100
AcDbText
  0
TEXT
  5
249
330
1B
100
AcDbEntity
 67
1
  8
R-OPISY
100
AcDbText
 10
1085.6351124233477
 20
682.0500000000003
 30
0.0
 40
1.8
  1
378
  7
PL_ARIAL
 11
1085.6351124233477
 21
682.0500000000003
 31
0.0
100
AcDbText
  0
TEXT
  5
24A
330
1B
100
AcDbEntity
 67
1
  8
R-OPISY
100
AcDbText
 10
1099.0900749488985
 20
682.0500000000003
 30
0.0
 40
1.8
  1
24
  7
PL_ARIAL
 11
1099.0900749488985
 21
682.0500000000003
 31
0.0
100
AcDbText
  0
TEXT
  5
24B
330
1B
100
AcDbEntity
 67
1
  8
R-OPISY
100
AcDbText
 10
1106.1008857597094
 20
682.0500000000003
 30
0.0
 40
1.8
  1
ST2
  7
PL_ARIAL
 11
1106.1008857597094
 21
682.0500000000003
 31
0.0
100
AcDbText
  0
TEXT
  5
24C
330
1B
100
AcDbEntity
 67
1
  8
R-OPISY
100
AcDbText
 10
1119.4532818532819
 20
682.0500000000003
 30
0.0
 40
1.8
  1
90,72
  7
PL_ARIAL
 11
1119.4532818532819
 21
682.0500000000003
 31
0.0
100
AcDbText
  0
TEXT
  5
24D
330
1B
100
AcDbEntity
 67
1
  8
R-OPISY
100
AcDbText
 10
1003.2725187372246
 20
677.5500000000003
 30
0.0
 40
1.8
  1
8
  7
PL_ARIAL
 11
1003.2725187372246
 21
677.5500000000003
 31
0.0
100
AcDbText
  0
TEXT
  5
24E
330
1B
100
AcDbEntity
 67
1
  8
R-OPISY
100
AcDbText
 10
1012.7725187372246
 20
677.5500000000003
 30
0.0
 40
1.8
  1
8
  7
PL_ARIAL
 11
1012.7725187372246
 21
677.5500000000003
 31
0.0
100
AcDbText
  0
TEXT
  5
24F
330
1B
100
AcDbEntity
 67
1
  8
R-OPISY
100
AcDbText
 10
1085.6351124233477
 20
677.5500000000003
 30
0.0
 40
1.8
  1
332
  7
PL_ARIAL
 11
1085.6351124233477
 21
677.5500000000003
 31
0.0
100
AcDbText
  0
TEXT
  5
250
330
1B
100
AcDbEntity
 67
1
  8
R-OPISY
100
AcDbText
 10
1100.5450374744491
 20
677.5500000000003
 30
0.0
 40
1.8
  1
2
  7
PL_ARIAL
 11
1100.5450374744491
 21
677.5500000000003
 31
0.0
100
AcDbText
  0
TEXT
  5
251
330
1B
100
AcDbEntity
 67
1
  8
R-OPISY
100
AcDbText
 10
1106.1008857597094
 20
677.5500000000003
 30
0.0
 40
1.8
  1
ST2
  7
PL_ARIAL
 11
1106.1008857597094
 21
677.5500000000003
 31
0.0
100
AcDbText
  0
TEXT
  5
252
330
1B
100
AcDbEntity
 67
1
  8
R-OPISY
100
AcDbText
 10
1120.9082443788327
 20
677.5500000000003
 30
0.0
 40
1.8
  1
6,64
  7
PL_ARIAL
 11
1120.9082443788327
 21
677.5500000000003
 31
0.0
100
AcDbText
  0
TEXT
  5
253
330
1B
100
AcDbEntity
 67
1
  8
R-OPISY
100
AcDbText
 10
1003.2725187372246
 20
673.0500000000003
 30
0.0
 40
1.8
  1
9
  7
PL_ARIAL
 11
1003.2725187372246
 21
673.0500000000003
 31
0.0
100
AcDbText
  0
TEXT
  5
254
330
1B
100
AcDbEntity
 67
1
  8
R-OPISY
100
AcDbText
 10
1012.7725187372246
 20
673.0500000000003
 30
0.0
 40
1.8
  1
8
  7
PL_ARIAL
 11
1012.7725187372246
 21
673.0500000000003
 31
0.0
100
AcDbText
  0
TEXT
  5
255
330
1B
100
AcDbEntity
 67
1
  8
R-OPISY
100
AcDbText
 10
1085.6351124233477
 20
673.0500000000003
 30
0.0
 40
1.8
  1
300
  7
PL_ARIAL
 11
1085.6351124233477
 21
673.0500000000003
 31
0.0
100
AcDbText
  0
TEXT
  5
256
330
1B
100
AcDbEntity
 67
1
  8
R-OPISY
100
AcDbText
 10
1099.0900749488985
 20
673.0500000000003
 30
0.0
 40
1.8
  1
18
  7
PL_ARIAL
 11
1099.0900749488985
 21
673.0500000000003
 31
0.0
100
AcDbText
  0
TEXT
  5
257
330
1B
100
AcDbEntity
 67
1
  8
R-OPISY
100
AcDbText
 10
1106.1008857597094
 20
673.0500000000003
 30
0.0
 40
1.8
  1
ST2
  7
PL_ARIAL
 11
1106.1008857597094
 21
673.0500000000003
 31
0.0
100
AcDbText
  0
TEXT
  5
258
330
1B
100
AcDbEntity
 67
1
  8
R-OPISY
100
AcDbText
 10
1119.4532818532819
 20
673.0500000000003
 30
0.0
 40
1.8
  1
54,00
  7
PL_ARIAL
 11
1119.4532818532819
 21
673.0500000000003
 31
0.0
100
AcDbText
  0
TEXT
  5
259
330
1B
100
AcDbEntity
 67
1
  8
R-OPISY
100
AcDbText
 10
1002.5450374744493
 20
668.5500000000003
 30
0.0
 40
1.8
  1
10
  7
PL_ARIAL
 11
1002.5450374744493
 21
668.5500000000003
 31
0.0
100
AcDbText
  0
TEXT
  5
25A
330
1B
100
AcDbEntity
 67
1
  8
R-OPISY
100
AcDbText
 10
1012.7725187372246
 20
668.5500000000003
 30
0.0
 40
1.8
  1
8
  7
PL_ARIAL
 11
1012.7725187372246
 21
668.5500000000003
 31
0.0
100
AcDbText
  0
TEXT
  5
25B
330
1B
100
AcDbEntity
 67
1
  8
R-OPISY
100
AcDbText
 10
1087.0900749488985
 20
668.5500000000003
 30
0.0
 40
1.8
  1
97
  7
PL_ARIAL
 11
1087.0900749488985
 21
668.5500000000003
 31
0.0
100
AcDbText
  0
TEXT
  5
25C
330
1B
100
AcDbEntity
 67
1
  8
R-OPISY
100
AcDbText
 10
1099.0900749488985
 20
668.5500000000003
 30
0.0
 40
1.8
  1
30
  7
PL_ARIAL
 11
1099.0900749488985
 21
668.5500000000003
 31
0.0
100
AcDbText
  0
TEXT
  5
25D
330
1B
100
AcDbEntity
 67
1
  8
R-OPISY
100
AcDbText
 10
1105.3018623665682
 20
668.5500000000003
 30
0.0
 40
1.8
  1
ST2Z
  7
PL_ARIAL
 11
1105.3018623665682
 21
668.5500000000003
 31
0.0
100
AcDbText
  0
TEXT
  5
25E
330
1B
100
AcDbEntity
 67
1
  8
R-OPISY
100
AcDbText
 10
1119.4532818532819
 20
668.5500000000003
 30
0.0
 40
1.8
  1
29,10
  7
PL_ARIAL
 11
1119.4532818532819
 21
668.5500000000003
 31
0.0
100
AcDbText
  0
TEXT
  5
25F
330
1B
100
AcDbEntity
 67
1
  8
R-OPISY
100
AcDbText
 10
1002.6421303656598
 20
664.0500000000003
 30
0.0
 40
1.8
  1
11
  7
PL_ARIAL
 11
1002.6421303656598
 21
664.0500000000003
 31
0.0
100
AcDbText
  0
TEXT
  5
260
330
1B
100
AcDbEntity
 67
1
  8
R-OPISY
100
AcDbText
 10
1012.0450374744493
 20
664.0500000000003
 30
0.0
 40
1.8
  1
12
  7
PL_ARIAL
 11
1012.0450374744493
 21
664.0500000000003
 31
0.0
100
AcDbText
  0
TEXT
  5
261
330
1B
100
AcDbEntity
 67
1
  8
R-OPISY
100
AcDbText
 10
1085.6351124233477
 20
664.0500000000003
 30
0.0
 40
1.8
  1
567
  7
PL_ARIAL
 11
1085.6351124233477
 21
664.0500000000003
 31
0.0
100
AcDbText
  0
TEXT
  5
262
330
1B
100
AcDbEntity
 67
1
  8
R-OPISY
100
AcDbText
 10
1100.5450374744491
 20
664.0500000000003
 30
0.0
 40
1.8
  1
6
  7
PL_ARIAL
 11
1100.5450374744491
 21
664.0500000000003
 31
0.0
100
AcDbText
  0
TEXT
  5
263
330
1B
100
AcDbEntity
 67
1
  8
R-OPISY
100
AcDbText
 10
1105.3018623665682
 20
664.0500000000003
 30
0.0
 40
1.8
  1
ST2Z
  7
PL_ARIAL
 11
1105.3018623665682
 21
664.0500000000003
 31
0.0
100
AcDbText
  0
TEXT
  5
264
330
1B
100
AcDbEntity
 67
1
  8
R-OPISY
100
AcDbText
 10
1145.4532818532819
 20
664.0500000000003
 30
0.0
 40
1.8
  1
34,02
  7
PL_ARIAL
 11
1145.4532818532819
 21
664.0500000000003
 31
0.0
100
AcDbText
  0
TEXT
  5
265
330
1B
100
AcDbEntity
 67
1
  8
R-OPISY
100
AcDbText
 10
1002.5450374744493
 20
659.5500000000003
 30
0.0
 40
1.8
  1
12
  7
PL_ARIAL
 11
1002.5450374744493
 21
659.5500000000003
 31
0.0
100
AcDbText
  0
TEXT
  5
266
330
1B
100
AcDbEntity
 67
1
  8
R-OPISY
100
AcDbText
 10
1012.7725187372246
 20
659.5500000000003
 30
0.0
 40
1.8
  1
8
  7
PL_ARIAL
 11
1012.7725187372246
 21
659.5500000000003
 31
0.0
100
AcDbText
  0
TEXT
  5
267
330
1B
100
AcDbEntity
 67
1
  8
R-OPISY
100
AcDbText
 10
1085.6351124233477
 20
659.5500000000003
 30
0.0
 40
1.8
  1
362
  7
PL_ARIAL
 11
1085.6351124233477
 21
659.5500000000003
 31
0.0
100
AcDbText
  0
TEXT
  5
268
330
1B
100
AcDbEntity
 67
1
  8
R-OPISY
100
AcDbText
 10
1099.0900749488985
 20
659.5500000000003
 30
0.0
 40
1.8
  1
18
  7
PL_ARIAL
 11
1099.0900749488985
 21
659.5500000000003
 31
0.0
100
AcDbText
  0
TEXT
  5
269
330
1B
100
AcDbEntity
 67
1
  8
R-OPISY
100
AcDbText
 10
1106.8277538042244
 20
659.5500000000003
 30
0.0
 40
1.8
  1
D2
  7
PL_ARIAL
 11
1106.8277538042244
 21
659.5500000000003
 31
0.0
100
AcDbText
  0
TEXT
  5
26A
330
1B
100
AcDbEntity
 67
1
  8
R-OPISY
100
AcDbText
 10
1119.4532818532819
 20
659.5500000000003
 30
0.0
 40
1.8
  1
65,16
  7
PL_ARIAL
 11
1119.4532818532819
 21
659.5500000000003
 31
0.0
100
AcDbText
  0
TEXT
  5
26B
330
1B
100
AcDbEntity
 67
1
  8
R-OPISY
100
AcDbText
 10
1002.5450374744493
 20
655.0500000000003
 30
0.0
 40
1.8
  1
13
  7
PL_ARIAL
 11
1002.5450374744493
 21
655.0500000000003
 31
0.0
100
AcDbText
  0
TEXT
  5
26C
330
1B
100
AcDbEntity
 67
1
  8
R-OPISY
100
AcDbText
 10
1012.7725187372246
 20
655.0500000000003
 30
0.0
 40
1.8
  1
8
  7
PL_ARIAL
 11
1012.7725187372246
 21
655.0500000000003
 31
0.0
100
AcDbText
  0
TEXT
  5
26D
330
1B
100
AcDbEntity
 67
1
  8
R-OPISY
100
AcDbText
 10
1085.6351124233477
 20
655.0500000000003
 30
0.0
 40
1.8
  1
336
  7
PL_ARIAL
 11
1085.6351124233477
 21
655.0500000000003
 31
0.0
100
AcDbText
  0
TEXT
  5
26E
330
1B
100
AcDbEntity
 67
1
  8
R-OPISY
100
AcDbText
 10
1099.0900749488985
 20
655.0500000000003
 30
0.0
 40
1.8
  1
34
  7
PL_ARIAL
 11
1099.0900749488985
 21
655.0500000000003
 31
0.0
100
AcDbText
  0
TEXT
  5
26F
330
1B
100
AcDbEntity
 67
1
  8
R-OPISY
100
AcDbText
 10
1106.8277538042244
 20
655.0500000000003
 30
0.0
 40
1.8
  1
D2
  7
PL_ARIAL
 11
1106.8277538042244
 21
655.0500000000003
 31
0.0
100
AcDbText
  0
TEXT
  5
270
330
1B
100
AcDbEntity
 67
1
  8
R-OPISY
100
AcDbText
 10
1118.192505110152
 20
655.0500000000003
 30
0.0
 40
1.8
  1
114,24
  7
PL_ARIAL
 11
1118.192505110152
 21
655.0500000000003
 31
0.0
100
AcDbText
  0
TEXT
  5
271
330
1B
100
AcDbEntity
 67
1
  8
R-OPISY
100
AcDbText
 10
1002.5450374744493
 20
650.5500000000003
 30
0.0
 40
1.8
  1
14
  7
PL_ARIAL
 11
1002.5450374744493
 21
650.5500000000003
 31
0.0
100
AcDbText
  0
TEXT
  5
272
330
1B
100
AcDbEntity
 67
1
  8
R-OPISY
100
AcDbText
 10
1012.7725187372246
 20
650.5500000000003
 30
0.0
 40
1.8
  1
8
  7
PL_ARIAL
 11
1012.7725187372246
 21
650.5500000000003
 31
0.0
100
AcDbText
  0
TEXT
  5
273
330
1B
100
AcDbEntity
 67
1
  8
R-OPISY
100
AcDbText
 10
1085.6351124233477
 20
650.5500000000003
 30
0.0
 40
1.8
  1
323
  7
PL_ARIAL
 11
1085.6351124233477
 21
650.5500000000003
 31
0.0
100
AcDbText
  0
TEXT
  5
274
330
1B
100
AcDbEntity
 67
1
  8
R-OPISY
100
AcDbText
 10
1099.0900749488985
 20
650.5500000000003
 30
0.0
 40
1.8
  1
18
  7
PL_ARIAL
 11
1099.0900749488985
 21
650.5500000000003
 31
0.0
100
AcDbText
  0
TEXT
  5
275
330
1B
100
AcDbEntity
 67
1
  8
R-OPISY
100
AcDbText
 10
1106.8277538042244
 20
650.5500000000003
 30
0.0
 40
1.8
  1
D3
  7
PL_ARIAL
 11
1106.8277538042244
 21
650.5500000000003
 31
0.0
100
AcDbText
  0
TEXT
  5
276
330
1B
100
AcDbEntity
 67
1
  8
R-OPISY
100
AcDbText
 10
1119.4532818532819
 20
650.5500000000003
 30
0.0
 40
1.8
  1
58,14
  7
PL_ARIAL
 11
1119.4532818532819
 21
650.5500000000003
 31
0.0
100
AcDbText
  0
TEXT
  5
277
330
1B
100
AcDbEntity
 67
1
  8
R-OPISY
100
AcDbText
 10
1002.5450374744493
 20
646.0500000000003
 30
0.0
 40
1.8
  1
15
  7
PL_ARIAL
 11
1002.5450374744493
 21
646.0500000000003
 31
0.0
100
AcDbText
  0
TEXT
  5
278
330
1B
100
AcDbEntity
 67
1
  8
R-OPISY
100
AcDbText
 10
1012.0450374744493
 20
646.0500000000003
 30
0.0
 40
1.8
  1
10
  7
PL_ARIAL
 11
1012.0450374744493
 21
646.0500000000003
 31
0.0
100
AcDbText
  0
TEXT
  5
279
330
1B
100
AcDbEntity
 67
1
  8
R-OPISY
100
AcDbText
 10
1085.6351124233477
 20
646.0500000000003
 30
0.0
 40
1.8
  1
771
  7
PL_ARIAL
 11
1085.6351124233477
 21
646.0500000000003
 31
0.0
100
AcDbText
  0
TEXT
  5
27A
330
1B
100
AcDbEntity
 67
1
  8
R-OPISY
100
AcDbText
 10
1099.0900749488985
 20
646.0500000000003
 30
0.0
 40
1.8
  1
10
  7
PL_ARIAL
 11
1099.0900749488985
 21
646.0500000000003
 31
0.0
100
AcDbText
  0
TEXT
  5
27B
330
1B
100
AcDbEntity
 67
1
  8
R-OPISY
100
AcDbText
 10
1105.7368385191915
 20
646.0500000000003
 30
0.0
 40
1.8
  1
PL-2
  7
PL_ARIAL
 11
1105.7368385191915
 21
646.0500000000003
 31
0.0
100
AcDbText
  0
TEXT
  5
27C
330
1B
100
AcDbEntity
 67
1
  8
R-OPISY
100
AcDbText
 10
1132.4532818532819
 20
646.0500000000003
 30
0.0
 40
1.8
  1
77,10
  7
PL_ARIAL
 11
1132.4532818532819
 21
646.0500000000003
 31
0.0
100
AcDbText
  0
TEXT
  5
27D
330
1B
100
AcDbEntity
 67
1
  8
R-OPISY
100
AcDbText
 10
1002.5450374744493
 20
641.5500000000003
 30
0.0
 40
1.8
  1
16
  7
PL_ARIAL
 11
1002.5450374744493
 21
641.5500000000003
 31
0.0
100
AcDbText
  0
TEXT
  5
27E
330
1B
100
AcDbEntity
 67
1
  8
R-OPISY
100
AcDbText
 10
1012.0450374744493
 20
641.5500000000003
 30
0.0
 40
1.8
  1
10
  7
PL_ARIAL
 11
1012.0450374744493
 21
641.5500000000003
 31
0.0
100
AcDbText
  0
TEXT
  5
27F
330
1B
100
AcDbEntity
 67
1
  8
R-OPISY
100
AcDbText
 10
1085.6351124233477
 20
641.5500000000003
 30
0.0
 40
1.8
  1
103
  7
PL_ARIAL
 11
1085.6351124233477
 21
641.5500000000003
 31
0.0
100
AcDbText
  0
TEXT
  5
280
330
1B
100
AcDbEntity
 67
1
  8
R-OPISY
100
AcDbText
 10
1099.0900749488985
 20
641.5500000000003
 30
0.0
 40
1.8
  1
29
  7
PL_ARIAL
 11
1099.0900749488985
 21
641.5500000000003
 31
0.0
100
AcDbText
  0
TEXT
  5
281
330
1B
100
AcDbEntity
 67
1
  8
R-OPISY
100
AcDbText
 10
1105.7368385191915
 20
641.5500000000003
 30
0.0
 40
1.8
  1
PL-2
  7
PL_ARIAL
 11
1105.7368385191915
 21
641.5500000000003
 31
0.0
100
AcDbText
  0
TEXT
  5
282
330
1B
100
AcDbEntity
 67
1
  8
R-OPISY
100
AcDbText
 10
1132.4532818532819
 20
641.5500000000003
 30
0.0
 40
1.8
  1
29,87
  7
PL_ARIAL
 11
1132.4532818532819
 21
641.5500000000003
 31
0.0
100
AcDbText
  0
TEXT
  5
283
330
1B
100
AcDbEntity
 67
1
  8
R-OPISY
100
AcDbText
 10
1002.5450374744493
 20
637.0500000000003
 30
0.0
 40
1.8
  1
17
  7
PL_ARIAL
 11
1002.5450374744493
 21
637.0500000000003
 31
0.0
100
AcDbText
  0
TEXT
  5
284
330
1B
100
AcDbEntity
 67
1
  8
R-OPISY
100
AcDbText
 10
1012.0450374744493
 20
637.0500000000003
 30
0.0
 40
1.8
  1
10
  7
PL_ARIAL
 11
1012.0450374744493
 21
637.0500000000003
 31
0.0
100
AcDbText
  0
TEXT
  5
285
330
1B
100
AcDbEntity
 67
1
  8
R-OPISY
100
AcDbText
 10
1085.6351124233477
 20
637.0500000000003
 30
0.0
 40
1.8
  1
666
  7
PL_ARIAL
 11
1085.6351124233477
 21
637.0500000000003
 31
0.0
100
AcDbText
  0
TEXT
  5
286
330
1B
100
AcDbEntity
 67
1
  8
R-OPISY
100
AcDbText
 10
1099.0900749488985
 20
637.0500000000003
 30
0.0
 40
1.8
  1
13
  7
PL_ARIAL
 11
1099.0900749488985
 21
637.0500000000003
 31
0.0
100
AcDbText
  0
TEXT
  5
287
330
1B
100
AcDbEntity
 67
1
  8
R-OPISY
100
AcDbText
 10
1105.7368385191915
 20
637.0500000000003
 30
0.0
 40
1.8
  1
PL-2
  7
PL_ARIAL
 11
1105.7368385191915
 21
637.0500000000003
 31
0.0
100
AcDbText
  0
TEXT
  5
288
330
1B
100
AcDbEntity
 67
1
  8
R-OPISY
100
AcDbText
 10
1132.4532818532819
 20
637.0500000000003
 30
0.0
 40
1.8
  1
86,58
  7
PL_ARIAL
 11
1132.4532818532819
 21
637.0500000000003
 31
0.0
100
AcDbText
  0
TEXT
  5
289
330
1B
100
AcDbEntity
 67
1
  8
R-OPISY
100
AcDbText
 10
1002.5450374744493
 20
632.5500000000003
 30
0.0
 40
1.8
  1
18
  7
PL_ARIAL
 11
1002.5450374744493
 21
632.5500000000003
 31
0.0
100
AcDbText
  0
TEXT
  5
28A
330
1B
100
AcDbEntity
 67
1
  8
R-OPISY
100
AcDbText
 10
1012.0450374744493
 20
632.5500000000003
 30
0.0
 40
1.8
  1
10
  7
PL_ARIAL
 11
1012.0450374744493
 21
632.5500000000003
 31
0.0
100
AcDbText
  0
TEXT
  5
28B
330
1B
100
AcDbEntity
 67
1
  8
R-OPISY
100
AcDbText
 10
1087.0900749488985
 20
632.5500000000003
 30
0.0
 40
1.8
  1
94
  7
PL_ARIAL
 11
1087.0900749488985
 21
632.5500000000003
 31
0.0
100
AcDbText
  0
TEXT
  5
28C
330
1B
100
AcDbEntity
 67
1
  8
R-OPISY
100
AcDbText
 10
1097.6351124233477
 20
632.5500000000003
 30
0.0
 40
1.8
  1
167
  7
PL_ARIAL
 11
1097.6351124233477
 21
632.5500000000003
 31
0.0
100
AcDbText
  0
TEXT
  5
28D
330
1B
100
AcDbEntity
 67
1
  8
R-OPISY
100
AcDbText
 10
1105.7368385191915
 20
632.5500000000003
 30
0.0
 40
1.8
  1
PL-2
  7
PL_ARIAL
 11
1105.7368385191915
 21
632.5500000000003
 31
0.0
100
AcDbText
  0
TEXT
  5
28E
330
1B
100
AcDbEntity
 67
1
  8
R-OPISY
100
AcDbText
 10
1130.998319327731
 20
632.5500000000003
 30
0.0
 40
1.8
  1
156,98
  7
PL_ARIAL
 11
1130.998319327731
 21
632.5500000000003
 31
0.0
100
AcDbText
  0
TEXT
  5
28F
330
1B
100
AcDbEntity
 67
1
  8
R-OPISY
100
AcDbText
 10
1002.5450374744493
 20
628.0500000000003
 30
0.0
 40
1.8
  1
19
  7
PL_ARIAL
 11
1002.5450374744493
 21
628.0500000000003
 31
0.0
100
AcDbText
  0
TEXT
  5
290
330
1B
100
AcDbEntity
 67
1
  8
R-OPISY
100
AcDbText
 10
1012.0450374744493
 20
628.0500000000003
 30
0.0
 40
1.8
  1
16
  7
PL_ARIAL
 11
1012.0450374744493
 21
628.0500000000003
 31
0.0
100
AcDbText
  0
TEXT
  5
291
330
1B
100
AcDbEntity
 67
1
  8
R-OPISY
100
AcDbText
 10
1085.6351124233477
 20
628.0500000000003
 30
0.0
 40
1.8
  1
330
  7
PL_ARIAL
 11
1085.6351124233477
 21
628.0500000000003
 31
0.0
100
AcDbText
  0
TEXT
  5
292
330
1B
100
AcDbEntity
 67
1
  8
R-OPISY
100
AcDbText
 10
1099.0900749488985
 20
628.0500000000003
 30
0.0
 40
1.8
  1
40
  7
PL_ARIAL
 11
1099.0900749488985
 21
628.0500000000003
 31
0.0
100
AcDbText
  0
TEXT
  5
293
330
1B
100
AcDbEntity
 67
1
  8
R-OPISY
100
AcDbText
 10
1105.3018623665682
 20
628.0500000000003
 30
0.0
 40
1.8
  1
ST2Z
  7
PL_ARIAL
 11
1105.3018623665682
 21
628.0500000000003
 31
0.0
100
AcDbText
  0
TEXT
  5
294
330
1B
100
AcDbEntity
 67
1
  8
R-OPISY
100
AcDbText
 10
1169.998319327731
 20
628.0500000000003
 30
0.0
 40
1.8
  1
132,00
  7
PL_ARIAL
 11
1169.998319327731
 21
628.0500000000003
 31
0.0
100
AcDbText
  0
TEXT
  5
295
330
1B
100
AcDbEntity
 67
1
  8
R-OPISY
100
AcDbText
 10
1002.5450374744493
 20
623.5500000000003
 30
0.0
 40
1.8
  1
20
  7
PL_ARIAL
 11
1002.5450374744493
 21
623.5500000000003
 31
0.0
100
AcDbText
  0
TEXT
  5
296
330
1B
100
AcDbEntity
 67
1
  8
R-OPISY
100
AcDbText
 10
1012.0450374744493
 20
623.5500000000003
 30
0.0
 40
1.8
  1
10
  7
PL_ARIAL
 11
1012.0450374744493
 21
623.5500000000003
 31
0.0
100
AcDbText
  0
TEXT
  5
297
330
1B
100
AcDbEntity
 67
1
  8
R-OPISY
100
AcDbText
 10
1085.6351124233477
 20
623.5500000000003
 30
0.0
 40
1.8
  1
136
  7
PL_ARIAL
 11
1085.6351124233477
 21
623.5500000000003
 31
0.0
100
AcDbText
  0
TEXT
  5
298
330
1B
100
AcDbEntity
 67
1
  8
R-OPISY
100
AcDbText
 10
1099.0900749488985
 20
623.5500000000003
 30
0.0
 40
1.8
  1
13
  7
PL_ARIAL
 11
1099.0900749488985
 21
623.5500000000003
 31
0.0
100
AcDbText
  0
TEXT
  5
299
330
1B
100
AcDbEntity
 67
1
  8
R-OPISY
100
AcDbText
 10
1106.1008857597094
 20
623.5500000000003
 30
0.0
 40
1.8
  1
ST2
  7
PL_ARIAL
 11
1106.1008857597094
 21
623.5500000000003
 31
0.0
100
AcDbText
  0
TEXT
  5
29A
330
1B
100
AcDbEntity
 67
1
  8
R-OPISY
100
AcDbText
 10
1132.4532818532819
 20
623.5500000000003
 30
0.0
 40
1.8
  1
17,68
  7
PL_ARIAL
 11
1132.4532818532819
 21
623.5500000000003
 31
0.0
100
AcDbText
  0
TEXT
  5
29B
330
1B
100
AcDbEntity
 67
1
  8
R-OPISY
100
AcDbText
 10
1002.5450374744493
 20
619.0500000000003
 30
0.0
 40
1.8
  1
21
  7
PL_ARIAL
 11
1002.5450374744493
 21
619.0500000000003
 31
0.0
100
AcDbText
  0
TEXT
  5
29C
330
1B
100
AcDbEntity
 67
1
  8
R-OPISY
100
AcDbText
 10
1012.7725187372246
 20
619.0500000000003
 30
0.0
 40
1.8
  1
8
  7
PL_ARIAL
 11
1012.7725187372246
 21
619.0500000000003
 31
0.0
100
AcDbText
  0
TEXT
  5
29D
330
1B
100
AcDbEntity
 67
1
  8
R-OPISY
100
AcDbText
 10
1085.6351124233477
 20
619.0500000000003
 30
0.0
 40
1.8
  1
137
  7
PL_ARIAL
 11
1085.6351124233477
 21
619.0500000000003
 31
0.0
100
AcDbText
  0
TEXT
  5
29E
330
1B
100
AcDbEntity
 67
1
  8
R-OPISY
100
AcDbText
 10
1099.0900749488985
 20
619.0500000000003
 30
0.0
 40
1.8
  1
14
  7
PL_ARIAL
 11
1099.0900749488985
 21
619.0500000000003
 31
0.0
100
AcDbText
  0
TEXT
  5
29F
330
1B
100
AcDbEntity
 67
1
  8
R-OPISY
100
AcDbText
 10
1106.1008857597094
 20
619.0500000000003
 30
0.0
 40
1.8
  1
ST2
  7
PL_ARIAL
 11
1106.1008857597094
 21
619.0500000000003
 31
0.0
100
AcDbText
  0
TEXT
  5
2A0
330
1B
100
AcDbEntity
 67
1
  8
R-OPISY
100
AcDbText
 10
1119.4532818532819
 20
619.0500000000003
 30
0.0
 40
1.8
  1
19,18
  7
PL_ARIAL
 11
1119.4532818532819
 21
619.0500000000003
 31
0.0
100
AcDbText
  0
TEXT
  5
2A1
330
1B
100
AcDbEntity
 67
1
  8
R-OPISY
100
AcDbText
 10
1002.5450374744493
 20
614.5500000000003
 30
0.0
 40
1.8
  1
22
  7
PL_ARIAL
 11
1002.5450374744493
 21
614.5500000000003
 31
0.0
100
AcDbText
  0
TEXT
  5
2A2
330
1B
100
AcDbEntity
 67
1
  8
R-OPISY
100
AcDbText
 10
1012.0450374744493
 20
614.5500000000003
 30
0.0
 40
1.8
  1
14
  7
PL_ARIAL
 11
1012.0450374744493
 21
614.5500000000003
 31
0.0
100
AcDbText
  0
TEXT
  5
2A3
330
1B
100
AcDbEntity
 67
1
  8
R-OPISY
100
AcDbText
 10
1085.6351124233477
 20
614.5500000000003
 30
0.0
 40
1.8
  1
460
  7
PL_ARIAL
 11
1085.6351124233477
 21
614.5500000000003
 31
0.0
100
AcDbText
  0
TEXT
  5
2A4
330
1B
100
AcDbEntity
 67
1
  8
R-OPISY
100
AcDbText
 10
1099.0900749488985
 20
614.5500000000003
 30
0.0
 40
1.8
  1
42
  7
PL_ARIAL
 11
1099.0900749488985
 21
614.5500000000003
 31
0.0
100
AcDbText
  0
TEXT
  5
2A5
330
1B
100
AcDbEntity
 67
1
  8
R-OPISY
100
AcDbText
 10
1106.1008857597094
 20
614.5500000000003
 30
0.0
 40
1.8
  1
ST2
  7
PL_ARIAL
 11
1106.1008857597094
 21
614.5500000000003
 31
0.0
100
AcDbText
  0
TEXT
  5
2A6
330
1B
100
AcDbEntity
 67
1
  8
R-OPISY
100
AcDbText
 10
1156.998319327731
 20
614.5500000000003
 30
0.0
 40
1.8
  1
193,20
  7
PL_ARIAL
 11
1156.998319327731
 21
614.5500000000003
 31
0.0
100
AcDbText
  0
TEXT
  5
2A7
330
1B
100
AcDbEntity
 67
1
  8
R-OPISY
100
AcDbText
 10
1002.5450374744493
 20
610.0500000000003
 30
0.0
 40
1.8
  1
23
  7
PL_ARIAL
 11
1002.5450374744493
 21
610.0500000000003
 31
0.0
100
AcDbText
  0
TEXT
  5
2A8
330
1B
100
AcDbEntity
 67
1
  8
R-OPISY
100
AcDbText
 10
1012.7725187372246
 20
610.0500000000003
 30
0.0
 40
1.8
  1
8
  7
PL_ARIAL
 11
1012.7725187372246
 21
610.0500000000003
 31
0.0
100
AcDbText
  0
TEXT
  5
2A9
330
1B
100
AcDbEntity
 67
1
  8
R-OPISY
100
AcDbText
 10
1085.6351124233477
 20
610.0500000000003
 30
0.0
 40
1.8
  1
220
  7
PL_ARIAL
 11
1085.6351124233477
 21
610.0500000000003
 31
0.0
100
AcDbText
  0
TEXT
  5
2AA
330
1B
100
AcDbEntity
 67
1
  8
R-OPISY
100
AcDbText
 10
1100.5450374744491
 20
610.0500000000003
 30
0.0
 40
1.8
  1
1
  7
PL_ARIAL
 11
1100.5450374744491
 21
610.0500000000003
 31
0.0
100
AcDbText
  0
TEXT
  5
2AB
330
1B
100
AcDbEntity
 67
1
  8
R-OPISY
100
AcDbText
 10
1106.8277538042244
 20
610.0500000000003
 30
0.0
 40
1.8
  1
D2
  7
PL_ARIAL
 11
1106.8277538042244
 21
610.0500000000003
 31
0.0
100
AcDbText
  0
TEXT
  5
2AC
330
1B
100
AcDbEntity
 67
1
  8
R-OPISY
100
AcDbText
 10
1120.9082443788327
 20
610.0500000000003
 30
0.0
 40
1.8
  1
2,20
  7
PL_ARIAL
 11
1120.9082443788327
 21
610.0500000000003
 31
0.0
100
AcDbText
  0
TEXT
  5
2AD
330
1B
100
AcDbEntity
 67
1
  8
R-OPISY
100
AcDbText
 10
1002.5450374744493
 20
605.5500000000003
 30
0.0
 40
1.8
  1
24
  7
PL_ARIAL
 11
1002.5450374744493
 21
605.5500000000003
 31
0.0
100
AcDbText
  0
TEXT
  5
2AE
330
1B
100
AcDbEntity
 67
1
  8
R-OPISY
100
AcDbText
 10
1012.7725187372246
 20
605.5500000000003
 30
0.0
 40
1.8
  1
8
  7
PL_ARIAL
 11
1012.7725187372246
 21
605.5500000000003
 31
0.0
100
AcDbText
  0
TEXT
  5
2AF
330
1B
100
AcDbEntity
 67
1
  8
R-OPISY
100
AcDbText
 10
1085.6351124233477
 20
605.5500000000003
 30
0.0
 40
1.8
  1
147
  7
PL_ARIAL
 11
1085.6351124233477
 21
605.5500000000003
 31
0.0
100
AcDbText
  0
TEXT
  5
2B0
330
1B
100
AcDbEntity
 67
1
  8
R-OPISY
100
AcDbText
 10
1099.0900749488985
 20
605.5500000000003
 30
0.0
 40
1.8
  1
31
  7
PL_ARIAL
 11
1099.0900749488985
 21
605.5500000000003
 31
0.0
100
AcDbText
  0
TEXT
  5
2B1
330
1B
100
AcDbEntity
 67
1
  8
R-OPISY
100
AcDbText
 10
1106.8277538042244
 20
605.5500000000003
 30
0.0
 40
1.8
  1
D2
  7
PL_ARIAL
 11
1106.8277538042244
 21
605.5500000000003
 31
0.0
100
AcDbText
  0
TEXT
  5
2B2
330
1B
100
AcDbEntity
 67
1
  8
R-OPISY
100
AcDbText
 10
1119.4532818532819
 20
605.5500000000003
 30
0.0
 40
1.8
  1
45,57
  7
PL_ARIAL
 11
1119.4532818532819
 21
605.5500000000003
 31
0.0
100
AcDbText
  0
TEXT
  5
2B3
330
1B
100
AcDbEntity
 67
1
  8
R-OPISY
100
AcDbText
 10
1002.5450374744493
 20
601.0500000000003
 30
0.0
 40
1.8
  1
25
  7
PL_ARIAL
 11
1002.5450374744493
 21
601.0500000000003
 31
0.0
100
AcDbText
  0
TEXT
  5
2B4
330
1B
100
AcDbEntity
 67
1
  8
R-OPISY
100
AcDbText
 10
1012.0450374744493
 20
601.0500000000003
 30
0.0
 40
1.8
  1
14
  7
PL_ARIAL
 11
1012.0450374744493
 21
601.0500000000003
 31
0.0
100
AcDbText
  0
TEXT
  5
2B5
330
1B
100
AcDbEntity
 67
1
  8
R-OPISY
100
AcDbText
 10
1085.6351124233477
 20
601.0500000000003
 30
0.0
 40
1.8
  1
264
  7
PL_ARIAL
 11
1085.6351124233477
 21
601.0500000000003
 31
0.0
100
AcDbText
  0
TEXT
  5
2B6
330
1B
100
AcDbEntity
 67
1
  8
R-OPISY
100
AcDbText
 10
1099.0900749488985
 20
601.0500000000003
 30
0.0
 40
1.8
  1
87
  7
PL_ARIAL
 11
1099.0900749488985
 21
601.0500000000003
 31
0.0
100
AcDbText
  0
TEXT
  5
2B7
330
1B
100
AcDbEntity
 67
1
  8
R-OPISY
100
AcDbText
 10
1106.1008857597094
 20
601.0500000000003
 30
0.0
 40
1.8
  1
ST2
  7
PL_ARIAL
 11
1106.1008857597094
 21
601.0500000000003
 31
0.0
100
AcDbText
  0
TEXT
  5
2B8
330
1B
100
AcDbEntity
 67
1
  8
R-OPISY
100
AcDbText
 10
1156.998319327731
 20
601.0500000000003
 30
0.0
 40
1.8
  1
229,68
  7
PL_ARIAL
 11
1156.998319327731
 21
601.0500000000003
 31
0.0
100
AcDbText
  0
TEXT
  5
2B9
330
1B
100
AcDbEntity
 67
1
  8
R-OPISY
100
AcDbText
 10
1002.5450374744493
 20
596.5500000000003
 30
0.0
 40
1.8
  1
26
  7
PL_ARIAL
 11
1002.5450374744493
 21
596.5500000000003
 31
0.0
100
AcDbText
  0
TEXT
  5
2BA
330
1B
100
AcDbEntity
 67
1
  8
R-OPISY
100
AcDbText
 10
1012.7725187372246
 20
596.5500000000003
 30
0.0
 40
1.8
  1
8
  7
PL_ARIAL
 11
1012.7725187372246
 21
596.5500000000003
 31
0.0
100
AcDbText
  0
TEXT
  5
2BB
330
1B
100
AcDbEntity
 67
1
  8
R-OPISY
100
AcDbText
 10
1085.6351124233477
 20
596.5500000000003
 30
0.0
 40
1.8
  1
180
  7
PL_ARIAL
 11
1085.6351124233477
 21
596.5500000000003
 31
0.0
100
AcDbText
  0
TEXT
  5
2BC
330
1B
100
AcDbEntity
 67
1
  8
R-OPISY
100
AcDbText
 10
1099.0900749488985
 20
596.5500000000003
 30
0.0
 40
1.8
  1
20
  7
PL_ARIAL
 11
1099.0900749488985
 21
596.5500000000003
 31
0.0
100
AcDbText
  0
TEXT
  5
2BD
330
1B
100
AcDbEntity
 67
1
  8
R-OPISY
100
AcDbText
 10
1106.8277538042244
 20
596.5500000000003
 30
0.0
 40
1.8
  1
D2
  7
PL_ARIAL
 11
1106.8277538042244
 21
596.5500000000003
 31
0.0
100
AcDbText
  0
TEXT
  5
2BE
330
1B
100
AcDbEntity
 67
1
  8
R-OPISY
100
AcDbText
 10
1119.4532818532819
 20
596.5500000000003
 30
0.0
 40
1.8
  1
36,00
  7
PL_ARIAL
 11
1119.4532818532819
 21
596.5500000000003
 31
0.0
100
AcDbText
  0
TEXT
  5
2BF
330
1B
100
AcDbEntity
 67
1
  8
R-OPISY
100
AcDbText
 10
1002.5450374744493
 20
592.0500000000003
 30
0.0
 40
1.8
  1
27
  7
PL_ARIAL
 11
1002.5450374744493
 21
592.0500000000003
 31
0.0
100
AcDbText
  0
TEXT
  5
2C0
330
1B
100
AcDbEntity
 67
1
  8
R-OPISY
100
AcDbText
 10
1012.7725187372246
 20
592.0500000000003
 30
0.0
 40
1.8
  1
8
  7
PL_ARIAL
 11
1012.7725187372246
 21
592.0500000000003
 31
0.0
100
AcDbText
  0
TEXT
  5
2C1
330
1B
100
AcDbEntity
 67
1
  8
R-OPISY
100
AcDbText
 10
1085.6351124233477
 20
592.0500000000003
 30
0.0
 40
1.8
  1
139
  7
PL_ARIAL
 11
1085.6351124233477
 21
592.0500000000003
 31
0.0
100
AcDbText
  0
TEXT
  5
2C2
330
1B
100
AcDbEntity
 67
1
  8
R-OPISY
100
AcDbText
 10
1099.0900749488985
 20
592.0500000000003
 30
0.0
 40
1.8
  1
20
  7
PL_ARIAL
 11
1099.0900749488985
 21
592.0500000000003
 31
0.0
100
AcDbText
  0
TEXT
  5
2C3
330
1B
100
AcDbEntity
 67
1
  8
R-OPISY
100
AcDbText
 10
1106.1008857597094
 20
592.0500000000003
 30
0.0
 40
1.8
  1
ST2
  7
PL_ARIAL
 11
1106.1008857597094
 21
592.0500000000003
 31
0.0
100
AcDbText
  0
TEXT
  5
2C4
330
1B
100
AcDbEntity
 67
1
  8
R-OPISY
100
AcDbText
 10
1119.4532818532819
 20
592.0500000000003
 30
0.0
 40
1.8
  1
27,80
  7
PL_ARIAL
 11
1119.4532818532819
 21
592.0500000000003
 31
0.0
100
AcDbText
  0
TEXT
  5
2C5
330
1B
100
AcDbEntity
 67
1
  8
R-OPISY
100
AcDbText
 10
1002.5450374744493
 20
587.5500000000003
 30
0.0
 40
1.8
  1
28
  7
PL_ARIAL
 11
1002.5450374744493
 21
587.5500000000003
 31
0.0
100
AcDbText
  0
TEXT
  5
2C6
330
1B
100
AcDbEntity
 67
1
  8
R-OPISY
100
AcDbText
 10
1012.7725187372246
 20
587.5500000000003
 30
0.0
 40
1.8
  1
8
  7
PL_ARIAL
 11
1012.7725187372246
 21
587.5500000000003
 31
0.0
100
AcDbText
  0
TEXT
  5
2C7
330
1B
100
AcDbEntity
 67
1
  8
R-OPISY
100
AcDbText
 10
1085.6351124233477
 20
587.5500000000003
 30
0.0
 40
1.8
  1
185
  7
PL_ARIAL
 11
1085.6351124233477
 21
587.5500000000003
 31
0.0
100
AcDbText
  0
TEXT
  5
2C8
330
1B
100
AcDbEntity
 67
1
  8
R-OPISY
100
AcDbText
 10
1099.0900749488985
 20
587.5500000000003
 30
0.0
 40
1.8
  1
20
  7
PL_ARIAL
 11
1099.0900749488985
 21
587.5500000000003
 31
0.0
100
AcDbText
  0
TEXT
  5
2C9
330
1B
100
AcDbEntity
 67
1
  8
R-OPISY
100
AcDbText
 10
1106.1008857597094
 20
587.5500000000003
 30
0.0
 40
1.8
  1
ST2
  7
PL_ARIAL
 11
1106.1008857597094
 21
587.5500000000003
 31
0.0
100
AcDbText
  0
TEXT
  5
2CA
330
1B
100
AcDbEntity
 67
1
  8
R-OPISY
100
AcDbText
 10
1119.4532818532819
 20
587.5500000000003
 30
0.0
 40
1.8
  1
37,00
  7
PL_ARIAL
 11
1119.4532818532819
 21
587.5500000000003
 31
0.0
100
AcDbText
  0
TEXT
  5
2CB
330
1B
100
AcDbEntity
 67
1
  8
R-OPISY
100
AcDbText
 10
1002.5450374744493
 20
583.0500000000003
 30
0.0
 40
1.8
  1
29
  7
PL_ARIAL
 11
1002.5450374744493
 21
583.0500000000003
 31
0.0
100
AcDbText
  0
TEXT
  5
2CC
330
1B
100
AcDbEntity
 67
1
  8
R-OPISY
100
AcDbText
 10
1012.0450374744493
 20
583.0500000000003
 30
0.0
 40
1.8
  1
16
  7
PL_ARIAL
 11
1012.0450374744493
 21
583.0500000000003
 31
0.0
100
AcDbText
  0
TEXT
  5
2CD
330
1B
100
AcDbEntity
 67
1
  8
R-OPISY
100
AcDbText
 10
1086.0234839881898
 20
583.0500000000003
 30
0.0
 40
1.8
  1
111
  7
PL_ARIAL
 11
1086.0234839881898
 21
583.0500000000003
 31
0.0
100
AcDbText
  0
TEXT
  5
2CE
330
1B
100
AcDbEntity
 67
1
  8
R-OPISY
100
AcDbText
 10
1099.0900749488985
 20
583.0500000000003
 30
0.0
 40
1.8
  1
12
  7
PL_ARIAL
 11
1099.0900749488985
 21
583.0500000000003
 31
0.0
100
AcDbText
  0
TEXT
  5
2CF
330
1B
100
AcDbEntity
 67
1
  8
R-OPISY
100
AcDbText
 10
1105.7368385191915
 20
583.0500000000003
 30
0.0
 40
1.8
  1
PL-2
  7
PL_ARIAL
 11
1105.7368385191915
 21
583.0500000000003
 31
0.0
100
AcDbText
  0
TEXT
  5
2D0
330
1B
100
AcDbEntity
 67
1
  8
R-OPISY
100
AcDbText
 10
1171.4532818532819
 20
583.0500000000003
 30
0.0
 40
1.8
  1
13,32
  7
PL_ARIAL
 11
1171.4532818532819
 21
583.0500000000003
 31
0.0
100
AcDbText
  0
TEXT
  5
2D1
330
1B
100
AcDbEntity
 67
1
  8
R-OPISY
100
AcDbText
 10
1002.5450374744493
 20
578.5500000000003
 30
0.0
 40
1.8
  1
30
  7
PL_ARIAL
 11
1002.5450374744493
 21
578.5500000000003
 31
0.0
100
AcDbText
  0
TEXT
  5
2D2
330
1B
100
AcDbEntity
 67
1
  8
R-OPISY
100
AcDbText
 10
1012.0450374744493
 20
578.5500000000003
 30
0.0
 40
1.8
  1
16
  7
PL_ARIAL
 11
1012.0450374744493
 21
578.5500000000003
 31
0.0
100
AcDbText
  0
TEXT
  5
2D3
330
1B
100
AcDbEntity
 67
1
  8
R-OPISY
100
AcDbText
 10
1087.0900749488985
 20
578.5500000000003
 30
0.0
 40
1.8
  1
22
  7
PL_ARIAL
 11
1087.0900749488985
 21
578.5500000000003
 31
0.0
100
AcDbText
  0
TEXT
  5
2D4
330
1B
100
AcDbEntity
 67
1
  8
R-OPISY
100
AcDbText
 10
1099.0900749488985
 20
578.5500000000003
 30
0.0
 40
1.8
  1
72
  7
PL_ARIAL
 11
1099.0900749488985
 21
578.5500000000003
 31
0.0
100
AcDbText
  0
TEXT
  5
2D5
330
1B
100
AcDbEntity
 67
1
  8
R-OPISY
100
AcDbText
 10
1105.7368385191915
 20
578.5500000000003
 30
0.0
 40
1.8
  1
PL-2
  7
PL_ARIAL
 11
1105.7368385191915
 21
578.5500000000003
 31
0.0
100
AcDbText
  0
TEXT
  5
2D6
330
1B
100
AcDbEntity
 67
1
  8
R-OPISY
100
AcDbText
 10
1171.4532818532819
 20
578.5500000000003
 30
0.0
 40
1.8
  1
15,84
  7
PL_ARIAL
 11
1171.4532818532819
 21
578.5500000000003
 31
0.0
100
AcDbText
  0
TEXT
  5
2D7
330
1B
100
AcDbEntity
 67
1
  8
R-OPISY
100
AcDbText
 10
1002.5450374744493
 20
574.0500000000003
 30
0.0
 40
1.8
  1
31
  7
PL_ARIAL
 11
1002.5450374744493
 21
574.0500000000003
 31
0.0
100
AcDbText
  0
TEXT
  5
2D8
330
1B
100
AcDbEntity
 67
1
  8
R-OPISY
100
AcDbText
 10
1012.0450374744493
 20
574.0500000000003
 30
0.0
 40
1.8
  1
16
  7
PL_ARIAL
 11
1012.0450374744493
 21
574.0500000000003
 31
0.0
100
AcDbText
  0
TEXT
  5
2D9
330
1B
100
AcDbEntity
 67
1
  8
R-OPISY
100
AcDbText
 10
1087.0900749488985
 20
574.0500000000003
 30
0.0
 40
1.8
  1
60
  7
PL_ARIAL
 11
1087.0900749488985
 21
574.0500000000003
 31
0.0
100
AcDbText
  0
TEXT
  5
2DA
330
1B
100
AcDbEntity
 67
1
  8
R-OPISY
100
AcDbText
 10
1099.0900749488985
 20
574.0500000000003
 30
0.0
 40
1.8
  1
69
  7
PL_ARIAL
 11
1099.0900749488985
 21
574.0500000000003
 31
0.0
100
AcDbText
  0
TEXT
  5
2DB
330
1B
100
AcDbEntity
 67
1
  8
R-OPISY
100
AcDbText
 10
1105.7368385191915
 20
574.0500000000003
 30
0.0
 40
1.8
  1
PL-2
  7
PL_ARIAL
 11
1105.7368385191915
 21
574.0500000000003
 31
0.0
100
AcDbText
  0
TEXT
  5
2DC
330
1B
100
AcDbEntity
 67
1
  8
R-OPISY
100
AcDbText
 10
1171.4532818532819
 20
574.0500000000003
 30
0.0
 40
1.8
  1
41,40
  7
PL_ARIAL
 11
1171.4532818532819
 21
574.0500000000003
 31
0.0
100
AcDbText
  0
TEXT
  5
2DD
330
1B
100
AcDbEntity
 67
1
  8
R-OPISY
100
AcDbText
 10
1002.5450374744493
 20
569.5500000000003
 30
0.0
 40
1.8
  1
32
  7
PL_ARIAL
 11
1002.5450374744493
 21
569.5500000000003
 31
0.0
100
AcDbText
  0
TEXT
  5
2DE
330
1B
100
AcDbEntity
 67
1
  8
R-OPISY
100
AcDbText
 10
1012.0450374744493
 20
569.5500000000003
 30
0.0
 40
1.8
  1
16
  7
PL_ARIAL
 11
1012.0450374744493
 21
569.5500000000003
 31
0.0
100
AcDbText
  0
TEXT
  5
2DF
330
1B
100
AcDbEntity
 67
1
  8
R-OPISY
100
AcDbText
 10
1085.6351124233477
 20
569.5500000000003
 30
0.0
 40
1.8
  1
247
  7
PL_ARIAL
 11
1085.6351124233477
 21
569.5500000000003
 31
0.0
100
AcDbText
  0
TEXT
  5
2E0
330
1B
100
AcDbEntity
 67
1
  8
R-OPISY
100
AcDbText
 10
1099.0900749488985
 20
569.5500000000003
 30
0.0
 40
1.8
  1
13
  7
PL_ARIAL
 11
1099.0900749488985
 21
569.5500000000003
 31
0.0
100
AcDbText
  0
TEXT
  5
2E1
330
1B
100
AcDbEntity
 67
1
  8
R-OPISY
100
AcDbText
 10
1105.7368385191915
 20
569.5500000000003
 30
0.0
 40
1.8
  1
PL-2
  7
PL_ARIAL
 11
1105.7368385191915
 21
569.5500000000003
 31
0.0
100
AcDbText
  0
TEXT
  5
2E2
330
1B
100
AcDbEntity
 67
1
  8
R-OPISY
100
AcDbText
 10
1171.647467635703
 20
569.5500000000003
 30
0.0
 40
1.8
  1
32,11
  7
PL_ARIAL
 11
1171.647467635703
 21
569.5500000000003
 31
0.0
100
AcDbText
  0
TEXT
  5
2E3
330
1B
100
AcDbEntity
 67
1
  8
R-OPISY
100
AcDbText
 10
1002.5450374744493
 20
565.0500000000003
 30
0.0
 40
1.8
  1
33
  7
PL_ARIAL
 11
1002.5450374744493
 21
565.0500000000003
 31
0.0
100
AcDbText
  0
TEXT
  5
2E4
330
1B
100
AcDbEntity
 67
1
  8
R-OPISY
100
AcDbText
 10
1012.0450374744493
 20
565.0500000000003
 30
0.0
 40
1.8
  1
16
  7
PL_ARIAL
 11
1012.0450374744493
 21
565.0500000000003
 31
0.0
100
AcDbText
  0
TEXT
  5
2E5
330
1B
100
AcDbEntity
 67
1
  8
R-OPISY
100
AcDbText
 10
1085.8292982057687
 20
565.0500000000003
 30
0.0
 40
1.8
  1
114
  7
PL_ARIAL
 11
1085.8292982057687
 21
565.0500000000003
 31
0.0
100
AcDbText
  0
TEXT
  5
2E6
330
1B
100
AcDbEntity
 67
1
  8
R-OPISY
100
AcDbText
 10
1097.6351124233477
 20
565.0500000000003
 30
0.0
 40
1.8
  1
162
  7
PL_ARIAL
 11
1097.6351124233477
 21
565.0500000000003
 31
0.0
100
AcDbText
  0
TEXT
  5
2E7
330
1B
100
AcDbEntity
 67
1
  8
R-OPISY
100
AcDbText
 10
1105.7368385191915
 20
565.0500000000003
 30
0.0
 40
1.8
  1
PL-2
  7
PL_ARIAL
 11
1105.7368385191915
 21
565.0500000000003
 31
0.0
100
AcDbText
  0
TEXT
  5
2E8
330
1B
100
AcDbEntity
 67
1
  8
R-OPISY
100
AcDbText
 10
1169.998319327731
 20
565.0500000000003
 30
0.0
 40
1.8
  1
184,68
  7
PL_ARIAL
 11
1169.998319327731
 21
565.0500000000003
 31
0.0
100
AcDbText
  0
TEXT
  5
2E9
330
1B
100
AcDbEntity
 67
1
  8
R-OPISY
100
AcDbText
 10
1002.5450374744493
 20
560.5500000000003
 30
0.0
 40
1.8
  1
34
  7
PL_ARIAL
 11
1002.5450374744493
 21
560.5500000000003
 31
0.0
100
AcDbText
  0
TEXT
  5
2EA
330
1B
100
AcDbEntity
 67
1
  8
R-OPISY
100
AcDbText
 10
1012.0450374744493
 20
560.5500000000003
 30
0.0
 40
1.8
  1
16
  7
PL_ARIAL
 11
1012.0450374744493
 21
560.5500000000003
 31
0.0
100
AcDbText
  0
TEXT
  5
2EB
330
1B
100
AcDbEntity
 67
1
  8
R-OPISY
100
AcDbText
 10
1085.6351124233477
 20
560.5500000000003
 30
0.0
 40
1.8
  1
105
  7
PL_ARIAL
 11
1085.6351124233477
 21
560.5500000000003
 31
0.0
100
AcDbText
  0
TEXT
  5
2EC
330
1B
100
AcDbEntity
 67
1
  8
R-OPISY
100
AcDbText
 10
1097.6351124233477
 20
560.5500000000003
 30
0.0
 40
1.8
  1
154
  7
PL_ARIAL
 11
1097.6351124233477
 21
560.5500000000003
 31
0.0
100
AcDbText
  0
TEXT
  5
2ED
330
1B
100
AcDbEntity
 67
1
  8
R-OPISY
100
AcDbText
 10
1105.7368385191915
 20
560.5500000000003
 30
0.0
 40
1.8
  1
PL-2
  7
PL_ARIAL
 11
1105.7368385191915
 21
560.5500000000003
 31
0.0
100
AcDbText
  0
TEXT
  5
2EE
330
1B
100
AcDbEntity
 67
1
  8
R-OPISY
100
AcDbText
 10
1169.998319327731
 20
560.5500000000003
 30
0.0
 40
1.8
  1
161,70
  7
PL_ARIAL
 11
1169.998319327731
 21
560.5500000000003
 31
0.0
100
AcDbText
  0
TEXT
  5
2EF
330
1B
100
AcDbEntity
 67
1
  8
R-OPISY
100
AcDbText
 10
1002.5450374744493
 20
556.0500000000003
 30
0.0
 40
1.8
  1
35
  7
PL_ARIAL
 11
1002.5450374744493
 21
556.0500000000003
 31
0.0
100
AcDbText
  0
TEXT
  5
2F0
330
1B
100
AcDbEntity
 67
1
  8
R-OPISY
100
AcDbText
 10
1012.0450374744493
 20
556.0500000000003
 30
0.0
 40
1.8
  1
16
  7
PL_ARIAL
 11
1012.0450374744493
 21
556.0500000000003
 31
0.0
100
AcDbText
  0
TEXT
  5
2F1
330
1B
100
AcDbEntity
 67
1
  8
R-OPISY
100
AcDbText
 10
1085.8292982057687
 20
556.0500000000003
 30
0.0
 40
1.8
  1
117
  7
PL_ARIAL
 11
1085.8292982057687
 21
556.0500000000003
 31
0.0
100
AcDbText
  0
TEXT
  5
2F2
330
1B
100
AcDbEntity
 67
1
  8
R-OPISY
100
AcDbText
 10
1099.0900749488985
 20
556.0500000000003
 30
0.0
 40
1.8
  1
13
  7
PL_ARIAL
 11
1099.0900749488985
 21
556.0500000000003
 31
0.0
100
AcDbText
  0
TEXT
  5
2F3
330
1B
100
AcDbEntity
 67
1
  8
R-OPISY
100
AcDbText
 10
1105.7368385191915
 20
556.0500000000003
 30
0.0
 40
1.8
  1
PL-2
  7
PL_ARIAL
 11
1105.7368385191915
 21
556.0500000000003
 31
0.0
100
AcDbText
  0
TEXT
  5
2F4
330
1B
100
AcDbEntity
 67
1
  8
R-OPISY
100
AcDbText
 10
1171.4532818532819
 20
556.0500000000003
 30
0.0
 40
1.8
  1
15,21
  7
PL_ARIAL
 11
1171.4532818532819
 21
556.0500000000003
 31
0.0
100
AcDbText
  0
TEXT
  5
2F5
330
1B
100
AcDbEntity
 67
1
  8
R-OPISY
100
AcDbText
 10
1002.5450374744493
 20
551.5500000000003
 30
0.0
 40
1.8
  1
36
  7
PL_ARIAL
 11
1002.5450374744493
 21
551.5500000000003
 31
0.0
100
AcDbText
  0
TEXT
  5
2F6
330
1B
100
AcDbEntity
 67
1
  8
R-OPISY
100
AcDbText
 10
1012.0450374744493
 20
551.5500000000003
 30
0.0
 40
1.8
  1
16
  7
PL_ARIAL
 11
1012.0450374744493
 21
551.5500000000003
 31
0.0
100
AcDbText
  0
TEXT
  5
2F7
330
1B
100
AcDbEntity
 67
1
  8
R-OPISY
100
AcDbText
 10
1085.6351124233477
 20
551.5500000000003
 30
0.0
 40
1.8
  1
120
  7
PL_ARIAL
 11
1085.6351124233477
 21
551.5500000000003
 31
0.0
100
AcDbText
  0
TEXT
  5
2F8
330
1B
100
AcDbEntity
 67
1
  8
R-OPISY
100
AcDbText
 10
1099.0900749488985
 20
551.5500000000003
 30
0.0
 40
1.8
  1
13
  7
PL_ARIAL
 11
1099.0900749488985
 21
551.5500000000003
 31
0.0
100
AcDbText
  0
TEXT
  5
2F9
330
1B
100
AcDbEntity
 67
1
  8
R-OPISY
100
AcDbText
 10
1105.7368385191915
 20
551.5500000000003
 30
0.0
 40
1.8
  1
PL-2
  7
PL_ARIAL
 11
1105.7368385191915
 21
551.5500000000003
 31
0.0
100
AcDbText
  0
TEXT
  5
2FA
330
1B
100
AcDbEntity
 67
1
  8
R-OPISY
100
AcDbText
 10
1171.4532818532819
 20
551.5500000000003
 30
0.0
 40
1.8
  1
15,60
  7
PL_ARIAL
 11
1171.4532818532819
 21
551.5500000000003
 31
0.0
100
AcDbText
  0
TEXT
  5
2FB
330
1B
100
AcDbEntity
 67
1
  8
R-OPISY
100
AcDbText
 10
1002.5450374744493
 20
547.0500000000003
 30
0.0
 40
1.8
  1
37
  7
PL_ARIAL
 11
1002.5450374744493
 21
547.0500000000003
 31
0.0
100
AcDbText
  0
TEXT
  5
2FC
330
1B
100
AcDbEntity
 67
1
  8
R-OPISY
100
AcDbText
 10
1012.0450374744493
 20
547.0500000000003
 30
0.0
 40
1.8
  1
16
  7
PL_ARIAL
 11
1012.0450374744493
 21
547.0500000000003
 31
0.0
100
AcDbText
  0
TEXT
  5
2FD
330
1B
100
AcDbEntity
 67
1
  8
R-OPISY
100
AcDbText
 10
1085.6351124233477
 20
547.0500000000003
 30
0.0
 40
1.8
  1
366
  7
PL_ARIAL
 11
1085.6351124233477
 21
547.0500000000003
 31
0.0
100
AcDbText
  0
TEXT
  5
2FE
330
1B
100
AcDbEntity
 67
1
  8
R-OPISY
100
AcDbText
 10
1099.0900749488985
 20
547.0500000000003
 30
0.0
 40
1.8
  1
12
  7
PL_ARIAL
 11
1099.0900749488985
 21
547.0500000000003
 31
0.0
100
AcDbText
  0
TEXT
  5
2FF
330
1B
100
AcDbEntity
 67
1
  8
R-OPISY
100
AcDbText
 10
1105.7368385191915
 20
547.0500000000003
 30
0.0
 40
1.8
  1
PL-2
  7
PL_ARIAL
 11
1105.7368385191915
 21
547.0500000000003
 31
0.0
100
AcDbText
  0
TEXT
  5
300
330
1B
100
AcDbEntity
 67
1
  8
R-OPISY
100
AcDbText
 10
1171.4532818532819
 20
547.0500000000003
 30
0.0
 40
1.8
  1
43,92
  7
PL_ARIAL
 11
1171.4532818532819
 21
547.0500000000003
 31
0.0
100
AcDbText
  0
TEXT
  5
301
330
1B
100
AcDbEntity
 67
1
  8
R-OPISY
100
AcDbText
 10
1002.5450374744493
 20
542.5500000000003
 30
0.0
 40
1.8
  1
38
  7
PL_ARIAL
 11
1002.5450374744493
 21
542.5500000000003
 31
0.0
100
AcDbText
  0
TEXT
  5
302
330
1B
100
AcDbEntity
 67
1
  8
R-OPISY
100
AcDbText
 10
1012.0450374744493
 20
542.5500000000003
 30
0.0
 40
1.8
  1
16
  7
PL_ARIAL
 11
1012.0450374744493
 21
542.5500000000003
 31
0.0
100
AcDbText
  0
TEXT
  5
303
330
1B
100
AcDbEntity
 67
1
  8
R-OPISY
100
AcDbText
 10
1085.6351124233477
 20
542.5500000000003
 30
0.0
 40
1.8
  1
123
  7
PL_ARIAL
 11
1085.6351124233477
 21
542.5500000000003
 31
0.0
100
AcDbText
  0
TEXT
  5
304
330
1B
100
AcDbEntity
 67
1
  8
R-OPISY
100
AcDbText
 10
1099.0900749488985
 20
542.5500000000003
 30
0.0
 40
1.8
  1
72
  7
PL_ARIAL
 11
1099.0900749488985
 21
542.5500000000003
 31
0.0
100
AcDbText
  0
TEXT
  5
305
330
1B
100
AcDbEntity
 67
1
  8
R-OPISY
100
AcDbText
 10
1105.7368385191915
 20
542.5500000000003
 30
0.0
 40
1.8
  1
PL-2
  7
PL_ARIAL
 11
1105.7368385191915
 21
542.5500000000003
 31
0.0
100
AcDbText
  0
TEXT
  5
306
330
1B
100
AcDbEntity
 67
1
  8
R-OPISY
100
AcDbText
 10
1171.4532818532819
 20
542.5500000000003
 30
0.0
 40
1.8
  1
88,56
  7
PL_ARIAL
 11
1171.4532818532819
 21
542.5500000000003
 31
0.0
100
AcDbText
  0
TEXT
  5
307
330
1B
100
AcDbEntity
 67
1
  8
R-OPISY
100
AcDbText
 10
1002.5450374744493
 20
538.0500000000003
 30
0.0
 40
1.8
  1
39
  7
PL_ARIAL
 11
1002.5450374744493
 21
538.0500000000003
 31
0.0
100
AcDbText
  0
TEXT
  5
308
330
1B
100
AcDbEntity
 67
1
  8
R-OPISY
100
AcDbText
 10
1012.0450374744493
 20
538.0500000000003
 30
0.0
 40
1.8
  1
16
  7
PL_ARIAL
 11
1012.0450374744493
 21
538.0500000000003
 31
0.0
100
AcDbText
  0
TEXT
  5
309
330
1B
100
AcDbEntity
 67
1
  8
R-OPISY
100
AcDbText
 10
1087.0900749488985
 20
538.0500000000003
 30
0.0
 40
1.8
  1
95
  7
PL_ARIAL
 11
1087.0900749488985
 21
538.0500000000003
 31
0.0
100
AcDbText
  0
TEXT
  5
30A
330
1B
100
AcDbEntity
 67
1
  8
R-OPISY
100
AcDbText
 10
1100.5450374744491
 20
538.0500000000003
 30
0.0
 40
1.8
  1
3
  7
PL_ARIAL
 11
1100.5450374744491
 21
538.0500000000003
 31
0.0
100
AcDbText
  0
TEXT
  5
30B
330
1B
100
AcDbEntity
 67
1
  8
R-OPISY
100
AcDbText
 10
1105.7368385191915
 20
538.0500000000003
 30
0.0
 40
1.8
  1
PL-2
  7
PL_ARIAL
 11
1105.7368385191915
 21
538.0500000000003
 31
0.0
100
AcDbText
  0
TEXT
  5
30C
330
1B
100
AcDbEntity
 67
1
  8
R-OPISY
100
AcDbText
 10
1172.9082443788327
 20
538.0500000000003
 30
0.0
 40
1.8
  1
2,85
  7
PL_ARIAL
 11
1172.9082443788327
 21
538.0500000000003
 31
0.0
100
AcDbText
  0
TEXT
  5
30D
330
1B
100
AcDbEntity
 67
1
  8
R-OPISY
100
AcDbText
 10
1002.5450374744493
 20
533.5500000000003
 30
0.0
 40
1.8
  1
40
  7
PL_ARIAL
 11
1002.5450374744493
 21
533.5500000000003
 31
0.0
100
AcDbText
  0
TEXT
  5
30E
330
1B
100
AcDbEntity
 67
1
  8
R-OPISY
100
AcDbText
 10
1012.0450374744493
 20
533.5500000000003
 30
0.0
 40
1.8
  1
16
  7
PL_ARIAL
 11
1012.0450374744493
 21
533.5500000000003
 31
0.0
100
AcDbText
  0
TEXT
  5
30F
330
1B
100
AcDbEntity
 67
1
  8
R-OPISY
100
AcDbText
 10
1085.6351124233477
 20
533.5500000000003
 30
0.0
 40
1.8
  1
217
  7
PL_ARIAL
 11
1085.6351124233477
 21
533.5500000000003
 31
0.0
100
AcDbText
  0
TEXT
  5
310
330
1B
100
AcDbEntity
 67
1
  8
R-OPISY
100
AcDbText
 10
1099.0900749488985
 20
533.5500000000003
 30
0.0
 40
1.8
  1
69
  7
PL_ARIAL
 11
1099.0900749488985
 21
533.5500000000003
 31
0.0
100
AcDbText
  0
TEXT
  5
311
330
1B
100
AcDbEntity
 67
1
  8
R-OPISY
100
AcDbText
 10
1105.7368385191915
 20
533.5500000000003
 30
0.0
 40
1.8
  1
PL-2
  7
PL_ARIAL
 11
1105.7368385191915
 21
533.5500000000003
 31
0.0
100
AcDbText
  0
TEXT
  5
312
330
1B
100
AcDbEntity
 67
1
  8
R-OPISY
100
AcDbText
 10
1169.998319327731
 20
533.5500000000003
 30
0.0
 40
1.8
  1
149,73
  7
PL_ARIAL
 11
1169.998319327731
 21
533.5500000000003
 31
0.0
100
AcDbText
  0
TEXT
  5
313
330
1B
100
AcDbEntity
 67
1
  8
R-OPISY
100
AcDbText
 10
1002.5450374744493
 20
529.0500000000003
 30
0.0
 40
1.8
  1
41
  7
PL_ARIAL
 11
1002.5450374744493
 21
529.0500000000003
 31
0.0
100
AcDbText
  0
TEXT
  5
314
330
1B
100
AcDbEntity
 67
1
  8
R-OPISY
100
AcDbText
 10
1012.0450374744493
 20
529.0500000000003
 30
0.0
 40
1.8
  1
14
  7
PL_ARIAL
 11
1012.0450374744493
 21
529.0500000000003
 31
0.0
100
AcDbText
  0
TEXT
  5
315
330
1B
100
AcDbEntity
 67
1
  8
R-OPISY
100
AcDbText
 10
1087.0900749488985
 20
529.0500000000003
 30
0.0
 40
1.8
  1
71
  7
PL_ARIAL
 11
1087.0900749488985
 21
529.0500000000003
 31
0.0
100
AcDbText
  0
TEXT
  5
316
330
1B
100
AcDbEntity
 67
1
  8
R-OPISY
100
AcDbText
 10
1100.5450374744491
 20
529.0500000000003
 30
0.0
 40
1.8
  1
6
  7
PL_ARIAL
 11
1100.5450374744491
 21
529.0500000000003
 31
0.0
100
AcDbText
  0
TEXT
  5
317
330
1B
100
AcDbEntity
 67
1
  8
R-OPISY
100
AcDbText
 10
1106.1008857597094
 20
529.0500000000003
 30
0.0
 40
1.8
  1
ST2
  7
PL_ARIAL
 11
1106.1008857597094
 21
529.0500000000003
 31
0.0
100
AcDbText
  0
TEXT
  5
318
330
1B
100
AcDbEntity
 67
1
  8
R-OPISY
100
AcDbText
 10
1159.9082443788327
 20
529.0500000000003
 30
0.0
 40
1.8
  1
4,26
  7
PL_ARIAL
 11
1159.9082443788327
 21
529.0500000000003
 31
0.0
100
AcDbText
  0
TEXT
  5
319
330
1B
100
AcDbEntity
 67
1
  8
R-OPISY
100
AcDbText
 10
1002.5450374744493
 20
524.5500000000003
 30
0.0
 40
1.8
  1
42
  7
PL_ARIAL
 11
1002.5450374744493
 21
524.5500000000003
 31
0.0
100
AcDbText
  0
TEXT
  5
31A
330
1B
100
AcDbEntity
 67
1
  8
R-OPISY
100
AcDbText
 10
1012.0450374744493
 20
524.5500000000003
 30
0.0
 40
1.8
  1
14
  7
PL_ARIAL
 11
1012.0450374744493
 21
524.5500000000003
 31
0.0
100
AcDbText
  0
TEXT
  5
31B
330
1B
100
AcDbEntity
 67
1
  8
R-OPISY
100
AcDbText
 10
1087.0900749488985
 20
524.5500000000003
 30
0.0
 40
1.8
  1
61
  7
PL_ARIAL
 11
1087.0900749488985
 21
524.5500000000003
 31
0.0
100
AcDbText
  0
TEXT
  5
31C
330
1B
100
AcDbEntity
 67
1
  8
R-OPISY
100
AcDbText
 10
1099.0900749488985
 20
524.5500000000003
 30
0.0
 40
1.8
  1
12
  7
PL_ARIAL
 11
1099.0900749488985
 21
524.5500000000003
 31
0.0
100
AcDbText
  0
TEXT
  5
31D
330
1B
100
AcDbEntity
 67
1
  8
R-OPISY
100
AcDbText
 10
1106.1008857597094
 20
524.5500000000003
 30
0.0
 40
1.8
  1
ST2
  7
PL_ARIAL
 11
1106.1008857597094
 21
524.5500000000003
 31
0.0
100
AcDbText
  0
TEXT
  5
31E
330
1B
100
AcDbEntity
 67
1
  8
R-OPISY
100
AcDbText
 10
1159.9082443788327
 20
524.5500000000003
 30
0.0
 40
1.8
  1
7,32
  7
PL_ARIAL
 11
1159.9082443788327
 21
524.5500000000003
 31
0.0
100
AcDbText
  0
TEXT
  5
31F
330
1B
100
AcDbEntity
 67
1
  8
R-OPISY
100
AcDbText
 10
1002.5450374744493
 20
520.0500000000003
 30
0.0
 40
1.8
  1
43
  7
PL_ARIAL
 11
1002.5450374744493
 21
520.0500000000003
 31
0.0
100
AcDbText
  0
TEXT
  5
320
330
1B
100
AcDbEntity
 67
1
  8
R-OPISY
100
AcDbText
 10
1012.0450374744493
 20
520.0500000000003
 30
0.0
 40
1.8
  1
14
  7
PL_ARIAL
 11
1012.0450374744493
 21
520.0500000000003
 31
0.0
100
AcDbText
  0
TEXT
  5
321
330
1B
100
AcDbEntity
 67
1
  8
R-OPISY
100
AcDbText
 10
1087.0900749488985
 20
520.0500000000003
 30
0.0
 40
1.8
  1
70
  7
PL_ARIAL
 11
1087.0900749488985
 21
520.0500000000003
 31
0.0
100
AcDbText
  0
TEXT
  5
322
330
1B
100
AcDbEntity
 67
1
  8
R-OPISY
100
AcDbText
 10
1100.5450374744491
 20
520.0500000000003
 30
0.0
 40
1.8
  1
6
  7
PL_ARIAL
 11
1100.5450374744491
 21
520.0500000000003
 31
0.0
100
AcDbText
  0
TEXT
  5
323
330
1B
100
AcDbEntity
 67
1
  8
R-OPISY
100
AcDbText
 10
1106.1008857597094
 20
520.0500000000003
 30
0.0
 40
1.8
  1
ST2
  7
PL_ARIAL
 11
1106.1008857597094
 21
520.0500000000003
 31
0.0
100
AcDbText
  0
TEXT
  5
324
330
1B
100
AcDbEntity
 67
1
  8
R-OPISY
100
AcDbText
 10
1159.9082443788327
 20
520.0500000000003
 30
0.0
 40
1.8
  1
4,20
  7
PL_ARIAL
 11
1159.9082443788327
 21
520.0500000000003
 31
0.0
100
AcDbText
  0
TEXT
  5
325
330
1B
100
AcDbEntity
 67
1
  8
R-OPISY
100
AcDbText
 10
1002.5450374744493
 20
515.5500000000003
 30
0.0
 40
1.8
  1
44
  7
PL_ARIAL
 11
1002.5450374744493
 21
515.5500000000003
 31
0.0
100
AcDbText
  0
TEXT
  5
326
330
1B
100
AcDbEntity
 67
1
  8
R-OPISY
100
AcDbText
 10
1012.0450374744493
 20
515.5500000000003
 30
0.0
 40
1.8
  1
16
  7
PL_ARIAL
 11
1012.0450374744493
 21
515.5500000000003
 31
0.0
100
AcDbText
  0
TEXT
  5
327
330
1B
100
AcDbEntity
 67
1
  8
R-OPISY
100
AcDbText
 10
1087.0900749488985
 20
515.5500000000003
 30
0.0
 40
1.8
  1
85
  7
PL_ARIAL
 11
1087.0900749488985
 21
515.5500000000003
 31
0.0
100
AcDbText
  0
TEXT
  5
328
330
1B
100
AcDbEntity
 67
1
  8
R-OPISY
100
AcDbText
 10
1099.0900749488985
 20
515.5500000000003
 30
0.0
 40
1.8
  1
16
  7
PL_ARIAL
 11
1099.0900749488985
 21
515.5500000000003
 31
0.0
100
AcDbText
  0
TEXT
  5
329
330
1B
100
AcDbEntity
 67
1
  8
R-OPISY
100
AcDbText
 10
1106.1008857597094
 20
515.5500000000003
 30
0.0
 40
1.8
  1
ST2
  7
PL_ARIAL
 11
1106.1008857597094
 21
515.5500000000003
 31
0.0
100
AcDbText
  0
TEXT
  5
32A
330
1B
100
AcDbEntity
 67
1
  8
R-OPISY
100
AcDbText
 10
1171.4532818532819
 20
515.5500000000003
 30
0.0
 40
1.8
  1
13,60
  7
PL_ARIAL
 11
1171.4532818532819
 21
515.5500000000003
 31
0.0
100
AcDbText
  0
TEXT
  5
32B
330
1B
100
AcDbEntity
 67
1
  8
R-OPISY
100
AcDbText
 10
1002.5450374744493
 20
511.0500000000003
 30
0.0
 40
1.8
  1
45
  7
PL_ARIAL
 11
1002.5450374744493
 21
511.0500000000003
 31
0.0
100
AcDbText
  0
TEXT
  5
32C
330
1B
100
AcDbEntity
 67
1
  8
R-OPISY
100
AcDbText
 10
1012.0450374744493
 20
511.0500000000003
 30
0.0
 40
1.8
  1
16
  7
PL_ARIAL
 11
1012.0450374744493
 21
511.0500000000003
 31
0.0
100
AcDbText
  0
TEXT
  5
32D
330
1B
100
AcDbEntity
 67
1
  8
R-OPISY
100
AcDbText
 10
1087.0900749488985
 20
511.0500000000003
 30
0.0
 40
1.8
  1
75
  7
PL_ARIAL
 11
1087.0900749488985
 21
511.0500000000003
 31
0.0
100
AcDbText
  0
TEXT
  5
32E
330
1B
100
AcDbEntity
 67
1
  8
R-OPISY
100
AcDbText
 10
1099.0900749488985
 20
511.0500000000003
 30
0.0
 40
1.8
  1
16
  7
PL_ARIAL
 11
1099.0900749488985
 21
511.0500000000003
 31
0.0
100
AcDbText
  0
TEXT
  5
32F
330
1B
100
AcDbEntity
 67
1
  8
R-OPISY
100
AcDbText
 10
1106.1008857597094
 20
511.0500000000003
 30
0.0
 40
1.8
  1
ST2
  7
PL_ARIAL
 11
1106.1008857597094
 21
511.0500000000003
 31
0.0
100
AcDbText
  0
TEXT
  5
330
330
1B
100
AcDbEntity
 67
1
  8
R-OPISY
100
AcDbText
 10
1171.4532818532819
 20
511.0500000000003
 30
0.0
 40
1.8
  1
12,00
  7
PL_ARIAL
 11
1171.4532818532819
 21
511.0500000000003
 31
0.0
100
AcDbText
  0
TEXT
  5
331
330
1B
100
AcDbEntity
 67
1
  8
R-OPISY
100
AcDbText
 10
1002.5450374744493
 20
506.5500000000003
 30
0.0
 40
1.8
  1
46
  7
PL_ARIAL
 11
1002.5450374744493
 21
506.5500000000003
 31
0.0
100
AcDbText
  0
TEXT
  5
332
330
1B
100
AcDbEntity
 67
1
  8
R-OPISY
100
AcDbText
 10
1012.0450374744493
 20
506.5500000000003
 30
0.0
 40
1.8
  1
10
  7
PL_ARIAL
 11
1012.0450374744493
 21
506.5500000000003
 31
0.0
100
AcDbText
  0
TEXT
  5
333
330
1B
100
AcDbEntity
 67
1
  8
R-OPISY
100
AcDbText
 10
1087.0900749488985
 20
506.5500000000003
 30
0.0
 40
1.8
  1
55
  7
PL_ARIAL
 11
1087.0900749488985
 21
506.5500000000003
 31
0.0
100
AcDbText
  0
TEXT
  5
334
330
1B
100
AcDbEntity
 67
1
  8
R-OPISY
100
AcDbText
 10
1099.0900749488985
 20
506.5500000000003
 30
0.0
 40
1.8
  1
12
  7
PL_ARIAL
 11
1099.0900749488985
 21
506.5500000000003
 31
0.0
100
AcDbText
  0
TEXT
  5
335
330
1B
100
AcDbEntity
 67
1
  8
R-OPISY
100
AcDbText
 10
1106.8277538042244
 20
506.5500000000003
 30
0.0
 40
1.8
  1
D2
  7
PL_ARIAL
 11
1106.8277538042244
 21
506.5500000000003
 31
0.0
100
AcDbText
  0
TEXT
  5
336
330
1B
100
AcDbEntity
 67
1
  8
R-OPISY
100
AcDbText
 10
1133.9082443788327
 20
506.5500000000003
 30
0.0
 40
1.8
  1
6,60
  7
PL_ARIAL
 11
1133.9082443788327
 21
506.5500000000003
 31
0.0
100
AcDbText
  0
TEXT
  5
337
330
1B
100
AcDbEntity
 67
1
  8
R-OPISY
100
AcDbText
 10
1002.5450374744493
 20
502.0500000000003
 30
0.0
 40
1.8
  1
47
  7
PL_ARIAL
 11
1002.5450374744493
 21
502.0500000000003
 31
0.0
100
AcDbText
  0
TEXT
  5
338
330
1B
100
AcDbEntity
 67
1
  8
R-OPISY
100
AcDbText
 10
1012.0450374744493
 20
502.0500000000003
 30
0.0
 40
1.8
  1
10
  7
PL_ARIAL
 11
1012.0450374744493
 21
502.0500000000003
 31
0.0
100
AcDbText
  0
TEXT
  5
339
330
1B
100
AcDbEntity
 67
1
  8
R-OPISY
100
AcDbText
 10
1087.0900749488985
 20
502.0500000000003
 30
0.0
 40
1.8
  1
93
  7
PL_ARIAL
 11
1087.0900749488985
 21
502.0500000000003
 31
0.0
100
AcDbText
  0
TEXT
  5
33A
330
1B
100
AcDbEntity
 67
1
  8
R-OPISY
100
AcDbText
 10
1099.0900749488985
 20
502.0500000000003
 30
0.0
 40
1.8
  1
20
  7
PL_ARIAL
 11
1099.0900749488985
 21
502.0500000000003
 31
0.0
100
AcDbText
  0
TEXT
  5
33B
330
1B
100
AcDbEntity
 67
1
  8
R-OPISY
100
AcDbText
 10
1106.8277538042244
 20
502.0500000000003
 30
0.0
 40
1.8
  1
D2
  7
PL_ARIAL
 11
1106.8277538042244
 21
502.0500000000003
 31
0.0
100
AcDbText
  0
TEXT
  5
33C
330
1B
100
AcDbEntity
 67
1
  8
R-OPISY
100
AcDbText
 10
1132.4532818532819
 20
502.0500000000003
 30
0.0
 40
1.8
  1
18,60
  7
PL_ARIAL
 11
1132.4532818532819
 21
502.0500000000003
 31
0.0
100
AcDbText
  0
TEXT
  5
33D
330
1B
100
AcDbEntity
 67
1
  8
R-OPISY
100
AcDbText
 10
1002.5450374744493
 20
497.5500000000003
 30
0.0
 40
1.8
  1
48
  7
PL_ARIAL
 11
1002.5450374744493
 21
497.5500000000003
 31
0.0
100
AcDbText
  0
TEXT
  5
33E
330
1B
100
AcDbEntity
 67
1
  8
R-OPISY
100
AcDbText
 10
1012.0450374744493
 20
497.5500000000003
 30
0.0
 40
1.8
  1
10
  7
PL_ARIAL
 11
1012.0450374744493
 21
497.5500000000003
 31
0.0
100
AcDbText
  0
TEXT
  5
33F
330
1B
100
AcDbEntity
 67
1
  8
R-OPISY
100
AcDbText
 10
1087.0900749488985
 20
497.5500000000003
 30
0.0
 40
1.8
  1
95
  7
PL_ARIAL
 11
1087.0900749488985
 21
497.5500000000003
 31
0.0
100
AcDbText
  0
TEXT
  5
340
330
1B
100
AcDbEntity
 67
1
  8
R-OPISY
100
AcDbText
 10
1099.0900749488985
 20
497.5500000000003
 30
0.0
 40
1.8
  1
12
  7
PL_ARIAL
 11
1099.0900749488985
 21
497.5500000000003
 31
0.0
100
AcDbText
  0
TEXT
  5
341
330
1B
100
AcDbEntity
 67
1
  8
R-OPISY
100
AcDbText
 10
1106.8277538042244
 20
497.5500000000003
 30
0.0
 40
1.8
  1
D2
  7
PL_ARIAL
 11
1106.8277538042244
 21
497.5500000000003
 31
0.0
100
AcDbText
  0
TEXT
  5
342
330
1B
100
AcDbEntity
 67
1
  8
R-OPISY
100
AcDbText
 10
1132.647467635703
 20
497.5500000000003
 30
0.0
 40
1.8
  1
11,40
  7
PL_ARIAL
 11
1132.647467635703
 21
497.5500000000003
 31
0.0
100
AcDbText
  0
TEXT
  5
343
330
1B
100
AcDbEntity
 67
1
  8
R-OPISY
100
AcDbText
 10
1002.5450374744493
 20
493.0500000000003
 30
0.0
 40
1.8
  1
49
  7
PL_ARIAL
 11
1002.5450374744493
 21
493.0500000000003
 31
0.0
100
AcDbText
  0
TEXT
  5
344
330
1B
100
AcDbEntity
 67
1
  8
R-OPISY
100
AcDbText
 10
1012.7725187372246
 20
493.0500000000003
 30
0.0
 40
1.8
  1
8
  7
PL_ARIAL
 11
1012.7725187372246
 21
493.0500000000003
 31
0.0
100
AcDbText
  0
TEXT
  5
345
330
1B
100
AcDbEntity
 67
1
  8
R-OPISY
100
AcDbText
 10
1087.0900749488985
 20
493.0500000000003
 30
0.0
 40
1.8
  1
91
  7
PL_ARIAL
 11
1087.0900749488985
 21
493.0500000000003
 31
0.0
100
AcDbText
  0
TEXT
  5
346
330
1B
100
AcDbEntity
 67
1
  8
R-OPISY
100
AcDbText
 10
1099.0900749488985
 20
493.0500000000003
 30
0.0
 40
1.8
  1
24
  7
PL_ARIAL
 11
1099.0900749488985
 21
493.0500000000003
 31
0.0
100
AcDbText
  0
TEXT
  5
347
330
1B
100
AcDbEntity
 67
1
  8
R-OPISY
100
AcDbText
 10
1106.8277538042244
 20
493.0500000000003
 30
0.0
 40
1.8
  1
D3
  7
PL_ARIAL
 11
1106.8277538042244
 21
493.0500000000003
 31
0.0
100
AcDbText
  0
TEXT
  5
348
330
1B
100
AcDbEntity
 67
1
  8
R-OPISY
100
AcDbText
 10
1119.4532818532819
 20
493.0500000000003
 30
0.0
 40
1.8
  1
21,84
  7
PL_ARIAL
 11
1119.4532818532819
 21
493.0500000000003
 31
0.0
100
AcDbText
  0
TEXT
  5
349
330
1B
100
AcDbEntity
 67
1
  8
R-OPISY
100
AcDbText
 10
1002.5450374744493
 20
488.5500000000003
 30
0.0
 40
1.8
  1
50
  7
PL_ARIAL
 11
1002.5450374744493
 21
488.5500000000003
 31
0.0
100
AcDbText
  0
TEXT
  5
34A
330
1B
100
AcDbEntity
 67
1
  8
R-OPISY
100
AcDbText
 10
1012.7725187372246
 20
488.5500000000003
 30
0.0
 40
1.8
  1
8
  7
PL_ARIAL
 11
1012.7725187372246
 21
488.5500000000003
 31
0.0
100
AcDbText
  0
TEXT
  5
34B
330
1B
100
AcDbEntity
 67
1
  8
R-OPISY
100
AcDbText
 10
1087.0900749488985
 20
488.5500000000003
 30
0.0
 40
1.8
  1
53
  7
PL_ARIAL
 11
1087.0900749488985
 21
488.5500000000003
 31
0.0
100
AcDbText
  0
TEXT
  5
34C
330
1B
100
AcDbEntity
 67
1
  8
R-OPISY
100
AcDbText
 10
1100.5450374744491
 20
488.5500000000003
 30
0.0
 40
1.8
  1
8
  7
PL_ARIAL
 11
1100.5450374744491
 21
488.5500000000003
 31
0.0
100
AcDbText
  0
TEXT
  5
34D
330
1B
100
AcDbEntity
 67
1
  8
R-OPISY
100
AcDbText
 10
1106.8277538042244
 20
488.5500000000003
 30
0.0
 40
1.8
  1
D3
  7
PL_ARIAL
 11
1106.8277538042244
 21
488.5500000000003
 31
0.0
100
AcDbText
  0
TEXT
  5
34E
330
1B
100
AcDbEntity
 67
1
  8
R-OPISY
100
AcDbText
 10
1120.9082443788327
 20
488.5500000000003
 30
0.0
 40
1.8
  1
4,24
  7
PL_ARIAL
 11
1120.9082443788327
 21
488.5500000000003
 31
0.0
100
AcDbText
  0
TEXT
  5
34F
330
1B
100
AcDbEntity
 67
1
  8
R-OPISY
100
AcDbText
 10
1002.5450374744493
 20
484.0500000000003
 30
0.0
 40
1.8
  1
51
  7
PL_ARIAL
 11
1002.5450374744493
 21
484.0500000000003
 31
0.0
100
AcDbText
  0
TEXT
  5
350
330
1B
100
AcDbEntity
 67
1
  8
R-OPISY
100
AcDbText
 10
1012.7725187372246
 20
484.0500000000003
 30
0.0
 40
1.8
  1
8
  7
PL_ARIAL
 11
1012.7725187372246
 21
484.0500000000003
 31
0.0
100
AcDbText
  0
TEXT
  5
351
330
1B
100
AcDbEntity
 67
1
  8
R-OPISY
100
AcDbText
 10
1087.0900749488985
 20
484.0500000000003
 30
0.0
 40
1.8
  1
52
  7
PL_ARIAL
 11
1087.0900749488985
 21
484.0500000000003
 31
0.0
100
AcDbText
  0
TEXT
  5
352
330
1B
100
AcDbEntity
 67
1
  8
R-OPISY
100
AcDbText
 10
1100.5450374744491
 20
484.0500000000003
 30
0.0
 40
1.8
  1
8
  7
PL_ARIAL
 11
1100.5450374744491
 21
484.0500000000003
 31
0.0
100
AcDbText
  0
TEXT
  5
353
330
1B
100
AcDbEntity
 67
1
  8
R-OPISY
100
AcDbText
 10
1106.8277538042244
 20
484.0500000000003
 30
0.0
 40
1.8
  1
D3
  7
PL_ARIAL
 11
1106.8277538042244
 21
484.0500000000003
 31
0.0
100
AcDbText
  0
TEXT
  5
354
330
1B
100
AcDbEntity
 67
1
  8
R-OPISY
100
AcDbText
 10
1120.9082443788327
 20
484.0500000000003
 30
0.0
 40
1.8
  1
4,16
  7
PL_ARIAL
 11
1120.9082443788327
 21
484.0500000000003
 31
0.0
100
AcDbText
  0
TEXT
  5
355
330
1B
100
AcDbEntity
 67
1
  8
R-OPISY
100
AcDbText
 10
1019.0
 20
479.5500000000003
 30
0.0
 40
1.8
  1
Długość całkowita [m]
  7
PL_ARIAL
 11
1019.0
 21
479.5500000000003
 31
0.0
100
AcDbText
  0
TEXT
  5
356
330
1B
100
AcDbEntity
 67
1
  8
R-OPISY
100
AcDbText
 10
1117.998319327731
 20
479.5500000000003
 30
0.0
 40
1.8
  1
1507,2
  7
PL_ARIAL
 11
1117.998319327731
 21
479.5500000000003
 31
0.0
100
AcDbText
  0
TEXT
  5
357
330
1B
100
AcDbEntity
 67
1
  8
R-OPISY
100
AcDbText
 10
1132.4532818532819
 20
479.5500000000003
 30
0.0
 40
1.8
  1
404,8
  7
PL_ARIAL
 11
1132.4532818532819
 21
479.5500000000003
 31
0.0
100
AcDbText
  0
TEXT
  5
358
330
1B
100
AcDbEntity
 67
1
  8
R-OPISY
100
AcDbText
 10
1146.9082443788327
 20
479.5500000000003
 30
0.0
 40
1.8
  1
34,0
  7
PL_ARIAL
 11
1146.9082443788327
 21
479.5500000000003
 31
0.0
100
AcDbText
  0
TEXT
  5
359
330
1B
100
AcDbEntity
 67
1
  8
R-OPISY
100
AcDbText
 10
1158.4532818532819
 20
479.5500000000003
 30
0.0
 40
1.8
  1
438,7
  7
PL_ARIAL
 11
1158.4532818532819
 21
479.5500000000003
 31
0.0
100
AcDbText
  0
TEXT
  5
35A
330
1B
100
AcDbEntity
 67
1
  8
R-OPISY
100
AcDbText
 10
1171.4532818532819
 20
479.5500000000003
 30
0.0
 40
1.8
  1
922,5
  7
PL_ARIAL
 11
1171.4532818532819
 21
479.5500000000003
 31
0.0
100
AcDbText
  0
TEXT
  5
35B
330
1B
100
AcDbEntity
 67
1
  8
R-OPISY
100
AcDbText
 10
1019.0
 20
475.0500000000003
 30
0.0
 40
1.8
  1
Masa jednostkowa [kg/m]
  7
PL_ARIAL
 11
1019.0
 21
475.0500000000003
 31
0.0
100
AcDbText
  0
TEXT
  5
35C
330
1B
100
AcDbEntity
 67
1
  8
R-OPISY
100
AcDbText
 10
1119.4532818532819
 20
475.0500000000003
 30
0.0
 40
1.8
  1
0,395
  7
PL_ARIAL
 11
1119.4532818532819
 21
475.0500000000003
 31
0.0
100
AcDbText
  0
TEXT
  5
35D
330
1B
100
AcDbEntity
 67
1
  8
R-OPISY
100
AcDbText
 10
1132.4532818532819
 20
475.0500000000003
 30
0.0
 40
1.8
  1
0,617
  7
PL_ARIAL
 11
1132.4532818532819
 21
475.0500000000003
 31
0.0
100
AcDbText
  0
TEXT
  5
35E
330
1B
100
AcDbEntity
 67
1
  8
R-OPISY
100
AcDbText
 10
1145.4532818532819
 20
475.0500000000003
 30
0.0
 40
1.8
  1
0,888
  7
PL_ARIAL
 11
1145.4532818532819
 21
475.0500000000003
 31
0.0
100
AcDbText
  0
TEXT
  5
35F
330
1B
100
AcDbEntity
 67
1
  8
R-OPISY
100
AcDbText
 10
1158.4532818532819
 20
475.0500000000003
 30
0.0
 40
1.8
  1
1,208
  7
PL_ARIAL
 11
1158.4532818532819
 21
475.0500000000003
 31
0.0
100
AcDbText
  0
TEXT
  5
360
330
1B
100
AcDbEntity
 67
1
  8
R-OPISY
100
AcDbText
 10
1171.4532818532819
 20
475.0500000000003
 30
0.0
 40
1.8
  1
1,578
  7
PL_ARIAL
 11
1171.4532818532819
 21
475.0500000000003
 31
0.0
100
AcDbText
  0
TEXT
  5
361
330
1B
100
AcDbEntity
 67
1
  8
R-OPISY
100
AcDbText
 10
1019.0
 20
470.5500000000003
 30
0.0
 40
1.8
  1
Masa [kg]
  7
PL_ARIAL
 11
1019.0
 21
470.5500000000003
 31
0.0
100
AcDbText
  0
TEXT
  5
362
330
1B
100
AcDbEntity
 67
1
  8
R-OPISY
100
AcDbText
 10
1119.4532818532819
 20
470.5500000000003
 30
0.0
 40
1.8
  1
594,7
  7
PL_ARIAL
 11
1119.4532818532819
 21
470.5500000000003
 31
0.0
100
AcDbText
  0
TEXT
  5
363
330
1B
100
AcDbEntity
 67
1
  8
R-OPISY
100
AcDbText
 10
1132.4532818532819
 20
470.5500000000003
 30
0.0
 40
1.8
  1
249,6
  7
PL_ARIAL
 11
1132.4532818532819
 21
470.5500000000003
 31
0.0
100
AcDbText
  0
TEXT
  5
364
330
1B
100
AcDbEntity
 67
1
  8
R-OPISY
100
AcDbText
 10
1146.9082443788327
 20
470.5500000000003
 30
0.0
 40
1.8
  1
30,2
  7
PL_ARIAL
 11
1146.9082443788327
 21
470.5500000000003
 31
0.0
100
AcDbText
  0
TEXT
  5
365
330
1B
100
AcDbEntity
 67
1
  8
R-OPISY
100
AcDbText
 10
1158.4532818532819
 20
470.5500000000003
 30
0.0
 40
1.8
  1
530,1
  7
PL_ARIAL
 11
1158.4532818532819
 21
470.5500000000003
 31
0.0
100
AcDbText
  0
TEXT
  5
366
330
1B
100
AcDbEntity
 67
1
  8
R-OPISY
100
AcDbText
 10
1169.998319327731
 20
470.5500000000003
 30
0.0
 40
1.8
  1
1456,0
  7
PL_ARIAL
 11
1169.998319327731
 21
470.5500000000003
 31
0.0
100
AcDbText
  0
TEXT
  5
367
330
1B
100
AcDbEntity
 67
1
  8
R-OPISY
100
AcDbText
 10
1019.0
 20
466.0500000000003
 30
0.0
 40
1.8
  1
RAZEM stal B500SP [kg]
  7
PL_ARIAL
 11
1019.0
 21
466.0500000000003
 31
0.0
100
AcDbText
  0
TEXT
  5
368
330
1B
100
AcDbEntity
 67
1
  8
R-OPISY
100
AcDbText
 10
1169.998319327731
 20
466.0500000000003
 30
0.0
 40
1.8
  1
2860,6
  7
PL_ARIAL
 11
1169.998319327731
 21
466.0500000000003
 31
0.0
100
AcDbText
  0
TEXT
  5
369
330
1B
100
AcDbEntity
 67
1
  8
R-OPISY
100
AcDbText
 10
1028.0
 20
709.0500000000003
 30
0.0
 40
1.8
  1
00: a=629
  7
PL_ARIAL
 11
1028.0
 21
709.0500000000003
 31
0.0
100
AcDbText
  0
TEXT
  5
36A
330
1B
100
AcDbEntity
 67
1
  8
R-OPISY
100
AcDbText
 10
1028.0
 20
704.5500000000003
 30
0.0
 40
1.8
  1
00: a=547
  7
PL_ARIAL
 11
1028.0
 21
704.5500000000003
 31
0.0
100
AcDbText
  0
TEXT
  5
36B
330
1B
100
AcDbEntity
 67
1
  8
R-OPISY
100
AcDbText
 10
1028.0
 20
700.0500000000003
 30
0.0
 40
1.8
  1
00: a=579
  7
PL_ARIAL
 11
1028.0
 21
700.0500000000003
 31
0.0
100
AcDbText
  0
TEXT
  5
36C
330
1B
100
AcDbEntity
 67
1
  8
R-OPISY
100
AcDbText
 10
1028.0
 20
695.5500000000003
 30
0.0
 40
1.8
  1
00: a=529
  7
PL_ARIAL
 11
1028.0
 21
695.5500000000003
 31
0.0
100
AcDbText
  0
TEXT
  5
36D
330
1B
100
AcDbEntity
 67
1
  8
R-OPISY
100
AcDbText
 10
1028.0
 20
691.0500000000003
 30
0.0
 40
1.8
  1
00: a=270
  7
PL_ARIAL
 11
1028.0
 21
691.0500000000003
 31
0.0
100
AcDbText
  0
TEXT
  5
36E
330
1B
100
AcDbEntity
 67
1
  8
R-OPISY
100
AcDbText
 10
1028.0
 20
686.5500000000003
 30
0.0
 40
1.8
  1
00: a=237
  7
PL_ARIAL
 11
1028.0
 21
686.5500000000003
 31
0.0
100
AcDbText
  0
TEXT
  5
36F
330
1B
100
AcDbEntity
 67
1
  8
R-OPISY
100
AcDbText
 10
1028.0
 20
682.0500000000003
 30
0.0
 40
1.8
  1
00: a=378
  7
PL_ARIAL
 11
1028.0
 21
682.0500000000003
 31
0.0
100
AcDbText
  0
TEXT
  5
370
330
1B
100
AcDbEntity
 67
1
  8
R-OPISY
100
AcDbText
 10
1028.0
 20
677.5500000000003
 30
0.0
 40
1.8
  1
00: a=332
  7
PL_ARIAL
 11
1028.0
 21
677.5500000000003
 31
0.0
100
AcDbText
  0
TEXT
  5
371
330
1B
100
AcDbEntity
 67
1
  8
R-OPISY
100
AcDbText
 10
1028.0
 20
673.0500000000003
 30
0.0
 40
1.8
  1
00: a=300
  7
PL_ARIAL
 11
1028.0
 21
673.0500000000003
 31
0.0
100
AcDbText
  0
TEXT
  5
372
330
1B
100
AcDbEntity
 67
1
  8
R-OPISY
100
AcDbText
 10
1028.0
 20
668.5500000000003
 30
0.0
 40
1.8
  1
00: a=97
  7
PL_ARIAL
 11
1028.0
 21
668.5500000000003
 31
0.0
100
AcDbText
  0
TEXT
  5
373
330
1B
100
AcDbEntity
 67
1
  8
R-OPISY
100
AcDbText
 10
1028.0
 20
664.0500000000003
 30
0.0
 40
1.8
  1
00: a=567
  7
PL_ARIAL
 11
1028.0
 21
664.0500000000003
 31
0.0
100
AcDbText
  0
TEXT
  5
374
330
1B
100
AcDbEntity
 67
1
  8
R-OPISY
100
AcDbText
 10
1028.0
 20
659.5500000000003
 30
0.0
 40
1.8
  1
00: a=362
  7
PL_ARIAL
 11
1028.0
 21
659.5500000000003
 31
0.0
100
AcDbText
  0
TEXT
  5
375
330
1B
100
AcDbEntity
 67
1
  8
R-OPISY
100
AcDbText
 10
1028.0
 20
655.0500000000003
 30
0.0
 40
1.8
  1
00: a=336
  7
PL_ARIAL
 11
1028.0
 21
655.0500000000003
 31
0.0
100
AcDbText
  0
TEXT
  5
376
330
1B
100
AcDbEntity
 67
1
  8
R-OPISY
100
AcDbText
 10
1028.0
 20
650.5500000000003
 30
0.0
 40
1.8
  1
00: a=323
  7
PL_ARIAL
 11
1028.0
 21
650.5500000000003
 31
0.0
100
AcDbText
  0
TEXT
  5
377
330
1B
100
AcDbEntity
 67
1
  8
R-OPISY
100
AcDbText
 10
1028.0
 20
646.0500000000003
 30
0.0
 40
1.8
  1
00: a=771
  7
PL_ARIAL
 11
1028.0
 21
646.0500000000003
 31
0.0
100
AcDbText
  0
TEXT
  5
378
330
1B
100
AcDbEntity
 67
1
  8
R-OPISY
100
AcDbText
 10
1028.0
 20
641.5500000000003
 30
0.0
 40
1.8
  1
00: a=103
  7
PL_ARIAL
 11
1028.0
 21
641.5500000000003
 31
0.0
100
AcDbText
  0
TEXT
  5
379
330
1B
100
AcDbEntity
 67
1
  8
R-OPISY
100
AcDbText
 10
1028.0
 20
637.0500000000003
 30
0.0
 40
1.8
  1
00: a=666
  7
PL_ARIAL
 11
1028.0
 21
637.0500000000003
 31
0.0
100
AcDbText
  0
TEXT
  5
37A
330
1B
100
AcDbEntity
 67
1
  8
R-OPISY
100
AcDbText
 10
1028.0
 20
632.5500000000003
 30
0.0
 40
1.8
  1
00: a=94
  7
PL_ARIAL
 11
1028.0
 21
632.5500000000003
 31
0.0
100
AcDbText
  0
TEXT
  5
37B
330
1B
100
AcDbEntity
 67
1
  8
R-OPISY
100
AcDbText
 10
1028.0
 20
628.0500000000003
 30
0.0
 40
1.8
  1
11: a=310 b=23
  7
PL_ARIAL
 11
1028.0
 21
628.0500000000003
 31
0.0
100
AcDbText
  0
TEXT
  5
37C
330
1B
100
AcDbEntity
 67
1
  8
R-OPISY
100
AcDbText
 10
1028.0
 20
623.5500000000003
 30
0.0
 40
1.8
  1
11: a=115 b=23
  7
PL_ARIAL
 11
1028.0
 21
623.5500000000003
 31
0.0
100
AcDbText
  0
TEXT
  5
37D
330
1B
100
AcDbEntity
 67
1
  8
R-OPISY
100
AcDbText
 10
1028.0
 20
619.0500000000003
 30
0.0
 40
1.8
  1
11: a=115 b=23
  7
PL_ARIAL
 11
1028.0
 21
619.0500000000003
 31
0.0
100
AcDbText
  0
TEXT
  5
37E
330
1B
100
AcDbEntity
 67
1
  8
R-OPISY
100
AcDbText
 10
1028.0
 20
614.5500000000003
 30
0.0
 40
1.8
  1
00: a=460
  7
PL_ARIAL
 11
1028.0
 21
614.5500000000003
 31
0.0
100
AcDbText
  0
TEXT
  5
37F
330
1B
100
AcDbEntity
 67
1
  8
R-OPISY
100
AcDbText
 10
1028.0
 20
610.0500000000003
 30
0.0
 40
1.8
  1
00: a=220
  7
PL_ARIAL
 11
1028.0
 21
610.0500000000003
 31
0.0
100
AcDbText
  0
TEXT
  5
380
330
1B
100
AcDbEntity
 67
1
  8
R-OPISY
100
AcDbText
 10
1028.0
 20
605.5500000000003
 30
0.0
 40
1.8
  1
11: a=125 b=23
  7
PL_ARIAL
 11
1028.0
 21
605.5500000000003
 31
0.0
100
AcDbText
  0
TEXT
  5
381
330
1B
100
AcDbEntity
 67
1
  8
R-OPISY
100
AcDbText
 10
1028.0
 20
601.0500000000003
 30
0.0
 40
1.8
  1
00: a=264
  7
PL_ARIAL
 11
1028.0
 21
601.0500000000003
 31
0.0
100
AcDbText
  0
TEXT
  5
382
330
1B
100
AcDbEntity
 67
1
  8
R-OPISY
100
AcDbText
 10
1028.0
 20
596.5500000000003
 30
0.0
 40
1.8
  1
00: a=180
  7
PL_ARIAL
 11
1028.0
 21
596.5500000000003
 31
0.0
100
AcDbText
  0
TEXT
  5
383
330
1B
100
AcDbEntity
 67
1
  8
R-OPISY
100
AcDbText
 10
1028.0
 20
592.0500000000003
 30
0.0
 40
1.8
  1
00: a=139
  7
PL_ARIAL
 11
1028.0
 21
592.0500000000003
 31
0.0
100
AcDbText
  0
TEXT
  5
384
330
1B
100
AcDbEntity
 67
1
  8
R-OPISY
100
AcDbText
 10
1028.0
 20
587.5500000000003
 30
0.0
 40
1.8
  1
00: a=185
  7
PL_ARIAL
 11
1028.0
 21
587.5500000000003
 31
0.0
100
AcDbText
  0
TEXT
  5
385
330
1B
100
AcDbEntity
 67
1
  8
R-OPISY
100
AcDbText
 10
1028.0
 20
583.0500000000003
 30
0.0
 40
1.8
  1
00: a=111
  7
PL_ARIAL
 11
1028.0
 21
583.0500000000003
 31
0.0
100
AcDbText
  0
TEXT
  5
386
330
1B
100
AcDbEntity
 67
1
  8
R-OPISY
100
AcDbText
 10
1028.0
 20
578.5500000000003
 30
0.0
 40
1.8
  1
00: a=22
  7
PL_ARIAL
 11
1028.0
 21
578.5500000000003
 31
0.0
100
AcDbText
  0
TEXT
  5
387
330
1B
100
AcDbEntity
 67
1
  8
R-OPISY
100
AcDbText
 10
1028.0
 20
574.0500000000003
 30
0.0
 40
1.8
  1
00: a=60
  7
PL_ARIAL
 11
1028.0
 21
574.0500000000003
 31
0.0
100
AcDbText
  0
TEXT
  5
388
330
1B
100
AcDbEntity
 67
1
  8
R-OPISY
100
AcDbText
 10
1028.0
 20
569.5500000000003
 30
0.0
 40
1.8
  1
11: a=227 b=23
  7
PL_ARIAL
 11
1028.0
 21
569.5500000000003
 31
0.0
100
AcDbText
  0
TEXT
  5
389
330
1B
100
AcDbEntity
 67
1
  8
R-OPISY
100
AcDbText
 10
1028.0
 20
565.0500000000003
 30
0.0
 40
1.8
  1
11: a=94 b=23
  7
PL_ARIAL
 11
1028.0
 21
565.0500000000003
 31
0.0
100
AcDbText
  0
TEXT
  5
38A
330
1B
100
AcDbEntity
 67
1
  8
R-OPISY
100
AcDbText
 10
1028.0
 20
560.5500000000003
 30
0.0
 40
1.8
  1
00: a=105
  7
PL_ARIAL
 11
1028.0
 21
560.5500000000003
 31
0.0
100
AcDbText
  0
TEXT
  5
38B
330
1B
100
AcDbEntity
 67
1
  8
R-OPISY
100
AcDbText
 10
1028.0
 20
556.0500000000003
 30
0.0
 40
1.8
  1
11: a=97 b=23
  7
PL_ARIAL
 11
1028.0
 21
556.0500000000003
 31
0.0
100
AcDbText
  0
TEXT
  5
38C
330
1B
100
AcDbEntity
 67
1
  8
R-OPISY
100
AcDbText
 10
1028.0
 20
551.5500000000003
 30
0.0
 40
1.8
  1
00: a=120
  7
PL_ARIAL
 11
1028.0
 21
551.5500000000003
 31
0.0
100
AcDbText
  0
TEXT
  5
38D
330
1B
100
AcDbEntity
 67
1
  8
R-OPISY
100
AcDbText
 10
1028.0
 20
547.0500000000003
 30
0.0
 40
1.8
  1
11: a=346 b=23
  7
PL_ARIAL
 11
1028.0
 21
547.0500000000003
 31
0.0
100
AcDbText
  0
TEXT
  5
38E
330
1B
100
AcDbEntity
 67
1
  8
R-OPISY
100
AcDbText
 10
1028.0
 20
542.5500000000003
 30
0.0
 40
1.8
  1
11: a=103 b=23
  7
PL_ARIAL
 11
1028.0
 21
542.5500000000003
 31
0.0
100
AcDbText
  0
TEXT
  5
38F
330
1B
100
AcDbEntity
 67
1
  8
R-OPISY
100
AcDbText
 10
1028.0
 20
538.0500000000003
 30
0.0
 40
1.8
  1
00: a=95
  7
PL_ARIAL
 11
1028.0
 21
538.0500000000003
 31
0.0
100
AcDbText
  0
TEXT
  5
390
330
1B
100
AcDbEntity
 67
1
  8
R-OPISY
100
AcDbText
 10
1028.0
 20
533.5500000000003
 30
0.0
 40
1.8
  1
00: a=217
  7
PL_ARIAL
 11
1028.0
 21
533.5500000000003
 31
0.0
100
AcDbText
  0
TEXT
  5
391
330
1B
100
AcDbEntity
 67
1
  8
R-OPISY
100
AcDbText
 10
1028.0
 20
529.0500000000003
 30
0.0
 40
1.8
  1
00: a=71
  7
PL_ARIAL
 11
1028.0
 21
529.0500000000003
 31
0.0
100
AcDbText
  0
TEXT
  5
392
330
1B
100
AcDbEntity
 67
1
  8
R-OPISY
100
AcDbText
 10
1028.0
 20
524.5500000000003
 30
0.0
 40
1.8
  1
00: a=61
  7
PL_ARIAL
 11
1028.0
 21
524.5500000000003
 31
0.0
100
AcDbText
  0
TEXT
  5
393
330
1B
100
AcDbEntity
 67
1
  8
R-OPISY
100
AcDbText
 10
1028.0
 20
520.0500000000003
 30
0.0
 40
1.8
  1
00: a=70
  7
PL_ARIAL
 11
1028.0
 21
520.0500000000003
 31
0.0
100
AcDbText
  0
TEXT
  5
394
330
1B
100
AcDbEntity
 67
1
  8
R-OPISY
100
AcDbText
 10
1028.0
 20
515.5500000000003
 30
0.0
 40
1.8
  1
00: a=85
  7
PL_ARIAL
 11
1028.0
 21
515.5500000000003
 31
0.0
100
AcDbText
  0
TEXT
  5
395
330
1B
100
AcDbEntity
 67
1
  8
R-OPISY
100
AcDbText
 10
1028.0
 20
511.0500000000003
 30
0.0
 40
1.8
  1
00: a=75
  7
PL_ARIAL
 11
1028.0
 21
511.0500000000003
 31
0.0
100
AcDbText
  0
TEXT
  5
396
330
1B
100
AcDbEntity
 67
1
  8
R-OPISY
100
AcDbText
 10
1028.0
 20
506.5500000000003
 30
0.0
 40
1.8
  1
00: a=55
  7
PL_ARIAL
 11
1028.0
 21
506.5500000000003
 31
0.0
100
AcDbText
  0
TEXT
  5
397
330
1B
100
AcDbEntity
 67
1
  8
R-OPISY
100
AcDbText
 10
1028.0
 20
502.0500000000003
 30
0.0
 40
1.8
  1
00: a=93
  7
PL_ARIAL
 11
1028.0
 21
502.0500000000003
 31
0.0
100
AcDbText
  0
TEXT
  5
398
330
1B
100
AcDbEntity
 67
1
  8
R-OPISY
100
AcDbText
 10
1028.0
 20
497.5500000000003
 30
0.0
 40
1.8
  1
00: a=95
  7
PL_ARIAL
 11
1028.0
 21
497.5500000000003
 31
0.0
100
AcDbText
  0
TEXT
  5
399
330
1B
100
AcDbEntity
 67
1
  8
R-OPISY
100
AcDbText
 10
1028.0
 20
493.0500000000003
 30
0.0
 40
1.8
  1
00: a=91
  7
PL_ARIAL
 11
1028.0
 21
493.0500000000003
 31
0.0
100
AcDbText
  0
TEXT
  5
39A
330
1B
100
AcDbEntity
 67
1
  8
R-OPISY
100
AcDbText
 10
1028.0
 20
488.5500000000003
 30
0.0
 40
1.8
  1
00: a=53
  7
PL_ARIAL
 11
1028.0
 21
488.5500000000003
 31
0.0
100
AcDbText
  0
TEXT
  5
39B
330
1B
100
AcDbEntity
 67
1
  8
R-OPISY
100
AcDbText
 10
1028.0
 20
484.0500000000003
 30
0.0
 40
1.8
  1
00: a=52
  7
PL_ARIAL
 11
1028.0
 21
484.0500000000003
 31
0.0
100
AcDbText
  0
TEXT
  5
39C
330
1B
100
AcDbEntity
 67
1
  8
R-OPISY
100
AcDbText
 10
999.0
 20
461.90000000000026
 30
0.0
 40
1.8
  1
ST2, ST2Z, D2, D3: beton C25/30, klasa ekspozycji XC1, otulina nominalna c_nom = 25 mm (c_min,dur wg PN-EN 1992-1-1 tabl. 4.4N, klasa konstrukcji
  7
PL_ARIAL
 11
999.0
 21
461.90000000000026
 31
0.0
100
AcDbText
  0
TEXT
  5
39D
330
1B
100
AcDbEntity
 67
1
  8
R-OPISY
100
AcDbText
 10
999.0
 20
459.10000000000025
 30
0.0
 40
1.8
  1
S4, Δc_dev = 10 mm — 4.4.1.3 + NA).
  7
PL_ARIAL
 11
999.0
 21
459.10000000000025
 31
0.0
100
AcDbText
  0
TEXT
  5
39E
330
1B
100
AcDbEntity
 67
1
  8
R-OPISY
100
AcDbText
 10
999.0
 20
456.30000000000024
 30
0.0
 40
1.8
  1
PL-2: beton C30/37, klasa ekspozycji XC3, otulina nominalna c_nom = 35 mm (c_min,dur wg PN-EN 1992-1-1 tabl. 4.4N, klasa konstrukcji S4, Δc_dev =
  7
PL_ARIAL
 11
999.0
 21
456.30000000000024
 31
0.0
100
AcDbText
  0
TEXT
  5
39F
330
1B
100
AcDbEntity
 67
1
  8
R-OPISY
100
AcDbText
 10
999.0
 20
453.5000000000002
 30
0.0
 40
1.8
  1
10 mm — 4.4.1.3 + NA).
  7
PL_ARIAL
 11
999.0
 21
453.5000000000002
 31
0.0
100
AcDbText
  0
TEXT
  5
3A0
330
1B
100
AcDbEntity
 67
1
  8
R-OPISY
100
AcDbText
 10
999.0
 20
450.7000000000002
 30
0.0
 40
1.8
  1
Zakotwienia i zakłady prętów prostych (C25/30, dobre warunki przyczepności, 50 % prętów łączonych w przekroju; PN-EN 1992-1-1 8.4, 8.7, (8.3), (8.10)):
  7
PL_ARIAL
 11
999.0
 21
450.7000000000002
 31
0.0
100
AcDbText
  0
TEXT
  5
3A1
330
1B
100
AcDbEntity
 67
1
  8
R-OPISY
100
AcDbText
 10
999.0
 20
447.9000000000002
 30
0.0
 40
1.8
  1
Ø8: l_bd = 30 cm, l₀ = 43 cm; Ø10: l_bd = 38 cm, l₀ = 53 cm; Ø12: l_bd = 45 cm, l₀ = 64 cm; Ø14: l_bd = 53 cm, l₀ = 74 cm; Ø16: l_bd = 60 cm, l₀ = 85 cm.
  7
PL_ARIAL
 11
999.0
 21
447.9000000000002
 31
0.0
100
AcDbText
  0
TEXT
  5
3A2
330
1B
100
AcDbEntity
 67
1
  8
R-OPISY
100
AcDbText
 10
999.0
 20
445.1000000000002
 30
0.0
 40
1.8
  1
W warunkach „innych” (górne pręty płyt gr. > 25 cm) długości ×1/0,7.
  7
PL_ARIAL
 11
999.0
 21
445.1000000000002
 31
0.0
100
AcDbText
  0
TEXT
  5
3A3
330
1B
100
AcDbEntity
 67
1
  8
R-OPISY
100
AcDbText
 10
999.0
 20
442.3000000000002
 30
0.0
 40
1.8
  1
Masa stali całego elementu (warstwy dolna + górna): 2860,6 kg.
  7
PL_ARIAL
 11
999.0
 21
442.3000000000002
 31
0.0
100
AcDbText
  0
TEXT
  5
3A4
330
1B
100
AcDbEntity
 67
1
  8
R-OPISY
100
AcDbText
 10
1001.0
 20
430.8000000000002
 30
0.0
 40
3.5
  1
OBJAŚNIENIA I UWAGI
  7
PL_ARIAL_B
 11
1001.0
 21
430.8000000000002
 31
0.0
100
AcDbText
  0
TEXT
  5
3A5
330
1B
100
AcDbEntity
 67
1
  8
R-OPISY
100
AcDbText
 10
1001.0
 20
424.50000000000017
 30
0.0
 40
1.8
  1
1. 
  7
PL_ARIAL
 11
1001.0
 21
424.50000000000017
 31
0.0
100
AcDbText
  0
TEXT
  5
3A6
330
1B
100
AcDbEntity
 67
1
  8
R-OPISY
100
AcDbText
 10
1003.908698614581
 20
424.50000000000017
 30
0.0
 40
1.8
  1
Wymiary w cm (mm w indeksie górnym, np. 24⁵ = 24,5 cm), rzędne w m względem ±0,000 = 101,650 m n.p.m. (PL-EVRF2007-NH).
  7
PL_ARIAL
 11
1003.908698614581
 21
424.50000000000017
 31
0.0
100
AcDbText
  0
TEXT
  5
3A7
330
1B
100
AcDbEntity
 67
1
  8
R-OPISY
100
AcDbText
 10
1001.0
 20
421.08000000000015
 30
0.0
 40
1.8
  1
2. 
  7
PL_ARIAL
 11
1001.0
 21
421.08000000000015
 31
0.0
100
AcDbText
  0
TEXT
  5
3A8
330
1B
100
AcDbEntity
 67
1
  8
R-OPISY
100
AcDbText
 10
1003.908698614581
 20
421.08000000000015
 30
0.0
 40
1.8
  1
Stal zbrojeniowa B500SP (klasa ciągliwości C, f_yk = 500 MPa) wg PN-H-93220:2018-02 / PN-EN 10080; pręty gięte na zimno na trzpieniach φ_m ≥
  7
PL_ARIAL
 11
1003.908698614581
 21
421.08000000000015
 31
0.0
100
AcDbText
  0
TEXT
  5
3A9
330
1B
100
AcDbEntity
 67
1
  8
R-OPISY
100
AcDbText
 10
1003.908698614581
 20
418.20000000000016
 30
0.0
 40
1.8
  1
4φ (φ ≤ 16 mm) i ≥ 7φ (φ > 16 mm) — PN-EN 1992-1-1 tabl. 8.1N; oznaczenia prętów i kształtów wg PN-EN ISO 3766 (liczba, nr pozycji, Ø, rozstaw
  7
PL_ARIAL
 11
1003.908698614581
 21
418.20000000000016
 31
0.0
100
AcDbText
  0
TEXT
  5
3AA
330
1B
100
AcDbEntity
 67
1
  8
R-OPISY
100
AcDbText
 10
1003.908698614581
 20
415.32000000000016
 30
0.0
 40
1.8
  1
[cm], długość rozwinięcia l [cm]).
  7
PL_ARIAL
 11
1003.908698614581
 21
415.32000000000016
 31
0.0
100
AcDbText
  0
TEXT
  5
3AB
330
1B
100
AcDbEntity
 67
1
  8
R-OPISY
100
AcDbText
 10
1001.0
 20
411.90000000000015
 30
0.0
 40
1.8
  1
3. 
  7
PL_ARIAL
 11
1001.0
 21
411.90000000000015
 31
0.0
100
AcDbText
  0
TEXT
  5
3AC
330
1B
100
AcDbEntity
 67
1
  8
R-OPISY
100
AcDbText
 10
1003.908698614581
 20
411.90000000000015
 30
0.0
 40
1.8
  1
Otuliny zapewnić podkładkami dystansowymi (rozstaw ≤ 1,0 m, dla siatek górnych — podpórki „kobyłki” ≤ 1,0 m) — PN-EN 13670 p. 6.5; odchyłka
  7
PL_ARIAL
 11
1003.908698614581
 21
411.90000000000015
 31
0.0
100
AcDbText
  0
TEXT
  5
3AD
330
1B
100
AcDbEntity
 67
1
  8
R-OPISY
100
AcDbText
 10
1003.908698614581
 20
409.02000000000015
 30
0.0
 40
1.8
  1
wykonawcza Δc_dev = 10 mm uwzględniona w c_nom (PN-EN 1992-1-1 4.4.1.3 + NA).
  7
PL_ARIAL
 11
1003.908698614581
 21
409.02000000000015
 31
0.0
100
AcDbText
  0
TEXT
  5
3AE
330
1B
100
AcDbEntity
 67
1
  8
R-OPISY
100
AcDbText
 10
1001.0
 20
405.60000000000014
 30
0.0
 40
1.8
  1
4. 
  7
PL_ARIAL
 11
1001.0
 21
405.60000000000014
 31
0.0
100
AcDbText
  0
TEXT
  5
3AF
330
1B
100
AcDbEntity
 67
1
  8
R-OPISY
100
AcDbText
 10
1003.908698614581
 20
405.60000000000014
 30
0.0
 40
1.8
  1
Pręty łączyć na zakład l₀ (tabela w stopce zestawienia), styki mijankowo — w jednym przekroju ≤ 50 % prętów; odstęp w świetle prętów ≥ max(φ; d_g
  7
PL_ARIAL
 11
1003.908698614581
 21
405.60000000000014
 31
0.0
100
AcDbText
  0
TEXT
  5
3B0
330
1B
100
AcDbEntity
 67
1
  8
R-OPISY
100
AcDbText
 10
1003.908698614581
 20
402.72000000000014
 30
0.0
 40
1.8
  1
+ 5 mm; 20 mm) — PN-EN 1992-1-1 8.2(2), 8.7.2; pręty dolne w strefie podpory zakotwić ≥ 10φ za licem (9.3.1.2(1) → 9.2.1.5).
  7
PL_ARIAL
 11
1003.908698614581
 21
402.72000000000014
 31
0.0
100
AcDbText
  0
TEXT
  5
3B1
330
1B
100
AcDbEntity
 67
1
  8
R-OPISY
100
AcDbText
 10
1001.0
 20
399.3000000000001
 30
0.0
 40
1.8
  1
5. 
  7
PL_ARIAL
 11
1001.0
 21
399.3000000000001
 31
0.0
100
AcDbText
  0
TEXT
  5
3B2
330
1B
100
AcDbEntity
 67
1
  8
R-OPISY
100
AcDbText
 10
1003.908698614581
 20
399.3000000000001
 30
0.0
 40
1.8
  1
Betonowanie: beton wg PN-EN 206+A2 i PN-B-06265 (klasa, ekspozycja, D_max 16 mm, konsystencja S3); pielęgnacja ≥ 7 dni (klasa pielęgnacji 2
  7
PL_ARIAL
 11
1003.908698614581
 21
399.3000000000001
 31
0.0
100
AcDbText
  0
TEXT
  5
3B3
330
1B
100
AcDbEntity
 67
1
  8
R-OPISY
100
AcDbText
 10
1003.908698614581
 20
396.42000000000013
 30
0.0
 40
1.8
  1
— PN-EN 13670 p. 8.5); przerwy robocze wyłącznie w miejscach uzgodnionych z projektantem.
  7
PL_ARIAL
 11
1003.908698614581
 21
396.42000000000013
 31
0.0
100
AcDbText
  0
TEXT
  5
3B4
330
1B
100
AcDbEntity
 67
1
  8
R-OPISY
100
AcDbText
 10
1001.0
 20
393.0000000000001
 30
0.0
 40
1.8
  1
6. 
  7
PL_ARIAL
 11
1001.0
 21
393.0000000000001
 31
0.0
100
AcDbText
  0
TEXT
  5
3B5
330
1B
100
AcDbEntity
 67
1
  8
R-OPISY
100
AcDbText
 10
1003.908698614581
 20
393.0000000000001
 30
0.0
 40
1.8
  1
Rozszalowanie i usunięcie podpór: płyty i belki po uzyskaniu ≥ 70 % f_ck (PN-EN 13670 p. 5.6 i 8.5), wsporniki — nie wcześniej niż po 28 dniach i po
  7
PL_ARIAL
 11
1003.908698614581
 21
393.0000000000001
 31
0.0
100
AcDbText
  0
TEXT
  5
3B6
330
1B
100
AcDbEntity
 67
1
  8
R-OPISY
100
AcDbText
 10
1003.908698614581
 20
390.1200000000001
 30
0.0
 40
1.8
  1
wykonaniu elementów dociążających zaplecze; podpory wtórne do 28 dni.
  7
PL_ARIAL
 11
1003.908698614581
 21
390.1200000000001
 31
0.0
100
AcDbText
  0
TEXT
  5
3B7
330
1B
100
AcDbEntity
 67
1
  8
R-OPISY
100
AcDbText
 10
1001.0
 20
386.7000000000001
 30
0.0
 40
1.8
  1
7. 
  7
PL_ARIAL
 11
1001.0
 21
386.7000000000001
 31
0.0
100
AcDbText
  0
TEXT
  5
3B8
330
1B
100
AcDbEntity
 67
1
  8
R-OPISY
100
AcDbText
 10
1003.908698614581
 20
386.7000000000001
 30
0.0
 40
1.8
  1
Zbrojenie wynika z obliczeń statycznych (projekt/04_PT_konstrukcja/obliczenia, numeracja pozycji jak na rysunku); kontrola A_s,prov ≥ A_s,req —
  7
PL_ARIAL
 11
1003.908698614581
 21
386.7000000000001
 31
0.0
100
AcDbText
  0
TEXT
  5
3B9
330
1B
100
AcDbEntity
 67
1
  8
R-OPISY
100
AcDbText
 10
1003.908698614581
 20
383.8200000000001
 30
0.0
 40
1.8
  1
raport kontrola_zbrojenia.md. Pozycje z niespełnionymi warunkami nośności (wynik „NIE” w raporcie) wymagają zmian przed wydaniem do realizacji.
  7
PL_ARIAL
 11
1003.908698614581
 21
383.8200000000001
 31
0.0
100
AcDbText
  0
TEXT
  5
3BA
330
1B
100
AcDbEntity
 67
1
  8
R-OPISY
100
AcDbText
 10
1001.0
 20
380.4000000000001
 30
0.0
 40
1.8
  1
8. 
  7
PL_ARIAL
 11
1001.0
 21
380.4000000000001
 31
0.0
100
AcDbText
  0
TEXT
  5
3BB
330
1B
100
AcDbEntity
 67
1
  8
R-OPISY
100
AcDbText
 10
1003.908698614581
 20
380.4000000000001
 30
0.0
 40
1.8
  1
Warstwa dolna: siatka pól wg obliczeń MES (Wood–Armer, obwiednia ULS); pręty kierunku x (równoległe do osi x) — warstwa zewnętrzna, kierunek
  7
PL_ARIAL
 11
1003.908698614581
 21
380.4000000000001
 31
0.0
100
AcDbText
  0
TEXT
  5
3BC
330
1B
100
AcDbEntity
 67
1
  8
R-OPISY
100
AcDbText
 10
1003.908698614581
 20
377.5200000000001
 30
0.0
 40
1.8
  1
y — wewnętrzna; na podporach pośrednich przedłużenie ≥ 10φ za oś podpory, na skrajnych — do krawędzi płyty.
  7
PL_ARIAL
 11
1003.908698614581
 21
377.5200000000001
 31
0.0
100
AcDbText
  0
TEXT
  5
3BD
330
1B
100
AcDbEntity
 67
1
  8
R-OPISY
100
AcDbText
 10
1001.0
 20
374.1000000000001
 30
0.0
 40
1.8
  1
9. 
  7
PL_ARIAL
 11
1001.0
 21
374.1000000000001
 31
0.0
100
AcDbText
  0
TEXT
  5
3BE
330
1B
100
AcDbEntity
 67
1
  8
R-OPISY
100
AcDbText
 10
1003.908698614581
 20
374.1000000000001
 30
0.0
 40
1.8
  1
UWAGA — obliczenia (biblioteka) wykazują niespełnione warunki: ST2 (poz. 2.1): Ścinanie bez zbrojenia poprzecznego (6.2.2) (η = 687%); ST2Z
  7
PL_ARIAL
 11
1003.908698614581
 21
374.1000000000001
 31
0.0
100
AcDbText
  0
TEXT
  5
3BF
330
1B
100
AcDbEntity
 67
1
  8
R-OPISY
100
AcDbText
 10
1003.908698614581
 20
371.2200000000001
 30
0.0
 40
1.8
  1
(poz. 2.2): Zbrojenie na zginanie (η = 367%); D2 (poz. 1.2): Ścinanie bez zbrojenia poprzecznego (6.2.2) (η = 648%); D3 (poz. 1.3): Ścinanie bez
  7
PL_ARIAL
 11
1003.908698614581
 21
371.2200000000001
 31
0.0
100
AcDbText
  0
TEXT
  5
3C0
330
1B
100
AcDbEntity
 67
1
  8
R-OPISY
100
AcDbText
 10
1003.908698614581
 20
368.3400000000001
 30
0.0
 40
1.8
  1
zbrojenia poprzecznego (6.2.2) (η = 587%) — wymagana zmiana przekroju/zbrojenie na ścinanie przed wydaniem do realizacji [WYMAGA ANALIZY].
  7
PL_ARIAL
 11
1003.908698614581
 21
368.3400000000001
 31
0.0
100
AcDbText
  0
TEXT
  5
3C1
330
1B
100
AcDbEntity
 67
1
  8
R-OPISY
100
AcDbText
 10
1001.0
 20
364.9200000000001
 30
0.0
 40
1.8
  1
10. 
  7
PL_ARIAL
 11
1001.0
 21
364.9200000000001
 31
0.0
100
AcDbText
  0
TEXT
  5
3C2
330
1B
100
AcDbEntity
 67
1
  8
R-OPISY
100
AcDbText
 10
1005.3636611401317
 20
364.9200000000001
 30
0.0
 40
1.8
  1
Rysunek wygenerowany automatycznie z modelu /home/user/aihouse/model/budynek.yaml (wersja 1.0, 2026-09-25) — generatory lamela.views.
  7
PL_ARIAL
 11
1005.3636611401317
 21
364.9200000000001
 31
0.0
100
AcDbText
  0
TEXT
  5
3C3
330
1B
100
AcDbEntity
 67
1
  8
R-OPISY
100
AcDbText
 10
1002.2725187372246
 20
351.7200000000001
 30
0.0
 40
1.8
  1
1
  7
PL_ARIAL
 11
1002.2725187372246
 21
351.7200000000001
 31
0.0
100
AcDbText
  0
TEXT
  5
3C4
330
1B
100
AcDbEntity
 67
1
  8
R-OPISY
100
AcDbText
 10
1022.2725187372246
 20
351.7200000000001
 30
0.0
 40
1.8
  1
0
  7
PL_ARIAL
 11
1022.2725187372246
 21
351.7200000000001
 31
0.0
100
AcDbText
  0
TEXT
  5
3C5
330
1B
100
AcDbEntity
 67
1
  8
R-OPISY
100
AcDbText
 10
1042.2725187372246
 20
351.7200000000001
 30
0.0
 40
1.8
  1
1
  7
PL_ARIAL
 11
1042.2725187372246
 21
351.7200000000001
 31
0.0
100
AcDbText
  0
TEXT
  5
3C6
330
1B
100
AcDbEntity
 67
1
  8
R-OPISY
100
AcDbText
 10
1062.2725187372246
 20
351.7200000000001
 30
0.0
 40
1.8
  1
2
  7
PL_ARIAL
 11
1062.2725187372246
 21
351.7200000000001
 31
0.0
100
AcDbText
  0
TEXT
  5
3C7
330
1B
100
AcDbEntity
 67
1
  8
R-OPISY
100
AcDbText
 10
1082.2725187372246
 20
351.7200000000001
 30
0.0
 40
1.8
  1
3
  7
PL_ARIAL
 11
1082.2725187372246
 21
351.7200000000001
 31
0.0
100
AcDbText
  0
TEXT
  5
3C8
330
1B
100
AcDbEntity
 67
1
  8
R-OPISY
100
AcDbText
 10
1102.2725187372246
 20
351.7200000000001
 30
0.0
 40
1.8
  1
4
  7
PL_ARIAL
 11
1102.2725187372246
 21
351.7200000000001
 31
0.0
100
AcDbText
  0
TEXT
  5
3C9
330
1B
100
AcDbEntity
 67
1
  8
R-OPISY
100
AcDbText
 10
1122.2725187372246
 20
351.7200000000001
 30
0.0
 40
1.8
  1
5
  7
PL_ARIAL
 11
1122.2725187372246
 21
351.7200000000001
 31
0.0
100
AcDbText
  0
TEXT
  5
3CA
330
1B
100
AcDbEntity
 67
1
  8
R-OPISY
100
AcDbText
 10
1125.0
 20
349.12000000000006
 30
0.0
 40
1.8
  1
m
  7
PL_ARIAL
 11
1125.0
 21
349.12000000000006
 31
0.0
100
AcDbText
  0
TEXT
  5
3CB
330
1B
100
AcDbEntity
 67
1
  8
R-OPISY
100
AcDbText
 10
1003.0
 20
346.12000000000006
 30
0.0
 40
1.8
  1
PODZIAŁKA 1:50
  7
PL_ARIAL_B
 11
1003.0
 21
346.12000000000006
 31
0.0
100
AcDbText
  0
TEXT
  5
3CC
330
1B
100
AcDbEntity
 67
1
  8
R-OPISY
100
AcDbText
 10
12.8
 20
119.5
 30
0.0
 40
1.8
  1
odcinek kontrolny 100 mm (wydruk 1:1)
 50
90.0
  7
PL_ARIAL
 11
12.8
 21
119.5
 31
0.0
100
AcDbText
  0
TEXT
  5
3CD
330
1B
100
AcDbEntity
 67
1
  8
R-RAMKA
100
AcDbText
 10
55.83545310015898
 20
834.25
 30
0.0
 40
3.5
  1
1
  7
PL_ARIAL
 11
55.83545310015898
 21
834.25
 31
0.0
100
AcDbText
  0
TEXT
  5
3CE
330
1B
100
AcDbEntity
 67
1
  8
R-RAMKA
100
AcDbText
 10
55.83545310015898
 20
3.25
 30
0.0
 40
3.5
  1
1
  7
PL_ARIAL
 11
55.83545310015898
 21
3.25
 31
0.0
100
AcDbText
  0
TEXT
  5
3CF
330
1B
100
AcDbEntity
 67
1
  8
R-RAMKA
100
AcDbText
 10
118.08545310015899
 20
834.25
 30
0.0
 40
3.5
  1
2
  7
PL_ARIAL
 11
118.08545310015899
 21
834.25
 31
0.0
100
AcDbText
  0
TEXT
  5
3D0
330
1B
100
AcDbEntity
 67
1
  8
R-RAMKA
100
AcDbText
 10
118.08545310015899
 20
3.25
 30
0.0
 40
3.5
  1
2
  7
PL_ARIAL
 11
118.08545310015899
 21
3.25
 31
0.0
100
AcDbText
  0
TEXT
  5
3D1
330
1B
100
AcDbEntity
 67
1
  8
R-RAMKA
100
AcDbText
 10
168.085453100159
 20
834.25
 30
0.0
 40
3.5
  1
3
  7
PL_ARIAL
 11
168.085453100159
 21
834.25
 31
0.0
100
AcDbText
  0
TEXT
  5
3D2
330
1B
100
AcDbEntity
 67
1
  8
R-RAMKA
100
AcDbText
 10
168.085453100159
 20
3.25
 30
0.0
 40
3.5
  1
3
  7
PL_ARIAL
 11
168.085453100159
 21
3.25
 31
0.0
100
AcDbText
  0
TEXT
  5
3D3
330
1B
100
AcDbEntity
 67
1
  8
R-RAMKA
100
AcDbText
 10
218.085453100159
 20
834.25
 30
0.0
 40
3.5
  1
4
  7
PL_ARIAL
 11
218.085453100159
 21
834.25
 31
0.0
100
AcDbText
  0
TEXT
  5
3D4
330
1B
100
AcDbEntity
 67
1
  8
R-RAMKA
100
AcDbText
 10
218.085453100159
 20
3.25
 30
0.0
 40
3.5
  1
4
  7
PL_ARIAL
 11
218.085453100159
 21
3.25
 31
0.0
100
AcDbText
  0
TEXT
  5
3D5
330
1B
100
AcDbEntity
 67
1
  8
R-RAMKA
100
AcDbText
 10
268.085453100159
 20
834.25
 30
0.0
 40
3.5
  1
5
  7
PL_ARIAL
 11
268.085453100159
 21
834.25
 31
0.0
100
AcDbText
  0
TEXT
  5
3D6
330
1B
100
AcDbEntity
 67
1
  8
R-RAMKA
100
AcDbText
 10
268.085453100159
 20
3.25
 30
0.0
 40
3.5
  1
5
  7
PL_ARIAL
 11
268.085453100159
 21
3.25
 31
0.0
100
AcDbText
  0
TEXT
  5
3D7
330
1B
100
AcDbEntity
 67
1
  8
R-RAMKA
100
AcDbText
 10
318.085453100159
 20
834.25
 30
0.0
 40
3.5
  1
6
  7
PL_ARIAL
 11
318.085453100159
 21
834.25
 31
0.0
100
AcDbText
  0
TEXT
  5
3D8
330
1B
100
AcDbEntity
 67
1
  8
R-RAMKA
100
AcDbText
 10
318.085453100159
 20
3.25
 30
0.0
 40
3.5
  1
6
  7
PL_ARIAL
 11
318.085453100159
 21
3.25
 31
0.0
100
AcDbText
  0
TEXT
  5
3D9
330
1B
100
AcDbEntity
 67
1
  8
R-RAMKA
100
AcDbText
 10
368.085453100159
 20
834.25
 30
0.0
 40
3.5
  1
7
  7
PL_ARIAL
 11
368.085453100159
 21
834.25
 31
0.0
100
AcDbText
  0
TEXT
  5
3DA
330
1B
100
AcDbEntity
 67
1
  8
R-RAMKA
100
AcDbText
 10
368.085453100159
 20
3.25
 30
0.0
 40
3.5
  1
7
  7
PL_ARIAL
 11
368.085453100159
 21
3.25
 31
0.0
100
AcDbText
  0
TEXT
  5
3DB
330
1B
100
AcDbEntity
 67
1
  8
R-RAMKA
100
AcDbText
 10
418.085453100159
 20
834.25
 30
0.0
 40
3.5
  1
8
  7
PL_ARIAL
 11
418.085453100159
 21
834.25
 31
0.0
100
AcDbText
  0
TEXT
  5
3DC
330
1B
100
AcDbEntity
 67
1
  8
R-RAMKA
100
AcDbText
 10
418.085453100159
 20
3.25
 30
0.0
 40
3.5
  1
8
  7
PL_ARIAL
 11
418.085453100159
 21
3.25
 31
0.0
100
AcDbText
  0
TEXT
  5
3DD
330
1B
100
AcDbEntity
 67
1
  8
R-RAMKA
100
AcDbText
 10
468.085453100159
 20
834.25
 30
0.0
 40
3.5
  1
9
  7
PL_ARIAL
 11
468.085453100159
 21
834.25
 31
0.0
100
AcDbText
  0
TEXT
  5
3DE
330
1B
100
AcDbEntity
 67
1
  8
R-RAMKA
100
AcDbText
 10
468.085453100159
 20
3.25
 30
0.0
 40
3.5
  1
9
  7
PL_ARIAL
 11
468.085453100159
 21
3.25
 31
0.0
100
AcDbText
  0
TEXT
  5
3DF
330
1B
100
AcDbEntity
 67
1
  8
R-RAMKA
100
AcDbText
 10
516.670906200318
 20
834.25
 30
0.0
 40
3.5
  1
10
  7
PL_ARIAL
 11
516.670906200318
 21
834.25
 31
0.0
100
AcDbText
  0
TEXT
  5
3E0
330
1B
100
AcDbEntity
 67
1
  8
R-RAMKA
100
AcDbText
 10
516.670906200318
 20
3.25
 30
0.0
 40
3.5
  1
10
  7
PL_ARIAL
 11
516.670906200318
 21
3.25
 31
0.0
100
AcDbText
  0
TEXT
  5
3E1
330
1B
100
AcDbEntity
 67
1
  8
R-RAMKA
100
AcDbText
 10
566.8596979332274
 20
834.25
 30
0.0
 40
3.5
  1
11
  7
PL_ARIAL
 11
566.8596979332274
 21
834.25
 31
0.0
100
AcDbText
  0
TEXT
  5
3E2
330
1B
100
AcDbEntity
 67
1
  8
R-RAMKA
100
AcDbText
 10
566.8596979332274
 20
3.25
 30
0.0
 40
3.5
  1
11
  7
PL_ARIAL
 11
566.8596979332274
 21
3.25
 31
0.0
100
AcDbText
  0
TEXT
  5
3E3
330
1B
100
AcDbEntity
 67
1
  8
R-RAMKA
100
AcDbText
 10
616.670906200318
 20
834.25
 30
0.0
 40
3.5
  1
12
  7
PL_ARIAL
 11
616.670906200318
 21
834.25
 31
0.0
100
AcDbText
  0
TEXT
  5
3E4
330
1B
100
AcDbEntity
 67
1
  8
R-RAMKA
100
AcDbText
 10
616.670906200318
 20
3.25
 30
0.0
 40
3.5
  1
12
  7
PL_ARIAL
 11
616.670906200318
 21
3.25
 31
0.0
100
AcDbText
  0
TEXT
  5
3E5
330
1B
100
AcDbEntity
 67
1
  8
R-RAMKA
100
AcDbText
 10
666.670906200318
 20
834.25
 30
0.0
 40
3.5
  1
13
  7
PL_ARIAL
 11
666.670906200318
 21
834.25
 31
0.0
100
AcDbText
  0
TEXT
  5
3E6
330
1B
100
AcDbEntity
 67
1
  8
R-RAMKA
100
AcDbText
 10
666.670906200318
 20
3.25
 30
0.0
 40
3.5
  1
13
  7
PL_ARIAL
 11
666.670906200318
 21
3.25
 31
0.0
100
AcDbText
  0
TEXT
  5
3E7
330
1B
100
AcDbEntity
 67
1
  8
R-RAMKA
100
AcDbText
 10
716.670906200318
 20
834.25
 30
0.0
 40
3.5
  1
14
  7
PL_ARIAL
 11
716.670906200318
 21
834.25
 31
0.0
100
AcDbText
  0
TEXT
  5
3E8
330
1B
100
AcDbEntity
 67
1
  8
R-RAMKA
100
AcDbText
 10
716.670906200318
 20
3.25
 30
0.0
 40
3.5
  1
14
  7
PL_ARIAL
 11
716.670906200318
 21
3.25
 31
0.0
100
AcDbText
  0
TEXT
  5
3E9
330
1B
100
AcDbEntity
 67
1
  8
R-RAMKA
100
AcDbText
 10
766.670906200318
 20
834.25
 30
0.0
 40
3.5
  1
15
  7
PL_ARIAL
 11
766.670906200318
 21
834.25
 31
0.0
100
AcDbText
  0
TEXT
  5
3EA
330
1B
100
AcDbEntity
 67
1
  8
R-RAMKA
100
AcDbText
 10
766.670906200318
 20
3.25
 30
0.0
 40
3.5
  1
15
  7
PL_ARIAL
 11
766.670906200318
 21
3.25
 31
0.0
100
AcDbText
  0
TEXT
  5
3EB
330
1B
100
AcDbEntity
 67
1
  8
R-RAMKA
100
AcDbText
 10
816.670906200318
 20
834.25
 30
0.0
 40
3.5
  1
16
  7
PL_ARIAL
 11
816.670906200318
 21
834.25
 31
0.0
100
AcDbText
  0
TEXT
  5
3EC
330
1B
100
AcDbEntity
 67
1
  8
R-RAMKA
100
AcDbText
 10
816.670906200318
 20
3.25
 30
0.0
 40
3.5
  1
16
  7
PL_ARIAL
 11
816.670906200318
 21
3.25
 31
0.0
100
AcDbText
  0
TEXT
  5
3ED
330
1B
100
AcDbEntity
 67
1
  8
R-RAMKA
100
AcDbText
 10
866.670906200318
 20
834.25
 30
0.0
 40
3.5
  1
17
  7
PL_ARIAL
 11
866.670906200318
 21
834.25
 31
0.0
100
AcDbText
  0
TEXT
  5
3EE
330
1B
100
AcDbEntity
 67
1
  8
R-RAMKA
100
AcDbText
 10
866.670906200318
 20
3.25
 30
0.0
 40
3.5
  1
17
  7
PL_ARIAL
 11
866.670906200318
 21
3.25
 31
0.0
100
AcDbText
  0
TEXT
  5
3EF
330
1B
100
AcDbEntity
 67
1
  8
R-RAMKA
100
AcDbText
 10
916.670906200318
 20
834.25
 30
0.0
 40
3.5
  1
18
  7
PL_ARIAL
 11
916.670906200318
 21
834.25
 31
0.0
100
AcDbText
  0
TEXT
  5
3F0
330
1B
100
AcDbEntity
 67
1
  8
R-RAMKA
100
AcDbText
 10
916.670906200318
 20
3.25
 30
0.0
 40
3.5
  1
18
  7
PL_ARIAL
 11
916.670906200318
 21
3.25
 31
0.0
100
AcDbText
  0
TEXT
  5
3F1
330
1B
100
AcDbEntity
 67
1
  8
R-RAMKA
100
AcDbText
 10
966.670906200318
 20
834.25
 30
0.0
 40
3.5
  1
19
  7
PL_ARIAL
 11
966.670906200318
 21
834.25
 31
0.0
100
AcDbText
  0
TEXT
  5
3F2
330
1B
100
AcDbEntity
 67
1
  8
R-RAMKA
100
AcDbText
 10
966.670906200318
 20
3.25
 30
0.0
 40
3.5
  1
19
  7
PL_ARIAL
 11
966.670906200318
 21
3.25
 31
0.0
100
AcDbText
  0
TEXT
  5
3F3
330
1B
100
AcDbEntity
 67
1
  8
R-RAMKA
100
AcDbText
 10
1016.670906200318
 20
834.25
 30
0.0
 40
3.5
  1
20
  7
PL_ARIAL
 11
1016.670906200318
 21
834.25
 31
0.0
100
AcDbText
  0
TEXT
  5
3F4
330
1B
100
AcDbEntity
 67
1
  8
R-RAMKA
100
AcDbText
 10
1016.670906200318
 20
3.25
 30
0.0
 40
3.5
  1
20
  7
PL_ARIAL
 11
1016.670906200318
 21
3.25
 31
0.0
100
AcDbText
  0
TEXT
  5
3F5
330
1B
100
AcDbEntity
 67
1
  8
R-RAMKA
100
AcDbText
 10
1066.6709062003179
 20
834.25
 30
0.0
 40
3.5
  1
21
  7
PL_ARIAL
 11
1066.6709062003179
 21
834.25
 31
0.0
100
AcDbText
  0
TEXT
  5
3F6
330
1B
100
AcDbEntity
 67
1
  8
R-RAMKA
100
AcDbText
 10
1066.6709062003179
 20
3.25
 30
0.0
 40
3.5
  1
21
  7
PL_ARIAL
 11
1066.6709062003179
 21
3.25
 31
0.0
100
AcDbText
  0
TEXT
  5
3F7
330
1B
100
AcDbEntity
 67
1
  8
R-RAMKA
100
AcDbText
 10
1116.6709062003179
 20
834.25
 30
0.0
 40
3.5
  1
22
  7
PL_ARIAL
 11
1116.6709062003179
 21
834.25
 31
0.0
100
AcDbText
  0
TEXT
  5
3F8
330
1B
100
AcDbEntity
 67
1
  8
R-RAMKA
100
AcDbText
 10
1116.6709062003179
 20
3.25
 30
0.0
 40
3.5
  1
22
  7
PL_ARIAL
 11
1116.6709062003179
 21
3.25
 31
0.0
100
AcDbText
  0
TEXT
  5
3F9
330
1B
100
AcDbEntity
 67
1
  8
R-RAMKA
100
AcDbText
 10
1158.9209062003179
 20
834.25
 30
0.0
 40
3.5
  1
23
  7
PL_ARIAL
 11
1158.9209062003179
 21
834.25
 31
0.0
100
AcDbText
  0
TEXT
  5
3FA
330
1B
100
AcDbEntity
 67
1
  8
R-RAMKA
100
AcDbText
 10
1158.9209062003179
 20
3.25
 30
0.0
 40
3.5
  1
23
  7
PL_ARIAL
 11
1158.9209062003179
 21
3.25
 31
0.0
100
AcDbText
  0
TEXT
  5
3FB
330
1B
100
AcDbEntity
 67
1
  8
R-RAMKA
100
AcDbText
 10
1182.3032591414944
 20
799.0
 30
0.0
 40
3.5
  1
A
  7
PL_ARIAL
 11
1182.3032591414944
 21
799.0
 31
0.0
100
AcDbText
  0
TEXT
  5
3FC
330
1B
100
AcDbEntity
 67
1
  8
R-RAMKA
100
AcDbText
 10
13.303259141494436
 20
799.0
 30
0.0
 40
3.5
  1
A
  7
PL_ARIAL
 11
13.303259141494436
 21
799.0
 31
0.0
100
AcDbText
  0
TEXT
  5
3FD
330
1B
100
AcDbEntity
 67
1
  8
R-RAMKA
100
AcDbText
 10
1182.3032591414944
 20
743.75
 30
0.0
 40
3.5
  1
B
  7
PL_ARIAL
 11
1182.3032591414944
 21
743.75
 31
0.0
100
AcDbText
  0
TEXT
  5
3FE
330
1B
100
AcDbEntity
 67
1
  8
R-RAMKA
100
AcDbText
 10
13.303259141494436
 20
743.75
 30
0.0
 40
3.5
  1
B
  7
PL_ARIAL
 11
13.303259141494436
 21
743.75
 31
0.0
100
AcDbText
  0
TEXT
  5
3FF
330
1B
100
AcDbEntity
 67
1
  8
R-RAMKA
100
AcDbText
 10
1182.1629570747218
 20
693.75
 30
0.0
 40
3.5
  1
C
  7
PL_ARIAL
 11
1182.1629570747218
 21
693.75
 31
0.0
100
AcDbText
  0
TEXT
  5
400
330
1B
100
AcDbEntity
 67
1
  8
R-RAMKA
100
AcDbText
 10
13.162957074721781
 20
693.75
 30
0.0
 40
3.5
  1
C
  7
PL_ARIAL
 11
13.162957074721781
 21
693.75
 31
0.0
100
AcDbText
  0
TEXT
  5
401
330
1B
100
AcDbEntity
 67
1
  8
R-RAMKA
100
AcDbText
 10
1182.1629570747218
 20
643.75
 30
0.0
 40
3.5
  1
D
  7
PL_ARIAL
 11
1182.1629570747218
 21
643.75
 31
0.0
100
AcDbText
  0
TEXT
  5
402
330
1B
100
AcDbEntity
 67
1
  8
R-RAMKA
100
AcDbText
 10
13.162957074721781
 20
643.75
 30
0.0
 40
3.5
  1
D
  7
PL_ARIAL
 11
13.162957074721781
 21
643.75
 31
0.0
100
AcDbText
  0
TEXT
  5
403
330
1B
100
AcDbEntity
 67
1
  8
R-RAMKA
100
AcDbText
 10
1182.3032591414944
 20
593.75
 30
0.0
 40
3.5
  1
E
  7
PL_ARIAL
 11
1182.3032591414944
 21
593.75
 31
0.0
100
AcDbText
  0
TEXT
  5
404
330
1B
100
AcDbEntity
 67
1
  8
R-RAMKA
100
AcDbText
 10
13.303259141494436
 20
593.75
 30
0.0
 40
3.5
  1
E
  7
PL_ARIAL
 11
13.303259141494436
 21
593.75
 31
0.0
100
AcDbText
  0
TEXT
  5
405
330
1B
100
AcDbEntity
 67
1
  8
R-RAMKA
100
AcDbText
 10
1182.4463434022257
 20
543.75
 30
0.0
 40
3.5
  1
F
  7
PL_ARIAL
 11
1182.4463434022257
 21
543.75
 31
0.0
100
AcDbText
  0
TEXT
  5
406
330
1B
100
AcDbEntity
 67
1
  8
R-RAMKA
100
AcDbText
 10
13.446343402225756
 20
543.75
 30
0.0
 40
3.5
  1
F
  7
PL_ARIAL
 11
13.446343402225756
 21
543.75
 31
0.0
100
AcDbText
  0
TEXT
  5
407
330
1B
100
AcDbEntity
 67
1
  8
R-RAMKA
100
AcDbText
 10
1182.0214626391096
 20
493.75
 30
0.0
 40
3.5
  1
G
  7
PL_ARIAL
 11
1182.0214626391096
 21
493.75
 31
0.0
100
AcDbText
  0
TEXT
  5
408
330
1B
100
AcDbEntity
 67
1
  8
R-RAMKA
100
AcDbText
 10
13.021462639109698
 20
493.75
 30
0.0
 40
3.5
  1
G
  7
PL_ARIAL
 11
13.021462639109698
 21
493.75
 31
0.0
100
AcDbText
  0
TEXT
  5
409
330
1B
100
AcDbEntity
 67
1
  8
R-RAMKA
100
AcDbText
 10
1182.1629570747218
 20
443.75
 30
0.0
 40
3.5
  1
H
  7
PL_ARIAL
 11
1182.1629570747218
 21
443.75
 31
0.0
100
AcDbText
  0
TEXT
  5
40A
330
1B
100
AcDbEntity
 67
1
  8
R-RAMKA
100
AcDbText
 10
13.162957074721781
 20
443.75
 30
0.0
 40
3.5
  1
H
  7
PL_ARIAL
 11
13.162957074721781
 21
443.75
 31
0.0
100
AcDbText
  0
TEXT
  5
40B
330
1B
100
AcDbEntity
 67
1
  8
R-RAMKA
100
AcDbText
 10
1182.7281399046105
 20
393.75
 30
0.0
 40
3.5
  1
J
  7
PL_ARIAL
 11
1182.7281399046105
 21
393.75
 31
0.0
100
AcDbText
  0
TEXT
  5
40C
330
1B
100
AcDbEntity
 67
1
  8
R-RAMKA
100
AcDbText
 10
13.728139904610494
 20
393.75
 30
0.0
 40
3.5
  1
J
  7
PL_ARIAL
 11
13.728139904610494
 21
393.75
 31
0.0
100
AcDbText
  0
TEXT
  5
40D
330
1B
100
AcDbEntity
 67
1
  8
R-RAMKA
100
AcDbText
 10
1182.3032591414944
 20
343.75
 30
0.0
 40
3.5
  1
K
  7
PL_ARIAL
 11
1182.3032591414944
 21
343.75
 31
0.0
100
AcDbText
  0
TEXT
  5
40E
330
1B
100
AcDbEntity
 67
1
  8
R-RAMKA
100
AcDbText
 10
13.303259141494436
 20
343.75
 30
0.0
 40
3.5
  1
K
  7
PL_ARIAL
 11
13.303259141494436
 21
343.75
 31
0.0
100
AcDbText
  0
TEXT
  5
40F
330
1B
100
AcDbEntity
 67
1
  8
R-RAMKA
100
AcDbText
 10
1182.585453100159
 20
293.75
 30
0.0
 40
3.5
  1
L
  7
PL_ARIAL
 11
1182.585453100159
 21
293.75
 31
0.0
100
AcDbText
  0
TEXT
  5
410
330
1B
100
AcDbEntity
 67
1
  8
R-RAMKA
100
AcDbText
 10
13.585453100158983
 20
293.75
 30
0.0
 40
3.5
  1
L
  7
PL_ARIAL
 11
13.585453100158983
 21
293.75
 31
0.0
100
AcDbText
  0
TEXT
  5
411
330
1B
100
AcDbEntity
 67
1
  8
R-RAMKA
100
AcDbText
 10
1181.881160572337
 20
243.75
 30
0.0
 40
3.5
  1
M
  7
PL_ARIAL
 11
1181.881160572337
 21
243.75
 31
0.0
100
AcDbText
  0
TEXT
  5
412
330
1B
100
AcDbEntity
 67
1
  8
R-RAMKA
100
AcDbText
 10
12.881160572337043
 20
243.75
 30
0.0
 40
3.5
  1
M
  7
PL_ARIAL
 11
12.881160572337043
 21
243.75
 31
0.0
100
AcDbText
  0
TEXT
  5
413
330
1B
100
AcDbEntity
 67
1
  8
R-RAMKA
100
AcDbText
 10
1182.1629570747218
 20
193.75
 30
0.0
 40
3.5
  1
N
  7
PL_ARIAL
 11
1182.1629570747218
 21
193.75
 31
0.0
100
AcDbText
  0
TEXT
  5
414
330
1B
100
AcDbEntity
 67
1
  8
R-RAMKA
100
AcDbText
 10
13.162957074721781
 20
193.75
 30
0.0
 40
3.5
  1
N
  7
PL_ARIAL
 11
13.162957074721781
 21
193.75
 31
0.0
100
AcDbText
  0
TEXT
  5
415
330
1B
100
AcDbEntity
 67
1
  8
R-RAMKA
100
AcDbText
 10
1182.3032591414944
 20
143.75
 30
0.0
 40
3.5
  1
P
  7
PL_ARIAL
 11
1182.3032591414944
 21
143.75
 31
0.0
100
AcDbText
  0
TEXT
  5
416
330
1B
100
AcDbEntity
 67
1
  8
R-RAMKA
100
AcDbText
 10
13.303259141494436
 20
143.75
 30
0.0
 40
3.5
  1
P
  7
PL_ARIAL
 11
13.303259141494436
 21
143.75
 31
0.0
100
AcDbText
  0
TEXT
  5
417
330
1B
100
AcDbEntity
 67
1
  8
R-RAMKA
100
AcDbText
 10
1182.0214626391096
 20
93.75
 30
0.0
 40
3.5
  1
Q
  7
PL_ARIAL
 11
1182.0214626391096
 21
93.75
 31
0.0
100
AcDbText
  0
TEXT
  5
418
330
1B
100
AcDbEntity
 67
1
  8
R-RAMKA
100
AcDbText
 10
13.021462639109698
 20
93.75
 30
0.0
 40
3.5
  1
Q
  7
PL_ARIAL
 11
13.021462639109698
 21
93.75
 31
0.0
100
AcDbText
  0
TEXT
  5
419
330
1B
100
AcDbEntity
 67
1
  8
R-RAMKA
100
AcDbText
 10
1182.1629570747218
 20
38.5
 30
0.0
 40
3.5
  1
R
  7
PL_ARIAL
 11
1182.1629570747218
 21
38.5
 31
0.0
100
AcDbText
  0
TEXT
  5
41A
330
1B
100
AcDbEntity
 67
1
  8
R-RAMKA
100
AcDbText
 10
13.162957074721781
 20
38.5
 30
0.0
 40
3.5
  1
R
  7
PL_ARIAL
 11
13.162957074721781
 21
38.5
 31
0.0
100
AcDbText
  0
TEXT
  5
41B
330
1B
100
AcDbEntity
 67
1
  8
R-RAMKA
100
AcDbText
 10
1161.811900976607
 20
4.1
 30
0.0
 40
1.8
  1
A0 (1189×841)
  7
PL_ARIAL
 11
1161.811900976607
 21
4.1
 31
0.0
100
AcDbText
  0
TEXT
  5
41C
330
1B
100
AcDbEntity
 67
1
  8
R-TABLICZKA
100
AcDbText
 10
1000.2
 20
100.0
 30
0.0
 40
1.8
  1
PRACOWNIA PROJEKTOWA
  7
PL_ARIAL
 11
1000.2
 21
100.0
 31
0.0
100
AcDbText
  0
TEXT
  5
41D
330
1B
100
AcDbEntity
 67
1
  8
R-TABLICZKA
100
AcDbText
 10
1000.2
 20
96.1
 30
0.0
 40
2.5
  1
PRACOWNIA PROJEKTOWA — nazwa do uzupełnienia
  7
PL_ARIAL_B
 11
1000.2
 21
96.1
 31
0.0
100
AcDbText
  0
TEXT
  5
41E
330
1B
100
AcDbEntity
 67
1
  8
R-TABLICZKA
100
AcDbText
 10
1000.2
 20
92.4
 30
0.0
 40
1.8
  1
adres pracowni do uzupełnienia
  7
PL_ARIAL
 11
1000.2
 21
92.4
 31
0.0
100
AcDbText
  0
TEXT
  5
41F
330
1B
100
AcDbEntity
 67
1
  8
R-TABLICZKA
100
AcDbText
 10
1110.2
 20
100.0
 30
0.0
 40
1.8
  1
STADIUM
  7
PL_ARIAL
 11
1110.2
 21
100.0
 31
0.0
100
AcDbText
  0
TEXT
  5
420
330
1B
100
AcDbEntity
 67
1
  8
R-TABLICZKA
100
AcDbText
 10
1116.8565750624575
 20
93.5
 30
0.0
 40
5.0
  1
PT
  7
PL_ARIAL_B
 11
1116.8565750624575
 21
93.5
 31
0.0
100
AcDbText
  0
TEXT
  5
421
330
1B
100
AcDbEntity
 67
1
  8
R-TABLICZKA
100
AcDbText
 10
1135.2
 20
100.0
 30
0.0
 40
1.8
  1
BRANŻA
  7
PL_ARIAL
 11
1135.2
 21
100.0
 31
0.0
100
AcDbText
  0
TEXT
  5
422
330
1B
100
AcDbEntity
 67
1
  8
R-TABLICZKA
100
AcDbText
 10
1135.2
 20
94.44999999999999
 30
0.0
 40
2.5
  1
KONSTRUKCJA (BO)
  7
PL_ARIAL_B
 11
1135.2
 21
94.44999999999999
 31
0.0
100
AcDbText
  0
TEXT
  5
423
330
1B
100
AcDbEntity
 67
1
  8
R-TABLICZKA
100
AcDbText
 10
1000.2
 20
88.0
 30
0.0
 40
1.8
  1
INWESTOR
  7
PL_ARIAL
 11
1000.2
 21
88.0
 31
0.0
100
AcDbText
  0
TEXT
  5
424
330
1B
100
AcDbEntity
 67
1
  8
R-TABLICZKA
100
AcDbText
 10
1000.2
 20
84.44999999999999
 30
0.0
 40
2.5
  1
(do uzupełnienia)
  7
PL_ARIAL
 11
1000.2
 21
84.44999999999999
 31
0.0
100
AcDbText
  0
TEXT
  5
425
330
1B
100
AcDbEntity
 67
1
  8
R-TABLICZKA
100
AcDbText
 10
1000.2
 20
80.0
 30
0.0
 40
1.8
  1
OBIEKT / NAZWA ZAMIERZENIA BUDOWLANEGO
  7
PL_ARIAL
 11
1000.2
 21
80.0
 31
0.0
100
AcDbText
  0
TEXT
  5
426
330
1B
100
AcDbEntity
 67
1
  8
R-TABLICZKA
100
AcDbText
 10
1000.2
 20
75.19999999999999
 30
0.0
 40
2.5
  1
Budynek mieszkalny jednorodzinny wolnostojący „Dom LAMELA”
  7
PL_ARIAL_B
 11
1000.2
 21
75.19999999999999
 31
0.0
100
AcDbText
  0
TEXT
  5
427
330
1B
100
AcDbEntity
 67
1
  8
R-TABLICZKA
100
AcDbText
 10
1000.2
 20
69.5
 30
0.0
 40
1.8
  1
ADRES / LOKALIZACJA (NR DZIAŁKI, OBRĘB, JEDN. EWIDENCYJNA)
  7
PL_ARIAL
 11
1000.2
 21
69.5
 31
0.0
100
AcDbText
  0
TEXT
  5
428
330
1B
100
AcDbEntity
 67
1
  8
R-TABLICZKA
100
AcDbText
 10
1000.2
 20
65.716
 30
0.0
 40
1.8
  1
ul. Lipowa (fikcyjna), dz. nr ewid. 123/4, obręb 0005 Przykładowo, gm. Przykładowo (fikcyjna)
  7
PL_ARIAL
 11
1000.2
 21
65.716
 31
0.0
100
AcDbText
  0
TEXT
  5
429
330
1B
100
AcDbEntity
 67
1
  8
R-TABLICZKA
100
AcDbText
 10
1150.2
 20
69.5
 30
0.0
 40
1.8
  1
KAT. OBIEKTU
  7
PL_ARIAL
 11
1150.2
 21
69.5
 31
0.0
100
AcDbText
  0
TEXT
  5
42A
330
1B
100
AcDbEntity
 67
1
  8
R-TABLICZKA
100
AcDbText
 10
1163.2933227344993
 20
65.07
 30
0.0
 40
3.5
  1
I
  7
PL_ARIAL_B
 11
1163.2933227344993
 21
65.07
 31
0.0
100
AcDbText
  0
TEXT
  5
42B
330
1B
100
AcDbEntity
 67
1
  8
R-TABLICZKA
100
AcDbText
 10
1006.4673631614808
 20
60.35
 30
0.0
 40
1.8
  1
FUNKCJA
  7
PL_ARIAL
 11
1006.4673631614808
 21
60.35
 31
0.0
100
AcDbText
  0
TEXT
  5
42C
330
1B
100
AcDbEntity
 67
1
  8
R-TABLICZKA
100
AcDbText
 10
1036.743129684306
 20
60.35
 30
0.0
 40
1.8
  1
IMIĘ I NAZWISKO
  7
PL_ARIAL
 11
1036.743129684306
 21
60.35
 31
0.0
100
AcDbText
  0
TEXT
  5
42D
330
1B
100
AcDbEntity
 67
1
  8
R-TABLICZKA
100
AcDbText
 10
1075.9770156711334
 20
60.35
 30
0.0
 40
1.8
  1
SPECJALNOŚĆ, NR UPRAWNIEŃ
  7
PL_ARIAL
 11
1075.9770156711334
 21
60.35
 31
0.0
100
AcDbText
  0
TEXT
  5
42E
330
1B
100
AcDbEntity
 67
1
  8
R-TABLICZKA
100
AcDbText
 10
1130.7051782875312
 20
60.35
 30
0.0
 40
1.8
  1
DATA
  7
PL_ARIAL
 11
1130.7051782875312
 21
60.35
 31
0.0
100
AcDbText
  0
TEXT
  5
42F
330
1B
100
AcDbEntity
 67
1
  8
R-TABLICZKA
100
AcDbText
 10
1156.556438791733
 20
60.35
 30
0.0
 40
1.8
  1
PODPIS
  7
PL_ARIAL
 11
1156.556438791733
 21
60.35
 31
0.0
100
AcDbText
  0
TEXT
  5
430
330
1B
100
AcDbEntity
 67
1
  8
R-TABLICZKA
100
AcDbText
 10
1000.2
 20
54.6
 30
0.0
 40
1.8
  1
Projektant
  7
PL_ARIAL
 11
1000.2
 21
54.6
 31
0.0
100
AcDbText
  0
TEXT
  5
431
330
1B
100
AcDbEntity
 67
1
  8
R-TABLICZKA
100
AcDbText
 10
1000.2
 20
47.6
 30
0.0
 40
1.8
  1
Projektant (wsp.)
  7
PL_ARIAL
 11
1000.2
 21
47.6
 31
0.0
100
AcDbText
  0
TEXT
  5
432
330
1B
100
AcDbEntity
 67
1
  8
R-TABLICZKA
100
AcDbText
 10
1000.2
 20
40.6
 30
0.0
 40
1.8
  1
Sprawdzający
  7
PL_ARIAL
 11
1000.2
 21
40.6
 31
0.0
100
AcDbText
  0
TEXT
  5
433
330
1B
100
AcDbEntity
 67
1
  8
R-TABLICZKA
100
AcDbText
 10
1000.2
 20
33.6
 30
0.0
 40
1.8
  1
Opracował
  7
PL_ARIAL
 11
1000.2
 21
33.6
 31
0.0
100
AcDbText
  0
TEXT
  5
434
330
1B
100
AcDbEntity
 67
1
  8
R-TABLICZKA
100
AcDbText
 10
1000.2
 20
28.0
 30
0.0
 40
1.8
  1
TYTUŁ RYSUNKU
  7
PL_ARIAL
 11
1000.2
 21
28.0
 31
0.0
100
AcDbText
  0
TEXT
  5
435
330
1B
100
AcDbEntity
 67
1
  8
R-TABLICZKA
100
AcDbText
 10
1000.2
 20
21.5
 30
0.0
 40
5.0
  1
ZBROJENIE DOLNE STROPU NAD I PIĘTREM
  7
PL_ARIAL_B
 11
1000.2
 21
21.5
 31
0.0
100
AcDbText
  0
TEXT
  5
436
330
1B
100
AcDbEntity
 67
1
  8
R-TABLICZKA
100
AcDbText
 10
1000.2
 20
16.0
 30
0.0
 40
1.8
  1
SKALA
  7
PL_ARIAL
 11
1000.2
 21
16.0
 31
0.0
100
AcDbText
  0
TEXT
  5
437
330
1B
100
AcDbEntity
 67
1
  8
R-TABLICZKA
100
AcDbText
 10
1005.9093799682036
 20
11.57
 30
0.0
 40
3.5
  1
1:50
  7
PL_ARIAL_B
 11
1005.9093799682036
 21
11.57
 31
0.0
100
AcDbText
  0
TEXT
  5
438
330
1B
100
AcDbEntity
 67
1
  8
R-TABLICZKA
100
AcDbText
 10
1024.2
 20
16.0
 30
0.0
 40
1.8
  1
FORMAT
  7
PL_ARIAL
 11
1024.2
 21
16.0
 31
0.0
100
AcDbText
  0
TEXT
  5
439
330
1B
100
AcDbEntity
 67
1
  8
R-TABLICZKA
100
AcDbText
 10
1028.777651601181
 20
11.95
 30
0.0
 40
2.5
  1
A0
  7
PL_ARIAL
 11
1028.777651601181
 21
11.95
 31
0.0
100
AcDbText
  0
TEXT
  5
43A
330
1B
100
AcDbEntity
 67
1
  8
R-TABLICZKA
100
AcDbText
 10
1040.2
 20
16.0
 30
0.0
 40
1.8
  1
DATA WYDANIA
  7
PL_ARIAL
 11
1040.2
 21
16.0
 31
0.0
100
AcDbText
  0
TEXT
  5
43B
330
1B
100
AcDbEntity
 67
1
  8
R-TABLICZKA
100
AcDbText
 10
1041.7069043833749
 20
11.95
 30
0.0
 40
2.5
  1
2026-09-25
  7
PL_ARIAL
 11
1041.7069043833749
 21
11.95
 31
0.0
100
AcDbText
  0
TEXT
  5
43C
330
1B
100
AcDbEntity
 67
1
  8
R-TABLICZKA
100
AcDbText
 10
1064.2
 20
16.0
 30
0.0
 40
1.8
  1
RODZAJ DOK.
  7
PL_ARIAL
 11
1064.2
 21
16.0
 31
0.0
100
AcDbText
  0
TEXT
  5
43D
330
1B
100
AcDbEntity
 67
1
  8
R-TABLICZKA
100
AcDbText
 10
1066.7478083125143
 20
12.216000000000001
 30
0.0
 40
1.8
  1
rysunek zbrojenia
  7
PL_ARIAL
 11
1066.7478083125143
 21
12.216000000000001
 31
0.0
100
AcDbText
  0
TEXT
  5
43E
330
1B
100
AcDbEntity
 67
1
  8
R-TABLICZKA
100
AcDbText
 10
1092.2
 20
16.0
 30
0.0
 40
1.8
  1
NR RYSUNKU
  7
PL_ARIAL
 11
1092.2
 21
16.0
 31
0.0
100
AcDbText
  0
TEXT
  5
43F
330
1B
100
AcDbEntity
 67
1
  8
R-TABLICZKA
100
AcDbText
 10
1105.5512718600953
 20
11.57
 30
0.0
 40
3.5
  1
PT-BO-10
  7
PL_ARIAL_B
 11
1105.5512718600953
 21
11.57
 31
0.0
100
AcDbText
  0
TEXT
  5
440
330
1B
100
AcDbEntity
 67
1
  8
R-TABLICZKA
100
AcDbText
 10
1144.2
 20
16.0
 30
0.0
 40
1.8
  1
ARKUSZ
  7
PL_ARIAL
 11
1144.2
 21
16.0
 31
0.0
100
AcDbText
  0
TEXT
  5
441
330
1B
100
AcDbEntity
 67
1
  8
R-TABLICZKA
100
AcDbText
 10
1147.453667953668
 20
11.95
 30
0.0
 40
2.5
  1
10/21
  7
PL_ARIAL
 11
1147.453667953668
 21
11.95
 31
0.0
100
AcDbText
  0
TEXT
  5
442
330
1B
100
AcDbEntity
 67
1
  8
R-TABLICZKA
100
AcDbText
 10
1162.2
 20
16.0
 30
0.0
 40
1.8
  1
REW.
  7
PL_ARIAL
 11
1162.2
 21
16.0
 31
0.0
100
AcDbText
  0
TEXT
  5
443
330
1B
100
AcDbEntity
 67
1
  8
R-TABLICZKA
100
AcDbText
 10
1168.585453100159
 20
11.57
 30
0.0
 40
3.5
  1
0
  7
PL_ARIAL_B
 11
1168.585453100159
 21
11.57
 31
0.0
100
AcDbText
  0
TEXT
  5
444
330
1B
100
AcDbEntity
 67
1
  8
R-TABLICZKA
100
AcDbText
 10
1000.2
 20
104.25
 30
0.0
 40
2.5
  1
0
  7
PL_ARIAL
 11
1000.2
 21
104.25
 31
0.0
100
AcDbText
  0
TEXT
  5
445
330
1B
100
AcDbEntity
 67
1
  8
R-TABLICZKA
100
AcDbText
 10
1018.2
 20
104.25
 30
0.0
 40
2.5
  1
Wydanie — rysunek wygenerowany z modelu
  7
PL_ARIAL
 11
1018.2
 21
104.25
 31
0.0
100
AcDbText
  0
TEXT
  5
446
330
1B
100
AcDbEntity
 67
1
  8
R-TABLICZKA
100
AcDbText
 10
1140.2
 20
104.25
 30
0.0
 40
2.5
  1
2026-09-25
  7
PL_ARIAL
 11
1140.2
 21
104.25
 31
0.0
100
AcDbText
  0
TEXT
  5
447
330
1B
100
AcDbEntity
 67
1
  8
R-TABLICZKA
100
AcDbText
 10
1000.2
 20
109.6
 30
0.0
 40
1.8
  1
REW.
  7
PL_ARIAL
 11
1000.2
 21
109.6
 31
0.0
100
AcDbText
  0
TEXT
  5
448
330
1B
100
AcDbEntity
 67
1
  8
R-TABLICZKA
100
AcDbText
 10
1018.2
 20
109.6
 30
0.0
 40
1.8
  1
OPIS ZMIANY
  7
PL_ARIAL
 11
1018.2
 21
109.6
 31
0.0
100
AcDbText
  0
TEXT
  5
449
330
1B
100
AcDbEntity
 67
1
  8
R-TABLICZKA
100
AcDbText
 10
1140.2
 20
109.6
 30
0.0
 40
1.8
  1
DATA
  7
PL_ARIAL
 11
1140.2
 21
109.6
 31
0.0
100
AcDbText
  0
VIEWPORT
  5
625
330
1B
100
AcDbEntity
 67
1
  8
R-RZUTNIA
100
AcDbViewport
 10
508.5
 20
427.50000000000006
 30
0.0
 40
359.0
 41
261.80000000000007
 68
2
 69
3
 12
4.725
 22
3.395000000000002
 13
0.0
 23
0.0
 14
10.0
 24
10.0
 15
10.0
 25
10.0
 16
0.0
 26
0.0
 36
1.0
 17
0.0
 27
0.0
 37
0.0
 42
50.0
 43
0.0
 44
0.0
 45
13.090000000000003
 50
0.0
 51
0.0
 72
100
 90
16384
  1

281
0
 71
0
 74
0
110
0.0
120
0.0
130
0.0
111
1.0
121
0.0
131
0.0
112
0.0
122
1.0
132
0.0
 79
0
146
0.0
282
0
  0
ENDSEC
  0
SECTION
  2
OBJECTS
  0
DICTIONARY
  5
A
330
0
100
AcDbDictionary
281
1
  3
ACAD_COLOR
350
B
  3
ACAD_GROUP
350
C
  3
ACAD_LAYOUT
350
D
  3
ACAD_MATERIAL
350
E
  3
ACAD_MLEADERSTYLE
350
F
  3
ACAD_MLINESTYLE
350
10
  3
ACAD_PLOTSETTINGS
350
11
  3
ACAD_PLOTSTYLENAME
350
12
  3
ACAD_SCALELIST
350
14
  3
ACAD_TABLESTYLE
350
15
  3
ACAD_VISUALSTYLE
350
16
  3
EZDXF_META
350
2D
  0
DICTIONARY
  5
B
330
A
100
AcDbDictionary
281
1
  0
DICTIONARY
  5
C
330
A
100
AcDbDictionary
281
1
  0
DICTIONARY
  5
D
330
A
100
AcDbDictionary
281
1
  3
Model
350
1A
  3
Arkusz PT-BO-10
350
1E
  0
DICTIONARY
  5
E
330
A
100
AcDbDictionary
281
1
  3
ByBlock
350
1F
  3
ByLayer
350
20
  3
Global
350
21
  0
DICTIONARY
  5
F
330
A
100
AcDbDictionary
281
1
  3
Standard
350
2C
  0
DICTIONARY
  5
10
330
A
100
AcDbDictionary
281
1
  3
Standard
350
22
  0
DICTIONARY
  5
11
330
A
100
AcDbDictionary
281
1
  0
ACDBDICTIONARYWDFLT
  5
12
330
A
100
AcDbDictionary
281
1
  3
Normal
350
13
100
AcDbDictionaryWithDefault
340
13
  0
ACDBPLACEHOLDER
  5
13
330
12
  0
DICTIONARY
  5
14
330
A
100
AcDbDictionary
281
1
  0
DICTIONARY
  5
15
330
A
100
AcDbDictionary
281
1
  0
DICTIONARY
  5
16
330
A
100
AcDbDictionary
281
1
  0
LAYOUT
  5
1A
330
D
100
AcDbPlotSettings
  1

  4
A3
  6

 40
7.5
 41
20.0
 42
7.5
 43
20.0
 44
420.0
 45
297.0
 46
0.0
 47
0.0
 48
0.0
 49
0.0
140
0.0
141
0.0
142
1.0
143
1.0
 70
1024
 72
1
 73
0
 74
5
  7

 75
16
 76
0
 77
2
 78
300
147
1.0
148
0.0
149
0.0
100
AcDbLayout
  1
Model
 70
1
 71
0
 10
0.0
 20
0.0
 11
420.0
 21
297.0
 12
0.0
 22
0.0
 32
0.0
 14
1e+20
 24
1e+20
 34
1e+20
 15
-1e+20
 25
-1e+20
 35
-1e+20
146
0.0
 13
0.0
 23
0.0
 33
0.0
 16
1.0
 26
0.0
 36
0.0
 17
0.0
 27
1.0
 37
0.0
 76
1
330
17
  0
LAYOUT
  5
1E
330
D
100
AcDbPlotSettings
  1

  2
DWG to PDF.pc3
  4
LAMELA_(1189.00_x_841.00_MM)
  6

 40
0.0
 41
0.0
 42
0.0
 43
0.0
 44
1189.0
 45
841.0
 46
0.0
 47
0.0
 48
0.0
 49
0.0
140
0.0
141
0.0
142
1.0
143
1.0
 70
672
 72
1
 73
0
 74
5
  7

 75
16
 76
0
 77
2
 78
300
147
1.0
148
0.0
149
0.0
100
AcDbLayout
  1
Arkusz PT-BO-10
 70
1
 71
1
 10
-0.0
 20
-0.0
 11
1189.0
 21
841.0
 12
0.0
 22
0.0
 32
0.0
 14
1e+20
 24
1e+20
 34
1e+20
 15
-1e+20
 25
-1e+20
 35
-1e+20
146
0.0
 13
0.0
 23
0.0
 33
0.0
 16
1.0
 26
0.0
 36
0.0
 17
0.0
 27
1.0
 37
0.0
 76
1
330
1B
331
A4
  0
MATERIAL
  5
1F
102
{ACAD_REACTORS
330
E
102
}
330
E
100
AcDbMaterial
  1
ByBlock
  2

 70
0
 40
1.0
 71
1
 41
1.0
 91
-1023410177
 42
1.0
 72
1
  3

 73
1
 74
1
 75
1
 44
0.5
 73
0
 45
1.0
 46
1.0
 77
1
  4

 78
1
 79
1
170
1
 48
1.0
171
1
  6

172
1
173
1
174
1
140
1.0
141
1.0
175
1
  7

176
1
177
1
178
1
143
1.0
179
1
  8

270
1
271
1
272
1
145
1.0
146
1.0
273
1
  9

274
1
275
1
276
1
 42
1.0
 72
1
  3

 73
1
 74
1
 75
1
 94
63
  0
MATERIAL
  5
20
102
{ACAD_REACTORS
330
E
102
}
330
E
100
AcDbMaterial
  1
ByLayer
  2

 70
0
 40
1.0
 71
1
 41
1.0
 91
-1023410177
 42
1.0
 72
1
  3

 73
1
 74
1
 75
1
 44
0.5
 73
0
 45
1.0
 46
1.0
 77
1
  4

 78
1
 79
1
170
1
 48
1.0
171
1
  6

172
1
173
1
174
1
140
1.0
141
1.0
175
1
  7

176
1
177
1
178
1
143
1.0
179
1
  8

270
1
271
1
272
1
145
1.0
146
1.0
273
1
  9

274
1
275
1
276
1
 42
1.0
 72
1
  3

 73
1
 74
1
 75
1
 94
63
  0
MATERIAL
  5
21
102
{ACAD_REACTORS
330
E
102
}
330
E
100
AcDbMaterial
  1
Global
  2

 70
0
 40
1.0
 71
1
 41
1.0
 91
-1023410177
 42
1.0
 72
1
  3

 73
1
 74
1
 75
1
 44
0.5
 73
0
 45
1.0
 46
1.0
 77
1
  4

 78
1
 79
1
170
1
 48
1.0
171
1
  6

172
1
173
1
174
1
140
1.0
141
1.0
175
1
  7

176
1
177
1
178
1
143
1.0
179
1
  8

270
1
271
1
272
1
145
1.0
146
1.0
273
1
  9

274
1
275
1
276
1
 42
1.0
 72
1
  3

 73
1
 74
1
 75
1
 94
63
  0
MLINESTYLE
  5
22
102
{ACAD_REACTORS
330
10
102
}
330
10
100
AcDbMlineStyle
  2
Standard
 70
0
  3

 62
256
 51
90.0
 52
90.0
 71
2
 49
0.5
 62
256
  6
BYLAYER
 49
-0.5
 62
256
  6
BYLAYER
  0
MLEADERSTYLE
  5
2C
102
{ACAD_REACTORS
330
F
102
}
330
F
100
AcDbMLeaderStyle
179
2
170
2
171
1
172
0
 90
2
 40
0.0
 41
0.0
173
1
 91
-1056964608
 92
-2
290
1
 42
2.0
291
1
 43
8.0
  3
Standard
 44
4.0
300

342
29
174
1
175
1
176
0
178
1
 93
-1056964608
 45
4.0
292
0
297
0
 46
4.0
 94
-1056964608
 47
1.0
 49
1.0
140
1.0
294
1
141
0.0
177
0
142
1.0
295
0
296
0
143
3.75
271
0
272
9
273
9
  0
DICTIONARY
  5
2D
330
A
100
AcDbDictionary
280
1
281
1
  3
CREATED_BY_EZDXF
350
2E
  3
WRITTEN_BY_EZDXF
350
628
  0
DICTIONARYVAR
  5
2E
330
2D
100
DictionaryVariables
280
0
  1
1.4.4 @ 2026-09-25T05:31:05.571975+00:00
  0
DICTIONARYVAR
  5
628
330
2D
100
DictionaryVariables
280
0
  1
1.4.4 @ 2026-09-25T05:31:05.735276+00:00
  0
ENDSEC
  0
EOF
