  0
SECTION
  2
HEADER
  9
$ACADVER
  1
AC1032
  9
$ACADMAINTVER
 90
4
  9
$DWGCODEPAGE
  3
ANSI_1252
  9
$LASTSAVEDBY
  1
ezdxf
  9
$REQUIREDVERSIONS
160
0
  9
$INSBASE
 10
0.0
 20
0.0
 30
0.0
  9
$EXTMIN
 10
1e+20
 20
1e+20
 30
1e+20
  9
$EXTMAX
 10
-1e+20
 20
-1e+20
 30
-1e+20
  9
$LIMMIN
 10
0.0
 20
0.0
  9
$LIMMAX
 10
420.0
 20
297.0
  9
$ORTHOMODE
 70
0
  9
$REGENMODE
 70
1
  9
$FILLMODE
 70
1
  9
$QTEXTMODE
 70
0
  9
$MIRRTEXT
 70
1
  9
$LTSCALE
 40
1.0
  9
$ATTMODE
 70
1
  9
$TEXTSIZE
 40
2.5
  9
$TRACEWID
 40
1.0
  9
$TEXTSTYLE
  7
Standard
  9
$CLAYER
  8
0
  9
$CELTYPE
  6
ByLayer
  9
$CECOLOR
 62
256
  9
$CELTSCALE
 40
1.0
  9
$DISPSILH
 70
0
  9
$DIMSCALE
 40
1.0
  9
$DIMASZ
 40
2.5
  9
$DIMEXO
 40
0.625
  9
$DIMDLI
 40
3.75
  9
$DIMRND
 40
0.0
  9
$DIMDLE
 40
0.0
  9
$DIMEXE
 40
1.25
  9
$DIMTP
 40
0.0
  9
$DIMTM
 40
0.0
  9
$DIMTXT
 40
2.5
  9
$DIMCEN
 40
2.5
  9
$DIMTSZ
 40
0.0
  9
$DIMTOL
 70
0
  9
$DIMLIM
 70
0
  9
$DIMTIH
 70
0
  9
$DIMTOH
 70
0
  9
$DIMSE1
 70
0
  9
$DIMSE2
 70
0
  9
$DIMTAD
 70
1
  9
$DIMZIN
 70
8
  9
$DIMBLK
  1

  9
$DIMASO
 70
1
  9
$DIMSHO
 70
1
  9
$DIMPOST
  1

  9
$DIMAPOST
  1

  9
$DIMALT
 70
0
  9
$DIMALTD
 70
3
  9
$DIMALTF
 40
0.03937007874
  9
$DIMLFAC
 40
1.0
  9
$DIMTOFL
 70
1
  9
$DIMTVP
 40
0.0
  9
$DIMTIX
 70
0
  9
$DIMSOXD
 70
0
  9
$DIMSAH
 70
0
  9
$DIMBLK1
  1

  9
$DIMBLK2
  1

  9
$DIMSTYLE
  2
ISO-25
  9
$DIMCLRD
 70
0
  9
$DIMCLRE
 70
0
  9
$DIMCLRT
 70
0
  9
$DIMTFAC
 40
1.0
  9
$DIMGAP
 40
0.625
  9
$DIMJUST
 70
0
  9
$DIMSD1
 70
0
  9
$DIMSD2
 70
0
  9
$DIMTOLJ
 70
0
  9
$DIMTZIN
 70
8
  9
$DIMALTZ
 70
0
  9
$DIMALTTZ
 70
0
  9
$DIMUPT
 70
0
  9
$DIMDEC
 70
2
  9
$DIMTDEC
 70
2
  9
$DIMALTU
 70
2
  9
$DIMALTTD
 70
3
  9
$DIMTXSTY
  7
Standard
  9
$DIMAUNIT
 70
0
  9
$DIMADEC
 70
0
  9
$DIMALTRND
 40
0.0
  9
$DIMAZIN
 70
0
  9
$DIMDSEP
 70
44
  9
$DIMATFIT
 70
3
  9
$DIMFRAC
 70
0
  9
$DIMLDRBLK
  1

  9
$DIMLUNIT
 70
2
  9
$DIMLWD
 70
-2
  9
$DIMLWE
 70
-2
  9
$DIMTMOVE
 70
0
  9
$DIMFXL
 40
1.0
  9
$DIMFXLON
 70
0
  9
$DIMJOGANG
 40
0.785398163397
  9
$DIMTFILL
 70
0
  9
$DIMTFILLCLR
 70
0
  9
$DIMARCSYM
 70
0
  9
$DIMLTYPE
  6

  9
$DIMLTEX1
  6

  9
$DIMLTEX2
  6

  9
$DIMTXTDIRECTION
 70
0
  9
$LUNITS
 70
2
  9
$LUPREC
 70
4
  9
$SKETCHINC
 40
1.0
  9
$FILLETRAD
 40
10.0
  9
$AUNITS
 70
0
  9
$AUPREC
 70
2
  9
$MENU
  1
.
  9
$ELEVATION
 40
0.0
  9
$PELEVATION
 40
0.0
  9
$THICKNESS
 40
0.0
  9
$LIMCHECK
 70
0
  9
$CHAMFERA
 40
0.0
  9
$CHAMFERB
 40
0.0
  9
$CHAMFERC
 40
0.0
  9
$CHAMFERD
 40
0.0
  9
$SKPOLY
 70
0
  9
$TDCREATE
 40
2461309.4257407407
  9
$TDUCREATE
 40
2458532.153996898
  9
$TDUPDATE
 40
2461309.4257407407
  9
$TDUUPDATE
 40
2458532.1544311
  9
$TDINDWG
 40
0.0
  9
$TDUSRTIMER
 40
0.0
  9
$USRTIMER
 70
1
  9
$ANGBASE
 50
0.0
  9
$ANGDIR
 70
0
  9
$PDMODE
 70
0
  9
$PDSIZE
 40
0.0
  9
$PLINEWID
 40
0.0
  9
$SPLFRAME
 70
0
  9
$SPLINETYPE
 70
6
  9
$SPLINESEGS
 70
8
  9
$HANDSEED
  5
779
  9
$SURFTAB1
 70
6
  9
$SURFTAB2
 70
6
  9
$SURFTYPE
 70
6
  9
$SURFU
 70
6
  9
$SURFV
 70
6
  9
$UCSBASE
  2

  9
$UCSNAME
  2

  9
$UCSORG
 10
0.0
 20
0.0
 30
0.0
  9
$UCSXDIR
 10
1.0
 20
0.0
 30
0.0
  9
$UCSYDIR
 10
0.0
 20
1.0
 30
0.0
  9
$UCSORTHOREF
  2

  9
$UCSORTHOVIEW
 70
0
  9
$UCSORGTOP
 10
0.0
 20
0.0
 30
0.0
  9
$UCSORGBOTTOM
 10
0.0
 20
0.0
 30
0.0
  9
$UCSORGLEFT
 10
0.0
 20
0.0
 30
0.0
  9
$UCSORGRIGHT
 10
0.0
 20
0.0
 30
0.0
  9
$UCSORGFRONT
 10
0.0
 20
0.0
 30
0.0
  9
$UCSORGBACK
 10
0.0
 20
0.0
 30
0.0
  9
$PUCSBASE
  2

  9
$PUCSNAME
  2

  9
$PUCSORG
 10
0.0
 20
0.0
 30
0.0
  9
$PUCSXDIR
 10
1.0
 20
0.0
 30
0.0
  9
$PUCSYDIR
 10
0.0
 20
1.0
 30
0.0
  9
$PUCSORTHOREF
  2

  9
$PUCSORTHOVIEW
 70
0
  9
$PUCSORGTOP
 10
0.0
 20
0.0
 30
0.0
  9
$PUCSORGBOTTOM
 10
0.0
 20
0.0
 30
0.0
  9
$PUCSORGLEFT
 10
0.0
 20
0.0
 30
0.0
  9
$PUCSORGRIGHT
 10
0.0
 20
0.0
 30
0.0
  9
$PUCSORGFRONT
 10
0.0
 20
0.0
 30
0.0
  9
$PUCSORGBACK
 10
0.0
 20
0.0
 30
0.0
  9
$USERI1
 70
0
  9
$USERI2
 70
0
  9
$USERI3
 70
0
  9
$USERI4
 70
0
  9
$USERI5
 70
0
  9
$USERR1
 40
0.0
  9
$USERR2
 40
0.0
  9
$USERR3
 40
0.0
  9
$USERR4
 40
0.0
  9
$USERR5
 40
0.0
  9
$WORLDVIEW
 70
1
  9
$SHADEDGE
 70
3
  9
$SHADEDIF
 70
70
  9
$TILEMODE
 70
1
  9
$MAXACTVP
 70
64
  9
$PINSBASE
 10
0.0
 20
0.0
 30
0.0
  9
$PLIMCHECK
 70
0
  9
$PEXTMIN
 10
1e+20
 20
1e+20
 30
1e+20
  9
$PEXTMAX
 10
-1e+20
 20
-1e+20
 30
-1e+20
  9
$PLIMMIN
 10
-0.0
 20
-0.0
  9
$PLIMMAX
 10
400.0
 20
594.0
  9
$UNITMODE
 70
0
  9
$VISRETAIN
 70
1
  9
$PLINEGEN
 70
0
  9
$PSLTSCALE
 70
0
  9
$TREEDEPTH
 70
3020
  9
$CMLSTYLE
  2
Standard
  9
$CMLJUST
 70
0
  9
$CMLSCALE
 40
20.0
  9
$PROXYGRAPHICS
 70
1
  9
$MEASUREMENT
 70
1
  9
$CELWEIGHT
370
-1
  9
$ENDCAPS
280
0
  9
$JOINSTYLE
280
0
  9
$LWDISPLAY
290
1
  9
$INSUNITS
 70
6
  9
$HYPERLINKBASE
  1

  9
$STYLESHEET
  1

  9
$XEDIT
290
1
  9
$CEPSNTYPE
380
0
  9
$PSTYLEMODE
290
1
  9
$FINGERPRINTGUID
  2
{A4043195-22E1-4C41-96E2-83C23C672AC0}
  9
$VERSIONGUID
  2
{80F7A424-EE64-498D-9C23-5C653E2443E2}
  9
$EXTNAMES
290
1
  9
$PSVPSCALE
 40
0.0
  9
$OLESTARTUP
290
0
  9
$SORTENTS
280
127
  9
$INDEXCTL
280
0
  9
$HIDETEXT
280
1
  9
$XCLIPFRAME
280
1
  9
$HALOGAP
280
0
  9
$OBSCOLOR
 70
257
  9
$OBSLTYPE
280
0
  9
$INTERSECTIONDISPLAY
280
0
  9
$INTERSECTIONCOLOR
 70
257
  9
$DIMASSOC
280
2
  9
$PROJECTNAME
  1

  9
$CAMERADISPLAY
290
0
  9
$LENSLENGTH
 40
50.0
  9
$CAMERAHEIGHT
 40
0.0
  9
$STEPSPERSEC
 40
24.0
  9
$STEPSIZE
 40
100.0
  9
$3DDWFPREC
 40
2.0
  9
$PSOLWIDTH
 40
0.005
  9
$PSOLHEIGHT
 40
0.08
  9
$LOFTANG1
 40
1.570796326795
  9
$LOFTANG2
 40
1.570796326795
  9
$LOFTMAG1
 40
0.0
  9
$LOFTMAG2
 40
0.0
  9
$LOFTPARAM
 70
7
  9
$LOFTNORMALS
280
1
  9
$LATITUDE
 40
37.795
  9
$LONGITUDE
 40
-122.394
  9
$NORTHDIRECTION
 40
0.0
  9
$TIMEZONE
 70
-8000
  9
$LIGHTGLYPHDISPLAY
280
1
  9
$TILEMODELIGHTSYNCH
280
1
  9
$CMATERIAL
347
20
  9
$SOLIDHIST
280
0
  9
$SHOWHIST
280
1
  9
$DWFFRAME
280
2
  9
$DGNFRAME
280
2
  9
$REALWORLDSCALE
290
1
  9
$INTERFERECOLOR
 62
256
  9
$CSHADOW
280
0
  9
$SHADOWPLANELOCATION
 40
0.0
  0
ENDSEC
  0
SECTION
  2
CLASSES
  0
CLASS
  1
ACDBDICTIONARYWDFLT
  2
AcDbDictionaryWithDefault
  3
ObjectDBX Classes
 90
0
 91
0
280
0
281
0
  0
CLASS
  1
SUN
  2
AcDbSun
  3
SCENEOE
 90
1153
 91
0
280
0
281
0
  0
CLASS
  1
VISUALSTYLE
  2
AcDbVisualStyle
  3
ObjectDBX Classes
 90
4095
 91
0
280
0
281
0
  0
CLASS
  1
MATERIAL
  2
AcDbMaterial
  3
ObjectDBX Classes
 90
1153
 91
0
280
0
281
0
  0
CLASS
  1
SCALE
  2
AcDbScale
  3
ObjectDBX Classes
 90
1153
 91
0
280
0
281
0
  0
CLASS
  1
TABLESTYLE
  2
AcDbTableStyle
  3
ObjectDBX Classes
 90
4095
 91
0
280
0
281
0
  0
CLASS
  1
MLEADERSTYLE
  2
AcDbMLeaderStyle
  3
ACDB_MLEADERSTYLE_CLASS
 90
4095
 91
0
280
0
281
0
  0
CLASS
  1
DICTIONARYVAR
  2
AcDbDictionaryVar
  3
ObjectDBX Classes
 90
0
 91
0
280
0
281
0
  0
CLASS
  1
CELLSTYLEMAP
  2
AcDbCellStyleMap
  3
ObjectDBX Classes
 90
1152
 91
0
280
0
281
0
  0
CLASS
  1
MENTALRAYRENDERSETTINGS
  2
AcDbMentalRayRenderSettings
  3
SCENEOE
 90
1024
 91
0
280
0
281
0
  0
CLASS
  1
ACDBDETAILVIEWSTYLE
  2
AcDbDetailViewStyle
  3
ObjectDBX Classes
 90
1025
 91
0
280
0
281
0
  0
CLASS
  1
ACDBSECTIONVIEWSTYLE
  2
AcDbSectionViewStyle
  3
ObjectDBX Classes
 90
1025
 91
0
280
0
281
0
  0
CLASS
  1
RASTERVARIABLES
  2
AcDbRasterVariables
  3
ISM
 90
0
 91
0
280
0
281
0
  0
CLASS
  1
LAYOUT
  2
AcDbLayout
  3
ObjectDBX Classes
 90
0
 91
0
280
0
281
0
  0
CLASS
  1
ACDBPLACEHOLDER
  2
AcDbPlaceHolder
  3
ObjectDBX Classes
 90
0
 91
0
280
0
281
0
  0
ENDSEC
  0
SECTION
  2
TABLES
  0
TABLE
  2
VPORT
  5
8
330
0
100
AcDbSymbolTable
 70
1
  0
VPORT
  5
23
330
8
100
AcDbSymbolTableRecord
100
AcDbViewportTableRecord
  2
*Active
 70
0
 10
0.0
 20
0.0
 11
1.0
 21
1.0
 12
0.0
 22
0.0
 13
0.0
 23
0.0
 14
0.5
 24
0.5
 15
0.5
 25
0.5
 16
0.0
 26
0.0
 36
1.0
 17
0.0
 27
0.0
 37
0.0
 40
1000.0
 41
1.34
 42
50.0
 43
0.0
 44
0.0
 50
0.0
 51
0.0
 71
0
 72
1000
 73
1
 74
3
 75
0
 76
0
 77
0
 78
0
281
0
 65
0
146
0.0
  0
ENDTAB
  0
TABLE
  2
LTYPE
  5
2
330
0
100
AcDbSymbolTable
 70
14
  0
LTYPE
  5
24
330
2
100
AcDbSymbolTableRecord
100
AcDbLinetypeTableRecord
  2
ByBlock
 70
0
  3

 72
65
 73
0
 40
0.0
  0
LTYPE
  5
25
330
2
100
AcDbSymbolTableRecord
100
AcDbLinetypeTableRecord
  2
ByLayer
 70
0
  3

 72
65
 73
0
 40
0.0
  0
LTYPE
  5
26
330
2
100
AcDbSymbolTableRecord
100
AcDbLinetypeTableRecord
  2
Continuous
 70
0
  3

 72
65
 73
0
 40
0.0
  0
LTYPE
  5
2F
330
2
100
AcDbSymbolTableRecord
100
AcDbLinetypeTableRecord
  2
KRESKOWA
 70
0
  3
Linia kreskowa (02): krawędzie niewidoczne, elementy pod/nad płaszczyzną cięcia
 72
65
 73
2
 40
5.249999999999999
 49
4.199999999999999
 74
0
 49
-1.0499999999999998
 74
0
  0
LTYPE
  5
30
330
2
100
AcDbSymbolTableRecord
100
AcDbLinetypeTableRecord
  2
KRESKOWA_DROBNA
 70
0
  3
Linia kreskowa drobna (kreska krótka 6d)
 72
65
 73
2
 40
3.1499999999999995
 49
2.0999999999999996
 74
0
 49
-1.0499999999999998
 74
0
  0
LTYPE
  5
31
330
2
100
AcDbSymbolTableRecord
100
AcDbLinetypeTableRecord
  2
PUNKTOWA
 70
0
  3
Linia punktowa (04): osie, płaszczyzny przekroju
 72
65
 73
4
 40
10.5
 49
8.399999999999999
 74
0
 49
-1.0499999999999998
 74
0
 49
0.0
 74
0
 49
-1.0499999999999998
 74
0
  0
LTYPE
  5
32
330
2
100
AcDbSymbolTableRecord
100
AcDbLinetypeTableRecord
  2
PUNKTOWA_KROTKA
 70
0
  3
Linia punktowa z kreską zwykłą (końce przekrojów, gaz)
 72
65
 73
4
 40
6.299999999999999
 49
4.199999999999999
 74
0
 49
-1.0499999999999998
 74
0
 49
0.0
 74
0
 49
-1.0499999999999998
 74
0
  0
LTYPE
  5
33
330
2
100
AcDbSymbolTableRecord
100
AcDbLinetypeTableRecord
  2
DWUPUNKTOWA
 70
0
  3
Linia dwupunktowa (05): położenia skrajne, części przyległe
 72
65
 73
6
 40
11.55
 49
8.399999999999999
 74
0
 49
-1.0499999999999998
 74
0
 49
0.0
 74
0
 49
-1.0499999999999998
 74
0
 49
0.0
 74
0
 49
-1.0499999999999998
 74
0
  0
LTYPE
  5
34
330
2
100
AcDbSymbolTableRecord
100
AcDbLinetypeTableRecord
  2
KROPKOWA
 70
0
  3
Linia kropkowa (07): elementy nieobjęte projektem
 72
65
 73
2
 40
1.0499999999999998
 49
0.0
 74
0
 49
-1.0499999999999998
 74
0
  0
LTYPE
  5
35
330
2
100
AcDbSymbolTableRecord
100
AcDbLinetypeTableRecord
  2
KRESKA_DLUGA
 70
0
  3
Linia kreskowa długa (instalacje)
 72
65
 73
2
 40
9.45
 49
8.399999999999999
 74
0
 49
-1.0499999999999998
 74
0
  0
LTYPE
  5
36
330
2
100
AcDbSymbolTableRecord
100
AcDbLinetypeTableRecord
  2
KRESKOWA_3_1
 70
0
  3
Linia kreskowa 3/1 mm (paroizolacja, R4 pkt 3.8)
 72
65
 73
2
 40
4.0
 49
3.0
 74
0
 49
-1.0
 74
0
  0
LTYPE
  5
37
330
2
100
AcDbSymbolTableRecord
100
AcDbLinetypeTableRecord
  2
HYDRO_OKNA
 70
0
  3
Białe okna pasa izolacji przeciwwodnej (czarny 3 / biały 1,5 mm)
 72
65
 73
2
 40
4.5
 49
1.5
 74
0
 49
-3.0
 74
0
  0
LTYPE
  5
38
330
2
100
AcDbSymbolTableRecord
100
AcDbLinetypeTableRecord
  2
WIELOPUNKTOWA
 70
0
  3
Linia wielopunktowa (telekomunikacja, PN-B-01027)
 72
65
 73
8
 40
13.399999999999999
 49
9.0
 74
0
 49
-1.2
 74
0
 49
0.0
 74
0
 49
-1.0
 74
0
 49
0.0
 74
0
 49
-1.0
 74
0
 49
0.0
 74
0
 49
-1.2
 74
0
  0
LTYPE
  5
39
330
2
100
AcDbSymbolTableRecord
100
AcDbLinetypeTableRecord
  2
KABEL_E
 70
0
  3
Kabel elektroenergetyczny (PN-B-01027: kreskowa 2·9·2)
 72
65
 73
2
 40
11.0
 49
9.0
 74
0
 49
-2.0
 74
0
  0
ENDTAB
  0
TABLE
  2
LAYER
  5
1
330
0
100
AcDbSymbolTable
 70
103
  0
LAYER
  5
27
330
1
100
AcDbSymbolTableRecord
100
AcDbLayerTableRecord
  2
0
 70
0
 62
7
  6
Continuous
370
-3
390
13
347
21
  0
LAYER
  5
28
330
1
100
AcDbSymbolTableRecord
100
AcDbLayerTableRecord
  2
Defpoints
 70
0
 62
7
  6
Continuous
290
0
370
-3
390
13
347
21
  0
LAYER
  5
3E
330
1
100
AcDbSymbolTableRecord
100
AcDbLayerTableRecord
  2
R-RAMKA
 70
0
 62
7
  6
Continuous
370
50
390
13
347
21
1001
AcAecLayerStandard
1000

1000
Ramka arkusza, znaki składania i centrowania
  0
LAYER
  5
40
330
1
100
AcDbSymbolTableRecord
100
AcDbLayerTableRecord
  2
R-TABLICZKA
 70
0
 62
7
  6
Continuous
370
25
390
13
347
21
1001
AcAecLayerStandard
1000

1000
Tabliczka rysunkowa (PN-EN ISO 7200)
  0
LAYER
  5
41
330
1
100
AcDbSymbolTableRecord
100
AcDbLayerTableRecord
  2
R-OPISY
 70
0
 62
7
  6
Continuous
370
25
390
13
347
21
1001
AcAecLayerStandard
1000

1000
Opisy arkusza: tytuły rzutni, uwagi, legendy
  0
LAYER
  5
42
330
1
100
AcDbSymbolTableRecord
100
AcDbLayerTableRecord
  2
R-LEGENDA
 70
0
 62
7
  6
Continuous
370
25
390
13
347
21
1001
AcAecLayerStandard
1000

1000
Legenda oznaczeń
  0
LAYER
  5
43
330
1
100
AcDbSymbolTableRecord
100
AcDbLayerTableRecord
  2
R-RZUTNIA
 70
0
 62
8
  6
Continuous
290
0
370
18
390
13
347
21
1001
AcAecLayerStandard
1000

1000
Obrys rzutni (nie drukowany)
  0
LAYER
  5
44
330
1
100
AcDbSymbolTableRecord
100
AcDbLayerTableRecord
  2
A-SCIANY-KONSTR
 70
0
 62
7
  6
Continuous
370
50
390
13
347
21
1001
AcAecLayerStandard
1000

1000
Ściany i słupy konstrukcyjne w przekroju — kontur
  0
LAYER
  5
45
330
1
100
AcDbSymbolTableRecord
100
AcDbLayerTableRecord
  2
A-SCIANY-DZIAL
 70
0
 62
7
  6
Continuous
370
35
390
13
347
21
1001
AcAecLayerStandard
1000

1000
Ścianki działowe w przekroju — kontur
  0
LAYER
  5
46
330
1
100
AcDbSymbolTableRecord
100
AcDbLayerTableRecord
  2
A-SCIANY-IZOL
 70
0
 62
4
  6
Continuous
370
35
390
13
347
21
1001
AcAecLayerStandard
1000

1000
Warstwy izolacji termicznej ścian — kontur
  0
LAYER
  5
47
330
1
100
AcDbSymbolTableRecord
100
AcDbLayerTableRecord
  2
A-SCIANY-WYK
 70
0
 62
8
  6
Continuous
370
18
390
13
347
21
1001
AcAecLayerStandard
1000

1000
Tynki, okładziny, warstwy wykończeniowe — kontur
  0
LAYER
  5
48
330
1
100
AcDbSymbolTableRecord
100
AcDbLayerTableRecord
  2
A-STROPY
 70
0
 62
7
  6
Continuous
370
50
390
13
347
21
1001
AcAecLayerStandard
1000

1000
Stropy, płyty, stropodachy w przekroju — kontur
  0
LAYER
  5
49
330
1
100
AcDbSymbolTableRecord
100
AcDbLayerTableRecord
  2
A-WARSTWY
 70
0
 62
8
  6
Continuous
370
25
390
13
347
21
1001
AcAecLayerStandard
1000

1000
Warstwy przegród poziomych (podłogi, dachy) — kontur
  0
LAYER
  5
4A
330
1
100
AcDbSymbolTableRecord
100
AcDbLayerTableRecord
  2
A-IZOL-WODNA
 70
0
 62
5
  6
Continuous
370
100
390
13
347
21
1001
AcAecLayerStandard
1000

1000
Izolacje przeciwwodne/przeciwwilgociowe/paroizolacje
  0
LAYER
  5
4B
330
1
100
AcDbSymbolTableRecord
100
AcDbLayerTableRecord
  2
A-FUNDAMENTY
 70
0
 62
7
  6
Continuous
370
50
390
13
347
21
1001
AcAecLayerStandard
1000

1000
Fundamenty w przekroju — kontur
  0
LAYER
  5
4C
330
1
100
AcDbSymbolTableRecord
100
AcDbLayerTableRecord
  2
A-KRESKOWANIE
 70
0
 62
8
  6
Continuous
370
18
390
13
347
21
1001
AcAecLayerStandard
1000

1000
Kreskowanie materiałów (PN-B-01030)
  0
LAYER
  5
4D
330
1
100
AcDbSymbolTableRecord
100
AcDbLayerTableRecord
  2
A-WYPELNIENIA
 70
0
 62
9
  6
Continuous
370
18
390
13
347
21
1001
AcAecLayerStandard
1000

1000
Wypełnienia (zaczernienia, tła)
  0
LAYER
  5
4E
330
1
100
AcDbSymbolTableRecord
100
AcDbLayerTableRecord
  2
A-WIDOK
 70
0
 62
7
  6
Continuous
370
25
390
13
347
21
1001
AcAecLayerStandard
1000

1000
Krawędzie widoczne (poza płaszczyzną cięcia)
  0
LAYER
  5
4F
330
1
100
AcDbSymbolTableRecord
100
AcDbLayerTableRecord
  2
A-NIEWIDOCZNE
 70
0
 62
8
  6
KRESKOWA
370
25
390
13
347
21
1001
AcAecLayerStandard
1000

1000
Krawędzie niewidoczne
  0
LAYER
  5
50
330
1
100
AcDbSymbolTableRecord
100
AcDbLayerTableRecord
  2
A-NAD-CIECIEM
 70
0
 62
8
  6
KRESKOWA
370
25
390
13
347
21
1001
AcAecLayerStandard
1000

1000
Elementy nad płaszczyzną cięcia (belki, nadproża, okapy)
  0
LAYER
  5
51
330
1
100
AcDbSymbolTableRecord
100
AcDbLayerTableRecord
  2
A-OKNA
 70
0
 62
3
  6
Continuous
370
35
390
13
347
21
1001
AcAecLayerStandard
1000

1000
Stolarka okienna
  0
LAYER
  5
52
330
1
100
AcDbSymbolTableRecord
100
AcDbLayerTableRecord
  2
A-DRZWI
 70
0
 62
3
  6
Continuous
370
35
390
13
347
21
1001
AcAecLayerStandard
1000

1000
Stolarka drzwiowa
  0
LAYER
  5
53
330
1
100
AcDbSymbolTableRecord
100
AcDbLayerTableRecord
  2
A-SCHODY
 70
0
 62
6
  6
Continuous
370
25
390
13
347
21
1001
AcAecLayerStandard
1000

1000
Schody, pochylnie, balustrady
  0
LAYER
  5
54
330
1
100
AcDbSymbolTableRecord
100
AcDbLayerTableRecord
  2
A-MEBLE
 70
0
 62
8
  6
Continuous
370
18
390
13
347
21
1001
AcAecLayerStandard
1000

1000
Meble i wyposażenie ruchome
  0
LAYER
  5
55
330
1
100
AcDbSymbolTableRecord
100
AcDbLayerTableRecord
  2
A-SANITARNE
 70
0
 62
6
  6
Continuous
370
25
390
13
347
21
1001
AcAecLayerStandard
1000

1000
Wyposażenie sanitarne i kuchenne
  0
LAYER
  5
56
330
1
100
AcDbSymbolTableRecord
100
AcDbLayerTableRecord
  2
A-WYMIARY
 70
0
 62
1
  6
Continuous
370
25
390
13
347
21
1001
AcAecLayerStandard
1000

1000
Wymiarowanie (PN-B-01029)
  0
LAYER
  5
57
330
1
100
AcDbSymbolTableRecord
100
AcDbLayerTableRecord
  2
A-OPISY
 70
0
 62
2
  6
Continuous
370
25
390
13
347
21
1001
AcAecLayerStandard
1000

1000
Opisy, odnośniki, opisy warstw
  0
LAYER
  5
58
330
1
100
AcDbSymbolTableRecord
100
AcDbLayerTableRecord
  2
A-POMIESZCZENIA
 70
0
 62
2
  6
Continuous
370
25
390
13
347
21
1001
AcAecLayerStandard
1000

1000
Oznaczenia pomieszczeń (PN-EN ISO 4157)
  0
LAYER
  5
59
330
1
100
AcDbSymbolTableRecord
100
AcDbLayerTableRecord
  2
A-OSIE
 70
0
 62
1
  6
PUNKTOWA
370
25
390
13
347
21
1001
AcAecLayerStandard
1000

1000
Osie konstrukcyjne
  0
LAYER
  5
5A
330
1
100
AcDbSymbolTableRecord
100
AcDbLayerTableRecord
  2
A-RZEDNE
 70
0
 62
1
  6
Continuous
370
25
390
13
347
21
1001
AcAecLayerStandard
1000

1000
Rzędne wysokościowe
  0
LAYER
  5
5B
330
1
100
AcDbSymbolTableRecord
100
AcDbLayerTableRecord
  2
A-PRZEKROJE
 70
0
 62
1
  6
PUNKTOWA_KROTKA
370
50
390
13
347
21
1001
AcAecLayerStandard
1000

1000
Oznaczenia przekrojów i widoków
  0
LAYER
  5
5C
330
1
100
AcDbSymbolTableRecord
100
AcDbLayerTableRecord
  2
A-SYMBOLE
 70
0
 62
2
  6
Continuous
370
25
390
13
347
21
1001
AcAecLayerStandard
1000

1000
Symbole ogólne (północ, spadki, odnośniki)
  0
LAYER
  5
5D
330
1
100
AcDbSymbolTableRecord
100
AcDbLayerTableRecord
  2
A-TEREN
 70
0
 62
32
  6
Continuous
370
50
390
13
347
21
1001
AcAecLayerStandard
1000

1000
Linia terenu, grunt
  0
LAYER
  5
5E
330
1
100
AcDbSymbolTableRecord
100
AcDbLayerTableRecord
  2
A-ELEWACJE
 70
0
 62
7
  6
Continuous
370
35
390
13
347
21
1001
AcAecLayerStandard
1000

1000
Elewacje — krawędzie
  0
LAYER
  5
5F
330
1
100
AcDbSymbolTableRecord
100
AcDbLayerTableRecord
  2
A-MASKA
 70
0
 62
7
  6
Continuous
370
18
390
13
347
21
1001
AcAecLayerStandard
1000

1000
Maski (tło napisów)
  0
LAYER
  5
60
330
1
100
AcDbSymbolTableRecord
100
AcDbLayerTableRecord
  2
K-KONSTR
 70
0
 62
7
  6
Continuous
370
50
390
13
347
21
1001
AcAecLayerStandard
1000

1000
Konstrukcja — kontury elementów
  0
LAYER
  5
61
330
1
100
AcDbSymbolTableRecord
100
AcDbLayerTableRecord
  2
K-ZBROJENIE
 70
0
 62
1
  6
Continuous
370
100
390
13
347
21
1001
AcAecLayerStandard
1000

1000
Zbrojenie — pręty (PN-EN ISO 3766)
  0
LAYER
  5
62
330
1
100
AcDbSymbolTableRecord
100
AcDbLayerTableRecord
  2
K-ZBROJENIE-OPIS
 70
0
 62
2
  6
Continuous
370
25
390
13
347
21
1001
AcAecLayerStandard
1000

1000
Zbrojenie — opisy pozycji
  0
LAYER
  5
63
330
1
100
AcDbSymbolTableRecord
100
AcDbLayerTableRecord
  2
K-WYMIARY
 70
0
 62
1
  6
Continuous
370
25
390
13
347
21
1001
AcAecLayerStandard
1000

1000
Konstrukcja — wymiary
  0
LAYER
  5
64
330
1
100
AcDbSymbolTableRecord
100
AcDbLayerTableRecord
  2
K-OSIE
 70
0
 62
1
  6
PUNKTOWA
370
25
390
13
347
21
1001
AcAecLayerStandard
1000

1000
Konstrukcja — osie
  0
LAYER
  5
65
330
1
100
AcDbSymbolTableRecord
100
AcDbLayerTableRecord
  2
S-WODA
 70
0
 62
5
420
20680
  6
Continuous
370
35
390
13
347
21
1001
AcAecLayerStandard
1000

1000
Instalacja wody zimnej
  0
LAYER
  5
66
330
1
100
AcDbSymbolTableRecord
100
AcDbLayerTableRecord
  2
S-CWU
 70
0
 62
1
420
13631488
  6
KRESKOWA
370
35
390
13
347
21
1001
AcAecLayerStandard
1000

1000
Instalacja ciepłej wody użytkowej
  0
LAYER
  5
67
330
1
100
AcDbSymbolTableRecord
100
AcDbLayerTableRecord
  2
S-CYRK
 70
0
 62
6
420
11534512
  6
PUNKTOWA_KROTKA
370
25
390
13
347
21
1001
AcAecLayerStandard
1000

1000
Instalacja cyrkulacji CWU
  0
LAYER
  5
68
330
1
100
AcDbSymbolTableRecord
100
AcDbLayerTableRecord
  2
S-KANAL
 70
0
 62
34
420
8013056
  6
Continuous
370
50
390
13
347
21
1001
AcAecLayerStandard
1000

1000
Kanalizacja sanitarna
  0
LAYER
  5
69
330
1
100
AcDbSymbolTableRecord
100
AcDbLayerTableRecord
  2
S-DESZCZ
 70
0
 62
150
420
32906
  6
KRESKA_DLUGA
370
35
390
13
347
21
1001
AcAecLayerStandard
1000

1000
Kanalizacja deszczowa / odwodnienie
  0
LAYER
  5
6A
330
1
100
AcDbSymbolTableRecord
100
AcDbLayerTableRecord
  2
S-OGRZ
 70
0
 62
1
420
14700544
  6
Continuous
370
25
390
13
347
21
1001
AcAecLayerStandard
1000

1000
Ogrzewanie (zasilanie/powrót, pętle podłogowe)
  0
LAYER
  5
6B
330
1
100
AcDbSymbolTableRecord
100
AcDbLayerTableRecord
  2
S-WENT
 70
0
 62
3
420
35328
  6
Continuous
370
35
390
13
347
21
1001
AcAecLayerStandard
1000

1000
Wentylacja mechaniczna
  0
LAYER
  5
6C
330
1
100
AcDbSymbolTableRecord
100
AcDbLayerTableRecord
  2
S-URZADZENIA
 70
0
 62
2
420
3158064
  6
Continuous
370
35
390
13
347
21
1001
AcAecLayerStandard
1000

1000
Urządzenia i armatura instalacji sanitarnych
  0
LAYER
  5
6D
330
1
100
AcDbSymbolTableRecord
100
AcDbLayerTableRecord
  2
S-OPISY
 70
0
 62
2
  6
Continuous
370
25
390
13
347
21
1001
AcAecLayerStandard
1000

1000
Instalacje sanitarne — opisy
  0
LAYER
  5
6E
330
1
100
AcDbSymbolTableRecord
100
AcDbLayerTableRecord
  2
E-GNIAZDA
 70
0
 62
1
420
12582912
  6
Continuous
370
35
390
13
347
21
1001
AcAecLayerStandard
1000

1000
Gniazda wtyczkowe (PN-EN 60617)
  0
LAYER
  5
6F
330
1
100
AcDbSymbolTableRecord
100
AcDbLayerTableRecord
  2
E-OSWIETLENIE
 70
0
 62
30
420
13656064
  6
Continuous
370
35
390
13
347
21
1001
AcAecLayerStandard
1000

1000
Oprawy oświetleniowe
  0
LAYER
  5
70
330
1
100
AcDbSymbolTableRecord
100
AcDbLayerTableRecord
  2
E-LACZNIKI
 70
0
 62
30
420
13656064
  6
Continuous
370
35
390
13
347
21
1001
AcAecLayerStandard
1000

1000
Łączniki, czujniki
  0
LAYER
  5
71
330
1
100
AcDbSymbolTableRecord
100
AcDbLayerTableRecord
  2
E-TRASY
 70
0
 62
8
420
6316128
  6
Continuous
370
25
390
13
347
21
1001
AcAecLayerStandard
1000

1000
Trasy przewodów
  0
LAYER
  5
72
330
1
100
AcDbSymbolTableRecord
100
AcDbLayerTableRecord
  2
E-ROZDZIELNICE
 70
0
 62
1
420
12582912
  6
Continuous
370
35
390
13
347
21
1001
AcAecLayerStandard
1000

1000
Rozdzielnice, złącza, puszki
  0
LAYER
  5
73
330
1
100
AcDbSymbolTableRecord
100
AcDbLayerTableRecord
  2
E-TELETECH
 70
0
 62
5
420
20680
  6
Continuous
370
35
390
13
347
21
1001
AcAecLayerStandard
1000

1000
Instalacje teletechniczne (LAN, TV, domofon)
  0
LAYER
  5
74
330
1
100
AcDbSymbolTableRecord
100
AcDbLayerTableRecord
  2
E-ODGROM
 70
0
 62
3
420
35328
  6
Continuous
370
35
390
13
347
21
1001
AcAecLayerStandard
1000

1000
Uziemienia, połączenia wyrównawcze, ochrona odgromowa
  0
LAYER
  5
75
330
1
100
AcDbSymbolTableRecord
100
AcDbLayerTableRecord
  2
E-OPISY
 70
0
 62
2
  6
Continuous
370
25
390
13
347
21
1001
AcAecLayerStandard
1000

1000
Instalacje elektryczne — opisy
  0
LAYER
  5
76
330
1
100
AcDbSymbolTableRecord
100
AcDbLayerTableRecord
  2
Z-GRANICE
 70
0
 62
1
  6
DWUPUNKTOWA
370
50
390
13
347
21
1001
AcAecLayerStandard
1000

1000
Granice działki, punkty graniczne
  0
LAYER
  5
77
330
1
100
AcDbSymbolTableRecord
100
AcDbLayerTableRecord
  2
Z-ZABUDOWA
 70
0
 62
7
  6
Continuous
370
50
390
13
347
21
1001
AcAecLayerStandard
1000

1000
Budynki projektowane i istniejące
  0
LAYER
  5
78
330
1
100
AcDbSymbolTableRecord
100
AcDbLayerTableRecord
  2
Z-LINIE-ZABUDOWY
 70
0
 62
1
420
12582912
  6
PUNKTOWA
370
35
390
13
347
21
1001
AcAecLayerStandard
1000

1000
Linie zabudowy (MPZP)
  0
LAYER
  5
79
330
1
100
AcDbSymbolTableRecord
100
AcDbLayerTableRecord
  2
Z-UTWARDZENIA
 70
0
 62
8
  6
Continuous
370
25
390
13
347
21
1001
AcAecLayerStandard
1000

1000
Nawierzchnie utwardzone
  0
LAYER
  5
7A
330
1
100
AcDbSymbolTableRecord
100
AcDbLayerTableRecord
  2
Z-ZIELEN
 70
0
 62
3
420
1997342
  6
Continuous
370
25
390
13
347
21
1001
AcAecLayerStandard
1000

1000
Zieleń: drzewa, krzewy, trawniki
  0
LAYER
  5
7B
330
1
100
AcDbSymbolTableRecord
100
AcDbLayerTableRecord
  2
Z-UZBROJENIE
 70
0
 62
5
  6
Continuous
370
35
390
13
347
21
1001
AcAecLayerStandard
1000

1000
Uzbrojenie terenu, sieci i przyłącza
  0
LAYER
  5
7C
330
1
100
AcDbSymbolTableRecord
100
AcDbLayerTableRecord
  2
Z-WARSTWICE
 70
0
 62
32
420
9067050
  6
Continuous
370
18
390
13
347
21
1001
AcAecLayerStandard
1000

1000
Warstwice i punkty wysokościowe
  0
LAYER
  5
7D
330
1
100
AcDbSymbolTableRecord
100
AcDbLayerTableRecord
  2
Z-OGRODZENIE
 70
0
 62
7
  6
Continuous
370
35
390
13
347
21
1001
AcAecLayerStandard
1000

1000
Ogrodzenie, bramy, furtki
  0
LAYER
  5
7E
330
1
100
AcDbSymbolTableRecord
100
AcDbLayerTableRecord
  2
Z-OPISY
 70
0
 62
2
  6
Continuous
370
25
390
13
347
21
1001
AcAecLayerStandard
1000

1000
Opisy zagospodarowania
  0
LAYER
  5
7F
330
1
100
AcDbSymbolTableRecord
100
AcDbLayerTableRecord
  2
Z-MAPA
 70
0
 62
8
420
5921370
  6
Continuous
370
18
390
13
347
21
1001
AcAecLayerStandard
1000

1000
Podkład: mapa do celów projektowych (przykładowa, fikcyjna)
  0
LAYER
  5
80
330
1
100
AcDbSymbolTableRecord
100
AcDbLayerTableRecord
  2
Z-MAPA-OPISY
 70
0
 62
8
420
5921370
  6
Continuous
370
25
390
13
347
21
1001
AcAecLayerStandard
1000

1000
Podkład: opisy mapy (numery działek, budynki, sieci)
  0
LAYER
  5
81
330
1
100
AcDbSymbolTableRecord
100
AcDbLayerTableRecord
  2
Z-MAPA-RAMKA
 70
0
 62
7
  6
Continuous
370
35
390
13
347
21
1001
AcAecLayerStandard
1000

1000
Ramka i opis podkładu mapowego
  0
LAYER
  5
82
330
1
100
AcDbSymbolTableRecord
100
AcDbLayerTableRecord
  2
Z-DZIALKA
 70
0
 62
1
  6
Continuous
370
35
390
13
347
21
1001
AcAecLayerStandard
1000

1000
Granica działki budowlanej (PN-B-01027 poz. 2.7)
  0
LAYER
  5
83
330
1
100
AcDbSymbolTableRecord
100
AcDbLayerTableRecord
  2
Z-LZ
 70
0
 62
1
420
12582912
  6
Continuous
370
35
390
13
347
21
1001
AcAecLayerStandard
1000

1000
Nieprzekraczalna linia zabudowy (MPZP, PN-B-01027 poz. 2.2)
  0
LAYER
  5
84
330
1
100
AcDbSymbolTableRecord
100
AcDbLayerTableRecord
  2
Z-DROGA
 70
0
 62
8
420
4210752
  6
Continuous
370
35
390
13
347
21
1001
AcAecLayerStandard
1000

1000
Droga publiczna: linie rozgraniczające, jezdnia
  0
LAYER
  5
85
330
1
100
AcDbSymbolTableRecord
100
AcDbLayerTableRecord
  2
Z-BUDYNEK
 70
0
 62
7
  6
Continuous
370
100
390
13
347
21
1001
AcAecLayerStandard
1000

1000
Budynek projektowany — obrys przyziemia 1,0 m nad terenem (PN-B-01027 poz. 1.1)
  0
LAYER
  5
86
330
1
100
AcDbSymbolTableRecord
100
AcDbLayerTableRecord
  2
Z-BUDYNEK-NAD
 70
0
 62
7
  6
KRESKOWA
370
50
390
13
347
21
1001
AcAecLayerStandard
1000

1000
Obrys wyższych kondygnacji, płyt i okapów (PN-B-01027 poz. 1.6)
  0
LAYER
  5
87
330
1
100
AcDbSymbolTableRecord
100
AcDbLayerTableRecord
  2
Z-WYMIARY
 70
0
 62
1
  6
Continuous
370
18
390
13
347
21
1001
AcAecLayerStandard
1000

1000
Wymiarowanie PZT — linie 0,18 (PN-B-01027 poz. 4)
  0
LAYER
  5
88
330
1
100
AcDbSymbolTableRecord
100
AcDbLayerTableRecord
  2
Z-RZEDNE
 70
0
 62
32
420
7029795
  6
Continuous
370
18
390
13
347
21
1001
AcAecLayerStandard
1000

1000
Rzędne terenu istniejącego i projektowanego (PN-B-01025)
  0
LAYER
  5
89
330
1
100
AcDbSymbolTableRecord
100
AcDbLayerTableRecord
  2
Z-RZEDNE-PROJ
 70
0
 62
1
  6
Continuous
370
18
390
13
347
21
1001
AcAecLayerStandard
1000

1000
Rzędne terenu projektowanego
  0
LAYER
  5
8A
330
1
100
AcDbSymbolTableRecord
100
AcDbLayerTableRecord
  2
Z-ODWODNIENIE
 70
0
 62
150
420
32906
  6
Continuous
370
25
390
13
347
21
1001
AcAecLayerStandard
1000

1000
Odwodnienie terenu, spadki, kierunki spływu
  0
LAYER
  5
8B
330
1
100
AcDbSymbolTableRecord
100
AcDbLayerTableRecord
  2
Z-SIECI-IST
 70
0
 62
5
  6
Continuous
370
25
390
13
347
21
1001
AcAecLayerStandard
1000

1000
Uzbrojenie istniejące (wg mapy)
  0
LAYER
  5
8C
330
1
100
AcDbSymbolTableRecord
100
AcDbLayerTableRecord
  2
Z-SIECI-PROJ
 70
0
 62
5
  6
Continuous
370
50
390
13
347
21
1001
AcAecLayerStandard
1000

1000
Uzbrojenie projektowane (przyłącza, kolektory)
  0
LAYER
  5
8D
330
1
100
AcDbSymbolTableRecord
100
AcDbLayerTableRecord
  2
Z-KOLIZJE
 70
0
 62
6
420
12583104
  6
Continuous
370
35
390
13
347
21
1001
AcAecLayerStandard
1000

1000
Kolizje, zbliżenia i skrzyżowania sieci
  0
LAYER
  5
8E
330
1
100
AcDbSymbolTableRecord
100
AcDbLayerTableRecord
  2
Z-TYCZENIE
 70
0
 62
1
  6
Continuous
370
25
390
13
347
21
1001
AcAecLayerStandard
1000

1000
Punkty tyczenia budynku
  0
LAYER
  5
8F
330
1
100
AcDbSymbolTableRecord
100
AcDbLayerTableRecord
  2
Z-STREFY
 70
0
 62
6
420
11534512
  6
Continuous
370
25
390
13
347
21
1001
AcAecLayerStandard
1000

1000
Strefy (R290 pompy ciepła)
  0
LAYER
  5
90
330
1
100
AcDbSymbolTableRecord
100
AcDbLayerTableRecord
  2
Z-TLO
 70
0
 62
7
  6
Continuous
370
18
390
13
347
21
1001
AcAecLayerStandard
1000

1000
Tło (maski wypełnień)
  0
LAYER
  5
91
330
1
100
AcDbSymbolTableRecord
100
AcDbLayerTableRecord
  2
I-PODKLAD
 70
0
 62
8
420
10132122
  6
Continuous
370
18
390
13
347
21
1001
AcAecLayerStandard
1000

1000
Podkład architektoniczny — rzut AR (szary, cienki)
  0
LAYER
  5
92
330
1
100
AcDbSymbolTableRecord
100
AcDbLayerTableRecord
  2
I-PODKLAD-SCIANY
 70
0
 62
8
420
7237230
  6
Continuous
370
25
390
13
347
21
1001
AcAecLayerStandard
1000

1000
Podkład architektoniczny — kontury ścian przeciętych
  0
LAYER
  5
93
330
1
100
AcDbSymbolTableRecord
100
AcDbLayerTableRecord
  2
I-PODKLAD-WYPELN
 70
0
 62
254
420
15132390
  6
Continuous
370
18
390
13
347
21
1001
AcAecLayerStandard
1000

1000
Podkład architektoniczny — wypełnienie ścian przeciętych
  0
LAYER
  5
94
330
1
100
AcDbSymbolTableRecord
100
AcDbLayerTableRecord
  2
I-POMIESZCZENIA
 70
0
 62
8
420
4868682
  6
Continuous
370
25
390
13
347
21
1001
AcAecLayerStandard
1000

1000
Podkład — numery i nazwy pomieszczeń
  0
LAYER
  5
95
330
1
100
AcDbSymbolTableRecord
100
AcDbLayerTableRecord
  2
I-OSIE
 70
0
 62
8
420
8026746
  6
PUNKTOWA
370
18
390
13
347
21
1001
AcAecLayerStandard
1000

1000
Podkład — osie konstrukcyjne
  0
LAYER
  5
96
330
1
100
AcDbSymbolTableRecord
100
AcDbLayerTableRecord
  2
I-BRAKI
 70
0
 62
6
420
11534474
  6
KRESKOWA
370
25
390
13
347
21
1001
AcAecLayerStandard
1000

1000
Elementy do uzupełnienia w modelu [DO UZUPEŁNIENIA] / proponowane
  0
LAYER
  5
97
330
1
100
AcDbSymbolTableRecord
100
AcDbLayerTableRecord
  2
E-PV
 70
0
 62
200
420
5975171
  6
Continuous
370
35
390
13
347
21
1001
AcAecLayerStandard
1000

1000
Instalacja fotowoltaiczna: moduły, trasy DC
  0
LAYER
  5
98
330
1
100
AcDbSymbolTableRecord
100
AcDbLayerTableRecord
  2
E-ALARM
 70
0
 62
5
420
2056104
  6
Continuous
370
35
390
13
347
21
1001
AcAecLayerStandard
1000

1000
Sygnalizacja włamania i napadu (SSWiN), czujki
  0
LAYER
  5
99
330
1
100
AcDbSymbolTableRecord
100
AcDbLayerTableRecord
  2
S-PC
 70
0
 62
1
420
12597547
  6
Continuous
370
35
390
13
347
21
1001
AcAecLayerStandard
1000

1000
Pompa ciepła — przewody czynnika grzewczego (zasilanie/powrót)
  0
LAYER
  5
9A
330
1
100
AcDbSymbolTableRecord
100
AcDbLayerTableRecord
  2
A-DET-HYDRO
 70
0
 62
5
420
1402304
  6
Continuous
370
50
390
13
347
21
1001
AcAecLayerStandard
1000

1000
Detal — hydroizolacja / ochrona przed wodą (linia niebieska)
  0
LAYER
  5
9B
330
1
100
AcDbSymbolTableRecord
100
AcDbLayerTableRecord
  2
A-DET-SZCZEL
 70
0
 62
1
420
13840175
  6
KRESKOWA
370
35
390
13
347
21
1001
AcAecLayerStandard
1000

1000
Detal — szczelność powietrzna (czerwona przerywana)
  0
LAYER
  5
9C
330
1
100
AcDbSymbolTableRecord
100
AcDbLayerTableRecord
  2
A-DET-PARO
 70
0
 62
6
420
8069026
  6
Continuous
370
35
390
13
347
21
1001
AcAecLayerStandard
1000

1000
Detal — paroizolacja / kontrola pary (fioletowa)
  0
LAYER
  5
9D
330
1
100
AcDbSymbolTableRecord
100
AcDbLayerTableRecord
  2
A-DET-IZOL
 70
0
 62
30
420
15690752
  6
Continuous
370
35
390
13
347
21
1001
AcAecLayerStandard
1000

1000
Detal — obrys izolacji cieplnej (pomarańczowy)
  0
LAYER
  5
9E
330
1
100
AcDbSymbolTableRecord
100
AcDbLayerTableRecord
  2
A-DET-TASMA
 70
0
 62
6
  6
Continuous
370
50
390
13
347
21
1001
AcAecLayerStandard
1000

1000
Detal — taśmy uszczelniające (paroszczelne / paroprzepuszczalne)
  0
LAYER
  5
9F
330
1
100
AcDbSymbolTableRecord
100
AcDbLayerTableRecord
  2
A-DET-MEMBRANY
 70
0
 62
8
420
4545124
  6
PUNKTOWA_KROTKA
370
25
390
13
347
21
1001
AcAecLayerStandard
1000

1000
Detal — membrany wiatroizolacyjne, włókniny, bariery
  0
LAYER
  5
A0
330
1
100
AcDbSymbolTableRecord
100
AcDbLayerTableRecord
  2
A-DET-OBROBKI
 70
0
 62
7
  6
Continuous
370
35
390
13
347
21
1001
AcAecLayerStandard
1000

1000
Detal — obróbki blacharskie, okapniki, rynny
  0
LAYER
  5
A1
330
1
100
AcDbSymbolTableRecord
100
AcDbLayerTableRecord
  2
A-DET-PRZERWA
 70
0
 62
8
  6
Continuous
370
25
390
13
347
21
1001
AcAecLayerStandard
1000

1000
Detal — linie przerwania
  0
LAYER
  5
A2
330
1
100
AcDbSymbolTableRecord
100
AcDbLayerTableRecord
  2
A-DET-OPIS
 70
0
 62
2
  6
Continuous
370
25
390
13
347
21
1001
AcAecLayerStandard
1000

1000
Detal — pole opisu (wyniki mostków, ocena 4 linii)
  0
LAYER
  5
A3
330
1
100
AcDbSymbolTableRecord
100
AcDbLayerTableRecord
  2
E-UZIOM
 70
0
 62
7
  6
Continuous
370
25
390
13
347
21
1001
AcAecLayerStandard
1000

1000
E-UZIOM
  0
ENDTAB
  0
TABLE
  2
STYLE
  5
5
330
0
100
AcDbSymbolTable
 70
5
  0
STYLE
  5
29
330
5
100
AcDbSymbolTableRecord
100
AcDbTextStyleTableRecord
  2
Standard
 70
0
 40
0.0
 41
1.0
 50
0.0
 71
0
 42
2.5
  3
txt
  4

  0
STYLE
  5
3A
330
5
100
AcDbSymbolTableRecord
100
AcDbTextStyleTableRecord
  2
PL_ARIAL
 70
0
 40
0.0
 41
1.0
 50
0.0
 71
0
 42
2.5
  3
arial.ttf
  4

  0
STYLE
  5
3B
330
5
100
AcDbSymbolTableRecord
100
AcDbTextStyleTableRecord
  2
PL_ARIAL_B
 70
0
 40
0.0
 41
1.0
 50
0.0
 71
0
 42
2.5
  3
arialbd.ttf
  4

  0
STYLE
  5
3C
330
5
100
AcDbSymbolTableRecord
100
AcDbTextStyleTableRecord
  2
PL_ARIAL_I
 70
0
 40
0.0
 41
1.0
 50
0.0
 71
0
 42
2.5
  3
ariali.ttf
  4

  0
STYLE
  5
3D
330
5
100
AcDbSymbolTableRecord
100
AcDbTextStyleTableRecord
  2
PL_ARIAL_BI
 70
0
 40
0.0
 41
1.0
 50
0.0
 71
0
 42
2.5
  3
arialbi.ttf
  4

  0
ENDTAB
  0
TABLE
  2
VIEW
  5
7
330
0
100
AcDbSymbolTable
 70
0
  0
ENDTAB
  0
TABLE
  2
UCS
  5
6
330
0
100
AcDbSymbolTable
 70
0
  0
ENDTAB
  0
TABLE
  2
APPID
  5
3
330
0
100
AcDbSymbolTable
 70
4
  0
APPID
  5
2A
330
3
100
AcDbSymbolTableRecord
100
AcDbRegAppTableRecord
  2
ACAD
 70
0
  0
APPID
  5
3F
330
3
100
AcDbSymbolTableRecord
100
AcDbRegAppTableRecord
  2
AcAecLayerStandard
 70
0
  0
APPID
  5
776
330
3
100
AcDbSymbolTableRecord
100
AcDbRegAppTableRecord
  2
HATCHBACKGROUNDCOLOR
 70
0
  0
APPID
  5
777
330
3
100
AcDbSymbolTableRecord
100
AcDbRegAppTableRecord
  2
EZDXF
 70
0
  0
ENDTAB
  0
TABLE
  2
DIMSTYLE
  5
4
330
0
100
AcDbSymbolTable
 70
1
100
AcDbDimStyleTable
  0
DIMSTYLE
105
2B
330
4
100
AcDbSymbolTableRecord
100
AcDbDimStyleTableRecord
  2
Standard
 70
0
 40
1.0
 41
2.5
 42
0.625
 43
3.75
 44
1.25
 45
0.0
 46
0.0
 47
0.0
 48
0.0
 49
2.5
140
2.5
141
2.5
142
0.0
143
0.03937007874
144
1.0
145
0.0
146
1.0
147
0.625
148
0.0
 69
0
 70
0
 71
0
 72
0
 73
0
 74
0
 75
0
 76
0
 77
1
 78
8
 79
3
170
0
171
3
172
1
173
0
174
0
175
0
176
0
177
0
178
0
179
2
271
2
272
2
273
2
274
3
275
0
276
0
277
2
278
44
279
0
280
0
281
0
282
0
283
0
284
8
285
0
286
0
288
0
289
3
290
0
371
-2
372
-2
  0
ENDTAB
  0
TABLE
  2
BLOCK_RECORD
  5
9
330
0
100
AcDbSymbolTable
 70
2
  0
BLOCK_RECORD
  5
17
330
9
100
AcDbSymbolTableRecord
100
AcDbBlockTableRecord
  2
*Model_Space
340
1A
 70
0
280
1
281
0
  0
BLOCK_RECORD
  5
1B
330
9
100
AcDbSymbolTableRecord
100
AcDbBlockTableRecord
  2
*Paper_Space
340
1E
 70
0
280
1
281
0
  0
ENDTAB
  0
ENDSEC
  0
SECTION
  2
BLOCKS
  0
BLOCK
  5
18
330
17
100
AcDbEntity
  8
0
100
AcDbBlockBegin
  2
*Model_Space
 70
0
 10
0.0
 20
0.0
 30
0.0
  3
*Model_Space
  1

  0
ENDBLK
  5
19
330
17
100
AcDbEntity
  8
0
100
AcDbBlockEnd
  0
BLOCK
  5
1C
330
1B
100
AcDbEntity
  8
0
100
AcDbBlockBegin
  2
*Paper_Space
 70
0
 10
0.0
 20
0.0
 30
0.0
  3
*Paper_Space
  1

  0
ENDBLK
  5
1D
330
1B
100
AcDbEntity
  8
0
100
AcDbBlockEnd
  0
ENDSEC
  0
SECTION
  2
ENTITIES
  0
LWPOLYLINE
  5
1DF
330
17
100
AcDbEntity
  8
A-KRESKOWANIE
370
25
 48
0.025
100
AcDbPolyline
 90
2
 70
0
 10
3.4476406871192857
 20
-0.7949999999999999
 10
3.5000000000000004
 20
-0.7426406871192852
  0
LWPOLYLINE
  5
1E0
330
17
100
AcDbEntity
  8
A-KRESKOWANIE
370
25
 48
0.025
100
AcDbPolyline
 90
2
 70
0
 10
3.40295138446026
 20
-0.7866562940700346
 10
3.455984393049251
 20
-0.7336232854810434
  0
LWPOLYLINE
  5
1E1
330
17
100
AcDbEntity
  8
A-KRESKOWANIE
370
25
 48
0.025
100
AcDbPolyline
 90
2
 70
0
 10
3.4736620625789145
 20
-0.7159456159513797
 10
3.5000000000000004
 20
-0.6896076785302939
  0
LWPOLYLINE
  5
1E2
330
17
100
AcDbEntity
  8
A-KRESKOWANIE
370
25
 48
0.025
100
AcDbPolyline
 90
2
 70
0
 10
3.341574669941304
 20
-0.7949999999999999
 10
3.5000000000000004
 20
-0.6365746699413033
  0
LWPOLYLINE
  5
1E3
330
17
100
AcDbEntity
  8
A-KRESKOWANIE
370
25
 48
0.025
100
AcDbPolyline
 90
2
 70
0
 10
3.288541661352313
 20
-0.7949999999999999
 10
3.2968853672822784
 20
-0.7866562940700346
  0
LWPOLYLINE
  5
1E4
330
17
100
AcDbEntity
  8
A-KRESKOWANIE
370
25
 48
0.025
100
AcDbPolyline
 90
2
 70
0
 10
3.314563036811942
 20
-0.7689786245403709
 10
3.367596045400933
 20
-0.71594561595138
  0
LWPOLYLINE
  5
1E5
330
17
100
AcDbEntity
  8
A-KRESKOWANIE
370
25
 48
0.025
100
AcDbPolyline
 90
2
 70
0
 10
3.385273714930597
 20
-0.6982679464217161
 10
3.438306723519588
 20
-0.6452349378327251
  0
LWPOLYLINE
  5
1E6
330
17
100
AcDbEntity
  8
A-KRESKOWANIE
370
25
 48
0.025
100
AcDbPolyline
 90
2
 70
0
 10
3.4559843930492518
 20
-0.6275572683030615
 10
3.5000000000000004
 20
-0.5835416613523126
  0
LWPOLYLINE
  5
1E7
330
17
100
AcDbEntity
  8
A-KRESKOWANIE
370
25
 48
0.025
100
AcDbPolyline
 90
2
 70
0
 10
3.235508652763322
 20
-0.7949999999999999
 10
3.5000000000000004
 20
-0.5305086527633214
  0
LWPOLYLINE
  5
1E8
330
17
100
AcDbEntity
  8
A-KRESKOWANIE
370
25
 48
0.025
100
AcDbPolyline
 90
2
 70
0
 10
3.182475644174331
 20
-0.7949999999999999
 10
3.2084970196339597
 20
-0.7689786245403709
  0
LWPOLYLINE
  5
1E9
330
17
100
AcDbEntity
  8
A-KRESKOWANIE
370
25
 48
0.025
100
AcDbPolyline
 90
2
 70
0
 10
3.2261746891636234
 20
-0.7513009550107073
 10
3.2792076977526143
 20
-0.6982679464217161
  0
LWPOLYLINE
  5
1EA
330
17
100
AcDbEntity
  8
A-KRESKOWANIE
370
25
 48
0.025
100
AcDbPolyline
 90
2
 70
0
 10
3.296885367282278
 20
-0.6805902768920526
 10
3.349918375871269
 20
-0.6275572683030615
  0
LWPOLYLINE
  5
1EB
330
17
100
AcDbEntity
  8
A-KRESKOWANIE
370
25
 48
0.025
100
AcDbPolyline
 90
2
 70
0
 10
3.3675960454009326
 20
-0.6098795987733978
 10
3.420629053989924
 20
-0.5568465901844066
  0
LWPOLYLINE
  5
1EC
330
17
100
AcDbEntity
  8
A-KRESKOWANIE
370
25
 48
0.025
100
AcDbPolyline
 90
2
 70
0
 10
3.438306723519587
 20
-0.5391689206547432
 10
3.4913397321085786
 20
-0.486135912065752
  0
LWPOLYLINE
  5
1ED
330
17
100
AcDbEntity
  8
A-KRESKOWANIE
370
25
 48
0.025
100
AcDbPolyline
 90
2
 70
0
 10
3.1294426355853395
 20
-0.7949999999999999
 10
3.5000000000000004
 20
-0.42444263558533923
  0
LWPOLYLINE
  5
1EE
330
17
100
AcDbEntity
  8
A-KRESKOWANIE
370
25
 48
0.025
100
AcDbPolyline
 90
2
 70
0
 10
3.076409626996348
 20
-0.7949999999999999
 10
3.120108671985641
 20
-0.7513009550107073
  0
LWPOLYLINE
  5
1EF
330
17
100
AcDbEntity
  8
A-KRESKOWANIE
370
25
 48
0.025
100
AcDbPolyline
 90
2
 70
0
 10
3.137786341515305
 20
-0.7336232854810434
 10
3.190819350104296
 20
-0.6805902768920524
  0
LWPOLYLINE
  5
1F0
330
17
100
AcDbEntity
  8
A-KRESKOWANIE
370
25
 48
0.025
100
AcDbPolyline
 90
2
 70
0
 10
3.2084970196339597
 20
-0.6629126073623888
 10
3.2615300282229507
 20
-0.6098795987733978
  0
LWPOLYLINE
  5
1F1
330
17
100
AcDbEntity
  8
A-KRESKOWANIE
370
25
 48
0.025
100
AcDbPolyline
 90
2
 70
0
 10
3.2792076977526143
 20
-0.5922019292437339
 10
3.3322407063416053
 20
-0.539168920654743
  0
LWPOLYLINE
  5
1F2
330
17
100
AcDbEntity
  8
A-KRESKOWANIE
370
25
 48
0.025
100
AcDbPolyline
 90
2
 70
0
 10
3.349918375871269
 20
-0.5214912511250793
 10
3.40295138446026
 20
-0.46845824253608814
  0
LWPOLYLINE
  5
1F3
330
17
100
AcDbEntity
  8
A-KRESKOWANIE
370
25
 48
0.025
100
AcDbPolyline
 90
2
 70
0
 10
3.4206290539899236
 20
-0.4507805730064245
 10
3.473662062578915
 20
-0.3977475644174333
  0
LWPOLYLINE
  5
1F4
330
17
100
AcDbEntity
  8
A-KRESKOWANIE
370
25
 48
0.025
100
AcDbPolyline
 90
2
 70
0
 10
3.4913397321085786
 20
-0.38006989488776965
 10
3.4964096269963485
 20
-0.37499999999999994
  0
LWPOLYLINE
  5
1F5
330
17
100
AcDbEntity
  8
A-KRESKOWANIE
370
25
 48
0.025
100
AcDbPolyline
 90
2
 70
0
 10
3.023376618407357
 20
-0.7949999999999999
 10
3.443376618407357
 20
-0.37499999999999994
  0
LWPOLYLINE
  5
1F6
330
17
100
AcDbEntity
  8
A-KRESKOWANIE
370
25
 48
0.025
100
AcDbPolyline
 90
2
 70
0
 10
2.978687315748332
 20
-0.7866562940700348
 10
3.031720324337323
 20
-0.7336232854810436
  0
LWPOLYLINE
  5
1F7
330
17
100
AcDbEntity
  8
A-KRESKOWANIE
370
25
 48
0.025
100
AcDbPolyline
 90
2
 70
0
 10
3.049397993866987
 20
-0.71594561595138
 10
3.102431002455978
 20
-0.6629126073623888
  0
LWPOLYLINE
  5
1F8
330
17
100
AcDbEntity
  8
A-KRESKOWANIE
370
25
 48
0.025
100
AcDbPolyline
 90
2
 70
0
 10
3.1201086719856415
 20
-0.6452349378327251
 10
3.1731416805746324
 20
-0.5922019292437339
  0
LWPOLYLINE
  5
1F9
330
17
100
AcDbEntity
  8
A-KRESKOWANIE
370
25
 48
0.025
100
AcDbPolyline
 90
2
 70
0
 10
3.190819350104296
 20
-0.5745242597140705
 10
3.243852358693287
 20
-0.5214912511250793
  0
LWPOLYLINE
  5
1FA
330
17
100
AcDbEntity
  8
A-KRESKOWANIE
370
25
 48
0.025
100
AcDbPolyline
 90
2
 70
0
 10
3.2615300282229507
 20
-0.5038135815954157
 10
3.314563036811942
 20
-0.4507805730064245
  0
LWPOLYLINE
  5
1FB
330
17
100
AcDbEntity
  8
A-KRESKOWANIE
370
25
 48
0.025
100
AcDbPolyline
 90
2
 70
0
 10
3.3322407063416053
 20
-0.43310290347676106
 10
3.3852737149305967
 20
-0.3800698948877699
  0
LWPOLYLINE
  5
1FC
330
17
100
AcDbEntity
  8
A-KRESKOWANIE
370
25
 48
0.025
100
AcDbPolyline
 90
2
 70
0
 10
2.9173106012293752
 20
-0.7949999999999999
 10
3.337310601229375
 20
-0.37499999999999994
  0
LWPOLYLINE
  5
1FD
330
17
100
AcDbEntity
  8
A-KRESKOWANIE
370
25
 48
0.025
100
AcDbPolyline
 90
2
 70
0
 10
2.864277592640384
 20
-0.7949999999999999
 10
2.8726212985703494
 20
-0.7866562940700346
  0
LWPOLYLINE
  5
1FE
330
17
100
AcDbEntity
  8
A-KRESKOWANIE
370
25
 48
0.025
100
AcDbPolyline
 90
2
 70
0
 10
2.890298968100013
 20
-0.7689786245403709
 10
2.943331976689004
 20
-0.71594561595138
  0
LWPOLYLINE
  5
1FF
330
17
100
AcDbEntity
  8
A-KRESKOWANIE
370
25
 48
0.025
100
AcDbPolyline
 90
2
 70
0
 10
2.961009646218668
 20
-0.6982679464217161
 10
3.014042654807659
 20
-0.6452349378327251
  0
LWPOLYLINE
  5
200
330
17
100
AcDbEntity
  8
A-KRESKOWANIE
370
25
 48
0.025
100
AcDbPolyline
 90
2
 70
0
 10
3.031720324337323
 20
-0.6275572683030612
 10
3.084753332926314
 20
-0.5745242597140703
  0
LWPOLYLINE
  5
201
330
17
100
AcDbEntity
  8
A-KRESKOWANIE
370
25
 48
0.025
100
AcDbPolyline
 90
2
 70
0
 10
3.102431002455978
 20
-0.5568465901844066
 10
3.1554640110449688
 20
-0.5038135815954157
  0
LWPOLYLINE
  5
202
330
17
100
AcDbEntity
  8
A-KRESKOWANIE
370
25
 48
0.025
100
AcDbPolyline
 90
2
 70
0
 10
3.1731416805746324
 20
-0.4861359120657518
 10
3.2261746891636234
 20
-0.43310290347676084
  0
LWPOLYLINE
  5
203
330
17
100
AcDbEntity
  8
A-KRESKOWANIE
370
25
 48
0.025
100
AcDbPolyline
 90
2
 70
0
 10
3.243852358693287
 20
-0.4154252339470972
 10
3.284277592640384
 20
-0.37499999999999994
  0
LWPOLYLINE
  5
204
330
17
100
AcDbEntity
  8
A-KRESKOWANIE
370
25
 48
0.025
100
AcDbPolyline
 90
2
 70
0
 10
2.8112445840513924
 20
-0.7949999999999999
 10
3.231244584051393
 20
-0.37499999999999994
  0
LWPOLYLINE
  5
205
330
17
100
AcDbEntity
  8
A-KRESKOWANIE
370
25
 48
0.025
100
AcDbPolyline
 90
2
 70
0
 10
2.758211575462402
 20
-0.7949999999999999
 10
2.784232950922031
 20
-0.7689786245403707
  0
LWPOLYLINE
  5
206
330
17
100
AcDbEntity
  8
A-KRESKOWANIE
370
25
 48
0.025
100
AcDbPolyline
 90
2
 70
0
 10
2.801910620451695
 20
-0.751300955010707
 10
2.8549436290406858
 20
-0.6982679464217159
  0
LWPOLYLINE
  5
207
330
17
100
AcDbEntity
  8
A-KRESKOWANIE
370
25
 48
0.025
100
AcDbPolyline
 90
2
 70
0
 10
2.8726212985703494
 20
-0.6805902768920524
 10
2.9256543071593404
 20
-0.6275572683030612
  0
LWPOLYLINE
  5
208
330
17
100
AcDbEntity
  8
A-KRESKOWANIE
370
25
 48
0.025
100
AcDbPolyline
 90
2
 70
0
 10
2.943331976689004
 20
-0.6098795987733976
 10
2.996364985277995
 20
-0.5568465901844064
  0
LWPOLYLINE
  5
209
330
17
100
AcDbEntity
  8
A-KRESKOWANIE
370
25
 48
0.025
100
AcDbPolyline
 90
2
 70
0
 10
3.014042654807659
 20
-0.5391689206547428
 10
3.06707566339665
 20
-0.4861359120657516
  0
LWPOLYLINE
  5
20A
330
17
100
AcDbEntity
  8
A-KRESKOWANIE
370
25
 48
0.025
100
AcDbPolyline
 90
2
 70
0
 10
3.0847533329263137
 20
-0.46845824253608814
 10
3.137786341515305
 20
-0.41542523394709696
  0
LWPOLYLINE
  5
20B
330
17
100
AcDbEntity
  8
A-KRESKOWANIE
370
25
 48
0.025
100
AcDbPolyline
 90
2
 70
0
 10
3.1554640110449688
 20
-0.3977475644174333
 10
3.178211575462402
 20
-0.37499999999999994
  0
LWPOLYLINE
  5
20C
330
17
100
AcDbEntity
  8
A-KRESKOWANIE
370
25
 48
0.025
100
AcDbPolyline
 90
2
 70
0
 10
2.7051785668734114
 20
-0.7949999999999999
 10
3.1251785668734113
 20
-0.37499999999999994
  0
LWPOLYLINE
  5
20D
330
17
100
AcDbEntity
  8
A-KRESKOWANIE
370
25
 48
0.025
100
AcDbPolyline
 90
2
 70
0
 10
2.65214555828442
 20
-0.7949999999999999
 10
2.695844603273713
 20
-0.7513009550107073
  0
LWPOLYLINE
  5
20E
330
17
100
AcDbEntity
  8
A-KRESKOWANIE
370
25
 48
0.025
100
AcDbPolyline
 90
2
 70
0
 10
2.7135222728033765
 20
-0.7336232854810434
 10
2.7665552813923675
 20
-0.6805902768920524
  0
LWPOLYLINE
  5
20F
330
17
100
AcDbEntity
  8
A-KRESKOWANIE
370
25
 48
0.025
100
AcDbPolyline
 90
2
 70
0
 10
2.784232950922031
 20
-0.6629126073623888
 10
2.837265959511022
 20
-0.6098795987733978
  0
LWPOLYLINE
  5
210
330
17
100
AcDbEntity
  8
A-KRESKOWANIE
370
25
 48
0.025
100
AcDbPolyline
 90
2
 70
0
 10
2.8549436290406858
 20
-0.5922019292437339
 10
2.9079766376296767
 20
-0.539168920654743
  0
LWPOLYLINE
  5
211
330
17
100
AcDbEntity
  8
A-KRESKOWANIE
370
25
 48
0.025
100
AcDbPolyline
 90
2
 70
0
 10
2.925654307159341
 20
-0.5214912511250791
 10
2.978687315748332
 20
-0.46845824253608814
  0
LWPOLYLINE
  5
212
330
17
100
AcDbEntity
  8
A-KRESKOWANIE
370
25
 48
0.025
100
AcDbPolyline
 90
2
 70
0
 10
2.9963649852779954
 20
-0.4507805730064245
 10
3.0493979938669864
 20
-0.39774756441743353
  0
LWPOLYLINE
  5
213
330
17
100
AcDbEntity
  8
A-KRESKOWANIE
370
25
 48
0.025
100
AcDbPolyline
 90
2
 70
0
 10
3.0670756633966505
 20
-0.38006989488776965
 10
3.0721455582844204
 20
-0.37499999999999994
  0
LWPOLYLINE
  5
214
330
17
100
AcDbEntity
  8
A-KRESKOWANIE
370
25
 48
0.025
100
AcDbPolyline
 90
2
 70
0
 10
2.5991125496954286
 20
-0.7949999999999999
 10
3.019112549695429
 20
-0.37499999999999994
  0
LWPOLYLINE
  5
215
330
17
100
AcDbEntity
  8
A-KRESKOWANIE
370
25
 48
0.025
100
AcDbPolyline
 90
2
 70
0
 10
2.554423247036403
 20
-0.7866562940700343
 10
2.607456255625394
 20
-0.7336232854810433
  0
LWPOLYLINE
  5
216
330
17
100
AcDbEntity
  8
A-KRESKOWANIE
370
25
 48
0.025
100
AcDbPolyline
 90
2
 70
0
 10
2.625133925155058
 20
-0.7159456159513796
 10
2.678166933744049
 20
-0.6629126073623886
  0
LWPOLYLINE
  5
217
330
17
100
AcDbEntity
  8
A-KRESKOWANIE
370
25
 48
0.025
100
AcDbPolyline
 90
2
 70
0
 10
2.695844603273713
 20
-0.6452349378327249
 10
2.748877611862704
 20
-0.5922019292437337
  0
LWPOLYLINE
  5
218
330
17
100
AcDbEntity
  8
A-KRESKOWANIE
370
25
 48
0.025
100
AcDbPolyline
 90
2
 70
0
 10
2.7665552813923675
 20
-0.5745242597140703
 10
2.8195882899813585
 20
-0.5214912511250791
  0
LWPOLYLINE
  5
219
330
17
100
AcDbEntity
  8
A-KRESKOWANIE
370
25
 48
0.025
100
AcDbPolyline
 90
2
 70
0
 10
2.837265959511022
 20
-0.5038135815954154
 10
2.890298968100013
 20
-0.45078057300642427
  0
LWPOLYLINE
  5
21A
330
17
100
AcDbEntity
  8
A-KRESKOWANIE
370
25
 48
0.025
100
AcDbPolyline
 90
2
 70
0
 10
2.9079766376296767
 20
-0.4331029034767606
 10
2.9610096462186677
 20
-0.38006989488776943
  0
LWPOLYLINE
  5
21B
330
17
100
AcDbEntity
  8
A-KRESKOWANIE
370
25
 48
0.025
100
AcDbPolyline
 90
2
 70
0
 10
2.4930465325174467
 20
-0.7949999999999999
 10
2.9130465325174466
 20
-0.37499999999999994
  0
LWPOLYLINE
  5
21C
330
17
100
AcDbEntity
  8
A-KRESKOWANIE
370
25
 48
0.025
100
AcDbPolyline
 90
2
 70
0
 10
2.4400135239284557
 20
-0.7949999999999999
 10
2.448357229858421
 20
-0.7866562940700348
  0
LWPOLYLINE
  5
21D
330
17
100
AcDbEntity
  8
A-KRESKOWANIE
370
25
 48
0.025
100
AcDbPolyline
 90
2
 70
0
 10
2.466034899388085
 20
-0.7689786245403709
 10
2.519067907977076
 20
-0.71594561595138
  0
LWPOLYLINE
  5
21E
330
17
100
AcDbEntity
  8
A-KRESKOWANIE
370
25
 48
0.025
100
AcDbPolyline
 90
2
 70
0
 10
2.5367455775067396
 20
-0.6982679464217163
 10
2.5897785860957305
 20
-0.6452349378327253
  0
LWPOLYLINE
  5
21F
330
17
100
AcDbEntity
  8
A-KRESKOWANIE
370
25
 48
0.025
100
AcDbPolyline
 90
2
 70
0
 10
2.607456255625394
 20
-0.6275572683030615
 10
2.6604892642143856
 20
-0.5745242597140705
  0
LWPOLYLINE
  5
220
330
17
100
AcDbEntity
  8
A-KRESKOWANIE
370
25
 48
0.025
100
AcDbPolyline
 90
2
 70
0
 10
2.6781669337440492
 20
-0.5568465901844069
 10
2.73119994233304
 20
-0.5038135815954159
  0
LWPOLYLINE
  5
221
330
17
100
AcDbEntity
  8
A-KRESKOWANIE
370
25
 48
0.025
100
AcDbPolyline
 90
2
 70
0
 10
2.748877611862704
 20
-0.486135912065752
 10
2.801910620451695
 20
-0.43310290347676106
  0
LWPOLYLINE
  5
222
330
17
100
AcDbEntity
  8
A-KRESKOWANIE
370
25
 48
0.025
100
AcDbPolyline
 90
2
 70
0
 10
2.8195882899813585
 20
-0.4154252339470972
 10
2.8600135239284556
 20
-0.37499999999999994
  0
LWPOLYLINE
  5
223
330
17
100
AcDbEntity
  8
A-KRESKOWANIE
370
25
 48
0.025
100
AcDbPolyline
 90
2
 70
0
 10
2.3869805153394648
 20
-0.7949999999999999
 10
2.8069805153394647
 20
-0.37499999999999994
  0
LWPOLYLINE
  5
224
330
17
100
AcDbEntity
  8
A-KRESKOWANIE
370
25
 48
0.025
100
AcDbPolyline
 90
2
 70
0
 10
2.333947506750474
 20
-0.7949999999999999
 10
2.3599688822101026
 20
-0.7689786245403709
  0
LWPOLYLINE
  5
225
330
17
100
AcDbEntity
  8
A-KRESKOWANIE
370
25
 48
0.025
100
AcDbPolyline
 90
2
 70
0
 10
2.3776465517397662
 20
-0.7513009550107071
 10
2.430679560328757
 20
-0.6982679464217162
  0
LWPOLYLINE
  5
226
330
17
100
AcDbEntity
  8
A-KRESKOWANIE
370
25
 48
0.025
100
AcDbPolyline
 90
2
 70
0
 10
2.448357229858421
 20
-0.6805902768920524
 10
2.501390238447412
 20
-0.6275572683030614
  0
LWPOLYLINE
  5
227
330
17
100
AcDbEntity
  8
A-KRESKOWANIE
370
25
 48
0.025
100
AcDbPolyline
 90
2
 70
0
 10
2.5190679079770755
 20
-0.6098795987733977
 10
2.5721009165660664
 20
-0.5568465901844066
  0
LWPOLYLINE
  5
228
330
17
100
AcDbEntity
  8
A-KRESKOWANIE
370
25
 48
0.025
100
AcDbPolyline
 90
2
 70
0
 10
2.5897785860957305
 20
-0.539168920654743
 10
2.6428115946847215
 20
-0.4861359120657518
  0
LWPOLYLINE
  5
229
330
17
100
AcDbEntity
  8
A-KRESKOWANIE
370
25
 48
0.025
100
AcDbPolyline
 90
2
 70
0
 10
2.660489264214385
 20
-0.46845824253608837
 10
2.7135222728033765
 20
-0.4154252339470972
  0
LWPOLYLINE
  5
22A
330
17
100
AcDbEntity
  8
A-KRESKOWANIE
370
25
 48
0.025
100
AcDbPolyline
 90
2
 70
0
 10
2.73119994233304
 20
-0.39774756441743353
 10
2.7539475067504737
 20
-0.37499999999999994
  0
LWPOLYLINE
  5
22B
330
17
100
AcDbEntity
  8
A-KRESKOWANIE
370
25
 48
0.025
100
AcDbPolyline
 90
2
 70
0
 10
2.2809144981614824
 20
-0.7949999999999999
 10
2.7009144981614823
 20
-0.37499999999999994
  0
LWPOLYLINE
  5
22C
330
17
100
AcDbEntity
  8
A-KRESKOWANIE
370
25
 48
0.025
100
AcDbPolyline
 90
2
 70
0
 10
2.227881489572491
 20
-0.7949999999999999
 10
2.271580534561784
 20
-0.7513009550107069
  0
LWPOLYLINE
  5
22D
330
17
100
AcDbEntity
  8
A-KRESKOWANIE
370
25
 48
0.025
100
AcDbPolyline
 90
2
 70
0
 10
2.2892582040914475
 20
-0.7336232854810432
 10
2.342291212680439
 20
-0.6805902768920522
  0
LWPOLYLINE
  5
22E
330
17
100
AcDbEntity
  8
A-KRESKOWANIE
370
25
 48
0.025
100
AcDbPolyline
 90
2
 70
0
 10
2.3599688822101026
 20
-0.6629126073623883
 10
2.4130018907990936
 20
-0.6098795987733974
  0
LWPOLYLINE
  5
22F
330
17
100
AcDbEntity
  8
A-KRESKOWANIE
370
25
 48
0.025
100
AcDbPolyline
 90
2
 70
0
 10
2.430679560328757
 20
-0.5922019292437337
 10
2.483712568917748
 20
-0.5391689206547428
  0
LWPOLYLINE
  5
230
330
17
100
AcDbEntity
  8
A-KRESKOWANIE
370
25
 48
0.025
100
AcDbPolyline
 90
2
 70
0
 10
2.501390238447412
 20
-0.5214912511250789
 10
2.5544232470364028
 20
-0.4684582425360879
  0
LWPOLYLINE
  5
231
330
17
100
AcDbEntity
  8
A-KRESKOWANIE
370
25
 48
0.025
100
AcDbPolyline
 90
2
 70
0
 10
2.5721009165660664
 20
-0.45078057300642427
 10
2.6251339251550574
 20
-0.3977475644174333
  0
LWPOLYLINE
  5
232
330
17
100
AcDbEntity
  8
A-KRESKOWANIE
370
25
 48
0.025
100
AcDbPolyline
 90
2
 70
0
 10
2.6428115946847215
 20
-0.38006989488776943
 10
2.647881489572491
 20
-0.37499999999999994
  0
LWPOLYLINE
  5
233
330
17
100
AcDbEntity
  8
A-KRESKOWANIE
370
25
 48
0.025
100
AcDbPolyline
 90
2
 70
0
 10
2.1748484809835005
 20
-0.7949999999999999
 10
2.5948484809835004
 20
-0.37499999999999994
  0
LWPOLYLINE
  5
234
330
17
100
AcDbEntity
  8
A-KRESKOWANIE
370
25
 48
0.025
100
AcDbPolyline
 90
2
 70
0
 10
2.1301591783244747
 20
-0.7866562940700346
 10
2.183192186913466
 20
-0.7336232854810435
  0
LWPOLYLINE
  5
235
330
17
100
AcDbEntity
  8
A-KRESKOWANIE
370
25
 48
0.025
100
AcDbPolyline
 90
2
 70
0
 10
2.2008698564431297
 20
-0.7159456159513798
 10
2.2539028650321207
 20
-0.6629126073623888
  0
LWPOLYLINE
  5
236
330
17
100
AcDbEntity
  8
A-KRESKOWANIE
370
25
 48
0.025
100
AcDbPolyline
 90
2
 70
0
 10
2.2715805345617843
 20
-0.645234937832725
 10
2.3246135431507753
 20
-0.592201929243734
  0
LWPOLYLINE
  5
237
330
17
100
AcDbEntity
  8
A-KRESKOWANIE
370
25
 48
0.025
100
AcDbPolyline
 90
2
 70
0
 10
2.342291212680439
 20
-0.5745242597140703
 10
2.39532422126943
 20
-0.5214912511250792
  0
LWPOLYLINE
  5
238
330
17
100
AcDbEntity
  8
A-KRESKOWANIE
370
25
 48
0.025
100
AcDbPolyline
 90
2
 70
0
 10
2.4130018907990936
 20
-0.5038135815954156
 10
2.4660348993880845
 20
-0.4507805730064245
  0
LWPOLYLINE
  5
239
330
17
100
AcDbEntity
  8
A-KRESKOWANIE
370
25
 48
0.025
100
AcDbPolyline
 90
2
 70
0
 10
2.4837125689177486
 20
-0.43310290347676084
 10
2.5367455775067396
 20
-0.38006989488776965
  0
LWPOLYLINE
  5
23A
330
17
100
AcDbEntity
  8
A-KRESKOWANIE
370
25
 48
0.025
100
AcDbPolyline
 90
2
 70
0
 10
2.068782463805518
 20
-0.7949999999999999
 10
2.488782463805518
 20
-0.37499999999999994
  0
LWPOLYLINE
  5
23B
330
17
100
AcDbEntity
  8
A-KRESKOWANIE
370
25
 48
0.025
100
AcDbPolyline
 90
2
 70
0
 10
2.015749455216527
 20
-0.7949999999999999
 10
2.0240931611464923
 20
-0.7866562940700346
  0
LWPOLYLINE
  5
23C
330
17
100
AcDbEntity
  8
A-KRESKOWANIE
370
25
 48
0.025
100
AcDbPolyline
 90
2
 70
0
 10
2.041770830676156
 20
-0.7689786245403708
 10
2.0948038392651473
 20
-0.7159456159513797
  0
LWPOLYLINE
  5
23D
330
17
100
AcDbEntity
  8
A-KRESKOWANIE
370
25
 48
0.025
100
AcDbPolyline
 90
2
 70
0
 10
2.112481508794811
 20
-0.6982679464217161
 10
2.165514517383802
 20
-0.645234937832725
  0
LWPOLYLINE
  5
23E
330
17
100
AcDbEntity
  8
A-KRESKOWANIE
370
25
 48
0.025
100
AcDbPolyline
 90
2
 70
0
 10
2.1831921869134656
 20
-0.6275572683030612
 10
2.236225195502457
 20
-0.5745242597140703
  0
LWPOLYLINE
  5
23F
330
17
100
AcDbEntity
  8
A-KRESKOWANIE
370
25
 48
0.025
100
AcDbPolyline
 90
2
 70
0
 10
2.2539028650321207
 20
-0.5568465901844064
 10
2.3069358736211116
 20
-0.5038135815954154
  0
LWPOLYLINE
  5
240
330
17
100
AcDbEntity
  8
A-KRESKOWANIE
370
25
 48
0.025
100
AcDbPolyline
 90
2
 70
0
 10
2.3246135431507753
 20
-0.4861359120657518
 10
2.3776465517397662
 20
-0.43310290347676084
  0
LWPOLYLINE
  5
241
330
17
100
AcDbEntity
  8
A-KRESKOWANIE
370
25
 48
0.025
100
AcDbPolyline
 90
2
 70
0
 10
2.39532422126943
 20
-0.41542523394709696
 10
2.435749455216527
 20
-0.37499999999999994
  0
LWPOLYLINE
  5
242
330
17
100
AcDbEntity
  8
A-KRESKOWANIE
370
25
 48
0.025
100
AcDbPolyline
 90
2
 70
0
 10
1.9627164466275353
 20
-0.7949999999999999
 10
2.3827164466275352
 20
-0.37499999999999994
  0
LWPOLYLINE
  5
243
330
17
100
AcDbEntity
  8
A-KRESKOWANIE
370
25
 48
0.025
100
AcDbPolyline
 90
2
 70
0
 10
1.9096834380385446
 20
-0.7949999999999999
 10
1.935704813498174
 20
-0.7689786245403706
  0
LWPOLYLINE
  5
244
330
17
100
AcDbEntity
  8
A-KRESKOWANIE
370
25
 48
0.025
100
AcDbPolyline
 90
2
 70
0
 10
1.9533824830278377
 20
-0.7513009550107069
 10
2.0064154916168286
 20
-0.698267946421716
  0
LWPOLYLINE
  5
245
330
17
100
AcDbEntity
  8
A-KRESKOWANIE
370
25
 48
0.025
100
AcDbPolyline
 90
2
 70
0
 10
2.0240931611464923
 20
-0.6805902768920522
 10
2.0771261697354833
 20
-0.6275572683030611
  0
LWPOLYLINE
  5
246
330
17
100
AcDbEntity
  8
A-KRESKOWANIE
370
25
 48
0.025
100
AcDbPolyline
 90
2
 70
0
 10
2.094803839265147
 20
-0.6098795987733975
 10
2.1478368478541383
 20
-0.5568465901844064
  0
LWPOLYLINE
  5
247
330
17
100
AcDbEntity
  8
A-KRESKOWANIE
370
25
 48
0.025
100
AcDbPolyline
 90
2
 70
0
 10
2.165514517383802
 20
-0.5391689206547426
 10
2.218547525972793
 20
-0.4861359120657517
  0
LWPOLYLINE
  5
248
330
17
100
AcDbEntity
  8
A-KRESKOWANIE
370
25
 48
0.025
100
AcDbPolyline
 90
2
 70
0
 10
2.236225195502457
 20
-0.4684582425360879
 10
2.289258204091448
 20
-0.41542523394709685
  0
LWPOLYLINE
  5
249
330
17
100
AcDbEntity
  8
A-KRESKOWANIE
370
25
 48
0.025
100
AcDbPolyline
 90
2
 70
0
 10
2.3069358736211116
 20
-0.3977475644174332
 10
2.3296834380385447
 20
-0.37499999999999994
  0
LWPOLYLINE
  5
24A
330
17
100
AcDbEntity
  8
A-KRESKOWANIE
370
25
 48
0.025
100
AcDbPolyline
 90
2
 70
0
 10
1.8566504294495534
 20
-0.7949999999999999
 10
2.2766504294495533
 20
-0.37499999999999994
  0
LWPOLYLINE
  5
24B
330
17
100
AcDbEntity
  8
A-KRESKOWANIE
370
25
 48
0.025
100
AcDbPolyline
 90
2
 70
0
 10
1.8036174208605629
 20
-0.7949999999999999
 10
1.8473164658498558
 20
-0.751300955010707
  0
LWPOLYLINE
  5
24C
330
17
100
AcDbEntity
  8
A-KRESKOWANIE
370
25
 48
0.025
100
AcDbPolyline
 90
2
 70
0
 10
1.8649941353795194
 20
-0.7336232854810434
 10
1.9180271439685104
 20
-0.6805902768920524
  0
LWPOLYLINE
  5
24D
330
17
100
AcDbEntity
  8
A-KRESKOWANIE
370
25
 48
0.025
100
AcDbPolyline
 90
2
 70
0
 10
1.935704813498174
 20
-0.6629126073623887
 10
1.988737822087165
 20
-0.6098795987733976
  0
LWPOLYLINE
  5
24E
330
17
100
AcDbEntity
  8
A-KRESKOWANIE
370
25
 48
0.025
100
AcDbPolyline
 90
2
 70
0
 10
2.0064154916168286
 20
-0.5922019292437339
 10
2.0594485002058196
 20
-0.5391689206547429
  0
LWPOLYLINE
  5
24F
330
17
100
AcDbEntity
  8
A-KRESKOWANIE
370
25
 48
0.025
100
AcDbPolyline
 90
2
 70
0
 10
2.0771261697354837
 20
-0.5214912511250791
 10
2.1301591783244747
 20
-0.46845824253608814
  0
LWPOLYLINE
  5
250
330
17
100
AcDbEntity
  8
A-KRESKOWANIE
370
25
 48
0.025
100
AcDbPolyline
 90
2
 70
0
 10
2.1478368478541383
 20
-0.45078057300642427
 10
2.2008698564431293
 20
-0.3977475644174333
  0
LWPOLYLINE
  5
251
330
17
100
AcDbEntity
  8
A-KRESKOWANIE
370
25
 48
0.025
100
AcDbPolyline
 90
2
 70
0
 10
2.218547525972793
 20
-0.38006989488776965
 10
2.223617420860563
 20
-0.37499999999999994
  0
LWPOLYLINE
  5
252
330
17
100
AcDbEntity
  8
A-KRESKOWANIE
370
25
 48
0.025
100
AcDbPolyline
 90
2
 70
0
 10
1.7505844122715717
 20
-0.7949999999999999
 10
2.170584412271572
 20
-0.37499999999999994
  0
LWPOLYLINE
  5
253
330
17
100
AcDbEntity
  8
A-KRESKOWANIE
370
25
 48
0.025
100
AcDbPolyline
 90
2
 70
0
 10
1.705895109612546
 20
-0.7866562940700343
 10
1.758928118201537
 20
-0.7336232854810433
  0
LWPOLYLINE
  5
254
330
17
100
AcDbEntity
  8
A-KRESKOWANIE
370
25
 48
0.025
100
AcDbPolyline
 90
2
 70
0
 10
1.7766057877312007
 20
-0.7159456159513795
 10
1.8296387963201919
 20
-0.6629126073623884
  0
LWPOLYLINE
  5
255
330
17
100
AcDbEntity
  8
A-KRESKOWANIE
370
25
 48
0.025
100
AcDbPolyline
 90
2
 70
0
 10
1.8473164658498555
 20
-0.6452349378327248
 10
1.9003494744388465
 20
-0.5922019292437338
  0
LWPOLYLINE
  5
256
330
17
100
AcDbEntity
  8
A-KRESKOWANIE
370
25
 48
0.025
100
AcDbPolyline
 90
2
 70
0
 10
1.9180271439685104
 20
-0.5745242597140701
 10
1.9710601525575013
 20
-0.521491251125079
  0
LWPOLYLINE
  5
257
330
17
100
AcDbEntity
  8
A-KRESKOWANIE
370
25
 48
0.025
100
AcDbPolyline
 90
2
 70
0
 10
1.988737822087165
 20
-0.5038135815954153
 10
2.041770830676156
 20
-0.45078057300642427
  0
LWPOLYLINE
  5
258
330
17
100
AcDbEntity
  8
A-KRESKOWANIE
370
25
 48
0.025
100
AcDbPolyline
 90
2
 70
0
 10
2.0594485002058196
 20
-0.4331029034767605
 10
2.1124815087948106
 20
-0.38006989488776954
  0
LWPOLYLINE
  5
259
330
17
100
AcDbEntity
  8
A-KRESKOWANIE
370
25
 48
0.025
100
AcDbPolyline
 90
2
 70
0
 10
1.6445183950935893
 20
-0.7949999999999999
 10
2.0645183950935895
 20
-0.37499999999999994
  0
LWPOLYLINE
  5
25A
330
17
100
AcDbEntity
  8
A-KRESKOWANIE
370
25
 48
0.025
100
AcDbPolyline
 90
2
 70
0
 10
1.5914853865045984
 20
-0.7949999999999999
 10
1.5998290924345637
 20
-0.7866562940700346
  0
LWPOLYLINE
  5
25B
330
17
100
AcDbEntity
  8
A-KRESKOWANIE
370
25
 48
0.025
100
AcDbPolyline
 90
2
 70
0
 10
1.6175067619642276
 20
-0.7689786245403707
 10
1.6705397705532188
 20
-0.7159456159513797
  0
LWPOLYLINE
  5
25C
330
17
100
AcDbEntity
  8
A-KRESKOWANIE
370
25
 48
0.025
100
AcDbPolyline
 90
2
 70
0
 10
1.6882174400828824
 20
-0.698267946421716
 10
1.7412504486718734
 20
-0.6452349378327249
  0
LWPOLYLINE
  5
25D
330
17
100
AcDbEntity
  8
A-KRESKOWANIE
370
25
 48
0.025
100
AcDbPolyline
 90
2
 70
0
 10
1.758928118201537
 20
-0.6275572683030612
 10
1.811961126790528
 20
-0.5745242597140703
  0
LWPOLYLINE
  5
25E
330
17
100
AcDbEntity
  8
A-KRESKOWANIE
370
25
 48
0.025
100
AcDbPolyline
 90
2
 70
0
 10
1.8296387963201919
 20
-0.5568465901844065
 10
1.882671804909183
 20
-0.5038135815954154
  0
LWPOLYLINE
  5
25F
330
17
100
AcDbEntity
  8
A-KRESKOWANIE
370
25
 48
0.025
100
AcDbPolyline
 90
2
 70
0
 10
1.9003494744388467
 20
-0.4861359120657518
 10
1.9533824830278377
 20
-0.4331029034767607
  0
LWPOLYLINE
  5
260
330
17
100
AcDbEntity
  8
A-KRESKOWANIE
370
25
 48
0.025
100
AcDbPolyline
 90
2
 70
0
 10
1.9710601525575013
 20
-0.41542523394709696
 10
2.0114853865045985
 20
-0.37499999999999994
  0
LWPOLYLINE
  5
261
330
17
100
AcDbEntity
  8
A-KRESKOWANIE
370
25
 48
0.025
100
AcDbPolyline
 90
2
 70
0
 10
1.5384523779156074
 20
-0.7949999999999999
 10
1.9584523779156076
 20
-0.37499999999999994
  0
LWPOLYLINE
  5
262
330
17
100
AcDbEntity
  8
A-KRESKOWANIE
370
25
 48
0.025
100
AcDbPolyline
 90
2
 70
0
 10
1.4854193693266162
 20
-0.7949999999999999
 10
1.5114407447862455
 20
-0.7689786245403707
  0
LWPOLYLINE
  5
263
330
17
100
AcDbEntity
  8
A-KRESKOWANIE
370
25
 48
0.025
100
AcDbPolyline
 90
2
 70
0
 10
1.5291184143159093
 20
-0.7513009550107069
 10
1.5821514229049003
 20
-0.6982679464217159
  0
LWPOLYLINE
  5
264
330
17
100
AcDbEntity
  8
A-KRESKOWANIE
370
25
 48
0.025
100
AcDbPolyline
 90
2
 70
0
 10
1.5998290924345642
 20
-0.6805902768920522
 10
1.6528621010235551
 20
-0.6275572683030611
  0
LWPOLYLINE
  5
265
330
17
100
AcDbEntity
  8
A-KRESKOWANIE
370
25
 48
0.025
100
AcDbPolyline
 90
2
 70
0
 10
1.6705397705532188
 20
-0.6098795987733974
 10
1.72357277914221
 20
-0.5568465901844063
  0
LWPOLYLINE
  5
266
330
17
100
AcDbEntity
  8
A-KRESKOWANIE
370
25
 48
0.025
100
AcDbPolyline
 90
2
 70
0
 10
1.7412504486718736
 20
-0.5391689206547426
 10
1.7942834572608646
 20
-0.4861359120657517
  0
LWPOLYLINE
  5
267
330
17
100
AcDbEntity
  8
A-KRESKOWANIE
370
25
 48
0.025
100
AcDbPolyline
 90
2
 70
0
 10
1.8119611267905285
 20
-0.4684582425360879
 10
1.8649941353795194
 20
-0.41542523394709685
  0
LWPOLYLINE
  5
268
330
17
100
AcDbEntity
  8
A-KRESKOWANIE
370
25
 48
0.025
100
AcDbPolyline
 90
2
 70
0
 10
1.882671804909183
 20
-0.3977475644174332
 10
1.9054193693266164
 20
-0.37499999999999994
  0
LWPOLYLINE
  5
269
330
17
100
AcDbEntity
  8
A-KRESKOWANIE
370
25
 48
0.025
100
AcDbPolyline
 90
2
 70
0
 10
1.432386360737625
 20
-0.7949999999999999
 10
1.8523863607376252
 20
-0.37499999999999994
  0
LWPOLYLINE
  5
26A
330
17
100
AcDbEntity
  8
A-KRESKOWANIE
370
25
 48
0.025
100
AcDbPolyline
 90
2
 70
0
 10
1.379353352148634
 20
-0.7949999999999999
 10
1.423052397137927
 20
-0.751300955010707
  0
LWPOLYLINE
  5
26B
330
17
100
AcDbEntity
  8
A-KRESKOWANIE
370
25
 48
0.025
100
AcDbPolyline
 90
2
 70
0
 10
1.4407300666675906
 20
-0.7336232854810434
 10
1.4937630752565818
 20
-0.6805902768920524
  0
LWPOLYLINE
  5
26C
330
17
100
AcDbEntity
  8
A-KRESKOWANIE
370
25
 48
0.025
100
AcDbPolyline
 90
2
 70
0
 10
1.5114407447862455
 20
-0.6629126073623886
 10
1.5644737533752364
 20
-0.6098795987733976
  0
LWPOLYLINE
  5
26D
330
17
100
AcDbEntity
  8
A-KRESKOWANIE
370
25
 48
0.025
100
AcDbPolyline
 90
2
 70
0
 10
1.5821514229049003
 20
-0.5922019292437338
 10
1.6351844314938915
 20
-0.5391689206547428
  0
LWPOLYLINE
  5
26E
330
17
100
AcDbEntity
  8
A-KRESKOWANIE
370
25
 48
0.025
100
AcDbPolyline
 90
2
 70
0
 10
1.6528621010235551
 20
-0.5214912511250791
 10
1.705895109612546
 20
-0.46845824253608814
  0
LWPOLYLINE
  5
26F
330
17
100
AcDbEntity
  8
A-KRESKOWANIE
370
25
 48
0.025
100
AcDbPolyline
 90
2
 70
0
 10
1.7235727791422097
 20
-0.4507805730064244
 10
1.7766057877312007
 20
-0.3977475644174333
  0
LWPOLYLINE
  5
270
330
17
100
AcDbEntity
  8
A-KRESKOWANIE
370
25
 48
0.025
100
AcDbPolyline
 90
2
 70
0
 10
1.7942834572608644
 20
-0.38006989488776965
 10
1.799353352148634
 20
-0.37499999999999994
  0
LWPOLYLINE
  5
271
330
17
100
AcDbEntity
  8
A-KRESKOWANIE
370
25
 48
0.025
100
AcDbPolyline
 90
2
 70
0
 10
1.326320343559643
 20
-0.7949999999999999
 10
1.746320343559643
 20
-0.37499999999999994
  0
LWPOLYLINE
  5
272
330
17
100
AcDbEntity
  8
A-KRESKOWANIE
370
25
 48
0.025
100
AcDbPolyline
 90
2
 70
0
 10
1.2816310409006173
 20
-0.7866562940700343
 10
1.3346640494896085
 20
-0.7336232854810432
  0
LWPOLYLINE
  5
273
330
17
100
AcDbEntity
  8
A-KRESKOWANIE
370
25
 48
0.025
100
AcDbPolyline
 90
2
 70
0
 10
1.3523417190192721
 20
-0.7159456159513795
 10
1.405374727608263
 20
-0.6629126073623886
  0
LWPOLYLINE
  5
274
330
17
100
AcDbEntity
  8
A-KRESKOWANIE
370
25
 48
0.025
100
AcDbPolyline
 90
2
 70
0
 10
1.423052397137927
 20
-0.6452349378327248
 10
1.476085405726918
 20
-0.5922019292437337
  0
LWPOLYLINE
  5
275
330
17
100
AcDbEntity
  8
A-KRESKOWANIE
370
25
 48
0.025
100
AcDbPolyline
 90
2
 70
0
 10
1.4937630752565818
 20
-0.5745242597140701
 10
1.5467960838455728
 20
-0.521491251125079
  0
LWPOLYLINE
  5
276
330
17
100
AcDbEntity
  8
A-KRESKOWANIE
370
25
 48
0.025
100
AcDbPolyline
 90
2
 70
0
 10
1.5644737533752364
 20
-0.5038135815954152
 10
1.6175067619642276
 20
-0.45078057300642416
  0
LWPOLYLINE
  5
277
330
17
100
AcDbEntity
  8
A-KRESKOWANIE
370
25
 48
0.025
100
AcDbPolyline
 90
2
 70
0
 10
1.6351844314938913
 20
-0.4331029034767605
 10
1.6882174400828822
 20
-0.38006989488776954
  0
LWPOLYLINE
  5
278
330
17
100
AcDbEntity
  8
A-KRESKOWANIE
370
25
 48
0.025
100
AcDbPolyline
 90
2
 70
0
 10
1.2202543263816608
 20
-0.7949999999999999
 10
1.6402543263816607
 20
-0.37499999999999994
  0
LWPOLYLINE
  5
279
330
17
100
AcDbEntity
  8
A-KRESKOWANIE
370
25
 48
0.025
100
AcDbPolyline
 90
2
 70
0
 10
1.1672213177926698
 20
-0.7949999999999999
 10
1.1755650237226354
 20
-0.7866562940700343
  0
LWPOLYLINE
  5
27A
330
17
100
AcDbEntity
  8
A-KRESKOWANIE
370
25
 48
0.025
100
AcDbPolyline
 90
2
 70
0
 10
1.193242693252299
 20
-0.7689786245403706
 10
1.2462757018412902
 20
-0.7159456159513795
  0
LWPOLYLINE
  5
27B
330
17
100
AcDbEntity
  8
A-KRESKOWANIE
370
25
 48
0.025
100
AcDbPolyline
 90
2
 70
0
 10
1.2639533713709539
 20
-0.6982679464217159
 10
1.3169863799599448
 20
-0.6452349378327248
  0
LWPOLYLINE
  5
27C
330
17
100
AcDbEntity
  8
A-KRESKOWANIE
370
25
 48
0.025
100
AcDbPolyline
 90
2
 70
0
 10
1.3346640494896085
 20
-0.6275572683030611
 10
1.3876970580785994
 20
-0.5745242597140701
  0
LWPOLYLINE
  5
27D
330
17
100
AcDbEntity
  8
A-KRESKOWANIE
370
25
 48
0.025
100
AcDbPolyline
 90
2
 70
0
 10
1.4053747276082633
 20
-0.5568465901844063
 10
1.4584077361972545
 20
-0.5038135815954152
  0
LWPOLYLINE
  5
27E
330
17
100
AcDbEntity
  8
A-KRESKOWANIE
370
25
 48
0.025
100
AcDbPolyline
 90
2
 70
0
 10
1.4760854057269182
 20
-0.4861359120657516
 10
1.5291184143159091
 20
-0.4331029034767605
  0
LWPOLYLINE
  5
27F
330
17
100
AcDbEntity
  8
A-KRESKOWANIE
370
25
 48
0.025
100
AcDbPolyline
 90
2
 70
0
 10
1.5467960838455728
 20
-0.41542523394709685
 10
1.5872213177926697
 20
-0.37499999999999994
  0
LWPOLYLINE
  5
280
330
17
100
AcDbEntity
  8
A-KRESKOWANIE
370
25
 48
0.025
100
AcDbPolyline
 90
2
 70
0
 10
1.1141883092036784
 20
-0.7949999999999999
 10
1.5341883092036785
 20
-0.37499999999999994
  0
LWPOLYLINE
  5
281
330
17
100
AcDbEntity
  8
A-KRESKOWANIE
370
25
 48
0.025
100
AcDbPolyline
 90
2
 70
0
 10
1.0611553006146877
 20
-0.7949999999999999
 10
1.087176676074317
 20
-0.7689786245403706
  0
LWPOLYLINE
  5
282
330
17
100
AcDbEntity
  8
A-KRESKOWANIE
370
25
 48
0.025
100
AcDbPolyline
 90
2
 70
0
 10
1.1048543456039805
 20
-0.7513009550107069
 10
1.1578873541929717
 20
-0.6982679464217159
  0
LWPOLYLINE
  5
283
330
17
100
AcDbEntity
  8
A-KRESKOWANIE
370
25
 48
0.025
100
AcDbPolyline
 90
2
 70
0
 10
1.1755650237226354
 20
-0.6805902768920522
 10
1.2285980323116266
 20
-0.627557268303061
  0
LWPOLYLINE
  5
284
330
17
100
AcDbEntity
  8
A-KRESKOWANIE
370
25
 48
0.025
100
AcDbPolyline
 90
2
 70
0
 10
1.2462757018412902
 20
-0.6098795987733974
 10
1.2993087104302812
 20
-0.5568465901844064
  0
LWPOLYLINE
  5
285
330
17
100
AcDbEntity
  8
A-KRESKOWANIE
370
25
 48
0.025
100
AcDbPolyline
 90
2
 70
0
 10
1.3169863799599448
 20
-0.5391689206547426
 10
1.3700193885489358
 20
-0.48613591206575163
  0
LWPOLYLINE
  5
286
330
17
100
AcDbEntity
  8
A-KRESKOWANIE
370
25
 48
0.025
100
AcDbPolyline
 90
2
 70
0
 10
1.3876970580785997
 20
-0.46845824253608787
 10
1.4407300666675908
 20
-0.41542523394709685
  0
LWPOLYLINE
  5
287
330
17
100
AcDbEntity
  8
A-KRESKOWANIE
370
25
 48
0.025
100
AcDbPolyline
 90
2
 70
0
 10
1.4584077361972545
 20
-0.3977475644174331
 10
1.4811553006146876
 20
-0.37499999999999994
  0
LWPOLYLINE
  5
288
330
17
100
AcDbEntity
  8
A-KRESKOWANIE
370
25
 48
0.025
100
AcDbPolyline
 90
2
 70
0
 10
1.0081222920256963
 20
-0.7949999999999999
 10
1.4281222920256964
 20
-0.37499999999999994
  0
LWPOLYLINE
  5
289
330
17
100
AcDbEntity
  8
A-KRESKOWANIE
370
25
 48
0.025
100
AcDbPolyline
 90
2
 70
0
 10
0.9550892834367056
 20
-0.7949999999999999
 10
0.9987883284259985
 20
-0.751300955010707
  0
LWPOLYLINE
  5
28A
330
17
100
AcDbEntity
  8
A-KRESKOWANIE
370
25
 48
0.025
100
AcDbPolyline
 90
2
 70
0
 10
1.0164659979556623
 20
-0.7336232854810434
 10
1.0694990065446532
 20
-0.6805902768920522
  0
LWPOLYLINE
  5
28B
330
17
100
AcDbEntity
  8
A-KRESKOWANIE
370
25
 48
0.025
100
AcDbPolyline
 90
2
 70
0
 10
1.0871766760743171
 20
-0.6629126073623886
 10
1.140209684663308
 20
-0.6098795987733975
  0
LWPOLYLINE
  5
28C
330
17
100
AcDbEntity
  8
A-KRESKOWANIE
370
25
 48
0.025
100
AcDbPolyline
 90
2
 70
0
 10
1.1578873541929717
 20
-0.5922019292437338
 10
1.210920362781963
 20
-0.5391689206547428
  0
LWPOLYLINE
  5
28D
330
17
100
AcDbEntity
  8
A-KRESKOWANIE
370
25
 48
0.025
100
AcDbPolyline
 90
2
 70
0
 10
1.2285980323116266
 20
-0.5214912511250791
 10
1.2816310409006175
 20
-0.4684582425360881
  0
LWPOLYLINE
  5
28E
330
17
100
AcDbEntity
  8
A-KRESKOWANIE
370
25
 48
0.025
100
AcDbPolyline
 90
2
 70
0
 10
1.2993087104302814
 20
-0.45078057300642427
 10
1.3523417190192724
 20
-0.39774756441743325
  0
LWPOLYLINE
  5
28F
330
17
100
AcDbEntity
  8
A-KRESKOWANIE
370
25
 48
0.025
100
AcDbPolyline
 90
2
 70
0
 10
1.370019388548936
 20
-0.38006989488776954
 10
1.3750892834367057
 20
-0.37499999999999994
  0
LWPOLYLINE
  5
290
330
17
100
AcDbEntity
  8
A-KRESKOWANIE
370
25
 48
0.025
100
AcDbPolyline
 90
2
 70
0
 10
0.9020562748477144
 20
-0.7949999999999999
 10
1.3220562748477145
 20
-0.37499999999999994
  0
LWPOLYLINE
  5
291
330
17
100
AcDbEntity
  8
A-KRESKOWANIE
370
25
 48
0.025
100
AcDbPolyline
 90
2
 70
0
 10
0.857366972188689
 20
-0.7866562940700342
 10
0.91039998077768
 20
-0.7336232854810432
  0
LWPOLYLINE
  5
292
330
17
100
AcDbEntity
  8
A-KRESKOWANIE
370
25
 48
0.025
100
AcDbPolyline
 90
2
 70
0
 10
0.9280776503073437
 20
-0.7159456159513795
 10
0.9811106588963348
 20
-0.6629126073623884
  0
LWPOLYLINE
  5
293
330
17
100
AcDbEntity
  8
A-KRESKOWANIE
370
25
 48
0.025
100
AcDbPolyline
 90
2
 70
0
 10
0.9987883284259984
 20
-0.6452349378327248
 10
1.0518213370149896
 20
-0.5922019292437337
  0
LWPOLYLINE
  5
294
330
17
100
AcDbEntity
  8
A-KRESKOWANIE
370
25
 48
0.025
100
AcDbPolyline
 90
2
 70
0
 10
1.0694990065446532
 20
-0.5745242597140701
 10
1.1225320151336442
 20
-0.5214912511250789
  0
LWPOLYLINE
  5
295
330
17
100
AcDbEntity
  8
A-KRESKOWANIE
370
25
 48
0.025
100
AcDbPolyline
 90
2
 70
0
 10
1.1402096846633079
 20
-0.5038135815954152
 10
1.193242693252299
 20
-0.4507805730064242
  0
LWPOLYLINE
  5
296
330
17
100
AcDbEntity
  8
A-KRESKOWANIE
370
25
 48
0.025
100
AcDbPolyline
 90
2
 70
0
 10
1.2109203627819627
 20
-0.4331029034767605
 10
1.2639533713709539
 20
-0.3800698948877695
  0
LWPOLYLINE
  5
297
330
17
100
AcDbEntity
  8
A-KRESKOWANIE
370
25
 48
0.025
100
AcDbPolyline
 90
2
 70
0
 10
0.7959902576697322
 20
-0.7949999999999999
 10
1.2159902576697323
 20
-0.37499999999999994
  0
LWPOLYLINE
  5
298
330
17
100
AcDbEntity
  8
A-KRESKOWANIE
370
25
 48
0.025
100
AcDbPolyline
 90
2
 70
0
 10
0.7429572490807411
 20
-0.7949999999999999
 10
0.7513009550107068
 20
-0.7866562940700342
  0
LWPOLYLINE
  5
299
330
17
100
AcDbEntity
  8
A-KRESKOWANIE
370
25
 48
0.025
100
AcDbPolyline
 90
2
 70
0
 10
0.7689786245403705
 20
-0.7689786245403706
 10
0.8220116331293615
 20
-0.7159456159513795
  0
LWPOLYLINE
  5
29A
330
17
100
AcDbEntity
  8
A-KRESKOWANIE
370
25
 48
0.025
100
AcDbPolyline
 90
2
 70
0
 10
0.8396893026590252
 20
-0.6982679464217159
 10
0.8927223112480163
 20
-0.6452349378327248
  0
LWPOLYLINE
  5
29B
330
17
100
AcDbEntity
  8
A-KRESKOWANIE
370
25
 48
0.025
100
AcDbPolyline
 90
2
 70
0
 10
0.91039998077768
 20
-0.627557268303061
 10
0.9634329893666711
 20
-0.5745242597140701
  0
LWPOLYLINE
  5
29C
330
17
100
AcDbEntity
  8
A-KRESKOWANIE
370
25
 48
0.025
100
AcDbPolyline
 90
2
 70
0
 10
0.9811106588963348
 20
-0.5568465901844063
 10
1.034143667485326
 20
-0.5038135815954152
  0
LWPOLYLINE
  5
29D
330
17
100
AcDbEntity
  8
A-KRESKOWANIE
370
25
 48
0.025
100
AcDbPolyline
 90
2
 70
0
 10
1.0518213370149896
 20
-0.4861359120657516
 10
1.1048543456039805
 20
-0.4331029034767605
  0
LWPOLYLINE
  5
29E
330
17
100
AcDbEntity
  8
A-KRESKOWANIE
370
25
 48
0.025
100
AcDbPolyline
 90
2
 70
0
 10
1.1225320151336442
 20
-0.41542523394709685
 10
1.1629572490807412
 20
-0.37499999999999994
  0
LWPOLYLINE
  5
29F
330
17
100
AcDbEntity
  8
A-KRESKOWANIE
370
25
 48
0.025
100
AcDbPolyline
 90
2
 70
0
 10
0.6899242404917502
 20
-0.7949999999999999
 10
1.1099242404917502
 20
-0.37499999999999994
  0
LWPOLYLINE
  5
2A0
330
17
100
AcDbEntity
  8
A-KRESKOWANIE
370
25
 48
0.025
100
AcDbPolyline
 90
2
 70
0
 10
0.636891231902759
 20
-0.7949999999999999
 10
0.6629126073623883
 20
-0.7689786245403706
  0
LWPOLYLINE
  5
2A1
330
17
100
AcDbEntity
  8
A-KRESKOWANIE
370
25
 48
0.025
100
AcDbPolyline
 90
2
 70
0
 10
0.680590276892052
 20
-0.7513009550107069
 10
0.733623285481043
 20
-0.6982679464217159
  0
LWPOLYLINE
  5
2A2
330
17
100
AcDbEntity
  8
A-KRESKOWANIE
370
25
 48
0.025
100
AcDbPolyline
 90
2
 70
0
 10
0.7513009550107068
 20
-0.6805902768920521
 10
0.8043339635996979
 20
-0.627557268303061
  0
LWPOLYLINE
  5
2A3
330
17
100
AcDbEntity
  8
A-KRESKOWANIE
370
25
 48
0.025
100
AcDbPolyline
 90
2
 70
0
 10
0.8220116331293615
 20
-0.6098795987733974
 10
0.8750446417183526
 20
-0.5568465901844063
  0
LWPOLYLINE
  5
2A4
330
17
100
AcDbEntity
  8
A-KRESKOWANIE
370
25
 48
0.025
100
AcDbPolyline
 90
2
 70
0
 10
0.8927223112480163
 20
-0.5391689206547426
 10
0.9457553198370073
 20
-0.4861359120657516
  0
LWPOLYLINE
  5
2A5
330
17
100
AcDbEntity
  8
A-KRESKOWANIE
370
25
 48
0.025
100
AcDbPolyline
 90
2
 70
0
 10
0.9634329893666711
 20
-0.46845824253608787
 10
1.0164659979556623
 20
-0.4154252339470968
  0
LWPOLYLINE
  5
2A6
330
17
100
AcDbEntity
  8
A-KRESKOWANIE
370
25
 48
0.025
100
AcDbPolyline
 90
2
 70
0
 10
1.034143667485326
 20
-0.39774756441743314
 10
1.056891231902759
 20
-0.37499999999999994
  0
LWPOLYLINE
  5
2A7
330
17
100
AcDbEntity
  8
A-KRESKOWANIE
370
25
 48
0.025
100
AcDbPolyline
 90
2
 70
0
 10
0.5838582233137678
 20
-0.7949999999999999
 10
1.0038582233137678
 20
-0.37499999999999994
  0
LWPOLYLINE
  5
2A8
330
17
100
AcDbEntity
  8
A-KRESKOWANIE
370
25
 48
0.025
100
AcDbPolyline
 90
2
 70
0
 10
0.5308252147247768
 20
-0.7949999999999999
 10
0.5745242597140698
 20
-0.7513009550107068
  0
LWPOLYLINE
  5
2A9
330
17
100
AcDbEntity
  8
A-KRESKOWANIE
370
25
 48
0.025
100
AcDbPolyline
 90
2
 70
0
 10
0.5922019292437336
 20
-0.7336232854810432
 10
0.6452349378327247
 20
-0.6805902768920521
  0
LWPOLYLINE
  5
2AA
330
17
100
AcDbEntity
  8
A-KRESKOWANIE
370
25
 48
0.025
100
AcDbPolyline
 90
2
 70
0
 10
0.6629126073623883
 20
-0.6629126073623884
 10
0.7159456159513794
 20
-0.6098795987733974
  0
LWPOLYLINE
  5
2AB
330
17
100
AcDbEntity
  8
A-KRESKOWANIE
370
25
 48
0.025
100
AcDbPolyline
 90
2
 70
0
 10
0.733623285481043
 20
-0.5922019292437337
 10
0.7866562940700341
 20
-0.5391689206547426
  0
LWPOLYLINE
  5
2AC
330
17
100
AcDbEntity
  8
A-KRESKOWANIE
370
25
 48
0.025
100
AcDbPolyline
 90
2
 70
0
 10
0.8043339635996979
 20
-0.5214912511250789
 10
0.857366972188689
 20
-0.46845824253608787
  0
LWPOLYLINE
  5
2AD
330
17
100
AcDbEntity
  8
A-KRESKOWANIE
370
25
 48
0.025
100
AcDbPolyline
 90
2
 70
0
 10
0.8750446417183526
 20
-0.45078057300642416
 10
0.9280776503073437
 20
-0.3977475644174331
  0
LWPOLYLINE
  5
2AE
330
17
100
AcDbEntity
  8
A-KRESKOWANIE
370
25
 48
0.025
100
AcDbPolyline
 90
2
 70
0
 10
0.9457553198370074
 20
-0.38006989488776943
 10
0.9508252147247769
 20
-0.37499999999999994
  0
LWPOLYLINE
  5
2AF
330
17
100
AcDbEntity
  8
A-KRESKOWANIE
370
25
 48
0.025
100
AcDbPolyline
 90
2
 70
0
 10
0.4777922061357859
 20
-0.7949999999999999
 10
0.897792206135786
 20
-0.37499999999999994
  0
LWPOLYLINE
  5
2B0
330
17
100
AcDbEntity
  8
A-KRESKOWANIE
370
25
 48
0.025
100
AcDbPolyline
 90
2
 70
0
 10
0.43310290347676034
 20
-0.7866562940700342
 10
0.4861359120657514
 20
-0.7336232854810432
  0
LWPOLYLINE
  5
2B1
330
17
100
AcDbEntity
  8
A-KRESKOWANIE
370
25
 48
0.025
100
AcDbPolyline
 90
2
 70
0
 10
0.5038135815954151
 20
-0.7159456159513795
 10
0.5568465901844062
 20
-0.6629126073623884
  0
LWPOLYLINE
  5
2B2
330
17
100
AcDbEntity
  8
A-KRESKOWANIE
370
25
 48
0.025
100
AcDbPolyline
 90
2
 70
0
 10
0.5745242597140698
 20
-0.6452349378327248
 10
0.6275572683030609
 20
-0.5922019292437337
  0
LWPOLYLINE
  5
2B3
330
17
100
AcDbEntity
  8
A-KRESKOWANIE
370
25
 48
0.025
100
AcDbPolyline
 90
2
 70
0
 10
0.6452349378327247
 20
-0.57452425971407
 10
0.6982679464217157
 20
-0.5214912511250789
  0
LWPOLYLINE
  5
2B4
330
17
100
AcDbEntity
  8
A-KRESKOWANIE
370
25
 48
0.025
100
AcDbPolyline
 90
2
 70
0
 10
0.7159456159513794
 20
-0.5038135815954152
 10
0.7689786245403705
 20
-0.45078057300642416
  0
LWPOLYLINE
  5
2B5
330
17
100
AcDbEntity
  8
A-KRESKOWANIE
370
25
 48
0.025
100
AcDbPolyline
 90
2
 70
0
 10
0.7866562940700341
 20
-0.4331029034767605
 10
0.8396893026590252
 20
-0.38006989488776943
  0
LWPOLYLINE
  5
2B6
330
17
100
AcDbEntity
  8
A-KRESKOWANIE
370
25
 48
0.025
100
AcDbPolyline
 90
2
 70
0
 10
0.3717261889578036
 20
-0.7949999999999999
 10
0.7917261889578037
 20
-0.37499999999999994
  0
LWPOLYLINE
  5
2B7
330
17
100
AcDbEntity
  8
A-KRESKOWANIE
370
25
 48
0.025
100
AcDbPolyline
 90
2
 70
0
 10
0.31869318036881256
 20
-0.7949999999999999
 10
0.32703688629877825
 20
-0.7866562940700342
  0
LWPOLYLINE
  5
2B8
330
17
100
AcDbEntity
  8
A-KRESKOWANIE
370
25
 48
0.025
100
AcDbPolyline
 90
2
 70
0
 10
0.3447145558284419
 20
-0.7689786245403706
 10
0.397747564417433
 20
-0.7159456159513795
  0
LWPOLYLINE
  5
2B9
330
17
100
AcDbEntity
  8
A-KRESKOWANIE
370
25
 48
0.025
100
AcDbPolyline
 90
2
 70
0
 10
0.41542523394709663
 20
-0.6982679464217159
 10
0.46845824253608775
 20
-0.6452349378327247
  0
LWPOLYLINE
  5
2BA
330
17
100
AcDbEntity
  8
A-KRESKOWANIE
370
25
 48
0.025
100
AcDbPolyline
 90
2
 70
0
 10
0.4861359120657514
 20
-0.627557268303061
 10
0.5391689206547425
 20
-0.57452425971407
  0
LWPOLYLINE
  5
2BB
330
17
100
AcDbEntity
  8
A-KRESKOWANIE
370
25
 48
0.025
100
AcDbPolyline
 90
2
 70
0
 10
0.5568465901844062
 20
-0.5568465901844063
 10
0.6098795987733973
 20
-0.5038135815954152
  0
LWPOLYLINE
  5
2BC
330
17
100
AcDbEntity
  8
A-KRESKOWANIE
370
25
 48
0.025
100
AcDbPolyline
 90
2
 70
0
 10
0.6275572683030609
 20
-0.4861359120657516
 10
0.680590276892052
 20
-0.4331029034767605
  0
LWPOLYLINE
  5
2BD
330
17
100
AcDbEntity
  8
A-KRESKOWANIE
370
25
 48
0.025
100
AcDbPolyline
 90
2
 70
0
 10
0.6982679464217157
 20
-0.4154252339470968
 10
0.7386931803688126
 20
-0.37499999999999994
  0
LWPOLYLINE
  5
2BE
330
17
100
AcDbEntity
  8
A-KRESKOWANIE
370
25
 48
0.025
100
AcDbPolyline
 90
2
 70
0
 10
0.30000000000000004
 20
-0.7606601717798213
 10
0.6856601717798214
 20
-0.37499999999999994
  0
LWPOLYLINE
  5
2BF
330
17
100
AcDbEntity
  8
A-KRESKOWANIE
370
25
 48
0.025
100
AcDbPolyline
 90
2
 70
0
 10
0.30000000000000004
 20
-0.7076271631908303
 10
0.3093592167691145
 20
-0.6982679464217159
  0
LWPOLYLINE
  5
2C0
330
17
100
AcDbEntity
  8
A-KRESKOWANIE
370
25
 48
0.025
100
AcDbPolyline
 90
2
 70
0
 10
0.3270368862987782
 20
-0.6805902768920521
 10
0.38006989488776927
 20
-0.627557268303061
  0
LWPOLYLINE
  5
2C1
330
17
100
AcDbEntity
  8
A-KRESKOWANIE
370
25
 48
0.025
100
AcDbPolyline
 90
2
 70
0
 10
0.397747564417433
 20
-0.6098795987733974
 10
0.45078057300642405
 20
-0.5568465901844063
  0
LWPOLYLINE
  5
2C2
330
17
100
AcDbEntity
  8
A-KRESKOWANIE
370
25
 48
0.025
100
AcDbPolyline
 90
2
 70
0
 10
0.46845824253608775
 20
-0.5391689206547426
 10
0.5214912511250788
 20
-0.4861359120657515
  0
LWPOLYLINE
  5
2C3
330
17
100
AcDbEntity
  8
A-KRESKOWANIE
370
25
 48
0.025
100
AcDbPolyline
 90
2
 70
0
 10
0.5391689206547425
 20
-0.46845824253608787
 10
0.5922019292437336
 20
-0.4154252339470968
  0
LWPOLYLINE
  5
2C4
330
17
100
AcDbEntity
  8
A-KRESKOWANIE
370
25
 48
0.025
100
AcDbPolyline
 90
2
 70
0
 10
0.6098795987733973
 20
-0.3977475644174331
 10
0.6326271631908305
 20
-0.37499999999999994
  0
LWPOLYLINE
  5
2C5
330
17
100
AcDbEntity
  8
A-KRESKOWANIE
370
25
 48
0.025
100
AcDbPolyline
 90
2
 70
0
 10
0.30000000000000004
 20
-0.6545941546018392
 10
0.5795941546018394
 20
-0.37499999999999994
  0
LWPOLYLINE
  5
2C6
330
17
100
AcDbEntity
  8
A-KRESKOWANIE
370
25
 48
0.025
100
AcDbPolyline
 90
2
 70
0
 10
0.3093592167691145
 20
-0.5922019292437336
 10
0.3623922253581056
 20
-0.5391689206547425
  0
LWPOLYLINE
  5
2C7
330
17
100
AcDbEntity
  8
A-KRESKOWANIE
370
25
 48
0.025
100
AcDbPolyline
 90
2
 70
0
 10
0.38006989488776927
 20
-0.5214912511250789
 10
0.43310290347676034
 20
-0.4684582425360878
  0
LWPOLYLINE
  5
2C8
330
17
100
AcDbEntity
  8
A-KRESKOWANIE
370
25
 48
0.025
100
AcDbPolyline
 90
2
 70
0
 10
0.45078057300642405
 20
-0.4507805730064241
 10
0.5038135815954151
 20
-0.39774756441743303
  0
LWPOLYLINE
  5
2C9
330
17
100
AcDbEntity
  8
A-KRESKOWANIE
370
25
 48
0.025
100
AcDbPolyline
 90
2
 70
0
 10
0.5214912511250788
 20
-0.3800698948877693
 10
0.5265611460128482
 20
-0.37499999999999994
  0
LWPOLYLINE
  5
2CA
330
17
100
AcDbEntity
  8
A-KRESKOWANIE
370
25
 48
0.025
100
AcDbPolyline
 90
2
 70
0
 10
0.30000000000000004
 20
-0.5485281374238571
 10
0.4735281374238572
 20
-0.37499999999999994
  0
LWPOLYLINE
  5
2CB
330
17
100
AcDbEntity
  8
A-KRESKOWANIE
370
25
 48
0.025
100
AcDbPolyline
 90
2
 70
0
 10
0.30000000000000004
 20
-0.49549512883486607
 10
0.34471455582844196
 20
-0.45078057300642416
  0
LWPOLYLINE
  5
2CC
330
17
100
AcDbEntity
  8
A-KRESKOWANIE
370
25
 48
0.025
100
AcDbPolyline
 90
2
 70
0
 10
0.36239222535810567
 20
-0.43310290347676045
 10
0.41542523394709674
 20
-0.3800698948877694
  0
LWPOLYLINE
  5
2CD
330
17
100
AcDbEntity
  8
A-KRESKOWANIE
370
25
 48
0.025
100
AcDbPolyline
 90
2
 70
0
 10
0.30000000000000004
 20
-0.44246212024587495
 10
0.3674621202458751
 20
-0.37499999999999994
  0
LWPOLYLINE
  5
2CE
330
17
100
AcDbEntity
  8
A-KRESKOWANIE
370
25
 48
0.025
100
AcDbPolyline
 90
2
 70
0
 10
0.30000000000000004
 20
-0.3894291116568838
 10
0.3144291116568839
 20
-0.37499999999999994
  0
LWPOLYLINE
  5
2CF
330
17
100
AcDbEntity
  8
A-KRESKOWANIE
370
25
 48
0.025
100
AcDbPolyline
 90
2
 70
0
 10
0.6641883092036786
 20
-1.2449999999999999
 10
0.665
 20
-1.2441883092036783
  0
LWPOLYLINE
  5
2D0
330
17
100
AcDbEntity
  8
A-KRESKOWANIE
370
25
 48
0.025
100
AcDbPolyline
 90
2
 70
0
 10
0.5934776310850236
 20
-1.2449999999999999
 10
0.665
 20
-1.1734776310850235
  0
LWPOLYLINE
  5
2D1
330
17
100
AcDbEntity
  8
A-KRESKOWANIE
370
25
 48
0.025
100
AcDbPolyline
 90
2
 70
0
 10
0.5227669529663689
 20
-1.2449999999999999
 10
0.665
 20
-1.1027669529663688
  0
LWPOLYLINE
  5
2D2
330
17
100
AcDbEntity
  8
A-KRESKOWANIE
370
25
 48
0.025
100
AcDbPolyline
 90
2
 70
0
 10
0.4850000000000001
 20
-1.2120562748477142
 10
0.665
 20
-1.0320562748477142
  0
LWPOLYLINE
  5
2D3
330
17
100
AcDbEntity
  8
A-KRESKOWANIE
370
25
 48
0.025
100
AcDbPolyline
 90
2
 70
0
 10
0.4850000000000001
 20
-1.1413455967290593
 10
0.665
 20
-0.9613455967290595
  0
LWPOLYLINE
  5
2D4
330
17
100
AcDbEntity
  8
A-KRESKOWANIE
370
25
 48
0.025
100
AcDbPolyline
 90
2
 70
0
 10
0.4850000000000001
 20
-1.0706349186104045
 10
0.665
 20
-0.8906349186104047
  0
LWPOLYLINE
  5
2D5
330
17
100
AcDbEntity
  8
A-KRESKOWANIE
370
25
 48
0.025
100
AcDbPolyline
 90
2
 70
0
 10
0.4850000000000001
 20
-0.9999242404917498
 10
0.665
 20
-0.8199242404917498
  0
LWPOLYLINE
  5
2D6
330
17
100
AcDbEntity
  8
A-KRESKOWANIE
370
25
 48
0.025
100
AcDbPolyline
 90
2
 70
0
 10
0.4850000000000001
 20
-0.9292135623730949
 10
0.6192135623730951
 20
-0.7949999999999999
  0
LWPOLYLINE
  5
2D7
330
17
100
AcDbEntity
  8
A-KRESKOWANIE
370
25
 48
0.025
100
AcDbPolyline
 90
2
 70
0
 10
0.4850000000000001
 20
-0.8585028842544403
 10
0.5485028842544405
 20
-0.7949999999999999
  0
LWPOLYLINE
  5
2D8
330
17
100
AcDbEntity
  8
A-KRESKOWANIE
370
25
 48
0.025
100
AcDbPolyline
 90
2
 70
0
 10
0.665
 20
-0.8064213562373095
 10
0.6535786437626905
 20
-0.7949999999999999
  0
LWPOLYLINE
  5
2D9
330
17
100
AcDbEntity
  8
A-KRESKOWANIE
370
25
 48
0.025
100
AcDbPolyline
 90
2
 70
0
 10
0.665
 20
-0.8771320343559644
 10
0.5828679656440356
 20
-0.7949999999999999
  0
LWPOLYLINE
  5
2DA
330
17
100
AcDbEntity
  8
A-KRESKOWANIE
370
25
 48
0.025
100
AcDbPolyline
 90
2
 70
0
 10
0.665
 20
-0.9478427124746192
 10
0.5121572875253809
 20
-0.7949999999999999
  0
LWPOLYLINE
  5
2DB
330
17
100
AcDbEntity
  8
A-KRESKOWANIE
370
25
 48
0.025
100
AcDbPolyline
 90
2
 70
0
 10
0.665
 20
-1.0185533905932738
 10
0.4850000000000001
 20
-0.8385533905932738
  0
LWPOLYLINE
  5
2DC
330
17
100
AcDbEntity
  8
A-KRESKOWANIE
370
25
 48
0.025
100
AcDbPolyline
 90
2
 70
0
 10
0.665
 20
-1.0892640687119286
 10
0.4850000000000001
 20
-0.9092640687119287
  0
LWPOLYLINE
  5
2DD
330
17
100
AcDbEntity
  8
A-KRESKOWANIE
370
25
 48
0.025
100
AcDbPolyline
 90
2
 70
0
 10
0.665
 20
-1.1599747468305834
 10
0.4850000000000001
 20
-0.9799747468305835
  0
LWPOLYLINE
  5
2DE
330
17
100
AcDbEntity
  8
A-KRESKOWANIE
370
25
 48
0.025
100
AcDbPolyline
 90
2
 70
0
 10
0.665
 20
-1.2306854249492383
 10
0.4850000000000001
 20
-1.0506854249492383
  0
LWPOLYLINE
  5
2DF
330
17
100
AcDbEntity
  8
A-KRESKOWANIE
370
25
 48
0.025
100
AcDbPolyline
 90
2
 70
0
 10
0.608603896932107
 20
-1.2449999999999999
 10
0.4850000000000001
 20
-1.121396103067893
  0
LWPOLYLINE
  5
2E0
330
17
100
AcDbEntity
  8
A-KRESKOWANIE
370
25
 48
0.025
100
AcDbPolyline
 90
2
 70
0
 10
0.5378932188134522
 20
-1.2449999999999999
 10
0.4850000000000001
 20
-1.1921067811865478
  0
LWPOLYLINE
  5
2E1
330
17
100
AcDbEntity
  8
A-KRESKOWANIE
370
25
 48
0.025
100
AcDbPolyline
 90
2
 70
0
 10
3.280483399593905
 20
-1.2449999999999999
 10
3.3150000000000004
 20
-1.2104833995939046
  0
LWPOLYLINE
  5
2E2
330
17
100
AcDbEntity
  8
A-KRESKOWANIE
370
25
 48
0.025
100
AcDbPolyline
 90
2
 70
0
 10
3.2097727214752503
 20
-1.2449999999999999
 10
3.3150000000000004
 20
-1.13977272147525
  0
LWPOLYLINE
  5
2E3
330
17
100
AcDbEntity
  8
A-KRESKOWANIE
370
25
 48
0.025
100
AcDbPolyline
 90
2
 70
0
 10
3.1390620433565948
 20
-1.2449999999999999
 10
3.3150000000000004
 20
-1.0690620433565943
  0
LWPOLYLINE
  5
2E4
330
17
100
AcDbEntity
  8
A-KRESKOWANIE
370
25
 48
0.025
100
AcDbPolyline
 90
2
 70
0
 10
3.1350000000000007
 20
-1.17835136523794
 10
3.3150000000000004
 20
-0.9983513652379402
  0
LWPOLYLINE
  5
2E5
330
17
100
AcDbEntity
  8
A-KRESKOWANIE
370
25
 48
0.025
100
AcDbPolyline
 90
2
 70
0
 10
3.1350000000000007
 20
-1.107640687119285
 10
3.3150000000000004
 20
-0.9276406871192852
  0
LWPOLYLINE
  5
2E6
330
17
100
AcDbEntity
  8
A-KRESKOWANIE
370
25
 48
0.025
100
AcDbPolyline
 90
2
 70
0
 10
3.1350000000000007
 20
-1.0369300090006304
 10
3.3150000000000004
 20
-0.8569300090006304
  0
LWPOLYLINE
  5
2E7
330
17
100
AcDbEntity
  8
A-KRESKOWANIE
370
25
 48
0.025
100
AcDbPolyline
 90
2
 70
0
 10
3.1350000000000007
 20
-0.9662193308819756
 10
3.3062193308819765
 20
-0.7949999999999999
  0
LWPOLYLINE
  5
2E8
330
17
100
AcDbEntity
  8
A-KRESKOWANIE
370
25
 48
0.025
100
AcDbPolyline
 90
2
 70
0
 10
3.1350000000000007
 20
-0.8955086527633206
 10
3.2355086527633214
 20
-0.7949999999999999
  0
LWPOLYLINE
  5
2E9
330
17
100
AcDbEntity
  8
A-KRESKOWANIE
370
25
 48
0.025
100
AcDbPolyline
 90
2
 70
0
 10
3.1350000000000007
 20
-0.8247979746446661
 10
3.164797974644667
 20
-0.7949999999999999
  0
LWPOLYLINE
  5
2EA
330
17
100
AcDbEntity
  8
A-KRESKOWANIE
370
25
 48
0.025
100
AcDbPolyline
 90
2
 70
0
 10
3.3150000000000004
 20
-0.8401262658470847
 10
3.269873734152916
 20
-0.7949999999999999
  0
LWPOLYLINE
  5
2EB
330
17
100
AcDbEntity
  8
A-KRESKOWANIE
370
25
 48
0.025
100
AcDbPolyline
 90
2
 70
0
 10
3.3150000000000004
 20
-0.9108369439657389
 10
3.1991630560342617
 20
-0.7949999999999999
  0
LWPOLYLINE
  5
2EC
330
17
100
AcDbEntity
  8
A-KRESKOWANIE
370
25
 48
0.025
100
AcDbPolyline
 90
2
 70
0
 10
3.3150000000000004
 20
-0.981547622084394
 10
3.1350000000000007
 20
-0.801547622084394
  0
LWPOLYLINE
  5
2ED
330
17
100
AcDbEntity
  8
A-KRESKOWANIE
370
25
 48
0.025
100
AcDbPolyline
 90
2
 70
0
 10
3.3150000000000004
 20
-1.0522583002030486
 10
3.1350000000000007
 20
-0.8722583002030487
  0
LWPOLYLINE
  5
2EE
330
17
100
AcDbEntity
  8
A-KRESKOWANIE
370
25
 48
0.025
100
AcDbPolyline
 90
2
 70
0
 10
3.3150000000000004
 20
-1.1229689783217036
 10
3.1350000000000007
 20
-0.9429689783217036
  0
LWPOLYLINE
  5
2EF
330
17
100
AcDbEntity
  8
A-KRESKOWANIE
370
25
 48
0.025
100
AcDbPolyline
 90
2
 70
0
 10
3.3150000000000004
 20
-1.1936796564403582
 10
3.1350000000000007
 20
-1.0136796564403583
  0
LWPOLYLINE
  5
2F0
330
17
100
AcDbEntity
  8
A-KRESKOWANIE
370
25
 48
0.025
100
AcDbPolyline
 90
2
 70
0
 10
3.2956096654409874
 20
-1.2449999999999999
 10
3.1350000000000007
 20
-1.084390334559013
  0
LWPOLYLINE
  5
2F1
330
17
100
AcDbEntity
  8
A-KRESKOWANIE
370
25
 48
0.025
100
AcDbPolyline
 90
2
 70
0
 10
3.224898987322333
 20
-1.2449999999999999
 10
3.1350000000000007
 20
-1.1551010126776677
  0
LWPOLYLINE
  5
2F2
330
17
100
AcDbEntity
  8
A-KRESKOWANIE
370
25
 48
0.025
100
AcDbPolyline
 90
2
 70
0
 10
3.154188309203678
 20
-1.2449999999999999
 10
3.1350000000000007
 20
-1.2258116907963226
  0
LWPOLYLINE
  5
2F3
330
17
100
AcDbEntity
  8
A-KRESKOWANIE
370
25
 48
0.025
100
AcDbPolyline
 90
2
 70
0
 10
4.296168824543144
 20
-0.7949999999999999
 10
4.33
 20
-0.7611688245431436
  0
LWPOLYLINE
  5
2F4
330
17
100
AcDbEntity
  8
A-KRESKOWANIE
370
25
 48
0.025
100
AcDbPolyline
 90
2
 70
0
 10
4.251479521884117
 20
-0.7866562940700346
 10
4.304512530473108
 20
-0.7336232854810434
  0
LWPOLYLINE
  5
2F5
330
17
100
AcDbEntity
  8
A-KRESKOWANIE
370
25
 48
0.025
100
AcDbPolyline
 90
2
 70
0
 10
4.322190200002772
 20
-0.71594561595138
 10
4.33
 20
-0.7081358159541515
  0
LWPOLYLINE
  5
2F6
330
17
100
AcDbEntity
  8
A-KRESKOWANIE
370
25
 48
0.025
100
AcDbPolyline
 90
2
 70
0
 10
4.190102807365161
 20
-0.7949999999999999
 10
4.33
 20
-0.6551028073651604
  0
LWPOLYLINE
  5
2F7
330
17
100
AcDbEntity
  8
A-KRESKOWANIE
370
25
 48
0.025
100
AcDbPolyline
 90
2
 70
0
 10
4.1630911742358
 20
-0.7689786245403707
 10
4.216124182824791
 20
-0.7159456159513795
  0
LWPOLYLINE
  5
2F8
330
17
100
AcDbEntity
  8
A-KRESKOWANIE
370
25
 48
0.025
100
AcDbPolyline
 90
2
 70
0
 10
4.233801852354453
 20
-0.6982679464217163
 10
4.286834860943445
 20
-0.6452349378327251
  0
LWPOLYLINE
  5
2F9
330
17
100
AcDbEntity
  8
A-KRESKOWANIE
370
25
 48
0.025
100
AcDbPolyline
 90
2
 70
0
 10
4.304512530473109
 20
-0.6275572683030615
 10
4.33
 20
-0.6020697987761702
  0
LWPOLYLINE
  5
2FA
330
17
100
AcDbEntity
  8
A-KRESKOWANIE
370
25
 48
0.025
100
AcDbPolyline
 90
2
 70
0
 10
4.15
 20
-0.7290367901871783
 10
4.33
 20
-0.549036790187179
  0
LWPOLYLINE
  5
2FB
330
17
100
AcDbEntity
  8
A-KRESKOWANIE
370
25
 48
0.025
100
AcDbPolyline
 90
2
 70
0
 10
4.15
 20
-0.6760037815981874
 10
4.198446513295126
 20
-0.6275572683030615
  0
LWPOLYLINE
  5
2FC
330
17
100
AcDbEntity
  8
A-KRESKOWANIE
370
25
 48
0.025
100
AcDbPolyline
 90
2
 70
0
 10
4.21612418282479
 20
-0.609879598773398
 10
4.269157191413781
 20
-0.5568465901844069
  0
LWPOLYLINE
  5
2FD
330
17
100
AcDbEntity
  8
A-KRESKOWANIE
370
25
 48
0.025
100
AcDbPolyline
 90
2
 70
0
 10
4.286834860943444
 20
-0.5391689206547432
 10
4.33
 20
-0.4960037815981873
  0
LWPOLYLINE
  5
2FE
330
17
100
AcDbEntity
  8
A-KRESKOWANIE
370
25
 48
0.025
100
AcDbPolyline
 90
2
 70
0
 10
4.15
 20
-0.6229707730091962
 10
4.33
 20
-0.4429707730091965
  0
LWPOLYLINE
  5
2FF
330
17
100
AcDbEntity
  8
A-KRESKOWANIE
370
25
 48
0.025
100
AcDbPolyline
 90
2
 70
0
 10
4.15
 20
-0.5699377644202049
 10
4.180768843765462
 20
-0.5391689206547428
  0
LWPOLYLINE
  5
300
330
17
100
AcDbEntity
  8
A-KRESKOWANIE
370
25
 48
0.025
100
AcDbPolyline
 90
2
 70
0
 10
4.198446513295126
 20
-0.5214912511250791
 10
4.251479521884118
 20
-0.4684582425360879
  0
LWPOLYLINE
  5
301
330
17
100
AcDbEntity
  8
A-KRESKOWANIE
370
25
 48
0.025
100
AcDbPolyline
 90
2
 70
0
 10
4.269157191413781
 20
-0.45078057300642427
 10
4.3221902000027725
 20
-0.3977475644174331
  0
LWPOLYLINE
  5
302
330
17
100
AcDbEntity
  8
A-KRESKOWANIE
370
25
 48
0.025
100
AcDbPolyline
 90
2
 70
0
 10
4.15
 20
-0.5169047558312148
 10
4.291904755831215
 20
-0.37499999999999994
  0
LWPOLYLINE
  5
303
330
17
100
AcDbEntity
  8
A-KRESKOWANIE
370
25
 48
0.025
100
AcDbPolyline
 90
2
 70
0
 10
4.15
 20
-0.4638717472422234
 10
4.163091174235799
 20
-0.45078057300642493
  0
LWPOLYLINE
  5
304
330
17
100
AcDbEntity
  8
A-KRESKOWANIE
370
25
 48
0.025
100
AcDbPolyline
 90
2
 70
0
 10
4.180768843765462
 20
-0.4331029034767613
 10
4.233801852354453
 20
-0.3800698948877701
  0
LWPOLYLINE
  5
305
330
17
100
AcDbEntity
  8
A-KRESKOWANIE
370
25
 48
0.025
100
AcDbPolyline
 90
2
 70
0
 10
4.15
 20
-0.41083873865323195
 10
4.185838738653232
 20
-0.37499999999999994
  0
LWPOLYLINE
  5
306
330
17
100
AcDbEntity
  8
A-KRESKOWANIE
370
25
 48
0.025
100
AcDbPolyline
 90
2
 70
0
 10
2.4982250993908575
 20
-4.29
 10
2.5000000000000004
 20
-4.288225099390857
  0
LWPOLYLINE
  5
307
330
17
100
AcDbEntity
  8
A-KRESKOWANIE
370
25
 48
0.025
100
AcDbPolyline
 90
2
 70
0
 10
2.4451920908018665
 20
-4.29
 10
2.466034899388085
 20
-4.269157191413782
  0
LWPOLYLINE
  5
308
330
17
100
AcDbEntity
  8
A-KRESKOWANIE
370
25
 48
0.025
100
AcDbPolyline
 90
2
 70
0
 10
2.4837125689177486
 20
-4.251479521884118
 10
2.5000000000000004
 20
-4.235192090801866
  0
LWPOLYLINE
  5
309
330
17
100
AcDbEntity
  8
A-KRESKOWANIE
370
25
 48
0.025
100
AcDbPolyline
 90
2
 70
0
 10
2.392159082212874
 20
-4.29
 10
2.5000000000000004
 20
-4.182159082212873
  0
LWPOLYLINE
  5
30A
330
17
100
AcDbEntity
  8
A-KRESKOWANIE
370
25
 48
0.025
100
AcDbPolyline
 90
2
 70
0
 10
2.3391260736238837
 20
-4.29
 10
2.3776465517397662
 20
-4.251479521884118
  0
LWPOLYLINE
  5
30B
330
17
100
AcDbEntity
  8
A-KRESKOWANIE
370
25
 48
0.025
100
AcDbPolyline
 90
2
 70
0
 10
2.39532422126943
 20
-4.233801852354454
 10
2.448357229858421
 20
-4.180768843765463
  0
LWPOLYLINE
  5
30C
330
17
100
AcDbEntity
  8
A-KRESKOWANIE
370
25
 48
0.025
100
AcDbPolyline
 90
2
 70
0
 10
2.4660348993880845
 20
-4.1630911742358
 10
2.5000000000000004
 20
-4.129126073623883
  0
LWPOLYLINE
  5
30D
330
17
100
AcDbEntity
  8
A-KRESKOWANIE
370
25
 48
0.025
100
AcDbPolyline
 90
2
 70
0
 10
2.2860930650348923
 20
-4.29
 10
2.5000000000000004
 20
-4.076093065034892
  0
LWPOLYLINE
  5
30E
330
17
100
AcDbEntity
  8
A-KRESKOWANIE
370
25
 48
0.025
100
AcDbPolyline
 90
2
 70
0
 10
2.236225195502457
 20
-4.286834860943445
 10
2.289258204091448
 20
-4.233801852354453
  0
LWPOLYLINE
  5
30F
330
17
100
AcDbEntity
  8
A-KRESKOWANIE
370
25
 48
0.025
100
AcDbPolyline
 90
2
 70
0
 10
2.3069358736211116
 20
-4.216124182824791
 10
2.3599688822101026
 20
-4.163091174235799
  0
LWPOLYLINE
  5
310
330
17
100
AcDbEntity
  8
A-KRESKOWANIE
370
25
 48
0.025
100
AcDbPolyline
 90
2
 70
0
 10
2.3776465517397662
 20
-4.145413504706135
 10
2.430679560328757
 20
-4.092380496117144
  0
LWPOLYLINE
  5
311
330
17
100
AcDbEntity
  8
A-KRESKOWANIE
370
25
 48
0.025
100
AcDbPolyline
 90
2
 70
0
 10
2.448357229858421
 20
-4.0747028265874805
 10
2.4830600564459013
 20
-4.04
  0
LWPOLYLINE
  5
312
330
17
100
AcDbEntity
  8
A-KRESKOWANIE
370
25
 48
0.025
100
AcDbPolyline
 90
2
 70
0
 10
2.1800270478569113
 20
-4.29
 10
2.4300270478569113
 20
-4.04
  0
LWPOLYLINE
  5
313
330
17
100
AcDbEntity
  8
A-KRESKOWANIE
370
25
 48
0.025
100
AcDbPolyline
 90
2
 70
0
 10
2.1269940392679194
 20
-4.29
 10
2.130159178324474
 20
-4.286834860943445
  0
LWPOLYLINE
  5
314
330
17
100
AcDbEntity
  8
A-KRESKOWANIE
370
25
 48
0.025
100
AcDbPolyline
 90
2
 70
0
 10
2.147836847854138
 20
-4.269157191413782
 10
2.200869856443129
 20
-4.216124182824791
  0
LWPOLYLINE
  5
315
330
17
100
AcDbEntity
  8
A-KRESKOWANIE
370
25
 48
0.025
100
AcDbPolyline
 90
2
 70
0
 10
2.2185475259727925
 20
-4.198446513295127
 10
2.2715805345617834
 20
-4.145413504706136
  0
LWPOLYLINE
  5
316
330
17
100
AcDbEntity
  8
A-KRESKOWANIE
370
25
 48
0.025
100
AcDbPolyline
 90
2
 70
0
 10
2.2892582040914475
 20
-4.1277358351764715
 10
2.3422912126804385
 20
-4.0747028265874805
  0
LWPOLYLINE
  5
317
330
17
100
AcDbEntity
  8
A-KRESKOWANIE
370
25
 48
0.025
100
AcDbPolyline
 90
2
 70
0
 10
2.359968882210102
 20
-4.057025157057817
 10
2.376994039267919
 20
-4.04
  0
LWPOLYLINE
  5
318
330
17
100
AcDbEntity
  8
A-KRESKOWANIE
370
25
 48
0.025
100
AcDbPolyline
 90
2
 70
0
 10
2.073961030678929
 20
-4.29
 10
2.3239610306789285
 20
-4.04
  0
LWPOLYLINE
  5
319
330
17
100
AcDbEntity
  8
A-KRESKOWANIE
370
25
 48
0.025
100
AcDbPolyline
 90
2
 70
0
 10
2.020928022089937
 20
-4.29
 10
2.041770830676156
 20
-4.269157191413781
  0
LWPOLYLINE
  5
31A
330
17
100
AcDbEntity
  8
A-KRESKOWANIE
370
25
 48
0.025
100
AcDbPolyline
 90
2
 70
0
 10
2.0594485002058196
 20
-4.251479521884117
 10
2.1124815087948106
 20
-4.198446513295126
  0
LWPOLYLINE
  5
31B
330
17
100
AcDbEntity
  8
A-KRESKOWANIE
370
25
 48
0.025
100
AcDbPolyline
 90
2
 70
0
 10
2.130159178324474
 20
-4.180768843765462
 10
2.183192186913465
 20
-4.1277358351764715
  0
LWPOLYLINE
  5
31C
330
17
100
AcDbEntity
  8
A-KRESKOWANIE
370
25
 48
0.025
100
AcDbPolyline
 90
2
 70
0
 10
2.200869856443129
 20
-4.110058165646808
 10
2.2539028650321202
 20
-4.057025157057817
  0
LWPOLYLINE
  5
31D
330
17
100
AcDbEntity
  8
A-KRESKOWANIE
370
25
 48
0.025
100
AcDbPolyline
 90
2
 70
0
 10
1.967895013500946
 20
-4.29
 10
2.217895013500946
 20
-4.04
  0
LWPOLYLINE
  5
31E
330
17
100
AcDbEntity
  8
A-KRESKOWANIE
370
25
 48
0.025
100
AcDbPolyline
 90
2
 70
0
 10
1.9148620049119556
 20
-4.29
 10
1.953382483027838
 20
-4.251479521884118
  0
LWPOLYLINE
  5
31F
330
17
100
AcDbEntity
  8
A-KRESKOWANIE
370
25
 48
0.025
100
AcDbPolyline
 90
2
 70
0
 10
1.9710601525575016
 20
-4.233801852354454
 10
2.0240931611464927
 20
-4.180768843765463
  0
LWPOLYLINE
  5
320
330
17
100
AcDbEntity
  8
A-KRESKOWANIE
370
25
 48
0.025
100
AcDbPolyline
 90
2
 70
0
 10
2.0417708306761564
 20
-4.1630911742358
 10
2.094803839265148
 20
-4.110058165646809
  0
LWPOLYLINE
  5
321
330
17
100
AcDbEntity
  8
A-KRESKOWANIE
370
25
 48
0.025
100
AcDbPolyline
 90
2
 70
0
 10
2.112481508794811
 20
-4.092380496117145
 10
2.1648620049119565
 20
-4.04
  0
LWPOLYLINE
  5
322
330
17
100
AcDbEntity
  8
A-KRESKOWANIE
370
25
 48
0.025
100
AcDbPolyline
 90
2
 70
0
 10
1.8618289963229642
 20
-4.29
 10
2.111828996322964
 20
-4.04
  0
LWPOLYLINE
  5
323
330
17
100
AcDbEntity
  8
A-KRESKOWANIE
370
25
 48
0.025
100
AcDbPolyline
 90
2
 70
0
 10
1.8119611267905282
 20
-4.286834860943445
 10
1.8649941353795192
 20
-4.233801852354453
  0
LWPOLYLINE
  5
324
330
17
100
AcDbEntity
  8
A-KRESKOWANIE
370
25
 48
0.025
100
AcDbPolyline
 90
2
 70
0
 10
1.8826718049091828
 20
-4.216124182824791
 10
1.9357048134981738
 20
-4.163091174235799
  0
LWPOLYLINE
  5
325
330
17
100
AcDbEntity
  8
A-KRESKOWANIE
370
25
 48
0.025
100
AcDbPolyline
 90
2
 70
0
 10
1.9533824830278377
 20
-4.145413504706135
 10
2.0064154916168286
 20
-4.092380496117144
  0
LWPOLYLINE
  5
326
330
17
100
AcDbEntity
  8
A-KRESKOWANIE
370
25
 48
0.025
100
AcDbPolyline
 90
2
 70
0
 10
2.0240931611464923
 20
-4.0747028265874805
 10
2.0587959877339728
 20
-4.04
  0
LWPOLYLINE
  5
327
330
17
100
AcDbEntity
  8
A-KRESKOWANIE
370
25
 48
0.025
100
AcDbPolyline
 90
2
 70
0
 10
1.7557629791449814
 20
-4.29
 10
2.005762979144981
 20
-4.04
  0
LWPOLYLINE
  5
328
330
17
100
AcDbEntity
  8
A-KRESKOWANIE
370
25
 48
0.025
100
AcDbPolyline
 90
2
 70
0
 10
1.7027299705559913
 20
-4.29
 10
1.705895109612546
 20
-4.286834860943445
  0
LWPOLYLINE
  5
329
330
17
100
AcDbEntity
  8
A-KRESKOWANIE
370
25
 48
0.025
100
AcDbPolyline
 90
2
 70
0
 10
1.7235727791422097
 20
-4.269157191413782
 10
1.776605787731201
 20
-4.216124182824791
  0
LWPOLYLINE
  5
32A
330
17
100
AcDbEntity
  8
A-KRESKOWANIE
370
25
 48
0.025
100
AcDbPolyline
 90
2
 70
0
 10
1.7942834572608644
 20
-4.198446513295127
 10
1.8473164658498555
 20
-4.145413504706136
  0
LWPOLYLINE
  5
32B
330
17
100
AcDbEntity
  8
A-KRESKOWANIE
370
25
 48
0.025
100
AcDbPolyline
 90
2
 70
0
 10
1.8649941353795192
 20
-4.1277358351764715
 10
1.9180271439685104
 20
-4.074702826587481
  0
LWPOLYLINE
  5
32C
330
17
100
AcDbEntity
  8
A-KRESKOWANIE
370
25
 48
0.025
100
AcDbPolyline
 90
2
 70
0
 10
1.935704813498174
 20
-4.057025157057817
 10
1.9527299705559908
 20
-4.04
  0
LWPOLYLINE
  5
32D
330
17
100
AcDbEntity
  8
A-KRESKOWANIE
370
25
 48
0.025
100
AcDbPolyline
 90
2
 70
0
 10
1.6496969619670003
 20
-4.29
 10
1.8996969619670003
 20
-4.04
  0
LWPOLYLINE
  5
32E
330
17
100
AcDbEntity
  8
A-KRESKOWANIE
370
25
 48
0.025
100
AcDbPolyline
 90
2
 70
0
 10
1.5966639533780083
 20
-4.29
 10
1.6175067619642274
 20
-4.269157191413781
  0
LWPOLYLINE
  5
32F
330
17
100
AcDbEntity
  8
A-KRESKOWANIE
370
25
 48
0.025
100
AcDbPolyline
 90
2
 70
0
 10
1.635184431493891
 20
-4.251479521884117
 10
1.688217440082882
 20
-4.198446513295126
  0
LWPOLYLINE
  5
330
330
17
100
AcDbEntity
  8
A-KRESKOWANIE
370
25
 48
0.025
100
AcDbPolyline
 90
2
 70
0
 10
1.7058951096125459
 20
-4.180768843765462
 10
1.7589281182015368
 20
-4.1277358351764715
  0
LWPOLYLINE
  5
331
330
17
100
AcDbEntity
  8
A-KRESKOWANIE
370
25
 48
0.025
100
AcDbPolyline
 90
2
 70
0
 10
1.7766057877312005
 20
-4.110058165646808
 10
1.8296387963201914
 20
-4.057025157057817
  0
LWPOLYLINE
  5
332
330
17
100
AcDbEntity
  8
A-KRESKOWANIE
370
25
 48
0.025
100
AcDbPolyline
 90
2
 70
0
 10
1.5436309447890184
 20
-4.29
 10
1.7936309447890184
 20
-4.04
  0
LWPOLYLINE
  5
333
330
17
100
AcDbEntity
  8
A-KRESKOWANIE
370
25
 48
0.025
100
AcDbPolyline
 90
2
 70
0
 10
1.4905979362000261
 20
-4.29
 10
1.529118414315909
 20
-4.251479521884118
  0
LWPOLYLINE
  5
334
330
17
100
AcDbEntity
  8
A-KRESKOWANIE
370
25
 48
0.025
100
AcDbPolyline
 90
2
 70
0
 10
1.5467960838455725
 20
-4.233801852354453
 10
1.5998290924345637
 20
-4.180768843765463
  0
LWPOLYLINE
  5
335
330
17
100
AcDbEntity
  8
A-KRESKOWANIE
370
25
 48
0.025
100
AcDbPolyline
 90
2
 70
0
 10
1.6175067619642274
 20
-4.163091174235799
 10
1.6705397705532186
 20
-4.110058165646808
  0
LWPOLYLINE
  5
336
330
17
100
AcDbEntity
  8
A-KRESKOWANIE
370
25
 48
0.025
100
AcDbPolyline
 90
2
 70
0
 10
1.688217440082882
 20
-4.092380496117144
 10
1.7405979362000263
 20
-4.04
  0
LWPOLYLINE
  5
337
330
17
100
AcDbEntity
  8
A-KRESKOWANIE
370
25
 48
0.025
100
AcDbPolyline
 90
2
 70
0
 10
1.4375649276110352
 20
-4.29
 10
1.6875649276110352
 20
-4.04
  0
LWPOLYLINE
  5
338
330
17
100
AcDbEntity
  8
A-KRESKOWANIE
370
25
 48
0.025
100
AcDbPolyline
 90
2
 70
0
 10
1.387697058078599
 20
-4.286834860943444
 10
1.44073006666759
 20
-4.233801852354453
  0
LWPOLYLINE
  5
339
330
17
100
AcDbEntity
  8
A-KRESKOWANIE
370
25
 48
0.025
100
AcDbPolyline
 90
2
 70
0
 10
1.4584077361972538
 20
-4.21612418282479
 10
1.511440744786245
 20
-4.163091174235799
  0
LWPOLYLINE
  5
33A
330
17
100
AcDbEntity
  8
A-KRESKOWANIE
370
25
 48
0.025
100
AcDbPolyline
 90
2
 70
0
 10
1.5291184143159087
 20
-4.145413504706135
 10
1.5821514229048996
 20
-4.092380496117144
  0
LWPOLYLINE
  5
33B
330
17
100
AcDbEntity
  8
A-KRESKOWANIE
370
25
 48
0.025
100
AcDbPolyline
 90
2
 70
0
 10
1.5998290924345635
 20
-4.07470282658748
 10
1.6345319190220438
 20
-4.04
  0
LWPOLYLINE
  5
33C
330
17
100
AcDbEntity
  8
A-KRESKOWANIE
370
25
 48
0.025
100
AcDbPolyline
 90
2
 70
0
 10
1.3314989104330537
 20
-4.29
 10
1.5814989104330537
 20
-4.04
  0
LWPOLYLINE
  5
33D
330
17
100
AcDbEntity
  8
A-KRESKOWANIE
370
25
 48
0.025
100
AcDbPolyline
 90
2
 70
0
 10
1.2784659018440627
 20
-4.29
 10
1.2816310409006175
 20
-4.286834860943445
  0
LWPOLYLINE
  5
33E
330
17
100
AcDbEntity
  8
A-KRESKOWANIE
370
25
 48
0.025
100
AcDbPolyline
 90
2
 70
0
 10
1.2993087104302812
 20
-4.269157191413782
 10
1.3523417190192724
 20
-4.216124182824791
  0
LWPOLYLINE
  5
33F
330
17
100
AcDbEntity
  8
A-KRESKOWANIE
370
25
 48
0.025
100
AcDbPolyline
 90
2
 70
0
 10
1.370019388548936
 20
-4.198446513295126
 10
1.423052397137927
 20
-4.145413504706136
  0
LWPOLYLINE
  5
340
330
17
100
AcDbEntity
  8
A-KRESKOWANIE
370
25
 48
0.025
100
AcDbPolyline
 90
2
 70
0
 10
1.4407300666675906
 20
-4.1277358351764715
 10
1.4937630752565818
 20
-4.074702826587481
  0
LWPOLYLINE
  5
341
330
17
100
AcDbEntity
  8
A-KRESKOWANIE
370
25
 48
0.025
100
AcDbPolyline
 90
2
 70
0
 10
1.5114407447862455
 20
-4.057025157057817
 10
1.5284659018440623
 20
-4.04
  0
LWPOLYLINE
  5
342
330
17
100
AcDbEntity
  8
A-KRESKOWANIE
370
25
 48
0.025
100
AcDbPolyline
 90
2
 70
0
 10
1.2254328932550709
 20
-4.29
 10
1.4754328932550709
 20
-4.04
  0
LWPOLYLINE
  5
343
330
17
100
AcDbEntity
  8
A-KRESKOWANIE
370
25
 48
0.025
100
AcDbPolyline
 90
2
 70
0
 10
1.1723998846660806
 20
-4.29
 10
1.193242693252299
 20
-4.269157191413782
  0
LWPOLYLINE
  5
344
330
17
100
AcDbEntity
  8
A-KRESKOWANIE
370
25
 48
0.025
100
AcDbPolyline
 90
2
 70
0
 10
1.2109203627819627
 20
-4.251479521884118
 10
1.2639533713709539
 20
-4.198446513295127
  0
LWPOLYLINE
  5
345
330
17
100
AcDbEntity
  8
A-KRESKOWANIE
370
25
 48
0.025
100
AcDbPolyline
 90
2
 70
0
 10
1.2816310409006175
 20
-4.180768843765463
 10
1.3346640494896085
 20
-4.127735835176472
  0
LWPOLYLINE
  5
346
330
17
100
AcDbEntity
  8
A-KRESKOWANIE
370
25
 48
0.025
100
AcDbPolyline
 90
2
 70
0
 10
1.3523417190192724
 20
-4.110058165646809
 10
1.4053747276082635
 20
-4.057025157057817
  0
LWPOLYLINE
  5
347
330
17
100
AcDbEntity
  8
A-KRESKOWANIE
370
25
 48
0.025
100
AcDbPolyline
 90
2
 70
0
 10
1.119366876077089
 20
-4.29
 10
1.369366876077089
 20
-4.04
  0
LWPOLYLINE
  5
348
330
17
100
AcDbEntity
  8
A-KRESKOWANIE
370
25
 48
0.025
100
AcDbPolyline
 90
2
 70
0
 10
1.066333867488098
 20
-4.29
 10
1.1048543456039803
 20
-4.251479521884118
  0
LWPOLYLINE
  5
349
330
17
100
AcDbEntity
  8
A-KRESKOWANIE
370
25
 48
0.025
100
AcDbPolyline
 90
2
 70
0
 10
1.122532015133644
 20
-4.233801852354453
 10
1.1755650237226352
 20
-4.180768843765462
  0
LWPOLYLINE
  5
34A
330
17
100
AcDbEntity
  8
A-KRESKOWANIE
370
25
 48
0.025
100
AcDbPolyline
 90
2
 70
0
 10
1.1932426932522988
 20
-4.163091174235799
 10
1.24627570184129
 20
-4.110058165646808
  0
LWPOLYLINE
  5
34B
330
17
100
AcDbEntity
  8
A-KRESKOWANIE
370
25
 48
0.025
100
AcDbPolyline
 90
2
 70
0
 10
1.2639533713709536
 20
-4.092380496117144
 10
1.3163338674880978
 20
-4.04
  0
LWPOLYLINE
  5
34C
330
17
100
AcDbEntity
  8
A-KRESKOWANIE
370
25
 48
0.025
100
AcDbPolyline
 90
2
 70
0
 10
1.013300858899107
 20
-4.29
 10
1.263300858899107
 20
-4.04
  0
LWPOLYLINE
  5
34D
330
17
100
AcDbEntity
  8
A-KRESKOWANIE
370
25
 48
0.025
100
AcDbPolyline
 90
2
 70
0
 10
0.9634329893666707
 20
-4.286834860943445
 10
1.0164659979556618
 20
-4.233801852354454
  0
LWPOLYLINE
  5
34E
330
17
100
AcDbEntity
  8
A-KRESKOWANIE
370
25
 48
0.025
100
AcDbPolyline
 90
2
 70
0
 10
1.0341436674853255
 20
-4.216124182824791
 10
1.0871766760743167
 20
-4.163091174235799
  0
LWPOLYLINE
  5
34F
330
17
100
AcDbEntity
  8
A-KRESKOWANIE
370
25
 48
0.025
100
AcDbPolyline
 90
2
 70
0
 10
1.1048543456039803
 20
-4.145413504706136
 10
1.1578873541929715
 20
-4.092380496117144
  0
LWPOLYLINE
  5
350
330
17
100
AcDbEntity
  8
A-KRESKOWANIE
370
25
 48
0.025
100
AcDbPolyline
 90
2
 70
0
 10
1.1755650237226352
 20
-4.0747028265874805
 10
1.2102678503101156
 20
-4.04
  0
LWPOLYLINE
  5
351
330
17
100
AcDbEntity
  8
A-KRESKOWANIE
370
25
 48
0.025
100
AcDbPolyline
 90
2
 70
0
 10
0.9072348417211251
 20
-4.29
 10
1.1572348417211251
 20
-4.04
  0
LWPOLYLINE
  5
352
330
17
100
AcDbEntity
  8
A-KRESKOWANIE
370
25
 48
0.025
100
AcDbPolyline
 90
2
 70
0
 10
0.8542018331321344
 20
-4.29
 10
0.8573669721886892
 20
-4.286834860943445
  0
LWPOLYLINE
  5
353
330
17
100
AcDbEntity
  8
A-KRESKOWANIE
370
25
 48
0.025
100
AcDbPolyline
 90
2
 70
0
 10
0.8750446417183524
 20
-4.269157191413782
 10
0.9280776503073436
 20
-4.216124182824791
  0
LWPOLYLINE
  5
354
330
17
100
AcDbEntity
  8
A-KRESKOWANIE
370
25
 48
0.025
100
AcDbPolyline
 90
2
 70
0
 10
0.9457553198370072
 20
-4.198446513295127
 10
0.9987883284259984
 20
-4.145413504706136
  0
LWPOLYLINE
  5
355
330
17
100
AcDbEntity
  8
A-KRESKOWANIE
370
25
 48
0.025
100
AcDbPolyline
 90
2
 70
0
 10
1.016465997955662
 20
-4.1277358351764715
 10
1.0694990065446532
 20
-4.0747028265874805
  0
LWPOLYLINE
  5
356
330
17
100
AcDbEntity
  8
A-KRESKOWANIE
370
25
 48
0.025
100
AcDbPolyline
 90
2
 70
0
 10
1.087176676074317
 20
-4.057025157057817
 10
1.1042018331321337
 20
-4.04
  0
LWPOLYLINE
  5
357
330
17
100
AcDbEntity
  8
A-KRESKOWANIE
370
25
 48
0.025
100
AcDbPolyline
 90
2
 70
0
 10
0.8011688245431432
 20
-4.29
 10
1.0511688245431432
 20
-4.04
  0
LWPOLYLINE
  5
358
330
17
100
AcDbEntity
  8
A-KRESKOWANIE
370
25
 48
0.025
100
AcDbPolyline
 90
2
 70
0
 10
0.7481358159541511
 20
-4.29
 10
0.7689786245403702
 20
-4.269157191413781
  0
LWPOLYLINE
  5
359
330
17
100
AcDbEntity
  8
A-KRESKOWANIE
370
25
 48
0.025
100
AcDbPolyline
 90
2
 70
0
 10
0.7866562940700339
 20
-4.251479521884117
 10
0.8396893026590251
 20
-4.198446513295126
  0
LWPOLYLINE
  5
35A
330
17
100
AcDbEntity
  8
A-KRESKOWANIE
370
25
 48
0.025
100
AcDbPolyline
 90
2
 70
0
 10
0.8573669721886883
 20
-4.180768843765463
 10
0.9103999807776795
 20
-4.1277358351764715
  0
LWPOLYLINE
  5
35B
330
17
100
AcDbEntity
  8
A-KRESKOWANIE
370
25
 48
0.025
100
AcDbPolyline
 90
2
 70
0
 10
0.9280776503073431
 20
-4.110058165646808
 10
0.9811106588963343
 20
-4.057025157057817
  0
LWPOLYLINE
  5
35C
330
17
100
AcDbEntity
  8
A-KRESKOWANIE
370
25
 48
0.025
100
AcDbPolyline
 90
2
 70
0
 10
0.69510280736516
 20
-4.29
 10
0.94510280736516
 20
-4.04
  0
LWPOLYLINE
  5
35D
330
17
100
AcDbEntity
  8
A-KRESKOWANIE
370
25
 48
0.025
100
AcDbPolyline
 90
2
 70
0
 10
0.6420697987761693
 20
-4.29
 10
0.6805902768920524
 20
-4.251479521884117
  0
LWPOLYLINE
  5
35E
330
17
100
AcDbEntity
  8
A-KRESKOWANIE
370
25
 48
0.025
100
AcDbPolyline
 90
2
 70
0
 10
0.6982679464217161
 20
-4.233801852354453
 10
0.7513009550107073
 20
-4.180768843765462
  0
LWPOLYLINE
  5
35F
330
17
100
AcDbEntity
  8
A-KRESKOWANIE
370
25
 48
0.025
100
AcDbPolyline
 90
2
 70
0
 10
0.7689786245403705
 20
-4.163091174235799
 10
0.8220116331293617
 20
-4.110058165646808
  0
LWPOLYLINE
  5
360
330
17
100
AcDbEntity
  8
A-KRESKOWANIE
370
25
 48
0.025
100
AcDbPolyline
 90
2
 70
0
 10
0.8396893026590253
 20
-4.092380496117144
 10
0.8920697987761697
 20
-4.04
  0
LWPOLYLINE
  5
361
330
17
100
AcDbEntity
  8
A-KRESKOWANIE
370
25
 48
0.025
100
AcDbPolyline
 90
2
 70
0
 10
0.5890367901871788
 20
-4.29
 10
0.8390367901871786
 20
-4.04
  0
LWPOLYLINE
  5
362
330
17
100
AcDbEntity
  8
A-KRESKOWANIE
370
25
 48
0.025
100
AcDbPolyline
 90
2
 70
0
 10
0.5391689206547423
 20
-4.286834860943445
 10
0.5922019292437335
 20
-4.233801852354453
  0
LWPOLYLINE
  5
363
330
17
100
AcDbEntity
  8
A-KRESKOWANIE
370
25
 48
0.025
100
AcDbPolyline
 90
2
 70
0
 10
0.6098795987733971
 20
-4.216124182824791
 10
0.6629126073623883
 20
-4.163091174235799
  0
LWPOLYLINE
  5
364
330
17
100
AcDbEntity
  8
A-KRESKOWANIE
370
25
 48
0.025
100
AcDbPolyline
 90
2
 70
0
 10
0.680590276892052
 20
-4.145413504706135
 10
0.7336232854810432
 20
-4.092380496117144
  0
LWPOLYLINE
  5
365
330
17
100
AcDbEntity
  8
A-KRESKOWANIE
370
25
 48
0.025
100
AcDbPolyline
 90
2
 70
0
 10
0.7513009550107064
 20
-4.074702826587481
 10
0.7860037815981873
 20
-4.04
  0
LWPOLYLINE
  5
366
330
17
100
AcDbEntity
  8
A-KRESKOWANIE
370
25
 48
0.025
100
AcDbPolyline
 90
2
 70
0
 10
0.4829707730091961
 20
-4.29
 10
0.7329707730091961
 20
-4.04
  0
LWPOLYLINE
  5
367
330
17
100
AcDbEntity
  8
A-KRESKOWANIE
370
25
 48
0.025
100
AcDbPolyline
 90
2
 70
0
 10
0.4299377644202047
 20
-4.29
 10
0.4331029034767604
 20
-4.286834860943444
  0
LWPOLYLINE
  5
368
330
17
100
AcDbEntity
  8
A-KRESKOWANIE
370
25
 48
0.025
100
AcDbPolyline
 90
2
 70
0
 10
0.45078057300642405
 20
-4.269157191413781
 10
0.5038135815954152
 20
-4.21612418282479
  0
LWPOLYLINE
  5
369
330
17
100
AcDbEntity
  8
A-KRESKOWANIE
370
25
 48
0.025
100
AcDbPolyline
 90
2
 70
0
 10
0.5214912511250789
 20
-4.198446513295126
 10
0.5745242597140701
 20
-4.145413504706135
  0
LWPOLYLINE
  5
36A
330
17
100
AcDbEntity
  8
A-KRESKOWANIE
370
25
 48
0.025
100
AcDbPolyline
 90
2
 70
0
 10
0.5922019292437337
 20
-4.1277358351764715
 10
0.6452349378327249
 20
-4.07470282658748
  0
LWPOLYLINE
  5
36B
330
17
100
AcDbEntity
  8
A-KRESKOWANIE
370
25
 48
0.025
100
AcDbPolyline
 90
2
 70
0
 10
0.6629126073623881
 20
-4.057025157057817
 10
0.679937764420205
 20
-4.04
  0
LWPOLYLINE
  5
36C
330
17
100
AcDbEntity
  8
A-KRESKOWANIE
370
25
 48
0.025
100
AcDbPolyline
 90
2
 70
0
 10
0.376904755831215
 20
-4.29
 10
0.6269047558312149
 20
-4.04
  0
LWPOLYLINE
  5
36D
330
17
100
AcDbEntity
  8
A-KRESKOWANIE
370
25
 48
0.025
100
AcDbPolyline
 90
2
 70
0
 10
0.32387174724222334
 20
-4.29
 10
0.3447145558284419
 20
-4.269157191413782
  0
LWPOLYLINE
  5
36E
330
17
100
AcDbEntity
  8
A-KRESKOWANIE
370
25
 48
0.025
100
AcDbPolyline
 90
2
 70
0
 10
0.36239222535810556
 20
-4.251479521884118
 10
0.41542523394709674
 20
-4.198446513295127
  0
LWPOLYLINE
  5
36F
330
17
100
AcDbEntity
  8
A-KRESKOWANIE
370
25
 48
0.025
100
AcDbPolyline
 90
2
 70
0
 10
0.4331029034767604
 20
-4.180768843765463
 10
0.4861359120657516
 20
-4.1277358351764715
  0
LWPOLYLINE
  5
370
330
17
100
AcDbEntity
  8
A-KRESKOWANIE
370
25
 48
0.025
100
AcDbPolyline
 90
2
 70
0
 10
0.5038135815954152
 20
-4.110058165646809
 10
0.5568465901844064
 20
-4.057025157057817
  0
LWPOLYLINE
  5
371
330
17
100
AcDbEntity
  8
A-KRESKOWANIE
370
25
 48
0.025
100
AcDbPolyline
 90
2
 70
0
 10
0.30000000000000004
 20
-4.2608387386532325
 10
0.5208387386532323
 20
-4.04
  0
LWPOLYLINE
  5
372
330
17
100
AcDbEntity
  8
A-KRESKOWANIE
370
25
 48
0.025
100
AcDbPolyline
 90
2
 70
0
 10
0.30000000000000004
 20
-4.207805730064241
 10
0.32703688629877803
 20
-4.180768843765462
  0
LWPOLYLINE
  5
373
330
17
100
AcDbEntity
  8
A-KRESKOWANIE
370
25
 48
0.025
100
AcDbPolyline
 90
2
 70
0
 10
0.3447145558284417
 20
-4.163091174235799
 10
0.39774756441743286
 20
-4.110058165646808
  0
LWPOLYLINE
  5
374
330
17
100
AcDbEntity
  8
A-KRESKOWANIE
370
25
 48
0.025
100
AcDbPolyline
 90
2
 70
0
 10
0.4154252339470965
 20
-4.092380496117144
 10
0.46780573006424087
 20
-4.04
  0
LWPOLYLINE
  5
375
330
17
100
AcDbEntity
  8
A-KRESKOWANIE
370
25
 48
0.025
100
AcDbPolyline
 90
2
 70
0
 10
0.30000000000000004
 20
-4.15477272147525
 10
0.4147727214752499
 20
-4.04
  0
LWPOLYLINE
  5
376
330
17
100
AcDbEntity
  8
A-KRESKOWANIE
370
25
 48
0.025
100
AcDbPolyline
 90
2
 70
0
 10
0.30000000000000004
 20
-4.101739712886259
 10
0.3093592167691144
 20
-4.092380496117144
  0
LWPOLYLINE
  5
377
330
17
100
AcDbEntity
  8
A-KRESKOWANIE
370
25
 48
0.025
100
AcDbPolyline
 90
2
 70
0
 10
0.32703688629877803
 20
-4.0747028265874805
 10
0.36173971288625867
 20
-4.04
  0
LWPOLYLINE
  5
378
330
17
100
AcDbEntity
  8
A-KRESKOWANIE
370
25
 48
0.025
100
AcDbPolyline
 90
2
 70
0
 10
0.30000000000000004
 20
-4.048706704297268
 10
0.308706704297268
 20
-4.04
  0
LWPOLYLINE
  5
379
330
17
100
AcDbEntity
  8
A-KRESKOWANIE
370
25
 48
0.025
100
AcDbPolyline
 90
2
 70
0
 10
0.6340115370177617
 20
-4.74
 10
0.64
 20
-4.734011537017762
  0
LWPOLYLINE
  5
37A
330
17
100
AcDbEntity
  8
A-KRESKOWANIE
370
25
 48
0.025
100
AcDbPolyline
 90
2
 70
0
 10
0.5633008588991059
 20
-4.74
 10
0.64
 20
-4.663300858899106
  0
LWPOLYLINE
  5
37B
330
17
100
AcDbEntity
  8
A-KRESKOWANIE
370
25
 48
0.025
100
AcDbPolyline
 90
2
 70
0
 10
0.49259018078045125
 20
-4.74
 10
0.64
 20
-4.5925901807804514
  0
LWPOLYLINE
  5
37C
330
17
100
AcDbEntity
  8
A-KRESKOWANIE
370
25
 48
0.025
100
AcDbPolyline
 90
2
 70
0
 10
0.4600000000000001
 20
-4.701879502661797
 10
0.64
 20
-4.521879502661797
  0
LWPOLYLINE
  5
37D
330
17
100
AcDbEntity
  8
A-KRESKOWANIE
370
25
 48
0.025
100
AcDbPolyline
 90
2
 70
0
 10
0.4600000000000001
 20
-4.631168824543142
 10
0.64
 20
-4.451168824543142
  0
LWPOLYLINE
  5
37E
330
17
100
AcDbEntity
  8
A-KRESKOWANIE
370
25
 48
0.025
100
AcDbPolyline
 90
2
 70
0
 10
0.4600000000000001
 20
-4.560458146424487
 10
0.64
 20
-4.380458146424488
  0
LWPOLYLINE
  5
37F
330
17
100
AcDbEntity
  8
A-KRESKOWANIE
370
25
 48
0.025
100
AcDbPolyline
 90
2
 70
0
 10
0.4600000000000001
 20
-4.489747468305832
 10
0.64
 20
-4.309747468305832
  0
LWPOLYLINE
  5
380
330
17
100
AcDbEntity
  8
A-KRESKOWANIE
370
25
 48
0.025
100
AcDbPolyline
 90
2
 70
0
 10
0.4600000000000001
 20
-4.419036790187178
 10
0.5890367901871778
 20
-4.29
  0
LWPOLYLINE
  5
381
330
17
100
AcDbEntity
  8
A-KRESKOWANIE
370
25
 48
0.025
100
AcDbPolyline
 90
2
 70
0
 10
0.4600000000000001
 20
-4.3483261120685235
 10
0.5183261120685233
 20
-4.29
  0
LWPOLYLINE
  5
382
330
17
100
AcDbEntity
  8
A-KRESKOWANIE
370
25
 48
0.025
100
AcDbPolyline
 90
2
 70
0
 10
0.64
 20
-4.3169552621700475
 10
0.6130447378299527
 20
-4.29
  0
LWPOLYLINE
  5
383
330
17
100
AcDbEntity
  8
A-KRESKOWANIE
370
25
 48
0.025
100
AcDbPolyline
 90
2
 70
0
 10
0.64
 20
-4.387665940288703
 10
0.5423340597112972
 20
-4.29
  0
LWPOLYLINE
  5
384
330
17
100
AcDbEntity
  8
A-KRESKOWANIE
370
25
 48
0.025
100
AcDbPolyline
 90
2
 70
0
 10
0.64
 20
-4.458376618407358
 10
0.47162338159264255
 20
-4.29
  0
LWPOLYLINE
  5
385
330
17
100
AcDbEntity
  8
A-KRESKOWANIE
370
25
 48
0.025
100
AcDbPolyline
 90
2
 70
0
 10
0.64
 20
-4.529087296526011
 10
0.4600000000000001
 20
-4.349087296526012
  0
LWPOLYLINE
  5
386
330
17
100
AcDbEntity
  8
A-KRESKOWANIE
370
25
 48
0.025
100
AcDbPolyline
 90
2
 70
0
 10
0.64
 20
-4.599797974644667
 10
0.4600000000000001
 20
-4.419797974644667
  0
LWPOLYLINE
  5
387
330
17
100
AcDbEntity
  8
A-KRESKOWANIE
370
25
 48
0.025
100
AcDbPolyline
 90
2
 70
0
 10
0.64
 20
-4.6705086527633215
 10
0.4600000000000001
 20
-4.490508652763322
  0
LWPOLYLINE
  5
388
330
17
100
AcDbEntity
  8
A-KRESKOWANIE
370
25
 48
0.025
100
AcDbPolyline
 90
2
 70
0
 10
0.6387806691180233
 20
-4.74
 10
0.4600000000000001
 20
-4.561219330881976
  0
LWPOLYLINE
  5
389
330
17
100
AcDbEntity
  8
A-KRESKOWANIE
370
25
 48
0.025
100
AcDbPolyline
 90
2
 70
0
 10
0.5680699909993688
 20
-4.74
 10
0.4600000000000001
 20
-4.631930009000631
  0
LWPOLYLINE
  5
38A
330
17
100
AcDbEntity
  8
A-KRESKOWANIE
370
25
 48
0.025
100
AcDbPolyline
 90
2
 70
0
 10
0.4973593128807142
 20
-4.74
 10
0.4600000000000001
 20
-4.702640687119286
  0
LWPOLYLINE
  5
38B
330
17
100
AcDbEntity
  8
A-KRESKOWANIE
370
25
 48
0.025
100
AcDbPolyline
 90
2
 70
0
 10
2.3310678118654744
 20
-4.74
 10
2.3400000000000003
 20
-4.731067811865475
  0
LWPOLYLINE
  5
38C
330
17
100
AcDbEntity
  8
A-KRESKOWANIE
370
25
 48
0.025
100
AcDbPolyline
 90
2
 70
0
 10
2.26035713374682
 20
-4.74
 10
2.3400000000000003
 20
-4.66035713374682
  0
LWPOLYLINE
  5
38D
330
17
100
AcDbEntity
  8
A-KRESKOWANIE
370
25
 48
0.025
100
AcDbPolyline
 90
2
 70
0
 10
2.189646455628165
 20
-4.74
 10
2.3400000000000003
 20
-4.5896464556281655
  0
LWPOLYLINE
  5
38E
330
17
100
AcDbEntity
  8
A-KRESKOWANIE
370
25
 48
0.025
100
AcDbPolyline
 90
2
 70
0
 10
2.1600000000000006
 20
-4.698935777509511
 10
2.3400000000000003
 20
-4.518935777509511
  0
LWPOLYLINE
  5
38F
330
17
100
AcDbEntity
  8
A-KRESKOWANIE
370
25
 48
0.025
100
AcDbPolyline
 90
2
 70
0
 10
2.1600000000000006
 20
-4.628225099390857
 10
2.3400000000000003
 20
-4.448225099390857
  0
LWPOLYLINE
  5
390
330
17
100
AcDbEntity
  8
A-KRESKOWANIE
370
25
 48
0.025
100
AcDbPolyline
 90
2
 70
0
 10
2.1600000000000006
 20
-4.5575144212722005
 10
2.3400000000000003
 20
-4.377514421272201
  0
LWPOLYLINE
  5
391
330
17
100
AcDbEntity
  8
A-KRESKOWANIE
370
25
 48
0.025
100
AcDbPolyline
 90
2
 70
0
 10
2.1600000000000006
 20
-4.486803743153546
 10
2.3400000000000003
 20
-4.306803743153546
  0
LWPOLYLINE
  5
392
330
17
100
AcDbEntity
  8
A-KRESKOWANIE
370
25
 48
0.025
100
AcDbPolyline
 90
2
 70
0
 10
2.1600000000000006
 20
-4.416093065034892
 10
2.2860930650348927
 20
-4.29
  0
LWPOLYLINE
  5
393
330
17
100
AcDbEntity
  8
A-KRESKOWANIE
370
25
 48
0.025
100
AcDbPolyline
 90
2
 70
0
 10
2.1600000000000006
 20
-4.345382386916238
 10
2.215382386916238
 20
-4.29
  0
LWPOLYLINE
  5
394
330
17
100
AcDbEntity
  8
A-KRESKOWANIE
370
25
 48
0.025
100
AcDbPolyline
 90
2
 70
0
 10
2.3400000000000003
 20
-4.319898987322334
 10
2.310101012677666
 20
-4.29
  0
LWPOLYLINE
  5
395
330
17
100
AcDbEntity
  8
A-KRESKOWANIE
370
25
 48
0.025
100
AcDbPolyline
 90
2
 70
0
 10
2.3400000000000003
 20
-4.390609665440989
 10
2.2393903345590114
 20
-4.29
  0
LWPOLYLINE
  5
396
330
17
100
AcDbEntity
  8
A-KRESKOWANIE
370
25
 48
0.025
100
AcDbPolyline
 90
2
 70
0
 10
2.3400000000000003
 20
-4.461320343559644
 10
2.1686796564403568
 20
-4.29
  0
LWPOLYLINE
  5
397
330
17
100
AcDbEntity
  8
A-KRESKOWANIE
370
25
 48
0.025
100
AcDbPolyline
 90
2
 70
0
 10
2.3400000000000003
 20
-4.532031021678298
 10
2.1600000000000006
 20
-4.3520310216782985
  0
LWPOLYLINE
  5
398
330
17
100
AcDbEntity
  8
A-KRESKOWANIE
370
25
 48
0.025
100
AcDbPolyline
 90
2
 70
0
 10
2.3400000000000003
 20
-4.602741699796953
 10
2.1600000000000006
 20
-4.422741699796953
  0
LWPOLYLINE
  5
399
330
17
100
AcDbEntity
  8
A-KRESKOWANIE
370
25
 48
0.025
100
AcDbPolyline
 90
2
 70
0
 10
2.3400000000000003
 20
-4.673452377915608
 10
2.1600000000000006
 20
-4.493452377915608
  0
LWPOLYLINE
  5
39A
330
17
100
AcDbEntity
  8
A-KRESKOWANIE
370
25
 48
0.025
100
AcDbPolyline
 90
2
 70
0
 10
2.3358369439657376
 20
-4.74
 10
2.1600000000000006
 20
-4.564163056034263
  0
LWPOLYLINE
  5
39B
330
17
100
AcDbEntity
  8
A-KRESKOWANIE
370
25
 48
0.025
100
AcDbPolyline
 90
2
 70
0
 10
2.2651262658470834
 20
-4.74
 10
2.1600000000000006
 20
-4.634873734152917
  0
LWPOLYLINE
  5
39C
330
17
100
AcDbEntity
  8
A-KRESKOWANIE
370
25
 48
0.025
100
AcDbPolyline
 90
2
 70
0
 10
2.1944155877284284
 20
-4.74
 10
2.1600000000000006
 20
-4.705584412271572
  0
LWPOLYLINE
  5
39D
330
17
100
AcDbEntity
  8
A-KRESKOWANIE
370
25
 48
0.025
100
AcDbPolyline
 90
2
 70
0
 10
3.293720228225723
 20
-4.29
 10
3.3145630368119416
 20
-4.269157191413782
  0
LWPOLYLINE
  5
39E
330
17
100
AcDbEntity
  8
A-KRESKOWANIE
370
25
 48
0.025
100
AcDbPolyline
 90
2
 70
0
 10
3.2406872196367322
 20
-4.29
 10
3.3300000000000005
 20
-4.200687219636732
  0
LWPOLYLINE
  5
39F
330
17
100
AcDbEntity
  8
A-KRESKOWANIE
370
25
 48
0.025
100
AcDbPolyline
 90
2
 70
0
 10
3.187654211047741
 20
-4.29
 10
3.2261746891636234
 20
-4.251479521884118
  0
LWPOLYLINE
  5
3A0
330
17
100
AcDbEntity
  8
A-KRESKOWANIE
370
25
 48
0.025
100
AcDbPolyline
 90
2
 70
0
 10
3.243852358693287
 20
-4.233801852354454
 10
3.296885367282278
 20
-4.180768843765462
  0
LWPOLYLINE
  5
3A1
330
17
100
AcDbEntity
  8
A-KRESKOWANIE
370
25
 48
0.025
100
AcDbPolyline
 90
2
 70
0
 10
3.3145630368119416
 20
-4.163091174235799
 10
3.3300000000000005
 20
-4.14765421104774
  0
LWPOLYLINE
  5
3A2
330
17
100
AcDbEntity
  8
A-KRESKOWANIE
370
25
 48
0.025
100
AcDbPolyline
 90
2
 70
0
 10
3.1500000000000004
 20
-4.274621202458749
 10
3.3300000000000005
 20
-4.094621202458749
  0
LWPOLYLINE
  5
3A3
330
17
100
AcDbEntity
  8
A-KRESKOWANIE
370
25
 48
0.025
100
AcDbPolyline
 90
2
 70
0
 10
3.155464011044968
 20
-4.216124182824791
 10
3.2084970196339593
 20
-4.1630911742358
  0
LWPOLYLINE
  5
3A4
330
17
100
AcDbEntity
  8
A-KRESKOWANIE
370
25
 48
0.025
100
AcDbPolyline
 90
2
 70
0
 10
3.226174689163623
 20
-4.145413504706136
 10
3.279207697752614
 20
-4.092380496117144
  0
LWPOLYLINE
  5
3A5
330
17
100
AcDbEntity
  8
A-KRESKOWANIE
370
25
 48
0.025
100
AcDbPolyline
 90
2
 70
0
 10
3.2968853672822775
 20
-4.0747028265874805
 10
3.3300000000000005
 20
-4.0415881938697575
  0
LWPOLYLINE
  5
3A6
330
17
100
AcDbEntity
  8
A-KRESKOWANIE
370
25
 48
0.025
100
AcDbPolyline
 90
2
 70
0
 10
3.1500000000000004
 20
-4.168555185280768
 10
3.278555185280768
 20
-4.04
  0
LWPOLYLINE
  5
3A7
330
17
100
AcDbEntity
  8
A-KRESKOWANIE
370
25
 48
0.025
100
AcDbPolyline
 90
2
 70
0
 10
3.1500000000000004
 20
-4.115522176691777
 10
3.190819350104296
 20
-4.0747028265874805
  0
LWPOLYLINE
  5
3A8
330
17
100
AcDbEntity
  8
A-KRESKOWANIE
370
25
 48
0.025
100
AcDbPolyline
 90
2
 70
0
 10
3.2084970196339597
 20
-4.057025157057817
 10
3.2255221766917765
 20
-4.04
  0
LWPOLYLINE
  5
3A9
330
17
100
AcDbEntity
  8
A-KRESKOWANIE
370
25
 48
0.025
100
AcDbPolyline
 90
2
 70
0
 10
3.1500000000000004
 20
-4.062489168102784
 10
3.172489168102785
 20
-4.04
  0
LWPOLYLINE
  5
3AA
330
17
100
AcDbEntity
  8
A-KRESKOWANIE
370
25
 48
0.025
100
AcDbPolyline
 90
2
 70
0
 10
7.218162863811063
 20
-4.29
 10
7.221328002867617
 20
-4.286834860943446
  0
LWPOLYLINE
  5
3AB
330
17
100
AcDbEntity
  8
A-KRESKOWANIE
370
25
 48
0.025
100
AcDbPolyline
 90
2
 70
0
 10
7.165129855222072
 20
-4.29
 10
7.23
 20
-4.225129855222072
  0
LWPOLYLINE
  5
3AC
330
17
100
AcDbEntity
  8
A-KRESKOWANIE
370
25
 48
0.025
100
AcDbPolyline
 90
2
 70
0
 10
7.112096846633082
 20
-4.29
 10
7.1329396552193
 20
-4.2691571914137825
  0
LWPOLYLINE
  5
3AD
330
17
100
AcDbEntity
  8
A-KRESKOWANIE
370
25
 48
0.025
100
AcDbPolyline
 90
2
 70
0
 10
7.150617324748962
 20
-4.251479521884119
 10
7.203650333337954
 20
-4.198446513295128
  0
LWPOLYLINE
  5
3AE
330
17
100
AcDbEntity
  8
A-KRESKOWANIE
370
25
 48
0.025
100
AcDbPolyline
 90
2
 70
0
 10
7.221328002867617
 20
-4.180768843765464
 10
7.23
 20
-4.172096846633081
  0
LWPOLYLINE
  5
3AF
330
17
100
AcDbEntity
  8
A-KRESKOWANIE
370
25
 48
0.025
100
AcDbPolyline
 90
2
 70
0
 10
7.059063838044088
 20
-4.29
 10
7.23
 20
-4.119063838044088
  0
LWPOLYLINE
  5
3B0
330
17
100
AcDbEntity
  8
A-KRESKOWANIE
370
25
 48
0.025
100
AcDbPolyline
 90
2
 70
0
 10
7.006030829455099
 20
-4.29
 10
7.0445513075709805
 20
-4.251479521884119
  0
LWPOLYLINE
  5
3B1
330
17
100
AcDbEntity
  8
A-KRESKOWANIE
370
25
 48
0.025
100
AcDbPolyline
 90
2
 70
0
 10
7.062228977100644
 20
-4.233801852354455
 10
7.115261985689635
 20
-4.180768843765464
  0
LWPOLYLINE
  5
3B2
330
17
100
AcDbEntity
  8
A-KRESKOWANIE
370
25
 48
0.025
100
AcDbPolyline
 90
2
 70
0
 10
7.1329396552193
 20
-4.1630911742358006
 10
7.185972663808291
 20
-4.110058165646809
  0
LWPOLYLINE
  5
3B3
330
17
100
AcDbEntity
  8
A-KRESKOWANIE
370
25
 48
0.025
100
AcDbPolyline
 90
2
 70
0
 10
7.203650333337954
 20
-4.092380496117146
 10
7.23
 20
-4.0660308294551
  0
LWPOLYLINE
  5
3B4
330
17
100
AcDbEntity
  8
A-KRESKOWANIE
370
25
 48
0.025
100
AcDbPolyline
 90
2
 70
0
 10
6.952997820866108
 20
-4.29
 10
7.202997820866108
 20
-4.04
  0
LWPOLYLINE
  5
3B5
330
17
100
AcDbEntity
  8
A-KRESKOWANIE
370
25
 48
0.025
100
AcDbPolyline
 90
2
 70
0
 10
6.903129951333671
 20
-4.286834860943445
 10
6.956162959922662
 20
-4.233801852354454
  0
LWPOLYLINE
  5
3B6
330
17
100
AcDbEntity
  8
A-KRESKOWANIE
370
25
 48
0.025
100
AcDbPolyline
 90
2
 70
0
 10
6.973840629452326
 20
-4.216124182824791
 10
7.026873638041318
 20
-4.1630911742358
  0
LWPOLYLINE
  5
3B7
330
17
100
AcDbEntity
  8
A-KRESKOWANIE
370
25
 48
0.025
100
AcDbPolyline
 90
2
 70
0
 10
7.0445513075709805
 20
-4.145413504706136
 10
7.097584316159972
 20
-4.092380496117145
  0
LWPOLYLINE
  5
3B8
330
17
100
AcDbEntity
  8
A-KRESKOWANIE
370
25
 48
0.025
100
AcDbPolyline
 90
2
 70
0
 10
7.115261985689635
 20
-4.074702826587481
 10
7.149964812277116
 20
-4.04
  0
LWPOLYLINE
  5
3B9
330
17
100
AcDbEntity
  8
A-KRESKOWANIE
370
25
 48
0.025
100
AcDbPolyline
 90
2
 70
0
 10
6.8469318036881255
 20
-4.29
 10
7.0969318036881255
 20
-4.04
  0
LWPOLYLINE
  5
3BA
330
17
100
AcDbEntity
  8
A-KRESKOWANIE
370
25
 48
0.025
100
AcDbPolyline
 90
2
 70
0
 10
6.793898795099134
 20
-4.29
 10
6.797063934155688
 20
-4.286834860943445
  0
LWPOLYLINE
  5
3BB
330
17
100
AcDbEntity
  8
A-KRESKOWANIE
370
25
 48
0.025
100
AcDbPolyline
 90
2
 70
0
 10
6.814741603685352
 20
-4.269157191413782
 10
6.867774612274343
 20
-4.216124182824791
  0
LWPOLYLINE
  5
3BC
330
17
100
AcDbEntity
  8
A-KRESKOWANIE
370
25
 48
0.025
100
AcDbPolyline
 90
2
 70
0
 10
6.885452281804007
 20
-4.198446513295127
 10
6.938485290392998
 20
-4.145413504706136
  0
LWPOLYLINE
  5
3BD
330
17
100
AcDbEntity
  8
A-KRESKOWANIE
370
25
 48
0.025
100
AcDbPolyline
 90
2
 70
0
 10
6.956162959922661
 20
-4.127735835176472
 10
7.009195968511653
 20
-4.074702826587481
  0
LWPOLYLINE
  5
3BE
330
17
100
AcDbEntity
  8
A-KRESKOWANIE
370
25
 48
0.025
100
AcDbPolyline
 90
2
 70
0
 10
7.026873638041316
 20
-4.057025157057818
 10
7.043898795099134
 20
-4.04
  0
LWPOLYLINE
  5
3BF
330
17
100
AcDbEntity
  8
A-KRESKOWANIE
370
25
 48
0.025
100
AcDbPolyline
 90
2
 70
0
 10
6.740865786510142
 20
-4.29
 10
6.990865786510142
 20
-4.04
  0
LWPOLYLINE
  5
3C0
330
17
100
AcDbEntity
  8
A-KRESKOWANIE
370
25
 48
0.025
100
AcDbPolyline
 90
2
 70
0
 10
6.687832777921152
 20
-4.29
 10
6.70867558650737
 20
-4.269157191413782
  0
LWPOLYLINE
  5
3C1
330
17
100
AcDbEntity
  8
A-KRESKOWANIE
370
25
 48
0.025
100
AcDbPolyline
 90
2
 70
0
 10
6.726353256037034
 20
-4.251479521884118
 10
6.779386264626025
 20
-4.198446513295127
  0
LWPOLYLINE
  5
3C2
330
17
100
AcDbEntity
  8
A-KRESKOWANIE
370
25
 48
0.025
100
AcDbPolyline
 90
2
 70
0
 10
6.797063934155688
 20
-4.180768843765463
 10
6.850096942744679
 20
-4.127735835176472
  0
LWPOLYLINE
  5
3C3
330
17
100
AcDbEntity
  8
A-KRESKOWANIE
370
25
 48
0.025
100
AcDbPolyline
 90
2
 70
0
 10
6.867774612274343
 20
-4.110058165646809
 10
6.920807620863334
 20
-4.057025157057818
  0
LWPOLYLINE
  5
3C4
330
17
100
AcDbEntity
  8
A-KRESKOWANIE
370
25
 48
0.025
100
AcDbPolyline
 90
2
 70
0
 10
6.634799769332162
 20
-4.29
 10
6.884799769332162
 20
-4.04
  0
LWPOLYLINE
  5
3C5
330
17
100
AcDbEntity
  8
A-KRESKOWANIE
370
25
 48
0.025
100
AcDbPolyline
 90
2
 70
0
 10
6.581766760743171
 20
-4.29
 10
6.620287238859052
 20
-4.251479521884118
  0
LWPOLYLINE
  5
3C6
330
17
100
AcDbEntity
  8
A-KRESKOWANIE
370
25
 48
0.025
100
AcDbPolyline
 90
2
 70
0
 10
6.637964908388716
 20
-4.233801852354454
 10
6.6909979169777065
 20
-4.180768843765463
  0
LWPOLYLINE
  5
3C7
330
17
100
AcDbEntity
  8
A-KRESKOWANIE
370
25
 48
0.025
100
AcDbPolyline
 90
2
 70
0
 10
6.70867558650737
 20
-4.1630911742358
 10
6.761708595096361
 20
-4.110058165646809
  0
LWPOLYLINE
  5
3C8
330
17
100
AcDbEntity
  8
A-KRESKOWANIE
370
25
 48
0.025
100
AcDbPolyline
 90
2
 70
0
 10
6.779386264626025
 20
-4.092380496117145
 10
6.83176676074317
 20
-4.04
  0
LWPOLYLINE
  5
3C9
330
17
100
AcDbEntity
  8
A-KRESKOWANIE
370
25
 48
0.025
100
AcDbPolyline
 90
2
 70
0
 10
6.528733752154178
 20
-4.29
 10
6.778733752154178
 20
-4.04
  0
LWPOLYLINE
  5
3CA
330
17
100
AcDbEntity
  8
A-KRESKOWANIE
370
25
 48
0.025
100
AcDbPolyline
 90
2
 70
0
 10
6.478865882621742
 20
-4.286834860943445
 10
6.531898891210733
 20
-4.233801852354453
  0
LWPOLYLINE
  5
3CB
330
17
100
AcDbEntity
  8
A-KRESKOWANIE
370
25
 48
0.025
100
AcDbPolyline
 90
2
 70
0
 10
6.549576560740396
 20
-4.216124182824791
 10
6.602609569329387
 20
-4.163091174235799
  0
LWPOLYLINE
  5
3CC
330
17
100
AcDbEntity
  8
A-KRESKOWANIE
370
25
 48
0.025
100
AcDbPolyline
 90
2
 70
0
 10
6.620287238859051
 20
-4.145413504706135
 10
6.673320247448042
 20
-4.092380496117144
  0
LWPOLYLINE
  5
3CD
330
17
100
AcDbEntity
  8
A-KRESKOWANIE
370
25
 48
0.025
100
AcDbPolyline
 90
2
 70
0
 10
6.690997916977706
 20
-4.0747028265874805
 10
6.725700743565186
 20
-4.04
  0
LWPOLYLINE
  5
3CE
330
17
100
AcDbEntity
  8
A-KRESKOWANIE
370
25
 48
0.025
100
AcDbPolyline
 90
2
 70
0
 10
6.422667734976197
 20
-4.29
 10
6.672667734976197
 20
-4.04
  0
LWPOLYLINE
  5
3CF
330
17
100
AcDbEntity
  8
A-KRESKOWANIE
370
25
 48
0.025
100
AcDbPolyline
 90
2
 70
0
 10
6.369634726387206
 20
-4.29
 10
6.37279986544376
 20
-4.286834860943446
  0
LWPOLYLINE
  5
3D0
330
17
100
AcDbEntity
  8
A-KRESKOWANIE
370
25
 48
0.025
100
AcDbPolyline
 90
2
 70
0
 10
6.390477534973424
 20
-4.2691571914137825
 10
6.4435105435624145
 20
-4.2161241828247915
  0
LWPOLYLINE
  5
3D1
330
17
100
AcDbEntity
  8
A-KRESKOWANIE
370
25
 48
0.025
100
AcDbPolyline
 90
2
 70
0
 10
6.461188213092079
 20
-4.198446513295128
 10
6.51422122168107
 20
-4.145413504706136
  0
LWPOLYLINE
  5
3D2
330
17
100
AcDbEntity
  8
A-KRESKOWANIE
370
25
 48
0.025
100
AcDbPolyline
 90
2
 70
0
 10
6.531898891210734
 20
-4.127735835176472
 10
6.584931899799725
 20
-4.074702826587481
  0
LWPOLYLINE
  5
3D3
330
17
100
AcDbEntity
  8
A-KRESKOWANIE
370
25
 48
0.025
100
AcDbPolyline
 90
2
 70
0
 10
6.602609569329388
 20
-4.057025157057818
 10
6.619634726387206
 20
-4.04
  0
LWPOLYLINE
  5
3D4
330
17
100
AcDbEntity
  8
A-KRESKOWANIE
370
25
 48
0.025
100
AcDbPolyline
 90
2
 70
0
 10
6.316601717798214
 20
-4.29
 10
6.566601717798214
 20
-4.04
  0
LWPOLYLINE
  5
3D5
330
17
100
AcDbEntity
  8
A-KRESKOWANIE
370
25
 48
0.025
100
AcDbPolyline
 90
2
 70
0
 10
6.263568709209224
 20
-4.29
 10
6.284411517795442
 20
-4.2691571914137825
  0
LWPOLYLINE
  5
3D6
330
17
100
AcDbEntity
  8
A-KRESKOWANIE
370
25
 48
0.025
100
AcDbPolyline
 90
2
 70
0
 10
6.302089187325105
 20
-4.251479521884119
 10
6.355122195914097
 20
-4.198446513295128
  0
LWPOLYLINE
  5
3D7
330
17
100
AcDbEntity
  8
A-KRESKOWANIE
370
25
 48
0.025
100
AcDbPolyline
 90
2
 70
0
 10
6.37279986544376
 20
-4.180768843765464
 10
6.425832874032752
 20
-4.127735835176473
  0
LWPOLYLINE
  5
3D8
330
17
100
AcDbEntity
  8
A-KRESKOWANIE
370
25
 48
0.025
100
AcDbPolyline
 90
2
 70
0
 10
6.443510543562415
 20
-4.110058165646809
 10
6.496543552151406
 20
-4.057025157057818
  0
LWPOLYLINE
  5
3D9
330
17
100
AcDbEntity
  8
A-KRESKOWANIE
370
25
 48
0.025
100
AcDbPolyline
 90
2
 70
0
 10
6.210535700620233
 20
-4.29
 10
6.460535700620233
 20
-4.04
  0
LWPOLYLINE
  5
3DA
330
17
100
AcDbEntity
  8
A-KRESKOWANIE
370
25
 48
0.025
100
AcDbPolyline
 90
2
 70
0
 10
6.15750269203124
 20
-4.29
 10
6.1960231701471224
 20
-4.251479521884118
  0
LWPOLYLINE
  5
3DB
330
17
100
AcDbEntity
  8
A-KRESKOWANIE
370
25
 48
0.025
100
AcDbPolyline
 90
2
 70
0
 10
6.213700839676786
 20
-4.233801852354454
 10
6.266733848265778
 20
-4.180768843765463
  0
LWPOLYLINE
  5
3DC
330
17
100
AcDbEntity
  8
A-KRESKOWANIE
370
25
 48
0.025
100
AcDbPolyline
 90
2
 70
0
 10
6.284411517795441
 20
-4.1630911742358
 10
6.337444526384433
 20
-4.110058165646809
  0
LWPOLYLINE
  5
3DD
330
17
100
AcDbEntity
  8
A-KRESKOWANIE
370
25
 48
0.025
100
AcDbPolyline
 90
2
 70
0
 10
6.355122195914096
 20
-4.092380496117144
 10
6.407502692031241
 20
-4.04
  0
LWPOLYLINE
  5
3DE
330
17
100
AcDbEntity
  8
A-KRESKOWANIE
370
25
 48
0.025
100
AcDbPolyline
 90
2
 70
0
 10
6.10446968344225
 20
-4.29
 10
6.35446968344225
 20
-4.04
  0
LWPOLYLINE
  5
3DF
330
17
100
AcDbEntity
  8
A-KRESKOWANIE
370
25
 48
0.025
100
AcDbPolyline
 90
2
 70
0
 10
6.054601813909813
 20
-4.286834860943445
 10
6.107634822498804
 20
-4.233801852354454
  0
LWPOLYLINE
  5
3E0
330
17
100
AcDbEntity
  8
A-KRESKOWANIE
370
25
 48
0.025
100
AcDbPolyline
 90
2
 70
0
 10
6.125312492028468
 20
-4.216124182824791
 10
6.178345500617459
 20
-4.1630911742358
  0
LWPOLYLINE
  5
3E1
330
17
100
AcDbEntity
  8
A-KRESKOWANIE
370
25
 48
0.025
100
AcDbPolyline
 90
2
 70
0
 10
6.196023170147123
 20
-4.145413504706136
 10
6.249056178736113
 20
-4.092380496117144
  0
LWPOLYLINE
  5
3E2
330
17
100
AcDbEntity
  8
A-KRESKOWANIE
370
25
 48
0.025
100
AcDbPolyline
 90
2
 70
0
 10
6.266733848265778
 20
-4.074702826587481
 10
6.301436674853258
 20
-4.04
  0
LWPOLYLINE
  5
3E3
330
17
100
AcDbEntity
  8
A-KRESKOWANIE
370
25
 48
0.025
100
AcDbPolyline
 90
2
 70
0
 10
5.998403666264268
 20
-4.29
 10
6.248403666264269
 20
-4.04
  0
LWPOLYLINE
  5
3E4
330
17
100
AcDbEntity
  8
A-KRESKOWANIE
370
25
 48
0.025
100
AcDbPolyline
 90
2
 70
0
 10
5.9453706576752765
 20
-4.29
 10
5.948535796731831
 20
-4.286834860943445
  0
LWPOLYLINE
  5
3E5
330
17
100
AcDbEntity
  8
A-KRESKOWANIE
370
25
 48
0.025
100
AcDbPolyline
 90
2
 70
0
 10
5.966213466261495
 20
-4.269157191413782
 10
6.019246474850486
 20
-4.216124182824791
  0
LWPOLYLINE
  5
3E6
330
17
100
AcDbEntity
  8
A-KRESKOWANIE
370
25
 48
0.025
100
AcDbPolyline
 90
2
 70
0
 10
6.03692414438015
 20
-4.198446513295127
 10
6.0899571529691405
 20
-4.145413504706136
  0
LWPOLYLINE
  5
3E7
330
17
100
AcDbEntity
  8
A-KRESKOWANIE
370
25
 48
0.025
100
AcDbPolyline
 90
2
 70
0
 10
6.107634822498804
 20
-4.127735835176472
 10
6.160667831087796
 20
-4.074702826587481
  0
LWPOLYLINE
  5
3E8
330
17
100
AcDbEntity
  8
A-KRESKOWANIE
370
25
 48
0.025
100
AcDbPolyline
 90
2
 70
0
 10
6.178345500617459
 20
-4.057025157057818
 10
6.1953706576752765
 20
-4.04
  0
LWPOLYLINE
  5
3E9
330
17
100
AcDbEntity
  8
A-KRESKOWANIE
370
25
 48
0.025
100
AcDbPolyline
 90
2
 70
0
 10
5.892337649086286
 20
-4.29
 10
6.142337649086286
 20
-4.04
  0
LWPOLYLINE
  5
3EA
330
17
100
AcDbEntity
  8
A-KRESKOWANIE
370
25
 48
0.025
100
AcDbPolyline
 90
2
 70
0
 10
5.839304640497295
 20
-4.29
 10
5.860147449083513
 20
-4.269157191413782
  0
LWPOLYLINE
  5
3EB
330
17
100
AcDbEntity
  8
A-KRESKOWANIE
370
25
 48
0.025
100
AcDbPolyline
 90
2
 70
0
 10
5.877825118613177
 20
-4.251479521884118
 10
5.930858127202168
 20
-4.198446513295127
  0
LWPOLYLINE
  5
3EC
330
17
100
AcDbEntity
  8
A-KRESKOWANIE
370
25
 48
0.025
100
AcDbPolyline
 90
2
 70
0
 10
5.948535796731831
 20
-4.180768843765463
 10
6.001568805320822
 20
-4.127735835176472
  0
LWPOLYLINE
  5
3ED
330
17
100
AcDbEntity
  8
A-KRESKOWANIE
370
25
 48
0.025
100
AcDbPolyline
 90
2
 70
0
 10
6.019246474850486
 20
-4.110058165646809
 10
6.072279483439477
 20
-4.057025157057818
  0
LWPOLYLINE
  5
3EE
330
17
100
AcDbEntity
  8
A-KRESKOWANIE
370
25
 48
0.025
100
AcDbPolyline
 90
2
 70
0
 10
5.786271631908303
 20
-4.29
 10
6.036271631908303
 20
-4.04
  0
LWPOLYLINE
  5
3EF
330
17
100
AcDbEntity
  8
A-KRESKOWANIE
370
25
 48
0.025
100
AcDbPolyline
 90
2
 70
0
 10
5.7332386233193136
 20
-4.29
 10
5.771759101435195
 20
-4.251479521884118
  0
LWPOLYLINE
  5
3F0
330
17
100
AcDbEntity
  8
A-KRESKOWANIE
370
25
 48
0.025
100
AcDbPolyline
 90
2
 70
0
 10
5.789436770964858
 20
-4.233801852354454
 10
5.842469779553849
 20
-4.180768843765463
  0
LWPOLYLINE
  5
3F1
330
17
100
AcDbEntity
  8
A-KRESKOWANIE
370
25
 48
0.025
100
AcDbPolyline
 90
2
 70
0
 10
5.860147449083513
 20
-4.1630911742358
 10
5.913180457672504
 20
-4.110058165646809
  0
LWPOLYLINE
  5
3F2
330
17
100
AcDbEntity
  8
A-KRESKOWANIE
370
25
 48
0.025
100
AcDbPolyline
 90
2
 70
0
 10
5.930858127202168
 20
-4.092380496117145
 10
5.983238623319313
 20
-4.04
  0
LWPOLYLINE
  5
3F3
330
17
100
AcDbEntity
  8
A-KRESKOWANIE
370
25
 48
0.025
100
AcDbPolyline
 90
2
 70
0
 10
5.680205614730321
 20
-4.29
 10
5.930205614730322
 20
-4.04
  0
LWPOLYLINE
  5
3F4
330
17
100
AcDbEntity
  8
A-KRESKOWANIE
370
25
 48
0.025
100
AcDbPolyline
 90
2
 70
0
 10
5.6303377451978855
 20
-4.286834860943445
 10
5.6833707537868765
 20
-4.233801852354454
  0
LWPOLYLINE
  5
3F5
330
17
100
AcDbEntity
  8
A-KRESKOWANIE
370
25
 48
0.025
100
AcDbPolyline
 90
2
 70
0
 10
5.70104842331654
 20
-4.216124182824791
 10
5.754081431905531
 20
-4.1630911742358
  0
LWPOLYLINE
  5
3F6
330
17
100
AcDbEntity
  8
A-KRESKOWANIE
370
25
 48
0.025
100
AcDbPolyline
 90
2
 70
0
 10
5.771759101435195
 20
-4.145413504706136
 10
5.824792110024186
 20
-4.092380496117145
  0
LWPOLYLINE
  5
3F7
330
17
100
AcDbEntity
  8
A-KRESKOWANIE
370
25
 48
0.025
100
AcDbPolyline
 90
2
 70
0
 10
5.842469779553849
 20
-4.074702826587481
 10
5.877172606141331
 20
-4.04
  0
LWPOLYLINE
  5
3F8
330
17
100
AcDbEntity
  8
A-KRESKOWANIE
370
25
 48
0.025
100
AcDbPolyline
 90
2
 70
0
 10
5.57413959755234
 20
-4.29
 10
5.824139597552341
 20
-4.04
  0
LWPOLYLINE
  5
3F9
330
17
100
AcDbEntity
  8
A-KRESKOWANIE
370
25
 48
0.025
100
AcDbPolyline
 90
2
 70
0
 10
5.521106588963348
 20
-4.29
 10
5.524271728019903
 20
-4.286834860943445
  0
LWPOLYLINE
  5
3FA
330
17
100
AcDbEntity
  8
A-KRESKOWANIE
370
25
 48
0.025
100
AcDbPolyline
 90
2
 70
0
 10
5.541949397549567
 20
-4.269157191413782
 10
5.594982406138558
 20
-4.216124182824791
  0
LWPOLYLINE
  5
3FB
330
17
100
AcDbEntity
  8
A-KRESKOWANIE
370
25
 48
0.025
100
AcDbPolyline
 90
2
 70
0
 10
5.612660075668222
 20
-4.198446513295126
 10
5.665693084257213
 20
-4.145413504706135
  0
LWPOLYLINE
  5
3FC
330
17
100
AcDbEntity
  8
A-KRESKOWANIE
370
25
 48
0.025
100
AcDbPolyline
 90
2
 70
0
 10
5.6833707537868765
 20
-4.1277358351764715
 10
5.7364037623758675
 20
-4.0747028265874805
  0
LWPOLYLINE
  5
3FD
330
17
100
AcDbEntity
  8
A-KRESKOWANIE
370
25
 48
0.025
100
AcDbPolyline
 90
2
 70
0
 10
5.754081431905531
 20
-4.057025157057817
 10
5.771106588963348
 20
-4.04
  0
LWPOLYLINE
  5
3FE
330
17
100
AcDbEntity
  8
A-KRESKOWANIE
370
25
 48
0.025
100
AcDbPolyline
 90
2
 70
0
 10
5.468073580374357
 20
-4.29
 10
5.718073580374357
 20
-4.04
  0
LWPOLYLINE
  5
3FF
330
17
100
AcDbEntity
  8
A-KRESKOWANIE
370
25
 48
0.025
100
AcDbPolyline
 90
2
 70
0
 10
5.415040571785365
 20
-4.29
 10
5.435883380371584
 20
-4.269157191413782
  0
LWPOLYLINE
  5
400
330
17
100
AcDbEntity
  8
A-KRESKOWANIE
370
25
 48
0.025
100
AcDbPolyline
 90
2
 70
0
 10
5.453561049901248
 20
-4.251479521884118
 10
5.506594058490238
 20
-4.198446513295127
  0
LWPOLYLINE
  5
401
330
17
100
AcDbEntity
  8
A-KRESKOWANIE
370
25
 48
0.025
100
AcDbPolyline
 90
2
 70
0
 10
5.524271728019903
 20
-4.180768843765463
 10
5.577304736608894
 20
-4.1277358351764715
  0
LWPOLYLINE
  5
402
330
17
100
AcDbEntity
  8
A-KRESKOWANIE
370
25
 48
0.025
100
AcDbPolyline
 90
2
 70
0
 10
5.594982406138557
 20
-4.110058165646808
 10
5.648015414727548
 20
-4.057025157057817
  0
LWPOLYLINE
  5
403
330
17
100
AcDbEntity
  8
A-KRESKOWANIE
370
25
 48
0.025
100
AcDbPolyline
 90
2
 70
0
 10
5.362007563196375
 20
-4.29
 10
5.612007563196375
 20
-4.04
  0
LWPOLYLINE
  5
404
330
17
100
AcDbEntity
  8
A-KRESKOWANIE
370
25
 48
0.025
100
AcDbPolyline
 90
2
 70
0
 10
5.308974554607385
 20
-4.29
 10
5.347495032723266
 20
-4.251479521884119
  0
LWPOLYLINE
  5
405
330
17
100
AcDbEntity
  8
A-KRESKOWANIE
370
25
 48
0.025
100
AcDbPolyline
 90
2
 70
0
 10
5.36517270225293
 20
-4.233801852354455
 10
5.418205710841921
 20
-4.180768843765464
  0
LWPOLYLINE
  5
406
330
17
100
AcDbEntity
  8
A-KRESKOWANIE
370
25
 48
0.025
100
AcDbPolyline
 90
2
 70
0
 10
5.435883380371585
 20
-4.1630911742358006
 10
5.488916388960576
 20
-4.110058165646809
  0
LWPOLYLINE
  5
407
330
17
100
AcDbEntity
  8
A-KRESKOWANIE
370
25
 48
0.025
100
AcDbPolyline
 90
2
 70
0
 10
5.50659405849024
 20
-4.092380496117146
 10
5.558974554607385
 20
-4.04
  0
LWPOLYLINE
  5
408
330
17
100
AcDbEntity
  8
A-KRESKOWANIE
370
25
 48
0.025
100
AcDbPolyline
 90
2
 70
0
 10
5.255941546018393
 20
-4.29
 10
5.505941546018393
 20
-4.04
  0
LWPOLYLINE
  5
409
330
17
100
AcDbEntity
  8
A-KRESKOWANIE
370
25
 48
0.025
100
AcDbPolyline
 90
2
 70
0
 10
5.206073676485957
 20
-4.286834860943445
 10
5.259106685074948
 20
-4.233801852354454
  0
LWPOLYLINE
  5
40A
330
17
100
AcDbEntity
  8
A-KRESKOWANIE
370
25
 48
0.025
100
AcDbPolyline
 90
2
 70
0
 10
5.276784354604612
 20
-4.216124182824791
 10
5.329817363193603
 20
-4.1630911742358
  0
LWPOLYLINE
  5
40B
330
17
100
AcDbEntity
  8
A-KRESKOWANIE
370
25
 48
0.025
100
AcDbPolyline
 90
2
 70
0
 10
5.347495032723266
 20
-4.145413504706136
 10
5.400528041312258
 20
-4.092380496117145
  0
LWPOLYLINE
  5
40C
330
17
100
AcDbEntity
  8
A-KRESKOWANIE
370
25
 48
0.025
100
AcDbPolyline
 90
2
 70
0
 10
5.418205710841922
 20
-4.074702826587481
 10
5.452908537429402
 20
-4.04
  0
LWPOLYLINE
  5
40D
330
17
100
AcDbEntity
  8
A-KRESKOWANIE
370
25
 48
0.025
100
AcDbPolyline
 90
2
 70
0
 10
5.14987552884041
 20
-4.29
 10
5.39987552884041
 20
-4.04
  0
LWPOLYLINE
  5
40E
330
17
100
AcDbEntity
  8
A-KRESKOWANIE
370
25
 48
0.025
100
AcDbPolyline
 90
2
 70
0
 10
5.096842520251419
 20
-4.29
 10
5.100007659307974
 20
-4.286834860943445
  0
LWPOLYLINE
  5
40F
330
17
100
AcDbEntity
  8
A-KRESKOWANIE
370
25
 48
0.025
100
AcDbPolyline
 90
2
 70
0
 10
5.117685328837638
 20
-4.269157191413782
 10
5.170718337426629
 20
-4.216124182824791
  0
LWPOLYLINE
  5
410
330
17
100
AcDbEntity
  8
A-KRESKOWANIE
370
25
 48
0.025
100
AcDbPolyline
 90
2
 70
0
 10
5.188396006956292
 20
-4.198446513295127
 10
5.241429015545283
 20
-4.145413504706136
  0
LWPOLYLINE
  5
411
330
17
100
AcDbEntity
  8
A-KRESKOWANIE
370
25
 48
0.025
100
AcDbPolyline
 90
2
 70
0
 10
5.259106685074947
 20
-4.127735835176472
 10
5.312139693663938
 20
-4.074702826587481
  0
LWPOLYLINE
  5
412
330
17
100
AcDbEntity
  8
A-KRESKOWANIE
370
25
 48
0.025
100
AcDbPolyline
 90
2
 70
0
 10
5.329817363193602
 20
-4.057025157057818
 10
5.346842520251419
 20
-4.04
  0
LWPOLYLINE
  5
413
330
17
100
AcDbEntity
  8
A-KRESKOWANIE
370
25
 48
0.025
100
AcDbPolyline
 90
2
 70
0
 10
5.043809511662429
 20
-4.29
 10
5.293809511662429
 20
-4.04
  0
LWPOLYLINE
  5
414
330
17
100
AcDbEntity
  8
A-KRESKOWANIE
370
25
 48
0.025
100
AcDbPolyline
 90
2
 70
0
 10
4.9907765030734375
 20
-4.29
 10
5.011619311659656
 20
-4.269157191413782
  0
LWPOLYLINE
  5
415
330
17
100
AcDbEntity
  8
A-KRESKOWANIE
370
25
 48
0.025
100
AcDbPolyline
 90
2
 70
0
 10
5.02929698118932
 20
-4.251479521884118
 10
5.0823299897783105
 20
-4.198446513295127
  0
LWPOLYLINE
  5
416
330
17
100
AcDbEntity
  8
A-KRESKOWANIE
370
25
 48
0.025
100
AcDbPolyline
 90
2
 70
0
 10
5.100007659307974
 20
-4.180768843765463
 10
5.153040667896965
 20
-4.127735835176472
  0
LWPOLYLINE
  5
417
330
17
100
AcDbEntity
  8
A-KRESKOWANIE
370
25
 48
0.025
100
AcDbPolyline
 90
2
 70
0
 10
5.170718337426629
 20
-4.110058165646809
 10
5.22375134601562
 20
-4.057025157057818
  0
LWPOLYLINE
  5
418
330
17
100
AcDbEntity
  8
A-KRESKOWANIE
370
25
 48
0.025
100
AcDbPolyline
 90
2
 70
0
 10
4.937743494484447
 20
-4.29
 10
5.187743494484447
 20
-4.04
  0
LWPOLYLINE
  5
419
330
17
100
AcDbEntity
  8
A-KRESKOWANIE
370
25
 48
0.025
100
AcDbPolyline
 90
2
 70
0
 10
4.8847104858954555
 20
-4.29
 10
4.923230964011338
 20
-4.251479521884118
  0
LWPOLYLINE
  5
41A
330
17
100
AcDbEntity
  8
A-KRESKOWANIE
370
25
 48
0.025
100
AcDbPolyline
 90
2
 70
0
 10
4.940908633541001
 20
-4.233801852354454
 10
4.993941642129992
 20
-4.180768843765463
  0
LWPOLYLINE
  5
41B
330
17
100
AcDbEntity
  8
A-KRESKOWANIE
370
25
 48
0.025
100
AcDbPolyline
 90
2
 70
0
 10
5.011619311659656
 20
-4.1630911742358
 10
5.064652320248647
 20
-4.110058165646809
  0
LWPOLYLINE
  5
41C
330
17
100
AcDbEntity
  8
A-KRESKOWANIE
370
25
 48
0.025
100
AcDbPolyline
 90
2
 70
0
 10
5.0823299897783105
 20
-4.092380496117145
 10
5.1347104858954555
 20
-4.04
  0
LWPOLYLINE
  5
41D
330
17
100
AcDbEntity
  8
A-KRESKOWANIE
370
25
 48
0.025
100
AcDbPolyline
 90
2
 70
0
 10
4.831677477306465
 20
-4.29
 10
5.081677477306465
 20
-4.04
  0
LWPOLYLINE
  5
41E
330
17
100
AcDbEntity
  8
A-KRESKOWANIE
370
25
 48
0.025
100
AcDbPolyline
 90
2
 70
0
 10
4.781809607774028
 20
-4.286834860943444
 10
4.834842616363019
 20
-4.233801852354453
  0
LWPOLYLINE
  5
41F
330
17
100
AcDbEntity
  8
A-KRESKOWANIE
370
25
 48
0.025
100
AcDbPolyline
 90
2
 70
0
 10
4.852520285892683
 20
-4.21612418282479
 10
4.905553294481674
 20
-4.163091174235799
  0
LWPOLYLINE
  5
420
330
17
100
AcDbEntity
  8
A-KRESKOWANIE
370
25
 48
0.025
100
AcDbPolyline
 90
2
 70
0
 10
4.923230964011338
 20
-4.145413504706135
 10
4.976263972600329
 20
-4.092380496117144
  0
LWPOLYLINE
  5
421
330
17
100
AcDbEntity
  8
A-KRESKOWANIE
370
25
 48
0.025
100
AcDbPolyline
 90
2
 70
0
 10
4.993941642129992
 20
-4.0747028265874805
 10
5.028644468717473
 20
-4.04
  0
LWPOLYLINE
  5
422
330
17
100
AcDbEntity
  8
A-KRESKOWANIE
370
25
 48
0.025
100
AcDbPolyline
 90
2
 70
0
 10
4.725611460128482
 20
-4.29
 10
4.975611460128482
 20
-4.04
  0
LWPOLYLINE
  5
423
330
17
100
AcDbEntity
  8
A-KRESKOWANIE
370
25
 48
0.025
100
AcDbPolyline
 90
2
 70
0
 10
4.672578451539492
 20
-4.29
 10
4.675743590596046
 20
-4.286834860943446
  0
LWPOLYLINE
  5
424
330
17
100
AcDbEntity
  8
A-KRESKOWANIE
370
25
 48
0.025
100
AcDbPolyline
 90
2
 70
0
 10
4.69342126012571
 20
-4.2691571914137825
 10
4.746454268714701
 20
-4.216124182824791
  0
LWPOLYLINE
  5
425
330
17
100
AcDbEntity
  8
A-KRESKOWANIE
370
25
 48
0.025
100
AcDbPolyline
 90
2
 70
0
 10
4.764131938244365
 20
-4.198446513295127
 10
4.817164946833356
 20
-4.145413504706136
  0
LWPOLYLINE
  5
426
330
17
100
AcDbEntity
  8
A-KRESKOWANIE
370
25
 48
0.025
100
AcDbPolyline
 90
2
 70
0
 10
4.834842616363019
 20
-4.127735835176472
 10
4.88787562495201
 20
-4.074702826587481
  0
LWPOLYLINE
  5
427
330
17
100
AcDbEntity
  8
A-KRESKOWANIE
370
25
 48
0.025
100
AcDbPolyline
 90
2
 70
0
 10
4.905553294481674
 20
-4.057025157057818
 10
4.922578451539492
 20
-4.04
  0
LWPOLYLINE
  5
428
330
17
100
AcDbEntity
  8
A-KRESKOWANIE
370
25
 48
0.025
100
AcDbPolyline
 90
2
 70
0
 10
4.63
 20
-4.2795454429505
 10
4.8695454429505
 20
-4.04
  0
LWPOLYLINE
  5
429
330
17
100
AcDbEntity
  8
A-KRESKOWANIE
370
25
 48
0.025
100
AcDbPolyline
 90
2
 70
0
 10
4.63
 20
-4.22651243436151
 10
4.658065921066383
 20
-4.198446513295128
  0
LWPOLYLINE
  5
42A
330
17
100
AcDbEntity
  8
A-KRESKOWANIE
370
25
 48
0.025
100
AcDbPolyline
 90
2
 70
0
 10
4.6757435905960465
 20
-4.180768843765463
 10
4.7287765991850375
 20
-4.127735835176472
  0
LWPOLYLINE
  5
42B
330
17
100
AcDbEntity
  8
A-KRESKOWANIE
370
25
 48
0.025
100
AcDbPolyline
 90
2
 70
0
 10
4.746454268714701
 20
-4.110058165646809
 10
4.799487277303692
 20
-4.057025157057818
  0
LWPOLYLINE
  5
42C
330
17
100
AcDbEntity
  8
A-KRESKOWANIE
370
25
 48
0.025
100
AcDbPolyline
 90
2
 70
0
 10
4.63
 20
-4.173479425772518
 10
4.763479425772518
 20
-4.04
  0
LWPOLYLINE
  5
42D
330
17
100
AcDbEntity
  8
A-KRESKOWANIE
370
25
 48
0.025
100
AcDbPolyline
 90
2
 70
0
 10
4.63
 20
-4.120446417183526
 10
4.640388251536718
 20
-4.110058165646808
  0
LWPOLYLINE
  5
42E
330
17
100
AcDbEntity
  8
A-KRESKOWANIE
370
25
 48
0.025
100
AcDbPolyline
 90
2
 70
0
 10
4.658065921066382
 20
-4.092380496117144
 10
4.710446417183526
 20
-4.04
  0
LWPOLYLINE
  5
42F
330
17
100
AcDbEntity
  8
A-KRESKOWANIE
370
25
 48
0.025
100
AcDbPolyline
 90
2
 70
0
 10
4.63
 20
-4.067413408594536
 10
4.657413408594536
 20
-4.04
  0
LWPOLYLINE
  5
430
330
17
100
AcDbEntity
  8
A-KRESKOWANIE
370
25
 48
0.025
100
AcDbPolyline
 90
2
 70
0
 10
4.947362902255702
 20
-4.74
 10
4.995
 20
-4.692362902255702
  0
LWPOLYLINE
  5
431
330
17
100
AcDbEntity
  8
A-KRESKOWANIE
370
25
 48
0.025
100
AcDbPolyline
 90
2
 70
0
 10
4.876652224137048
 20
-4.74
 10
4.995
 20
-4.621652224137048
  0
LWPOLYLINE
  5
432
330
17
100
AcDbEntity
  8
A-KRESKOWANIE
370
25
 48
0.025
100
AcDbPolyline
 90
2
 70
0
 10
4.815
 20
-4.730941546018391
 10
4.995
 20
-4.550941546018391
  0
LWPOLYLINE
  5
433
330
17
100
AcDbEntity
  8
A-KRESKOWANIE
370
25
 48
0.025
100
AcDbPolyline
 90
2
 70
0
 10
4.815
 20
-4.660230867899736
 10
4.995
 20
-4.480230867899737
  0
LWPOLYLINE
  5
434
330
17
100
AcDbEntity
  8
A-KRESKOWANIE
370
25
 48
0.025
100
AcDbPolyline
 90
2
 70
0
 10
4.815
 20
-4.589520189781082
 10
4.995
 20
-4.409520189781082
  0
LWPOLYLINE
  5
435
330
17
100
AcDbEntity
  8
A-KRESKOWANIE
370
25
 48
0.025
100
AcDbPolyline
 90
2
 70
0
 10
4.815
 20
-4.518809511662427
 10
4.995
 20
-4.3388095116624275
  0
LWPOLYLINE
  5
436
330
17
100
AcDbEntity
  8
A-KRESKOWANIE
370
25
 48
0.025
100
AcDbPolyline
 90
2
 70
0
 10
4.815
 20
-4.448098833543773
 10
4.973098833543773
 20
-4.29
  0
LWPOLYLINE
  5
437
330
17
100
AcDbEntity
  8
A-KRESKOWANIE
370
25
 48
0.025
100
AcDbPolyline
 90
2
 70
0
 10
4.815
 20
-4.377388155425118
 10
4.902388155425118
 20
-4.29
  0
LWPOLYLINE
  5
438
330
17
100
AcDbEntity
  8
A-KRESKOWANIE
370
25
 48
0.025
100
AcDbPolyline
 90
2
 70
0
 10
4.815
 20
-4.306677477306463
 10
4.831677477306464
 20
-4.29
  0
LWPOLYLINE
  5
439
330
17
100
AcDbEntity
  8
A-KRESKOWANIE
370
25
 48
0.025
100
AcDbPolyline
 90
2
 70
0
 10
4.995
 20
-4.358603896932108
 10
4.926396103067892
 20
-4.29
  0
LWPOLYLINE
  5
43A
330
17
100
AcDbEntity
  8
A-KRESKOWANIE
370
25
 48
0.025
100
AcDbPolyline
 90
2
 70
0
 10
4.995
 20
-4.429314575050762
 10
4.855685424949238
 20
-4.29
  0
LWPOLYLINE
  5
43B
330
17
100
AcDbEntity
  8
A-KRESKOWANIE
370
25
 48
0.025
100
AcDbPolyline
 90
2
 70
0
 10
4.995
 20
-4.500025253169417
 10
4.815
 20
-4.320025253169417
  0
LWPOLYLINE
  5
43C
330
17
100
AcDbEntity
  8
A-KRESKOWANIE
370
25
 48
0.025
100
AcDbPolyline
 90
2
 70
0
 10
4.995
 20
-4.570735931288072
 10
4.815
 20
-4.390735931288073
  0
LWPOLYLINE
  5
43D
330
17
100
AcDbEntity
  8
A-KRESKOWANIE
370
25
 48
0.025
100
AcDbPolyline
 90
2
 70
0
 10
4.995
 20
-4.641446609406728
 10
4.815
 20
-4.461446609406728
  0
LWPOLYLINE
  5
43E
330
17
100
AcDbEntity
  8
A-KRESKOWANIE
370
25
 48
0.025
100
AcDbPolyline
 90
2
 70
0
 10
4.995
 20
-4.7121572875253825
 10
4.815
 20
-4.532157287525383
  0
LWPOLYLINE
  5
43F
330
17
100
AcDbEntity
  8
A-KRESKOWANIE
370
25
 48
0.025
100
AcDbPolyline
 90
2
 70
0
 10
4.952132034355963
 20
-4.74
 10
4.815
 20
-4.602867965644037
  0
LWPOLYLINE
  5
440
330
17
100
AcDbEntity
  8
A-KRESKOWANIE
370
25
 48
0.025
100
AcDbPolyline
 90
2
 70
0
 10
4.8814213562373086
 20
-4.74
 10
4.815
 20
-4.673578643762692
  0
LWPOLYLINE
  5
441
330
17
100
AcDbEntity
  8
A-KRESKOWANIE
370
25
 48
0.025
100
AcDbPolyline
 90
2
 70
0
 10
6.99797256769669
 20
-4.74
 10
7.045
 20
-4.692972567696691
  0
LWPOLYLINE
  5
442
330
17
100
AcDbEntity
  8
A-KRESKOWANIE
370
25
 48
0.025
100
AcDbPolyline
 90
2
 70
0
 10
6.927261889578032
 20
-4.74
 10
7.045
 20
-4.6222618895780325
  0
LWPOLYLINE
  5
443
330
17
100
AcDbEntity
  8
A-KRESKOWANIE
370
25
 48
0.025
100
AcDbPolyline
 90
2
 70
0
 10
6.865
 20
-4.731551211459381
 10
7.045
 20
-4.551551211459381
  0
LWPOLYLINE
  5
444
330
17
100
AcDbEntity
  8
A-KRESKOWANIE
370
25
 48
0.025
100
AcDbPolyline
 90
2
 70
0
 10
6.865
 20
-4.660840533340727
 10
7.045
 20
-4.480840533340726
  0
LWPOLYLINE
  5
445
330
17
100
AcDbEntity
  8
A-KRESKOWANIE
370
25
 48
0.025
100
AcDbPolyline
 90
2
 70
0
 10
6.865
 20
-4.590129855222068
 10
7.045
 20
-4.41012985522207
  0
LWPOLYLINE
  5
446
330
17
100
AcDbEntity
  8
A-KRESKOWANIE
370
25
 48
0.025
100
AcDbPolyline
 90
2
 70
0
 10
6.865
 20
-4.519419177103417
 10
7.045
 20
-4.339419177103417
  0
LWPOLYLINE
  5
447
330
17
100
AcDbEntity
  8
A-KRESKOWANIE
370
25
 48
0.025
100
AcDbPolyline
 90
2
 70
0
 10
6.865
 20
-4.448708498984759
 10
7.02370849898476
 20
-4.29
  0
LWPOLYLINE
  5
448
330
17
100
AcDbEntity
  8
A-KRESKOWANIE
370
25
 48
0.025
100
AcDbPolyline
 90
2
 70
0
 10
6.865
 20
-4.3779978208661054
 10
6.952997820866106
 20
-4.29
  0
LWPOLYLINE
  5
449
330
17
100
AcDbEntity
  8
A-KRESKOWANIE
370
25
 48
0.025
100
AcDbPolyline
 90
2
 70
0
 10
6.865
 20
-4.307287142747451
 10
6.882287142747451
 20
-4.29
  0
LWPOLYLINE
  5
44A
330
17
100
AcDbEntity
  8
A-KRESKOWANIE
370
25
 48
0.025
100
AcDbPolyline
 90
2
 70
0
 10
7.045
 20
-4.35799423149112
 10
6.97700576850888
 20
-4.29
  0
LWPOLYLINE
  5
44B
330
17
100
AcDbEntity
  8
A-KRESKOWANIE
370
25
 48
0.025
100
AcDbPolyline
 90
2
 70
0
 10
7.045
 20
-4.428704909609776
 10
6.906295090390225
 20
-4.29
  0
LWPOLYLINE
  5
44C
330
17
100
AcDbEntity
  8
A-KRESKOWANIE
370
25
 48
0.025
100
AcDbPolyline
 90
2
 70
0
 10
7.045
 20
-4.49941558772843
 10
6.865
 20
-4.31941558772843
  0
LWPOLYLINE
  5
44D
330
17
100
AcDbEntity
  8
A-KRESKOWANIE
370
25
 48
0.025
100
AcDbPolyline
 90
2
 70
0
 10
7.045
 20
-4.570126265847085
 10
6.865
 20
-4.390126265847085
  0
LWPOLYLINE
  5
44E
330
17
100
AcDbEntity
  8
A-KRESKOWANIE
370
25
 48
0.025
100
AcDbPolyline
 90
2
 70
0
 10
7.045
 20
-4.6408369439657395
 10
6.865
 20
-4.460836943965739
  0
LWPOLYLINE
  5
44F
330
17
100
AcDbEntity
  8
A-KRESKOWANIE
370
25
 48
0.025
100
AcDbPolyline
 90
2
 70
0
 10
7.045
 20
-4.711547622084394
 10
6.865
 20
-4.531547622084394
  0
LWPOLYLINE
  5
450
330
17
100
AcDbEntity
  8
A-KRESKOWANIE
370
25
 48
0.025
100
AcDbPolyline
 90
2
 70
0
 10
7.002741699796951
 20
-4.74
 10
6.865
 20
-4.602258300203049
  0
LWPOLYLINE
  5
451
330
17
100
AcDbEntity
  8
A-KRESKOWANIE
370
25
 48
0.025
100
AcDbPolyline
 90
2
 70
0
 10
6.932031021678296
 20
-4.74
 10
6.865
 20
-4.6729689783217045
  0
LWPOLYLINE
  5
452
330
17
100
AcDbEntity
  8
A-KRESKOWANIE
370
25
 48
0.025
100
AcDbPolyline
 90
2
 70
0
 10
8.013657992645928
 20
-4.29
 10
8.06
 20
-4.243657992645929
  0
LWPOLYLINE
  5
453
330
17
100
AcDbEntity
  8
A-KRESKOWANIE
370
25
 48
0.025
100
AcDbPolyline
 90
2
 70
0
 10
7.960624984056938
 20
-4.29
 10
7.981467792643156
 20
-4.2691571914137825
  0
LWPOLYLINE
  5
454
330
17
100
AcDbEntity
  8
A-KRESKOWANIE
370
25
 48
0.025
100
AcDbPolyline
 90
2
 70
0
 10
7.9991454621728195
 20
-4.251479521884119
 10
8.052178470761811
 20
-4.198446513295128
  0
LWPOLYLINE
  5
455
330
17
100
AcDbEntity
  8
A-KRESKOWANIE
370
25
 48
0.025
100
AcDbPolyline
 90
2
 70
0
 10
7.9075919754679465
 20
-4.29
 10
8.06
 20
-4.137591975467946
  0
LWPOLYLINE
  5
456
330
17
100
AcDbEntity
  8
A-KRESKOWANIE
370
25
 48
0.025
100
AcDbPolyline
 90
2
 70
0
 10
7.88
 20
-4.2645589668789565
 10
7.893079444994838
 20
-4.251479521884119
  0
LWPOLYLINE
  5
457
330
17
100
AcDbEntity
  8
A-KRESKOWANIE
370
25
 48
0.025
100
AcDbPolyline
 90
2
 70
0
 10
7.910757114524501
 20
-4.233801852354455
 10
7.963790123113492
 20
-4.180768843765464
  0
LWPOLYLINE
  5
458
330
17
100
AcDbEntity
  8
A-KRESKOWANIE
370
25
 48
0.025
100
AcDbPolyline
 90
2
 70
0
 10
7.981467792643157
 20
-4.1630911742358006
 10
8.034500801232147
 20
-4.110058165646809
  0
LWPOLYLINE
  5
459
330
17
100
AcDbEntity
  8
A-KRESKOWANIE
370
25
 48
0.025
100
AcDbPolyline
 90
2
 70
0
 10
8.052178470761811
 20
-4.092380496117146
 10
8.06
 20
-4.084558966878957
  0
LWPOLYLINE
  5
45A
330
17
100
AcDbEntity
  8
A-KRESKOWANIE
370
25
 48
0.025
100
AcDbPolyline
 90
2
 70
0
 10
7.88
 20
-4.211525958289963
 10
8.051525958289963
 20
-4.04
  0
LWPOLYLINE
  5
45B
330
17
100
AcDbEntity
  8
A-KRESKOWANIE
370
25
 48
0.025
100
AcDbPolyline
 90
2
 70
0
 10
7.893079444994837
 20
-4.145413504706136
 10
7.946112453583828
 20
-4.092380496117145
  0
LWPOLYLINE
  5
45C
330
17
100
AcDbEntity
  8
A-KRESKOWANIE
370
25
 48
0.025
100
AcDbPolyline
 90
2
 70
0
 10
7.963790123113492
 20
-4.074702826587481
 10
7.998492949700973
 20
-4.04
  0
LWPOLYLINE
  5
45D
330
17
100
AcDbEntity
  8
A-KRESKOWANIE
370
25
 48
0.025
100
AcDbPolyline
 90
2
 70
0
 10
7.88
 20
-4.105459941111983
 10
7.945459941111983
 20
-4.04
  0
LWPOLYLINE
  5
45E
330
17
100
AcDbEntity
  8
A-KRESKOWANIE
370
25
 48
0.025
100
AcDbPolyline
 90
2
 70
0
 10
7.88
 20
-4.052426932522994
 10
7.892426932522993
 20
-4.04
  0
LWPOLYLINE
  5
45F
330
17
100
AcDbEntity
  8
A-KRESKOWANIE
370
25
 48
0.025
100
AcDbPolyline
 90
2
 70
0
 10
2.157007563196375
 20
-7.495
 10
2.2000000000000015
 20
-7.452007563196373
  0
LWPOLYLINE
  5
460
330
17
100
AcDbEntity
  8
A-KRESKOWANIE
370
25
 48
0.025
100
AcDbPolyline
 90
2
 70
0
 10
2.112481508794811
 20
-7.486493045812574
 10
2.1655145173838024
 20
-7.433460037223583
  0
LWPOLYLINE
  5
461
330
17
100
AcDbEntity
  8
A-KRESKOWANIE
370
25
 48
0.025
100
AcDbPolyline
 90
2
 70
0
 10
2.183192186913466
 20
-7.415782367693918
 10
2.2000000000000015
 20
-7.398974554607383
  0
LWPOLYLINE
  5
462
330
17
100
AcDbEntity
  8
A-KRESKOWANIE
370
25
 48
0.025
100
AcDbPolyline
 90
2
 70
0
 10
2.050941546018392
 20
-7.495
 10
2.2000000000000015
 20
-7.345941546018391
  0
LWPOLYLINE
  5
463
330
17
100
AcDbEntity
  8
A-KRESKOWANIE
370
25
 48
0.025
100
AcDbPolyline
 90
2
 70
0
 10
1.9979085374294017
 20
-7.495
 10
2.006415491616829
 20
-7.486493045812573
  0
LWPOLYLINE
  5
464
330
17
100
AcDbEntity
  8
A-KRESKOWANIE
370
25
 48
0.025
100
AcDbPolyline
 90
2
 70
0
 10
2.0240931611464927
 20
-7.468815376282909
 10
2.0771261697354837
 20
-7.415782367693918
  0
LWPOLYLINE
  5
465
330
17
100
AcDbEntity
  8
A-KRESKOWANIE
370
25
 48
0.025
100
AcDbPolyline
 90
2
 70
0
 10
2.0948038392651473
 20
-7.398104698164254
 10
2.1478368478541388
 20
-7.3450716895752635
  0
LWPOLYLINE
  5
466
330
17
100
AcDbEntity
  8
A-KRESKOWANIE
370
25
 48
0.025
100
AcDbPolyline
 90
2
 70
0
 10
2.1655145173838024
 20
-7.3273940200456
 10
2.2000000000000015
 20
-7.292908537429401
  0
LWPOLYLINE
  5
467
330
17
100
AcDbEntity
  8
A-KRESKOWANIE
370
25
 48
0.025
100
AcDbPolyline
 90
2
 70
0
 10
1.9448755288404096
 20
-7.495
 10
2.1948755288404094
 20
-7.245
  0
LWPOLYLINE
  5
468
330
17
100
AcDbEntity
  8
A-KRESKOWANIE
370
25
 48
0.025
100
AcDbPolyline
 90
2
 70
0
 10
1.8918425202514186
 20
-7.495
 10
1.9180271439685104
 20
-7.468815376282908
  0
LWPOLYLINE
  5
469
330
17
100
AcDbEntity
  8
A-KRESKOWANIE
370
25
 48
0.025
100
AcDbPolyline
 90
2
 70
0
 10
1.9357048134981736
 20
-7.451137706753245
 10
1.9887378220871645
 20
-7.398104698164254
  0
LWPOLYLINE
  5
46A
330
17
100
AcDbEntity
  8
A-KRESKOWANIE
370
25
 48
0.025
100
AcDbPolyline
 90
2
 70
0
 10
2.006415491616828
 20
-7.380427028634591
 10
2.0594485002058196
 20
-7.327394020045599
  0
LWPOLYLINE
  5
46B
330
17
100
AcDbEntity
  8
A-KRESKOWANIE
370
25
 48
0.025
100
AcDbPolyline
 90
2
 70
0
 10
2.0771261697354833
 20
-7.309716350515936
 10
2.130159178324474
 20
-7.256683341926944
  0
LWPOLYLINE
  5
46C
330
17
100
AcDbEntity
  8
A-KRESKOWANIE
370
25
 48
0.025
100
AcDbPolyline
 90
2
 70
0
 10
1.8388095116624286
 20
-7.495
 10
2.0888095116624283
 20
-7.245
  0
LWPOLYLINE
  5
46D
330
17
100
AcDbEntity
  8
A-KRESKOWANIE
370
25
 48
0.025
100
AcDbPolyline
 90
2
 70
0
 10
1.7857765030734372
 20
-7.495
 10
1.8296387963201912
 20
-7.451137706753245
  0
LWPOLYLINE
  5
46E
330
17
100
AcDbEntity
  8
A-KRESKOWANIE
370
25
 48
0.025
100
AcDbPolyline
 90
2
 70
0
 10
1.8473164658498553
 20
-7.433460037223582
 10
1.9003494744388463
 20
-7.380427028634591
  0
LWPOLYLINE
  5
46F
330
17
100
AcDbEntity
  8
A-KRESKOWANIE
370
25
 48
0.025
100
AcDbPolyline
 90
2
 70
0
 10
1.91802714396851
 20
-7.362749359104927
 10
1.9710601525575009
 20
-7.309716350515936
  0
LWPOLYLINE
  5
470
330
17
100
AcDbEntity
  8
A-KRESKOWANIE
370
25
 48
0.025
100
AcDbPolyline
 90
2
 70
0
 10
1.9887378220871645
 20
-7.2920386809862725
 10
2.0357765030734374
 20
-7.245
  0
LWPOLYLINE
  5
471
330
17
100
AcDbEntity
  8
A-KRESKOWANIE
370
25
 48
0.025
100
AcDbPolyline
 90
2
 70
0
 10
1.732743494484447
 20
-7.495
 10
1.9827434944844473
 20
-7.245
  0
LWPOLYLINE
  5
472
330
17
100
AcDbEntity
  8
A-KRESKOWANIE
370
25
 48
0.025
100
AcDbPolyline
 90
2
 70
0
 10
1.688217440082882
 20
-7.486493045812573
 10
1.741250448671873
 20
-7.433460037223583
  0
LWPOLYLINE
  5
473
330
17
100
AcDbEntity
  8
A-KRESKOWANIE
370
25
 48
0.025
100
AcDbPolyline
 90
2
 70
0
 10
1.758928118201537
 20
-7.415782367693918
 10
1.8119611267905285
 20
-7.362749359104926
  0
LWPOLYLINE
  5
474
330
17
100
AcDbEntity
  8
A-KRESKOWANIE
370
25
 48
0.025
100
AcDbPolyline
 90
2
 70
0
 10
1.8296387963201917
 20
-7.3450716895752635
 10
1.8826718049091826
 20
-7.2920386809862725
  0
LWPOLYLINE
  5
475
330
17
100
AcDbEntity
  8
A-KRESKOWANIE
370
25
 48
0.025
100
AcDbPolyline
 90
2
 70
0
 10
1.9003494744388463
 20
-7.274361011456609
 10
1.9297104858954548
 20
-7.245
  0
LWPOLYLINE
  5
476
330
17
100
AcDbEntity
  8
A-KRESKOWANIE
370
25
 48
0.025
100
AcDbPolyline
 90
2
 70
0
 10
1.626677477306464
 20
-7.495
 10
1.8766774773064643
 20
-7.245
  0
LWPOLYLINE
  5
477
330
17
100
AcDbEntity
  8
A-KRESKOWANIE
370
25
 48
0.025
100
AcDbPolyline
 90
2
 70
0
 10
1.5736444687174722
 20
-7.495
 10
1.5821514229049005
 20
-7.486493045812572
  0
LWPOLYLINE
  5
478
330
17
100
AcDbEntity
  8
A-KRESKOWANIE
370
25
 48
0.025
100
AcDbPolyline
 90
2
 70
0
 10
1.5998290924345637
 20
-7.468815376282908
 10
1.6528621010235547
 20
-7.415782367693918
  0
LWPOLYLINE
  5
479
330
17
100
AcDbEntity
  8
A-KRESKOWANIE
370
25
 48
0.025
100
AcDbPolyline
 90
2
 70
0
 10
1.6705397705532183
 20
-7.3981046981642535
 10
1.7235727791422093
 20
-7.3450716895752635
  0
LWPOLYLINE
  5
47A
330
17
100
AcDbEntity
  8
A-KRESKOWANIE
370
25
 48
0.025
100
AcDbPolyline
 90
2
 70
0
 10
1.7412504486718734
 20
-7.327394020045599
 10
1.7942834572608644
 20
-7.274361011456608
  0
LWPOLYLINE
  5
47B
330
17
100
AcDbEntity
  8
A-KRESKOWANIE
370
25
 48
0.025
100
AcDbPolyline
 90
2
 70
0
 10
1.811961126790528
 20
-7.256683341926944
 10
1.8236444687174722
 20
-7.245
  0
LWPOLYLINE
  5
47C
330
17
100
AcDbEntity
  8
A-KRESKOWANIE
370
25
 48
0.025
100
AcDbPolyline
 90
2
 70
0
 10
1.5206114601284813
 20
-7.495
 10
1.770611460128481
 20
-7.245
  0
LWPOLYLINE
  5
47D
330
17
100
AcDbEntity
  8
A-KRESKOWANIE
370
25
 48
0.025
100
AcDbPolyline
 90
2
 70
0
 10
1.467578451539491
 20
-7.495
 10
1.4937630752565823
 20
-7.468815376282909
  0
LWPOLYLINE
  5
47E
330
17
100
AcDbEntity
  8
A-KRESKOWANIE
370
25
 48
0.025
100
AcDbPolyline
 90
2
 70
0
 10
1.5114407447862455
 20
-7.451137706753245
 10
1.5644737533752369
 20
-7.398104698164254
  0
LWPOLYLINE
  5
47F
330
17
100
AcDbEntity
  8
A-KRESKOWANIE
370
25
 48
0.025
100
AcDbPolyline
 90
2
 70
0
 10
1.5821514229049
 20
-7.380427028634591
 10
1.635184431493891
 20
-7.327394020045601
  0
LWPOLYLINE
  5
480
330
17
100
AcDbEntity
  8
A-KRESKOWANIE
370
25
 48
0.025
100
AcDbPolyline
 90
2
 70
0
 10
1.6528621010235551
 20
-7.309716350515936
 10
1.7058951096125465
 20
-7.256683341926944
  0
LWPOLYLINE
  5
481
330
17
100
AcDbEntity
  8
A-KRESKOWANIE
370
25
 48
0.025
100
AcDbPolyline
 90
2
 70
0
 10
1.4145454429504993
 20
-7.495
 10
1.6645454429504996
 20
-7.245
  0
LWPOLYLINE
  5
482
330
17
100
AcDbEntity
  8
A-KRESKOWANIE
370
25
 48
0.025
100
AcDbPolyline
 90
2
 70
0
 10
1.3615124343615093
 20
-7.495
 10
1.4053747276082635
 20
-7.451137706753245
  0
LWPOLYLINE
  5
483
330
17
100
AcDbEntity
  8
A-KRESKOWANIE
370
25
 48
0.025
100
AcDbPolyline
 90
2
 70
0
 10
1.4230523971379272
 20
-7.433460037223583
 10
1.4760854057269186
 20
-7.380427028634591
  0
LWPOLYLINE
  5
484
330
17
100
AcDbEntity
  8
A-KRESKOWANIE
370
25
 48
0.025
100
AcDbPolyline
 90
2
 70
0
 10
1.4937630752565818
 20
-7.362749359104928
 10
1.5467960838455728
 20
-7.309716350515936
  0
LWPOLYLINE
  5
485
330
17
100
AcDbEntity
  8
A-KRESKOWANIE
370
25
 48
0.025
100
AcDbPolyline
 90
2
 70
0
 10
1.5644737533752364
 20
-7.292038680986273
 10
1.6115124343615088
 20
-7.245
  0
LWPOLYLINE
  5
486
330
17
100
AcDbEntity
  8
A-KRESKOWANIE
370
25
 48
0.025
100
AcDbPolyline
 90
2
 70
0
 10
1.3084794257725174
 20
-7.495
 10
1.5584794257725172
 20
-7.245
  0
LWPOLYLINE
  5
487
330
17
100
AcDbEntity
  8
A-KRESKOWANIE
370
25
 48
0.025
100
AcDbPolyline
 90
2
 70
0
 10
1.263953371370953
 20
-7.486493045812573
 10
1.3169863799599444
 20
-7.433460037223581
  0
LWPOLYLINE
  5
488
330
17
100
AcDbEntity
  8
A-KRESKOWANIE
370
25
 48
0.025
100
AcDbPolyline
 90
2
 70
0
 10
1.334664049489608
 20
-7.415782367693918
 10
1.3876970580785994
 20
-7.362749359104926
  0
LWPOLYLINE
  5
489
330
17
100
AcDbEntity
  8
A-KRESKOWANIE
370
25
 48
0.025
100
AcDbPolyline
 90
2
 70
0
 10
1.4053747276082627
 20
-7.3450716895752635
 10
1.458407736197254
 20
-7.292038680986272
  0
LWPOLYLINE
  5
48A
330
17
100
AcDbEntity
  8
A-KRESKOWANIE
370
25
 48
0.025
100
AcDbPolyline
 90
2
 70
0
 10
1.4760854057269173
 20
-7.274361011456609
 10
1.5054464171835256
 20
-7.245
  0
LWPOLYLINE
  5
48B
330
17
100
AcDbEntity
  8
A-KRESKOWANIE
370
25
 48
0.025
100
AcDbPolyline
 90
2
 70
0
 10
1.2024134085945355
 20
-7.495
 10
1.4524134085945357
 20
-7.245
  0
LWPOLYLINE
  5
48C
330
17
100
AcDbEntity
  8
A-KRESKOWANIE
370
25
 48
0.025
100
AcDbPolyline
 90
2
 70
0
 10
1.1493804000055436
 20
-7.495
 10
1.157887354192971
 20
-7.486493045812573
  0
LWPOLYLINE
  5
48D
330
17
100
AcDbEntity
  8
A-KRESKOWANIE
370
25
 48
0.025
100
AcDbPolyline
 90
2
 70
0
 10
1.1755650237226347
 20
-7.468815376282909
 10
1.2285980323116261
 20
-7.415782367693918
  0
LWPOLYLINE
  5
48E
330
17
100
AcDbEntity
  8
A-KRESKOWANIE
370
25
 48
0.025
100
AcDbPolyline
 90
2
 70
0
 10
1.2462757018412893
 20
-7.398104698164254
 10
1.2993087104302807
 20
-7.3450716895752635
  0
LWPOLYLINE
  5
48F
330
17
100
AcDbEntity
  8
A-KRESKOWANIE
370
25
 48
0.025
100
AcDbPolyline
 90
2
 70
0
 10
1.3169863799599444
 20
-7.327394020045599
 10
1.3700193885489358
 20
-7.274361011456608
  0
LWPOLYLINE
  5
490
330
17
100
AcDbEntity
  8
A-KRESKOWANIE
370
25
 48
0.025
100
AcDbPolyline
 90
2
 70
0
 10
1.387697058078599
 20
-7.256683341926944
 10
1.3993804000055434
 20
-7.245
  0
LWPOLYLINE
  5
491
330
17
100
AcDbEntity
  8
A-KRESKOWANIE
370
25
 48
0.025
100
AcDbPolyline
 90
2
 70
0
 10
1.0963473914165536
 20
-7.495
 10
1.3463473914165536
 20
-7.245
  0
LWPOLYLINE
  5
492
330
17
100
AcDbEntity
  8
A-KRESKOWANIE
370
25
 48
0.025
100
AcDbPolyline
 90
2
 70
0
 10
1.0433143828275615
 20
-7.495
 10
1.0694990065446528
 20
-7.468815376282909
  0
LWPOLYLINE
  5
493
330
17
100
AcDbEntity
  8
A-KRESKOWANIE
370
25
 48
0.025
100
AcDbPolyline
 90
2
 70
0
 10
1.0871766760743165
 20
-7.451137706753245
 10
1.1402096846633079
 20
-7.3981046981642535
  0
LWPOLYLINE
  5
494
330
17
100
AcDbEntity
  8
A-KRESKOWANIE
370
25
 48
0.025
100
AcDbPolyline
 90
2
 70
0
 10
1.157887354192971
 20
-7.380427028634591
 10
1.2109203627819625
 20
-7.327394020045599
  0
LWPOLYLINE
  5
495
330
17
100
AcDbEntity
  8
A-KRESKOWANIE
370
25
 48
0.025
100
AcDbPolyline
 90
2
 70
0
 10
1.2285980323116261
 20
-7.309716350515936
 10
1.2816310409006175
 20
-7.256683341926944
  0
LWPOLYLINE
  5
496
330
17
100
AcDbEntity
  8
A-KRESKOWANIE
370
25
 48
0.025
100
AcDbPolyline
 90
2
 70
0
 10
0.9902813742385709
 20
-7.495
 10
1.2402813742385708
 20
-7.245
  0
LWPOLYLINE
  5
497
330
17
100
AcDbEntity
  8
A-KRESKOWANIE
370
25
 48
0.025
100
AcDbPolyline
 90
2
 70
0
 10
0.9372483656495801
 20
-7.495
 10
0.9811106588963345
 20
-7.451137706753245
  0
LWPOLYLINE
  5
498
330
17
100
AcDbEntity
  8
A-KRESKOWANIE
370
25
 48
0.025
100
AcDbPolyline
 90
2
 70
0
 10
0.9987883284259977
 20
-7.433460037223583
 10
1.0518213370149891
 20
-7.380427028634591
  0
LWPOLYLINE
  5
499
330
17
100
AcDbEntity
  8
A-KRESKOWANIE
370
25
 48
0.025
100
AcDbPolyline
 90
2
 70
0
 10
1.0694990065446528
 20
-7.362749359104927
 10
1.1225320151336442
 20
-7.309716350515936
  0
LWPOLYLINE
  5
49A
330
17
100
AcDbEntity
  8
A-KRESKOWANIE
370
25
 48
0.025
100
AcDbPolyline
 90
2
 70
0
 10
1.1402096846633074
 20
-7.2920386809862725
 10
1.1872483656495803
 20
-7.245
  0
LWPOLYLINE
  5
49B
330
17
100
AcDbEntity
  8
A-KRESKOWANIE
370
25
 48
0.025
100
AcDbPolyline
 90
2
 70
0
 10
0.8842153570605877
 20
-7.495
 10
1.134215357060588
 20
-7.245
  0
LWPOLYLINE
  5
49C
330
17
100
AcDbEntity
  8
A-KRESKOWANIE
370
25
 48
0.025
100
AcDbPolyline
 90
2
 70
0
 10
0.8396893026590249
 20
-7.486493045812573
 10
0.8927223112480163
 20
-7.433460037223582
  0
LWPOLYLINE
  5
49D
330
17
100
AcDbEntity
  8
A-KRESKOWANIE
370
25
 48
0.025
100
AcDbPolyline
 90
2
 70
0
 10
0.9103999807776795
 20
-7.415782367693918
 10
0.9634329893666709
 20
-7.362749359104927
  0
LWPOLYLINE
  5
49E
330
17
100
AcDbEntity
  8
A-KRESKOWANIE
370
25
 48
0.025
100
AcDbPolyline
 90
2
 70
0
 10
0.9811106588963345
 20
-7.3450716895752635
 10
1.034143667485326
 20
-7.292038680986272
  0
LWPOLYLINE
  5
49F
330
17
100
AcDbEntity
  8
A-KRESKOWANIE
370
25
 48
0.025
100
AcDbPolyline
 90
2
 70
0
 10
1.0518213370149891
 20
-7.274361011456609
 10
1.0811823484715977
 20
-7.245
  0
LWPOLYLINE
  5
4A0
330
17
100
AcDbEntity
  8
A-KRESKOWANIE
370
25
 48
0.025
100
AcDbPolyline
 90
2
 70
0
 10
0.7781493398826063
 20
-7.495
 10
1.028149339882606
 20
-7.245
  0
LWPOLYLINE
  5
4A1
330
17
100
AcDbEntity
  8
A-KRESKOWANIE
370
25
 48
0.025
100
AcDbPolyline
 90
2
 70
0
 10
0.7251163312936156
 20
-7.495
 10
0.7336232854810429
 20
-7.486493045812573
  0
LWPOLYLINE
  5
4A2
330
17
100
AcDbEntity
  8
A-KRESKOWANIE
370
25
 48
0.025
100
AcDbPolyline
 90
2
 70
0
 10
0.7513009550107062
 20
-7.46881537628291
 10
0.8043339635996976
 20
-7.415782367693918
  0
LWPOLYLINE
  5
4A3
330
17
100
AcDbEntity
  8
A-KRESKOWANIE
370
25
 48
0.025
100
AcDbPolyline
 90
2
 70
0
 10
0.8220116331293612
 20
-7.398104698164255
 10
0.8750446417183526
 20
-7.3450716895752635
  0
LWPOLYLINE
  5
4A4
330
17
100
AcDbEntity
  8
A-KRESKOWANIE
370
25
 48
0.025
100
AcDbPolyline
 90
2
 70
0
 10
0.8927223112480158
 20
-7.327394020045601
 10
0.9457553198370072
 20
-7.274361011456609
  0
LWPOLYLINE
  5
4A5
330
17
100
AcDbEntity
  8
A-KRESKOWANIE
370
25
 48
0.025
100
AcDbPolyline
 90
2
 70
0
 10
0.9634329893666709
 20
-7.256683341926945
 10
0.9751163312936161
 20
-7.245
  0
LWPOLYLINE
  5
4A6
330
17
100
AcDbEntity
  8
A-KRESKOWANIE
370
25
 48
0.025
100
AcDbPolyline
 90
2
 70
0
 10
0.6720833227046248
 20
-7.495
 10
0.9220833227046249
 20
-7.245
  0
LWPOLYLINE
  5
4A7
330
17
100
AcDbEntity
  8
A-KRESKOWANIE
370
25
 48
0.025
100
AcDbPolyline
 90
2
 70
0
 10
0.6190503141156332
 20
-7.495
 10
0.6452349378327247
 20
-7.468815376282908
  0
LWPOLYLINE
  5
4A8
330
17
100
AcDbEntity
  8
A-KRESKOWANIE
370
25
 48
0.025
100
AcDbPolyline
 90
2
 70
0
 10
0.6629126073623879
 20
-7.451137706753245
 10
0.7159456159513793
 20
-7.3981046981642535
  0
LWPOLYLINE
  5
4A9
330
17
100
AcDbEntity
  8
A-KRESKOWANIE
370
25
 48
0.025
100
AcDbPolyline
 90
2
 70
0
 10
0.7336232854810429
 20
-7.38042702863459
 10
0.7866562940700343
 20
-7.327394020045599
  0
LWPOLYLINE
  5
4AA
330
17
100
AcDbEntity
  8
A-KRESKOWANIE
370
25
 48
0.025
100
AcDbPolyline
 90
2
 70
0
 10
0.8043339635996976
 20
-7.309716350515936
 10
0.857366972188689
 20
-7.256683341926944
  0
LWPOLYLINE
  5
4AB
330
17
100
AcDbEntity
  8
A-KRESKOWANIE
370
25
 48
0.025
100
AcDbPolyline
 90
2
 70
0
 10
0.5660173055266425
 20
-7.495
 10
0.8160173055266423
 20
-7.245
  0
LWPOLYLINE
  5
4AC
330
17
100
AcDbEntity
  8
A-KRESKOWANIE
370
25
 48
0.025
100
AcDbPolyline
 90
2
 70
0
 10
0.51298429693765
 20
-7.495
 10
0.5568465901844055
 20
-7.451137706753245
  0
LWPOLYLINE
  5
4AD
330
17
100
AcDbEntity
  8
A-KRESKOWANIE
370
25
 48
0.025
100
AcDbPolyline
 90
2
 70
0
 10
0.5745242597140687
 20
-7.433460037223581
 10
0.6275572683030601
 20
-7.380427028634591
  0
LWPOLYLINE
  5
4AE
330
17
100
AcDbEntity
  8
A-KRESKOWANIE
370
25
 48
0.025
100
AcDbPolyline
 90
2
 70
0
 10
0.6452349378327233
 20
-7.362749359104927
 10
0.6982679464217147
 20
-7.309716350515936
  0
LWPOLYLINE
  5
4AF
330
17
100
AcDbEntity
  8
A-KRESKOWANIE
370
25
 48
0.025
100
AcDbPolyline
 90
2
 70
0
 10
0.7159456159513784
 20
-7.292038680986272
 10
0.7629842969376504
 20
-7.245
  0
LWPOLYLINE
  5
4B0
330
17
100
AcDbEntity
  8
A-KRESKOWANIE
370
25
 48
0.025
100
AcDbPolyline
 90
2
 70
0
 10
0.45995128834865995
 20
-7.495
 10
0.7099512883486602
 20
-7.245
  0
LWPOLYLINE
  5
4B1
330
17
100
AcDbEntity
  8
A-KRESKOWANIE
370
25
 48
0.025
100
AcDbPolyline
 90
2
 70
0
 10
0.4154252339470972
 20
-7.486493045812573
 10
0.46845824253608814
 20
-7.433460037223581
  0
LWPOLYLINE
  5
4B2
330
17
100
AcDbEntity
  8
A-KRESKOWANIE
370
25
 48
0.025
100
AcDbPolyline
 90
2
 70
0
 10
0.4861359120657518
 20
-7.415782367693918
 10
0.5391689206547428
 20
-7.362749359104927
  0
LWPOLYLINE
  5
4B3
330
17
100
AcDbEntity
  8
A-KRESKOWANIE
370
25
 48
0.025
100
AcDbPolyline
 90
2
 70
0
 10
0.556846590184406
 20
-7.3450716895752635
 10
0.6098795987733974
 20
-7.2920386809862725
  0
LWPOLYLINE
  5
4B4
330
17
100
AcDbEntity
  8
A-KRESKOWANIE
370
25
 48
0.025
100
AcDbPolyline
 90
2
 70
0
 10
0.627557268303061
 20
-7.274361011456609
 10
0.6569182797596695
 20
-7.245
  0
LWPOLYLINE
  5
4B5
330
17
100
AcDbEntity
  8
A-KRESKOWANIE
370
25
 48
0.025
100
AcDbPolyline
 90
2
 70
0
 10
0.3538852711706779
 20
-7.495
 10
0.6038852711706779
 20
-7.245
  0
LWPOLYLINE
  5
4B6
330
17
100
AcDbEntity
  8
A-KRESKOWANIE
370
25
 48
0.025
100
AcDbPolyline
 90
2
 70
0
 10
0.3008522625816871
 20
-7.495
 10
0.3093592167691144
 20
-7.486493045812573
  0
LWPOLYLINE
  5
4B7
330
17
100
AcDbEntity
  8
A-KRESKOWANIE
370
25
 48
0.025
100
AcDbPolyline
 90
2
 70
0
 10
0.3270368862987776
 20
-7.46881537628291
 10
0.380069894887769
 20
-7.415782367693918
  0
LWPOLYLINE
  5
4B8
330
17
100
AcDbEntity
  8
A-KRESKOWANIE
370
25
 48
0.025
100
AcDbPolyline
 90
2
 70
0
 10
0.3977475644174331
 20
-7.398104698164254
 10
0.45078057300642405
 20
-7.3450716895752635
  0
LWPOLYLINE
  5
4B9
330
17
100
AcDbEntity
  8
A-KRESKOWANIE
370
25
 48
0.025
100
AcDbPolyline
 90
2
 70
0
 10
0.46845824253608725
 20
-7.3273940200456
 10
0.5214912511250787
 20
-7.274361011456609
  0
LWPOLYLINE
  5
4BA
330
17
100
AcDbEntity
  8
A-KRESKOWANIE
370
25
 48
0.025
100
AcDbPolyline
 90
2
 70
0
 10
0.5391689206547419
 20
-7.256683341926946
 10
0.5508522625816877
 20
-7.245
  0
LWPOLYLINE
  5
4BB
330
17
100
AcDbEntity
  8
A-KRESKOWANIE
370
25
 48
0.025
100
AcDbPolyline
 90
2
 70
0
 10
0.30000000000000004
 20
-7.442819253992695
 10
0.49781925399269555
 20
-7.245
  0
LWPOLYLINE
  5
4BC
330
17
100
AcDbEntity
  8
A-KRESKOWANIE
370
25
 48
0.025
100
AcDbPolyline
 90
2
 70
0
 10
0.3093592167691148
 20
-7.380427028634591
 10
0.3623922253581058
 20
-7.327394020045599
  0
LWPOLYLINE
  5
4BD
330
17
100
AcDbEntity
  8
A-KRESKOWANIE
370
25
 48
0.025
100
AcDbPolyline
 90
2
 70
0
 10
0.38006989488776943
 20
-7.309716350515936
 10
0.4331029034767604
 20
-7.256683341926944
  0
LWPOLYLINE
  5
4BE
330
17
100
AcDbEntity
  8
A-KRESKOWANIE
370
25
 48
0.025
100
AcDbPolyline
 90
2
 70
0
 10
0.30000000000000004
 20
-7.336753236814713
 10
0.3917532368147129
 20
-7.245
  0
LWPOLYLINE
  5
4BF
330
17
100
AcDbEntity
  8
A-KRESKOWANIE
370
25
 48
0.025
100
AcDbPolyline
 90
2
 70
0
 10
0.30000000000000004
 20
-7.2837202282257225
 10
0.338720228225723
 20
-7.245
  0
LWPOLYLINE
  5
4C0
330
17
100
AcDbEntity
  8
A-KRESKOWANIE
370
25
 48
0.025
100
AcDbPolyline
 90
2
 70
0
 10
0.6109920523572251
 20
-7.945
 10
0.64
 20
-7.915992052357225
  0
LWPOLYLINE
  5
4C1
330
17
100
AcDbEntity
  8
A-KRESKOWANIE
370
25
 48
0.025
100
AcDbPolyline
 90
2
 70
0
 10
0.5402813742385696
 20
-7.945
 10
0.64
 20
-7.84528137423857
  0
LWPOLYLINE
  5
4C2
330
17
100
AcDbEntity
  8
A-KRESKOWANIE
370
25
 48
0.025
100
AcDbPolyline
 90
2
 70
0
 10
0.46957069611991503
 20
-7.945
 10
0.64
 20
-7.774570696119915
  0
LWPOLYLINE
  5
4C3
330
17
100
AcDbEntity
  8
A-KRESKOWANIE
370
25
 48
0.025
100
AcDbPolyline
 90
2
 70
0
 10
0.4600000000000001
 20
-7.88386001800126
 10
0.64
 20
-7.703860018001261
  0
LWPOLYLINE
  5
4C4
330
17
100
AcDbEntity
  8
A-KRESKOWANIE
370
25
 48
0.025
100
AcDbPolyline
 90
2
 70
0
 10
0.4600000000000001
 20
-7.813149339882606
 10
0.64
 20
-7.633149339882606
  0
LWPOLYLINE
  5
4C5
330
17
100
AcDbEntity
  8
A-KRESKOWANIE
370
25
 48
0.025
100
AcDbPolyline
 90
2
 70
0
 10
0.4600000000000001
 20
-7.742438661763951
 10
0.64
 20
-7.562438661763951
  0
LWPOLYLINE
  5
4C6
330
17
100
AcDbEntity
  8
A-KRESKOWANIE
370
25
 48
0.025
100
AcDbPolyline
 90
2
 70
0
 10
0.4600000000000001
 20
-7.671727983645296
 10
0.6367279836452955
 20
-7.495
  0
LWPOLYLINE
  5
4C7
330
17
100
AcDbEntity
  8
A-KRESKOWANIE
370
25
 48
0.025
100
AcDbPolyline
 90
2
 70
0
 10
0.4600000000000001
 20
-7.601017305526641
 10
0.566017305526641
 20
-7.495
  0
LWPOLYLINE
  5
4C8
330
17
100
AcDbEntity
  8
A-KRESKOWANIE
370
25
 48
0.025
100
AcDbPolyline
 90
2
 70
0
 10
0.4600000000000001
 20
-7.530306627407986
 10
0.49530662740798664
 20
-7.495
  0
LWPOLYLINE
  5
4C9
330
17
100
AcDbEntity
  8
A-KRESKOWANIE
370
25
 48
0.025
100
AcDbPolyline
 90
2
 70
0
 10
0.64
 20
-7.498935777509512
 10
0.6360642224904877
 20
-7.495
  0
LWPOLYLINE
  5
4CA
330
17
100
AcDbEntity
  8
A-KRESKOWANIE
370
25
 48
0.025
100
AcDbPolyline
 90
2
 70
0
 10
0.64
 20
-7.569646455628167
 10
0.5653535443718335
 20
-7.495
  0
LWPOLYLINE
  5
4CB
330
17
100
AcDbEntity
  8
A-KRESKOWANIE
370
25
 48
0.025
100
AcDbPolyline
 90
2
 70
0
 10
0.64
 20
-7.6403571337468215
 10
0.4946428662531788
 20
-7.495
  0
LWPOLYLINE
  5
4CC
330
17
100
AcDbEntity
  8
A-KRESKOWANIE
370
25
 48
0.025
100
AcDbPolyline
 90
2
 70
0
 10
0.64
 20
-7.711067811865476
 10
0.4600000000000001
 20
-7.531067811865476
  0
LWPOLYLINE
  5
4CD
330
17
100
AcDbEntity
  8
A-KRESKOWANIE
370
25
 48
0.025
100
AcDbPolyline
 90
2
 70
0
 10
0.64
 20
-7.781778489984132
 10
0.4600000000000001
 20
-7.601778489984132
  0
LWPOLYLINE
  5
4CE
330
17
100
AcDbEntity
  8
A-KRESKOWANIE
370
25
 48
0.025
100
AcDbPolyline
 90
2
 70
0
 10
0.64
 20
-7.852489168102786
 10
0.4600000000000001
 20
-7.672489168102786
  0
LWPOLYLINE
  5
4CF
330
17
100
AcDbEntity
  8
A-KRESKOWANIE
370
25
 48
0.025
100
AcDbPolyline
 90
2
 70
0
 10
0.64
 20
-7.923199846221441
 10
0.4600000000000001
 20
-7.74319984622144
  0
LWPOLYLINE
  5
4D0
330
17
100
AcDbEntity
  8
A-KRESKOWANIE
370
25
 48
0.025
100
AcDbPolyline
 90
2
 70
0
 10
0.5910894756599043
 20
-7.945
 10
0.4600000000000001
 20
-7.813910524340096
  0
LWPOLYLINE
  5
4D1
330
17
100
AcDbEntity
  8
A-KRESKOWANIE
370
25
 48
0.025
100
AcDbPolyline
 90
2
 70
0
 10
0.5203787975412512
 20
-7.945
 10
0.4600000000000001
 20
-7.884621202458749
  0
LWPOLYLINE
  5
4D2
330
17
100
AcDbEntity
  8
A-KRESKOWANIE
370
25
 48
0.025
100
AcDbPolyline
 90
2
 70
0
 10
2.0252056147303197
 20
-7.945
 10
2.0400000000000014
 20
-7.930205614730319
  0
LWPOLYLINE
  5
4D3
330
17
100
AcDbEntity
  8
A-KRESKOWANIE
370
25
 48
0.025
100
AcDbPolyline
 90
2
 70
0
 10
1.9544949366116642
 20
-7.945
 10
2.0400000000000014
 20
-7.859494936611663
  0
LWPOLYLINE
  5
4D4
330
17
100
AcDbEntity
  8
A-KRESKOWANIE
370
25
 48
0.025
100
AcDbPolyline
 90
2
 70
0
 10
1.8837842584930105
 20
-7.945
 10
2.0400000000000014
 20
-7.788784258493009
  0
LWPOLYLINE
  5
4D5
330
17
100
AcDbEntity
  8
A-KRESKOWANIE
370
25
 48
0.025
100
AcDbPolyline
 90
2
 70
0
 10
1.8600000000000014
 20
-7.898073580374355
 10
2.0400000000000014
 20
-7.718073580374354
  0
LWPOLYLINE
  5
4D6
330
17
100
AcDbEntity
  8
A-KRESKOWANIE
370
25
 48
0.025
100
AcDbPolyline
 90
2
 70
0
 10
1.8600000000000014
 20
-7.8273629022557
 10
2.0400000000000014
 20
-7.647362902255701
  0
LWPOLYLINE
  5
4D7
330
17
100
AcDbEntity
  8
A-KRESKOWANIE
370
25
 48
0.025
100
AcDbPolyline
 90
2
 70
0
 10
1.8600000000000014
 20
-7.756652224137046
 10
2.0400000000000014
 20
-7.576652224137046
  0
LWPOLYLINE
  5
4D8
330
17
100
AcDbEntity
  8
A-KRESKOWANIE
370
25
 48
0.025
100
AcDbPolyline
 90
2
 70
0
 10
1.8600000000000014
 20
-7.68594154601839
 10
2.0400000000000014
 20
-7.50594154601839
  0
LWPOLYLINE
  5
4D9
330
17
100
AcDbEntity
  8
A-KRESKOWANIE
370
25
 48
0.025
100
AcDbPolyline
 90
2
 70
0
 10
1.8600000000000014
 20
-7.615230867899735
 10
1.9802308678997362
 20
-7.495
  0
LWPOLYLINE
  5
4DA
330
17
100
AcDbEntity
  8
A-KRESKOWANIE
370
25
 48
0.025
100
AcDbPolyline
 90
2
 70
0
 10
1.8600000000000014
 20
-7.54452018978108
 10
1.9095201897810818
 20
-7.495
  0
LWPOLYLINE
  5
4DB
330
17
100
AcDbEntity
  8
A-KRESKOWANIE
370
25
 48
0.025
100
AcDbPolyline
 90
2
 70
0
 10
2.0400000000000014
 20
-7.555432893255072
 10
1.979567106744929
 20
-7.495
  0
LWPOLYLINE
  5
4DC
330
17
100
AcDbEntity
  8
A-KRESKOWANIE
370
25
 48
0.025
100
AcDbPolyline
 90
2
 70
0
 10
2.0400000000000014
 20
-7.626143571373727
 10
1.9088564286262744
 20
-7.495
  0
LWPOLYLINE
  5
4DD
330
17
100
AcDbEntity
  8
A-KRESKOWANIE
370
25
 48
0.025
100
AcDbPolyline
 90
2
 70
0
 10
2.0400000000000014
 20
-7.696854249492382
 10
1.8600000000000014
 20
-7.516854249492382
  0
LWPOLYLINE
  5
4DE
330
17
100
AcDbEntity
  8
A-KRESKOWANIE
370
25
 48
0.025
100
AcDbPolyline
 90
2
 70
0
 10
2.0400000000000014
 20
-7.767564927611037
 10
1.8600000000000014
 20
-7.587564927611036
  0
LWPOLYLINE
  5
4DF
330
17
100
AcDbEntity
  8
A-KRESKOWANIE
370
25
 48
0.025
100
AcDbPolyline
 90
2
 70
0
 10
2.0400000000000014
 20
-7.838275605729692
 10
1.8600000000000014
 20
-7.658275605729692
  0
LWPOLYLINE
  5
4E0
330
17
100
AcDbEntity
  8
A-KRESKOWANIE
370
25
 48
0.025
100
AcDbPolyline
 90
2
 70
0
 10
2.0400000000000014
 20
-7.908986283848346
 10
1.8600000000000014
 20
-7.7289862838483465
  0
LWPOLYLINE
  5
4E1
330
17
100
AcDbEntity
  8
A-KRESKOWANIE
370
25
 48
0.025
100
AcDbPolyline
 90
2
 70
0
 10
2.0053030380330004
 20
-7.945
 10
1.8600000000000014
 20
-7.799696961967001
  0
LWPOLYLINE
  5
4E2
330
17
100
AcDbEntity
  8
A-KRESKOWANIE
370
25
 48
0.025
100
AcDbPolyline
 90
2
 70
0
 10
1.9345923599143457
 20
-7.945
 10
1.8600000000000014
 20
-7.870407640085656
  0
LWPOLYLINE
  5
4E3
330
17
100
AcDbEntity
  8
A-KRESKOWANIE
370
25
 48
0.025
100
AcDbPolyline
 90
2
 70
0
 10
1.8638816817956911
 20
-7.945
 10
1.8600000000000014
 20
-7.94111831820431
  0
LWPOLYLINE
  5
4E4
330
17
100
AcDbEntity
  8
A-KRESKOWANIE
370
25
 48
0.025
100
AcDbPolyline
 90
2
 70
0
 10
3.005535700620232
 20
-7.495
 10
3.0300000000000016
 20
-7.47053570062023
  0
LWPOLYLINE
  5
4E5
330
17
100
AcDbEntity
  8
A-KRESKOWANIE
370
25
 48
0.025
100
AcDbPolyline
 90
2
 70
0
 10
2.9610096462186672
 20
-7.486493045812573
 10
3.0140426548076586
 20
-7.433460037223581
  0
LWPOLYLINE
  5
4E6
330
17
100
AcDbEntity
  8
A-KRESKOWANIE
370
25
 48
0.025
100
AcDbPolyline
 90
2
 70
0
 10
2.8994696834422493
 20
-7.495
 10
3.0300000000000016
 20
-7.364469683442248
  0
LWPOLYLINE
  5
4E7
330
17
100
AcDbEntity
  8
A-KRESKOWANIE
370
25
 48
0.025
100
AcDbPolyline
 90
2
 70
0
 10
2.8500000000000014
 20
-7.491436674853257
 10
2.8549436290406853
 20
-7.486493045812573
  0
LWPOLYLINE
  5
4E8
330
17
100
AcDbEntity
  8
A-KRESKOWANIE
370
25
 48
0.025
100
AcDbPolyline
 90
2
 70
0
 10
2.872621298570349
 20
-7.468815376282909
 10
2.92565430715934
 20
-7.415782367693918
  0
LWPOLYLINE
  5
4E9
330
17
100
AcDbEntity
  8
A-KRESKOWANIE
370
25
 48
0.025
100
AcDbPolyline
 90
2
 70
0
 10
2.9433319766890036
 20
-7.398104698164254
 10
2.996364985277995
 20
-7.3450716895752635
  0
LWPOLYLINE
  5
4EA
330
17
100
AcDbEntity
  8
A-KRESKOWANIE
370
25
 48
0.025
100
AcDbPolyline
 90
2
 70
0
 10
3.0140426548076586
 20
-7.3273940200456
 10
3.0300000000000016
 20
-7.311436674853256
  0
LWPOLYLINE
  5
4EB
330
17
100
AcDbEntity
  8
A-KRESKOWANIE
370
25
 48
0.025
100
AcDbPolyline
 90
2
 70
0
 10
2.8500000000000014
 20
-7.438403666264267
 10
3.0300000000000016
 20
-7.258403666264266
  0
LWPOLYLINE
  5
4EC
330
17
100
AcDbEntity
  8
A-KRESKOWANIE
370
25
 48
0.025
100
AcDbPolyline
 90
2
 70
0
 10
2.8549436290406853
 20
-7.380427028634591
 10
2.9079766376296767
 20
-7.327394020045599
  0
LWPOLYLINE
  5
4ED
330
17
100
AcDbEntity
  8
A-KRESKOWANIE
370
25
 48
0.025
100
AcDbPolyline
 90
2
 70
0
 10
2.9256543071593404
 20
-7.309716350515936
 10
2.9786873157483313
 20
-7.256683341926944
  0
LWPOLYLINE
  5
4EE
330
17
100
AcDbEntity
  8
A-KRESKOWANIE
370
25
 48
0.025
100
AcDbPolyline
 90
2
 70
0
 10
2.8500000000000014
 20
-7.332337649086284
 10
2.9373376490862855
 20
-7.245
  0
LWPOLYLINE
  5
4EF
330
17
100
AcDbEntity
  8
A-KRESKOWANIE
370
25
 48
0.025
100
AcDbPolyline
 90
2
 70
0
 10
2.8500000000000014
 20
-7.279304640497293
 10
2.8843046404972945
 20
-7.245
  0
LWPOLYLINE
  5
4F0
330
17
100
AcDbEntity
  8
A-KRESKOWANIE
370
25
 48
0.025
100
AcDbPolyline
 90
2
 70
0
 10
6.505714267493644
 20
-7.495
 10
6.530000000000002
 20
-7.470714267493642
  0
LWPOLYLINE
  5
4F1
330
17
100
AcDbEntity
  8
A-KRESKOWANIE
370
25
 48
0.025
100
AcDbPolyline
 90
2
 70
0
 10
6.452681258904651
 20
-7.495
 10
6.496543552151405
 20
-7.451137706753245
  0
LWPOLYLINE
  5
4F2
330
17
100
AcDbEntity
  8
A-KRESKOWANIE
370
25
 48
0.025
100
AcDbPolyline
 90
2
 70
0
 10
6.514221221681069
 20
-7.433460037223582
 10
6.530000000000002
 20
-7.417681258904649
  0
LWPOLYLINE
  5
4F3
330
17
100
AcDbEntity
  8
A-KRESKOWANIE
370
25
 48
0.025
100
AcDbPolyline
 90
2
 70
0
 10
6.399648250315661
 20
-7.495
 10
6.530000000000002
 20
-7.364648250315659
  0
LWPOLYLINE
  5
4F4
330
17
100
AcDbEntity
  8
A-KRESKOWANIE
370
25
 48
0.025
100
AcDbPolyline
 90
2
 70
0
 10
6.355122195914096
 20
-7.486493045812574
 10
6.408155204503087
 20
-7.433460037223583
  0
LWPOLYLINE
  5
4F5
330
17
100
AcDbEntity
  8
A-KRESKOWANIE
370
25
 48
0.025
100
AcDbPolyline
 90
2
 70
0
 10
6.425832874032751
 20
-7.415782367693919
 10
6.478865882621742
 20
-7.362749359104928
  0
LWPOLYLINE
  5
4F6
330
17
100
AcDbEntity
  8
A-KRESKOWANIE
370
25
 48
0.025
100
AcDbPolyline
 90
2
 70
0
 10
6.496543552151405
 20
-7.345071689575264
 10
6.530000000000002
 20
-7.311615241726668
  0
LWPOLYLINE
  5
4F7
330
17
100
AcDbEntity
  8
A-KRESKOWANIE
370
25
 48
0.025
100
AcDbPolyline
 90
2
 70
0
 10
6.293582233137678
 20
-7.495
 10
6.530000000000002
 20
-7.258582233137676
  0
LWPOLYLINE
  5
4F8
330
17
100
AcDbEntity
  8
A-KRESKOWANIE
370
25
 48
0.025
100
AcDbPolyline
 90
2
 70
0
 10
6.240549224548689
 20
-7.495
 10
6.249056178736115
 20
-7.486493045812574
  0
LWPOLYLINE
  5
4F9
330
17
100
AcDbEntity
  8
A-KRESKOWANIE
370
25
 48
0.025
100
AcDbPolyline
 90
2
 70
0
 10
6.266733848265779
 20
-7.46881537628291
 10
6.31976685685477
 20
-7.415782367693919
  0
LWPOLYLINE
  5
4FA
330
17
100
AcDbEntity
  8
A-KRESKOWANIE
370
25
 48
0.025
100
AcDbPolyline
 90
2
 70
0
 10
6.3374445263844335
 20
-7.398104698164255
 10
6.390477534973424
 20
-7.345071689575264
  0
LWPOLYLINE
  5
4FB
330
17
100
AcDbEntity
  8
A-KRESKOWANIE
370
25
 48
0.025
100
AcDbPolyline
 90
2
 70
0
 10
6.408155204503088
 20
-7.327394020045601
 10
6.461188213092079
 20
-7.27436101145661
  0
LWPOLYLINE
  5
4FC
330
17
100
AcDbEntity
  8
A-KRESKOWANIE
370
25
 48
0.025
100
AcDbPolyline
 90
2
 70
0
 10
6.478865882621743
 20
-7.256683341926946
 10
6.490549224548689
 20
-7.245
  0
LWPOLYLINE
  5
4FD
330
17
100
AcDbEntity
  8
A-KRESKOWANIE
370
25
 48
0.025
100
AcDbPolyline
 90
2
 70
0
 10
6.187516215959694
 20
-7.495
 10
6.437516215959694
 20
-7.245
  0
LWPOLYLINE
  5
4FE
330
17
100
AcDbEntity
  8
A-KRESKOWANIE
370
25
 48
0.025
100
AcDbPolyline
 90
2
 70
0
 10
6.134483207370705
 20
-7.495
 10
6.160667831087796
 20
-7.468815376282909
  0
LWPOLYLINE
  5
4FF
330
17
100
AcDbEntity
  8
A-KRESKOWANIE
370
25
 48
0.025
100
AcDbPolyline
 90
2
 70
0
 10
6.178345500617459
 20
-7.451137706753245
 10
6.231378509206451
 20
-7.398104698164254
  0
LWPOLYLINE
  5
500
330
17
100
AcDbEntity
  8
A-KRESKOWANIE
370
25
 48
0.025
100
AcDbPolyline
 90
2
 70
0
 10
6.249056178736114
 20
-7.380427028634591
 10
6.302089187325105
 20
-7.3273940200456
  0
LWPOLYLINE
  5
501
330
17
100
AcDbEntity
  8
A-KRESKOWANIE
370
25
 48
0.025
100
AcDbPolyline
 90
2
 70
0
 10
6.319766856854769
 20
-7.309716350515936
 10
6.37279986544376
 20
-7.256683341926945
  0
LWPOLYLINE
  5
502
330
17
100
AcDbEntity
  8
A-KRESKOWANIE
370
25
 48
0.025
100
AcDbPolyline
 90
2
 70
0
 10
6.081450198781714
 20
-7.495
 10
6.331450198781714
 20
-7.245
  0
LWPOLYLINE
  5
503
330
17
100
AcDbEntity
  8
A-KRESKOWANIE
370
25
 48
0.025
100
AcDbPolyline
 90
2
 70
0
 10
6.028417190192723
 20
-7.495
 10
6.072279483439477
 20
-7.451137706753245
  0
LWPOLYLINE
  5
504
330
17
100
AcDbEntity
  8
A-KRESKOWANIE
370
25
 48
0.025
100
AcDbPolyline
 90
2
 70
0
 10
6.089957152969141
 20
-7.433460037223582
 10
6.142990161558132
 20
-7.380427028634591
  0
LWPOLYLINE
  5
505
330
17
100
AcDbEntity
  8
A-KRESKOWANIE
370
25
 48
0.025
100
AcDbPolyline
 90
2
 70
0
 10
6.160667831087796
 20
-7.362749359104927
 10
6.213700839676787
 20
-7.309716350515936
  0
LWPOLYLINE
  5
506
330
17
100
AcDbEntity
  8
A-KRESKOWANIE
370
25
 48
0.025
100
AcDbPolyline
 90
2
 70
0
 10
6.231378509206451
 20
-7.2920386809862725
 10
6.278417190192723
 20
-7.245
  0
LWPOLYLINE
  5
507
330
17
100
AcDbEntity
  8
A-KRESKOWANIE
370
25
 48
0.025
100
AcDbPolyline
 90
2
 70
0
 10
5.975384181603733
 20
-7.495
 10
6.225384181603733
 20
-7.245
  0
LWPOLYLINE
  5
508
330
17
100
AcDbEntity
  8
A-KRESKOWANIE
370
25
 48
0.025
100
AcDbPolyline
 90
2
 70
0
 10
5.930858127202167
 20
-7.486493045812573
 10
5.983891135791158
 20
-7.433460037223582
  0
LWPOLYLINE
  5
509
330
17
100
AcDbEntity
  8
A-KRESKOWANIE
370
25
 48
0.025
100
AcDbPolyline
 90
2
 70
0
 10
6.001568805320821
 20
-7.415782367693918
 10
6.054601813909812
 20
-7.362749359104926
  0
LWPOLYLINE
  5
50A
330
17
100
AcDbEntity
  8
A-KRESKOWANIE
370
25
 48
0.025
100
AcDbPolyline
 90
2
 70
0
 10
6.072279483439477
 20
-7.345071689575263
 10
6.125312492028468
 20
-7.292038680986272
  0
LWPOLYLINE
  5
50B
330
17
100
AcDbEntity
  8
A-KRESKOWANIE
370
25
 48
0.025
100
AcDbPolyline
 90
2
 70
0
 10
6.1429901615581315
 20
-7.274361011456608
 10
6.172351173014739
 20
-7.245
  0
LWPOLYLINE
  5
50C
330
17
100
AcDbEntity
  8
A-KRESKOWANIE
370
25
 48
0.025
100
AcDbPolyline
 90
2
 70
0
 10
5.869318164425749
 20
-7.495
 10
6.119318164425749
 20
-7.245
  0
LWPOLYLINE
  5
50D
330
17
100
AcDbEntity
  8
A-KRESKOWANIE
370
25
 48
0.025
100
AcDbPolyline
 90
2
 70
0
 10
5.816285155836759
 20
-7.495
 10
5.824792110024186
 20
-7.486493045812574
  0
LWPOLYLINE
  5
50E
330
17
100
AcDbEntity
  8
A-KRESKOWANIE
370
25
 48
0.025
100
AcDbPolyline
 90
2
 70
0
 10
5.842469779553849
 20
-7.46881537628291
 10
5.89550278814284
 20
-7.415782367693919
  0
LWPOLYLINE
  5
50F
330
17
100
AcDbEntity
  8
A-KRESKOWANIE
370
25
 48
0.025
100
AcDbPolyline
 90
2
 70
0
 10
5.913180457672504
 20
-7.398104698164255
 10
5.966213466261495
 20
-7.3450716895752635
  0
LWPOLYLINE
  5
510
330
17
100
AcDbEntity
  8
A-KRESKOWANIE
370
25
 48
0.025
100
AcDbPolyline
 90
2
 70
0
 10
5.9838911357911595
 20
-7.3273940200456
 10
6.0369241443801505
 20
-7.274361011456609
  0
LWPOLYLINE
  5
511
330
17
100
AcDbEntity
  8
A-KRESKOWANIE
370
25
 48
0.025
100
AcDbPolyline
 90
2
 70
0
 10
6.054601813909814
 20
-7.256683341926945
 10
6.066285155836759
 20
-7.245
  0
LWPOLYLINE
  5
512
330
17
100
AcDbEntity
  8
A-KRESKOWANIE
370
25
 48
0.025
100
AcDbPolyline
 90
2
 70
0
 10
5.763252147247768
 20
-7.495
 10
6.013252147247768
 20
-7.245
  0
LWPOLYLINE
  5
513
330
17
100
AcDbEntity
  8
A-KRESKOWANIE
370
25
 48
0.025
100
AcDbPolyline
 90
2
 70
0
 10
5.710219138658777
 20
-7.495
 10
5.7364037623758675
 20
-7.46881537628291
  0
LWPOLYLINE
  5
514
330
17
100
AcDbEntity
  8
A-KRESKOWANIE
370
25
 48
0.025
100
AcDbPolyline
 90
2
 70
0
 10
5.754081431905531
 20
-7.451137706753246
 10
5.807114440494522
 20
-7.398104698164255
  0
LWPOLYLINE
  5
515
330
17
100
AcDbEntity
  8
A-KRESKOWANIE
370
25
 48
0.025
100
AcDbPolyline
 90
2
 70
0
 10
5.824792110024186
 20
-7.380427028634592
 10
5.877825118613177
 20
-7.327394020045601
  0
LWPOLYLINE
  5
516
330
17
100
AcDbEntity
  8
A-KRESKOWANIE
370
25
 48
0.025
100
AcDbPolyline
 90
2
 70
0
 10
5.89550278814284
 20
-7.309716350515936
 10
5.948535796731832
 20
-7.256683341926945
  0
LWPOLYLINE
  5
517
330
17
100
AcDbEntity
  8
A-KRESKOWANIE
370
25
 48
0.025
100
AcDbPolyline
 90
2
 70
0
 10
5.657186130069785
 20
-7.495
 10
5.907186130069785
 20
-7.245
  0
LWPOLYLINE
  5
518
330
17
100
AcDbEntity
  8
A-KRESKOWANIE
370
25
 48
0.025
100
AcDbPolyline
 90
2
 70
0
 10
5.604153121480794
 20
-7.495
 10
5.648015414727548
 20
-7.451137706753245
  0
LWPOLYLINE
  5
519
330
17
100
AcDbEntity
  8
A-KRESKOWANIE
370
25
 48
0.025
100
AcDbPolyline
 90
2
 70
0
 10
5.665693084257212
 20
-7.433460037223582
 10
5.718726092846203
 20
-7.380427028634591
  0
LWPOLYLINE
  5
51A
330
17
100
AcDbEntity
  8
A-KRESKOWANIE
370
25
 48
0.025
100
AcDbPolyline
 90
2
 70
0
 10
5.736403762375867
 20
-7.362749359104927
 10
5.7894367709648575
 20
-7.309716350515936
  0
LWPOLYLINE
  5
51B
330
17
100
AcDbEntity
  8
A-KRESKOWANIE
370
25
 48
0.025
100
AcDbPolyline
 90
2
 70
0
 10
5.807114440494521
 20
-7.2920386809862725
 10
5.854153121480794
 20
-7.245
  0
LWPOLYLINE
  5
51C
330
17
100
AcDbEntity
  8
A-KRESKOWANIE
370
25
 48
0.025
100
AcDbPolyline
 90
2
 70
0
 10
5.5511201128918035
 20
-7.495
 10
5.8011201128918035
 20
-7.245
  0
LWPOLYLINE
  5
51D
330
17
100
AcDbEntity
  8
A-KRESKOWANIE
370
25
 48
0.025
100
AcDbPolyline
 90
2
 70
0
 10
5.50659405849024
 20
-7.486493045812574
 10
5.559627067079231
 20
-7.433460037223583
  0
LWPOLYLINE
  5
51E
330
17
100
AcDbEntity
  8
A-KRESKOWANIE
370
25
 48
0.025
100
AcDbPolyline
 90
2
 70
0
 10
5.577304736608895
 20
-7.415782367693919
 10
5.6303377451978855
 20
-7.362749359104928
  0
LWPOLYLINE
  5
51F
330
17
100
AcDbEntity
  8
A-KRESKOWANIE
370
25
 48
0.025
100
AcDbPolyline
 90
2
 70
0
 10
5.648015414727549
 20
-7.345071689575264
 10
5.70104842331654
 20
-7.292038680986273
  0
LWPOLYLINE
  5
520
330
17
100
AcDbEntity
  8
A-KRESKOWANIE
370
25
 48
0.025
100
AcDbPolyline
 90
2
 70
0
 10
5.718726092846204
 20
-7.27436101145661
 10
5.748087104302813
 20
-7.245
  0
LWPOLYLINE
  5
521
330
17
100
AcDbEntity
  8
A-KRESKOWANIE
370
25
 48
0.025
100
AcDbPolyline
 90
2
 70
0
 10
5.4450540957138225
 20
-7.495
 10
5.6950540957138225
 20
-7.245
  0
LWPOLYLINE
  5
522
330
17
100
AcDbEntity
  8
A-KRESKOWANIE
370
25
 48
0.025
100
AcDbPolyline
 90
2
 70
0
 10
5.392021087124829
 20
-7.495
 10
5.400528041312256
 20
-7.486493045812573
  0
LWPOLYLINE
  5
523
330
17
100
AcDbEntity
  8
A-KRESKOWANIE
370
25
 48
0.025
100
AcDbPolyline
 90
2
 70
0
 10
5.418205710841921
 20
-7.468815376282909
 10
5.471238719430912
 20
-7.415782367693918
  0
LWPOLYLINE
  5
524
330
17
100
AcDbEntity
  8
A-KRESKOWANIE
370
25
 48
0.025
100
AcDbPolyline
 90
2
 70
0
 10
5.488916388960575
 20
-7.398104698164254
 10
5.541949397549566
 20
-7.3450716895752635
  0
LWPOLYLINE
  5
525
330
17
100
AcDbEntity
  8
A-KRESKOWANIE
370
25
 48
0.025
100
AcDbPolyline
 90
2
 70
0
 10
5.55962706707923
 20
-7.3273940200456
 10
5.612660075668221
 20
-7.274361011456609
  0
LWPOLYLINE
  5
526
330
17
100
AcDbEntity
  8
A-KRESKOWANIE
370
25
 48
0.025
100
AcDbPolyline
 90
2
 70
0
 10
5.630337745197885
 20
-7.256683341926945
 10
5.64202108712483
 20
-7.245
  0
LWPOLYLINE
  5
527
330
17
100
AcDbEntity
  8
A-KRESKOWANIE
370
25
 48
0.025
100
AcDbPolyline
 90
2
 70
0
 10
5.338988078535838
 20
-7.495
 10
5.588988078535838
 20
-7.245
  0
LWPOLYLINE
  5
528
330
17
100
AcDbEntity
  8
A-KRESKOWANIE
370
25
 48
0.025
100
AcDbPolyline
 90
2
 70
0
 10
5.285955069946848
 20
-7.495
 10
5.312139693663939
 20
-7.46881537628291
  0
LWPOLYLINE
  5
529
330
17
100
AcDbEntity
  8
A-KRESKOWANIE
370
25
 48
0.025
100
AcDbPolyline
 90
2
 70
0
 10
5.329817363193602
 20
-7.451137706753245
 10
5.3828503717825935
 20
-7.398104698164254
  0
LWPOLYLINE
  5
52A
330
17
100
AcDbEntity
  8
A-KRESKOWANIE
370
25
 48
0.025
100
AcDbPolyline
 90
2
 70
0
 10
5.400528041312257
 20
-7.380427028634591
 10
5.453561049901248
 20
-7.3273940200456
  0
LWPOLYLINE
  5
52B
330
17
100
AcDbEntity
  8
A-KRESKOWANIE
370
25
 48
0.025
100
AcDbPolyline
 90
2
 70
0
 10
5.471238719430912
 20
-7.309716350515936
 10
5.524271728019903
 20
-7.256683341926945
  0
LWPOLYLINE
  5
52C
330
17
100
AcDbEntity
  8
A-KRESKOWANIE
370
25
 48
0.025
100
AcDbPolyline
 90
2
 70
0
 10
5.232922061357858
 20
-7.495
 10
5.482922061357858
 20
-7.245
  0
LWPOLYLINE
  5
52D
330
17
100
AcDbEntity
  8
A-KRESKOWANIE
370
25
 48
0.025
100
AcDbPolyline
 90
2
 70
0
 10
5.179889052768867
 20
-7.495
 10
5.223751346015621
 20
-7.451137706753247
  0
LWPOLYLINE
  5
52E
330
17
100
AcDbEntity
  8
A-KRESKOWANIE
370
25
 48
0.025
100
AcDbPolyline
 90
2
 70
0
 10
5.241429015545284
 20
-7.433460037223583
 10
5.294462024134276
 20
-7.380427028634592
  0
LWPOLYLINE
  5
52F
330
17
100
AcDbEntity
  8
A-KRESKOWANIE
370
25
 48
0.025
100
AcDbPolyline
 90
2
 70
0
 10
5.31213969366394
 20
-7.362749359104928
 10
5.365172702252931
 20
-7.309716350515937
  0
LWPOLYLINE
  5
530
330
17
100
AcDbEntity
  8
A-KRESKOWANIE
370
25
 48
0.025
100
AcDbPolyline
 90
2
 70
0
 10
5.382850371782594
 20
-7.292038680986273
 10
5.429889052768868
 20
-7.245
  0
LWPOLYLINE
  5
531
330
17
100
AcDbEntity
  8
A-KRESKOWANIE
370
25
 48
0.025
100
AcDbPolyline
 90
2
 70
0
 10
5.126856044179874
 20
-7.495
 10
5.376856044179874
 20
-7.245
  0
LWPOLYLINE
  5
532
330
17
100
AcDbEntity
  8
A-KRESKOWANIE
370
25
 48
0.025
100
AcDbPolyline
 90
2
 70
0
 10
5.0823299897783105
 20
-7.486493045812574
 10
5.1353629983673015
 20
-7.433460037223583
  0
LWPOLYLINE
  5
533
330
17
100
AcDbEntity
  8
A-KRESKOWANIE
370
25
 48
0.025
100
AcDbPolyline
 90
2
 70
0
 10
5.153040667896965
 20
-7.415782367693918
 10
5.206073676485957
 20
-7.362749359104928
  0
LWPOLYLINE
  5
534
330
17
100
AcDbEntity
  8
A-KRESKOWANIE
370
25
 48
0.025
100
AcDbPolyline
 90
2
 70
0
 10
5.22375134601562
 20
-7.3450716895752635
 10
5.276784354604612
 20
-7.2920386809862725
  0
LWPOLYLINE
  5
535
330
17
100
AcDbEntity
  8
A-KRESKOWANIE
370
25
 48
0.025
100
AcDbPolyline
 90
2
 70
0
 10
5.294462024134275
 20
-7.274361011456609
 10
5.323823035590884
 20
-7.245
  0
LWPOLYLINE
  5
536
330
17
100
AcDbEntity
  8
A-KRESKOWANIE
370
25
 48
0.025
100
AcDbPolyline
 90
2
 70
0
 10
5.020790027001893
 20
-7.495
 10
5.270790027001893
 20
-7.245
  0
LWPOLYLINE
  5
537
330
17
100
AcDbEntity
  8
A-KRESKOWANIE
370
25
 48
0.025
100
AcDbPolyline
 90
2
 70
0
 10
4.967757018412902
 20
-7.495
 10
4.976263972600329
 20
-7.486493045812574
  0
LWPOLYLINE
  5
538
330
17
100
AcDbEntity
  8
A-KRESKOWANIE
370
25
 48
0.025
100
AcDbPolyline
 90
2
 70
0
 10
4.993941642129992
 20
-7.46881537628291
 10
5.046974650718983
 20
-7.415782367693918
  0
LWPOLYLINE
  5
539
330
17
100
AcDbEntity
  8
A-KRESKOWANIE
370
25
 48
0.025
100
AcDbPolyline
 90
2
 70
0
 10
5.064652320248647
 20
-7.398104698164255
 10
5.117685328837638
 20
-7.3450716895752635
  0
LWPOLYLINE
  5
53A
330
17
100
AcDbEntity
  8
A-KRESKOWANIE
370
25
 48
0.025
100
AcDbPolyline
 90
2
 70
0
 10
5.135362998367302
 20
-7.3273940200456
 10
5.188396006956292
 20
-7.274361011456609
  0
LWPOLYLINE
  5
53B
330
17
100
AcDbEntity
  8
A-KRESKOWANIE
370
25
 48
0.025
100
AcDbPolyline
 90
2
 70
0
 10
5.206073676485957
 20
-7.256683341926945
 10
5.217757018412902
 20
-7.245
  0
LWPOLYLINE
  5
53C
330
17
100
AcDbEntity
  8
A-KRESKOWANIE
370
25
 48
0.025
100
AcDbPolyline
 90
2
 70
0
 10
4.914724009823912
 20
-7.495
 10
5.164724009823912
 20
-7.245
  0
LWPOLYLINE
  5
53D
330
17
100
AcDbEntity
  8
A-KRESKOWANIE
370
25
 48
0.025
100
AcDbPolyline
 90
2
 70
0
 10
4.861691001234918
 20
-7.495
 10
4.8878756249520094
 20
-7.468815376282909
  0
LWPOLYLINE
  5
53E
330
17
100
AcDbEntity
  8
A-KRESKOWANIE
370
25
 48
0.025
100
AcDbPolyline
 90
2
 70
0
 10
4.905553294481673
 20
-7.451137706753245
 10
4.958586303070664
 20
-7.398104698164254
  0
LWPOLYLINE
  5
53F
330
17
100
AcDbEntity
  8
A-KRESKOWANIE
370
25
 48
0.025
100
AcDbPolyline
 90
2
 70
0
 10
4.976263972600328
 20
-7.380427028634591
 10
5.029296981189319
 20
-7.327394020045599
  0
LWPOLYLINE
  5
540
330
17
100
AcDbEntity
  8
A-KRESKOWANIE
370
25
 48
0.025
100
AcDbPolyline
 90
2
 70
0
 10
5.046974650718982
 20
-7.309716350515936
 10
5.100007659307973
 20
-7.256683341926944
  0
LWPOLYLINE
  5
541
330
17
100
AcDbEntity
  8
A-KRESKOWANIE
370
25
 48
0.025
100
AcDbPolyline
 90
2
 70
0
 10
4.808657992645928
 20
-7.495
 10
5.058657992645928
 20
-7.245
  0
LWPOLYLINE
  5
542
330
17
100
AcDbEntity
  8
A-KRESKOWANIE
370
25
 48
0.025
100
AcDbPolyline
 90
2
 70
0
 10
4.755624984056938
 20
-7.495
 10
4.799487277303692
 20
-7.451137706753246
  0
LWPOLYLINE
  5
543
330
17
100
AcDbEntity
  8
A-KRESKOWANIE
370
25
 48
0.025
100
AcDbPolyline
 90
2
 70
0
 10
4.817164946833356
 20
-7.433460037223583
 10
4.870197955422347
 20
-7.380427028634592
  0
LWPOLYLINE
  5
544
330
17
100
AcDbEntity
  8
A-KRESKOWANIE
370
25
 48
0.025
100
AcDbPolyline
 90
2
 70
0
 10
4.88787562495201
 20
-7.362749359104928
 10
4.940908633541001
 20
-7.309716350515936
  0
LWPOLYLINE
  5
545
330
17
100
AcDbEntity
  8
A-KRESKOWANIE
370
25
 48
0.025
100
AcDbPolyline
 90
2
 70
0
 10
4.958586303070665
 20
-7.292038680986273
 10
5.005624984056937
 20
-7.245
  0
LWPOLYLINE
  5
546
330
17
100
AcDbEntity
  8
A-KRESKOWANIE
370
25
 48
0.025
100
AcDbPolyline
 90
2
 70
0
 10
4.702591975467946
 20
-7.495
 10
4.952591975467946
 20
-7.245
  0
LWPOLYLINE
  5
547
330
17
100
AcDbEntity
  8
A-KRESKOWANIE
370
25
 48
0.025
100
AcDbPolyline
 90
2
 70
0
 10
4.658065921066383
 20
-7.486493045812574
 10
4.711098929655374
 20
-7.433460037223583
  0
LWPOLYLINE
  5
548
330
17
100
AcDbEntity
  8
A-KRESKOWANIE
370
25
 48
0.025
100
AcDbPolyline
 90
2
 70
0
 10
4.7287765991850375
 20
-7.415782367693919
 10
4.781809607774028
 20
-7.362749359104928
  0
LWPOLYLINE
  5
549
330
17
100
AcDbEntity
  8
A-KRESKOWANIE
370
25
 48
0.025
100
AcDbPolyline
 90
2
 70
0
 10
4.799487277303692
 20
-7.345071689575264
 10
4.852520285892683
 20
-7.292038680986273
  0
LWPOLYLINE
  5
54A
330
17
100
AcDbEntity
  8
A-KRESKOWANIE
370
25
 48
0.025
100
AcDbPolyline
 90
2
 70
0
 10
4.870197955422347
 20
-7.27436101145661
 10
4.899558966878956
 20
-7.245
  0
LWPOLYLINE
  5
54B
330
17
100
AcDbEntity
  8
A-KRESKOWANIE
370
25
 48
0.025
100
AcDbPolyline
 90
2
 70
0
 10
4.596525958289963
 20
-7.495
 10
4.846525958289963
 20
-7.245
  0
LWPOLYLINE
  5
54C
330
17
100
AcDbEntity
  8
A-KRESKOWANIE
370
25
 48
0.025
100
AcDbPolyline
 90
2
 70
0
 10
4.543492949700972
 20
-7.495
 10
4.551999903888399
 20
-7.486493045812573
  0
LWPOLYLINE
  5
54D
330
17
100
AcDbEntity
  8
A-KRESKOWANIE
370
25
 48
0.025
100
AcDbPolyline
 90
2
 70
0
 10
4.569677573418064
 20
-7.468815376282909
 10
4.622710582007054
 20
-7.415782367693918
  0
LWPOLYLINE
  5
54E
330
17
100
AcDbEntity
  8
A-KRESKOWANIE
370
25
 48
0.025
100
AcDbPolyline
 90
2
 70
0
 10
4.640388251536718
 20
-7.398104698164254
 10
4.693421260125709
 20
-7.3450716895752635
  0
LWPOLYLINE
  5
54F
330
17
100
AcDbEntity
  8
A-KRESKOWANIE
370
25
 48
0.025
100
AcDbPolyline
 90
2
 70
0
 10
4.711098929655373
 20
-7.3273940200456
 10
4.764131938244364
 20
-7.274361011456609
  0
LWPOLYLINE
  5
550
330
17
100
AcDbEntity
  8
A-KRESKOWANIE
370
25
 48
0.025
100
AcDbPolyline
 90
2
 70
0
 10
4.7818096077740275
 20
-7.256683341926944
 10
4.793492949700972
 20
-7.245
  0
LWPOLYLINE
  5
551
330
17
100
AcDbEntity
  8
A-KRESKOWANIE
370
25
 48
0.025
100
AcDbPolyline
 90
2
 70
0
 10
4.4904599411119825
 20
-7.495
 10
4.7404599411119825
 20
-7.245
  0
LWPOLYLINE
  5
552
330
17
100
AcDbEntity
  8
A-KRESKOWANIE
370
25
 48
0.025
100
AcDbPolyline
 90
2
 70
0
 10
4.437426932522992
 20
-7.495
 10
4.463611556240082
 20
-7.46881537628291
  0
LWPOLYLINE
  5
553
330
17
100
AcDbEntity
  8
A-KRESKOWANIE
370
25
 48
0.025
100
AcDbPolyline
 90
2
 70
0
 10
4.481289225769746
 20
-7.451137706753246
 10
4.534322234358737
 20
-7.398104698164255
  0
LWPOLYLINE
  5
554
330
17
100
AcDbEntity
  8
A-KRESKOWANIE
370
25
 48
0.025
100
AcDbPolyline
 90
2
 70
0
 10
4.551999903888401
 20
-7.380427028634592
 10
4.605032912477392
 20
-7.327394020045601
  0
LWPOLYLINE
  5
555
330
17
100
AcDbEntity
  8
A-KRESKOWANIE
370
25
 48
0.025
100
AcDbPolyline
 90
2
 70
0
 10
4.6227105820070555
 20
-7.309716350515937
 10
4.6757435905960465
 20
-7.256683341926946
  0
LWPOLYLINE
  5
556
330
17
100
AcDbEntity
  8
A-KRESKOWANIE
370
25
 48
0.025
100
AcDbPolyline
 90
2
 70
0
 10
4.384393923934001
 20
-7.495
 10
4.634393923934001
 20
-7.245
  0
LWPOLYLINE
  5
557
330
17
100
AcDbEntity
  8
A-KRESKOWANIE
370
25
 48
0.025
100
AcDbPolyline
 90
2
 70
0
 10
4.331360915345009
 20
-7.495
 10
4.375223208591763
 20
-7.451137706753245
  0
LWPOLYLINE
  5
558
330
17
100
AcDbEntity
  8
A-KRESKOWANIE
370
25
 48
0.025
100
AcDbPolyline
 90
2
 70
0
 10
4.392900878121426
 20
-7.433460037223583
 10
4.445933886710417
 20
-7.380427028634591
  0
LWPOLYLINE
  5
559
330
17
100
AcDbEntity
  8
A-KRESKOWANIE
370
25
 48
0.025
100
AcDbPolyline
 90
2
 70
0
 10
4.463611556240082
 20
-7.362749359104927
 10
4.516644564829072
 20
-7.309716350515936
  0
LWPOLYLINE
  5
55A
330
17
100
AcDbEntity
  8
A-KRESKOWANIE
370
25
 48
0.025
100
AcDbPolyline
 90
2
 70
0
 10
4.534322234358736
 20
-7.2920386809862725
 10
4.581360915345009
 20
-7.245
  0
LWPOLYLINE
  5
55B
330
17
100
AcDbEntity
  8
A-KRESKOWANIE
370
25
 48
0.025
100
AcDbPolyline
 90
2
 70
0
 10
4.330000000000001
 20
-7.443327906756016
 10
4.528327906756017
 20
-7.245
  0
LWPOLYLINE
  5
55C
330
17
100
AcDbEntity
  8
A-KRESKOWANIE
370
25
 48
0.025
100
AcDbPolyline
 90
2
 70
0
 10
4.330000000000001
 20
-7.390294898167025
 10
4.3575455390621
 20
-7.362749359104927
  0
LWPOLYLINE
  5
55D
330
17
100
AcDbEntity
  8
A-KRESKOWANIE
370
25
 48
0.025
100
AcDbPolyline
 90
2
 70
0
 10
4.375223208591763
 20
-7.3450716895752635
 10
4.4282562171807545
 20
-7.2920386809862725
  0
LWPOLYLINE
  5
55E
330
17
100
AcDbEntity
  8
A-KRESKOWANIE
370
25
 48
0.025
100
AcDbPolyline
 90
2
 70
0
 10
4.445933886710418
 20
-7.274361011456609
 10
4.475294898167027
 20
-7.245
  0
LWPOLYLINE
  5
55F
330
17
100
AcDbEntity
  8
A-KRESKOWANIE
370
25
 48
0.025
100
AcDbPolyline
 90
2
 70
0
 10
4.330000000000001
 20
-7.337261889578036
 10
4.422261889578037
 20
-7.245
  0
LWPOLYLINE
  5
560
330
17
100
AcDbEntity
  8
A-KRESKOWANIE
370
25
 48
0.025
100
AcDbPolyline
 90
2
 70
0
 10
4.330000000000001
 20
-7.284228880989042
 10
4.339867869532435
 20
-7.274361011456608
  0
LWPOLYLINE
  5
561
330
17
100
AcDbEntity
  8
A-KRESKOWANIE
370
25
 48
0.025
100
AcDbPolyline
 90
2
 70
0
 10
4.357545539062098
 20
-7.256683341926944
 10
4.369228880989042
 20
-7.245
  0
LWPOLYLINE
  5
562
330
17
100
AcDbEntity
  8
A-KRESKOWANIE
370
25
 48
0.025
100
AcDbPolyline
 90
2
 70
0
 10
4.641500705120546
 20
-7.945
 10
4.670000000000001
 20
-7.916500705120545
  0
LWPOLYLINE
  5
563
330
17
100
AcDbEntity
  8
A-KRESKOWANIE
370
25
 48
0.025
100
AcDbPolyline
 90
2
 70
0
 10
4.57079002700189
 20
-7.945
 10
4.670000000000001
 20
-7.84579002700189
  0
LWPOLYLINE
  5
564
330
17
100
AcDbEntity
  8
A-KRESKOWANIE
370
25
 48
0.025
100
AcDbPolyline
 90
2
 70
0
 10
4.500079348883237
 20
-7.945
 10
4.670000000000001
 20
-7.775079348883236
  0
LWPOLYLINE
  5
565
330
17
100
AcDbEntity
  8
A-KRESKOWANIE
370
25
 48
0.025
100
AcDbPolyline
 90
2
 70
0
 10
4.490000000000001
 20
-7.88436867076458
 10
4.670000000000001
 20
-7.70436867076458
  0
LWPOLYLINE
  5
566
330
17
100
AcDbEntity
  8
A-KRESKOWANIE
370
25
 48
0.025
100
AcDbPolyline
 90
2
 70
0
 10
4.490000000000001
 20
-7.813657992645927
 10
4.670000000000001
 20
-7.633657992645927
  0
LWPOLYLINE
  5
567
330
17
100
AcDbEntity
  8
A-KRESKOWANIE
370
25
 48
0.025
100
AcDbPolyline
 90
2
 70
0
 10
4.490000000000001
 20
-7.742947314527271
 10
4.670000000000001
 20
-7.562947314527271
  0
LWPOLYLINE
  5
568
330
17
100
AcDbEntity
  8
A-KRESKOWANIE
370
25
 48
0.025
100
AcDbPolyline
 90
2
 70
0
 10
4.490000000000001
 20
-7.672236636408616
 10
4.667236636408617
 20
-7.495
  0
LWPOLYLINE
  5
569
330
17
100
AcDbEntity
  8
A-KRESKOWANIE
370
25
 48
0.025
100
AcDbPolyline
 90
2
 70
0
 10
4.490000000000001
 20
-7.601525958289962
 10
4.596525958289963
 20
-7.495
  0
LWPOLYLINE
  5
56A
330
17
100
AcDbEntity
  8
A-KRESKOWANIE
370
25
 48
0.025
100
AcDbPolyline
 90
2
 70
0
 10
4.490000000000001
 20
-7.530815280171307
 10
4.525815280171308
 20
-7.495
  0
LWPOLYLINE
  5
56B
330
17
100
AcDbEntity
  8
A-KRESKOWANIE
370
25
 48
0.025
100
AcDbPolyline
 90
2
 70
0
 10
4.670000000000001
 20
-7.4984271247461916
 10
4.666572875253809
 20
-7.495
  0
LWPOLYLINE
  5
56C
330
17
100
AcDbEntity
  8
A-KRESKOWANIE
370
25
 48
0.025
100
AcDbPolyline
 90
2
 70
0
 10
4.670000000000001
 20
-7.569137802864847
 10
4.595862197135154
 20
-7.495
  0
LWPOLYLINE
  5
56D
330
17
100
AcDbEntity
  8
A-KRESKOWANIE
370
25
 48
0.025
100
AcDbPolyline
 90
2
 70
0
 10
4.670000000000001
 20
-7.639848480983501
 10
4.525151519016499
 20
-7.495
  0
LWPOLYLINE
  5
56E
330
17
100
AcDbEntity
  8
A-KRESKOWANIE
370
25
 48
0.025
100
AcDbPolyline
 90
2
 70
0
 10
4.670000000000001
 20
-7.710559159102155
 10
4.490000000000001
 20
-7.530559159102157
  0
LWPOLYLINE
  5
56F
330
17
100
AcDbEntity
  8
A-KRESKOWANIE
370
25
 48
0.025
100
AcDbPolyline
 90
2
 70
0
 10
4.670000000000001
 20
-7.781269837220812
 10
4.490000000000001
 20
-7.601269837220811
  0
LWPOLYLINE
  5
570
330
17
100
AcDbEntity
  8
A-KRESKOWANIE
370
25
 48
0.025
100
AcDbPolyline
 90
2
 70
0
 10
4.670000000000001
 20
-7.851980515339466
 10
4.490000000000001
 20
-7.671980515339466
  0
LWPOLYLINE
  5
571
330
17
100
AcDbEntity
  8
A-KRESKOWANIE
370
25
 48
0.025
100
AcDbPolyline
 90
2
 70
0
 10
4.670000000000001
 20
-7.922691193458121
 10
4.490000000000001
 20
-7.742691193458121
  0
LWPOLYLINE
  5
572
330
17
100
AcDbEntity
  8
A-KRESKOWANIE
370
25
 48
0.025
100
AcDbPolyline
 90
2
 70
0
 10
4.6215981284232255
 20
-7.945
 10
4.490000000000001
 20
-7.813401871576776
  0
LWPOLYLINE
  5
573
330
17
100
AcDbEntity
  8
A-KRESKOWANIE
370
25
 48
0.025
100
AcDbPolyline
 90
2
 70
0
 10
4.550887450304571
 20
-7.945
 10
4.490000000000001
 20
-7.8841125496954305
  0
LWPOLYLINE
  5
574
330
17
100
AcDbEntity
  8
A-KRESKOWANIE
370
25
 48
0.025
100
AcDbPolyline
 90
2
 70
0
 10
6.338556979968262
 20
-7.945
 10
6.370000000000001
 20
-7.913556979968261
  0
LWPOLYLINE
  5
575
330
17
100
AcDbEntity
  8
A-KRESKOWANIE
370
25
 48
0.025
100
AcDbPolyline
 90
2
 70
0
 10
6.267846301849605
 20
-7.945
 10
6.370000000000001
 20
-7.842846301849605
  0
LWPOLYLINE
  5
576
330
17
100
AcDbEntity
  8
A-KRESKOWANIE
370
25
 48
0.025
100
AcDbPolyline
 90
2
 70
0
 10
6.19713562373095
 20
-7.945
 10
6.370000000000001
 20
-7.772135623730949
  0
LWPOLYLINE
  5
577
330
17
100
AcDbEntity
  8
A-KRESKOWANIE
370
25
 48
0.025
100
AcDbPolyline
 90
2
 70
0
 10
6.190000000000001
 20
-7.881424945612296
 10
6.370000000000001
 20
-7.701424945612296
  0
LWPOLYLINE
  5
578
330
17
100
AcDbEntity
  8
A-KRESKOWANIE
370
25
 48
0.025
100
AcDbPolyline
 90
2
 70
0
 10
6.190000000000001
 20
-7.81071426749364
 10
6.370000000000001
 20
-7.63071426749364
  0
LWPOLYLINE
  5
579
330
17
100
AcDbEntity
  8
A-KRESKOWANIE
370
25
 48
0.025
100
AcDbPolyline
 90
2
 70
0
 10
6.190000000000001
 20
-7.740003589374987
 10
6.370000000000001
 20
-7.560003589374987
  0
LWPOLYLINE
  5
57A
330
17
100
AcDbEntity
  8
A-KRESKOWANIE
370
25
 48
0.025
100
AcDbPolyline
 90
2
 70
0
 10
6.190000000000001
 20
-7.66929291125633
 10
6.364292911256332
 20
-7.495
  0
LWPOLYLINE
  5
57B
330
17
100
AcDbEntity
  8
A-KRESKOWANIE
370
25
 48
0.025
100
AcDbPolyline
 90
2
 70
0
 10
6.190000000000001
 20
-7.598582233137676
 10
6.293582233137677
 20
-7.495
  0
LWPOLYLINE
  5
57C
330
17
100
AcDbEntity
  8
A-KRESKOWANIE
370
25
 48
0.025
100
AcDbPolyline
 90
2
 70
0
 10
6.190000000000001
 20
-7.527871555019022
 10
6.222871555019023
 20
-7.495
  0
LWPOLYLINE
  5
57D
330
17
100
AcDbEntity
  8
A-KRESKOWANIE
370
25
 48
0.025
100
AcDbPolyline
 90
2
 70
0
 10
6.370000000000001
 20
-7.5013708498984775
 10
6.363629150101524
 20
-7.495
  0
LWPOLYLINE
  5
57E
330
17
100
AcDbEntity
  8
A-KRESKOWANIE
370
25
 48
0.025
100
AcDbPolyline
 90
2
 70
0
 10
6.370000000000001
 20
-7.572081528017133
 10
6.292918471982869
 20
-7.495
  0
LWPOLYLINE
  5
57F
330
17
100
AcDbEntity
  8
A-KRESKOWANIE
370
25
 48
0.025
100
AcDbPolyline
 90
2
 70
0
 10
6.370000000000001
 20
-7.642792206135788
 10
6.222207793864214
 20
-7.495
  0
LWPOLYLINE
  5
580
330
17
100
AcDbEntity
  8
A-KRESKOWANIE
370
25
 48
0.025
100
AcDbPolyline
 90
2
 70
0
 10
6.370000000000001
 20
-7.713502884254444
 10
6.190000000000001
 20
-7.533502884254443
  0
LWPOLYLINE
  5
581
330
17
100
AcDbEntity
  8
A-KRESKOWANIE
370
25
 48
0.025
100
AcDbPolyline
 90
2
 70
0
 10
6.370000000000001
 20
-7.784213562373099
 10
6.190000000000001
 20
-7.604213562373098
  0
LWPOLYLINE
  5
582
330
17
100
AcDbEntity
  8
A-KRESKOWANIE
370
25
 48
0.025
100
AcDbPolyline
 90
2
 70
0
 10
6.370000000000001
 20
-7.854924240491753
 10
6.190000000000001
 20
-7.674924240491753
  0
LWPOLYLINE
  5
583
330
17
100
AcDbEntity
  8
A-KRESKOWANIE
370
25
 48
0.025
100
AcDbPolyline
 90
2
 70
0
 10
6.370000000000001
 20
-7.925634918610408
 10
6.190000000000001
 20
-7.745634918610407
  0
LWPOLYLINE
  5
584
330
17
100
AcDbEntity
  8
A-KRESKOWANIE
370
25
 48
0.025
100
AcDbPolyline
 90
2
 70
0
 10
6.318654403270939
 20
-7.945
 10
6.190000000000001
 20
-7.816345596729063
  0
LWPOLYLINE
  5
585
330
17
100
AcDbEntity
  8
A-KRESKOWANIE
370
25
 48
0.025
100
AcDbPolyline
 90
2
 70
0
 10
6.247943725152284
 20
-7.945
 10
6.190000000000001
 20
-7.887056274847717
  0
LWPOLYLINE
  5
586
330
17
100
AcDbEntity
  8
A-KRESKOWANIE
370
25
 48
0.025
100
AcDbPolyline
 90
2
 70
0
 10
7.3542424049175
 20
-7.495
 10
7.360000000000001
 20
-7.489242404917499
  0
LWPOLYLINE
  5
587
330
17
100
AcDbEntity
  8
A-KRESKOWANIE
370
25
 48
0.025
100
AcDbPolyline
 90
2
 70
0
 10
7.30120939632851
 20
-7.495
 10
7.3450716895752635
 20
-7.451137706753246
  0
LWPOLYLINE
  5
588
330
17
100
AcDbEntity
  8
A-KRESKOWANIE
370
25
 48
0.025
100
AcDbPolyline
 90
2
 70
0
 10
7.248176387739517
 20
-7.495
 10
7.360000000000001
 20
-7.383176387739516
  0
LWPOLYLINE
  5
589
330
17
100
AcDbEntity
  8
A-KRESKOWANIE
370
25
 48
0.025
100
AcDbPolyline
 90
2
 70
0
 10
7.203650333337953
 20
-7.486493045812573
 10
7.256683341926944
 20
-7.433460037223582
  0
LWPOLYLINE
  5
58A
330
17
100
AcDbEntity
  8
A-KRESKOWANIE
370
25
 48
0.025
100
AcDbPolyline
 90
2
 70
0
 10
7.274361011456608
 20
-7.415782367693918
 10
7.327394020045599
 20
-7.362749359104927
  0
LWPOLYLINE
  5
58B
330
17
100
AcDbEntity
  8
A-KRESKOWANIE
370
25
 48
0.025
100
AcDbPolyline
 90
2
 70
0
 10
7.345071689575263
 20
-7.3450716895752635
 10
7.360000000000001
 20
-7.330143379150525
  0
LWPOLYLINE
  5
58C
330
17
100
AcDbEntity
  8
A-KRESKOWANIE
370
25
 48
0.025
100
AcDbPolyline
 90
2
 70
0
 10
7.1800000000000015
 20
-7.4571103705615345
 10
7.360000000000001
 20
-7.277110370561535
  0
LWPOLYLINE
  5
58D
330
17
100
AcDbEntity
  8
A-KRESKOWANIE
370
25
 48
0.025
100
AcDbPolyline
 90
2
 70
0
 10
7.18597266380829
 20
-7.398104698164255
 10
7.239005672397281
 20
-7.345071689575264
  0
LWPOLYLINE
  5
58E
330
17
100
AcDbEntity
  8
A-KRESKOWANIE
370
25
 48
0.025
100
AcDbPolyline
 90
2
 70
0
 10
7.256683341926944
 20
-7.327394020045601
 10
7.309716350515935
 20
-7.27436101145661
  0
LWPOLYLINE
  5
58F
330
17
100
AcDbEntity
  8
A-KRESKOWANIE
370
25
 48
0.025
100
AcDbPolyline
 90
2
 70
0
 10
7.327394020045599
 20
-7.256683341926946
 10
7.339077361972545
 20
-7.245
  0
LWPOLYLINE
  5
590
330
17
100
AcDbEntity
  8
A-KRESKOWANIE
370
25
 48
0.025
100
AcDbPolyline
 90
2
 70
0
 10
7.1800000000000015
 20
-7.3510443533835526
 10
7.286044353383554
 20
-7.245
  0
LWPOLYLINE
  5
591
330
17
100
AcDbEntity
  8
A-KRESKOWANIE
370
25
 48
0.025
100
AcDbPolyline
 90
2
 70
0
 10
7.1800000000000015
 20
-7.29801134479456
 10
7.221328002867616
 20
-7.256683341926945
  0
LWPOLYLINE
  5
592
330
17
100
AcDbEntity
  8
K-KONSTR
370
70
 48
0.025
100
AcDbPolyline
 90
4
 70
1
 10
3.5000000000000004
 20
-0.7949999999999999
 10
3.5000000000000004
 20
-0.37499999999999994
 10
0.30000000000000004
 20
-0.37499999999999994
 10
0.30000000000000004
 20
-0.7949999999999999
  0
LWPOLYLINE
  5
593
330
17
100
AcDbEntity
  8
K-KONSTR
370
50
 48
0.025
100
AcDbPolyline
 90
4
 70
1
 10
0.665
 20
-1.2449999999999999
 10
0.665
 20
-0.7949999999999999
 10
0.4850000000000001
 20
-0.7949999999999999
 10
0.4850000000000001
 20
-1.2449999999999999
  0
LWPOLYLINE
  5
594
330
17
100
AcDbEntity
  8
K-KONSTR
370
50
 48
0.025
100
AcDbPolyline
 90
4
 70
1
 10
3.3150000000000004
 20
-1.2449999999999999
 10
3.3150000000000004
 20
-0.7949999999999999
 10
3.1350000000000007
 20
-0.7949999999999999
 10
3.1350000000000007
 20
-1.2449999999999999
  0
LWPOLYLINE
  5
595
330
17
100
AcDbEntity
  8
K-KONSTR
370
70
 48
0.025
100
AcDbPolyline
 90
4
 70
1
 10
4.33
 20
-0.7949999999999999
 10
4.33
 20
-0.37499999999999994
 10
4.15
 20
-0.37499999999999994
 10
4.15
 20
-0.7949999999999999
  0
LWPOLYLINE
  5
596
330
17
100
AcDbEntity
  8
K-KONSTR
370
70
 48
0.025
100
AcDbPolyline
 90
4
 70
1
 10
2.5000000000000004
 20
-4.29
 10
2.5000000000000004
 20
-4.04
 10
0.30000000000000004
 20
-4.04
 10
0.30000000000000004
 20
-4.29
  0
LWPOLYLINE
  5
597
330
17
100
AcDbEntity
  8
K-KONSTR
370
50
 48
0.025
100
AcDbPolyline
 90
4
 70
1
 10
0.64
 20
-4.74
 10
0.64
 20
-4.29
 10
0.4600000000000001
 20
-4.29
 10
0.4600000000000001
 20
-4.74
  0
LWPOLYLINE
  5
598
330
17
100
AcDbEntity
  8
K-KONSTR
370
50
 48
0.025
100
AcDbPolyline
 90
4
 70
1
 10
2.3400000000000003
 20
-4.74
 10
2.3400000000000003
 20
-4.29
 10
2.1600000000000006
 20
-4.29
 10
2.1600000000000006
 20
-4.74
  0
LWPOLYLINE
  5
599
330
17
100
AcDbEntity
  8
K-KONSTR
370
70
 48
0.025
100
AcDbPolyline
 90
4
 70
1
 10
3.3300000000000005
 20
-4.29
 10
3.3300000000000005
 20
-4.04
 10
3.1500000000000004
 20
-4.04
 10
3.1500000000000004
 20
-4.29
  0
LWPOLYLINE
  5
59A
330
17
100
AcDbEntity
  8
K-KONSTR
370
70
 48
0.025
100
AcDbPolyline
 90
4
 70
1
 10
7.23
 20
-4.29
 10
7.23
 20
-4.04
 10
4.63
 20
-4.04
 10
4.63
 20
-4.29
  0
LWPOLYLINE
  5
59B
330
17
100
AcDbEntity
  8
K-KONSTR
370
50
 48
0.025
100
AcDbPolyline
 90
4
 70
1
 10
4.995
 20
-4.74
 10
4.995
 20
-4.29
 10
4.815
 20
-4.29
 10
4.815
 20
-4.74
  0
LWPOLYLINE
  5
59C
330
17
100
AcDbEntity
  8
K-KONSTR
370
50
 48
0.025
100
AcDbPolyline
 90
4
 70
1
 10
7.045
 20
-4.74
 10
7.045
 20
-4.29
 10
6.865
 20
-4.29
 10
6.865
 20
-4.74
  0
LWPOLYLINE
  5
59D
330
17
100
AcDbEntity
  8
K-KONSTR
370
70
 48
0.025
100
AcDbPolyline
 90
4
 70
1
 10
8.06
 20
-4.29
 10
8.06
 20
-4.04
 10
7.88
 20
-4.04
 10
7.88
 20
-4.29
  0
LWPOLYLINE
  5
59E
330
17
100
AcDbEntity
  8
K-KONSTR
370
70
 48
0.025
100
AcDbPolyline
 90
4
 70
1
 10
2.2000000000000015
 20
-7.495
 10
2.2000000000000015
 20
-7.245
 10
0.30000000000000004
 20
-7.245
 10
0.30000000000000004
 20
-7.495
  0
LWPOLYLINE
  5
59F
330
17
100
AcDbEntity
  8
K-KONSTR
370
50
 48
0.025
100
AcDbPolyline
 90
4
 70
1
 10
0.64
 20
-7.945
 10
0.64
 20
-7.495
 10
0.4600000000000001
 20
-7.495
 10
0.4600000000000001
 20
-7.945
  0
LWPOLYLINE
  5
5A0
330
17
100
AcDbEntity
  8
K-KONSTR
370
50
 48
0.025
100
AcDbPolyline
 90
4
 70
1
 10
2.0400000000000014
 20
-7.945
 10
2.0400000000000014
 20
-7.495
 10
1.8600000000000014
 20
-7.495
 10
1.8600000000000014
 20
-7.945
  0
LWPOLYLINE
  5
5A1
330
17
100
AcDbEntity
  8
K-KONSTR
370
70
 48
0.025
100
AcDbPolyline
 90
4
 70
1
 10
3.0300000000000016
 20
-7.495
 10
3.0300000000000016
 20
-7.245
 10
2.8500000000000014
 20
-7.245
 10
2.8500000000000014
 20
-7.495
  0
LWPOLYLINE
  5
5A2
330
17
100
AcDbEntity
  8
K-KONSTR
370
70
 48
0.025
100
AcDbPolyline
 90
4
 70
1
 10
6.530000000000002
 20
-7.495
 10
6.530000000000002
 20
-7.245
 10
4.330000000000001
 20
-7.245
 10
4.330000000000001
 20
-7.495
  0
LWPOLYLINE
  5
5A3
330
17
100
AcDbEntity
  8
K-KONSTR
370
50
 48
0.025
100
AcDbPolyline
 90
4
 70
1
 10
4.670000000000001
 20
-7.945
 10
4.670000000000001
 20
-7.495
 10
4.490000000000001
 20
-7.495
 10
4.490000000000001
 20
-7.945
  0
LWPOLYLINE
  5
5A4
330
17
100
AcDbEntity
  8
K-KONSTR
370
50
 48
0.025
100
AcDbPolyline
 90
4
 70
1
 10
6.370000000000001
 20
-7.945
 10
6.370000000000001
 20
-7.495
 10
6.190000000000001
 20
-7.495
 10
6.190000000000001
 20
-7.945
  0
LWPOLYLINE
  5
5A5
330
17
100
AcDbEntity
  8
K-KONSTR
370
70
 48
0.025
100
AcDbPolyline
 90
4
 70
1
 10
7.360000000000001
 20
-7.495
 10
7.360000000000001
 20
-7.245
 10
7.1800000000000015
 20
-7.245
 10
7.1800000000000015
 20
-7.495
  0
HATCH
  5
5A6
330
17
100
AcDbEntity
  8
K-ZBROJENIE
 62
7
420
0
100
AcDbHatch
 10
0.0
 20
0.0
 30
0.0
210
0.0
220
0.0
230
1.0
  2
SOLID
 70
1
 71
0
 91
1
 92
3
 72
0
 73
1
 93
64
 10
4.198250000000001
 20
-0.7579999999999999
 10
4.198195828175063
 20
-0.7591026928287075
 10
4.198033834404536
 20
-0.7601947661226813
 10
4.197765578776988
 20
-0.7612657026191126
 10
4.197393644740752
 20
-0.7623051886141071
 10
4.196921614223919
 20
-0.7633032132892924
 10
4.1963540331384035
 20
-0.7642501651214704
 10
4.195696367600331
 20
-0.7651369244468409
 10
4.194954951288349
 20
-0.7659549512883486
 10
4.194136924446841
 20
-0.7666963676003307
 10
4.193250165121471
 20
-0.7673540331384036
 10
4.192303213289293
 20
-0.7679216142239189
 10
4.191305188614107
 20
-0.7683936447407519
 10
4.190265702619113
 20
-0.7687655787769873
 10
4.189194766122681
 20
-0.7690338344045362
 10
4.188102692828708
 20
-0.7691958281750622
 10
4.187
 20
-0.7692499999999999
 10
4.185897307171293
 20
-0.7691958281750622
 10
4.184805233877319
 20
-0.7690338344045362
 10
4.183734297380887
 20
-0.7687655787769873
 10
4.182694811385893
 20
-0.7683936447407519
 10
4.181696786710708
 20
-0.7679216142239189
 10
4.1807498348785295
 20
-0.7673540331384036
 10
4.179863075553159
 20
-0.7666963676003307
 10
4.179045048711652
 20
-0.7659549512883486
 10
4.178303632399669
 20
-0.7651369244468409
 10
4.177645966861597
 20
-0.7642501651214704
 10
4.177078385776081
 20
-0.7633032132892924
 10
4.176606355259248
 20
-0.7623051886141071
 10
4.176234421223013
 20
-0.7612657026191126
 10
4.175966165595464
 20
-0.7601947661226813
 10
4.175804171824938
 20
-0.7591026928287075
 10
4.17575
 20
-0.7579999999999999
 10
4.175804171824938
 20
-0.7568973071712923
 10
4.175966165595464
 20
-0.7558052338773185
 10
4.176234421223013
 20
-0.7547342973808872
 10
4.176606355259248
 20
-0.7536948113858927
 10
4.177078385776081
 20
-0.7526967867107074
 10
4.177645966861597
 20
-0.7517498348785294
 10
4.178303632399669
 20
-0.7508630755531589
 10
4.179045048711652
 20
-0.7500450487116512
 10
4.179863075553159
 20
-0.7493036323996691
 10
4.1807498348785295
 20
-0.7486459668615962
 10
4.181696786710708
 20
-0.7480783857760809
 10
4.182694811385893
 20
-0.7476063552592479
 10
4.183734297380887
 20
-0.7472344212230125
 10
4.184805233877319
 20
-0.7469661655954636
 10
4.185897307171293
 20
-0.7468041718249376
 10
4.187
 20
-0.7467499999999999
 10
4.188102692828708
 20
-0.7468041718249376
 10
4.189194766122681
 20
-0.7469661655954636
 10
4.190265702619113
 20
-0.7472344212230125
 10
4.191305188614107
 20
-0.7476063552592479
 10
4.192303213289293
 20
-0.7480783857760809
 10
4.193250165121471
 20
-0.7486459668615962
 10
4.194136924446841
 20
-0.7493036323996691
 10
4.194954951288349
 20
-0.7500450487116512
 10
4.195696367600331
 20
-0.7508630755531589
 10
4.1963540331384035
 20
-0.7517498348785294
 10
4.196921614223919
 20
-0.7526967867107074
 10
4.197393644740752
 20
-0.7536948113858927
 10
4.197765578776988
 20
-0.7547342973808872
 10
4.198033834404536
 20
-0.7558052338773185
 10
4.198195828175063
 20
-0.7568973071712923
 97
0
 75
0
 76
1
 98
0
  0
HATCH
  5
5A7
330
17
100
AcDbEntity
  8
K-ZBROJENIE
 62
7
420
0
100
AcDbHatch
 10
0.0
 20
0.0
 30
0.0
210
0.0
220
0.0
230
1.0
  2
SOLID
 70
1
 71
0
 91
1
 92
3
 72
0
 73
1
 93
64
 10
4.233583333333334
 20
-0.7579999999999999
 10
4.233529161508396
 20
-0.7591026928287075
 10
4.233367167737869
 20
-0.7601947661226813
 10
4.233098912110321
 20
-0.7612657026191126
 10
4.232726978074085
 20
-0.7623051886141071
 10
4.232254947557252
 20
-0.7633032132892924
 10
4.2316873664717365
 20
-0.7642501651214704
 10
4.231029700933664
 20
-0.7651369244468409
 10
4.230288284621682
 20
-0.7659549512883486
 10
4.229470257780174
 20
-0.7666963676003307
 10
4.228583498454804
 20
-0.7673540331384036
 10
4.227636546622626
 20
-0.7679216142239189
 10
4.22663852194744
 20
-0.7683936447407519
 10
4.225599035952446
 20
-0.7687655787769873
 10
4.224528099456014
 20
-0.7690338344045362
 10
4.223436026162041
 20
-0.7691958281750622
 10
4.222333333333333
 20
-0.7692499999999999
 10
4.221230640504626
 20
-0.7691958281750622
 10
4.220138567210652
 20
-0.7690338344045362
 10
4.21906763071422
 20
-0.7687655787769873
 10
4.218028144719226
 20
-0.7683936447407519
 10
4.217030120044041
 20
-0.7679216142239189
 10
4.2160831682118625
 20
-0.7673540331384036
 10
4.215196408886492
 20
-0.7666963676003307
 10
4.214378382044985
 20
-0.7659549512883486
 10
4.213636965733002
 20
-0.7651369244468409
 10
4.21297930019493
 20
-0.7642501651214704
 10
4.212411719109414
 20
-0.7633032132892924
 10
4.211939688592581
 20
-0.7623051886141071
 10
4.211567754556346
 20
-0.7612657026191126
 10
4.211299498928797
 20
-0.7601947661226813
 10
4.211137505158271
 20
-0.7591026928287075
 10
4.211083333333333
 20
-0.7579999999999999
 10
4.211137505158271
 20
-0.7568973071712923
 10
4.211299498928797
 20
-0.7558052338773185
 10
4.211567754556346
 20
-0.7547342973808872
 10
4.211939688592581
 20
-0.7536948113858927
 10
4.212411719109414
 20
-0.7526967867107074
 10
4.21297930019493
 20
-0.7517498348785294
 10
4.213636965733002
 20
-0.7508630755531589
 10
4.214378382044985
 20
-0.7500450487116512
 10
4.215196408886492
 20
-0.7493036323996691
 10
4.2160831682118625
 20
-0.7486459668615962
 10
4.217030120044041
 20
-0.7480783857760809
 10
4.218028144719226
 20
-0.7476063552592479
 10
4.21906763071422
 20
-0.7472344212230125
 10
4.220138567210652
 20
-0.7469661655954636
 10
4.221230640504626
 20
-0.7468041718249376
 10
4.222333333333333
 20
-0.7467499999999999
 10
4.223436026162041
 20
-0.7468041718249376
 10
4.224528099456014
 20
-0.7469661655954636
 10
4.225599035952446
 20
-0.7472344212230125
 10
4.22663852194744
 20
-0.7476063552592479
 10
4.227636546622626
 20
-0.7480783857760809
 10
4.228583498454804
 20
-0.7486459668615962
 10
4.229470257780174
 20
-0.7493036323996691
 10
4.230288284621682
 20
-0.7500450487116512
 10
4.231029700933664
 20
-0.7508630755531589
 10
4.2316873664717365
 20
-0.7517498348785294
 10
4.232254947557252
 20
-0.7526967867107074
 10
4.232726978074085
 20
-0.7536948113858927
 10
4.233098912110321
 20
-0.7547342973808872
 10
4.233367167737869
 20
-0.7558052338773185
 10
4.233529161508396
 20
-0.7568973071712923
 97
0
 75
0
 76
1
 98
0
  0
HATCH
  5
5A8
330
17
100
AcDbEntity
  8
K-ZBROJENIE
 62
7
420
0
100
AcDbHatch
 10
0.0
 20
0.0
 30
0.0
210
0.0
220
0.0
230
1.0
  2
SOLID
 70
1
 71
0
 91
1
 92
3
 72
0
 73
1
 93
64
 10
4.268916666666668
 20
-0.7579999999999999
 10
4.26886249484173
 20
-0.7591026928287075
 10
4.268700501071203
 20
-0.7601947661226813
 10
4.2684322454436545
 20
-0.7612657026191126
 10
4.268060311407419
 20
-0.7623051886141071
 10
4.267588280890586
 20
-0.7633032132892924
 10
4.26702069980507
 20
-0.7642501651214704
 10
4.266363034266998
 20
-0.7651369244468409
 10
4.2656216179550155
 20
-0.7659549512883486
 10
4.264803591113508
 20
-0.7666963676003307
 10
4.263916831788138
 20
-0.7673540331384036
 10
4.26296987995596
 20
-0.7679216142239189
 10
4.261971855280774
 20
-0.7683936447407519
 10
4.26093236928578
 20
-0.7687655787769873
 10
4.259861432789348
 20
-0.7690338344045362
 10
4.258769359495375
 20
-0.7691958281750622
 10
4.257666666666667
 20
-0.7692499999999999
 10
4.2565639738379595
 20
-0.7691958281750622
 10
4.255471900543986
 20
-0.7690338344045362
 10
4.254400964047554
 20
-0.7687655787769873
 10
4.25336147805256
 20
-0.7683936447407519
 10
4.252363453377375
 20
-0.7679216142239189
 10
4.251416501545196
 20
-0.7673540331384036
 10
4.250529742219826
 20
-0.7666963676003307
 10
4.249711715378319
 20
-0.7659549512883486
 10
4.248970299066336
 20
-0.7651369244468409
 10
4.248312633528264
 20
-0.7642501651214704
 10
4.247745052442748
 20
-0.7633032132892924
 10
4.247273021925915
 20
-0.7623051886141071
 10
4.24690108788968
 20
-0.7612657026191126
 10
4.246632832262131
 20
-0.7601947661226813
 10
4.246470838491605
 20
-0.7591026928287075
 10
4.246416666666667
 20
-0.7579999999999999
 10
4.246470838491605
 20
-0.7568973071712923
 10
4.246632832262131
 20
-0.7558052338773185
 10
4.24690108788968
 20
-0.7547342973808872
 10
4.247273021925915
 20
-0.7536948113858927
 10
4.247745052442748
 20
-0.7526967867107074
 10
4.248312633528264
 20
-0.7517498348785294
 10
4.248970299066336
 20
-0.7508630755531589
 10
4.249711715378319
 20
-0.7500450487116512
 10
4.250529742219826
 20
-0.7493036323996691
 10
4.251416501545196
 20
-0.7486459668615962
 10
4.252363453377375
 20
-0.7480783857760809
 10
4.25336147805256
 20
-0.7476063552592479
 10
4.254400964047554
 20
-0.7472344212230125
 10
4.255471900543986
 20
-0.7469661655954636
 10
4.2565639738379595
 20
-0.7468041718249376
 10
4.257666666666667
 20
-0.7467499999999999
 10
4.258769359495375
 20
-0.7468041718249376
 10
4.259861432789348
 20
-0.7469661655954636
 10
4.26093236928578
 20
-0.7472344212230125
 10
4.261971855280774
 20
-0.7476063552592479
 10
4.26296987995596
 20
-0.7480783857760809
 10
4.263916831788138
 20
-0.7486459668615962
 10
4.264803591113508
 20
-0.7493036323996691
 10
4.2656216179550155
 20
-0.7500450487116512
 10
4.266363034266998
 20
-0.7508630755531589
 10
4.26702069980507
 20
-0.7517498348785294
 10
4.267588280890586
 20
-0.7526967867107074
 10
4.268060311407419
 20
-0.7536948113858927
 10
4.2684322454436545
 20
-0.7547342973808872
 10
4.268700501071203
 20
-0.7558052338773185
 10
4.26886249484173
 20
-0.7568973071712923
 97
0
 75
0
 76
1
 98
0
  0
HATCH
  5
5A9
330
17
100
AcDbEntity
  8
K-ZBROJENIE
 62
7
420
0
100
AcDbHatch
 10
0.0
 20
0.0
 30
0.0
210
0.0
220
0.0
230
1.0
  2
SOLID
 70
1
 71
0
 91
1
 92
3
 72
0
 73
1
 93
64
 10
4.304250000000001
 20
-0.7579999999999999
 10
4.304195828175063
 20
-0.7591026928287075
 10
4.304033834404536
 20
-0.7601947661226813
 10
4.3037655787769875
 20
-0.7612657026191126
 10
4.303393644740752
 20
-0.7623051886141071
 10
4.302921614223919
 20
-0.7633032132892924
 10
4.302354033138403
 20
-0.7642501651214704
 10
4.301696367600331
 20
-0.7651369244468409
 10
4.3009549512883485
 20
-0.7659549512883486
 10
4.300136924446841
 20
-0.7666963676003307
 10
4.299250165121471
 20
-0.7673540331384036
 10
4.298303213289293
 20
-0.7679216142239189
 10
4.297305188614107
 20
-0.7683936447407519
 10
4.296265702619113
 20
-0.7687655787769873
 10
4.295194766122681
 20
-0.7690338344045362
 10
4.294102692828708
 20
-0.7691958281750622
 10
4.293
 20
-0.7692499999999999
 10
4.2918973071712925
 20
-0.7691958281750622
 10
4.290805233877319
 20
-0.7690338344045362
 10
4.289734297380887
 20
-0.7687655787769873
 10
4.288694811385893
 20
-0.7683936447407519
 10
4.287696786710708
 20
-0.7679216142239189
 10
4.286749834878529
 20
-0.7673540331384036
 10
4.285863075553159
 20
-0.7666963676003307
 10
4.285045048711652
 20
-0.7659549512883486
 10
4.284303632399669
 20
-0.7651369244468409
 10
4.283645966861597
 20
-0.7642501651214704
 10
4.283078385776081
 20
-0.7633032132892924
 10
4.282606355259248
 20
-0.7623051886141071
 10
4.282234421223013
 20
-0.7612657026191126
 10
4.281966165595464
 20
-0.7601947661226813
 10
4.2818041718249376
 20
-0.7591026928287075
 10
4.28175
 20
-0.7579999999999999
 10
4.2818041718249376
 20
-0.7568973071712923
 10
4.281966165595464
 20
-0.7558052338773185
 10
4.282234421223013
 20
-0.7547342973808872
 10
4.282606355259248
 20
-0.7536948113858927
 10
4.283078385776081
 20
-0.7526967867107074
 10
4.283645966861597
 20
-0.7517498348785294
 10
4.284303632399669
 20
-0.7508630755531589
 10
4.285045048711652
 20
-0.7500450487116512
 10
4.285863075553159
 20
-0.7493036323996691
 10
4.286749834878529
 20
-0.7486459668615962
 10
4.287696786710708
 20
-0.7480783857760809
 10
4.288694811385893
 20
-0.7476063552592479
 10
4.289734297380887
 20
-0.7472344212230125
 10
4.290805233877319
 20
-0.7469661655954636
 10
4.2918973071712925
 20
-0.7468041718249376
 10
4.293
 20
-0.7467499999999999
 10
4.294102692828708
 20
-0.7468041718249376
 10
4.295194766122681
 20
-0.7469661655954636
 10
4.296265702619113
 20
-0.7472344212230125
 10
4.297305188614107
 20
-0.7476063552592479
 10
4.298303213289293
 20
-0.7480783857760809
 10
4.299250165121471
 20
-0.7486459668615962
 10
4.300136924446841
 20
-0.7493036323996691
 10
4.3009549512883485
 20
-0.7500450487116512
 10
4.301696367600331
 20
-0.7508630755531589
 10
4.302354033138403
 20
-0.7517498348785294
 10
4.302921614223919
 20
-0.7526967867107074
 10
4.303393644740752
 20
-0.7536948113858927
 10
4.3037655787769875
 20
-0.7547342973808872
 10
4.304033834404536
 20
-0.7558052338773185
 10
4.304195828175063
 20
-0.7568973071712923
 97
0
 75
0
 76
1
 98
0
  0
HATCH
  5
5AA
330
17
100
AcDbEntity
  8
K-ZBROJENIE
 62
7
420
0
100
AcDbHatch
 10
0.0
 20
0.0
 30
0.0
210
0.0
220
0.0
230
1.0
  2
SOLID
 70
1
 71
0
 91
1
 92
3
 72
0
 73
1
 93
64
 10
4.251250000000001
 20
-0.7249999999999999
 10
4.251195828175063
 20
-0.7261026928287074
 10
4.251033834404536
 20
-0.7271947661226813
 10
4.250765578776988
 20
-0.7282657026191126
 10
4.250393644740752
 20
-0.7293051886141071
 10
4.249921614223919
 20
-0.7303032132892924
 10
4.249354033138403
 20
-0.7312501651214703
 10
4.248696367600331
 20
-0.7321369244468409
 10
4.2479549512883485
 20
-0.7329549512883485
 10
4.247136924446841
 20
-0.7336963676003306
 10
4.246250165121471
 20
-0.7343540331384035
 10
4.245303213289293
 20
-0.7349216142239189
 10
4.244305188614107
 20
-0.7353936447407519
 10
4.243265702619113
 20
-0.7357655787769872
 10
4.242194766122681
 20
-0.7360338344045362
 10
4.241102692828708
 20
-0.7361958281750621
 10
4.24
 20
-0.7362499999999998
 10
4.2388973071712925
 20
-0.7361958281750621
 10
4.237805233877319
 20
-0.7360338344045362
 10
4.236734297380887
 20
-0.7357655787769872
 10
4.235694811385893
 20
-0.7353936447407519
 10
4.234696786710708
 20
-0.7349216142239189
 10
4.233749834878529
 20
-0.7343540331384035
 10
4.232863075553159
 20
-0.7336963676003306
 10
4.232045048711652
 20
-0.7329549512883485
 10
4.231303632399669
 20
-0.7321369244468409
 10
4.230645966861597
 20
-0.7312501651214703
 10
4.230078385776081
 20
-0.7303032132892924
 10
4.229606355259248
 20
-0.7293051886141071
 10
4.229234421223013
 20
-0.7282657026191126
 10
4.228966165595464
 20
-0.7271947661226813
 10
4.228804171824938
 20
-0.7261026928287074
 10
4.22875
 20
-0.7249999999999999
 10
4.228804171824938
 20
-0.7238973071712923
 10
4.228966165595464
 20
-0.7228052338773184
 10
4.229234421223013
 20
-0.7217342973808871
 10
4.229606355259248
 20
-0.7206948113858926
 10
4.230078385776081
 20
-0.7196967867107074
 10
4.230645966861597
 20
-0.7187498348785294
 10
4.231303632399669
 20
-0.7178630755531589
 10
4.232045048711652
 20
-0.7170450487116512
 10
4.232863075553159
 20
-0.7163036323996691
 10
4.233749834878529
 20
-0.7156459668615962
 10
4.234696786710708
 20
-0.7150783857760808
 10
4.235694811385893
 20
-0.7146063552592479
 10
4.236734297380887
 20
-0.7142344212230125
 10
4.237805233877319
 20
-0.7139661655954636
 10
4.2388973071712925
 20
-0.7138041718249376
 10
4.24
 20
-0.7137499999999999
 10
4.241102692828708
 20
-0.7138041718249376
 10
4.242194766122681
 20
-0.7139661655954636
 10
4.243265702619113
 20
-0.7142344212230125
 10
4.244305188614107
 20
-0.7146063552592479
 10
4.245303213289293
 20
-0.7150783857760808
 10
4.246250165121471
 20
-0.7156459668615962
 10
4.247136924446841
 20
-0.7163036323996691
 10
4.2479549512883485
 20
-0.7170450487116512
 10
4.248696367600331
 20
-0.7178630755531589
 10
4.249354033138403
 20
-0.7187498348785294
 10
4.249921614223919
 20
-0.7196967867107074
 10
4.250393644740752
 20
-0.7206948113858926
 10
4.250765578776988
 20
-0.7217342973808871
 10
4.251033834404536
 20
-0.7228052338773184
 10
4.251195828175063
 20
-0.7238973071712923
 97
0
 75
0
 76
1
 98
0
  0
HATCH
  5
5AB
330
17
100
AcDbEntity
  8
K-ZBROJENIE
 62
7
420
0
100
AcDbHatch
 10
0.0
 20
0.0
 30
0.0
210
0.0
220
0.0
230
1.0
  2
SOLID
 70
1
 71
0
 91
1
 92
3
 72
0
 73
1
 93
64
 10
4.19725
 20
-0.4109999999999999
 10
4.1971958281750625
 20
-0.4121026928287075
 10
4.197033834404536
 20
-0.41319476612268136
 10
4.196765578776987
 20
-0.4142657026191126
 10
4.196393644740752
 20
-0.4153051886141072
 10
4.195921614223919
 20
-0.4163032132892924
 10
4.195354033138403
 20
-0.41725016512147045
 10
4.194696367600331
 20
-0.4181369244468409
 10
4.193954951288348
 20
-0.4189549512883486
 10
4.193136924446841
 20
-0.4196963676003307
 10
4.192250165121471
 20
-0.4203540331384036
 10
4.1913032132892925
 20
-0.42092161422391894
 10
4.190305188614107
 20
-0.4213936447407519
 10
4.189265702619113
 20
-0.4217655787769873
 10
4.188194766122681
 20
-0.4220338344045363
 10
4.187102692828708
 20
-0.4221958281750621
 10
4.186
 20
-0.4222499999999999
 10
4.184897307171292
 20
-0.4221958281750621
 10
4.183805233877319
 20
-0.4220338344045363
 10
4.182734297380887
 20
-0.4217655787769873
 10
4.181694811385893
 20
-0.4213936447407519
 10
4.180696786710707
 20
-0.42092161422391894
 10
4.179749834878529
 20
-0.4203540331384036
 10
4.178863075553159
 20
-0.4196963676003307
 10
4.178045048711652
 20
-0.4189549512883486
 10
4.177303632399669
 20
-0.4181369244468409
 10
4.176645966861597
 20
-0.41725016512147045
 10
4.176078385776081
 20
-0.4163032132892924
 10
4.175606355259248
 20
-0.4153051886141072
 10
4.175234421223013
 20
-0.4142657026191126
 10
4.174966165595464
 20
-0.41319476612268136
 10
4.174804171824937
 20
-0.4121026928287075
 10
4.1747499999999995
 20
-0.4109999999999999
 10
4.174804171824937
 20
-0.40989730717129236
 10
4.174966165595464
 20
-0.4088052338773185
 10
4.175234421223013
 20
-0.40773429738088723
 10
4.175606355259248
 20
-0.40669481138589264
 10
4.176078385776081
 20
-0.40569678671070747
 10
4.176645966861597
 20
-0.4047498348785294
 10
4.177303632399669
 20
-0.4038630755531589
 10
4.178045048711652
 20
-0.40304504871165125
 10
4.178863075553159
 20
-0.40230363239966915
 10
4.179749834878529
 20
-0.40164596686159626
 10
4.180696786710707
 20
-0.4010783857760809
 10
4.181694811385893
 20
-0.4006063552592479
 10
4.182734297380887
 20
-0.40023442122301256
 10
4.183805233877319
 20
-0.39996616559546355
 10
4.184897307171292
 20
-0.3998041718249377
 10
4.186
 20
-0.39974999999999994
 10
4.187102692828708
 20
-0.3998041718249377
 10
4.188194766122681
 20
-0.39996616559546355
 10
4.189265702619113
 20
-0.40023442122301256
 10
4.190305188614107
 20
-0.4006063552592479
 10
4.1913032132892925
 20
-0.4010783857760809
 10
4.192250165121471
 20
-0.40164596686159626
 10
4.193136924446841
 20
-0.40230363239966915
 10
4.193954951288348
 20
-0.40304504871165125
 10
4.194696367600331
 20
-0.4038630755531589
 10
4.195354033138403
 20
-0.4047498348785294
 10
4.195921614223919
 20
-0.40569678671070747
 10
4.196393644740752
 20
-0.40669481138589264
 10
4.196765578776987
 20
-0.40773429738088723
 10
4.197033834404536
 20
-0.4088052338773185
 10
4.1971958281750625
 20
-0.40989730717129236
 97
0
 75
0
 76
1
 98
0
  0
HATCH
  5
5AC
330
17
100
AcDbEntity
  8
K-ZBROJENIE
 62
7
420
0
100
AcDbHatch
 10
0.0
 20
0.0
 30
0.0
210
0.0
220
0.0
230
1.0
  2
SOLID
 70
1
 71
0
 91
1
 92
3
 72
0
 73
1
 93
64
 10
4.305250000000001
 20
-0.4109999999999999
 10
4.305195828175063
 20
-0.4121026928287075
 10
4.3050338344045365
 20
-0.41319476612268136
 10
4.304765578776988
 20
-0.4142657026191126
 10
4.3043936447407525
 20
-0.4153051886141072
 10
4.30392161422392
 20
-0.4163032132892924
 10
4.303354033138404
 20
-0.41725016512147045
 10
4.302696367600332
 20
-0.4181369244468409
 10
4.301954951288349
 20
-0.4189549512883486
 10
4.301136924446841
 20
-0.4196963676003307
 10
4.300250165121471
 20
-0.4203540331384036
 10
4.299303213289293
 20
-0.42092161422391894
 10
4.2983051886141075
 20
-0.4213936447407519
 10
4.2972657026191134
 20
-0.4217655787769873
 10
4.296194766122682
 20
-0.4220338344045363
 10
4.295102692828708
 20
-0.4221958281750621
 10
4.2940000000000005
 20
-0.4222499999999999
 10
4.292897307171293
 20
-0.4221958281750621
 10
4.291805233877319
 20
-0.4220338344045363
 10
4.2907342973808875
 20
-0.4217655787769873
 10
4.2896948113858935
 20
-0.4213936447407519
 10
4.288696786710708
 20
-0.42092161422391894
 10
4.28774983487853
 20
-0.4203540331384036
 10
4.28686307555316
 20
-0.4196963676003307
 10
4.286045048711652
 20
-0.4189549512883486
 10
4.285303632399669
 20
-0.4181369244468409
 10
4.284645966861597
 20
-0.41725016512147045
 10
4.284078385776081
 20
-0.4163032132892924
 10
4.2836063552592485
 20
-0.4153051886141072
 10
4.283234421223013
 20
-0.4142657026191126
 10
4.2829661655954645
 20
-0.41319476612268136
 10
4.282804171824938
 20
-0.4121026928287075
 10
4.28275
 20
-0.4109999999999999
 10
4.282804171824938
 20
-0.40989730717129236
 10
4.2829661655954645
 20
-0.4088052338773185
 10
4.283234421223013
 20
-0.40773429738088723
 10
4.2836063552592485
 20
-0.40669481138589264
 10
4.284078385776081
 20
-0.40569678671070747
 10
4.284645966861597
 20
-0.4047498348785294
 10
4.285303632399669
 20
-0.4038630755531589
 10
4.286045048711652
 20
-0.40304504871165125
 10
4.28686307555316
 20
-0.40230363239966915
 10
4.28774983487853
 20
-0.40164596686159626
 10
4.288696786710708
 20
-0.4010783857760809
 10
4.2896948113858935
 20
-0.4006063552592479
 10
4.2907342973808875
 20
-0.40023442122301256
 10
4.291805233877319
 20
-0.39996616559546355
 10
4.292897307171293
 20
-0.3998041718249377
 10
4.2940000000000005
 20
-0.39974999999999994
 10
4.295102692828708
 20
-0.3998041718249377
 10
4.296194766122682
 20
-0.39996616559546355
 10
4.2972657026191134
 20
-0.40023442122301256
 10
4.2983051886141075
 20
-0.4006063552592479
 10
4.299303213289293
 20
-0.4010783857760809
 10
4.300250165121471
 20
-0.40164596686159626
 10
4.301136924446841
 20
-0.40230363239966915
 10
4.301954951288349
 20
-0.40304504871165125
 10
4.302696367600332
 20
-0.4038630755531589
 10
4.303354033138404
 20
-0.4047498348785294
 10
4.30392161422392
 20
-0.40569678671070747
 10
4.3043936447407525
 20
-0.40669481138589264
 10
4.304765578776988
 20
-0.40773429738088723
 10
4.3050338344045365
 20
-0.4088052338773185
 10
4.305195828175063
 20
-0.40989730717129236
 97
0
 75
0
 76
1
 98
0
  0
HATCH
  5
5AD
330
17
100
AcDbEntity
  8
K-ZBROJENIE
 62
7
420
0
100
AcDbHatch
 10
0.0
 20
0.0
 30
0.0
210
0.0
220
0.0
230
1.0
  2
SOLID
 70
1
 71
0
 91
1
 92
3
 72
0
 73
1
 93
64
 10
3.1982500000000003
 20
-4.253
 10
3.1981958281750624
 20
-4.254102692828708
 10
3.1980338344045367
 20
-4.255194766122681
 10
3.1977655787769876
 20
-4.256265702619113
 10
3.1973936447407523
 20
-4.257305188614107
 10
3.1969216142239194
 20
-4.258303213289293
 10
3.196354033138404
 20
-4.259250165121471
 10
3.195696367600331
 20
-4.260136924446841
 10
3.194954951288349
 20
-4.2609549512883484
 10
3.194136924446841
 20
-4.261696367600331
 10
3.1932501651214706
 20
-4.262354033138403
 10
3.192303213289293
 20
-4.262921614223919
 10
3.1913051886141077
 20
-4.263393644740752
 10
3.190265702619113
 20
-4.2637655787769875
 10
3.189194766122682
 20
-4.264033834404536
 10
3.188102692828708
 20
-4.264195828175063
 10
3.1870000000000003
 20
-4.2642500000000005
 10
3.1858973071712926
 20
-4.264195828175063
 10
3.1848052338773187
 20
-4.264033834404536
 10
3.1837342973808878
 20
-4.2637655787769875
 10
3.182694811385893
 20
-4.263393644740752
 10
3.1816967867107078
 20
-4.262921614223919
 10
3.18074983487853
 20
-4.262354033138403
 10
3.1798630755531594
 20
-4.261696367600331
 10
3.1790450487116515
 20
-4.2609549512883484
 10
3.1783036323996696
 20
-4.260136924446841
 10
3.1776459668615966
 20
-4.259250165121471
 10
3.177078385776081
 20
-4.258303213289293
 10
3.1766063552592483
 20
-4.257305188614107
 10
3.176234421223013
 20
-4.256265702619113
 10
3.175966165595464
 20
-4.255194766122681
 10
3.175804171824938
 20
-4.254102692828708
 10
3.1757500000000003
 20
-4.253
 10
3.175804171824938
 20
-4.251897307171292
 10
3.175966165595464
 20
-4.250805233877319
 10
3.176234421223013
 20
-4.249734297380887
 10
3.1766063552592483
 20
-4.248694811385893
 10
3.177078385776081
 20
-4.247696786710708
 10
3.1776459668615966
 20
-4.246749834878529
 10
3.1783036323996696
 20
-4.245863075553159
 10
3.1790450487116515
 20
-4.245045048711652
 10
3.1798630755531594
 20
-4.244303632399669
 10
3.18074983487853
 20
-4.243645966861597
 10
3.1816967867107078
 20
-4.243078385776081
 10
3.182694811385893
 20
-4.242606355259248
 10
3.1837342973808878
 20
-4.242234421223013
 10
3.1848052338773187
 20
-4.241966165595464
 10
3.1858973071712926
 20
-4.2418041718249375
 10
3.1870000000000003
 20
-4.24175
 10
3.188102692828708
 20
-4.2418041718249375
 10
3.189194766122682
 20
-4.241966165595464
 10
3.190265702619113
 20
-4.242234421223013
 10
3.1913051886141077
 20
-4.242606355259248
 10
3.192303213289293
 20
-4.243078385776081
 10
3.1932501651214706
 20
-4.243645966861597
 10
3.194136924446841
 20
-4.244303632399669
 10
3.194954951288349
 20
-4.245045048711652
 10
3.195696367600331
 20
-4.245863075553159
 10
3.196354033138404
 20
-4.246749834878529
 10
3.1969216142239194
 20
-4.247696786710708
 10
3.1973936447407523
 20
-4.248694811385893
 10
3.1977655787769876
 20
-4.249734297380887
 10
3.1980338344045367
 20
-4.250805233877319
 10
3.1981958281750624
 20
-4.251897307171292
 97
0
 75
0
 76
1
 98
0
  0
HATCH
  5
5AE
330
17
100
AcDbEntity
  8
K-ZBROJENIE
 62
7
420
0
100
AcDbHatch
 10
0.0
 20
0.0
 30
0.0
210
0.0
220
0.0
230
1.0
  2
SOLID
 70
1
 71
0
 91
1
 92
3
 72
0
 73
1
 93
64
 10
3.3042500000000006
 20
-4.253
 10
3.3041958281750627
 20
-4.254102692828708
 10
3.304033834404537
 20
-4.255194766122681
 10
3.303765578776988
 20
-4.256265702619113
 10
3.3033936447407526
 20
-4.257305188614107
 10
3.3029216142239197
 20
-4.258303213289293
 10
3.3023540331384043
 20
-4.259250165121471
 10
3.3016963676003313
 20
-4.260136924446841
 10
3.3009549512883494
 20
-4.2609549512883484
 10
3.3001369244468415
 20
-4.261696367600331
 10
3.299250165121471
 20
-4.262354033138403
 10
3.298303213289293
 20
-4.262921614223919
 10
3.297305188614108
 20
-4.263393644740752
 10
3.296265702619113
 20
-4.2637655787769875
 10
3.295194766122682
 20
-4.264033834404536
 10
3.2941026928287083
 20
-4.264195828175063
 10
3.2930000000000006
 20
-4.2642500000000005
 10
3.291897307171293
 20
-4.264195828175063
 10
3.290805233877319
 20
-4.264033834404536
 10
3.289734297380888
 20
-4.2637655787769875
 10
3.288694811385893
 20
-4.263393644740752
 10
3.287696786710708
 20
-4.262921614223919
 10
3.2867498348785302
 20
-4.262354033138403
 10
3.2858630755531597
 20
-4.261696367600331
 10
3.285045048711652
 20
-4.2609549512883484
 10
3.28430363239967
 20
-4.260136924446841
 10
3.283645966861597
 20
-4.259250165121471
 10
3.2830783857760815
 20
-4.258303213289293
 10
3.2826063552592486
 20
-4.257305188614107
 10
3.2822344212230132
 20
-4.256265702619113
 10
3.281966165595464
 20
-4.255194766122681
 10
3.2818041718249384
 20
-4.254102692828708
 10
3.2817500000000006
 20
-4.253
 10
3.2818041718249384
 20
-4.251897307171292
 10
3.281966165595464
 20
-4.250805233877319
 10
3.2822344212230132
 20
-4.249734297380887
 10
3.2826063552592486
 20
-4.248694811385893
 10
3.2830783857760815
 20
-4.247696786710708
 10
3.283645966861597
 20
-4.246749834878529
 10
3.28430363239967
 20
-4.245863075553159
 10
3.285045048711652
 20
-4.245045048711652
 10
3.2858630755531597
 20
-4.244303632399669
 10
3.2867498348785302
 20
-4.243645966861597
 10
3.287696786710708
 20
-4.243078385776081
 10
3.288694811385893
 20
-4.242606355259248
 10
3.289734297380888
 20
-4.242234421223013
 10
3.290805233877319
 20
-4.241966165595464
 10
3.291897307171293
 20
-4.2418041718249375
 10
3.2930000000000006
 20
-4.24175
 10
3.2941026928287083
 20
-4.2418041718249375
 10
3.295194766122682
 20
-4.241966165595464
 10
3.296265702619113
 20
-4.242234421223013
 10
3.297305188614108
 20
-4.242606355259248
 10
3.298303213289293
 20
-4.243078385776081
 10
3.299250165121471
 20
-4.243645966861597
 10
3.3001369244468415
 20
-4.244303632399669
 10
3.3009549512883494
 20
-4.245045048711652
 10
3.3016963676003313
 20
-4.245863075553159
 10
3.3023540331384043
 20
-4.246749834878529
 10
3.3029216142239197
 20
-4.247696786710708
 10
3.3033936447407526
 20
-4.248694811385893
 10
3.303765578776988
 20
-4.249734297380887
 10
3.304033834404537
 20
-4.250805233877319
 10
3.3041958281750627
 20
-4.251897307171292
 97
0
 75
0
 76
1
 98
0
  0
HATCH
  5
5AF
330
17
100
AcDbEntity
  8
K-ZBROJENIE
 62
7
420
0
100
AcDbHatch
 10
0.0
 20
0.0
 30
0.0
210
0.0
220
0.0
230
1.0
  2
SOLID
 70
1
 71
0
 91
1
 92
3
 72
0
 73
1
 93
64
 10
3.1972500000000004
 20
-4.076
 10
3.1971958281750625
 20
-4.077102692828707
 10
3.197033834404537
 20
-4.078194766122681
 10
3.1967655787769877
 20
-4.079265702619113
 10
3.1963936447407524
 20
-4.080305188614107
 10
3.1959216142239195
 20
-4.081303213289292
 10
3.195354033138404
 20
-4.08225016512147
 10
3.194696367600331
 20
-4.0831369244468405
 10
3.193954951288349
 20
-4.083954951288348
 10
3.1931369244468413
 20
-4.084696367600331
 10
3.1922501651214708
 20
-4.085354033138403
 10
3.191303213289293
 20
-4.085921614223919
 10
3.190305188614108
 20
-4.086393644740752
 10
3.189265702619113
 20
-4.086765578776987
 10
3.188194766122682
 20
-4.087033834404536
 10
3.187102692828708
 20
-4.087195828175062
 10
3.1860000000000004
 20
-4.08725
 10
3.1848973071712927
 20
-4.087195828175062
 10
3.183805233877319
 20
-4.087033834404536
 10
3.182734297380888
 20
-4.086765578776987
 10
3.181694811385893
 20
-4.086393644740752
 10
3.180696786710708
 20
-4.085921614223919
 10
3.17974983487853
 20
-4.085354033138403
 10
3.1788630755531595
 20
-4.084696367600331
 10
3.1780450487116516
 20
-4.083954951288348
 10
3.1773036323996697
 20
-4.0831369244468405
 10
3.1766459668615967
 20
-4.08225016512147
 10
3.1760783857760813
 20
-4.081303213289292
 10
3.1756063552592484
 20
-4.080305188614107
 10
3.175234421223013
 20
-4.079265702619113
 10
3.174966165595464
 20
-4.078194766122681
 10
3.1748041718249382
 20
-4.077102692828707
 10
3.1747500000000004
 20
-4.076
 10
3.1748041718249382
 20
-4.074897307171292
 10
3.174966165595464
 20
-4.0738052338773185
 10
3.175234421223013
 20
-4.072734297380887
 10
3.1756063552592484
 20
-4.071694811385893
 10
3.1760783857760813
 20
-4.070696786710707
 10
3.1766459668615967
 20
-4.069749834878529
 10
3.1773036323996697
 20
-4.068863075553159
 10
3.1780450487116516
 20
-4.068045048711651
 10
3.1788630755531595
 20
-4.0673036323996685
 10
3.17974983487853
 20
-4.066645966861596
 10
3.180696786710708
 20
-4.0660783857760805
 10
3.181694811385893
 20
-4.065606355259248
 10
3.182734297380888
 20
-4.065234421223012
 10
3.183805233877319
 20
-4.064966165595464
 10
3.1848973071712927
 20
-4.064804171824937
 10
3.1860000000000004
 20
-4.064749999999999
 10
3.187102692828708
 20
-4.064804171824937
 10
3.188194766122682
 20
-4.064966165595464
 10
3.189265702619113
 20
-4.065234421223012
 10
3.190305188614108
 20
-4.065606355259248
 10
3.191303213289293
 20
-4.0660783857760805
 10
3.1922501651214708
 20
-4.066645966861596
 10
3.1931369244468413
 20
-4.0673036323996685
 10
3.193954951288349
 20
-4.068045048711651
 10
3.194696367600331
 20
-4.068863075553159
 10
3.195354033138404
 20
-4.069749834878529
 10
3.1959216142239195
 20
-4.070696786710707
 10
3.1963936447407524
 20
-4.071694811385893
 10
3.1967655787769877
 20
-4.072734297380887
 10
3.197033834404537
 20
-4.0738052338773185
 10
3.1971958281750625
 20
-4.074897307171292
 97
0
 75
0
 76
1
 98
0
  0
HATCH
  5
5B0
330
17
100
AcDbEntity
  8
K-ZBROJENIE
 62
7
420
0
100
AcDbHatch
 10
0.0
 20
0.0
 30
0.0
210
0.0
220
0.0
230
1.0
  2
SOLID
 70
1
 71
0
 91
1
 92
3
 72
0
 73
1
 93
64
 10
3.3052500000000005
 20
-4.076
 10
3.3051958281750626
 20
-4.077102692828707
 10
3.305033834404537
 20
-4.078194766122681
 10
3.304765578776988
 20
-4.079265702619113
 10
3.3043936447407525
 20
-4.080305188614107
 10
3.3039216142239196
 20
-4.081303213289292
 10
3.303354033138404
 20
-4.08225016512147
 10
3.302696367600331
 20
-4.0831369244468405
 10
3.3019549512883493
 20
-4.083954951288348
 10
3.3011369244468414
 20
-4.084696367600331
 10
3.300250165121471
 20
-4.085354033138403
 10
3.299303213289293
 20
-4.085921614223919
 10
3.298305188614108
 20
-4.086393644740752
 10
3.297265702619113
 20
-4.086765578776987
 10
3.296194766122682
 20
-4.087033834404536
 10
3.295102692828708
 20
-4.087195828175062
 10
3.2940000000000005
 20
-4.08725
 10
3.292897307171293
 20
-4.087195828175062
 10
3.291805233877319
 20
-4.087033834404536
 10
3.290734297380888
 20
-4.086765578776987
 10
3.289694811385893
 20
-4.086393644740752
 10
3.288696786710708
 20
-4.085921614223919
 10
3.28774983487853
 20
-4.085354033138403
 10
3.2868630755531596
 20
-4.084696367600331
 10
3.2860450487116517
 20
-4.083954951288348
 10
3.28530363239967
 20
-4.0831369244468405
 10
3.284645966861597
 20
-4.08225016512147
 10
3.2840783857760814
 20
-4.081303213289292
 10
3.2836063552592485
 20
-4.080305188614107
 10
3.283234421223013
 20
-4.079265702619113
 10
3.282966165595464
 20
-4.078194766122681
 10
3.2828041718249383
 20
-4.077102692828707
 10
3.2827500000000005
 20
-4.076
 10
3.2828041718249383
 20
-4.074897307171292
 10
3.282966165595464
 20
-4.0738052338773185
 10
3.283234421223013
 20
-4.072734297380887
 10
3.2836063552592485
 20
-4.071694811385893
 10
3.2840783857760814
 20
-4.070696786710707
 10
3.284645966861597
 20
-4.069749834878529
 10
3.28530363239967
 20
-4.068863075553159
 10
3.2860450487116517
 20
-4.068045048711651
 10
3.2868630755531596
 20
-4.0673036323996685
 10
3.28774983487853
 20
-4.066645966861596
 10
3.288696786710708
 20
-4.0660783857760805
 10
3.289694811385893
 20
-4.065606355259248
 10
3.290734297380888
 20
-4.065234421223012
 10
3.291805233877319
 20
-4.064966165595464
 10
3.292897307171293
 20
-4.064804171824937
 10
3.2940000000000005
 20
-4.064749999999999
 10
3.295102692828708
 20
-4.064804171824937
 10
3.296194766122682
 20
-4.064966165595464
 10
3.297265702619113
 20
-4.065234421223012
 10
3.298305188614108
 20
-4.065606355259248
 10
3.299303213289293
 20
-4.0660783857760805
 10
3.300250165121471
 20
-4.066645966861596
 10
3.3011369244468414
 20
-4.0673036323996685
 10
3.3019549512883493
 20
-4.068045048711651
 10
3.302696367600331
 20
-4.068863075553159
 10
3.303354033138404
 20
-4.069749834878529
 10
3.3039216142239196
 20
-4.070696786710707
 10
3.3043936447407525
 20
-4.071694811385893
 10
3.304765578776988
 20
-4.072734297380887
 10
3.305033834404537
 20
-4.0738052338773185
 10
3.3051958281750626
 20
-4.074897307171292
 97
0
 75
0
 76
1
 98
0
  0
HATCH
  5
5B1
330
17
100
AcDbEntity
  8
K-ZBROJENIE
 62
7
420
0
100
AcDbHatch
 10
0.0
 20
0.0
 30
0.0
210
0.0
220
0.0
230
1.0
  2
SOLID
 70
1
 71
0
 91
1
 92
3
 72
0
 73
1
 93
64
 10
7.92725
 20
-4.2540000000000004
 10
7.927195828175062
 20
-4.255102692828708
 10
7.9270338344045355
 20
-4.2561947661226815
 10
7.926765578776987
 20
-4.257265702619113
 10
7.9263936447407515
 20
-4.2583051886141075
 10
7.925921614223919
 20
-4.259303213289293
 10
7.925354033138403
 20
-4.260250165121471
 10
7.924696367600331
 20
-4.261136924446841
 10
7.923954951288348
 20
-4.261954951288349
 10
7.92313692444684
 20
-4.2626963676003315
 10
7.92225016512147
 20
-4.263354033138404
 10
7.921303213289292
 20
-4.26392161422392
 10
7.9203051886141065
 20
-4.264393644740752
 10
7.9192657026191124
 20
-4.264765578776988
 10
7.918194766122681
 20
-4.265033834404536
 10
7.917102692828707
 20
-4.265195828175063
 10
7.9159999999999995
 20
-4.265250000000001
 10
7.914897307171292
 20
-4.265195828175063
 10
7.913805233877318
 20
-4.265033834404536
 10
7.9127342973808865
 20
-4.264765578776988
 10
7.9116948113858925
 20
-4.264393644740752
 10
7.910696786710707
 20
-4.26392161422392
 10
7.909749834878529
 20
-4.263354033138404
 10
7.908863075553159
 20
-4.2626963676003315
 10
7.908045048711651
 20
-4.261954951288349
 10
7.907303632399668
 20
-4.261136924446841
 10
7.906645966861596
 20
-4.260250165121471
 10
7.90607838577608
 20
-4.259303213289293
 10
7.9056063552592475
 20
-4.2583051886141075
 10
7.905234421223012
 20
-4.257265702619113
 10
7.9049661655954635
 20
-4.2561947661226815
 10
7.904804171824937
 20
-4.255102692828708
 10
7.904749999999999
 20
-4.2540000000000004
 10
7.904804171824937
 20
-4.252897307171293
 10
7.9049661655954635
 20
-4.251805233877319
 10
7.905234421223012
 20
-4.2507342973808875
 10
7.9056063552592475
 20
-4.2496948113858934
 10
7.90607838577608
 20
-4.248696786710708
 10
7.906645966861596
 20
-4.24774983487853
 10
7.907303632399668
 20
-4.24686307555316
 10
7.908045048711651
 20
-4.246045048711652
 10
7.908863075553159
 20
-4.245303632399669
 10
7.909749834878529
 20
-4.244645966861597
 10
7.910696786710707
 20
-4.244078385776081
 10
7.9116948113858925
 20
-4.2436063552592485
 10
7.9127342973808865
 20
-4.243234421223013
 10
7.913805233877318
 20
-4.2429661655954645
 10
7.914897307171292
 20
-4.242804171824938
 10
7.9159999999999995
 20
-4.24275
 10
7.917102692828707
 20
-4.242804171824938
 10
7.918194766122681
 20
-4.2429661655954645
 10
7.9192657026191124
 20
-4.243234421223013
 10
7.9203051886141065
 20
-4.2436063552592485
 10
7.921303213289292
 20
-4.244078385776081
 10
7.92225016512147
 20
-4.244645966861597
 10
7.92313692444684
 20
-4.245303632399669
 10
7.923954951288348
 20
-4.246045048711652
 10
7.924696367600331
 20
-4.24686307555316
 10
7.925354033138403
 20
-4.24774983487853
 10
7.925921614223919
 20
-4.248696786710708
 10
7.9263936447407515
 20
-4.2496948113858934
 10
7.926765578776987
 20
-4.2507342973808875
 10
7.9270338344045355
 20
-4.251805233877319
 10
7.927195828175062
 20
-4.252897307171293
 97
0
 75
0
 76
1
 98
0
  0
HATCH
  5
5B2
330
17
100
AcDbEntity
  8
K-ZBROJENIE
 62
7
420
0
100
AcDbHatch
 10
0.0
 20
0.0
 30
0.0
210
0.0
220
0.0
230
1.0
  2
SOLID
 70
1
 71
0
 91
1
 92
3
 72
0
 73
1
 93
64
 10
8.03525
 20
-4.2540000000000004
 10
8.03519582817506
 20
-4.255102692828708
 10
8.035033834404535
 20
-4.2561947661226815
 10
8.034765578776986
 20
-4.257265702619113
 10
8.034393644740751
 20
-4.2583051886141075
 10
8.033921614223917
 20
-4.259303213289293
 10
8.033354033138403
 20
-4.260250165121471
 10
8.03269636760033
 20
-4.261136924446841
 10
8.031954951288348
 20
-4.261954951288349
 10
8.031136924446841
 20
-4.2626963676003315
 10
8.030250165121469
 20
-4.263354033138404
 10
8.02930321328929
 20
-4.26392161422392
 10
8.028305188614107
 20
-4.264393644740752
 10
8.027265702619111
 20
-4.264765578776988
 10
8.02619476612268
 20
-4.265033834404536
 10
8.025102692828707
 20
-4.265195828175063
 10
8.024
 20
-4.265250000000001
 10
8.022897307171291
 20
-4.265195828175063
 10
8.021805233877318
 20
-4.265033834404536
 10
8.020734297380887
 20
-4.264765578776988
 10
8.019694811385891
 20
-4.264393644740752
 10
8.018696786710708
 20
-4.26392161422392
 10
8.01774983487853
 20
-4.263354033138404
 10
8.016863075553157
 20
-4.2626963676003315
 10
8.01604504871165
 20
-4.261954951288349
 10
8.015303632399668
 20
-4.261136924446841
 10
8.014645966861595
 20
-4.260250165121471
 10
8.014078385776081
 20
-4.259303213289293
 10
8.013606355259247
 20
-4.2583051886141075
 10
8.013234421223013
 20
-4.257265702619113
 10
8.012966165595463
 20
-4.2561947661226815
 10
8.012804171824937
 20
-4.255102692828708
 10
8.012749999999999
 20
-4.2540000000000004
 10
8.012804171824937
 20
-4.252897307171293
 10
8.012966165595463
 20
-4.251805233877319
 10
8.013234421223013
 20
-4.2507342973808875
 10
8.013606355259247
 20
-4.2496948113858934
 10
8.014078385776081
 20
-4.248696786710708
 10
8.014645966861595
 20
-4.24774983487853
 10
8.015303632399668
 20
-4.24686307555316
 10
8.01604504871165
 20
-4.246045048711652
 10
8.016863075553157
 20
-4.245303632399669
 10
8.01774983487853
 20
-4.244645966861597
 10
8.018696786710708
 20
-4.244078385776081
 10
8.019694811385891
 20
-4.2436063552592485
 10
8.020734297380887
 20
-4.243234421223013
 10
8.021805233877318
 20
-4.2429661655954645
 10
8.022897307171291
 20
-4.242804171824938
 10
8.024
 20
-4.24275
 10
8.025102692828707
 20
-4.242804171824938
 10
8.02619476612268
 20
-4.2429661655954645
 10
8.027265702619111
 20
-4.243234421223013
 10
8.028305188614107
 20
-4.2436063552592485
 10
8.02930321328929
 20
-4.244078385776081
 10
8.030250165121469
 20
-4.244645966861597
 10
8.031136924446841
 20
-4.245303632399669
 10
8.031954951288348
 20
-4.246045048711652
 10
8.03269636760033
 20
-4.24686307555316
 10
8.033354033138403
 20
-4.24774983487853
 10
8.033921614223917
 20
-4.248696786710708
 10
8.034393644740751
 20
-4.2496948113858934
 10
8.034765578776986
 20
-4.2507342973808875
 10
8.035033834404535
 20
-4.251805233877319
 10
8.03519582817506
 20
-4.252897307171293
 97
0
 75
0
 76
1
 98
0
  0
HATCH
  5
5B3
330
17
100
AcDbEntity
  8
K-ZBROJENIE
 62
7
420
0
100
AcDbHatch
 10
0.0
 20
0.0
 30
0.0
210
0.0
220
0.0
230
1.0
  2
SOLID
 70
1
 71
0
 91
1
 92
3
 72
0
 73
1
 93
64
 10
7.92725
 20
-4.076
 10
7.927195828175062
 20
-4.077102692828707
 10
7.9270338344045355
 20
-4.078194766122681
 10
7.926765578776987
 20
-4.079265702619113
 10
7.9263936447407515
 20
-4.080305188614107
 10
7.925921614223919
 20
-4.081303213289292
 10
7.925354033138403
 20
-4.08225016512147
 10
7.924696367600331
 20
-4.0831369244468405
 10
7.923954951288348
 20
-4.083954951288348
 10
7.92313692444684
 20
-4.084696367600331
 10
7.92225016512147
 20
-4.085354033138403
 10
7.921303213289292
 20
-4.085921614223919
 10
7.9203051886141065
 20
-4.086393644740752
 10
7.9192657026191124
 20
-4.086765578776987
 10
7.918194766122681
 20
-4.087033834404536
 10
7.917102692828707
 20
-4.087195828175062
 10
7.9159999999999995
 20
-4.08725
 10
7.914897307171292
 20
-4.087195828175062
 10
7.913805233877318
 20
-4.087033834404536
 10
7.9127342973808865
 20
-4.086765578776987
 10
7.9116948113858925
 20
-4.086393644740752
 10
7.910696786710707
 20
-4.085921614223919
 10
7.909749834878529
 20
-4.085354033138403
 10
7.908863075553159
 20
-4.084696367600331
 10
7.908045048711651
 20
-4.083954951288348
 10
7.907303632399668
 20
-4.0831369244468405
 10
7.906645966861596
 20
-4.08225016512147
 10
7.90607838577608
 20
-4.081303213289292
 10
7.9056063552592475
 20
-4.080305188614107
 10
7.905234421223012
 20
-4.079265702619113
 10
7.9049661655954635
 20
-4.078194766122681
 10
7.904804171824937
 20
-4.077102692828707
 10
7.904749999999999
 20
-4.076
 10
7.904804171824937
 20
-4.074897307171292
 10
7.9049661655954635
 20
-4.0738052338773185
 10
7.905234421223012
 20
-4.072734297380887
 10
7.9056063552592475
 20
-4.071694811385893
 10
7.90607838577608
 20
-4.070696786710707
 10
7.906645966861596
 20
-4.069749834878529
 10
7.907303632399668
 20
-4.068863075553159
 10
7.908045048711651
 20
-4.068045048711651
 10
7.908863075553159
 20
-4.0673036323996685
 10
7.909749834878529
 20
-4.066645966861596
 10
7.910696786710707
 20
-4.0660783857760805
 10
7.9116948113858925
 20
-4.065606355259248
 10
7.9127342973808865
 20
-4.065234421223012
 10
7.913805233877318
 20
-4.064966165595464
 10
7.914897307171292
 20
-4.064804171824937
 10
7.9159999999999995
 20
-4.064749999999999
 10
7.917102692828707
 20
-4.064804171824937
 10
7.918194766122681
 20
-4.064966165595464
 10
7.9192657026191124
 20
-4.065234421223012
 10
7.9203051886141065
 20
-4.065606355259248
 10
7.921303213289292
 20
-4.0660783857760805
 10
7.92225016512147
 20
-4.066645966861596
 10
7.92313692444684
 20
-4.0673036323996685
 10
7.923954951288348
 20
-4.068045048711651
 10
7.924696367600331
 20
-4.068863075553159
 10
7.925354033138403
 20
-4.069749834878529
 10
7.925921614223919
 20
-4.070696786710707
 10
7.9263936447407515
 20
-4.071694811385893
 10
7.926765578776987
 20
-4.072734297380887
 10
7.9270338344045355
 20
-4.0738052338773185
 10
7.927195828175062
 20
-4.074897307171292
 97
0
 75
0
 76
1
 98
0
  0
HATCH
  5
5B4
330
17
100
AcDbEntity
  8
K-ZBROJENIE
 62
7
420
0
100
AcDbHatch
 10
0.0
 20
0.0
 30
0.0
210
0.0
220
0.0
230
1.0
  2
SOLID
 70
1
 71
0
 91
1
 92
3
 72
0
 73
1
 93
64
 10
8.03525
 20
-4.076
 10
8.03519582817506
 20
-4.077102692828707
 10
8.035033834404535
 20
-4.078194766122681
 10
8.034765578776986
 20
-4.079265702619113
 10
8.034393644740751
 20
-4.080305188614107
 10
8.033921614223917
 20
-4.081303213289292
 10
8.033354033138403
 20
-4.08225016512147
 10
8.03269636760033
 20
-4.0831369244468405
 10
8.031954951288348
 20
-4.083954951288348
 10
8.031136924446841
 20
-4.084696367600331
 10
8.030250165121469
 20
-4.085354033138403
 10
8.02930321328929
 20
-4.085921614223919
 10
8.028305188614107
 20
-4.086393644740752
 10
8.027265702619111
 20
-4.086765578776987
 10
8.02619476612268
 20
-4.087033834404536
 10
8.025102692828707
 20
-4.087195828175062
 10
8.024
 20
-4.08725
 10
8.022897307171291
 20
-4.087195828175062
 10
8.021805233877318
 20
-4.087033834404536
 10
8.020734297380887
 20
-4.086765578776987
 10
8.019694811385891
 20
-4.086393644740752
 10
8.018696786710708
 20
-4.085921614223919
 10
8.01774983487853
 20
-4.085354033138403
 10
8.016863075553157
 20
-4.084696367600331
 10
8.01604504871165
 20
-4.083954951288348
 10
8.015303632399668
 20
-4.0831369244468405
 10
8.014645966861595
 20
-4.08225016512147
 10
8.014078385776081
 20
-4.081303213289292
 10
8.013606355259247
 20
-4.080305188614107
 10
8.013234421223013
 20
-4.079265702619113
 10
8.012966165595463
 20
-4.078194766122681
 10
8.012804171824937
 20
-4.077102692828707
 10
8.012749999999999
 20
-4.076
 10
8.012804171824937
 20
-4.074897307171292
 10
8.012966165595463
 20
-4.0738052338773185
 10
8.013234421223013
 20
-4.072734297380887
 10
8.013606355259247
 20
-4.071694811385893
 10
8.014078385776081
 20
-4.070696786710707
 10
8.014645966861595
 20
-4.069749834878529
 10
8.015303632399668
 20
-4.068863075553159
 10
8.01604504871165
 20
-4.068045048711651
 10
8.016863075553157
 20
-4.0673036323996685
 10
8.01774983487853
 20
-4.066645966861596
 10
8.018696786710708
 20
-4.0660783857760805
 10
8.019694811385891
 20
-4.065606355259248
 10
8.020734297380887
 20
-4.065234421223012
 10
8.021805233877318
 20
-4.064966165595464
 10
8.022897307171291
 20
-4.064804171824937
 10
8.024
 20
-4.064749999999999
 10
8.025102692828707
 20
-4.064804171824937
 10
8.02619476612268
 20
-4.064966165595464
 10
8.027265702619111
 20
-4.065234421223012
 10
8.028305188614107
 20
-4.065606355259248
 10
8.02930321328929
 20
-4.0660783857760805
 10
8.030250165121469
 20
-4.066645966861596
 10
8.031136924446841
 20
-4.0673036323996685
 10
8.031954951288348
 20
-4.068045048711651
 10
8.03269636760033
 20
-4.068863075553159
 10
8.033354033138403
 20
-4.069749834878529
 10
8.033921614223917
 20
-4.070696786710707
 10
8.034393644740751
 20
-4.071694811385893
 10
8.034765578776986
 20
-4.072734297380887
 10
8.035033834404535
 20
-4.0738052338773185
 10
8.03519582817506
 20
-4.074897307171292
 97
0
 75
0
 76
1
 98
0
  0
HATCH
  5
5B5
330
17
100
AcDbEntity
  8
K-ZBROJENIE
 62
7
420
0
100
AcDbHatch
 10
0.0
 20
0.0
 30
0.0
210
0.0
220
0.0
230
1.0
  2
SOLID
 70
1
 71
0
 91
1
 92
3
 72
0
 73
1
 93
64
 10
2.8972500000000014
 20
-7.4590000000000005
 10
2.8971958281750636
 20
-7.460102692828708
 10
2.897033834404538
 20
-7.461194766122682
 10
2.896765578776989
 20
-7.4622657026191135
 10
2.8963936447407534
 20
-7.4633051886141075
 10
2.8959216142239206
 20
-7.464303213289293
 10
2.895354033138405
 20
-7.465250165121471
 10
2.894696367600332
 20
-7.466136924446841
 10
2.8939549512883502
 20
-7.466954951288349
 10
2.8931369244468423
 20
-7.467696367600332
 10
2.892250165121472
 20
-7.468354033138404
 10
2.891303213289294
 20
-7.46892161422392
 10
2.890305188614109
 20
-7.4693936447407525
 10
2.889265702619114
 20
-7.469765578776988
 10
2.888194766122683
 20
-7.4700338344045365
 10
2.887102692828709
 20
-7.470195828175063
 10
2.8860000000000015
 20
-7.470250000000001
 10
2.884897307171294
 20
-7.470195828175063
 10
2.88380523387732
 20
-7.4700338344045365
 10
2.882734297380889
 20
-7.469765578776988
 10
2.881694811385894
 20
-7.4693936447407525
 10
2.880696786710709
 20
-7.46892161422392
 10
2.879749834878531
 20
-7.468354033138404
 10
2.8788630755531606
 20
-7.467696367600332
 10
2.8780450487116527
 20
-7.466954951288349
 10
2.877303632399671
 20
-7.466136924446841
 10
2.876645966861598
 20
-7.465250165121471
 10
2.8760783857760823
 20
-7.464303213289293
 10
2.8756063552592495
 20
-7.4633051886141075
 10
2.875234421223014
 20
-7.4622657026191135
 10
2.874966165595465
 20
-7.461194766122682
 10
2.8748041718249393
 20
-7.460102692828708
 10
2.8747500000000015
 20
-7.4590000000000005
 10
2.8748041718249393
 20
-7.457897307171293
 10
2.874966165595465
 20
-7.456805233877319
 10
2.875234421223014
 20
-7.4557342973808876
 10
2.8756063552592495
 20
-7.4546948113858935
 10
2.8760783857760823
 20
-7.453696786710708
 10
2.876645966861598
 20
-7.45274983487853
 10
2.877303632399671
 20
-7.45186307555316
 10
2.8780450487116527
 20
-7.451045048711652
 10
2.8788630755531606
 20
-7.450303632399669
 10
2.879749834878531
 20
-7.449645966861597
 10
2.880696786710709
 20
-7.449078385776081
 10
2.881694811385894
 20
-7.4486063552592485
 10
2.882734297380889
 20
-7.448234421223013
 10
2.88380523387732
 20
-7.4479661655954645
 10
2.884897307171294
 20
-7.447804171824938
 10
2.8860000000000015
 20
-7.44775
 10
2.887102692828709
 20
-7.447804171824938
 10
2.888194766122683
 20
-7.4479661655954645
 10
2.889265702619114
 20
-7.448234421223013
 10
2.890305188614109
 20
-7.4486063552592485
 10
2.891303213289294
 20
-7.449078385776081
 10
2.892250165121472
 20
-7.449645966861597
 10
2.8931369244468423
 20
-7.450303632399669
 10
2.8939549512883502
 20
-7.451045048711652
 10
2.894696367600332
 20
-7.45186307555316
 10
2.895354033138405
 20
-7.45274983487853
 10
2.8959216142239206
 20
-7.453696786710708
 10
2.8963936447407534
 20
-7.4546948113858935
 10
2.896765578776989
 20
-7.4557342973808876
 10
2.897033834404538
 20
-7.456805233877319
 10
2.8971958281750636
 20
-7.457897307171293
 97
0
 75
0
 76
1
 98
0
  0
HATCH
  5
5B6
330
17
100
AcDbEntity
  8
K-ZBROJENIE
 62
7
420
0
100
AcDbHatch
 10
0.0
 20
0.0
 30
0.0
210
0.0
220
0.0
230
1.0
  2
SOLID
 70
1
 71
0
 91
1
 92
3
 72
0
 73
1
 93
64
 10
3.0052500000000015
 20
-7.4590000000000005
 10
3.0051958281750637
 20
-7.460102692828708
 10
3.005033834404538
 20
-7.461194766122682
 10
3.004765578776989
 20
-7.4622657026191135
 10
3.0043936447407535
 20
-7.4633051886141075
 10
3.0039216142239207
 20
-7.464303213289293
 10
3.003354033138405
 20
-7.465250165121471
 10
3.002696367600332
 20
-7.466136924446841
 10
3.0019549512883503
 20
-7.466954951288349
 10
3.0011369244468424
 20
-7.467696367600332
 10
3.000250165121472
 20
-7.468354033138404
 10
2.999303213289294
 20
-7.46892161422392
 10
2.998305188614109
 20
-7.4693936447407525
 10
2.997265702619114
 20
-7.469765578776988
 10
2.996194766122683
 20
-7.4700338344045365
 10
2.9951026928287092
 20
-7.470195828175063
 10
2.9940000000000015
 20
-7.470250000000001
 10
2.992897307171294
 20
-7.470195828175063
 10
2.99180523387732
 20
-7.4700338344045365
 10
2.990734297380889
 20
-7.469765578776988
 10
2.989694811385894
 20
-7.4693936447407525
 10
2.988696786710709
 20
-7.46892161422392
 10
2.987749834878531
 20
-7.468354033138404
 10
2.9868630755531607
 20
-7.467696367600332
 10
2.9860450487116528
 20
-7.466954951288349
 10
2.985303632399671
 20
-7.466136924446841
 10
2.984645966861598
 20
-7.465250165121471
 10
2.9840783857760824
 20
-7.464303213289293
 10
2.9836063552592496
 20
-7.4633051886141075
 10
2.983234421223014
 20
-7.4622657026191135
 10
2.982966165595465
 20
-7.461194766122682
 10
2.9828041718249394
 20
-7.460102692828708
 10
2.9827500000000016
 20
-7.4590000000000005
 10
2.9828041718249394
 20
-7.457897307171293
 10
2.982966165595465
 20
-7.456805233877319
 10
2.983234421223014
 20
-7.4557342973808876
 10
2.9836063552592496
 20
-7.4546948113858935
 10
2.9840783857760824
 20
-7.453696786710708
 10
2.984645966861598
 20
-7.45274983487853
 10
2.985303632399671
 20
-7.45186307555316
 10
2.9860450487116528
 20
-7.451045048711652
 10
2.9868630755531607
 20
-7.450303632399669
 10
2.987749834878531
 20
-7.449645966861597
 10
2.988696786710709
 20
-7.449078385776081
 10
2.989694811385894
 20
-7.4486063552592485
 10
2.990734297380889
 20
-7.448234421223013
 10
2.99180523387732
 20
-7.4479661655954645
 10
2.992897307171294
 20
-7.447804171824938
 10
2.9940000000000015
 20
-7.44775
 10
2.9951026928287092
 20
-7.447804171824938
 10
2.996194766122683
 20
-7.4479661655954645
 10
2.997265702619114
 20
-7.448234421223013
 10
2.998305188614109
 20
-7.4486063552592485
 10
2.999303213289294
 20
-7.449078385776081
 10
3.000250165121472
 20
-7.449645966861597
 10
3.0011369244468424
 20
-7.450303632399669
 10
3.0019549512883503
 20
-7.451045048711652
 10
3.002696367600332
 20
-7.45186307555316
 10
3.003354033138405
 20
-7.45274983487853
 10
3.0039216142239207
 20
-7.453696786710708
 10
3.0043936447407535
 20
-7.4546948113858935
 10
3.004765578776989
 20
-7.4557342973808876
 10
3.005033834404538
 20
-7.456805233877319
 10
3.0051958281750637
 20
-7.457897307171293
 97
0
 75
0
 76
1
 98
0
  0
HATCH
  5
5B7
330
17
100
AcDbEntity
  8
K-ZBROJENIE
 62
7
420
0
100
AcDbHatch
 10
0.0
 20
0.0
 30
0.0
210
0.0
220
0.0
230
1.0
  2
SOLID
 70
1
 71
0
 91
1
 92
3
 72
0
 73
1
 93
64
 10
2.8972500000000014
 20
-7.281
 10
2.8971958281750636
 20
-7.282102692828707
 10
2.897033834404538
 20
-7.283194766122681
 10
2.896765578776989
 20
-7.284265702619113
 10
2.8963936447407534
 20
-7.285305188614107
 10
2.8959216142239206
 20
-7.286303213289292
 10
2.895354033138405
 20
-7.2872501651214705
 10
2.894696367600332
 20
-7.288136924446841
 10
2.8939549512883502
 20
-7.288954951288348
 10
2.8931369244468423
 20
-7.289696367600331
 10
2.892250165121472
 20
-7.290354033138403
 10
2.891303213289294
 20
-7.290921614223919
 10
2.890305188614109
 20
-7.291393644740752
 10
2.889265702619114
 20
-7.291765578776987
 10
2.888194766122683
 20
-7.292033834404536
 10
2.887102692828709
 20
-7.292195828175062
 10
2.8860000000000015
 20
-7.29225
 10
2.884897307171294
 20
-7.292195828175062
 10
2.88380523387732
 20
-7.292033834404536
 10
2.882734297380889
 20
-7.291765578776987
 10
2.881694811385894
 20
-7.291393644740752
 10
2.880696786710709
 20
-7.290921614223919
 10
2.879749834878531
 20
-7.290354033138403
 10
2.8788630755531606
 20
-7.289696367600331
 10
2.8780450487116527
 20
-7.288954951288348
 10
2.877303632399671
 20
-7.288136924446841
 10
2.876645966861598
 20
-7.2872501651214705
 10
2.8760783857760823
 20
-7.286303213289292
 10
2.8756063552592495
 20
-7.285305188614107
 10
2.875234421223014
 20
-7.284265702619113
 10
2.874966165595465
 20
-7.283194766122681
 10
2.8748041718249393
 20
-7.282102692828707
 10
2.8747500000000015
 20
-7.281
 10
2.8748041718249393
 20
-7.279897307171292
 10
2.874966165595465
 20
-7.278805233877319
 10
2.875234421223014
 20
-7.277734297380887
 10
2.8756063552592495
 20
-7.276694811385893
 10
2.8760783857760823
 20
-7.275696786710707
 10
2.876645966861598
 20
-7.274749834878529
 10
2.877303632399671
 20
-7.273863075553159
 10
2.8780450487116527
 20
-7.273045048711651
 10
2.8788630755531606
 20
-7.272303632399669
 10
2.879749834878531
 20
-7.2716459668615965
 10
2.880696786710709
 20
-7.271078385776081
 10
2.881694811385894
 20
-7.270606355259248
 10
2.882734297380889
 20
-7.270234421223012
 10
2.88380523387732
 20
-7.269966165595464
 10
2.884897307171294
 20
-7.269804171824937
 10
2.8860000000000015
 20
-7.269749999999999
 10
2.887102692828709
 20
-7.269804171824937
 10
2.888194766122683
 20
-7.269966165595464
 10
2.889265702619114
 20
-7.270234421223012
 10
2.890305188614109
 20
-7.270606355259248
 10
2.891303213289294
 20
-7.271078385776081
 10
2.892250165121472
 20
-7.2716459668615965
 10
2.8931369244468423
 20
-7.272303632399669
 10
2.8939549512883502
 20
-7.273045048711651
 10
2.894696367600332
 20
-7.273863075553159
 10
2.895354033138405
 20
-7.274749834878529
 10
2.8959216142239206
 20
-7.275696786710707
 10
2.8963936447407534
 20
-7.276694811385893
 10
2.896765578776989
 20
-7.277734297380887
 10
2.897033834404538
 20
-7.278805233877319
 10
2.8971958281750636
 20
-7.279897307171292
 97
0
 75
0
 76
1
 98
0
  0
HATCH
  5
5B8
330
17
100
AcDbEntity
  8
K-ZBROJENIE
 62
7
420
0
100
AcDbHatch
 10
0.0
 20
0.0
 30
0.0
210
0.0
220
0.0
230
1.0
  2
SOLID
 70
1
 71
0
 91
1
 92
3
 72
0
 73
1
 93
64
 10
3.0052500000000015
 20
-7.281
 10
3.0051958281750637
 20
-7.282102692828707
 10
3.005033834404538
 20
-7.283194766122681
 10
3.004765578776989
 20
-7.284265702619113
 10
3.0043936447407535
 20
-7.285305188614107
 10
3.0039216142239207
 20
-7.286303213289292
 10
3.003354033138405
 20
-7.2872501651214705
 10
3.002696367600332
 20
-7.288136924446841
 10
3.0019549512883503
 20
-7.288954951288348
 10
3.0011369244468424
 20
-7.289696367600331
 10
3.000250165121472
 20
-7.290354033138403
 10
2.999303213289294
 20
-7.290921614223919
 10
2.998305188614109
 20
-7.291393644740752
 10
2.997265702619114
 20
-7.291765578776987
 10
2.996194766122683
 20
-7.292033834404536
 10
2.9951026928287092
 20
-7.292195828175062
 10
2.9940000000000015
 20
-7.29225
 10
2.992897307171294
 20
-7.292195828175062
 10
2.99180523387732
 20
-7.292033834404536
 10
2.990734297380889
 20
-7.291765578776987
 10
2.989694811385894
 20
-7.291393644740752
 10
2.988696786710709
 20
-7.290921614223919
 10
2.987749834878531
 20
-7.290354033138403
 10
2.9868630755531607
 20
-7.289696367600331
 10
2.9860450487116528
 20
-7.288954951288348
 10
2.985303632399671
 20
-7.288136924446841
 10
2.984645966861598
 20
-7.2872501651214705
 10
2.9840783857760824
 20
-7.286303213289292
 10
2.9836063552592496
 20
-7.285305188614107
 10
2.983234421223014
 20
-7.284265702619113
 10
2.982966165595465
 20
-7.283194766122681
 10
2.9828041718249394
 20
-7.282102692828707
 10
2.9827500000000016
 20
-7.281
 10
2.9828041718249394
 20
-7.279897307171292
 10
2.982966165595465
 20
-7.278805233877319
 10
2.983234421223014
 20
-7.277734297380887
 10
2.9836063552592496
 20
-7.276694811385893
 10
2.9840783857760824
 20
-7.275696786710707
 10
2.984645966861598
 20
-7.274749834878529
 10
2.985303632399671
 20
-7.273863075553159
 10
2.9860450487116528
 20
-7.273045048711651
 10
2.9868630755531607
 20
-7.272303632399669
 10
2.987749834878531
 20
-7.2716459668615965
 10
2.988696786710709
 20
-7.271078385776081
 10
2.989694811385894
 20
-7.270606355259248
 10
2.990734297380889
 20
-7.270234421223012
 10
2.99180523387732
 20
-7.269966165595464
 10
2.992897307171294
 20
-7.269804171824937
 10
2.9940000000000015
 20
-7.269749999999999
 10
2.9951026928287092
 20
-7.269804171824937
 10
2.996194766122683
 20
-7.269966165595464
 10
2.997265702619114
 20
-7.270234421223012
 10
2.998305188614109
 20
-7.270606355259248
 10
2.999303213289294
 20
-7.271078385776081
 10
3.000250165121472
 20
-7.2716459668615965
 10
3.0011369244468424
 20
-7.272303632399669
 10
3.0019549512883503
 20
-7.273045048711651
 10
3.002696367600332
 20
-7.273863075553159
 10
3.003354033138405
 20
-7.274749834878529
 10
3.0039216142239207
 20
-7.275696786710707
 10
3.0043936447407535
 20
-7.276694811385893
 10
3.004765578776989
 20
-7.277734297380887
 10
3.005033834404538
 20
-7.278805233877319
 10
3.0051958281750637
 20
-7.279897307171292
 97
0
 75
0
 76
1
 98
0
  0
HATCH
  5
5B9
330
17
100
AcDbEntity
  8
K-ZBROJENIE
 62
7
420
0
100
AcDbHatch
 10
0.0
 20
0.0
 30
0.0
210
0.0
220
0.0
230
1.0
  2
SOLID
 70
1
 71
0
 91
1
 92
3
 72
0
 73
1
 93
64
 10
7.2272500000000015
 20
-7.4590000000000005
 10
7.227195828175064
 20
-7.460102692828708
 10
7.227033834404537
 20
-7.461194766122682
 10
7.226765578776988
 20
-7.4622657026191135
 10
7.226393644740753
 20
-7.4633051886141075
 10
7.22592161422392
 20
-7.464303213289293
 10
7.225354033138404
 20
-7.465250165121471
 10
7.224696367600332
 20
-7.466136924446841
 10
7.223954951288349
 20
-7.466954951288349
 10
7.223136924446842
 20
-7.467696367600332
 10
7.222250165121472
 20
-7.468354033138404
 10
7.221303213289294
 20
-7.46892161422392
 10
7.220305188614108
 20
-7.4693936447407525
 10
7.219265702619114
 20
-7.469765578776988
 10
7.218194766122682
 20
-7.4700338344045365
 10
7.217102692828709
 20
-7.470195828175063
 10
7.216000000000001
 20
-7.470250000000001
 10
7.214897307171293
 20
-7.470195828175063
 10
7.21380523387732
 20
-7.4700338344045365
 10
7.212734297380888
 20
-7.469765578776988
 10
7.211694811385894
 20
-7.4693936447407525
 10
7.210696786710709
 20
-7.46892161422392
 10
7.20974983487853
 20
-7.468354033138404
 10
7.20886307555316
 20
-7.467696367600332
 10
7.208045048711653
 20
-7.466954951288349
 10
7.20730363239967
 20
-7.466136924446841
 10
7.206645966861598
 20
-7.465250165121471
 10
7.206078385776082
 20
-7.464303213289293
 10
7.205606355259249
 20
-7.4633051886141075
 10
7.205234421223014
 20
-7.4622657026191135
 10
7.204966165595465
 20
-7.461194766122682
 10
7.2048041718249385
 20
-7.460102692828708
 10
7.204750000000001
 20
-7.4590000000000005
 10
7.2048041718249385
 20
-7.457897307171293
 10
7.204966165595465
 20
-7.456805233877319
 10
7.205234421223014
 20
-7.4557342973808876
 10
7.205606355259249
 20
-7.4546948113858935
 10
7.206078385776082
 20
-7.453696786710708
 10
7.206645966861598
 20
-7.45274983487853
 10
7.20730363239967
 20
-7.45186307555316
 10
7.208045048711653
 20
-7.451045048711652
 10
7.20886307555316
 20
-7.450303632399669
 10
7.20974983487853
 20
-7.449645966861597
 10
7.210696786710709
 20
-7.449078385776081
 10
7.211694811385894
 20
-7.4486063552592485
 10
7.212734297380888
 20
-7.448234421223013
 10
7.21380523387732
 20
-7.4479661655954645
 10
7.214897307171293
 20
-7.447804171824938
 10
7.216000000000001
 20
-7.44775
 10
7.217102692828709
 20
-7.447804171824938
 10
7.218194766122682
 20
-7.4479661655954645
 10
7.219265702619114
 20
-7.448234421223013
 10
7.220305188614108
 20
-7.4486063552592485
 10
7.221303213289294
 20
-7.449078385776081
 10
7.222250165121472
 20
-7.449645966861597
 10
7.223136924446842
 20
-7.450303632399669
 10
7.223954951288349
 20
-7.451045048711652
 10
7.224696367600332
 20
-7.45186307555316
 10
7.225354033138404
 20
-7.45274983487853
 10
7.22592161422392
 20
-7.453696786710708
 10
7.226393644740753
 20
-7.4546948113858935
 10
7.226765578776988
 20
-7.4557342973808876
 10
7.227033834404537
 20
-7.456805233877319
 10
7.227195828175064
 20
-7.457897307171293
 97
0
 75
0
 76
1
 98
0
  0
HATCH
  5
5BA
330
17
100
AcDbEntity
  8
K-ZBROJENIE
 62
7
420
0
100
AcDbHatch
 10
0.0
 20
0.0
 30
0.0
210
0.0
220
0.0
230
1.0
  2
SOLID
 70
1
 71
0
 91
1
 92
3
 72
0
 73
1
 93
64
 10
7.263250000000002
 20
-7.4590000000000005
 10
7.263195828175064
 20
-7.460102692828708
 10
7.2630338344045375
 20
-7.461194766122682
 10
7.262765578776989
 20
-7.4622657026191135
 10
7.2623936447407536
 20
-7.4633051886141075
 10
7.261921614223921
 20
-7.464303213289293
 10
7.261354033138405
 20
-7.465250165121471
 10
7.260696367600333
 20
-7.466136924446841
 10
7.25995495128835
 20
-7.466954951288349
 10
7.259136924446842
 20
-7.467696367600332
 10
7.258250165121472
 20
-7.468354033138404
 10
7.257303213289294
 20
-7.46892161422392
 10
7.256305188614109
 20
-7.4693936447407525
 10
7.2552657026191145
 20
-7.469765578776988
 10
7.254194766122683
 20
-7.4700338344045365
 10
7.253102692828709
 20
-7.470195828175063
 10
7.252000000000002
 20
-7.470250000000001
 10
7.250897307171294
 20
-7.470195828175063
 10
7.2498052338773205
 20
-7.4700338344045365
 10
7.248734297380889
 20
-7.469765578776988
 10
7.2476948113858946
 20
-7.4693936447407525
 10
7.246696786710709
 20
-7.46892161422392
 10
7.245749834878531
 20
-7.468354033138404
 10
7.244863075553161
 20
-7.467696367600332
 10
7.244045048711653
 20
-7.466954951288349
 10
7.2433036323996705
 20
-7.466136924446841
 10
7.242645966861598
 20
-7.465250165121471
 10
7.242078385776082
 20
-7.464303213289293
 10
7.24160635525925
 20
-7.4633051886141075
 10
7.241234421223014
 20
-7.4622657026191135
 10
7.240966165595466
 20
-7.461194766122682
 10
7.240804171824939
 20
-7.460102692828708
 10
7.240750000000001
 20
-7.4590000000000005
 10
7.240804171824939
 20
-7.457897307171293
 10
7.240966165595466
 20
-7.456805233877319
 10
7.241234421223014
 20
-7.4557342973808876
 10
7.24160635525925
 20
-7.4546948113858935
 10
7.242078385776082
 20
-7.453696786710708
 10
7.242645966861598
 20
-7.45274983487853
 10
7.2433036323996705
 20
-7.45186307555316
 10
7.244045048711653
 20
-7.451045048711652
 10
7.244863075553161
 20
-7.450303632399669
 10
7.245749834878531
 20
-7.449645966861597
 10
7.246696786710709
 20
-7.449078385776081
 10
7.2476948113858946
 20
-7.4486063552592485
 10
7.248734297380889
 20
-7.448234421223013
 10
7.2498052338773205
 20
-7.4479661655954645
 10
7.250897307171294
 20
-7.447804171824938
 10
7.252000000000002
 20
-7.44775
 10
7.253102692828709
 20
-7.447804171824938
 10
7.254194766122683
 20
-7.4479661655954645
 10
7.2552657026191145
 20
-7.448234421223013
 10
7.256305188614109
 20
-7.4486063552592485
 10
7.257303213289294
 20
-7.449078385776081
 10
7.258250165121472
 20
-7.449645966861597
 10
7.259136924446842
 20
-7.450303632399669
 10
7.25995495128835
 20
-7.451045048711652
 10
7.260696367600333
 20
-7.45186307555316
 10
7.261354033138405
 20
-7.45274983487853
 10
7.261921614223921
 20
-7.453696786710708
 10
7.2623936447407536
 20
-7.4546948113858935
 10
7.262765578776989
 20
-7.4557342973808876
 10
7.2630338344045375
 20
-7.456805233877319
 10
7.263195828175064
 20
-7.457897307171293
 97
0
 75
0
 76
1
 98
0
  0
HATCH
  5
5BB
330
17
100
AcDbEntity
  8
K-ZBROJENIE
 62
7
420
0
100
AcDbHatch
 10
0.0
 20
0.0
 30
0.0
210
0.0
220
0.0
230
1.0
  2
SOLID
 70
1
 71
0
 91
1
 92
3
 72
0
 73
1
 93
64
 10
7.299250000000002
 20
-7.4590000000000005
 10
7.299195828175064
 20
-7.460102692828708
 10
7.299033834404537
 20
-7.461194766122682
 10
7.2987655787769885
 20
-7.4622657026191135
 10
7.298393644740753
 20
-7.4633051886141075
 10
7.29792161422392
 20
-7.464303213289293
 10
7.297354033138404
 20
-7.465250165121471
 10
7.296696367600332
 20
-7.466136924446841
 10
7.2959549512883495
 20
-7.466954951288349
 10
7.295136924446842
 20
-7.467696367600332
 10
7.294250165121472
 20
-7.468354033138404
 10
7.293303213289294
 20
-7.46892161422392
 10
7.292305188614108
 20
-7.4693936447407525
 10
7.291265702619114
 20
-7.469765578776988
 10
7.290194766122682
 20
-7.4700338344045365
 10
7.289102692828709
 20
-7.470195828175063
 10
7.288000000000001
 20
-7.470250000000001
 10
7.2868973071712935
 20
-7.470195828175063
 10
7.28580523387732
 20
-7.4700338344045365
 10
7.284734297380888
 20
-7.469765578776988
 10
7.283694811385894
 20
-7.4693936447407525
 10
7.282696786710709
 20
-7.46892161422392
 10
7.28174983487853
 20
-7.468354033138404
 10
7.28086307555316
 20
-7.467696367600332
 10
7.280045048711653
 20
-7.466954951288349
 10
7.27930363239967
 20
-7.466136924446841
 10
7.278645966861598
 20
-7.465250165121471
 10
7.278078385776082
 20
-7.464303213289293
 10
7.277606355259249
 20
-7.4633051886141075
 10
7.277234421223014
 20
-7.4622657026191135
 10
7.276966165595465
 20
-7.461194766122682
 10
7.2768041718249385
 20
-7.460102692828708
 10
7.276750000000001
 20
-7.4590000000000005
 10
7.2768041718249385
 20
-7.457897307171293
 10
7.276966165595465
 20
-7.456805233877319
 10
7.277234421223014
 20
-7.4557342973808876
 10
7.277606355259249
 20
-7.4546948113858935
 10
7.278078385776082
 20
-7.453696786710708
 10
7.278645966861598
 20
-7.45274983487853
 10
7.27930363239967
 20
-7.45186307555316
 10
7.280045048711653
 20
-7.451045048711652
 10
7.28086307555316
 20
-7.450303632399669
 10
7.28174983487853
 20
-7.449645966861597
 10
7.282696786710709
 20
-7.449078385776081
 10
7.283694811385894
 20
-7.4486063552592485
 10
7.284734297380888
 20
-7.448234421223013
 10
7.28580523387732
 20
-7.4479661655954645
 10
7.2868973071712935
 20
-7.447804171824938
 10
7.288000000000001
 20
-7.44775
 10
7.289102692828709
 20
-7.447804171824938
 10
7.290194766122682
 20
-7.4479661655954645
 10
7.291265702619114
 20
-7.448234421223013
 10
7.292305188614108
 20
-7.4486063552592485
 10
7.293303213289294
 20
-7.449078385776081
 10
7.294250165121472
 20
-7.449645966861597
 10
7.295136924446842
 20
-7.450303632399669
 10
7.2959549512883495
 20
-7.451045048711652
 10
7.296696367600332
 20
-7.45186307555316
 10
7.297354033138404
 20
-7.45274983487853
 10
7.29792161422392
 20
-7.453696786710708
 10
7.298393644740753
 20
-7.4546948113858935
 10
7.2987655787769885
 20
-7.4557342973808876
 10
7.299033834404537
 20
-7.456805233877319
 10
7.299195828175064
 20
-7.457897307171293
 97
0
 75
0
 76
1
 98
0
  0
HATCH
  5
5BC
330
17
100
AcDbEntity
  8
K-ZBROJENIE
 62
7
420
0
100
AcDbHatch
 10
0.0
 20
0.0
 30
0.0
210
0.0
220
0.0
230
1.0
  2
SOLID
 70
1
 71
0
 91
1
 92
3
 72
0
 73
1
 93
64
 10
7.335250000000002
 20
-7.4590000000000005
 10
7.335195828175064
 20
-7.460102692828708
 10
7.335033834404538
 20
-7.461194766122682
 10
7.334765578776989
 20
-7.4622657026191135
 10
7.334393644740754
 20
-7.4633051886141075
 10
7.333921614223921
 20
-7.464303213289293
 10
7.333354033138405
 20
-7.465250165121471
 10
7.332696367600333
 20
-7.466136924446841
 10
7.33195495128835
 20
-7.466954951288349
 10
7.3311369244468425
 20
-7.467696367600332
 10
7.330250165121472
 20
-7.468354033138404
 10
7.329303213289294
 20
-7.46892161422392
 10
7.328305188614109
 20
-7.4693936447407525
 10
7.327265702619115
 20
-7.469765578776988
 10
7.326194766122683
 20
-7.4700338344045365
 10
7.325102692828709
 20
-7.470195828175063
 10
7.324000000000002
 20
-7.470250000000001
 10
7.322897307171294
 20
-7.470195828175063
 10
7.3218052338773205
 20
-7.4700338344045365
 10
7.320734297380889
 20
-7.469765578776988
 10
7.319694811385895
 20
-7.4693936447407525
 10
7.318696786710709
 20
-7.46892161422392
 10
7.317749834878531
 20
-7.468354033138404
 10
7.316863075553161
 20
-7.467696367600332
 10
7.316045048711653
 20
-7.466954951288349
 10
7.3153036323996705
 20
-7.466136924446841
 10
7.314645966861598
 20
-7.465250165121471
 10
7.3140783857760825
 20
-7.464303213289293
 10
7.31360635525925
 20
-7.4633051886141075
 10
7.313234421223014
 20
-7.4622657026191135
 10
7.312966165595466
 20
-7.461194766122682
 10
7.312804171824939
 20
-7.460102692828708
 10
7.312750000000001
 20
-7.4590000000000005
 10
7.312804171824939
 20
-7.457897307171293
 10
7.312966165595466
 20
-7.456805233877319
 10
7.313234421223014
 20
-7.4557342973808876
 10
7.31360635525925
 20
-7.4546948113858935
 10
7.3140783857760825
 20
-7.453696786710708
 10
7.314645966861598
 20
-7.45274983487853
 10
7.3153036323996705
 20
-7.45186307555316
 10
7.316045048711653
 20
-7.451045048711652
 10
7.316863075553161
 20
-7.450303632399669
 10
7.317749834878531
 20
-7.449645966861597
 10
7.318696786710709
 20
-7.449078385776081
 10
7.319694811385895
 20
-7.4486063552592485
 10
7.320734297380889
 20
-7.448234421223013
 10
7.3218052338773205
 20
-7.4479661655954645
 10
7.322897307171294
 20
-7.447804171824938
 10
7.324000000000002
 20
-7.44775
 10
7.325102692828709
 20
-7.447804171824938
 10
7.326194766122683
 20
-7.4479661655954645
 10
7.327265702619115
 20
-7.448234421223013
 10
7.328305188614109
 20
-7.4486063552592485
 10
7.329303213289294
 20
-7.449078385776081
 10
7.330250165121472
 20
-7.449645966861597
 10
7.3311369244468425
 20
-7.450303632399669
 10
7.33195495128835
 20
-7.451045048711652
 10
7.332696367600333
 20
-7.45186307555316
 10
7.333354033138405
 20
-7.45274983487853
 10
7.333921614223921
 20
-7.453696786710708
 10
7.334393644740754
 20
-7.4546948113858935
 10
7.334765578776989
 20
-7.4557342973808876
 10
7.335033834404538
 20
-7.456805233877319
 10
7.335195828175064
 20
-7.457897307171293
 97
0
 75
0
 76
1
 98
0
  0
HATCH
  5
5BD
330
17
100
AcDbEntity
  8
K-ZBROJENIE
 62
7
420
0
100
AcDbHatch
 10
0.0
 20
0.0
 30
0.0
210
0.0
220
0.0
230
1.0
  2
SOLID
 70
1
 71
0
 91
1
 92
3
 72
0
 73
1
 93
64
 10
7.2272500000000015
 20
-7.428000000000001
 10
7.227195828175064
 20
-7.4291026928287085
 10
7.227033834404537
 20
-7.430194766122682
 10
7.226765578776988
 20
-7.431265702619114
 10
7.226393644740753
 20
-7.432305188614108
 10
7.22592161422392
 20
-7.433303213289293
 10
7.225354033138404
 20
-7.434250165121472
 10
7.224696367600332
 20
-7.435136924446842
 10
7.223954951288349
 20
-7.435954951288349
 10
7.223136924446842
 20
-7.436696367600332
 10
7.222250165121472
 20
-7.437354033138404
 10
7.221303213289294
 20
-7.43792161422392
 10
7.220305188614108
 20
-7.438393644740753
 10
7.219265702619114
 20
-7.438765578776988
 10
7.218194766122682
 20
-7.439033834404537
 10
7.217102692828709
 20
-7.439195828175063
 10
7.216000000000001
 20
-7.439250000000001
 10
7.214897307171293
 20
-7.439195828175063
 10
7.21380523387732
 20
-7.439033834404537
 10
7.212734297380888
 20
-7.438765578776988
 10
7.211694811385894
 20
-7.438393644740753
 10
7.210696786710709
 20
-7.43792161422392
 10
7.20974983487853
 20
-7.437354033138404
 10
7.20886307555316
 20
-7.436696367600332
 10
7.208045048711653
 20
-7.435954951288349
 10
7.20730363239967
 20
-7.435136924446842
 10
7.206645966861598
 20
-7.434250165121472
 10
7.206078385776082
 20
-7.433303213289293
 10
7.205606355259249
 20
-7.432305188614108
 10
7.205234421223014
 20
-7.431265702619114
 10
7.204966165595465
 20
-7.430194766122682
 10
7.2048041718249385
 20
-7.4291026928287085
 10
7.204750000000001
 20
-7.428000000000001
 10
7.2048041718249385
 20
-7.426897307171293
 10
7.204966165595465
 20
-7.42580523387732
 10
7.205234421223014
 20
-7.424734297380888
 10
7.205606355259249
 20
-7.423694811385894
 10
7.206078385776082
 20
-7.422696786710708
 10
7.206645966861598
 20
-7.42174983487853
 10
7.20730363239967
 20
-7.42086307555316
 10
7.208045048711653
 20
-7.4200450487116525
 10
7.20886307555316
 20
-7.41930363239967
 10
7.20974983487853
 20
-7.418645966861598
 10
7.210696786710709
 20
-7.418078385776082
 10
7.211694811385894
 20
-7.417606355259249
 10
7.212734297380888
 20
-7.4172344212230135
 10
7.21380523387732
 20
-7.416966165595465
 10
7.214897307171293
 20
-7.416804171824938
 10
7.216000000000001
 20
-7.41675
 10
7.217102692828709
 20
-7.416804171824938
 10
7.218194766122682
 20
-7.416966165595465
 10
7.219265702619114
 20
-7.4172344212230135
 10
7.220305188614108
 20
-7.417606355259249
 10
7.221303213289294
 20
-7.418078385776082
 10
7.222250165121472
 20
-7.418645966861598
 10
7.223136924446842
 20
-7.41930363239967
 10
7.223954951288349
 20
-7.4200450487116525
 10
7.224696367600332
 20
-7.42086307555316
 10
7.225354033138404
 20
-7.42174983487853
 10
7.22592161422392
 20
-7.422696786710708
 10
7.226393644740753
 20
-7.423694811385894
 10
7.226765578776988
 20
-7.424734297380888
 10
7.227033834404537
 20
-7.42580523387732
 10
7.227195828175064
 20
-7.426897307171293
 97
0
 75
0
 76
1
 98
0
  0
HATCH
  5
5BE
330
17
100
AcDbEntity
  8
K-ZBROJENIE
 62
7
420
0
100
AcDbHatch
 10
0.0
 20
0.0
 30
0.0
210
0.0
220
0.0
230
1.0
  2
SOLID
 70
1
 71
0
 91
1
 92
3
 72
0
 73
1
 93
64
 10
7.281250000000002
 20
-7.428000000000001
 10
7.281195828175064
 20
-7.4291026928287085
 10
7.281033834404537
 20
-7.430194766122682
 10
7.280765578776989
 20
-7.431265702619114
 10
7.280393644740753
 20
-7.432305188614108
 10
7.2799216142239205
 20
-7.433303213289293
 10
7.279354033138405
 20
-7.434250165121472
 10
7.2786963676003325
 20
-7.435136924446842
 10
7.27795495128835
 20
-7.435954951288349
 10
7.277136924446842
 20
-7.436696367600332
 10
7.276250165121472
 20
-7.437354033138404
 10
7.275303213289294
 20
-7.43792161422392
 10
7.274305188614108
 20
-7.438393644740753
 10
7.273265702619114
 20
-7.438765578776988
 10
7.2721947661226825
 20
-7.439033834404537
 10
7.271102692828709
 20
-7.439195828175063
 10
7.270000000000001
 20
-7.439250000000001
 10
7.268897307171294
 20
-7.439195828175063
 10
7.26780523387732
 20
-7.439033834404537
 10
7.266734297380888
 20
-7.438765578776988
 10
7.265694811385894
 20
-7.438393644740753
 10
7.264696786710709
 20
-7.43792161422392
 10
7.2637498348785305
 20
-7.437354033138404
 10
7.2628630755531605
 20
-7.436696367600332
 10
7.262045048711653
 20
-7.435954951288349
 10
7.26130363239967
 20
-7.435136924446842
 10
7.260645966861598
 20
-7.434250165121472
 10
7.260078385776082
 20
-7.433303213289293
 10
7.259606355259249
 20
-7.432305188614108
 10
7.259234421223014
 20
-7.431265702619114
 10
7.258966165595465
 20
-7.430194766122682
 10
7.258804171824939
 20
-7.4291026928287085
 10
7.258750000000001
 20
-7.428000000000001
 10
7.258804171824939
 20
-7.426897307171293
 10
7.258966165595465
 20
-7.42580523387732
 10
7.259234421223014
 20
-7.424734297380888
 10
7.259606355259249
 20
-7.423694811385894
 10
7.260078385776082
 20
-7.422696786710708
 10
7.260645966861598
 20
-7.42174983487853
 10
7.26130363239967
 20
-7.42086307555316
 10
7.262045048711653
 20
-7.4200450487116525
 10
7.2628630755531605
 20
-7.41930363239967
 10
7.2637498348785305
 20
-7.418645966861598
 10
7.264696786710709
 20
-7.418078385776082
 10
7.265694811385894
 20
-7.417606355259249
 10
7.266734297380888
 20
-7.4172344212230135
 10
7.26780523387732
 20
-7.416966165595465
 10
7.268897307171294
 20
-7.416804171824938
 10
7.270000000000001
 20
-7.41675
 10
7.271102692828709
 20
-7.416804171824938
 10
7.2721947661226825
 20
-7.416966165595465
 10
7.273265702619114
 20
-7.4172344212230135
 10
7.274305188614108
 20
-7.417606355259249
 10
7.275303213289294
 20
-7.418078385776082
 10
7.276250165121472
 20
-7.418645966861598
 10
7.277136924446842
 20
-7.41930363239967
 10
7.27795495128835
 20
-7.4200450487116525
 10
7.2786963676003325
 20
-7.42086307555316
 10
7.279354033138405
 20
-7.42174983487853
 10
7.2799216142239205
 20
-7.422696786710708
 10
7.280393644740753
 20
-7.423694811385894
 10
7.280765578776989
 20
-7.424734297380888
 10
7.281033834404537
 20
-7.42580523387732
 10
7.281195828175064
 20
-7.426897307171293
 97
0
 75
0
 76
1
 98
0
  0
HATCH
  5
5BF
330
17
100
AcDbEntity
  8
K-ZBROJENIE
 62
7
420
0
100
AcDbHatch
 10
0.0
 20
0.0
 30
0.0
210
0.0
220
0.0
230
1.0
  2
SOLID
 70
1
 71
0
 91
1
 92
3
 72
0
 73
1
 93
64
 10
7.335250000000002
 20
-7.428000000000001
 10
7.335195828175064
 20
-7.4291026928287085
 10
7.335033834404538
 20
-7.430194766122682
 10
7.334765578776989
 20
-7.431265702619114
 10
7.334393644740754
 20
-7.432305188614108
 10
7.333921614223921
 20
-7.433303213289293
 10
7.333354033138405
 20
-7.434250165121472
 10
7.332696367600333
 20
-7.435136924446842
 10
7.33195495128835
 20
-7.435954951288349
 10
7.3311369244468425
 20
-7.436696367600332
 10
7.330250165121472
 20
-7.437354033138404
 10
7.329303213289294
 20
-7.43792161422392
 10
7.328305188614109
 20
-7.438393644740753
 10
7.327265702619115
 20
-7.438765578776988
 10
7.326194766122683
 20
-7.439033834404537
 10
7.325102692828709
 20
-7.439195828175063
 10
7.324000000000002
 20
-7.439250000000001
 10
7.322897307171294
 20
-7.439195828175063
 10
7.3218052338773205
 20
-7.439033834404537
 10
7.320734297380889
 20
-7.438765578776988
 10
7.319694811385895
 20
-7.438393644740753
 10
7.318696786710709
 20
-7.43792161422392
 10
7.317749834878531
 20
-7.437354033138404
 10
7.316863075553161
 20
-7.436696367600332
 10
7.316045048711653
 20
-7.435954951288349
 10
7.3153036323996705
 20
-7.435136924446842
 10
7.314645966861598
 20
-7.434250165121472
 10
7.3140783857760825
 20
-7.433303213289293
 10
7.31360635525925
 20
-7.432305188614108
 10
7.313234421223014
 20
-7.431265702619114
 10
7.312966165595466
 20
-7.430194766122682
 10
7.312804171824939
 20
-7.4291026928287085
 10
7.312750000000001
 20
-7.428000000000001
 10
7.312804171824939
 20
-7.426897307171293
 10
7.312966165595466
 20
-7.42580523387732
 10
7.313234421223014
 20
-7.424734297380888
 10
7.31360635525925
 20
-7.423694811385894
 10
7.3140783857760825
 20
-7.422696786710708
 10
7.314645966861598
 20
-7.42174983487853
 10
7.3153036323996705
 20
-7.42086307555316
 10
7.316045048711653
 20
-7.4200450487116525
 10
7.316863075553161
 20
-7.41930363239967
 10
7.317749834878531
 20
-7.418645966861598
 10
7.318696786710709
 20
-7.418078385776082
 10
7.319694811385895
 20
-7.417606355259249
 10
7.320734297380889
 20
-7.4172344212230135
 10
7.3218052338773205
 20
-7.416966165595465
 10
7.322897307171294
 20
-7.416804171824938
 10
7.324000000000002
 20
-7.41675
 10
7.325102692828709
 20
-7.416804171824938
 10
7.326194766122683
 20
-7.416966165595465
 10
7.327265702619115
 20
-7.4172344212230135
 10
7.328305188614109
 20
-7.417606355259249
 10
7.329303213289294
 20
-7.418078385776082
 10
7.330250165121472
 20
-7.418645966861598
 10
7.3311369244468425
 20
-7.41930363239967
 10
7.33195495128835
 20
-7.4200450487116525
 10
7.332696367600333
 20
-7.42086307555316
 10
7.333354033138405
 20
-7.42174983487853
 10
7.333921614223921
 20
-7.422696786710708
 10
7.334393644740754
 20
-7.423694811385894
 10
7.334765578776989
 20
-7.424734297380888
 10
7.335033834404538
 20
-7.42580523387732
 10
7.335195828175064
 20
-7.426897307171293
 97
0
 75
0
 76
1
 98
0
  0
HATCH
  5
5C0
330
17
100
AcDbEntity
  8
K-ZBROJENIE
 62
7
420
0
100
AcDbHatch
 10
0.0
 20
0.0
 30
0.0
210
0.0
220
0.0
230
1.0
  2
SOLID
 70
1
 71
0
 91
1
 92
3
 72
0
 73
1
 93
64
 10
7.2272500000000015
 20
-7.281
 10
7.227195828175064
 20
-7.282102692828707
 10
7.227033834404537
 20
-7.283194766122681
 10
7.226765578776988
 20
-7.284265702619113
 10
7.226393644740753
 20
-7.285305188614107
 10
7.22592161422392
 20
-7.286303213289292
 10
7.225354033138404
 20
-7.2872501651214705
 10
7.224696367600332
 20
-7.288136924446841
 10
7.223954951288349
 20
-7.288954951288348
 10
7.223136924446842
 20
-7.289696367600331
 10
7.222250165121472
 20
-7.290354033138403
 10
7.221303213289294
 20
-7.290921614223919
 10
7.220305188614108
 20
-7.291393644740752
 10
7.219265702619114
 20
-7.291765578776987
 10
7.218194766122682
 20
-7.292033834404536
 10
7.217102692828709
 20
-7.292195828175062
 10
7.216000000000001
 20
-7.29225
 10
7.214897307171293
 20
-7.292195828175062
 10
7.21380523387732
 20
-7.292033834404536
 10
7.212734297380888
 20
-7.291765578776987
 10
7.211694811385894
 20
-7.291393644740752
 10
7.210696786710709
 20
-7.290921614223919
 10
7.20974983487853
 20
-7.290354033138403
 10
7.20886307555316
 20
-7.289696367600331
 10
7.208045048711653
 20
-7.288954951288348
 10
7.20730363239967
 20
-7.288136924446841
 10
7.206645966861598
 20
-7.2872501651214705
 10
7.206078385776082
 20
-7.286303213289292
 10
7.205606355259249
 20
-7.285305188614107
 10
7.205234421223014
 20
-7.284265702619113
 10
7.204966165595465
 20
-7.283194766122681
 10
7.2048041718249385
 20
-7.282102692828707
 10
7.204750000000001
 20
-7.281
 10
7.2048041718249385
 20
-7.279897307171292
 10
7.204966165595465
 20
-7.278805233877319
 10
7.205234421223014
 20
-7.277734297380887
 10
7.205606355259249
 20
-7.276694811385893
 10
7.206078385776082
 20
-7.275696786710707
 10
7.206645966861598
 20
-7.274749834878529
 10
7.20730363239967
 20
-7.273863075553159
 10
7.208045048711653
 20
-7.273045048711651
 10
7.20886307555316
 20
-7.272303632399669
 10
7.20974983487853
 20
-7.2716459668615965
 10
7.210696786710709
 20
-7.271078385776081
 10
7.211694811385894
 20
-7.270606355259248
 10
7.212734297380888
 20
-7.270234421223012
 10
7.21380523387732
 20
-7.269966165595464
 10
7.214897307171293
 20
-7.269804171824937
 10
7.216000000000001
 20
-7.269749999999999
 10
7.217102692828709
 20
-7.269804171824937
 10
7.218194766122682
 20
-7.269966165595464
 10
7.219265702619114
 20
-7.270234421223012
 10
7.220305188614108
 20
-7.270606355259248
 10
7.221303213289294
 20
-7.271078385776081
 10
7.222250165121472
 20
-7.2716459668615965
 10
7.223136924446842
 20
-7.272303632399669
 10
7.223954951288349
 20
-7.273045048711651
 10
7.224696367600332
 20
-7.273863075553159
 10
7.225354033138404
 20
-7.274749834878529
 10
7.22592161422392
 20
-7.275696786710707
 10
7.226393644740753
 20
-7.276694811385893
 10
7.226765578776988
 20
-7.277734297380887
 10
7.227033834404537
 20
-7.278805233877319
 10
7.227195828175064
 20
-7.279897307171292
 97
0
 75
0
 76
1
 98
0
  0
HATCH
  5
5C1
330
17
100
AcDbEntity
  8
K-ZBROJENIE
 62
7
420
0
100
AcDbHatch
 10
0.0
 20
0.0
 30
0.0
210
0.0
220
0.0
230
1.0
  2
SOLID
 70
1
 71
0
 91
1
 92
3
 72
0
 73
1
 93
64
 10
7.335250000000002
 20
-7.281
 10
7.335195828175064
 20
-7.282102692828707
 10
7.335033834404538
 20
-7.283194766122681
 10
7.334765578776989
 20
-7.284265702619113
 10
7.334393644740754
 20
-7.285305188614107
 10
7.333921614223921
 20
-7.286303213289292
 10
7.333354033138405
 20
-7.2872501651214705
 10
7.332696367600333
 20
-7.288136924446841
 10
7.33195495128835
 20
-7.288954951288348
 10
7.3311369244468425
 20
-7.289696367600331
 10
7.330250165121472
 20
-7.290354033138403
 10
7.329303213289294
 20
-7.290921614223919
 10
7.328305188614109
 20
-7.291393644740752
 10
7.327265702619115
 20
-7.291765578776987
 10
7.326194766122683
 20
-7.292033834404536
 10
7.325102692828709
 20
-7.292195828175062
 10
7.324000000000002
 20
-7.29225
 10
7.322897307171294
 20
-7.292195828175062
 10
7.3218052338773205
 20
-7.292033834404536
 10
7.320734297380889
 20
-7.291765578776987
 10
7.319694811385895
 20
-7.291393644740752
 10
7.318696786710709
 20
-7.290921614223919
 10
7.317749834878531
 20
-7.290354033138403
 10
7.316863075553161
 20
-7.289696367600331
 10
7.316045048711653
 20
-7.288954951288348
 10
7.3153036323996705
 20
-7.288136924446841
 10
7.314645966861598
 20
-7.2872501651214705
 10
7.3140783857760825
 20
-7.286303213289292
 10
7.31360635525925
 20
-7.285305188614107
 10
7.313234421223014
 20
-7.284265702619113
 10
7.312966165595466
 20
-7.283194766122681
 10
7.312804171824939
 20
-7.282102692828707
 10
7.312750000000001
 20
-7.281
 10
7.312804171824939
 20
-7.279897307171292
 10
7.312966165595466
 20
-7.278805233877319
 10
7.313234421223014
 20
-7.277734297380887
 10
7.31360635525925
 20
-7.276694811385893
 10
7.3140783857760825
 20
-7.275696786710707
 10
7.314645966861598
 20
-7.274749834878529
 10
7.3153036323996705
 20
-7.273863075553159
 10
7.316045048711653
 20
-7.273045048711651
 10
7.316863075553161
 20
-7.272303632399669
 10
7.317749834878531
 20
-7.2716459668615965
 10
7.318696786710709
 20
-7.271078385776081
 10
7.319694811385895
 20
-7.270606355259248
 10
7.320734297380889
 20
-7.270234421223012
 10
7.3218052338773205
 20
-7.269966165595464
 10
7.322897307171294
 20
-7.269804171824937
 10
7.324000000000002
 20
-7.269749999999999
 10
7.325102692828709
 20
-7.269804171824937
 10
7.326194766122683
 20
-7.269966165595464
 10
7.327265702619115
 20
-7.270234421223012
 10
7.328305188614109
 20
-7.270606355259248
 10
7.329303213289294
 20
-7.271078385776081
 10
7.330250165121472
 20
-7.2716459668615965
 10
7.3311369244468425
 20
-7.272303632399669
 10
7.33195495128835
 20
-7.273045048711651
 10
7.332696367600333
 20
-7.273863075553159
 10
7.333354033138405
 20
-7.274749834878529
 10
7.333921614223921
 20
-7.275696786710707
 10
7.334393644740754
 20
-7.276694811385893
 10
7.334765578776989
 20
-7.277734297380887
 10
7.335033834404538
 20
-7.278805233877319
 10
7.335195828175064
 20
-7.279897307171292
 97
0
 75
0
 76
1
 98
0
  0
LWPOLYLINE
  5
5C2
330
17
100
AcDbEntity
  8
K-ZBROJENIE
370
50
 48
0.025
100
AcDbPolyline
 90
4
 70
0
 10
0.33100000000000007
 20
-0.5079999999999999
 10
0.33100000000000007
 20
-0.7579999999999999
 10
3.4690000000000003
 20
-0.7579999999999999
 10
3.4690000000000003
 20
-0.5079999999999999
  0
LWPOLYLINE
  5
5C3
330
17
100
AcDbEntity
  8
K-ZBROJENIE
370
50
 48
0.025
100
AcDbPolyline
 90
4
 70
0
 10
0.3510000000000001
 20
-0.6609999999999999
 10
0.3510000000000001
 20
-0.4109999999999999
 10
3.4490000000000003
 20
-0.4109999999999999
 10
3.4490000000000003
 20
-0.6609999999999999
  0
LWPOLYLINE
  5
5C4
330
17
100
AcDbEntity
  8
K-ZBROJENIE
370
25
 48
0.025
100
AcDbPolyline
 90
2
 70
0
 10
0.35000000000000003
 20
-0.7699999999999999
 10
0.35000000000000003
 20
-0.39999999999999997
  0
LWPOLYLINE
  5
5C5
330
17
100
AcDbEntity
  8
K-ZBROJENIE
370
25
 48
0.025
100
AcDbPolyline
 90
2
 70
0
 10
0.49000000000000005
 20
-0.7699999999999999
 10
0.49000000000000005
 20
-0.39999999999999997
  0
LWPOLYLINE
  5
5C6
330
17
100
AcDbEntity
  8
K-ZBROJENIE
370
25
 48
0.025
100
AcDbPolyline
 90
2
 70
0
 10
0.6300000000000001
 20
-0.7699999999999999
 10
0.6300000000000001
 20
-0.39999999999999997
  0
LWPOLYLINE
  5
5C7
330
17
100
AcDbEntity
  8
K-ZBROJENIE
370
25
 48
0.025
100
AcDbPolyline
 90
2
 70
0
 10
0.77
 20
-0.7699999999999999
 10
0.77
 20
-0.39999999999999997
  0
LWPOLYLINE
  5
5C8
330
17
100
AcDbEntity
  8
K-ZBROJENIE
370
25
 48
0.025
100
AcDbPolyline
 90
2
 70
0
 10
0.9100000000000001
 20
-0.7699999999999999
 10
0.9100000000000001
 20
-0.39999999999999997
  0
LWPOLYLINE
  5
5C9
330
17
100
AcDbEntity
  8
K-ZBROJENIE
370
25
 48
0.025
100
AcDbPolyline
 90
2
 70
0
 10
1.05
 20
-0.7699999999999999
 10
1.05
 20
-0.39999999999999997
  0
LWPOLYLINE
  5
5CA
330
17
100
AcDbEntity
  8
K-ZBROJENIE
370
25
 48
0.025
100
AcDbPolyline
 90
2
 70
0
 10
1.1900000000000002
 20
-0.7699999999999999
 10
1.1900000000000002
 20
-0.39999999999999997
  0
LWPOLYLINE
  5
5CB
330
17
100
AcDbEntity
  8
K-ZBROJENIE
370
25
 48
0.025
100
AcDbPolyline
 90
2
 70
0
 10
1.33
 20
-0.7699999999999999
 10
1.33
 20
-0.39999999999999997
  0
LWPOLYLINE
  5
5CC
330
17
100
AcDbEntity
  8
K-ZBROJENIE
370
25
 48
0.025
100
AcDbPolyline
 90
2
 70
0
 10
1.4700000000000002
 20
-0.7699999999999999
 10
1.4700000000000002
 20
-0.39999999999999997
  0
LWPOLYLINE
  5
5CD
330
17
100
AcDbEntity
  8
K-ZBROJENIE
370
25
 48
0.025
100
AcDbPolyline
 90
2
 70
0
 10
1.6100000000000003
 20
-0.7699999999999999
 10
1.6100000000000003
 20
-0.39999999999999997
  0
LWPOLYLINE
  5
5CE
330
17
100
AcDbEntity
  8
K-ZBROJENIE
370
25
 48
0.025
100
AcDbPolyline
 90
2
 70
0
 10
1.7500000000000002
 20
-0.7699999999999999
 10
1.7500000000000002
 20
-0.39999999999999997
  0
LWPOLYLINE
  5
5CF
330
17
100
AcDbEntity
  8
K-ZBROJENIE
370
25
 48
0.025
100
AcDbPolyline
 90
2
 70
0
 10
1.8900000000000001
 20
-0.7699999999999999
 10
1.8900000000000001
 20
-0.39999999999999997
  0
LWPOLYLINE
  5
5D0
330
17
100
AcDbEntity
  8
K-ZBROJENIE
370
25
 48
0.025
100
AcDbPolyline
 90
2
 70
0
 10
2.0300000000000002
 20
-0.7699999999999999
 10
2.0300000000000002
 20
-0.39999999999999997
  0
LWPOLYLINE
  5
5D1
330
17
100
AcDbEntity
  8
K-ZBROJENIE
370
25
 48
0.025
100
AcDbPolyline
 90
2
 70
0
 10
2.1700000000000004
 20
-0.7699999999999999
 10
2.1700000000000004
 20
-0.39999999999999997
  0
LWPOLYLINE
  5
5D2
330
17
100
AcDbEntity
  8
K-ZBROJENIE
370
25
 48
0.025
100
AcDbPolyline
 90
2
 70
0
 10
2.31
 20
-0.7699999999999999
 10
2.31
 20
-0.39999999999999997
  0
LWPOLYLINE
  5
5D3
330
17
100
AcDbEntity
  8
K-ZBROJENIE
370
25
 48
0.025
100
AcDbPolyline
 90
2
 70
0
 10
2.45
 20
-0.7699999999999999
 10
2.45
 20
-0.39999999999999997
  0
LWPOLYLINE
  5
5D4
330
17
100
AcDbEntity
  8
K-ZBROJENIE
370
25
 48
0.025
100
AcDbPolyline
 90
2
 70
0
 10
2.5900000000000003
 20
-0.7699999999999999
 10
2.5900000000000003
 20
-0.39999999999999997
  0
LWPOLYLINE
  5
5D5
330
17
100
AcDbEntity
  8
K-ZBROJENIE
370
25
 48
0.025
100
AcDbPolyline
 90
2
 70
0
 10
2.7300000000000004
 20
-0.7699999999999999
 10
2.7300000000000004
 20
-0.39999999999999997
  0
LWPOLYLINE
  5
5D6
330
17
100
AcDbEntity
  8
K-ZBROJENIE
370
25
 48
0.025
100
AcDbPolyline
 90
2
 70
0
 10
2.8700000000000006
 20
-0.7699999999999999
 10
2.8700000000000006
 20
-0.39999999999999997
  0
LWPOLYLINE
  5
5D7
330
17
100
AcDbEntity
  8
K-ZBROJENIE
370
25
 48
0.025
100
AcDbPolyline
 90
2
 70
0
 10
3.0100000000000002
 20
-0.7699999999999999
 10
3.0100000000000002
 20
-0.39999999999999997
  0
LWPOLYLINE
  5
5D8
330
17
100
AcDbEntity
  8
K-ZBROJENIE
370
25
 48
0.025
100
AcDbPolyline
 90
2
 70
0
 10
3.1500000000000004
 20
-0.7699999999999999
 10
3.1500000000000004
 20
-0.39999999999999997
  0
LWPOLYLINE
  5
5D9
330
17
100
AcDbEntity
  8
K-ZBROJENIE
370
25
 48
0.025
100
AcDbPolyline
 90
2
 70
0
 10
3.2900000000000005
 20
-0.7699999999999999
 10
3.2900000000000005
 20
-0.39999999999999997
  0
LWPOLYLINE
  5
5DA
330
17
100
AcDbEntity
  8
K-ZBROJENIE
370
25
 48
0.025
100
AcDbPolyline
 90
2
 70
0
 10
3.43
 20
-0.7699999999999999
 10
3.43
 20
-0.39999999999999997
  0
LWPOLYLINE
  5
5DB
330
17
100
AcDbEntity
  8
K-ZBROJENIE
370
35
 48
0.025
100
AcDbPolyline
 90
4
 70
1
 10
4.178000000000001
 20
-0.7669999999999999
 10
4.302
 20
-0.7669999999999999
 10
4.302
 20
-0.40299999999999997
 10
4.178000000000001
 20
-0.40299999999999997
  0
LWPOLYLINE
  5
5DC
330
17
100
AcDbEntity
  8
K-ZBROJENIE
370
50
 48
0.025
100
AcDbPolyline
 90
4
 70
0
 10
0.30000000000000004
 20
-1.4449999999999998
 10
0.30000000000000004
 20
-1.6949999999999998
 10
3.4400000000000004
 20
-1.6949999999999998
 10
3.4400000000000004
 20
-1.4449999999999998
  0
LWPOLYLINE
  5
5DD
330
17
100
AcDbEntity
  8
K-ZBROJENIE
370
50
 48
0.025
100
AcDbPolyline
 90
4
 70
0
 10
0.30000000000000004
 20
-1.995
 10
0.30000000000000004
 20
-2.245
 10
3.4400000000000004
 20
-2.245
 10
3.4400000000000004
 20
-1.995
  0
LWPOLYLINE
  5
5DE
330
17
100
AcDbEntity
  8
K-ZBROJENIE
370
50
 48
0.025
100
AcDbPolyline
 90
4
 70
1
 10
0.30000000000000004
 20
-3.165
 10
0.43000000000000005
 20
-3.165
 10
0.43000000000000005
 20
-2.795
 10
0.30000000000000004
 20
-2.795
  0
LWPOLYLINE
  5
5DF
330
17
100
AcDbEntity
  8
K-ZBROJENIE
370
50
 48
0.025
100
AcDbPolyline
 90
4
 70
0
 10
0.33100000000000007
 20
-4.065
 10
0.33100000000000007
 20
-4.253
 10
2.4690000000000003
 20
-4.253
 10
2.4690000000000003
 20
-4.065
  0
LWPOLYLINE
  5
5E0
330
17
100
AcDbEntity
  8
K-ZBROJENIE
370
50
 48
0.025
100
AcDbPolyline
 90
4
 70
0
 10
0.3510000000000001
 20
-4.263999999999999
 10
0.3510000000000001
 20
-4.076
 10
2.4490000000000003
 20
-4.076
 10
2.4490000000000003
 20
-4.263999999999999
  0
LWPOLYLINE
  5
5E1
330
17
100
AcDbEntity
  8
K-ZBROJENIE
370
25
 48
0.025
100
AcDbPolyline
 90
2
 70
0
 10
0.35000000000000003
 20
-4.265
 10
0.35000000000000003
 20
-4.065
  0
LWPOLYLINE
  5
5E2
330
17
100
AcDbEntity
  8
K-ZBROJENIE
370
25
 48
0.025
100
AcDbPolyline
 90
2
 70
0
 10
0.5
 20
-4.265
 10
0.5
 20
-4.065
  0
LWPOLYLINE
  5
5E3
330
17
100
AcDbEntity
  8
K-ZBROJENIE
370
25
 48
0.025
100
AcDbPolyline
 90
2
 70
0
 10
0.65
 20
-4.265
 10
0.65
 20
-4.065
  0
LWPOLYLINE
  5
5E4
330
17
100
AcDbEntity
  8
K-ZBROJENIE
370
25
 48
0.025
100
AcDbPolyline
 90
2
 70
0
 10
0.8
 20
-4.265
 10
0.8
 20
-4.065
  0
LWPOLYLINE
  5
5E5
330
17
100
AcDbEntity
  8
K-ZBROJENIE
370
25
 48
0.025
100
AcDbPolyline
 90
2
 70
0
 10
0.95
 20
-4.265
 10
0.95
 20
-4.065
  0
LWPOLYLINE
  5
5E6
330
17
100
AcDbEntity
  8
K-ZBROJENIE
370
25
 48
0.025
100
AcDbPolyline
 90
2
 70
0
 10
1.1
 20
-4.265
 10
1.1
 20
-4.065
  0
LWPOLYLINE
  5
5E7
330
17
100
AcDbEntity
  8
K-ZBROJENIE
370
25
 48
0.025
100
AcDbPolyline
 90
2
 70
0
 10
1.25
 20
-4.265
 10
1.25
 20
-4.065
  0
LWPOLYLINE
  5
5E8
330
17
100
AcDbEntity
  8
K-ZBROJENIE
370
25
 48
0.025
100
AcDbPolyline
 90
2
 70
0
 10
1.4000000000000001
 20
-4.265
 10
1.4000000000000001
 20
-4.065
  0
LWPOLYLINE
  5
5E9
330
17
100
AcDbEntity
  8
K-ZBROJENIE
370
25
 48
0.025
100
AcDbPolyline
 90
2
 70
0
 10
1.55
 20
-4.265
 10
1.55
 20
-4.065
  0
LWPOLYLINE
  5
5EA
330
17
100
AcDbEntity
  8
K-ZBROJENIE
370
25
 48
0.025
100
AcDbPolyline
 90
2
 70
0
 10
1.7
 20
-4.265
 10
1.7
 20
-4.065
  0
LWPOLYLINE
  5
5EB
330
17
100
AcDbEntity
  8
K-ZBROJENIE
370
25
 48
0.025
100
AcDbPolyline
 90
2
 70
0
 10
1.85
 20
-4.265
 10
1.85
 20
-4.065
  0
LWPOLYLINE
  5
5EC
330
17
100
AcDbEntity
  8
K-ZBROJENIE
370
25
 48
0.025
100
AcDbPolyline
 90
2
 70
0
 10
2.0
 20
-4.265
 10
2.0
 20
-4.065
  0
LWPOLYLINE
  5
5ED
330
17
100
AcDbEntity
  8
K-ZBROJENIE
370
25
 48
0.025
100
AcDbPolyline
 90
2
 70
0
 10
2.15
 20
-4.265
 10
2.15
 20
-4.065
  0
LWPOLYLINE
  5
5EE
330
17
100
AcDbEntity
  8
K-ZBROJENIE
370
25
 48
0.025
100
AcDbPolyline
 90
2
 70
0
 10
2.3
 20
-4.265
 10
2.3
 20
-4.065
  0
LWPOLYLINE
  5
5EF
330
17
100
AcDbEntity
  8
K-ZBROJENIE
370
25
 48
0.025
100
AcDbPolyline
 90
2
 70
0
 10
2.45
 20
-4.265
 10
2.45
 20
-4.065
  0
LWPOLYLINE
  5
5F0
330
17
100
AcDbEntity
  8
K-ZBROJENIE
370
35
 48
0.025
100
AcDbPolyline
 90
4
 70
1
 10
3.1780000000000004
 20
-4.262
 10
3.3020000000000005
 20
-4.262
 10
3.3020000000000005
 20
-4.0680000000000005
 10
3.1780000000000004
 20
-4.0680000000000005
  0
LWPOLYLINE
  5
5F1
330
17
100
AcDbEntity
  8
K-ZBROJENIE
370
50
 48
0.025
100
AcDbPolyline
 90
4
 70
0
 10
0.30000000000000004
 20
-5.0
 10
0.30000000000000004
 20
-5.19
 10
2.4400000000000004
 20
-5.19
 10
2.4400000000000004
 20
-5.0
  0
LWPOLYLINE
  5
5F2
330
17
100
AcDbEntity
  8
K-ZBROJENIE
370
50
 48
0.025
100
AcDbPolyline
 90
4
 70
0
 10
0.30000000000000004
 20
-5.49
 10
0.30000000000000004
 20
-5.680000000000001
 10
2.4400000000000004
 20
-5.680000000000001
 10
2.4400000000000004
 20
-5.49
  0
LWPOLYLINE
  5
5F3
330
17
100
AcDbEntity
  8
K-ZBROJENIE
370
50
 48
0.025
100
AcDbPolyline
 90
4
 70
1
 10
0.30000000000000004
 20
-6.370000000000001
 10
0.43000000000000005
 20
-6.370000000000001
 10
0.43000000000000005
 20
-6.170000000000001
 10
0.30000000000000004
 20
-6.170000000000001
  0
LWPOLYLINE
  5
5F4
330
17
100
AcDbEntity
  8
K-ZBROJENIE
370
50
 48
0.025
100
AcDbPolyline
 90
4
 70
0
 10
4.661
 20
-4.066000000000001
 10
4.661
 20
-4.2540000000000004
 10
7.199000000000001
 20
-4.2540000000000004
 10
7.199000000000001
 20
-4.066000000000001
  0
LWPOLYLINE
  5
5F5
330
17
100
AcDbEntity
  8
K-ZBROJENIE
370
50
 48
0.025
100
AcDbPolyline
 90
4
 70
0
 10
4.680999999999999
 20
-4.263999999999999
 10
4.680999999999999
 20
-4.076
 10
7.179000000000001
 20
-4.076
 10
7.179000000000001
 20
-4.263999999999999
  0
LWPOLYLINE
  5
5F6
330
17
100
AcDbEntity
  8
K-ZBROJENIE
370
25
 48
0.025
100
AcDbPolyline
 90
2
 70
0
 10
4.68
 20
-4.265
 10
4.68
 20
-4.065
  0
LWPOLYLINE
  5
5F7
330
17
100
AcDbEntity
  8
K-ZBROJENIE
370
25
 48
0.025
100
AcDbPolyline
 90
2
 70
0
 10
4.83
 20
-4.265
 10
4.83
 20
-4.065
  0
LWPOLYLINE
  5
5F8
330
17
100
AcDbEntity
  8
K-ZBROJENIE
370
25
 48
0.025
100
AcDbPolyline
 90
2
 70
0
 10
4.9799999999999995
 20
-4.265
 10
4.9799999999999995
 20
-4.065
  0
LWPOLYLINE
  5
5F9
330
17
100
AcDbEntity
  8
K-ZBROJENIE
370
25
 48
0.025
100
AcDbPolyline
 90
2
 70
0
 10
5.13
 20
-4.265
 10
5.13
 20
-4.065
  0
LWPOLYLINE
  5
5FA
330
17
100
AcDbEntity
  8
K-ZBROJENIE
370
25
 48
0.025
100
AcDbPolyline
 90
2
 70
0
 10
5.279999999999999
 20
-4.265
 10
5.279999999999999
 20
-4.065
  0
LWPOLYLINE
  5
5FB
330
17
100
AcDbEntity
  8
K-ZBROJENIE
370
25
 48
0.025
100
AcDbPolyline
 90
2
 70
0
 10
5.43
 20
-4.265
 10
5.43
 20
-4.065
  0
LWPOLYLINE
  5
5FC
330
17
100
AcDbEntity
  8
K-ZBROJENIE
370
25
 48
0.025
100
AcDbPolyline
 90
2
 70
0
 10
5.58
 20
-4.265
 10
5.58
 20
-4.065
  0
LWPOLYLINE
  5
5FD
330
17
100
AcDbEntity
  8
K-ZBROJENIE
370
25
 48
0.025
100
AcDbPolyline
 90
2
 70
0
 10
5.7299999999999995
 20
-4.265
 10
5.7299999999999995
 20
-4.065
  0
LWPOLYLINE
  5
5FE
330
17
100
AcDbEntity
  8
K-ZBROJENIE
370
25
 48
0.025
100
AcDbPolyline
 90
2
 70
0
 10
5.88
 20
-4.265
 10
5.88
 20
-4.065
  0
LWPOLYLINE
  5
5FF
330
17
100
AcDbEntity
  8
K-ZBROJENIE
370
25
 48
0.025
100
AcDbPolyline
 90
2
 70
0
 10
6.029999999999999
 20
-4.265
 10
6.029999999999999
 20
-4.065
  0
LWPOLYLINE
  5
600
330
17
100
AcDbEntity
  8
K-ZBROJENIE
370
25
 48
0.025
100
AcDbPolyline
 90
2
 70
0
 10
6.18
 20
-4.265
 10
6.18
 20
-4.065
  0
LWPOLYLINE
  5
601
330
17
100
AcDbEntity
  8
K-ZBROJENIE
370
25
 48
0.025
100
AcDbPolyline
 90
2
 70
0
 10
6.33
 20
-4.265
 10
6.33
 20
-4.065
  0
LWPOLYLINE
  5
602
330
17
100
AcDbEntity
  8
K-ZBROJENIE
370
25
 48
0.025
100
AcDbPolyline
 90
2
 70
0
 10
6.4799999999999995
 20
-4.265
 10
6.4799999999999995
 20
-4.065
  0
LWPOLYLINE
  5
603
330
17
100
AcDbEntity
  8
K-ZBROJENIE
370
25
 48
0.025
100
AcDbPolyline
 90
2
 70
0
 10
6.63
 20
-4.265
 10
6.63
 20
-4.065
  0
LWPOLYLINE
  5
604
330
17
100
AcDbEntity
  8
K-ZBROJENIE
370
25
 48
0.025
100
AcDbPolyline
 90
2
 70
0
 10
6.779999999999999
 20
-4.265
 10
6.779999999999999
 20
-4.065
  0
LWPOLYLINE
  5
605
330
17
100
AcDbEntity
  8
K-ZBROJENIE
370
25
 48
0.025
100
AcDbPolyline
 90
2
 70
0
 10
6.93
 20
-4.265
 10
6.93
 20
-4.065
  0
LWPOLYLINE
  5
606
330
17
100
AcDbEntity
  8
K-ZBROJENIE
370
25
 48
0.025
100
AcDbPolyline
 90
2
 70
0
 10
7.08
 20
-4.265
 10
7.08
 20
-4.065
  0
LWPOLYLINE
  5
607
330
17
100
AcDbEntity
  8
K-ZBROJENIE
370
35
 48
0.025
100
AcDbPolyline
 90
4
 70
1
 10
7.908
 20
-4.262
 10
8.032
 20
-4.262
 10
8.032
 20
-4.0680000000000005
 10
7.908
 20
-4.0680000000000005
  0
LWPOLYLINE
  5
608
330
17
100
AcDbEntity
  8
K-ZBROJENIE
370
50
 48
0.025
100
AcDbPolyline
 90
4
 70
0
 10
4.63
 20
-5.0
 10
4.63
 20
-5.19
 10
7.17
 20
-5.19
 10
7.17
 20
-5.0
  0
LWPOLYLINE
  5
609
330
17
100
AcDbEntity
  8
K-ZBROJENIE
370
50
 48
0.025
100
AcDbPolyline
 90
4
 70
0
 10
4.63
 20
-5.49
 10
4.63
 20
-5.680000000000001
 10
7.17
 20
-5.680000000000001
 10
7.17
 20
-5.49
  0
LWPOLYLINE
  5
60A
330
17
100
AcDbEntity
  8
K-ZBROJENIE
370
50
 48
0.025
100
AcDbPolyline
 90
4
 70
1
 10
4.63
 20
-6.370000000000001
 10
4.76
 20
-6.370000000000001
 10
4.76
 20
-6.170000000000001
 10
4.63
 20
-6.170000000000001
  0
LWPOLYLINE
  5
60B
330
17
100
AcDbEntity
  8
K-ZBROJENIE
370
50
 48
0.025
100
AcDbPolyline
 90
4
 70
0
 10
0.33100000000000007
 20
-7.271000000000001
 10
0.33100000000000007
 20
-7.4590000000000005
 10
2.1690000000000014
 20
-7.4590000000000005
 10
2.1690000000000014
 20
-7.271000000000001
  0
LWPOLYLINE
  5
60C
330
17
100
AcDbEntity
  8
K-ZBROJENIE
370
50
 48
0.025
100
AcDbPolyline
 90
4
 70
0
 10
0.3510000000000001
 20
-7.468999999999999
 10
0.3510000000000001
 20
-7.281
 10
2.1490000000000014
 20
-7.281
 10
2.1490000000000014
 20
-7.468999999999999
  0
LWPOLYLINE
  5
60D
330
17
100
AcDbEntity
  8
K-ZBROJENIE
370
25
 48
0.025
100
AcDbPolyline
 90
2
 70
0
 10
0.35000000000000003
 20
-7.47
 10
0.35000000000000003
 20
-7.2700000000000005
  0
LWPOLYLINE
  5
60E
330
17
100
AcDbEntity
  8
K-ZBROJENIE
370
25
 48
0.025
100
AcDbPolyline
 90
2
 70
0
 10
0.5
 20
-7.47
 10
0.5
 20
-7.2700000000000005
  0
LWPOLYLINE
  5
60F
330
17
100
AcDbEntity
  8
K-ZBROJENIE
370
25
 48
0.025
100
AcDbPolyline
 90
2
 70
0
 10
0.65
 20
-7.47
 10
0.65
 20
-7.2700000000000005
  0
LWPOLYLINE
  5
610
330
17
100
AcDbEntity
  8
K-ZBROJENIE
370
25
 48
0.025
100
AcDbPolyline
 90
2
 70
0
 10
0.8
 20
-7.47
 10
0.8
 20
-7.2700000000000005
  0
LWPOLYLINE
  5
611
330
17
100
AcDbEntity
  8
K-ZBROJENIE
370
25
 48
0.025
100
AcDbPolyline
 90
2
 70
0
 10
0.95
 20
-7.47
 10
0.95
 20
-7.2700000000000005
  0
LWPOLYLINE
  5
612
330
17
100
AcDbEntity
  8
K-ZBROJENIE
370
25
 48
0.025
100
AcDbPolyline
 90
2
 70
0
 10
1.1
 20
-7.47
 10
1.1
 20
-7.2700000000000005
  0
LWPOLYLINE
  5
613
330
17
100
AcDbEntity
  8
K-ZBROJENIE
370
25
 48
0.025
100
AcDbPolyline
 90
2
 70
0
 10
1.25
 20
-7.47
 10
1.25
 20
-7.2700000000000005
  0
LWPOLYLINE
  5
614
330
17
100
AcDbEntity
  8
K-ZBROJENIE
370
25
 48
0.025
100
AcDbPolyline
 90
2
 70
0
 10
1.4000000000000001
 20
-7.47
 10
1.4000000000000001
 20
-7.2700000000000005
  0
LWPOLYLINE
  5
615
330
17
100
AcDbEntity
  8
K-ZBROJENIE
370
25
 48
0.025
100
AcDbPolyline
 90
2
 70
0
 10
1.55
 20
-7.47
 10
1.55
 20
-7.2700000000000005
  0
LWPOLYLINE
  5
616
330
17
100
AcDbEntity
  8
K-ZBROJENIE
370
25
 48
0.025
100
AcDbPolyline
 90
2
 70
0
 10
1.7
 20
-7.47
 10
1.7
 20
-7.2700000000000005
  0
LWPOLYLINE
  5
617
330
17
100
AcDbEntity
  8
K-ZBROJENIE
370
25
 48
0.025
100
AcDbPolyline
 90
2
 70
0
 10
1.85
 20
-7.47
 10
1.85
 20
-7.2700000000000005
  0
LWPOLYLINE
  5
618
330
17
100
AcDbEntity
  8
K-ZBROJENIE
370
25
 48
0.025
100
AcDbPolyline
 90
2
 70
0
 10
2.0
 20
-7.47
 10
2.0
 20
-7.2700000000000005
  0
LWPOLYLINE
  5
619
330
17
100
AcDbEntity
  8
K-ZBROJENIE
370
25
 48
0.025
100
AcDbPolyline
 90
2
 70
0
 10
2.15
 20
-7.47
 10
2.15
 20
-7.2700000000000005
  0
LWPOLYLINE
  5
61A
330
17
100
AcDbEntity
  8
K-ZBROJENIE
370
35
 48
0.025
100
AcDbPolyline
 90
4
 70
1
 10
2.8780000000000014
 20
-7.467
 10
3.0020000000000016
 20
-7.467
 10
3.0020000000000016
 20
-7.273000000000001
 10
2.8780000000000014
 20
-7.273000000000001
  0
LWPOLYLINE
  5
61B
330
17
100
AcDbEntity
  8
K-ZBROJENIE
370
50
 48
0.025
100
AcDbPolyline
 90
4
 70
0
 10
0.30000000000000004
 20
-8.205
 10
0.30000000000000004
 20
-8.395
 10
2.14
 20
-8.395
 10
2.14
 20
-8.205
  0
LWPOLYLINE
  5
61C
330
17
100
AcDbEntity
  8
K-ZBROJENIE
370
50
 48
0.025
100
AcDbPolyline
 90
4
 70
0
 10
0.30000000000000004
 20
-8.695
 10
0.30000000000000004
 20
-8.885
 10
2.14
 20
-8.885
 10
2.14
 20
-8.695
  0
LWPOLYLINE
  5
61D
330
17
100
AcDbEntity
  8
K-ZBROJENIE
370
50
 48
0.025
100
AcDbPolyline
 90
4
 70
1
 10
0.30000000000000004
 20
-9.575
 10
0.43000000000000005
 20
-9.575
 10
0.43000000000000005
 20
-9.375
 10
0.30000000000000004
 20
-9.375
  0
LWPOLYLINE
  5
61E
330
17
100
AcDbEntity
  8
K-ZBROJENIE
370
50
 48
0.025
100
AcDbPolyline
 90
4
 70
0
 10
4.361000000000001
 20
-7.271000000000001
 10
4.361000000000001
 20
-7.4590000000000005
 10
6.499000000000002
 20
-7.4590000000000005
 10
6.499000000000002
 20
-7.271000000000001
  0
LWPOLYLINE
  5
61F
330
17
100
AcDbEntity
  8
K-ZBROJENIE
370
50
 48
0.025
100
AcDbPolyline
 90
4
 70
0
 10
4.381
 20
-7.468999999999999
 10
4.381
 20
-7.281
 10
6.479000000000003
 20
-7.281
 10
6.479000000000003
 20
-7.468999999999999
  0
LWPOLYLINE
  5
620
330
17
100
AcDbEntity
  8
K-ZBROJENIE
370
25
 48
0.025
100
AcDbPolyline
 90
2
 70
0
 10
4.380000000000001
 20
-7.47
 10
4.380000000000001
 20
-7.2700000000000005
  0
LWPOLYLINE
  5
621
330
17
100
AcDbEntity
  8
K-ZBROJENIE
370
25
 48
0.025
100
AcDbPolyline
 90
2
 70
0
 10
4.48
 20
-7.47
 10
4.48
 20
-7.2700000000000005
  0
LWPOLYLINE
  5
622
330
17
100
AcDbEntity
  8
K-ZBROJENIE
370
25
 48
0.025
100
AcDbPolyline
 90
2
 70
0
 10
4.580000000000001
 20
-7.47
 10
4.580000000000001
 20
-7.2700000000000005
  0
LWPOLYLINE
  5
623
330
17
100
AcDbEntity
  8
K-ZBROJENIE
370
25
 48
0.025
100
AcDbPolyline
 90
2
 70
0
 10
4.680000000000001
 20
-7.47
 10
4.680000000000001
 20
-7.2700000000000005
  0
LWPOLYLINE
  5
624
330
17
100
AcDbEntity
  8
K-ZBROJENIE
370
25
 48
0.025
100
AcDbPolyline
 90
2
 70
0
 10
4.780000000000001
 20
-7.47
 10
4.780000000000001
 20
-7.2700000000000005
  0
LWPOLYLINE
  5
625
330
17
100
AcDbEntity
  8
K-ZBROJENIE
370
25
 48
0.025
100
AcDbPolyline
 90
2
 70
0
 10
4.880000000000001
 20
-7.47
 10
4.880000000000001
 20
-7.2700000000000005
  0
LWPOLYLINE
  5
626
330
17
100
AcDbEntity
  8
K-ZBROJENIE
370
25
 48
0.025
100
AcDbPolyline
 90
2
 70
0
 10
4.98
 20
-7.47
 10
4.98
 20
-7.2700000000000005
  0
LWPOLYLINE
  5
627
330
17
100
AcDbEntity
  8
K-ZBROJENIE
370
25
 48
0.025
100
AcDbPolyline
 90
2
 70
0
 10
5.080000000000001
 20
-7.47
 10
5.080000000000001
 20
-7.2700000000000005
  0
LWPOLYLINE
  5
628
330
17
100
AcDbEntity
  8
K-ZBROJENIE
370
25
 48
0.025
100
AcDbPolyline
 90
2
 70
0
 10
5.180000000000001
 20
-7.47
 10
5.180000000000001
 20
-7.2700000000000005
  0
LWPOLYLINE
  5
629
330
17
100
AcDbEntity
  8
K-ZBROJENIE
370
25
 48
0.025
100
AcDbPolyline
 90
2
 70
0
 10
5.280000000000001
 20
-7.47
 10
5.280000000000001
 20
-7.2700000000000005
  0
LWPOLYLINE
  5
62A
330
17
100
AcDbEntity
  8
K-ZBROJENIE
370
25
 48
0.025
100
AcDbPolyline
 90
2
 70
0
 10
5.380000000000001
 20
-7.47
 10
5.380000000000001
 20
-7.2700000000000005
  0
LWPOLYLINE
  5
62B
330
17
100
AcDbEntity
  8
K-ZBROJENIE
370
25
 48
0.025
100
AcDbPolyline
 90
2
 70
0
 10
5.48
 20
-7.47
 10
5.48
 20
-7.2700000000000005
  0
LWPOLYLINE
  5
62C
330
17
100
AcDbEntity
  8
K-ZBROJENIE
370
25
 48
0.025
100
AcDbPolyline
 90
2
 70
0
 10
5.580000000000001
 20
-7.47
 10
5.580000000000001
 20
-7.2700000000000005
  0
LWPOLYLINE
  5
62D
330
17
100
AcDbEntity
  8
K-ZBROJENIE
370
25
 48
0.025
100
AcDbPolyline
 90
2
 70
0
 10
5.680000000000001
 20
-7.47
 10
5.680000000000001
 20
-7.2700000000000005
  0
LWPOLYLINE
  5
62E
330
17
100
AcDbEntity
  8
K-ZBROJENIE
370
25
 48
0.025
100
AcDbPolyline
 90
2
 70
0
 10
5.780000000000001
 20
-7.47
 10
5.780000000000001
 20
-7.2700000000000005
  0
LWPOLYLINE
  5
62F
330
17
100
AcDbEntity
  8
K-ZBROJENIE
370
25
 48
0.025
100
AcDbPolyline
 90
2
 70
0
 10
5.880000000000001
 20
-7.47
 10
5.880000000000001
 20
-7.2700000000000005
  0
LWPOLYLINE
  5
630
330
17
100
AcDbEntity
  8
K-ZBROJENIE
370
25
 48
0.025
100
AcDbPolyline
 90
2
 70
0
 10
5.98
 20
-7.47
 10
5.98
 20
-7.2700000000000005
  0
LWPOLYLINE
  5
631
330
17
100
AcDbEntity
  8
K-ZBROJENIE
370
25
 48
0.025
100
AcDbPolyline
 90
2
 70
0
 10
6.080000000000001
 20
-7.47
 10
6.080000000000001
 20
-7.2700000000000005
  0
LWPOLYLINE
  5
632
330
17
100
AcDbEntity
  8
K-ZBROJENIE
370
25
 48
0.025
100
AcDbPolyline
 90
2
 70
0
 10
6.180000000000001
 20
-7.47
 10
6.180000000000001
 20
-7.2700000000000005
  0
LWPOLYLINE
  5
633
330
17
100
AcDbEntity
  8
K-ZBROJENIE
370
25
 48
0.025
100
AcDbPolyline
 90
2
 70
0
 10
6.280000000000001
 20
-7.47
 10
6.280000000000001
 20
-7.2700000000000005
  0
LWPOLYLINE
  5
634
330
17
100
AcDbEntity
  8
K-ZBROJENIE
370
25
 48
0.025
100
AcDbPolyline
 90
2
 70
0
 10
6.380000000000001
 20
-7.47
 10
6.380000000000001
 20
-7.2700000000000005
  0
LWPOLYLINE
  5
635
330
17
100
AcDbEntity
  8
K-ZBROJENIE
370
25
 48
0.025
100
AcDbPolyline
 90
2
 70
0
 10
6.48
 20
-7.47
 10
6.48
 20
-7.2700000000000005
  0
LWPOLYLINE
  5
636
330
17
100
AcDbEntity
  8
K-ZBROJENIE
370
35
 48
0.025
100
AcDbPolyline
 90
4
 70
1
 10
7.208000000000002
 20
-7.467
 10
7.332000000000001
 20
-7.467
 10
7.332000000000001
 20
-7.273000000000001
 10
7.208000000000002
 20
-7.273000000000001
  0
LWPOLYLINE
  5
637
330
17
100
AcDbEntity
  8
K-ZBROJENIE
370
50
 48
0.025
100
AcDbPolyline
 90
4
 70
0
 10
4.330000000000001
 20
-8.205
 10
4.330000000000001
 20
-8.395
 10
6.470000000000001
 20
-8.395
 10
6.470000000000001
 20
-8.205
  0
LWPOLYLINE
  5
638
330
17
100
AcDbEntity
  8
K-ZBROJENIE
370
50
 48
0.025
100
AcDbPolyline
 90
4
 70
0
 10
4.330000000000001
 20
-8.695
 10
4.330000000000001
 20
-8.885
 10
6.470000000000001
 20
-8.885
 10
6.470000000000001
 20
-8.695
  0
LWPOLYLINE
  5
639
330
17
100
AcDbEntity
  8
K-ZBROJENIE
370
50
 48
0.025
100
AcDbPolyline
 90
4
 70
1
 10
4.330000000000001
 20
-9.575
 10
4.460000000000001
 20
-9.575
 10
4.460000000000001
 20
-9.375
 10
4.330000000000001
 20
-9.375
  0
LWPOLYLINE
  5
63A
330
17
100
AcDbEntity
  8
K-WYMIARY
370
35
 48
0.025
100
AcDbPolyline
 90
2
 70
0
 10
0.25
 20
-1.395
 10
3.55
 20
-1.395
  0
LWPOLYLINE
  5
63B
330
17
100
AcDbEntity
  8
K-WYMIARY
370
35
 48
0.025
100
AcDbPolyline
 90
2
 70
0
 10
0.3
 20
-1.445
 10
0.3
 20
-1.345
  0
LWPOLYLINE
  5
63C
330
17
100
AcDbEntity
  8
K-WYMIARY
370
35
 48
0.025
100
AcDbPolyline
 90
2
 70
0
 10
0.27348349570550445
 20
-1.4215165042944955
 10
0.3265165042944955
 20
-1.3684834957055045
  0
LWPOLYLINE
  5
63D
330
17
100
AcDbEntity
  8
K-WYMIARY
370
35
 48
0.025
100
AcDbPolyline
 90
2
 70
0
 10
0.45
 20
-1.445
 10
0.45
 20
-1.345
  0
LWPOLYLINE
  5
63E
330
17
100
AcDbEntity
  8
K-WYMIARY
370
35
 48
0.025
100
AcDbPolyline
 90
2
 70
0
 10
0.4234834957055045
 20
-1.4215165042944955
 10
0.47651650429449555
 20
-1.3684834957055045
  0
LWPOLYLINE
  5
63F
330
17
100
AcDbEntity
  8
K-WYMIARY
370
35
 48
0.025
100
AcDbPolyline
 90
2
 70
0
 10
3.35
 20
-1.445
 10
3.35
 20
-1.345
  0
LWPOLYLINE
  5
640
330
17
100
AcDbEntity
  8
K-WYMIARY
370
35
 48
0.025
100
AcDbPolyline
 90
2
 70
0
 10
3.3234834957055046
 20
-1.4215165042944955
 10
3.3765165042944956
 20
-1.3684834957055045
  0
LWPOLYLINE
  5
641
330
17
100
AcDbEntity
  8
K-WYMIARY
370
35
 48
0.025
100
AcDbPolyline
 90
2
 70
0
 10
3.5
 20
-1.445
 10
3.5
 20
-1.345
  0
LWPOLYLINE
  5
642
330
17
100
AcDbEntity
  8
K-WYMIARY
370
35
 48
0.025
100
AcDbPolyline
 90
2
 70
0
 10
3.4734834957055045
 20
-1.4215165042944955
 10
3.5265165042944955
 20
-1.3684834957055045
  0
LWPOLYLINE
  5
643
330
17
100
AcDbEntity
  8
K-WYMIARY
370
35
 48
0.025
100
AcDbPolyline
 90
2
 70
0
 10
0.15000000000000002
 20
-0.8450000000000001
 10
0.15000000000000002
 20
-0.325
  0
LWPOLYLINE
  5
644
330
17
100
AcDbEntity
  8
K-WYMIARY
370
35
 48
0.025
100
AcDbPolyline
 90
2
 70
0
 10
0.10000000000000002
 20
-0.795
 10
0.2
 20
-0.795
  0
LWPOLYLINE
  5
645
330
17
100
AcDbEntity
  8
K-WYMIARY
370
35
 48
0.025
100
AcDbPolyline
 90
2
 70
0
 10
0.17651650429449556
 20
-0.8215165042944956
 10
0.12348349570550449
 20
-0.7684834957055044
  0
LWPOLYLINE
  5
646
330
17
100
AcDbEntity
  8
K-WYMIARY
370
35
 48
0.025
100
AcDbPolyline
 90
2
 70
0
 10
0.10000000000000002
 20
-0.375
 10
0.2
 20
-0.375
  0
LWPOLYLINE
  5
647
330
17
100
AcDbEntity
  8
K-WYMIARY
370
35
 48
0.025
100
AcDbPolyline
 90
2
 70
0
 10
0.17651650429449556
 20
-0.40151650429449554
 10
0.12348349570550449
 20
-0.34848349570550446
  0
LWPOLYLINE
  5
648
330
17
100
AcDbEntity
  8
K-WYMIARY
370
35
 48
0.025
100
AcDbPolyline
 90
2
 70
0
 10
4.1000000000000005
 20
-0.945
 10
4.38
 20
-0.945
  0
LWPOLYLINE
  5
649
330
17
100
AcDbEntity
  8
K-WYMIARY
370
35
 48
0.025
100
AcDbPolyline
 90
2
 70
0
 10
4.15
 20
-0.995
 10
4.15
 20
-0.8949999999999999
  0
LWPOLYLINE
  5
64A
330
17
100
AcDbEntity
  8
K-WYMIARY
370
35
 48
0.025
100
AcDbPolyline
 90
2
 70
0
 10
4.123483495705504
 20
-0.9715165042944955
 10
4.176516504294496
 20
-0.9184834957055044
  0
LWPOLYLINE
  5
64B
330
17
100
AcDbEntity
  8
K-WYMIARY
370
35
 48
0.025
100
AcDbPolyline
 90
2
 70
0
 10
4.33
 20
-0.995
 10
4.33
 20
-0.8949999999999999
  0
LWPOLYLINE
  5
64C
330
17
100
AcDbEntity
  8
K-WYMIARY
370
35
 48
0.025
100
AcDbPolyline
 90
2
 70
0
 10
4.303483495705504
 20
-0.9715165042944955
 10
4.356516504294496
 20
-0.9184834957055044
  0
LWPOLYLINE
  5
64D
330
17
100
AcDbEntity
  8
K-WYMIARY
370
35
 48
0.025
100
AcDbPolyline
 90
2
 70
0
 10
0.25
 20
-4.890000000000001
 10
2.55
 20
-4.890000000000001
  0
LWPOLYLINE
  5
64E
330
17
100
AcDbEntity
  8
K-WYMIARY
370
35
 48
0.025
100
AcDbPolyline
 90
2
 70
0
 10
0.3
 20
-4.94
 10
0.3
 20
-4.840000000000001
  0
LWPOLYLINE
  5
64F
330
17
100
AcDbEntity
  8
K-WYMIARY
370
35
 48
0.025
100
AcDbPolyline
 90
2
 70
0
 10
0.27348349570550445
 20
-4.9165165042944965
 10
0.3265165042944955
 20
-4.863483495705505
  0
LWPOLYLINE
  5
650
330
17
100
AcDbEntity
  8
K-WYMIARY
370
35
 48
0.025
100
AcDbPolyline
 90
2
 70
0
 10
0.45
 20
-4.94
 10
0.45
 20
-4.840000000000001
  0
LWPOLYLINE
  5
651
330
17
100
AcDbEntity
  8
K-WYMIARY
370
35
 48
0.025
100
AcDbPolyline
 90
2
 70
0
 10
0.4234834957055045
 20
-4.9165165042944965
 10
0.47651650429449555
 20
-4.863483495705505
  0
LWPOLYLINE
  5
652
330
17
100
AcDbEntity
  8
K-WYMIARY
370
35
 48
0.025
100
AcDbPolyline
 90
2
 70
0
 10
2.35
 20
-4.94
 10
2.35
 20
-4.840000000000001
  0
LWPOLYLINE
  5
653
330
17
100
AcDbEntity
  8
K-WYMIARY
370
35
 48
0.025
100
AcDbPolyline
 90
2
 70
0
 10
2.3234834957055046
 20
-4.9165165042944965
 10
2.3765165042944956
 20
-4.863483495705505
  0
LWPOLYLINE
  5
654
330
17
100
AcDbEntity
  8
K-WYMIARY
370
35
 48
0.025
100
AcDbPolyline
 90
2
 70
0
 10
2.5
 20
-4.94
 10
2.5
 20
-4.840000000000001
  0
LWPOLYLINE
  5
655
330
17
100
AcDbEntity
  8
K-WYMIARY
370
35
 48
0.025
100
AcDbPolyline
 90
2
 70
0
 10
2.4734834957055045
 20
-4.9165165042944965
 10
2.5265165042944955
 20
-4.863483495705505
  0
LWPOLYLINE
  5
656
330
17
100
AcDbEntity
  8
K-WYMIARY
370
35
 48
0.025
100
AcDbPolyline
 90
2
 70
0
 10
0.15000000000000002
 20
-4.34
 10
0.15000000000000002
 20
-3.99
  0
LWPOLYLINE
  5
657
330
17
100
AcDbEntity
  8
K-WYMIARY
370
35
 48
0.025
100
AcDbPolyline
 90
2
 70
0
 10
0.10000000000000002
 20
-4.29
 10
0.2
 20
-4.29
  0
LWPOLYLINE
  5
658
330
17
100
AcDbEntity
  8
K-WYMIARY
370
35
 48
0.025
100
AcDbPolyline
 90
2
 70
0
 10
0.17651650429449556
 20
-4.316516504294496
 10
0.12348349570550449
 20
-4.263483495705504
  0
LWPOLYLINE
  5
659
330
17
100
AcDbEntity
  8
K-WYMIARY
370
35
 48
0.025
100
AcDbPolyline
 90
2
 70
0
 10
0.10000000000000002
 20
-4.04
 10
0.2
 20
-4.04
  0
LWPOLYLINE
  5
65A
330
17
100
AcDbEntity
  8
K-WYMIARY
370
35
 48
0.025
100
AcDbPolyline
 90
2
 70
0
 10
0.17651650429449556
 20
-4.066516504294496
 10
0.12348349570550449
 20
-4.013483495705504
  0
LWPOLYLINE
  5
65B
330
17
100
AcDbEntity
  8
K-WYMIARY
370
35
 48
0.025
100
AcDbPolyline
 90
2
 70
0
 10
3.1
 20
-4.44
 10
3.38
 20
-4.44
  0
LWPOLYLINE
  5
65C
330
17
100
AcDbEntity
  8
K-WYMIARY
370
35
 48
0.025
100
AcDbPolyline
 90
2
 70
0
 10
3.15
 20
-4.49
 10
3.15
 20
-4.390000000000001
  0
LWPOLYLINE
  5
65D
330
17
100
AcDbEntity
  8
K-WYMIARY
370
35
 48
0.025
100
AcDbPolyline
 90
2
 70
0
 10
3.1234834957055044
 20
-4.466516504294496
 10
3.1765165042944954
 20
-4.4134834957055045
  0
LWPOLYLINE
  5
65E
330
17
100
AcDbEntity
  8
K-WYMIARY
370
35
 48
0.025
100
AcDbPolyline
 90
2
 70
0
 10
3.33
 20
-4.49
 10
3.33
 20
-4.390000000000001
  0
LWPOLYLINE
  5
65F
330
17
100
AcDbEntity
  8
K-WYMIARY
370
35
 48
0.025
100
AcDbPolyline
 90
2
 70
0
 10
3.3034834957055046
 20
-4.466516504294496
 10
3.3565165042944956
 20
-4.4134834957055045
  0
LWPOLYLINE
  5
660
330
17
100
AcDbEntity
  8
K-WYMIARY
370
35
 48
0.025
100
AcDbPolyline
 90
2
 70
0
 10
4.58
 20
-4.890000000000001
 10
7.28
 20
-4.890000000000001
  0
LWPOLYLINE
  5
661
330
17
100
AcDbEntity
  8
K-WYMIARY
370
35
 48
0.025
100
AcDbPolyline
 90
2
 70
0
 10
4.63
 20
-4.94
 10
4.63
 20
-4.840000000000001
  0
LWPOLYLINE
  5
662
330
17
100
AcDbEntity
  8
K-WYMIARY
370
35
 48
0.025
100
AcDbPolyline
 90
2
 70
0
 10
4.603483495705504
 20
-4.9165165042944965
 10
4.656516504294496
 20
-4.863483495705505
  0
LWPOLYLINE
  5
663
330
17
100
AcDbEntity
  8
K-WYMIARY
370
35
 48
0.025
100
AcDbPolyline
 90
2
 70
0
 10
4.78
 20
-4.94
 10
4.78
 20
-4.840000000000001
  0
LWPOLYLINE
  5
664
330
17
100
AcDbEntity
  8
K-WYMIARY
370
35
 48
0.025
100
AcDbPolyline
 90
2
 70
0
 10
4.753483495705504
 20
-4.9165165042944965
 10
4.806516504294496
 20
-4.863483495705505
  0
LWPOLYLINE
  5
665
330
17
100
AcDbEntity
  8
K-WYMIARY
370
35
 48
0.025
100
AcDbPolyline
 90
2
 70
0
 10
7.08
 20
-4.94
 10
7.08
 20
-4.840000000000001
  0
LWPOLYLINE
  5
666
330
17
100
AcDbEntity
  8
K-WYMIARY
370
35
 48
0.025
100
AcDbPolyline
 90
2
 70
0
 10
7.053483495705504
 20
-4.9165165042944965
 10
7.106516504294496
 20
-4.863483495705505
  0
LWPOLYLINE
  5
667
330
17
100
AcDbEntity
  8
K-WYMIARY
370
35
 48
0.025
100
AcDbPolyline
 90
2
 70
0
 10
7.23
 20
-4.94
 10
7.23
 20
-4.840000000000001
  0
LWPOLYLINE
  5
668
330
17
100
AcDbEntity
  8
K-WYMIARY
370
35
 48
0.025
100
AcDbPolyline
 90
2
 70
0
 10
7.2034834957055045
 20
-4.9165165042944965
 10
7.256516504294496
 20
-4.863483495705505
  0
LWPOLYLINE
  5
669
330
17
100
AcDbEntity
  8
K-WYMIARY
370
35
 48
0.025
100
AcDbPolyline
 90
2
 70
0
 10
4.4799999999999995
 20
-4.34
 10
4.4799999999999995
 20
-3.99
  0
LWPOLYLINE
  5
66A
330
17
100
AcDbEntity
  8
K-WYMIARY
370
35
 48
0.025
100
AcDbPolyline
 90
2
 70
0
 10
4.43
 20
-4.29
 10
4.529999999999999
 20
-4.29
  0
LWPOLYLINE
  5
66B
330
17
100
AcDbEntity
  8
K-WYMIARY
370
35
 48
0.025
100
AcDbPolyline
 90
2
 70
0
 10
4.5065165042944955
 20
-4.316516504294496
 10
4.453483495705504
 20
-4.263483495705504
  0
LWPOLYLINE
  5
66C
330
17
100
AcDbEntity
  8
K-WYMIARY
370
35
 48
0.025
100
AcDbPolyline
 90
2
 70
0
 10
4.43
 20
-4.04
 10
4.529999999999999
 20
-4.04
  0
LWPOLYLINE
  5
66D
330
17
100
AcDbEntity
  8
K-WYMIARY
370
35
 48
0.025
100
AcDbPolyline
 90
2
 70
0
 10
4.5065165042944955
 20
-4.066516504294496
 10
4.453483495705504
 20
-4.013483495705504
  0
LWPOLYLINE
  5
66E
330
17
100
AcDbEntity
  8
K-WYMIARY
370
35
 48
0.025
100
AcDbPolyline
 90
2
 70
0
 10
7.83
 20
-4.44
 10
8.110000000000001
 20
-4.44
  0
LWPOLYLINE
  5
66F
330
17
100
AcDbEntity
  8
K-WYMIARY
370
35
 48
0.025
100
AcDbPolyline
 90
2
 70
0
 10
7.88
 20
-4.49
 10
7.88
 20
-4.390000000000001
  0
LWPOLYLINE
  5
670
330
17
100
AcDbEntity
  8
K-WYMIARY
370
35
 48
0.025
100
AcDbPolyline
 90
2
 70
0
 10
7.853483495705504
 20
-4.466516504294496
 10
7.906516504294496
 20
-4.4134834957055045
  0
LWPOLYLINE
  5
671
330
17
100
AcDbEntity
  8
K-WYMIARY
370
35
 48
0.025
100
AcDbPolyline
 90
2
 70
0
 10
8.06
 20
-4.49
 10
8.06
 20
-4.390000000000001
  0
LWPOLYLINE
  5
672
330
17
100
AcDbEntity
  8
K-WYMIARY
370
35
 48
0.025
100
AcDbPolyline
 90
2
 70
0
 10
8.033483495705505
 20
-4.466516504294496
 10
8.086516504294496
 20
-4.4134834957055045
  0
LWPOLYLINE
  5
673
330
17
100
AcDbEntity
  8
K-WYMIARY
370
35
 48
0.025
100
AcDbPolyline
 90
2
 70
0
 10
0.25
 20
-8.095
 10
2.25
 20
-8.095
  0
LWPOLYLINE
  5
674
330
17
100
AcDbEntity
  8
K-WYMIARY
370
35
 48
0.025
100
AcDbPolyline
 90
2
 70
0
 10
0.3
 20
-8.145000000000001
 10
0.3
 20
-8.045
  0
LWPOLYLINE
  5
675
330
17
100
AcDbEntity
  8
K-WYMIARY
370
35
 48
0.025
100
AcDbPolyline
 90
2
 70
0
 10
0.27348349570550445
 20
-8.121516504294496
 10
0.3265165042944955
 20
-8.068483495705506
  0
LWPOLYLINE
  5
676
330
17
100
AcDbEntity
  8
K-WYMIARY
370
35
 48
0.025
100
AcDbPolyline
 90
2
 70
0
 10
0.45
 20
-8.145000000000001
 10
0.45
 20
-8.045
  0
LWPOLYLINE
  5
677
330
17
100
AcDbEntity
  8
K-WYMIARY
370
35
 48
0.025
100
AcDbPolyline
 90
2
 70
0
 10
0.4234834957055045
 20
-8.121516504294496
 10
0.47651650429449555
 20
-8.068483495705506
  0
LWPOLYLINE
  5
678
330
17
100
AcDbEntity
  8
K-WYMIARY
370
35
 48
0.025
100
AcDbPolyline
 90
2
 70
0
 10
2.05
 20
-8.145000000000001
 10
2.05
 20
-8.045
  0
LWPOLYLINE
  5
679
330
17
100
AcDbEntity
  8
K-WYMIARY
370
35
 48
0.025
100
AcDbPolyline
 90
2
 70
0
 10
2.0234834957055043
 20
-8.121516504294496
 10
2.0765165042944953
 20
-8.068483495705506
  0
LWPOLYLINE
  5
67A
330
17
100
AcDbEntity
  8
K-WYMIARY
370
35
 48
0.025
100
AcDbPolyline
 90
2
 70
0
 10
2.2
 20
-8.145000000000001
 10
2.2
 20
-8.045
  0
LWPOLYLINE
  5
67B
330
17
100
AcDbEntity
  8
K-WYMIARY
370
35
 48
0.025
100
AcDbPolyline
 90
2
 70
0
 10
2.1734834957055047
 20
-8.121516504294496
 10
2.2265165042944957
 20
-8.068483495705506
  0
LWPOLYLINE
  5
67C
330
17
100
AcDbEntity
  8
K-WYMIARY
370
35
 48
0.025
100
AcDbPolyline
 90
2
 70
0
 10
0.15000000000000002
 20
-7.545
 10
0.15000000000000002
 20
-7.195
  0
LWPOLYLINE
  5
67D
330
17
100
AcDbEntity
  8
K-WYMIARY
370
35
 48
0.025
100
AcDbPolyline
 90
2
 70
0
 10
0.10000000000000002
 20
-7.495
 10
0.2
 20
-7.495
  0
LWPOLYLINE
  5
67E
330
17
100
AcDbEntity
  8
K-WYMIARY
370
35
 48
0.025
100
AcDbPolyline
 90
2
 70
0
 10
0.17651650429449556
 20
-7.521516504294496
 10
0.12348349570550449
 20
-7.468483495705504
  0
LWPOLYLINE
  5
67F
330
17
100
AcDbEntity
  8
K-WYMIARY
370
35
 48
0.025
100
AcDbPolyline
 90
2
 70
0
 10
0.10000000000000002
 20
-7.245
 10
0.2
 20
-7.245
  0
LWPOLYLINE
  5
680
330
17
100
AcDbEntity
  8
K-WYMIARY
370
35
 48
0.025
100
AcDbPolyline
 90
2
 70
0
 10
0.17651650429449556
 20
-7.271516504294496
 10
0.12348349570550449
 20
-7.218483495705504
  0
LWPOLYLINE
  5
681
330
17
100
AcDbEntity
  8
K-WYMIARY
370
35
 48
0.025
100
AcDbPolyline
 90
2
 70
0
 10
2.8000000000000003
 20
-7.6450000000000005
 10
3.0799999999999996
 20
-7.6450000000000005
  0
LWPOLYLINE
  5
682
330
17
100
AcDbEntity
  8
K-WYMIARY
370
35
 48
0.025
100
AcDbPolyline
 90
2
 70
0
 10
2.85
 20
-7.695
 10
2.85
 20
-7.595000000000001
  0
LWPOLYLINE
  5
683
330
17
100
AcDbEntity
  8
K-WYMIARY
370
35
 48
0.025
100
AcDbPolyline
 90
2
 70
0
 10
2.8234834957055046
 20
-7.671516504294496
 10
2.8765165042944956
 20
-7.6184834957055045
  0
LWPOLYLINE
  5
684
330
17
100
AcDbEntity
  8
K-WYMIARY
370
35
 48
0.025
100
AcDbPolyline
 90
2
 70
0
 10
3.03
 20
-7.695
 10
3.03
 20
-7.595000000000001
  0
LWPOLYLINE
  5
685
330
17
100
AcDbEntity
  8
K-WYMIARY
370
35
 48
0.025
100
AcDbPolyline
 90
2
 70
0
 10
3.0034834957055043
 20
-7.671516504294496
 10
3.0565165042944953
 20
-7.6184834957055045
  0
LWPOLYLINE
  5
686
330
17
100
AcDbEntity
  8
K-WYMIARY
370
35
 48
0.025
100
AcDbPolyline
 90
2
 70
0
 10
4.28
 20
-8.095
 10
6.58
 20
-8.095
  0
LWPOLYLINE
  5
687
330
17
100
AcDbEntity
  8
K-WYMIARY
370
35
 48
0.025
100
AcDbPolyline
 90
2
 70
0
 10
4.33
 20
-8.145000000000001
 10
4.33
 20
-8.045
  0
LWPOLYLINE
  5
688
330
17
100
AcDbEntity
  8
K-WYMIARY
370
35
 48
0.025
100
AcDbPolyline
 90
2
 70
0
 10
4.303483495705504
 20
-8.121516504294496
 10
4.356516504294496
 20
-8.068483495705506
  0
LWPOLYLINE
  5
689
330
17
100
AcDbEntity
  8
K-WYMIARY
370
35
 48
0.025
100
AcDbPolyline
 90
2
 70
0
 10
4.48
 20
-8.145000000000001
 10
4.48
 20
-8.045
  0
LWPOLYLINE
  5
68A
330
17
100
AcDbEntity
  8
K-WYMIARY
370
35
 48
0.025
100
AcDbPolyline
 90
2
 70
0
 10
4.4534834957055045
 20
-8.121516504294496
 10
4.506516504294496
 20
-8.068483495705506
  0
LWPOLYLINE
  5
68B
330
17
100
AcDbEntity
  8
K-WYMIARY
370
35
 48
0.025
100
AcDbPolyline
 90
2
 70
0
 10
6.38
 20
-8.145000000000001
 10
6.38
 20
-8.045
  0
LWPOLYLINE
  5
68C
330
17
100
AcDbEntity
  8
K-WYMIARY
370
35
 48
0.025
100
AcDbPolyline
 90
2
 70
0
 10
6.353483495705504
 20
-8.121516504294496
 10
6.406516504294496
 20
-8.068483495705506
  0
LWPOLYLINE
  5
68D
330
17
100
AcDbEntity
  8
K-WYMIARY
370
35
 48
0.025
100
AcDbPolyline
 90
2
 70
0
 10
6.53
 20
-8.145000000000001
 10
6.53
 20
-8.045
  0
LWPOLYLINE
  5
68E
330
17
100
AcDbEntity
  8
K-WYMIARY
370
35
 48
0.025
100
AcDbPolyline
 90
2
 70
0
 10
6.503483495705504
 20
-8.121516504294496
 10
6.556516504294496
 20
-8.068483495705506
  0
LWPOLYLINE
  5
68F
330
17
100
AcDbEntity
  8
K-WYMIARY
370
35
 48
0.025
100
AcDbPolyline
 90
2
 70
0
 10
4.180000000000001
 20
-7.545
 10
4.180000000000001
 20
-7.195
  0
LWPOLYLINE
  5
690
330
17
100
AcDbEntity
  8
K-WYMIARY
370
35
 48
0.025
100
AcDbPolyline
 90
2
 70
0
 10
4.130000000000001
 20
-7.495
 10
4.23
 20
-7.495
  0
LWPOLYLINE
  5
691
330
17
100
AcDbEntity
  8
K-WYMIARY
370
35
 48
0.025
100
AcDbPolyline
 90
2
 70
0
 10
4.2065165042944965
 20
-7.521516504294496
 10
4.153483495705505
 20
-7.468483495705504
  0
LWPOLYLINE
  5
692
330
17
100
AcDbEntity
  8
K-WYMIARY
370
35
 48
0.025
100
AcDbPolyline
 90
2
 70
0
 10
4.130000000000001
 20
-7.245
 10
4.23
 20
-7.245
  0
LWPOLYLINE
  5
693
330
17
100
AcDbEntity
  8
K-WYMIARY
370
35
 48
0.025
100
AcDbPolyline
 90
2
 70
0
 10
4.2065165042944965
 20
-7.271516504294496
 10
4.153483495705505
 20
-7.218483495705504
  0
LWPOLYLINE
  5
694
330
17
100
AcDbEntity
  8
K-WYMIARY
370
35
 48
0.025
100
AcDbPolyline
 90
2
 70
0
 10
7.13
 20
-7.6450000000000005
 10
7.41
 20
-7.6450000000000005
  0
LWPOLYLINE
  5
695
330
17
100
AcDbEntity
  8
K-WYMIARY
370
35
 48
0.025
100
AcDbPolyline
 90
2
 70
0
 10
7.18
 20
-7.695
 10
7.18
 20
-7.595000000000001
  0
LWPOLYLINE
  5
696
330
17
100
AcDbEntity
  8
K-WYMIARY
370
35
 48
0.025
100
AcDbPolyline
 90
2
 70
0
 10
7.153483495705504
 20
-7.671516504294496
 10
7.206516504294496
 20
-7.6184834957055045
  0
LWPOLYLINE
  5
697
330
17
100
AcDbEntity
  8
K-WYMIARY
370
35
 48
0.025
100
AcDbPolyline
 90
2
 70
0
 10
7.36
 20
-7.695
 10
7.36
 20
-7.595000000000001
  0
LWPOLYLINE
  5
698
330
17
100
AcDbEntity
  8
K-WYMIARY
370
35
 48
0.025
100
AcDbPolyline
 90
2
 70
0
 10
7.333483495705504
 20
-7.671516504294496
 10
7.386516504294496
 20
-7.6184834957055045
  0
HATCH
  5
699
330
17
100
AcDbEntity
  8
K-ZBROJENIE-OPIS
 62
7
420
0
100
AcDbHatch
 10
0.0
 20
0.0
 30
0.0
210
0.0
220
0.0
230
1.0
  2
SOLID
 70
1
 71
0
 91
1
 92
3
 72
0
 73
1
 93
24
 10
1.9112500000000001
 20
-0.7579999999999999
 10
1.9108666655457522
 20
-0.7550882857425966
 10
1.909742785792575
 20
-0.7523749999999999
 10
1.9079549512883487
 20
-0.7500450487116512
 10
1.9056250000000001
 20
-0.748257214207425
 10
1.9029117142574035
 20
-0.7471333344542479
 10
1.9000000000000001
 20
-0.7467499999999999
 10
1.8970882857425968
 20
-0.7471333344542479
 10
1.8943750000000001
 20
-0.748257214207425
 10
1.8920450487116516
 20
-0.7500450487116512
 10
1.8902572142074252
 20
-0.7523749999999999
 10
1.889133334454248
 20
-0.7550882857425966
 10
1.8887500000000002
 20
-0.7579999999999999
 10
1.889133334454248
 20
-0.7609117142574032
 10
1.8902572142074252
 20
-0.7636249999999999
 10
1.8920450487116516
 20
-0.7659549512883486
 10
1.8943750000000001
 20
-0.7677427857925748
 10
1.8970882857425968
 20
-0.7688666655457519
 10
1.9000000000000001
 20
-0.7692499999999999
 10
1.9029117142574035
 20
-0.7688666655457519
 10
1.9056250000000001
 20
-0.7677427857925748
 10
1.9079549512883487
 20
-0.7659549512883486
 10
1.909742785792575
 20
-0.7636249999999999
 10
1.9108666655457522
 20
-0.7609117142574032
 97
0
 75
0
 76
1
 98
0
  0
HATCH
  5
69A
330
17
100
AcDbEntity
  8
K-ZBROJENIE-OPIS
 62
7
420
0
100
AcDbHatch
 10
0.0
 20
0.0
 30
0.0
210
0.0
220
0.0
230
1.0
  2
SOLID
 70
1
 71
0
 91
1
 92
3
 72
0
 73
1
 93
24
 10
2.55125
 20
-0.4109999999999999
 10
2.550866665545752
 20
-0.40808828574259653
 10
2.549742785792575
 20
-0.40537499999999993
 10
2.547954951288349
 20
-0.40304504871165125
 10
2.5456250000000002
 20
-0.401257214207425
 10
2.5429117142574036
 20
-0.4001333344542479
 10
2.54
 20
-0.39974999999999994
 10
2.5370882857425965
 20
-0.4001333344542479
 10
2.534375
 20
-0.401257214207425
 10
2.5320450487116513
 20
-0.40304504871165125
 10
2.530257214207425
 20
-0.40537499999999993
 10
2.529133334454248
 20
-0.40808828574259653
 10
2.52875
 20
-0.4109999999999999
 10
2.529133334454248
 20
-0.41391171425740325
 10
2.530257214207425
 20
-0.4166249999999999
 10
2.5320450487116513
 20
-0.4189549512883486
 10
2.534375
 20
-0.42074278579257485
 10
2.5370882857425965
 20
-0.4218666655457519
 10
2.54
 20
-0.4222499999999999
 10
2.5429117142574036
 20
-0.4218666655457519
 10
2.5456250000000002
 20
-0.42074278579257485
 10
2.547954951288349
 20
-0.4189549512883486
 10
2.549742785792575
 20
-0.4166249999999999
 10
2.550866665545752
 20
-0.4139117142574033
 97
0
 75
0
 76
1
 98
0
  0
HATCH
  5
69B
330
17
100
AcDbEntity
  8
K-ZBROJENIE-OPIS
 62
7
420
0
100
AcDbHatch
 10
0.0
 20
0.0
 30
0.0
210
0.0
220
0.0
230
1.0
  2
SOLID
 70
1
 71
0
 91
1
 92
3
 72
0
 73
1
 93
24
 10
1.4112500000000001
 20
-4.253
 10
1.4108666655457522
 20
-4.250088285742597
 10
1.409742785792575
 20
-4.247375
 10
1.4079549512883487
 20
-4.245045048711652
 10
1.4056250000000001
 20
-4.243257214207425
 10
1.4029117142574035
 20
-4.242133334454248
 10
1.4000000000000001
 20
-4.24175
 10
1.3970882857425968
 20
-4.242133334454248
 10
1.3943750000000001
 20
-4.243257214207425
 10
1.3920450487116516
 20
-4.245045048711652
 10
1.3902572142074252
 20
-4.247375
 10
1.389133334454248
 20
-4.250088285742597
 10
1.3887500000000002
 20
-4.253
 10
1.389133334454248
 20
-4.255911714257404
 10
1.3902572142074252
 20
-4.258625
 10
1.3920450487116516
 20
-4.2609549512883484
 10
1.3943750000000001
 20
-4.262742785792575
 10
1.3970882857425968
 20
-4.263866665545752
 10
1.4000000000000001
 20
-4.2642500000000005
 10
1.4029117142574035
 20
-4.263866665545752
 10
1.4056250000000001
 20
-4.262742785792575
 10
1.4079549512883487
 20
-4.2609549512883484
 10
1.409742785792575
 20
-4.258625
 10
1.4108666655457522
 20
-4.255911714257404
 97
0
 75
0
 76
1
 98
0
  0
HATCH
  5
69C
330
17
100
AcDbEntity
  8
K-ZBROJENIE-OPIS
 62
7
420
0
100
AcDbHatch
 10
0.0
 20
0.0
 30
0.0
210
0.0
220
0.0
230
1.0
  2
SOLID
 70
1
 71
0
 91
1
 92
3
 72
0
 73
1
 93
24
 10
1.8512500000000003
 20
-4.076
 10
1.8508666655457524
 20
-4.073088285742596
 10
1.8497427857925752
 20
-4.070374999999999
 10
1.8479549512883489
 20
-4.068045048711651
 10
1.8456250000000003
 20
-4.0662572142074245
 10
1.8429117142574036
 20
-4.065133334454248
 10
1.8400000000000003
 20
-4.064749999999999
 10
1.837088285742597
 20
-4.065133334454248
 10
1.8343750000000003
 20
-4.0662572142074245
 10
1.8320450487116517
 20
-4.068045048711651
 10
1.8302572142074254
 20
-4.070374999999999
 10
1.8291333344542482
 20
-4.073088285742596
 10
1.8287500000000003
 20
-4.076
 10
1.8291333344542482
 20
-4.078911714257403
 10
1.8302572142074254
 20
-4.081625
 10
1.8320450487116517
 20
-4.083954951288348
 10
1.8343750000000003
 20
-4.085742785792575
 10
1.837088285742597
 20
-4.0868666655457515
 10
1.8400000000000003
 20
-4.08725
 10
1.8429117142574036
 20
-4.0868666655457515
 10
1.8456250000000003
 20
-4.085742785792575
 10
1.8479549512883489
 20
-4.083954951288348
 10
1.8497427857925752
 20
-4.081625
 10
1.8508666655457524
 20
-4.078911714257403
 97
0
 75
0
 76
1
 98
0
  0
HATCH
  5
69D
330
17
100
AcDbEntity
  8
K-ZBROJENIE-OPIS
 62
7
420
0
100
AcDbHatch
 10
0.0
 20
0.0
 30
0.0
210
0.0
220
0.0
230
1.0
  2
SOLID
 70
1
 71
0
 91
1
 92
3
 72
0
 73
1
 93
24
 10
5.94125
 20
-4.2540000000000004
 10
5.940866665545752
 20
-4.251088285742597
 10
5.939742785792575
 20
-4.248375
 10
5.937954951288348
 20
-4.246045048711652
 10
5.935625
 20
-4.244257214207425
 10
5.932911714257403
 20
-4.243133334454249
 10
5.93
 20
-4.24275
 10
5.927088285742596
 20
-4.243133334454249
 10
5.9243749999999995
 20
-4.244257214207425
 10
5.922045048711651
 20
-4.246045048711652
 10
5.920257214207425
 20
-4.248375
 10
5.919133334454248
 20
-4.251088285742597
 10
5.918749999999999
 20
-4.2540000000000004
 10
5.919133334454248
 20
-4.256911714257404
 10
5.920257214207425
 20
-4.259625000000001
 10
5.922045048711651
 20
-4.261954951288349
 10
5.9243749999999995
 20
-4.263742785792576
 10
5.927088285742596
 20
-4.264866665545752
 10
5.93
 20
-4.265250000000001
 10
5.932911714257403
 20
-4.264866665545752
 10
5.935625
 20
-4.263742785792576
 10
5.937954951288348
 20
-4.261954951288349
 10
5.939742785792575
 20
-4.259625000000001
 10
5.940866665545752
 20
-4.256911714257404
 97
0
 75
0
 76
1
 98
0
  0
HATCH
  5
69E
330
17
100
AcDbEntity
  8
K-ZBROJENIE-OPIS
 62
7
420
0
100
AcDbHatch
 10
0.0
 20
0.0
 30
0.0
210
0.0
220
0.0
230
1.0
  2
SOLID
 70
1
 71
0
 91
1
 92
3
 72
0
 73
1
 93
24
 10
6.46125
 20
-4.076
 10
6.460866665545751
 20
-4.073088285742596
 10
6.459742785792574
 20
-4.070374999999999
 10
6.457954951288348
 20
-4.068045048711651
 10
6.4556249999999995
 20
-4.0662572142074245
 10
6.452911714257403
 20
-4.065133334454248
 10
6.449999999999999
 20
-4.064749999999999
 10
6.447088285742596
 20
-4.065133334454248
 10
6.444374999999999
 20
-4.0662572142074245
 10
6.442045048711651
 20
-4.068045048711651
 10
6.440257214207424
 20
-4.070374999999999
 10
6.439133334454247
 20
-4.073088285742596
 10
6.438749999999999
 20
-4.076
 10
6.439133334454247
 20
-4.078911714257403
 10
6.440257214207424
 20
-4.081625
 10
6.442045048711651
 20
-4.083954951288348
 10
6.444374999999999
 20
-4.085742785792575
 10
6.447088285742596
 20
-4.0868666655457515
 10
6.449999999999999
 20
-4.08725
 10
6.452911714257403
 20
-4.0868666655457515
 10
6.4556249999999995
 20
-4.085742785792575
 10
6.457954951288348
 20
-4.083954951288348
 10
6.459742785792574
 20
-4.081625
 10
6.460866665545751
 20
-4.078911714257403
 97
0
 75
0
 76
1
 98
0
  0
HATCH
  5
69F
330
17
100
AcDbEntity
  8
K-ZBROJENIE-OPIS
 62
7
420
0
100
AcDbHatch
 10
0.0
 20
0.0
 30
0.0
210
0.0
220
0.0
230
1.0
  2
SOLID
 70
1
 71
0
 91
1
 92
3
 72
0
 73
1
 93
24
 10
1.2612500000000006
 20
-7.4590000000000005
 10
1.2608666655457528
 20
-7.456088285742597
 10
1.2597427857925756
 20
-7.453375
 10
1.2579549512883492
 20
-7.451045048711652
 10
1.2556250000000007
 20
-7.449257214207425
 10
1.252911714257404
 20
-7.448133334454249
 10
1.2500000000000007
 20
-7.44775
 10
1.2470882857425973
 20
-7.448133334454249
 10
1.2443750000000007
 20
-7.449257214207425
 10
1.242045048711652
 20
-7.451045048711652
 10
1.2402572142074257
 20
-7.453375
 10
1.2391333344542486
 20
-7.456088285742597
 10
1.2387500000000007
 20
-7.4590000000000005
 10
1.2391333344542486
 20
-7.461911714257404
 10
1.2402572142074257
 20
-7.464625000000001
 10
1.242045048711652
 20
-7.466954951288349
 10
1.2443750000000007
 20
-7.468742785792576
 10
1.2470882857425973
 20
-7.469866665545752
 10
1.2500000000000007
 20
-7.470250000000001
 10
1.252911714257404
 20
-7.469866665545752
 10
1.2556250000000007
 20
-7.468742785792576
 10
1.2579549512883492
 20
-7.466954951288349
 10
1.2597427857925756
 20
-7.464625000000001
 10
1.2608666655457528
 20
-7.461911714257404
 97
0
 75
0
 76
1
 98
0
  0
HATCH
  5
6A0
330
17
100
AcDbEntity
  8
K-ZBROJENIE-OPIS
 62
7
420
0
100
AcDbHatch
 10
0.0
 20
0.0
 30
0.0
210
0.0
220
0.0
230
1.0
  2
SOLID
 70
1
 71
0
 91
1
 92
3
 72
0
 73
1
 93
24
 10
1.641250000000001
 20
-7.281
 10
1.6408666655457531
 20
-7.278088285742596
 10
1.639742785792576
 20
-7.2753749999999995
 10
1.6379549512883496
 20
-7.273045048711651
 10
1.635625000000001
 20
-7.2712572142074245
 10
1.6329117142574043
 20
-7.270133334454248
 10
1.630000000000001
 20
-7.269749999999999
 10
1.6270882857425977
 20
-7.270133334454248
 10
1.624375000000001
 20
-7.2712572142074245
 10
1.6220450487116524
 20
-7.273045048711651
 10
1.620257214207426
 20
-7.2753749999999995
 10
1.619133334454249
 20
-7.278088285742596
 10
1.618750000000001
 20
-7.281
 10
1.619133334454249
 20
-7.283911714257403
 10
1.620257214207426
 20
-7.286625
 10
1.6220450487116524
 20
-7.288954951288348
 10
1.624375000000001
 20
-7.290742785792575
 10
1.6270882857425977
 20
-7.291866665545752
 10
1.630000000000001
 20
-7.29225
 10
1.6329117142574043
 20
-7.291866665545752
 10
1.635625000000001
 20
-7.290742785792575
 10
1.6379549512883496
 20
-7.288954951288348
 10
1.639742785792576
 20
-7.286625
 10
1.6408666655457531
 20
-7.283911714257403
 97
0
 75
0
 76
1
 98
0
  0
HATCH
  5
6A1
330
17
100
AcDbEntity
  8
K-ZBROJENIE-OPIS
 62
7
420
0
100
AcDbHatch
 10
0.0
 20
0.0
 30
0.0
210
0.0
220
0.0
230
1.0
  2
SOLID
 70
1
 71
0
 91
1
 92
3
 72
0
 73
1
 93
24
 10
5.441250000000002
 20
-7.4590000000000005
 10
5.440866665545753
 20
-7.456088285742597
 10
5.439742785792577
 20
-7.453375
 10
5.43795495128835
 20
-7.451045048711652
 10
5.435625000000002
 20
-7.449257214207425
 10
5.432911714257405
 20
-7.448133334454249
 10
5.4300000000000015
 20
-7.44775
 10
5.427088285742598
 20
-7.448133334454249
 10
5.424375000000001
 20
-7.449257214207425
 10
5.422045048711653
 20
-7.451045048711652
 10
5.420257214207426
 20
-7.453375
 10
5.41913333445425
 20
-7.456088285742597
 10
5.418750000000001
 20
-7.4590000000000005
 10
5.41913333445425
 20
-7.461911714257404
 10
5.420257214207426
 20
-7.464625000000001
 10
5.422045048711653
 20
-7.466954951288349
 10
5.424375000000001
 20
-7.468742785792576
 10
5.427088285742598
 20
-7.469866665545752
 10
5.4300000000000015
 20
-7.470250000000001
 10
5.432911714257405
 20
-7.469866665545752
 10
5.435625000000002
 20
-7.468742785792576
 10
5.43795495128835
 20
-7.466954951288349
 10
5.439742785792577
 20
-7.464625000000001
 10
5.440866665545753
 20
-7.461911714257404
 97
0
 75
0
 76
1
 98
0
  0
HATCH
  5
6A2
330
17
100
AcDbEntity
  8
K-ZBROJENIE-OPIS
 62
7
420
0
100
AcDbHatch
 10
0.0
 20
0.0
 30
0.0
210
0.0
220
0.0
230
1.0
  2
SOLID
 70
1
 71
0
 91
1
 92
3
 72
0
 73
1
 93
24
 10
5.881250000000002
 20
-7.281
 10
5.880866665545754
 20
-7.278088285742596
 10
5.879742785792577
 20
-7.2753749999999995
 10
5.87795495128835
 20
-7.273045048711651
 10
5.875625000000002
 20
-7.2712572142074245
 10
5.872911714257405
 20
-7.270133334454248
 10
5.870000000000002
 20
-7.269749999999999
 10
5.867088285742598
 20
-7.270133334454248
 10
5.864375000000002
 20
-7.2712572142074245
 10
5.8620450487116535
 20
-7.273045048711651
 10
5.860257214207427
 20
-7.2753749999999995
 10
5.85913333445425
 20
-7.278088285742596
 10
5.8587500000000015
 20
-7.281
 10
5.85913333445425
 20
-7.283911714257403
 10
5.860257214207427
 20
-7.286625
 10
5.8620450487116535
 20
-7.288954951288348
 10
5.864375000000002
 20
-7.290742785792575
 10
5.867088285742598
 20
-7.291866665545752
 10
5.870000000000002
 20
-7.29225
 10
5.872911714257405
 20
-7.291866665545752
 10
5.875625000000002
 20
-7.290742785792575
 10
5.87795495128835
 20
-7.288954951288348
 10
5.879742785792577
 20
-7.286625
 10
5.880866665545754
 20
-7.283911714257403
 97
0
 75
0
 76
1
 98
0
  0
LWPOLYLINE
  5
6A3
330
17
100
AcDbEntity
  8
K-ZBROJENIE-OPIS
370
35
 48
0.025
100
AcDbPolyline
 90
2
 70
0
 10
1.9000000000000001
 20
-0.7579999999999999
 10
1.9000000000000001
 20
-1.023
  0
LWPOLYLINE
  5
6A4
330
17
100
AcDbEntity
  8
K-ZBROJENIE-OPIS
370
35
 48
0.025
100
AcDbPolyline
 90
2
 70
0
 10
2.54
 20
-0.4109999999999999
 10
2.54
 20
-0.2809999999999999
  0
LWPOLYLINE
  5
6A5
330
17
100
AcDbEntity
  8
K-ZBROJENIE-OPIS
370
35
 48
0.025
100
AcDbPolyline
 90
2
 70
0
 10
1.4000000000000001
 20
-4.253
 10
1.4000000000000001
 20
-4.433
  0
LWPOLYLINE
  5
6A6
330
17
100
AcDbEntity
  8
K-ZBROJENIE-OPIS
370
35
 48
0.025
100
AcDbPolyline
 90
2
 70
0
 10
1.8400000000000003
 20
-4.076
 10
1.8400000000000003
 20
-3.9459999999999997
  0
LWPOLYLINE
  5
6A7
330
17
100
AcDbEntity
  8
K-ZBROJENIE-OPIS
370
35
 48
0.025
100
AcDbPolyline
 90
2
 70
0
 10
5.93
 20
-4.2540000000000004
 10
5.93
 20
-4.434
  0
LWPOLYLINE
  5
6A8
330
17
100
AcDbEntity
  8
K-ZBROJENIE-OPIS
370
35
 48
0.025
100
AcDbPolyline
 90
2
 70
0
 10
6.449999999999999
 20
-4.076
 10
6.449999999999999
 20
-3.9459999999999997
  0
LWPOLYLINE
  5
6A9
330
17
100
AcDbEntity
  8
K-ZBROJENIE-OPIS
370
35
 48
0.025
100
AcDbPolyline
 90
2
 70
0
 10
1.2500000000000007
 20
-7.4590000000000005
 10
1.2500000000000007
 20
-7.639
  0
LWPOLYLINE
  5
6AA
330
17
100
AcDbEntity
  8
K-ZBROJENIE-OPIS
370
35
 48
0.025
100
AcDbPolyline
 90
2
 70
0
 10
1.630000000000001
 20
-7.281
 10
1.630000000000001
 20
-7.151
  0
LWPOLYLINE
  5
6AB
330
17
100
AcDbEntity
  8
K-ZBROJENIE-OPIS
370
35
 48
0.025
100
AcDbPolyline
 90
2
 70
0
 10
5.4300000000000015
 20
-7.4590000000000005
 10
5.4300000000000015
 20
-7.639
  0
LWPOLYLINE
  5
6AC
330
17
100
AcDbEntity
  8
K-ZBROJENIE-OPIS
370
35
 48
0.025
100
AcDbPolyline
 90
2
 70
0
 10
5.870000000000002
 20
-7.281
 10
5.870000000000002
 20
-7.151
  0
HATCH
  5
6AD
330
17
100
AcDbEntity
  8
K-ZBROJENIE-OPIS
 62
7
420
16777215
100
AcDbHatch
 10
0.0
 20
0.0
 30
0.0
210
0.0
220
0.0
230
1.0
  2
SOLID
 70
1
 71
0
 91
1
 92
3
 72
0
 73
1
 93
48
 10
1.7037491483079719
 20
-1.0892499999999998
 10
1.7031930642972697
 20
-1.0807657975056966
 10
1.7015343270167613
 20
-1.072426762068336
 10
1.6988013179212056
 20
-1.064375576896269
 10
1.6950407995539605
 20
-1.0567499999999999
 10
1.690317115426902
 20
-1.049680507114433
 10
1.6847110890850976
 20
-1.0432880592228742
 10
1.6783186411935387
 20
-1.0376820328810696
 10
1.6712491483079719
 20
-1.0329583487540113
 10
1.6636235714117027
 20
-1.0291978303867662
 10
1.6555723862396359
 20
-1.0264648212912104
 10
1.6472333508022752
 20
-1.024806084010702
 10
1.638749148307972
 20
-1.0242499999999999
 10
1.6302649458136687
 20
-1.024806084010702
 10
1.6219259103763082
 20
-1.0264648212912104
 10
1.6138747252042411
 20
-1.0291978303867662
 10
1.606249148307972
 20
-1.0329583487540113
 10
1.5991796554224051
 20
-1.0376820328810696
 10
1.5927872075308462
 20
-1.0432880592228742
 10
1.5871811811890417
 20
-1.049680507114433
 10
1.5824574970619834
 20
-1.0567499999999999
 10
1.5786969786947382
 20
-1.064375576896269
 10
1.5759639695991825
 20
-1.0724267620683359
 10
1.5743052323186741
 20
-1.0807657975056963
 10
1.573749148307972
 20
-1.0892499999999998
 10
1.5743052323186741
 20
-1.097734202494303
 10
1.5759639695991825
 20
-1.1060732379316636
 10
1.5786969786947382
 20
-1.1141244231037306
 10
1.5824574970619834
 20
-1.1217499999999998
 10
1.5871811811890417
 20
-1.1288194928855666
 10
1.5927872075308462
 20
-1.1352119407771255
 10
1.5991796554224051
 20
-1.14081796711893
 10
1.606249148307972
 20
-1.1455416512459884
 10
1.6138747252042411
 20
-1.1493021696132335
 10
1.621925910376308
 20
-1.1520351787087892
 10
1.6302649458136684
 20
-1.1536939159892976
 10
1.638749148307972
 20
-1.1542499999999998
 10
1.6472333508022752
 20
-1.1536939159892976
 10
1.6555723862396357
 20
-1.1520351787087892
 10
1.6636235714117027
 20
-1.1493021696132335
 10
1.6712491483079719
 20
-1.1455416512459884
 10
1.6783186411935387
 20
-1.1408179671189302
 10
1.6847110890850976
 20
-1.1352119407771255
 10
1.690317115426902
 20
-1.1288194928855666
 10
1.6950407995539605
 20
-1.1217499999999998
 10
1.6988013179212056
 20
-1.1141244231037306
 10
1.7015343270167613
 20
-1.1060732379316638
 10
1.7031930642972697
 20
-1.0977342024943033
 97
0
 75
0
 76
1
 98
0
  0
HATCH
  5
6AE
330
17
100
AcDbEntity
  8
K-ZBROJENIE-OPIS
 62
7
420
16777215
100
AcDbHatch
 10
0.0
 20
0.0
 30
0.0
210
0.0
220
0.0
230
1.0
  2
SOLID
 70
1
 71
0
 91
1
 92
3
 72
0
 73
1
 93
48
 10
2.343749148307972
 20
-0.2297499999999999
 10
2.3431930642972696
 20
-0.22126579750569655
 10
2.3415343270167615
 20
-0.21292676206833605
 10
2.3388013179212055
 20
-0.20487557689626906
 10
2.3350407995539606
 20
-0.1972499999999999
 10
2.3303171154269022
 20
-0.19018050711443307
 10
2.3247110890850977
 20
-0.1837880592228743
 10
2.318318641193539
 20
-0.1781820328810696
 10
2.3112491483079722
 20
-0.1734583487540114
 10
2.303623571411703
 20
-0.16969783038676625
 10
2.2955723862396358
 20
-0.16696482129121046
 10
2.2872333508022753
 20
-0.16530608401070224
 10
2.278749148307972
 20
-0.1647499999999999
 10
2.2702649458136688
 20
-0.1653060840107022
 10
2.2619259103763083
 20
-0.16696482129121046
 10
2.2538747252042413
 20
-0.16969783038676625
 10
2.246249148307972
 20
-0.1734583487540114
 10
2.2391796554224053
 20
-0.1781820328810696
 10
2.2327872075308464
 20
-0.1837880592228743
 10
2.227181181189042
 20
-0.19018050711443305
 10
2.2224574970619835
 20
-0.19724999999999987
 10
2.2186969786947386
 20
-0.20487557689626906
 10
2.2159639695991826
 20
-0.21292676206833602
 10
2.2143052323186745
 20
-0.22126579750569653
 10
2.213749148307972
 20
-0.2297499999999999
 10
2.2143052323186745
 20
-0.23823420249430324
 10
2.2159639695991826
 20
-0.24657323793166372
 10
2.2186969786947386
 20
-0.2546244231037307
 10
2.2224574970619835
 20
-0.26224999999999987
 10
2.227181181189042
 20
-0.2693194928855667
 10
2.2327872075308464
 20
-0.27571194077712546
 10
2.2391796554224053
 20
-0.2813179671189302
 10
2.246249148307972
 20
-0.2860416512459884
 10
2.2538747252042413
 20
-0.2898021696132335
 10
2.2619259103763083
 20
-0.2925351787087893
 10
2.2702649458136688
 20
-0.29419391598929756
 10
2.278749148307972
 20
-0.2947499999999999
 10
2.2872333508022753
 20
-0.29419391598929756
 10
2.2955723862396358
 20
-0.29253517870878937
 10
2.303623571411703
 20
-0.2898021696132336
 10
2.311249148307972
 20
-0.28604165124598846
 10
2.318318641193539
 20
-0.2813179671189302
 10
2.3247110890850977
 20
-0.2757119407771255
 10
2.3303171154269022
 20
-0.2693194928855668
 10
2.3350407995539606
 20
-0.2622499999999999
 10
2.3388013179212055
 20
-0.2546244231037308
 10
2.3415343270167615
 20
-0.2465732379316638
 10
2.3431930642972696
 20
-0.23823420249430333
 97
0
 75
0
 76
1
 98
0
  0
HATCH
  5
6AF
330
17
100
AcDbEntity
  8
K-ZBROJENIE-OPIS
 62
7
420
16777215
100
AcDbHatch
 10
0.0
 20
0.0
 30
0.0
210
0.0
220
0.0
230
1.0
  2
SOLID
 70
1
 71
0
 91
1
 92
3
 72
0
 73
1
 93
48
 10
1.5733908698614583
 20
-0.55375
 10
1.572834785850756
 20
-0.5452657975056966
 10
1.5711760485702477
 20
-0.5369267620683361
 10
1.568443039474692
 20
-0.5288755768962692
 10
1.5646825211074469
 20
-0.52125
 10
1.5599588369803885
 20
-0.5141805071144331
 10
1.554352810638584
 20
-0.5077880592228744
 10
1.547960362747025
 20
-0.5021820328810697
 10
1.5408908698614583
 20
-0.49745834875401146
 10
1.533265292965189
 20
-0.49369783038676635
 10
1.5252141077931223
 20
-0.49096482129121055
 10
1.5168750723557616
 20
-0.4893060840107023
 10
1.5083908698614583
 20
-0.48874999999999996
 10
1.499906667367155
 20
-0.4893060840107023
 10
1.4915676319297946
 20
-0.49096482129121055
 10
1.4835164467577275
 20
-0.4936978303867663
 10
1.4758908698614583
 20
-0.49745834875401146
 10
1.4688213769758915
 20
-0.5021820328810697
 10
1.4624289290843326
 20
-0.5077880592228744
 10
1.4568229027425281
 20
-0.5141805071144331
 10
1.4520992186154698
 20
-0.52125
 10
1.4483387002482246
 20
-0.5288755768962691
 10
1.445605691152669
 20
-0.5369267620683361
 10
1.4439469538721605
 20
-0.5452657975056966
 10
1.4433908698614584
 20
-0.55375
 10
1.4439469538721605
 20
-0.5622342024943033
 10
1.445605691152669
 20
-0.5705732379316638
 10
1.4483387002482246
 20
-0.5786244231037307
 10
1.4520992186154698
 20
-0.5862499999999999
 10
1.4568229027425281
 20
-0.5933194928855667
 10
1.4624289290843326
 20
-0.5997119407771255
 10
1.4688213769758915
 20
-0.6053179671189303
 10
1.4758908698614583
 20
-0.6100416512459884
 10
1.4835164467577275
 20
-0.6138021696132336
 10
1.4915676319297944
 20
-0.6165351787087894
 10
1.4999066673671548
 20
-0.6181939159892976
 10
1.5083908698614583
 20
-0.6187499999999999
 10
1.5168750723557616
 20
-0.6181939159892976
 10
1.525214107793122
 20
-0.6165351787087894
 10
1.533265292965189
 20
-0.6138021696132336
 10
1.5408908698614583
 20
-0.6100416512459885
 10
1.547960362747025
 20
-0.6053179671189303
 10
1.554352810638584
 20
-0.5997119407771255
 10
1.5599588369803885
 20
-0.5933194928855668
 10
1.5646825211074469
 20
-0.5862499999999999
 10
1.568443039474692
 20
-0.5786244231037309
 10
1.5711760485702477
 20
-0.5705732379316639
 10
1.572834785850756
 20
-0.5622342024943033
 97
0
 75
0
 76
1
 98
0
  0
HATCH
  5
6B0
330
17
100
AcDbEntity
  8
K-ZBROJENIE-OPIS
 62
7
420
16777215
100
AcDbHatch
 10
0.0
 20
0.0
 30
0.0
210
0.0
220
0.0
230
1.0
  2
SOLID
 70
1
 71
0
 91
1
 92
3
 72
0
 73
1
 93
48
 10
1.635
 20
-1.5949999999999998
 10
1.6344439159892978
 20
-1.5865157975056965
 10
1.6327851787087895
 20
-1.578176762068336
 10
1.6300521696132337
 20
-1.570125576896269
 10
1.6262916512459886
 20
-1.5624999999999998
 10
1.6215679671189303
 20
-1.555430507114433
 10
1.6159619407771257
 20
-1.549038059222874
 10
1.6095694928855668
 20
-1.5434320328810696
 10
1.6025
 20
-1.5387083487540112
 10
1.5948744231037308
 20
-1.534947830386766
 10
1.586823237931664
 20
-1.5322148212912103
 10
1.5784842024943033
 20
-1.530556084010702
 10
1.57
 20
-1.5299999999999998
 10
1.5615157975056968
 20
-1.530556084010702
 10
1.5531767620683363
 20
-1.5322148212912103
 10
1.5451255768962693
 20
-1.534947830386766
 10
1.5375
 20
-1.5387083487540112
 10
1.5304305071144333
 20
-1.5434320328810696
 10
1.5240380592228744
 20
-1.549038059222874
 10
1.5184320328810699
 20
-1.555430507114433
 10
1.5137083487540115
 20
-1.5624999999999998
 10
1.5099478303867664
 20
-1.570125576896269
 10
1.5072148212912106
 20
-1.5781767620683358
 10
1.5055560840107023
 20
-1.5865157975056963
 10
1.5050000000000001
 20
-1.5949999999999998
 10
1.5055560840107023
 20
-1.603484202494303
 10
1.5072148212912106
 20
-1.6118232379316635
 10
1.5099478303867664
 20
-1.6198744231037305
 10
1.5137083487540115
 20
-1.6274999999999997
 10
1.5184320328810696
 20
-1.6345694928855665
 10
1.5240380592228744
 20
-1.6409619407771254
 10
1.5304305071144333
 20
-1.64656796711893
 10
1.5375
 20
-1.6512916512459883
 10
1.5451255768962693
 20
-1.6550521696132334
 10
1.553176762068336
 20
-1.6577851787087892
 10
1.5615157975056966
 20
-1.6594439159892975
 10
1.57
 20
-1.6599999999999997
 10
1.5784842024943033
 20
-1.6594439159892975
 10
1.5868232379316638
 20
-1.6577851787087892
 10
1.5948744231037308
 20
-1.6550521696132334
 10
1.6025
 20
-1.6512916512459883
 10
1.6095694928855668
 20
-1.6465679671189302
 10
1.6159619407771257
 20
-1.6409619407771254
 10
1.6215679671189303
 20
-1.6345694928855665
 10
1.6262916512459886
 20
-1.6274999999999997
 10
1.6300521696132337
 20
-1.6198744231037305
 10
1.6327851787087895
 20
-1.6118232379316637
 10
1.6344439159892978
 20
-1.6034842024943032
 97
0
 75
0
 76
1
 98
0
  0
HATCH
  5
6B1
330
17
100
AcDbEntity
  8
K-ZBROJENIE-OPIS
 62
7
420
16777215
100
AcDbHatch
 10
0.0
 20
0.0
 30
0.0
210
0.0
220
0.0
230
1.0
  2
SOLID
 70
1
 71
0
 91
1
 92
3
 72
0
 73
1
 93
48
 10
1.635
 20
-2.145
 10
1.6344439159892978
 20
-2.1365157975056968
 10
1.6327851787087895
 20
-2.1281767620683363
 10
1.6300521696132337
 20
-2.1201255768962692
 10
1.6262916512459886
 20
-2.1125
 10
1.6215679671189303
 20
-2.1054305071144332
 10
1.6159619407771257
 20
-2.0990380592228743
 10
1.6095694928855668
 20
-2.09343203288107
 10
1.6025
 20
-2.0887083487540115
 10
1.5948744231037308
 20
-2.0849478303867666
 10
1.586823237931664
 20
-2.0822148212912106
 10
1.5784842024943033
 20
-2.0805560840107025
 10
1.57
 20
-2.08
 10
1.5615157975056968
 20
-2.0805560840107025
 10
1.5531767620683363
 20
-2.0822148212912106
 10
1.5451255768962693
 20
-2.0849478303867666
 10
1.5375
 20
-2.0887083487540115
 10
1.5304305071144333
 20
-2.09343203288107
 10
1.5240380592228744
 20
-2.0990380592228743
 10
1.5184320328810699
 20
-2.1054305071144332
 10
1.5137083487540115
 20
-2.1125
 10
1.5099478303867664
 20
-2.1201255768962692
 10
1.5072148212912106
 20
-2.1281767620683363
 10
1.5055560840107023
 20
-2.1365157975056968
 10
1.5050000000000001
 20
-2.145
 10
1.5055560840107023
 20
-2.1534842024943033
 10
1.5072148212912106
 20
-2.1618232379316638
 10
1.5099478303867664
 20
-2.169874423103731
 10
1.5137083487540115
 20
-2.1775
 10
1.5184320328810696
 20
-2.184569492885567
 10
1.5240380592228744
 20
-2.1909619407771257
 10
1.5304305071144333
 20
-2.19656796711893
 10
1.5375
 20
-2.2012916512459886
 10
1.5451255768962693
 20
-2.2050521696132335
 10
1.553176762068336
 20
-2.2077851787087894
 10
1.5615157975056966
 20
-2.2094439159892976
 10
1.57
 20
-2.21
 10
1.5784842024943033
 20
-2.2094439159892976
 10
1.5868232379316638
 20
-2.2077851787087894
 10
1.5948744231037308
 20
-2.2050521696132335
 10
1.6025
 20
-2.2012916512459886
 10
1.6095694928855668
 20
-2.19656796711893
 10
1.6159619407771257
 20
-2.1909619407771257
 10
1.6215679671189303
 20
-2.184569492885567
 10
1.6262916512459886
 20
-2.1775
 10
1.6300521696132337
 20
-2.169874423103731
 10
1.6327851787087895
 20
-2.1618232379316638
 10
1.6344439159892978
 20
-2.1534842024943033
 97
0
 75
0
 76
1
 98
0
  0
HATCH
  5
6B2
330
17
100
AcDbEntity
  8
K-ZBROJENIE-OPIS
 62
7
420
16777215
100
AcDbHatch
 10
0.0
 20
0.0
 30
0.0
210
0.0
220
0.0
230
1.0
  2
SOLID
 70
1
 71
0
 91
1
 92
3
 72
0
 73
1
 93
48
 10
0.7450000000000001
 20
-2.98
 10
0.7444439159892977
 20
-2.9715157975056967
 10
0.7427851787087895
 20
-2.9631767620683362
 10
0.7400521696132337
 20
-2.955125576896269
 10
0.7362916512459886
 20
-2.9475
 10
0.7315679671189304
 20
-2.940430507114433
 10
0.7259619407771256
 20
-2.9340380592228743
 10
0.7195694928855669
 20
-2.92843203288107
 10
0.7125
 20
-2.9237083487540114
 10
0.7048744231037309
 20
-2.9199478303867665
 10
0.6968232379316639
 20
-2.9172148212912106
 10
0.6884842024943034
 20
-2.9155560840107024
 10
0.68
 20
-2.915
 10
0.6715157975056967
 20
-2.9155560840107024
 10
0.6631767620683362
 20
-2.9172148212912106
 10
0.6551255768962693
 20
-2.9199478303867665
 10
0.6475000000000001
 20
-2.9237083487540114
 10
0.6404305071144333
 20
-2.92843203288107
 10
0.6340380592228745
 20
-2.9340380592228743
 10
0.6284320328810697
 20
-2.940430507114433
 10
0.6237083487540116
 20
-2.9475
 10
0.6199478303867664
 20
-2.955125576896269
 10
0.6172148212912106
 20
-2.9631767620683362
 10
0.6155560840107024
 20
-2.9715157975056967
 10
0.615
 20
-2.98
 10
0.6155560840107024
 20
-2.9884842024943032
 10
0.6172148212912106
 20
-2.9968232379316637
 10
0.6199478303867664
 20
-3.0048744231037308
 10
0.6237083487540115
 20
-3.0125
 10
0.6284320328810697
 20
-3.0195694928855668
 10
0.6340380592228745
 20
-3.0259619407771257
 10
0.6404305071144332
 20
-3.03156796711893
 10
0.6475
 20
-3.0362916512459885
 10
0.6551255768962692
 20
-3.0400521696132334
 10
0.6631767620683362
 20
-3.0427851787087894
 10
0.6715157975056967
 20
-3.0444439159892975
 10
0.68
 20
-3.045
 10
0.6884842024943034
 20
-3.0444439159892975
 10
0.6968232379316639
 20
-3.0427851787087894
 10
0.7048744231037308
 20
-3.0400521696132334
 10
0.7125
 20
-3.0362916512459885
 10
0.7195694928855668
 20
-3.03156796711893
 10
0.7259619407771256
 20
-3.0259619407771257
 10
0.7315679671189304
 20
-3.0195694928855668
 10
0.7362916512459885
 20
-3.0125
 10
0.7400521696132337
 20
-3.0048744231037308
 10
0.7427851787087895
 20
-2.9968232379316637
 10
0.7444439159892977
 20
-2.9884842024943032
 97
0
 75
0
 76
1
 98
0
  0
HATCH
  5
6B3
330
17
100
AcDbEntity
  8
K-ZBROJENIE-OPIS
 62
7
420
16777215
100
AcDbHatch
 10
0.0
 20
0.0
 30
0.0
210
0.0
220
0.0
230
1.0
  2
SOLID
 70
1
 71
0
 91
1
 92
3
 72
0
 73
1
 93
48
 10
1.2037491483079719
 20
-4.49925
 10
1.2031930642972697
 20
-4.490765797505697
 10
1.2015343270167613
 20
-4.482426762068336
 10
1.1988013179212056
 20
-4.474375576896269
 10
1.1950407995539605
 20
-4.46675
 10
1.190317115426902
 20
-4.459680507114433
 10
1.1847110890850976
 20
-4.453288059222874
 10
1.1783186411935387
 20
-4.44768203288107
 10
1.1712491483079719
 20
-4.442958348754011
 10
1.1636235714117027
 20
-4.4391978303867665
 10
1.1555723862396359
 20
-4.43646482129121
 10
1.1472333508022752
 20
-4.434806084010702
 10
1.138749148307972
 20
-4.43425
 10
1.1302649458136687
 20
-4.434806084010702
 10
1.1219259103763082
 20
-4.43646482129121
 10
1.1138747252042411
 20
-4.4391978303867665
 10
1.106249148307972
 20
-4.442958348754011
 10
1.0991796554224051
 20
-4.44768203288107
 10
1.0927872075308462
 20
-4.453288059222874
 10
1.0871811811890417
 20
-4.459680507114433
 10
1.0824574970619834
 20
-4.46675
 10
1.0786969786947382
 20
-4.474375576896269
 10
1.0759639695991825
 20
-4.482426762068336
 10
1.0743052323186741
 20
-4.490765797505697
 10
1.073749148307972
 20
-4.49925
 10
1.0743052323186741
 20
-4.507734202494303
 10
1.0759639695991825
 20
-4.516073237931664
 10
1.0786969786947382
 20
-4.524124423103731
 10
1.0824574970619834
 20
-4.53175
 10
1.0871811811890417
 20
-4.538819492885567
 10
1.0927872075308462
 20
-4.545211940777126
 10
1.0991796554224051
 20
-4.55081796711893
 10
1.106249148307972
 20
-4.5555416512459885
 10
1.1138747252042411
 20
-4.559302169613233
 10
1.121925910376308
 20
-4.56203517870879
 10
1.1302649458136684
 20
-4.5636939159892975
 10
1.138749148307972
 20
-4.56425
 10
1.1472333508022752
 20
-4.5636939159892975
 10
1.1555723862396357
 20
-4.56203517870879
 10
1.1636235714117027
 20
-4.559302169613233
 10
1.1712491483079719
 20
-4.5555416512459885
 10
1.1783186411935387
 20
-4.55081796711893
 10
1.1847110890850976
 20
-4.545211940777126
 10
1.190317115426902
 20
-4.538819492885567
 10
1.1950407995539605
 20
-4.53175
 10
1.1988013179212056
 20
-4.524124423103731
 10
1.2015343270167613
 20
-4.516073237931664
 10
1.2031930642972697
 20
-4.507734202494303
 97
0
 75
0
 76
1
 98
0
  0
HATCH
  5
6B4
330
17
100
AcDbEntity
  8
K-ZBROJENIE-OPIS
 62
7
420
16777215
100
AcDbHatch
 10
0.0
 20
0.0
 30
0.0
210
0.0
220
0.0
230
1.0
  2
SOLID
 70
1
 71
0
 91
1
 92
3
 72
0
 73
1
 93
48
 10
1.643749148307972
 20
-3.8947499999999997
 10
1.6431930642972699
 20
-3.8862657975056965
 10
1.6415343270167615
 20
-3.877926762068336
 10
1.6388013179212058
 20
-3.869875576896269
 10
1.6350407995539606
 20
-3.8622499999999995
 10
1.6303171154269023
 20
-3.855180507114433
 10
1.6247110890850978
 20
-3.848788059222874
 10
1.6183186411935389
 20
-3.8431820328810695
 10
1.611249148307972
 20
-3.838458348754011
 10
1.6036235714117029
 20
-3.8346978303867663
 10
1.595572386239636
 20
-3.8319648212912103
 10
1.5872333508022753
 20
-3.830306084010702
 10
1.578749148307972
 20
-3.8297499999999998
 10
1.5702649458136688
 20
-3.830306084010702
 10
1.5619259103763083
 20
-3.8319648212912103
 10
1.5538747252042413
 20
-3.8346978303867663
 10
1.546249148307972
 20
-3.838458348754011
 10
1.5391796554224053
 20
-3.8431820328810695
 10
1.5327872075308464
 20
-3.848788059222874
 10
1.527181181189042
 20
-3.855180507114433
 10
1.5224574970619835
 20
-3.8622499999999995
 10
1.5186969786947384
 20
-3.869875576896269
 10
1.5159639695991827
 20
-3.877926762068336
 10
1.5143052323186743
 20
-3.8862657975056965
 10
1.5137491483079721
 20
-3.8947499999999997
 10
1.5143052323186743
 20
-3.903234202494303
 10
1.5159639695991827
 20
-3.9115732379316634
 10
1.5186969786947384
 20
-3.9196244231037305
 10
1.5224574970619835
 20
-3.92725
 10
1.5271811811890417
 20
-3.9343194928855665
 10
1.5327872075308464
 20
-3.9407119407771254
 10
1.5391796554224053
 20
-3.94631796711893
 10
1.546249148307972
 20
-3.9510416512459883
 10
1.5538747252042413
 20
-3.954802169613233
 10
1.5619259103763081
 20
-3.957535178708789
 10
1.5702649458136686
 20
-3.9591939159892973
 10
1.578749148307972
 20
-3.9597499999999997
 10
1.5872333508022753
 20
-3.9591939159892973
 10
1.5955723862396358
 20
-3.957535178708789
 10
1.6036235714117029
 20
-3.954802169613233
 10
1.611249148307972
 20
-3.9510416512459883
 10
1.6183186411935389
 20
-3.94631796711893
 10
1.6247110890850978
 20
-3.9407119407771254
 10
1.6303171154269023
 20
-3.9343194928855665
 10
1.6350407995539606
 20
-3.92725
 10
1.6388013179212058
 20
-3.9196244231037305
 10
1.6415343270167615
 20
-3.9115732379316634
 10
1.6431930642972699
 20
-3.903234202494303
 97
0
 75
0
 76
1
 98
0
  0
HATCH
  5
6B5
330
17
100
AcDbEntity
  8
K-ZBROJENIE-OPIS
 62
7
420
16777215
100
AcDbHatch
 10
0.0
 20
0.0
 30
0.0
210
0.0
220
0.0
230
1.0
  2
SOLID
 70
1
 71
0
 91
1
 92
3
 72
0
 73
1
 93
48
 10
1.6552793549852374
 20
-4.21125
 10
1.6547232709745352
 20
-4.2027657975056965
 10
1.6530645336940268
 20
-4.1944267620683355
 10
1.650331524598471
 20
-4.1863755768962685
 10
1.646571006231226
 20
-4.17875
 10
1.6418473221041676
 20
-4.1716805071144325
 10
1.636241295762363
 20
-4.165288059222874
 10
1.6298488478708042
 20
-4.1596820328810695
 10
1.6227793549852374
 20
-4.154958348754011
 10
1.6151537780889682
 20
-4.151197830386766
 10
1.6071025929169014
 20
-4.14846482129121
 10
1.5987635574795407
 20
-4.146806084010702
 10
1.5902793549852374
 20
-4.146249999999999
 10
1.5817951524909342
 20
-4.146806084010702
 10
1.5734561170535737
 20
-4.14846482129121
 10
1.5654049318815066
 20
-4.151197830386766
 10
1.5577793549852375
 20
-4.154958348754011
 10
1.5507098620996707
 20
-4.1596820328810695
 10
1.5443174142081117
 20
-4.165288059222874
 10
1.5387113878663072
 20
-4.1716805071144325
 10
1.5339877037392489
 20
-4.17875
 10
1.5302271853720038
 20
-4.1863755768962685
 10
1.527494176276448
 20
-4.1944267620683355
 10
1.5258354389959397
 20
-4.2027657975056965
 10
1.5252793549852375
 20
-4.21125
 10
1.5258354389959397
 20
-4.219734202494303
 10
1.527494176276448
 20
-4.228073237931664
 10
1.5302271853720038
 20
-4.236124423103731
 10
1.5339877037392489
 20
-4.2437499999999995
 10
1.5387113878663072
 20
-4.250819492885567
 10
1.5443174142081117
 20
-4.257211940777125
 10
1.5507098620996707
 20
-4.26281796711893
 10
1.5577793549852375
 20
-4.267541651245988
 10
1.5654049318815066
 20
-4.271302169613233
 10
1.5734561170535735
 20
-4.27403517870879
 10
1.581795152490934
 20
-4.275693915989297
 10
1.5902793549852374
 20
-4.27625
 10
1.5987635574795407
 20
-4.275693915989297
 10
1.6071025929169012
 20
-4.27403517870879
 10
1.6151537780889682
 20
-4.271302169613233
 10
1.6227793549852374
 20
-4.267541651245988
 10
1.6298488478708042
 20
-4.26281796711893
 10
1.636241295762363
 20
-4.257211940777125
 10
1.6418473221041676
 20
-4.250819492885567
 10
1.646571006231226
 20
-4.2437499999999995
 10
1.650331524598471
 20
-4.236124423103731
 10
1.6530645336940268
 20
-4.228073237931664
 10
1.6547232709745352
 20
-4.219734202494303
 97
0
 75
0
 76
1
 98
0
  0
HATCH
  5
6B6
330
17
100
AcDbEntity
  8
K-ZBROJENIE-OPIS
 62
7
420
16777215
100
AcDbHatch
 10
0.0
 20
0.0
 30
0.0
210
0.0
220
0.0
230
1.0
  2
SOLID
 70
1
 71
0
 91
1
 92
3
 72
0
 73
1
 93
48
 10
1.135
 20
-5.090000000000001
 10
1.1344439159892978
 20
-5.0815157975056975
 10
1.1327851787087895
 20
-5.073176762068337
 10
1.1300521696132337
 20
-5.0651255768962695
 10
1.1262916512459886
 20
-5.057500000000001
 10
1.1215679671189303
 20
-5.0504305071144335
 10
1.1159619407771257
 20
-5.044038059222875
 10
1.1095694928855668
 20
-5.0384320328810706
 10
1.1025
 20
-5.033708348754012
 10
1.0948744231037308
 20
-5.029947830386767
 10
1.086823237931664
 20
-5.027214821291211
 10
1.0784842024943033
 20
-5.025556084010703
 10
1.07
 20
-5.025
 10
1.0615157975056968
 20
-5.025556084010703
 10
1.0531767620683363
 20
-5.027214821291211
 10
1.0451255768962693
 20
-5.029947830386767
 10
1.0375
 20
-5.033708348754012
 10
1.0304305071144333
 20
-5.0384320328810706
 10
1.0240380592228744
 20
-5.044038059222875
 10
1.0184320328810699
 20
-5.0504305071144335
 10
1.0137083487540115
 20
-5.057500000000001
 10
1.0099478303867664
 20
-5.0651255768962695
 10
1.0072148212912106
 20
-5.073176762068337
 10
1.0055560840107023
 20
-5.0815157975056975
 10
1.0050000000000001
 20
-5.090000000000001
 10
1.0055560840107023
 20
-5.098484202494304
 10
1.0072148212912106
 20
-5.106823237931665
 10
1.0099478303867664
 20
-5.114874423103732
 10
1.0137083487540115
 20
-5.1225000000000005
 10
1.0184320328810696
 20
-5.129569492885568
 10
1.0240380592228744
 20
-5.135961940777126
 10
1.0304305071144333
 20
-5.141567967118931
 10
1.0375
 20
-5.146291651245989
 10
1.0451255768962693
 20
-5.150052169613234
 10
1.053176762068336
 20
-5.152785178708791
 10
1.0615157975056966
 20
-5.154443915989298
 10
1.07
 20
-5.155000000000001
 10
1.0784842024943033
 20
-5.154443915989298
 10
1.0868232379316638
 20
-5.152785178708791
 10
1.0948744231037308
 20
-5.150052169613234
 10
1.1025
 20
-5.146291651245989
 10
1.1095694928855668
 20
-5.141567967118931
 10
1.1159619407771257
 20
-5.135961940777126
 10
1.1215679671189303
 20
-5.129569492885568
 10
1.1262916512459886
 20
-5.1225000000000005
 10
1.1300521696132337
 20
-5.114874423103732
 10
1.1327851787087895
 20
-5.106823237931665
 10
1.1344439159892978
 20
-5.098484202494304
 97
0
 75
0
 76
1
 98
0
  0
HATCH
  5
6B7
330
17
100
AcDbEntity
  8
K-ZBROJENIE-OPIS
 62
7
420
16777215
100
AcDbHatch
 10
0.0
 20
0.0
 30
0.0
210
0.0
220
0.0
230
1.0
  2
SOLID
 70
1
 71
0
 91
1
 92
3
 72
0
 73
1
 93
48
 10
1.135
 20
-5.580000000000001
 10
1.1344439159892978
 20
-5.571515797505698
 10
1.1327851787087895
 20
-5.563176762068337
 10
1.1300521696132337
 20
-5.55512557689627
 10
1.1262916512459886
 20
-5.547500000000001
 10
1.1215679671189303
 20
-5.540430507114434
 10
1.1159619407771257
 20
-5.534038059222875
 10
1.1095694928855668
 20
-5.528432032881071
 10
1.1025
 20
-5.523708348754012
 10
1.0948744231037308
 20
-5.5199478303867675
 10
1.086823237931664
 20
-5.517214821291211
 10
1.0784842024943033
 20
-5.515556084010703
 10
1.07
 20
-5.515000000000001
 10
1.0615157975056968
 20
-5.515556084010703
 10
1.0531767620683363
 20
-5.517214821291211
 10
1.0451255768962693
 20
-5.5199478303867675
 10
1.0375
 20
-5.523708348754012
 10
1.0304305071144333
 20
-5.528432032881071
 10
1.0240380592228744
 20
-5.534038059222875
 10
1.0184320328810699
 20
-5.540430507114434
 10
1.0137083487540115
 20
-5.547500000000001
 10
1.0099478303867664
 20
-5.55512557689627
 10
1.0072148212912106
 20
-5.563176762068337
 10
1.0055560840107023
 20
-5.571515797505698
 10
1.0050000000000001
 20
-5.580000000000001
 10
1.0055560840107023
 20
-5.588484202494304
 10
1.0072148212912106
 20
-5.596823237931665
 10
1.0099478303867664
 20
-5.604874423103732
 10
1.0137083487540115
 20
-5.612500000000001
 10
1.0184320328810696
 20
-5.619569492885568
 10
1.0240380592228744
 20
-5.625961940777127
 10
1.0304305071144333
 20
-5.631567967118931
 10
1.0375
 20
-5.6362916512459895
 10
1.0451255768962693
 20
-5.640052169613234
 10
1.053176762068336
 20
-5.642785178708791
 10
1.0615157975056966
 20
-5.6444439159892985
 10
1.07
 20
-5.645000000000001
 10
1.0784842024943033
 20
-5.6444439159892985
 10
1.0868232379316638
 20
-5.642785178708791
 10
1.0948744231037308
 20
-5.640052169613234
 10
1.1025
 20
-5.6362916512459895
 10
1.1095694928855668
 20
-5.631567967118931
 10
1.1159619407771257
 20
-5.625961940777127
 10
1.1215679671189303
 20
-5.619569492885568
 10
1.1262916512459886
 20
-5.612500000000001
 10
1.1300521696132337
 20
-5.604874423103732
 10
1.1327851787087895
 20
-5.596823237931665
 10
1.1344439159892978
 20
-5.588484202494304
 97
0
 75
0
 76
1
 98
0
  0
HATCH
  5
6B8
330
17
100
AcDbEntity
  8
K-ZBROJENIE-OPIS
 62
7
420
16777215
100
AcDbHatch
 10
0.0
 20
0.0
 30
0.0
210
0.0
220
0.0
230
1.0
  2
SOLID
 70
1
 71
0
 91
1
 92
3
 72
0
 73
1
 93
48
 10
0.7450000000000001
 20
-6.2700000000000005
 10
0.7444439159892977
 20
-6.261515797505697
 10
0.7427851787087895
 20
-6.253176762068336
 10
0.7400521696132337
 20
-6.245125576896269
 10
0.7362916512459886
 20
-6.237500000000001
 10
0.7315679671189304
 20
-6.230430507114433
 10
0.7259619407771256
 20
-6.224038059222875
 10
0.7195694928855669
 20
-6.21843203288107
 10
0.7125
 20
-6.213708348754012
 10
0.7048744231037309
 20
-6.209947830386767
 10
0.6968232379316639
 20
-6.207214821291211
 10
0.6884842024943034
 20
-6.205556084010703
 10
0.68
 20
-6.205
 10
0.6715157975056967
 20
-6.205556084010703
 10
0.6631767620683362
 20
-6.207214821291211
 10
0.6551255768962693
 20
-6.209947830386767
 10
0.6475000000000001
 20
-6.213708348754012
 10
0.6404305071144333
 20
-6.21843203288107
 10
0.6340380592228745
 20
-6.224038059222875
 10
0.6284320328810697
 20
-6.230430507114433
 10
0.6237083487540116
 20
-6.237500000000001
 10
0.6199478303867664
 20
-6.245125576896269
 10
0.6172148212912106
 20
-6.253176762068336
 10
0.6155560840107024
 20
-6.261515797505697
 10
0.615
 20
-6.2700000000000005
 10
0.6155560840107024
 20
-6.278484202494304
 10
0.6172148212912106
 20
-6.286823237931665
 10
0.6199478303867664
 20
-6.294874423103732
 10
0.6237083487540115
 20
-6.3025
 10
0.6284320328810697
 20
-6.309569492885568
 10
0.6340380592228745
 20
-6.315961940777126
 10
0.6404305071144332
 20
-6.321567967118931
 10
0.6475
 20
-6.326291651245989
 10
0.6551255768962692
 20
-6.330052169613234
 10
0.6631767620683362
 20
-6.33278517870879
 10
0.6715157975056967
 20
-6.334443915989298
 10
0.68
 20
-6.335000000000001
 10
0.6884842024943034
 20
-6.334443915989298
 10
0.6968232379316639
 20
-6.33278517870879
 10
0.7048744231037308
 20
-6.330052169613234
 10
0.7125
 20
-6.326291651245989
 10
0.7195694928855668
 20
-6.321567967118931
 10
0.7259619407771256
 20
-6.315961940777126
 10
0.7315679671189304
 20
-6.309569492885568
 10
0.7362916512459885
 20
-6.3025
 10
0.7400521696132337
 20
-6.294874423103732
 10
0.7427851787087895
 20
-6.286823237931665
 10
0.7444439159892977
 20
-6.278484202494304
 97
0
 75
0
 76
1
 98
0
  0
HATCH
  5
6B9
330
17
100
AcDbEntity
  8
K-ZBROJENIE-OPIS
 62
7
420
16777215
100
AcDbHatch
 10
0.0
 20
0.0
 30
0.0
210
0.0
220
0.0
230
1.0
  2
SOLID
 70
1
 71
0
 91
1
 92
3
 72
0
 73
1
 93
48
 10
5.7337491483079726
 20
-4.50025
 10
5.73319306429727
 20
-4.491765797505697
 10
5.731534327016762
 20
-4.483426762068336
 10
5.728801317921206
 20
-4.475375576896269
 10
5.725040799553961
 20
-4.4677500000000006
 10
5.720317115426902
 20
-4.460680507114433
 10
5.714711089085098
 20
-4.454288059222875
 10
5.708318641193539
 20
-4.44868203288107
 10
5.701249148307972
 20
-4.443958348754012
 10
5.693623571411703
 20
-4.440197830386767
 10
5.685572386239636
 20
-4.4374648212912104
 10
5.677233350802275
 20
-4.435806084010703
 10
5.668749148307972
 20
-4.43525
 10
5.660264945813669
 20
-4.435806084010703
 10
5.651925910376308
 20
-4.4374648212912104
 10
5.643874725204241
 20
-4.440197830386767
 10
5.636249148307972
 20
-4.443958348754012
 10
5.629179655422405
 20
-4.44868203288107
 10
5.6227872075308465
 20
-4.454288059222875
 10
5.617181181189042
 20
-4.460680507114433
 10
5.612457497061984
 20
-4.4677500000000006
 10
5.608696978694739
 20
-4.475375576896269
 10
5.605963969599182
 20
-4.483426762068336
 10
5.604305232318675
 20
-4.491765797505697
 10
5.603749148307972
 20
-4.50025
 10
5.604305232318675
 20
-4.508734202494304
 10
5.605963969599182
 20
-4.5170732379316645
 10
5.608696978694739
 20
-4.5251244231037315
 10
5.612457497061984
 20
-4.53275
 10
5.617181181189042
 20
-4.5398194928855675
 10
5.6227872075308465
 20
-4.546211940777126
 10
5.629179655422405
 20
-4.5518179671189305
 10
5.636249148307972
 20
-4.556541651245989
 10
5.643874725204241
 20
-4.560302169613234
 10
5.651925910376308
 20
-4.56303517870879
 10
5.660264945813669
 20
-4.564693915989298
 10
5.668749148307972
 20
-4.565250000000001
 10
5.677233350802275
 20
-4.564693915989298
 10
5.685572386239636
 20
-4.56303517870879
 10
5.693623571411703
 20
-4.560302169613234
 10
5.701249148307972
 20
-4.556541651245989
 10
5.708318641193539
 20
-4.5518179671189305
 10
5.714711089085098
 20
-4.546211940777126
 10
5.720317115426902
 20
-4.5398194928855675
 10
5.725040799553961
 20
-4.53275
 10
5.728801317921206
 20
-4.5251244231037315
 10
5.731534327016762
 20
-4.5170732379316645
 10
5.73319306429727
 20
-4.508734202494304
 97
0
 75
0
 76
1
 98
0
  0
HATCH
  5
6BA
330
17
100
AcDbEntity
  8
K-ZBROJENIE-OPIS
 62
7
420
16777215
100
AcDbHatch
 10
0.0
 20
0.0
 30
0.0
210
0.0
220
0.0
230
1.0
  2
SOLID
 70
1
 71
0
 91
1
 92
3
 72
0
 73
1
 93
48
 10
6.253749148307972
 20
-3.8947499999999997
 10
6.253193064297269
 20
-3.8862657975056965
 10
6.251534327016762
 20
-3.877926762068336
 10
6.248801317921205
 20
-3.869875576896269
 10
6.24504079955396
 20
-3.8622499999999995
 10
6.240317115426902
 20
-3.855180507114433
 10
6.234711089085097
 20
-3.848788059222874
 10
6.228318641193539
 20
-3.8431820328810695
 10
6.2212491483079715
 20
-3.838458348754011
 10
6.213623571411703
 20
-3.8346978303867663
 10
6.205572386239636
 20
-3.8319648212912103
 10
6.197233350802275
 20
-3.830306084010702
 10
6.188749148307972
 20
-3.8297499999999998
 10
6.1802649458136685
 20
-3.830306084010702
 10
6.1719259103763076
 20
-3.8319648212912103
 10
6.1638747252042405
 20
-3.8346978303867663
 10
6.156249148307972
 20
-3.838458348754011
 10
6.1491796554224045
 20
-3.8431820328810695
 10
6.142787207530846
 20
-3.848788059222874
 10
6.1371811811890415
 20
-3.855180507114433
 10
6.132457497061983
 20
-3.8622499999999995
 10
6.128696978694738
 20
-3.869875576896269
 10
6.125963969599182
 20
-3.877926762068336
 10
6.124305232318674
 20
-3.8862657975056965
 10
6.123749148307971
 20
-3.8947499999999997
 10
6.124305232318674
 20
-3.903234202494303
 10
6.125963969599182
 20
-3.9115732379316634
 10
6.128696978694738
 20
-3.9196244231037305
 10
6.132457497061983
 20
-3.92725
 10
6.1371811811890415
 20
-3.9343194928855665
 10
6.142787207530846
 20
-3.9407119407771254
 10
6.1491796554224045
 20
-3.94631796711893
 10
6.156249148307972
 20
-3.9510416512459883
 10
6.1638747252042405
 20
-3.954802169613233
 10
6.1719259103763076
 20
-3.957535178708789
 10
6.1802649458136685
 20
-3.9591939159892973
 10
6.188749148307972
 20
-3.9597499999999997
 10
6.197233350802275
 20
-3.9591939159892973
 10
6.205572386239636
 20
-3.957535178708789
 10
6.213623571411703
 20
-3.954802169613233
 10
6.2212491483079715
 20
-3.9510416512459883
 10
6.228318641193539
 20
-3.94631796711893
 10
6.234711089085097
 20
-3.9407119407771254
 10
6.240317115426902
 20
-3.9343194928855665
 10
6.24504079955396
 20
-3.92725
 10
6.248801317921205
 20
-3.9196244231037305
 10
6.251534327016762
 20
-3.9115732379316634
 10
6.253193064297269
 20
-3.903234202494303
 97
0
 75
0
 76
1
 98
0
  0
HATCH
  5
6BB
330
17
100
AcDbEntity
  8
K-ZBROJENIE-OPIS
 62
7
420
16777215
100
AcDbHatch
 10
0.0
 20
0.0
 30
0.0
210
0.0
220
0.0
230
1.0
  2
SOLID
 70
1
 71
0
 91
1
 92
3
 72
0
 73
1
 93
48
 10
5.5852793549852375
 20
-4.13375
 10
5.584723270974535
 20
-4.125265797505697
 10
5.583064533694027
 20
-4.116926762068336
 10
5.580331524598471
 20
-4.108875576896269
 10
5.576571006231226
 20
-4.10125
 10
5.571847322104167
 20
-4.094180507114433
 10
5.566241295762363
 20
-4.087788059222874
 10
5.559848847870804
 20
-4.08218203288107
 10
5.552779354985237
 20
-4.0774583487540115
 10
5.545153778088968
 20
-4.073697830386767
 10
5.537102592916901
 20
-4.07096482129121
 10
5.52876355747954
 20
-4.0693060840107025
 10
5.520279354985237
 20
-4.06875
 10
5.511795152490934
 20
-4.0693060840107025
 10
5.503456117053573
 20
-4.07096482129121
 10
5.495404931881506
 20
-4.073697830386767
 10
5.487779354985237
 20
-4.0774583487540115
 10
5.48070986209967
 20
-4.08218203288107
 10
5.4743174142081115
 20
-4.087788059222874
 10
5.468711387866307
 20
-4.094180507114433
 10
5.463987703739249
 20
-4.10125
 10
5.460227185372004
 20
-4.108875576896269
 10
5.457494176276447
 20
-4.116926762068336
 10
5.45583543899594
 20
-4.125265797505697
 10
5.455279354985237
 20
-4.13375
 10
5.45583543899594
 20
-4.142234202494303
 10
5.457494176276447
 20
-4.150573237931664
 10
5.460227185372004
 20
-4.158624423103731
 10
5.463987703739249
 20
-4.16625
 10
5.468711387866307
 20
-4.173319492885567
 10
5.4743174142081115
 20
-4.179711940777126
 10
5.48070986209967
 20
-4.18531796711893
 10
5.487779354985237
 20
-4.190041651245989
 10
5.495404931881506
 20
-4.1938021696132335
 10
5.503456117053573
 20
-4.19653517870879
 10
5.511795152490934
 20
-4.198193915989298
 10
5.520279354985237
 20
-4.19875
 10
5.52876355747954
 20
-4.198193915989298
 10
5.537102592916901
 20
-4.19653517870879
 10
5.545153778088968
 20
-4.1938021696132335
 10
5.552779354985237
 20
-4.190041651245989
 10
5.559848847870804
 20
-4.18531796711893
 10
5.566241295762363
 20
-4.179711940777126
 10
5.571847322104167
 20
-4.173319492885567
 10
5.576571006231226
 20
-4.16625
 10
5.580331524598471
 20
-4.158624423103731
 10
5.583064533694027
 20
-4.150573237931664
 10
5.584723270974535
 20
-4.142234202494303
 97
0
 75
0
 76
1
 98
0
  0
HATCH
  5
6BC
330
17
100
AcDbEntity
  8
K-ZBROJENIE-OPIS
 62
7
420
16777215
100
AcDbHatch
 10
0.0
 20
0.0
 30
0.0
210
0.0
220
0.0
230
1.0
  2
SOLID
 70
1
 71
0
 91
1
 92
3
 72
0
 73
1
 93
48
 10
5.665000000000001
 20
-5.090000000000001
 10
5.664443915989298
 20
-5.0815157975056975
 10
5.66278517870879
 20
-5.073176762068337
 10
5.660052169613234
 20
-5.0651255768962695
 10
5.656291651245989
 20
-5.057500000000001
 10
5.651567967118931
 20
-5.0504305071144335
 10
5.645961940777126
 20
-5.044038059222875
 10
5.639569492885568
 20
-5.0384320328810706
 10
5.6325
 20
-5.033708348754012
 10
5.624874423103732
 20
-5.029947830386767
 10
5.616823237931665
 20
-5.027214821291211
 10
5.608484202494304
 20
-5.025556084010703
 10
5.6000000000000005
 20
-5.025
 10
5.591515797505697
 20
-5.025556084010703
 10
5.583176762068336
 20
-5.027214821291211
 10
5.575125576896269
 20
-5.029947830386767
 10
5.567500000000001
 20
-5.033708348754012
 10
5.560430507114433
 20
-5.0384320328810706
 10
5.554038059222875
 20
-5.044038059222875
 10
5.54843203288107
 20
-5.0504305071144335
 10
5.543708348754012
 20
-5.057500000000001
 10
5.539947830386767
 20
-5.0651255768962695
 10
5.537214821291211
 20
-5.073176762068337
 10
5.535556084010703
 20
-5.0815157975056975
 10
5.535
 20
-5.090000000000001
 10
5.535556084010703
 20
-5.098484202494304
 10
5.537214821291211
 20
-5.106823237931665
 10
5.539947830386767
 20
-5.114874423103732
 10
5.543708348754012
 20
-5.1225000000000005
 10
5.54843203288107
 20
-5.129569492885568
 10
5.554038059222875
 20
-5.135961940777126
 10
5.560430507114433
 20
-5.141567967118931
 10
5.567500000000001
 20
-5.146291651245989
 10
5.575125576896269
 20
-5.150052169613234
 10
5.583176762068336
 20
-5.152785178708791
 10
5.591515797505697
 20
-5.154443915989298
 10
5.6000000000000005
 20
-5.155000000000001
 10
5.608484202494304
 20
-5.154443915989298
 10
5.616823237931665
 20
-5.152785178708791
 10
5.624874423103732
 20
-5.150052169613234
 10
5.6325
 20
-5.146291651245989
 10
5.639569492885568
 20
-5.141567967118931
 10
5.645961940777126
 20
-5.135961940777126
 10
5.651567967118931
 20
-5.129569492885568
 10
5.656291651245989
 20
-5.1225000000000005
 10
5.660052169613234
 20
-5.114874423103732
 10
5.66278517870879
 20
-5.106823237931665
 10
5.664443915989298
 20
-5.098484202494304
 97
0
 75
0
 76
1
 98
0
  0
HATCH
  5
6BD
330
17
100
AcDbEntity
  8
K-ZBROJENIE-OPIS
 62
7
420
16777215
100
AcDbHatch
 10
0.0
 20
0.0
 30
0.0
210
0.0
220
0.0
230
1.0
  2
SOLID
 70
1
 71
0
 91
1
 92
3
 72
0
 73
1
 93
48
 10
5.665000000000001
 20
-5.580000000000001
 10
5.664443915989298
 20
-5.571515797505698
 10
5.66278517870879
 20
-5.563176762068337
 10
5.660052169613234
 20
-5.55512557689627
 10
5.656291651245989
 20
-5.547500000000001
 10
5.651567967118931
 20
-5.540430507114434
 10
5.645961940777126
 20
-5.534038059222875
 10
5.639569492885568
 20
-5.528432032881071
 10
5.6325
 20
-5.523708348754012
 10
5.624874423103732
 20
-5.5199478303867675
 10
5.616823237931665
 20
-5.517214821291211
 10
5.608484202494304
 20
-5.515556084010703
 10
5.6000000000000005
 20
-5.515000000000001
 10
5.591515797505697
 20
-5.515556084010703
 10
5.583176762068336
 20
-5.517214821291211
 10
5.575125576896269
 20
-5.5199478303867675
 10
5.567500000000001
 20
-5.523708348754012
 10
5.560430507114433
 20
-5.528432032881071
 10
5.554038059222875
 20
-5.534038059222875
 10
5.54843203288107
 20
-5.540430507114434
 10
5.543708348754012
 20
-5.547500000000001
 10
5.539947830386767
 20
-5.55512557689627
 10
5.537214821291211
 20
-5.563176762068337
 10
5.535556084010703
 20
-5.571515797505698
 10
5.535
 20
-5.580000000000001
 10
5.535556084010703
 20
-5.588484202494304
 10
5.537214821291211
 20
-5.596823237931665
 10
5.539947830386767
 20
-5.604874423103732
 10
5.543708348754012
 20
-5.612500000000001
 10
5.54843203288107
 20
-5.619569492885568
 10
5.554038059222875
 20
-5.625961940777127
 10
5.560430507114433
 20
-5.631567967118931
 10
5.567500000000001
 20
-5.6362916512459895
 10
5.575125576896269
 20
-5.640052169613234
 10
5.583176762068336
 20
-5.642785178708791
 10
5.591515797505697
 20
-5.6444439159892985
 10
5.6000000000000005
 20
-5.645000000000001
 10
5.608484202494304
 20
-5.6444439159892985
 10
5.616823237931665
 20
-5.642785178708791
 10
5.624874423103732
 20
-5.640052169613234
 10
5.6325
 20
-5.6362916512459895
 10
5.639569492885568
 20
-5.631567967118931
 10
5.645961940777126
 20
-5.625961940777127
 10
5.651567967118931
 20
-5.619569492885568
 10
5.656291651245989
 20
-5.612500000000001
 10
5.660052169613234
 20
-5.604874423103732
 10
5.66278517870879
 20
-5.596823237931665
 10
5.664443915989298
 20
-5.588484202494304
 97
0
 75
0
 76
1
 98
0
  0
HATCH
  5
6BE
330
17
100
AcDbEntity
  8
K-ZBROJENIE-OPIS
 62
7
420
16777215
100
AcDbHatch
 10
0.0
 20
0.0
 30
0.0
210
0.0
220
0.0
230
1.0
  2
SOLID
 70
1
 71
0
 91
1
 92
3
 72
0
 73
1
 93
48
 10
5.075
 20
-6.2700000000000005
 10
5.074443915989297
 20
-6.261515797505697
 10
5.07278517870879
 20
-6.253176762068336
 10
5.070052169613233
 20
-6.245125576896269
 10
5.066291651245988
 20
-6.237500000000001
 10
5.06156796711893
 20
-6.230430507114433
 10
5.0559619407771255
 20
-6.224038059222875
 10
5.049569492885567
 20
-6.21843203288107
 10
5.0424999999999995
 20
-6.213708348754012
 10
5.034874423103731
 20
-6.209947830386767
 10
5.026823237931664
 20
-6.207214821291211
 10
5.018484202494303
 20
-6.205556084010703
 10
5.01
 20
-6.205
 10
5.0015157975056965
 20
-6.205556084010703
 10
4.993176762068336
 20
-6.207214821291211
 10
4.985125576896269
 20
-6.209947830386767
 10
4.9775
 20
-6.213708348754012
 10
4.970430507114433
 20
-6.21843203288107
 10
4.964038059222874
 20
-6.224038059222875
 10
4.95843203288107
 20
-6.230430507114433
 10
4.953708348754011
 20
-6.237500000000001
 10
4.949947830386766
 20
-6.245125576896269
 10
4.94721482129121
 20
-6.253176762068336
 10
4.945556084010702
 20
-6.261515797505697
 10
4.944999999999999
 20
-6.2700000000000005
 10
4.945556084010702
 20
-6.278484202494304
 10
4.94721482129121
 20
-6.286823237931665
 10
4.949947830386766
 20
-6.294874423103732
 10
4.953708348754011
 20
-6.3025
 10
4.95843203288107
 20
-6.309569492885568
 10
4.964038059222874
 20
-6.315961940777126
 10
4.970430507114433
 20
-6.321567967118931
 10
4.9775
 20
-6.326291651245989
 10
4.985125576896269
 20
-6.330052169613234
 10
4.993176762068336
 20
-6.33278517870879
 10
5.0015157975056965
 20
-6.334443915989298
 10
5.01
 20
-6.335000000000001
 10
5.018484202494303
 20
-6.334443915989298
 10
5.026823237931664
 20
-6.33278517870879
 10
5.034874423103731
 20
-6.330052169613234
 10
5.0424999999999995
 20
-6.326291651245989
 10
5.049569492885567
 20
-6.321567967118931
 10
5.0559619407771255
 20
-6.315961940777126
 10
5.06156796711893
 20
-6.309569492885568
 10
5.066291651245988
 20
-6.3025
 10
5.070052169613233
 20
-6.294874423103732
 10
5.07278517870879
 20
-6.286823237931665
 10
5.074443915989297
 20
-6.278484202494304
 97
0
 75
0
 76
1
 98
0
  0
HATCH
  5
6BF
330
17
100
AcDbEntity
  8
K-ZBROJENIE-OPIS
 62
7
420
16777215
100
AcDbHatch
 10
0.0
 20
0.0
 30
0.0
210
0.0
220
0.0
230
1.0
  2
SOLID
 70
1
 71
0
 91
1
 92
3
 72
0
 73
1
 93
48
 10
1.0537491483079724
 20
-7.70525
 10
1.0531930642972702
 20
-7.696765797505697
 10
1.0515343270167619
 20
-7.688426762068336
 10
1.0488013179212061
 20
-7.680375576896269
 10
1.045040799553961
 20
-7.672750000000001
 10
1.0403171154269026
 20
-7.665680507114433
 10
1.0347110890850981
 20
-7.659288059222875
 10
1.0283186411935392
 20
-7.65368203288107
 10
1.0212491483079724
 20
-7.648958348754012
 10
1.0136235714117032
 20
-7.645197830386767
 10
1.0055723862396364
 20
-7.6424648212912105
 10
0.9972333508022758
 20
-7.640806084010703
 10
0.9887491483079724
 20
-7.64025
 10
0.9802649458136691
 20
-7.640806084010703
 10
0.9719259103763086
 20
-7.6424648212912105
 10
0.9638747252042417
 20
-7.645197830386767
 10
0.9562491483079725
 20
-7.648958348754012
 10
0.9491796554224057
 20
-7.65368203288107
 10
0.9427872075308469
 20
-7.659288059222875
 10
0.9371811811890421
 20
-7.665680507114433
 10
0.9324574970619839
 20
-7.672750000000001
 10
0.9286969786947388
 20
-7.680375576896269
 10
0.925963969599183
 20
-7.688426762068336
 10
0.9243052323186748
 20
-7.696765797505697
 10
0.9237491483079725
 20
-7.70525
 10
0.9243052323186748
 20
-7.713734202494304
 10
0.925963969599183
 20
-7.722073237931665
 10
0.9286969786947388
 20
-7.730124423103732
 10
0.9324574970619839
 20
-7.73775
 10
0.9371811811890421
 20
-7.744819492885568
 10
0.9427872075308469
 20
-7.751211940777126
 10
0.9491796554224056
 20
-7.756817967118931
 10
0.9562491483079725
 20
-7.761541651245989
 10
0.9638747252042416
 20
-7.765302169613234
 10
0.9719259103763086
 20
-7.76803517870879
 10
0.9802649458136691
 20
-7.769693915989298
 10
0.9887491483079724
 20
-7.770250000000001
 10
0.9972333508022758
 20
-7.769693915989298
 10
1.0055723862396362
 20
-7.76803517870879
 10
1.0136235714117032
 20
-7.765302169613234
 10
1.0212491483079724
 20
-7.761541651245989
 10
1.0283186411935392
 20
-7.756817967118931
 10
1.0347110890850981
 20
-7.751211940777126
 10
1.0403171154269026
 20
-7.744819492885568
 10
1.045040799553961
 20
-7.73775
 10
1.0488013179212061
 20
-7.730124423103732
 10
1.0515343270167619
 20
-7.722073237931665
 10
1.0531930642972702
 20
-7.713734202494304
 97
0
 75
0
 76
1
 98
0
  0
HATCH
  5
6C0
330
17
100
AcDbEntity
  8
K-ZBROJENIE-OPIS
 62
7
420
16777215
100
AcDbHatch
 10
0.0
 20
0.0
 30
0.0
210
0.0
220
0.0
230
1.0
  2
SOLID
 70
1
 71
0
 91
1
 92
3
 72
0
 73
1
 93
48
 10
1.4337491483079727
 20
-7.099749999999999
 10
1.4331930642972706
 20
-7.091265797505696
 10
1.4315343270167622
 20
-7.082926762068335
 10
1.4288013179212065
 20
-7.074875576896268
 10
1.4250407995539613
 20
-7.06725
 10
1.420317115426903
 20
-7.060180507114432
 10
1.4147110890850985
 20
-7.053788059222874
 10
1.4083186411935396
 20
-7.048182032881069
 10
1.4012491483079728
 20
-7.043458348754011
 10
1.3936235714117036
 20
-7.039697830386766
 10
1.3855723862396367
 20
-7.0369648212912095
 10
1.377233350802276
 20
-7.035306084010702
 10
1.3687491483079728
 20
-7.034749999999999
 10
1.3602649458136695
 20
-7.035306084010702
 10
1.351925910376309
 20
-7.0369648212912095
 10
1.343874725204242
 20
-7.039697830386766
 10
1.3362491483079728
 20
-7.043458348754011
 10
1.329179655422406
 20
-7.048182032881069
 10
1.322787207530847
 20
-7.053788059222874
 10
1.3171811811890426
 20
-7.060180507114432
 10
1.3124574970619842
 20
-7.06725
 10
1.308696978694739
 20
-7.074875576896268
 10
1.3059639695991834
 20
-7.082926762068335
 10
1.304305232318675
 20
-7.091265797505696
 10
1.3037491483079728
 20
-7.099749999999999
 10
1.304305232318675
 20
-7.108234202494303
 10
1.3059639695991834
 20
-7.1165732379316635
 10
1.308696978694739
 20
-7.124624423103731
 10
1.3124574970619842
 20
-7.132249999999999
 10
1.3171811811890426
 20
-7.1393194928855666
 10
1.322787207530847
 20
-7.145711940777125
 10
1.329179655422406
 20
-7.1513179671189295
 10
1.3362491483079728
 20
-7.156041651245988
 10
1.343874725204242
 20
-7.159802169613233
 10
1.3519259103763088
 20
-7.162535178708789
 10
1.3602649458136693
 20
-7.164193915989297
 10
1.3687491483079728
 20
-7.16475
 10
1.377233350802276
 20
-7.164193915989297
 10
1.3855723862396365
 20
-7.162535178708789
 10
1.3936235714117036
 20
-7.159802169613233
 10
1.4012491483079728
 20
-7.156041651245988
 10
1.4083186411935396
 20
-7.1513179671189295
 10
1.4147110890850985
 20
-7.145711940777125
 10
1.420317115426903
 20
-7.1393194928855666
 10
1.4250407995539613
 20
-7.132249999999999
 10
1.4288013179212065
 20
-7.124624423103731
 10
1.4315343270167622
 20
-7.1165732379316635
 10
1.4331930642972706
 20
-7.108234202494303
 97
0
 75
0
 76
1
 98
0
  0
HATCH
  5
6C1
330
17
100
AcDbEntity
  8
K-ZBROJENIE-OPIS
 62
7
420
16777215
100
AcDbHatch
 10
0.0
 20
0.0
 30
0.0
210
0.0
220
0.0
230
1.0
  2
SOLID
 70
1
 71
0
 91
1
 92
3
 72
0
 73
1
 93
48
 10
1.4302793549852375
 20
-7.41625
 10
1.4297232709745353
 20
-7.4077657975056965
 10
1.428064533694027
 20
-7.399426762068336
 10
1.4253315245984712
 20
-7.391375576896269
 10
1.4215710062312261
 20
-7.38375
 10
1.4168473221041678
 20
-7.376680507114433
 10
1.4112412957623632
 20
-7.370288059222874
 10
1.4048488478708043
 20
-7.36468203288107
 10
1.3977793549852375
 20
-7.359958348754011
 10
1.3901537780889683
 20
-7.356197830386766
 10
1.3821025929169015
 20
-7.35346482129121
 10
1.3737635574795408
 20
-7.351806084010702
 10
1.3652793549852376
 20
-7.351249999999999
 10
1.3567951524909343
 20
-7.351806084010702
 10
1.3484561170535738
 20
-7.35346482129121
 10
1.3404049318815068
 20
-7.356197830386766
 10
1.3327793549852376
 20
-7.359958348754011
 10
1.3257098620996708
 20
-7.36468203288107
 10
1.3193174142081119
 20
-7.370288059222874
 10
1.3137113878663074
 20
-7.376680507114433
 10
1.308987703739249
 20
-7.38375
 10
1.3052271853720039
 20
-7.391375576896269
 10
1.3024941762764481
 20
-7.399426762068336
 10
1.3008354389959398
 20
-7.4077657975056965
 10
1.3002793549852376
 20
-7.41625
 10
1.3008354389959398
 20
-7.424734202494303
 10
1.3024941762764481
 20
-7.433073237931664
 10
1.3052271853720039
 20
-7.441124423103731
 10
1.308987703739249
 20
-7.4487499999999995
 10
1.3137113878663071
 20
-7.455819492885567
 10
1.3193174142081119
 20
-7.4622119407771255
 10
1.3257098620996708
 20
-7.46781796711893
 10
1.3327793549852376
 20
-7.472541651245988
 10
1.3404049318815068
 20
-7.476302169613233
 10
1.3484561170535736
 20
-7.47903517870879
 10
1.356795152490934
 20
-7.480693915989297
 10
1.3652793549852376
 20
-7.48125
 10
1.3737635574795408
 20
-7.480693915989297
 10
1.3821025929169013
 20
-7.47903517870879
 10
1.3901537780889683
 20
-7.476302169613233
 10
1.3977793549852375
 20
-7.472541651245988
 10
1.4048488478708043
 20
-7.46781796711893
 10
1.4112412957623632
 20
-7.4622119407771255
 10
1.4168473221041678
 20
-7.455819492885567
 10
1.4215710062312261
 20
-7.4487499999999995
 10
1.4253315245984712
 20
-7.441124423103731
 10
1.428064533694027
 20
-7.433073237931664
 10
1.4297232709745353
 20
-7.424734202494303
 97
0
 75
0
 76
1
 98
0
  0
HATCH
  5
6C2
330
17
100
AcDbEntity
  8
K-ZBROJENIE-OPIS
 62
7
420
16777215
100
AcDbHatch
 10
0.0
 20
0.0
 30
0.0
210
0.0
220
0.0
230
1.0
  2
SOLID
 70
1
 71
0
 91
1
 92
3
 72
0
 73
1
 93
48
 10
0.9850000000000001
 20
-8.295
 10
0.9844439159892978
 20
-8.286515797505697
 10
0.9827851787087896
 20
-8.278176762068336
 10
0.9800521696132338
 20
-8.27012557689627
 10
0.9762916512459887
 20
-8.2625
 10
0.9715679671189305
 20
-8.255430507114433
 10
0.9659619407771257
 20
-8.249038059222874
 10
0.959569492885567
 20
-8.243432032881069
 10
0.9525000000000001
 20
-8.238708348754011
 10
0.944874423103731
 20
-8.234947830386766
 10
0.936823237931664
 20
-8.23221482129121
 10
0.9284842024943035
 20
-8.230556084010702
 10
0.9200000000000002
 20
-8.23
 10
0.9115157975056968
 20
-8.230556084010702
 10
0.9031767620683363
 20
-8.23221482129121
 10
0.8951255768962694
 20
-8.234947830386766
 10
0.8875000000000002
 20
-8.238708348754011
 10
0.8804305071144334
 20
-8.243432032881069
 10
0.8740380592228746
 20
-8.249038059222874
 10
0.8684320328810698
 20
-8.255430507114433
 10
0.8637083487540116
 20
-8.2625
 10
0.8599478303867665
 20
-8.27012557689627
 10
0.8572148212912107
 20
-8.278176762068336
 10
0.8555560840107025
 20
-8.286515797505697
 10
0.8550000000000002
 20
-8.295
 10
0.8555560840107025
 20
-8.303484202494303
 10
0.8572148212912107
 20
-8.311823237931664
 10
0.8599478303867665
 20
-8.31987442310373
 10
0.8637083487540116
 20
-8.3275
 10
0.8684320328810698
 20
-8.334569492885567
 10
0.8740380592228746
 20
-8.340961940777126
 10
0.8804305071144333
 20
-8.346567967118931
 10
0.8875000000000002
 20
-8.351291651245988
 10
0.8951255768962693
 20
-8.355052169613234
 10
0.9031767620683363
 20
-8.35778517870879
 10
0.9115157975056968
 20
-8.359443915989297
 10
0.9200000000000002
 20
-8.36
 10
0.9284842024943035
 20
-8.359443915989297
 10
0.936823237931664
 20
-8.35778517870879
 10
0.9448744231037309
 20
-8.355052169613234
 10
0.9525000000000001
 20
-8.351291651245988
 10
0.9595694928855669
 20
-8.346567967118931
 10
0.9659619407771257
 20
-8.340961940777126
 10
0.9715679671189305
 20
-8.334569492885567
 10
0.9762916512459886
 20
-8.3275
 10
0.9800521696132338
 20
-8.31987442310373
 10
0.9827851787087896
 20
-8.311823237931664
 10
0.9844439159892978
 20
-8.303484202494303
 97
0
 75
0
 76
1
 98
0
  0
HATCH
  5
6C3
330
17
100
AcDbEntity
  8
K-ZBROJENIE-OPIS
 62
7
420
16777215
100
AcDbHatch
 10
0.0
 20
0.0
 30
0.0
210
0.0
220
0.0
230
1.0
  2
SOLID
 70
1
 71
0
 91
1
 92
3
 72
0
 73
1
 93
48
 10
0.9850000000000001
 20
-8.785
 10
0.9844439159892978
 20
-8.776515797505697
 10
0.9827851787087896
 20
-8.768176762068336
 10
0.9800521696132338
 20
-8.76012557689627
 10
0.9762916512459887
 20
-8.7525
 10
0.9715679671189305
 20
-8.745430507114433
 10
0.9659619407771257
 20
-8.739038059222874
 10
0.959569492885567
 20
-8.733432032881069
 10
0.9525000000000001
 20
-8.728708348754012
 10
0.944874423103731
 20
-8.724947830386766
 10
0.936823237931664
 20
-8.72221482129121
 10
0.9284842024943035
 20
-8.720556084010703
 10
0.9200000000000002
 20
-8.72
 10
0.9115157975056968
 20
-8.720556084010703
 10
0.9031767620683363
 20
-8.72221482129121
 10
0.8951255768962694
 20
-8.724947830386766
 10
0.8875000000000002
 20
-8.728708348754012
 10
0.8804305071144334
 20
-8.733432032881069
 10
0.8740380592228746
 20
-8.739038059222874
 10
0.8684320328810698
 20
-8.745430507114433
 10
0.8637083487540116
 20
-8.7525
 10
0.8599478303867665
 20
-8.76012557689627
 10
0.8572148212912107
 20
-8.768176762068336
 10
0.8555560840107025
 20
-8.776515797505697
 10
0.8550000000000002
 20
-8.785
 10
0.8555560840107025
 20
-8.793484202494303
 10
0.8572148212912107
 20
-8.801823237931664
 10
0.8599478303867665
 20
-8.80987442310373
 10
0.8637083487540116
 20
-8.8175
 10
0.8684320328810698
 20
-8.824569492885567
 10
0.8740380592228746
 20
-8.830961940777126
 10
0.8804305071144333
 20
-8.836567967118931
 10
0.8875000000000002
 20
-8.841291651245989
 10
0.8951255768962693
 20
-8.845052169613234
 10
0.9031767620683363
 20
-8.84778517870879
 10
0.9115157975056968
 20
-8.849443915989298
 10
0.9200000000000002
 20
-8.85
 10
0.9284842024943035
 20
-8.849443915989298
 10
0.936823237931664
 20
-8.84778517870879
 10
0.9448744231037309
 20
-8.845052169613234
 10
0.9525000000000001
 20
-8.841291651245989
 10
0.9595694928855669
 20
-8.836567967118931
 10
0.9659619407771257
 20
-8.830961940777126
 10
0.9715679671189305
 20
-8.824569492885567
 10
0.9762916512459886
 20
-8.8175
 10
0.9800521696132338
 20
-8.80987442310373
 10
0.9827851787087896
 20
-8.801823237931664
 10
0.9844439159892978
 20
-8.793484202494303
 97
0
 75
0
 76
1
 98
0
  0
HATCH
  5
6C4
330
17
100
AcDbEntity
  8
K-ZBROJENIE-OPIS
 62
7
420
16777215
100
AcDbHatch
 10
0.0
 20
0.0
 30
0.0
210
0.0
220
0.0
230
1.0
  2
SOLID
 70
1
 71
0
 91
1
 92
3
 72
0
 73
1
 93
48
 10
0.7450000000000001
 20
-9.475
 10
0.7444439159892977
 20
-9.466515797505696
 10
0.7427851787087895
 20
-9.458176762068335
 10
0.7400521696132337
 20
-9.45012557689627
 10
0.7362916512459886
 20
-9.442499999999999
 10
0.7315679671189304
 20
-9.435430507114432
 10
0.7259619407771256
 20
-9.429038059222874
 10
0.7195694928855669
 20
-9.423432032881069
 10
0.7125
 20
-9.418708348754011
 10
0.7048744231037309
 20
-9.414947830386765
 10
0.6968232379316639
 20
-9.41221482129121
 10
0.6884842024943034
 20
-9.410556084010702
 10
0.68
 20
-9.41
 10
0.6715157975056967
 20
-9.410556084010702
 10
0.6631767620683362
 20
-9.41221482129121
 10
0.6551255768962693
 20
-9.414947830386765
 10
0.6475000000000001
 20
-9.418708348754011
 10
0.6404305071144333
 20
-9.423432032881069
 10
0.6340380592228745
 20
-9.429038059222874
 10
0.6284320328810697
 20
-9.435430507114432
 10
0.6237083487540116
 20
-9.442499999999999
 10
0.6199478303867664
 20
-9.45012557689627
 10
0.6172148212912106
 20
-9.458176762068335
 10
0.6155560840107024
 20
-9.466515797505696
 10
0.615
 20
-9.475
 10
0.6155560840107024
 20
-9.483484202494303
 10
0.6172148212912106
 20
-9.491823237931664
 10
0.6199478303867664
 20
-9.49987442310373
 10
0.6237083487540115
 20
-9.5075
 10
0.6284320328810697
 20
-9.514569492885567
 10
0.6340380592228745
 20
-9.520961940777125
 10
0.6404305071144332
 20
-9.52656796711893
 10
0.6475
 20
-9.531291651245988
 10
0.6551255768962692
 20
-9.535052169613234
 10
0.6631767620683362
 20
-9.53778517870879
 10
0.6715157975056967
 20
-9.539443915989297
 10
0.68
 20
-9.54
 10
0.6884842024943034
 20
-9.539443915989297
 10
0.6968232379316639
 20
-9.53778517870879
 10
0.7048744231037308
 20
-9.535052169613234
 10
0.7125
 20
-9.531291651245988
 10
0.7195694928855668
 20
-9.52656796711893
 10
0.7259619407771256
 20
-9.520961940777125
 10
0.7315679671189304
 20
-9.514569492885567
 10
0.7362916512459885
 20
-9.5075
 10
0.7400521696132337
 20
-9.49987442310373
 10
0.7427851787087895
 20
-9.491823237931664
 10
0.7444439159892977
 20
-9.483484202494303
 97
0
 75
0
 76
1
 98
0
  0
HATCH
  5
6C5
330
17
100
AcDbEntity
  8
K-ZBROJENIE-OPIS
 62
7
420
16777215
100
AcDbHatch
 10
0.0
 20
0.0
 30
0.0
210
0.0
220
0.0
230
1.0
  2
SOLID
 70
1
 71
0
 91
1
 92
3
 72
0
 73
1
 93
48
 10
5.233749148307974
 20
-7.70525
 10
5.2331930642972715
 20
-7.696765797505697
 10
5.231534327016764
 20
-7.688426762068336
 10
5.228801317921207
 20
-7.680375576896269
 10
5.2250407995539625
 20
-7.672750000000001
 10
5.220317115426904
 20
-7.665680507114433
 10
5.2147110890851
 20
-7.659288059222875
 10
5.208318641193541
 20
-7.65368203288107
 10
5.201249148307974
 20
-7.648958348754012
 10
5.193623571411705
 20
-7.645197830386767
 10
5.185572386239638
 20
-7.6424648212912105
 10
5.177233350802277
 20
-7.640806084010703
 10
5.168749148307974
 20
-7.64025
 10
5.160264945813671
 20
-7.640806084010703
 10
5.15192591037631
 20
-7.6424648212912105
 10
5.143874725204243
 20
-7.645197830386767
 10
5.136249148307974
 20
-7.648958348754012
 10
5.129179655422407
 20
-7.65368203288107
 10
5.122787207530848
 20
-7.659288059222875
 10
5.117181181189044
 20
-7.665680507114433
 10
5.112457497061985
 20
-7.672750000000001
 10
5.1086969786947405
 20
-7.680375576896269
 10
5.105963969599184
 20
-7.688426762068336
 10
5.104305232318676
 20
-7.696765797505697
 10
5.1037491483079735
 20
-7.70525
 10
5.104305232318676
 20
-7.713734202494304
 10
5.105963969599184
 20
-7.722073237931665
 10
5.1086969786947405
 20
-7.730124423103732
 10
5.112457497061985
 20
-7.73775
 10
5.117181181189044
 20
-7.744819492885568
 10
5.122787207530848
 20
-7.751211940777126
 10
5.129179655422407
 20
-7.756817967118931
 10
5.136249148307974
 20
-7.761541651245989
 10
5.143874725204243
 20
-7.765302169613234
 10
5.15192591037631
 20
-7.76803517870879
 10
5.160264945813671
 20
-7.769693915989298
 10
5.168749148307974
 20
-7.770250000000001
 10
5.177233350802277
 20
-7.769693915989298
 10
5.185572386239638
 20
-7.76803517870879
 10
5.193623571411705
 20
-7.765302169613234
 10
5.201249148307974
 20
-7.761541651245989
 10
5.208318641193541
 20
-7.756817967118931
 10
5.2147110890851
 20
-7.751211940777126
 10
5.220317115426904
 20
-7.744819492885568
 10
5.2250407995539625
 20
-7.73775
 10
5.228801317921207
 20
-7.730124423103732
 10
5.231534327016764
 20
-7.722073237931665
 10
5.2331930642972715
 20
-7.713734202494304
 97
0
 75
0
 76
1
 98
0
  0
HATCH
  5
6C6
330
17
100
AcDbEntity
  8
K-ZBROJENIE-OPIS
 62
7
420
16777215
100
AcDbHatch
 10
0.0
 20
0.0
 30
0.0
210
0.0
220
0.0
230
1.0
  2
SOLID
 70
1
 71
0
 91
1
 92
3
 72
0
 73
1
 93
48
 10
5.673749148307975
 20
-7.099749999999999
 10
5.673193064297272
 20
-7.091265797505696
 10
5.671534327016764
 20
-7.082926762068335
 10
5.668801317921208
 20
-7.074875576896268
 10
5.665040799553963
 20
-7.06725
 10
5.6603171154269045
 20
-7.060180507114432
 10
5.6547110890851
 20
-7.053788059222874
 10
5.6483186411935415
 20
-7.048182032881069
 10
5.641249148307974
 20
-7.043458348754011
 10
5.6336235714117056
 20
-7.039697830386766
 10
5.6255723862396385
 20
-7.0369648212912095
 10
5.617233350802278
 20
-7.035306084010702
 10
5.608749148307974
 20
-7.034749999999999
 10
5.600264945813671
 20
-7.035306084010702
 10
5.59192591037631
 20
-7.0369648212912095
 10
5.583874725204243
 20
-7.039697830386766
 10
5.576249148307975
 20
-7.043458348754011
 10
5.569179655422407
 20
-7.048182032881069
 10
5.562787207530849
 20
-7.053788059222874
 10
5.557181181189044
 20
-7.060180507114432
 10
5.552457497061986
 20
-7.06725
 10
5.548696978694741
 20
-7.074875576896268
 10
5.5459639695991845
 20
-7.082926762068335
 10
5.544305232318677
 20
-7.091265797505696
 10
5.543749148307974
 20
-7.099749999999999
 10
5.544305232318677
 20
-7.108234202494303
 10
5.5459639695991845
 20
-7.1165732379316635
 10
5.548696978694741
 20
-7.124624423103731
 10
5.552457497061986
 20
-7.132249999999999
 10
5.557181181189044
 20
-7.1393194928855666
 10
5.562787207530849
 20
-7.145711940777125
 10
5.569179655422407
 20
-7.1513179671189295
 10
5.576249148307975
 20
-7.156041651245988
 10
5.583874725204243
 20
-7.159802169613233
 10
5.59192591037631
 20
-7.162535178708789
 10
5.600264945813671
 20
-7.164193915989297
 10
5.608749148307974
 20
-7.16475
 10
5.617233350802278
 20
-7.164193915989297
 10
5.6255723862396385
 20
-7.162535178708789
 10
5.6336235714117056
 20
-7.159802169613233
 10
5.641249148307974
 20
-7.156041651245988
 10
5.6483186411935415
 20
-7.1513179671189295
 10
5.6547110890851
 20
-7.145711940777125
 10
5.6603171154269045
 20
-7.1393194928855666
 10
5.665040799553963
 20
-7.132249999999999
 10
5.668801317921208
 20
-7.124624423103731
 10
5.671534327016764
 20
-7.1165732379316635
 10
5.673193064297272
 20
-7.108234202494303
 97
0
 75
0
 76
1
 98
0
  0
HATCH
  5
6C7
330
17
100
AcDbEntity
  8
K-ZBROJENIE-OPIS
 62
7
420
16777215
100
AcDbHatch
 10
0.0
 20
0.0
 30
0.0
210
0.0
220
0.0
230
1.0
  2
SOLID
 70
1
 71
0
 91
1
 92
3
 72
0
 73
1
 93
48
 10
5.735279354985238
 20
-7.41625
 10
5.734723270974535
 20
-7.4077657975056965
 10
5.733064533694027
 20
-7.399426762068336
 10
5.730331524598471
 20
-7.391375576896269
 10
5.726571006231226
 20
-7.38375
 10
5.721847322104168
 20
-7.376680507114433
 10
5.716241295762363
 20
-7.370288059222874
 10
5.709848847870805
 20
-7.36468203288107
 10
5.702779354985237
 20
-7.359958348754011
 10
5.695153778088969
 20
-7.356197830386766
 10
5.687102592916902
 20
-7.35346482129121
 10
5.678763557479541
 20
-7.351806084010702
 10
5.6702793549852375
 20
-7.351249999999999
 10
5.661795152490934
 20
-7.351806084010702
 10
5.653456117053573
 20
-7.35346482129121
 10
5.645404931881506
 20
-7.356197830386766
 10
5.637779354985238
 20
-7.359958348754011
 10
5.63070986209967
 20
-7.36468203288107
 10
5.624317414208112
 20
-7.370288059222874
 10
5.618711387866307
 20
-7.376680507114433
 10
5.613987703739249
 20
-7.38375
 10
5.610227185372004
 20
-7.391375576896269
 10
5.607494176276448
 20
-7.399426762068336
 10
5.60583543899594
 20
-7.4077657975056965
 10
5.605279354985237
 20
-7.41625
 10
5.60583543899594
 20
-7.424734202494303
 10
5.607494176276448
 20
-7.433073237931664
 10
5.610227185372004
 20
-7.441124423103731
 10
5.613987703739249
 20
-7.4487499999999995
 10
5.618711387866307
 20
-7.455819492885567
 10
5.624317414208112
 20
-7.4622119407771255
 10
5.63070986209967
 20
-7.46781796711893
 10
5.637779354985238
 20
-7.472541651245988
 10
5.645404931881506
 20
-7.476302169613233
 10
5.653456117053573
 20
-7.47903517870879
 10
5.661795152490934
 20
-7.480693915989297
 10
5.6702793549852375
 20
-7.48125
 10
5.678763557479541
 20
-7.480693915989297
 10
5.687102592916902
 20
-7.47903517870879
 10
5.695153778088969
 20
-7.476302169613233
 10
5.702779354985237
 20
-7.472541651245988
 10
5.709848847870805
 20
-7.46781796711893
 10
5.716241295762363
 20
-7.4622119407771255
 10
5.721847322104168
 20
-7.455819492885567
 10
5.726571006231226
 20
-7.4487499999999995
 10
5.730331524598471
 20
-7.441124423103731
 10
5.733064533694027
 20
-7.433073237931664
 10
5.734723270974535
 20
-7.424734202494303
 97
0
 75
0
 76
1
 98
0
  0
HATCH
  5
6C8
330
17
100
AcDbEntity
  8
K-ZBROJENIE-OPIS
 62
7
420
16777215
100
AcDbHatch
 10
0.0
 20
0.0
 30
0.0
210
0.0
220
0.0
230
1.0
  2
SOLID
 70
1
 71
0
 91
1
 92
3
 72
0
 73
1
 93
48
 10
5.165000000000002
 20
-8.295
 10
5.164443915989299
 20
-8.286515797505697
 10
5.162785178708791
 20
-8.278176762068336
 10
5.160052169613235
 20
-8.27012557689627
 10
5.15629165124599
 20
-8.2625
 10
5.151567967118932
 20
-8.255430507114433
 10
5.145961940777127
 20
-8.249038059222874
 10
5.139569492885569
 20
-8.243432032881069
 10
5.132500000000001
 20
-8.238708348754011
 10
5.124874423103733
 20
-8.234947830386766
 10
5.116823237931666
 20
-8.23221482129121
 10
5.108484202494305
 20
-8.230556084010702
 10
5.100000000000001
 20
-8.23
 10
5.091515797505698
 20
-8.230556084010702
 10
5.083176762068337
 20
-8.23221482129121
 10
5.07512557689627
 20
-8.234947830386766
 10
5.067500000000002
 20
-8.238708348754011
 10
5.060430507114434
 20
-8.243432032881069
 10
5.054038059222876
 20
-8.249038059222874
 10
5.048432032881071
 20
-8.255430507114433
 10
5.043708348754013
 20
-8.2625
 10
5.039947830386768
 20
-8.27012557689627
 10
5.037214821291212
 20
-8.278176762068336
 10
5.035556084010704
 20
-8.286515797505697
 10
5.035000000000001
 20
-8.295
 10
5.035556084010704
 20
-8.303484202494303
 10
5.037214821291212
 20
-8.311823237931664
 10
5.039947830386768
 20
-8.31987442310373
 10
5.043708348754013
 20
-8.3275
 10
5.048432032881071
 20
-8.334569492885567
 10
5.054038059222876
 20
-8.340961940777126
 10
5.060430507114434
 20
-8.346567967118931
 10
5.067500000000002
 20
-8.351291651245988
 10
5.07512557689627
 20
-8.355052169613234
 10
5.083176762068337
 20
-8.35778517870879
 10
5.091515797505698
 20
-8.359443915989297
 10
5.100000000000001
 20
-8.36
 10
5.108484202494305
 20
-8.359443915989297
 10
5.116823237931666
 20
-8.35778517870879
 10
5.124874423103733
 20
-8.355052169613234
 10
5.132500000000001
 20
-8.351291651245988
 10
5.139569492885569
 20
-8.346567967118931
 10
5.145961940777127
 20
-8.340961940777126
 10
5.151567967118932
 20
-8.334569492885567
 10
5.15629165124599
 20
-8.3275
 10
5.160052169613235
 20
-8.31987442310373
 10
5.162785178708791
 20
-8.311823237931664
 10
5.164443915989299
 20
-8.303484202494303
 97
0
 75
0
 76
1
 98
0
  0
HATCH
  5
6C9
330
17
100
AcDbEntity
  8
K-ZBROJENIE-OPIS
 62
7
420
16777215
100
AcDbHatch
 10
0.0
 20
0.0
 30
0.0
210
0.0
220
0.0
230
1.0
  2
SOLID
 70
1
 71
0
 91
1
 92
3
 72
0
 73
1
 93
48
 10
5.165000000000002
 20
-8.785
 10
5.164443915989299
 20
-8.776515797505697
 10
5.162785178708791
 20
-8.768176762068336
 10
5.160052169613235
 20
-8.76012557689627
 10
5.15629165124599
 20
-8.7525
 10
5.151567967118932
 20
-8.745430507114433
 10
5.145961940777127
 20
-8.739038059222874
 10
5.139569492885569
 20
-8.733432032881069
 10
5.132500000000001
 20
-8.728708348754012
 10
5.124874423103733
 20
-8.724947830386766
 10
5.116823237931666
 20
-8.72221482129121
 10
5.108484202494305
 20
-8.720556084010703
 10
5.100000000000001
 20
-8.72
 10
5.091515797505698
 20
-8.720556084010703
 10
5.083176762068337
 20
-8.72221482129121
 10
5.07512557689627
 20
-8.724947830386766
 10
5.067500000000002
 20
-8.728708348754012
 10
5.060430507114434
 20
-8.733432032881069
 10
5.054038059222876
 20
-8.739038059222874
 10
5.048432032881071
 20
-8.745430507114433
 10
5.043708348754013
 20
-8.7525
 10
5.039947830386768
 20
-8.76012557689627
 10
5.037214821291212
 20
-8.768176762068336
 10
5.035556084010704
 20
-8.776515797505697
 10
5.035000000000001
 20
-8.785
 10
5.035556084010704
 20
-8.793484202494303
 10
5.037214821291212
 20
-8.801823237931664
 10
5.039947830386768
 20
-8.80987442310373
 10
5.043708348754013
 20
-8.8175
 10
5.048432032881071
 20
-8.824569492885567
 10
5.054038059222876
 20
-8.830961940777126
 10
5.060430507114434
 20
-8.836567967118931
 10
5.067500000000002
 20
-8.841291651245989
 10
5.07512557689627
 20
-8.845052169613234
 10
5.083176762068337
 20
-8.84778517870879
 10
5.091515797505698
 20
-8.849443915989298
 10
5.100000000000001
 20
-8.85
 10
5.108484202494305
 20
-8.849443915989298
 10
5.116823237931666
 20
-8.84778517870879
 10
5.124874423103733
 20
-8.845052169613234
 10
5.132500000000001
 20
-8.841291651245989
 10
5.139569492885569
 20
-8.836567967118931
 10
5.145961940777127
 20
-8.830961940777126
 10
5.151567967118932
 20
-8.824569492885567
 10
5.15629165124599
 20
-8.8175
 10
5.160052169613235
 20
-8.80987442310373
 10
5.162785178708791
 20
-8.801823237931664
 10
5.164443915989299
 20
-8.793484202494303
 97
0
 75
0
 76
1
 98
0
  0
HATCH
  5
6CA
330
17
100
AcDbEntity
  8
K-ZBROJENIE-OPIS
 62
7
420
16777215
100
AcDbHatch
 10
0.0
 20
0.0
 30
0.0
210
0.0
220
0.0
230
1.0
  2
SOLID
 70
1
 71
0
 91
1
 92
3
 72
0
 73
1
 93
48
 10
4.775000000000001
 20
-9.475
 10
4.774443915989298
 20
-9.466515797505696
 10
4.772785178708791
 20
-9.458176762068335
 10
4.770052169613234
 20
-9.45012557689627
 10
4.766291651245989
 20
-9.442499999999999
 10
4.761567967118931
 20
-9.435430507114432
 10
4.7559619407771265
 20
-9.429038059222874
 10
4.749569492885568
 20
-9.423432032881069
 10
4.742500000000001
 20
-9.418708348754011
 10
4.734874423103732
 20
-9.414947830386765
 10
4.726823237931665
 20
-9.41221482129121
 10
4.718484202494304
 20
-9.410556084010702
 10
4.710000000000001
 20
-9.41
 10
4.701515797505698
 20
-9.410556084010702
 10
4.693176762068337
 20
-9.41221482129121
 10
4.68512557689627
 20
-9.414947830386765
 10
4.677500000000001
 20
-9.418708348754011
 10
4.670430507114434
 20
-9.423432032881069
 10
4.664038059222875
 20
-9.429038059222874
 10
4.658432032881071
 20
-9.435430507114432
 10
4.653708348754012
 20
-9.442499999999999
 10
4.649947830386767
 20
-9.45012557689627
 10
4.647214821291211
 20
-9.458176762068335
 10
4.645556084010703
 20
-9.466515797505696
 10
4.6450000000000005
 20
-9.475
 10
4.645556084010703
 20
-9.483484202494303
 10
4.647214821291211
 20
-9.491823237931664
 10
4.649947830386767
 20
-9.49987442310373
 10
4.653708348754012
 20
-9.5075
 10
4.658432032881071
 20
-9.514569492885567
 10
4.664038059222875
 20
-9.520961940777125
 10
4.670430507114434
 20
-9.52656796711893
 10
4.677500000000001
 20
-9.531291651245988
 10
4.68512557689627
 20
-9.535052169613234
 10
4.693176762068337
 20
-9.53778517870879
 10
4.701515797505698
 20
-9.539443915989297
 10
4.710000000000001
 20
-9.54
 10
4.718484202494304
 20
-9.539443915989297
 10
4.726823237931665
 20
-9.53778517870879
 10
4.734874423103732
 20
-9.535052169613234
 10
4.742500000000001
 20
-9.531291651245988
 10
4.749569492885568
 20
-9.52656796711893
 10
4.7559619407771265
 20
-9.520961940777125
 10
4.761567967118931
 20
-9.514569492885567
 10
4.766291651245989
 20
-9.5075
 10
4.770052169613234
 20
-9.49987442310373
 10
4.772785178708791
 20
-9.491823237931664
 10
4.774443915989298
 20
-9.483484202494303
 97
0
 75
0
 76
1
 98
0
  0
LWPOLYLINE
  5
6CB
330
17
100
AcDbEntity
  8
K-ZBROJENIE-OPIS
370
35
 48
0.025
100
AcDbPolyline
 90
48
 70
1
 10
1.7037491483079719
 20
-1.0892499999999998
 10
1.7031930642972697
 20
-1.0807657975056966
 10
1.7015343270167613
 20
-1.072426762068336
 10
1.6988013179212056
 20
-1.064375576896269
 10
1.6950407995539605
 20
-1.0567499999999999
 10
1.690317115426902
 20
-1.049680507114433
 10
1.6847110890850976
 20
-1.0432880592228742
 10
1.6783186411935387
 20
-1.0376820328810696
 10
1.6712491483079719
 20
-1.0329583487540113
 10
1.6636235714117027
 20
-1.0291978303867662
 10
1.6555723862396359
 20
-1.0264648212912104
 10
1.6472333508022752
 20
-1.024806084010702
 10
1.638749148307972
 20
-1.0242499999999999
 10
1.6302649458136687
 20
-1.024806084010702
 10
1.6219259103763082
 20
-1.0264648212912104
 10
1.6138747252042411
 20
-1.0291978303867662
 10
1.606249148307972
 20
-1.0329583487540113
 10
1.5991796554224051
 20
-1.0376820328810696
 10
1.5927872075308462
 20
-1.0432880592228742
 10
1.5871811811890417
 20
-1.049680507114433
 10
1.5824574970619834
 20
-1.0567499999999999
 10
1.5786969786947382
 20
-1.064375576896269
 10
1.5759639695991825
 20
-1.0724267620683359
 10
1.5743052323186741
 20
-1.0807657975056963
 10
1.573749148307972
 20
-1.0892499999999998
 10
1.5743052323186741
 20
-1.097734202494303
 10
1.5759639695991825
 20
-1.1060732379316636
 10
1.5786969786947382
 20
-1.1141244231037306
 10
1.5824574970619834
 20
-1.1217499999999998
 10
1.5871811811890417
 20
-1.1288194928855666
 10
1.5927872075308462
 20
-1.1352119407771255
 10
1.5991796554224051
 20
-1.14081796711893
 10
1.606249148307972
 20
-1.1455416512459884
 10
1.6138747252042411
 20
-1.1493021696132335
 10
1.621925910376308
 20
-1.1520351787087892
 10
1.6302649458136684
 20
-1.1536939159892976
 10
1.638749148307972
 20
-1.1542499999999998
 10
1.6472333508022752
 20
-1.1536939159892976
 10
1.6555723862396357
 20
-1.1520351787087892
 10
1.6636235714117027
 20
-1.1493021696132335
 10
1.6712491483079719
 20
-1.1455416512459884
 10
1.6783186411935387
 20
-1.1408179671189302
 10
1.6847110890850976
 20
-1.1352119407771255
 10
1.690317115426902
 20
-1.1288194928855666
 10
1.6950407995539605
 20
-1.1217499999999998
 10
1.6988013179212056
 20
-1.1141244231037306
 10
1.7015343270167613
 20
-1.1060732379316638
 10
1.7031930642972697
 20
-1.0977342024943033
  0
LWPOLYLINE
  5
6CC
330
17
100
AcDbEntity
  8
K-ZBROJENIE-OPIS
370
35
 48
0.025
100
AcDbPolyline
 90
48
 70
1
 10
2.343749148307972
 20
-0.2297499999999999
 10
2.3431930642972696
 20
-0.22126579750569655
 10
2.3415343270167615
 20
-0.21292676206833605
 10
2.3388013179212055
 20
-0.20487557689626906
 10
2.3350407995539606
 20
-0.1972499999999999
 10
2.3303171154269022
 20
-0.19018050711443307
 10
2.3247110890850977
 20
-0.1837880592228743
 10
2.318318641193539
 20
-0.1781820328810696
 10
2.3112491483079722
 20
-0.1734583487540114
 10
2.303623571411703
 20
-0.16969783038676625
 10
2.2955723862396358
 20
-0.16696482129121046
 10
2.2872333508022753
 20
-0.16530608401070224
 10
2.278749148307972
 20
-0.1647499999999999
 10
2.2702649458136688
 20
-0.1653060840107022
 10
2.2619259103763083
 20
-0.16696482129121046
 10
2.2538747252042413
 20
-0.16969783038676625
 10
2.246249148307972
 20
-0.1734583487540114
 10
2.2391796554224053
 20
-0.1781820328810696
 10
2.2327872075308464
 20
-0.1837880592228743
 10
2.227181181189042
 20
-0.19018050711443305
 10
2.2224574970619835
 20
-0.19724999999999987
 10
2.2186969786947386
 20
-0.20487557689626906
 10
2.2159639695991826
 20
-0.21292676206833602
 10
2.2143052323186745
 20
-0.22126579750569653
 10
2.213749148307972
 20
-0.2297499999999999
 10
2.2143052323186745
 20
-0.23823420249430324
 10
2.2159639695991826
 20
-0.24657323793166372
 10
2.2186969786947386
 20
-0.2546244231037307
 10
2.2224574970619835
 20
-0.26224999999999987
 10
2.227181181189042
 20
-0.2693194928855667
 10
2.2327872075308464
 20
-0.27571194077712546
 10
2.2391796554224053
 20
-0.2813179671189302
 10
2.246249148307972
 20
-0.2860416512459884
 10
2.2538747252042413
 20
-0.2898021696132335
 10
2.2619259103763083
 20
-0.2925351787087893
 10
2.2702649458136688
 20
-0.29419391598929756
 10
2.278749148307972
 20
-0.2947499999999999
 10
2.2872333508022753
 20
-0.29419391598929756
 10
2.2955723862396358
 20
-0.29253517870878937
 10
2.303623571411703
 20
-0.2898021696132336
 10
2.311249148307972
 20
-0.28604165124598846
 10
2.318318641193539
 20
-0.2813179671189302
 10
2.3247110890850977
 20
-0.2757119407771255
 10
2.3303171154269022
 20
-0.2693194928855668
 10
2.3350407995539606
 20
-0.2622499999999999
 10
2.3388013179212055
 20
-0.2546244231037308
 10
2.3415343270167615
 20
-0.2465732379316638
 10
2.3431930642972696
 20
-0.23823420249430333
  0
LWPOLYLINE
  5
6CD
330
17
100
AcDbEntity
  8
K-ZBROJENIE-OPIS
370
35
 48
0.025
100
AcDbPolyline
 90
48
 70
1
 10
1.5733908698614583
 20
-0.55375
 10
1.572834785850756
 20
-0.5452657975056966
 10
1.5711760485702477
 20
-0.5369267620683361
 10
1.568443039474692
 20
-0.5288755768962692
 10
1.5646825211074469
 20
-0.52125
 10
1.5599588369803885
 20
-0.5141805071144331
 10
1.554352810638584
 20
-0.5077880592228744
 10
1.547960362747025
 20
-0.5021820328810697
 10
1.5408908698614583
 20
-0.49745834875401146
 10
1.533265292965189
 20
-0.49369783038676635
 10
1.5252141077931223
 20
-0.49096482129121055
 10
1.5168750723557616
 20
-0.4893060840107023
 10
1.5083908698614583
 20
-0.48874999999999996
 10
1.499906667367155
 20
-0.4893060840107023
 10
1.4915676319297946
 20
-0.49096482129121055
 10
1.4835164467577275
 20
-0.4936978303867663
 10
1.4758908698614583
 20
-0.49745834875401146
 10
1.4688213769758915
 20
-0.5021820328810697
 10
1.4624289290843326
 20
-0.5077880592228744
 10
1.4568229027425281
 20
-0.5141805071144331
 10
1.4520992186154698
 20
-0.52125
 10
1.4483387002482246
 20
-0.5288755768962691
 10
1.445605691152669
 20
-0.5369267620683361
 10
1.4439469538721605
 20
-0.5452657975056966
 10
1.4433908698614584
 20
-0.55375
 10
1.4439469538721605
 20
-0.5622342024943033
 10
1.445605691152669
 20
-0.5705732379316638
 10
1.4483387002482246
 20
-0.5786244231037307
 10
1.4520992186154698
 20
-0.5862499999999999
 10
1.4568229027425281
 20
-0.5933194928855667
 10
1.4624289290843326
 20
-0.5997119407771255
 10
1.4688213769758915
 20
-0.6053179671189303
 10
1.4758908698614583
 20
-0.6100416512459884
 10
1.4835164467577275
 20
-0.6138021696132336
 10
1.4915676319297944
 20
-0.6165351787087894
 10
1.4999066673671548
 20
-0.6181939159892976
 10
1.5083908698614583
 20
-0.6187499999999999
 10
1.5168750723557616
 20
-0.6181939159892976
 10
1.525214107793122
 20
-0.6165351787087894
 10
1.533265292965189
 20
-0.6138021696132336
 10
1.5408908698614583
 20
-0.6100416512459885
 10
1.547960362747025
 20
-0.6053179671189303
 10
1.554352810638584
 20
-0.5997119407771255
 10
1.5599588369803885
 20
-0.5933194928855668
 10
1.5646825211074469
 20
-0.5862499999999999
 10
1.568443039474692
 20
-0.5786244231037309
 10
1.5711760485702477
 20
-0.5705732379316639
 10
1.572834785850756
 20
-0.5622342024943033
  0
LWPOLYLINE
  5
6CE
330
17
100
AcDbEntity
  8
K-ZBROJENIE-OPIS
370
35
 48
0.025
100
AcDbPolyline
 90
48
 70
1
 10
1.635
 20
-1.5949999999999998
 10
1.6344439159892978
 20
-1.5865157975056965
 10
1.6327851787087895
 20
-1.578176762068336
 10
1.6300521696132337
 20
-1.570125576896269
 10
1.6262916512459886
 20
-1.5624999999999998
 10
1.6215679671189303
 20
-1.555430507114433
 10
1.6159619407771257
 20
-1.549038059222874
 10
1.6095694928855668
 20
-1.5434320328810696
 10
1.6025
 20
-1.5387083487540112
 10
1.5948744231037308
 20
-1.534947830386766
 10
1.586823237931664
 20
-1.5322148212912103
 10
1.5784842024943033
 20
-1.530556084010702
 10
1.57
 20
-1.5299999999999998
 10
1.5615157975056968
 20
-1.530556084010702
 10
1.5531767620683363
 20
-1.5322148212912103
 10
1.5451255768962693
 20
-1.534947830386766
 10
1.5375
 20
-1.5387083487540112
 10
1.5304305071144333
 20
-1.5434320328810696
 10
1.5240380592228744
 20
-1.549038059222874
 10
1.5184320328810699
 20
-1.555430507114433
 10
1.5137083487540115
 20
-1.5624999999999998
 10
1.5099478303867664
 20
-1.570125576896269
 10
1.5072148212912106
 20
-1.5781767620683358
 10
1.5055560840107023
 20
-1.5865157975056963
 10
1.5050000000000001
 20
-1.5949999999999998
 10
1.5055560840107023
 20
-1.603484202494303
 10
1.5072148212912106
 20
-1.6118232379316635
 10
1.5099478303867664
 20
-1.6198744231037305
 10
1.5137083487540115
 20
-1.6274999999999997
 10
1.5184320328810696
 20
-1.6345694928855665
 10
1.5240380592228744
 20
-1.6409619407771254
 10
1.5304305071144333
 20
-1.64656796711893
 10
1.5375
 20
-1.6512916512459883
 10
1.5451255768962693
 20
-1.6550521696132334
 10
1.553176762068336
 20
-1.6577851787087892
 10
1.5615157975056966
 20
-1.6594439159892975
 10
1.57
 20
-1.6599999999999997
 10
1.5784842024943033
 20
-1.6594439159892975
 10
1.5868232379316638
 20
-1.6577851787087892
 10
1.5948744231037308
 20
-1.6550521696132334
 10
1.6025
 20
-1.6512916512459883
 10
1.6095694928855668
 20
-1.6465679671189302
 10
1.6159619407771257
 20
-1.6409619407771254
 10
1.6215679671189303
 20
-1.6345694928855665
 10
1.6262916512459886
 20
-1.6274999999999997
 10
1.6300521696132337
 20
-1.6198744231037305
 10
1.6327851787087895
 20
-1.6118232379316637
 10
1.6344439159892978
 20
-1.6034842024943032
  0
LWPOLYLINE
  5
6CF
330
17
100
AcDbEntity
  8
K-ZBROJENIE-OPIS
370
35
 48
0.025
100
AcDbPolyline
 90
48
 70
1
 10
1.635
 20
-2.145
 10
1.6344439159892978
 20
-2.1365157975056968
 10
1.6327851787087895
 20
-2.1281767620683363
 10
1.6300521696132337
 20
-2.1201255768962692
 10
1.6262916512459886
 20
-2.1125
 10
1.6215679671189303
 20
-2.1054305071144332
 10
1.6159619407771257
 20
-2.0990380592228743
 10
1.6095694928855668
 20
-2.09343203288107
 10
1.6025
 20
-2.0887083487540115
 10
1.5948744231037308
 20
-2.0849478303867666
 10
1.586823237931664
 20
-2.0822148212912106
 10
1.5784842024943033
 20
-2.0805560840107025
 10
1.57
 20
-2.08
 10
1.5615157975056968
 20
-2.0805560840107025
 10
1.5531767620683363
 20
-2.0822148212912106
 10
1.5451255768962693
 20
-2.0849478303867666
 10
1.5375
 20
-2.0887083487540115
 10
1.5304305071144333
 20
-2.09343203288107
 10
1.5240380592228744
 20
-2.0990380592228743
 10
1.5184320328810699
 20
-2.1054305071144332
 10
1.5137083487540115
 20
-2.1125
 10
1.5099478303867664
 20
-2.1201255768962692
 10
1.5072148212912106
 20
-2.1281767620683363
 10
1.5055560840107023
 20
-2.1365157975056968
 10
1.5050000000000001
 20
-2.145
 10
1.5055560840107023
 20
-2.1534842024943033
 10
1.5072148212912106
 20
-2.1618232379316638
 10
1.5099478303867664
 20
-2.169874423103731
 10
1.5137083487540115
 20
-2.1775
 10
1.5184320328810696
 20
-2.184569492885567
 10
1.5240380592228744
 20
-2.1909619407771257
 10
1.5304305071144333
 20
-2.19656796711893
 10
1.5375
 20
-2.2012916512459886
 10
1.5451255768962693
 20
-2.2050521696132335
 10
1.553176762068336
 20
-2.2077851787087894
 10
1.5615157975056966
 20
-2.2094439159892976
 10
1.57
 20
-2.21
 10
1.5784842024943033
 20
-2.2094439159892976
 10
1.5868232379316638
 20
-2.2077851787087894
 10
1.5948744231037308
 20
-2.2050521696132335
 10
1.6025
 20
-2.2012916512459886
 10
1.6095694928855668
 20
-2.19656796711893
 10
1.6159619407771257
 20
-2.1909619407771257
 10
1.6215679671189303
 20
-2.184569492885567
 10
1.6262916512459886
 20
-2.1775
 10
1.6300521696132337
 20
-2.169874423103731
 10
1.6327851787087895
 20
-2.1618232379316638
 10
1.6344439159892978
 20
-2.1534842024943033
  0
LWPOLYLINE
  5
6D0
330
17
100
AcDbEntity
  8
K-ZBROJENIE-OPIS
370
35
 48
0.025
100
AcDbPolyline
 90
48
 70
1
 10
0.7450000000000001
 20
-2.98
 10
0.7444439159892977
 20
-2.9715157975056967
 10
0.7427851787087895
 20
-2.9631767620683362
 10
0.7400521696132337
 20
-2.955125576896269
 10
0.7362916512459886
 20
-2.9475
 10
0.7315679671189304
 20
-2.940430507114433
 10
0.7259619407771256
 20
-2.9340380592228743
 10
0.7195694928855669
 20
-2.92843203288107
 10
0.7125
 20
-2.9237083487540114
 10
0.7048744231037309
 20
-2.9199478303867665
 10
0.6968232379316639
 20
-2.9172148212912106
 10
0.6884842024943034
 20
-2.9155560840107024
 10
0.68
 20
-2.915
 10
0.6715157975056967
 20
-2.9155560840107024
 10
0.6631767620683362
 20
-2.9172148212912106
 10
0.6551255768962693
 20
-2.9199478303867665
 10
0.6475000000000001
 20
-2.9237083487540114
 10
0.6404305071144333
 20
-2.92843203288107
 10
0.6340380592228745
 20
-2.9340380592228743
 10
0.6284320328810697
 20
-2.940430507114433
 10
0.6237083487540116
 20
-2.9475
 10
0.6199478303867664
 20
-2.955125576896269
 10
0.6172148212912106
 20
-2.9631767620683362
 10
0.6155560840107024
 20
-2.9715157975056967
 10
0.615
 20
-2.98
 10
0.6155560840107024
 20
-2.9884842024943032
 10
0.6172148212912106
 20
-2.9968232379316637
 10
0.6199478303867664
 20
-3.0048744231037308
 10
0.6237083487540115
 20
-3.0125
 10
0.6284320328810697
 20
-3.0195694928855668
 10
0.6340380592228745
 20
-3.0259619407771257
 10
0.6404305071144332
 20
-3.03156796711893
 10
0.6475
 20
-3.0362916512459885
 10
0.6551255768962692
 20
-3.0400521696132334
 10
0.6631767620683362
 20
-3.0427851787087894
 10
0.6715157975056967
 20
-3.0444439159892975
 10
0.68
 20
-3.045
 10
0.6884842024943034
 20
-3.0444439159892975
 10
0.6968232379316639
 20
-3.0427851787087894
 10
0.7048744231037308
 20
-3.0400521696132334
 10
0.7125
 20
-3.0362916512459885
 10
0.7195694928855668
 20
-3.03156796711893
 10
0.7259619407771256
 20
-3.0259619407771257
 10
0.7315679671189304
 20
-3.0195694928855668
 10
0.7362916512459885
 20
-3.0125
 10
0.7400521696132337
 20
-3.0048744231037308
 10
0.7427851787087895
 20
-2.9968232379316637
 10
0.7444439159892977
 20
-2.9884842024943032
  0
LWPOLYLINE
  5
6D1
330
17
100
AcDbEntity
  8
K-ZBROJENIE-OPIS
370
35
 48
0.025
100
AcDbPolyline
 90
48
 70
1
 10
1.2037491483079719
 20
-4.49925
 10
1.2031930642972697
 20
-4.490765797505697
 10
1.2015343270167613
 20
-4.482426762068336
 10
1.1988013179212056
 20
-4.474375576896269
 10
1.1950407995539605
 20
-4.46675
 10
1.190317115426902
 20
-4.459680507114433
 10
1.1847110890850976
 20
-4.453288059222874
 10
1.1783186411935387
 20
-4.44768203288107
 10
1.1712491483079719
 20
-4.442958348754011
 10
1.1636235714117027
 20
-4.4391978303867665
 10
1.1555723862396359
 20
-4.43646482129121
 10
1.1472333508022752
 20
-4.434806084010702
 10
1.138749148307972
 20
-4.43425
 10
1.1302649458136687
 20
-4.434806084010702
 10
1.1219259103763082
 20
-4.43646482129121
 10
1.1138747252042411
 20
-4.4391978303867665
 10
1.106249148307972
 20
-4.442958348754011
 10
1.0991796554224051
 20
-4.44768203288107
 10
1.0927872075308462
 20
-4.453288059222874
 10
1.0871811811890417
 20
-4.459680507114433
 10
1.0824574970619834
 20
-4.46675
 10
1.0786969786947382
 20
-4.474375576896269
 10
1.0759639695991825
 20
-4.482426762068336
 10
1.0743052323186741
 20
-4.490765797505697
 10
1.073749148307972
 20
-4.49925
 10
1.0743052323186741
 20
-4.507734202494303
 10
1.0759639695991825
 20
-4.516073237931664
 10
1.0786969786947382
 20
-4.524124423103731
 10
1.0824574970619834
 20
-4.53175
 10
1.0871811811890417
 20
-4.538819492885567
 10
1.0927872075308462
 20
-4.545211940777126
 10
1.0991796554224051
 20
-4.55081796711893
 10
1.106249148307972
 20
-4.5555416512459885
 10
1.1138747252042411
 20
-4.559302169613233
 10
1.121925910376308
 20
-4.56203517870879
 10
1.1302649458136684
 20
-4.5636939159892975
 10
1.138749148307972
 20
-4.56425
 10
1.1472333508022752
 20
-4.5636939159892975
 10
1.1555723862396357
 20
-4.56203517870879
 10
1.1636235714117027
 20
-4.559302169613233
 10
1.1712491483079719
 20
-4.5555416512459885
 10
1.1783186411935387
 20
-4.55081796711893
 10
1.1847110890850976
 20
-4.545211940777126
 10
1.190317115426902
 20
-4.538819492885567
 10
1.1950407995539605
 20
-4.53175
 10
1.1988013179212056
 20
-4.524124423103731
 10
1.2015343270167613
 20
-4.516073237931664
 10
1.2031930642972697
 20
-4.507734202494303
  0
LWPOLYLINE
  5
6D2
330
17
100
AcDbEntity
  8
K-ZBROJENIE-OPIS
370
35
 48
0.025
100
AcDbPolyline
 90
48
 70
1
 10
1.643749148307972
 20
-3.8947499999999997
 10
1.6431930642972699
 20
-3.8862657975056965
 10
1.6415343270167615
 20
-3.877926762068336
 10
1.6388013179212058
 20
-3.869875576896269
 10
1.6350407995539606
 20
-3.8622499999999995
 10
1.6303171154269023
 20
-3.855180507114433
 10
1.6247110890850978
 20
-3.848788059222874
 10
1.6183186411935389
 20
-3.8431820328810695
 10
1.611249148307972
 20
-3.838458348754011
 10
1.6036235714117029
 20
-3.8346978303867663
 10
1.595572386239636
 20
-3.8319648212912103
 10
1.5872333508022753
 20
-3.830306084010702
 10
1.578749148307972
 20
-3.8297499999999998
 10
1.5702649458136688
 20
-3.830306084010702
 10
1.5619259103763083
 20
-3.8319648212912103
 10
1.5538747252042413
 20
-3.8346978303867663
 10
1.546249148307972
 20
-3.838458348754011
 10
1.5391796554224053
 20
-3.8431820328810695
 10
1.5327872075308464
 20
-3.848788059222874
 10
1.527181181189042
 20
-3.855180507114433
 10
1.5224574970619835
 20
-3.8622499999999995
 10
1.5186969786947384
 20
-3.869875576896269
 10
1.5159639695991827
 20
-3.877926762068336
 10
1.5143052323186743
 20
-3.8862657975056965
 10
1.5137491483079721
 20
-3.8947499999999997
 10
1.5143052323186743
 20
-3.903234202494303
 10
1.5159639695991827
 20
-3.9115732379316634
 10
1.5186969786947384
 20
-3.9196244231037305
 10
1.5224574970619835
 20
-3.92725
 10
1.5271811811890417
 20
-3.9343194928855665
 10
1.5327872075308464
 20
-3.9407119407771254
 10
1.5391796554224053
 20
-3.94631796711893
 10
1.546249148307972
 20
-3.9510416512459883
 10
1.5538747252042413
 20
-3.954802169613233
 10
1.5619259103763081
 20
-3.957535178708789
 10
1.5702649458136686
 20
-3.9591939159892973
 10
1.578749148307972
 20
-3.9597499999999997
 10
1.5872333508022753
 20
-3.9591939159892973
 10
1.5955723862396358
 20
-3.957535178708789
 10
1.6036235714117029
 20
-3.954802169613233
 10
1.611249148307972
 20
-3.9510416512459883
 10
1.6183186411935389
 20
-3.94631796711893
 10
1.6247110890850978
 20
-3.9407119407771254
 10
1.6303171154269023
 20
-3.9343194928855665
 10
1.6350407995539606
 20
-3.92725
 10
1.6388013179212058
 20
-3.9196244231037305
 10
1.6415343270167615
 20
-3.9115732379316634
 10
1.6431930642972699
 20
-3.903234202494303
  0
LWPOLYLINE
  5
6D3
330
17
100
AcDbEntity
  8
K-ZBROJENIE-OPIS
370
35
 48
0.025
100
AcDbPolyline
 90
48
 70
1
 10
1.6552793549852374
 20
-4.21125
 10
1.6547232709745352
 20
-4.2027657975056965
 10
1.6530645336940268
 20
-4.1944267620683355
 10
1.650331524598471
 20
-4.1863755768962685
 10
1.646571006231226
 20
-4.17875
 10
1.6418473221041676
 20
-4.1716805071144325
 10
1.636241295762363
 20
-4.165288059222874
 10
1.6298488478708042
 20
-4.1596820328810695
 10
1.6227793549852374
 20
-4.154958348754011
 10
1.6151537780889682
 20
-4.151197830386766
 10
1.6071025929169014
 20
-4.14846482129121
 10
1.5987635574795407
 20
-4.146806084010702
 10
1.5902793549852374
 20
-4.146249999999999
 10
1.5817951524909342
 20
-4.146806084010702
 10
1.5734561170535737
 20
-4.14846482129121
 10
1.5654049318815066
 20
-4.151197830386766
 10
1.5577793549852375
 20
-4.154958348754011
 10
1.5507098620996707
 20
-4.1596820328810695
 10
1.5443174142081117
 20
-4.165288059222874
 10
1.5387113878663072
 20
-4.1716805071144325
 10
1.5339877037392489
 20
-4.17875
 10
1.5302271853720038
 20
-4.1863755768962685
 10
1.527494176276448
 20
-4.1944267620683355
 10
1.5258354389959397
 20
-4.2027657975056965
 10
1.5252793549852375
 20
-4.21125
 10
1.5258354389959397
 20
-4.219734202494303
 10
1.527494176276448
 20
-4.228073237931664
 10
1.5302271853720038
 20
-4.236124423103731
 10
1.5339877037392489
 20
-4.2437499999999995
 10
1.5387113878663072
 20
-4.250819492885567
 10
1.5443174142081117
 20
-4.257211940777125
 10
1.5507098620996707
 20
-4.26281796711893
 10
1.5577793549852375
 20
-4.267541651245988
 10
1.5654049318815066
 20
-4.271302169613233
 10
1.5734561170535735
 20
-4.27403517870879
 10
1.581795152490934
 20
-4.275693915989297
 10
1.5902793549852374
 20
-4.27625
 10
1.5987635574795407
 20
-4.275693915989297
 10
1.6071025929169012
 20
-4.27403517870879
 10
1.6151537780889682
 20
-4.271302169613233
 10
1.6227793549852374
 20
-4.267541651245988
 10
1.6298488478708042
 20
-4.26281796711893
 10
1.636241295762363
 20
-4.257211940777125
 10
1.6418473221041676
 20
-4.250819492885567
 10
1.646571006231226
 20
-4.2437499999999995
 10
1.650331524598471
 20
-4.236124423103731
 10
1.6530645336940268
 20
-4.228073237931664
 10
1.6547232709745352
 20
-4.219734202494303
  0
LWPOLYLINE
  5
6D4
330
17
100
AcDbEntity
  8
K-ZBROJENIE-OPIS
370
35
 48
0.025
100
AcDbPolyline
 90
48
 70
1
 10
1.135
 20
-5.090000000000001
 10
1.1344439159892978
 20
-5.0815157975056975
 10
1.1327851787087895
 20
-5.073176762068337
 10
1.1300521696132337
 20
-5.0651255768962695
 10
1.1262916512459886
 20
-5.057500000000001
 10
1.1215679671189303
 20
-5.0504305071144335
 10
1.1159619407771257
 20
-5.044038059222875
 10
1.1095694928855668
 20
-5.0384320328810706
 10
1.1025
 20
-5.033708348754012
 10
1.0948744231037308
 20
-5.029947830386767
 10
1.086823237931664
 20
-5.027214821291211
 10
1.0784842024943033
 20
-5.025556084010703
 10
1.07
 20
-5.025
 10
1.0615157975056968
 20
-5.025556084010703
 10
1.0531767620683363
 20
-5.027214821291211
 10
1.0451255768962693
 20
-5.029947830386767
 10
1.0375
 20
-5.033708348754012
 10
1.0304305071144333
 20
-5.0384320328810706
 10
1.0240380592228744
 20
-5.044038059222875
 10
1.0184320328810699
 20
-5.0504305071144335
 10
1.0137083487540115
 20
-5.057500000000001
 10
1.0099478303867664
 20
-5.0651255768962695
 10
1.0072148212912106
 20
-5.073176762068337
 10
1.0055560840107023
 20
-5.0815157975056975
 10
1.0050000000000001
 20
-5.090000000000001
 10
1.0055560840107023
 20
-5.098484202494304
 10
1.0072148212912106
 20
-5.106823237931665
 10
1.0099478303867664
 20
-5.114874423103732
 10
1.0137083487540115
 20
-5.1225000000000005
 10
1.0184320328810696
 20
-5.129569492885568
 10
1.0240380592228744
 20
-5.135961940777126
 10
1.0304305071144333
 20
-5.141567967118931
 10
1.0375
 20
-5.146291651245989
 10
1.0451255768962693
 20
-5.150052169613234
 10
1.053176762068336
 20
-5.152785178708791
 10
1.0615157975056966
 20
-5.154443915989298
 10
1.07
 20
-5.155000000000001
 10
1.0784842024943033
 20
-5.154443915989298
 10
1.0868232379316638
 20
-5.152785178708791
 10
1.0948744231037308
 20
-5.150052169613234
 10
1.1025
 20
-5.146291651245989
 10
1.1095694928855668
 20
-5.141567967118931
 10
1.1159619407771257
 20
-5.135961940777126
 10
1.1215679671189303
 20
-5.129569492885568
 10
1.1262916512459886
 20
-5.1225000000000005
 10
1.1300521696132337
 20
-5.114874423103732
 10
1.1327851787087895
 20
-5.106823237931665
 10
1.1344439159892978
 20
-5.098484202494304
  0
LWPOLYLINE
  5
6D5
330
17
100
AcDbEntity
  8
K-ZBROJENIE-OPIS
370
35
 48
0.025
100
AcDbPolyline
 90
48
 70
1
 10
1.135
 20
-5.580000000000001
 10
1.1344439159892978
 20
-5.571515797505698
 10
1.1327851787087895
 20
-5.563176762068337
 10
1.1300521696132337
 20
-5.55512557689627
 10
1.1262916512459886
 20
-5.547500000000001
 10
1.1215679671189303
 20
-5.540430507114434
 10
1.1159619407771257
 20
-5.534038059222875
 10
1.1095694928855668
 20
-5.528432032881071
 10
1.1025
 20
-5.523708348754012
 10
1.0948744231037308
 20
-5.5199478303867675
 10
1.086823237931664
 20
-5.517214821291211
 10
1.0784842024943033
 20
-5.515556084010703
 10
1.07
 20
-5.515000000000001
 10
1.0615157975056968
 20
-5.515556084010703
 10
1.0531767620683363
 20
-5.517214821291211
 10
1.0451255768962693
 20
-5.5199478303867675
 10
1.0375
 20
-5.523708348754012
 10
1.0304305071144333
 20
-5.528432032881071
 10
1.0240380592228744
 20
-5.534038059222875
 10
1.0184320328810699
 20
-5.540430507114434
 10
1.0137083487540115
 20
-5.547500000000001
 10
1.0099478303867664
 20
-5.55512557689627
 10
1.0072148212912106
 20
-5.563176762068337
 10
1.0055560840107023
 20
-5.571515797505698
 10
1.0050000000000001
 20
-5.580000000000001
 10
1.0055560840107023
 20
-5.588484202494304
 10
1.0072148212912106
 20
-5.596823237931665
 10
1.0099478303867664
 20
-5.604874423103732
 10
1.0137083487540115
 20
-5.612500000000001
 10
1.0184320328810696
 20
-5.619569492885568
 10
1.0240380592228744
 20
-5.625961940777127
 10
1.0304305071144333
 20
-5.631567967118931
 10
1.0375
 20
-5.6362916512459895
 10
1.0451255768962693
 20
-5.640052169613234
 10
1.053176762068336
 20
-5.642785178708791
 10
1.0615157975056966
 20
-5.6444439159892985
 10
1.07
 20
-5.645000000000001
 10
1.0784842024943033
 20
-5.6444439159892985
 10
1.0868232379316638
 20
-5.642785178708791
 10
1.0948744231037308
 20
-5.640052169613234
 10
1.1025
 20
-5.6362916512459895
 10
1.1095694928855668
 20
-5.631567967118931
 10
1.1159619407771257
 20
-5.625961940777127
 10
1.1215679671189303
 20
-5.619569492885568
 10
1.1262916512459886
 20
-5.612500000000001
 10
1.1300521696132337
 20
-5.604874423103732
 10
1.1327851787087895
 20
-5.596823237931665
 10
1.1344439159892978
 20
-5.588484202494304
  0
LWPOLYLINE
  5
6D6
330
17
100
AcDbEntity
  8
K-ZBROJENIE-OPIS
370
35
 48
0.025
100
AcDbPolyline
 90
48
 70
1
 10
0.7450000000000001
 20
-6.2700000000000005
 10
0.7444439159892977
 20
-6.261515797505697
 10
0.7427851787087895
 20
-6.253176762068336
 10
0.7400521696132337
 20
-6.245125576896269
 10
0.7362916512459886
 20
-6.237500000000001
 10
0.7315679671189304
 20
-6.230430507114433
 10
0.7259619407771256
 20
-6.224038059222875
 10
0.7195694928855669
 20
-6.21843203288107
 10
0.7125
 20
-6.213708348754012
 10
0.7048744231037309
 20
-6.209947830386767
 10
0.6968232379316639
 20
-6.207214821291211
 10
0.6884842024943034
 20
-6.205556084010703
 10
0.68
 20
-6.205
 10
0.6715157975056967
 20
-6.205556084010703
 10
0.6631767620683362
 20
-6.207214821291211
 10
0.6551255768962693
 20
-6.209947830386767
 10
0.6475000000000001
 20
-6.213708348754012
 10
0.6404305071144333
 20
-6.21843203288107
 10
0.6340380592228745
 20
-6.224038059222875
 10
0.6284320328810697
 20
-6.230430507114433
 10
0.6237083487540116
 20
-6.237500000000001
 10
0.6199478303867664
 20
-6.245125576896269
 10
0.6172148212912106
 20
-6.253176762068336
 10
0.6155560840107024
 20
-6.261515797505697
 10
0.615
 20
-6.2700000000000005
 10
0.6155560840107024
 20
-6.278484202494304
 10
0.6172148212912106
 20
-6.286823237931665
 10
0.6199478303867664
 20
-6.294874423103732
 10
0.6237083487540115
 20
-6.3025
 10
0.6284320328810697
 20
-6.309569492885568
 10
0.6340380592228745
 20
-6.315961940777126
 10
0.6404305071144332
 20
-6.321567967118931
 10
0.6475
 20
-6.326291651245989
 10
0.6551255768962692
 20
-6.330052169613234
 10
0.6631767620683362
 20
-6.33278517870879
 10
0.6715157975056967
 20
-6.334443915989298
 10
0.68
 20
-6.335000000000001
 10
0.6884842024943034
 20
-6.334443915989298
 10
0.6968232379316639
 20
-6.33278517870879
 10
0.7048744231037308
 20
-6.330052169613234
 10
0.7125
 20
-6.326291651245989
 10
0.7195694928855668
 20
-6.321567967118931
 10
0.7259619407771256
 20
-6.315961940777126
 10
0.7315679671189304
 20
-6.309569492885568
 10
0.7362916512459885
 20
-6.3025
 10
0.7400521696132337
 20
-6.294874423103732
 10
0.7427851787087895
 20
-6.286823237931665
 10
0.7444439159892977
 20
-6.278484202494304
  0
LWPOLYLINE
  5
6D7
330
17
100
AcDbEntity
  8
K-ZBROJENIE-OPIS
370
35
 48
0.025
100
AcDbPolyline
 90
48
 70
1
 10
5.7337491483079726
 20
-4.50025
 10
5.73319306429727
 20
-4.491765797505697
 10
5.731534327016762
 20
-4.483426762068336
 10
5.728801317921206
 20
-4.475375576896269
 10
5.725040799553961
 20
-4.4677500000000006
 10
5.720317115426902
 20
-4.460680507114433
 10
5.714711089085098
 20
-4.454288059222875
 10
5.708318641193539
 20
-4.44868203288107
 10
5.701249148307972
 20
-4.443958348754012
 10
5.693623571411703
 20
-4.440197830386767
 10
5.685572386239636
 20
-4.4374648212912104
 10
5.677233350802275
 20
-4.435806084010703
 10
5.668749148307972
 20
-4.43525
 10
5.660264945813669
 20
-4.435806084010703
 10
5.651925910376308
 20
-4.4374648212912104
 10
5.643874725204241
 20
-4.440197830386767
 10
5.636249148307972
 20
-4.443958348754012
 10
5.629179655422405
 20
-4.44868203288107
 10
5.6227872075308465
 20
-4.454288059222875
 10
5.617181181189042
 20
-4.460680507114433
 10
5.612457497061984
 20
-4.4677500000000006
 10
5.608696978694739
 20
-4.475375576896269
 10
5.605963969599182
 20
-4.483426762068336
 10
5.604305232318675
 20
-4.491765797505697
 10
5.603749148307972
 20
-4.50025
 10
5.604305232318675
 20
-4.508734202494304
 10
5.605963969599182
 20
-4.5170732379316645
 10
5.608696978694739
 20
-4.5251244231037315
 10
5.612457497061984
 20
-4.53275
 10
5.617181181189042
 20
-4.5398194928855675
 10
5.6227872075308465
 20
-4.546211940777126
 10
5.629179655422405
 20
-4.5518179671189305
 10
5.636249148307972
 20
-4.556541651245989
 10
5.643874725204241
 20
-4.560302169613234
 10
5.651925910376308
 20
-4.56303517870879
 10
5.660264945813669
 20
-4.564693915989298
 10
5.668749148307972
 20
-4.565250000000001
 10
5.677233350802275
 20
-4.564693915989298
 10
5.685572386239636
 20
-4.56303517870879
 10
5.693623571411703
 20
-4.560302169613234
 10
5.701249148307972
 20
-4.556541651245989
 10
5.708318641193539
 20
-4.5518179671189305
 10
5.714711089085098
 20
-4.546211940777126
 10
5.720317115426902
 20
-4.5398194928855675
 10
5.725040799553961
 20
-4.53275
 10
5.728801317921206
 20
-4.5251244231037315
 10
5.731534327016762
 20
-4.5170732379316645
 10
5.73319306429727
 20
-4.508734202494304
  0
LWPOLYLINE
  5
6D8
330
17
100
AcDbEntity
  8
K-ZBROJENIE-OPIS
370
35
 48
0.025
100
AcDbPolyline
 90
48
 70
1
 10
6.253749148307972
 20
-3.8947499999999997
 10
6.253193064297269
 20
-3.8862657975056965
 10
6.251534327016762
 20
-3.877926762068336
 10
6.248801317921205
 20
-3.869875576896269
 10
6.24504079955396
 20
-3.8622499999999995
 10
6.240317115426902
 20
-3.855180507114433
 10
6.234711089085097
 20
-3.848788059222874
 10
6.228318641193539
 20
-3.8431820328810695
 10
6.2212491483079715
 20
-3.838458348754011
 10
6.213623571411703
 20
-3.8346978303867663
 10
6.205572386239636
 20
-3.8319648212912103
 10
6.197233350802275
 20
-3.830306084010702
 10
6.188749148307972
 20
-3.8297499999999998
 10
6.1802649458136685
 20
-3.830306084010702
 10
6.1719259103763076
 20
-3.8319648212912103
 10
6.1638747252042405
 20
-3.8346978303867663
 10
6.156249148307972
 20
-3.838458348754011
 10
6.1491796554224045
 20
-3.8431820328810695
 10
6.142787207530846
 20
-3.848788059222874
 10
6.1371811811890415
 20
-3.855180507114433
 10
6.132457497061983
 20
-3.8622499999999995
 10
6.128696978694738
 20
-3.869875576896269
 10
6.125963969599182
 20
-3.877926762068336
 10
6.124305232318674
 20
-3.8862657975056965
 10
6.123749148307971
 20
-3.8947499999999997
 10
6.124305232318674
 20
-3.903234202494303
 10
6.125963969599182
 20
-3.9115732379316634
 10
6.128696978694738
 20
-3.9196244231037305
 10
6.132457497061983
 20
-3.92725
 10
6.1371811811890415
 20
-3.9343194928855665
 10
6.142787207530846
 20
-3.9407119407771254
 10
6.1491796554224045
 20
-3.94631796711893
 10
6.156249148307972
 20
-3.9510416512459883
 10
6.1638747252042405
 20
-3.954802169613233
 10
6.1719259103763076
 20
-3.957535178708789
 10
6.1802649458136685
 20
-3.9591939159892973
 10
6.188749148307972
 20
-3.9597499999999997
 10
6.197233350802275
 20
-3.9591939159892973
 10
6.205572386239636
 20
-3.957535178708789
 10
6.213623571411703
 20
-3.954802169613233
 10
6.2212491483079715
 20
-3.9510416512459883
 10
6.228318641193539
 20
-3.94631796711893
 10
6.234711089085097
 20
-3.9407119407771254
 10
6.240317115426902
 20
-3.9343194928855665
 10
6.24504079955396
 20
-3.92725
 10
6.248801317921205
 20
-3.9196244231037305
 10
6.251534327016762
 20
-3.9115732379316634
 10
6.253193064297269
 20
-3.903234202494303
  0
LWPOLYLINE
  5
6D9
330
17
100
AcDbEntity
  8
K-ZBROJENIE-OPIS
370
35
 48
0.025
100
AcDbPolyline
 90
48
 70
1
 10
5.5852793549852375
 20
-4.13375
 10
5.584723270974535
 20
-4.125265797505697
 10
5.583064533694027
 20
-4.116926762068336
 10
5.580331524598471
 20
-4.108875576896269
 10
5.576571006231226
 20
-4.10125
 10
5.571847322104167
 20
-4.094180507114433
 10
5.566241295762363
 20
-4.087788059222874
 10
5.559848847870804
 20
-4.08218203288107
 10
5.552779354985237
 20
-4.0774583487540115
 10
5.545153778088968
 20
-4.073697830386767
 10
5.537102592916901
 20
-4.07096482129121
 10
5.52876355747954
 20
-4.0693060840107025
 10
5.520279354985237
 20
-4.06875
 10
5.511795152490934
 20
-4.0693060840107025
 10
5.503456117053573
 20
-4.07096482129121
 10
5.495404931881506
 20
-4.073697830386767
 10
5.487779354985237
 20
-4.0774583487540115
 10
5.48070986209967
 20
-4.08218203288107
 10
5.4743174142081115
 20
-4.087788059222874
 10
5.468711387866307
 20
-4.094180507114433
 10
5.463987703739249
 20
-4.10125
 10
5.460227185372004
 20
-4.108875576896269
 10
5.457494176276447
 20
-4.116926762068336
 10
5.45583543899594
 20
-4.125265797505697
 10
5.455279354985237
 20
-4.13375
 10
5.45583543899594
 20
-4.142234202494303
 10
5.457494176276447
 20
-4.150573237931664
 10
5.460227185372004
 20
-4.158624423103731
 10
5.463987703739249
 20
-4.16625
 10
5.468711387866307
 20
-4.173319492885567
 10
5.4743174142081115
 20
-4.179711940777126
 10
5.48070986209967
 20
-4.18531796711893
 10
5.487779354985237
 20
-4.190041651245989
 10
5.495404931881506
 20
-4.1938021696132335
 10
5.503456117053573
 20
-4.19653517870879
 10
5.511795152490934
 20
-4.198193915989298
 10
5.520279354985237
 20
-4.19875
 10
5.52876355747954
 20
-4.198193915989298
 10
5.537102592916901
 20
-4.19653517870879
 10
5.545153778088968
 20
-4.1938021696132335
 10
5.552779354985237
 20
-4.190041651245989
 10
5.559848847870804
 20
-4.18531796711893
 10
5.566241295762363
 20
-4.179711940777126
 10
5.571847322104167
 20
-4.173319492885567
 10
5.576571006231226
 20
-4.16625
 10
5.580331524598471
 20
-4.158624423103731
 10
5.583064533694027
 20
-4.150573237931664
 10
5.584723270974535
 20
-4.142234202494303
  0
LWPOLYLINE
  5
6DA
330
17
100
AcDbEntity
  8
K-ZBROJENIE-OPIS
370
35
 48
0.025
100
AcDbPolyline
 90
48
 70
1
 10
5.665000000000001
 20
-5.090000000000001
 10
5.664443915989298
 20
-5.0815157975056975
 10
5.66278517870879
 20
-5.073176762068337
 10
5.660052169613234
 20
-5.0651255768962695
 10
5.656291651245989
 20
-5.057500000000001
 10
5.651567967118931
 20
-5.0504305071144335
 10
5.645961940777126
 20
-5.044038059222875
 10
5.639569492885568
 20
-5.0384320328810706
 10
5.6325
 20
-5.033708348754012
 10
5.624874423103732
 20
-5.029947830386767
 10
5.616823237931665
 20
-5.027214821291211
 10
5.608484202494304
 20
-5.025556084010703
 10
5.6000000000000005
 20
-5.025
 10
5.591515797505697
 20
-5.025556084010703
 10
5.583176762068336
 20
-5.027214821291211
 10
5.575125576896269
 20
-5.029947830386767
 10
5.567500000000001
 20
-5.033708348754012
 10
5.560430507114433
 20
-5.0384320328810706
 10
5.554038059222875
 20
-5.044038059222875
 10
5.54843203288107
 20
-5.0504305071144335
 10
5.543708348754012
 20
-5.057500000000001
 10
5.539947830386767
 20
-5.0651255768962695
 10
5.537214821291211
 20
-5.073176762068337
 10
5.535556084010703
 20
-5.0815157975056975
 10
5.535
 20
-5.090000000000001
 10
5.535556084010703
 20
-5.098484202494304
 10
5.537214821291211
 20
-5.106823237931665
 10
5.539947830386767
 20
-5.114874423103732
 10
5.543708348754012
 20
-5.1225000000000005
 10
5.54843203288107
 20
-5.129569492885568
 10
5.554038059222875
 20
-5.135961940777126
 10
5.560430507114433
 20
-5.141567967118931
 10
5.567500000000001
 20
-5.146291651245989
 10
5.575125576896269
 20
-5.150052169613234
 10
5.583176762068336
 20
-5.152785178708791
 10
5.591515797505697
 20
-5.154443915989298
 10
5.6000000000000005
 20
-5.155000000000001
 10
5.608484202494304
 20
-5.154443915989298
 10
5.616823237931665
 20
-5.152785178708791
 10
5.624874423103732
 20
-5.150052169613234
 10
5.6325
 20
-5.146291651245989
 10
5.639569492885568
 20
-5.141567967118931
 10
5.645961940777126
 20
-5.135961940777126
 10
5.651567967118931
 20
-5.129569492885568
 10
5.656291651245989
 20
-5.1225000000000005
 10
5.660052169613234
 20
-5.114874423103732
 10
5.66278517870879
 20
-5.106823237931665
 10
5.664443915989298
 20
-5.098484202494304
  0
LWPOLYLINE
  5
6DB
330
17
100
AcDbEntity
  8
K-ZBROJENIE-OPIS
370
35
 48
0.025
100
AcDbPolyline
 90
48
 70
1
 10
5.665000000000001
 20
-5.580000000000001
 10
5.664443915989298
 20
-5.571515797505698
 10
5.66278517870879
 20
-5.563176762068337
 10
5.660052169613234
 20
-5.55512557689627
 10
5.656291651245989
 20
-5.547500000000001
 10
5.651567967118931
 20
-5.540430507114434
 10
5.645961940777126
 20
-5.534038059222875
 10
5.639569492885568
 20
-5.528432032881071
 10
5.6325
 20
-5.523708348754012
 10
5.624874423103732
 20
-5.5199478303867675
 10
5.616823237931665
 20
-5.517214821291211
 10
5.608484202494304
 20
-5.515556084010703
 10
5.6000000000000005
 20
-5.515000000000001
 10
5.591515797505697
 20
-5.515556084010703
 10
5.583176762068336
 20
-5.517214821291211
 10
5.575125576896269
 20
-5.5199478303867675
 10
5.567500000000001
 20
-5.523708348754012
 10
5.560430507114433
 20
-5.528432032881071
 10
5.554038059222875
 20
-5.534038059222875
 10
5.54843203288107
 20
-5.540430507114434
 10
5.543708348754012
 20
-5.547500000000001
 10
5.539947830386767
 20
-5.55512557689627
 10
5.537214821291211
 20
-5.563176762068337
 10
5.535556084010703
 20
-5.571515797505698
 10
5.535
 20
-5.580000000000001
 10
5.535556084010703
 20
-5.588484202494304
 10
5.537214821291211
 20
-5.596823237931665
 10
5.539947830386767
 20
-5.604874423103732
 10
5.543708348754012
 20
-5.612500000000001
 10
5.54843203288107
 20
-5.619569492885568
 10
5.554038059222875
 20
-5.625961940777127
 10
5.560430507114433
 20
-5.631567967118931
 10
5.567500000000001
 20
-5.6362916512459895
 10
5.575125576896269
 20
-5.640052169613234
 10
5.583176762068336
 20
-5.642785178708791
 10
5.591515797505697
 20
-5.6444439159892985
 10
5.6000000000000005
 20
-5.645000000000001
 10
5.608484202494304
 20
-5.6444439159892985
 10
5.616823237931665
 20
-5.642785178708791
 10
5.624874423103732
 20
-5.640052169613234
 10
5.6325
 20
-5.6362916512459895
 10
5.639569492885568
 20
-5.631567967118931
 10
5.645961940777126
 20
-5.625961940777127
 10
5.651567967118931
 20
-5.619569492885568
 10
5.656291651245989
 20
-5.612500000000001
 10
5.660052169613234
 20
-5.604874423103732
 10
5.66278517870879
 20
-5.596823237931665
 10
5.664443915989298
 20
-5.588484202494304
  0
LWPOLYLINE
  5
6DC
330
17
100
AcDbEntity
  8
K-ZBROJENIE-OPIS
370
35
 48
0.025
100
AcDbPolyline
 90
48
 70
1
 10
5.075
 20
-6.2700000000000005
 10
5.074443915989297
 20
-6.261515797505697
 10
5.07278517870879
 20
-6.253176762068336
 10
5.070052169613233
 20
-6.245125576896269
 10
5.066291651245988
 20
-6.237500000000001
 10
5.06156796711893
 20
-6.230430507114433
 10
5.0559619407771255
 20
-6.224038059222875
 10
5.049569492885567
 20
-6.21843203288107
 10
5.0424999999999995
 20
-6.213708348754012
 10
5.034874423103731
 20
-6.209947830386767
 10
5.026823237931664
 20
-6.207214821291211
 10
5.018484202494303
 20
-6.205556084010703
 10
5.01
 20
-6.205
 10
5.0015157975056965
 20
-6.205556084010703
 10
4.993176762068336
 20
-6.207214821291211
 10
4.985125576896269
 20
-6.209947830386767
 10
4.9775
 20
-6.213708348754012
 10
4.970430507114433
 20
-6.21843203288107
 10
4.964038059222874
 20
-6.224038059222875
 10
4.95843203288107
 20
-6.230430507114433
 10
4.953708348754011
 20
-6.237500000000001
 10
4.949947830386766
 20
-6.245125576896269
 10
4.94721482129121
 20
-6.253176762068336
 10
4.945556084010702
 20
-6.261515797505697
 10
4.944999999999999
 20
-6.2700000000000005
 10
4.945556084010702
 20
-6.278484202494304
 10
4.94721482129121
 20
-6.286823237931665
 10
4.949947830386766
 20
-6.294874423103732
 10
4.953708348754011
 20
-6.3025
 10
4.95843203288107
 20
-6.309569492885568
 10
4.964038059222874
 20
-6.315961940777126
 10
4.970430507114433
 20
-6.321567967118931
 10
4.9775
 20
-6.326291651245989
 10
4.985125576896269
 20
-6.330052169613234
 10
4.993176762068336
 20
-6.33278517870879
 10
5.0015157975056965
 20
-6.334443915989298
 10
5.01
 20
-6.335000000000001
 10
5.018484202494303
 20
-6.334443915989298
 10
5.026823237931664
 20
-6.33278517870879
 10
5.034874423103731
 20
-6.330052169613234
 10
5.0424999999999995
 20
-6.326291651245989
 10
5.049569492885567
 20
-6.321567967118931
 10
5.0559619407771255
 20
-6.315961940777126
 10
5.06156796711893
 20
-6.309569492885568
 10
5.066291651245988
 20
-6.3025
 10
5.070052169613233
 20
-6.294874423103732
 10
5.07278517870879
 20
-6.286823237931665
 10
5.074443915989297
 20
-6.278484202494304
  0
LWPOLYLINE
  5
6DD
330
17
100
AcDbEntity
  8
K-ZBROJENIE-OPIS
370
35
 48
0.025
100
AcDbPolyline
 90
48
 70
1
 10
1.0537491483079724
 20
-7.70525
 10
1.0531930642972702
 20
-7.696765797505697
 10
1.0515343270167619
 20
-7.688426762068336
 10
1.0488013179212061
 20
-7.680375576896269
 10
1.045040799553961
 20
-7.672750000000001
 10
1.0403171154269026
 20
-7.665680507114433
 10
1.0347110890850981
 20
-7.659288059222875
 10
1.0283186411935392
 20
-7.65368203288107
 10
1.0212491483079724
 20
-7.648958348754012
 10
1.0136235714117032
 20
-7.645197830386767
 10
1.0055723862396364
 20
-7.6424648212912105
 10
0.9972333508022758
 20
-7.640806084010703
 10
0.9887491483079724
 20
-7.64025
 10
0.9802649458136691
 20
-7.640806084010703
 10
0.9719259103763086
 20
-7.6424648212912105
 10
0.9638747252042417
 20
-7.645197830386767
 10
0.9562491483079725
 20
-7.648958348754012
 10
0.9491796554224057
 20
-7.65368203288107
 10
0.9427872075308469
 20
-7.659288059222875
 10
0.9371811811890421
 20
-7.665680507114433
 10
0.9324574970619839
 20
-7.672750000000001
 10
0.9286969786947388
 20
-7.680375576896269
 10
0.925963969599183
 20
-7.688426762068336
 10
0.9243052323186748
 20
-7.696765797505697
 10
0.9237491483079725
 20
-7.70525
 10
0.9243052323186748
 20
-7.713734202494304
 10
0.925963969599183
 20
-7.722073237931665
 10
0.9286969786947388
 20
-7.730124423103732
 10
0.9324574970619839
 20
-7.73775
 10
0.9371811811890421
 20
-7.744819492885568
 10
0.9427872075308469
 20
-7.751211940777126
 10
0.9491796554224056
 20
-7.756817967118931
 10
0.9562491483079725
 20
-7.761541651245989
 10
0.9638747252042416
 20
-7.765302169613234
 10
0.9719259103763086
 20
-7.76803517870879
 10
0.9802649458136691
 20
-7.769693915989298
 10
0.9887491483079724
 20
-7.770250000000001
 10
0.9972333508022758
 20
-7.769693915989298
 10
1.0055723862396362
 20
-7.76803517870879
 10
1.0136235714117032
 20
-7.765302169613234
 10
1.0212491483079724
 20
-7.761541651245989
 10
1.0283186411935392
 20
-7.756817967118931
 10
1.0347110890850981
 20
-7.751211940777126
 10
1.0403171154269026
 20
-7.744819492885568
 10
1.045040799553961
 20
-7.73775
 10
1.0488013179212061
 20
-7.730124423103732
 10
1.0515343270167619
 20
-7.722073237931665
 10
1.0531930642972702
 20
-7.713734202494304
  0
LWPOLYLINE
  5
6DE
330
17
100
AcDbEntity
  8
K-ZBROJENIE-OPIS
370
35
 48
0.025
100
AcDbPolyline
 90
48
 70
1
 10
1.4337491483079727
 20
-7.099749999999999
 10
1.4331930642972706
 20
-7.091265797505696
 10
1.4315343270167622
 20
-7.082926762068335
 10
1.4288013179212065
 20
-7.074875576896268
 10
1.4250407995539613
 20
-7.06725
 10
1.420317115426903
 20
-7.060180507114432
 10
1.4147110890850985
 20
-7.053788059222874
 10
1.4083186411935396
 20
-7.048182032881069
 10
1.4012491483079728
 20
-7.043458348754011
 10
1.3936235714117036
 20
-7.039697830386766
 10
1.3855723862396367
 20
-7.0369648212912095
 10
1.377233350802276
 20
-7.035306084010702
 10
1.3687491483079728
 20
-7.034749999999999
 10
1.3602649458136695
 20
-7.035306084010702
 10
1.351925910376309
 20
-7.0369648212912095
 10
1.343874725204242
 20
-7.039697830386766
 10
1.3362491483079728
 20
-7.043458348754011
 10
1.329179655422406
 20
-7.048182032881069
 10
1.322787207530847
 20
-7.053788059222874
 10
1.3171811811890426
 20
-7.060180507114432
 10
1.3124574970619842
 20
-7.06725
 10
1.308696978694739
 20
-7.074875576896268
 10
1.3059639695991834
 20
-7.082926762068335
 10
1.304305232318675
 20
-7.091265797505696
 10
1.3037491483079728
 20
-7.099749999999999
 10
1.304305232318675
 20
-7.108234202494303
 10
1.3059639695991834
 20
-7.1165732379316635
 10
1.308696978694739
 20
-7.124624423103731
 10
1.3124574970619842
 20
-7.132249999999999
 10
1.3171811811890426
 20
-7.1393194928855666
 10
1.322787207530847
 20
-7.145711940777125
 10
1.329179655422406
 20
-7.1513179671189295
 10
1.3362491483079728
 20
-7.156041651245988
 10
1.343874725204242
 20
-7.159802169613233
 10
1.3519259103763088
 20
-7.162535178708789
 10
1.3602649458136693
 20
-7.164193915989297
 10
1.3687491483079728
 20
-7.16475
 10
1.377233350802276
 20
-7.164193915989297
 10
1.3855723862396365
 20
-7.162535178708789
 10
1.3936235714117036
 20
-7.159802169613233
 10
1.4012491483079728
 20
-7.156041651245988
 10
1.4083186411935396
 20
-7.1513179671189295
 10
1.4147110890850985
 20
-7.145711940777125
 10
1.420317115426903
 20
-7.1393194928855666
 10
1.4250407995539613
 20
-7.132249999999999
 10
1.4288013179212065
 20
-7.124624423103731
 10
1.4315343270167622
 20
-7.1165732379316635
 10
1.4331930642972706
 20
-7.108234202494303
  0
LWPOLYLINE
  5
6DF
330
17
100
AcDbEntity
  8
K-ZBROJENIE-OPIS
370
35
 48
0.025
100
AcDbPolyline
 90
48
 70
1
 10
1.4302793549852375
 20
-7.41625
 10
1.4297232709745353
 20
-7.4077657975056965
 10
1.428064533694027
 20
-7.399426762068336
 10
1.4253315245984712
 20
-7.391375576896269
 10
1.4215710062312261
 20
-7.38375
 10
1.4168473221041678
 20
-7.376680507114433
 10
1.4112412957623632
 20
-7.370288059222874
 10
1.4048488478708043
 20
-7.36468203288107
 10
1.3977793549852375
 20
-7.359958348754011
 10
1.3901537780889683
 20
-7.356197830386766
 10
1.3821025929169015
 20
-7.35346482129121
 10
1.3737635574795408
 20
-7.351806084010702
 10
1.3652793549852376
 20
-7.351249999999999
 10
1.3567951524909343
 20
-7.351806084010702
 10
1.3484561170535738
 20
-7.35346482129121
 10
1.3404049318815068
 20
-7.356197830386766
 10
1.3327793549852376
 20
-7.359958348754011
 10
1.3257098620996708
 20
-7.36468203288107
 10
1.3193174142081119
 20
-7.370288059222874
 10
1.3137113878663074
 20
-7.376680507114433
 10
1.308987703739249
 20
-7.38375
 10
1.3052271853720039
 20
-7.391375576896269
 10
1.3024941762764481
 20
-7.399426762068336
 10
1.3008354389959398
 20
-7.4077657975056965
 10
1.3002793549852376
 20
-7.41625
 10
1.3008354389959398
 20
-7.424734202494303
 10
1.3024941762764481
 20
-7.433073237931664
 10
1.3052271853720039
 20
-7.441124423103731
 10
1.308987703739249
 20
-7.4487499999999995
 10
1.3137113878663071
 20
-7.455819492885567
 10
1.3193174142081119
 20
-7.4622119407771255
 10
1.3257098620996708
 20
-7.46781796711893
 10
1.3327793549852376
 20
-7.472541651245988
 10
1.3404049318815068
 20
-7.476302169613233
 10
1.3484561170535736
 20
-7.47903517870879
 10
1.356795152490934
 20
-7.480693915989297
 10
1.3652793549852376
 20
-7.48125
 10
1.3737635574795408
 20
-7.480693915989297
 10
1.3821025929169013
 20
-7.47903517870879
 10
1.3901537780889683
 20
-7.476302169613233
 10
1.3977793549852375
 20
-7.472541651245988
 10
1.4048488478708043
 20
-7.46781796711893
 10
1.4112412957623632
 20
-7.4622119407771255
 10
1.4168473221041678
 20
-7.455819492885567
 10
1.4215710062312261
 20
-7.4487499999999995
 10
1.4253315245984712
 20
-7.441124423103731
 10
1.428064533694027
 20
-7.433073237931664
 10
1.4297232709745353
 20
-7.424734202494303
  0
LWPOLYLINE
  5
6E0
330
17
100
AcDbEntity
  8
K-ZBROJENIE-OPIS
370
35
 48
0.025
100
AcDbPolyline
 90
48
 70
1
 10
0.9850000000000001
 20
-8.295
 10
0.9844439159892978
 20
-8.286515797505697
 10
0.9827851787087896
 20
-8.278176762068336
 10
0.9800521696132338
 20
-8.27012557689627
 10
0.9762916512459887
 20
-8.2625
 10
0.9715679671189305
 20
-8.255430507114433
 10
0.9659619407771257
 20
-8.249038059222874
 10
0.959569492885567
 20
-8.243432032881069
 10
0.9525000000000001
 20
-8.238708348754011
 10
0.944874423103731
 20
-8.234947830386766
 10
0.936823237931664
 20
-8.23221482129121
 10
0.9284842024943035
 20
-8.230556084010702
 10
0.9200000000000002
 20
-8.23
 10
0.9115157975056968
 20
-8.230556084010702
 10
0.9031767620683363
 20
-8.23221482129121
 10
0.8951255768962694
 20
-8.234947830386766
 10
0.8875000000000002
 20
-8.238708348754011
 10
0.8804305071144334
 20
-8.243432032881069
 10
0.8740380592228746
 20
-8.249038059222874
 10
0.8684320328810698
 20
-8.255430507114433
 10
0.8637083487540116
 20
-8.2625
 10
0.8599478303867665
 20
-8.27012557689627
 10
0.8572148212912107
 20
-8.278176762068336
 10
0.8555560840107025
 20
-8.286515797505697
 10
0.8550000000000002
 20
-8.295
 10
0.8555560840107025
 20
-8.303484202494303
 10
0.8572148212912107
 20
-8.311823237931664
 10
0.8599478303867665
 20
-8.31987442310373
 10
0.8637083487540116
 20
-8.3275
 10
0.8684320328810698
 20
-8.334569492885567
 10
0.8740380592228746
 20
-8.340961940777126
 10
0.8804305071144333
 20
-8.346567967118931
 10
0.8875000000000002
 20
-8.351291651245988
 10
0.8951255768962693
 20
-8.355052169613234
 10
0.9031767620683363
 20
-8.35778517870879
 10
0.9115157975056968
 20
-8.359443915989297
 10
0.9200000000000002
 20
-8.36
 10
0.9284842024943035
 20
-8.359443915989297
 10
0.936823237931664
 20
-8.35778517870879
 10
0.9448744231037309
 20
-8.355052169613234
 10
0.9525000000000001
 20
-8.351291651245988
 10
0.9595694928855669
 20
-8.346567967118931
 10
0.9659619407771257
 20
-8.340961940777126
 10
0.9715679671189305
 20
-8.334569492885567
 10
0.9762916512459886
 20
-8.3275
 10
0.9800521696132338
 20
-8.31987442310373
 10
0.9827851787087896
 20
-8.311823237931664
 10
0.9844439159892978
 20
-8.303484202494303
  0
LWPOLYLINE
  5
6E1
330
17
100
AcDbEntity
  8
K-ZBROJENIE-OPIS
370
35
 48
0.025
100
AcDbPolyline
 90
48
 70
1
 10
0.9850000000000001
 20
-8.785
 10
0.9844439159892978
 20
-8.776515797505697
 10
0.9827851787087896
 20
-8.768176762068336
 10
0.9800521696132338
 20
-8.76012557689627
 10
0.9762916512459887
 20
-8.7525
 10
0.9715679671189305
 20
-8.745430507114433
 10
0.9659619407771257
 20
-8.739038059222874
 10
0.959569492885567
 20
-8.733432032881069
 10
0.9525000000000001
 20
-8.728708348754012
 10
0.944874423103731
 20
-8.724947830386766
 10
0.936823237931664
 20
-8.72221482129121
 10
0.9284842024943035
 20
-8.720556084010703
 10
0.9200000000000002
 20
-8.72
 10
0.9115157975056968
 20
-8.720556084010703
 10
0.9031767620683363
 20
-8.72221482129121
 10
0.8951255768962694
 20
-8.724947830386766
 10
0.8875000000000002
 20
-8.728708348754012
 10
0.8804305071144334
 20
-8.733432032881069
 10
0.8740380592228746
 20
-8.739038059222874
 10
0.8684320328810698
 20
-8.745430507114433
 10
0.8637083487540116
 20
-8.7525
 10
0.8599478303867665
 20
-8.76012557689627
 10
0.8572148212912107
 20
-8.768176762068336
 10
0.8555560840107025
 20
-8.776515797505697
 10
0.8550000000000002
 20
-8.785
 10
0.8555560840107025
 20
-8.793484202494303
 10
0.8572148212912107
 20
-8.801823237931664
 10
0.8599478303867665
 20
-8.80987442310373
 10
0.8637083487540116
 20
-8.8175
 10
0.8684320328810698
 20
-8.824569492885567
 10
0.8740380592228746
 20
-8.830961940777126
 10
0.8804305071144333
 20
-8.836567967118931
 10
0.8875000000000002
 20
-8.841291651245989
 10
0.8951255768962693
 20
-8.845052169613234
 10
0.9031767620683363
 20
-8.84778517870879
 10
0.9115157975056968
 20
-8.849443915989298
 10
0.9200000000000002
 20
-8.85
 10
0.9284842024943035
 20
-8.849443915989298
 10
0.936823237931664
 20
-8.84778517870879
 10
0.9448744231037309
 20
-8.845052169613234
 10
0.9525000000000001
 20
-8.841291651245989
 10
0.9595694928855669
 20
-8.836567967118931
 10
0.9659619407771257
 20
-8.830961940777126
 10
0.9715679671189305
 20
-8.824569492885567
 10
0.9762916512459886
 20
-8.8175
 10
0.9800521696132338
 20
-8.80987442310373
 10
0.9827851787087896
 20
-8.801823237931664
 10
0.9844439159892978
 20
-8.793484202494303
  0
LWPOLYLINE
  5
6E2
330
17
100
AcDbEntity
  8
K-ZBROJENIE-OPIS
370
35
 48
0.025
100
AcDbPolyline
 90
48
 70
1
 10
0.7450000000000001
 20
-9.475
 10
0.7444439159892977
 20
-9.466515797505696
 10
0.7427851787087895
 20
-9.458176762068335
 10
0.7400521696132337
 20
-9.45012557689627
 10
0.7362916512459886
 20
-9.442499999999999
 10
0.7315679671189304
 20
-9.435430507114432
 10
0.7259619407771256
 20
-9.429038059222874
 10
0.7195694928855669
 20
-9.423432032881069
 10
0.7125
 20
-9.418708348754011
 10
0.7048744231037309
 20
-9.414947830386765
 10
0.6968232379316639
 20
-9.41221482129121
 10
0.6884842024943034
 20
-9.410556084010702
 10
0.68
 20
-9.41
 10
0.6715157975056967
 20
-9.410556084010702
 10
0.6631767620683362
 20
-9.41221482129121
 10
0.6551255768962693
 20
-9.414947830386765
 10
0.6475000000000001
 20
-9.418708348754011
 10
0.6404305071144333
 20
-9.423432032881069
 10
0.6340380592228745
 20
-9.429038059222874
 10
0.6284320328810697
 20
-9.435430507114432
 10
0.6237083487540116
 20
-9.442499999999999
 10
0.6199478303867664
 20
-9.45012557689627
 10
0.6172148212912106
 20
-9.458176762068335
 10
0.6155560840107024
 20
-9.466515797505696
 10
0.615
 20
-9.475
 10
0.6155560840107024
 20
-9.483484202494303
 10
0.6172148212912106
 20
-9.491823237931664
 10
0.6199478303867664
 20
-9.49987442310373
 10
0.6237083487540115
 20
-9.5075
 10
0.6284320328810697
 20
-9.514569492885567
 10
0.6340380592228745
 20
-9.520961940777125
 10
0.6404305071144332
 20
-9.52656796711893
 10
0.6475
 20
-9.531291651245988
 10
0.6551255768962692
 20
-9.535052169613234
 10
0.6631767620683362
 20
-9.53778517870879
 10
0.6715157975056967
 20
-9.539443915989297
 10
0.68
 20
-9.54
 10
0.6884842024943034
 20
-9.539443915989297
 10
0.6968232379316639
 20
-9.53778517870879
 10
0.7048744231037308
 20
-9.535052169613234
 10
0.7125
 20
-9.531291651245988
 10
0.7195694928855668
 20
-9.52656796711893
 10
0.7259619407771256
 20
-9.520961940777125
 10
0.7315679671189304
 20
-9.514569492885567
 10
0.7362916512459885
 20
-9.5075
 10
0.7400521696132337
 20
-9.49987442310373
 10
0.7427851787087895
 20
-9.491823237931664
 10
0.7444439159892977
 20
-9.483484202494303
  0
LWPOLYLINE
  5
6E3
330
17
100
AcDbEntity
  8
K-ZBROJENIE-OPIS
370
35
 48
0.025
100
AcDbPolyline
 90
48
 70
1
 10
5.233749148307974
 20
-7.70525
 10
5.2331930642972715
 20
-7.696765797505697
 10
5.231534327016764
 20
-7.688426762068336
 10
5.228801317921207
 20
-7.680375576896269
 10
5.2250407995539625
 20
-7.672750000000001
 10
5.220317115426904
 20
-7.665680507114433
 10
5.2147110890851
 20
-7.659288059222875
 10
5.208318641193541
 20
-7.65368203288107
 10
5.201249148307974
 20
-7.648958348754012
 10
5.193623571411705
 20
-7.645197830386767
 10
5.185572386239638
 20
-7.6424648212912105
 10
5.177233350802277
 20
-7.640806084010703
 10
5.168749148307974
 20
-7.64025
 10
5.160264945813671
 20
-7.640806084010703
 10
5.15192591037631
 20
-7.6424648212912105
 10
5.143874725204243
 20
-7.645197830386767
 10
5.136249148307974
 20
-7.648958348754012
 10
5.129179655422407
 20
-7.65368203288107
 10
5.122787207530848
 20
-7.659288059222875
 10
5.117181181189044
 20
-7.665680507114433
 10
5.112457497061985
 20
-7.672750000000001
 10
5.1086969786947405
 20
-7.680375576896269
 10
5.105963969599184
 20
-7.688426762068336
 10
5.104305232318676
 20
-7.696765797505697
 10
5.1037491483079735
 20
-7.70525
 10
5.104305232318676
 20
-7.713734202494304
 10
5.105963969599184
 20
-7.722073237931665
 10
5.1086969786947405
 20
-7.730124423103732
 10
5.112457497061985
 20
-7.73775
 10
5.117181181189044
 20
-7.744819492885568
 10
5.122787207530848
 20
-7.751211940777126
 10
5.129179655422407
 20
-7.756817967118931
 10
5.136249148307974
 20
-7.761541651245989
 10
5.143874725204243
 20
-7.765302169613234
 10
5.15192591037631
 20
-7.76803517870879
 10
5.160264945813671
 20
-7.769693915989298
 10
5.168749148307974
 20
-7.770250000000001
 10
5.177233350802277
 20
-7.769693915989298
 10
5.185572386239638
 20
-7.76803517870879
 10
5.193623571411705
 20
-7.765302169613234
 10
5.201249148307974
 20
-7.761541651245989
 10
5.208318641193541
 20
-7.756817967118931
 10
5.2147110890851
 20
-7.751211940777126
 10
5.220317115426904
 20
-7.744819492885568
 10
5.2250407995539625
 20
-7.73775
 10
5.228801317921207
 20
-7.730124423103732
 10
5.231534327016764
 20
-7.722073237931665
 10
5.2331930642972715
 20
-7.713734202494304
  0
LWPOLYLINE
  5
6E4
330
17
100
AcDbEntity
  8
K-ZBROJENIE-OPIS
370
35
 48
0.025
100
AcDbPolyline
 90
48
 70
1
 10
5.673749148307975
 20
-7.099749999999999
 10
5.673193064297272
 20
-7.091265797505696
 10
5.671534327016764
 20
-7.082926762068335
 10
5.668801317921208
 20
-7.074875576896268
 10
5.665040799553963
 20
-7.06725
 10
5.6603171154269045
 20
-7.060180507114432
 10
5.6547110890851
 20
-7.053788059222874
 10
5.6483186411935415
 20
-7.048182032881069
 10
5.641249148307974
 20
-7.043458348754011
 10
5.6336235714117056
 20
-7.039697830386766
 10
5.6255723862396385
 20
-7.0369648212912095
 10
5.617233350802278
 20
-7.035306084010702
 10
5.608749148307974
 20
-7.034749999999999
 10
5.600264945813671
 20
-7.035306084010702
 10
5.59192591037631
 20
-7.0369648212912095
 10
5.583874725204243
 20
-7.039697830386766
 10
5.576249148307975
 20
-7.043458348754011
 10
5.569179655422407
 20
-7.048182032881069
 10
5.562787207530849
 20
-7.053788059222874
 10
5.557181181189044
 20
-7.060180507114432
 10
5.552457497061986
 20
-7.06725
 10
5.548696978694741
 20
-7.074875576896268
 10
5.5459639695991845
 20
-7.082926762068335
 10
5.544305232318677
 20
-7.091265797505696
 10
5.543749148307974
 20
-7.099749999999999
 10
5.544305232318677
 20
-7.108234202494303
 10
5.5459639695991845
 20
-7.1165732379316635
 10
5.548696978694741
 20
-7.124624423103731
 10
5.552457497061986
 20
-7.132249999999999
 10
5.557181181189044
 20
-7.1393194928855666
 10
5.562787207530849
 20
-7.145711940777125
 10
5.569179655422407
 20
-7.1513179671189295
 10
5.576249148307975
 20
-7.156041651245988
 10
5.583874725204243
 20
-7.159802169613233
 10
5.59192591037631
 20
-7.162535178708789
 10
5.600264945813671
 20
-7.164193915989297
 10
5.608749148307974
 20
-7.16475
 10
5.617233350802278
 20
-7.164193915989297
 10
5.6255723862396385
 20
-7.162535178708789
 10
5.6336235714117056
 20
-7.159802169613233
 10
5.641249148307974
 20
-7.156041651245988
 10
5.6483186411935415
 20
-7.1513179671189295
 10
5.6547110890851
 20
-7.145711940777125
 10
5.6603171154269045
 20
-7.1393194928855666
 10
5.665040799553963
 20
-7.132249999999999
 10
5.668801317921208
 20
-7.124624423103731
 10
5.671534327016764
 20
-7.1165732379316635
 10
5.673193064297272
 20
-7.108234202494303
  0
LWPOLYLINE
  5
6E5
330
17
100
AcDbEntity
  8
K-ZBROJENIE-OPIS
370
35
 48
0.025
100
AcDbPolyline
 90
48
 70
1
 10
5.735279354985238
 20
-7.41625
 10
5.734723270974535
 20
-7.4077657975056965
 10
5.733064533694027
 20
-7.399426762068336
 10
5.730331524598471
 20
-7.391375576896269
 10
5.726571006231226
 20
-7.38375
 10
5.721847322104168
 20
-7.376680507114433
 10
5.716241295762363
 20
-7.370288059222874
 10
5.709848847870805
 20
-7.36468203288107
 10
5.702779354985237
 20
-7.359958348754011
 10
5.695153778088969
 20
-7.356197830386766
 10
5.687102592916902
 20
-7.35346482129121
 10
5.678763557479541
 20
-7.351806084010702
 10
5.6702793549852375
 20
-7.351249999999999
 10
5.661795152490934
 20
-7.351806084010702
 10
5.653456117053573
 20
-7.35346482129121
 10
5.645404931881506
 20
-7.356197830386766
 10
5.637779354985238
 20
-7.359958348754011
 10
5.63070986209967
 20
-7.36468203288107
 10
5.624317414208112
 20
-7.370288059222874
 10
5.618711387866307
 20
-7.376680507114433
 10
5.613987703739249
 20
-7.38375
 10
5.610227185372004
 20
-7.391375576896269
 10
5.607494176276448
 20
-7.399426762068336
 10
5.60583543899594
 20
-7.4077657975056965
 10
5.605279354985237
 20
-7.41625
 10
5.60583543899594
 20
-7.424734202494303
 10
5.607494176276448
 20
-7.433073237931664
 10
5.610227185372004
 20
-7.441124423103731
 10
5.613987703739249
 20
-7.4487499999999995
 10
5.618711387866307
 20
-7.455819492885567
 10
5.624317414208112
 20
-7.4622119407771255
 10
5.63070986209967
 20
-7.46781796711893
 10
5.637779354985238
 20
-7.472541651245988
 10
5.645404931881506
 20
-7.476302169613233
 10
5.653456117053573
 20
-7.47903517870879
 10
5.661795152490934
 20
-7.480693915989297
 10
5.6702793549852375
 20
-7.48125
 10
5.678763557479541
 20
-7.480693915989297
 10
5.687102592916902
 20
-7.47903517870879
 10
5.695153778088969
 20
-7.476302169613233
 10
5.702779354985237
 20
-7.472541651245988
 10
5.709848847870805
 20
-7.46781796711893
 10
5.716241295762363
 20
-7.4622119407771255
 10
5.721847322104168
 20
-7.455819492885567
 10
5.726571006231226
 20
-7.4487499999999995
 10
5.730331524598471
 20
-7.441124423103731
 10
5.733064533694027
 20
-7.433073237931664
 10
5.734723270974535
 20
-7.424734202494303
  0
LWPOLYLINE
  5
6E6
330
17
100
AcDbEntity
  8
K-ZBROJENIE-OPIS
370
35
 48
0.025
100
AcDbPolyline
 90
48
 70
1
 10
5.165000000000002
 20
-8.295
 10
5.164443915989299
 20
-8.286515797505697
 10
5.162785178708791
 20
-8.278176762068336
 10
5.160052169613235
 20
-8.27012557689627
 10
5.15629165124599
 20
-8.2625
 10
5.151567967118932
 20
-8.255430507114433
 10
5.145961940777127
 20
-8.249038059222874
 10
5.139569492885569
 20
-8.243432032881069
 10
5.132500000000001
 20
-8.238708348754011
 10
5.124874423103733
 20
-8.234947830386766
 10
5.116823237931666
 20
-8.23221482129121
 10
5.108484202494305
 20
-8.230556084010702
 10
5.100000000000001
 20
-8.23
 10
5.091515797505698
 20
-8.230556084010702
 10
5.083176762068337
 20
-8.23221482129121
 10
5.07512557689627
 20
-8.234947830386766
 10
5.067500000000002
 20
-8.238708348754011
 10
5.060430507114434
 20
-8.243432032881069
 10
5.054038059222876
 20
-8.249038059222874
 10
5.048432032881071
 20
-8.255430507114433
 10
5.043708348754013
 20
-8.2625
 10
5.039947830386768
 20
-8.27012557689627
 10
5.037214821291212
 20
-8.278176762068336
 10
5.035556084010704
 20
-8.286515797505697
 10
5.035000000000001
 20
-8.295
 10
5.035556084010704
 20
-8.303484202494303
 10
5.037214821291212
 20
-8.311823237931664
 10
5.039947830386768
 20
-8.31987442310373
 10
5.043708348754013
 20
-8.3275
 10
5.048432032881071
 20
-8.334569492885567
 10
5.054038059222876
 20
-8.340961940777126
 10
5.060430507114434
 20
-8.346567967118931
 10
5.067500000000002
 20
-8.351291651245988
 10
5.07512557689627
 20
-8.355052169613234
 10
5.083176762068337
 20
-8.35778517870879
 10
5.091515797505698
 20
-8.359443915989297
 10
5.100000000000001
 20
-8.36
 10
5.108484202494305
 20
-8.359443915989297
 10
5.116823237931666
 20
-8.35778517870879
 10
5.124874423103733
 20
-8.355052169613234
 10
5.132500000000001
 20
-8.351291651245988
 10
5.139569492885569
 20
-8.346567967118931
 10
5.145961940777127
 20
-8.340961940777126
 10
5.151567967118932
 20
-8.334569492885567
 10
5.15629165124599
 20
-8.3275
 10
5.160052169613235
 20
-8.31987442310373
 10
5.162785178708791
 20
-8.311823237931664
 10
5.164443915989299
 20
-8.303484202494303
  0
LWPOLYLINE
  5
6E7
330
17
100
AcDbEntity
  8
K-ZBROJENIE-OPIS
370
35
 48
0.025
100
AcDbPolyline
 90
48
 70
1
 10
5.165000000000002
 20
-8.785
 10
5.164443915989299
 20
-8.776515797505697
 10
5.162785178708791
 20
-8.768176762068336
 10
5.160052169613235
 20
-8.76012557689627
 10
5.15629165124599
 20
-8.7525
 10
5.151567967118932
 20
-8.745430507114433
 10
5.145961940777127
 20
-8.739038059222874
 10
5.139569492885569
 20
-8.733432032881069
 10
5.132500000000001
 20
-8.728708348754012
 10
5.124874423103733
 20
-8.724947830386766
 10
5.116823237931666
 20
-8.72221482129121
 10
5.108484202494305
 20
-8.720556084010703
 10
5.100000000000001
 20
-8.72
 10
5.091515797505698
 20
-8.720556084010703
 10
5.083176762068337
 20
-8.72221482129121
 10
5.07512557689627
 20
-8.724947830386766
 10
5.067500000000002
 20
-8.728708348754012
 10
5.060430507114434
 20
-8.733432032881069
 10
5.054038059222876
 20
-8.739038059222874
 10
5.048432032881071
 20
-8.745430507114433
 10
5.043708348754013
 20
-8.7525
 10
5.039947830386768
 20
-8.76012557689627
 10
5.037214821291212
 20
-8.768176762068336
 10
5.035556084010704
 20
-8.776515797505697
 10
5.035000000000001
 20
-8.785
 10
5.035556084010704
 20
-8.793484202494303
 10
5.037214821291212
 20
-8.801823237931664
 10
5.039947830386768
 20
-8.80987442310373
 10
5.043708348754013
 20
-8.8175
 10
5.048432032881071
 20
-8.824569492885567
 10
5.054038059222876
 20
-8.830961940777126
 10
5.060430507114434
 20
-8.836567967118931
 10
5.067500000000002
 20
-8.841291651245989
 10
5.07512557689627
 20
-8.845052169613234
 10
5.083176762068337
 20
-8.84778517870879
 10
5.091515797505698
 20
-8.849443915989298
 10
5.100000000000001
 20
-8.85
 10
5.108484202494305
 20
-8.849443915989298
 10
5.116823237931666
 20
-8.84778517870879
 10
5.124874423103733
 20
-8.845052169613234
 10
5.132500000000001
 20
-8.841291651245989
 10
5.139569492885569
 20
-8.836567967118931
 10
5.145961940777127
 20
-8.830961940777126
 10
5.151567967118932
 20
-8.824569492885567
 10
5.15629165124599
 20
-8.8175
 10
5.160052169613235
 20
-8.80987442310373
 10
5.162785178708791
 20
-8.801823237931664
 10
5.164443915989299
 20
-8.793484202494303
  0
LWPOLYLINE
  5
6E8
330
17
100
AcDbEntity
  8
K-ZBROJENIE-OPIS
370
35
 48
0.025
100
AcDbPolyline
 90
48
 70
1
 10
4.775000000000001
 20
-9.475
 10
4.774443915989298
 20
-9.466515797505696
 10
4.772785178708791
 20
-9.458176762068335
 10
4.770052169613234
 20
-9.45012557689627
 10
4.766291651245989
 20
-9.442499999999999
 10
4.761567967118931
 20
-9.435430507114432
 10
4.7559619407771265
 20
-9.429038059222874
 10
4.749569492885568
 20
-9.423432032881069
 10
4.742500000000001
 20
-9.418708348754011
 10
4.734874423103732
 20
-9.414947830386765
 10
4.726823237931665
 20
-9.41221482129121
 10
4.718484202494304
 20
-9.410556084010702
 10
4.710000000000001
 20
-9.41
 10
4.701515797505698
 20
-9.410556084010702
 10
4.693176762068337
 20
-9.41221482129121
 10
4.68512557689627
 20
-9.414947830386765
 10
4.677500000000001
 20
-9.418708348754011
 10
4.670430507114434
 20
-9.423432032881069
 10
4.664038059222875
 20
-9.429038059222874
 10
4.658432032881071
 20
-9.435430507114432
 10
4.653708348754012
 20
-9.442499999999999
 10
4.649947830386767
 20
-9.45012557689627
 10
4.647214821291211
 20
-9.458176762068335
 10
4.645556084010703
 20
-9.466515797505696
 10
4.6450000000000005
 20
-9.475
 10
4.645556084010703
 20
-9.483484202494303
 10
4.647214821291211
 20
-9.491823237931664
 10
4.649947830386767
 20
-9.49987442310373
 10
4.653708348754012
 20
-9.5075
 10
4.658432032881071
 20
-9.514569492885567
 10
4.664038059222875
 20
-9.520961940777125
 10
4.670430507114434
 20
-9.52656796711893
 10
4.677500000000001
 20
-9.531291651245988
 10
4.68512557689627
 20
-9.535052169613234
 10
4.693176762068337
 20
-9.53778517870879
 10
4.701515797505698
 20
-9.539443915989297
 10
4.710000000000001
 20
-9.54
 10
4.718484202494304
 20
-9.539443915989297
 10
4.726823237931665
 20
-9.53778517870879
 10
4.734874423103732
 20
-9.535052169613234
 10
4.742500000000001
 20
-9.531291651245988
 10
4.749569492885568
 20
-9.52656796711893
 10
4.7559619407771265
 20
-9.520961940777125
 10
4.761567967118931
 20
-9.514569492885567
 10
4.766291651245989
 20
-9.5075
 10
4.770052169613234
 20
-9.49987442310373
 10
4.772785178708791
 20
-9.491823237931664
 10
4.774443915989298
 20
-9.483484202494303
  0
TEXT
  5
6E9
330
17
100
AcDbEntity
  8
K-ZBROJENIE-OPIS
100
AcDbText
 10
1.6134893822393823
 20
-1.1204999999999998
 30
0.0
 40
0.0625
  1
6
  7
PL_ARIAL
 11
1.6134893822393823
 21
-1.1204999999999998
 31
0.0
100
AcDbText
  0
TEXT
  5
6EA
330
17
100
AcDbEntity
  8
K-ZBROJENIE-OPIS
100
AcDbText
 10
2.2534893822393824
 20
-0.2609999999999999
 30
0.0
 40
0.0625
  1
7
  7
PL_ARIAL
 11
2.2534893822393824
 21
-0.2609999999999999
 31
0.0
100
AcDbText
  0
TEXT
  5
6EB
330
17
100
AcDbEntity
  8
K-ZBROJENIE-OPIS
100
AcDbText
 10
1.4831311037928687
 20
-0.585
 30
0.0
 40
0.0625
  1
8
  7
PL_ARIAL
 11
1.4831311037928687
 21
-0.585
 31
0.0
100
AcDbText
  0
TEXT
  5
6EC
330
17
100
AcDbEntity
  8
K-ZBROJENIE-OPIS
100
AcDbText
 10
1.5447402339314105
 20
-1.6262499999999998
 30
0.0
 40
0.0625
  1
6
  7
PL_ARIAL
 11
1.5447402339314105
 21
-1.6262499999999998
 31
0.0
100
AcDbText
  0
TEXT
  5
6ED
330
17
100
AcDbEntity
  8
K-ZBROJENIE-OPIS
100
AcDbText
 10
1.5447402339314105
 20
-2.17625
 30
0.0
 40
0.0625
  1
7
  7
PL_ARIAL
 11
1.5447402339314105
 21
-2.17625
 31
0.0
100
AcDbText
  0
TEXT
  5
6EE
330
17
100
AcDbEntity
  8
K-ZBROJENIE-OPIS
100
AcDbText
 10
0.6547402339314105
 20
-3.01125
 30
0.0
 40
0.0625
  1
8
  7
PL_ARIAL
 11
0.6547402339314105
 21
-3.01125
 31
0.0
100
AcDbText
  0
TEXT
  5
6EF
330
17
100
AcDbEntity
  8
K-ZBROJENIE-OPIS
100
AcDbText
 10
1.1134893822393823
 20
-4.5305
 30
0.0
 40
0.0625
  1
3
  7
PL_ARIAL
 11
1.1134893822393823
 21
-4.5305
 31
0.0
100
AcDbText
  0
TEXT
  5
6F0
330
17
100
AcDbEntity
  8
K-ZBROJENIE-OPIS
100
AcDbText
 10
1.5534893822393825
 20
-3.9259999999999997
 30
0.0
 40
0.0625
  1
4
  7
PL_ARIAL
 11
1.5534893822393825
 21
-3.9259999999999997
 31
0.0
100
AcDbText
  0
TEXT
  5
6F1
330
17
100
AcDbEntity
  8
K-ZBROJENIE-OPIS
100
AcDbText
 10
1.5650195889166478
 20
-4.2425
 30
0.0
 40
0.0625
  1
2
  7
PL_ARIAL
 11
1.5650195889166478
 21
-4.2425
 31
0.0
100
AcDbText
  0
TEXT
  5
6F2
330
17
100
AcDbEntity
  8
K-ZBROJENIE-OPIS
100
AcDbText
 10
1.0447402339314105
 20
-5.121250000000001
 30
0.0
 40
0.0625
  1
3
  7
PL_ARIAL
 11
1.0447402339314105
 21
-5.121250000000001
 31
0.0
100
AcDbText
  0
TEXT
  5
6F3
330
17
100
AcDbEntity
  8
K-ZBROJENIE-OPIS
100
AcDbText
 10
1.0447402339314105
 20
-5.611250000000001
 30
0.0
 40
0.0625
  1
4
  7
PL_ARIAL
 11
1.0447402339314105
 21
-5.611250000000001
 31
0.0
100
AcDbText
  0
TEXT
  5
6F4
330
17
100
AcDbEntity
  8
K-ZBROJENIE-OPIS
100
AcDbText
 10
0.6547402339314105
 20
-6.3012500000000005
 30
0.0
 40
0.0625
  1
2
  7
PL_ARIAL
 11
0.6547402339314105
 21
-6.3012500000000005
 31
0.0
100
AcDbText
  0
TEXT
  5
6F5
330
17
100
AcDbEntity
  8
K-ZBROJENIE-OPIS
100
AcDbText
 10
5.643489382239382
 20
-4.5315
 30
0.0
 40
0.0625
  1
5
  7
PL_ARIAL
 11
5.643489382239382
 21
-4.5315
 31
0.0
100
AcDbText
  0
TEXT
  5
6F6
330
17
100
AcDbEntity
  8
K-ZBROJENIE-OPIS
100
AcDbText
 10
6.163489382239382
 20
-3.9259999999999997
 30
0.0
 40
0.0625
  1
5
  7
PL_ARIAL
 11
6.163489382239382
 21
-3.9259999999999997
 31
0.0
100
AcDbText
  0
TEXT
  5
6F7
330
17
100
AcDbEntity
  8
K-ZBROJENIE-OPIS
100
AcDbText
 10
5.495019588916647
 20
-4.165
 30
0.0
 40
0.0625
  1
2
  7
PL_ARIAL
 11
5.495019588916647
 21
-4.165
 31
0.0
100
AcDbText
  0
TEXT
  5
6F8
330
17
100
AcDbEntity
  8
K-ZBROJENIE-OPIS
100
AcDbText
 10
5.5747402339314105
 20
-5.121250000000001
 30
0.0
 40
0.0625
  1
5
  7
PL_ARIAL
 11
5.5747402339314105
 21
-5.121250000000001
 31
0.0
100
AcDbText
  0
TEXT
  5
6F9
330
17
100
AcDbEntity
  8
K-ZBROJENIE-OPIS
100
AcDbText
 10
5.5747402339314105
 20
-5.611250000000001
 30
0.0
 40
0.0625
  1
5
  7
PL_ARIAL
 11
5.5747402339314105
 21
-5.611250000000001
 31
0.0
100
AcDbText
  0
TEXT
  5
6FA
330
17
100
AcDbEntity
  8
K-ZBROJENIE-OPIS
100
AcDbText
 10
4.98474023393141
 20
-6.3012500000000005
 30
0.0
 40
0.0625
  1
2
  7
PL_ARIAL
 11
4.98474023393141
 21
-6.3012500000000005
 31
0.0
100
AcDbText
  0
TEXT
  5
6FB
330
17
100
AcDbEntity
  8
K-ZBROJENIE-OPIS
100
AcDbText
 10
0.9634893822393829
 20
-7.7365
 30
0.0
 40
0.0625
  1
1
  7
PL_ARIAL
 11
0.9634893822393829
 21
-7.7365
 31
0.0
100
AcDbText
  0
TEXT
  5
6FC
330
17
100
AcDbEntity
  8
K-ZBROJENIE-OPIS
100
AcDbText
 10
1.3434893822393832
 20
-7.130999999999999
 30
0.0
 40
0.0625
  1
1
  7
PL_ARIAL
 11
1.3434893822393832
 21
-7.130999999999999
 31
0.0
100
AcDbText
  0
TEXT
  5
6FD
330
17
100
AcDbEntity
  8
K-ZBROJENIE-OPIS
100
AcDbText
 10
1.340019588916648
 20
-7.4475
 30
0.0
 40
0.0625
  1
2
  7
PL_ARIAL
 11
1.340019588916648
 21
-7.4475
 31
0.0
100
AcDbText
  0
TEXT
  5
6FE
330
17
100
AcDbEntity
  8
K-ZBROJENIE-OPIS
100
AcDbText
 10
0.8947402339314106
 20
-8.32625
 30
0.0
 40
0.0625
  1
1
  7
PL_ARIAL
 11
0.8947402339314106
 21
-8.32625
 31
0.0
100
AcDbText
  0
TEXT
  5
6FF
330
17
100
AcDbEntity
  8
K-ZBROJENIE-OPIS
100
AcDbText
 10
0.8947402339314106
 20
-8.81625
 30
0.0
 40
0.0625
  1
1
  7
PL_ARIAL
 11
0.8947402339314106
 21
-8.81625
 31
0.0
100
AcDbText
  0
TEXT
  5
700
330
17
100
AcDbEntity
  8
K-ZBROJENIE-OPIS
100
AcDbText
 10
0.6547402339314105
 20
-9.50625
 30
0.0
 40
0.0625
  1
2
  7
PL_ARIAL
 11
0.6547402339314105
 21
-9.50625
 31
0.0
100
AcDbText
  0
TEXT
  5
701
330
17
100
AcDbEntity
  8
K-ZBROJENIE-OPIS
100
AcDbText
 10
5.143489382239384
 20
-7.7365
 30
0.0
 40
0.0625
  1
4
  7
PL_ARIAL
 11
5.143489382239384
 21
-7.7365
 31
0.0
100
AcDbText
  0
TEXT
  5
702
330
17
100
AcDbEntity
  8
K-ZBROJENIE-OPIS
100
AcDbText
 10
5.583489382239384
 20
-7.130999999999999
 30
0.0
 40
0.0625
  1
4
  7
PL_ARIAL
 11
5.583489382239384
 21
-7.130999999999999
 31
0.0
100
AcDbText
  0
TEXT
  5
703
330
17
100
AcDbEntity
  8
K-ZBROJENIE-OPIS
100
AcDbText
 10
5.6450195889166475
 20
-7.4475
 30
0.0
 40
0.0625
  1
2
  7
PL_ARIAL
 11
5.6450195889166475
 21
-7.4475
 31
0.0
100
AcDbText
  0
TEXT
  5
704
330
17
100
AcDbEntity
  8
K-ZBROJENIE-OPIS
100
AcDbText
 10
5.074740233931411
 20
-8.32625
 30
0.0
 40
0.0625
  1
4
  7
PL_ARIAL
 11
5.074740233931411
 21
-8.32625
 31
0.0
100
AcDbText
  0
TEXT
  5
705
330
17
100
AcDbEntity
  8
K-ZBROJENIE-OPIS
100
AcDbText
 10
5.074740233931411
 20
-8.81625
 30
0.0
 40
0.0625
  1
4
  7
PL_ARIAL
 11
5.074740233931411
 21
-8.81625
 31
0.0
100
AcDbText
  0
TEXT
  5
706
330
17
100
AcDbEntity
  8
K-ZBROJENIE-OPIS
100
AcDbText
 10
4.684740233931411
 20
-9.50625
 30
0.0
 40
0.0625
  1
2
  7
PL_ARIAL
 11
4.684740233931411
 21
-9.50625
 31
0.0
100
AcDbText
  0
TEXT
  5
707
330
17
100
AcDbEntity
  8
K-WYMIARY
100
AcDbText
 10
0.48575
 20
-1.37
 30
0.0
 40
0.0625
  1
15
  7
PL_ARIAL
 11
0.48575
 21
-1.37
 31
0.0
100
AcDbText
  0
TEXT
  5
708
330
17
100
AcDbEntity
  8
K-WYMIARY
100
AcDbText
 10
1.8242207017942313
 20
-1.37
 30
0.0
 40
0.0625
  1
290
  7
PL_ARIAL
 11
1.8242207017942313
 21
-1.37
 31
0.0
100
AcDbText
  0
TEXT
  5
709
330
17
100
AcDbEntity
  8
K-WYMIARY
100
AcDbText
 10
3.53575
 20
-1.37
 30
0.0
 40
0.0625
  1
15
  7
PL_ARIAL
 11
3.53575
 21
-1.37
 31
0.0
100
AcDbText
  0
TEXT
  5
70A
330
17
100
AcDbEntity
  8
K-WYMIARY
100
AcDbText
 10
0.12500000000000003
 20
-0.6355195321371792
 30
0.0
 40
0.0625
  1
42
 50
90.0
  7
PL_ARIAL
 11
0.12500000000000003
 21
-0.6355195321371792
 31
0.0
100
AcDbText
  0
TEXT
  5
70B
330
17
100
AcDbEntity
  8
K-WYMIARY
100
AcDbText
 10
4.189480467862821
 20
-0.9199999999999999
 30
0.0
 40
0.0625
  1
18
  7
PL_ARIAL
 11
4.189480467862821
 21
-0.9199999999999999
 31
0.0
100
AcDbText
  0
TEXT
  5
70C
330
17
100
AcDbEntity
  8
K-WYMIARY
100
AcDbText
 10
0.48575
 20
-4.865
 30
0.0
 40
0.0625
  1
15
  7
PL_ARIAL
 11
0.48575
 21
-4.865
 31
0.0
100
AcDbText
  0
TEXT
  5
70D
330
17
100
AcDbEntity
  8
K-WYMIARY
100
AcDbText
 10
1.3242207017942313
 20
-4.865
 30
0.0
 40
0.0625
  1
190
  7
PL_ARIAL
 11
1.3242207017942313
 21
-4.865
 31
0.0
100
AcDbText
  0
TEXT
  5
70E
330
17
100
AcDbEntity
  8
K-WYMIARY
100
AcDbText
 10
2.53575
 20
-4.865
 30
0.0
 40
0.0625
  1
15
  7
PL_ARIAL
 11
2.53575
 21
-4.865
 31
0.0
100
AcDbText
  0
TEXT
  5
70F
330
17
100
AcDbEntity
  8
K-WYMIARY
100
AcDbText
 10
0.12500000000000003
 20
-4.215519532137179
 30
0.0
 40
0.0625
  1
25
 50
90.0
  7
PL_ARIAL
 11
0.12500000000000003
 21
-4.215519532137179
 31
0.0
100
AcDbText
  0
TEXT
  5
710
330
17
100
AcDbEntity
  8
K-WYMIARY
100
AcDbText
 10
3.189480467862821
 20
-4.415
 30
0.0
 40
0.0625
  1
18
  7
PL_ARIAL
 11
3.189480467862821
 21
-4.415
 31
0.0
100
AcDbText
  0
TEXT
  5
711
330
17
100
AcDbEntity
  8
K-WYMIARY
100
AcDbText
 10
4.81575
 20
-4.865
 30
0.0
 40
0.0625
  1
15
  7
PL_ARIAL
 11
4.81575
 21
-4.865
 31
0.0
100
AcDbText
  0
TEXT
  5
712
330
17
100
AcDbEntity
  8
K-WYMIARY
100
AcDbText
 10
5.8542207017942305
 20
-4.865
 30
0.0
 40
0.0625
  1
230
  7
PL_ARIAL
 11
5.8542207017942305
 21
-4.865
 31
0.0
100
AcDbText
  0
TEXT
  5
713
330
17
100
AcDbEntity
  8
K-WYMIARY
100
AcDbText
 10
7.265750000000001
 20
-4.865
 30
0.0
 40
0.0625
  1
15
  7
PL_ARIAL
 11
7.265750000000001
 21
-4.865
 31
0.0
100
AcDbText
  0
TEXT
  5
714
330
17
100
AcDbEntity
  8
K-WYMIARY
100
AcDbText
 10
4.454999999999999
 20
-4.215519532137179
 30
0.0
 40
0.0625
  1
25
 50
90.0
  7
PL_ARIAL
 11
4.454999999999999
 21
-4.215519532137179
 31
0.0
100
AcDbText
  0
TEXT
  5
715
330
17
100
AcDbEntity
  8
K-WYMIARY
100
AcDbText
 10
7.9194804678628214
 20
-4.415
 30
0.0
 40
0.0625
  1
18
  7
PL_ARIAL
 11
7.9194804678628214
 21
-4.415
 31
0.0
100
AcDbText
  0
TEXT
  5
716
330
17
100
AcDbEntity
  8
K-WYMIARY
100
AcDbText
 10
0.48575
 20
-8.07
 30
0.0
 40
0.0625
  1
15
  7
PL_ARIAL
 11
0.48575
 21
-8.07
 31
0.0
100
AcDbText
  0
TEXT
  5
717
330
17
100
AcDbEntity
  8
K-WYMIARY
100
AcDbText
 10
1.1742207017942312
 20
-8.07
 30
0.0
 40
0.0625
  1
160
  7
PL_ARIAL
 11
1.1742207017942312
 21
-8.07
 31
0.0
100
AcDbText
  0
TEXT
  5
718
330
17
100
AcDbEntity
  8
K-WYMIARY
100
AcDbText
 10
2.2357500000000003
 20
-8.07
 30
0.0
 40
0.0625
  1
15
  7
PL_ARIAL
 11
2.2357500000000003
 21
-8.07
 31
0.0
100
AcDbText
  0
TEXT
  5
719
330
17
100
AcDbEntity
  8
K-WYMIARY
100
AcDbText
 10
0.12500000000000003
 20
-7.420519532137179
 30
0.0
 40
0.0625
  1
25
 50
90.0
  7
PL_ARIAL
 11
0.12500000000000003
 21
-7.420519532137179
 31
0.0
100
AcDbText
  0
TEXT
  5
71A
330
17
100
AcDbEntity
  8
K-WYMIARY
100
AcDbText
 10
2.8894804678628208
 20
-7.62
 30
0.0
 40
0.0625
  1
18
  7
PL_ARIAL
 11
2.8894804678628208
 21
-7.62
 31
0.0
100
AcDbText
  0
TEXT
  5
71B
330
17
100
AcDbEntity
  8
K-WYMIARY
100
AcDbText
 10
4.515750000000001
 20
-8.07
 30
0.0
 40
0.0625
  1
15
  7
PL_ARIAL
 11
4.515750000000001
 21
-8.07
 31
0.0
100
AcDbText
  0
TEXT
  5
71C
330
17
100
AcDbEntity
  8
K-WYMIARY
100
AcDbText
 10
5.3542207017942305
 20
-8.07
 30
0.0
 40
0.0625
  1
190
  7
PL_ARIAL
 11
5.3542207017942305
 21
-8.07
 31
0.0
100
AcDbText
  0
TEXT
  5
71D
330
17
100
AcDbEntity
  8
K-WYMIARY
100
AcDbText
 10
6.56575
 20
-8.07
 30
0.0
 40
0.0625
  1
15
  7
PL_ARIAL
 11
6.56575
 21
-8.07
 31
0.0
100
AcDbText
  0
TEXT
  5
71E
330
17
100
AcDbEntity
  8
K-WYMIARY
100
AcDbText
 10
4.155
 20
-7.420519532137179
 30
0.0
 40
0.0625
  1
25
 50
90.0
  7
PL_ARIAL
 11
4.155
 21
-7.420519532137179
 31
0.0
100
AcDbText
  0
TEXT
  5
71F
330
17
100
AcDbEntity
  8
K-WYMIARY
100
AcDbText
 10
7.21948046786282
 20
-7.62
 30
0.0
 40
0.0625
  1
18
  7
PL_ARIAL
 11
7.21948046786282
 21
-7.62
 31
0.0
100
AcDbText
  0
HATCH
  5
720
330
17
100
AcDbEntity
  8
A-MASKA
 62
7
420
16777215
100
AcDbHatch
 10
0.0
 20
0.0
 30
0.0
210
0.0
220
0.0
230
1.0
  2
SOLID
 70
1
 71
0
 91
1
 92
3
 72
0
 73
1
 93
4
 10
1.716249148307972
 20
-1.14675
 10
2.2387508516920285
 20
-1.14675
 10
2.2387508516920285
 20
-1.0454999999999999
 10
1.716249148307972
 20
-1.0454999999999999
 97
0
 75
0
 76
1
 98
0
  0
TEXT
  5
721
330
17
100
AcDbEntity
  8
K-ZBROJENIE-OPIS
100
AcDbText
 10
1.728749148307972
 20
-1.1204999999999998
 30
0.0
 40
0.0625
  1
5 Ø12 l=360
  7
PL_ARIAL
 11
1.728749148307972
 21
-1.1204999999999998
 31
0.0
100
AcDbText
  0
HATCH
  5
722
330
17
100
AcDbEntity
  8
A-MASKA
 62
7
420
16777215
100
AcDbHatch
 10
0.0
 20
0.0
 30
0.0
210
0.0
220
0.0
230
1.0
  2
SOLID
 70
1
 71
0
 91
1
 92
3
 72
0
 73
1
 93
4
 10
2.356249148307972
 20
-0.2872499999999999
 10
2.8787508516920286
 20
-0.2872499999999999
 10
2.8787508516920286
 20
-0.1859999999999999
 10
2.356249148307972
 20
-0.1859999999999999
 97
0
 75
0
 76
1
 98
0
  0
TEXT
  5
723
330
17
100
AcDbEntity
  8
K-ZBROJENIE-OPIS
100
AcDbText
 10
2.3687491483079723
 20
-0.2609999999999999
 30
0.0
 40
0.0625
  1
2 Ø10 l=360
  7
PL_ARIAL
 11
2.3687491483079723
 21
-0.2609999999999999
 31
0.0
100
AcDbText
  0
HATCH
  5
724
330
17
100
AcDbEntity
  8
A-MASKA
 62
7
420
16777215
100
AcDbHatch
 10
0.0
 20
0.0
 30
0.0
210
0.0
220
0.0
230
1.0
  2
SOLID
 70
1
 71
0
 91
1
 92
3
 72
0
 73
1
 93
4
 10
1.5858908698614584
 20
-0.61125
 10
2.349109130138542
 20
-0.61125
 10
2.349109130138542
 20
-0.51
 10
1.5858908698614584
 20
-0.51
 97
0
 75
0
 76
1
 98
0
  0
TEXT
  5
725
330
17
100
AcDbEntity
  8
K-ZBROJENIE-OPIS
100
AcDbText
 10
1.5983908698614584
 20
-0.585
 30
0.0
 40
0.0625
  1
23 Ø6 co 14 l=114
  7
PL_ARIAL
 11
1.5983908698614584
 21
-0.585
 31
0.0
100
AcDbText
  0
TEXT
  5
726
330
17
100
AcDbEntity
  8
A-OPISY
100
AcDbText
 10
4.126973370429253
 20
-0.2749999999999999
 30
0.0
 40
0.08750000000000001
  1
A-A
  7
PL_ARIAL_B
 11
4.126973370429253
 21
-0.2749999999999999
 31
0.0
100
AcDbText
  0
TEXT
  5
727
330
17
100
AcDbEntity
  8
A-OPISY
100
AcDbText
 10
0.30000000000000004
 20
-0.14999999999999994
 30
0.0
 40
0.08750000000000001
  1
NN — 18×42 cm, L = 2,90 m, C25/30
  7
PL_ARIAL_B
 11
0.30000000000000004
 21
-0.14999999999999994
 31
0.0
100
AcDbText
  0
TEXT
  5
728
330
17
100
AcDbEntity
  8
K-ZBROJENIE-OPIS
100
AcDbText
 10
1.7942207017942313
 20
-1.795
 30
0.0
 40
0.0625
  1
314
  7
PL_ARIAL
 11
1.7942207017942313
 21
-1.795
 31
0.0
100
AcDbText
  0
TEXT
  5
729
330
17
100
AcDbEntity
  8
K-ZBROJENIE-OPIS
100
AcDbText
 10
0.2511492164433341
 20
-1.620519532137179
 30
0.0
 40
0.0625
  1
25
 50
90.0
  7
PL_ARIAL
 11
0.2511492164433341
 21
-1.620519532137179
 31
0.0
100
AcDbText
  0
TEXT
  5
72A
330
17
100
AcDbEntity
  8
K-ZBROJENIE-OPIS
100
AcDbText
 10
1.6700000000000002
 20
-1.6262499999999998
 30
0.0
 40
0.0625
  1
Ø12 l=360
  7
PL_ARIAL
 11
1.6700000000000002
 21
-1.6262499999999998
 31
0.0
100
AcDbText
  0
TEXT
  5
72B
330
17
100
AcDbEntity
  8
K-ZBROJENIE-OPIS
100
AcDbText
 10
1.7942207017942313
 20
-2.345
 30
0.0
 40
0.0625
  1
314
  7
PL_ARIAL
 11
1.7942207017942313
 21
-2.345
 31
0.0
100
AcDbText
  0
TEXT
  5
72C
330
17
100
AcDbEntity
  8
K-ZBROJENIE-OPIS
100
AcDbText
 10
0.2511492164433341
 20
-2.1705195321371793
 30
0.0
 40
0.0625
  1
25
 50
90.0
  7
PL_ARIAL
 11
0.2511492164433341
 21
-2.1705195321371793
 31
0.0
100
AcDbText
  0
TEXT
  5
72D
330
17
100
AcDbEntity
  8
K-ZBROJENIE-OPIS
100
AcDbText
 10
1.6700000000000002
 20
-2.17625
 30
0.0
 40
0.0625
  1
Ø10 l=360
  7
PL_ARIAL
 11
1.6700000000000002
 21
-2.17625
 31
0.0
100
AcDbText
  0
TEXT
  5
72E
330
17
100
AcDbEntity
  8
K-ZBROJENIE-OPIS
100
AcDbText
 10
0.31448046786282086
 20
-3.265
 30
0.0
 40
0.0625
  1
13
  7
PL_ARIAL
 11
0.31448046786282086
 21
-3.265
 31
0.0
100
AcDbText
  0
TEXT
  5
72F
330
17
100
AcDbEntity
  8
K-ZBROJENIE-OPIS
100
AcDbText
 10
0.5225000000000001
 20
-3.030519532137179
 30
0.0
 40
0.0625
  1
37
 50
90.0
  7
PL_ARIAL
 11
0.5225000000000001
 21
-3.030519532137179
 31
0.0
100
AcDbText
  0
TEXT
  5
730
330
17
100
AcDbEntity
  8
K-ZBROJENIE-OPIS
100
AcDbText
 10
0.78
 20
-3.01125
 30
0.0
 40
0.0625
  1
Ø6 l=114
  7
PL_ARIAL
 11
0.78
 21
-3.01125
 31
0.0
100
AcDbText
  0
HATCH
  5
731
330
17
100
AcDbEntity
  8
A-MASKA
 62
7
420
16777215
100
AcDbHatch
 10
0.0
 20
0.0
 30
0.0
210
0.0
220
0.0
230
1.0
  2
SOLID
 70
1
 71
0
 91
1
 92
3
 72
0
 73
1
 93
4
 10
1.216249148307972
 20
-4.55675
 10
1.7387508516920285
 20
-4.55675
 10
1.7387508516920285
 20
-4.4555
 10
1.216249148307972
 20
-4.4555
 97
0
 75
0
 76
1
 98
0
  0
TEXT
  5
732
330
17
100
AcDbEntity
  8
K-ZBROJENIE-OPIS
100
AcDbText
 10
1.228749148307972
 20
-4.5305
 30
0.0
 40
0.0625
  1
2 Ø12 l=248
  7
PL_ARIAL
 11
1.228749148307972
 21
-4.5305
 31
0.0
100
AcDbText
  0
HATCH
  5
733
330
17
100
AcDbEntity
  8
A-MASKA
 62
7
420
16777215
100
AcDbHatch
 10
0.0
 20
0.0
 30
0.0
210
0.0
220
0.0
230
1.0
  2
SOLID
 70
1
 71
0
 91
1
 92
3
 72
0
 73
1
 93
4
 10
1.6562491483079722
 20
-3.95225
 10
2.1787508516920284
 20
-3.95225
 10
2.1787508516920284
 20
-3.8509999999999995
 10
1.6562491483079722
 20
-3.8509999999999995
 97
0
 75
0
 76
1
 98
0
  0
TEXT
  5
734
330
17
100
AcDbEntity
  8
K-ZBROJENIE-OPIS
100
AcDbText
 10
1.6687491483079722
 20
-3.9259999999999997
 30
0.0
 40
0.0625
  1
2 Ø10 l=248
  7
PL_ARIAL
 11
1.6687491483079722
 21
-3.9259999999999997
 31
0.0
100
AcDbText
  0
HATCH
  5
735
330
17
100
AcDbEntity
  8
A-MASKA
 62
7
420
16777215
100
AcDbHatch
 10
0.0
 20
0.0
 30
0.0
210
0.0
220
0.0
230
1.0
  2
SOLID
 70
1
 71
0
 91
1
 92
3
 72
0
 73
1
 93
4
 10
1.6677793549852375
 20
-4.26875
 10
2.387220645014763
 20
-4.26875
 10
2.387220645014763
 20
-4.1674999999999995
 10
1.6677793549852375
 20
-4.1674999999999995
 97
0
 75
0
 76
1
 98
0
  0
TEXT
  5
736
330
17
100
AcDbEntity
  8
K-ZBROJENIE-OPIS
100
AcDbText
 10
1.6802793549852375
 20
-4.2425
 30
0.0
 40
0.0625
  1
15 Ø6 co 15 l=80
  7
PL_ARIAL
 11
1.6802793549852375
 21
-4.2425
 31
0.0
100
AcDbText
  0
TEXT
  5
737
330
17
100
AcDbEntity
  8
A-OPISY
100
AcDbText
 10
3.126973370429253
 20
-3.94
 30
0.0
 40
0.08750000000000001
  1
A-A
  7
PL_ARIAL_B
 11
3.126973370429253
 21
-3.94
 31
0.0
100
AcDbText
  0
TEXT
  5
738
330
17
100
AcDbEntity
  8
A-OPISY
100
AcDbText
 10
0.30000000000000004
 20
-3.815
 30
0.0
 40
0.08750000000000001
  1
NK — 18×25 cm, L = 1,90 m, C25/30
  7
PL_ARIAL_B
 11
0.30000000000000004
 21
-3.815
 31
0.0
100
AcDbText
  0
TEXT
  5
739
330
17
100
AcDbEntity
  8
K-ZBROJENIE-OPIS
100
AcDbText
 10
1.2942207017942313
 20
-5.29
 30
0.0
 40
0.0625
  1
214
  7
PL_ARIAL
 11
1.2942207017942313
 21
-5.29
 31
0.0
100
AcDbText
  0
TEXT
  5
73A
330
17
100
AcDbEntity
  8
K-ZBROJENIE-OPIS
100
AcDbText
 10
0.2511492164433341
 20
-5.14551953213718
 30
0.0
 40
0.0625
  1
19
 50
90.0
  7
PL_ARIAL
 11
0.2511492164433341
 21
-5.14551953213718
 31
0.0
100
AcDbText
  0
TEXT
  5
73B
330
17
100
AcDbEntity
  8
K-ZBROJENIE-OPIS
100
AcDbText
 10
1.1700000000000002
 20
-5.121250000000001
 30
0.0
 40
0.0625
  1
Ø12 l=248
  7
PL_ARIAL
 11
1.1700000000000002
 21
-5.121250000000001
 31
0.0
100
AcDbText
  0
TEXT
  5
73C
330
17
100
AcDbEntity
  8
K-ZBROJENIE-OPIS
100
AcDbText
 10
1.2942207017942313
 20
-5.78
 30
0.0
 40
0.0625
  1
214
  7
PL_ARIAL
 11
1.2942207017942313
 21
-5.78
 31
0.0
100
AcDbText
  0
TEXT
  5
73D
330
17
100
AcDbEntity
  8
K-ZBROJENIE-OPIS
100
AcDbText
 10
0.2511492164433341
 20
-5.63551953213718
 30
0.0
 40
0.0625
  1
19
 50
90.0
  7
PL_ARIAL
 11
0.2511492164433341
 21
-5.63551953213718
 31
0.0
100
AcDbText
  0
TEXT
  5
73E
330
17
100
AcDbEntity
  8
K-ZBROJENIE-OPIS
100
AcDbText
 10
1.1700000000000002
 20
-5.611250000000001
 30
0.0
 40
0.0625
  1
Ø10 l=248
  7
PL_ARIAL
 11
1.1700000000000002
 21
-5.611250000000001
 31
0.0
100
AcDbText
  0
TEXT
  5
73F
330
17
100
AcDbEntity
  8
K-ZBROJENIE-OPIS
100
AcDbText
 10
0.31448046786282086
 20
-6.470000000000001
 30
0.0
 40
0.0625
  1
13
  7
PL_ARIAL
 11
0.31448046786282086
 21
-6.470000000000001
 31
0.0
100
AcDbText
  0
TEXT
  5
740
330
17
100
AcDbEntity
  8
K-ZBROJENIE-OPIS
100
AcDbText
 10
0.5225000000000001
 20
-6.32051953213718
 30
0.0
 40
0.0625
  1
20
 50
90.0
  7
PL_ARIAL
 11
0.5225000000000001
 21
-6.32051953213718
 31
0.0
100
AcDbText
  0
TEXT
  5
741
330
17
100
AcDbEntity
  8
K-ZBROJENIE-OPIS
100
AcDbText
 10
0.78
 20
-6.3012500000000005
 30
0.0
 40
0.0625
  1
Ø6 l=80
  7
PL_ARIAL
 11
0.78
 21
-6.3012500000000005
 31
0.0
100
AcDbText
  0
HATCH
  5
742
330
17
100
AcDbEntity
  8
A-MASKA
 62
7
420
16777215
100
AcDbHatch
 10
0.0
 20
0.0
 30
0.0
210
0.0
220
0.0
230
1.0
  2
SOLID
 70
1
 71
0
 91
1
 92
3
 72
0
 73
1
 93
4
 10
5.746249148307972
 20
-4.55775
 10
6.268750851692029
 20
-4.55775
 10
6.268750851692029
 20
-4.4565
 10
5.746249148307972
 20
-4.4565
 97
0
 75
0
 76
1
 98
0
  0
TEXT
  5
743
330
17
100
AcDbEntity
  8
K-ZBROJENIE-OPIS
100
AcDbText
 10
5.758749148307972
 20
-4.5315
 30
0.0
 40
0.0625
  1
2 Ø10 l=288
  7
PL_ARIAL
 11
5.758749148307972
 21
-4.5315
 31
0.0
100
AcDbText
  0
HATCH
  5
744
330
17
100
AcDbEntity
  8
A-MASKA
 62
7
420
16777215
100
AcDbHatch
 10
0.0
 20
0.0
 30
0.0
210
0.0
220
0.0
230
1.0
  2
SOLID
 70
1
 71
0
 91
1
 92
3
 72
0
 73
1
 93
4
 10
6.266249148307971
 20
-3.95225
 10
6.788750851692028
 20
-3.95225
 10
6.788750851692028
 20
-3.8509999999999995
 10
6.266249148307971
 20
-3.8509999999999995
 97
0
 75
0
 76
1
 98
0
  0
TEXT
  5
745
330
17
100
AcDbEntity
  8
K-ZBROJENIE-OPIS
100
AcDbText
 10
6.278749148307972
 20
-3.9259999999999997
 30
0.0
 40
0.0625
  1
2 Ø10 l=288
  7
PL_ARIAL
 11
6.278749148307972
 21
-3.9259999999999997
 31
0.0
100
AcDbText
  0
HATCH
  5
746
330
17
100
AcDbEntity
  8
A-MASKA
 62
7
420
16777215
100
AcDbHatch
 10
0.0
 20
0.0
 30
0.0
210
0.0
220
0.0
230
1.0
  2
SOLID
 70
1
 71
0
 91
1
 92
3
 72
0
 73
1
 93
4
 10
5.597779354985237
 20
-4.19125
 10
6.317220645014762
 20
-4.19125
 10
6.317220645014762
 20
-4.09
 10
5.597779354985237
 20
-4.09
 97
0
 75
0
 76
1
 98
0
  0
TEXT
  5
747
330
17
100
AcDbEntity
  8
K-ZBROJENIE-OPIS
100
AcDbText
 10
5.610279354985237
 20
-4.165
 30
0.0
 40
0.0625
  1
17 Ø6 co 15 l=80
  7
PL_ARIAL
 11
5.610279354985237
 21
-4.165
 31
0.0
100
AcDbText
  0
TEXT
  5
748
330
17
100
AcDbEntity
  8
A-OPISY
100
AcDbText
 10
7.856973370429253
 20
-3.94
 30
0.0
 40
0.08750000000000001
  1
A-A
  7
PL_ARIAL_B
 11
7.856973370429253
 21
-3.94
 31
0.0
100
AcDbText
  0
TEXT
  5
749
330
17
100
AcDbEntity
  8
A-OPISY
100
AcDbText
 10
4.63
 20
-3.815
 30
0.0
 40
0.08750000000000001
  1
NM — 18×25 cm, L = 2,30 m, C25/30
  7
PL_ARIAL_B
 11
4.63
 21
-3.815
 31
0.0
100
AcDbText
  0
TEXT
  5
74A
330
17
100
AcDbEntity
  8
K-ZBROJENIE-OPIS
100
AcDbText
 10
5.824220701794231
 20
-5.29
 30
0.0
 40
0.0625
  1
254
  7
PL_ARIAL
 11
5.824220701794231
 21
-5.29
 31
0.0
100
AcDbText
  0
TEXT
  5
74B
330
17
100
AcDbEntity
  8
K-ZBROJENIE-OPIS
100
AcDbText
 10
4.581149216443333
 20
-5.14551953213718
 30
0.0
 40
0.0625
  1
19
 50
90.0
  7
PL_ARIAL
 11
4.581149216443333
 21
-5.14551953213718
 31
0.0
100
AcDbText
  0
TEXT
  5
74C
330
17
100
AcDbEntity
  8
K-ZBROJENIE-OPIS
100
AcDbText
 10
5.7
 20
-5.121250000000001
 30
0.0
 40
0.0625
  1
Ø10 l=288
  7
PL_ARIAL
 11
5.7
 21
-5.121250000000001
 31
0.0
100
AcDbText
  0
TEXT
  5
74D
330
17
100
AcDbEntity
  8
K-ZBROJENIE-OPIS
100
AcDbText
 10
5.824220701794231
 20
-5.78
 30
0.0
 40
0.0625
  1
254
  7
PL_ARIAL
 11
5.824220701794231
 21
-5.78
 31
0.0
100
AcDbText
  0
TEXT
  5
74E
330
17
100
AcDbEntity
  8
K-ZBROJENIE-OPIS
100
AcDbText
 10
4.581149216443333
 20
-5.63551953213718
 30
0.0
 40
0.0625
  1
19
 50
90.0
  7
PL_ARIAL
 11
4.581149216443333
 21
-5.63551953213718
 31
0.0
100
AcDbText
  0
TEXT
  5
74F
330
17
100
AcDbEntity
  8
K-ZBROJENIE-OPIS
100
AcDbText
 10
5.7
 20
-5.611250000000001
 30
0.0
 40
0.0625
  1
Ø10 l=288
  7
PL_ARIAL
 11
5.7
 21
-5.611250000000001
 31
0.0
100
AcDbText
  0
TEXT
  5
750
330
17
100
AcDbEntity
  8
K-ZBROJENIE-OPIS
100
AcDbText
 10
4.644480467862821
 20
-6.470000000000001
 30
0.0
 40
0.0625
  1
13
  7
PL_ARIAL
 11
4.644480467862821
 21
-6.470000000000001
 31
0.0
100
AcDbText
  0
TEXT
  5
751
330
17
100
AcDbEntity
  8
K-ZBROJENIE-OPIS
100
AcDbText
 10
4.8525
 20
-6.32051953213718
 30
0.0
 40
0.0625
  1
20
 50
90.0
  7
PL_ARIAL
 11
4.8525
 21
-6.32051953213718
 31
0.0
100
AcDbText
  0
TEXT
  5
752
330
17
100
AcDbEntity
  8
K-ZBROJENIE-OPIS
100
AcDbText
 10
5.109999999999999
 20
-6.3012500000000005
 30
0.0
 40
0.0625
  1
Ø6 l=80
  7
PL_ARIAL
 11
5.109999999999999
 21
-6.3012500000000005
 31
0.0
100
AcDbText
  0
HATCH
  5
753
330
17
100
AcDbEntity
  8
A-MASKA
 62
7
420
16777215
100
AcDbHatch
 10
0.0
 20
0.0
 30
0.0
210
0.0
220
0.0
230
1.0
  2
SOLID
 70
1
 71
0
 91
1
 92
3
 72
0
 73
1
 93
4
 10
1.0662491483079726
 20
-7.7627500000000005
 10
1.588750851692029
 20
-7.7627500000000005
 10
1.588750851692029
 20
-7.6615
 10
1.0662491483079726
 20
-7.6615
 97
0
 75
0
 76
1
 98
0
  0
TEXT
  5
754
330
17
100
AcDbEntity
  8
K-ZBROJENIE-OPIS
100
AcDbText
 10
1.0787491483079725
 20
-7.7365
 30
0.0
 40
0.0625
  1
2 Ø10 l=218
  7
PL_ARIAL
 11
1.0787491483079725
 21
-7.7365
 31
0.0
100
AcDbText
  0
HATCH
  5
755
330
17
100
AcDbEntity
  8
A-MASKA
 62
7
420
16777215
100
AcDbHatch
 10
0.0
 20
0.0
 30
0.0
210
0.0
220
0.0
230
1.0
  2
SOLID
 70
1
 71
0
 91
1
 92
3
 72
0
 73
1
 93
4
 10
1.446249148307973
 20
-7.1572499999999994
 10
1.9687508516920293
 20
-7.1572499999999994
 10
1.9687508516920293
 20
-7.055999999999999
 10
1.446249148307973
 20
-7.055999999999999
 97
0
 75
0
 76
1
 98
0
  0
TEXT
  5
756
330
17
100
AcDbEntity
  8
K-ZBROJENIE-OPIS
100
AcDbText
 10
1.4587491483079729
 20
-7.130999999999999
 30
0.0
 40
0.0625
  1
2 Ø10 l=218
  7
PL_ARIAL
 11
1.4587491483079729
 21
-7.130999999999999
 31
0.0
100
AcDbText
  0
HATCH
  5
757
330
17
100
AcDbEntity
  8
A-MASKA
 62
7
420
16777215
100
AcDbHatch
 10
0.0
 20
0.0
 30
0.0
210
0.0
220
0.0
230
1.0
  2
SOLID
 70
1
 71
0
 91
1
 92
3
 72
0
 73
1
 93
4
 10
1.4427793549852377
 20
-7.47375
 10
2.162220645014763
 20
-7.47375
 10
2.162220645014763
 20
-7.3725
 10
1.4427793549852377
 20
-7.3725
 97
0
 75
0
 76
1
 98
0
  0
TEXT
  5
758
330
17
100
AcDbEntity
  8
K-ZBROJENIE-OPIS
100
AcDbText
 10
1.4552793549852376
 20
-7.4475
 30
0.0
 40
0.0625
  1
13 Ø6 co 15 l=80
  7
PL_ARIAL
 11
1.4552793549852376
 21
-7.4475
 31
0.0
100
AcDbText
  0
TEXT
  5
759
330
17
100
AcDbEntity
  8
A-OPISY
100
AcDbText
 10
2.826973370429254
 20
-7.1450000000000005
 30
0.0
 40
0.08750000000000001
  1
A-A
  7
PL_ARIAL_B
 11
2.826973370429254
 21
-7.1450000000000005
 31
0.0
100
AcDbText
  0
TEXT
  5
75A
330
17
100
AcDbEntity
  8
A-OPISY
100
AcDbText
 10
0.30000000000000004
 20
-7.0200000000000005
 30
0.0
 40
0.08750000000000001
  1
NJ — 18×25 cm, L = 1,60 m, C25/30
  7
PL_ARIAL_B
 11
0.30000000000000004
 21
-7.0200000000000005
 31
0.0
100
AcDbText
  0
TEXT
  5
75B
330
17
100
AcDbEntity
  8
K-ZBROJENIE-OPIS
100
AcDbText
 10
1.1442207017942314
 20
-8.495
 30
0.0
 40
0.0625
  1
184
  7
PL_ARIAL
 11
1.1442207017942314
 21
-8.495
 31
0.0
100
AcDbText
  0
TEXT
  5
75C
330
17
100
AcDbEntity
  8
K-ZBROJENIE-OPIS
100
AcDbText
 10
0.2511492164433341
 20
-8.350519532137179
 30
0.0
 40
0.0625
  1
19
 50
90.0
  7
PL_ARIAL
 11
0.2511492164433341
 21
-8.350519532137179
 31
0.0
100
AcDbText
  0
TEXT
  5
75D
330
17
100
AcDbEntity
  8
K-ZBROJENIE-OPIS
100
AcDbText
 10
1.0200000000000002
 20
-8.32625
 30
0.0
 40
0.0625
  1
Ø10 l=218
  7
PL_ARIAL
 11
1.0200000000000002
 21
-8.32625
 31
0.0
100
AcDbText
  0
TEXT
  5
75E
330
17
100
AcDbEntity
  8
K-ZBROJENIE-OPIS
100
AcDbText
 10
1.1442207017942314
 20
-8.985
 30
0.0
 40
0.0625
  1
184
  7
PL_ARIAL
 11
1.1442207017942314
 21
-8.985
 31
0.0
100
AcDbText
  0
TEXT
  5
75F
330
17
100
AcDbEntity
  8
K-ZBROJENIE-OPIS
100
AcDbText
 10
0.2511492164433341
 20
-8.84051953213718
 30
0.0
 40
0.0625
  1
19
 50
90.0
  7
PL_ARIAL
 11
0.2511492164433341
 21
-8.84051953213718
 31
0.0
100
AcDbText
  0
TEXT
  5
760
330
17
100
AcDbEntity
  8
K-ZBROJENIE-OPIS
100
AcDbText
 10
1.0200000000000002
 20
-8.81625
 30
0.0
 40
0.0625
  1
Ø10 l=218
  7
PL_ARIAL
 11
1.0200000000000002
 21
-8.81625
 31
0.0
100
AcDbText
  0
TEXT
  5
761
330
17
100
AcDbEntity
  8
K-ZBROJENIE-OPIS
100
AcDbText
 10
0.31448046786282086
 20
-9.674999999999999
 30
0.0
 40
0.0625
  1
13
  7
PL_ARIAL
 11
0.31448046786282086
 21
-9.674999999999999
 31
0.0
100
AcDbText
  0
TEXT
  5
762
330
17
100
AcDbEntity
  8
K-ZBROJENIE-OPIS
100
AcDbText
 10
0.5225000000000001
 20
-9.52551953213718
 30
0.0
 40
0.0625
  1
20
 50
90.0
  7
PL_ARIAL
 11
0.5225000000000001
 21
-9.52551953213718
 31
0.0
100
AcDbText
  0
TEXT
  5
763
330
17
100
AcDbEntity
  8
K-ZBROJENIE-OPIS
100
AcDbText
 10
0.78
 20
-9.50625
 30
0.0
 40
0.0625
  1
Ø6 l=80
  7
PL_ARIAL
 11
0.78
 21
-9.50625
 31
0.0
100
AcDbText
  0
HATCH
  5
764
330
17
100
AcDbEntity
  8
A-MASKA
 62
7
420
16777215
100
AcDbHatch
 10
0.0
 20
0.0
 30
0.0
210
0.0
220
0.0
230
1.0
  2
SOLID
 70
1
 71
0
 91
1
 92
3
 72
0
 73
1
 93
4
 10
5.246249148307974
 20
-7.7627500000000005
 10
5.7687508516920305
 20
-7.7627500000000005
 10
5.7687508516920305
 20
-7.6615
 10
5.246249148307974
 20
-7.6615
 97
0
 75
0
 76
1
 98
0
  0
TEXT
  5
765
330
17
100
AcDbEntity
  8
K-ZBROJENIE-OPIS
100
AcDbText
 10
5.258749148307974
 20
-7.7365
 30
0.0
 40
0.0625
  1
7 Ø10 l=248
  7
PL_ARIAL
 11
5.258749148307974
 21
-7.7365
 31
0.0
100
AcDbText
  0
HATCH
  5
766
330
17
100
AcDbEntity
  8
A-MASKA
 62
7
420
16777215
100
AcDbHatch
 10
0.0
 20
0.0
 30
0.0
210
0.0
220
0.0
230
1.0
  2
SOLID
 70
1
 71
0
 91
1
 92
3
 72
0
 73
1
 93
4
 10
5.686249148307974
 20
-7.1572499999999994
 10
6.208750851692031
 20
-7.1572499999999994
 10
6.208750851692031
 20
-7.055999999999999
 10
5.686249148307974
 20
-7.055999999999999
 97
0
 75
0
 76
1
 98
0
  0
TEXT
  5
767
330
17
100
AcDbEntity
  8
K-ZBROJENIE-OPIS
100
AcDbText
 10
5.698749148307974
 20
-7.130999999999999
 30
0.0
 40
0.0625
  1
2 Ø10 l=248
  7
PL_ARIAL
 11
5.698749148307974
 21
-7.130999999999999
 31
0.0
100
AcDbText
  0
HATCH
  5
768
330
17
100
AcDbEntity
  8
A-MASKA
 62
7
420
16777215
100
AcDbHatch
 10
0.0
 20
0.0
 30
0.0
210
0.0
220
0.0
230
1.0
  2
SOLID
 70
1
 71
0
 91
1
 92
3
 72
0
 73
1
 93
4
 10
5.747779354985237
 20
-7.47375
 10
6.467220645014763
 20
-7.47375
 10
6.467220645014763
 20
-7.3725
 10
5.747779354985237
 20
-7.3725
 97
0
 75
0
 76
1
 98
0
  0
TEXT
  5
769
330
17
100
AcDbEntity
  8
K-ZBROJENIE-OPIS
100
AcDbText
 10
5.760279354985237
 20
-7.4475
 30
0.0
 40
0.0625
  1
22 Ø6 co 10 l=80
  7
PL_ARIAL
 11
5.760279354985237
 21
-7.4475
 31
0.0
100
AcDbText
  0
TEXT
  5
76A
330
17
100
AcDbEntity
  8
A-OPISY
100
AcDbText
 10
7.156973370429254
 20
-7.1450000000000005
 30
0.0
 40
0.08750000000000001
  1
A-A
  7
PL_ARIAL_B
 11
7.156973370429254
 21
-7.1450000000000005
 31
0.0
100
AcDbText
  0
TEXT
  5
76B
330
17
100
AcDbEntity
  8
A-OPISY
100
AcDbText
 10
4.330000000000001
 20
-7.0200000000000005
 30
0.0
 40
0.08750000000000001
  1
NL — 18×25 cm, L = 1,90 m, C25/30
  7
PL_ARIAL_B
 11
4.330000000000001
 21
-7.0200000000000005
 31
0.0
100
AcDbText
  0
TEXT
  5
76C
330
17
100
AcDbEntity
  8
K-ZBROJENIE-OPIS
100
AcDbText
 10
5.324220701794232
 20
-8.495
 30
0.0
 40
0.0625
  1
214
  7
PL_ARIAL
 11
5.324220701794232
 21
-8.495
 31
0.0
100
AcDbText
  0
TEXT
  5
76D
330
17
100
AcDbEntity
  8
K-ZBROJENIE-OPIS
100
AcDbText
 10
4.2811492164433345
 20
-8.350519532137179
 30
0.0
 40
0.0625
  1
19
 50
90.0
  7
PL_ARIAL
 11
4.2811492164433345
 21
-8.350519532137179
 31
0.0
100
AcDbText
  0
TEXT
  5
76E
330
17
100
AcDbEntity
  8
K-ZBROJENIE-OPIS
100
AcDbText
 10
5.200000000000001
 20
-8.32625
 30
0.0
 40
0.0625
  1
Ø10 l=248
  7
PL_ARIAL
 11
5.200000000000001
 21
-8.32625
 31
0.0
100
AcDbText
  0
TEXT
  5
76F
330
17
100
AcDbEntity
  8
K-ZBROJENIE-OPIS
100
AcDbText
 10
5.324220701794232
 20
-8.985
 30
0.0
 40
0.0625
  1
214
  7
PL_ARIAL
 11
5.324220701794232
 21
-8.985
 31
0.0
100
AcDbText
  0
TEXT
  5
770
330
17
100
AcDbEntity
  8
K-ZBROJENIE-OPIS
100
AcDbText
 10
4.2811492164433345
 20
-8.84051953213718
 30
0.0
 40
0.0625
  1
19
 50
90.0
  7
PL_ARIAL
 11
4.2811492164433345
 21
-8.84051953213718
 31
0.0
100
AcDbText
  0
TEXT
  5
771
330
17
100
AcDbEntity
  8
K-ZBROJENIE-OPIS
100
AcDbText
 10
5.200000000000001
 20
-8.81625
 30
0.0
 40
0.0625
  1
Ø10 l=248
  7
PL_ARIAL
 11
5.200000000000001
 21
-8.81625
 31
0.0
100
AcDbText
  0
TEXT
  5
772
330
17
100
AcDbEntity
  8
K-ZBROJENIE-OPIS
100
AcDbText
 10
4.344480467862822
 20
-9.674999999999999
 30
0.0
 40
0.0625
  1
13
  7
PL_ARIAL
 11
4.344480467862822
 21
-9.674999999999999
 31
0.0
100
AcDbText
  0
TEXT
  5
773
330
17
100
AcDbEntity
  8
K-ZBROJENIE-OPIS
100
AcDbText
 10
4.552500000000001
 20
-9.52551953213718
 30
0.0
 40
0.0625
  1
20
 50
90.0
  7
PL_ARIAL
 11
4.552500000000001
 21
-9.52551953213718
 31
0.0
100
AcDbText
  0
TEXT
  5
774
330
17
100
AcDbEntity
  8
K-ZBROJENIE-OPIS
100
AcDbText
 10
4.8100000000000005
 20
-9.50625
 30
0.0
 40
0.0625
  1
Ø6 l=80
  7
PL_ARIAL
 11
4.8100000000000005
 21
-9.50625
 31
0.0
100
AcDbText
  0
VIEWPORT
  5
A4
330
1B
100
AcDbEntity
 67
1
  8
VIEWPORTS
100
AcDbViewport
 10
200.0
 20
297.0
 30
0.0
 40
400.0
 41
594.0
 68
1
 69
1
 12
200.0
 22
297.0
 13
0.0
 23
0.0
 14
10.0
 24
10.0
 15
10.0
 25
10.0
 16
0.0
 26
0.0
 36
1.0
 17
0.0
 27
0.0
 37
0.0
 42
50.0
 43
0.0
 44
0.0
 45
653.4000000000001
 50
0.0
 51
0.0
 72
100
 90
557088
  1

281
0
 71
0
 74
0
110
0.0
120
0.0
130
0.0
111
1.0
121
0.0
131
0.0
112
0.0
122
1.0
132
0.0
 79
0
146
0.0
282
0
  0
HATCH
  5
A5
330
1B
100
AcDbEntity
 67
1
  8
R-OPISY
 62
7
420
15658734
100
AcDbHatch
 10
0.0
 20
0.0
 30
0.0
210
0.0
220
0.0
230
1.0
  2
SOLID
 70
1
 71
0
 91
1
 92
3
 72
0
 73
1
 93
4
 10
24.0
 20
155.95000000000005
 10
204.0
 20
155.95000000000005
 10
204.0
 20
160.45000000000005
 10
24.0
 20
160.45000000000005
 97
0
 75
0
 76
1
 98
0
  0
HATCH
  5
A6
330
1B
100
AcDbEntity
 67
1
  8
R-OPISY
 62
7
420
15658734
100
AcDbHatch
 10
0.0
 20
0.0
 30
0.0
210
0.0
220
0.0
230
1.0
  2
SOLID
 70
1
 71
0
 91
1
 92
3
 72
0
 73
1
 93
4
 10
24.0
 20
113.45000000000005
 10
204.0
 20
113.45000000000005
 10
204.0
 20
120.45000000000005
 10
24.0
 20
120.45000000000005
 97
0
 75
0
 76
1
 98
0
  0
HATCH
  5
A7
330
1B
100
AcDbEntity
 67
1
  8
R-OPISY
 62
7
420
0
100
AcDbHatch
 10
0.0
 20
0.0
 30
0.0
210
0.0
220
0.0
230
1.0
  2
SOLID
 70
1
 71
0
 91
1
 92
3
 72
0
 73
1
 93
4
 10
214.0
 20
123.0
 10
217.2
 20
123.0
 10
217.2
 20
124.6
 10
214.0
 20
124.6
 97
0
 75
0
 76
1
 98
0
  0
HATCH
  5
A8
330
1B
100
AcDbEntity
 67
1
  8
R-OPISY
 62
7
420
0
100
AcDbHatch
 10
0.0
 20
0.0
 30
0.0
210
0.0
220
0.0
230
1.0
  2
SOLID
 70
1
 71
0
 91
1
 92
3
 72
0
 73
1
 93
4
 10
220.4
 20
123.0
 10
223.6
 20
123.0
 10
223.6
 20
124.6
 10
220.4
 20
124.6
 97
0
 75
0
 76
1
 98
0
  0
HATCH
  5
A9
330
1B
100
AcDbEntity
 67
1
  8
R-OPISY
 62
7
420
0
100
AcDbHatch
 10
0.0
 20
0.0
 30
0.0
210
0.0
220
0.0
230
1.0
  2
SOLID
 70
1
 71
0
 91
1
 92
3
 72
0
 73
1
 93
4
 10
226.8
 20
123.0
 10
230.0
 20
123.0
 10
230.0
 20
124.6
 10
226.8
 20
124.6
 97
0
 75
0
 76
1
 98
0
  0
HATCH
  5
AA
330
1B
100
AcDbEntity
 67
1
  8
R-OPISY
 62
7
420
0
100
AcDbHatch
 10
0.0
 20
0.0
 30
0.0
210
0.0
220
0.0
230
1.0
  2
SOLID
 70
1
 71
0
 91
1
 92
3
 72
0
 73
1
 93
4
 10
246.0
 20
123.0
 10
262.0
 20
123.0
 10
262.0
 20
124.6
 10
246.0
 20
124.6
 97
0
 75
0
 76
1
 98
0
  0
HATCH
  5
AB
330
1B
100
AcDbEntity
 67
1
  8
R-OPISY
 62
7
420
0
100
AcDbHatch
 10
0.0
 20
0.0
 30
0.0
210
0.0
220
0.0
230
1.0
  2
SOLID
 70
1
 71
0
 91
1
 92
3
 72
0
 73
1
 93
4
 10
278.0
 20
123.0
 10
294.0
 20
123.0
 10
294.0
 20
124.6
 10
278.0
 20
124.6
 97
0
 75
0
 76
1
 98
0
  0
LWPOLYLINE
  5
AC
330
1B
100
AcDbEntity
 67
1
  8
R-OPISY
370
50
100
AcDbPolyline
 90
2
 70
0
 10
28.0
 20
178.45000000000005
 10
194.61174199409493
 20
178.45000000000005
  0
LWPOLYLINE
  5
AD
330
1B
100
AcDbEntity
 67
1
  8
R-OPISY
370
18
100
AcDbPolyline
 90
4
 70
1
 10
214.0
 20
123.0
 10
230.0
 20
123.0
 10
230.0
 20
124.6
 10
214.0
 20
124.6
  0
LWPOLYLINE
  5
AE
330
1B
100
AcDbEntity
 67
1
  8
R-OPISY
370
18
100
AcDbPolyline
 90
4
 70
1
 10
230.0
 20
123.0
 10
246.0
 20
123.0
 10
246.0
 20
124.6
 10
230.0
 20
124.6
  0
LWPOLYLINE
  5
AF
330
1B
100
AcDbEntity
 67
1
  8
R-OPISY
370
18
100
AcDbPolyline
 90
4
 70
1
 10
246.0
 20
123.0
 10
262.0
 20
123.0
 10
262.0
 20
124.6
 10
246.0
 20
124.6
  0
LWPOLYLINE
  5
B0
330
1B
100
AcDbEntity
 67
1
  8
R-OPISY
370
18
100
AcDbPolyline
 90
4
 70
1
 10
262.0
 20
123.0
 10
278.0
 20
123.0
 10
278.0
 20
124.6
 10
262.0
 20
124.6
  0
LWPOLYLINE
  5
B1
330
1B
100
AcDbEntity
 67
1
  8
R-OPISY
370
18
100
AcDbPolyline
 90
4
 70
1
 10
278.0
 20
123.0
 10
294.0
 20
123.0
 10
294.0
 20
124.6
 10
278.0
 20
124.6
  0
LWPOLYLINE
  5
B2
330
1B
100
AcDbEntity
 67
1
  8
R-OPISY
370
18
100
AcDbPolyline
 90
4
 70
1
 10
294.0
 20
123.0
 10
310.0
 20
123.0
 10
310.0
 20
124.6
 10
294.0
 20
124.6
  0
LWPOLYLINE
  5
B3
330
1B
100
AcDbEntity
 67
1
  8
R-OPISY
370
25
100
AcDbPolyline
 90
2
 70
0
 10
24.0
 20
155.95000000000005
 10
204.0
 20
155.95000000000005
  0
LWPOLYLINE
  5
B4
330
1B
100
AcDbEntity
 67
1
  8
R-OPISY
370
13
100
AcDbPolyline
 90
2
 70
0
 10
24.0
 20
151.45000000000005
 10
204.0
 20
151.45000000000005
  0
LWPOLYLINE
  5
B5
330
1B
100
AcDbEntity
 67
1
  8
R-OPISY
370
13
100
AcDbPolyline
 90
2
 70
0
 10
24.0
 20
146.95000000000005
 10
204.0
 20
146.95000000000005
  0
LWPOLYLINE
  5
B6
330
1B
100
AcDbEntity
 67
1
  8
R-OPISY
370
13
100
AcDbPolyline
 90
2
 70
0
 10
24.0
 20
142.45000000000005
 10
204.0
 20
142.45000000000005
  0
LWPOLYLINE
  5
B7
330
1B
100
AcDbEntity
 67
1
  8
R-OPISY
370
13
100
AcDbPolyline
 90
2
 70
0
 10
24.0
 20
137.95000000000005
 10
204.0
 20
137.95000000000005
  0
LWPOLYLINE
  5
B8
330
1B
100
AcDbEntity
 67
1
  8
R-OPISY
370
13
100
AcDbPolyline
 90
2
 70
0
 10
24.0
 20
133.45000000000005
 10
204.0
 20
133.45000000000005
  0
LWPOLYLINE
  5
B9
330
1B
100
AcDbEntity
 67
1
  8
R-OPISY
370
13
100
AcDbPolyline
 90
2
 70
0
 10
36.55813953488372
 20
133.45000000000005
 10
36.55813953488372
 20
160.45000000000005
  0
LWPOLYLINE
  5
BA
330
1B
100
AcDbEntity
 67
1
  8
R-OPISY
370
13
100
AcDbPolyline
 90
2
 70
0
 10
128.6511627906977
 20
133.45000000000005
 10
128.6511627906977
 20
160.45000000000005
  0
LWPOLYLINE
  5
BB
330
1B
100
AcDbEntity
 67
1
  8
R-OPISY
370
13
100
AcDbPolyline
 90
2
 70
0
 10
191.4418604651163
 20
133.45000000000005
 10
191.4418604651163
 20
160.45000000000005
  0
LWPOLYLINE
  5
BC
330
1B
100
AcDbEntity
 67
1
  8
R-OPISY
370
35
100
AcDbPolyline
 90
4
 70
1
 10
24.0
 20
133.45000000000005
 10
204.0
 20
133.45000000000005
 10
204.0
 20
160.45000000000005
 10
24.0
 20
160.45000000000005
  0
LWPOLYLINE
  5
BD
330
1B
100
AcDbEntity
 67
1
  8
R-OPISY
370
25
100
AcDbPolyline
 90
2
 70
0
 10
24.0
 20
113.45000000000005
 10
204.0
 20
113.45000000000005
  0
LWPOLYLINE
  5
BE
330
1B
100
AcDbEntity
 67
1
  8
R-OPISY
370
13
100
AcDbPolyline
 90
2
 70
0
 10
24.0
 20
108.95000000000005
 10
204.0
 20
108.95000000000005
  0
LWPOLYLINE
  5
BF
330
1B
100
AcDbEntity
 67
1
  8
R-OPISY
370
13
100
AcDbPolyline
 90
2
 70
0
 10
24.0
 20
104.45000000000005
 10
204.0
 20
104.45000000000005
  0
LWPOLYLINE
  5
C0
330
1B
100
AcDbEntity
 67
1
  8
R-OPISY
370
13
100
AcDbPolyline
 90
2
 70
0
 10
24.0
 20
99.95000000000005
 10
204.0
 20
99.95000000000005
  0
LWPOLYLINE
  5
C1
330
1B
100
AcDbEntity
 67
1
  8
R-OPISY
370
13
100
AcDbPolyline
 90
2
 70
0
 10
24.0
 20
95.45000000000005
 10
204.0
 20
95.45000000000005
  0
LWPOLYLINE
  5
C2
330
1B
100
AcDbEntity
 67
1
  8
R-OPISY
370
13
100
AcDbPolyline
 90
2
 70
0
 10
24.0
 20
90.95000000000005
 10
204.0
 20
90.95000000000005
  0
LWPOLYLINE
  5
C3
330
1B
100
AcDbEntity
 67
1
  8
R-OPISY
370
13
100
AcDbPolyline
 90
2
 70
0
 10
24.0
 20
86.45000000000005
 10
204.0
 20
86.45000000000005
  0
LWPOLYLINE
  5
C4
330
1B
100
AcDbEntity
 67
1
  8
R-OPISY
370
13
100
AcDbPolyline
 90
2
 70
0
 10
24.0
 20
81.95000000000005
 10
204.0
 20
81.95000000000005
  0
LWPOLYLINE
  5
C5
330
1B
100
AcDbEntity
 67
1
  8
R-OPISY
370
13
100
AcDbPolyline
 90
2
 70
0
 10
24.0
 20
77.45000000000005
 10
204.0
 20
77.45000000000005
  0
LWPOLYLINE
  5
C6
330
1B
100
AcDbEntity
 67
1
  8
R-OPISY
370
13
100
AcDbPolyline
 90
2
 70
0
 10
24.0
 20
72.95000000000005
 10
204.0
 20
72.95000000000005
  0
LWPOLYLINE
  5
C7
330
1B
100
AcDbEntity
 67
1
  8
R-OPISY
370
13
100
AcDbPolyline
 90
2
 70
0
 10
24.0
 20
68.45000000000005
 10
204.0
 20
68.45000000000005
  0
LWPOLYLINE
  5
C8
330
1B
100
AcDbEntity
 67
1
  8
R-OPISY
370
13
100
AcDbPolyline
 90
2
 70
0
 10
24.0
 20
63.950000000000045
 10
204.0
 20
63.950000000000045
  0
LWPOLYLINE
  5
C9
330
1B
100
AcDbEntity
 67
1
  8
R-OPISY
370
13
100
AcDbPolyline
 90
2
 70
0
 10
24.0
 20
59.450000000000045
 10
204.0
 20
59.450000000000045
  0
LWPOLYLINE
  5
CA
330
1B
100
AcDbEntity
 67
1
  8
R-OPISY
370
13
100
AcDbPolyline
 90
2
 70
0
 10
34.0
 20
59.450000000000045
 10
34.0
 20
120.45000000000005
  0
LWPOLYLINE
  5
CB
330
1B
100
AcDbEntity
 67
1
  8
R-OPISY
370
13
100
AcDbPolyline
 90
2
 70
0
 10
43.0
 20
59.450000000000045
 10
43.0
 20
120.45000000000005
  0
LWPOLYLINE
  5
CC
330
1B
100
AcDbEntity
 67
1
  8
R-OPISY
370
13
100
AcDbPolyline
 90
2
 70
0
 10
127.0
 20
59.450000000000045
 10
127.0
 20
120.45000000000005
  0
LWPOLYLINE
  5
CD
330
1B
100
AcDbEntity
 67
1
  8
R-OPISY
370
13
100
AcDbPolyline
 90
2
 70
0
 10
142.0
 20
59.450000000000045
 10
142.0
 20
120.45000000000005
  0
LWPOLYLINE
  5
CE
330
1B
100
AcDbEntity
 67
1
  8
R-OPISY
370
13
100
AcDbPolyline
 90
2
 70
0
 10
154.0
 20
59.450000000000045
 10
154.0
 20
120.45000000000005
  0
LWPOLYLINE
  5
CF
330
1B
100
AcDbEntity
 67
1
  8
R-OPISY
370
13
100
AcDbPolyline
 90
2
 70
0
 10
165.0
 20
59.450000000000045
 10
165.0
 20
120.45000000000005
  0
LWPOLYLINE
  5
D0
330
1B
100
AcDbEntity
 67
1
  8
R-OPISY
370
13
100
AcDbPolyline
 90
2
 70
0
 10
178.0
 20
59.450000000000045
 10
178.0
 20
120.45000000000005
  0
LWPOLYLINE
  5
D1
330
1B
100
AcDbEntity
 67
1
  8
R-OPISY
370
13
100
AcDbPolyline
 90
2
 70
0
 10
191.0
 20
59.450000000000045
 10
191.0
 20
120.45000000000005
  0
LWPOLYLINE
  5
D2
330
1B
100
AcDbEntity
 67
1
  8
R-OPISY
370
35
100
AcDbPolyline
 90
4
 70
1
 10
24.0
 20
59.450000000000045
 10
204.0
 20
59.450000000000045
 10
204.0
 20
120.45000000000005
 10
24.0
 20
120.45000000000005
  0
LWPOLYLINE
  5
D3
330
1B
100
AcDbEntity
 67
1
  8
R-OPISY
370
35
100
AcDbPolyline
 90
4
 70
0
 10
44.2
 20
110.39000000000004
 10
44.2
 20
112.01000000000005
 10
51.2
 20
112.01000000000005
 10
51.2
 20
110.39000000000004
  0
LWPOLYLINE
  5
D4
330
1B
100
AcDbEntity
 67
1
  8
R-OPISY
370
35
100
AcDbPolyline
 90
4
 70
1
 10
45.6
 20
105.83600000000004
 10
49.800000000000004
 20
105.83600000000004
 10
49.800000000000004
 20
107.56400000000005
 10
45.6
 20
107.56400000000005
  0
LWPOLYLINE
  5
D5
330
1B
100
AcDbEntity
 67
1
  8
R-OPISY
370
35
100
AcDbPolyline
 90
2
 70
0
 10
45.6
 20
107.56400000000005
 10
46.580000000000005
 20
107.02400000000004
  0
LWPOLYLINE
  5
D6
330
1B
100
AcDbEntity
 67
1
  8
R-OPISY
370
35
100
AcDbPolyline
 90
4
 70
0
 10
44.2
 20
101.39000000000004
 10
44.2
 20
103.01000000000005
 10
51.2
 20
103.01000000000005
 10
51.2
 20
101.39000000000004
  0
LWPOLYLINE
  5
D7
330
1B
100
AcDbEntity
 67
1
  8
R-OPISY
370
35
100
AcDbPolyline
 90
4
 70
0
 10
44.2
 20
96.89000000000004
 10
44.2
 20
98.51000000000005
 10
51.2
 20
98.51000000000005
 10
51.2
 20
96.89000000000004
  0
LWPOLYLINE
  5
D8
330
1B
100
AcDbEntity
 67
1
  8
R-OPISY
370
35
100
AcDbPolyline
 90
4
 70
0
 10
44.2
 20
92.39000000000004
 10
44.2
 20
94.01000000000005
 10
51.2
 20
94.01000000000005
 10
51.2
 20
92.39000000000004
  0
LWPOLYLINE
  5
D9
330
1B
100
AcDbEntity
 67
1
  8
R-OPISY
370
35
100
AcDbPolyline
 90
4
 70
0
 10
44.2
 20
87.89000000000004
 10
44.2
 20
89.51000000000005
 10
51.2
 20
89.51000000000005
 10
51.2
 20
87.89000000000004
  0
LWPOLYLINE
  5
DA
330
1B
100
AcDbEntity
 67
1
  8
R-OPISY
370
35
100
AcDbPolyline
 90
4
 70
0
 10
44.2
 20
83.39000000000004
 10
44.2
 20
85.01000000000005
 10
51.2
 20
85.01000000000005
 10
51.2
 20
83.39000000000004
  0
LWPOLYLINE
  5
DB
330
1B
100
AcDbEntity
 67
1
  8
R-OPISY
370
35
100
AcDbPolyline
 90
4
 70
1
 10
45.6
 20
78.83600000000004
 10
49.800000000000004
 20
78.83600000000004
 10
49.800000000000004
 20
80.56400000000005
 10
45.6
 20
80.56400000000005
  0
LWPOLYLINE
  5
DC
330
1B
100
AcDbEntity
 67
1
  8
R-OPISY
370
35
100
AcDbPolyline
 90
2
 70
0
 10
45.6
 20
80.56400000000005
 10
46.580000000000005
 20
80.02400000000004
  0
LWPOLYLINE
  5
DD
330
1B
100
AcDbEntity
 67
1
  8
R-OPISY
370
25
100
AcDbPolyline
 90
4
 70
1
 10
210.0
 20
480.31
 10
390.0
 20
480.31
 10
390.0
 20
526.95
 10
210.0
 20
526.95
  0
LWPOLYLINE
  5
DE
330
1B
100
AcDbEntity
 67
1
  8
R-OPISY
370
35
100
AcDbPolyline
 90
2
 70
0
 10
11.0
 20
18.0
 10
11.0
 20
118.0
  0
LWPOLYLINE
  5
DF
330
1B
100
AcDbEntity
 67
1
  8
R-OPISY
370
18
100
AcDbPolyline
 90
2
 70
0
 10
11.0
 20
18.0
 10
9.4
 20
18.0
  0
LWPOLYLINE
  5
E0
330
1B
100
AcDbEntity
 67
1
  8
R-OPISY
370
18
100
AcDbPolyline
 90
2
 70
0
 10
11.0
 20
28.0
 10
10.1
 20
28.0
  0
LWPOLYLINE
  5
E1
330
1B
100
AcDbEntity
 67
1
  8
R-OPISY
370
18
100
AcDbPolyline
 90
2
 70
0
 10
11.0
 20
38.0
 10
10.1
 20
38.0
  0
LWPOLYLINE
  5
E2
330
1B
100
AcDbEntity
 67
1
  8
R-OPISY
370
18
100
AcDbPolyline
 90
2
 70
0
 10
11.0
 20
48.0
 10
10.1
 20
48.0
  0
LWPOLYLINE
  5
E3
330
1B
100
AcDbEntity
 67
1
  8
R-OPISY
370
18
100
AcDbPolyline
 90
2
 70
0
 10
11.0
 20
58.0
 10
10.1
 20
58.0
  0
LWPOLYLINE
  5
E4
330
1B
100
AcDbEntity
 67
1
  8
R-OPISY
370
18
100
AcDbPolyline
 90
2
 70
0
 10
11.0
 20
68.0
 10
9.4
 20
68.0
  0
LWPOLYLINE
  5
E5
330
1B
100
AcDbEntity
 67
1
  8
R-OPISY
370
18
100
AcDbPolyline
 90
2
 70
0
 10
11.0
 20
78.0
 10
10.1
 20
78.0
  0
LWPOLYLINE
  5
E6
330
1B
100
AcDbEntity
 67
1
  8
R-OPISY
370
18
100
AcDbPolyline
 90
2
 70
0
 10
11.0
 20
88.0
 10
10.1
 20
88.0
  0
LWPOLYLINE
  5
E7
330
1B
100
AcDbEntity
 67
1
  8
R-OPISY
370
18
100
AcDbPolyline
 90
2
 70
0
 10
11.0
 20
98.0
 10
10.1
 20
98.0
  0
LWPOLYLINE
  5
E8
330
1B
100
AcDbEntity
 67
1
  8
R-OPISY
370
18
100
AcDbPolyline
 90
2
 70
0
 10
11.0
 20
108.0
 10
10.1
 20
108.0
  0
LWPOLYLINE
  5
E9
330
1B
100
AcDbEntity
 67
1
  8
R-OPISY
370
18
100
AcDbPolyline
 90
2
 70
0
 10
11.0
 20
118.0
 10
9.4
 20
118.0
  0
HATCH
  5
EA
330
1B
100
AcDbEntity
 67
1
  8
R-TABLICZKA
 62
7
420
16777215
100
AcDbHatch
 10
0.0
 20
0.0
 30
0.0
210
0.0
220
0.0
230
1.0
  2
SOLID
 70
1
 71
0
 91
1
 92
3
 72
0
 73
1
 93
4
 10
210.0
 20
10.0
 10
390.0
 20
10.0
 10
390.0
 20
103.0
 10
210.0
 20
103.0
 97
0
 75
0
 76
1
 98
0
  0
HATCH
  5
EB
330
1B
100
AcDbEntity
 67
1
  8
R-TABLICZKA
 62
7
420
16777215
100
AcDbHatch
 10
0.0
 20
0.0
 30
0.0
210
0.0
220
0.0
230
1.0
  2
SOLID
 70
1
 71
0
 91
1
 92
3
 72
0
 73
1
 93
4
 10
210.0
 20
103.0
 10
390.0
 20
103.0
 10
390.0
 20
113.0
 10
210.0
 20
113.0
 97
0
 75
0
 76
1
 98
0
  0
LWPOLYLINE
  5
EC
330
1B
100
AcDbEntity
 67
1
  8
R-RAMKA
370
70
100
AcDbPolyline
 90
4
 70
1
 10
20.0
 20
10.0
 10
390.0
 20
10.0
 10
390.0
 20
584.0
 10
20.0
 20
584.0
  0
LWPOLYLINE
  5
ED
330
1B
100
AcDbEntity
 67
1
  8
R-RAMKA
370
70
100
AcDbPolyline
 90
2
 70
0
 10
200.0
 20
0.0
 10
200.0
 20
20.0
  0
LWPOLYLINE
  5
EE
330
1B
100
AcDbEntity
 67
1
  8
R-RAMKA
370
70
100
AcDbPolyline
 90
2
 70
0
 10
200.0
 20
594.0
 10
200.0
 20
574.0
  0
LWPOLYLINE
  5
EF
330
1B
100
AcDbEntity
 67
1
  8
R-RAMKA
370
70
100
AcDbPolyline
 90
2
 70
0
 10
0.0
 20
297.0
 10
30.0
 20
297.0
  0
LWPOLYLINE
  5
F0
330
1B
100
AcDbEntity
 67
1
  8
R-RAMKA
370
70
100
AcDbPolyline
 90
2
 70
0
 10
400.0
 20
297.0
 10
380.0
 20
297.0
  0
LWPOLYLINE
  5
F1
330
1B
100
AcDbEntity
 67
1
  8
R-RAMKA
370
35
100
AcDbPolyline
 90
2
 70
0
 10
115.0
 20
0.0
 10
115.0
 20
5.0
  0
LWPOLYLINE
  5
F2
330
1B
100
AcDbEntity
 67
1
  8
R-RAMKA
370
35
100
AcDbPolyline
 90
2
 70
0
 10
115.0
 20
594.0
 10
115.0
 20
589.0
  0
LWPOLYLINE
  5
F3
330
1B
100
AcDbEntity
 67
1
  8
R-RAMKA
370
35
100
AcDbPolyline
 90
2
 70
0
 10
210.0
 20
0.0
 10
210.0
 20
5.0
  0
LWPOLYLINE
  5
F4
330
1B
100
AcDbEntity
 67
1
  8
R-RAMKA
370
35
100
AcDbPolyline
 90
2
 70
0
 10
210.0
 20
594.0
 10
210.0
 20
589.0
  0
LWPOLYLINE
  5
F5
330
1B
100
AcDbEntity
 67
1
  8
R-RAMKA
370
35
100
AcDbPolyline
 90
2
 70
0
 10
0.0
 20
297.0
 10
5.0
 20
297.0
  0
LWPOLYLINE
  5
F6
330
1B
100
AcDbEntity
 67
1
  8
R-RAMKA
370
35
100
AcDbPolyline
 90
2
 70
0
 10
400.0
 20
297.0
 10
395.0
 20
297.0
  0
LWPOLYLINE
  5
F7
330
1B
100
AcDbEntity
 67
1
  8
R-TABLICZKA
370
25
100
AcDbPolyline
 90
2
 70
0
 10
320.0
 20
91.0
 10
320.0
 20
103.0
  0
LWPOLYLINE
  5
F8
330
1B
100
AcDbEntity
 67
1
  8
R-TABLICZKA
370
25
100
AcDbPolyline
 90
2
 70
0
 10
345.0
 20
91.0
 10
345.0
 20
103.0
  0
LWPOLYLINE
  5
F9
330
1B
100
AcDbEntity
 67
1
  8
R-TABLICZKA
370
25
100
AcDbPolyline
 90
2
 70
0
 10
210.0
 20
91.0
 10
390.0
 20
91.0
  0
LWPOLYLINE
  5
FA
330
1B
100
AcDbEntity
 67
1
  8
R-TABLICZKA
370
18
100
AcDbPolyline
 90
2
 70
0
 10
210.0
 20
83.0
 10
390.0
 20
83.0
  0
LWPOLYLINE
  5
FB
330
1B
100
AcDbEntity
 67
1
  8
R-TABLICZKA
370
18
100
AcDbPolyline
 90
2
 70
0
 10
210.0
 20
72.5
 10
390.0
 20
72.5
  0
LWPOLYLINE
  5
FC
330
1B
100
AcDbEntity
 67
1
  8
R-TABLICZKA
370
18
100
AcDbPolyline
 90
2
 70
0
 10
360.0
 20
63.5
 10
360.0
 20
72.5
  0
LWPOLYLINE
  5
FD
330
1B
100
AcDbEntity
 67
1
  8
R-TABLICZKA
370
25
100
AcDbPolyline
 90
2
 70
0
 10
210.0
 20
63.5
 10
390.0
 20
63.5
  0
LWPOLYLINE
  5
FE
330
1B
100
AcDbEntity
 67
1
  8
R-TABLICZKA
370
18
100
AcDbPolyline
 90
2
 70
0
 10
210.0
 20
59.0
 10
390.0
 20
59.0
  0
LWPOLYLINE
  5
FF
330
1B
100
AcDbEntity
 67
1
  8
R-TABLICZKA
370
18
100
AcDbPolyline
 90
2
 70
0
 10
210.0
 20
52.0
 10
390.0
 20
52.0
  0
LWPOLYLINE
  5
100
330
1B
100
AcDbEntity
 67
1
  8
R-TABLICZKA
370
18
100
AcDbPolyline
 90
2
 70
0
 10
210.0
 20
45.0
 10
390.0
 20
45.0
  0
LWPOLYLINE
  5
101
330
1B
100
AcDbEntity
 67
1
  8
R-TABLICZKA
370
18
100
AcDbPolyline
 90
2
 70
0
 10
210.0
 20
38.0
 10
390.0
 20
38.0
  0
LWPOLYLINE
  5
102
330
1B
100
AcDbEntity
 67
1
  8
R-TABLICZKA
370
18
100
AcDbPolyline
 90
2
 70
0
 10
210.0
 20
31.0
 10
390.0
 20
31.0
  0
LWPOLYLINE
  5
103
330
1B
100
AcDbEntity
 67
1
  8
R-TABLICZKA
370
18
100
AcDbPolyline
 90
2
 70
0
 10
237.0
 20
31.0
 10
237.0
 20
63.5
  0
LWPOLYLINE
  5
104
330
1B
100
AcDbEntity
 67
1
  8
R-TABLICZKA
370
18
100
AcDbPolyline
 90
2
 70
0
 10
280.0
 20
31.0
 10
280.0
 20
63.5
  0
LWPOLYLINE
  5
105
330
1B
100
AcDbEntity
 67
1
  8
R-TABLICZKA
370
18
100
AcDbPolyline
 90
2
 70
0
 10
335.0
 20
31.0
 10
335.0
 20
63.5
  0
LWPOLYLINE
  5
106
330
1B
100
AcDbEntity
 67
1
  8
R-TABLICZKA
370
18
100
AcDbPolyline
 90
2
 70
0
 10
355.0
 20
31.0
 10
355.0
 20
63.5
  0
LWPOLYLINE
  5
107
330
1B
100
AcDbEntity
 67
1
  8
R-TABLICZKA
370
25
100
AcDbPolyline
 90
2
 70
0
 10
210.0
 20
31.0
 10
390.0
 20
31.0
  0
LWPOLYLINE
  5
108
330
1B
100
AcDbEntity
 67
1
  8
R-TABLICZKA
370
25
100
AcDbPolyline
 90
2
 70
0
 10
210.0
 20
19.0
 10
390.0
 20
19.0
  0
LWPOLYLINE
  5
109
330
1B
100
AcDbEntity
 67
1
  8
R-TABLICZKA
370
25
100
AcDbPolyline
 90
2
 70
0
 10
234.0
 20
10.0
 10
234.0
 20
19.0
  0
LWPOLYLINE
  5
10A
330
1B
100
AcDbEntity
 67
1
  8
R-TABLICZKA
370
25
100
AcDbPolyline
 90
2
 70
0
 10
250.0
 20
10.0
 10
250.0
 20
19.0
  0
LWPOLYLINE
  5
10B
330
1B
100
AcDbEntity
 67
1
  8
R-TABLICZKA
370
25
100
AcDbPolyline
 90
2
 70
0
 10
274.0
 20
10.0
 10
274.0
 20
19.0
  0
LWPOLYLINE
  5
10C
330
1B
100
AcDbEntity
 67
1
  8
R-TABLICZKA
370
25
100
AcDbPolyline
 90
2
 70
0
 10
302.0
 20
10.0
 10
302.0
 20
19.0
  0
LWPOLYLINE
  5
10D
330
1B
100
AcDbEntity
 67
1
  8
R-TABLICZKA
370
25
100
AcDbPolyline
 90
2
 70
0
 10
354.0
 20
10.0
 10
354.0
 20
19.0
  0
LWPOLYLINE
  5
10E
330
1B
100
AcDbEntity
 67
1
  8
R-TABLICZKA
370
25
100
AcDbPolyline
 90
2
 70
0
 10
372.0
 20
10.0
 10
372.0
 20
19.0
  0
LWPOLYLINE
  5
10F
330
1B
100
AcDbEntity
 67
1
  8
R-TABLICZKA
370
50
100
AcDbPolyline
 90
4
 70
1
 10
210.0
 20
10.0
 10
390.0
 20
10.0
 10
390.0
 20
103.0
 10
210.0
 20
103.0
  0
LWPOLYLINE
  5
110
330
1B
100
AcDbEntity
 67
1
  8
R-TABLICZKA
370
18
100
AcDbPolyline
 90
2
 70
0
 10
210.0
 20
108.0
 10
390.0
 20
108.0
  0
LWPOLYLINE
  5
111
330
1B
100
AcDbEntity
 67
1
  8
R-TABLICZKA
370
18
100
AcDbPolyline
 90
2
 70
0
 10
210.0
 20
113.0
 10
390.0
 20
113.0
  0
LWPOLYLINE
  5
112
330
1B
100
AcDbEntity
 67
1
  8
R-TABLICZKA
370
18
100
AcDbPolyline
 90
2
 70
0
 10
228.0
 20
103.0
 10
228.0
 20
113.0
  0
LWPOLYLINE
  5
113
330
1B
100
AcDbEntity
 67
1
  8
R-TABLICZKA
370
18
100
AcDbPolyline
 90
2
 70
0
 10
350.0
 20
103.0
 10
350.0
 20
113.0
  0
LWPOLYLINE
  5
114
330
1B
100
AcDbEntity
 67
1
  8
R-TABLICZKA
370
25
100
AcDbPolyline
 90
4
 70
1
 10
210.0
 20
103.0
 10
390.0
 20
103.0
 10
390.0
 20
113.0
 10
210.0
 20
113.0
  0
TEXT
  5
115
330
1B
100
AcDbEntity
 67
1
  8
R-OPISY
100
AcDbText
 10
28.0
 20
179.95000000000005
 30
0.0
 40
5.0
  1
ZBROJENIE NADPROŻY NJ, NK, NL, NM, NN
  7
PL_ARIAL_B
 11
28.0
 21
179.95000000000005
 31
0.0
100
AcDbText
  0
TEXT
  5
116
330
1B
100
AcDbEntity
 67
1
  8
R-OPISY
100
AcDbText
 10
184.71110606404724
 20
179.95000000000005
 30
0.0
 40
3.5
  1
1:25
  7
PL_ARIAL
 11
184.71110606404724
 21
179.95000000000005
 31
0.0
100
AcDbText
  0
TEXT
  5
117
330
1B
100
AcDbEntity
 67
1
  8
R-OPISY
100
AcDbText
 10
212.1816034521917
 20
125.6
 30
0.0
 40
1.8
  1
0,4
  7
PL_ARIAL
 11
212.1816034521917
 21
125.6
 31
0.0
100
AcDbText
  0
TEXT
  5
118
330
1B
100
AcDbEntity
 67
1
  8
R-OPISY
100
AcDbText
 10
229.27251873722463
 20
125.6
 30
0.0
 40
1.8
  1
0
  7
PL_ARIAL
 11
229.27251873722463
 21
125.6
 31
0.0
100
AcDbText
  0
TEXT
  5
119
330
1B
100
AcDbEntity
 67
1
  8
R-OPISY
100
AcDbText
 10
244.1816034521917
 20
125.6
 30
0.0
 40
1.8
  1
0,4
  7
PL_ARIAL
 11
244.1816034521917
 21
125.6
 31
0.0
100
AcDbText
  0
TEXT
  5
11A
330
1B
100
AcDbEntity
 67
1
  8
R-OPISY
100
AcDbText
 10
260.18160345219167
 20
125.6
 30
0.0
 40
1.8
  1
0,8
  7
PL_ARIAL
 11
260.18160345219167
 21
125.6
 31
0.0
100
AcDbText
  0
TEXT
  5
11B
330
1B
100
AcDbEntity
 67
1
  8
R-OPISY
100
AcDbText
 10
276.18160345219167
 20
125.6
 30
0.0
 40
1.8
  1
1,2
  7
PL_ARIAL
 11
276.18160345219167
 21
125.6
 31
0.0
100
AcDbText
  0
TEXT
  5
11C
330
1B
100
AcDbEntity
 67
1
  8
R-OPISY
100
AcDbText
 10
292.18160345219167
 20
125.6
 30
0.0
 40
1.8
  1
1,6
  7
PL_ARIAL
 11
292.18160345219167
 21
125.6
 31
0.0
100
AcDbText
  0
TEXT
  5
11D
330
1B
100
AcDbEntity
 67
1
  8
R-OPISY
100
AcDbText
 10
309.27251873722463
 20
125.6
 30
0.0
 40
1.8
  1
2
  7
PL_ARIAL
 11
309.27251873722463
 21
125.6
 31
0.0
100
AcDbText
  0
TEXT
  5
11E
330
1B
100
AcDbEntity
 67
1
  8
R-OPISY
100
AcDbText
 10
312.0
 20
123.0
 30
0.0
 40
1.8
  1
m
  7
PL_ARIAL
 11
312.0
 21
123.0
 31
0.0
100
AcDbText
  0
TEXT
  5
11F
330
1B
100
AcDbEntity
 67
1
  8
R-OPISY
100
AcDbText
 10
214.0
 20
120.0
 30
0.0
 40
1.8
  1
PODZIAŁKA 1:25
  7
PL_ARIAL_B
 11
214.0
 21
120.0
 31
0.0
100
AcDbText
  0
TEXT
  5
120
330
1B
100
AcDbEntity
 67
1
  8
R-OPISY
100
AcDbText
 10
24.0
 20
163.45000000000005
 30
0.0
 40
2.5
  1
TYPY NADPROŻY — OTWORY I POZYCJE OBLICZEŃ
  7
PL_ARIAL_B
 11
24.0
 21
163.45000000000005
 31
0.0
100
AcDbText
  0
TEXT
  5
121
330
1B
100
AcDbEntity
 67
1
  8
R-OPISY
100
AcDbText
 10
28.050634609594937
 20
157.30000000000004
 30
0.0
 40
1.8
  1
Typ
  7
PL_ARIAL_B
 11
28.050634609594937
 21
157.30000000000004
 31
0.0
100
AcDbText
  0
TEXT
  5
122
330
1B
100
AcDbEntity
 67
1
  8
R-OPISY
100
AcDbText
 10
78.09831457410117
 20
157.30000000000004
 30
0.0
 40
1.8
  1
Otwory
  7
PL_ARIAL_B
 11
78.09831457410117
 21
157.30000000000004
 31
0.0
100
AcDbText
  0
TEXT
  5
123
330
1B
100
AcDbEntity
 67
1
  8
R-OPISY
100
AcDbText
 10
154.6689962974505
 20
157.30000000000004
 30
0.0
 40
1.8
  1
Poz. obl.
  7
PL_ARIAL_B
 11
154.6689962974505
 21
157.30000000000004
 31
0.0
100
AcDbText
  0
TEXT
  5
124
330
1B
100
AcDbEntity
 67
1
  8
R-OPISY
100
AcDbText
 10
195.39519777741393
 20
157.30000000000004
 30
0.0
 40
1.8
  1
Szt.
  7
PL_ARIAL_B
 11
195.39519777741393
 21
157.30000000000004
 31
0.0
100
AcDbText
  0
TEXT
  5
125
330
1B
100
AcDbEntity
 67
1
  8
R-OPISY
100
AcDbText
 10
28.680205356812746
 20
152.80000000000004
 30
0.0
 40
1.8
  1
NJ
  7
PL_ARIAL
 11
28.680205356812746
 21
152.80000000000004
 31
0.0
100
AcDbText
  0
TEXT
  5
126
330
1B
100
AcDbEntity
 67
1
  8
R-OPISY
100
AcDbText
 10
37.55813953488372
 20
152.80000000000004
 30
0.0
 40
1.8
  1
O1-04
  7
PL_ARIAL
 11
37.55813953488372
 21
152.80000000000004
 31
0.0
100
AcDbText
  0
TEXT
  5
127
330
1B
100
AcDbEntity
 67
1
  8
R-OPISY
100
AcDbText
 10
129.6511627906977
 20
152.80000000000004
 30
0.0
 40
1.8
  1
6.17
  7
PL_ARIAL
 11
129.6511627906977
 21
152.80000000000004
 31
0.0
100
AcDbText
  0
TEXT
  5
128
330
1B
100
AcDbEntity
 67
1
  8
R-OPISY
100
AcDbText
 10
192.4418604651163
 20
152.80000000000004
 30
0.0
 40
1.8
  1
1
  7
PL_ARIAL
 11
192.4418604651163
 21
152.80000000000004
 31
0.0
100
AcDbText
  0
TEXT
  5
129
330
1B
100
AcDbEntity
 67
1
  8
R-OPISY
100
AcDbText
 10
28.461695250067343
 20
148.30000000000004
 30
0.0
 40
1.8
  1
NK
  7
PL_ARIAL
 11
28.461695250067343
 21
148.30000000000004
 31
0.0
100
AcDbText
  0
TEXT
  5
12A
330
1B
100
AcDbEntity
 67
1
  8
R-OPISY
100
AcDbText
 10
37.55813953488372
 20
148.30000000000004
 30
0.0
 40
1.8
  1
O1-02
  7
PL_ARIAL
 11
37.55813953488372
 21
148.30000000000004
 31
0.0
100
AcDbText
  0
TEXT
  5
12B
330
1B
100
AcDbEntity
 67
1
  8
R-OPISY
100
AcDbText
 10
129.6511627906977
 20
148.30000000000004
 30
0.0
 40
1.8
  1
6.15
  7
PL_ARIAL
 11
129.6511627906977
 21
148.30000000000004
 31
0.0
100
AcDbText
  0
TEXT
  5
12C
330
1B
100
AcDbEntity
 67
1
  8
R-OPISY
100
AcDbText
 10
192.4418604651163
 20
148.30000000000004
 30
0.0
 40
1.8
  1
1
  7
PL_ARIAL
 11
192.4418604651163
 21
148.30000000000004
 31
0.0
100
AcDbText
  0
TEXT
  5
12D
330
1B
100
AcDbEntity
 67
1
  8
R-OPISY
100
AcDbText
 10
28.606823571666254
 20
143.80000000000004
 30
0.0
 40
1.8
  1
NL
  7
PL_ARIAL
 11
28.606823571666254
 21
143.80000000000004
 31
0.0
100
AcDbText
  0
TEXT
  5
12E
330
1B
100
AcDbEntity
 67
1
  8
R-OPISY
100
AcDbText
 10
37.55813953488372
 20
143.80000000000004
 30
0.0
 40
1.8
  1
O0-18
  7
PL_ARIAL
 11
37.55813953488372
 21
143.80000000000004
 31
0.0
100
AcDbText
  0
TEXT
  5
12F
330
1B
100
AcDbEntity
 67
1
  8
R-OPISY
100
AcDbText
 10
129.6511627906977
 20
143.80000000000004
 30
0.0
 40
1.8
  1
6.11
  7
PL_ARIAL
 11
129.6511627906977
 21
143.80000000000004
 31
0.0
100
AcDbText
  0
TEXT
  5
130
330
1B
100
AcDbEntity
 67
1
  8
R-OPISY
100
AcDbText
 10
192.4418604651163
 20
143.80000000000004
 30
0.0
 40
1.8
  1
1
  7
PL_ARIAL
 11
192.4418604651163
 21
143.80000000000004
 31
0.0
100
AcDbText
  0
TEXT
  5
131
330
1B
100
AcDbEntity
 67
1
  8
R-OPISY
100
AcDbText
 10
28.244615985929254
 20
139.30000000000004
 30
0.0
 40
1.8
  1
NM
  7
PL_ARIAL
 11
28.244615985929254
 21
139.30000000000004
 31
0.0
100
AcDbText
  0
TEXT
  5
132
330
1B
100
AcDbEntity
 67
1
  8
R-OPISY
100
AcDbText
 10
37.55813953488372
 20
139.30000000000004
 30
0.0
 40
1.8
  1
O0-12
  7
PL_ARIAL
 11
37.55813953488372
 21
139.30000000000004
 31
0.0
100
AcDbText
  0
TEXT
  5
133
330
1B
100
AcDbEntity
 67
1
  8
R-OPISY
100
AcDbText
 10
129.6511627906977
 20
139.30000000000004
 30
0.0
 40
1.8
  1
6.6
  7
PL_ARIAL
 11
129.6511627906977
 21
139.30000000000004
 31
0.0
100
AcDbText
  0
TEXT
  5
134
330
1B
100
AcDbEntity
 67
1
  8
R-OPISY
100
AcDbText
 10
192.4418604651163
 20
139.30000000000004
 30
0.0
 40
1.8
  1
1
  7
PL_ARIAL
 11
192.4418604651163
 21
139.30000000000004
 31
0.0
100
AcDbText
  0
TEXT
  5
135
330
1B
100
AcDbEntity
 67
1
  8
R-OPISY
100
AcDbText
 10
28.389539901441406
 20
134.80000000000004
 30
0.0
 40
1.8
  1
NN
  7
PL_ARIAL
 11
28.389539901441406
 21
134.80000000000004
 31
0.0
100
AcDbText
  0
TEXT
  5
136
330
1B
100
AcDbEntity
 67
1
  8
R-OPISY
100
AcDbText
 10
37.55813953488372
 20
134.80000000000004
 30
0.0
 40
1.8
  1
O0-11
  7
PL_ARIAL
 11
37.55813953488372
 21
134.80000000000004
 31
0.0
100
AcDbText
  0
TEXT
  5
137
330
1B
100
AcDbEntity
 67
1
  8
R-OPISY
100
AcDbText
 10
129.6511627906977
 20
134.80000000000004
 30
0.0
 40
1.8
  1
6.5
  7
PL_ARIAL
 11
129.6511627906977
 21
134.80000000000004
 31
0.0
100
AcDbText
  0
TEXT
  5
138
330
1B
100
AcDbEntity
 67
1
  8
R-OPISY
100
AcDbText
 10
192.4418604651163
 20
134.80000000000004
 30
0.0
 40
1.8
  1
1
  7
PL_ARIAL
 11
192.4418604651163
 21
134.80000000000004
 31
0.0
100
AcDbText
  0
TEXT
  5
139
330
1B
100
AcDbEntity
 67
1
  8
R-OPISY
100
AcDbText
 10
24.0
 20
122.45000000000005
 30
0.0
 40
3.5
  1
ZESTAWIENIE STALI
  7
PL_ARIAL_B
 11
24.0
 21
122.45000000000005
 31
0.0
100
AcDbText
  0
TEXT
  5
13A
330
1B
100
AcDbEntity
 67
1
  8
R-OPISY
100
AcDbText
 10
26.31083352259823
 20
116.05000000000004
 30
0.0
 40
1.8
  1
Poz.
  7
PL_ARIAL_B
 11
26.31083352259823
 21
116.05000000000004
 31
0.0
100
AcDbText
  0
TEXT
  5
13B
330
1B
100
AcDbEntity
 67
1
  8
R-OPISY
100
AcDbText
 10
37.48246650011356
 20
117.35000000000004
 30
0.0
 40
1.8
  1
Ø
  7
PL_ARIAL_B
 11
37.48246650011356
 21
117.35000000000004
 31
0.0
100
AcDbText
  0
TEXT
  5
13C
330
1B
100
AcDbEntity
 67
1
  8
R-OPISY
100
AcDbText
 10
35.30227117874177
 20
114.75000000000004
 30
0.0
 40
1.8
  1
[mm]
  7
PL_ARIAL_B
 11
35.30227117874177
 21
114.75000000000004
 31
0.0
100
AcDbText
  0
TEXT
  5
13D
330
1B
100
AcDbEntity
 67
1
  8
R-OPISY
100
AcDbText
 10
74.45775607540314
 20
117.35000000000004
 30
0.0
 40
1.8
  1
Kształt ISO 3766,
  7
PL_ARIAL_B
 11
74.45775607540314
 21
117.35000000000004
 31
0.0
100
AcDbText
  0
TEXT
  5
13E
330
1B
100
AcDbEntity
 67
1
  8
R-OPISY
100
AcDbText
 10
76.63876902112196
 20
114.75000000000004
 30
0.0
 40
1.8
  1
wymiary [cm]
  7
PL_ARIAL_B
 11
76.63876902112196
 21
114.75000000000004
 31
0.0
100
AcDbText
  0
TEXT
  5
13F
330
1B
100
AcDbEntity
 67
1
  8
R-OPISY
100
AcDbText
 10
131.2303202362026
 20
117.35000000000004
 30
0.0
 40
1.8
  1
Dług.
  7
PL_ARIAL_B
 11
131.2303202362026
 21
117.35000000000004
 31
0.0
100
AcDbText
  0
TEXT
  5
140
330
1B
100
AcDbEntity
 67
1
  8
R-OPISY
100
AcDbText
 10
131.73806495571202
 20
114.75000000000004
 30
0.0
 40
1.8
  1
[cm]
  7
PL_ARIAL_B
 11
131.73806495571202
 21
114.75000000000004
 31
0.0
100
AcDbText
  0
TEXT
  5
141
330
1B
100
AcDbEntity
 67
1
  8
R-OPISY
100
AcDbText
 10
143.9294571882807
 20
117.35000000000004
 30
0.0
 40
1.8
  1
Liczba
  7
PL_ARIAL_B
 11
143.9294571882807
 21
117.35000000000004
 31
0.0
100
AcDbText
  0
TEXT
  5
142
330
1B
100
AcDbEntity
 67
1
  8
R-OPISY
100
AcDbText
 10
144.94821712468772
 20
114.75000000000004
 30
0.0
 40
1.8
  1
[szt.]
  7
PL_ARIAL_B
 11
144.94821712468772
 21
114.75000000000004
 31
0.0
100
AcDbText
  0
TEXT
  5
143
330
1B
100
AcDbEntity
 67
1
  8
R-OPISY
100
AcDbText
 10
156.00976606858958
 20
116.05000000000004
 30
0.0
 40
1.8
  1
Elem.
  7
PL_ARIAL_B
 11
156.00976606858958
 21
116.05000000000004
 31
0.0
100
AcDbText
  0
TEXT
  5
144
330
1B
100
AcDbEntity
 67
1
  8
R-OPISY
100
AcDbText
 10
169.7549852373382
 20
117.35000000000004
 30
0.0
 40
1.8
  1
Ø6
  7
PL_ARIAL_B
 11
169.7549852373382
 21
117.35000000000004
 31
0.0
100
AcDbText
  0
TEXT
  5
145
330
1B
100
AcDbEntity
 67
1
  8
R-OPISY
100
AcDbText
 10
169.4655462184874
 20
114.75000000000004
 30
0.0
 40
1.8
  1
[m]
  7
PL_ARIAL_B
 11
169.4655462184874
 21
114.75000000000004
 31
0.0
100
AcDbText
  0
TEXT
  5
146
330
1B
100
AcDbEntity
 67
1
  8
R-OPISY
100
AcDbText
 10
182.0275039745628
 20
117.35000000000004
 30
0.0
 40
1.8
  1
Ø10
  7
PL_ARIAL_B
 11
182.0275039745628
 21
117.35000000000004
 31
0.0
100
AcDbText
  0
TEXT
  5
147
330
1B
100
AcDbEntity
 67
1
  8
R-OPISY
100
AcDbText
 10
182.4655462184874
 20
114.75000000000004
 30
0.0
 40
1.8
  1
[m]
  7
PL_ARIAL_B
 11
182.4655462184874
 21
114.75000000000004
 31
0.0
100
AcDbText
  0
TEXT
  5
148
330
1B
100
AcDbEntity
 67
1
  8
R-OPISY
100
AcDbText
 10
195.0275039745628
 20
117.35000000000004
 30
0.0
 40
1.8
  1
Ø12
  7
PL_ARIAL_B
 11
195.0275039745628
 21
117.35000000000004
 31
0.0
100
AcDbText
  0
TEXT
  5
149
330
1B
100
AcDbEntity
 67
1
  8
R-OPISY
100
AcDbText
 10
195.4655462184874
 20
114.75000000000004
 30
0.0
 40
1.8
  1
[m]
  7
PL_ARIAL_B
 11
195.4655462184874
 21
114.75000000000004
 31
0.0
100
AcDbText
  0
TEXT
  5
14A
330
1B
100
AcDbEntity
 67
1
  8
R-OPISY
100
AcDbText
 10
28.27251873722462
 20
110.30000000000004
 30
0.0
 40
1.8
  1
1
  7
PL_ARIAL
 11
28.27251873722462
 21
110.30000000000004
 31
0.0
100
AcDbText
  0
TEXT
  5
14B
330
1B
100
AcDbEntity
 67
1
  8
R-OPISY
100
AcDbText
 10
37.04503747444924
 20
110.30000000000004
 30
0.0
 40
1.8
  1
10
  7
PL_ARIAL
 11
37.04503747444924
 21
110.30000000000004
 31
0.0
100
AcDbText
  0
TEXT
  5
14C
330
1B
100
AcDbEntity
 67
1
  8
R-OPISY
100
AcDbText
 10
136.63511242334772
 20
110.30000000000004
 30
0.0
 40
1.8
  1
218
  7
PL_ARIAL
 11
136.63511242334772
 21
110.30000000000004
 31
0.0
100
AcDbText
  0
TEXT
  5
14D
330
1B
100
AcDbEntity
 67
1
  8
R-OPISY
100
AcDbText
 10
151.54503747444923
 20
110.30000000000004
 30
0.0
 40
1.8
  1
4
  7
PL_ARIAL
 11
151.54503747444923
 21
110.30000000000004
 31
0.0
100
AcDbText
  0
TEXT
  5
14E
330
1B
100
AcDbEntity
 67
1
  8
R-OPISY
100
AcDbText
 10
155.2115602997956
 20
110.30000000000004
 30
0.0
 40
1.8
  1
N-O1-0
  7
PL_ARIAL
 11
155.2115602997956
 21
110.30000000000004
 31
0.0
100
AcDbText
  0
TEXT
  5
14F
330
1B
100
AcDbEntity
 67
1
  8
R-OPISY
100
AcDbText
 10
184.90824437883262
 20
110.30000000000004
 30
0.0
 40
1.8
  1
8,72
  7
PL_ARIAL
 11
184.90824437883262
 21
110.30000000000004
 31
0.0
100
AcDbText
  0
TEXT
  5
150
330
1B
100
AcDbEntity
 67
1
  8
R-OPISY
100
AcDbText
 10
28.27251873722462
 20
105.80000000000004
 30
0.0
 40
1.8
  1
2
  7
PL_ARIAL
 11
28.27251873722462
 21
105.80000000000004
 31
0.0
100
AcDbText
  0
TEXT
  5
151
330
1B
100
AcDbEntity
 67
1
  8
R-OPISY
100
AcDbText
 10
37.77251873722462
 20
105.80000000000004
 30
0.0
 40
1.8
  1
6
  7
PL_ARIAL
 11
37.77251873722462
 21
105.80000000000004
 31
0.0
100
AcDbText
  0
TEXT
  5
152
330
1B
100
AcDbEntity
 67
1
  8
R-OPISY
100
AcDbText
 10
138.0900749488985
 20
105.80000000000004
 30
0.0
 40
1.8
  1
80
  7
PL_ARIAL
 11
138.0900749488985
 21
105.80000000000004
 31
0.0
100
AcDbText
  0
TEXT
  5
153
330
1B
100
AcDbEntity
 67
1
  8
R-OPISY
100
AcDbText
 10
150.0900749488985
 20
105.80000000000004
 30
0.0
 40
1.8
  1
70
  7
PL_ARIAL
 11
150.0900749488985
 21
105.80000000000004
 31
0.0
100
AcDbText
  0
TEXT
  5
154
330
1B
100
AcDbEntity
 67
1
  8
R-OPISY
100
AcDbText
 10
155.2115602997956
 20
105.80000000000004
 30
0.0
 40
1.8
  1
N-O1-0
  7
PL_ARIAL
 11
155.2115602997956
 21
105.80000000000004
 31
0.0
100
AcDbText
  0
TEXT
  5
155
330
1B
100
AcDbEntity
 67
1
  8
R-OPISY
100
AcDbText
 10
170.45328185328185
 20
105.80000000000004
 30
0.0
 40
1.8
  1
56,00
  7
PL_ARIAL
 11
170.45328185328185
 21
105.80000000000004
 31
0.0
100
AcDbText
  0
TEXT
  5
156
330
1B
100
AcDbEntity
 67
1
  8
R-OPISY
100
AcDbText
 10
28.27251873722462
 20
101.30000000000004
 30
0.0
 40
1.8
  1
3
  7
PL_ARIAL
 11
28.27251873722462
 21
101.30000000000004
 31
0.0
100
AcDbText
  0
TEXT
  5
157
330
1B
100
AcDbEntity
 67
1
  8
R-OPISY
100
AcDbText
 10
37.04503747444924
 20
101.30000000000004
 30
0.0
 40
1.8
  1
12
  7
PL_ARIAL
 11
37.04503747444924
 21
101.30000000000004
 31
0.0
100
AcDbText
  0
TEXT
  5
158
330
1B
100
AcDbEntity
 67
1
  8
R-OPISY
100
AcDbText
 10
136.63511242334772
 20
101.30000000000004
 30
0.0
 40
1.8
  1
248
  7
PL_ARIAL
 11
136.63511242334772
 21
101.30000000000004
 31
0.0
100
AcDbText
  0
TEXT
  5
159
330
1B
100
AcDbEntity
 67
1
  8
R-OPISY
100
AcDbText
 10
151.54503747444923
 20
101.30000000000004
 30
0.0
 40
1.8
  1
2
  7
PL_ARIAL
 11
151.54503747444923
 21
101.30000000000004
 31
0.0
100
AcDbText
  0
TEXT
  5
15A
330
1B
100
AcDbEntity
 67
1
  8
R-OPISY
100
AcDbText
 10
155.2115602997956
 20
101.30000000000004
 30
0.0
 40
1.8
  1
N-O1-0
  7
PL_ARIAL
 11
155.2115602997956
 21
101.30000000000004
 31
0.0
100
AcDbText
  0
TEXT
  5
15B
330
1B
100
AcDbEntity
 67
1
  8
R-OPISY
100
AcDbText
 10
197.90824437883262
 20
101.30000000000004
 30
0.0
 40
1.8
  1
4,96
  7
PL_ARIAL
 11
197.90824437883262
 21
101.30000000000004
 31
0.0
100
AcDbText
  0
TEXT
  5
15C
330
1B
100
AcDbEntity
 67
1
  8
R-OPISY
100
AcDbText
 10
28.27251873722462
 20
96.80000000000004
 30
0.0
 40
1.8
  1
4
  7
PL_ARIAL
 11
28.27251873722462
 21
96.80000000000004
 31
0.0
100
AcDbText
  0
TEXT
  5
15D
330
1B
100
AcDbEntity
 67
1
  8
R-OPISY
100
AcDbText
 10
37.04503747444924
 20
96.80000000000004
 30
0.0
 40
1.8
  1
10
  7
PL_ARIAL
 11
37.04503747444924
 21
96.80000000000004
 31
0.0
100
AcDbText
  0
TEXT
  5
15E
330
1B
100
AcDbEntity
 67
1
  8
R-OPISY
100
AcDbText
 10
136.63511242334772
 20
96.80000000000004
 30
0.0
 40
1.8
  1
248
  7
PL_ARIAL
 11
136.63511242334772
 21
96.80000000000004
 31
0.0
100
AcDbText
  0
TEXT
  5
15F
330
1B
100
AcDbEntity
 67
1
  8
R-OPISY
100
AcDbText
 10
150.28426073131956
 20
96.80000000000004
 30
0.0
 40
1.8
  1
11
  7
PL_ARIAL
 11
150.28426073131956
 21
96.80000000000004
 31
0.0
100
AcDbText
  0
TEXT
  5
160
330
1B
100
AcDbEntity
 67
1
  8
R-OPISY
100
AcDbText
 10
155.2115602997956
 20
96.80000000000004
 30
0.0
 40
1.8
  1
N-O1-0
  7
PL_ARIAL
 11
155.2115602997956
 21
96.80000000000004
 31
0.0
100
AcDbText
  0
TEXT
  5
161
330
1B
100
AcDbEntity
 67
1
  8
R-OPISY
100
AcDbText
 10
183.45328185328185
 20
96.80000000000004
 30
0.0
 40
1.8
  1
27,28
  7
PL_ARIAL
 11
183.45328185328185
 21
96.80000000000004
 31
0.0
100
AcDbText
  0
TEXT
  5
162
330
1B
100
AcDbEntity
 67
1
  8
R-OPISY
100
AcDbText
 10
28.27251873722462
 20
92.30000000000004
 30
0.0
 40
1.8
  1
5
  7
PL_ARIAL
 11
28.27251873722462
 21
92.30000000000004
 31
0.0
100
AcDbText
  0
TEXT
  5
163
330
1B
100
AcDbEntity
 67
1
  8
R-OPISY
100
AcDbText
 10
37.04503747444924
 20
92.30000000000004
 30
0.0
 40
1.8
  1
10
  7
PL_ARIAL
 11
37.04503747444924
 21
92.30000000000004
 31
0.0
100
AcDbText
  0
TEXT
  5
164
330
1B
100
AcDbEntity
 67
1
  8
R-OPISY
100
AcDbText
 10
136.63511242334772
 20
92.30000000000004
 30
0.0
 40
1.8
  1
288
  7
PL_ARIAL
 11
136.63511242334772
 21
92.30000000000004
 31
0.0
100
AcDbText
  0
TEXT
  5
165
330
1B
100
AcDbEntity
 67
1
  8
R-OPISY
100
AcDbText
 10
151.54503747444923
 20
92.30000000000004
 30
0.0
 40
1.8
  1
4
  7
PL_ARIAL
 11
151.54503747444923
 21
92.30000000000004
 31
0.0
100
AcDbText
  0
TEXT
  5
166
330
1B
100
AcDbEntity
 67
1
  8
R-OPISY
100
AcDbText
 10
155.2115602997956
 20
92.30000000000004
 30
0.0
 40
1.8
  1
N-O0-1
  7
PL_ARIAL
 11
155.2115602997956
 21
92.30000000000004
 31
0.0
100
AcDbText
  0
TEXT
  5
167
330
1B
100
AcDbEntity
 67
1
  8
R-OPISY
100
AcDbText
 10
183.64746763570292
 20
92.30000000000004
 30
0.0
 40
1.8
  1
11,52
  7
PL_ARIAL
 11
183.64746763570292
 21
92.30000000000004
 31
0.0
100
AcDbText
  0
TEXT
  5
168
330
1B
100
AcDbEntity
 67
1
  8
R-OPISY
100
AcDbText
 10
28.27251873722462
 20
87.80000000000004
 30
0.0
 40
1.8
  1
6
  7
PL_ARIAL
 11
28.27251873722462
 21
87.80000000000004
 31
0.0
100
AcDbText
  0
TEXT
  5
169
330
1B
100
AcDbEntity
 67
1
  8
R-OPISY
100
AcDbText
 10
37.04503747444924
 20
87.80000000000004
 30
0.0
 40
1.8
  1
12
  7
PL_ARIAL
 11
37.04503747444924
 21
87.80000000000004
 31
0.0
100
AcDbText
  0
TEXT
  5
16A
330
1B
100
AcDbEntity
 67
1
  8
R-OPISY
100
AcDbText
 10
136.63511242334772
 20
87.80000000000004
 30
0.0
 40
1.8
  1
360
  7
PL_ARIAL
 11
136.63511242334772
 21
87.80000000000004
 31
0.0
100
AcDbText
  0
TEXT
  5
16B
330
1B
100
AcDbEntity
 67
1
  8
R-OPISY
100
AcDbText
 10
151.54503747444923
 20
87.80000000000004
 30
0.0
 40
1.8
  1
5
  7
PL_ARIAL
 11
151.54503747444923
 21
87.80000000000004
 31
0.0
100
AcDbText
  0
TEXT
  5
16C
330
1B
100
AcDbEntity
 67
1
  8
R-OPISY
100
AcDbText
 10
155.2115602997956
 20
87.80000000000004
 30
0.0
 40
1.8
  1
N-O0-1
  7
PL_ARIAL
 11
155.2115602997956
 21
87.80000000000004
 31
0.0
100
AcDbText
  0
TEXT
  5
16D
330
1B
100
AcDbEntity
 67
1
  8
R-OPISY
100
AcDbText
 10
196.45328185328185
 20
87.80000000000004
 30
0.0
 40
1.8
  1
18,00
  7
PL_ARIAL
 11
196.45328185328185
 21
87.80000000000004
 31
0.0
100
AcDbText
  0
TEXT
  5
16E
330
1B
100
AcDbEntity
 67
1
  8
R-OPISY
100
AcDbText
 10
28.27251873722462
 20
83.30000000000004
 30
0.0
 40
1.8
  1
7
  7
PL_ARIAL
 11
28.27251873722462
 21
83.30000000000004
 31
0.0
100
AcDbText
  0
TEXT
  5
16F
330
1B
100
AcDbEntity
 67
1
  8
R-OPISY
100
AcDbText
 10
37.04503747444924
 20
83.30000000000004
 30
0.0
 40
1.8
  1
10
  7
PL_ARIAL
 11
37.04503747444924
 21
83.30000000000004
 31
0.0
100
AcDbText
  0
TEXT
  5
170
330
1B
100
AcDbEntity
 67
1
  8
R-OPISY
100
AcDbText
 10
136.63511242334772
 20
83.30000000000004
 30
0.0
 40
1.8
  1
360
  7
PL_ARIAL
 11
136.63511242334772
 21
83.30000000000004
 31
0.0
100
AcDbText
  0
TEXT
  5
171
330
1B
100
AcDbEntity
 67
1
  8
R-OPISY
100
AcDbText
 10
151.54503747444923
 20
83.30000000000004
 30
0.0
 40
1.8
  1
2
  7
PL_ARIAL
 11
151.54503747444923
 21
83.30000000000004
 31
0.0
100
AcDbText
  0
TEXT
  5
172
330
1B
100
AcDbEntity
 67
1
  8
R-OPISY
100
AcDbText
 10
155.2115602997956
 20
83.30000000000004
 30
0.0
 40
1.8
  1
N-O0-1
  7
PL_ARIAL
 11
155.2115602997956
 21
83.30000000000004
 31
0.0
100
AcDbText
  0
TEXT
  5
173
330
1B
100
AcDbEntity
 67
1
  8
R-OPISY
100
AcDbText
 10
184.90824437883262
 20
83.30000000000004
 30
0.0
 40
1.8
  1
7,20
  7
PL_ARIAL
 11
184.90824437883262
 21
83.30000000000004
 31
0.0
100
AcDbText
  0
TEXT
  5
174
330
1B
100
AcDbEntity
 67
1
  8
R-OPISY
100
AcDbText
 10
28.27251873722462
 20
78.80000000000004
 30
0.0
 40
1.8
  1
8
  7
PL_ARIAL
 11
28.27251873722462
 21
78.80000000000004
 31
0.0
100
AcDbText
  0
TEXT
  5
175
330
1B
100
AcDbEntity
 67
1
  8
R-OPISY
100
AcDbText
 10
37.77251873722462
 20
78.80000000000004
 30
0.0
 40
1.8
  1
6
  7
PL_ARIAL
 11
37.77251873722462
 21
78.80000000000004
 31
0.0
100
AcDbText
  0
TEXT
  5
176
330
1B
100
AcDbEntity
 67
1
  8
R-OPISY
100
AcDbText
 10
136.8292982057688
 20
78.80000000000004
 30
0.0
 40
1.8
  1
114
  7
PL_ARIAL
 11
136.8292982057688
 21
78.80000000000004
 31
0.0
100
AcDbText
  0
TEXT
  5
177
330
1B
100
AcDbEntity
 67
1
  8
R-OPISY
100
AcDbText
 10
150.0900749488985
 20
78.80000000000004
 30
0.0
 40
1.8
  1
24
  7
PL_ARIAL
 11
150.0900749488985
 21
78.80000000000004
 31
0.0
100
AcDbText
  0
TEXT
  5
178
330
1B
100
AcDbEntity
 67
1
  8
R-OPISY
100
AcDbText
 10
155.2115602997956
 20
78.80000000000004
 30
0.0
 40
1.8
  1
N-O0-1
  7
PL_ARIAL
 11
155.2115602997956
 21
78.80000000000004
 31
0.0
100
AcDbText
  0
TEXT
  5
179
330
1B
100
AcDbEntity
 67
1
  8
R-OPISY
100
AcDbText
 10
170.45328185328185
 20
78.80000000000004
 30
0.0
 40
1.8
  1
27,36
  7
PL_ARIAL
 11
170.45328185328185
 21
78.80000000000004
 31
0.0
100
AcDbText
  0
TEXT
  5
17A
330
1B
100
AcDbEntity
 67
1
  8
R-OPISY
100
AcDbText
 10
44.0
 20
74.30000000000004
 30
0.0
 40
1.8
  1
Długość całkowita [m]
  7
PL_ARIAL
 11
44.0
 21
74.30000000000004
 31
0.0
100
AcDbText
  0
TEXT
  5
17B
330
1B
100
AcDbEntity
 67
1
  8
R-OPISY
100
AcDbText
 10
171.90824437883262
 20
74.30000000000004
 30
0.0
 40
1.8
  1
83,4
  7
PL_ARIAL
 11
171.90824437883262
 21
74.30000000000004
 31
0.0
100
AcDbText
  0
TEXT
  5
17C
330
1B
100
AcDbEntity
 67
1
  8
R-OPISY
100
AcDbText
 10
184.90824437883262
 20
74.30000000000004
 30
0.0
 40
1.8
  1
54,7
  7
PL_ARIAL
 11
184.90824437883262
 21
74.30000000000004
 31
0.0
100
AcDbText
  0
TEXT
  5
17D
330
1B
100
AcDbEntity
 67
1
  8
R-OPISY
100
AcDbText
 10
197.90824437883262
 20
74.30000000000004
 30
0.0
 40
1.8
  1
23,0
  7
PL_ARIAL
 11
197.90824437883262
 21
74.30000000000004
 31
0.0
100
AcDbText
  0
TEXT
  5
17E
330
1B
100
AcDbEntity
 67
1
  8
R-OPISY
100
AcDbText
 10
44.0
 20
69.80000000000004
 30
0.0
 40
1.8
  1
Masa jednostkowa [kg/m]
  7
PL_ARIAL
 11
44.0
 21
69.80000000000004
 31
0.0
100
AcDbText
  0
TEXT
  5
17F
330
1B
100
AcDbEntity
 67
1
  8
R-OPISY
100
AcDbText
 10
170.45328185328185
 20
69.80000000000004
 30
0.0
 40
1.8
  1
0,222
  7
PL_ARIAL
 11
170.45328185328185
 21
69.80000000000004
 31
0.0
100
AcDbText
  0
TEXT
  5
180
330
1B
100
AcDbEntity
 67
1
  8
R-OPISY
100
AcDbText
 10
183.45328185328185
 20
69.80000000000004
 30
0.0
 40
1.8
  1
0,617
  7
PL_ARIAL
 11
183.45328185328185
 21
69.80000000000004
 31
0.0
100
AcDbText
  0
TEXT
  5
181
330
1B
100
AcDbEntity
 67
1
  8
R-OPISY
100
AcDbText
 10
196.45328185328185
 20
69.80000000000004
 30
0.0
 40
1.8
  1
0,888
  7
PL_ARIAL
 11
196.45328185328185
 21
69.80000000000004
 31
0.0
100
AcDbText
  0
TEXT
  5
182
330
1B
100
AcDbEntity
 67
1
  8
R-OPISY
100
AcDbText
 10
44.0
 20
65.30000000000004
 30
0.0
 40
1.8
  1
Masa [kg]
  7
PL_ARIAL
 11
44.0
 21
65.30000000000004
 31
0.0
100
AcDbText
  0
TEXT
  5
183
330
1B
100
AcDbEntity
 67
1
  8
R-OPISY
100
AcDbText
 10
171.90824437883262
 20
65.30000000000004
 30
0.0
 40
1.8
  1
18,5
  7
PL_ARIAL
 11
171.90824437883262
 21
65.30000000000004
 31
0.0
100
AcDbText
  0
TEXT
  5
184
330
1B
100
AcDbEntity
 67
1
  8
R-OPISY
100
AcDbText
 10
184.90824437883262
 20
65.30000000000004
 30
0.0
 40
1.8
  1
33,7
  7
PL_ARIAL
 11
184.90824437883262
 21
65.30000000000004
 31
0.0
100
AcDbText
  0
TEXT
  5
185
330
1B
100
AcDbEntity
 67
1
  8
R-OPISY
100
AcDbText
 10
197.90824437883262
 20
65.30000000000004
 30
0.0
 40
1.8
  1
20,4
  7
PL_ARIAL
 11
197.90824437883262
 21
65.30000000000004
 31
0.0
100
AcDbText
  0
TEXT
  5
186
330
1B
100
AcDbEntity
 67
1
  8
R-OPISY
100
AcDbText
 10
44.0
 20
60.80000000000005
 30
0.0
 40
1.8
  1
RAZEM stal B500SP [kg]
  7
PL_ARIAL
 11
44.0
 21
60.80000000000005
 31
0.0
100
AcDbText
  0
TEXT
  5
187
330
1B
100
AcDbEntity
 67
1
  8
R-OPISY
100
AcDbText
 10
197.90824437883262
 20
60.80000000000005
 30
0.0
 40
1.8
  1
72,6
  7
PL_ARIAL
 11
197.90824437883262
 21
60.80000000000005
 31
0.0
100
AcDbText
  0
TEXT
  5
188
330
1B
100
AcDbEntity
 67
1
  8
R-OPISY
100
AcDbText
 10
53.0
 20
110.30000000000004
 30
0.0
 40
1.8
  1
21: a=19 b=184 c=19
  7
PL_ARIAL
 11
53.0
 21
110.30000000000004
 31
0.0
100
AcDbText
  0
TEXT
  5
189
330
1B
100
AcDbEntity
 67
1
  8
R-OPISY
100
AcDbText
 10
53.0
 20
105.80000000000004
 30
0.0
 40
1.8
  1
51: a=13 b=20
  7
PL_ARIAL
 11
53.0
 21
105.80000000000004
 31
0.0
100
AcDbText
  0
TEXT
  5
18A
330
1B
100
AcDbEntity
 67
1
  8
R-OPISY
100
AcDbText
 10
53.0
 20
101.30000000000004
 30
0.0
 40
1.8
  1
21: a=19 b=214 c=19
  7
PL_ARIAL
 11
53.0
 21
101.30000000000004
 31
0.0
100
AcDbText
  0
TEXT
  5
18B
330
1B
100
AcDbEntity
 67
1
  8
R-OPISY
100
AcDbText
 10
53.0
 20
96.80000000000004
 30
0.0
 40
1.8
  1
21: a=19 b=214 c=19
  7
PL_ARIAL
 11
53.0
 21
96.80000000000004
 31
0.0
100
AcDbText
  0
TEXT
  5
18C
330
1B
100
AcDbEntity
 67
1
  8
R-OPISY
100
AcDbText
 10
53.0
 20
92.30000000000004
 30
0.0
 40
1.8
  1
21: a=19 b=254 c=19
  7
PL_ARIAL
 11
53.0
 21
92.30000000000004
 31
0.0
100
AcDbText
  0
TEXT
  5
18D
330
1B
100
AcDbEntity
 67
1
  8
R-OPISY
100
AcDbText
 10
53.0
 20
87.80000000000004
 30
0.0
 40
1.8
  1
21: a=25 b=314 c=25
  7
PL_ARIAL
 11
53.0
 21
87.80000000000004
 31
0.0
100
AcDbText
  0
TEXT
  5
18E
330
1B
100
AcDbEntity
 67
1
  8
R-OPISY
100
AcDbText
 10
53.0
 20
83.30000000000004
 30
0.0
 40
1.8
  1
21: a=25 b=314 c=25
  7
PL_ARIAL
 11
53.0
 21
83.30000000000004
 31
0.0
100
AcDbText
  0
TEXT
  5
18F
330
1B
100
AcDbEntity
 67
1
  8
R-OPISY
100
AcDbText
 10
53.0
 20
78.80000000000004
 30
0.0
 40
1.8
  1
51: a=13 b=37
  7
PL_ARIAL
 11
53.0
 21
78.80000000000004
 31
0.0
100
AcDbText
  0
TEXT
  5
190
330
1B
100
AcDbEntity
 67
1
  8
R-OPISY
100
AcDbText
 10
24.0
 20
56.65000000000005
 30
0.0
 40
1.8
  1
O1-04, O1-02, O0-18, O0-12, O0-11: beton C25/30, XC1, otulina strzemion c_nom = 25 mm (tabl. 4.4N + NA).
  7
PL_ARIAL
 11
24.0
 21
56.65000000000005
 31
0.0
100
AcDbText
  0
TEXT
  5
191
330
1B
100
AcDbEntity
 67
1
  8
R-OPISY
100
AcDbText
 10
212.0
 20
521.45
 30
0.0
 40
3.5
  1
OBJAŚNIENIA I UWAGI
  7
PL_ARIAL_B
 11
212.0
 21
521.45
 31
0.0
100
AcDbText
  0
TEXT
  5
192
330
1B
100
AcDbEntity
 67
1
  8
R-OPISY
100
AcDbText
 10
212.0
 20
515.1500000000001
 30
0.0
 40
1.8
  1
1. 
  7
PL_ARIAL
 11
212.0
 21
515.1500000000001
 31
0.0
100
AcDbText
  0
TEXT
  5
193
330
1B
100
AcDbEntity
 67
1
  8
R-OPISY
100
AcDbText
 10
214.90869861458097
 20
515.1500000000001
 30
0.0
 40
1.8
  1
Wymiary w cm (mm w indeksie górnym, np. 24⁵ = 24,5 cm), rzędne w m względem ±0,000 = 101,650 m n.p.m. (PL-EVRF2007-NH).
  7
PL_ARIAL
 11
214.90869861458097
 21
515.1500000000001
 31
0.0
100
AcDbText
  0
TEXT
  5
194
330
1B
100
AcDbEntity
 67
1
  8
R-OPISY
100
AcDbText
 10
212.0
 20
511.7300000000001
 30
0.0
 40
1.8
  1
2. 
  7
PL_ARIAL
 11
212.0
 21
511.7300000000001
 31
0.0
100
AcDbText
  0
TEXT
  5
195
330
1B
100
AcDbEntity
 67
1
  8
R-OPISY
100
AcDbText
 10
214.90869861458097
 20
511.7300000000001
 30
0.0
 40
1.8
  1
Belki: pręty dolne i górne z odgięciami 90° w strefach podporowych (zakotwienie ≥ l_bd od lica podpory — PN-EN 1992-1-1 9.2.1.4), strzemiona
  7
PL_ARIAL
 11
214.90869861458097
 21
511.7300000000001
 31
0.0
100
AcDbText
  0
TEXT
  5
196
330
1B
100
AcDbEntity
 67
1
  8
R-OPISY
100
AcDbText
 10
214.90869861458097
 20
508.8500000000001
 30
0.0
 40
1.8
  1
zamknięte z hakami 135° (8.5, rys. 8.5), pierwsze strzemię 5 cm od lica podpory; rozstaw wg obliczeń (6.2.3), s ≤ min(0,75·d; 400 mm) (9.6N).
  7
PL_ARIAL
 11
214.90869861458097
 21
508.8500000000001
 31
0.0
100
AcDbText
  0
TEXT
  5
197
330
1B
100
AcDbEntity
 67
1
  8
R-OPISY
100
AcDbText
 10
212.0
 20
505.43000000000006
 30
0.0
 40
1.8
  1
3. 
  7
PL_ARIAL
 11
212.0
 21
505.43000000000006
 31
0.0
100
AcDbText
  0
TEXT
  5
198
330
1B
100
AcDbEntity
 67
1
  8
R-OPISY
100
AcDbText
 10
214.90869861458097
 20
505.43000000000006
 30
0.0
 40
1.8
  1
Przekrój A-A — w środku rozpiętości; długości prętów l — długości rozwinięcia (wymiary zewnętrzne, odliczenie gięcia wg PN-EN ISO 3766).
  7
PL_ARIAL
 11
214.90869861458097
 21
505.43000000000006
 31
0.0
100
AcDbText
  0
TEXT
  5
199
330
1B
100
AcDbEntity
 67
1
  8
R-OPISY
100
AcDbText
 10
212.0
 20
502.01000000000005
 30
0.0
 40
1.8
  1
4. 
  7
PL_ARIAL
 11
212.0
 21
502.01000000000005
 31
0.0
100
AcDbText
  0
TEXT
  5
19A
330
1B
100
AcDbEntity
 67
1
  8
R-OPISY
100
AcDbText
 10
214.90869861458097
 20
502.01000000000005
 30
0.0
 40
1.8
  1
Betonowanie: beton wg PN-EN 206+A2 i PN-B-06265 (klasa, ekspozycja, D_max 16 mm, konsystencja S3); pielęgnacja ≥ 7 dni (klasa pielęgnacji 2
  7
PL_ARIAL
 11
214.90869861458097
 21
502.01000000000005
 31
0.0
100
AcDbText
  0
TEXT
  5
19B
330
1B
100
AcDbEntity
 67
1
  8
R-OPISY
100
AcDbText
 10
214.90869861458097
 20
499.13000000000005
 30
0.0
 40
1.8
  1
— PN-EN 13670 p. 8.5); przerwy robocze wyłącznie w miejscach uzgodnionych z projektantem.
  7
PL_ARIAL
 11
214.90869861458097
 21
499.13000000000005
 31
0.0
100
AcDbText
  0
TEXT
  5
19C
330
1B
100
AcDbEntity
 67
1
  8
R-OPISY
100
AcDbText
 10
212.0
 20
495.71000000000004
 30
0.0
 40
1.8
  1
5. 
  7
PL_ARIAL
 11
212.0
 21
495.71000000000004
 31
0.0
100
AcDbText
  0
TEXT
  5
19D
330
1B
100
AcDbEntity
 67
1
  8
R-OPISY
100
AcDbText
 10
214.90869861458097
 20
495.71000000000004
 30
0.0
 40
1.8
  1
Rozszalowanie i usunięcie podpór: płyty i belki po uzyskaniu ≥ 70 % f_ck (PN-EN 13670 p. 5.6 i 8.5), wsporniki — nie wcześniej niż po 28 dniach i po
  7
PL_ARIAL
 11
214.90869861458097
 21
495.71000000000004
 31
0.0
100
AcDbText
  0
TEXT
  5
19E
330
1B
100
AcDbEntity
 67
1
  8
R-OPISY
100
AcDbText
 10
214.90869861458097
 20
492.83000000000004
 30
0.0
 40
1.8
  1
wykonaniu elementów dociążających zaplecze; podpory wtórne do 28 dni.
  7
PL_ARIAL
 11
214.90869861458097
 21
492.83000000000004
 31
0.0
100
AcDbText
  0
TEXT
  5
19F
330
1B
100
AcDbEntity
 67
1
  8
R-OPISY
100
AcDbText
 10
212.0
 20
489.41
 30
0.0
 40
1.8
  1
6. 
  7
PL_ARIAL
 11
212.0
 21
489.41
 31
0.0
100
AcDbText
  0
TEXT
  5
1A0
330
1B
100
AcDbEntity
 67
1
  8
R-OPISY
100
AcDbText
 10
214.90869861458097
 20
489.41
 30
0.0
 40
1.8
  1
Nadproża pogrupowano w typy (jednakowy przekrój, długość i zbrojenie z obliczeń); liczby sztuk w zestawieniu — łącznie dla wszystkich nadproży
  7
PL_ARIAL
 11
214.90869861458097
 21
489.41
 31
0.0
100
AcDbText
  0
TEXT
  5
1A1
330
1B
100
AcDbEntity
 67
1
  8
R-OPISY
100
AcDbText
 10
214.90869861458097
 20
486.53000000000003
 30
0.0
 40
1.8
  1
typu.
  7
PL_ARIAL
 11
214.90869861458097
 21
486.53000000000003
 31
0.0
100
AcDbText
  0
TEXT
  5
1A2
330
1B
100
AcDbEntity
 67
1
  8
R-OPISY
100
AcDbText
 10
212.0
 20
483.11
 30
0.0
 40
1.8
  1
7. 
  7
PL_ARIAL
 11
212.0
 21
483.11
 31
0.0
100
AcDbText
  0
TEXT
  5
1A3
330
1B
100
AcDbEntity
 67
1
  8
R-OPISY
100
AcDbText
 10
214.90869861458097
 20
483.11
 30
0.0
 40
1.8
  1
Rysunek wygenerowany automatycznie z modelu model/budynek.yaml (wersja 1.0, 2026-09-25) — generatory lamela.views.
  7
PL_ARIAL
 11
214.90869861458097
 21
483.11
 31
0.0
100
AcDbText
  0
TEXT
  5
1A4
330
1B
100
AcDbEntity
 67
1
  8
R-OPISY
100
AcDbText
 10
12.8
 20
119.5
 30
0.0
 40
1.8
  1
odcinek kontrolny 100 mm (wydruk 1:1)
 50
90.0
  7
PL_ARIAL
 11
12.8
 21
119.5
 31
0.0
100
AcDbText
  0
TEXT
  5
1A5
330
1B
100
AcDbEntity
 67
1
  8
R-RAMKA
100
AcDbText
 10
210.8
 20
0.8
 30
0.0
 40
1.8
  1
1
  7
PL_ARIAL
 11
210.8
 21
0.8
 31
0.0
100
AcDbText
  0
TEXT
  5
1A6
330
1B
100
AcDbEntity
 67
1
  8
R-RAMKA
100
AcDbText
 10
115.8
 20
0.8
 30
0.0
 40
1.8
  1
2
  7
PL_ARIAL
 11
115.8
 21
0.8
 31
0.0
100
AcDbText
  0
TEXT
  5
1A7
330
1B
100
AcDbEntity
 67
1
  8
R-RAMKA
100
AcDbText
 10
0.8
 20
297.8
 30
0.0
 40
1.8
  1
3
  7
PL_ARIAL
 11
0.8
 21
297.8
 31
0.0
100
AcDbText
  0
TEXT
  5
1A8
330
1B
100
AcDbEntity
 67
1
  8
R-RAMKA
100
AcDbText
 10
374.79831932773106
 20
4.1
 30
0.0
 40
1.8
  1
nst. 400×594
  7
PL_ARIAL
 11
374.79831932773106
 21
4.1
 31
0.0
100
AcDbText
  0
TEXT
  5
1A9
330
1B
100
AcDbEntity
 67
1
  8
R-TABLICZKA
100
AcDbText
 10
211.2
 20
100.0
 30
0.0
 40
1.8
  1
PRACOWNIA PROJEKTOWA
  7
PL_ARIAL
 11
211.2
 21
100.0
 31
0.0
100
AcDbText
  0
TEXT
  5
1AA
330
1B
100
AcDbEntity
 67
1
  8
R-TABLICZKA
100
AcDbText
 10
211.2
 20
96.1
 30
0.0
 40
2.5
  1
PRACOWNIA PROJEKTOWA — nazwa do uzupełnienia
  7
PL_ARIAL_B
 11
211.2
 21
96.1
 31
0.0
100
AcDbText
  0
TEXT
  5
1AB
330
1B
100
AcDbEntity
 67
1
  8
R-TABLICZKA
100
AcDbText
 10
211.2
 20
92.4
 30
0.0
 40
1.8
  1
adres pracowni do uzupełnienia
  7
PL_ARIAL
 11
211.2
 21
92.4
 31
0.0
100
AcDbText
  0
TEXT
  5
1AC
330
1B
100
AcDbEntity
 67
1
  8
R-TABLICZKA
100
AcDbText
 10
321.2
 20
100.0
 30
0.0
 40
1.8
  1
STADIUM
  7
PL_ARIAL
 11
321.2
 21
100.0
 31
0.0
100
AcDbText
  0
TEXT
  5
1AD
330
1B
100
AcDbEntity
 67
1
  8
R-TABLICZKA
100
AcDbText
 10
327.8565750624574
 20
93.5
 30
0.0
 40
5.0
  1
PT
  7
PL_ARIAL_B
 11
327.8565750624574
 21
93.5
 31
0.0
100
AcDbText
  0
TEXT
  5
1AE
330
1B
100
AcDbEntity
 67
1
  8
R-TABLICZKA
100
AcDbText
 10
346.2
 20
100.0
 30
0.0
 40
1.8
  1
BRANŻA
  7
PL_ARIAL
 11
346.2
 21
100.0
 31
0.0
100
AcDbText
  0
TEXT
  5
1AF
330
1B
100
AcDbEntity
 67
1
  8
R-TABLICZKA
100
AcDbText
 10
346.2
 20
94.44999999999999
 30
0.0
 40
2.5
  1
KONSTRUKCJA (BO)
  7
PL_ARIAL_B
 11
346.2
 21
94.44999999999999
 31
0.0
100
AcDbText
  0
TEXT
  5
1B0
330
1B
100
AcDbEntity
 67
1
  8
R-TABLICZKA
100
AcDbText
 10
211.2
 20
88.0
 30
0.0
 40
1.8
  1
INWESTOR
  7
PL_ARIAL
 11
211.2
 21
88.0
 31
0.0
100
AcDbText
  0
TEXT
  5
1B1
330
1B
100
AcDbEntity
 67
1
  8
R-TABLICZKA
100
AcDbText
 10
211.2
 20
84.44999999999999
 30
0.0
 40
2.5
  1
(do uzupełnienia)
  7
PL_ARIAL
 11
211.2
 21
84.44999999999999
 31
0.0
100
AcDbText
  0
TEXT
  5
1B2
330
1B
100
AcDbEntity
 67
1
  8
R-TABLICZKA
100
AcDbText
 10
211.2
 20
80.0
 30
0.0
 40
1.8
  1
OBIEKT / NAZWA ZAMIERZENIA BUDOWLANEGO
  7
PL_ARIAL
 11
211.2
 21
80.0
 31
0.0
100
AcDbText
  0
TEXT
  5
1B3
330
1B
100
AcDbEntity
 67
1
  8
R-TABLICZKA
100
AcDbText
 10
211.2
 20
75.19999999999999
 30
0.0
 40
2.5
  1
Budynek mieszkalny jednorodzinny wolnostojący „Dom LAMELA”
  7
PL_ARIAL_B
 11
211.2
 21
75.19999999999999
 31
0.0
100
AcDbText
  0
TEXT
  5
1B4
330
1B
100
AcDbEntity
 67
1
  8
R-TABLICZKA
100
AcDbText
 10
211.2
 20
69.5
 30
0.0
 40
1.8
  1
ADRES / LOKALIZACJA (NR DZIAŁKI, OBRĘB, JEDN. EWIDENCYJNA)
  7
PL_ARIAL
 11
211.2
 21
69.5
 31
0.0
100
AcDbText
  0
TEXT
  5
1B5
330
1B
100
AcDbEntity
 67
1
  8
R-TABLICZKA
100
AcDbText
 10
211.2
 20
65.716
 30
0.0
 40
1.8
  1
ul. Lipowa (fikcyjna), dz. nr ewid. 123/4, obręb 0005 Przykładowo, gm. Przykładowo (fikcyjna)
  7
PL_ARIAL
 11
211.2
 21
65.716
 31
0.0
100
AcDbText
  0
TEXT
  5
1B6
330
1B
100
AcDbEntity
 67
1
  8
R-TABLICZKA
100
AcDbText
 10
361.2
 20
69.5
 30
0.0
 40
1.8
  1
KAT. OBIEKTU
  7
PL_ARIAL
 11
361.2
 21
69.5
 31
0.0
100
AcDbText
  0
TEXT
  5
1B7
330
1B
100
AcDbEntity
 67
1
  8
R-TABLICZKA
100
AcDbText
 10
374.2933227344992
 20
65.07
 30
0.0
 40
3.5
  1
I
  7
PL_ARIAL_B
 11
374.2933227344992
 21
65.07
 31
0.0
100
AcDbText
  0
TEXT
  5
1B8
330
1B
100
AcDbEntity
 67
1
  8
R-TABLICZKA
100
AcDbText
 10
217.46736316148082
 20
60.35
 30
0.0
 40
1.8
  1
FUNKCJA
  7
PL_ARIAL
 11
217.46736316148082
 21
60.35
 31
0.0
100
AcDbText
  0
TEXT
  5
1B9
330
1B
100
AcDbEntity
 67
1
  8
R-TABLICZKA
100
AcDbText
 10
247.74312968430615
 20
60.35
 30
0.0
 40
1.8
  1
IMIĘ I NAZWISKO
  7
PL_ARIAL
 11
247.74312968430615
 21
60.35
 31
0.0
100
AcDbText
  0
TEXT
  5
1BA
330
1B
100
AcDbEntity
 67
1
  8
R-TABLICZKA
100
AcDbText
 10
286.9770156711333
 20
60.35
 30
0.0
 40
1.8
  1
SPECJALNOŚĆ, NR UPRAWNIEŃ
  7
PL_ARIAL
 11
286.9770156711333
 21
60.35
 31
0.0
100
AcDbText
  0
TEXT
  5
1BB
330
1B
100
AcDbEntity
 67
1
  8
R-TABLICZKA
100
AcDbText
 10
341.7051782875312
 20
60.35
 30
0.0
 40
1.8
  1
DATA
  7
PL_ARIAL
 11
341.7051782875312
 21
60.35
 31
0.0
100
AcDbText
  0
TEXT
  5
1BC
330
1B
100
AcDbEntity
 67
1
  8
R-TABLICZKA
100
AcDbText
 10
367.5564387917329
 20
60.35
 30
0.0
 40
1.8
  1
PODPIS
  7
PL_ARIAL
 11
367.5564387917329
 21
60.35
 31
0.0
100
AcDbText
  0
TEXT
  5
1BD
330
1B
100
AcDbEntity
 67
1
  8
R-TABLICZKA
100
AcDbText
 10
211.2
 20
54.6
 30
0.0
 40
1.8
  1
Projektant
  7
PL_ARIAL
 11
211.2
 21
54.6
 31
0.0
100
AcDbText
  0
TEXT
  5
1BE
330
1B
100
AcDbEntity
 67
1
  8
R-TABLICZKA
100
AcDbText
 10
238.2
 20
54.25
 30
0.0
 40
2.5
  1
[DO UZUPEŁNIENIA]
  7
PL_ARIAL
 11
238.2
 21
54.25
 31
0.0
100
AcDbText
  0
TEXT
  5
1BF
330
1B
100
AcDbEntity
 67
1
  8
R-TABLICZKA
100
AcDbText
 10
281.2
 20
54.6
 30
0.0
 40
1.8
  1
[DO UZUPEŁNIENIA]
  7
PL_ARIAL
 11
281.2
 21
54.6
 31
0.0
100
AcDbText
  0
TEXT
  5
1C0
330
1B
100
AcDbEntity
 67
1
  8
R-TABLICZKA
100
AcDbText
 10
211.2
 20
47.6
 30
0.0
 40
1.8
  1
Projektant (wsp.)
  7
PL_ARIAL
 11
211.2
 21
47.6
 31
0.0
100
AcDbText
  0
TEXT
  5
1C1
330
1B
100
AcDbEntity
 67
1
  8
R-TABLICZKA
100
AcDbText
 10
238.2
 20
47.25
 30
0.0
 40
2.5
  1
[DO UZUPEŁNIENIA]
  7
PL_ARIAL
 11
238.2
 21
47.25
 31
0.0
100
AcDbText
  0
TEXT
  5
1C2
330
1B
100
AcDbEntity
 67
1
  8
R-TABLICZKA
100
AcDbText
 10
281.2
 20
47.6
 30
0.0
 40
1.8
  1
[DO UZUPEŁNIENIA]
  7
PL_ARIAL
 11
281.2
 21
47.6
 31
0.0
100
AcDbText
  0
TEXT
  5
1C3
330
1B
100
AcDbEntity
 67
1
  8
R-TABLICZKA
100
AcDbText
 10
211.2
 20
40.6
 30
0.0
 40
1.8
  1
Sprawdzający
  7
PL_ARIAL
 11
211.2
 21
40.6
 31
0.0
100
AcDbText
  0
TEXT
  5
1C4
330
1B
100
AcDbEntity
 67
1
  8
R-TABLICZKA
100
AcDbText
 10
238.2
 20
40.6
 30
0.0
 40
1.8
  1
nie dotyczy (art. 20 ust. 3 pkt 2 PB)
  7
PL_ARIAL
 11
238.2
 21
40.6
 31
0.0
100
AcDbText
  0
TEXT
  5
1C5
330
1B
100
AcDbEntity
 67
1
  8
R-TABLICZKA
100
AcDbText
 10
281.2
 20
40.6
 30
0.0
 40
1.8
  1
—
  7
PL_ARIAL
 11
281.2
 21
40.6
 31
0.0
100
AcDbText
  0
TEXT
  5
1C6
330
1B
100
AcDbEntity
 67
1
  8
R-TABLICZKA
100
AcDbText
 10
211.2
 20
33.6
 30
0.0
 40
1.8
  1
Opracował
  7
PL_ARIAL
 11
211.2
 21
33.6
 31
0.0
100
AcDbText
  0
TEXT
  5
1C7
330
1B
100
AcDbEntity
 67
1
  8
R-TABLICZKA
100
AcDbText
 10
238.2
 20
33.25
 30
0.0
 40
2.5
  1
[DO UZUPEŁNIENIA]
  7
PL_ARIAL
 11
238.2
 21
33.25
 31
0.0
100
AcDbText
  0
TEXT
  5
1C8
330
1B
100
AcDbEntity
 67
1
  8
R-TABLICZKA
100
AcDbText
 10
281.2
 20
33.6
 30
0.0
 40
1.8
  1
[DO UZUPEŁNIENIA]
  7
PL_ARIAL
 11
281.2
 21
33.6
 31
0.0
100
AcDbText
  0
TEXT
  5
1C9
330
1B
100
AcDbEntity
 67
1
  8
R-TABLICZKA
100
AcDbText
 10
211.2
 20
28.0
 30
0.0
 40
1.8
  1
TYTUŁ RYSUNKU
  7
PL_ARIAL
 11
211.2
 21
28.0
 31
0.0
100
AcDbText
  0
TEXT
  5
1CA
330
1B
100
AcDbEntity
 67
1
  8
R-TABLICZKA
100
AcDbText
 10
211.2
 20
21.5
 30
0.0
 40
5.0
  1
ZBROJENIE NADPROŻY (3)
  7
PL_ARIAL_B
 11
211.2
 21
21.5
 31
0.0
100
AcDbText
  0
TEXT
  5
1CB
330
1B
100
AcDbEntity
 67
1
  8
R-TABLICZKA
100
AcDbText
 10
211.2
 20
16.0
 30
0.0
 40
1.8
  1
SKALA
  7
PL_ARIAL
 11
211.2
 21
16.0
 31
0.0
100
AcDbText
  0
TEXT
  5
1CC
330
1B
100
AcDbEntity
 67
1
  8
R-TABLICZKA
100
AcDbText
 10
216.9093799682035
 20
11.57
 30
0.0
 40
3.5
  1
1:25
  7
PL_ARIAL_B
 11
216.9093799682035
 21
11.57
 31
0.0
100
AcDbText
  0
TEXT
  5
1CD
330
1B
100
AcDbEntity
 67
1
  8
R-TABLICZKA
100
AcDbText
 10
235.2
 20
16.0
 30
0.0
 40
1.8
  1
FORMAT
  7
PL_ARIAL
 11
235.2
 21
16.0
 31
0.0
100
AcDbText
  0
TEXT
  5
1CE
330
1B
100
AcDbEntity
 67
1
  8
R-TABLICZKA
100
AcDbText
 10
236.87104247104247
 20
12.216000000000001
 30
0.0
 40
1.8
  1
400×594
  7
PL_ARIAL
 11
236.87104247104247
 21
12.216000000000001
 31
0.0
100
AcDbText
  0
TEXT
  5
1CF
330
1B
100
AcDbEntity
 67
1
  8
R-TABLICZKA
100
AcDbText
 10
251.2
 20
16.0
 30
0.0
 40
1.8
  1
DATA WYDANIA
  7
PL_ARIAL
 11
251.2
 21
16.0
 31
0.0
100
AcDbText
  0
TEXT
  5
1D0
330
1B
100
AcDbEntity
 67
1
  8
R-TABLICZKA
100
AcDbText
 10
252.70690438337496
 20
11.95
 30
0.0
 40
2.5
  1
2026-09-25
  7
PL_ARIAL
 11
252.70690438337496
 21
11.95
 31
0.0
100
AcDbText
  0
TEXT
  5
1D1
330
1B
100
AcDbEntity
 67
1
  8
R-TABLICZKA
100
AcDbText
 10
275.2
 20
16.0
 30
0.0
 40
1.8
  1
RODZAJ DOK.
  7
PL_ARIAL
 11
275.2
 21
16.0
 31
0.0
100
AcDbText
  0
TEXT
  5
1D2
330
1B
100
AcDbEntity
 67
1
  8
R-TABLICZKA
100
AcDbText
 10
277.74780831251417
 20
12.216000000000001
 30
0.0
 40
1.8
  1
rysunek zbrojenia
  7
PL_ARIAL
 11
277.74780831251417
 21
12.216000000000001
 31
0.0
100
AcDbText
  0
TEXT
  5
1D3
330
1B
100
AcDbEntity
 67
1
  8
R-TABLICZKA
100
AcDbText
 10
303.2
 20
16.0
 30
0.0
 40
1.8
  1
NR RYSUNKU
  7
PL_ARIAL
 11
303.2
 21
16.0
 31
0.0
100
AcDbText
  0
TEXT
  5
1D4
330
1B
100
AcDbEntity
 67
1
  8
R-TABLICZKA
100
AcDbText
 10
316.55127186009537
 20
11.57
 30
0.0
 40
3.5
  1
PT-BO-25
  7
PL_ARIAL_B
 11
316.55127186009537
 21
11.57
 31
0.0
100
AcDbText
  0
TEXT
  5
1D5
330
1B
100
AcDbEntity
 67
1
  8
R-TABLICZKA
100
AcDbText
 10
355.2
 20
16.0
 30
0.0
 40
1.8
  1
ARKUSZ
  7
PL_ARIAL
 11
355.2
 21
16.0
 31
0.0
100
AcDbText
  0
TEXT
  5
1D6
330
1B
100
AcDbEntity
 67
1
  8
R-TABLICZKA
100
AcDbText
 10
358.45366795366795
 20
11.95
 30
0.0
 40
2.5
  1
25/27
  7
PL_ARIAL
 11
358.45366795366795
 21
11.95
 31
0.0
100
AcDbText
  0
TEXT
  5
1D7
330
1B
100
AcDbEntity
 67
1
  8
R-TABLICZKA
100
AcDbText
 10
373.2
 20
16.0
 30
0.0
 40
1.8
  1
REW.
  7
PL_ARIAL
 11
373.2
 21
16.0
 31
0.0
100
AcDbText
  0
TEXT
  5
1D8
330
1B
100
AcDbEntity
 67
1
  8
R-TABLICZKA
100
AcDbText
 10
379.585453100159
 20
11.57
 30
0.0
 40
3.5
  1
0
  7
PL_ARIAL_B
 11
379.585453100159
 21
11.57
 31
0.0
100
AcDbText
  0
TEXT
  5
1D9
330
1B
100
AcDbEntity
 67
1
  8
R-TABLICZKA
100
AcDbText
 10
211.2
 20
104.25
 30
0.0
 40
2.5
  1
0
  7
PL_ARIAL
 11
211.2
 21
104.25
 31
0.0
100
AcDbText
  0
TEXT
  5
1DA
330
1B
100
AcDbEntity
 67
1
  8
R-TABLICZKA
100
AcDbText
 10
229.2
 20
104.25
 30
0.0
 40
2.5
  1
Wydanie — rysunek wygenerowany z modelu
  7
PL_ARIAL
 11
229.2
 21
104.25
 31
0.0
100
AcDbText
  0
TEXT
  5
1DB
330
1B
100
AcDbEntity
 67
1
  8
R-TABLICZKA
100
AcDbText
 10
351.2
 20
104.25
 30
0.0
 40
2.5
  1
2026-09-25
  7
PL_ARIAL
 11
351.2
 21
104.25
 31
0.0
100
AcDbText
  0
TEXT
  5
1DC
330
1B
100
AcDbEntity
 67
1
  8
R-TABLICZKA
100
AcDbText
 10
211.2
 20
109.6
 30
0.0
 40
1.8
  1
REW.
  7
PL_ARIAL
 11
211.2
 21
109.6
 31
0.0
100
AcDbText
  0
TEXT
  5
1DD
330
1B
100
AcDbEntity
 67
1
  8
R-TABLICZKA
100
AcDbText
 10
229.2
 20
109.6
 30
0.0
 40
1.8
  1
OPIS ZMIANY
  7
PL_ARIAL
 11
229.2
 21
109.6
 31
0.0
100
AcDbText
  0
TEXT
  5
1DE
330
1B
100
AcDbEntity
 67
1
  8
R-TABLICZKA
100
AcDbText
 10
351.2
 20
109.6
 30
0.0
 40
1.8
  1
DATA
  7
PL_ARIAL
 11
351.2
 21
109.6
 31
0.0
100
AcDbText
  0
VIEWPORT
  5
775
330
1B
100
AcDbEntity
 67
1
  8
R-RZUTNIA
100
AcDbViewport
 10
189.95
 20
382.475
 30
0.0
 40
327.9
 41
391.04999999999995
 68
2
 69
3
 12
4.08625
 22
-4.8756249999999985
 13
0.0
 23
0.0
 14
10.0
 24
10.0
 15
10.0
 25
10.0
 16
0.0
 26
0.0
 36
1.0
 17
0.0
 27
0.0
 37
0.0
 42
50.0
 43
0.0
 44
0.0
 45
9.77625
 50
0.0
 51
0.0
 72
100
 90
16384
  1

281
0
 71
0
 74
0
110
0.0
120
0.0
130
0.0
111
1.0
121
0.0
131
0.0
112
0.0
122
1.0
132
0.0
 79
0
146
0.0
282
0
  0
ENDSEC
  0
SECTION
  2
OBJECTS
  0
DICTIONARY
  5
A
330
0
100
AcDbDictionary
281
1
  3
ACAD_COLOR
350
B
  3
ACAD_GROUP
350
C
  3
ACAD_LAYOUT
350
D
  3
ACAD_MATERIAL
350
E
  3
ACAD_MLEADERSTYLE
350
F
  3
ACAD_MLINESTYLE
350
10
  3
ACAD_PLOTSETTINGS
350
11
  3
ACAD_PLOTSTYLENAME
350
12
  3
ACAD_SCALELIST
350
14
  3
ACAD_TABLESTYLE
350
15
  3
ACAD_VISUALSTYLE
350
16
  3
EZDXF_META
350
2D
  0
DICTIONARY
  5
B
330
A
100
AcDbDictionary
281
1
  0
DICTIONARY
  5
C
330
A
100
AcDbDictionary
281
1
  0
DICTIONARY
  5
D
330
A
100
AcDbDictionary
281
1
  3
Model
350
1A
  3
Arkusz PT-BO-25
350
1E
  0
DICTIONARY
  5
E
330
A
100
AcDbDictionary
281
1
  3
ByBlock
350
1F
  3
ByLayer
350
20
  3
Global
350
21
  0
DICTIONARY
  5
F
330
A
100
AcDbDictionary
281
1
  3
Standard
350
2C
  0
DICTIONARY
  5
10
330
A
100
AcDbDictionary
281
1
  3
Standard
350
22
  0
DICTIONARY
  5
11
330
A
100
AcDbDictionary
281
1
  0
ACDBDICTIONARYWDFLT
  5
12
330
A
100
AcDbDictionary
281
1
  3
Normal
350
13
100
AcDbDictionaryWithDefault
340
13
  0
ACDBPLACEHOLDER
  5
13
330
12
  0
DICTIONARY
  5
14
330
A
100
AcDbDictionary
281
1
  0
DICTIONARY
  5
15
330
A
100
AcDbDictionary
281
1
  0
DICTIONARY
  5
16
330
A
100
AcDbDictionary
281
1
  0
LAYOUT
  5
1A
330
D
100
AcDbPlotSettings
  1

  4
A3
  6

 40
7.5
 41
20.0
 42
7.5
 43
20.0
 44
420.0
 45
297.0
 46
0.0
 47
0.0
 48
0.0
 49
0.0
140
0.0
141
0.0
142
1.0
143
1.0
 70
1024
 72
1
 73
0
 74
5
  7

 75
16
 76
0
 77
2
 78
300
147
1.0
148
0.0
149
0.0
100
AcDbLayout
  1
Model
 70
1
 71
0
 10
0.0
 20
0.0
 11
420.0
 21
297.0
 12
0.0
 22
0.0
 32
0.0
 14
1e+20
 24
1e+20
 34
1e+20
 15
-1e+20
 25
-1e+20
 35
-1e+20
146
0.0
 13
0.0
 23
0.0
 33
0.0
 16
1.0
 26
0.0
 36
0.0
 17
0.0
 27
1.0
 37
0.0
 76
1
330
17
  0
LAYOUT
  5
1E
330
D
100
AcDbPlotSettings
  1

  2
DWG to PDF.pc3
  4
LAMELA_(400.00_x_594.00_MM)
  6

 40
0.0
 41
0.0
 42
0.0
 43
0.0
 44
400.0
 45
594.0
 46
0.0
 47
0.0
 48
0.0
 49
0.0
140
0.0
141
0.0
142
1.0
143
1.0
 70
672
 72
1
 73
0
 74
5
  7

 75
16
 76
0
 77
2
 78
300
147
1.0
148
0.0
149
0.0
100
AcDbLayout
  1
Arkusz PT-BO-25
 70
1
 71
1
 10
-0.0
 20
-0.0
 11
400.0
 21
594.0
 12
0.0
 22
0.0
 32
0.0
 14
1e+20
 24
1e+20
 34
1e+20
 15
-1e+20
 25
-1e+20
 35
-1e+20
146
0.0
 13
0.0
 23
0.0
 33
0.0
 16
1.0
 26
0.0
 36
0.0
 17
0.0
 27
1.0
 37
0.0
 76
1
330
1B
331
A4
  0
MATERIAL
  5
1F
102
{ACAD_REACTORS
330
E
102
}
330
E
100
AcDbMaterial
  1
ByBlock
  2

 70
0
 40
1.0
 71
1
 41
1.0
 91
-1023410177
 42
1.0
 72
1
  3

 73
1
 74
1
 75
1
 44
0.5
 73
0
 45
1.0
 46
1.0
 77
1
  4

 78
1
 79
1
170
1
 48
1.0
171
1
  6

172
1
173
1
174
1
140
1.0
141
1.0
175
1
  7

176
1
177
1
178
1
143
1.0
179
1
  8

270
1
271
1
272
1
145
1.0
146
1.0
273
1
  9

274
1
275
1
276
1
 42
1.0
 72
1
  3

 73
1
 74
1
 75
1
 94
63
  0
MATERIAL
  5
20
102
{ACAD_REACTORS
330
E
102
}
330
E
100
AcDbMaterial
  1
ByLayer
  2

 70
0
 40
1.0
 71
1
 41
1.0
 91
-1023410177
 42
1.0
 72
1
  3

 73
1
 74
1
 75
1
 44
0.5
 73
0
 45
1.0
 46
1.0
 77
1
  4

 78
1
 79
1
170
1
 48
1.0
171
1
  6

172
1
173
1
174
1
140
1.0
141
1.0
175
1
  7

176
1
177
1
178
1
143
1.0
179
1
  8

270
1
271
1
272
1
145
1.0
146
1.0
273
1
  9

274
1
275
1
276
1
 42
1.0
 72
1
  3

 73
1
 74
1
 75
1
 94
63
  0
MATERIAL
  5
21
102
{ACAD_REACTORS
330
E
102
}
330
E
100
AcDbMaterial
  1
Global
  2

 70
0
 40
1.0
 71
1
 41
1.0
 91
-1023410177
 42
1.0
 72
1
  3

 73
1
 74
1
 75
1
 44
0.5
 73
0
 45
1.0
 46
1.0
 77
1
  4

 78
1
 79
1
170
1
 48
1.0
171
1
  6

172
1
173
1
174
1
140
1.0
141
1.0
175
1
  7

176
1
177
1
178
1
143
1.0
179
1
  8

270
1
271
1
272
1
145
1.0
146
1.0
273
1
  9

274
1
275
1
276
1
 42
1.0
 72
1
  3

 73
1
 74
1
 75
1
 94
63
  0
MLINESTYLE
  5
22
102
{ACAD_REACTORS
330
10
102
}
330
10
100
AcDbMlineStyle
  2
Standard
 70
0
  3

 62
256
 51
90.0
 52
90.0
 71
2
 49
0.5
 62
256
  6
BYLAYER
 49
-0.5
 62
256
  6
BYLAYER
  0
MLEADERSTYLE
  5
2C
102
{ACAD_REACTORS
330
F
102
}
330
F
100
AcDbMLeaderStyle
179
2
170
2
171
1
172
0
 90
2
 40
0.0
 41
0.0
173
1
 91
-1056964608
 92
-2
290
1
 42
2.0
291
1
 43
8.0
  3
Standard
 44
4.0
300

342
29
174
1
175
1
176
0
178
1
 93
-1056964608
 45
4.0
292
0
297
0
 46
4.0
 94
-1056964608
 47
1.0
 49
1.0
140
1.0
294
1
141
0.0
177
0
142
1.0
295
0
296
0
143
3.75
271
0
272
9
273
9
  0
DICTIONARY
  5
2D
330
A
100
AcDbDictionary
280
1
281
1
  3
CREATED_BY_EZDXF
350
2E
  3
WRITTEN_BY_EZDXF
350
778
  0
DICTIONARYVAR
  5
2E
330
2D
100
DictionaryVariables
280
0
  1
1.4.4 @ 2026-09-25T10:13:04.282182+00:00
  0
DICTIONARYVAR
  5
778
330
2D
100
DictionaryVariables
280
0
  1
1.4.4 @ 2026-09-25T10:13:04.607352+00:00
  0
ENDSEC
  0
EOF
