  0
SECTION
  2
HEADER
  9
$ACADVER
  1
AC1032
  9
$ACADMAINTVER
 90
4
  9
$DWGCODEPAGE
  3
ANSI_1252
  9
$LASTSAVEDBY
  1
ezdxf
  9
$REQUIREDVERSIONS
160
0
  9
$INSBASE
 10
0.0
 20
0.0
 30
0.0
  9
$EXTMIN
 10
1e+20
 20
1e+20
 30
1e+20
  9
$EXTMAX
 10
-1e+20
 20
-1e+20
 30
-1e+20
  9
$LIMMIN
 10
0.0
 20
0.0
  9
$LIMMAX
 10
420.0
 20
297.0
  9
$ORTHOMODE
 70
0
  9
$REGENMODE
 70
1
  9
$FILLMODE
 70
1
  9
$QTEXTMODE
 70
0
  9
$MIRRTEXT
 70
1
  9
$LTSCALE
 40
1.0
  9
$ATTMODE
 70
1
  9
$TEXTSIZE
 40
2.5
  9
$TRACEWID
 40
1.0
  9
$TEXTSTYLE
  7
Standard
  9
$CLAYER
  8
0
  9
$CELTYPE
  6
ByLayer
  9
$CECOLOR
 62
256
  9
$CELTSCALE
 40
1.0
  9
$DISPSILH
 70
0
  9
$DIMSCALE
 40
1.0
  9
$DIMASZ
 40
2.5
  9
$DIMEXO
 40
0.625
  9
$DIMDLI
 40
3.75
  9
$DIMRND
 40
0.0
  9
$DIMDLE
 40
0.0
  9
$DIMEXE
 40
1.25
  9
$DIMTP
 40
0.0
  9
$DIMTM
 40
0.0
  9
$DIMTXT
 40
2.5
  9
$DIMCEN
 40
2.5
  9
$DIMTSZ
 40
0.0
  9
$DIMTOL
 70
0
  9
$DIMLIM
 70
0
  9
$DIMTIH
 70
0
  9
$DIMTOH
 70
0
  9
$DIMSE1
 70
0
  9
$DIMSE2
 70
0
  9
$DIMTAD
 70
1
  9
$DIMZIN
 70
8
  9
$DIMBLK
  1

  9
$DIMASO
 70
1
  9
$DIMSHO
 70
1
  9
$DIMPOST
  1

  9
$DIMAPOST
  1

  9
$DIMALT
 70
0
  9
$DIMALTD
 70
3
  9
$DIMALTF
 40
0.03937007874
  9
$DIMLFAC
 40
1.0
  9
$DIMTOFL
 70
1
  9
$DIMTVP
 40
0.0
  9
$DIMTIX
 70
0
  9
$DIMSOXD
 70
0
  9
$DIMSAH
 70
0
  9
$DIMBLK1
  1

  9
$DIMBLK2
  1

  9
$DIMSTYLE
  2
ISO-25
  9
$DIMCLRD
 70
0
  9
$DIMCLRE
 70
0
  9
$DIMCLRT
 70
0
  9
$DIMTFAC
 40
1.0
  9
$DIMGAP
 40
0.625
  9
$DIMJUST
 70
0
  9
$DIMSD1
 70
0
  9
$DIMSD2
 70
0
  9
$DIMTOLJ
 70
0
  9
$DIMTZIN
 70
8
  9
$DIMALTZ
 70
0
  9
$DIMALTTZ
 70
0
  9
$DIMUPT
 70
0
  9
$DIMDEC
 70
2
  9
$DIMTDEC
 70
2
  9
$DIMALTU
 70
2
  9
$DIMALTTD
 70
3
  9
$DIMTXSTY
  7
Standard
  9
$DIMAUNIT
 70
0
  9
$DIMADEC
 70
0
  9
$DIMALTRND
 40
0.0
  9
$DIMAZIN
 70
0
  9
$DIMDSEP
 70
44
  9
$DIMATFIT
 70
3
  9
$DIMFRAC
 70
0
  9
$DIMLDRBLK
  1

  9
$DIMLUNIT
 70
2
  9
$DIMLWD
 70
-2
  9
$DIMLWE
 70
-2
  9
$DIMTMOVE
 70
0
  9
$DIMFXL
 40
1.0
  9
$DIMFXLON
 70
0
  9
$DIMJOGANG
 40
0.785398163397
  9
$DIMTFILL
 70
0
  9
$DIMTFILLCLR
 70
0
  9
$DIMARCSYM
 70
0
  9
$DIMLTYPE
  6

  9
$DIMLTEX1
  6

  9
$DIMLTEX2
  6

  9
$DIMTXTDIRECTION
 70
0
  9
$LUNITS
 70
2
  9
$LUPREC
 70
4
  9
$SKETCHINC
 40
1.0
  9
$FILLETRAD
 40
10.0
  9
$AUNITS
 70
0
  9
$AUPREC
 70
2
  9
$MENU
  1
.
  9
$ELEVATION
 40
0.0
  9
$PELEVATION
 40
0.0
  9
$THICKNESS
 40
0.0
  9
$LIMCHECK
 70
0
  9
$CHAMFERA
 40
0.0
  9
$CHAMFERB
 40
0.0
  9
$CHAMFERC
 40
0.0
  9
$CHAMFERD
 40
0.0
  9
$SKPOLY
 70
0
  9
$TDCREATE
 40
2461309.182025463
  9
$TDUCREATE
 40
2458532.153996898
  9
$TDUPDATE
 40
2461309.182025463
  9
$TDUUPDATE
 40
2458532.1544311
  9
$TDINDWG
 40
0.0
  9
$TDUSRTIMER
 40
0.0
  9
$USRTIMER
 70
1
  9
$ANGBASE
 50
0.0
  9
$ANGDIR
 70
0
  9
$PDMODE
 70
0
  9
$PDSIZE
 40
0.0
  9
$PLINEWID
 40
0.0
  9
$SPLFRAME
 70
0
  9
$SPLINETYPE
 70
6
  9
$SPLINESEGS
 70
8
  9
$HANDSEED
  5
CB0
  9
$SURFTAB1
 70
6
  9
$SURFTAB2
 70
6
  9
$SURFTYPE
 70
6
  9
$SURFU
 70
6
  9
$SURFV
 70
6
  9
$UCSBASE
  2

  9
$UCSNAME
  2

  9
$UCSORG
 10
0.0
 20
0.0
 30
0.0
  9
$UCSXDIR
 10
1.0
 20
0.0
 30
0.0
  9
$UCSYDIR
 10
0.0
 20
1.0
 30
0.0
  9
$UCSORTHOREF
  2

  9
$UCSORTHOVIEW
 70
0
  9
$UCSORGTOP
 10
0.0
 20
0.0
 30
0.0
  9
$UCSORGBOTTOM
 10
0.0
 20
0.0
 30
0.0
  9
$UCSORGLEFT
 10
0.0
 20
0.0
 30
0.0
  9
$UCSORGRIGHT
 10
0.0
 20
0.0
 30
0.0
  9
$UCSORGFRONT
 10
0.0
 20
0.0
 30
0.0
  9
$UCSORGBACK
 10
0.0
 20
0.0
 30
0.0
  9
$PUCSBASE
  2

  9
$PUCSNAME
  2

  9
$PUCSORG
 10
0.0
 20
0.0
 30
0.0
  9
$PUCSXDIR
 10
1.0
 20
0.0
 30
0.0
  9
$PUCSYDIR
 10
0.0
 20
1.0
 30
0.0
  9
$PUCSORTHOREF
  2

  9
$PUCSORTHOVIEW
 70
0
  9
$PUCSORGTOP
 10
0.0
 20
0.0
 30
0.0
  9
$PUCSORGBOTTOM
 10
0.0
 20
0.0
 30
0.0
  9
$PUCSORGLEFT
 10
0.0
 20
0.0
 30
0.0
  9
$PUCSORGRIGHT
 10
0.0
 20
0.0
 30
0.0
  9
$PUCSORGFRONT
 10
0.0
 20
0.0
 30
0.0
  9
$PUCSORGBACK
 10
0.0
 20
0.0
 30
0.0
  9
$USERI1
 70
0
  9
$USERI2
 70
0
  9
$USERI3
 70
0
  9
$USERI4
 70
0
  9
$USERI5
 70
0
  9
$USERR1
 40
0.0
  9
$USERR2
 40
0.0
  9
$USERR3
 40
0.0
  9
$USERR4
 40
0.0
  9
$USERR5
 40
0.0
  9
$WORLDVIEW
 70
1
  9
$SHADEDGE
 70
3
  9
$SHADEDIF
 70
70
  9
$TILEMODE
 70
1
  9
$MAXACTVP
 70
64
  9
$PINSBASE
 10
0.0
 20
0.0
 30
0.0
  9
$PLIMCHECK
 70
0
  9
$PEXTMIN
 10
1e+20
 20
1e+20
 30
1e+20
  9
$PEXTMAX
 10
-1e+20
 20
-1e+20
 30
-1e+20
  9
$PLIMMIN
 10
-0.0
 20
-0.0
  9
$PLIMMAX
 10
891.0
 20
420.0
  9
$UNITMODE
 70
0
  9
$VISRETAIN
 70
1
  9
$PLINEGEN
 70
0
  9
$PSLTSCALE
 70
0
  9
$TREEDEPTH
 70
3020
  9
$CMLSTYLE
  2
Standard
  9
$CMLJUST
 70
0
  9
$CMLSCALE
 40
20.0
  9
$PROXYGRAPHICS
 70
1
  9
$MEASUREMENT
 70
1
  9
$CELWEIGHT
370
-1
  9
$ENDCAPS
280
0
  9
$JOINSTYLE
280
0
  9
$LWDISPLAY
290
1
  9
$INSUNITS
 70
6
  9
$HYPERLINKBASE
  1

  9
$STYLESHEET
  1

  9
$XEDIT
290
1
  9
$CEPSNTYPE
380
0
  9
$PSTYLEMODE
290
1
  9
$FINGERPRINTGUID
  2
{6E61E23E-7BBA-493D-AFA6-E3EBFA04709D}
  9
$VERSIONGUID
  2
{0746537E-E727-4C92-8F74-181977272344}
  9
$EXTNAMES
290
1
  9
$PSVPSCALE
 40
0.0
  9
$OLESTARTUP
290
0
  9
$SORTENTS
280
127
  9
$INDEXCTL
280
0
  9
$HIDETEXT
280
1
  9
$XCLIPFRAME
280
1
  9
$HALOGAP
280
0
  9
$OBSCOLOR
 70
257
  9
$OBSLTYPE
280
0
  9
$INTERSECTIONDISPLAY
280
0
  9
$INTERSECTIONCOLOR
 70
257
  9
$DIMASSOC
280
2
  9
$PROJECTNAME
  1

  9
$CAMERADISPLAY
290
0
  9
$LENSLENGTH
 40
50.0
  9
$CAMERAHEIGHT
 40
0.0
  9
$STEPSPERSEC
 40
24.0
  9
$STEPSIZE
 40
100.0
  9
$3DDWFPREC
 40
2.0
  9
$PSOLWIDTH
 40
0.005
  9
$PSOLHEIGHT
 40
0.08
  9
$LOFTANG1
 40
1.570796326795
  9
$LOFTANG2
 40
1.570796326795
  9
$LOFTMAG1
 40
0.0
  9
$LOFTMAG2
 40
0.0
  9
$LOFTPARAM
 70
7
  9
$LOFTNORMALS
280
1
  9
$LATITUDE
 40
37.795
  9
$LONGITUDE
 40
-122.394
  9
$NORTHDIRECTION
 40
0.0
  9
$TIMEZONE
 70
-8000
  9
$LIGHTGLYPHDISPLAY
280
1
  9
$TILEMODELIGHTSYNCH
280
1
  9
$CMATERIAL
347
20
  9
$SOLIDHIST
280
0
  9
$SHOWHIST
280
1
  9
$DWFFRAME
280
2
  9
$DGNFRAME
280
2
  9
$REALWORLDSCALE
290
1
  9
$INTERFERECOLOR
 62
256
  9
$CSHADOW
280
0
  9
$SHADOWPLANELOCATION
 40
0.0
  0
ENDSEC
  0
SECTION
  2
CLASSES
  0
CLASS
  1
ACDBDICTIONARYWDFLT
  2
AcDbDictionaryWithDefault
  3
ObjectDBX Classes
 90
0
 91
0
280
0
281
0
  0
CLASS
  1
SUN
  2
AcDbSun
  3
SCENEOE
 90
1153
 91
0
280
0
281
0
  0
CLASS
  1
VISUALSTYLE
  2
AcDbVisualStyle
  3
ObjectDBX Classes
 90
4095
 91
0
280
0
281
0
  0
CLASS
  1
MATERIAL
  2
AcDbMaterial
  3
ObjectDBX Classes
 90
1153
 91
0
280
0
281
0
  0
CLASS
  1
SCALE
  2
AcDbScale
  3
ObjectDBX Classes
 90
1153
 91
0
280
0
281
0
  0
CLASS
  1
TABLESTYLE
  2
AcDbTableStyle
  3
ObjectDBX Classes
 90
4095
 91
0
280
0
281
0
  0
CLASS
  1
MLEADERSTYLE
  2
AcDbMLeaderStyle
  3
ACDB_MLEADERSTYLE_CLASS
 90
4095
 91
0
280
0
281
0
  0
CLASS
  1
DICTIONARYVAR
  2
AcDbDictionaryVar
  3
ObjectDBX Classes
 90
0
 91
0
280
0
281
0
  0
CLASS
  1
CELLSTYLEMAP
  2
AcDbCellStyleMap
  3
ObjectDBX Classes
 90
1152
 91
0
280
0
281
0
  0
CLASS
  1
MENTALRAYRENDERSETTINGS
  2
AcDbMentalRayRenderSettings
  3
SCENEOE
 90
1024
 91
0
280
0
281
0
  0
CLASS
  1
ACDBDETAILVIEWSTYLE
  2
AcDbDetailViewStyle
  3
ObjectDBX Classes
 90
1025
 91
0
280
0
281
0
  0
CLASS
  1
ACDBSECTIONVIEWSTYLE
  2
AcDbSectionViewStyle
  3
ObjectDBX Classes
 90
1025
 91
0
280
0
281
0
  0
CLASS
  1
RASTERVARIABLES
  2
AcDbRasterVariables
  3
ISM
 90
0
 91
0
280
0
281
0
  0
CLASS
  1
LAYOUT
  2
AcDbLayout
  3
ObjectDBX Classes
 90
0
 91
0
280
0
281
0
  0
CLASS
  1
ACDBPLACEHOLDER
  2
AcDbPlaceHolder
  3
ObjectDBX Classes
 90
0
 91
0
280
0
281
0
  0
ENDSEC
  0
SECTION
  2
TABLES
  0
TABLE
  2
VPORT
  5
8
330
0
100
AcDbSymbolTable
 70
1
  0
VPORT
  5
23
330
8
100
AcDbSymbolTableRecord
100
AcDbViewportTableRecord
  2
*Active
 70
0
 10
0.0
 20
0.0
 11
1.0
 21
1.0
 12
0.0
 22
0.0
 13
0.0
 23
0.0
 14
0.5
 24
0.5
 15
0.5
 25
0.5
 16
0.0
 26
0.0
 36
1.0
 17
0.0
 27
0.0
 37
0.0
 40
1000.0
 41
1.34
 42
50.0
 43
0.0
 44
0.0
 50
0.0
 51
0.0
 71
0
 72
1000
 73
1
 74
3
 75
0
 76
0
 77
0
 78
0
281
0
 65
0
146
0.0
  0
ENDTAB
  0
TABLE
  2
LTYPE
  5
2
330
0
100
AcDbSymbolTable
 70
14
  0
LTYPE
  5
24
330
2
100
AcDbSymbolTableRecord
100
AcDbLinetypeTableRecord
  2
ByBlock
 70
0
  3

 72
65
 73
0
 40
0.0
  0
LTYPE
  5
25
330
2
100
AcDbSymbolTableRecord
100
AcDbLinetypeTableRecord
  2
ByLayer
 70
0
  3

 72
65
 73
0
 40
0.0
  0
LTYPE
  5
26
330
2
100
AcDbSymbolTableRecord
100
AcDbLinetypeTableRecord
  2
Continuous
 70
0
  3

 72
65
 73
0
 40
0.0
  0
LTYPE
  5
2F
330
2
100
AcDbSymbolTableRecord
100
AcDbLinetypeTableRecord
  2
KRESKOWA
 70
0
  3
Linia kreskowa (02): krawędzie niewidoczne, elementy pod/nad płaszczyzną cięcia
 72
65
 73
2
 40
5.249999999999999
 49
4.199999999999999
 74
0
 49
-1.0499999999999998
 74
0
  0
LTYPE
  5
30
330
2
100
AcDbSymbolTableRecord
100
AcDbLinetypeTableRecord
  2
KRESKOWA_DROBNA
 70
0
  3
Linia kreskowa drobna (kreska krótka 6d)
 72
65
 73
2
 40
3.1499999999999995
 49
2.0999999999999996
 74
0
 49
-1.0499999999999998
 74
0
  0
LTYPE
  5
31
330
2
100
AcDbSymbolTableRecord
100
AcDbLinetypeTableRecord
  2
PUNKTOWA
 70
0
  3
Linia punktowa (04): osie, płaszczyzny przekroju
 72
65
 73
4
 40
10.5
 49
8.399999999999999
 74
0
 49
-1.0499999999999998
 74
0
 49
0.0
 74
0
 49
-1.0499999999999998
 74
0
  0
LTYPE
  5
32
330
2
100
AcDbSymbolTableRecord
100
AcDbLinetypeTableRecord
  2
PUNKTOWA_KROTKA
 70
0
  3
Linia punktowa z kreską zwykłą (końce przekrojów, gaz)
 72
65
 73
4
 40
6.299999999999999
 49
4.199999999999999
 74
0
 49
-1.0499999999999998
 74
0
 49
0.0
 74
0
 49
-1.0499999999999998
 74
0
  0
LTYPE
  5
33
330
2
100
AcDbSymbolTableRecord
100
AcDbLinetypeTableRecord
  2
DWUPUNKTOWA
 70
0
  3
Linia dwupunktowa (05): położenia skrajne, części przyległe
 72
65
 73
6
 40
11.55
 49
8.399999999999999
 74
0
 49
-1.0499999999999998
 74
0
 49
0.0
 74
0
 49
-1.0499999999999998
 74
0
 49
0.0
 74
0
 49
-1.0499999999999998
 74
0
  0
LTYPE
  5
34
330
2
100
AcDbSymbolTableRecord
100
AcDbLinetypeTableRecord
  2
KROPKOWA
 70
0
  3
Linia kropkowa (07): elementy nieobjęte projektem
 72
65
 73
2
 40
1.0499999999999998
 49
0.0
 74
0
 49
-1.0499999999999998
 74
0
  0
LTYPE
  5
35
330
2
100
AcDbSymbolTableRecord
100
AcDbLinetypeTableRecord
  2
KRESKA_DLUGA
 70
0
  3
Linia kreskowa długa (instalacje)
 72
65
 73
2
 40
9.45
 49
8.399999999999999
 74
0
 49
-1.0499999999999998
 74
0
  0
LTYPE
  5
36
330
2
100
AcDbSymbolTableRecord
100
AcDbLinetypeTableRecord
  2
KRESKOWA_3_1
 70
0
  3
Linia kreskowa 3/1 mm (paroizolacja, R4 pkt 3.8)
 72
65
 73
2
 40
4.0
 49
3.0
 74
0
 49
-1.0
 74
0
  0
LTYPE
  5
37
330
2
100
AcDbSymbolTableRecord
100
AcDbLinetypeTableRecord
  2
HYDRO_OKNA
 70
0
  3
Białe okna pasa izolacji przeciwwodnej (czarny 3 / biały 1,5 mm)
 72
65
 73
2
 40
4.5
 49
1.5
 74
0
 49
-3.0
 74
0
  0
LTYPE
  5
38
330
2
100
AcDbSymbolTableRecord
100
AcDbLinetypeTableRecord
  2
WIELOPUNKTOWA
 70
0
  3
Linia wielopunktowa (telekomunikacja, PN-B-01027)
 72
65
 73
8
 40
13.399999999999999
 49
9.0
 74
0
 49
-1.2
 74
0
 49
0.0
 74
0
 49
-1.0
 74
0
 49
0.0
 74
0
 49
-1.0
 74
0
 49
0.0
 74
0
 49
-1.2
 74
0
  0
LTYPE
  5
39
330
2
100
AcDbSymbolTableRecord
100
AcDbLinetypeTableRecord
  2
KABEL_E
 70
0
  3
Kabel elektroenergetyczny (PN-B-01027: kreskowa 2·9·2)
 72
65
 73
2
 40
11.0
 49
9.0
 74
0
 49
-2.0
 74
0
  0
ENDTAB
  0
TABLE
  2
LAYER
  5
1
330
0
100
AcDbSymbolTable
 70
66
  0
LAYER
  5
27
330
1
100
AcDbSymbolTableRecord
100
AcDbLayerTableRecord
  2
0
 70
0
 62
7
  6
Continuous
370
-3
390
13
347
21
  0
LAYER
  5
28
330
1
100
AcDbSymbolTableRecord
100
AcDbLayerTableRecord
  2
Defpoints
 70
0
 62
7
  6
Continuous
290
0
370
-3
390
13
347
21
  0
LAYER
  5
3E
330
1
100
AcDbSymbolTableRecord
100
AcDbLayerTableRecord
  2
R-RAMKA
 70
0
 62
7
  6
Continuous
370
50
390
13
347
21
1001
AcAecLayerStandard
1000

1000
Ramka arkusza, znaki składania i centrowania
  0
LAYER
  5
40
330
1
100
AcDbSymbolTableRecord
100
AcDbLayerTableRecord
  2
R-TABLICZKA
 70
0
 62
7
  6
Continuous
370
25
390
13
347
21
1001
AcAecLayerStandard
1000

1000
Tabliczka rysunkowa (PN-EN ISO 7200)
  0
LAYER
  5
41
330
1
100
AcDbSymbolTableRecord
100
AcDbLayerTableRecord
  2
R-OPISY
 70
0
 62
7
  6
Continuous
370
25
390
13
347
21
1001
AcAecLayerStandard
1000

1000
Opisy arkusza: tytuły rzutni, uwagi, legendy
  0
LAYER
  5
42
330
1
100
AcDbSymbolTableRecord
100
AcDbLayerTableRecord
  2
R-LEGENDA
 70
0
 62
7
  6
Continuous
370
25
390
13
347
21
1001
AcAecLayerStandard
1000

1000
Legenda oznaczeń
  0
LAYER
  5
43
330
1
100
AcDbSymbolTableRecord
100
AcDbLayerTableRecord
  2
R-RZUTNIA
 70
0
 62
8
  6
Continuous
290
0
370
18
390
13
347
21
1001
AcAecLayerStandard
1000

1000
Obrys rzutni (nie drukowany)
  0
LAYER
  5
44
330
1
100
AcDbSymbolTableRecord
100
AcDbLayerTableRecord
  2
A-SCIANY-KONSTR
 70
0
 62
7
  6
Continuous
370
50
390
13
347
21
1001
AcAecLayerStandard
1000

1000
Ściany i słupy konstrukcyjne w przekroju — kontur
  0
LAYER
  5
45
330
1
100
AcDbSymbolTableRecord
100
AcDbLayerTableRecord
  2
A-SCIANY-DZIAL
 70
0
 62
7
  6
Continuous
370
35
390
13
347
21
1001
AcAecLayerStandard
1000

1000
Ścianki działowe w przekroju — kontur
  0
LAYER
  5
46
330
1
100
AcDbSymbolTableRecord
100
AcDbLayerTableRecord
  2
A-SCIANY-IZOL
 70
0
 62
4
  6
Continuous
370
35
390
13
347
21
1001
AcAecLayerStandard
1000

1000
Warstwy izolacji termicznej ścian — kontur
  0
LAYER
  5
47
330
1
100
AcDbSymbolTableRecord
100
AcDbLayerTableRecord
  2
A-SCIANY-WYK
 70
0
 62
8
  6
Continuous
370
18
390
13
347
21
1001
AcAecLayerStandard
1000

1000
Tynki, okładziny, warstwy wykończeniowe — kontur
  0
LAYER
  5
48
330
1
100
AcDbSymbolTableRecord
100
AcDbLayerTableRecord
  2
A-STROPY
 70
0
 62
7
  6
Continuous
370
50
390
13
347
21
1001
AcAecLayerStandard
1000

1000
Stropy, płyty, stropodachy w przekroju — kontur
  0
LAYER
  5
49
330
1
100
AcDbSymbolTableRecord
100
AcDbLayerTableRecord
  2
A-WARSTWY
 70
0
 62
8
  6
Continuous
370
25
390
13
347
21
1001
AcAecLayerStandard
1000

1000
Warstwy przegród poziomych (podłogi, dachy) — kontur
  0
LAYER
  5
4A
330
1
100
AcDbSymbolTableRecord
100
AcDbLayerTableRecord
  2
A-IZOL-WODNA
 70
0
 62
5
  6
Continuous
370
100
390
13
347
21
1001
AcAecLayerStandard
1000

1000
Izolacje przeciwwodne/przeciwwilgociowe/paroizolacje
  0
LAYER
  5
4B
330
1
100
AcDbSymbolTableRecord
100
AcDbLayerTableRecord
  2
A-FUNDAMENTY
 70
0
 62
7
  6
Continuous
370
50
390
13
347
21
1001
AcAecLayerStandard
1000

1000
Fundamenty w przekroju — kontur
  0
LAYER
  5
4C
330
1
100
AcDbSymbolTableRecord
100
AcDbLayerTableRecord
  2
A-KRESKOWANIE
 70
0
 62
8
  6
Continuous
370
18
390
13
347
21
1001
AcAecLayerStandard
1000

1000
Kreskowanie materiałów (PN-B-01030)
  0
LAYER
  5
4D
330
1
100
AcDbSymbolTableRecord
100
AcDbLayerTableRecord
  2
A-WYPELNIENIA
 70
0
 62
9
  6
Continuous
370
18
390
13
347
21
1001
AcAecLayerStandard
1000

1000
Wypełnienia (zaczernienia, tła)
  0
LAYER
  5
4E
330
1
100
AcDbSymbolTableRecord
100
AcDbLayerTableRecord
  2
A-WIDOK
 70
0
 62
7
  6
Continuous
370
25
390
13
347
21
1001
AcAecLayerStandard
1000

1000
Krawędzie widoczne (poza płaszczyzną cięcia)
  0
LAYER
  5
4F
330
1
100
AcDbSymbolTableRecord
100
AcDbLayerTableRecord
  2
A-NIEWIDOCZNE
 70
0
 62
8
  6
KRESKOWA
370
25
390
13
347
21
1001
AcAecLayerStandard
1000

1000
Krawędzie niewidoczne
  0
LAYER
  5
50
330
1
100
AcDbSymbolTableRecord
100
AcDbLayerTableRecord
  2
A-NAD-CIECIEM
 70
0
 62
8
  6
KRESKOWA
370
25
390
13
347
21
1001
AcAecLayerStandard
1000

1000
Elementy nad płaszczyzną cięcia (belki, nadproża, okapy)
  0
LAYER
  5
51
330
1
100
AcDbSymbolTableRecord
100
AcDbLayerTableRecord
  2
A-OKNA
 70
0
 62
3
  6
Continuous
370
35
390
13
347
21
1001
AcAecLayerStandard
1000

1000
Stolarka okienna
  0
LAYER
  5
52
330
1
100
AcDbSymbolTableRecord
100
AcDbLayerTableRecord
  2
A-DRZWI
 70
0
 62
3
  6
Continuous
370
35
390
13
347
21
1001
AcAecLayerStandard
1000

1000
Stolarka drzwiowa
  0
LAYER
  5
53
330
1
100
AcDbSymbolTableRecord
100
AcDbLayerTableRecord
  2
A-SCHODY
 70
0
 62
6
  6
Continuous
370
25
390
13
347
21
1001
AcAecLayerStandard
1000

1000
Schody, pochylnie, balustrady
  0
LAYER
  5
54
330
1
100
AcDbSymbolTableRecord
100
AcDbLayerTableRecord
  2
A-MEBLE
 70
0
 62
8
  6
Continuous
370
18
390
13
347
21
1001
AcAecLayerStandard
1000

1000
Meble i wyposażenie ruchome
  0
LAYER
  5
55
330
1
100
AcDbSymbolTableRecord
100
AcDbLayerTableRecord
  2
A-SANITARNE
 70
0
 62
6
  6
Continuous
370
25
390
13
347
21
1001
AcAecLayerStandard
1000

1000
Wyposażenie sanitarne i kuchenne
  0
LAYER
  5
56
330
1
100
AcDbSymbolTableRecord
100
AcDbLayerTableRecord
  2
A-WYMIARY
 70
0
 62
1
  6
Continuous
370
25
390
13
347
21
1001
AcAecLayerStandard
1000

1000
Wymiarowanie (PN-B-01029)
  0
LAYER
  5
57
330
1
100
AcDbSymbolTableRecord
100
AcDbLayerTableRecord
  2
A-OPISY
 70
0
 62
2
  6
Continuous
370
25
390
13
347
21
1001
AcAecLayerStandard
1000

1000
Opisy, odnośniki, opisy warstw
  0
LAYER
  5
58
330
1
100
AcDbSymbolTableRecord
100
AcDbLayerTableRecord
  2
A-POMIESZCZENIA
 70
0
 62
2
  6
Continuous
370
25
390
13
347
21
1001
AcAecLayerStandard
1000

1000
Oznaczenia pomieszczeń (PN-EN ISO 4157)
  0
LAYER
  5
59
330
1
100
AcDbSymbolTableRecord
100
AcDbLayerTableRecord
  2
A-OSIE
 70
0
 62
1
  6
PUNKTOWA
370
25
390
13
347
21
1001
AcAecLayerStandard
1000

1000
Osie konstrukcyjne
  0
LAYER
  5
5A
330
1
100
AcDbSymbolTableRecord
100
AcDbLayerTableRecord
  2
A-RZEDNE
 70
0
 62
1
  6
Continuous
370
25
390
13
347
21
1001
AcAecLayerStandard
1000

1000
Rzędne wysokościowe
  0
LAYER
  5
5B
330
1
100
AcDbSymbolTableRecord
100
AcDbLayerTableRecord
  2
A-PRZEKROJE
 70
0
 62
1
  6
PUNKTOWA_KROTKA
370
50
390
13
347
21
1001
AcAecLayerStandard
1000

1000
Oznaczenia przekrojów i widoków
  0
LAYER
  5
5C
330
1
100
AcDbSymbolTableRecord
100
AcDbLayerTableRecord
  2
A-SYMBOLE
 70
0
 62
2
  6
Continuous
370
25
390
13
347
21
1001
AcAecLayerStandard
1000

1000
Symbole ogólne (północ, spadki, odnośniki)
  0
LAYER
  5
5D
330
1
100
AcDbSymbolTableRecord
100
AcDbLayerTableRecord
  2
A-TEREN
 70
0
 62
32
  6
Continuous
370
50
390
13
347
21
1001
AcAecLayerStandard
1000

1000
Linia terenu, grunt
  0
LAYER
  5
5E
330
1
100
AcDbSymbolTableRecord
100
AcDbLayerTableRecord
  2
A-ELEWACJE
 70
0
 62
7
  6
Continuous
370
35
390
13
347
21
1001
AcAecLayerStandard
1000

1000
Elewacje — krawędzie
  0
LAYER
  5
5F
330
1
100
AcDbSymbolTableRecord
100
AcDbLayerTableRecord
  2
A-MASKA
 70
0
 62
7
  6
Continuous
370
18
390
13
347
21
1001
AcAecLayerStandard
1000

1000
Maski (tło napisów)
  0
LAYER
  5
60
330
1
100
AcDbSymbolTableRecord
100
AcDbLayerTableRecord
  2
K-KONSTR
 70
0
 62
7
  6
Continuous
370
50
390
13
347
21
1001
AcAecLayerStandard
1000

1000
Konstrukcja — kontury elementów
  0
LAYER
  5
61
330
1
100
AcDbSymbolTableRecord
100
AcDbLayerTableRecord
  2
K-ZBROJENIE
 70
0
 62
1
  6
Continuous
370
100
390
13
347
21
1001
AcAecLayerStandard
1000

1000
Zbrojenie — pręty (PN-EN ISO 3766)
  0
LAYER
  5
62
330
1
100
AcDbSymbolTableRecord
100
AcDbLayerTableRecord
  2
K-ZBROJENIE-OPIS
 70
0
 62
2
  6
Continuous
370
25
390
13
347
21
1001
AcAecLayerStandard
1000

1000
Zbrojenie — opisy pozycji
  0
LAYER
  5
63
330
1
100
AcDbSymbolTableRecord
100
AcDbLayerTableRecord
  2
K-WYMIARY
 70
0
 62
1
  6
Continuous
370
25
390
13
347
21
1001
AcAecLayerStandard
1000

1000
Konstrukcja — wymiary
  0
LAYER
  5
64
330
1
100
AcDbSymbolTableRecord
100
AcDbLayerTableRecord
  2
K-OSIE
 70
0
 62
1
  6
PUNKTOWA
370
25
390
13
347
21
1001
AcAecLayerStandard
1000

1000
Konstrukcja — osie
  0
LAYER
  5
65
330
1
100
AcDbSymbolTableRecord
100
AcDbLayerTableRecord
  2
S-WODA
 70
0
 62
5
420
20680
  6
Continuous
370
35
390
13
347
21
1001
AcAecLayerStandard
1000

1000
Instalacja wody zimnej
  0
LAYER
  5
66
330
1
100
AcDbSymbolTableRecord
100
AcDbLayerTableRecord
  2
S-CWU
 70
0
 62
1
420
13631488
  6
KRESKOWA
370
35
390
13
347
21
1001
AcAecLayerStandard
1000

1000
Instalacja ciepłej wody użytkowej
  0
LAYER
  5
67
330
1
100
AcDbSymbolTableRecord
100
AcDbLayerTableRecord
  2
S-CYRK
 70
0
 62
6
420
11534512
  6
PUNKTOWA_KROTKA
370
25
390
13
347
21
1001
AcAecLayerStandard
1000

1000
Instalacja cyrkulacji CWU
  0
LAYER
  5
68
330
1
100
AcDbSymbolTableRecord
100
AcDbLayerTableRecord
  2
S-KANAL
 70
0
 62
34
420
8013056
  6
Continuous
370
50
390
13
347
21
1001
AcAecLayerStandard
1000

1000
Kanalizacja sanitarna
  0
LAYER
  5
69
330
1
100
AcDbSymbolTableRecord
100
AcDbLayerTableRecord
  2
S-DESZCZ
 70
0
 62
150
420
32906
  6
KRESKA_DLUGA
370
35
390
13
347
21
1001
AcAecLayerStandard
1000

1000
Kanalizacja deszczowa / odwodnienie
  0
LAYER
  5
6A
330
1
100
AcDbSymbolTableRecord
100
AcDbLayerTableRecord
  2
S-OGRZ
 70
0
 62
1
420
14700544
  6
Continuous
370
25
390
13
347
21
1001
AcAecLayerStandard
1000

1000
Ogrzewanie (zasilanie/powrót, pętle podłogowe)
  0
LAYER
  5
6B
330
1
100
AcDbSymbolTableRecord
100
AcDbLayerTableRecord
  2
S-WENT
 70
0
 62
3
420
35328
  6
Continuous
370
35
390
13
347
21
1001
AcAecLayerStandard
1000

1000
Wentylacja mechaniczna
  0
LAYER
  5
6C
330
1
100
AcDbSymbolTableRecord
100
AcDbLayerTableRecord
  2
S-URZADZENIA
 70
0
 62
2
420
3158064
  6
Continuous
370
35
390
13
347
21
1001
AcAecLayerStandard
1000

1000
Urządzenia i armatura instalacji sanitarnych
  0
LAYER
  5
6D
330
1
100
AcDbSymbolTableRecord
100
AcDbLayerTableRecord
  2
S-OPISY
 70
0
 62
2
  6
Continuous
370
25
390
13
347
21
1001
AcAecLayerStandard
1000

1000
Instalacje sanitarne — opisy
  0
LAYER
  5
6E
330
1
100
AcDbSymbolTableRecord
100
AcDbLayerTableRecord
  2
E-GNIAZDA
 70
0
 62
1
420
12582912
  6
Continuous
370
35
390
13
347
21
1001
AcAecLayerStandard
1000

1000
Gniazda wtyczkowe (PN-EN 60617)
  0
LAYER
  5
6F
330
1
100
AcDbSymbolTableRecord
100
AcDbLayerTableRecord
  2
E-OSWIETLENIE
 70
0
 62
30
420
13656064
  6
Continuous
370
35
390
13
347
21
1001
AcAecLayerStandard
1000

1000
Oprawy oświetleniowe
  0
LAYER
  5
70
330
1
100
AcDbSymbolTableRecord
100
AcDbLayerTableRecord
  2
E-LACZNIKI
 70
0
 62
30
420
13656064
  6
Continuous
370
35
390
13
347
21
1001
AcAecLayerStandard
1000

1000
Łączniki, czujniki
  0
LAYER
  5
71
330
1
100
AcDbSymbolTableRecord
100
AcDbLayerTableRecord
  2
E-TRASY
 70
0
 62
8
420
6316128
  6
Continuous
370
25
390
13
347
21
1001
AcAecLayerStandard
1000

1000
Trasy przewodów
  0
LAYER
  5
72
330
1
100
AcDbSymbolTableRecord
100
AcDbLayerTableRecord
  2
E-ROZDZIELNICE
 70
0
 62
1
420
12582912
  6
Continuous
370
35
390
13
347
21
1001
AcAecLayerStandard
1000

1000
Rozdzielnice, złącza, puszki
  0
LAYER
  5
73
330
1
100
AcDbSymbolTableRecord
100
AcDbLayerTableRecord
  2
E-TELETECH
 70
0
 62
5
420
20680
  6
Continuous
370
35
390
13
347
21
1001
AcAecLayerStandard
1000

1000
Instalacje teletechniczne (LAN, TV, domofon)
  0
LAYER
  5
74
330
1
100
AcDbSymbolTableRecord
100
AcDbLayerTableRecord
  2
E-ODGROM
 70
0
 62
3
420
35328
  6
Continuous
370
35
390
13
347
21
1001
AcAecLayerStandard
1000

1000
Uziemienia, połączenia wyrównawcze, ochrona odgromowa
  0
LAYER
  5
75
330
1
100
AcDbSymbolTableRecord
100
AcDbLayerTableRecord
  2
E-OPISY
 70
0
 62
2
  6
Continuous
370
25
390
13
347
21
1001
AcAecLayerStandard
1000

1000
Instalacje elektryczne — opisy
  0
LAYER
  5
76
330
1
100
AcDbSymbolTableRecord
100
AcDbLayerTableRecord
  2
Z-GRANICE
 70
0
 62
1
  6
DWUPUNKTOWA
370
50
390
13
347
21
1001
AcAecLayerStandard
1000

1000
Granice działki, punkty graniczne
  0
LAYER
  5
77
330
1
100
AcDbSymbolTableRecord
100
AcDbLayerTableRecord
  2
Z-ZABUDOWA
 70
0
 62
7
  6
Continuous
370
50
390
13
347
21
1001
AcAecLayerStandard
1000

1000
Budynki projektowane i istniejące
  0
LAYER
  5
78
330
1
100
AcDbSymbolTableRecord
100
AcDbLayerTableRecord
  2
Z-LINIE-ZABUDOWY
 70
0
 62
1
420
12582912
  6
PUNKTOWA
370
35
390
13
347
21
1001
AcAecLayerStandard
1000

1000
Linie zabudowy (MPZP)
  0
LAYER
  5
79
330
1
100
AcDbSymbolTableRecord
100
AcDbLayerTableRecord
  2
Z-UTWARDZENIA
 70
0
 62
8
  6
Continuous
370
25
390
13
347
21
1001
AcAecLayerStandard
1000

1000
Nawierzchnie utwardzone
  0
LAYER
  5
7A
330
1
100
AcDbSymbolTableRecord
100
AcDbLayerTableRecord
  2
Z-ZIELEN
 70
0
 62
3
420
1997342
  6
Continuous
370
25
390
13
347
21
1001
AcAecLayerStandard
1000

1000
Zieleń: drzewa, krzewy, trawniki
  0
LAYER
  5
7B
330
1
100
AcDbSymbolTableRecord
100
AcDbLayerTableRecord
  2
Z-UZBROJENIE
 70
0
 62
5
  6
Continuous
370
35
390
13
347
21
1001
AcAecLayerStandard
1000

1000
Uzbrojenie terenu, sieci i przyłącza
  0
LAYER
  5
7C
330
1
100
AcDbSymbolTableRecord
100
AcDbLayerTableRecord
  2
Z-WARSTWICE
 70
0
 62
32
420
9067050
  6
Continuous
370
18
390
13
347
21
1001
AcAecLayerStandard
1000

1000
Warstwice i punkty wysokościowe
  0
LAYER
  5
7D
330
1
100
AcDbSymbolTableRecord
100
AcDbLayerTableRecord
  2
Z-OGRODZENIE
 70
0
 62
7
  6
Continuous
370
35
390
13
347
21
1001
AcAecLayerStandard
1000

1000
Ogrodzenie, bramy, furtki
  0
LAYER
  5
7E
330
1
100
AcDbSymbolTableRecord
100
AcDbLayerTableRecord
  2
Z-OPISY
 70
0
 62
2
  6
Continuous
370
25
390
13
347
21
1001
AcAecLayerStandard
1000

1000
Opisy zagospodarowania
  0
ENDTAB
  0
TABLE
  2
STYLE
  5
5
330
0
100
AcDbSymbolTable
 70
5
  0
STYLE
  5
29
330
5
100
AcDbSymbolTableRecord
100
AcDbTextStyleTableRecord
  2
Standard
 70
0
 40
0.0
 41
1.0
 50
0.0
 71
0
 42
2.5
  3
txt
  4

  0
STYLE
  5
3A
330
5
100
AcDbSymbolTableRecord
100
AcDbTextStyleTableRecord
  2
PL_ARIAL
 70
0
 40
0.0
 41
1.0
 50
0.0
 71
0
 42
2.5
  3
arial.ttf
  4

  0
STYLE
  5
3B
330
5
100
AcDbSymbolTableRecord
100
AcDbTextStyleTableRecord
  2
PL_ARIAL_B
 70
0
 40
0.0
 41
1.0
 50
0.0
 71
0
 42
2.5
  3
arialbd.ttf
  4

  0
STYLE
  5
3C
330
5
100
AcDbSymbolTableRecord
100
AcDbTextStyleTableRecord
  2
PL_ARIAL_I
 70
0
 40
0.0
 41
1.0
 50
0.0
 71
0
 42
2.5
  3
ariali.ttf
  4

  0
STYLE
  5
3D
330
5
100
AcDbSymbolTableRecord
100
AcDbTextStyleTableRecord
  2
PL_ARIAL_BI
 70
0
 40
0.0
 41
1.0
 50
0.0
 71
0
 42
2.5
  3
arialbi.ttf
  4

  0
ENDTAB
  0
TABLE
  2
VIEW
  5
7
330
0
100
AcDbSymbolTable
 70
0
  0
ENDTAB
  0
TABLE
  2
UCS
  5
6
330
0
100
AcDbSymbolTable
 70
0
  0
ENDTAB
  0
TABLE
  2
APPID
  5
3
330
0
100
AcDbSymbolTable
 70
4
  0
APPID
  5
2A
330
3
100
AcDbSymbolTableRecord
100
AcDbRegAppTableRecord
  2
ACAD
 70
0
  0
APPID
  5
3F
330
3
100
AcDbSymbolTableRecord
100
AcDbRegAppTableRecord
  2
AcAecLayerStandard
 70
0
  0
APPID
  5
CAD
330
3
100
AcDbSymbolTableRecord
100
AcDbRegAppTableRecord
  2
HATCHBACKGROUNDCOLOR
 70
0
  0
APPID
  5
CAE
330
3
100
AcDbSymbolTableRecord
100
AcDbRegAppTableRecord
  2
EZDXF
 70
0
  0
ENDTAB
  0
TABLE
  2
DIMSTYLE
  5
4
330
0
100
AcDbSymbolTable
 70
1
100
AcDbDimStyleTable
  0
DIMSTYLE
105
2B
330
4
100
AcDbSymbolTableRecord
100
AcDbDimStyleTableRecord
  2
Standard
 70
0
 40
1.0
 41
2.5
 42
0.625
 43
3.75
 44
1.25
 45
0.0
 46
0.0
 47
0.0
 48
0.0
 49
2.5
140
2.5
141
2.5
142
0.0
143
0.03937007874
144
1.0
145
0.0
146
1.0
147
0.625
148
0.0
 69
0
 70
0
 71
0
 72
0
 73
0
 74
0
 75
0
 76
0
 77
1
 78
8
 79
3
170
0
171
3
172
1
173
0
174
0
175
0
176
0
177
0
178
0
179
2
271
2
272
2
273
2
274
3
275
0
276
0
277
2
278
44
279
0
280
0
281
0
282
0
283
0
284
8
285
0
286
0
288
0
289
3
290
0
371
-2
372
-2
  0
ENDTAB
  0
TABLE
  2
BLOCK_RECORD
  5
9
330
0
100
AcDbSymbolTable
 70
2
  0
BLOCK_RECORD
  5
17
330
9
100
AcDbSymbolTableRecord
100
AcDbBlockTableRecord
  2
*Model_Space
340
1A
 70
0
280
1
281
0
  0
BLOCK_RECORD
  5
1B
330
9
100
AcDbSymbolTableRecord
100
AcDbBlockTableRecord
  2
*Paper_Space
340
1E
 70
0
280
1
281
0
  0
ENDTAB
  0
ENDSEC
  0
SECTION
  2
BLOCKS
  0
BLOCK
  5
18
330
17
100
AcDbEntity
  8
0
100
AcDbBlockBegin
  2
*Model_Space
 70
0
 10
0.0
 20
0.0
 30
0.0
  3
*Model_Space
  1

  0
ENDBLK
  5
19
330
17
100
AcDbEntity
  8
0
100
AcDbBlockEnd
  0
BLOCK
  5
1C
330
1B
100
AcDbEntity
  8
0
100
AcDbBlockBegin
  2
*Paper_Space
 70
0
 10
0.0
 20
0.0
 30
0.0
  3
*Paper_Space
  1

  0
ENDBLK
  5
1D
330
1B
100
AcDbEntity
  8
0
100
AcDbBlockEnd
  0
ENDSEC
  0
SECTION
  2
ENTITIES
  0
HATCH
  5
222
330
17
100
AcDbEntity
  8
A-WYPELNIENIA
 62
7
420
0
100
AcDbHatch
 10
0.0
 20
0.0
 30
0.0
210
0.0
220
0.0
230
1.0
  2
SOLID
 70
1
 71
0
 91
1
 92
3
 72
0
 73
1
 93
52
 10
0.04000000000005747
 20
2.7499999999999427
 10
0.04000000000122296
 20
2.75
 10
0.12999999999877704
 20
2.75
 10
0.1299999999999425
 20
2.7499999999999427
 10
0.13
 20
2.7499999999987725
 10
0.13
 20
2.6650000000012275
 10
0.1299999999999425
 20
2.6650000000000573
 10
0.12999999999877704
 20
2.665
 10
0.09700000005000001
 20
2.665
 10
0.09700000004509915
 20
2.6649999999997593
 10
0.09700000004024549
 20
2.6649999999990395
 10
0.09700000003548577
 20
2.664999999997847
 10
0.09700000003086584
 20
2.664999999996194
 10
0.09700000002643017
 20
2.6649999999940963
 10
0.09700000002222149
 20
2.6649999999915734
 10
0.09700000001828034
 20
2.6649999999886504
 10
0.09700000001464466
 20
2.6649999999853553
 10
0.09700000001134948
 20
2.6649999999817195
 10
0.09700000000842653
 20
2.6649999999777787
 10
0.09700000000590395
 20
2.66499999997357
 10
0.09700000000380603
 20
2.664999999969134
 10
0.09700000000215299
 20
2.664999999964514
 10
0.09700000000096075
 20
2.6649999999597545
 10
0.09700000000024077
 20
2.664999999954901
 10
0.097
 20
2.66499999995
 10
0.097
 20
0.030000000001227413
 10
0.09699999999994253
 20
0.030000000000057474
 10
0.0969999999987726
 20
0.03
 10
0.0730000000012274
 20
0.03
 10
0.07300000000005746
 20
0.030000000000057474
 10
0.073
 20
0.030000000001227413
 10
0.073
 20
2.66499999995
 10
0.07299999999975923
 20
2.664999999954901
 10
0.07299999999903925
 20
2.6649999999597545
 10
0.07299999999784701
 20
2.664999999964514
 10
0.07299999999619397
 20
2.664999999969134
 10
0.07299999999409605
 20
2.66499999997357
 10
0.07299999999157347
 20
2.6649999999777787
 10
0.07299999998865052
 20
2.6649999999817195
 10
0.07299999998535533
 20
2.6649999999853553
 10
0.07299999998171966
 20
2.6649999999886504
 10
0.0729999999777785
 20
2.6649999999915734
 10
0.07299999997356983
 20
2.6649999999940963
 10
0.07299999996913416
 20
2.664999999996194
 10
0.07299999996451423
 20
2.664999999997847
 10
0.07299999995975451
 20
2.6649999999990395
 10
0.07299999995490085
 20
2.6649999999997593
 10
0.07299999994999999
 20
2.665
 10
0.04000000000122296
 20
2.665
 10
0.040000000000057476
 20
2.6650000000000573
 10
0.04
 20
2.665000000001227
 10
0.04
 20
2.749999999998773
 97
0
 75
0
 76
1
 98
0
  0
HATCH
  5
223
330
17
100
AcDbEntity
  8
A-WYPELNIENIA
 62
7
420
0
100
AcDbHatch
 10
0.0
 20
0.0
 30
0.0
210
0.0
220
0.0
230
1.0
  2
SOLID
 70
1
 71
0
 91
1
 92
3
 72
0
 73
1
 93
52
 10
0.04
 20
5.349999999998772
 10
0.0400000000000575
 20
5.349999999999943
 10
0.04000000000122296
 20
5.35
 10
0.12999999999877704
 20
5.35
 10
0.12999999999994252
 20
5.349999999999943
 10
0.13
 20
5.349999999998772
 10
0.13
 20
5.275000000001227
 10
0.12999999999994252
 20
5.275000000000056
 10
0.12999999999877704
 20
5.2749999999999995
 10
0.09700000005000001
 20
5.2749999999999995
 10
0.09700000004509915
 20
5.274999999999759
 10
0.09700000004024549
 20
5.2749999999990385
 10
0.09700000003548577
 20
5.2749999999978465
 10
0.09700000003086584
 20
5.274999999996194
 10
0.09700000002643017
 20
5.274999999994096
 10
0.09700000002222149
 20
5.274999999991573
 10
0.09700000001828034
 20
5.27499999998865
 10
0.09700000001464466
 20
5.274999999985355
 10
0.09700000001134948
 20
5.274999999981719
 10
0.09700000000842653
 20
5.274999999977778
 10
0.09700000000590395
 20
5.274999999973569
 10
0.09700000000380603
 20
5.2749999999691335
 10
0.09700000000215299
 20
5.274999999964514
 10
0.09700000000096075
 20
5.274999999959754
 10
0.09700000000024077
 20
5.2749999999549
 10
0.097
 20
5.2749999999499995
 10
0.097
 20
3.925000000001227
 10
0.09699999999994253
 20
3.925000000000057
 10
0.09699999999877704
 20
3.925
 10
0.07300000000122296
 20
3.925
 10
0.07300000000005746
 20
3.925000000000057
 10
0.073
 20
3.925000000001227
 10
0.073
 20
5.2749999999499995
 10
0.07299999999975923
 20
5.2749999999549
 10
0.07299999999903925
 20
5.274999999959754
 10
0.07299999999784701
 20
5.274999999964514
 10
0.07299999999619397
 20
5.2749999999691335
 10
0.07299999999409605
 20
5.274999999973569
 10
0.07299999999157347
 20
5.274999999977778
 10
0.07299999998865052
 20
5.274999999981719
 10
0.07299999998535533
 20
5.274999999985355
 10
0.07299999998171966
 20
5.27499999998865
 10
0.0729999999777785
 20
5.274999999991573
 10
0.07299999997356983
 20
5.274999999994096
 10
0.07299999996913416
 20
5.274999999996194
 10
0.07299999996451423
 20
5.2749999999978465
 10
0.07299999995975451
 20
5.2749999999990385
 10
0.07299999995490085
 20
5.274999999999759
 10
0.07299999994999999
 20
5.2749999999999995
 10
0.04000000000122296
 20
5.2749999999999995
 10
0.040000000000057094
 20
5.275000000000056
 10
0.04
 20
5.275000000001227
 97
0
 75
0
 76
1
 98
0
  0
HATCH
  5
224
330
17
100
AcDbEntity
  8
A-WYPELNIENIA
 62
7
420
0
100
AcDbHatch
 10
0.0
 20
0.0
 30
0.0
210
0.0
220
0.0
230
1.0
  2
SOLID
 70
1
 71
0
 91
1
 92
3
 72
0
 73
1
 93
4
 10
0.04
 20
3.8499999999999996
 10
0.04
 20
3.925
 10
0.13
 20
3.925
 10
0.13
 20
3.8499999999999996
 97
0
 75
0
 76
1
 98
0
  0
HATCH
  5
225
330
17
100
AcDbEntity
  8
A-WYPELNIENIA
 62
7
420
0
100
AcDbHatch
 10
0.0
 20
0.0
 30
0.0
210
0.0
220
0.0
230
1.0
  2
SOLID
 70
1
 71
0
 91
1
 92
3
 72
0
 73
1
 93
52
 10
-8.88
 20
8.699999999998752
 10
-8.879999999999942
 20
8.69999999999994
 10
-8.879999999998754
 20
8.7
 10
-8.790000000001246
 20
8.7
 10
-8.790000000000058
 20
8.69999999999994
 10
-8.79
 20
8.699999999998752
 10
-8.79
 20
8.625000000001247
 10
-8.790000000000058
 20
8.625000000000059
 10
-8.790000000001246
 20
8.625
 10
-8.822999999950001
 20
8.625
 10
-8.822999999954902
 20
8.62499999999976
 10
-8.822999999959755
 20
8.62499999999904
 10
-8.822999999964516
 20
8.624999999997847
 10
-8.822999999969136
 20
8.624999999996195
 10
-8.822999999973572
 20
8.624999999994097
 10
-8.82299999997778
 20
8.624999999991575
 10
-8.822999999981722
 20
8.62499999998865
 10
-8.822999999985356
 20
8.624999999985356
 10
-8.822999999988651
 20
8.624999999981721
 10
-8.822999999991575
 20
8.62499999997778
 10
-8.822999999994098
 20
8.624999999973571
 10
-8.822999999996195
 20
8.624999999969136
 10
-8.822999999997847
 20
8.624999999964515
 10
-8.822999999999041
 20
8.624999999959755
 10
-8.82299999999976
 20
8.624999999954902
 10
-8.823
 20
8.62499999995
 10
-8.823
 20
7.275000000001246
 10
-8.823000000000059
 20
7.275000000000057
 10
-8.823000000001224
 20
7.275
 10
-8.846999999998776
 20
7.275
 10
-8.846999999999941
 20
7.275000000000057
 10
-8.847
 20
7.275000000001246
 10
-8.847
 20
8.62499999995
 10
-8.84700000000024
 20
8.624999999954902
 10
-8.847000000000959
 20
8.624999999959755
 10
-8.847000000002152
 20
8.624999999964515
 10
-8.847000000003804
 20
8.624999999969136
 10
-8.847000000005902
 20
8.624999999973571
 10
-8.847000000008425
 20
8.62499999997778
 10
-8.847000000011349
 20
8.624999999981721
 10
-8.847000000014644
 20
8.624999999985356
 10
-8.847000000018278
 20
8.62499999998865
 10
-8.84700000002222
 20
8.624999999991575
 10
-8.847000000026428
 20
8.624999999994097
 10
-8.847000000030864
 20
8.624999999996195
 10
-8.847000000035484
 20
8.624999999997847
 10
-8.847000000040245
 20
8.62499999999904
 10
-8.847000000045098
 20
8.62499999999976
 10
-8.847000000049999
 20
8.625
 10
-8.879999999998754
 20
8.625
 10
-8.879999999999942
 20
8.625000000000059
 10
-8.88
 20
8.625000000001247
 97
0
 75
0
 76
1
 98
0
  0
HATCH
  5
226
330
17
100
AcDbEntity
  8
A-WYPELNIENIA
 62
7
420
0
100
AcDbHatch
 10
0.0
 20
0.0
 30
0.0
210
0.0
220
0.0
230
1.0
  2
SOLID
 70
1
 71
0
 91
1
 92
3
 72
0
 73
1
 93
4
 10
-8.88
 20
7.2
 10
-8.88
 20
7.275
 10
-8.79
 20
7.275
 10
-8.79
 20
7.2
 97
0
 75
0
 76
1
 98
0
  0
HATCH
  5
227
330
17
100
AcDbEntity
  8
A-WYPELNIENIA
 62
7
420
0
100
AcDbHatch
 10
0.0
 20
0.0
 30
0.0
210
0.0
220
0.0
230
1.0
  2
SOLID
 70
1
 71
0
 91
1
 92
3
 72
0
 73
1
 93
4
 10
0.41
 20
6.3999999999999995
 10
0.41
 20
6.46
 10
0.45
 20
6.46
 10
0.45
 20
6.3999999999999995
 97
0
 75
0
 76
1
 98
0
  0
HATCH
  5
228
330
17
100
AcDbEntity
  8
A-WYPELNIENIA
 62
7
420
0
100
AcDbHatch
 10
0.0
 20
0.0
 30
0.0
210
0.0
220
0.0
230
1.0
  2
SOLID
 70
1
 71
0
 91
1
 92
3
 72
0
 73
1
 93
4
 10
0.41
 20
8.870000000000001
 10
0.41
 20
8.93
 10
0.45
 20
8.93
 10
0.45
 20
8.870000000000001
 97
0
 75
0
 76
1
 98
0
  0
HATCH
  5
229
330
17
100
AcDbEntity
  8
A-WYPELNIENIA
 62
7
420
0
100
AcDbHatch
 10
0.0
 20
0.0
 30
0.0
210
0.0
220
0.0
230
1.0
  2
SOLID
 70
1
 71
0
 91
1
 92
3
 72
0
 73
1
 93
4
 10
-8.65
 20
9.7
 10
-8.65
 20
9.75
 10
-7.45
 20
9.75
 10
-7.45
 20
9.7
 97
0
 75
0
 76
1
 98
0
  0
LWPOLYLINE
  5
22A
330
17
100
AcDbEntity
  8
A-KRESKOWANIE
370
25
 48
0.05
100
AcDbPolyline
 90
2
 70
0
 10
-8.776702730475881
 20
-0.15
 10
-8.645
 20
-0.01829726952411897
  0
LWPOLYLINE
  5
22B
330
17
100
AcDbEntity
  8
A-KRESKOWANIE
370
25
 48
0.05
100
AcDbPolyline
 90
2
 70
0
 10
-8.84
 20
-0.07187591328681012
 10
-8.645
 20
0.12312408671319011
  0
LWPOLYLINE
  5
22C
330
17
100
AcDbEntity
  8
A-KRESKOWANIE
370
25
 48
0.05
100
AcDbPolyline
 90
2
 70
0
 10
-8.84
 20
0.06954544295050007
 10
-8.645
 20
0.2645454429505004
  0
LWPOLYLINE
  5
22D
330
17
100
AcDbEntity
  8
A-KRESKOWANIE
370
25
 48
0.05
100
AcDbPolyline
 90
2
 70
0
 10
-8.84
 20
0.2109667991878093
 10
-8.645
 20
0.40596679918780965
  0
LWPOLYLINE
  5
22E
330
17
100
AcDbEntity
  8
A-KRESKOWANIE
370
25
 48
0.05
100
AcDbPolyline
 90
2
 70
0
 10
-8.84
 20
0.3523881554251186
 10
-8.645
 20
0.5473881554251189
  0
LWPOLYLINE
  5
22F
330
17
100
AcDbEntity
  8
A-KRESKOWANIE
370
25
 48
0.05
100
AcDbPolyline
 90
2
 70
0
 10
-8.84
 20
0.4938095116624278
 10
-8.645
 20
0.6888095116624281
  0
LWPOLYLINE
  5
230
330
17
100
AcDbEntity
  8
A-KRESKOWANIE
370
25
 48
0.05
100
AcDbPolyline
 90
2
 70
0
 10
-8.84
 20
0.635230867899737
 10
-8.645
 20
0.8302308678997374
  0
LWPOLYLINE
  5
231
330
17
100
AcDbEntity
  8
A-KRESKOWANIE
370
25
 48
0.05
100
AcDbPolyline
 90
2
 70
0
 10
-8.84
 20
0.7766522241370487
 10
-8.645
 20
0.9716522241370489
  0
LWPOLYLINE
  5
232
330
17
100
AcDbEntity
  8
A-KRESKOWANIE
370
25
 48
0.05
100
AcDbPolyline
 90
2
 70
0
 10
-8.84
 20
0.918073580374357
 10
-8.645
 20
1.1130735803743572
  0
LWPOLYLINE
  5
233
330
17
100
AcDbEntity
  8
A-KRESKOWANIE
370
25
 48
0.05
100
AcDbPolyline
 90
2
 70
0
 10
-8.84
 20
1.0594949366116648
 10
-8.645
 20
1.2544949366116651
  0
LWPOLYLINE
  5
234
330
17
100
AcDbEntity
  8
A-KRESKOWANIE
370
25
 48
0.05
100
AcDbPolyline
 90
2
 70
0
 10
-8.84
 20
1.2009162928489763
 10
-8.645
 20
1.3959162928489766
  0
LWPOLYLINE
  5
235
330
17
100
AcDbEntity
  8
A-KRESKOWANIE
370
25
 48
0.05
100
AcDbPolyline
 90
2
 70
0
 10
-8.84
 20
1.3423376490862855
 10
-8.645
 20
1.5373376490862858
  0
LWPOLYLINE
  5
236
330
17
100
AcDbEntity
  8
A-KRESKOWANIE
370
25
 48
0.05
100
AcDbPolyline
 90
2
 70
0
 10
-8.84
 20
1.483759005323596
 10
-8.645
 20
1.6787590053235961
  0
LWPOLYLINE
  5
237
330
17
100
AcDbEntity
  8
A-KRESKOWANIE
370
25
 48
0.05
100
AcDbPolyline
 90
2
 70
0
 10
-8.84
 20
1.6251803615609044
 10
-8.645
 20
1.8201803615609047
  0
LWPOLYLINE
  5
238
330
17
100
AcDbEntity
  8
A-KRESKOWANIE
370
25
 48
0.05
100
AcDbPolyline
 90
2
 70
0
 10
-8.84
 20
1.7666017177982136
 10
-8.645
 20
1.961601717798214
  0
LWPOLYLINE
  5
239
330
17
100
AcDbEntity
  8
A-KRESKOWANIE
370
25
 48
0.05
100
AcDbPolyline
 90
2
 70
0
 10
-8.84
 20
1.9080230740355244
 10
-8.645
 20
2.1030230740355247
  0
LWPOLYLINE
  5
23A
330
17
100
AcDbEntity
  8
A-KRESKOWANIE
370
25
 48
0.05
100
AcDbPolyline
 90
2
 70
0
 10
-8.84
 20
2.0494444302728336
 10
-8.645
 20
2.244444430272834
  0
LWPOLYLINE
  5
23B
330
17
100
AcDbEntity
  8
A-KRESKOWANIE
370
25
 48
0.05
100
AcDbPolyline
 90
2
 70
0
 10
-8.84
 20
2.190865786510143
 10
-8.645
 20
2.3858657865101427
  0
LWPOLYLINE
  5
23C
330
17
100
AcDbEntity
  8
A-KRESKOWANIE
370
25
 48
0.05
100
AcDbPolyline
 90
2
 70
0
 10
-8.84
 20
2.332287142747452
 10
-8.645
 20
2.527287142747452
  0
LWPOLYLINE
  5
23D
330
17
100
AcDbEntity
  8
A-KRESKOWANIE
370
25
 48
0.05
100
AcDbPolyline
 90
2
 70
0
 10
-8.84
 20
2.4737084989847613
 10
-8.645
 20
2.668708498984761
  0
LWPOLYLINE
  5
23E
330
17
100
AcDbEntity
  8
A-KRESKOWANIE
370
25
 48
0.05
100
AcDbPolyline
 90
2
 70
0
 10
-8.84
 20
2.61512985522207
 10
-8.675129855222071
 20
2.78
  0
LWPOLYLINE
  5
23F
330
17
100
AcDbEntity
  8
A-KRESKOWANIE
370
25
 48
0.05
100
AcDbPolyline
 90
2
 70
0
 10
-8.84
 20
2.75655121145938
 10
-8.81655121145938
 20
2.78
  0
LWPOLYLINE
  5
240
330
17
100
AcDbEntity
  8
A-KRESKOWANIE
370
25
 48
0.05
100
AcDbPolyline
 90
2
 70
0
 10
-8.645
 20
2.705303038033
 10
-8.719696961967
 20
2.78
  0
LWPOLYLINE
  5
241
330
17
100
AcDbEntity
  8
A-KRESKOWANIE
370
25
 48
0.05
100
AcDbPolyline
 90
2
 70
0
 10
-8.645
 20
2.563881681795691
 10
-8.84
 20
2.758881681795691
  0
LWPOLYLINE
  5
242
330
17
100
AcDbEntity
  8
A-KRESKOWANIE
370
25
 48
0.05
100
AcDbPolyline
 90
2
 70
0
 10
-8.645
 20
2.422460325558381
 10
-8.84
 20
2.6174603255583815
  0
LWPOLYLINE
  5
243
330
17
100
AcDbEntity
  8
A-KRESKOWANIE
370
25
 48
0.05
100
AcDbPolyline
 90
2
 70
0
 10
-8.645
 20
2.281038969321072
 10
-8.84
 20
2.4760389693210723
  0
LWPOLYLINE
  5
244
330
17
100
AcDbEntity
  8
A-KRESKOWANIE
370
25
 48
0.05
100
AcDbPolyline
 90
2
 70
0
 10
-8.645
 20
2.139617613083762
 10
-8.84
 20
2.3346176130837626
  0
LWPOLYLINE
  5
245
330
17
100
AcDbEntity
  8
A-KRESKOWANIE
370
25
 48
0.05
100
AcDbPolyline
 90
2
 70
0
 10
-8.645
 20
1.9981962568464533
 10
-8.84
 20
2.193196256846454
  0
LWPOLYLINE
  5
246
330
17
100
AcDbEntity
  8
A-KRESKOWANIE
370
25
 48
0.05
100
AcDbPolyline
 90
2
 70
0
 10
-8.645
 20
1.8567749006091427
 10
-8.84
 20
2.0517749006091432
  0
LWPOLYLINE
  5
247
330
17
100
AcDbEntity
  8
A-KRESKOWANIE
370
25
 48
0.05
100
AcDbPolyline
 90
2
 70
0
 10
-8.645
 20
1.7153535443718342
 10
-8.84
 20
1.9103535443718347
  0
LWPOLYLINE
  5
248
330
17
100
AcDbEntity
  8
A-KRESKOWANIE
370
25
 48
0.05
100
AcDbPolyline
 90
2
 70
0
 10
-8.645
 20
1.573932188134525
 10
-8.84
 20
1.7689321881345255
  0
LWPOLYLINE
  5
249
330
17
100
AcDbEntity
  8
A-KRESKOWANIE
370
25
 48
0.05
100
AcDbPolyline
 90
2
 70
0
 10
-8.645
 20
1.4325108318972148
 10
-8.84
 20
1.6275108318972153
  0
LWPOLYLINE
  5
24A
330
17
100
AcDbEntity
  8
A-KRESKOWANIE
370
25
 48
0.05
100
AcDbPolyline
 90
2
 70
0
 10
-8.645
 20
1.2910894756599056
 10
-8.84
 20
1.4860894756599061
  0
LWPOLYLINE
  5
24B
330
17
100
AcDbEntity
  8
A-KRESKOWANIE
370
25
 48
0.05
100
AcDbPolyline
 90
2
 70
0
 10
-8.645
 20
1.1496681194225957
 10
-8.84
 20
1.3446681194225962
  0
LWPOLYLINE
  5
24C
330
17
100
AcDbEntity
  8
A-KRESKOWANIE
370
25
 48
0.05
100
AcDbPolyline
 90
2
 70
0
 10
-8.645
 20
1.0082467631852865
 10
-8.84
 20
1.203246763185287
  0
LWPOLYLINE
  5
24D
330
17
100
AcDbEntity
  8
A-KRESKOWANIE
370
25
 48
0.05
100
AcDbPolyline
 90
2
 70
0
 10
-8.645
 20
0.8668254069479776
 10
-8.84
 20
1.0618254069479782
  0
LWPOLYLINE
  5
24E
330
17
100
AcDbEntity
  8
A-KRESKOWANIE
370
25
 48
0.05
100
AcDbPolyline
 90
2
 70
0
 10
-8.645
 20
0.7254040507106669
 10
-8.84
 20
0.9204040507106672
  0
LWPOLYLINE
  5
24F
330
17
100
AcDbEntity
  8
A-KRESKOWANIE
370
25
 48
0.05
100
AcDbPolyline
 90
2
 70
0
 10
-8.645
 20
0.5839826944733582
 10
-8.84
 20
0.7789826944733587
  0
LWPOLYLINE
  5
250
330
17
100
AcDbEntity
  8
A-KRESKOWANIE
370
25
 48
0.05
100
AcDbPolyline
 90
2
 70
0
 10
-8.645
 20
0.4425613382360471
 10
-8.84
 20
0.6375613382360475
  0
LWPOLYLINE
  5
251
330
17
100
AcDbEntity
  8
A-KRESKOWANIE
370
25
 48
0.05
100
AcDbPolyline
 90
2
 70
0
 10
-8.645
 20
0.3011399819987378
 10
-8.84
 20
0.49613998199873827
  0
LWPOLYLINE
  5
252
330
17
100
AcDbEntity
  8
A-KRESKOWANIE
370
25
 48
0.05
100
AcDbPolyline
 90
2
 70
0
 10
-8.645
 20
0.15971862576142848
 10
-8.84
 20
0.354718625761429
  0
LWPOLYLINE
  5
253
330
17
100
AcDbEntity
  8
A-KRESKOWANIE
370
25
 48
0.05
100
AcDbPolyline
 90
2
 70
0
 10
-8.645
 20
0.018297269524118306
 10
-8.84
 20
0.2132972695241188
  0
LWPOLYLINE
  5
254
330
17
100
AcDbEntity
  8
A-KRESKOWANIE
370
25
 48
0.05
100
AcDbPolyline
 90
2
 70
0
 10
-8.645
 20
-0.12312408671319011
 10
-8.84
 20
0.07187591328681038
  0
LWPOLYLINE
  5
255
330
17
100
AcDbEntity
  8
A-KRESKOWANIE
370
25
 48
0.05
100
AcDbPolyline
 90
2
 70
0
 10
-8.7595454429505
 20
-0.15
 10
-8.84
 20
-0.06954544295050002
  0
LWPOLYLINE
  5
256
330
17
100
AcDbEntity
  8
A-KRESKOWANIE
370
25
 48
0.05
100
AcDbPolyline
 90
2
 70
0
 10
-8.73797256769669
 20
3.0
 10
-8.645
 20
3.0929725676966906
  0
LWPOLYLINE
  5
257
330
17
100
AcDbEntity
  8
A-KRESKOWANIE
370
25
 48
0.05
100
AcDbPolyline
 90
2
 70
0
 10
-8.84
 20
3.0393939239339995
 10
-8.645
 20
3.234393923934
  0
LWPOLYLINE
  5
258
330
17
100
AcDbEntity
  8
A-KRESKOWANIE
370
25
 48
0.05
100
AcDbPolyline
 90
2
 70
0
 10
-8.84
 20
3.1808152801713088
 10
-8.645
 20
3.375815280171309
  0
LWPOLYLINE
  5
259
330
17
100
AcDbEntity
  8
A-KRESKOWANIE
370
25
 48
0.05
100
AcDbPolyline
 90
2
 70
0
 10
-8.84
 20
3.322236636408618
 10
-8.645
 20
3.5172366364086183
  0
LWPOLYLINE
  5
25A
330
17
100
AcDbEntity
  8
A-KRESKOWANIE
370
25
 48
0.05
100
AcDbPolyline
 90
2
 70
0
 10
-8.84
 20
3.463657992645928
 10
-8.645
 20
3.6586579926459284
  0
LWPOLYLINE
  5
25B
330
17
100
AcDbEntity
  8
A-KRESKOWANIE
370
25
 48
0.05
100
AcDbPolyline
 90
2
 70
0
 10
-8.84
 20
3.6050793488832373
 10
-8.645
 20
3.8000793488832376
  0
LWPOLYLINE
  5
25C
330
17
100
AcDbEntity
  8
A-KRESKOWANIE
370
25
 48
0.05
100
AcDbPolyline
 90
2
 70
0
 10
-8.84
 20
3.7465007051205466
 10
-8.645
 20
3.941500705120547
  0
LWPOLYLINE
  5
25D
330
17
100
AcDbEntity
  8
A-KRESKOWANIE
370
25
 48
0.05
100
AcDbPolyline
 90
2
 70
0
 10
-8.84
 20
3.887922061357856
 10
-8.645
 20
4.082922061357856
  0
LWPOLYLINE
  5
25E
330
17
100
AcDbEntity
  8
A-KRESKOWANIE
370
25
 48
0.05
100
AcDbPolyline
 90
2
 70
0
 10
-8.84
 20
4.029343417595165
 10
-8.645
 20
4.224343417595165
  0
LWPOLYLINE
  5
25F
330
17
100
AcDbEntity
  8
A-KRESKOWANIE
370
25
 48
0.05
100
AcDbPolyline
 90
2
 70
0
 10
-8.84
 20
4.170764773832477
 10
-8.645
 20
4.365764773832478
  0
LWPOLYLINE
  5
260
330
17
100
AcDbEntity
  8
A-KRESKOWANIE
370
25
 48
0.05
100
AcDbPolyline
 90
2
 70
0
 10
-8.84
 20
4.312186130069787
 10
-8.645
 20
4.507186130069787
  0
LWPOLYLINE
  5
261
330
17
100
AcDbEntity
  8
A-KRESKOWANIE
370
25
 48
0.05
100
AcDbPolyline
 90
2
 70
0
 10
-8.84
 20
4.453607486307094
 10
-8.645
 20
4.648607486307094
  0
LWPOLYLINE
  5
262
330
17
100
AcDbEntity
  8
A-KRESKOWANIE
370
25
 48
0.05
100
AcDbPolyline
 90
2
 70
0
 10
-8.84
 20
4.5950288425444015
 10
-8.645
 20
4.790028842544402
  0
LWPOLYLINE
  5
263
330
17
100
AcDbEntity
  8
A-KRESKOWANIE
370
25
 48
0.05
100
AcDbPolyline
 90
2
 70
0
 10
-8.84
 20
4.736450198781715
 10
-8.645
 20
4.931450198781715
  0
LWPOLYLINE
  5
264
330
17
100
AcDbEntity
  8
A-KRESKOWANIE
370
25
 48
0.05
100
AcDbPolyline
 90
2
 70
0
 10
-8.84
 20
4.8778715550190235
 10
-8.645
 20
5.072871555019024
  0
LWPOLYLINE
  5
265
330
17
100
AcDbEntity
  8
A-KRESKOWANIE
370
25
 48
0.05
100
AcDbPolyline
 90
2
 70
0
 10
-8.84
 20
5.019292911256333
 10
-8.645
 20
5.214292911256333
  0
LWPOLYLINE
  5
266
330
17
100
AcDbEntity
  8
A-KRESKOWANIE
370
25
 48
0.05
100
AcDbPolyline
 90
2
 70
0
 10
-8.84
 20
5.160714267493642
 10
-8.645
 20
5.355714267493642
  0
LWPOLYLINE
  5
267
330
17
100
AcDbEntity
  8
A-KRESKOWANIE
370
25
 48
0.05
100
AcDbPolyline
 90
2
 70
0
 10
-8.84
 20
5.302135623730951
 10
-8.645
 20
5.497135623730951
  0
LWPOLYLINE
  5
268
330
17
100
AcDbEntity
  8
A-KRESKOWANIE
370
25
 48
0.05
100
AcDbPolyline
 90
2
 70
0
 10
-8.84
 20
5.443556979968262
 10
-8.645
 20
5.638556979968262
  0
LWPOLYLINE
  5
269
330
17
100
AcDbEntity
  8
A-KRESKOWANIE
370
25
 48
0.05
100
AcDbPolyline
 90
2
 70
0
 10
-8.84
 20
5.58497833620557
 10
-8.645
 20
5.77997833620557
  0
LWPOLYLINE
  5
26A
330
17
100
AcDbEntity
  8
A-KRESKOWANIE
370
25
 48
0.05
100
AcDbPolyline
 90
2
 70
0
 10
-8.84
 20
5.726399692442879
 10
-8.645
 20
5.921399692442879
  0
LWPOLYLINE
  5
26B
330
17
100
AcDbEntity
  8
A-KRESKOWANIE
370
25
 48
0.05
100
AcDbPolyline
 90
2
 70
0
 10
-8.84
 20
5.867821048680188
 10
-8.777821048680188
 20
5.93
  0
LWPOLYLINE
  5
26C
330
17
100
AcDbEntity
  8
A-KRESKOWANIE
370
25
 48
0.05
100
AcDbPolyline
 90
2
 70
0
 10
-8.645
 20
5.816572875253811
 10
-8.75842712474619
 20
5.93
  0
LWPOLYLINE
  5
26D
330
17
100
AcDbEntity
  8
A-KRESKOWANIE
370
25
 48
0.05
100
AcDbPolyline
 90
2
 70
0
 10
-8.645
 20
5.675151519016501
 10
-8.84
 20
5.870151519016502
  0
LWPOLYLINE
  5
26E
330
17
100
AcDbEntity
  8
A-KRESKOWANIE
370
25
 48
0.05
100
AcDbPolyline
 90
2
 70
0
 10
-8.645
 20
5.533730162779191
 10
-8.84
 20
5.728730162779192
  0
LWPOLYLINE
  5
26F
330
17
100
AcDbEntity
  8
A-KRESKOWANIE
370
25
 48
0.05
100
AcDbPolyline
 90
2
 70
0
 10
-8.645
 20
5.392308806541882
 10
-8.84
 20
5.587308806541882
  0
LWPOLYLINE
  5
270
330
17
100
AcDbEntity
  8
A-KRESKOWANIE
370
25
 48
0.05
100
AcDbPolyline
 90
2
 70
0
 10
-8.645
 20
5.250887450304573
 10
-8.84
 20
5.445887450304573
  0
LWPOLYLINE
  5
271
330
17
100
AcDbEntity
  8
A-KRESKOWANIE
370
25
 48
0.05
100
AcDbPolyline
 90
2
 70
0
 10
-8.645
 20
5.109466094067264
 10
-8.84
 20
5.304466094067264
  0
LWPOLYLINE
  5
272
330
17
100
AcDbEntity
  8
A-KRESKOWANIE
370
25
 48
0.05
100
AcDbPolyline
 90
2
 70
0
 10
-8.645
 20
4.968044737829954
 10
-8.84
 20
5.163044737829955
  0
LWPOLYLINE
  5
273
330
17
100
AcDbEntity
  8
A-KRESKOWANIE
370
25
 48
0.05
100
AcDbPolyline
 90
2
 70
0
 10
-8.645
 20
4.826623381592645
 10
-8.84
 20
5.021623381592645
  0
LWPOLYLINE
  5
274
330
17
100
AcDbEntity
  8
A-KRESKOWANIE
370
25
 48
0.05
100
AcDbPolyline
 90
2
 70
0
 10
-8.645
 20
4.685202025355335
 10
-8.84
 20
4.880202025355335
  0
LWPOLYLINE
  5
275
330
17
100
AcDbEntity
  8
A-KRESKOWANIE
370
25
 48
0.05
100
AcDbPolyline
 90
2
 70
0
 10
-8.645
 20
4.543780669118026
 10
-8.84
 20
4.738780669118026
  0
LWPOLYLINE
  5
276
330
17
100
AcDbEntity
  8
A-KRESKOWANIE
370
25
 48
0.05
100
AcDbPolyline
 90
2
 70
0
 10
-8.645
 20
4.402359312880717
 10
-8.84
 20
4.597359312880717
  0
LWPOLYLINE
  5
277
330
17
100
AcDbEntity
  8
A-KRESKOWANIE
370
25
 48
0.05
100
AcDbPolyline
 90
2
 70
0
 10
-8.645
 20
4.260937956643407
 10
-8.84
 20
4.455937956643408
  0
LWPOLYLINE
  5
278
330
17
100
AcDbEntity
  8
A-KRESKOWANIE
370
25
 48
0.05
100
AcDbPolyline
 90
2
 70
0
 10
-8.645
 20
4.1195166004060955
 10
-8.84
 20
4.314516600406096
  0
LWPOLYLINE
  5
279
330
17
100
AcDbEntity
  8
A-KRESKOWANIE
370
25
 48
0.05
100
AcDbPolyline
 90
2
 70
0
 10
-8.645
 20
3.9780952441687867
 10
-8.84
 20
4.1730952441687865
  0
LWPOLYLINE
  5
27A
330
17
100
AcDbEntity
  8
A-KRESKOWANIE
370
25
 48
0.05
100
AcDbPolyline
 90
2
 70
0
 10
-8.645
 20
3.8366738879314766
 10
-8.84
 20
4.031673887931477
  0
LWPOLYLINE
  5
27B
330
17
100
AcDbEntity
  8
A-KRESKOWANIE
370
25
 48
0.05
100
AcDbPolyline
 90
2
 70
0
 10
-8.645
 20
3.695252531694168
 10
-8.84
 20
3.8902525316941685
  0
LWPOLYLINE
  5
27C
330
17
100
AcDbEntity
  8
A-KRESKOWANIE
370
25
 48
0.05
100
AcDbPolyline
 90
2
 70
0
 10
-8.645
 20
3.553831175456858
 10
-8.84
 20
3.7488311754568584
  0
LWPOLYLINE
  5
27D
330
17
100
AcDbEntity
  8
A-KRESKOWANIE
370
25
 48
0.05
100
AcDbPolyline
 90
2
 70
0
 10
-8.645
 20
3.412409819219549
 10
-8.84
 20
3.607409819219549
  0
LWPOLYLINE
  5
27E
330
17
100
AcDbEntity
  8
A-KRESKOWANIE
370
25
 48
0.05
100
AcDbPolyline
 90
2
 70
0
 10
-8.645
 20
3.270988462982239
 10
-8.84
 20
3.4659884629822395
  0
LWPOLYLINE
  5
27F
330
17
100
AcDbEntity
  8
A-KRESKOWANIE
370
25
 48
0.05
100
AcDbPolyline
 90
2
 70
0
 10
-8.645
 20
3.12956710674493
 10
-8.84
 20
3.3245671067449303
  0
LWPOLYLINE
  5
280
330
17
100
AcDbEntity
  8
A-KRESKOWANIE
370
25
 48
0.05
100
AcDbPolyline
 90
2
 70
0
 10
-8.656854249492378
 20
3.0
 10
-8.84
 20
3.183145750507621
  0
LWPOLYLINE
  5
281
330
17
100
AcDbEntity
  8
A-KRESKOWANIE
370
25
 48
0.05
100
AcDbPolyline
 90
2
 70
0
 10
-8.798275605729689
 20
3.0
 10
-8.84
 20
3.0417243942703114
  0
LWPOLYLINE
  5
282
330
17
100
AcDbEntity
  8
A-KRESKOWANIE
370
25
 48
0.05
100
AcDbPolyline
 90
2
 70
0
 10
0.06888168179569165
 20
6.1499999999999995
 10
0.09
 20
6.171118318204308
  0
LWPOLYLINE
  5
283
330
17
100
AcDbEntity
  8
A-KRESKOWANIE
370
25
 48
0.05
100
AcDbPolyline
 90
2
 70
0
 10
-0.0725396744416189
 20
6.1499999999999995
 10
0.09
 20
6.312539674441618
  0
LWPOLYLINE
  5
284
330
17
100
AcDbEntity
  8
A-KRESKOWANIE
370
25
 48
0.05
100
AcDbPolyline
 90
2
 70
0
 10
-0.105
 20
6.258961030678927
 10
0.09
 20
6.4539610306789275
  0
LWPOLYLINE
  5
285
330
17
100
AcDbEntity
  8
A-KRESKOWANIE
370
25
 48
0.05
100
AcDbPolyline
 90
2
 70
0
 10
-0.105
 20
6.400382386916237
 10
0.09
 20
6.595382386916238
  0
LWPOLYLINE
  5
286
330
17
100
AcDbEntity
  8
A-KRESKOWANIE
370
25
 48
0.05
100
AcDbPolyline
 90
2
 70
0
 10
-0.105
 20
6.541803743153546
 10
0.09
 20
6.736803743153546
  0
LWPOLYLINE
  5
287
330
17
100
AcDbEntity
  8
A-KRESKOWANIE
370
25
 48
0.05
100
AcDbPolyline
 90
2
 70
0
 10
-0.105
 20
6.683225099390856
 10
0.09
 20
6.878225099390856
  0
LWPOLYLINE
  5
288
330
17
100
AcDbEntity
  8
A-KRESKOWANIE
370
25
 48
0.05
100
AcDbPolyline
 90
2
 70
0
 10
-0.105
 20
6.824646455628165
 10
0.09
 20
7.019646455628165
  0
LWPOLYLINE
  5
289
330
17
100
AcDbEntity
  8
A-KRESKOWANIE
370
25
 48
0.05
100
AcDbPolyline
 90
2
 70
0
 10
-0.105
 20
6.966067811865474
 10
0.09
 20
7.1610678118654745
  0
LWPOLYLINE
  5
28A
330
17
100
AcDbEntity
  8
A-KRESKOWANIE
370
25
 48
0.05
100
AcDbPolyline
 90
2
 70
0
 10
-0.105
 20
7.107489168102783
 10
0.09
 20
7.302489168102784
  0
LWPOLYLINE
  5
28B
330
17
100
AcDbEntity
  8
A-KRESKOWANIE
370
25
 48
0.05
100
AcDbPolyline
 90
2
 70
0
 10
-0.105
 20
7.248910524340093
 10
0.09
 20
7.443910524340093
  0
LWPOLYLINE
  5
28C
330
17
100
AcDbEntity
  8
A-KRESKOWANIE
370
25
 48
0.05
100
AcDbPolyline
 90
2
 70
0
 10
-0.105
 20
7.390331880577404
 10
0.09
 20
7.585331880577404
  0
LWPOLYLINE
  5
28D
330
17
100
AcDbEntity
  8
A-KRESKOWANIE
370
25
 48
0.05
100
AcDbPolyline
 90
2
 70
0
 10
-0.105
 20
7.531753236814713
 10
0.09
 20
7.726753236814713
  0
LWPOLYLINE
  5
28E
330
17
100
AcDbEntity
  8
A-KRESKOWANIE
370
25
 48
0.05
100
AcDbPolyline
 90
2
 70
0
 10
-0.105
 20
7.673174593052022
 10
0.09
 20
7.868174593052022
  0
LWPOLYLINE
  5
28F
330
17
100
AcDbEntity
  8
A-KRESKOWANIE
370
25
 48
0.05
100
AcDbPolyline
 90
2
 70
0
 10
-0.105
 20
7.814595949289332
 10
0.09
 20
8.009595949289332
  0
LWPOLYLINE
  5
290
330
17
100
AcDbEntity
  8
A-KRESKOWANIE
370
25
 48
0.05
100
AcDbPolyline
 90
2
 70
0
 10
-0.105
 20
7.956017305526641
 10
0.09
 20
8.151017305526642
  0
LWPOLYLINE
  5
291
330
17
100
AcDbEntity
  8
A-KRESKOWANIE
370
25
 48
0.05
100
AcDbPolyline
 90
2
 70
0
 10
-0.105
 20
8.09743866176395
 10
0.09
 20
8.292438661763951
  0
LWPOLYLINE
  5
292
330
17
100
AcDbEntity
  8
A-KRESKOWANIE
370
25
 48
0.05
100
AcDbPolyline
 90
2
 70
0
 10
-0.105
 20
8.23886001800126
 10
0.09
 20
8.43386001800126
  0
LWPOLYLINE
  5
293
330
17
100
AcDbEntity
  8
A-KRESKOWANIE
370
25
 48
0.05
100
AcDbPolyline
 90
2
 70
0
 10
-0.105
 20
8.38028137423857
 10
0.09
 20
8.57528137423857
  0
LWPOLYLINE
  5
294
330
17
100
AcDbEntity
  8
A-KRESKOWANIE
370
25
 48
0.05
100
AcDbPolyline
 90
2
 70
0
 10
-0.105
 20
8.52170273047588
 10
0.09
 20
8.71670273047588
  0
LWPOLYLINE
  5
295
330
17
100
AcDbEntity
  8
A-KRESKOWANIE
370
25
 48
0.05
100
AcDbPolyline
 90
2
 70
0
 10
-0.105
 20
8.663124086713188
 10
0.09
 20
8.858124086713188
  0
LWPOLYLINE
  5
296
330
17
100
AcDbEntity
  8
A-KRESKOWANIE
370
25
 48
0.05
100
AcDbPolyline
 90
2
 70
0
 10
-0.105
 20
8.804545442950499
 10
0.09
 20
8.999545442950499
  0
LWPOLYLINE
  5
297
330
17
100
AcDbEntity
  8
A-KRESKOWANIE
370
25
 48
0.05
100
AcDbPolyline
 90
2
 70
0
 10
-0.105
 20
8.945966799187808
 10
0.029033200812192687
 20
9.08
  0
LWPOLYLINE
  5
298
330
17
100
AcDbEntity
  8
A-KRESKOWANIE
370
25
 48
0.05
100
AcDbPolyline
 90
2
 70
0
 10
0.09
 20
8.960966799187808
 10
-0.029033200812190907
 20
9.08
  0
LWPOLYLINE
  5
299
330
17
100
AcDbEntity
  8
A-KRESKOWANIE
370
25
 48
0.05
100
AcDbPolyline
 90
2
 70
0
 10
0.09
 20
8.819545442950501
 10
-0.105
 20
9.0145454429505
  0
LWPOLYLINE
  5
29A
330
17
100
AcDbEntity
  8
A-KRESKOWANIE
370
25
 48
0.05
100
AcDbPolyline
 90
2
 70
0
 10
0.09
 20
8.67812408671319
 10
-0.105
 20
8.87312408671319
  0
LWPOLYLINE
  5
29B
330
17
100
AcDbEntity
  8
A-KRESKOWANIE
370
25
 48
0.05
100
AcDbPolyline
 90
2
 70
0
 10
0.09
 20
8.53670273047588
 10
-0.105
 20
8.731702730475881
  0
LWPOLYLINE
  5
29C
330
17
100
AcDbEntity
  8
A-KRESKOWANIE
370
25
 48
0.05
100
AcDbPolyline
 90
2
 70
0
 10
0.09
 20
8.395281374238571
 10
-0.105
 20
8.590281374238572
  0
LWPOLYLINE
  5
29D
330
17
100
AcDbEntity
  8
A-KRESKOWANIE
370
25
 48
0.05
100
AcDbPolyline
 90
2
 70
0
 10
0.09
 20
8.253860018001262
 10
-0.105
 20
8.448860018001263
  0
LWPOLYLINE
  5
29E
330
17
100
AcDbEntity
  8
A-KRESKOWANIE
370
25
 48
0.05
100
AcDbPolyline
 90
2
 70
0
 10
0.09
 20
8.112438661763953
 10
-0.105
 20
8.307438661763953
  0
LWPOLYLINE
  5
29F
330
17
100
AcDbEntity
  8
A-KRESKOWANIE
370
25
 48
0.05
100
AcDbPolyline
 90
2
 70
0
 10
0.09
 20
7.971017305526642
 10
-0.105
 20
8.166017305526642
  0
LWPOLYLINE
  5
2A0
330
17
100
AcDbEntity
  8
A-KRESKOWANIE
370
25
 48
0.05
100
AcDbPolyline
 90
2
 70
0
 10
0.09
 20
7.829595949289334
 10
-0.105
 20
8.024595949289333
  0
LWPOLYLINE
  5
2A1
330
17
100
AcDbEntity
  8
A-KRESKOWANIE
370
25
 48
0.05
100
AcDbPolyline
 90
2
 70
0
 10
0.09
 20
7.6881745930520236
 10
-0.105
 20
7.883174593052024
  0
LWPOLYLINE
  5
2A2
330
17
100
AcDbEntity
  8
A-KRESKOWANIE
370
25
 48
0.05
100
AcDbPolyline
 90
2
 70
0
 10
0.09
 20
7.546753236814714
 10
-0.105
 20
7.741753236814715
  0
LWPOLYLINE
  5
2A3
330
17
100
AcDbEntity
  8
A-KRESKOWANIE
370
25
 48
0.05
100
AcDbPolyline
 90
2
 70
0
 10
0.09
 20
7.405331880577405
 10
-0.105
 20
7.600331880577405
  0
LWPOLYLINE
  5
2A4
330
17
100
AcDbEntity
  8
A-KRESKOWANIE
370
25
 48
0.05
100
AcDbPolyline
 90
2
 70
0
 10
0.09
 20
7.263910524340096
 10
-0.105
 20
7.458910524340095
  0
LWPOLYLINE
  5
2A5
330
17
100
AcDbEntity
  8
A-KRESKOWANIE
370
25
 48
0.05
100
AcDbPolyline
 90
2
 70
0
 10
0.09
 20
7.122489168102787
 10
-0.105
 20
7.317489168102786
  0
LWPOLYLINE
  5
2A6
330
17
100
AcDbEntity
  8
A-KRESKOWANIE
370
25
 48
0.05
100
AcDbPolyline
 90
2
 70
0
 10
0.09
 20
6.981067811865476
 10
-0.105
 20
7.176067811865476
  0
LWPOLYLINE
  5
2A7
330
17
100
AcDbEntity
  8
A-KRESKOWANIE
370
25
 48
0.05
100
AcDbPolyline
 90
2
 70
0
 10
0.09
 20
6.839646455628166
 10
-0.105
 20
7.034646455628167
  0
LWPOLYLINE
  5
2A8
330
17
100
AcDbEntity
  8
A-KRESKOWANIE
370
25
 48
0.05
100
AcDbPolyline
 90
2
 70
0
 10
0.09
 20
6.698225099390859
 10
-0.105
 20
6.893225099390858
  0
LWPOLYLINE
  5
2A9
330
17
100
AcDbEntity
  8
A-KRESKOWANIE
370
25
 48
0.05
100
AcDbPolyline
 90
2
 70
0
 10
0.09
 20
6.556803743153547
 10
-0.105
 20
6.751803743153547
  0
LWPOLYLINE
  5
2AA
330
17
100
AcDbEntity
  8
A-KRESKOWANIE
370
25
 48
0.05
100
AcDbPolyline
 90
2
 70
0
 10
0.09
 20
6.415382386916239
 10
-0.105
 20
6.610382386916239
  0
LWPOLYLINE
  5
2AB
330
17
100
AcDbEntity
  8
A-KRESKOWANIE
370
25
 48
0.05
100
AcDbPolyline
 90
2
 70
0
 10
0.09
 20
6.273961030678928
 10
-0.105
 20
6.468961030678928
  0
LWPOLYLINE
  5
2AC
330
17
100
AcDbEntity
  8
A-KRESKOWANIE
370
25
 48
0.05
100
AcDbPolyline
 90
2
 70
0
 10
0.07253967444161939
 20
6.1499999999999995
 10
-0.105
 20
6.327539674441619
  0
LWPOLYLINE
  5
2AD
330
17
100
AcDbEntity
  8
A-KRESKOWANIE
370
25
 48
0.05
100
AcDbPolyline
 90
2
 70
0
 10
-0.06888168179569024
 20
6.1499999999999995
 10
-0.105
 20
6.18611831820431
  0
LWPOLYLINE
  5
2AE
330
17
100
AcDbEntity
  8
A-KRESKOWANIE
370
25
 48
0.05
100
AcDbPolyline
 90
2
 70
0
 10
-5.02228714274745
 20
6.15
 10
-5.02
 20
6.152287142747451
  0
LWPOLYLINE
  5
2AF
330
17
100
AcDbEntity
  8
A-KRESKOWANIE
370
25
 48
0.05
100
AcDbPolyline
 90
2
 70
0
 10
-5.16370849898476
 20
6.1499999999999995
 10
-5.02
 20
6.29370849898476
  0
LWPOLYLINE
  5
2B0
330
17
100
AcDbEntity
  8
A-KRESKOWANIE
370
25
 48
0.05
100
AcDbPolyline
 90
2
 70
0
 10
-5.23
 20
6.225129855222068
 10
-5.02
 20
6.435129855222069
  0
LWPOLYLINE
  5
2B1
330
17
100
AcDbEntity
  8
A-KRESKOWANIE
370
25
 48
0.05
100
AcDbPolyline
 90
2
 70
0
 10
-5.23
 20
6.36655121145938
 10
-5.02
 20
6.576551211459381
  0
LWPOLYLINE
  5
2B2
330
17
100
AcDbEntity
  8
A-KRESKOWANIE
370
25
 48
0.05
100
AcDbPolyline
 90
2
 70
0
 10
-5.23
 20
6.507972567696689
 10
-5.02
 20
6.71797256769669
  0
LWPOLYLINE
  5
2B3
330
17
100
AcDbEntity
  8
A-KRESKOWANIE
370
25
 48
0.05
100
AcDbPolyline
 90
2
 70
0
 10
-5.23
 20
6.6493939239339985
 10
-5.02
 20
6.859393923933999
  0
LWPOLYLINE
  5
2B4
330
17
100
AcDbEntity
  8
A-KRESKOWANIE
370
25
 48
0.05
100
AcDbPolyline
 90
2
 70
0
 10
-5.23
 20
6.790815280171308
 10
-5.02
 20
7.000815280171309
  0
LWPOLYLINE
  5
2B5
330
17
100
AcDbEntity
  8
A-KRESKOWANIE
370
25
 48
0.05
100
AcDbPolyline
 90
2
 70
0
 10
-5.23
 20
6.932236636408617
 10
-5.02
 20
7.142236636408618
  0
LWPOLYLINE
  5
2B6
330
17
100
AcDbEntity
  8
A-KRESKOWANIE
370
25
 48
0.05
100
AcDbPolyline
 90
2
 70
0
 10
-5.23
 20
7.073657992645928
 10
-5.02
 20
7.283657992645929
  0
LWPOLYLINE
  5
2B7
330
17
100
AcDbEntity
  8
A-KRESKOWANIE
370
25
 48
0.05
100
AcDbPolyline
 90
2
 70
0
 10
-5.23
 20
7.215079348883237
 10
-5.02
 20
7.425079348883238
  0
LWPOLYLINE
  5
2B8
330
17
100
AcDbEntity
  8
A-KRESKOWANIE
370
25
 48
0.05
100
AcDbPolyline
 90
2
 70
0
 10
-5.23
 20
7.356500705120546
 10
-5.02
 20
7.566500705120547
  0
LWPOLYLINE
  5
2B9
330
17
100
AcDbEntity
  8
A-KRESKOWANIE
370
25
 48
0.05
100
AcDbPolyline
 90
2
 70
0
 10
-5.23
 20
7.497922061357856
 10
-5.02
 20
7.7079220613578565
  0
LWPOLYLINE
  5
2BA
330
17
100
AcDbEntity
  8
A-KRESKOWANIE
370
25
 48
0.05
100
AcDbPolyline
 90
2
 70
0
 10
-5.23
 20
7.639343417595164
 10
-5.02
 20
7.849343417595165
  0
LWPOLYLINE
  5
2BB
330
17
100
AcDbEntity
  8
A-KRESKOWANIE
370
25
 48
0.05
100
AcDbPolyline
 90
2
 70
0
 10
-5.23
 20
7.780764773832475
 10
-5.02
 20
7.990764773832476
  0
LWPOLYLINE
  5
2BC
330
17
100
AcDbEntity
  8
A-KRESKOWANIE
370
25
 48
0.05
100
AcDbPolyline
 90
2
 70
0
 10
-5.23
 20
7.922186130069784
 10
-5.02
 20
8.132186130069785
  0
LWPOLYLINE
  5
2BD
330
17
100
AcDbEntity
  8
A-KRESKOWANIE
370
25
 48
0.05
100
AcDbPolyline
 90
2
 70
0
 10
-5.23
 20
8.063607486307093
 10
-5.02
 20
8.273607486307094
  0
LWPOLYLINE
  5
2BE
330
17
100
AcDbEntity
  8
A-KRESKOWANIE
370
25
 48
0.05
100
AcDbPolyline
 90
2
 70
0
 10
-5.23
 20
8.205028842544403
 10
-5.02
 20
8.415028842544404
  0
LWPOLYLINE
  5
2BF
330
17
100
AcDbEntity
  8
A-KRESKOWANIE
370
25
 48
0.05
100
AcDbPolyline
 90
2
 70
0
 10
-5.23
 20
8.346450198781715
 10
-5.02
 20
8.556450198781716
  0
LWPOLYLINE
  5
2C0
330
17
100
AcDbEntity
  8
A-KRESKOWANIE
370
25
 48
0.05
100
AcDbPolyline
 90
2
 70
0
 10
-5.23
 20
8.487871555019023
 10
-5.02
 20
8.697871555019024
  0
LWPOLYLINE
  5
2C1
330
17
100
AcDbEntity
  8
A-KRESKOWANIE
370
25
 48
0.05
100
AcDbPolyline
 90
2
 70
0
 10
-5.23
 20
8.62929291125633
 10
-5.02
 20
8.839292911256331
  0
LWPOLYLINE
  5
2C2
330
17
100
AcDbEntity
  8
A-KRESKOWANIE
370
25
 48
0.05
100
AcDbPolyline
 90
2
 70
0
 10
-5.23
 20
8.77071426749364
 10
-5.02
 20
8.98071426749364
  0
LWPOLYLINE
  5
2C3
330
17
100
AcDbEntity
  8
A-KRESKOWANIE
370
25
 48
0.05
100
AcDbPolyline
 90
2
 70
0
 10
-5.23
 20
8.912135623730949
 10
-5.062135623730949
 20
9.08
  0
LWPOLYLINE
  5
2C4
330
17
100
AcDbEntity
  8
A-KRESKOWANIE
370
25
 48
0.05
100
AcDbPolyline
 90
2
 70
0
 10
-5.23
 20
9.053556979968262
 10
-5.203556979968262
 20
9.08
  0
LWPOLYLINE
  5
2C5
330
17
100
AcDbEntity
  8
A-KRESKOWANIE
370
25
 48
0.05
100
AcDbPolyline
 90
2
 70
0
 10
-5.02
 20
8.979797974644669
 10
-5.120202025355332
 20
9.08
  0
LWPOLYLINE
  5
2C6
330
17
100
AcDbEntity
  8
A-KRESKOWANIE
370
25
 48
0.05
100
AcDbPolyline
 90
2
 70
0
 10
-5.02
 20
8.838376618407358
 10
-5.23
 20
9.048376618407358
  0
LWPOLYLINE
  5
2C7
330
17
100
AcDbEntity
  8
A-KRESKOWANIE
370
25
 48
0.05
100
AcDbPolyline
 90
2
 70
0
 10
-5.02
 20
8.696955262170048
 10
-5.23
 20
8.90695526217005
  0
LWPOLYLINE
  5
2C8
330
17
100
AcDbEntity
  8
A-KRESKOWANIE
370
25
 48
0.05
100
AcDbPolyline
 90
2
 70
0
 10
-5.02
 20
8.555533905932737
 10
-5.23
 20
8.765533905932738
  0
LWPOLYLINE
  5
2C9
330
17
100
AcDbEntity
  8
A-KRESKOWANIE
370
25
 48
0.05
100
AcDbPolyline
 90
2
 70
0
 10
-5.02
 20
8.41411254969543
 10
-5.23
 20
8.62411254969543
  0
LWPOLYLINE
  5
2CA
330
17
100
AcDbEntity
  8
A-KRESKOWANIE
370
25
 48
0.05
100
AcDbPolyline
 90
2
 70
0
 10
-5.02
 20
8.272691193458119
 10
-5.23
 20
8.48269119345812
  0
LWPOLYLINE
  5
2CB
330
17
100
AcDbEntity
  8
A-KRESKOWANIE
370
25
 48
0.05
100
AcDbPolyline
 90
2
 70
0
 10
-5.02
 20
8.13126983722081
 10
-5.23
 20
8.34126983722081
  0
LWPOLYLINE
  5
2CC
330
17
100
AcDbEntity
  8
A-KRESKOWANIE
370
25
 48
0.05
100
AcDbPolyline
 90
2
 70
0
 10
-5.02
 20
7.9898484809835
 10
-5.23
 20
8.199848480983501
  0
LWPOLYLINE
  5
2CD
330
17
100
AcDbEntity
  8
A-KRESKOWANIE
370
25
 48
0.05
100
AcDbPolyline
 90
2
 70
0
 10
-5.02
 20
7.84842712474619
 10
-5.23
 20
8.058427124746192
  0
LWPOLYLINE
  5
2CE
330
17
100
AcDbEntity
  8
A-KRESKOWANIE
370
25
 48
0.05
100
AcDbPolyline
 90
2
 70
0
 10
-5.02
 20
7.707005768508881
 10
-5.23
 20
7.917005768508882
  0
LWPOLYLINE
  5
2CF
330
17
100
AcDbEntity
  8
A-KRESKOWANIE
370
25
 48
0.05
100
AcDbPolyline
 90
2
 70
0
 10
-5.02
 20
7.565584412271572
 10
-5.23
 20
7.775584412271573
  0
LWPOLYLINE
  5
2D0
330
17
100
AcDbEntity
  8
A-KRESKOWANIE
370
25
 48
0.05
100
AcDbPolyline
 90
2
 70
0
 10
-5.02
 20
7.424163056034263
 10
-5.23
 20
7.6341630560342635
  0
LWPOLYLINE
  5
2D1
330
17
100
AcDbEntity
  8
A-KRESKOWANIE
370
25
 48
0.05
100
AcDbPolyline
 90
2
 70
0
 10
-5.02
 20
7.282741699796953
 10
-5.23
 20
7.492741699796954
  0
LWPOLYLINE
  5
2D2
330
17
100
AcDbEntity
  8
A-KRESKOWANIE
370
25
 48
0.05
100
AcDbPolyline
 90
2
 70
0
 10
-5.02
 20
7.141320343559642
 10
-5.23
 20
7.351320343559643
  0
LWPOLYLINE
  5
2D3
330
17
100
AcDbEntity
  8
A-KRESKOWANIE
370
25
 48
0.05
100
AcDbPolyline
 90
2
 70
0
 10
-5.02
 20
6.999898987322333
 10
-5.23
 20
7.209898987322334
  0
LWPOLYLINE
  5
2D4
330
17
100
AcDbEntity
  8
A-KRESKOWANIE
370
25
 48
0.05
100
AcDbPolyline
 90
2
 70
0
 10
-5.02
 20
6.858477631085024
 10
-5.23
 20
7.068477631085025
  0
LWPOLYLINE
  5
2D5
330
17
100
AcDbEntity
  8
A-KRESKOWANIE
370
25
 48
0.05
100
AcDbPolyline
 90
2
 70
0
 10
-5.02
 20
6.717056274847715
 10
-5.23
 20
6.927056274847716
  0
LWPOLYLINE
  5
2D6
330
17
100
AcDbEntity
  8
A-KRESKOWANIE
370
25
 48
0.05
100
AcDbPolyline
 90
2
 70
0
 10
-5.02
 20
6.5756349186104055
 10
-5.23
 20
6.785634918610406
  0
LWPOLYLINE
  5
2D7
330
17
100
AcDbEntity
  8
A-KRESKOWANIE
370
25
 48
0.05
100
AcDbPolyline
 90
2
 70
0
 10
-5.02
 20
6.434213562373095
 10
-5.23
 20
6.644213562373096
  0
LWPOLYLINE
  5
2D8
330
17
100
AcDbEntity
  8
A-KRESKOWANIE
370
25
 48
0.05
100
AcDbPolyline
 90
2
 70
0
 10
-5.02
 20
6.292792206135786
 10
-5.23
 20
6.502792206135787
  0
LWPOLYLINE
  5
2D9
330
17
100
AcDbEntity
  8
A-KRESKOWANIE
370
25
 48
0.05
100
AcDbPolyline
 90
2
 70
0
 10
-5.02
 20
6.151370849898476
 10
-5.23
 20
6.361370849898477
  0
LWPOLYLINE
  5
2DA
330
17
100
AcDbEntity
  8
A-KRESKOWANIE
370
25
 48
0.05
100
AcDbPolyline
 90
2
 70
0
 10
-5.160050506338832
 20
6.1499999999999995
 10
-5.23
 20
6.219949493661168
  0
LWPOLYLINE
  5
2DB
330
17
100
AcDbEntity
  8
A-KRESKOWANIE
370
25
 48
0.05
100
AcDbPolyline
 90
2
 70
0
 10
-8.675129855222071
 20
2.78
 10
-8.645
 20
2.8101298552220717
  0
LWPOLYLINE
  5
2DC
330
17
100
AcDbEntity
  8
A-KRESKOWANIE
370
25
 48
0.05
100
AcDbPolyline
 90
2
 70
0
 10
-8.781195872400055
 20
2.78
 10
-8.7150910781242
 20
2.846104794275855
  0
LWPOLYLINE
  5
2DD
330
17
100
AcDbEntity
  8
A-KRESKOWANIE
370
25
 48
0.05
100
AcDbPolyline
 90
2
 70
0
 10
-8.67973573906487
 20
2.881460133335182
 10
-8.645
 20
2.9161958724000536
  0
LWPOLYLINE
  5
2DE
330
17
100
AcDbEntity
  8
A-KRESKOWANIE
370
25
 48
0.05
100
AcDbPolyline
 90
2
 70
0
 10
-8.887261889578037
 20
2.78
 10
-8.667261889578038
 20
3.0
  0
LWPOLYLINE
  5
2DF
330
17
100
AcDbEntity
  8
A-KRESKOWANIE
370
25
 48
0.05
100
AcDbPolyline
 90
2
 70
0
 10
-8.993327906756019
 20
2.78
 10
-8.891867773420834
 20
2.881460133335182
  0
LWPOLYLINE
  5
2E0
330
17
100
AcDbEntity
  8
A-KRESKOWANIE
370
25
 48
0.05
100
AcDbPolyline
 90
2
 70
0
 10
-8.856512434361509
 20
2.9168154723945094
 10
-8.773327906756018
 20
3.0
  0
LWPOLYLINE
  5
2E1
330
17
100
AcDbEntity
  8
A-KRESKOWANIE
370
25
 48
0.05
100
AcDbPolyline
 90
2
 70
0
 10
-9.05
 20
2.8293939239340014
 10
-8.879393923934002
 20
3.0
  0
LWPOLYLINE
  5
2E2
330
17
100
AcDbEntity
  8
A-KRESKOWANIE
370
25
 48
0.05
100
AcDbPolyline
 90
2
 70
0
 10
-9.033289129658145
 20
2.952170811453837
 10
-8.985459941111984
 20
3.0
  0
LWPOLYLINE
  5
2E3
330
17
100
AcDbEntity
  8
A-KRESKOWANIE
370
25
 48
0.05
100
AcDbPolyline
 90
2
 70
0
 10
0.2984816049064112
 20
2.738
 10
0.29999999999999744
 20
2.739518395093586
  0
LWPOLYLINE
  5
2E4
330
17
100
AcDbEntity
  8
A-KRESKOWANIE
370
25
 48
0.05
100
AcDbPolyline
 90
2
 70
0
 10
0.19241558772842857
 20
2.738
 10
0.3
 20
2.845584412271571
  0
LWPOLYLINE
  5
2E5
330
17
100
AcDbEntity
  8
A-KRESKOWANIE
370
25
 48
0.05
100
AcDbPolyline
 90
2
 70
0
 10
0.09834957055044674
 20
2.75
 10
0.12374368670764602
 20
2.7753941161571993
  0
LWPOLYLINE
  5
2E6
330
17
100
AcDbEntity
  8
A-KRESKOWANIE
370
25
 48
0.05
100
AcDbPolyline
 90
2
 70
0
 10
0.15909902576697332
 20
2.8107494552165266
 10
0.26516504294495546
 20
2.916815472394509
  0
LWPOLYLINE
  5
2E7
330
17
100
AcDbEntity
  8
A-KRESKOWANIE
370
25
 48
0.05
100
AcDbPolyline
 90
2
 70
0
 10
-0.019716446627535272
 20
2.738
 10
0.24228355337246477
 20
3.0
  0
LWPOLYLINE
  5
2E8
330
17
100
AcDbEntity
  8
A-KRESKOWANIE
370
25
 48
0.05
100
AcDbPolyline
 90
2
 70
0
 10
-0.105
 20
2.7587824638055176
 10
-0.05303300858899096
 20
2.8107494552165266
  0
LWPOLYLINE
  5
2E9
330
17
100
AcDbEntity
  8
A-KRESKOWANIE
370
25
 48
0.05
100
AcDbPolyline
 90
2
 70
0
 10
-0.017677669529663653
 20
2.846104794275854
 10
0.08838834764831849
 20
2.9521708114538363
  0
LWPOLYLINE
  5
2EA
330
17
100
AcDbEntity
  8
A-KRESKOWANIE
370
25
 48
0.05
100
AcDbPolyline
 90
2
 70
0
 10
0.12374368670764602
 20
2.9875261505131636
 10
0.13621753619448243
 20
3.0
  0
LWPOLYLINE
  5
2EB
330
17
100
AcDbEntity
  8
A-KRESKOWANIE
370
25
 48
0.05
100
AcDbPolyline
 90
2
 70
0
 10
-0.19984848098350003
 20
2.77
 10
0.030151519016499994
 20
3.0
  0
LWPOLYLINE
  5
2EC
330
17
100
AcDbEntity
  8
A-KRESKOWANIE
370
25
 48
0.05
100
AcDbPolyline
 90
2
 70
0
 10
-0.30591449816148186
 20
2.77
 10
-0.22980970388562794
 20
2.846104794275854
  0
LWPOLYLINE
  5
2ED
330
17
100
AcDbEntity
  8
A-KRESKOWANIE
370
25
 48
0.05
100
AcDbPolyline
 90
2
 70
0
 10
-0.1944543648263004
 20
2.8814601333351817
 10
-0.08838834764831827
 20
2.9875261505131636
  0
LWPOLYLINE
  5
2EE
330
17
100
AcDbEntity
  8
A-KRESKOWANIE
370
25
 48
0.05
100
AcDbPolyline
 90
2
 70
0
 10
-0.4119805153394645
 20
2.77
 10
-0.1519805153394647
 20
3.03
  0
LWPOLYLINE
  5
2EF
330
17
100
AcDbEntity
  8
A-KRESKOWANIE
370
25
 48
0.05
100
AcDbPolyline
 90
2
 70
0
 10
-0.5126524163602468
 20
2.7753941161571993
 10
-0.4065863991822649
 20
2.8814601333351813
  0
LWPOLYLINE
  5
2F0
330
17
100
AcDbEntity
  8
A-KRESKOWANIE
370
25
 48
0.05
100
AcDbPolyline
 90
2
 70
0
 10
-0.3712310601229374
 20
2.916815472394509
 10
-0.26516504294495524
 20
3.022881489572491
  0
LWPOLYLINE
  5
2F1
330
17
100
AcDbEntity
  8
A-KRESKOWANIE
370
25
 48
0.05
100
AcDbPolyline
 90
2
 70
0
 10
-0.6241125496954285
 20
2.77
 10
-0.3641125496954288
 20
3.03
  0
LWPOLYLINE
  5
2F2
330
17
100
AcDbEntity
  8
A-KRESKOWANIE
370
25
 48
0.05
100
AcDbPolyline
 90
2
 70
0
 10
-0.7301785668734111
 20
2.77
 10
-0.7247844507162113
 20
2.7753941161571998
  0
LWPOLYLINE
  5
2F3
330
17
100
AcDbEntity
  8
A-KRESKOWANIE
370
25
 48
0.05
100
AcDbPolyline
 90
2
 70
0
 10
-0.689429111656884
 20
2.810749455216527
 10
-0.5833630944789017
 20
2.916815472394509
  0
LWPOLYLINE
  5
2F4
330
17
100
AcDbEntity
  8
A-KRESKOWANIE
370
25
 48
0.05
100
AcDbPolyline
 90
2
 70
0
 10
-0.5480077554195744
 20
2.9521708114538363
 10
-0.47017856687341086
 20
3.03
  0
LWPOLYLINE
  5
2F5
330
17
100
AcDbEntity
  8
A-KRESKOWANIE
370
25
 48
0.05
100
AcDbPolyline
 90
2
 70
0
 10
-0.8362445840513923
 20
2.77
 10
-0.5762445840513926
 20
3.03
  0
LWPOLYLINE
  5
2F6
330
17
100
AcDbEntity
  8
A-KRESKOWANIE
370
25
 48
0.05
100
AcDbPolyline
 90
2
 70
0
 10
-0.9423106012293747
 20
2.77
 10
-0.9015611460128481
 20
2.8107494552165266
  0
LWPOLYLINE
  5
2F7
330
17
100
AcDbEntity
  8
A-KRESKOWANIE
370
25
 48
0.05
100
AcDbPolyline
 90
2
 70
0
 10
-0.8662058069535207
 20
2.8461047942758544
 10
-0.7601397897755384
 20
2.9521708114538363
  0
LWPOLYLINE
  5
2F8
330
17
100
AcDbEntity
  8
A-KRESKOWANIE
370
25
 48
0.05
100
AcDbPolyline
 90
2
 70
0
 10
-0.7247844507162111
 20
2.9875261505131636
 10
-0.6823106012293749
 20
3.03
  0
LWPOLYLINE
  5
2F9
330
17
100
AcDbEntity
  8
A-KRESKOWANIE
370
25
 48
0.05
100
AcDbPolyline
 90
2
 70
0
 10
-1.0483766184073566
 20
2.77
 10
-0.7883766184073567
 20
3.03
  0
LWPOLYLINE
  5
2FA
330
17
100
AcDbEntity
  8
A-KRESKOWANIE
370
25
 48
0.05
100
AcDbPolyline
 90
2
 70
0
 10
-1.154442635585339
 20
2.77
 10
-1.078337841309485
 20
2.846104794275854
  0
LWPOLYLINE
  5
2FB
330
17
100
AcDbEntity
  8
A-KRESKOWANIE
370
25
 48
0.05
100
AcDbPolyline
 90
2
 70
0
 10
-1.0429825022501573
 20
2.8814601333351817
 10
-0.9369164850721754
 20
2.9875261505131636
  0
LWPOLYLINE
  5
2FC
330
17
100
AcDbEntity
  8
A-KRESKOWANIE
370
25
 48
0.05
100
AcDbPolyline
 90
2
 70
0
 10
-0.9015611460128481
 20
3.022881489572491
 10
-0.8944426355853392
 20
3.03
  0
LWPOLYLINE
  5
2FD
330
17
100
AcDbEntity
  8
A-KRESKOWANIE
370
25
 48
0.05
100
AcDbPolyline
 90
2
 70
0
 10
-1.2605086527633216
 20
2.77
 10
-1.0005086527633216
 20
3.03
  0
LWPOLYLINE
  5
2FE
330
17
100
AcDbEntity
  8
A-KRESKOWANIE
370
25
 48
0.05
100
AcDbPolyline
 90
2
 70
0
 10
-1.361180553784104
 20
2.7753941161571993
 10
-1.2551145366061218
 20
2.8814601333351813
  0
LWPOLYLINE
  5
2FF
330
17
100
AcDbEntity
  8
A-KRESKOWANIE
370
25
 48
0.05
100
AcDbPolyline
 90
2
 70
0
 10
-1.2197591975467943
 20
2.916815472394509
 10
-1.1136931803688122
 20
3.022881489572491
  0
LWPOLYLINE
  5
300
330
17
100
AcDbEntity
  8
A-KRESKOWANIE
370
25
 48
0.05
100
AcDbPolyline
 90
2
 70
0
 10
-1.4726406871192856
 20
2.77
 10
-1.2126406871192859
 20
3.03
  0
LWPOLYLINE
  5
301
330
17
100
AcDbEntity
  8
A-KRESKOWANIE
370
25
 48
0.05
100
AcDbPolyline
 90
2
 70
0
 10
-1.578706704297268
 20
2.77
 10
-1.5733125881400682
 20
2.7753941161571998
  0
LWPOLYLINE
  5
302
330
17
100
AcDbEntity
  8
A-KRESKOWANIE
370
25
 48
0.05
100
AcDbPolyline
 90
2
 70
0
 10
-1.537957249080741
 20
2.810749455216527
 10
-1.4318912319027588
 20
2.916815472394509
  0
LWPOLYLINE
  5
303
330
17
100
AcDbEntity
  8
A-KRESKOWANIE
370
25
 48
0.05
100
AcDbPolyline
 90
2
 70
0
 10
-1.3965358928434313
 20
2.9521708114538363
 10
-1.318706704297268
 20
3.03
  0
LWPOLYLINE
  5
304
330
17
100
AcDbEntity
  8
A-KRESKOWANIE
370
25
 48
0.05
100
AcDbPolyline
 90
2
 70
0
 10
-1.6847727214752497
 20
2.77
 10
-1.42477272147525
 20
3.03
  0
LWPOLYLINE
  5
305
330
17
100
AcDbEntity
  8
A-KRESKOWANIE
370
25
 48
0.05
100
AcDbPolyline
 90
2
 70
0
 10
-1.7908387386532325
 20
2.77
 10
-1.7500892834367054
 20
2.810749455216527
  0
LWPOLYLINE
  5
306
330
17
100
AcDbEntity
  8
A-KRESKOWANIE
370
25
 48
0.05
100
AcDbPolyline
 90
2
 70
0
 10
-1.714733944377378
 20
2.8461047942758544
 10
-1.608667927199396
 20
2.9521708114538363
  0
LWPOLYLINE
  5
307
330
17
100
AcDbEntity
  8
A-KRESKOWANIE
370
25
 48
0.05
100
AcDbPolyline
 90
2
 70
0
 10
-1.5733125881400687
 20
2.9875261505131636
 10
-1.5308387386532325
 20
3.03
  0
LWPOLYLINE
  5
308
330
17
100
AcDbEntity
  8
A-KRESKOWANIE
370
25
 48
0.05
100
AcDbPolyline
 90
2
 70
0
 10
-1.8969047558312149
 20
2.77
 10
-1.636904755831215
 20
3.03
  0
LWPOLYLINE
  5
309
330
17
100
AcDbEntity
  8
A-KRESKOWANIE
370
25
 48
0.05
100
AcDbPolyline
 90
2
 70
0
 10
-2.0029707730091966
 20
2.77
 10
-1.9268659787333422
 20
2.8461047942758544
  0
LWPOLYLINE
  5
30A
330
17
100
AcDbEntity
  8
A-KRESKOWANIE
370
25
 48
0.05
100
AcDbPolyline
 90
2
 70
0
 10
-1.8915106396740147
 20
2.8814601333351817
 10
-1.7854446224960325
 20
2.987526150513164
  0
LWPOLYLINE
  5
30B
330
17
100
AcDbEntity
  8
A-KRESKOWANIE
370
25
 48
0.05
100
AcDbPolyline
 90
2
 70
0
 10
-1.7500892834367052
 20
3.0228814895724914
 10
-1.7429707730091968
 20
3.03
  0
LWPOLYLINE
  5
30C
330
17
100
AcDbEntity
  8
A-KRESKOWANIE
370
25
 48
0.05
100
AcDbPolyline
 90
2
 70
0
 10
-2.1090367901871785
 20
2.77
 10
-1.849036790187179
 20
3.03
  0
LWPOLYLINE
  5
30D
330
17
100
AcDbEntity
  8
A-KRESKOWANIE
370
25
 48
0.05
100
AcDbPolyline
 90
2
 70
0
 10
-2.209708691207961
 20
2.7753941161571993
 10
-2.1036426740299787
 20
2.8814601333351817
  0
LWPOLYLINE
  5
30E
330
17
100
AcDbEntity
  8
A-KRESKOWANIE
370
25
 48
0.05
100
AcDbPolyline
 90
2
 70
0
 10
-2.0682873349706514
 20
2.916815472394509
 10
-1.9622213177926693
 20
3.022881489572491
  0
LWPOLYLINE
  5
30F
330
17
100
AcDbEntity
  8
A-KRESKOWANIE
370
25
 48
0.05
100
AcDbPolyline
 90
2
 70
0
 10
-2.3211688245431428
 20
2.77
 10
-2.061168824543143
 20
3.03
  0
LWPOLYLINE
  5
310
330
17
100
AcDbEntity
  8
A-KRESKOWANIE
370
25
 48
0.05
100
AcDbPolyline
 90
2
 70
0
 10
-2.427234841721125
 20
2.77
 10
-2.4218407255639254
 20
2.7753941161571998
  0
LWPOLYLINE
  5
311
330
17
100
AcDbEntity
  8
A-KRESKOWANIE
370
25
 48
0.05
100
AcDbPolyline
 90
2
 70
0
 10
-2.386485386504598
 20
2.810749455216527
 10
-2.2804193693266157
 20
2.916815472394509
  0
LWPOLYLINE
  5
312
330
17
100
AcDbEntity
  8
A-KRESKOWANIE
370
25
 48
0.05
100
AcDbPolyline
 90
2
 70
0
 10
-2.2450640302672884
 20
2.9521708114538363
 10
-2.1672348417211253
 20
3.03
  0
LWPOLYLINE
  5
313
330
17
100
AcDbEntity
  8
A-KRESKOWANIE
370
25
 48
0.05
100
AcDbPolyline
 90
2
 70
0
 10
-2.533300858899107
 20
2.77
 10
-2.273300858899107
 20
3.03
  0
LWPOLYLINE
  5
314
330
17
100
AcDbEntity
  8
A-KRESKOWANIE
370
25
 48
0.05
100
AcDbPolyline
 90
2
 70
0
 10
-2.639366876077089
 20
2.77
 10
-2.598617420860562
 20
2.810749455216527
  0
LWPOLYLINE
  5
315
330
17
100
AcDbEntity
  8
A-KRESKOWANIE
370
25
 48
0.05
100
AcDbPolyline
 90
2
 70
0
 10
-2.5632620818012346
 20
2.8461047942758544
 10
-2.4571960646232527
 20
2.9521708114538363
  0
LWPOLYLINE
  5
316
330
17
100
AcDbEntity
  8
A-KRESKOWANIE
370
25
 48
0.05
100
AcDbPolyline
 90
2
 70
0
 10
-2.4218407255639254
 20
2.9875261505131636
 10
-2.379366876077089
 20
3.03
  0
LWPOLYLINE
  5
317
330
17
100
AcDbEntity
  8
A-KRESKOWANIE
370
25
 48
0.05
100
AcDbPolyline
 90
2
 70
0
 10
-2.745432893255071
 20
2.77
 10
-2.4854328932550707
 20
3.03
  0
LWPOLYLINE
  5
318
330
17
100
AcDbEntity
  8
A-KRESKOWANIE
370
25
 48
0.05
100
AcDbPolyline
 90
2
 70
0
 10
-2.8514989104330537
 20
2.77
 10
-2.7753941161571993
 20
2.8461047942758544
  0
LWPOLYLINE
  5
319
330
17
100
AcDbEntity
  8
A-KRESKOWANIE
370
25
 48
0.05
100
AcDbPolyline
 90
2
 70
0
 10
-2.740038777097872
 20
2.8814601333351817
 10
-2.6339727599198897
 20
2.987526150513164
  0
LWPOLYLINE
  5
31A
330
17
100
AcDbEntity
  8
A-KRESKOWANIE
370
25
 48
0.05
100
AcDbPolyline
 90
2
 70
0
 10
-2.5986174208605624
 20
3.0228814895724914
 10
-2.591498910433054
 20
3.03
  0
LWPOLYLINE
  5
31B
330
17
100
AcDbEntity
  8
A-KRESKOWANIE
370
25
 48
0.05
100
AcDbPolyline
 90
2
 70
0
 10
-2.957564927611036
 20
2.77
 10
-2.6975649276110363
 20
3.03
  0
LWPOLYLINE
  5
31C
330
17
100
AcDbEntity
  8
A-KRESKOWANIE
370
25
 48
0.05
100
AcDbPolyline
 90
2
 70
0
 10
-3.0582368286318187
 20
2.7753941161571998
 10
-2.9521708114538363
 20
2.881460133335182
  0
LWPOLYLINE
  5
31D
330
17
100
AcDbEntity
  8
A-KRESKOWANIE
370
25
 48
0.05
100
AcDbPolyline
 90
2
 70
0
 10
-2.916815472394509
 20
2.9168154723945094
 10
-2.8107494552165266
 20
3.022881489572492
  0
LWPOLYLINE
  5
31E
330
17
100
AcDbEntity
  8
A-KRESKOWANIE
370
25
 48
0.05
100
AcDbPolyline
 90
2
 70
0
 10
-3.1696969619670003
 20
2.77
 10
-2.9096969619670006
 20
3.03
  0
LWPOLYLINE
  5
31F
330
17
100
AcDbEntity
  8
A-KRESKOWANIE
370
25
 48
0.05
100
AcDbPolyline
 90
2
 70
0
 10
-3.2757629791449814
 20
2.77
 10
-3.270368862987782
 20
2.7753941161571993
  0
LWPOLYLINE
  5
320
330
17
100
AcDbEntity
  8
A-KRESKOWANIE
370
25
 48
0.05
100
AcDbPolyline
 90
2
 70
0
 10
-3.2350135239284548
 20
2.8107494552165266
 10
-3.128947506750473
 20
2.916815472394509
  0
LWPOLYLINE
  5
321
330
17
100
AcDbEntity
  8
A-KRESKOWANIE
370
25
 48
0.05
100
AcDbPolyline
 90
2
 70
0
 10
-3.093592167691145
 20
2.9521708114538363
 10
-3.0157629791449816
 20
3.03
  0
LWPOLYLINE
  5
322
330
17
100
AcDbEntity
  8
A-KRESKOWANIE
370
25
 48
0.05
100
AcDbPolyline
 90
2
 70
0
 10
-3.381828996322964
 20
2.77
 10
-3.1218289963229644
 20
3.03
  0
LWPOLYLINE
  5
323
330
17
100
AcDbEntity
  8
A-KRESKOWANIE
370
25
 48
0.05
100
AcDbPolyline
 90
2
 70
0
 10
-3.4878950135009466
 20
2.77
 10
-3.4471455582844195
 20
2.810749455216527
  0
LWPOLYLINE
  5
324
330
17
100
AcDbEntity
  8
A-KRESKOWANIE
370
25
 48
0.05
100
AcDbPolyline
 90
2
 70
0
 10
-3.4117902192250917
 20
2.846104794275855
 10
-3.30572420204711
 20
2.9521708114538368
  0
LWPOLYLINE
  5
325
330
17
100
AcDbEntity
  8
A-KRESKOWANIE
370
25
 48
0.05
100
AcDbPolyline
 90
2
 70
0
 10
-3.2703688629877825
 20
2.987526150513164
 10
-3.2278950135009468
 20
3.03
  0
LWPOLYLINE
  5
326
330
17
100
AcDbEntity
  8
A-KRESKOWANIE
370
25
 48
0.05
100
AcDbPolyline
 90
2
 70
0
 10
-3.5939610306789294
 20
2.77
 10
-3.3339610306789296
 20
3.03
  0
LWPOLYLINE
  5
327
330
17
100
AcDbEntity
  8
A-KRESKOWANIE
370
25
 48
0.05
100
AcDbPolyline
 90
2
 70
0
 10
-3.7000270478569113
 20
2.77
 10
-3.6239222535810565
 20
2.846104794275855
  0
LWPOLYLINE
  5
328
330
17
100
AcDbEntity
  8
A-KRESKOWANIE
370
25
 48
0.05
100
AcDbPolyline
 90
2
 70
0
 10
-3.588566914521729
 20
2.881460133335182
 10
-3.482500897343747
 20
2.9875261505131645
  0
LWPOLYLINE
  5
329
330
17
100
AcDbEntity
  8
A-KRESKOWANIE
370
25
 48
0.05
100
AcDbPolyline
 90
2
 70
0
 10
-3.4471455582844195
 20
3.022881489572492
 10
-3.4400270478569115
 20
3.03
  0
LWPOLYLINE
  5
32A
330
17
100
AcDbEntity
  8
A-KRESKOWANIE
370
25
 48
0.05
100
AcDbPolyline
 90
2
 70
0
 10
-3.806093065034893
 20
2.77
 10
-3.5460930650348934
 20
3.03
  0
LWPOLYLINE
  5
32B
330
17
100
AcDbEntity
  8
A-KRESKOWANIE
370
25
 48
0.05
100
AcDbPolyline
 90
2
 70
0
 10
-3.9067649660556754
 20
2.7753941161571998
 10
-3.800698948877693
 20
2.8814601333351817
  0
LWPOLYLINE
  5
32C
330
17
100
AcDbEntity
  8
A-KRESKOWANIE
370
25
 48
0.05
100
AcDbPolyline
 90
2
 70
0
 10
-3.7653436098183657
 20
2.916815472394509
 10
-3.6821590822128747
 20
3.0
  0
LWPOLYLINE
  5
32D
330
17
100
AcDbEntity
  8
A-KRESKOWANIE
370
25
 48
0.05
100
AcDbPolyline
 90
2
 70
0
 10
-3.675
 20
3.007159082212875
 10
-3.6592775926403838
 20
3.022881489572491
  0
LWPOLYLINE
  5
32E
330
17
100
AcDbEntity
  8
A-KRESKOWANIE
370
25
 48
0.05
100
AcDbPolyline
 90
2
 70
0
 10
-4.0182250993908575
 20
2.77
 10
-3.7882250993908575
 20
3.0
  0
LWPOLYLINE
  5
32F
330
17
100
AcDbEntity
  8
A-KRESKOWANIE
370
25
 48
0.05
100
AcDbPolyline
 90
2
 70
0
 10
-4.124291116568839
 20
2.77
 10
-4.11889700041164
 20
2.7753941161571998
  0
LWPOLYLINE
  5
330
330
17
100
AcDbEntity
  8
A-KRESKOWANIE
370
25
 48
0.05
100
AcDbPolyline
 90
2
 70
0
 10
-4.083541661352312
 20
2.810749455216527
 10
-3.97747564417433
 20
2.9168154723945094
  0
LWPOLYLINE
  5
331
330
17
100
AcDbEntity
  8
A-KRESKOWANIE
370
25
 48
0.05
100
AcDbPolyline
 90
2
 70
0
 10
-3.9421203051150027
 20
2.9521708114538368
 10
-3.8642911165688396
 20
3.03
  0
LWPOLYLINE
  5
332
330
17
100
AcDbEntity
  8
A-KRESKOWANIE
370
25
 48
0.05
100
AcDbPolyline
 90
2
 70
0
 10
-4.230357133746822
 20
2.77
 10
-3.970357133746823
 20
3.03
  0
LWPOLYLINE
  5
333
330
17
100
AcDbEntity
  8
A-KRESKOWANIE
370
25
 48
0.05
100
AcDbPolyline
 90
2
 70
0
 10
-4.336423150924803
 20
2.77
 10
-4.295673695708277
 20
2.810749455216527
  0
LWPOLYLINE
  5
334
330
17
100
AcDbEntity
  8
A-KRESKOWANIE
370
25
 48
0.05
100
AcDbPolyline
 90
2
 70
0
 10
-4.260318356648949
 20
2.8461047942758544
 10
-4.1542523394709665
 20
2.9521708114538363
  0
LWPOLYLINE
  5
335
330
17
100
AcDbEntity
  8
A-KRESKOWANIE
370
25
 48
0.05
100
AcDbPolyline
 90
2
 70
0
 10
-4.118897000411639
 20
2.9875261505131636
 10
-4.0764231509248035
 20
3.03
  0
LWPOLYLINE
  5
336
330
17
100
AcDbEntity
  8
A-KRESKOWANIE
370
25
 48
0.05
100
AcDbPolyline
 90
2
 70
0
 10
-4.442489168102785
 20
2.77
 10
-4.182489168102785
 20
3.03
  0
LWPOLYLINE
  5
337
330
17
100
AcDbEntity
  8
A-KRESKOWANIE
370
25
 48
0.05
100
AcDbPolyline
 90
2
 70
0
 10
-4.548555185280768
 20
2.77
 10
-4.472450391004913
 20
2.846104794275855
  0
LWPOLYLINE
  5
338
330
17
100
AcDbEntity
  8
A-KRESKOWANIE
370
25
 48
0.05
100
AcDbPolyline
 90
2
 70
0
 10
-4.437095051945586
 20
2.8814601333351817
 10
-4.331029034767604
 20
2.987526150513164
  0
LWPOLYLINE
  5
339
330
17
100
AcDbEntity
  8
A-KRESKOWANIE
370
25
 48
0.05
100
AcDbPolyline
 90
2
 70
0
 10
-4.295673695708277
 20
3.0228814895724914
 10
-4.288555185280768
 20
3.03
  0
LWPOLYLINE
  5
33A
330
17
100
AcDbEntity
  8
A-KRESKOWANIE
370
25
 48
0.05
100
AcDbPolyline
 90
2
 70
0
 10
-4.65462120245875
 20
2.77
 10
-4.39462120245875
 20
3.03
  0
LWPOLYLINE
  5
33B
330
17
100
AcDbEntity
  8
A-KRESKOWANIE
370
25
 48
0.05
100
AcDbPolyline
 90
2
 70
0
 10
-4.7552931034795325
 20
2.7753941161571998
 10
-4.649227086301551
 20
2.881460133335182
  0
LWPOLYLINE
  5
33C
330
17
100
AcDbEntity
  8
A-KRESKOWANIE
370
25
 48
0.05
100
AcDbPolyline
 90
2
 70
0
 10
-4.613871747242223
 20
2.9168154723945094
 10
-4.507805730064241
 20
3.022881489572492
  0
LWPOLYLINE
  5
33D
330
17
100
AcDbEntity
  8
A-KRESKOWANIE
370
25
 48
0.05
100
AcDbPolyline
 90
2
 70
0
 10
-4.866753236814714
 20
2.77
 10
-4.606753236814714
 20
3.03
  0
LWPOLYLINE
  5
33E
330
17
100
AcDbEntity
  8
A-KRESKOWANIE
370
25
 48
0.05
100
AcDbPolyline
 90
2
 70
0
 10
-4.9728192539926965
 20
2.77
 10
-4.967425137835496
 20
2.7753941161571998
  0
LWPOLYLINE
  5
33F
330
17
100
AcDbEntity
  8
A-KRESKOWANIE
370
25
 48
0.05
100
AcDbPolyline
 90
2
 70
0
 10
-4.932069798776169
 20
2.810749455216527
 10
-4.826003781598187
 20
2.9168154723945094
  0
LWPOLYLINE
  5
340
330
17
100
AcDbEntity
  8
A-KRESKOWANIE
370
25
 48
0.05
100
AcDbPolyline
 90
2
 70
0
 10
-4.79064844253886
 20
2.9521708114538368
 10
-4.712819253992697
 20
3.03
  0
LWPOLYLINE
  5
341
330
17
100
AcDbEntity
  8
A-KRESKOWANIE
370
25
 48
0.05
100
AcDbPolyline
 90
2
 70
0
 10
-5.068885271170679
 20
2.78
 10
-4.818885271170679
 20
3.03
  0
LWPOLYLINE
  5
342
330
17
100
AcDbEntity
  8
A-KRESKOWANIE
370
25
 48
0.05
100
AcDbPolyline
 90
2
 70
0
 10
-5.174951288348661
 20
2.78
 10
-5.144201833132133
 20
2.8107494552165275
  0
LWPOLYLINE
  5
343
330
17
100
AcDbEntity
  8
A-KRESKOWANIE
370
25
 48
0.05
100
AcDbPolyline
 90
2
 70
0
 10
-5.108846494072806
 20
2.846104794275855
 10
-5.002780476894824
 20
2.952170811453837
  0
LWPOLYLINE
  5
344
330
17
100
AcDbEntity
  8
A-KRESKOWANIE
370
25
 48
0.05
100
AcDbPolyline
 90
2
 70
0
 10
-4.967425137835496
 20
2.9875261505131645
 10
-4.924951288348661
 20
3.03
  0
LWPOLYLINE
  5
345
330
17
100
AcDbEntity
  8
A-KRESKOWANIE
370
25
 48
0.05
100
AcDbPolyline
 90
2
 70
0
 10
-5.23
 20
2.8310173055266423
 10
-5.0310173055266425
 20
3.03
  0
LWPOLYLINE
  5
346
330
17
100
AcDbEntity
  8
A-KRESKOWANIE
370
25
 48
0.05
100
AcDbPolyline
 90
2
 70
0
 10
-5.23
 20
2.937083322704626
 10
-5.179557172191462
 20
2.9875261505131645
  0
LWPOLYLINE
  5
347
330
17
100
AcDbEntity
  8
A-KRESKOWANIE
370
25
 48
0.05
100
AcDbPolyline
 90
2
 70
0
 10
-5.144201833132135
 20
3.022881489572492
 10
-5.137083322704626
 20
3.03
  0
LWPOLYLINE
  5
348
330
17
100
AcDbEntity
  8
A-KRESKOWANIE
370
25
 48
0.05
100
AcDbPolyline
 90
2
 70
0
 10
-8.707110370561537
 20
5.93
 10
-8.645
 20
5.992110370561536
  0
LWPOLYLINE
  5
349
330
17
100
AcDbEntity
  8
A-KRESKOWANIE
370
25
 48
0.05
100
AcDbPolyline
 90
2
 70
0
 10
-8.785801756242853
 20
5.9573746314966645
 10
-8.67973573906487
 20
6.063440648674646
  0
LWPOLYLINE
  5
34A
330
17
100
AcDbEntity
  8
A-KRESKOWANIE
370
25
 48
0.05
100
AcDbPolyline
 90
2
 70
0
 10
-8.919242404917501
 20
5.93
 10
-8.6992424049175
 20
6.1499999999999995
  0
LWPOLYLINE
  5
34B
330
17
100
AcDbEntity
  8
A-KRESKOWANIE
370
25
 48
0.05
100
AcDbPolyline
 90
2
 70
0
 10
-9.025308422095483
 20
5.93
 10
-8.997933790598818
 20
5.9573746314966645
  0
LWPOLYLINE
  5
34C
330
17
100
AcDbEntity
  8
A-KRESKOWANIE
370
25
 48
0.05
100
AcDbPolyline
 90
2
 70
0
 10
-8.96257845153949
 20
5.992729970555992
 10
-8.856512434361509
 20
6.098795987733974
  0
LWPOLYLINE
  5
34D
330
17
100
AcDbEntity
  8
A-KRESKOWANIE
370
25
 48
0.05
100
AcDbPolyline
 90
2
 70
0
 10
-8.82115709530218
 20
6.134151326793301
 10
-8.80530842209548
 20
6.1499999999999995
  0
LWPOLYLINE
  5
34E
330
17
100
AcDbEntity
  8
A-KRESKOWANIE
370
25
 48
0.05
100
AcDbPolyline
 90
2
 70
0
 10
-9.05
 20
6.011374439273465
 10
-8.911374439273466
 20
6.1499999999999995
  0
LWPOLYLINE
  5
34F
330
17
100
AcDbEntity
  8
A-KRESKOWANIE
370
25
 48
0.05
100
AcDbPolyline
 90
2
 70
0
 10
-9.05
 20
6.117440456451447
 10
-9.033289129658145
 20
6.134151326793302
  0
LWPOLYLINE
  5
350
330
17
100
AcDbEntity
  8
A-KRESKOWANIE
370
25
 48
0.05
100
AcDbPolyline
 90
2
 70
0
 10
0.20243507238896452
 20
5.93
 10
0.3
 20
6.027564927611035
  0
LWPOLYLINE
  5
351
330
17
100
AcDbEntity
  8
A-KRESKOWANIE
370
25
 48
0.05
100
AcDbPolyline
 90
2
 70
0
 10
0.09636905521098153
 20
5.93
 10
0.15909902576697332
 20
5.992729970555992
  0
LWPOLYLINE
  5
352
330
17
100
AcDbEntity
  8
A-KRESKOWANIE
370
25
 48
0.05
100
AcDbPolyline
 90
2
 70
0
 10
0.19445436482630063
 20
6.028085309615319
 10
0.3
 20
6.133630944789018
  0
LWPOLYLINE
  5
353
330
17
100
AcDbEntity
  8
A-KRESKOWANIE
370
25
 48
0.05
100
AcDbPolyline
 90
2
 70
0
 10
-0.00969696196700065
 20
5.93
 10
0.210303038033
 20
6.15
  0
LWPOLYLINE
  5
354
330
17
100
AcDbEntity
  8
A-KRESKOWANIE
370
25
 48
0.05
100
AcDbPolyline
 90
2
 70
0
 10
-0.11576297914498121
 20
5.93
 10
-0.01767766952966321
 20
6.028085309615317
  0
LWPOLYLINE
  5
355
330
17
100
AcDbEntity
  8
A-KRESKOWANIE
370
25
 48
0.05
100
AcDbPolyline
 90
2
 70
0
 10
0.017677669529664097
 20
6.063440648674645
 10
0.10423702085501949
 20
6.15
  0
LWPOLYLINE
  5
356
330
17
100
AcDbEntity
  8
A-KRESKOWANIE
370
25
 48
0.05
100
AcDbPolyline
 90
2
 70
0
 10
-0.23182899632296428
 20
5.92
 10
-0.0018289963229638495
 20
6.15
  0
LWPOLYLINE
  5
357
330
17
100
AcDbEntity
  8
A-KRESKOWANIE
370
25
 48
0.05
100
AcDbPolyline
 90
2
 70
0
 10
-0.3378950135009462
 20
5.92
 10
-0.33587572106360986
 20
5.922019292437336
  0
LWPOLYLINE
  5
358
330
17
100
AcDbEntity
  8
A-KRESKOWANIE
370
25
 48
0.05
100
AcDbPolyline
 90
2
 70
0
 10
-0.30052038200428255
 20
5.957374631496664
 10
-0.19445436482630019
 20
6.063440648674646
  0
LWPOLYLINE
  5
359
330
17
100
AcDbEntity
  8
A-KRESKOWANIE
370
25
 48
0.05
100
AcDbPolyline
 90
2
 70
0
 10
-0.15909902576697288
 20
6.098795987733974
 10
-0.105
 20
6.152895013500946
  0
LWPOLYLINE
  5
35A
330
17
100
AcDbEntity
  8
A-KRESKOWANIE
370
25
 48
0.05
100
AcDbPolyline
 90
2
 70
0
 10
-0.44396103067892856
 20
5.92
 10
-0.18396103067892877
 20
6.18
  0
LWPOLYLINE
  5
35B
330
17
100
AcDbEntity
  8
A-KRESKOWANIE
370
25
 48
0.05
100
AcDbPolyline
 90
2
 70
0
 10
-0.5500270478569113
 20
5.92
 10
-0.5126524163602468
 20
5.9573746314966645
  0
LWPOLYLINE
  5
35C
330
17
100
AcDbEntity
  8
A-KRESKOWANIE
370
25
 48
0.05
100
AcDbPolyline
 90
2
 70
0
 10
-0.4772970773009195
 20
5.992729970555992
 10
-0.37123106012293716
 20
6.098795987733974
  0
LWPOLYLINE
  5
35D
330
17
100
AcDbEntity
  8
A-KRESKOWANIE
370
25
 48
0.05
100
AcDbPolyline
 90
2
 70
0
 10
-0.3358757210636103
 20
6.134151326793301
 10
-0.2900270478569114
 20
6.18
  0
LWPOLYLINE
  5
35E
330
17
100
AcDbEntity
  8
A-KRESKOWANIE
370
25
 48
0.05
100
AcDbPolyline
 90
2
 70
0
 10
-0.6560930650348924
 20
5.92
 10
-0.3960930650348926
 20
6.18
  0
LWPOLYLINE
  5
35F
330
17
100
AcDbEntity
  8
A-KRESKOWANIE
370
25
 48
0.05
100
AcDbPolyline
 90
2
 70
0
 10
-0.7621590822128739
 20
5.92
 10
-0.6894291116568838
 20
5.99272997055599
  0
LWPOLYLINE
  5
360
330
17
100
AcDbEntity
  8
A-KRESKOWANIE
370
25
 48
0.05
100
AcDbPolyline
 90
2
 70
0
 10
-0.6540737725975561
 20
6.028085309615318
 10
-0.5480077554195741
 20
6.1341513267933
  0
LWPOLYLINE
  5
361
330
17
100
AcDbEntity
  8
A-KRESKOWANIE
370
25
 48
0.05
100
AcDbPolyline
 90
2
 70
0
 10
-0.5126524163602468
 20
6.169506665852627
 10
-0.5021590822128745
 20
6.18
  0
LWPOLYLINE
  5
362
330
17
100
AcDbEntity
  8
A-KRESKOWANIE
370
25
 48
0.05
100
AcDbPolyline
 90
2
 70
0
 10
-0.8682250993908569
 20
5.92
 10
-0.608225099390857
 20
6.18
  0
LWPOLYLINE
  5
363
330
17
100
AcDbEntity
  8
A-KRESKOWANIE
370
25
 48
0.05
100
AcDbPolyline
 90
2
 70
0
 10
-0.9722718241315027
 20
5.922019292437336
 10
-0.8662058069535208
 20
6.028085309615319
  0
LWPOLYLINE
  5
364
330
17
100
AcDbEntity
  8
A-KRESKOWANIE
370
25
 48
0.05
100
AcDbPolyline
 90
2
 70
0
 10
-0.8308504678941935
 20
6.0634406486746455
 10
-0.7247844507162111
 20
6.169506665852628
  0
LWPOLYLINE
  5
365
330
17
100
AcDbEntity
  8
A-KRESKOWANIE
370
25
 48
0.05
100
AcDbPolyline
 90
2
 70
0
 10
-1.0803571337468219
 20
5.92
 10
-0.8203571337468221
 20
6.18
  0
LWPOLYLINE
  5
366
330
17
100
AcDbEntity
  8
A-KRESKOWANIE
370
25
 48
0.05
100
AcDbPolyline
 90
2
 70
0
 10
-1.1864231509248024
 20
5.92
 10
-1.184403858487467
 20
5.922019292437335
  0
LWPOLYLINE
  5
367
330
17
100
AcDbEntity
  8
A-KRESKOWANIE
370
25
 48
0.05
100
AcDbPolyline
 90
2
 70
0
 10
-1.1490485194281392
 20
5.957374631496664
 10
-1.0429825022501573
 20
6.0634406486746455
  0
LWPOLYLINE
  5
368
330
17
100
AcDbEntity
  8
A-KRESKOWANIE
370
25
 48
0.05
100
AcDbPolyline
 90
2
 70
0
 10
-1.00762716319083
 20
6.098795987733973
 10
-0.9264231509248031
 20
6.18
  0
LWPOLYLINE
  5
369
330
17
100
AcDbEntity
  8
A-KRESKOWANIE
370
25
 48
0.05
100
AcDbPolyline
 90
2
 70
0
 10
-1.2924891681027846
 20
5.92
 10
-1.0324891681027848
 20
6.18
  0
LWPOLYLINE
  5
36A
330
17
100
AcDbEntity
  8
A-KRESKOWANIE
370
25
 48
0.05
100
AcDbPolyline
 90
2
 70
0
 10
-1.3985551852807674
 20
5.92
 10
-1.361180553784104
 20
5.957374631496664
  0
LWPOLYLINE
  5
36B
330
17
100
AcDbEntity
  8
A-KRESKOWANIE
370
25
 48
0.05
100
AcDbPolyline
 90
2
 70
0
 10
-1.3258252147247767
 20
5.992729970555991
 10
-1.2197591975467947
 20
6.098795987733974
  0
LWPOLYLINE
  5
36C
330
17
100
AcDbEntity
  8
A-KRESKOWANIE
370
25
 48
0.05
100
AcDbPolyline
 90
2
 70
0
 10
-1.184403858487467
 20
6.134151326793301
 10
-1.1385551852807683
 20
6.18
  0
LWPOLYLINE
  5
36D
330
17
100
AcDbEntity
  8
A-KRESKOWANIE
370
25
 48
0.05
100
AcDbPolyline
 90
2
 70
0
 10
-1.5046212024587495
 20
5.92
 10
-1.2446212024587497
 20
6.18
  0
LWPOLYLINE
  5
36E
330
17
100
AcDbEntity
  8
A-KRESKOWANIE
370
25
 48
0.05
100
AcDbPolyline
 90
2
 70
0
 10
-1.6106872196367323
 20
5.92
 10
-1.5379572490807414
 20
5.992729970555991
  0
LWPOLYLINE
  5
36F
330
17
100
AcDbEntity
  8
A-KRESKOWANIE
370
25
 48
0.05
100
AcDbPolyline
 90
2
 70
0
 10
-1.5026019100214136
 20
6.028085309615319
 10
-1.3965358928434317
 20
6.134151326793301
  0
LWPOLYLINE
  5
370
330
17
100
AcDbEntity
  8
A-KRESKOWANIE
370
25
 48
0.05
100
AcDbPolyline
 90
2
 70
0
 10
-1.361180553784104
 20
6.169506665852628
 10
-1.3506872196367326
 20
6.18
  0
LWPOLYLINE
  5
371
330
17
100
AcDbEntity
  8
A-KRESKOWANIE
370
25
 48
0.05
100
AcDbPolyline
 90
2
 70
0
 10
-1.7167532368147134
 20
5.92
 10
-1.4567532368147136
 20
6.18
  0
LWPOLYLINE
  5
372
330
17
100
AcDbEntity
  8
A-KRESKOWANIE
370
25
 48
0.05
100
AcDbPolyline
 90
2
 70
0
 10
-1.8207999615553594
 20
5.922019292437336
 10
-1.7147339443773775
 20
6.028085309615319
  0
LWPOLYLINE
  5
373
330
17
100
AcDbEntity
  8
A-KRESKOWANIE
370
25
 48
0.05
100
AcDbPolyline
 90
2
 70
0
 10
-1.6793786053180502
 20
6.0634406486746455
 10
-1.5733125881400678
 20
6.169506665852628
  0
LWPOLYLINE
  5
374
330
17
100
AcDbEntity
  8
A-KRESKOWANIE
370
25
 48
0.05
100
AcDbPolyline
 90
2
 70
0
 10
-1.9288852711706788
 20
5.92
 10
-1.668885271170679
 20
6.18
  0
LWPOLYLINE
  5
375
330
17
100
AcDbEntity
  8
A-KRESKOWANIE
370
25
 48
0.05
100
AcDbPolyline
 90
2
 70
0
 10
-2.0349512883486605
 20
5.92
 10
-2.032931995911324
 20
5.922019292437336
  0
LWPOLYLINE
  5
376
330
17
100
AcDbEntity
  8
A-KRESKOWANIE
370
25
 48
0.05
100
AcDbPolyline
 90
2
 70
0
 10
-1.9975766568519966
 20
5.9573746314966645
 10
-1.8915106396740144
 20
6.063440648674646
  0
LWPOLYLINE
  5
377
330
17
100
AcDbEntity
  8
A-KRESKOWANIE
370
25
 48
0.05
100
AcDbPolyline
 90
2
 70
0
 10
-1.8561553006146871
 20
6.098795987733974
 10
-1.7749512883486611
 20
6.18
  0
LWPOLYLINE
  5
378
330
17
100
AcDbEntity
  8
A-KRESKOWANIE
370
25
 48
0.05
100
AcDbPolyline
 90
2
 70
0
 10
-2.1410173055266424
 20
5.92
 10
-1.8810173055266428
 20
6.18
  0
LWPOLYLINE
  5
379
330
17
100
AcDbEntity
  8
A-KRESKOWANIE
370
25
 48
0.05
100
AcDbPolyline
 90
2
 70
0
 10
-2.247083322704625
 20
5.92
 10
-2.2097086912079615
 20
5.957374631496664
  0
LWPOLYLINE
  5
37A
330
17
100
AcDbEntity
  8
A-KRESKOWANIE
370
25
 48
0.05
100
AcDbPolyline
 90
2
 70
0
 10
-2.1743533521486342
 20
5.992729970555991
 10
-2.0682873349706523
 20
6.098795987733974
  0
LWPOLYLINE
  5
37B
330
17
100
AcDbEntity
  8
A-KRESKOWANIE
370
25
 48
0.05
100
AcDbPolyline
 90
2
 70
0
 10
-2.0329319959113246
 20
6.134151326793301
 10
-1.9870833227046258
 20
6.18
  0
LWPOLYLINE
  5
37C
330
17
100
AcDbEntity
  8
A-KRESKOWANIE
370
25
 48
0.05
100
AcDbPolyline
 90
2
 70
0
 10
-2.3531493398826067
 20
5.92
 10
-2.0931493398826064
 20
6.18
  0
LWPOLYLINE
  5
37D
330
17
100
AcDbEntity
  8
A-KRESKOWANIE
370
25
 48
0.05
100
AcDbPolyline
 90
2
 70
0
 10
-2.4592153570605886
 20
5.92
 10
-2.3864853865045976
 20
5.992729970555991
  0
LWPOLYLINE
  5
37E
330
17
100
AcDbEntity
  8
A-KRESKOWANIE
370
25
 48
0.05
100
AcDbPolyline
 90
2
 70
0
 10
-2.3511300474452703
 20
6.028085309615318
 10
-2.245064030267288
 20
6.1341513267933
  0
LWPOLYLINE
  5
37F
330
17
100
AcDbEntity
  8
A-KRESKOWANIE
370
25
 48
0.05
100
AcDbPolyline
 90
2
 70
0
 10
-2.20970869120796
 20
6.169506665852628
 10
-2.199215357060589
 20
6.18
  0
LWPOLYLINE
  5
380
330
17
100
AcDbEntity
  8
A-KRESKOWANIE
370
25
 48
0.05
100
AcDbPolyline
 90
2
 70
0
 10
-2.5652813742385714
 20
5.92
 10
-2.305281374238571
 20
6.18
  0
LWPOLYLINE
  5
381
330
17
100
AcDbEntity
  8
A-KRESKOWANIE
370
25
 48
0.05
100
AcDbPolyline
 90
2
 70
0
 10
-2.669328098979217
 20
5.922019292437337
 10
-2.563262081801235
 20
6.028085309615319
  0
LWPOLYLINE
  5
382
330
17
100
AcDbEntity
  8
A-KRESKOWANIE
370
25
 48
0.05
100
AcDbPolyline
 90
2
 70
0
 10
-2.5279067427419073
 20
6.063440648674646
 10
-2.4218407255639254
 20
6.169506665852628
  0
LWPOLYLINE
  5
383
330
17
100
AcDbEntity
  8
A-KRESKOWANIE
370
25
 48
0.05
100
AcDbPolyline
 90
2
 70
0
 10
-2.777413408594536
 20
5.92
 10
-2.517413408594536
 20
6.18
  0
LWPOLYLINE
  5
384
330
17
100
AcDbEntity
  8
A-KRESKOWANIE
370
25
 48
0.05
100
AcDbPolyline
 90
2
 70
0
 10
-2.8834794257725176
 20
5.92
 10
-2.8814601333351813
 20
5.922019292437336
  0
LWPOLYLINE
  5
385
330
17
100
AcDbEntity
  8
A-KRESKOWANIE
370
25
 48
0.05
100
AcDbPolyline
 90
2
 70
0
 10
-2.8461047942758535
 20
5.9573746314966645
 10
-2.7400387770978716
 20
6.063440648674646
  0
LWPOLYLINE
  5
386
330
17
100
AcDbEntity
  8
A-KRESKOWANIE
370
25
 48
0.05
100
AcDbPolyline
 90
2
 70
0
 10
-2.7046834380385443
 20
6.098795987733974
 10
-2.6534794257725176
 20
6.15
  0
LWPOLYLINE
  5
387
330
17
100
AcDbEntity
  8
A-KRESKOWANIE
370
25
 48
0.05
100
AcDbPolyline
 90
2
 70
0
 10
-2.9895454429505
 20
5.92
 10
-2.7295454429505
 20
6.18
  0
LWPOLYLINE
  5
388
330
17
100
AcDbEntity
  8
A-KRESKOWANIE
370
25
 48
0.05
100
AcDbPolyline
 90
2
 70
0
 10
-3.0956114601284814
 20
5.92
 10
-3.058236828631818
 20
5.957374631496664
  0
LWPOLYLINE
  5
389
330
17
100
AcDbEntity
  8
A-KRESKOWANIE
370
25
 48
0.05
100
AcDbPolyline
 90
2
 70
0
 10
-3.0228814895724905
 20
5.992729970555991
 10
-2.916815472394508
 20
6.098795987733974
  0
LWPOLYLINE
  5
38A
330
17
100
AcDbEntity
  8
A-KRESKOWANIE
370
25
 48
0.05
100
AcDbPolyline
 90
2
 70
0
 10
-2.881460133335181
 20
6.134151326793301
 10
-2.835611460128482
 20
6.18
  0
LWPOLYLINE
  5
38B
330
17
100
AcDbEntity
  8
A-KRESKOWANIE
370
25
 48
0.05
100
AcDbPolyline
 90
2
 70
0
 10
-3.2016774773064647
 20
5.92
 10
-2.941677477306465
 20
6.18
  0
LWPOLYLINE
  5
38C
330
17
100
AcDbEntity
  8
A-KRESKOWANIE
370
25
 48
0.05
100
AcDbPolyline
 90
2
 70
0
 10
-3.3077434944844475
 20
5.92
 10
-3.2350135239284556
 20
5.992729970555992
  0
LWPOLYLINE
  5
38D
330
17
100
AcDbEntity
  8
A-KRESKOWANIE
370
25
 48
0.05
100
AcDbPolyline
 90
2
 70
0
 10
-3.1996581848691283
 20
6.028085309615319
 10
-3.093592167691146
 20
6.134151326793301
  0
LWPOLYLINE
  5
38E
330
17
100
AcDbEntity
  8
A-KRESKOWANIE
370
25
 48
0.05
100
AcDbPolyline
 90
2
 70
0
 10
-3.0582368286318182
 20
6.169506665852628
 10
-3.047743494484447
 20
6.18
  0
LWPOLYLINE
  5
38F
330
17
100
AcDbEntity
  8
A-KRESKOWANIE
370
25
 48
0.05
100
AcDbPolyline
 90
2
 70
0
 10
-3.4138095116624294
 20
5.92
 10
-3.1538095116624296
 20
6.18
  0
LWPOLYLINE
  5
390
330
17
100
AcDbEntity
  8
A-KRESKOWANIE
370
25
 48
0.05
100
AcDbPolyline
 90
2
 70
0
 10
-3.517856236403074
 20
5.922019292437336
 10
-3.411790219225092
 20
6.028085309615318
  0
LWPOLYLINE
  5
391
330
17
100
AcDbEntity
  8
A-KRESKOWANIE
370
25
 48
0.05
100
AcDbPolyline
 90
2
 70
0
 10
-3.376434880165765
 20
6.0634406486746455
 10
-3.2703688629877825
 20
6.169506665852627
  0
LWPOLYLINE
  5
392
330
17
100
AcDbEntity
  8
A-KRESKOWANIE
370
25
 48
0.05
100
AcDbPolyline
 90
2
 70
0
 10
-3.6259415460183932
 20
5.92
 10
-3.3659415460183935
 20
6.18
  0
LWPOLYLINE
  5
393
330
17
100
AcDbEntity
  8
A-KRESKOWANIE
370
25
 48
0.05
100
AcDbPolyline
 90
2
 70
0
 10
-3.6946329316997106
 20
5.9573746314966645
 10
-3.5885669145217287
 20
6.063440648674646
  0
LWPOLYLINE
  5
394
330
17
100
AcDbEntity
  8
A-KRESKOWANIE
370
25
 48
0.05
100
AcDbPolyline
 90
2
 70
0
 10
-3.5532115754624014
 20
6.098795987733974
 10
-3.4720075631963754
 20
6.18
  0
LWPOLYLINE
  5
395
330
17
100
AcDbEntity
  8
A-KRESKOWANIE
370
25
 48
0.05
100
AcDbPolyline
 90
2
 70
0
 10
-3.838073580374357
 20
5.92
 10
-3.5780735803743573
 20
6.18
  0
LWPOLYLINE
  5
396
330
17
100
AcDbEntity
  8
A-KRESKOWANIE
370
25
 48
0.05
100
AcDbPolyline
 90
2
 70
0
 10
-3.9441395975523394
 20
5.92
 10
-3.906764966055676
 20
5.957374631496664
  0
LWPOLYLINE
  5
397
330
17
100
AcDbEntity
  8
A-KRESKOWANIE
370
25
 48
0.05
100
AcDbPolyline
 90
2
 70
0
 10
-3.8714096269963485
 20
5.992729970555992
 10
-3.765343609818366
 20
6.098795987733974
  0
LWPOLYLINE
  5
398
330
17
100
AcDbEntity
  8
A-KRESKOWANIE
370
25
 48
0.05
100
AcDbPolyline
 90
2
 70
0
 10
-3.729988270759039
 20
6.134151326793301
 10
-3.68413959755234
 20
6.18
  0
LWPOLYLINE
  5
399
330
17
100
AcDbEntity
  8
A-KRESKOWANIE
370
25
 48
0.05
100
AcDbPolyline
 90
2
 70
0
 10
-4.050205614730321
 20
5.92
 10
-3.790205614730321
 20
6.18
  0
LWPOLYLINE
  5
39A
330
17
100
AcDbEntity
  8
A-KRESKOWANIE
370
25
 48
0.05
100
AcDbPolyline
 90
2
 70
0
 10
-4.156271631908303
 20
5.92
 10
-4.083541661352312
 20
5.992729970555991
  0
LWPOLYLINE
  5
39B
330
17
100
AcDbEntity
  8
A-KRESKOWANIE
370
25
 48
0.05
100
AcDbPolyline
 90
2
 70
0
 10
-4.048186322292985
 20
6.028085309615318
 10
-3.9421203051150018
 20
6.134151326793301
  0
LWPOLYLINE
  5
39C
330
17
100
AcDbEntity
  8
A-KRESKOWANIE
370
25
 48
0.05
100
AcDbPolyline
 90
2
 70
0
 10
-3.9067649660556745
 20
6.169506665852628
 10
-3.896271631908303
 20
6.18
  0
LWPOLYLINE
  5
39D
330
17
100
AcDbEntity
  8
A-KRESKOWANIE
370
25
 48
0.05
100
AcDbPolyline
 90
2
 70
0
 10
-4.2623376490862865
 20
5.92
 10
-4.002337649086287
 20
6.18
  0
LWPOLYLINE
  5
39E
330
17
100
AcDbEntity
  8
A-KRESKOWANIE
370
25
 48
0.05
100
AcDbPolyline
 90
2
 70
0
 10
-4.366384373826931
 20
5.922019292437337
 10
-4.260318356648949
 20
6.028085309615319
  0
LWPOLYLINE
  5
39F
330
17
100
AcDbEntity
  8
A-KRESKOWANIE
370
25
 48
0.05
100
AcDbPolyline
 90
2
 70
0
 10
-4.224963017589622
 20
6.063440648674646
 10
-4.118897000411639
 20
6.169506665852628
  0
LWPOLYLINE
  5
3A0
330
17
100
AcDbEntity
  8
A-KRESKOWANIE
370
25
 48
0.05
100
AcDbPolyline
 90
2
 70
0
 10
-4.47446968344225
 20
5.92
 10
-4.214469683442251
 20
6.18
  0
LWPOLYLINE
  5
3A1
330
17
100
AcDbEntity
  8
A-KRESKOWANIE
370
25
 48
0.05
100
AcDbPolyline
 90
2
 70
0
 10
-4.580535700620232
 20
5.92
 10
-4.578516408182895
 20
5.922019292437337
  0
LWPOLYLINE
  5
3A2
330
17
100
AcDbEntity
  8
A-KRESKOWANIE
370
25
 48
0.05
100
AcDbPolyline
 90
2
 70
0
 10
-4.543161069123568
 20
5.9573746314966645
 10
-4.437095051945586
 20
6.063440648674646
  0
LWPOLYLINE
  5
3A3
330
17
100
AcDbEntity
  8
A-KRESKOWANIE
370
25
 48
0.05
100
AcDbPolyline
 90
2
 70
0
 10
-4.4017397128862585
 20
6.098795987733974
 10
-4.3205357006202325
 20
6.18
  0
LWPOLYLINE
  5
3A4
330
17
100
AcDbEntity
  8
A-KRESKOWANIE
370
25
 48
0.05
100
AcDbPolyline
 90
2
 70
0
 10
-4.686601717798214
 20
5.92
 10
-4.426601717798214
 20
6.18
  0
LWPOLYLINE
  5
3A5
330
17
100
AcDbEntity
  8
A-KRESKOWANIE
370
25
 48
0.05
100
AcDbPolyline
 90
2
 70
0
 10
-4.792667734976196
 20
5.92
 10
-4.7552931034795325
 20
5.957374631496664
  0
LWPOLYLINE
  5
3A6
330
17
100
AcDbEntity
  8
A-KRESKOWANIE
370
25
 48
0.05
100
AcDbPolyline
 90
2
 70
0
 10
-4.719937764420205
 20
5.992729970555991
 10
-4.613871747242222
 20
6.098795987733974
  0
LWPOLYLINE
  5
3A7
330
17
100
AcDbEntity
  8
A-KRESKOWANIE
370
25
 48
0.05
100
AcDbPolyline
 90
2
 70
0
 10
-4.578516408182895
 20
6.134151326793301
 10
-4.532667734976196
 20
6.18
  0
LWPOLYLINE
  5
3A8
330
17
100
AcDbEntity
  8
A-KRESKOWANIE
370
25
 48
0.05
100
AcDbPolyline
 90
2
 70
0
 10
-4.898733752154178
 20
5.92
 10
-4.638733752154178
 20
6.18
  0
LWPOLYLINE
  5
3A9
330
17
100
AcDbEntity
  8
A-KRESKOWANIE
370
25
 48
0.05
100
AcDbPolyline
 90
2
 70
0
 10
-5.0
 20
5.924799769332162
 10
-4.93206979877617
 20
5.992729970555992
  0
LWPOLYLINE
  5
3AA
330
17
100
AcDbEntity
  8
A-KRESKOWANIE
370
25
 48
0.05
100
AcDbPolyline
 90
2
 70
0
 10
-4.896714459716843
 20
6.028085309615319
 10
-4.79064844253886
 20
6.134151326793301
  0
LWPOLYLINE
  5
3AB
330
17
100
AcDbEntity
  8
A-KRESKOWANIE
370
25
 48
0.05
100
AcDbPolyline
 90
2
 70
0
 10
-4.7552931034795325
 20
6.169506665852628
 10
-4.744799769332161
 20
6.18
  0
LWPOLYLINE
  5
3AC
330
17
100
AcDbEntity
  8
A-KRESKOWANIE
370
25
 48
0.05
100
AcDbPolyline
 90
2
 70
0
 10
-5.100865786510142
 20
5.93
 10
-4.850865786510142
 20
6.18
  0
LWPOLYLINE
  5
3AD
330
17
100
AcDbEntity
  8
A-KRESKOWANIE
370
25
 48
0.05
100
AcDbPolyline
 90
2
 70
0
 10
-5.206931803688126
 20
5.93
 10
-5.108846494072806
 20
6.028085309615319
  0
LWPOLYLINE
  5
3AE
330
17
100
AcDbEntity
  8
A-KRESKOWANIE
370
25
 48
0.05
100
AcDbPolyline
 90
2
 70
0
 10
-5.073491155013479
 20
6.063440648674646
 10
-4.967425137835496
 20
6.169506665852628
  0
LWPOLYLINE
  5
3AF
330
17
100
AcDbEntity
  8
A-KRESKOWANIE
370
25
 48
0.05
100
AcDbPolyline
 90
2
 70
0
 10
-5.23
 20
6.012997820866107
 10
-5.092997820866107
 20
6.15
  0
LWPOLYLINE
  5
3B0
330
17
100
AcDbEntity
  8
A-KRESKOWANIE
370
25
 48
0.05
100
AcDbPolyline
 90
2
 70
0
 10
-5.23
 20
6.119063838044087
 10
-5.199063838044087
 20
6.15
  0
LWPOLYLINE
  5
3B1
330
17
100
AcDbEntity
  8
A-KRESKOWANIE
370
25
 48
0.05
100
AcDbPolyline
 90
2
 70
0
 10
-8.64302486872302
 20
9.07
 10
-8.609025060946218
 20
9.103999807776802
  0
LWPOLYLINE
  5
3B2
330
17
100
AcDbEntity
  8
A-KRESKOWANIE
370
25
 48
0.05
100
AcDbPolyline
 90
2
 70
0
 10
-8.57366972188689
 20
9.13935514683613
 10
-8.55
 20
9.163024868723019
  0
LWPOLYLINE
  5
3B3
330
17
100
AcDbEntity
  8
A-KRESKOWANIE
370
25
 48
0.05
100
AcDbPolyline
 90
2
 70
0
 10
-8.739090885901
 20
9.08
 10
-8.55
 20
9.269090885900999
  0
LWPOLYLINE
  5
3B4
330
17
100
AcDbEntity
  8
A-KRESKOWANIE
370
25
 48
0.05
100
AcDbPolyline
 90
2
 70
0
 10
-8.845156903078983
 20
9.08
 10
-8.785801756242854
 20
9.13935514683613
  0
LWPOLYLINE
  5
3B5
330
17
100
AcDbEntity
  8
A-KRESKOWANIE
370
25
 48
0.05
100
AcDbPolyline
 90
2
 70
0
 10
-8.750446417183527
 20
9.174710485895456
 10
-8.644380400005545
 20
9.280776503073438
  0
LWPOLYLINE
  5
3B6
330
17
100
AcDbEntity
  8
A-KRESKOWANIE
370
25
 48
0.05
100
AcDbPolyline
 90
2
 70
0
 10
-8.951222920256964
 20
9.08
 10
-8.731222920256963
 20
9.3
  0
LWPOLYLINE
  5
3B7
330
17
100
AcDbEntity
  8
A-KRESKOWANIE
370
25
 48
0.05
100
AcDbPolyline
 90
2
 70
0
 10
-9.05
 20
9.087288937434945
 10
-8.96257845153949
 20
9.174710485895455
  0
LWPOLYLINE
  5
3B8
330
17
100
AcDbEntity
  8
A-KRESKOWANIE
370
25
 48
0.05
100
AcDbPolyline
 90
2
 70
0
 10
-8.927223112480164
 20
9.210065824954782
 10
-8.837288937434945
 20
9.3
  0
LWPOLYLINE
  5
3B9
330
17
100
AcDbEntity
  8
A-KRESKOWANIE
370
25
 48
0.05
100
AcDbPolyline
 90
2
 70
0
 10
-9.05
 20
9.193354954612929
 10
-8.943354954612929
 20
9.3
  0
LWPOLYLINE
  5
3BA
330
17
100
AcDbEntity
  8
A-KRESKOWANIE
370
25
 48
0.05
100
AcDbPolyline
 90
2
 70
0
 10
-9.05
 20
9.29942097179091
 10
-9.04942097179091
 20
9.3
  0
LWPOLYLINE
  5
3BB
330
17
100
AcDbEntity
  8
A-KRESKOWANIE
370
25
 48
0.05
100
AcDbPolyline
 90
2
 70
0
 10
0.2765205742274829
 20
9.08
 10
0.3
 20
9.103479425772518
  0
LWPOLYLINE
  5
3BC
330
17
100
AcDbEntity
  8
A-KRESKOWANIE
370
25
 48
0.05
100
AcDbPolyline
 90
2
 70
0
 10
0.17045455704950022
 20
9.08
 10
0.3
 20
9.2095454429505
  0
LWPOLYLINE
  5
3BD
330
17
100
AcDbEntity
  8
A-KRESKOWANIE
370
25
 48
0.05
100
AcDbPolyline
 90
2
 70
0
 10
0.08838834764831915
 20
9.1039998077768
 10
0.19445436482630107
 20
9.210065824954782
  0
LWPOLYLINE
  5
3BE
330
17
100
AcDbEntity
  8
A-KRESKOWANIE
370
25
 48
0.05
100
AcDbPolyline
 90
2
 70
0
 10
0.22980970388562838
 20
9.24542116401411
 10
0.28438853987152024
 20
9.3
  0
LWPOLYLINE
  5
3BF
330
17
100
AcDbEntity
  8
A-KRESKOWANIE
370
25
 48
0.05
100
AcDbPolyline
 90
2
 70
0
 10
-0.041677477306462866
 20
9.08
 10
0.17832252269353785
 20
9.3
  0
LWPOLYLINE
  5
3C0
330
17
100
AcDbEntity
  8
A-KRESKOWANIE
370
25
 48
0.05
100
AcDbPolyline
 90
2
 70
0
 10
-0.15774349448444686
 20
9.07
 10
-0.12374368670764557
 20
9.103999807776802
  0
LWPOLYLINE
  5
3C1
330
17
100
AcDbEntity
  8
A-KRESKOWANIE
370
25
 48
0.05
100
AcDbPolyline
 90
2
 70
0
 10
-0.08838834764831827
 20
9.139355146836127
 10
0.017677669529663653
 20
9.245421164014111
  0
LWPOLYLINE
  5
3C2
330
17
100
AcDbEntity
  8
A-KRESKOWANIE
370
25
 48
0.05
100
AcDbPolyline
 90
2
 70
0
 10
0.05303300858899096
 20
9.280776503073437
 10
0.0722565055155549
 20
9.3
  0
LWPOLYLINE
  5
3C3
330
17
100
AcDbEntity
  8
A-KRESKOWANIE
370
25
 48
0.05
100
AcDbPolyline
 90
2
 70
0
 10
-0.2638095116624282
 20
9.07
 10
-0.03380951166242776
 20
9.3
  0
LWPOLYLINE
  5
3C4
330
17
100
AcDbEntity
  8
A-KRESKOWANIE
370
25
 48
0.05
100
AcDbPolyline
 90
2
 70
0
 10
-0.3698755288404089
 20
9.07
 10
-0.300520382004283
 20
9.139355146836127
  0
LWPOLYLINE
  5
3C5
330
17
100
AcDbEntity
  8
A-KRESKOWANIE
370
25
 48
0.05
100
AcDbPolyline
 90
2
 70
0
 10
-0.2651650429449557
 20
9.174710485895453
 10
-0.15909902576697288
 20
9.280776503073437
  0
LWPOLYLINE
  5
3C6
330
17
100
AcDbEntity
  8
A-KRESKOWANIE
370
25
 48
0.05
100
AcDbPolyline
 90
2
 70
0
 10
-0.475941546018392
 20
9.07
 10
-0.24594154601839158
 20
9.3
  0
LWPOLYLINE
  5
3C7
330
17
100
AcDbEntity
  8
A-KRESKOWANIE
370
25
 48
0.05
100
AcDbPolyline
 90
2
 70
0
 10
-0.5820075631963739
 20
9.07
 10
-0.4772970773009195
 20
9.174710485895456
  0
LWPOLYLINE
  5
3C8
330
17
100
AcDbEntity
  8
A-KRESKOWANIE
370
25
 48
0.05
100
AcDbPolyline
 90
2
 70
0
 10
-0.4419417382415922
 20
9.210065824954782
 10
-0.3520075631963743
 20
9.3
  0
LWPOLYLINE
  5
3C9
330
17
100
AcDbEntity
  8
A-KRESKOWANIE
370
25
 48
0.05
100
AcDbPolyline
 90
2
 70
0
 10
-0.6880735803743558
 20
9.07
 10
-0.4580735803743554
 20
9.3
  0
LWPOLYLINE
  5
3CA
330
17
100
AcDbEntity
  8
A-KRESKOWANIE
370
25
 48
0.05
100
AcDbPolyline
 90
2
 70
0
 10
-0.7601397897755389
 20
9.1039998077768
 10
-0.654073772597557
 20
9.210065824954782
  0
LWPOLYLINE
  5
3CB
330
17
100
AcDbEntity
  8
A-KRESKOWANIE
370
25
 48
0.05
100
AcDbPolyline
 90
2
 70
0
 10
-0.6187184335382296
 20
9.24542116401411
 10
-0.5641395975523382
 20
9.3
  0
LWPOLYLINE
  5
3CC
330
17
100
AcDbEntity
  8
A-KRESKOWANIE
370
25
 48
0.05
100
AcDbPolyline
 90
2
 70
0
 10
-0.9002056147303197
 20
9.07
 10
-0.6702056147303193
 20
9.3
  0
LWPOLYLINE
  5
3CD
330
17
100
AcDbEntity
  8
A-KRESKOWANIE
370
25
 48
0.05
100
AcDbPolyline
 90
2
 70
0
 10
-1.0062716319083018
 20
9.07
 10
-0.9722718241315018
 20
9.1039998077768
  0
LWPOLYLINE
  5
3CE
330
17
100
AcDbEntity
  8
A-KRESKOWANIE
370
25
 48
0.05
100
AcDbPolyline
 90
2
 70
0
 10
-0.9369164850721745
 20
9.139355146836127
 10
-0.8308504678941917
 20
9.245421164014111
  0
LWPOLYLINE
  5
3CF
330
17
100
AcDbEntity
  8
A-KRESKOWANIE
370
25
 48
0.05
100
AcDbPolyline
 90
2
 70
0
 10
-0.7954951288348653
 20
9.280776503073437
 10
-0.7762716319083015
 20
9.3
  0
LWPOLYLINE
  5
3D0
330
17
100
AcDbEntity
  8
A-KRESKOWANIE
370
25
 48
0.05
100
AcDbPolyline
 90
2
 70
0
 10
-1.1123376490862849
 20
9.07
 10
-0.8823376490862842
 20
9.3
  0
LWPOLYLINE
  5
3D1
330
17
100
AcDbEntity
  8
A-KRESKOWANIE
370
25
 48
0.05
100
AcDbPolyline
 90
2
 70
0
 10
-1.218403666264267
 20
9.07
 10
-1.1490485194281397
 20
9.139355146836127
  0
LWPOLYLINE
  5
3D2
330
17
100
AcDbEntity
  8
A-KRESKOWANIE
370
25
 48
0.05
100
AcDbPolyline
 90
2
 70
0
 10
-1.1136931803688128
 20
9.174710485895456
 10
-1.00762716319083
 20
9.280776503073437
  0
LWPOLYLINE
  5
3D3
330
17
100
AcDbEntity
  8
A-KRESKOWANIE
370
25
 48
0.05
100
AcDbPolyline
 90
2
 70
0
 10
-1.32446968344225
 20
9.07
 10
-1.0944696834422496
 20
9.3
  0
LWPOLYLINE
  5
3D4
330
17
100
AcDbEntity
  8
A-KRESKOWANIE
370
25
 48
0.05
100
AcDbPolyline
 90
2
 70
0
 10
-1.430535700620231
 20
9.07
 10
-1.3258252147247762
 20
9.174710485895456
  0
LWPOLYLINE
  5
3D5
330
17
100
AcDbEntity
  8
A-KRESKOWANIE
370
25
 48
0.05
100
AcDbPolyline
 90
2
 70
0
 10
-1.290469875665449
 20
9.210065824954782
 10
-1.2005357006202313
 20
9.3
  0
LWPOLYLINE
  5
3D6
330
17
100
AcDbEntity
  8
A-KRESKOWANIE
370
25
 48
0.05
100
AcDbPolyline
 90
2
 70
0
 10
-1.5366017177982125
 20
9.07
 10
-1.306601717798212
 20
9.3
  0
LWPOLYLINE
  5
3D7
330
17
100
AcDbEntity
  8
A-KRESKOWANIE
370
25
 48
0.05
100
AcDbPolyline
 90
2
 70
0
 10
-1.6086679271993956
 20
9.1039998077768
 10
-1.5026019100214132
 20
9.210065824954782
  0
LWPOLYLINE
  5
3D8
330
17
100
AcDbEntity
  8
A-KRESKOWANIE
370
25
 48
0.05
100
AcDbPolyline
 90
2
 70
0
 10
-1.4672465709620859
 20
9.24542116401411
 10
-1.4126677349761942
 20
9.3
  0
LWPOLYLINE
  5
3D9
330
17
100
AcDbEntity
  8
A-KRESKOWANIE
370
25
 48
0.05
100
AcDbPolyline
 90
2
 70
0
 10
-1.7487337521541777
 20
9.07
 10
-1.5187337521541773
 20
9.3
  0
LWPOLYLINE
  5
3DA
330
17
100
AcDbEntity
  8
A-KRESKOWANIE
370
25
 48
0.05
100
AcDbPolyline
 90
2
 70
0
 10
-1.8547997693321614
 20
9.07
 10
-1.8207999615553603
 20
9.103999807776802
  0
LWPOLYLINE
  5
3DB
330
17
100
AcDbEntity
  8
A-KRESKOWANIE
370
25
 48
0.05
100
AcDbPolyline
 90
2
 70
0
 10
-1.785444622496033
 20
9.139355146836127
 10
-1.6793786053180506
 20
9.245421164014111
  0
LWPOLYLINE
  5
3DC
330
17
100
AcDbEntity
  8
A-KRESKOWANIE
370
25
 48
0.05
100
AcDbPolyline
 90
2
 70
0
 10
-1.6440232662587233
 20
9.280776503073438
 10
-1.624799769332161
 20
9.3
  0
LWPOLYLINE
  5
3DD
330
17
100
AcDbEntity
  8
A-KRESKOWANIE
370
25
 48
0.05
100
AcDbPolyline
 90
2
 70
0
 10
-1.9608657865101404
 20
9.07
 10
-1.7308657865101398
 20
9.3
  0
LWPOLYLINE
  5
3DE
330
17
100
AcDbEntity
  8
A-KRESKOWANIE
370
25
 48
0.05
100
AcDbPolyline
 90
2
 70
0
 10
-2.066931803688124
 20
9.07
 10
-1.9975766568519964
 20
9.139355146836127
  0
LWPOLYLINE
  5
3DF
330
17
100
AcDbEntity
  8
A-KRESKOWANIE
370
25
 48
0.05
100
AcDbPolyline
 90
2
 70
0
 10
-1.96222131779267
 20
9.174710485895455
 10
-1.8561553006146876
 20
9.280776503073437
  0
LWPOLYLINE
  5
3E0
330
17
100
AcDbEntity
  8
A-KRESKOWANIE
370
25
 48
0.05
100
AcDbPolyline
 90
2
 70
0
 10
-2.1729978208661063
 20
9.07
 10
-1.9429978208661058
 20
9.3
  0
LWPOLYLINE
  5
3E1
330
17
100
AcDbEntity
  8
A-KRESKOWANIE
370
25
 48
0.05
100
AcDbPolyline
 90
2
 70
0
 10
-2.279063838044087
 20
9.07
 10
-2.174353352148632
 20
9.174710485895455
  0
LWPOLYLINE
  5
3E2
330
17
100
AcDbEntity
  8
A-KRESKOWANIE
370
25
 48
0.05
100
AcDbPolyline
 90
2
 70
0
 10
-2.1389980130893056
 20
9.210065824954782
 10
-2.0490638380440864
 20
9.3
  0
LWPOLYLINE
  5
3E3
330
17
100
AcDbEntity
  8
A-KRESKOWANIE
370
25
 48
0.05
100
AcDbPolyline
 90
2
 70
0
 10
-2.38512985522207
 20
9.07
 10
-2.1551298552220697
 20
9.3
  0
LWPOLYLINE
  5
3E4
330
17
100
AcDbEntity
  8
A-KRESKOWANIE
370
25
 48
0.05
100
AcDbPolyline
 90
2
 70
0
 10
-2.4571960646232522
 20
9.1039998077768
 10
-2.35113004744527
 20
9.210065824954782
  0
LWPOLYLINE
  5
3E5
330
17
100
AcDbEntity
  8
A-KRESKOWANIE
370
25
 48
0.05
100
AcDbPolyline
 90
2
 70
0
 10
-2.315774708385943
 20
9.24542116401411
 10
-2.261195872400051
 20
9.3
  0
LWPOLYLINE
  5
3E6
330
17
100
AcDbEntity
  8
A-KRESKOWANIE
370
25
 48
0.05
100
AcDbPolyline
 90
2
 70
0
 10
-2.587261889578036
 20
9.08
 10
-2.367261889578035
 20
9.3
  0
LWPOLYLINE
  5
3E7
330
17
100
AcDbEntity
  8
A-KRESKOWANIE
370
25
 48
0.05
100
AcDbPolyline
 90
2
 70
0
 10
-2.703327906756016
 20
9.07
 10
-2.7
 20
9.073327906756017
  0
LWPOLYLINE
  5
3E8
330
17
100
AcDbEntity
  8
A-KRESKOWANIE
370
25
 48
0.05
100
AcDbPolyline
 90
2
 70
0
 10
-2.693327906756016
 20
9.08
 10
-2.669328098979216
 20
9.1039998077768
  0
LWPOLYLINE
  5
3E9
330
17
100
AcDbEntity
  8
A-KRESKOWANIE
370
25
 48
0.05
100
AcDbPolyline
 90
2
 70
0
 10
-2.6339727599198888
 20
9.139355146836127
 10
-2.5279067427419064
 20
9.245421164014111
  0
LWPOLYLINE
  5
3EA
330
17
100
AcDbEntity
  8
A-KRESKOWANIE
370
25
 48
0.05
100
AcDbPolyline
 90
2
 70
0
 10
-2.492551403682579
 20
9.280776503073437
 10
-2.4733279067560154
 20
9.3
  0
LWPOLYLINE
  5
3EB
330
17
100
AcDbEntity
  8
A-KRESKOWANIE
370
25
 48
0.05
100
AcDbPolyline
 90
2
 70
0
 10
-2.8093939239340004
 20
9.07
 10
-2.579393923934
 20
9.3
  0
LWPOLYLINE
  5
3EC
330
17
100
AcDbEntity
  8
A-KRESKOWANIE
370
25
 48
0.05
100
AcDbPolyline
 90
2
 70
0
 10
-2.9154599411119815
 20
9.07
 10
-2.846104794275854
 20
9.139355146836127
  0
LWPOLYLINE
  5
3ED
330
17
100
AcDbEntity
  8
A-KRESKOWANIE
370
25
 48
0.05
100
AcDbPolyline
 90
2
 70
0
 10
-2.8107494552165266
 20
9.174710485895456
 10
-2.7046834380385443
 20
9.280776503073438
  0
LWPOLYLINE
  5
3EE
330
17
100
AcDbEntity
  8
A-KRESKOWANIE
370
25
 48
0.05
100
AcDbPolyline
 90
2
 70
0
 10
-3.0215259582899616
 20
9.07
 10
-2.791525958289961
 20
9.3
  0
LWPOLYLINE
  5
3EF
330
17
100
AcDbEntity
  8
A-KRESKOWANIE
370
25
 48
0.05
100
AcDbPolyline
 90
2
 70
0
 10
-3.1275919754679453
 20
9.07
 10
-3.0228814895724905
 20
9.174710485895456
  0
LWPOLYLINE
  5
3F0
330
17
100
AcDbEntity
  8
A-KRESKOWANIE
370
25
 48
0.05
100
AcDbPolyline
 90
2
 70
0
 10
-2.987526150513163
 20
9.210065824954782
 10
-2.897591975467946
 20
9.3
  0
LWPOLYLINE
  5
3F1
330
17
100
AcDbEntity
  8
A-KRESKOWANIE
370
25
 48
0.05
100
AcDbPolyline
 90
2
 70
0
 10
-3.233657992645928
 20
9.07
 10
-3.0036579926459277
 20
9.3
  0
LWPOLYLINE
  5
3F2
330
17
100
AcDbEntity
  8
A-KRESKOWANIE
370
25
 48
0.05
100
AcDbPolyline
 90
2
 70
0
 10
-3.3057242020471107
 20
9.103999807776802
 10
-3.1996581848691283
 20
9.210065824954784
  0
LWPOLYLINE
  5
3F3
330
17
100
AcDbEntity
  8
A-KRESKOWANIE
370
25
 48
0.05
100
AcDbPolyline
 90
2
 70
0
 10
-3.164302845809801
 20
9.245421164014111
 10
-3.109724009823911
 20
9.3
  0
LWPOLYLINE
  5
3F4
330
17
100
AcDbEntity
  8
A-KRESKOWANIE
370
25
 48
0.05
100
AcDbPolyline
 90
2
 70
0
 10
-3.4457900270018924
 20
9.07
 10
-3.215790027001892
 20
9.3
  0
LWPOLYLINE
  5
3F5
330
17
100
AcDbEntity
  8
A-KRESKOWANIE
370
25
 48
0.05
100
AcDbPolyline
 90
2
 70
0
 10
-3.5518560441798734
 20
9.07
 10
-3.5178562364030737
 20
9.1039998077768
  0
LWPOLYLINE
  5
3F6
330
17
100
AcDbEntity
  8
A-KRESKOWANIE
370
25
 48
0.05
100
AcDbPolyline
 90
2
 70
0
 10
-3.4825008973437463
 20
9.139355146836127
 10
-3.376434880165764
 20
9.24542116401411
  0
LWPOLYLINE
  5
3F7
330
17
100
AcDbEntity
  8
A-KRESKOWANIE
370
25
 48
0.05
100
AcDbPolyline
 90
2
 70
0
 10
-3.3410795411064367
 20
9.280776503073437
 10
-3.321856044179873
 20
9.3
  0
LWPOLYLINE
  5
3F8
330
17
100
AcDbEntity
  8
A-KRESKOWANIE
370
25
 48
0.05
100
AcDbPolyline
 90
2
 70
0
 10
-3.6579220613578567
 20
9.07
 10
-3.4279220613578563
 20
9.3
  0
LWPOLYLINE
  5
3F9
330
17
100
AcDbEntity
  8
A-KRESKOWANIE
370
25
 48
0.05
100
AcDbPolyline
 90
2
 70
0
 10
-3.7639880785358377
 20
9.07
 10
-3.69463293169971
 20
9.139355146836127
  0
LWPOLYLINE
  5
3FA
330
17
100
AcDbEntity
  8
A-KRESKOWANIE
370
25
 48
0.05
100
AcDbPolyline
 90
2
 70
0
 10
-3.659277592640383
 20
9.174710485895456
 10
-3.5532115754624005
 20
9.280776503073438
  0
LWPOLYLINE
  5
3FB
330
17
100
AcDbEntity
  8
A-KRESKOWANIE
370
25
 48
0.05
100
AcDbPolyline
 90
2
 70
0
 10
-3.870054095713822
 20
9.07
 10
-3.6400540957138214
 20
9.3
  0
LWPOLYLINE
  5
3FC
330
17
100
AcDbEntity
  8
A-KRESKOWANIE
370
25
 48
0.05
100
AcDbPolyline
 90
2
 70
0
 10
-3.9761201128918024
 20
9.07
 10
-3.871409626996348
 20
9.174710485895455
  0
LWPOLYLINE
  5
3FD
330
17
100
AcDbEntity
  8
A-KRESKOWANIE
370
25
 48
0.05
100
AcDbPolyline
 90
2
 70
0
 10
-3.8360542879370203
 20
9.210065824954782
 10
-3.746120112891803
 20
9.3
  0
LWPOLYLINE
  5
3FE
330
17
100
AcDbEntity
  8
A-KRESKOWANIE
370
25
 48
0.05
100
AcDbPolyline
 90
2
 70
0
 10
-4.082186130069784
 20
9.07
 10
-3.852186130069784
 20
9.3
  0
LWPOLYLINE
  5
3FF
330
17
100
AcDbEntity
  8
A-KRESKOWANIE
370
25
 48
0.05
100
AcDbPolyline
 90
2
 70
0
 10
-4.1542523394709665
 20
9.103999807776802
 10
-4.048186322292985
 20
9.210065824954784
  0
LWPOLYLINE
  5
400
330
17
100
AcDbEntity
  8
A-KRESKOWANIE
370
25
 48
0.05
100
AcDbPolyline
 90
2
 70
0
 10
-4.012830983233657
 20
9.245421164014111
 10
-3.958252147247767
 20
9.3
  0
LWPOLYLINE
  5
401
330
17
100
AcDbEntity
  8
A-KRESKOWANIE
370
25
 48
0.05
100
AcDbPolyline
 90
2
 70
0
 10
-4.294318164425748
 20
9.07
 10
-4.064318164425748
 20
9.3
  0
LWPOLYLINE
  5
402
330
17
100
AcDbEntity
  8
A-KRESKOWANIE
370
25
 48
0.05
100
AcDbPolyline
 90
2
 70
0
 10
-4.400384181603733
 20
9.07
 10
-4.366384373826932
 20
9.103999807776802
  0
LWPOLYLINE
  5
403
330
17
100
AcDbEntity
  8
A-KRESKOWANIE
370
25
 48
0.05
100
AcDbPolyline
 90
2
 70
0
 10
-4.331029034767604
 20
9.13935514683613
 10
-4.224963017589622
 20
9.245421164014111
  0
LWPOLYLINE
  5
404
330
17
100
AcDbEntity
  8
A-KRESKOWANIE
370
25
 48
0.05
100
AcDbPolyline
 90
2
 70
0
 10
-4.189607678530295
 20
9.280776503073438
 10
-4.170384181603732
 20
9.3
  0
LWPOLYLINE
  5
405
330
17
100
AcDbEntity
  8
A-KRESKOWANIE
370
25
 48
0.05
100
AcDbPolyline
 90
2
 70
0
 10
-4.506450198781714
 20
9.07
 10
-4.276450198781713
 20
9.3
  0
LWPOLYLINE
  5
406
330
17
100
AcDbEntity
  8
A-KRESKOWANIE
370
25
 48
0.05
100
AcDbPolyline
 90
2
 70
0
 10
-4.612516215959695
 20
9.07
 10
-4.543161069123567
 20
9.139355146836127
  0
LWPOLYLINE
  5
407
330
17
100
AcDbEntity
  8
A-KRESKOWANIE
370
25
 48
0.05
100
AcDbPolyline
 90
2
 70
0
 10
-4.50780573006424
 20
9.174710485895455
 10
-4.401739712886258
 20
9.280776503073437
  0
LWPOLYLINE
  5
408
330
17
100
AcDbEntity
  8
A-KRESKOWANIE
370
25
 48
0.05
100
AcDbPolyline
 90
2
 70
0
 10
-4.7185822331376785
 20
9.07
 10
-4.488582233137678
 20
9.3
  0
LWPOLYLINE
  5
409
330
17
100
AcDbEntity
  8
A-KRESKOWANIE
370
25
 48
0.05
100
AcDbPolyline
 90
2
 70
0
 10
-4.82464825031566
 20
9.07
 10
-4.719937764420205
 20
9.174710485895455
  0
LWPOLYLINE
  5
40A
330
17
100
AcDbEntity
  8
A-KRESKOWANIE
370
25
 48
0.05
100
AcDbPolyline
 90
2
 70
0
 10
-4.684582425360878
 20
9.210065824954782
 10
-4.594648250315661
 20
9.3
  0
LWPOLYLINE
  5
40B
330
17
100
AcDbEntity
  8
A-KRESKOWANIE
370
25
 48
0.05
100
AcDbPolyline
 90
2
 70
0
 10
-4.930714267493643
 20
9.07
 10
-4.700714267493643
 20
9.3
  0
LWPOLYLINE
  5
40C
330
17
100
AcDbEntity
  8
A-KRESKOWANIE
370
25
 48
0.05
100
AcDbPolyline
 90
2
 70
0
 10
-5.002780476894824
 20
9.1039998077768
 10
-4.896714459716842
 20
9.210065824954782
  0
LWPOLYLINE
  5
40D
330
17
100
AcDbEntity
  8
A-KRESKOWANIE
370
25
 48
0.05
100
AcDbPolyline
 90
2
 70
0
 10
-4.861359120657514
 20
9.24542116401411
 10
-4.806780284671623
 20
9.3
  0
LWPOLYLINE
  5
40E
330
17
100
AcDbEntity
  8
A-KRESKOWANIE
370
25
 48
0.05
100
AcDbPolyline
 90
2
 70
0
 10
-5.132846301849606
 20
9.08
 10
-4.912846301849606
 20
9.3
  0
LWPOLYLINE
  5
40F
330
17
100
AcDbEntity
  8
A-KRESKOWANIE
370
25
 48
0.05
100
AcDbPolyline
 90
2
 70
0
 10
-5.24891231902759
 20
9.07
 10
-5.214912511250789
 20
9.103999807776802
  0
LWPOLYLINE
  5
410
330
17
100
AcDbEntity
  8
A-KRESKOWANIE
370
25
 48
0.05
100
AcDbPolyline
 90
2
 70
0
 10
-5.179557172191461
 20
9.13935514683613
 10
-5.073491155013479
 20
9.245421164014111
  0
LWPOLYLINE
  5
411
330
17
100
AcDbEntity
  8
A-KRESKOWANIE
370
25
 48
0.05
100
AcDbPolyline
 90
2
 70
0
 10
-5.038135815954152
 20
9.280776503073438
 10
-5.0189123190275895
 20
9.3
  0
LWPOLYLINE
  5
412
330
17
100
AcDbEntity
  8
A-KRESKOWANIE
370
25
 48
0.05
100
AcDbPolyline
 90
2
 70
0
 10
-5.354978336205569
 20
9.07
 10
-5.124978336205569
 20
9.3
  0
LWPOLYLINE
  5
413
330
17
100
AcDbEntity
  8
A-KRESKOWANIE
370
25
 48
0.05
100
AcDbPolyline
 90
2
 70
0
 10
-5.461044353383555
 20
9.07
 10
-5.391689206547426
 20
9.13935514683613
  0
LWPOLYLINE
  5
414
330
17
100
AcDbEntity
  8
A-KRESKOWANIE
370
25
 48
0.05
100
AcDbPolyline
 90
2
 70
0
 10
-5.3563338674880985
 20
9.174710485895456
 10
-5.250267850310117
 20
9.280776503073438
  0
LWPOLYLINE
  5
415
330
17
100
AcDbEntity
  8
A-KRESKOWANIE
370
25
 48
0.05
100
AcDbPolyline
 90
2
 70
0
 10
-5.567110370561535
 20
9.07
 10
-5.337110370561534
 20
9.3
  0
LWPOLYLINE
  5
416
330
17
100
AcDbEntity
  8
A-KRESKOWANIE
370
25
 48
0.05
100
AcDbPolyline
 90
2
 70
0
 10
-5.673176387739516
 20
9.07
 10
-5.568465901844061
 20
9.174710485895456
  0
LWPOLYLINE
  5
417
330
17
100
AcDbEntity
  8
A-KRESKOWANIE
370
25
 48
0.05
100
AcDbPolyline
 90
2
 70
0
 10
-5.533110562784734
 20
9.210065824954782
 10
-5.443176387739516
 20
9.3
  0
LWPOLYLINE
  5
418
330
17
100
AcDbEntity
  8
A-KRESKOWANIE
370
25
 48
0.05
100
AcDbPolyline
 90
2
 70
0
 10
-5.779242404917499
 20
9.07
 10
-5.549242404917498
 20
9.3
  0
LWPOLYLINE
  5
419
330
17
100
AcDbEntity
  8
A-KRESKOWANIE
370
25
 48
0.05
100
AcDbPolyline
 90
2
 70
0
 10
-5.851308614318681
 20
9.1039998077768
 10
-5.745242597140699
 20
9.210065824954782
  0
LWPOLYLINE
  5
41A
330
17
100
AcDbEntity
  8
A-KRESKOWANIE
370
25
 48
0.05
100
AcDbPolyline
 90
2
 70
0
 10
-5.7098872580813715
 20
9.245421164014111
 10
-5.655308422095482
 20
9.3
  0
LWPOLYLINE
  5
41B
330
17
100
AcDbEntity
  8
A-KRESKOWANIE
370
25
 48
0.05
100
AcDbPolyline
 90
2
 70
0
 10
-5.991374439273465
 20
9.07
 10
-5.761374439273465
 20
9.3
  0
LWPOLYLINE
  5
41C
330
17
100
AcDbEntity
  8
A-KRESKOWANIE
370
25
 48
0.05
100
AcDbPolyline
 90
2
 70
0
 10
-6.097440456451446
 20
9.07
 10
-6.063440648674645
 20
9.103999807776802
  0
LWPOLYLINE
  5
41D
330
17
100
AcDbEntity
  8
A-KRESKOWANIE
370
25
 48
0.05
100
AcDbPolyline
 90
2
 70
0
 10
-6.028085309615317
 20
9.13935514683613
 10
-5.922019292437335
 20
9.245421164014111
  0
LWPOLYLINE
  5
41E
330
17
100
AcDbEntity
  8
A-KRESKOWANIE
370
25
 48
0.05
100
AcDbPolyline
 90
2
 70
0
 10
-5.886663953378008
 20
9.280776503073438
 10
-5.867440456451446
 20
9.3
  0
LWPOLYLINE
  5
41F
330
17
100
AcDbEntity
  8
A-KRESKOWANIE
370
25
 48
0.05
100
AcDbPolyline
 90
2
 70
0
 10
-6.203506473629426
 20
9.07
 10
-5.973506473629426
 20
9.3
  0
LWPOLYLINE
  5
420
330
17
100
AcDbEntity
  8
A-KRESKOWANIE
370
25
 48
0.05
100
AcDbPolyline
 90
2
 70
0
 10
-6.309572490807412
 20
9.07
 10
-6.240217343971283
 20
9.13935514683613
  0
LWPOLYLINE
  5
421
330
17
100
AcDbEntity
  8
A-KRESKOWANIE
370
25
 48
0.05
100
AcDbPolyline
 90
2
 70
0
 10
-6.204862004911956
 20
9.174710485895456
 10
-6.098795987733973
 20
9.280776503073438
  0
LWPOLYLINE
  5
422
330
17
100
AcDbEntity
  8
A-KRESKOWANIE
370
25
 48
0.05
100
AcDbPolyline
 90
2
 70
0
 10
-6.415638507985392
 20
9.07
 10
-6.1856385079853915
 20
9.3
  0
LWPOLYLINE
  5
423
330
17
100
AcDbEntity
  8
A-KRESKOWANIE
370
25
 48
0.05
100
AcDbPolyline
 90
2
 70
0
 10
-6.521704525163376
 20
9.07
 10
-6.4169940392679194
 20
9.174710485895456
  0
LWPOLYLINE
  5
424
330
17
100
AcDbEntity
  8
A-KRESKOWANIE
370
25
 48
0.05
100
AcDbPolyline
 90
2
 70
0
 10
-6.381638700208592
 20
9.210065824954784
 10
-6.291704525163375
 20
9.3
  0
LWPOLYLINE
  5
425
330
17
100
AcDbEntity
  8
A-KRESKOWANIE
370
25
 48
0.05
100
AcDbPolyline
 90
2
 70
0
 10
-6.6277705423413575
 20
9.07
 10
-6.397770542341357
 20
9.3
  0
LWPOLYLINE
  5
426
330
17
100
AcDbEntity
  8
A-KRESKOWANIE
370
25
 48
0.05
100
AcDbPolyline
 90
2
 70
0
 10
-6.699836751742539
 20
9.103999807776802
 10
-6.593770734564557
 20
9.210065824954784
  0
LWPOLYLINE
  5
427
330
17
100
AcDbEntity
  8
A-KRESKOWANIE
370
25
 48
0.05
100
AcDbPolyline
 90
2
 70
0
 10
-6.55841539550523
 20
9.245421164014111
 10
-6.503836559519339
 20
9.3
  0
LWPOLYLINE
  5
428
330
17
100
AcDbEntity
  8
A-KRESKOWANIE
370
25
 48
0.05
100
AcDbPolyline
 90
2
 70
0
 10
-6.839902576697321
 20
9.07
 10
-6.609902576697321
 20
9.3
  0
LWPOLYLINE
  5
429
330
17
100
AcDbEntity
  8
A-KRESKOWANIE
370
25
 48
0.05
100
AcDbPolyline
 90
2
 70
0
 10
-6.945968593875301
 20
9.07
 10
-6.911968786098501
 20
9.1039998077768
  0
LWPOLYLINE
  5
42A
330
17
100
AcDbEntity
  8
A-KRESKOWANIE
370
25
 48
0.05
100
AcDbPolyline
 90
2
 70
0
 10
-6.8766134470391735
 20
9.139355146836127
 10
-6.770547429861192
 20
9.24542116401411
  0
LWPOLYLINE
  5
42B
330
17
100
AcDbEntity
  8
A-KRESKOWANIE
370
25
 48
0.05
100
AcDbPolyline
 90
2
 70
0
 10
-6.735192090801864
 20
9.280776503073437
 10
-6.7159685938753
 20
9.3
  0
LWPOLYLINE
  5
42C
330
17
100
AcDbEntity
  8
A-KRESKOWANIE
370
25
 48
0.05
100
AcDbPolyline
 90
2
 70
0
 10
-7.052034611053285
 20
9.07
 10
-6.822034611053285
 20
9.3
  0
LWPOLYLINE
  5
42D
330
17
100
AcDbEntity
  8
A-KRESKOWANIE
370
25
 48
0.05
100
AcDbPolyline
 90
2
 70
0
 10
-7.158100628231267
 20
9.07
 10
-7.08874548139514
 20
9.139355146836127
  0
LWPOLYLINE
  5
42E
330
17
100
AcDbEntity
  8
A-KRESKOWANIE
370
25
 48
0.05
100
AcDbPolyline
 90
2
 70
0
 10
-7.053390142335813
 20
9.174710485895455
 10
-6.94732412515783
 20
9.280776503073437
  0
LWPOLYLINE
  5
42F
330
17
100
AcDbEntity
  8
A-KRESKOWANIE
370
25
 48
0.05
100
AcDbPolyline
 90
2
 70
0
 10
-7.264166645409251
 20
9.07
 10
-7.03416664540925
 20
9.3
  0
LWPOLYLINE
  5
430
330
17
100
AcDbEntity
  8
A-KRESKOWANIE
370
25
 48
0.05
100
AcDbPolyline
 90
2
 70
0
 10
-7.370232662587233
 20
9.07
 10
-7.265522176691777
 20
9.174710485895456
  0
LWPOLYLINE
  5
431
330
17
100
AcDbEntity
  8
A-KRESKOWANIE
370
25
 48
0.05
100
AcDbPolyline
 90
2
 70
0
 10
-7.230166837632449
 20
9.210065824954784
 10
-7.140232662587231
 20
9.3
  0
LWPOLYLINE
  5
432
330
17
100
AcDbEntity
  8
A-KRESKOWANIE
370
25
 48
0.05
100
AcDbPolyline
 90
2
 70
0
 10
-7.476298679765213
 20
9.07
 10
-7.2462986797652125
 20
9.3
  0
LWPOLYLINE
  5
433
330
17
100
AcDbEntity
  8
A-KRESKOWANIE
370
25
 48
0.05
100
AcDbPolyline
 90
2
 70
0
 10
-7.548364889166395
 20
9.103999807776802
 10
-7.442298871988413
 20
9.210065824954784
  0
LWPOLYLINE
  5
434
330
17
100
AcDbEntity
  8
A-KRESKOWANIE
370
25
 48
0.05
100
AcDbPolyline
 90
2
 70
0
 10
-7.406943532929086
 20
9.245421164014111
 10
-7.352364696943196
 20
9.3
  0
LWPOLYLINE
  5
435
330
17
100
AcDbEntity
  8
A-KRESKOWANIE
370
25
 48
0.05
100
AcDbPolyline
 90
2
 70
0
 10
-7.55
 20
9.208430714121176
 10
-7.458430714121176
 20
9.3
  0
LWPOLYLINE
  5
436
330
17
100
AcDbEntity
  8
A-KRESKOWANIE
370
25
 48
0.05
100
AcDbPolyline
 90
2
 70
0
 10
-8.837288937434945
 20
9.3
 10
-8.821157095302182
 20
9.316131842132764
  0
LWPOLYLINE
  5
437
330
17
100
AcDbEntity
  8
A-KRESKOWANIE
370
25
 48
0.05
100
AcDbPolyline
 90
2
 70
0
 10
-8.943354954612929
 20
9.3
 10
-8.8
 20
9.443354954612929
  0
LWPOLYLINE
  5
438
330
17
100
AcDbEntity
  8
A-KRESKOWANIE
370
25
 48
0.05
100
AcDbPolyline
 90
2
 70
0
 10
-9.04942097179091
 20
9.3
 10
-8.997933790598818
 20
9.351487181192093
  0
LWPOLYLINE
  5
439
330
17
100
AcDbEntity
  8
A-KRESKOWANIE
370
25
 48
0.05
100
AcDbPolyline
 90
2
 70
0
 10
-8.96257845153949
 20
9.38684252025142
 10
-8.856512434361509
 20
9.492908537429402
  0
LWPOLYLINE
  5
43A
330
17
100
AcDbEntity
  8
A-KRESKOWANIE
370
25
 48
0.05
100
AcDbPolyline
 90
2
 70
0
 10
-8.821157095302182
 20
9.52826387648873
 10
-8.8
 20
9.54942097179091
  0
LWPOLYLINE
  5
43B
330
17
100
AcDbEntity
  8
A-KRESKOWANIE
370
25
 48
0.05
100
AcDbPolyline
 90
2
 70
0
 10
-9.05
 20
9.405486988968894
 10
-8.8
 20
9.655486988968894
  0
LWPOLYLINE
  5
43C
330
17
100
AcDbEntity
  8
A-KRESKOWANIE
370
25
 48
0.05
100
AcDbPolyline
 90
2
 70
0
 10
-9.05
 20
9.511553006146874
 10
-9.033289129658145
 20
9.52826387648873
  0
LWPOLYLINE
  5
43D
330
17
100
AcDbEntity
  8
A-KRESKOWANIE
370
25
 48
0.05
100
AcDbPolyline
 90
2
 70
0
 10
-8.997933790598818
 20
9.563619215548057
 10
-8.891867773420836
 20
9.669685232726039
  0
LWPOLYLINE
  5
43E
330
17
100
AcDbEntity
  8
A-KRESKOWANIE
370
25
 48
0.05
100
AcDbPolyline
 90
2
 70
0
 10
-8.856512434361507
 20
9.705040571785368
 10
-8.8
 20
9.761553006146874
  0
LWPOLYLINE
  5
43F
330
17
100
AcDbEntity
  8
A-KRESKOWANIE
370
25
 48
0.05
100
AcDbPolyline
 90
2
 70
0
 10
-8.785553006146873
 20
9.776000000000002
 10
-8.77
 20
9.791553006146875
  0
LWPOLYLINE
  5
440
330
17
100
AcDbEntity
  8
A-KRESKOWANIE
370
25
 48
0.05
100
AcDbPolyline
 90
2
 70
0
 10
-9.05
 20
9.617619023324858
 10
-8.871619023324858
 20
9.796000000000001
  0
LWPOLYLINE
  5
441
330
17
100
AcDbEntity
  8
A-KRESKOWANIE
370
25
 48
0.05
100
AcDbPolyline
 90
2
 70
0
 10
-9.033289129658145
 20
9.740395910844693
 10
-8.977685040502838
 20
9.796000000000001
  0
LWPOLYLINE
  5
442
330
17
100
AcDbEntity
  8
A-KRESKOWANIE
370
25
 48
0.05
100
AcDbPolyline
 90
2
 70
0
 10
-9.10375105768082
 20
9.776000000000002
 10
-9.08375105768082
 20
9.796000000000001
  0
LWPOLYLINE
  5
443
330
17
100
AcDbEntity
  8
A-KRESKOWANIE
370
25
 48
0.05
100
AcDbPolyline
 90
2
 70
0
 10
0.28438853987152024
 20
9.3
 10
0.3
 20
9.31561146012848
  0
LWPOLYLINE
  5
444
330
17
100
AcDbEntity
  8
A-KRESKOWANIE
370
25
 48
0.05
100
AcDbPolyline
 90
2
 70
0
 10
0.17832252269353632
 20
9.3
 10
0.3
 20
9.421677477306464
  0
LWPOLYLINE
  5
445
330
17
100
AcDbEntity
  8
A-KRESKOWANIE
370
25
 48
0.05
100
AcDbPolyline
 90
2
 70
0
 10
0.0722565055155549
 20
9.3
 10
0.15909902576697377
 20
9.38684252025142
  0
LWPOLYLINE
  5
446
330
17
100
AcDbEntity
  8
A-KRESKOWANIE
370
25
 48
0.05
100
AcDbPolyline
 90
2
 70
0
 10
0.19445436482630107
 20
9.422197859310748
 10
0.3
 20
9.527743494484447
  0
LWPOLYLINE
  5
447
330
17
100
AcDbEntity
  8
A-KRESKOWANIE
370
25
 48
0.05
100
AcDbPolyline
 90
2
 70
0
 10
0.05
 20
9.38380951166243
 10
0.3
 20
9.633809511662427
  0
LWPOLYLINE
  5
448
330
17
100
AcDbEntity
  8
A-KRESKOWANIE
370
25
 48
0.05
100
AcDbPolyline
 90
2
 70
0
 10
0.05
 20
9.48987552884041
 10
0.12374368670764646
 20
9.563619215548055
  0
LWPOLYLINE
  5
449
330
17
100
AcDbEntity
  8
A-KRESKOWANIE
370
25
 48
0.05
100
AcDbPolyline
 90
2
 70
0
 10
0.15909902576697288
 20
9.598974554607384
 10
0.2651650429449557
 20
9.705040571785364
  0
LWPOLYLINE
  5
44A
330
17
100
AcDbEntity
  8
A-KRESKOWANIE
370
25
 48
0.05
100
AcDbPolyline
 90
2
 70
0
 10
0.3361244711595924
 20
9.776000000000002
 10
0.3561244711595921
 20
9.796000000000001
  0
LWPOLYLINE
  5
44B
330
17
100
AcDbEntity
  8
A-KRESKOWANIE
370
25
 48
0.05
100
AcDbPolyline
 90
2
 70
0
 10
0.05
 20
9.595941546018393
 10
0.2500584539816082
 20
9.796000000000001
  0
LWPOLYLINE
  5
44C
330
17
100
AcDbEntity
  8
A-KRESKOWANIE
370
25
 48
0.05
100
AcDbPolyline
 90
2
 70
0
 10
0.05
 20
9.702007563196375
 10
0.08838834764831915
 20
9.740395910844693
  0
LWPOLYLINE
  5
44D
330
17
100
AcDbEntity
  8
A-KRESKOWANIE
370
25
 48
0.05
100
AcDbPolyline
 90
2
 70
0
 10
0.12374368670764557
 20
9.775751249904019
 10
0.14399243680362767
 20
9.796000000000001
  0
LWPOLYLINE
  5
44E
330
17
100
AcDbEntity
  8
A-KRESKOWANIE
370
25
 48
0.05
100
AcDbPolyline
 90
2
 70
0
 10
0.02
 20
9.778073580374356
 10
0.03792641962564552
 20
9.796000000000001
  0
LWPOLYLINE
  5
44F
330
17
100
AcDbEntity
  8
A-KRESKOWANIE
370
25
 48
0.05
100
AcDbPolyline
 90
2
 70
0
 10
1.2500757595082501
 20
2.735
 10
1.3
 20
2.78492424049175
  0
LWPOLYLINE
  5
450
330
17
100
AcDbEntity
  8
A-KRESKOWANIE
370
25
 48
0.05
100
AcDbPolyline
 90
2
 70
0
 10
1.144009742330268
 20
2.735
 10
1.1490485194281397
 20
2.7400387770978716
  0
LWPOLYLINE
  5
451
330
17
100
AcDbEntity
  8
A-KRESKOWANIE
370
25
 48
0.05
100
AcDbPolyline
 90
2
 70
0
 10
1.1844038584874674
 20
2.7753941161571993
 10
1.2904698756654494
 20
2.8814601333351813
  0
LWPOLYLINE
  5
452
330
17
100
AcDbEntity
  8
A-KRESKOWANIE
370
25
 48
0.05
100
AcDbPolyline
 90
2
 70
0
 10
1.0379437251522858
 20
2.735
 10
1.3
 20
2.997056274847714
  0
LWPOLYLINE
  5
453
330
17
100
AcDbEntity
  8
A-KRESKOWANIE
370
25
 48
0.05
100
AcDbPolyline
 90
2
 70
0
 10
0.9318777079743039
 20
2.735
 10
0.9722718241315031
 20
2.7753941161571993
  0
LWPOLYLINE
  5
454
330
17
100
AcDbEntity
  8
A-KRESKOWANIE
370
25
 48
0.05
100
AcDbPolyline
 90
2
 70
0
 10
1.0076271631908305
 20
2.8107494552165266
 10
1.1136931803688124
 20
2.9168154723945086
  0
LWPOLYLINE
  5
455
330
17
100
AcDbEntity
  8
A-KRESKOWANIE
370
25
 48
0.05
100
AcDbPolyline
 90
2
 70
0
 10
1.1490485194281401
 20
2.952170811453836
 10
1.2468777079743036
 20
3.05
  0
LWPOLYLINE
  5
456
330
17
100
AcDbEntity
  8
A-KRESKOWANIE
370
25
 48
0.05
100
AcDbPolyline
 90
2
 70
0
 10
0.8258116907963219
 20
2.735
 10
1.1408116907963222
 20
3.05
  0
LWPOLYLINE
  5
457
330
17
100
AcDbEntity
  8
A-KRESKOWANIE
370
25
 48
0.05
100
AcDbPolyline
 90
2
 70
0
 10
0.7197456736183394
 20
2.735
 10
0.7954951288348662
 20
2.8107494552165266
  0
LWPOLYLINE
  5
458
330
17
100
AcDbEntity
  8
A-KRESKOWANIE
370
25
 48
0.05
100
AcDbPolyline
 90
2
 70
0
 10
0.8308504678941935
 20
2.846104794275854
 10
0.9369164850721756
 20
2.952170811453836
  0
LWPOLYLINE
  5
459
330
17
100
AcDbEntity
  8
A-KRESKOWANIE
370
25
 48
0.05
100
AcDbPolyline
 90
2
 70
0
 10
0.9722718241315031
 20
2.9875261505131636
 10
1.0347456736183396
 20
3.05
  0
LWPOLYLINE
  5
45A
330
17
100
AcDbEntity
  8
A-KRESKOWANIE
370
25
 48
0.05
100
AcDbPolyline
 90
2
 70
0
 10
0.6136796564403572
 20
2.735
 10
0.9286796564403573
 20
3.05
  0
LWPOLYLINE
  5
45B
330
17
100
AcDbEntity
  8
A-KRESKOWANIE
370
25
 48
0.05
100
AcDbPolyline
 90
2
 70
0
 10
0.5126524163602473
 20
2.740038777097872
 10
0.6187184335382292
 20
2.846104794275854
  0
LWPOLYLINE
  5
45C
330
17
100
AcDbEntity
  8
A-KRESKOWANIE
370
25
 48
0.05
100
AcDbPolyline
 90
2
 70
0
 10
0.654073772597557
 20
2.8814601333351817
 10
0.7601397897755389
 20
2.9875261505131636
  0
LWPOLYLINE
  5
45D
330
17
100
AcDbEntity
  8
A-KRESKOWANIE
370
25
 48
0.05
100
AcDbPolyline
 90
2
 70
0
 10
0.7954951288348662
 20
3.022881489572491
 10
0.8226136392623751
 20
3.05
  0
LWPOLYLINE
  5
45E
330
17
100
AcDbEntity
  8
A-KRESKOWANIE
370
25
 48
0.05
100
AcDbPolyline
 90
2
 70
0
 10
0.401547622084393
 20
2.735
 10
0.7165476220843929
 20
3.05
  0
LWPOLYLINE
  5
45F
330
17
100
AcDbEntity
  8
A-KRESKOWANIE
370
25
 48
0.05
100
AcDbPolyline
 90
2
 70
0
 10
0.3358757210636103
 20
2.7753941161571993
 10
0.44194173824159244
 20
2.8814601333351813
  0
LWPOLYLINE
  5
460
330
17
100
AcDbEntity
  8
A-KRESKOWANIE
370
25
 48
0.05
100
AcDbPolyline
 90
2
 70
0
 10
0.47729707730091997
 20
2.916815472394509
 10
0.5833630944789019
 20
3.022881489572491
  0
LWPOLYLINE
  5
461
330
17
100
AcDbEntity
  8
A-KRESKOWANIE
370
25
 48
0.05
100
AcDbPolyline
 90
2
 70
0
 10
0.3
 20
2.845584412271571
 10
0.5044155877284286
 20
3.05
  0
LWPOLYLINE
  5
462
330
17
100
AcDbEntity
  8
A-KRESKOWANIE
370
25
 48
0.05
100
AcDbPolyline
 90
2
 70
0
 10
0.300520382004283
 20
2.9521708114538363
 10
0.3983495705504465
 20
3.05
  0
LWPOLYLINE
  5
463
330
17
100
AcDbEntity
  8
A-KRESKOWANIE
370
25
 48
0.05
100
AcDbPolyline
 90
2
 70
0
 10
1.259121215213201
 20
3.635
 10
1.3
 20
3.675878784786799
  0
LWPOLYLINE
  5
464
330
17
100
AcDbEntity
  8
A-KRESKOWANIE
370
25
 48
0.05
100
AcDbPolyline
 90
2
 70
0
 10
1.2096237405301424
 20
3.635
 10
1.3
 20
3.7253762594698574
  0
LWPOLYLINE
  5
465
330
17
100
AcDbEntity
  8
A-KRESKOWANIE
370
25
 48
0.05
100
AcDbPolyline
 90
2
 70
0
 10
1.160126265847084
 20
3.635
 10
1.3
 20
3.774873734152916
  0
LWPOLYLINE
  5
466
330
17
100
AcDbEntity
  8
A-KRESKOWANIE
370
25
 48
0.05
100
AcDbPolyline
 90
2
 70
0
 10
1.1106287911640258
 20
3.635
 10
1.3
 20
3.824371208835974
  0
LWPOLYLINE
  5
467
330
17
100
AcDbEntity
  8
A-KRESKOWANIE
370
25
 48
0.05
100
AcDbPolyline
 90
2
 70
0
 10
1.0611313164809677
 20
3.635
 10
1.276131316480968
 20
3.85
  0
LWPOLYLINE
  5
468
330
17
100
AcDbEntity
  8
A-KRESKOWANIE
370
25
 48
0.05
100
AcDbPolyline
 90
2
 70
0
 10
1.0116338417979092
 20
3.635
 10
1.2266338417979095
 20
3.85
  0
LWPOLYLINE
  5
469
330
17
100
AcDbEntity
  8
A-KRESKOWANIE
370
25
 48
0.05
100
AcDbPolyline
 90
2
 70
0
 10
0.9621363671148505
 20
3.635
 10
1.177136367114851
 20
3.85
  0
LWPOLYLINE
  5
46A
330
17
100
AcDbEntity
  8
A-KRESKOWANIE
370
25
 48
0.05
100
AcDbPolyline
 90
2
 70
0
 10
0.9126388924317924
 20
3.635
 10
1.1276388924317928
 20
3.85
  0
LWPOLYLINE
  5
46B
330
17
100
AcDbEntity
  8
A-KRESKOWANIE
370
25
 48
0.05
100
AcDbPolyline
 90
2
 70
0
 10
0.8631414177487343
 20
3.635
 10
1.0781414177487347
 20
3.85
  0
LWPOLYLINE
  5
46C
330
17
100
AcDbEntity
  8
A-KRESKOWANIE
370
25
 48
0.05
100
AcDbPolyline
 90
2
 70
0
 10
0.8136439430656756
 20
3.635
 10
1.0286439430656757
 20
3.85
  0
LWPOLYLINE
  5
46D
330
17
100
AcDbEntity
  8
A-KRESKOWANIE
370
25
 48
0.05
100
AcDbPolyline
 90
2
 70
0
 10
0.7641464683826172
 20
3.635
 10
0.9791464683826175
 20
3.85
  0
LWPOLYLINE
  5
46E
330
17
100
AcDbEntity
  8
A-KRESKOWANIE
370
25
 48
0.05
100
AcDbPolyline
 90
2
 70
0
 10
0.7146489936995591
 20
3.635
 10
0.9296489936995594
 20
3.85
  0
LWPOLYLINE
  5
46F
330
17
100
AcDbEntity
  8
A-KRESKOWANIE
370
25
 48
0.05
100
AcDbPolyline
 90
2
 70
0
 10
0.6651515190165013
 20
3.635
 10
0.8801515190165016
 20
3.85
  0
LWPOLYLINE
  5
470
330
17
100
AcDbEntity
  8
A-KRESKOWANIE
370
25
 48
0.05
100
AcDbPolyline
 90
2
 70
0
 10
0.6156540443334426
 20
3.635
 10
0.8306540443334431
 20
3.85
  0
LWPOLYLINE
  5
471
330
17
100
AcDbEntity
  8
A-KRESKOWANIE
370
25
 48
0.05
100
AcDbPolyline
 90
2
 70
0
 10
0.5661565696503839
 20
3.635
 10
0.7811565696503843
 20
3.85
  0
LWPOLYLINE
  5
472
330
17
100
AcDbEntity
  8
A-KRESKOWANIE
370
25
 48
0.05
100
AcDbPolyline
 90
2
 70
0
 10
0.516659094967326
 20
3.635
 10
0.7316590949673264
 20
3.85
  0
LWPOLYLINE
  5
473
330
17
100
AcDbEntity
  8
A-KRESKOWANIE
370
25
 48
0.05
100
AcDbPolyline
 90
2
 70
0
 10
0.4671616202842677
 20
3.635
 10
0.6821616202842681
 20
3.85
  0
LWPOLYLINE
  5
474
330
17
100
AcDbEntity
  8
A-KRESKOWANIE
370
25
 48
0.05
100
AcDbPolyline
 90
2
 70
0
 10
0.41766414560120874
 20
3.635
 10
0.6326641456012091
 20
3.85
  0
LWPOLYLINE
  5
475
330
17
100
AcDbEntity
  8
A-KRESKOWANIE
370
25
 48
0.05
100
AcDbPolyline
 90
2
 70
0
 10
0.3681666709181508
 20
3.635
 10
0.5831666709181512
 20
3.85
  0
LWPOLYLINE
  5
476
330
17
100
AcDbEntity
  8
A-KRESKOWANIE
370
25
 48
0.05
100
AcDbPolyline
 90
2
 70
0
 10
0.32
 20
3.636330803764907
 10
0.5336691962350929
 20
3.85
  0
LWPOLYLINE
  5
477
330
17
100
AcDbEntity
  8
A-KRESKOWANIE
370
25
 48
0.05
100
AcDbPolyline
 90
2
 70
0
 10
0.3
 20
3.665828278447966
 10
0.4841717215520345
 20
3.85
  0
LWPOLYLINE
  5
478
330
17
100
AcDbEntity
  8
A-KRESKOWANIE
370
25
 48
0.05
100
AcDbPolyline
 90
2
 70
0
 10
0.3
 20
3.7153257531310238
 10
0.4346742468689766
 20
3.85
  0
LWPOLYLINE
  5
479
330
17
100
AcDbEntity
  8
A-KRESKOWANIE
370
25
 48
0.05
100
AcDbPolyline
 90
2
 70
0
 10
0.3
 20
3.7648232278140825
 10
0.38517677218591767
 20
3.85
  0
LWPOLYLINE
  5
47A
330
17
100
AcDbEntity
  8
A-KRESKOWANIE
370
25
 48
0.05
100
AcDbPolyline
 90
2
 70
0
 10
0.3
 20
3.8143207024971404
 10
0.3106792975028592
 20
3.8249999999999997
  0
LWPOLYLINE
  5
47B
330
17
100
AcDbEntity
  8
A-KRESKOWANIE
370
25
 48
0.05
100
AcDbPolyline
 90
2
 70
0
 10
1.276207075989218
 20
5.335
 10
1.3
 20
5.358792924010782
  0
LWPOLYLINE
  5
47C
330
17
100
AcDbEntity
  8
A-KRESKOWANIE
370
25
 48
0.05
100
AcDbPolyline
 90
2
 70
0
 10
1.2267096013061596
 20
5.335
 10
1.3
 20
5.408290398693841
  0
LWPOLYLINE
  5
47D
330
17
100
AcDbEntity
  8
A-KRESKOWANIE
370
25
 48
0.05
100
AcDbPolyline
 90
2
 70
0
 10
1.1772121266231017
 20
5.335
 10
1.3
 20
5.4577878733768985
  0
LWPOLYLINE
  5
47E
330
17
100
AcDbEntity
  8
A-KRESKOWANIE
370
25
 48
0.05
100
AcDbPolyline
 90
2
 70
0
 10
1.1277146519400436
 20
5.335
 10
1.3
 20
5.507285348059956
  0
LWPOLYLINE
  5
47F
330
17
100
AcDbEntity
  8
A-KRESKOWANIE
370
25
 48
0.05
100
AcDbPolyline
 90
2
 70
0
 10
1.0782171772569853
 20
5.335
 10
1.2932171772569854
 20
5.55
  0
LWPOLYLINE
  5
480
330
17
100
AcDbEntity
  8
A-KRESKOWANIE
370
25
 48
0.05
100
AcDbPolyline
 90
2
 70
0
 10
1.0287197025739272
 20
5.335
 10
1.2437197025739275
 20
5.55
  0
LWPOLYLINE
  5
481
330
17
100
AcDbEntity
  8
A-KRESKOWANIE
370
25
 48
0.05
100
AcDbPolyline
 90
2
 70
0
 10
0.9792222278908684
 20
5.335
 10
1.1942222278908683
 20
5.55
  0
LWPOLYLINE
  5
482
330
17
100
AcDbEntity
  8
A-KRESKOWANIE
370
25
 48
0.05
100
AcDbPolyline
 90
2
 70
0
 10
0.9297247532078101
 20
5.335
 10
1.14472475320781
 20
5.55
  0
LWPOLYLINE
  5
483
330
17
100
AcDbEntity
  8
A-KRESKOWANIE
370
25
 48
0.05
100
AcDbPolyline
 90
2
 70
0
 10
0.8802272785247522
 20
5.335
 10
1.095227278524752
 20
5.55
  0
LWPOLYLINE
  5
484
330
17
100
AcDbEntity
  8
A-KRESKOWANIE
370
25
 48
0.05
100
AcDbPolyline
 90
2
 70
0
 10
0.8307298038416935
 20
5.335
 10
1.0457298038416933
 20
5.55
  0
LWPOLYLINE
  5
485
330
17
100
AcDbEntity
  8
A-KRESKOWANIE
370
25
 48
0.05
100
AcDbPolyline
 90
2
 70
0
 10
0.7812323291586346
 20
5.335
 10
0.9962323291586348
 20
5.55
  0
LWPOLYLINE
  5
486
330
17
100
AcDbEntity
  8
A-KRESKOWANIE
370
25
 48
0.05
100
AcDbPolyline
 90
2
 70
0
 10
0.7317348544755767
 20
5.335
 10
0.9467348544755769
 20
5.55
  0
LWPOLYLINE
  5
487
330
17
100
AcDbEntity
  8
A-KRESKOWANIE
370
25
 48
0.05
100
AcDbPolyline
 90
2
 70
0
 10
0.6822373797925184
 20
5.335
 10
0.8972373797925185
 20
5.55
  0
LWPOLYLINE
  5
488
330
17
100
AcDbEntity
  8
A-KRESKOWANIE
370
25
 48
0.05
100
AcDbPolyline
 90
2
 70
0
 10
0.63273990510946
 20
5.335
 10
0.8477399051094602
 20
5.55
  0
LWPOLYLINE
  5
489
330
17
100
AcDbEntity
  8
A-KRESKOWANIE
370
25
 48
0.05
100
AcDbPolyline
 90
2
 70
0
 10
0.5832424304264021
 20
5.335
 10
0.7982424304264023
 20
5.55
  0
LWPOLYLINE
  5
48A
330
17
100
AcDbEntity
  8
A-KRESKOWANIE
370
25
 48
0.05
100
AcDbPolyline
 90
2
 70
0
 10
0.533744955743344
 20
5.335
 10
0.7487449557433439
 20
5.55
  0
LWPOLYLINE
  5
48B
330
17
100
AcDbEntity
  8
A-KRESKOWANIE
370
25
 48
0.05
100
AcDbPolyline
 90
2
 70
0
 10
0.4842474810602848
 20
5.335
 10
0.6992474810602847
 20
5.55
  0
LWPOLYLINE
  5
48C
330
17
100
AcDbEntity
  8
A-KRESKOWANIE
370
25
 48
0.05
100
AcDbPolyline
 90
2
 70
0
 10
0.4347500063772257
 20
5.335
 10
0.6497500063772259
 20
5.55
  0
LWPOLYLINE
  5
48D
330
17
100
AcDbEntity
  8
A-KRESKOWANIE
370
25
 48
0.05
100
AcDbPolyline
 90
2
 70
0
 10
0.38525253169416784
 20
5.335
 10
0.6002525316941679
 20
5.55
  0
LWPOLYLINE
  5
48E
330
17
100
AcDbEntity
  8
A-KRESKOWANIE
370
25
 48
0.05
100
AcDbPolyline
 90
2
 70
0
 10
0.33575505701110947
 20
5.335
 10
0.5507550570111096
 20
5.55
  0
LWPOLYLINE
  5
48F
330
17
100
AcDbEntity
  8
A-KRESKOWANIE
370
25
 48
0.05
100
AcDbPolyline
 90
2
 70
0
 10
0.3012575823280513
 20
5.35
 10
0.5012575823280517
 20
5.55
  0
LWPOLYLINE
  5
490
330
17
100
AcDbEntity
  8
A-KRESKOWANIE
370
25
 48
0.05
100
AcDbPolyline
 90
2
 70
0
 10
0.3
 20
5.398239892355006
 10
0.4517601076449938
 20
5.55
  0
LWPOLYLINE
  5
491
330
17
100
AcDbEntity
  8
A-KRESKOWANIE
370
25
 48
0.05
100
AcDbPolyline
 90
2
 70
0
 10
0.3
 20
5.447737367038065
 10
0.4022626329619352
 20
5.55
  0
LWPOLYLINE
  5
492
330
17
100
AcDbEntity
  8
A-KRESKOWANIE
370
25
 48
0.05
100
AcDbPolyline
 90
2
 70
0
 10
0.3
 20
5.497234841721124
 10
0.352765158278876
 20
5.55
  0
LWPOLYLINE
  5
493
330
17
100
AcDbEntity
  8
A-KRESKOWANIE
370
25
 48
0.05
100
AcDbPolyline
 90
2
 70
0
 10
0.3
 20
5.5467323164041815
 10
0.3032676835958181
 20
5.55
  0
LWPOLYLINE
  5
494
330
17
100
AcDbEntity
  8
A-KRESKOWANIE
370
25
 48
0.05
100
AcDbPolyline
 90
2
 70
0
 10
1.2680952441687863
 20
5.9350000000000005
 10
1.3
 20
5.966904755831214
  0
LWPOLYLINE
  5
495
330
17
100
AcDbEntity
  8
A-KRESKOWANIE
370
25
 48
0.05
100
AcDbPolyline
 90
2
 70
0
 10
1.1620292269908048
 20
5.9350000000000005
 10
1.1844038584874679
 20
5.957374631496664
  0
LWPOLYLINE
  5
496
330
17
100
AcDbEntity
  8
A-KRESKOWANIE
370
25
 48
0.05
100
AcDbPolyline
 90
2
 70
0
 10
1.2197591975467943
 20
5.99272997055599
 10
1.3
 20
6.072970773009196
  0
LWPOLYLINE
  5
497
330
17
100
AcDbEntity
  8
A-KRESKOWANIE
370
25
 48
0.05
100
AcDbPolyline
 90
2
 70
0
 10
1.0559632098128224
 20
5.9350000000000005
 10
1.3
 20
6.179036790187178
  0
LWPOLYLINE
  5
498
330
17
100
AcDbEntity
  8
A-KRESKOWANIE
370
25
 48
0.05
100
AcDbPolyline
 90
2
 70
0
 10
0.9498971926348403
 20
5.9350000000000005
 10
1.0076271631908313
 20
5.992729970555992
  0
LWPOLYLINE
  5
499
330
17
100
AcDbEntity
  8
A-KRESKOWANIE
370
25
 48
0.05
100
AcDbPolyline
 90
2
 70
0
 10
1.0429825022501578
 20
6.028085309615317
 10
1.1490485194281401
 20
6.1341513267933
  0
LWPOLYLINE
  5
49A
330
17
100
AcDbEntity
  8
A-KRESKOWANIE
370
25
 48
0.05
100
AcDbPolyline
 90
2
 70
0
 10
1.1844038584874674
 20
6.169506665852627
 10
1.2648971926348396
 20
6.25
  0
LWPOLYLINE
  5
49B
330
17
100
AcDbEntity
  8
A-KRESKOWANIE
370
25
 48
0.05
100
AcDbPolyline
 90
2
 70
0
 10
0.8438311754568582
 20
5.9350000000000005
 10
1.1588311754568577
 20
6.25
  0
LWPOLYLINE
  5
49C
330
17
100
AcDbEntity
  8
A-KRESKOWANIE
370
25
 48
0.05
100
AcDbPolyline
 90
2
 70
0
 10
0.7377651582788767
 20
5.9350000000000005
 10
0.8308504678941939
 20
6.028085309615318
  0
LWPOLYLINE
  5
49D
330
17
100
AcDbEntity
  8
A-KRESKOWANIE
370
25
 48
0.05
100
AcDbPolyline
 90
2
 70
0
 10
0.8662058069535208
 20
6.0634406486746455
 10
0.9722718241315036
 20
6.169506665852628
  0
LWPOLYLINE
  5
49E
330
17
100
AcDbEntity
  8
A-KRESKOWANIE
370
25
 48
0.05
100
AcDbPolyline
 90
2
 70
0
 10
1.00762716319083
 20
6.204862004911955
 10
1.052765158278875
 20
6.25
  0
LWPOLYLINE
  5
49F
330
17
100
AcDbEntity
  8
A-KRESKOWANIE
370
25
 48
0.05
100
AcDbPolyline
 90
2
 70
0
 10
0.6316991411008943
 20
5.9350000000000005
 10
0.9466991411008938
 20
6.25
  0
LWPOLYLINE
  5
4A0
330
17
100
AcDbEntity
  8
A-KRESKOWANIE
370
25
 48
0.05
100
AcDbPolyline
 90
2
 70
0
 10
0.548007755419575
 20
5.957374631496664
 10
0.6540737725975574
 20
6.063440648674646
  0
LWPOLYLINE
  5
4A1
330
17
100
AcDbEntity
  8
A-KRESKOWANIE
370
25
 48
0.05
100
AcDbPolyline
 90
2
 70
0
 10
0.6894291116568847
 20
6.098795987733974
 10
0.7954951288348671
 20
6.204862004911956
  0
LWPOLYLINE
  5
4A2
330
17
100
AcDbEntity
  8
A-KRESKOWANIE
370
25
 48
0.05
100
AcDbPolyline
 90
2
 70
0
 10
0.8308504678941935
 20
6.240217343971282
 10
0.8406331239229115
 20
6.25
  0
LWPOLYLINE
  5
4A3
330
17
100
AcDbEntity
  8
A-KRESKOWANIE
370
25
 48
0.05
100
AcDbPolyline
 90
2
 70
0
 10
0.4195671067449305
 20
5.9350000000000005
 10
0.73456710674493
 20
6.25
  0
LWPOLYLINE
  5
4A4
330
17
100
AcDbEntity
  8
A-KRESKOWANIE
370
25
 48
0.05
100
AcDbPolyline
 90
2
 70
0
 10
0.32
 20
5.941498910433054
 10
0.3358757210636103
 20
5.957374631496664
  0
LWPOLYLINE
  5
4A5
330
17
100
AcDbEntity
  8
A-KRESKOWANIE
370
25
 48
0.05
100
AcDbPolyline
 90
2
 70
0
 10
0.3712310601229376
 20
5.992729970555991
 10
0.47729707730091997
 20
6.098795987733974
  0
LWPOLYLINE
  5
4A6
330
17
100
AcDbEntity
  8
A-KRESKOWANIE
370
25
 48
0.05
100
AcDbPolyline
 90
2
 70
0
 10
0.5126524163602473
 20
6.1341513267933
 10
0.6187184335382296
 20
6.240217343971283
  0
LWPOLYLINE
  5
4A7
330
17
100
AcDbEntity
  8
A-KRESKOWANIE
370
25
 48
0.05
100
AcDbPolyline
 90
2
 70
0
 10
0.3
 20
6.027564927611035
 10
0.5224350723889648
 20
6.25
  0
LWPOLYLINE
  5
4A8
330
17
100
AcDbEntity
  8
A-KRESKOWANIE
370
25
 48
0.05
100
AcDbPolyline
 90
2
 70
0
 10
0.3
 20
6.133630944789018
 10
0.300520382004283
 20
6.134151326793301
  0
LWPOLYLINE
  5
4A9
330
17
100
AcDbEntity
  8
A-KRESKOWANIE
370
25
 48
0.05
100
AcDbPolyline
 90
2
 70
0
 10
0.3358757210636103
 20
6.169506665852628
 10
0.41636905521098233
 20
6.25
  0
LWPOLYLINE
  5
4AA
330
17
100
AcDbEntity
  8
A-KRESKOWANIE
370
25
 48
0.05
100
AcDbPolyline
 90
2
 70
0
 10
0.3
 20
6.239696961967001
 10
0.31030303803299963
 20
6.25
  0
LWPOLYLINE
  5
4AB
330
17
100
AcDbEntity
  8
A-KRESKOWANIE
370
25
 48
0.05
100
AcDbPolyline
 90
2
 70
0
 10
1.2161147288293221
 20
9.065
 10
1.3
 20
9.148885271170677
  0
LWPOLYLINE
  5
4AC
330
17
100
AcDbEntity
  8
A-KRESKOWANIE
370
25
 48
0.05
100
AcDbPolyline
 90
2
 70
0
 10
1.1136931803688128
 20
9.068644468717473
 10
1.2197591975467947
 20
9.174710485895455
  0
LWPOLYLINE
  5
4AD
330
17
100
AcDbEntity
  8
A-KRESKOWANIE
370
25
 48
0.05
100
AcDbPolyline
 90
2
 70
0
 10
1.255114536606122
 20
9.210065824954782
 10
1.3
 20
9.25495128834866
  0
LWPOLYLINE
  5
4AE
330
17
100
AcDbEntity
  8
A-KRESKOWANIE
370
25
 48
0.05
100
AcDbPolyline
 90
2
 70
0
 10
1.003982694473358
 20
9.065
 10
1.3
 20
9.36101730552664
  0
LWPOLYLINE
  5
4AF
330
17
100
AcDbEntity
  8
A-KRESKOWANIE
370
25
 48
0.05
100
AcDbPolyline
 90
2
 70
0
 10
0.8979166772953748
 20
9.065
 10
0.9015611460128481
 20
9.068644468717473
  0
LWPOLYLINE
  5
4B0
330
17
100
AcDbEntity
  8
A-KRESKOWANIE
370
25
 48
0.05
100
AcDbPolyline
 90
2
 70
0
 10
0.9369164850721745
 20
9.103999807776798
 10
1.0429825022501573
 20
9.210065824954782
  0
LWPOLYLINE
  5
4B1
330
17
100
AcDbEntity
  8
A-KRESKOWANIE
370
25
 48
0.05
100
AcDbPolyline
 90
2
 70
0
 10
1.0783378413094846
 20
9.24542116401411
 10
1.1844038584874665
 20
9.351487181192091
  0
LWPOLYLINE
  5
4B2
330
17
100
AcDbEntity
  8
A-KRESKOWANIE
370
25
 48
0.05
100
AcDbPolyline
 90
2
 70
0
 10
1.2197591975467938
 20
9.386842520251419
 10
1.2329166772953757
 20
9.4
  0
LWPOLYLINE
  5
4B3
330
17
100
AcDbEntity
  8
A-KRESKOWANIE
370
25
 48
0.05
100
AcDbPolyline
 90
2
 70
0
 10
0.7918506601173935
 20
9.065
 10
1.126850660117394
 20
9.4
  0
LWPOLYLINE
  5
4B4
330
17
100
AcDbEntity
  8
A-KRESKOWANIE
370
25
 48
0.05
100
AcDbPolyline
 90
2
 70
0
 10
0.6857846429394119
 20
9.065
 10
0.7247844507162124
 20
9.1039998077768
  0
LWPOLYLINE
  5
4B5
330
17
100
AcDbEntity
  8
A-KRESKOWANIE
370
25
 48
0.05
100
AcDbPolyline
 90
2
 70
0
 10
0.7601397897755389
 20
9.139355146836127
 10
0.8662058069535217
 20
9.24542116401411
  0
LWPOLYLINE
  5
4B6
330
17
100
AcDbEntity
  8
A-KRESKOWANIE
370
25
 48
0.05
100
AcDbPolyline
 90
2
 70
0
 10
0.901561146012849
 20
9.280776503073437
 10
1.007627163190831
 20
9.386842520251419
  0
LWPOLYLINE
  5
4B7
330
17
100
AcDbEntity
  8
A-KRESKOWANIE
370
25
 48
0.05
100
AcDbPolyline
 90
2
 70
0
 10
0.5797186257614293
 20
9.065
 10
0.9147186257614305
 20
9.4
  0
LWPOLYLINE
  5
4B8
330
17
100
AcDbEntity
  8
A-KRESKOWANIE
370
25
 48
0.05
100
AcDbPolyline
 90
2
 70
0
 10
0.47365260858344654
 20
9.065
 10
0.548007755419575
 20
9.139355146836127
  0
LWPOLYLINE
  5
4B9
330
17
100
AcDbEntity
  8
A-KRESKOWANIE
370
25
 48
0.05
100
AcDbPolyline
 90
2
 70
0
 10
0.5833630944789014
 20
9.174710485895456
 10
0.6894291116568843
 20
9.280776503073437
  0
LWPOLYLINE
  5
4BA
330
17
100
AcDbEntity
  8
A-KRESKOWANIE
370
25
 48
0.05
100
AcDbPolyline
 90
2
 70
0
 10
0.7247844507162107
 20
9.316131842132764
 10
0.8086526085834478
 20
9.4
  0
LWPOLYLINE
  5
4BB
330
17
100
AcDbEntity
  8
A-KRESKOWANIE
370
25
 48
0.05
100
AcDbPolyline
 90
2
 70
0
 10
0.3675865914054651
 20
9.065
 10
0.7025865914054656
 20
9.4
  0
LWPOLYLINE
  5
4BC
330
17
100
AcDbEntity
  8
A-KRESKOWANIE
370
25
 48
0.05
100
AcDbPolyline
 90
2
 70
0
 10
0.3
 20
9.103479425772518
 10
0.3712310601229385
 20
9.174710485895456
  0
LWPOLYLINE
  5
4BD
330
17
100
AcDbEntity
  8
A-KRESKOWANIE
370
25
 48
0.05
100
AcDbPolyline
 90
2
 70
0
 10
0.4065863991822658
 20
9.210065824954782
 10
0.5126524163602477
 20
9.316131842132766
  0
LWPOLYLINE
  5
4BE
330
17
100
AcDbEntity
  8
A-KRESKOWANIE
370
25
 48
0.05
100
AcDbPolyline
 90
2
 70
0
 10
0.5480077554195741
 20
9.351487181192091
 10
0.5965205742274828
 20
9.4
  0
LWPOLYLINE
  5
4BF
330
17
100
AcDbEntity
  8
A-KRESKOWANIE
370
25
 48
0.05
100
AcDbPolyline
 90
2
 70
0
 10
0.3
 20
9.2095454429505
 10
0.49045455704950086
 20
9.4
  0
LWPOLYLINE
  5
4C0
330
17
100
AcDbEntity
  8
A-KRESKOWANIE
370
25
 48
0.05
100
AcDbPolyline
 90
2
 70
0
 10
0.3
 20
9.31561146012848
 10
0.3358757210636112
 20
9.351487181192091
  0
LWPOLYLINE
  5
4C1
330
17
100
AcDbEntity
  8
A-KRESKOWANIE
370
25
 48
0.05
100
AcDbPolyline
 90
2
 70
0
 10
0.3712310601229376
 20
9.38684252025142
 10
0.384388539871518
 20
9.4
  0
LWPOLYLINE
  5
4C2
330
17
100
AcDbEntity
  8
A-KRESKOWANIE
370
25
 48
0.05
100
AcDbPolyline
 90
2
 70
0
 10
0.030151519016500216
 20
3.0
 10
0.125
 20
3.0948484809835
  0
LWPOLYLINE
  5
4C3
330
17
100
AcDbEntity
  8
A-KRESKOWANIE
370
25
 48
0.05
100
AcDbPolyline
 90
2
 70
0
 10
-0.05303300858899096
 20
3.022881489572491
 10
0.05303300858899118
 20
3.128947506750473
  0
LWPOLYLINE
  5
4C4
330
17
100
AcDbEntity
  8
A-KRESKOWANIE
370
25
 48
0.05
100
AcDbPolyline
 90
2
 70
0
 10
0.08838834764831871
 20
3.1643028458098006
 10
0.125
 20
3.200914498161482
  0
LWPOLYLINE
  5
4C5
330
17
100
AcDbEntity
  8
A-KRESKOWANIE
370
25
 48
0.05
100
AcDbPolyline
 90
2
 70
0
 10
-0.125
 20
3.0569805153394642
 10
0.125
 20
3.3069805153394642
  0
LWPOLYLINE
  5
4C6
330
17
100
AcDbEntity
  8
A-KRESKOWANIE
370
25
 48
0.05
100
AcDbPolyline
 90
2
 70
0
 10
-0.125
 20
3.163046532517446
 10
-0.1237436867076458
 20
3.1643028458098
  0
LWPOLYLINE
  5
4C7
330
17
100
AcDbEntity
  8
A-KRESKOWANIE
370
25
 48
0.05
100
AcDbPolyline
 90
2
 70
0
 10
-0.08838834764831827
 20
3.199658184869128
 10
0.017677669529663875
 20
3.30572420204711
  0
LWPOLYLINE
  5
4C8
330
17
100
AcDbEntity
  8
A-KRESKOWANIE
370
25
 48
0.05
100
AcDbPolyline
 90
2
 70
0
 10
0.053033008588991404
 20
3.3410795411064376
 10
0.125
 20
3.413046532517446
  0
LWPOLYLINE
  5
4C9
330
17
100
AcDbEntity
  8
A-KRESKOWANIE
370
25
 48
0.05
100
AcDbPolyline
 90
2
 70
0
 10
-0.125
 20
3.2691125496954285
 10
0.125
 20
3.519112549695428
  0
LWPOLYLINE
  5
4CA
330
17
100
AcDbEntity
  8
A-KRESKOWANIE
370
25
 48
0.05
100
AcDbPolyline
 90
2
 70
0
 10
-0.1237436867076458
 20
3.376434880165765
 10
-0.017677669529663875
 20
3.482500897343747
  0
LWPOLYLINE
  5
4CB
330
17
100
AcDbEntity
  8
A-KRESKOWANIE
370
25
 48
0.05
100
AcDbPolyline
 90
2
 70
0
 10
0.017677669529663875
 20
3.5178562364030745
 10
0.1237436867076458
 20
3.623922253581057
  0
LWPOLYLINE
  5
4CC
330
17
100
AcDbEntity
  8
A-KRESKOWANIE
370
25
 48
0.05
100
AcDbPolyline
 90
2
 70
0
 10
-0.125
 20
3.4812445840513924
 10
0.125
 20
3.731244584051392
  0
LWPOLYLINE
  5
4CD
330
17
100
AcDbEntity
  8
A-KRESKOWANIE
370
25
 48
0.05
100
AcDbPolyline
 90
2
 70
0
 10
-0.125
 20
3.5873106012293747
 10
-0.05303300858899096
 20
3.6592775926403838
  0
LWPOLYLINE
  5
4CE
330
17
100
AcDbEntity
  8
A-KRESKOWANIE
370
25
 48
0.05
100
AcDbPolyline
 90
2
 70
0
 10
-0.017677669529663653
 20
3.694632931699711
 10
0.08838834764831849
 20
3.800698948877693
  0
LWPOLYLINE
  5
4CF
330
17
100
AcDbEntity
  8
A-KRESKOWANIE
370
25
 48
0.05
100
AcDbPolyline
 90
2
 70
0
 10
0.12374368670764602
 20
3.8360542879370207
 10
0.125
 20
3.8373106012293747
  0
LWPOLYLINE
  5
4D0
330
17
100
AcDbEntity
  8
A-KRESKOWANIE
370
25
 48
0.05
100
AcDbPolyline
 90
2
 70
0
 10
-0.125
 20
3.6933766184073566
 10
0.03562338159264319
 20
3.8539999999999996
  0
LWPOLYLINE
  5
4D1
330
17
100
AcDbEntity
  8
A-KRESKOWANIE
370
25
 48
0.05
100
AcDbPolyline
 90
2
 70
0
 10
-0.125
 20
3.799442635585339
 10
-0.08838834764831827
 20
3.8360542879370207
  0
LWPOLYLINE
  5
4D2
330
17
100
AcDbEntity
  8
A-KRESKOWANIE
370
25
 48
0.05
100
AcDbPolyline
 90
2
 70
0
 10
0.03469914110089378
 20
5.338
 10
0.04
 20
5.343300858899107
  0
LWPOLYLINE
  5
4D3
330
17
100
AcDbEntity
  8
A-KRESKOWANIE
370
25
 48
0.05
100
AcDbPolyline
 90
2
 70
0
 10
0.046699141100893335
 20
5.35
 10
0.125
 20
5.428300858899107
  0
LWPOLYLINE
  5
4D4
330
17
100
AcDbEntity
  8
A-KRESKOWANIE
370
25
 48
0.05
100
AcDbPolyline
 90
2
 70
0
 10
-0.07136687607708847
 20
5.338
 10
-0.05303300858899096
 20
5.356333867488098
  0
LWPOLYLINE
  5
4D5
330
17
100
AcDbEntity
  8
A-KRESKOWANIE
370
25
 48
0.05
100
AcDbPolyline
 90
2
 70
0
 10
-0.01767766952966321
 20
5.391689206547426
 10
0.08838834764831871
 20
5.497755223725408
  0
LWPOLYLINE
  5
4D6
330
17
100
AcDbEntity
  8
A-KRESKOWANIE
370
25
 48
0.05
100
AcDbPolyline
 90
2
 70
0
 10
0.12374368670764602
 20
5.533110562784735
 10
0.125
 20
5.5343668760770885
  0
LWPOLYLINE
  5
4D7
330
17
100
AcDbEntity
  8
A-KRESKOWANIE
370
25
 48
0.05
100
AcDbPolyline
 90
2
 70
0
 10
-0.125
 20
5.3904328932550705
 10
0.125
 20
5.6404328932550705
  0
LWPOLYLINE
  5
4D8
330
17
100
AcDbEntity
  8
A-KRESKOWANIE
370
25
 48
0.05
100
AcDbPolyline
 90
2
 70
0
 10
-0.125
 20
5.496498910433053
 10
-0.08838834764831827
 20
5.533110562784735
  0
LWPOLYLINE
  5
4D9
330
17
100
AcDbEntity
  8
A-KRESKOWANIE
370
25
 48
0.05
100
AcDbPolyline
 90
2
 70
0
 10
-0.05303300858899096
 20
5.568465901844062
 10
0.053033008588991404
 20
5.674531919022044
  0
LWPOLYLINE
  5
4DA
330
17
100
AcDbEntity
  8
A-KRESKOWANIE
370
25
 48
0.05
100
AcDbPolyline
 90
2
 70
0
 10
0.08838834764831827
 20
5.7098872580813715
 10
0.125
 20
5.746498910433053
  0
LWPOLYLINE
  5
4DB
330
17
100
AcDbEntity
  8
A-KRESKOWANIE
370
25
 48
0.05
100
AcDbPolyline
 90
2
 70
0
 10
-0.125
 20
5.602564927611035
 10
0.125
 20
5.852564927611035
  0
LWPOLYLINE
  5
4DC
330
17
100
AcDbEntity
  8
A-KRESKOWANIE
370
25
 48
0.05
100
AcDbPolyline
 90
2
 70
0
 10
-0.125
 20
5.708630944789018
 10
-0.12374368670764602
 20
5.7098872580813715
  0
LWPOLYLINE
  5
4DD
330
17
100
AcDbEntity
  8
A-KRESKOWANIE
370
25
 48
0.05
100
AcDbPolyline
 90
2
 70
0
 10
-0.08838834764831871
 20
5.745242597140699
 10
0.017677669529663653
 20
5.851308614318682
  0
LWPOLYLINE
  5
4DE
330
17
100
AcDbEntity
  8
A-KRESKOWANIE
370
25
 48
0.05
100
AcDbPolyline
 90
2
 70
0
 10
0.05303300858899096
 20
5.886663953378009
 10
0.09636905521098153
 20
5.93
  0
LWPOLYLINE
  5
4DF
330
17
100
AcDbEntity
  8
A-KRESKOWANIE
370
25
 48
0.05
100
AcDbPolyline
 90
2
 70
0
 10
-0.125
 20
5.814696961967
 10
-0.009696961967000307
 20
5.93
  0
LWPOLYLINE
  5
4E0
330
17
100
AcDbEntity
  8
A-KRESKOWANIE
370
25
 48
0.05
100
AcDbPolyline
 90
2
 70
0
 10
-0.12374368670764557
 20
5.922019292437335
 10
-0.11576297914498121
 20
5.93
  0
LWPOLYLINE
  5
4E1
330
17
100
AcDbEntity
  8
A-KRESKOWANIE
370
25
 48
0.05
100
AcDbPolyline
 90
2
 70
0
 10
-5.030687219636733
 20
2.5
 10
-5.0
 20
2.5306872196367327
  0
LWPOLYLINE
  5
4E2
330
17
100
AcDbEntity
  8
A-KRESKOWANIE
370
25
 48
0.05
100
AcDbPolyline
 90
2
 70
0
 10
-5.136753236814714
 20
2.5
 10
-5.0
 20
2.636753236814714
  0
LWPOLYLINE
  5
4E3
330
17
100
AcDbEntity
  8
A-KRESKOWANIE
370
25
 48
0.05
100
AcDbPolyline
 90
2
 70
0
 10
-5.2149125112507875
 20
2.5279067427419086
 10
-5.1088464940728056
 20
2.6339727599198905
  0
LWPOLYLINE
  5
4E4
330
17
100
AcDbEntity
  8
A-KRESKOWANIE
370
25
 48
0.05
100
AcDbPolyline
 90
2
 70
0
 10
-5.073491155013478
 20
2.669328098979218
 10
-5.0
 20
2.742819253992696
  0
LWPOLYLINE
  5
4E5
330
17
100
AcDbEntity
  8
A-KRESKOWANIE
370
25
 48
0.05
100
AcDbPolyline
 90
2
 70
0
 10
-5.25
 20
2.598885271170678
 10
-5.068885271170679
 20
2.78
  0
LWPOLYLINE
  5
4E6
330
17
100
AcDbEntity
  8
A-KRESKOWANIE
370
25
 48
0.05
100
AcDbPolyline
 90
2
 70
0
 10
-5.25
 20
2.704951288348661
 10
-5.174951288348661
 20
2.78
  0
LWPOLYLINE
  5
4E7
330
17
100
AcDbEntity
  8
A-KRESKOWANIE
370
25
 48
0.05
100
AcDbPolyline
 90
2
 70
0
 10
-5.25
 20
2.8110173055266428
 10
-5.23
 20
2.8310173055266423
  0
LWPOLYLINE
  5
4E8
330
17
100
AcDbEntity
  8
A-KRESKOWANIE
370
25
 48
0.05
100
AcDbPolyline
 90
2
 70
0
 10
-5.25
 20
2.917083322704626
 10
-5.23
 20
2.937083322704626
  0
LWPOLYLINE
  5
4E9
330
17
100
AcDbEntity
  8
A-KRESKOWANIE
370
25
 48
0.05
100
AcDbPolyline
 90
2
 70
0
 10
-5.062667734976196
 20
5.65
 10
-5.038135815954151
 20
5.674531919022045
  0
LWPOLYLINE
  5
4EA
330
17
100
AcDbEntity
  8
A-KRESKOWANIE
370
25
 48
0.05
100
AcDbPolyline
 90
2
 70
0
 10
-5.002780476894824
 20
5.709887258081372
 10
-5.0
 20
5.712667734976196
  0
LWPOLYLINE
  5
4EB
330
17
100
AcDbEntity
  8
A-KRESKOWANIE
370
25
 48
0.05
100
AcDbPolyline
 90
2
 70
0
 10
-5.168733752154178
 20
5.65
 10
-5.0
 20
5.818733752154178
  0
LWPOLYLINE
  5
4EC
330
17
100
AcDbEntity
  8
A-KRESKOWANIE
370
25
 48
0.05
100
AcDbPolyline
 90
2
 70
0
 10
-5.25
 20
5.674799769332162
 10
-5.214912511250788
 20
5.709887258081373
  0
LWPOLYLINE
  5
4ED
330
17
100
AcDbEntity
  8
A-KRESKOWANIE
370
25
 48
0.05
100
AcDbPolyline
 90
2
 70
0
 10
-5.179557172191461
 20
5.745242597140701
 10
-5.073491155013479
 20
5.8513086143186825
  0
LWPOLYLINE
  5
4EE
330
17
100
AcDbEntity
  8
A-KRESKOWANIE
370
25
 48
0.05
100
AcDbPolyline
 90
2
 70
0
 10
-5.038135815954152
 20
5.88666395337801
 10
-5.0
 20
5.924799769332162
  0
LWPOLYLINE
  5
4EF
330
17
100
AcDbEntity
  8
A-KRESKOWANIE
370
25
 48
0.05
100
AcDbPolyline
 90
2
 70
0
 10
-5.25
 20
5.780865786510142
 10
-5.100865786510142
 20
5.93
  0
LWPOLYLINE
  5
4F0
330
17
100
AcDbEntity
  8
A-KRESKOWANIE
370
25
 48
0.05
100
AcDbPolyline
 90
2
 70
0
 10
-5.214912511250788
 20
5.922019292437337
 10
-5.206931803688126
 20
5.93
  0
LWPOLYLINE
  5
4F1
330
17
100
AcDbEntity
  8
A-KRESKOWANIE
370
25
 48
0.05
100
AcDbPolyline
 90
2
 70
0
 10
-5.25
 20
5.992997820866107
 10
-5.23
 20
6.012997820866107
  0
LWPOLYLINE
  5
4F2
330
17
100
AcDbEntity
  8
A-KRESKOWANIE
370
25
 48
0.05
100
AcDbPolyline
 90
2
 70
0
 10
-5.25
 20
6.099063838044088
 10
-5.23
 20
6.119063838044087
  0
LWPOLYLINE
  5
4F3
330
17
100
AcDbEntity
  8
A-KRESKOWANIE
370
25
 48
0.05
100
AcDbPolyline
 90
2
 70
0
 10
-8.706826817189071
 20
8.688
 10
-8.645
 20
8.749826817189073
  0
LWPOLYLINE
  5
4F4
330
17
100
AcDbEntity
  8
A-KRESKOWANIE
370
25
 48
0.05
100
AcDbPolyline
 90
2
 70
0
 10
-8.800892834367053
 20
8.7
 10
-8.715091078124198
 20
8.785801756242854
  0
LWPOLYLINE
  5
4F5
330
17
100
AcDbEntity
  8
A-KRESKOWANIE
370
25
 48
0.05
100
AcDbPolyline
 90
2
 70
0
 10
-8.67973573906487
 20
8.821157095302182
 10
-8.645
 20
8.855892834367053
  0
LWPOLYLINE
  5
4F6
330
17
100
AcDbEntity
  8
A-KRESKOWANIE
370
25
 48
0.05
100
AcDbPolyline
 90
2
 70
0
 10
-8.84
 20
8.766958851545036
 10
-8.666958851545036
 20
8.94
  0
LWPOLYLINE
  5
4F7
330
17
100
AcDbEntity
  8
A-KRESKOWANIE
370
25
 48
0.05
100
AcDbPolyline
 90
2
 70
0
 10
-8.66
 20
8.946958851545036
 10
-8.645
 20
8.961958851545036
  0
LWPOLYLINE
  5
4F8
330
17
100
AcDbEntity
  8
A-KRESKOWANIE
370
25
 48
0.05
100
AcDbPolyline
 90
2
 70
0
 10
-8.84
 20
8.87302486872302
 10
-8.77302486872302
 20
8.94
  0
LWPOLYLINE
  5
4F9
330
17
100
AcDbEntity
  8
A-KRESKOWANIE
370
25
 48
0.05
100
AcDbPolyline
 90
2
 70
0
 10
-8.66
 20
9.05302486872302
 10
-8.645
 20
9.06802486872302
  0
LWPOLYLINE
  5
4FA
330
17
100
AcDbEntity
  8
A-KRESKOWANIE
370
25
 48
0.05
100
AcDbPolyline
 90
2
 70
0
 10
0.02426406871192853
 20
-0.4
 10
0.1
 20
-0.3242640687119286
  0
LWPOLYLINE
  5
4FB
330
17
100
AcDbEntity
  8
A-KRESKOWANIE
370
25
 48
0.05
100
AcDbPolyline
 90
2
 70
0
 10
-0.0530330085889911
 20
-0.3712310601229375
 10
0.05303300858899106
 20
-0.26516504294495535
  0
LWPOLYLINE
  5
4FC
330
17
100
AcDbEntity
  8
A-KRESKOWANIE
370
25
 48
0.05
100
AcDbPolyline
 90
2
 70
0
 10
0.08838834764831845
 20
-0.229809703885628
 10
0.1
 20
-0.21819805153394645
  0
LWPOLYLINE
  5
4FD
330
17
100
AcDbEntity
  8
A-KRESKOWANIE
370
25
 48
0.05
100
AcDbPolyline
 90
2
 70
0
 10
-0.1878679656440358
 20
-0.4
 10
0.06213203435596427
 20
-0.15000000000000002
  0
LWPOLYLINE
  5
4FE
330
17
100
AcDbEntity
  8
A-KRESKOWANIE
370
25
 48
0.05
100
AcDbPolyline
 90
2
 70
0
 10
-0.29393398282201794
 20
-0.4
 10
-0.2651650429449554
 20
-0.3712310601229375
  0
LWPOLYLINE
  5
4FF
330
17
100
AcDbEntity
  8
A-KRESKOWANIE
370
25
 48
0.05
100
AcDbPolyline
 90
2
 70
0
 10
-0.229809703885628
 20
-0.3358757210636101
 10
-0.12374368670764582
 20
-0.22980970388562794
  0
LWPOLYLINE
  5
500
330
17
100
AcDbEntity
  8
A-KRESKOWANIE
370
25
 48
0.05
100
AcDbPolyline
 90
2
 70
0
 10
-0.08838834764831846
 20
-0.19445436482630057
 10
-0.0439339828220179
 20
-0.15000000000000002
  0
LWPOLYLINE
  5
501
330
17
100
AcDbEntity
  8
A-KRESKOWANIE
370
25
 48
0.05
100
AcDbPolyline
 90
2
 70
0
 10
-0.4000000000000001
 20
-0.4
 10
-0.15000000000000005
 20
-0.15000000000000002
  0
LWPOLYLINE
  5
502
330
17
100
AcDbEntity
  8
A-KRESKOWANIE
370
25
 48
0.05
100
AcDbPolyline
 90
2
 70
0
 10
-0.5060660171779822
 20
-0.4
 10
-0.4419417382415923
 20
-0.3358757210636101
  0
LWPOLYLINE
  5
503
330
17
100
AcDbEntity
  8
A-KRESKOWANIE
370
25
 48
0.05
100
AcDbPolyline
 90
2
 70
0
 10
-0.4065863991822649
 20
-0.3005203820042827
 10
-0.30052038200428277
 20
-0.1944543648263006
  0
LWPOLYLINE
  5
504
330
17
100
AcDbEntity
  8
A-KRESKOWANIE
370
25
 48
0.05
100
AcDbPolyline
 90
2
 70
0
 10
-0.26516504294495535
 20
-0.1590990257669732
 10
-0.25606601717798216
 20
-0.15000000000000002
  0
LWPOLYLINE
  5
505
330
17
100
AcDbEntity
  8
A-KRESKOWANIE
370
25
 48
0.05
100
AcDbPolyline
 90
2
 70
0
 10
-0.6121320343559643
 20
-0.4
 10
-0.3621320343559643
 20
-0.15000000000000002
  0
LWPOLYLINE
  5
506
330
17
100
AcDbEntity
  8
A-KRESKOWANIE
370
25
 48
0.05
100
AcDbPolyline
 90
2
 70
0
 10
-0.7181980515339466
 20
-0.4
 10
-0.6187184335382292
 20
-0.30052038200428266
  0
LWPOLYLINE
  5
507
330
17
100
AcDbEntity
  8
A-KRESKOWANIE
370
25
 48
0.05
100
AcDbPolyline
 90
2
 70
0
 10
-0.5833630944789019
 20
-0.26516504294495535
 10
-0.4772970773009197
 20
-0.15909902576697318
  0
LWPOLYLINE
  5
508
330
17
100
AcDbEntity
  8
A-KRESKOWANIE
370
25
 48
0.05
100
AcDbPolyline
 90
2
 70
0
 10
-0.8242640687119287
 20
-0.4
 10
-0.5742640687119287
 20
-0.15000000000000002
  0
LWPOLYLINE
  5
509
330
17
100
AcDbEntity
  8
A-KRESKOWANIE
370
25
 48
0.05
100
AcDbPolyline
 90
2
 70
0
 10
-0.9015611460128482
 20
-0.3712310601229374
 10
-0.7954951288348661
 20
-0.26516504294495524
  0
LWPOLYLINE
  5
50A
330
17
100
AcDbEntity
  8
A-KRESKOWANIE
370
25
 48
0.05
100
AcDbPolyline
 90
2
 70
0
 10
-0.7601397897755386
 20
-0.22980970388562794
 10
-0.6803300858899107
 20
-0.15000000000000002
  0
LWPOLYLINE
  5
50B
330
17
100
AcDbEntity
  8
A-KRESKOWANIE
370
25
 48
0.05
100
AcDbPolyline
 90
2
 70
0
 10
-1.0363961030678932
 20
-0.4
 10
-0.7863961030678931
 20
-0.15000000000000002
  0
LWPOLYLINE
  5
50C
330
17
100
AcDbEntity
  8
A-KRESKOWANIE
370
25
 48
0.05
100
AcDbPolyline
 90
2
 70
0
 10
-1.1424621202458751
 20
-0.4
 10
-1.1136931803688126
 20
-0.37123106012293744
  0
LWPOLYLINE
  5
50D
330
17
100
AcDbEntity
  8
A-KRESKOWANIE
370
25
 48
0.05
100
AcDbPolyline
 90
2
 70
0
 10
-1.078337841309485
 20
-0.3358757210636099
 10
-0.9722718241315029
 20
-0.22980970388562777
  0
LWPOLYLINE
  5
50E
330
17
100
AcDbEntity
  8
A-KRESKOWANIE
370
25
 48
0.05
100
AcDbPolyline
 90
2
 70
0
 10
-0.9369164850721756
 20
-0.19445436482630046
 10
-0.8924621202458752
 20
-0.15000000000000002
  0
LWPOLYLINE
  5
50F
330
17
100
AcDbEntity
  8
A-KRESKOWANIE
370
25
 48
0.05
100
AcDbPolyline
 90
2
 70
0
 10
-1.2485281374238573
 20
-0.4
 10
-0.9985281374238573
 20
-0.15000000000000002
  0
LWPOLYLINE
  5
510
330
17
100
AcDbEntity
  8
A-KRESKOWANIE
370
25
 48
0.05
100
AcDbPolyline
 90
2
 70
0
 10
-1.3545941546018394
 20
-0.4
 10
-1.2904698756654491
 20
-0.33587572106360986
  0
LWPOLYLINE
  5
511
330
17
100
AcDbEntity
  8
A-KRESKOWANIE
370
25
 48
0.05
100
AcDbPolyline
 90
2
 70
0
 10
-1.255114536606122
 20
-0.30052038200428266
 10
-1.14904851942814
 20
-0.19445436482630052
  0
LWPOLYLINE
  5
512
330
17
100
AcDbEntity
  8
A-KRESKOWANIE
370
25
 48
0.05
100
AcDbPolyline
 90
2
 70
0
 10
-1.1136931803688124
 20
-0.1590990257669731
 10
-1.1045941546018394
 20
-0.15000000000000002
  0
LWPOLYLINE
  5
513
330
17
100
AcDbEntity
  8
A-KRESKOWANIE
370
25
 48
0.05
100
AcDbPolyline
 90
2
 70
0
 10
-1.4606601717798215
 20
-0.4
 10
-1.2106601717798215
 20
-0.15000000000000002
  0
LWPOLYLINE
  5
514
330
17
100
AcDbEntity
  8
A-KRESKOWANIE
370
25
 48
0.05
100
AcDbPolyline
 90
2
 70
0
 10
-1.566726188957804
 20
-0.4
 10
-1.4672465709620863
 20
-0.30052038200428244
  0
LWPOLYLINE
  5
515
330
17
100
AcDbEntity
  8
A-KRESKOWANIE
370
25
 48
0.05
100
AcDbPolyline
 90
2
 70
0
 10
-1.431891231902759
 20
-0.26516504294495524
 10
-1.3258252147247769
 20
-0.1590990257669731
  0
LWPOLYLINE
  5
516
330
17
100
AcDbEntity
  8
A-KRESKOWANIE
370
25
 48
0.05
100
AcDbPolyline
 90
2
 70
0
 10
-1.6727922061357863
 20
-0.4
 10
-1.422792206135786
 20
-0.15000000000000002
  0
LWPOLYLINE
  5
517
330
17
100
AcDbEntity
  8
A-KRESKOWANIE
370
25
 48
0.05
100
AcDbPolyline
 90
2
 70
0
 10
-1.7500892834367052
 20
-0.3712310601229373
 10
-1.644023266258723
 20
-0.26516504294495524
  0
LWPOLYLINE
  5
518
330
17
100
AcDbEntity
  8
A-KRESKOWANIE
370
25
 48
0.05
100
AcDbPolyline
 90
2
 70
0
 10
-1.6086679271993956
 20
-0.22980970388562783
 10
-1.5288582233137678
 20
-0.15000000000000002
  0
LWPOLYLINE
  5
519
330
17
100
AcDbEntity
  8
A-KRESKOWANIE
370
25
 48
0.05
100
AcDbPolyline
 90
2
 70
0
 10
-1.8849242404917503
 20
-0.4
 10
-1.6349242404917503
 20
-0.15000000000000002
  0
LWPOLYLINE
  5
51A
330
17
100
AcDbEntity
  8
A-KRESKOWANIE
370
25
 48
0.05
100
AcDbPolyline
 90
2
 70
0
 10
-1.9909902576697325
 20
-0.4
 10
-1.9622213177926695
 20
-0.37123106012293716
  0
LWPOLYLINE
  5
51B
330
17
100
AcDbEntity
  8
A-KRESKOWANIE
370
25
 48
0.05
100
AcDbPolyline
 90
2
 70
0
 10
-1.9268659787333422
 20
-0.33587572106360986
 10
-1.8207999615553603
 20
-0.22980970388562771
  0
LWPOLYLINE
  5
51C
330
17
100
AcDbEntity
  8
A-KRESKOWANIE
370
25
 48
0.05
100
AcDbPolyline
 90
2
 70
0
 10
-1.7854446224960328
 20
-0.1944543648263004
 10
-1.7409902576697325
 20
-0.15000000000000002
  0
LWPOLYLINE
  5
51D
330
17
100
AcDbEntity
  8
A-KRESKOWANIE
370
25
 48
0.05
100
AcDbPolyline
 90
2
 70
0
 10
-2.0970562748477146
 20
-0.4
 10
-1.8470562748477146
 20
-0.15000000000000002
  0
LWPOLYLINE
  5
51E
330
17
100
AcDbEntity
  8
A-KRESKOWANIE
370
25
 48
0.05
100
AcDbPolyline
 90
2
 70
0
 10
-2.2031222920256965
 20
-0.4
 10
-2.1389980130893065
 20
-0.33587572106360974
  0
LWPOLYLINE
  5
51F
330
17
100
AcDbEntity
  8
A-KRESKOWANIE
370
25
 48
0.05
100
AcDbPolyline
 90
2
 70
0
 10
-2.103642674029979
 20
-0.30052038200428244
 10
-1.9975766568519968
 20
-0.1944543648263003
  0
LWPOLYLINE
  5
520
330
17
100
AcDbEntity
  8
A-KRESKOWANIE
370
25
 48
0.05
100
AcDbPolyline
 90
2
 70
0
 10
-1.9622213177926695
 20
-0.159099025766973
 10
-1.9531222920256965
 20
-0.15000000000000002
  0
LWPOLYLINE
  5
521
330
17
100
AcDbEntity
  8
A-KRESKOWANIE
370
25
 48
0.05
100
AcDbPolyline
 90
2
 70
0
 10
-2.3091883092036785
 20
-0.4
 10
-2.0591883092036785
 20
-0.15000000000000002
  0
LWPOLYLINE
  5
522
330
17
100
AcDbEntity
  8
A-KRESKOWANIE
370
25
 48
0.05
100
AcDbPolyline
 90
2
 70
0
 10
-2.415254326381661
 20
-0.4
 10
-2.315774708385943
 20
-0.3005203820042823
  0
LWPOLYLINE
  5
523
330
17
100
AcDbEntity
  8
A-KRESKOWANIE
370
25
 48
0.05
100
AcDbPolyline
 90
2
 70
0
 10
-2.2804193693266157
 20
-0.265165042944955
 10
-2.174353352148634
 20
-0.15909902576697288
  0
LWPOLYLINE
  5
524
330
17
100
AcDbEntity
  8
A-KRESKOWANIE
370
25
 48
0.05
100
AcDbPolyline
 90
2
 70
0
 10
-2.521320343559643
 20
-0.4
 10
-2.271320343559643
 20
-0.15000000000000002
  0
LWPOLYLINE
  5
525
330
17
100
AcDbEntity
  8
A-KRESKOWANIE
370
25
 48
0.05
100
AcDbPolyline
 90
2
 70
0
 10
-2.5986174208605624
 20
-0.37123106012293716
 10
-2.4925514036825804
 20
-0.265165042944955
  0
LWPOLYLINE
  5
526
330
17
100
AcDbEntity
  8
A-KRESKOWANIE
370
25
 48
0.05
100
AcDbPolyline
 90
2
 70
0
 10
-2.4571960646232527
 20
-0.2298097038856275
 10
-2.377386360737625
 20
-0.15000000000000002
  0
LWPOLYLINE
  5
527
330
17
100
AcDbEntity
  8
A-KRESKOWANIE
370
25
 48
0.05
100
AcDbPolyline
 90
2
 70
0
 10
-2.733452377915608
 20
-0.4
 10
-2.4834523779156075
 20
-0.15000000000000002
  0
LWPOLYLINE
  5
528
330
17
100
AcDbEntity
  8
A-KRESKOWANIE
370
25
 48
0.05
100
AcDbPolyline
 90
2
 70
0
 10
-2.83951839509359
 20
-0.4
 10
-2.810749455216527
 20
-0.3712310601229374
  0
LWPOLYLINE
  5
529
330
17
100
AcDbEntity
  8
A-KRESKOWANIE
370
25
 48
0.05
100
AcDbPolyline
 90
2
 70
0
 10
-2.7753941161571993
 20
-0.33587572106360986
 10
-2.669328098979217
 20
-0.22980970388562771
  0
LWPOLYLINE
  5
52A
330
17
100
AcDbEntity
  8
A-KRESKOWANIE
370
25
 48
0.05
100
AcDbPolyline
 90
2
 70
0
 10
-2.6339727599198897
 20
-0.19445436482630019
 10
-2.5895183950935894
 20
-0.15000000000000002
  0
LWPOLYLINE
  5
52B
330
17
100
AcDbEntity
  8
A-KRESKOWANIE
370
25
 48
0.05
100
AcDbPolyline
 90
2
 70
0
 10
-2.9455844122715718
 20
-0.4
 10
-2.6955844122715718
 20
-0.15000000000000002
  0
LWPOLYLINE
  5
52C
330
17
100
AcDbEntity
  8
A-KRESKOWANIE
370
25
 48
0.05
100
AcDbPolyline
 90
2
 70
0
 10
-3.0516504294495537
 20
-0.4
 10
-2.9875261505131636
 20
-0.33587572106360963
  0
LWPOLYLINE
  5
52D
330
17
100
AcDbEntity
  8
A-KRESKOWANIE
370
25
 48
0.05
100
AcDbPolyline
 90
2
 70
0
 10
-2.9521708114538363
 20
-0.30052038200428255
 10
-2.8461047942758544
 20
-0.1944543648263004
  0
LWPOLYLINE
  5
52E
330
17
100
AcDbEntity
  8
A-KRESKOWANIE
370
25
 48
0.05
100
AcDbPolyline
 90
2
 70
0
 10
-2.8107494552165266
 20
-0.15909902576697288
 10
-2.8016504294495537
 20
-0.15000000000000002
  0
LWPOLYLINE
  5
52F
330
17
100
AcDbEntity
  8
A-KRESKOWANIE
370
25
 48
0.05
100
AcDbPolyline
 90
2
 70
0
 10
-3.1577164466275356
 20
-0.4
 10
-2.9077164466275356
 20
-0.15000000000000002
  0
LWPOLYLINE
  5
530
330
17
100
AcDbEntity
  8
A-KRESKOWANIE
370
25
 48
0.05
100
AcDbPolyline
 90
2
 70
0
 10
-3.263782463805518
 20
-0.4
 10
-3.1643028458098
 20
-0.3005203820042823
  0
LWPOLYLINE
  5
531
330
17
100
AcDbEntity
  8
A-KRESKOWANIE
370
25
 48
0.05
100
AcDbPolyline
 90
2
 70
0
 10
-3.1289475067504733
 20
-0.26516504294495524
 10
-3.022881489572491
 20
-0.1590990257669731
  0
LWPOLYLINE
  5
532
330
17
100
AcDbEntity
  8
A-KRESKOWANIE
370
25
 48
0.05
100
AcDbPolyline
 90
2
 70
0
 10
-3.3698484809835008
 20
-0.4
 10
-3.1198484809835008
 20
-0.15000000000000002
  0
LWPOLYLINE
  5
533
330
17
100
AcDbEntity
  8
A-KRESKOWANIE
370
25
 48
0.05
100
AcDbPolyline
 90
2
 70
0
 10
-3.4471455582844195
 20
-0.37123106012293716
 10
-3.3410795411064376
 20
-0.265165042944955
  0
LWPOLYLINE
  5
534
330
17
100
AcDbEntity
  8
A-KRESKOWANIE
370
25
 48
0.05
100
AcDbPolyline
 90
2
 70
0
 10
-3.30572420204711
 20
-0.2298097038856275
 10
-3.2259144981614827
 20
-0.15000000000000002
  0
LWPOLYLINE
  5
535
330
17
100
AcDbEntity
  8
A-KRESKOWANIE
370
25
 48
0.05
100
AcDbPolyline
 90
2
 70
0
 10
-3.581980515339465
 20
-0.4
 10
-3.331980515339465
 20
-0.15000000000000002
  0
LWPOLYLINE
  5
536
330
17
100
AcDbEntity
  8
A-KRESKOWANIE
370
25
 48
0.05
100
AcDbPolyline
 90
2
 70
0
 10
-3.6880465325174465
 20
-0.4
 10
-3.6592775926403833
 20
-0.37123106012293716
  0
LWPOLYLINE
  5
537
330
17
100
AcDbEntity
  8
A-KRESKOWANIE
370
25
 48
0.05
100
AcDbPolyline
 90
2
 70
0
 10
-3.6239222535810565
 20
-0.33587572106360986
 10
-3.517856236403074
 20
-0.22980970388562771
  0
LWPOLYLINE
  5
538
330
17
100
AcDbEntity
  8
A-KRESKOWANIE
370
25
 48
0.05
100
AcDbPolyline
 90
2
 70
0
 10
-3.482500897343747
 20
-0.19445436482630019
 10
-3.4380465325174465
 20
-0.15000000000000002
  0
LWPOLYLINE
  5
539
330
17
100
AcDbEntity
  8
A-KRESKOWANIE
370
25
 48
0.05
100
AcDbPolyline
 90
2
 70
0
 10
-3.794112549695429
 20
-0.4
 10
-3.544112549695429
 20
-0.15000000000000002
  0
LWPOLYLINE
  5
53A
330
17
100
AcDbEntity
  8
A-KRESKOWANIE
370
25
 48
0.05
100
AcDbPolyline
 90
2
 70
0
 10
-3.9001785668734112
 20
-0.4
 10
-3.8360542879370207
 20
-0.3358757210636094
  0
LWPOLYLINE
  5
53B
330
17
100
AcDbEntity
  8
A-KRESKOWANIE
370
25
 48
0.05
100
AcDbPolyline
 90
2
 70
0
 10
-3.8006989488776934
 20
-0.3005203820042821
 10
-3.6946329316997115
 20
-0.19445436482629974
  0
LWPOLYLINE
  5
53C
330
17
100
AcDbEntity
  8
A-KRESKOWANIE
370
25
 48
0.05
100
AcDbPolyline
 90
2
 70
0
 10
-3.659277592640384
 20
-0.15909902576697266
 10
-3.6501785668734117
 20
-0.15000000000000002
  0
LWPOLYLINE
  5
53D
330
17
100
AcDbEntity
  8
A-KRESKOWANIE
370
25
 48
0.05
100
AcDbPolyline
 90
2
 70
0
 10
-4.006244584051393
 20
-0.4
 10
-3.7562445840513927
 20
-0.15000000000000002
  0
LWPOLYLINE
  5
53E
330
17
100
AcDbEntity
  8
A-KRESKOWANIE
370
25
 48
0.05
100
AcDbPolyline
 90
2
 70
0
 10
-4.1123106012293755
 20
-0.4
 10
-4.012830983233657
 20
-0.30052038200428255
  0
LWPOLYLINE
  5
53F
330
17
100
AcDbEntity
  8
A-KRESKOWANIE
370
25
 48
0.05
100
AcDbPolyline
 90
2
 70
0
 10
-3.97747564417433
 20
-0.2651650429449548
 10
-3.871409626996348
 20
-0.15909902576697288
  0
LWPOLYLINE
  5
540
330
17
100
AcDbEntity
  8
A-KRESKOWANIE
370
25
 48
0.05
100
AcDbPolyline
 90
2
 70
0
 10
-4.2183766184073574
 20
-0.4
 10
-3.968376618407357
 20
-0.15000000000000002
  0
LWPOLYLINE
  5
541
330
17
100
AcDbEntity
  8
A-KRESKOWANIE
370
25
 48
0.05
100
AcDbPolyline
 90
2
 70
0
 10
-4.295673695708277
 20
-0.37123106012293694
 10
-4.189607678530295
 20
-0.265165042944955
  0
LWPOLYLINE
  5
542
330
17
100
AcDbEntity
  8
A-KRESKOWANIE
370
25
 48
0.05
100
AcDbPolyline
 90
2
 70
0
 10
-4.1542523394709665
 20
-0.22980970388562727
 10
-4.074442635585339
 20
-0.15000000000000002
  0
LWPOLYLINE
  5
543
330
17
100
AcDbEntity
  8
A-KRESKOWANIE
370
25
 48
0.05
100
AcDbPolyline
 90
2
 70
0
 10
-4.430508652763321
 20
-0.4
 10
-4.180508652763321
 20
-0.15000000000000002
  0
LWPOLYLINE
  5
544
330
17
100
AcDbEntity
  8
A-KRESKOWANIE
370
25
 48
0.05
100
AcDbPolyline
 90
2
 70
0
 10
-4.536574669941303
 20
-0.4
 10
-4.5078057300642405
 20
-0.37123106012293716
  0
LWPOLYLINE
  5
545
330
17
100
AcDbEntity
  8
A-KRESKOWANIE
370
25
 48
0.05
100
AcDbPolyline
 90
2
 70
0
 10
-4.472450391004914
 20
-0.33587572106360986
 10
-4.366384373826931
 20
-0.2298097038856275
  0
LWPOLYLINE
  5
546
330
17
100
AcDbEntity
  8
A-KRESKOWANIE
370
25
 48
0.05
100
AcDbPolyline
 90
2
 70
0
 10
-4.331029034767604
 20
-0.19445436482630019
 10
-4.286574669941303
 20
-0.15000000000000002
  0
LWPOLYLINE
  5
547
330
17
100
AcDbEntity
  8
A-KRESKOWANIE
370
25
 48
0.05
100
AcDbPolyline
 90
2
 70
0
 10
-4.642640687119286
 20
-0.4
 10
-4.392640687119286
 20
-0.15000000000000002
  0
LWPOLYLINE
  5
548
330
17
100
AcDbEntity
  8
A-KRESKOWANIE
370
25
 48
0.05
100
AcDbPolyline
 90
2
 70
0
 10
-4.748706704297269
 20
-0.4
 10
-4.684582425360878
 20
-0.3358757210636094
  0
LWPOLYLINE
  5
549
330
17
100
AcDbEntity
  8
A-KRESKOWANIE
370
25
 48
0.05
100
AcDbPolyline
 90
2
 70
0
 10
-4.649227086301551
 20
-0.30052038200428166
 10
-4.543161069123569
 20
-0.19445436482629974
  0
LWPOLYLINE
  5
54A
330
17
100
AcDbEntity
  8
A-KRESKOWANIE
370
25
 48
0.05
100
AcDbPolyline
 90
2
 70
0
 10
-4.507805730064241
 20
-0.15909902576697244
 10
-4.498706704297269
 20
-0.15000000000000002
  0
LWPOLYLINE
  5
54B
330
17
100
AcDbEntity
  8
A-KRESKOWANIE
370
25
 48
0.05
100
AcDbPolyline
 90
2
 70
0
 10
-4.854772721475251
 20
-0.4
 10
-4.604772721475251
 20
-0.15000000000000002
  0
LWPOLYLINE
  5
54C
330
17
100
AcDbEntity
  8
A-KRESKOWANIE
370
25
 48
0.05
100
AcDbPolyline
 90
2
 70
0
 10
-4.960838738653233
 20
-0.4
 10
-4.861359120657514
 20
-0.30052038200428255
  0
LWPOLYLINE
  5
54D
330
17
100
AcDbEntity
  8
A-KRESKOWANIE
370
25
 48
0.05
100
AcDbPolyline
 90
2
 70
0
 10
-4.826003781598187
 20
-0.2651650429449548
 10
-4.719937764420205
 20
-0.15909902576697288
  0
LWPOLYLINE
  5
54E
330
17
100
AcDbEntity
  8
A-KRESKOWANIE
370
25
 48
0.05
100
AcDbPolyline
 90
2
 70
0
 10
-5.0669047558312155
 20
-0.4
 10
-4.8169047558312155
 20
-0.15000000000000002
  0
LWPOLYLINE
  5
54F
330
17
100
AcDbEntity
  8
A-KRESKOWANIE
370
25
 48
0.05
100
AcDbPolyline
 90
2
 70
0
 10
-5.144201833132134
 20
-0.3712310601229367
 10
-5.038135815954151
 20
-0.26516504294495435
  0
LWPOLYLINE
  5
550
330
17
100
AcDbEntity
  8
A-KRESKOWANIE
370
25
 48
0.05
100
AcDbPolyline
 90
2
 70
0
 10
-5.002780476894824
 20
-0.22980970388562705
 10
-4.9229707730091965
 20
-0.15000000000000002
  0
LWPOLYLINE
  5
551
330
17
100
AcDbEntity
  8
A-KRESKOWANIE
370
25
 48
0.05
100
AcDbPolyline
 90
2
 70
0
 10
-5.279036790187179
 20
-0.4
 10
-5.029036790187179
 20
-0.15000000000000002
  0
LWPOLYLINE
  5
552
330
17
100
AcDbEntity
  8
A-KRESKOWANIE
370
25
 48
0.05
100
AcDbPolyline
 90
2
 70
0
 10
-5.385102807365161
 20
-0.4
 10
-5.356333867488098
 20
-0.3712310601229367
  0
LWPOLYLINE
  5
553
330
17
100
AcDbEntity
  8
A-KRESKOWANIE
370
25
 48
0.05
100
AcDbPolyline
 90
2
 70
0
 10
-5.32097852842877
 20
-0.3358757210636094
 10
-5.214912511250788
 20
-0.2298097038856275
  0
LWPOLYLINE
  5
554
330
17
100
AcDbEntity
  8
A-KRESKOWANIE
370
25
 48
0.05
100
AcDbPolyline
 90
2
 70
0
 10
-5.179557172191461
 20
-0.19445436482630019
 10
-5.13510280736516
 20
-0.15000000000000002
  0
LWPOLYLINE
  5
555
330
17
100
AcDbEntity
  8
A-KRESKOWANIE
370
25
 48
0.05
100
AcDbPolyline
 90
2
 70
0
 10
-5.491168824543144
 20
-0.4
 10
-5.241168824543144
 20
-0.15000000000000002
  0
LWPOLYLINE
  5
556
330
17
100
AcDbEntity
  8
A-KRESKOWANIE
370
25
 48
0.05
100
AcDbPolyline
 90
2
 70
0
 10
-5.597234841721125
 20
-0.4
 10
-5.533110562784735
 20
-0.3358757210636094
  0
LWPOLYLINE
  5
557
330
17
100
AcDbEntity
  8
A-KRESKOWANIE
370
25
 48
0.05
100
AcDbPolyline
 90
2
 70
0
 10
-5.497755223725408
 20
-0.3005203820042821
 10
-5.391689206547426
 20
-0.19445436482630019
  0
LWPOLYLINE
  5
558
330
17
100
AcDbEntity
  8
A-KRESKOWANIE
370
25
 48
0.05
100
AcDbPolyline
 90
2
 70
0
 10
-5.3563338674880985
 20
-0.15909902576697244
 10
-5.347234841721126
 20
-0.15000000000000002
  0
LWPOLYLINE
  5
559
330
17
100
AcDbEntity
  8
A-KRESKOWANIE
370
25
 48
0.05
100
AcDbPolyline
 90
2
 70
0
 10
-5.703300858899108
 20
-0.4
 10
-5.453300858899108
 20
-0.15000000000000002
  0
LWPOLYLINE
  5
55A
330
17
100
AcDbEntity
  8
A-KRESKOWANIE
370
25
 48
0.05
100
AcDbPolyline
 90
2
 70
0
 10
-5.809366876077089
 20
-0.4
 10
-5.7098872580813715
 20
-0.3005203820042821
  0
LWPOLYLINE
  5
55B
330
17
100
AcDbEntity
  8
A-KRESKOWANIE
370
25
 48
0.05
100
AcDbPolyline
 90
2
 70
0
 10
-5.674531919022044
 20
-0.2651650429449548
 10
-5.568465901844062
 20
-0.15909902576697244
  0
LWPOLYLINE
  5
55C
330
17
100
AcDbEntity
  8
A-KRESKOWANIE
370
25
 48
0.05
100
AcDbPolyline
 90
2
 70
0
 10
-5.915432893255072
 20
-0.4
 10
-5.665432893255072
 20
-0.15000000000000002
  0
LWPOLYLINE
  5
55D
330
17
100
AcDbEntity
  8
A-KRESKOWANIE
370
25
 48
0.05
100
AcDbPolyline
 90
2
 70
0
 10
-5.992729970555992
 20
-0.37123106012293716
 10
-5.886663953378009
 20
-0.2651650429449548
  0
LWPOLYLINE
  5
55E
330
17
100
AcDbEntity
  8
A-KRESKOWANIE
370
25
 48
0.05
100
AcDbPolyline
 90
2
 70
0
 10
-5.851308614318682
 20
-0.2298097038856275
 10
-5.771498910433054
 20
-0.15000000000000002
  0
LWPOLYLINE
  5
55F
330
17
100
AcDbEntity
  8
A-KRESKOWANIE
370
25
 48
0.05
100
AcDbPolyline
 90
2
 70
0
 10
-6.1275649276110356
 20
-0.4
 10
-5.8775649276110356
 20
-0.15000000000000002
  0
LWPOLYLINE
  5
560
330
17
100
AcDbEntity
  8
A-KRESKOWANIE
370
25
 48
0.05
100
AcDbPolyline
 90
2
 70
0
 10
-6.233630944789018
 20
-0.4
 10
-6.204862004911956
 20
-0.3712310601229367
  0
LWPOLYLINE
  5
561
330
17
100
AcDbEntity
  8
A-KRESKOWANIE
370
25
 48
0.05
100
AcDbPolyline
 90
2
 70
0
 10
-6.169506665852628
 20
-0.3358757210636094
 10
-6.063440648674646
 20
-0.22980970388562705
  0
LWPOLYLINE
  5
562
330
17
100
AcDbEntity
  8
A-KRESKOWANIE
370
25
 48
0.05
100
AcDbPolyline
 90
2
 70
0
 10
-6.028085309615319
 20
-0.19445436482629974
 10
-5.983630944789019
 20
-0.15000000000000002
  0
LWPOLYLINE
  5
563
330
17
100
AcDbEntity
  8
A-KRESKOWANIE
370
25
 48
0.05
100
AcDbPolyline
 90
2
 70
0
 10
-6.339696961967001
 20
-0.4
 10
-6.089696961967001
 20
-0.15000000000000002
  0
LWPOLYLINE
  5
564
330
17
100
AcDbEntity
  8
A-KRESKOWANIE
370
25
 48
0.05
100
AcDbPolyline
 90
2
 70
0
 10
-6.445762979144982
 20
-0.4
 10
-6.381638700208591
 20
-0.3358757210636094
  0
LWPOLYLINE
  5
565
330
17
100
AcDbEntity
  8
A-KRESKOWANIE
370
25
 48
0.05
100
AcDbPolyline
 90
2
 70
0
 10
-6.346283361149265
 20
-0.300520382004283
 10
-6.240217343971283
 20
-0.19445436482630063
  0
LWPOLYLINE
  5
566
330
17
100
AcDbEntity
  8
A-KRESKOWANIE
370
25
 48
0.05
100
AcDbPolyline
 90
2
 70
0
 10
-6.204862004911956
 20
-0.15909902576697332
 10
-6.195762979144982
 20
-0.15000000000000002
  0
LWPOLYLINE
  5
567
330
17
100
AcDbEntity
  8
A-KRESKOWANIE
370
25
 48
0.05
100
AcDbPolyline
 90
2
 70
0
 10
-6.551828996322965
 20
-0.4
 10
-6.301828996322965
 20
-0.15000000000000002
  0
LWPOLYLINE
  5
568
330
17
100
AcDbEntity
  8
A-KRESKOWANIE
370
25
 48
0.05
100
AcDbPolyline
 90
2
 70
0
 10
-6.657895013500947
 20
-0.4
 10
-6.558415395505229
 20
-0.3005203820042812
  0
LWPOLYLINE
  5
569
330
17
100
AcDbEntity
  8
A-KRESKOWANIE
370
25
 48
0.05
100
AcDbPolyline
 90
2
 70
0
 10
-6.523060056445901
 20
-0.2651650429449548
 10
-6.4169940392679194
 20
-0.15909902576697244
  0
LWPOLYLINE
  5
56A
330
17
100
AcDbEntity
  8
A-KRESKOWANIE
370
25
 48
0.05
100
AcDbPolyline
 90
2
 70
0
 10
-6.76396103067893
 20
-0.4
 10
-6.51396103067893
 20
-0.15000000000000002
  0
LWPOLYLINE
  5
56B
330
17
100
AcDbEntity
  8
A-KRESKOWANIE
370
25
 48
0.05
100
AcDbPolyline
 90
2
 70
0
 10
-6.841258107979848
 20
-0.3712310601229363
 10
-6.735192090801865
 20
-0.2651650429449539
  0
LWPOLYLINE
  5
56C
330
17
100
AcDbEntity
  8
A-KRESKOWANIE
370
25
 48
0.05
100
AcDbPolyline
 90
2
 70
0
 10
-6.699836751742538
 20
-0.2298097038856266
 10
-6.620027047856912
 20
-0.15000000000000002
  0
LWPOLYLINE
  5
56D
330
17
100
AcDbEntity
  8
A-KRESKOWANIE
370
25
 48
0.05
100
AcDbPolyline
 90
2
 70
0
 10
-6.976093065034894
 20
-0.4
 10
-6.726093065034894
 20
-0.15000000000000002
  0
LWPOLYLINE
  5
56E
330
17
100
AcDbEntity
  8
A-KRESKOWANIE
370
25
 48
0.05
100
AcDbPolyline
 90
2
 70
0
 10
-7.0821590822128755
 20
-0.4
 10
-7.053390142335812
 20
-0.3712310601229367
  0
LWPOLYLINE
  5
56F
330
17
100
AcDbEntity
  8
A-KRESKOWANIE
370
25
 48
0.05
100
AcDbPolyline
 90
2
 70
0
 10
-7.0180348032764845
 20
-0.3358757210636094
 10
-6.911968786098502
 20
-0.22980970388562705
  0
LWPOLYLINE
  5
570
330
17
100
AcDbEntity
  8
A-KRESKOWANIE
370
25
 48
0.05
100
AcDbPolyline
 90
2
 70
0
 10
-6.876613447039174
 20
-0.19445436482629974
 10
-6.832159082212875
 20
-0.15000000000000002
  0
LWPOLYLINE
  5
571
330
17
100
AcDbEntity
  8
A-KRESKOWANIE
370
25
 48
0.05
100
AcDbPolyline
 90
2
 70
0
 10
-7.188225099390858
 20
-0.4
 10
-6.938225099390858
 20
-0.15000000000000002
  0
LWPOLYLINE
  5
572
330
17
100
AcDbEntity
  8
A-KRESKOWANIE
370
25
 48
0.05
100
AcDbPolyline
 90
2
 70
0
 10
-7.294291116568839
 20
-0.4
 10
-7.230166837632449
 20
-0.3358757210636094
  0
LWPOLYLINE
  5
573
330
17
100
AcDbEntity
  8
A-KRESKOWANIE
370
25
 48
0.05
100
AcDbPolyline
 90
2
 70
0
 10
-7.194811498573122
 20
-0.3005203820042821
 10
-7.08874548139514
 20
-0.19445436482629974
  0
LWPOLYLINE
  5
574
330
17
100
AcDbEntity
  8
A-KRESKOWANIE
370
25
 48
0.05
100
AcDbPolyline
 90
2
 70
0
 10
-7.053390142335813
 20
-0.15909902576697244
 10
-7.04429111656884
 20
-0.15000000000000002
  0
LWPOLYLINE
  5
575
330
17
100
AcDbEntity
  8
A-KRESKOWANIE
370
25
 48
0.05
100
AcDbPolyline
 90
2
 70
0
 10
-7.400357133746823
 20
-0.4
 10
-7.150357133746823
 20
-0.15000000000000002
  0
LWPOLYLINE
  5
576
330
17
100
AcDbEntity
  8
A-KRESKOWANIE
370
25
 48
0.05
100
AcDbPolyline
 90
2
 70
0
 10
-7.506423150924803
 20
-0.4
 10
-7.406943532929086
 20
-0.3005203820042821
  0
LWPOLYLINE
  5
577
330
17
100
AcDbEntity
  8
A-KRESKOWANIE
370
25
 48
0.05
100
AcDbPolyline
 90
2
 70
0
 10
-7.3715881938697585
 20
-0.2651650429449548
 10
-7.265522176691777
 20
-0.15909902576697244
  0
LWPOLYLINE
  5
578
330
17
100
AcDbEntity
  8
A-KRESKOWANIE
370
25
 48
0.05
100
AcDbPolyline
 90
2
 70
0
 10
-7.612489168102786
 20
-0.4
 10
-7.362489168102786
 20
-0.15000000000000002
  0
LWPOLYLINE
  5
579
330
17
100
AcDbEntity
  8
A-KRESKOWANIE
370
25
 48
0.05
100
AcDbPolyline
 90
2
 70
0
 10
-7.689786245403706
 20
-0.3712310601229367
 10
-7.583720228225723
 20
-0.2651650429449548
  0
LWPOLYLINE
  5
57A
330
17
100
AcDbEntity
  8
A-KRESKOWANIE
370
25
 48
0.05
100
AcDbPolyline
 90
2
 70
0
 10
-7.548364889166396
 20
-0.2298097038856275
 10
-7.468555185280768
 20
-0.15000000000000002
  0
LWPOLYLINE
  5
57B
330
17
100
AcDbEntity
  8
A-KRESKOWANIE
370
25
 48
0.05
100
AcDbPolyline
 90
2
 70
0
 10
-7.824621202458751
 20
-0.4
 10
-7.574621202458751
 20
-0.15000000000000002
  0
LWPOLYLINE
  5
57C
330
17
100
AcDbEntity
  8
A-KRESKOWANIE
370
25
 48
0.05
100
AcDbPolyline
 90
2
 70
0
 10
-7.9306872196367335
 20
-0.4
 10
-7.901918279759669
 20
-0.3712310601229354
  0
LWPOLYLINE
  5
57D
330
17
100
AcDbEntity
  8
A-KRESKOWANIE
370
25
 48
0.05
100
AcDbPolyline
 90
2
 70
0
 10
-7.866562940700343
 20
-0.33587572106360897
 10
-7.760496923522361
 20
-0.22980970388562705
  0
LWPOLYLINE
  5
57E
330
17
100
AcDbEntity
  8
A-KRESKOWANIE
370
25
 48
0.05
100
AcDbPolyline
 90
2
 70
0
 10
-7.725141584463033
 20
-0.19445436482629974
 10
-7.6806872196367335
 20
-0.15000000000000002
  0
LWPOLYLINE
  5
57F
330
17
100
AcDbEntity
  8
A-KRESKOWANIE
370
25
 48
0.05
100
AcDbPolyline
 90
2
 70
0
 10
-8.036753236814715
 20
-0.4
 10
-7.7867532368147145
 20
-0.15000000000000002
  0
LWPOLYLINE
  5
580
330
17
100
AcDbEntity
  8
A-KRESKOWANIE
370
25
 48
0.05
100
AcDbPolyline
 90
2
 70
0
 10
-8.142819253992696
 20
-0.4
 10
-8.078694975056306
 20
-0.33587572106360897
  0
LWPOLYLINE
  5
581
330
17
100
AcDbEntity
  8
A-KRESKOWANIE
370
25
 48
0.05
100
AcDbPolyline
 90
2
 70
0
 10
-8.043339635996979
 20
-0.30052038200428166
 10
-7.937273618818995
 20
-0.19445436482629974
  0
LWPOLYLINE
  5
582
330
17
100
AcDbEntity
  8
A-KRESKOWANIE
370
25
 48
0.05
100
AcDbPolyline
 90
2
 70
0
 10
-7.90191827975967
 20
-0.15909902576697244
 10
-7.892819253992697
 20
-0.15000000000000002
  0
LWPOLYLINE
  5
583
330
17
100
AcDbEntity
  8
A-KRESKOWANIE
370
25
 48
0.05
100
AcDbPolyline
 90
2
 70
0
 10
-8.248885271170678
 20
-0.4
 10
-7.998885271170678
 20
-0.15000000000000002
  0
LWPOLYLINE
  5
584
330
17
100
AcDbEntity
  8
A-KRESKOWANIE
370
25
 48
0.05
100
AcDbPolyline
 90
2
 70
0
 10
-8.354951288348662
 20
-0.4
 10
-8.255471670352943
 20
-0.3005203820042812
  0
LWPOLYLINE
  5
585
330
17
100
AcDbEntity
  8
A-KRESKOWANIE
370
25
 48
0.05
100
AcDbPolyline
 90
2
 70
0
 10
-8.220116331293616
 20
-0.2651650429449539
 10
-8.114050314115634
 20
-0.1590990257669711
  0
LWPOLYLINE
  5
586
330
17
100
AcDbEntity
  8
A-KRESKOWANIE
370
25
 48
0.05
100
AcDbPolyline
 90
2
 70
0
 10
-8.461017305526644
 20
-0.4
 10
-8.211017305526644
 20
-0.15000000000000002
  0
LWPOLYLINE
  5
587
330
17
100
AcDbEntity
  8
A-KRESKOWANIE
370
25
 48
0.05
100
AcDbPolyline
 90
2
 70
0
 10
-8.538314382827563
 20
-0.3712310601229367
 10
-8.432248365649581
 20
-0.2651650429449548
  0
LWPOLYLINE
  5
588
330
17
100
AcDbEntity
  8
A-KRESKOWANIE
370
25
 48
0.05
100
AcDbPolyline
 90
2
 70
0
 10
-8.396893026590252
 20
-0.2298097038856275
 10
-8.317083322704626
 20
-0.15000000000000002
  0
LWPOLYLINE
  5
589
330
17
100
AcDbEntity
  8
A-KRESKOWANIE
370
25
 48
0.05
100
AcDbPolyline
 90
2
 70
0
 10
-8.673149339882606
 20
-0.4
 10
-8.423149339882606
 20
-0.15000000000000002
  0
LWPOLYLINE
  5
58A
330
17
100
AcDbEntity
  8
A-KRESKOWANIE
370
25
 48
0.05
100
AcDbPolyline
 90
2
 70
0
 10
-8.77921535706059
 20
-0.4
 10
-8.750446417183525
 20
-0.3712310601229367
  0
LWPOLYLINE
  5
58B
330
17
100
AcDbEntity
  8
A-KRESKOWANIE
370
25
 48
0.05
100
AcDbPolyline
 90
2
 70
0
 10
-8.7150910781242
 20
-0.3358757210636094
 10
-8.609025060946216
 20
-0.2298097038856266
  0
LWPOLYLINE
  5
58C
330
17
100
AcDbEntity
  8
A-KRESKOWANIE
370
25
 48
0.05
100
AcDbPolyline
 90
2
 70
0
 10
-8.573669721886889
 20
-0.1944543648262993
 10
-8.52921535706059
 20
-0.15000000000000002
  0
LWPOLYLINE
  5
58D
330
17
100
AcDbEntity
  8
A-KRESKOWANIE
370
25
 48
0.05
100
AcDbPolyline
 90
2
 70
0
 10
-8.85
 20
-0.36471862576142744
 10
-8.635281374238572
 20
-0.15000000000000002
  0
LWPOLYLINE
  5
58E
330
17
100
AcDbEntity
  8
A-KRESKOWANIE
370
25
 48
0.05
100
AcDbPolyline
 90
2
 70
0
 10
-8.85
 20
-0.25865260858344463
 10
-8.785801756242854
 20
-0.1944543648262993
  0
LWPOLYLINE
  5
58F
330
17
100
AcDbEntity
  8
A-KRESKOWANIE
370
25
 48
0.05
100
AcDbPolyline
 90
2
 70
0
 10
-8.750446417183527
 20
-0.159099025766972
 10
-8.741347391416555
 20
-0.15000000000000002
  0
LWPOLYLINE
  5
590
330
17
100
AcDbEntity
  8
A-KRESKOWANIE
370
25
 48
0.05
100
AcDbPolyline
 90
2
 70
0
 10
-8.85
 20
-0.15258659140546274
 10
-8.847413408594537
 20
-0.15000000000000002
  0
LWPOLYLINE
  5
591
330
17
100
AcDbEntity
  8
A-KRESKOWANIE
370
25
 48
0.05
100
AcDbPolyline
 90
2
 70
0
 10
0.2545941546018392
 20
-0.7
 10
0.3
 20
-0.6545941546018392
  0
LWPOLYLINE
  5
592
330
17
100
AcDbEntity
  8
A-KRESKOWANIE
370
25
 48
0.05
100
AcDbPolyline
 90
2
 70
0
 10
0.14852813742385715
 20
-0.7
 10
0.3
 20
-0.5485281374238572
  0
LWPOLYLINE
  5
593
330
17
100
AcDbEntity
  8
A-KRESKOWANIE
370
25
 48
0.05
100
AcDbPolyline
 90
2
 70
0
 10
0.042462120245875035
 20
-0.7
 10
0.1237436867076458
 20
-0.6187184335382292
  0
LWPOLYLINE
  5
594
330
17
100
AcDbEntity
  8
A-KRESKOWANIE
370
25
 48
0.05
100
AcDbPolyline
 90
2
 70
0
 10
0.15909902576697318
 20
-0.5833630944789019
 10
0.26516504294495535
 20
-0.4772970773009197
  0
LWPOLYLINE
  5
595
330
17
100
AcDbEntity
  8
A-KRESKOWANIE
370
25
 48
0.05
100
AcDbPolyline
 90
2
 70
0
 10
-0.06360389693210716
 20
-0.7
 10
0.2363961030678929
 20
-0.39999999999999997
  0
LWPOLYLINE
  5
596
330
17
100
AcDbEntity
  8
A-KRESKOWANIE
370
25
 48
0.05
100
AcDbPolyline
 90
2
 70
0
 10
-0.15909902576697327
 20
-0.6894291116568839
 10
-0.053033008588991126
 20
-0.5833630944789018
  0
LWPOLYLINE
  5
597
330
17
100
AcDbEntity
  8
A-KRESKOWANIE
370
25
 48
0.05
100
AcDbPolyline
 90
2
 70
0
 10
-0.01767766952966371
 20
-0.5480077554195744
 10
0.08838834764831846
 20
-0.4419417382415922
  0
LWPOLYLINE
  5
598
330
17
100
AcDbEntity
  8
A-KRESKOWANIE
370
25
 48
0.05
100
AcDbPolyline
 90
2
 70
0
 10
0.12374368670764582
 20
-0.40658639918226486
 10
0.1303300858899107
 20
-0.39999999999999997
  0
LWPOLYLINE
  5
599
330
17
100
AcDbEntity
  8
A-KRESKOWANIE
370
25
 48
0.05
100
AcDbPolyline
 90
2
 70
0
 10
-0.2757359312880715
 20
-0.7
 10
0.024264068711928523
 20
-0.4
  0
LWPOLYLINE
  5
59A
330
17
100
AcDbEntity
  8
A-KRESKOWANIE
370
25
 48
0.05
100
AcDbPolyline
 90
2
 70
0
 10
-0.3
 20
-0.6181980515339464
 10
-0.229809703885628
 20
-0.5480077554195744
  0
LWPOLYLINE
  5
59B
330
17
100
AcDbEntity
  8
A-KRESKOWANIE
370
25
 48
0.05
100
AcDbPolyline
 90
2
 70
0
 10
-0.19445436482630063
 20
-0.512652416360247
 10
-0.08838834764831849
 20
-0.4065863991822649
  0
LWPOLYLINE
  5
59C
330
17
100
AcDbEntity
  8
A-KRESKOWANIE
370
25
 48
0.05
100
AcDbPolyline
 90
2
 70
0
 10
-0.3
 20
-0.5121320343559642
 10
-0.1878679656440358
 20
-0.4
  0
LWPOLYLINE
  5
59D
330
17
100
AcDbEntity
  8
A-KRESKOWANIE
370
25
 48
0.05
100
AcDbPolyline
 90
2
 70
0
 10
-0.3
 20
-0.4060660171779821
 10
-0.29393398282201794
 20
-0.4
  0
LWPOLYLINE
  5
59E
330
17
100
AcDbEntity
  8
A-KRESKOWANIE
370
25
 48
0.05
100
AcDbPolyline
 90
2
 70
0
 10
-8.548885271170677
 20
-0.7
 10
-8.45
 20
-0.6011147288293215
  0
LWPOLYLINE
  5
59F
330
17
100
AcDbEntity
  8
A-KRESKOWANIE
370
25
 48
0.05
100
AcDbPolyline
 90
2
 70
0
 10
-8.644380400005545
 20
-0.6894291116568825
 10
-8.538314382827561
 20
-0.5833630944789006
  0
LWPOLYLINE
  5
5A0
330
17
100
AcDbEntity
  8
A-KRESKOWANIE
370
25
 48
0.05
100
AcDbPolyline
 90
2
 70
0
 10
-8.502959043768236
 20
-0.5480077554195733
 10
-8.45
 20
-0.4950487116513371
  0
LWPOLYLINE
  5
5A1
330
17
100
AcDbEntity
  8
A-KRESKOWANIE
370
25
 48
0.05
100
AcDbPolyline
 90
2
 70
0
 10
-8.761017305526645
 20
-0.7
 10
-8.461017305526644
 20
-0.4
  0
LWPOLYLINE
  5
5A2
330
17
100
AcDbEntity
  8
A-KRESKOWANIE
370
25
 48
0.05
100
AcDbPolyline
 90
2
 70
0
 10
-8.867083322704627
 20
-0.7
 10
-8.856512434361509
 20
-0.6894291116568825
  0
LWPOLYLINE
  5
5A3
330
17
100
AcDbEntity
  8
A-KRESKOWANIE
370
25
 48
0.05
100
AcDbPolyline
 90
2
 70
0
 10
-8.821157095302183
 20
-0.6540737725975561
 10
-8.7150910781242
 20
-0.5480077554195733
  0
LWPOLYLINE
  5
5A4
330
17
100
AcDbEntity
  8
A-KRESKOWANIE
370
25
 48
0.05
100
AcDbPolyline
 90
2
 70
0
 10
-8.679735739064872
 20
-0.5126524163602459
 10
-8.57366972188689
 20
-0.406586399182264
  0
LWPOLYLINE
  5
5A5
330
17
100
AcDbEntity
  8
A-KRESKOWANIE
370
25
 48
0.05
100
AcDbPolyline
 90
2
 70
0
 10
-8.973149339882607
 20
-0.7
 10
-8.673149339882606
 20
-0.4
  0
LWPOLYLINE
  5
5A6
330
17
100
AcDbEntity
  8
A-KRESKOWANIE
370
25
 48
0.05
100
AcDbPolyline
 90
2
 70
0
 10
-9.05
 20
-0.6707846429394119
 10
-9.033289129658144
 20
-0.6540737725975552
  0
LWPOLYLINE
  5
5A7
330
17
100
AcDbEntity
  8
A-KRESKOWANIE
370
25
 48
0.05
100
AcDbPolyline
 90
2
 70
0
 10
-8.997933790598818
 20
-0.6187184335382288
 10
-8.891867773420834
 20
-0.5126524163602459
  0
LWPOLYLINE
  5
5A8
330
17
100
AcDbEntity
  8
A-KRESKOWANIE
370
25
 48
0.05
100
AcDbPolyline
 90
2
 70
0
 10
-8.856512434361509
 20
-0.47729707730091864
 10
-8.77921535706059
 20
-0.4
  0
LWPOLYLINE
  5
5A9
330
17
100
AcDbEntity
  8
A-KRESKOWANIE
370
25
 48
0.05
100
AcDbPolyline
 90
2
 70
0
 10
-9.05
 20
-0.5647186257614287
 10
-8.885281374238572
 20
-0.39999999999999997
  0
LWPOLYLINE
  5
5AA
330
17
100
AcDbEntity
  8
A-KRESKOWANIE
370
25
 48
0.05
100
AcDbPolyline
 90
2
 70
0
 10
-9.033289129658147
 20
-0.44194173824159133
 10
-8.991347391416555
 20
-0.39999999999999997
  0
LWPOLYLINE
  5
5AB
330
17
100
AcDbEntity
  8
A-KRESKOWANIE
370
25
 48
0.05
100
AcDbPolyline
 90
2
 70
0
 10
0.4227922061357858
 20
-0.85
 10
0.5
 20
-0.7727922061357858
  0
LWPOLYLINE
  5
5AC
330
17
100
AcDbEntity
  8
A-KRESKOWANIE
370
25
 48
0.05
100
AcDbPolyline
 90
2
 70
0
 10
0.3167261889578037
 20
-0.85
 10
0.3358757210636101
 20
-0.8308504678941936
  0
LWPOLYLINE
  5
5AD
330
17
100
AcDbEntity
  8
A-KRESKOWANIE
370
25
 48
0.05
100
AcDbPolyline
 90
2
 70
0
 10
0.3712310601229375
 20
-0.7954951288348662
 10
0.47729707730091964
 20
-0.689429111656884
  0
LWPOLYLINE
  5
5AE
330
17
100
AcDbEntity
  8
A-KRESKOWANIE
370
25
 48
0.05
100
AcDbPolyline
 90
2
 70
0
 10
0.21066017177982144
 20
-0.85
 10
0.5
 20
-0.5606601717798214
  0
LWPOLYLINE
  5
5AF
330
17
100
AcDbEntity
  8
A-KRESKOWANIE
370
25
 48
0.05
100
AcDbPolyline
 90
2
 70
0
 10
0.10459415460183918
 20
-0.85
 10
0.1590990257669731
 20
-0.7954951288348661
  0
LWPOLYLINE
  5
5B0
330
17
100
AcDbEntity
  8
A-KRESKOWANIE
370
25
 48
0.05
100
AcDbPolyline
 90
2
 70
0
 10
0.19445436482630052
 20
-0.7601397897755386
 10
0.2545941546018392
 20
-0.7
  0
LWPOLYLINE
  5
5B1
330
17
100
AcDbEntity
  8
A-KRESKOWANIE
370
25
 48
0.05
100
AcDbPolyline
 90
2
 70
0
 10
0.3
 20
-0.6545941546018392
 10
0.30052038200428266
 20
-0.6540737725975565
  0
LWPOLYLINE
  5
5B2
330
17
100
AcDbEntity
  8
A-KRESKOWANIE
370
25
 48
0.05
100
AcDbPolyline
 90
2
 70
0
 10
0.3358757210636101
 20
-0.6187184335382292
 10
0.4419417382415922
 20
-0.512652416360247
  0
LWPOLYLINE
  5
5B3
330
17
100
AcDbEntity
  8
A-KRESKOWANIE
370
25
 48
0.05
100
AcDbPolyline
 90
2
 70
0
 10
0.4772970773009196
 20
-0.47729707730091964
 10
0.5
 20
-0.4545941546018392
  0
LWPOLYLINE
  5
5B4
330
17
100
AcDbEntity
  8
A-KRESKOWANIE
370
25
 48
0.05
100
AcDbPolyline
 90
2
 70
0
 10
-0.001471862576142826
 20
-0.85
 10
0.1485281374238572
 20
-0.7
  0
LWPOLYLINE
  5
5B5
330
17
100
AcDbEntity
  8
A-KRESKOWANIE
370
25
 48
0.05
100
AcDbPolyline
 90
2
 70
0
 10
0.3
 20
-0.5485281374238572
 10
0.4485281374238572
 20
-0.39999999999999997
  0
LWPOLYLINE
  5
5B6
330
17
100
AcDbEntity
  8
A-KRESKOWANIE
370
25
 48
0.05
100
AcDbPolyline
 90
2
 70
0
 10
-0.10753787975412504
 20
-0.85
 10
-0.01767766952966371
 20
-0.7601397897755386
  0
LWPOLYLINE
  5
5B7
330
17
100
AcDbEntity
  8
A-KRESKOWANIE
370
25
 48
0.05
100
AcDbPolyline
 90
2
 70
0
 10
0.017677669529663653
 20
-0.7247844507162113
 10
0.042462120245875035
 20
-0.7
  0
LWPOLYLINE
  5
5B8
330
17
100
AcDbEntity
  8
A-KRESKOWANIE
370
25
 48
0.05
100
AcDbPolyline
 90
2
 70
0
 10
0.3005203820042827
 20
-0.44194173824159233
 10
0.3424621202458751
 20
-0.39999999999999997
  0
LWPOLYLINE
  5
5B9
330
17
100
AcDbEntity
  8
A-KRESKOWANIE
370
25
 48
0.05
100
AcDbPolyline
 90
2
 70
0
 10
-0.21360389693210713
 20
-0.85
 10
-0.06360389693210708
 20
-0.7
  0
LWPOLYLINE
  5
5BA
330
17
100
AcDbEntity
  8
A-KRESKOWANIE
370
25
 48
0.05
100
AcDbPolyline
 90
2
 70
0
 10
-0.30052038200428277
 20
-0.8308504678941934
 10
-0.19445436482630057
 20
-0.7247844507162112
  0
LWPOLYLINE
  5
5BB
330
17
100
AcDbEntity
  8
A-KRESKOWANIE
370
25
 48
0.05
100
AcDbPolyline
 90
2
 70
0
 10
-0.4257359312880715
 20
-0.85
 10
-0.27573593128807145
 20
-0.7
  0
LWPOLYLINE
  5
5BC
330
17
100
AcDbEntity
  8
A-KRESKOWANIE
370
25
 48
0.05
100
AcDbPolyline
 90
2
 70
0
 10
-0.47729707730091964
 20
-0.795495128834866
 10
-0.3712310601229375
 20
-0.6894291116568838
  0
LWPOLYLINE
  5
5BD
330
17
100
AcDbEntity
  8
A-KRESKOWANIE
370
25
 48
0.05
100
AcDbPolyline
 90
2
 70
0
 10
-0.33587572106361013
 20
-0.6540737725975565
 10
-0.3
 20
-0.6181980515339464
  0
LWPOLYLINE
  5
5BE
330
17
100
AcDbEntity
  8
A-KRESKOWANIE
370
25
 48
0.05
100
AcDbPolyline
 90
2
 70
0
 10
-0.5
 20
-0.7121320343559642
 10
-0.3
 20
-0.5121320343559642
  0
LWPOLYLINE
  5
5BF
330
17
100
AcDbEntity
  8
A-KRESKOWANIE
370
25
 48
0.05
100
AcDbPolyline
 90
2
 70
0
 10
-0.5
 20
-0.606066017177982
 10
-0.40658639918226486
 20
-0.5126524163602469
  0
LWPOLYLINE
  5
5C0
330
17
100
AcDbEntity
  8
A-KRESKOWANIE
370
25
 48
0.05
100
AcDbPolyline
 90
2
 70
0
 10
-0.37123106012293755
 20
-0.47729707730091964
 10
-0.3
 20
-0.4060660171779821
  0
LWPOLYLINE
  5
5C1
330
17
100
AcDbEntity
  8
A-KRESKOWANIE
370
25
 48
0.05
100
AcDbPolyline
 90
2
 70
0
 10
-0.5
 20
-0.49999999999999994
 10
-0.4000000000000001
 20
-0.4
  0
LWPOLYLINE
  5
5C2
330
17
100
AcDbEntity
  8
A-KRESKOWANIE
370
25
 48
0.05
100
AcDbPolyline
 90
2
 70
0
 10
-5.323300858899108
 20
-0.02
 10
-5.23
 20
0.0733008588991074
  0
LWPOLYLINE
  5
5C3
330
17
100
AcDbEntity
  8
A-KRESKOWANIE
370
25
 48
0.05
100
AcDbPolyline
 90
2
 70
0
 10
-5.42936687607709
 20
-0.02
 10
-5.427044545606753
 20
-0.01767766952966321
  0
LWPOLYLINE
  5
5C4
330
17
100
AcDbEntity
  8
A-KRESKOWANIE
370
25
 48
0.05
100
AcDbPolyline
 90
2
 70
0
 10
-5.391689206547426
 20
0.017677669529664097
 10
-5.285623189369443
 20
0.12374368670764602
  0
LWPOLYLINE
  5
5C5
330
17
100
AcDbEntity
  8
A-KRESKOWANIE
370
25
 48
0.05
100
AcDbPolyline
 90
2
 70
0
 10
-5.250267850310116
 20
0.15909902576697377
 10
-5.23436687607709
 20
0.175
  0
LWPOLYLINE
  5
5C6
330
17
100
AcDbEntity
  8
A-KRESKOWANIE
370
25
 48
0.05
100
AcDbPolyline
 90
2
 70
0
 10
-5.51
 20
0.005432893255071654
 10
-5.3404328932550715
 20
0.175
  0
LWPOLYLINE
  5
5C7
330
17
100
AcDbEntity
  8
A-KRESKOWANIE
370
25
 48
0.05
100
AcDbPolyline
 90
2
 70
0
 10
-5.51
 20
0.11149891043305463
 10
-5.46239988466608
 20
0.1590990257669742
  0
LWPOLYLINE
  5
5C8
330
17
100
AcDbEntity
  8
A-KRESKOWANIE
370
25
 48
0.05
100
AcDbPolyline
 90
2
 70
0
 10
-5.568465901844062
 20
0.05303300858899185
 10
-5.51
 20
0.11149891043305463
  0
LWPOLYLINE
  5
5C9
330
17
100
AcDbEntity
  8
A-KRESKOWANIE
370
25
 48
0.05
100
AcDbPolyline
 90
2
 70
0
 10
-5.692564927611036
 20
0.034999999999999976
 10
-5.51
 20
0.2175649276110366
  0
LWPOLYLINE
  5
5CA
330
17
100
AcDbEntity
  8
A-KRESKOWANIE
370
25
 48
0.05
100
AcDbPolyline
 90
2
 70
0
 10
-5.79
 20
0.04363094478901845
 10
-5.780597936200026
 20
0.05303300858899229
  0
LWPOLYLINE
  5
5CB
330
17
100
AcDbEntity
  8
A-KRESKOWANIE
370
25
 48
0.05
100
AcDbPolyline
 90
2
 70
0
 10
-5.745242597140699
 20
0.0883883476483196
 10
-5.639176579962717
 20
0.19445436482630152
  0
LWPOLYLINE
  5
5CC
330
17
100
AcDbEntity
  8
A-KRESKOWANIE
370
25
 48
0.05
100
AcDbPolyline
 90
2
 70
0
 10
-5.60382124090339
 20
0.22980970388562882
 10
-5.51
 20
0.32363094478901866
  0
LWPOLYLINE
  5
5CD
330
17
100
AcDbEntity
  8
A-KRESKOWANIE
370
25
 48
0.05
100
AcDbPolyline
 90
2
 70
0
 10
-5.79
 20
0.1496969619670011
 10
-5.589696961967001
 20
0.35
  0
LWPOLYLINE
  5
5CE
330
17
100
AcDbEntity
  8
A-KRESKOWANIE
370
25
 48
0.05
100
AcDbPolyline
 90
2
 70
0
 10
-5.780597936200026
 20
0.2651650429449557
 10
-5.695762979144982
 20
0.35
  0
LWPOLYLINE
  5
5CF
330
17
100
AcDbEntity
  8
A-KRESKOWANIE
370
25
 48
0.05
100
AcDbPolyline
 90
2
 70
0
 10
-5.835762979144982
 20
0.2099999999999999
 10
-5.8159532752593535
 20
0.22980970388562794
  0
LWPOLYLINE
  5
5D0
330
17
100
AcDbEntity
  8
A-KRESKOWANIE
370
25
 48
0.05
100
AcDbPolyline
 90
2
 70
0
 10
-5.941828996322965
 20
0.2099999999999999
 10
-5.79
 20
0.3618289963229646
  0
LWPOLYLINE
  5
5D1
330
17
100
AcDbEntity
  8
A-KRESKOWANIE
370
25
 48
0.05
100
AcDbPolyline
 90
2
 70
0
 10
-6.047895013500947
 20
0.2099999999999999
 10
-5.99272997055599
 20
0.2651650429449566
  0
LWPOLYLINE
  5
5D2
330
17
100
AcDbEntity
  8
A-KRESKOWANIE
370
25
 48
0.05
100
AcDbPolyline
 90
2
 70
0
 10
-5.957374631496663
 20
0.3005203820042839
 10
-5.851308614318681
 20
0.4065863991822658
  0
LWPOLYLINE
  5
5D3
330
17
100
AcDbEntity
  8
A-KRESKOWANIE
370
25
 48
0.05
100
AcDbPolyline
 90
2
 70
0
 10
-5.8159532752593535
 20
0.4419417382415931
 10
-5.79
 20
0.46789501350094653
  0
LWPOLYLINE
  5
5D4
330
17
100
AcDbEntity
  8
A-KRESKOWANIE
370
25
 48
0.05
100
AcDbPolyline
 90
2
 70
0
 10
-6.07
 20
0.2939610306789293
 10
-5.838961030678929
 20
0.5249999999999999
  0
LWPOLYLINE
  5
5D5
330
17
100
AcDbEntity
  8
A-KRESKOWANIE
370
25
 48
0.05
100
AcDbPolyline
 90
2
 70
0
 10
-6.07
 20
0.4000270478569119
 10
-6.028085309615319
 20
0.4419417382415931
  0
LWPOLYLINE
  5
5D6
330
17
100
AcDbEntity
  8
A-KRESKOWANIE
370
25
 48
0.05
100
AcDbPolyline
 90
2
 70
0
 10
-5.992729970555991
 20
0.47729707730092086
 10
-5.945027047856912
 20
0.5249999999999999
  0
LWPOLYLINE
  5
5D7
330
17
100
AcDbEntity
  8
A-KRESKOWANIE
370
25
 48
0.05
100
AcDbPolyline
 90
2
 70
0
 10
-6.07
 20
0.5060930650348929
 10
-6.051093065034893
 20
0.5249999999999999
  0
LWPOLYLINE
  5
5D8
330
17
100
AcDbEntity
  8
A-KRESKOWANIE
370
25
 48
0.05
100
AcDbPolyline
 90
2
 70
0
 10
-6.085027047856912
 20
0.3849999999999999
 10
-6.07
 20
0.4000270478569119
  0
LWPOLYLINE
  5
5D9
330
17
100
AcDbEntity
  8
A-KRESKOWANIE
370
25
 48
0.05
100
AcDbPolyline
 90
2
 70
0
 10
-6.191093065034893
 20
0.3849999999999999
 10
-6.07
 20
0.5060930650348926
  0
LWPOLYLINE
  5
5DA
330
17
100
AcDbEntity
  8
A-KRESKOWANIE
370
25
 48
0.05
100
AcDbPolyline
 90
2
 70
0
 10
-6.297159082212875
 20
0.3849999999999999
 10
-6.204862004911955
 20
0.4772970773009204
  0
LWPOLYLINE
  5
5DB
330
17
100
AcDbEntity
  8
A-KRESKOWANIE
370
25
 48
0.05
100
AcDbPolyline
 90
2
 70
0
 10
-6.169506665852627
 20
0.5126524163602477
 10
-6.07
 20
0.6121590822128748
  0
LWPOLYLINE
  5
5DC
330
17
100
AcDbEntity
  8
A-KRESKOWANIE
370
25
 48
0.05
100
AcDbPolyline
 90
2
 70
0
 10
-6.35
 20
0.43822509939085863
 10
-6.088225099390858
 20
0.7
  0
LWPOLYLINE
  5
5DD
330
17
100
AcDbEntity
  8
A-KRESKOWANIE
370
25
 48
0.05
100
AcDbPolyline
 90
2
 70
0
 10
-6.346283361149265
 20
0.548007755419575
 10
-6.240217343971283
 20
0.654073772597557
  0
LWPOLYLINE
  5
5DE
330
17
100
AcDbEntity
  8
A-KRESKOWANIE
370
25
 48
0.05
100
AcDbPolyline
 90
2
 70
0
 10
-6.204862004911956
 20
0.6894291116568847
 10
-6.194291116568841
 20
0.7
  0
LWPOLYLINE
  5
5DF
330
17
100
AcDbEntity
  8
A-KRESKOWANIE
370
25
 48
0.05
100
AcDbPolyline
 90
2
 70
0
 10
-6.35
 20
0.6503571337468232
 10
-6.300357133746823
 20
0.7
  0
LWPOLYLINE
  5
5E0
330
17
100
AcDbEntity
  8
A-KRESKOWANIE
370
25
 48
0.05
100
AcDbPolyline
 90
2
 70
0
 10
-6.440357133746823
 20
0.5599999999999999
 10
-6.35
 20
0.650357133746823
  0
LWPOLYLINE
  5
5E1
330
17
100
AcDbEntity
  8
A-KRESKOWANIE
370
25
 48
0.05
100
AcDbPolyline
 90
2
 70
0
 10
-6.523060056445901
 20
0.5833630944789023
 10
-6.4169940392679194
 20
0.6894291116568847
  0
LWPOLYLINE
  5
5E2
330
17
100
AcDbEntity
  8
A-KRESKOWANIE
370
25
 48
0.05
100
AcDbPolyline
 90
2
 70
0
 10
-6.381638700208592
 20
0.724784450716212
 10
-6.35
 20
0.7564231509248045
  0
LWPOLYLINE
  5
5E3
330
17
100
AcDbEntity
  8
A-KRESKOWANIE
370
25
 48
0.05
100
AcDbPolyline
 90
2
 70
0
 10
-6.63
 20
0.5824891681027861
 10
-6.35
 20
0.8624891681027856
  0
LWPOLYLINE
  5
5E4
330
17
100
AcDbEntity
  8
A-KRESKOWANIE
370
25
 48
0.05
100
AcDbPolyline
 90
2
 70
0
 10
-6.63
 20
0.6885551852807682
 10
-6.593770734564556
 20
0.724784450716212
  0
LWPOLYLINE
  5
5E5
330
17
100
AcDbEntity
  8
A-KRESKOWANIE
370
25
 48
0.05
100
AcDbPolyline
 90
2
 70
0
 10
-6.558415395505229
 20
0.7601397897755393
 10
-6.452349378327247
 20
0.8662058069535212
  0
LWPOLYLINE
  5
5E6
330
17
100
AcDbEntity
  8
A-KRESKOWANIE
370
25
 48
0.05
100
AcDbPolyline
 90
2
 70
0
 10
-6.63
 20
0.7946212024587505
 10
-6.54962120245875
 20
0.875
  0
LWPOLYLINE
  5
5E7
330
17
100
AcDbEntity
  8
A-KRESKOWANIE
370
25
 48
0.05
100
AcDbPolyline
 90
2
 70
0
 10
-6.689621202458751
 20
0.7349999999999998
 10
-6.63
 20
0.7946212024587505
  0
LWPOLYLINE
  5
5E8
330
17
100
AcDbEntity
  8
A-KRESKOWANIE
370
25
 48
0.05
100
AcDbPolyline
 90
2
 70
0
 10
-6.795687219636734
 20
0.7349999999999998
 10
-6.770547429861193
 20
0.7601397897755398
  0
LWPOLYLINE
  5
5E9
330
17
100
AcDbEntity
  8
A-KRESKOWANIE
370
25
 48
0.05
100
AcDbPolyline
 90
2
 70
0
 10
-6.735192090801866
 20
0.7954951288348671
 10
-6.63
 20
0.9006872196367328
  0
LWPOLYLINE
  5
5EA
330
17
100
AcDbEntity
  8
A-KRESKOWANIE
370
25
 48
0.05
100
AcDbPolyline
 90
2
 70
0
 10
-6.901753236814715
 20
0.7349999999999998
 10
-6.63
 20
1.0067532368147143
  0
LWPOLYLINE
  5
5EB
330
17
100
AcDbEntity
  8
A-KRESKOWANIE
370
25
 48
0.05
100
AcDbPolyline
 90
2
 70
0
 10
-6.91
 20
0.8328192539926964
 10
-6.80590276892052
 20
0.9369164850721763
  0
LWPOLYLINE
  5
5EC
330
17
100
AcDbEntity
  8
A-KRESKOWANIE
370
25
 48
0.05
100
AcDbPolyline
 90
2
 70
0
 10
-6.7705474298611925
 20
0.9722718241315036
 10
-6.692819253992696
 20
1.0499999999999998
  0
LWPOLYLINE
  5
5ED
330
17
100
AcDbEntity
  8
A-KRESKOWANIE
370
25
 48
0.05
100
AcDbPolyline
 90
2
 70
0
 10
-6.91
 20
0.9388852711706787
 10
-6.798885271170679
 20
1.0499999999999998
  0
LWPOLYLINE
  5
5EE
330
17
100
AcDbEntity
  8
A-KRESKOWANIE
370
25
 48
0.05
100
AcDbPolyline
 90
2
 70
0
 10
-6.91
 20
1.044951288348661
 10
-6.904951288348661
 20
1.0499999999999998
  0
LWPOLYLINE
  5
5EF
330
17
100
AcDbEntity
  8
A-KRESKOWANIE
370
25
 48
0.05
100
AcDbPolyline
 90
2
 70
0
 10
-6.93888527117068
 20
0.9099999999999998
 10
-6.91
 20
0.938885271170679
  0
LWPOLYLINE
  5
5F0
330
17
100
AcDbEntity
  8
A-KRESKOWANIE
370
25
 48
0.05
100
AcDbPolyline
 90
2
 70
0
 10
-7.044951288348662
 20
0.9099999999999998
 10
-6.982679464217157
 20
0.972271824131504
  0
LWPOLYLINE
  5
5F1
330
17
100
AcDbEntity
  8
A-KRESKOWANIE
370
25
 48
0.05
100
AcDbPolyline
 90
2
 70
0
 10
-6.94732412515783
 20
1.0076271631908313
 10
-6.91
 20
1.044951288348661
  0
LWPOLYLINE
  5
5F2
330
17
100
AcDbEntity
  8
A-KRESKOWANIE
370
25
 48
0.05
100
AcDbPolyline
 90
2
 70
0
 10
-7.1510173055266435
 20
0.9099999999999998
 10
-6.91
 20
1.1510173055266435
  0
LWPOLYLINE
  5
5F3
330
17
100
AcDbEntity
  8
A-KRESKOWANIE
370
25
 48
0.05
100
AcDbPolyline
 90
2
 70
0
 10
-7.19
 20
0.9770833227046253
 10
-7.159456159513795
 20
1.007627163190831
  0
LWPOLYLINE
  5
5F4
330
17
100
AcDbEntity
  8
A-KRESKOWANIE
370
25
 48
0.05
100
AcDbPolyline
 90
2
 70
0
 10
-7.124100820454467
 20
1.0429825022501582
 10
-7.018034803276485
 20
1.1490485194281406
  0
LWPOLYLINE
  5
5F5
330
17
100
AcDbEntity
  8
A-KRESKOWANIE
370
25
 48
0.05
100
AcDbPolyline
 90
2
 70
0
 10
-6.982679464217158
 20
1.1844038584874679
 10
-6.942083322704626
 20
1.2249999999999999
  0
LWPOLYLINE
  5
5F6
330
17
100
AcDbEntity
  8
A-KRESKOWANIE
370
25
 48
0.05
100
AcDbPolyline
 90
2
 70
0
 10
-7.19
 20
1.0831493398826069
 10
-7.048149339882608
 20
1.2249999999999999
  0
LWPOLYLINE
  5
5F7
330
17
100
AcDbEntity
  8
A-KRESKOWANIE
370
25
 48
0.05
100
AcDbPolyline
 90
2
 70
0
 10
-7.159456159513794
 20
1.2197591975467952
 10
-7.154215357060589
 20
1.2249999999999999
  0
LWPOLYLINE
  5
5F8
330
17
100
AcDbEntity
  8
A-KRESKOWANIE
370
25
 48
0.05
100
AcDbPolyline
 90
2
 70
0
 10
-7.294215357060589
 20
1.085
 10
-7.194811498573121
 20
1.1844038584874679
  0
LWPOLYLINE
  5
5F9
330
17
100
AcDbEntity
  8
A-KRESKOWANIE
370
25
 48
0.05
100
AcDbPolyline
 90
2
 70
0
 10
-7.400281374238572
 20
1.085
 10
-7.19
 20
1.2952813742385714
  0
LWPOLYLINE
  5
5FA
330
17
100
AcDbEntity
  8
A-KRESKOWANIE
370
25
 48
0.05
100
AcDbPolyline
 90
2
 70
0
 10
-7.47
 20
1.1213473914165548
 10
-7.3715881938697585
 20
1.2197591975467956
  0
LWPOLYLINE
  5
5FB
330
17
100
AcDbEntity
  8
A-KRESKOWANIE
370
25
 48
0.05
100
AcDbPolyline
 90
2
 70
0
 10
-7.336232854810431
 20
1.255114536606123
 10
-7.230166837632449
 20
1.3611805537841053
  0
LWPOLYLINE
  5
5FC
330
17
100
AcDbEntity
  8
A-KRESKOWANIE
370
25
 48
0.05
100
AcDbPolyline
 90
2
 70
0
 10
-7.194811498573122
 20
1.3965358928434326
 10
-7.191347391416555
 20
1.4
  0
LWPOLYLINE
  5
5FD
330
17
100
AcDbEntity
  8
A-KRESKOWANIE
370
25
 48
0.05
100
AcDbPolyline
 90
2
 70
0
 10
-7.47
 20
1.2274134085945367
 10
-7.297413408594537
 20
1.4
  0
LWPOLYLINE
  5
5FE
330
17
100
AcDbEntity
  8
A-KRESKOWANIE
370
25
 48
0.05
100
AcDbPolyline
 90
2
 70
0
 10
-7.47
 20
1.3334794257725184
 10
-7.406943532929086
 20
1.3965358928434326
  0
LWPOLYLINE
  5
5FF
330
17
100
AcDbEntity
  8
A-KRESKOWANIE
370
25
 48
0.05
100
AcDbPolyline
 90
2
 70
0
 10
-7.5145454429505
 20
1.395
 10
-7.47
 20
1.439545442950501
  0
LWPOLYLINE
  5
600
330
17
100
AcDbEntity
  8
A-KRESKOWANIE
370
25
 48
0.05
100
AcDbPolyline
 90
2
 70
0
 10
-7.620611460128482
 20
1.395
 10
-7.583720228225722
 20
1.4318912319027595
  0
LWPOLYLINE
  5
601
330
17
100
AcDbEntity
  8
A-KRESKOWANIE
370
25
 48
0.05
100
AcDbPolyline
 90
2
 70
0
 10
-7.548364889166395
 20
1.4672465709620868
 10
-7.47
 20
1.5456114601284823
  0
LWPOLYLINE
  5
602
330
17
100
AcDbEntity
  8
A-KRESKOWANIE
370
25
 48
0.05
100
AcDbPolyline
 90
2
 70
0
 10
-7.726677477306465
 20
1.395
 10
-7.546677477306464
 20
1.575
  0
LWPOLYLINE
  5
603
330
17
100
AcDbEntity
  8
A-KRESKOWANIE
370
25
 48
0.05
100
AcDbPolyline
 90
2
 70
0
 10
-7.832743494484448
 20
1.395
 10
-7.760496923522361
 20
1.4672465709620877
  0
LWPOLYLINE
  5
604
330
17
100
AcDbEntity
  8
A-KRESKOWANIE
370
25
 48
0.05
100
AcDbPolyline
 90
2
 70
0
 10
-7.725141584463033
 20
1.502601910021415
 10
-7.652743494484448
 20
1.575
  0
LWPOLYLINE
  5
605
330
17
100
AcDbEntity
  8
A-KRESKOWANIE
370
25
 48
0.05
100
AcDbPolyline
 90
2
 70
0
 10
-7.938809511662429
 20
1.395
 10
-7.758809511662429
 20
1.575
  0
LWPOLYLINE
  5
606
330
17
100
AcDbEntity
  8
A-KRESKOWANIE
370
25
 48
0.05
100
AcDbPolyline
 90
2
 70
0
 10
-8.043339635996979
 20
1.3965358928434313
 10
-7.937273618818997
 20
1.5026019100214136
  0
LWPOLYLINE
  5
607
330
17
100
AcDbEntity
  8
A-KRESKOWANIE
370
25
 48
0.05
100
AcDbPolyline
 90
2
 70
0
 10
-7.90191827975967
 20
1.537957249080741
 10
-7.864875528840411
 20
1.575
  0
LWPOLYLINE
  5
608
330
17
100
AcDbEntity
  8
A-KRESKOWANIE
370
25
 48
0.05
100
AcDbPolyline
 90
2
 70
0
 10
-8.150941546018394
 20
1.395
 10
-7.970941546018394
 20
1.575
  0
LWPOLYLINE
  5
609
330
17
100
AcDbEntity
  8
A-KRESKOWANIE
370
25
 48
0.05
100
AcDbPolyline
 90
2
 70
0
 10
-8.257007563196376
 20
1.395
 10
-8.255471670352943
 20
1.396535892843433
  0
LWPOLYLINE
  5
60A
330
17
100
AcDbEntity
  8
A-KRESKOWANIE
370
25
 48
0.05
100
AcDbPolyline
 90
2
 70
0
 10
-8.220116331293616
 20
1.4318912319027595
 10
-8.114050314115634
 20
1.5379572490807418
  0
LWPOLYLINE
  5
60B
330
17
100
AcDbEntity
  8
A-KRESKOWANIE
370
25
 48
0.05
100
AcDbPolyline
 90
2
 70
0
 10
-8.078694975056306
 20
1.5733125881400691
 10
-8.077007563196375
 20
1.575
  0
LWPOLYLINE
  5
60C
330
17
100
AcDbEntity
  8
A-KRESKOWANIE
370
25
 48
0.05
100
AcDbPolyline
 90
2
 70
0
 10
-8.363073580374357
 20
1.395
 10
-8.183073580374357
 20
1.575
  0
LWPOLYLINE
  5
60D
330
17
100
AcDbEntity
  8
A-KRESKOWANIE
370
25
 48
0.05
100
AcDbPolyline
 90
2
 70
0
 10
-8.46913959755234
 20
1.395
 10
-8.432248365649581
 20
1.43189123190276
  0
LWPOLYLINE
  5
60E
330
17
100
AcDbEntity
  8
A-KRESKOWANIE
370
25
 48
0.05
100
AcDbPolyline
 90
2
 70
0
 10
-8.396893026590252
 20
1.4672465709620872
 10
-8.29082700941227
 20
1.5733125881400696
  0
LWPOLYLINE
  5
60F
330
17
100
AcDbEntity
  8
A-KRESKOWANIE
370
25
 48
0.05
100
AcDbPolyline
 90
2
 70
0
 10
-8.575205614730322
 20
1.395
 10
-8.395205614730322
 20
1.575
  0
LWPOLYLINE
  5
610
330
17
100
AcDbEntity
  8
A-KRESKOWANIE
370
25
 48
0.05
100
AcDbPolyline
 90
2
 70
0
 10
-8.645
 20
1.4312716319083034
 10
-8.609025060946216
 20
1.4672465709620872
  0
LWPOLYLINE
  5
611
330
17
100
AcDbEntity
  8
A-KRESKOWANIE
370
25
 48
0.05
100
AcDbPolyline
 90
2
 70
0
 10
-8.573669721886889
 20
1.5026019100214145
 10
-8.501271631908304
 20
1.575
  0
LWPOLYLINE
  5
612
330
17
100
AcDbEntity
  8
A-KRESKOWANIE
370
25
 48
0.05
100
AcDbPolyline
 90
2
 70
0
 10
-8.645
 20
1.5373376490862873
 10
-8.607337649086286
 20
1.575
  0
LWPOLYLINE
  5
613
330
17
100
AcDbEntity
  8
A-KRESKOWANIE
370
25
 48
0.05
100
AcDbPolyline
 90
2
 70
0
 10
-5.249215357060589
 20
3.13
 10
-5.23
 20
3.149215357060588
  0
LWPOLYLINE
  5
614
330
17
100
AcDbEntity
  8
A-KRESKOWANIE
370
25
 48
0.05
100
AcDbPolyline
 90
2
 70
0
 10
-5.355281374238571
 20
3.13
 10
-5.23
 20
3.255281374238571
  0
LWPOLYLINE
  5
615
330
17
100
AcDbEntity
  8
A-KRESKOWANIE
370
25
 48
0.05
100
AcDbPolyline
 90
2
 70
0
 10
-5.461347391416555
 20
3.13
 10
-5.391689206547426
 20
3.1996581848691292
  0
LWPOLYLINE
  5
616
330
17
100
AcDbEntity
  8
A-KRESKOWANIE
370
25
 48
0.05
100
AcDbPolyline
 90
2
 70
0
 10
-5.3563338674880985
 20
3.2350135239284565
 10
-5.266347391416555
 20
3.3249999999999997
  0
LWPOLYLINE
  5
617
330
17
100
AcDbEntity
  8
A-KRESKOWANIE
370
25
 48
0.05
100
AcDbPolyline
 90
2
 70
0
 10
-5.51
 20
3.1874134085945363
 10
-5.372413408594536
 20
3.3249999999999997
  0
LWPOLYLINE
  5
618
330
17
100
AcDbEntity
  8
A-KRESKOWANIE
370
25
 48
0.05
100
AcDbPolyline
 90
2
 70
0
 10
-5.51
 20
3.2934794257725186
 10
-5.478479425772519
 20
3.3249999999999997
  0
LWPOLYLINE
  5
619
330
17
100
AcDbEntity
  8
A-KRESKOWANIE
370
25
 48
0.05
100
AcDbPolyline
 90
2
 70
0
 10
-5.512413408594536
 20
3.185
 10
-5.51
 20
3.1874134085945363
  0
LWPOLYLINE
  5
61A
330
17
100
AcDbEntity
  8
A-KRESKOWANIE
370
25
 48
0.05
100
AcDbPolyline
 90
2
 70
0
 10
-5.618479425772518
 20
3.185
 10
-5.568465901844062
 20
3.235013523928456
  0
LWPOLYLINE
  5
61B
330
17
100
AcDbEntity
  8
A-KRESKOWANIE
370
25
 48
0.05
100
AcDbPolyline
 90
2
 70
0
 10
-5.533110562784735
 20
3.2703688629877834
 10
-5.51
 20
3.2934794257725186
  0
LWPOLYLINE
  5
61C
330
17
100
AcDbEntity
  8
A-KRESKOWANIE
370
25
 48
0.05
100
AcDbPolyline
 90
2
 70
0
 10
-5.7245454429505
 20
3.185
 10
-5.51
 20
3.3995454429505005
  0
LWPOLYLINE
  5
61D
330
17
100
AcDbEntity
  8
A-KRESKOWANIE
370
25
 48
0.05
100
AcDbPolyline
 90
2
 70
0
 10
-5.79
 20
3.225611460128482
 10
-5.745242597140699
 20
3.2703688629877834
  0
LWPOLYLINE
  5
61E
330
17
100
AcDbEntity
  8
A-KRESKOWANIE
370
25
 48
0.05
100
AcDbPolyline
 90
2
 70
0
 10
-5.7098872580813715
 20
3.3057242020471107
 10
-5.60382124090339
 20
3.411790219225093
  0
LWPOLYLINE
  5
61F
330
17
100
AcDbEntity
  8
A-KRESKOWANIE
370
25
 48
0.05
100
AcDbPolyline
 90
2
 70
0
 10
-5.568465901844062
 20
3.4471455582844204
 10
-5.515611460128483
 20
3.5
  0
LWPOLYLINE
  5
620
330
17
100
AcDbEntity
  8
A-KRESKOWANIE
370
25
 48
0.05
100
AcDbPolyline
 90
2
 70
0
 10
-5.79
 20
3.3316774773064646
 10
-5.621677477306465
 20
3.5
  0
LWPOLYLINE
  5
621
330
17
100
AcDbEntity
  8
A-KRESKOWANIE
370
25
 48
0.05
100
AcDbPolyline
 90
2
 70
0
 10
-5.79
 20
3.437743494484447
 10
-5.780597936200026
 20
3.447145558284421
  0
LWPOLYLINE
  5
622
330
17
100
AcDbEntity
  8
A-KRESKOWANIE
370
25
 48
0.05
100
AcDbPolyline
 90
2
 70
0
 10
-5.7452425971407
 20
3.482500897343748
 10
-5.727743494484447
 20
3.5
  0
LWPOLYLINE
  5
623
330
17
100
AcDbEntity
  8
A-KRESKOWANIE
370
25
 48
0.05
100
AcDbPolyline
 90
2
 70
0
 10
-5.867743494484447
 20
3.36
 10
-5.79
 20
3.437743494484447
  0
LWPOLYLINE
  5
624
330
17
100
AcDbEntity
  8
A-KRESKOWANIE
370
25
 48
0.05
100
AcDbPolyline
 90
2
 70
0
 10
-5.97380951166243
 20
3.36
 10
-5.79
 20
3.5438095116624293
  0
LWPOLYLINE
  5
625
330
17
100
AcDbEntity
  8
A-KRESKOWANIE
370
25
 48
0.05
100
AcDbPolyline
 90
2
 70
0
 10
-6.0634406486746455
 20
3.376434880165765
 10
-5.957374631496664
 20
3.4825008973437472
  0
LWPOLYLINE
  5
626
330
17
100
AcDbEntity
  8
A-KRESKOWANIE
370
25
 48
0.05
100
AcDbPolyline
 90
2
 70
0
 10
-5.922019292437336
 20
3.5178562364030745
 10
-5.8159532752593535
 20
3.623922253581057
  0
LWPOLYLINE
  5
627
330
17
100
AcDbEntity
  8
A-KRESKOWANIE
370
25
 48
0.05
100
AcDbPolyline
 90
2
 70
0
 10
-6.07
 20
3.475941546018393
 10
-5.870941546018393
 20
3.675
  0
LWPOLYLINE
  5
628
330
17
100
AcDbEntity
  8
A-KRESKOWANIE
370
25
 48
0.05
100
AcDbPolyline
 90
2
 70
0
 10
-6.07
 20
3.582007563196375
 10
-5.99272997055599
 20
3.6592775926403847
  0
LWPOLYLINE
  5
629
330
17
100
AcDbEntity
  8
A-KRESKOWANIE
370
25
 48
0.05
100
AcDbPolyline
 90
2
 70
0
 10
-6.098795987733973
 20
3.5532115754624023
 10
-6.07
 20
3.582007563196375
  0
LWPOLYLINE
  5
62A
330
17
100
AcDbEntity
  8
A-KRESKOWANIE
370
25
 48
0.05
100
AcDbPolyline
 90
2
 70
0
 10
-6.223073580374358
 20
3.5349999999999997
 10
-6.07
 20
3.6880735803743576
  0
LWPOLYLINE
  5
62B
330
17
100
AcDbEntity
  8
A-KRESKOWANIE
370
25
 48
0.05
100
AcDbPolyline
 90
2
 70
0
 10
-6.32913959755234
 20
3.5349999999999997
 10
-6.3109280220899375
 20
3.5532115754624023
  0
LWPOLYLINE
  5
62C
330
17
100
AcDbEntity
  8
A-KRESKOWANIE
370
25
 48
0.05
100
AcDbPolyline
 90
2
 70
0
 10
-6.27557268303061
 20
3.5885669145217296
 10
-6.169506665852628
 20
3.694632931699712
  0
LWPOLYLINE
  5
62D
330
17
100
AcDbEntity
  8
A-KRESKOWANIE
370
25
 48
0.05
100
AcDbPolyline
 90
2
 70
0
 10
-6.134151326793301
 20
3.7299882707590393
 10
-6.07
 20
3.7941395975523404
  0
LWPOLYLINE
  5
62E
330
17
100
AcDbEntity
  8
A-KRESKOWANIE
370
25
 48
0.05
100
AcDbPolyline
 90
2
 70
0
 10
-6.35
 20
3.6202056147303217
 10
-6.120205614730322
 20
3.8499999999999996
  0
LWPOLYLINE
  5
62F
330
17
100
AcDbEntity
  8
A-KRESKOWANIE
370
25
 48
0.05
100
AcDbPolyline
 90
2
 70
0
 10
-6.35
 20
3.726271631908303
 10
-6.346283361149264
 20
3.729988270759039
  0
LWPOLYLINE
  5
630
330
17
100
AcDbEntity
  8
A-KRESKOWANIE
370
25
 48
0.05
100
AcDbPolyline
 90
2
 70
0
 10
-6.310928022089937
 20
3.765343609818366
 10
-6.226271631908303
 20
3.8499999999999996
  0
LWPOLYLINE
  5
631
330
17
100
AcDbEntity
  8
A-KRESKOWANIE
370
25
 48
0.05
100
AcDbPolyline
 90
2
 70
0
 10
-6.35
 20
3.8323376490862873
 10
-6.332337649086287
 20
3.8499999999999996
  0
LWPOLYLINE
  5
632
330
17
100
AcDbEntity
  8
A-KRESKOWANIE
370
25
 48
0.05
100
AcDbPolyline
 90
2
 70
0
 10
-6.366271631908302
 20
3.7100000000000004
 10
-6.35
 20
3.726271631908303
  0
LWPOLYLINE
  5
633
330
17
100
AcDbEntity
  8
A-KRESKOWANIE
370
25
 48
0.05
100
AcDbPolyline
 90
2
 70
0
 10
-6.4723376490862865
 20
3.7100000000000004
 10
-6.35
 20
3.832337649086287
  0
LWPOLYLINE
  5
634
330
17
100
AcDbEntity
  8
A-KRESKOWANIE
370
25
 48
0.05
100
AcDbPolyline
 90
2
 70
0
 10
-6.5784036662642675
 20
3.7100000000000004
 10
-6.523060056445901
 20
3.765343609818367
  0
LWPOLYLINE
  5
635
330
17
100
AcDbEntity
  8
A-KRESKOWANIE
370
25
 48
0.05
100
AcDbPolyline
 90
2
 70
0
 10
-6.487704717386574
 20
3.8006989488776943
 10
-6.381638700208592
 20
3.9067649660556767
  0
LWPOLYLINE
  5
636
330
17
100
AcDbEntity
  8
A-KRESKOWANIE
370
25
 48
0.05
100
AcDbPolyline
 90
2
 70
0
 10
-6.63
 20
3.764469683442251
 10
-6.36946968344225
 20
4.025
  0
LWPOLYLINE
  5
637
330
17
100
AcDbEntity
  8
A-KRESKOWANIE
370
25
 48
0.05
100
AcDbPolyline
 90
2
 70
0
 10
-6.63
 20
3.8705357006202323
 10
-6.558415395505229
 20
3.9421203051150036
  0
LWPOLYLINE
  5
638
330
17
100
AcDbEntity
  8
A-KRESKOWANIE
370
25
 48
0.05
100
AcDbPolyline
 90
2
 70
0
 10
-6.523060056445901
 20
3.977475644174331
 10
-6.475535700620232
 20
4.025
  0
LWPOLYLINE
  5
639
330
17
100
AcDbEntity
  8
A-KRESKOWANIE
370
25
 48
0.05
100
AcDbPolyline
 90
2
 70
0
 10
-6.63
 20
3.9766017177982147
 10
-6.581601717798214
 20
4.025
  0
LWPOLYLINE
  5
63A
330
17
100
AcDbEntity
  8
A-KRESKOWANIE
370
25
 48
0.05
100
AcDbPolyline
 90
2
 70
0
 10
-6.721601717798214
 20
3.8849999999999993
 10
-6.63
 20
3.9766017177982143
  0
LWPOLYLINE
  5
63B
330
17
100
AcDbEntity
  8
A-KRESKOWANIE
370
25
 48
0.05
100
AcDbPolyline
 90
2
 70
0
 10
-6.827667734976197
 20
3.8849999999999993
 10
-6.735192090801865
 20
3.977475644174331
  0
LWPOLYLINE
  5
63C
330
17
100
AcDbEntity
  8
A-KRESKOWANIE
370
25
 48
0.05
100
AcDbPolyline
 90
2
 70
0
 10
-6.699836751742538
 20
4.012830983233658
 10
-6.63
 20
4.082667734976197
  0
LWPOLYLINE
  5
63D
330
17
100
AcDbEntity
  8
A-KRESKOWANIE
370
25
 48
0.05
100
AcDbPolyline
 90
2
 70
0
 10
-6.91
 20
3.908733752154178
 10
-6.63
 20
4.188733752154178
  0
LWPOLYLINE
  5
63E
330
17
100
AcDbEntity
  8
A-KRESKOWANIE
370
25
 48
0.05
100
AcDbPolyline
 90
2
 70
0
 10
-6.876613447039175
 20
4.048186322292986
 10
-6.770547429861193
 20
4.154252339470968
  0
LWPOLYLINE
  5
63F
330
17
100
AcDbEntity
  8
A-KRESKOWANIE
370
25
 48
0.05
100
AcDbPolyline
 90
2
 70
0
 10
-6.735192090801866
 20
4.189607678530296
 10
-6.724799769332162
 20
4.199999999999999
  0
LWPOLYLINE
  5
640
330
17
100
AcDbEntity
  8
A-KRESKOWANIE
370
25
 48
0.05
100
AcDbPolyline
 90
2
 70
0
 10
-6.91
 20
4.120865786510142
 10
-6.8308657865101425
 20
4.199999999999999
  0
LWPOLYLINE
  5
641
330
17
100
AcDbEntity
  8
A-KRESKOWANIE
370
25
 48
0.05
100
AcDbPolyline
 90
2
 70
0
 10
-6.970865786510142
 20
4.0600000000000005
 10
-6.91
 20
4.120865786510143
  0
LWPOLYLINE
  5
642
330
17
100
AcDbEntity
  8
A-KRESKOWANIE
370
25
 48
0.05
100
AcDbPolyline
 90
2
 70
0
 10
-7.053390142335813
 20
4.083541661352314
 10
-6.94732412515783
 20
4.189607678530296
  0
LWPOLYLINE
  5
643
330
17
100
AcDbEntity
  8
A-KRESKOWANIE
370
25
 48
0.05
100
AcDbPolyline
 90
2
 70
0
 10
-6.911968786098503
 20
4.224963017589623
 10
-6.91
 20
4.226931803688125
  0
LWPOLYLINE
  5
644
330
17
100
AcDbEntity
  8
A-KRESKOWANIE
370
25
 48
0.05
100
AcDbPolyline
 90
2
 70
0
 10
-7.182997820866108
 20
4.0600000000000005
 10
-6.91
 20
4.332997820866107
  0
LWPOLYLINE
  5
645
330
17
100
AcDbEntity
  8
A-KRESKOWANIE
370
25
 48
0.05
100
AcDbPolyline
 90
2
 70
0
 10
-7.19
 20
4.159063838044087
 10
-7.124100820454466
 20
4.224963017589622
  0
LWPOLYLINE
  5
646
330
17
100
AcDbEntity
  8
A-KRESKOWANIE
370
25
 48
0.05
100
AcDbPolyline
 90
2
 70
0
 10
-7.088745481395138
 20
4.260318356648949
 10
-6.982679464217156
 20
4.366384373826931
  0
LWPOLYLINE
  5
647
330
17
100
AcDbEntity
  8
A-KRESKOWANIE
370
25
 48
0.05
100
AcDbPolyline
 90
2
 70
0
 10
-7.19
 20
4.265129855222072
 10
-7.080129855222071
 20
4.375
  0
LWPOLYLINE
  5
648
330
17
100
AcDbEntity
  8
A-KRESKOWANIE
370
25
 48
0.05
100
AcDbPolyline
 90
2
 70
0
 10
-7.19
 20
4.371195872400053
 10
-7.186195872400053
 20
4.375
  0
LWPOLYLINE
  5
649
330
17
100
AcDbEntity
  8
A-KRESKOWANIE
370
25
 48
0.05
100
AcDbPolyline
 90
2
 70
0
 10
-7.220129855222071
 20
4.235
 10
-7.19
 20
4.26512985522207
  0
LWPOLYLINE
  5
64A
330
17
100
AcDbEntity
  8
A-KRESKOWANIE
370
25
 48
0.05
100
AcDbPolyline
 90
2
 70
0
 10
-7.326195872400054
 20
4.235
 10
-7.300877515751104
 20
4.26031835664895
  0
LWPOLYLINE
  5
64B
330
17
100
AcDbEntity
  8
A-KRESKOWANIE
370
25
 48
0.05
100
AcDbPolyline
 90
2
 70
0
 10
-7.265522176691777
 20
4.2956736957082775
 10
-7.19
 20
4.371195872400053
  0
LWPOLYLINE
  5
64C
330
17
100
AcDbEntity
  8
A-KRESKOWANIE
370
25
 48
0.05
100
AcDbPolyline
 90
2
 70
0
 10
-7.4322618895780375
 20
4.235
 10
-7.19
 20
4.477261889578037
  0
LWPOLYLINE
  5
64D
330
17
100
AcDbEntity
  8
A-KRESKOWANIE
370
25
 48
0.05
100
AcDbPolyline
 90
2
 70
0
 10
-7.442298871988413
 20
4.331029034767605
 10
-7.336232854810431
 20
4.437095051945587
  0
LWPOLYLINE
  5
64E
330
17
100
AcDbEntity
  8
A-KRESKOWANIE
370
25
 48
0.05
100
AcDbPolyline
 90
2
 70
0
 10
-7.300877515751103
 20
4.472450391004914
 10
-7.223327906756017
 20
4.55
  0
LWPOLYLINE
  5
64F
330
17
100
AcDbEntity
  8
A-KRESKOWANIE
370
25
 48
0.05
100
AcDbPolyline
 90
2
 70
0
 10
-7.47
 20
4.409393923934002
 10
-7.329393923934002
 20
4.55
  0
LWPOLYLINE
  5
650
330
17
100
AcDbEntity
  8
A-KRESKOWANIE
370
25
 48
0.05
100
AcDbPolyline
 90
2
 70
0
 10
-7.47
 20
4.515459941111983
 10
-7.435459941111983
 20
4.55
  0
LWPOLYLINE
  5
651
330
17
100
AcDbEntity
  8
A-KRESKOWANIE
370
25
 48
0.05
100
AcDbPolyline
 90
2
 70
0
 10
-7.546525958289964
 20
4.545
 10
-7.47
 20
4.621525958289964
  0
LWPOLYLINE
  5
652
330
17
100
AcDbEntity
  8
A-KRESKOWANIE
370
25
 48
0.05
100
AcDbPolyline
 90
2
 70
0
 10
-7.652591975467947
 20
4.545
 10
-7.548364889166395
 20
4.6492270863015515
  0
LWPOLYLINE
  5
653
330
17
100
AcDbEntity
  8
A-KRESKOWANIE
370
25
 48
0.05
100
AcDbPolyline
 90
2
 70
0
 10
-7.513009550107068
 20
4.684582425360879
 10
-7.472591975467947
 20
4.725
  0
LWPOLYLINE
  5
654
330
17
100
AcDbEntity
  8
A-KRESKOWANIE
370
25
 48
0.05
100
AcDbPolyline
 90
2
 70
0
 10
-7.7586579926459285
 20
4.545
 10
-7.578657992645929
 20
4.725
  0
LWPOLYLINE
  5
655
330
17
100
AcDbEntity
  8
A-KRESKOWANIE
370
25
 48
0.05
100
AcDbPolyline
 90
2
 70
0
 10
-7.831207601641015
 20
4.578516408182897
 10
-7.725141584463033
 20
4.68458242536088
  0
LWPOLYLINE
  5
656
330
17
100
AcDbEntity
  8
A-KRESKOWANIE
370
25
 48
0.05
100
AcDbPolyline
 90
2
 70
0
 10
-7.689786245403706
 20
4.719937764420207
 10
-7.684724009823913
 20
4.725
  0
LWPOLYLINE
  5
657
330
17
100
AcDbEntity
  8
A-KRESKOWANIE
370
25
 48
0.05
100
AcDbPolyline
 90
2
 70
0
 10
-7.970790027001893
 20
4.545
 10
-7.790790027001894
 20
4.725
  0
LWPOLYLINE
  5
658
330
17
100
AcDbEntity
  8
A-KRESKOWANIE
370
25
 48
0.05
100
AcDbPolyline
 90
2
 70
0
 10
-8.076856044179875
 20
4.545
 10
-8.043339635996979
 20
4.578516408182896
  0
LWPOLYLINE
  5
659
330
17
100
AcDbEntity
  8
A-KRESKOWANIE
370
25
 48
0.05
100
AcDbPolyline
 90
2
 70
0
 10
-8.007984296937652
 20
4.613871747242223
 10
-7.901918279759669
 20
4.719937764420205
  0
LWPOLYLINE
  5
65A
330
17
100
AcDbEntity
  8
A-KRESKOWANIE
370
25
 48
0.05
100
AcDbPolyline
 90
2
 70
0
 10
-8.182922061357859
 20
4.545
 10
-8.002922061357859
 20
4.725
  0
LWPOLYLINE
  5
65B
330
17
100
AcDbEntity
  8
A-KRESKOWANIE
370
25
 48
0.05
100
AcDbPolyline
 90
2
 70
0
 10
-8.28898807853584
 20
4.545
 10
-8.220116331293616
 20
4.613871747242224
  0
LWPOLYLINE
  5
65C
330
17
100
AcDbEntity
  8
A-KRESKOWANIE
370
25
 48
0.05
100
AcDbPolyline
 90
2
 70
0
 10
-8.184760992234288
 20
4.6492270863015515
 10
-8.10898807853584
 20
4.725
  0
LWPOLYLINE
  5
65D
330
17
100
AcDbEntity
  8
A-KRESKOWANIE
370
25
 48
0.05
100
AcDbPolyline
 90
2
 70
0
 10
-8.395054095713823
 20
4.545
 10
-8.215054095713823
 20
4.725
  0
LWPOLYLINE
  5
65E
330
17
100
AcDbEntity
  8
A-KRESKOWANIE
370
25
 48
0.05
100
AcDbPolyline
 90
2
 70
0
 10
-8.501120112891803
 20
4.545
 10
-8.396893026590252
 20
4.6492270863015515
  0
LWPOLYLINE
  5
65F
330
17
100
AcDbEntity
  8
A-KRESKOWANIE
370
25
 48
0.05
100
AcDbPolyline
 90
2
 70
0
 10
-8.361537687530925
 20
4.684582425360879
 10
-8.321120112891803
 20
4.725
  0
LWPOLYLINE
  5
660
330
17
100
AcDbEntity
  8
A-KRESKOWANIE
370
25
 48
0.05
100
AcDbPolyline
 90
2
 70
0
 10
-8.607186130069787
 20
4.545
 10
-8.427186130069787
 20
4.725
  0
LWPOLYLINE
  5
661
330
17
100
AcDbEntity
  8
A-KRESKOWANIE
370
25
 48
0.05
100
AcDbPolyline
 90
2
 70
0
 10
-8.645
 20
4.613252147247769
 10
-8.573669721886889
 20
4.68458242536088
  0
LWPOLYLINE
  5
662
330
17
100
AcDbEntity
  8
A-KRESKOWANIE
370
25
 48
0.05
100
AcDbPolyline
 90
2
 70
0
 10
-8.538314382827561
 20
4.719937764420207
 10
-8.533252147247769
 20
4.725
  0
LWPOLYLINE
  5
663
330
17
100
AcDbEntity
  8
A-KRESKOWANIE
370
25
 48
0.05
100
AcDbPolyline
 90
2
 70
0
 10
-8.645
 20
4.719318164425751
 10
-8.63931816442575
 20
4.725
  0
LWPOLYLINE
  5
664
330
17
100
AcDbEntity
  8
A-KRESKOWANIE
370
25
 48
0.05
100
AcDbPolyline
 90
3
 70
0
 10
-8.85
 20
-0.3993589743589744
 10
-9.0425
 20
-0.3500000000000001
 10
-8.85
 20
-0.30064102564102557
  0
LWPOLYLINE
  5
665
330
17
100
AcDbEntity
  8
A-KRESKOWANIE
370
25
 48
0.05
100
AcDbPolyline
 90
3
 70
0
 10
-8.85
 20
-0.2993589743589745
 10
-9.0425
 20
-0.25
 10
-8.85
 20
-0.20064102564102546
  0
LWPOLYLINE
  5
666
330
17
100
AcDbEntity
  8
A-KRESKOWANIE
370
25
 48
0.05
100
AcDbPolyline
 90
61
 70
0
 10
-8.85
 20
-0.19935897435897446
 10
-9.0425
 20
-0.1499999999999999
 10
-8.8475
 20
-0.10000000000000009
 10
-9.0425
 20
-0.050000000000000044
 10
-8.8475
 20
0.0
 10
-9.0425
 20
0.050000000000000044
 10
-8.8475
 20
0.10000000000000009
 10
-9.0425
 20
0.1499999999999999
 10
-8.8475
 20
0.20000000000000007
 10
-9.0425
 20
0.25
 10
-8.8475
 20
0.30000000000000004
 10
-9.0425
 20
0.3500000000000001
 10
-8.8475
 20
0.4
 10
-9.0425
 20
0.45000000000000007
 10
-8.8475
 20
0.5
 10
-9.0425
 20
0.55
 10
-8.8475
 20
0.6000000000000001
 10
-9.0425
 20
0.6500000000000001
 10
-8.8475
 20
0.7000000000000002
 10
-9.0425
 20
0.75
 10
-8.8475
 20
0.8
 10
-9.0425
 20
0.8500000000000001
 10
-8.8475
 20
0.9000000000000001
 10
-9.0425
 20
0.9500000000000002
 10
-8.8475
 20
1.0
 10
-9.0425
 20
1.05
 10
-8.8475
 20
1.1
 10
-9.0425
 20
1.1500000000000001
 10
-8.8475
 20
1.2000000000000002
 10
-9.0425
 20
1.25
 10
-8.8475
 20
1.3
 10
-9.0425
 20
1.35
 10
-8.8475
 20
1.4000000000000001
 10
-9.0425
 20
1.4500000000000002
 10
-8.8475
 20
1.5
 10
-9.0425
 20
1.5500000000000003
 10
-8.8475
 20
1.6
 10
-9.0425
 20
1.65
 10
-8.8475
 20
1.7000000000000002
 10
-9.0425
 20
1.75
 10
-8.8475
 20
1.8000000000000003
 10
-9.0425
 20
1.85
 10
-8.8475
 20
1.9000000000000004
 10
-9.0425
 20
1.9500000000000002
 10
-8.8475
 20
2.0
 10
-9.0425
 20
2.0500000000000003
 10
-8.8475
 20
2.1
 10
-9.0425
 20
2.1500000000000004
 10
-8.8475
 20
2.2
 10
-9.0425
 20
2.25
 10
-8.8475
 20
2.3000000000000003
 10
-9.0425
 20
2.35
 10
-8.8475
 20
2.4000000000000004
 10
-9.0425
 20
2.45
 10
-8.8475
 20
2.5
 10
-9.0425
 20
2.5500000000000003
 10
-8.8475
 20
2.6
 10
-9.0425
 20
2.6500000000000004
 10
-8.8475
 20
2.7
 10
-9.0425
 20
2.75
 10
-8.925500000000001
 20
2.78
  0
LWPOLYLINE
  5
667
330
17
100
AcDbEntity
  8
A-KRESKOWANIE
370
25
 48
0.05
100
AcDbPolyline
 90
60
 70
0
 10
-8.8475
 20
3.0
 10
-9.0425
 20
3.05
 10
-8.8475
 20
3.0999999999999996
 10
-9.0425
 20
3.15
 10
-8.8475
 20
3.2
 10
-9.0425
 20
3.25
 10
-8.8475
 20
3.3
 10
-9.0425
 20
3.3499999999999996
 10
-8.8475
 20
3.4
 10
-9.0425
 20
3.45
 10
-8.8475
 20
3.5
 10
-9.0425
 20
3.55
 10
-8.8475
 20
3.6
 10
-9.0425
 20
3.65
 10
-8.8475
 20
3.7
 10
-9.0425
 20
3.75
 10
-8.8475
 20
3.8
 10
-9.0425
 20
3.85
 10
-8.8475
 20
3.9
 10
-9.0425
 20
3.95
 10
-8.8475
 20
4.0
 10
-9.0425
 20
4.05
 10
-8.8475
 20
4.1
 10
-9.0425
 20
4.15
 10
-8.8475
 20
4.2
 10
-9.0425
 20
4.25
 10
-8.8475
 20
4.3
 10
-9.0425
 20
4.35
 10
-8.8475
 20
4.4
 10
-9.0425
 20
4.45
 10
-8.8475
 20
4.5
 10
-9.0425
 20
4.55
 10
-8.8475
 20
4.6
 10
-9.0425
 20
4.65
 10
-8.8475
 20
4.7
 10
-9.0425
 20
4.75
 10
-8.8475
 20
4.8
 10
-9.0425
 20
4.85
 10
-8.8475
 20
4.9
 10
-9.0425
 20
4.95
 10
-8.8475
 20
5.0
 10
-9.0425
 20
5.05
 10
-8.8475
 20
5.1
 10
-9.0425
 20
5.15
 10
-8.8475
 20
5.2
 10
-9.0425
 20
5.25
 10
-8.8475
 20
5.300000000000001
 10
-9.0425
 20
5.35
 10
-8.8475
 20
5.4
 10
-9.0425
 20
5.45
 10
-8.8475
 20
5.5
 10
-9.0425
 20
5.550000000000001
 10
-8.8475
 20
5.6
 10
-9.0425
 20
5.65
 10
-8.8475
 20
5.7
 10
-9.0425
 20
5.75
 10
-8.8475
 20
5.800000000000001
 10
-9.0425
 20
5.85
 10
-8.8475
 20
5.9
 10
-8.964499999999997
 20
5.93
  0
LWPOLYLINE
  5
668
330
17
100
AcDbEntity
  8
A-KRESKOWANIE
370
25
 48
0.05
100
AcDbPolyline
 90
327
 70
0
 10
0.147499999999995
 20
6.1499999999999995
 10
0.14750000000000002
 20
6.15
 10
0.23249999999999998
 20
6.15
 10
0.24960100716628342
 20
6.153015368960705
 10
0.26463938048432695
 20
6.161697777844051
 10
0.2758012701892219
 20
6.175
 10
0.2817403876506104
 20
6.191317591116653
 10
0.2817403876506104
 20
6.208682408883346
 10
0.27580127018922196
 20
6.225
 10
0.264639380484327
 20
6.238302222155949
 10
0.24960100716628342
 20
6.246984631039295
 10
0.2325
 20
6.25
 10
0.23249999999999998
 20
6.25
 10
0.14750000000000002
 20
6.25
 10
0.1475
 20
6.25
 10
0.13039899283371656
 20
6.253015368960705
 10
0.11536061951567303
 20
6.261697777844051
 10
0.10419872981077807
 20
6.275
 10
0.0982596123493896
 20
6.291317591116654
 10
0.0982596123493896
 20
6.308682408883347
 10
0.10419872981077807
 20
6.325
 10
0.11536061951567303
 20
6.338302222155949
 10
0.13039899283371656
 20
6.346984631039295
 10
0.14750000000000002
 20
6.35
 10
0.23249999999999998
 20
6.35
 10
0.24960100716628342
 20
6.353015368960705
 10
0.26463938048432695
 20
6.361697777844052
 10
0.2758012701892219
 20
6.375
 10
0.2817403876506104
 20
6.391317591116653
 10
0.2817403876506104
 20
6.4086824088833465
 10
0.27580127018922196
 20
6.425
 10
0.264639380484327
 20
6.438302222155949
 10
0.24960100716628342
 20
6.446984631039296
 10
0.2325
 20
6.45
 10
0.23249999999999998
 20
6.45
 10
0.14750000000000002
 20
6.45
 10
0.1475
 20
6.45
 10
0.13039899283371656
 20
6.453015368960704
 10
0.11536061951567303
 20
6.461697777844051
 10
0.10419872981077807
 20
6.4750000000000005
 10
0.0982596123493896
 20
6.491317591116654
 10
0.0982596123493896
 20
6.508682408883347
 10
0.10419872981077807
 20
6.525
 10
0.11536061951567303
 20
6.538302222155949
 10
0.13039899283371656
 20
6.546984631039296
 10
0.14750000000000002
 20
6.550000000000001
 10
0.23249999999999998
 20
6.550000000000001
 10
0.24960100716628342
 20
6.553015368960705
 10
0.26463938048432695
 20
6.561697777844051
 10
0.2758012701892219
 20
6.575
 10
0.2817403876506104
 20
6.5913175911166535
 10
0.2817403876506104
 20
6.608682408883347
 10
0.27580127018922196
 20
6.625
 10
0.264639380484327
 20
6.638302222155949
 10
0.24960100716628342
 20
6.646984631039295
 10
0.2325
 20
6.65
 10
0.23249999999999998
 20
6.65
 10
0.14750000000000002
 20
6.65
 10
0.1475
 20
6.65
 10
0.13039899283371656
 20
6.653015368960705
 10
0.11536061951567303
 20
6.661697777844052
 10
0.10419872981077807
 20
6.675000000000001
 10
0.0982596123493896
 20
6.691317591116654
 10
0.0982596123493896
 20
6.708682408883346
 10
0.10419872981077807
 20
6.7250000000000005
 10
0.11536061951567303
 20
6.73830222215595
 10
0.13039899283371656
 20
6.746984631039296
 10
0.14750000000000002
 20
6.75
 10
0.23249999999999998
 20
6.75
 10
0.24960100716628342
 20
6.753015368960705
 10
0.26463938048432695
 20
6.761697777844051
 10
0.2758012701892219
 20
6.775
 10
0.2817403876506104
 20
6.791317591116654
 10
0.2817403876506104
 20
6.808682408883347
 10
0.27580127018922196
 20
6.825
 10
0.264639380484327
 20
6.838302222155949
 10
0.24960100716628342
 20
6.846984631039295
 10
0.2325
 20
6.8500000000000005
 10
0.23249999999999998
 20
6.8500000000000005
 10
0.14750000000000002
 20
6.8500000000000005
 10
0.1475
 20
6.8500000000000005
 10
0.13039899283371656
 20
6.853015368960705
 10
0.11536061951567303
 20
6.861697777844052
 10
0.10419872981077807
 20
6.875
 10
0.0982596123493896
 20
6.891317591116653
 10
0.0982596123493896
 20
6.9086824088833465
 10
0.10419872981077807
 20
6.925000000000001
 10
0.11536061951567303
 20
6.938302222155949
 10
0.13039899283371656
 20
6.946984631039296
 10
0.14750000000000002
 20
6.95
 10
0.23249999999999998
 20
6.95
 10
0.24960100716628342
 20
6.953015368960704
 10
0.26463938048432695
 20
6.961697777844051
 10
0.2758012701892219
 20
6.9750000000000005
 10
0.2817403876506104
 20
6.991317591116654
 10
0.2817403876506104
 20
7.008682408883347
 10
0.27580127018922196
 20
7.025
 10
0.264639380484327
 20
7.0383022221559495
 10
0.24960100716628342
 20
7.046984631039296
 10
0.2325
 20
7.050000000000001
 10
0.23249999999999998
 20
7.05
 10
0.14750000000000002
 20
7.05
 10
0.1475
 20
7.05
 10
0.13039899283371656
 20
7.053015368960705
 10
0.11536061951567303
 20
7.061697777844051
 10
0.10419872981077807
 20
7.075
 10
0.0982596123493896
 20
7.0913175911166535
 10
0.0982596123493896
 20
7.108682408883347
 10
0.10419872981077807
 20
7.125
 10
0.11536061951567303
 20
7.138302222155949
 10
0.13039899283371656
 20
7.146984631039295
 10
0.14750000000000002
 20
7.15
 10
0.23249999999999998
 20
7.15
 10
0.24960100716628342
 20
7.153015368960705
 10
0.26463938048432695
 20
7.161697777844052
 10
0.2758012701892219
 20
7.175
 10
0.2817403876506104
 20
7.191317591116654
 10
0.2817403876506104
 20
7.208682408883346
 10
0.27580127018922196
 20
7.225
 10
0.264639380484327
 20
7.238302222155949
 10
0.24960100716628342
 20
7.246984631039296
 10
0.2325
 20
7.25
 10
0.23249999999999998
 20
7.25
 10
0.14750000000000002
 20
7.25
 10
0.1475
 20
7.25
 10
0.13039899283371656
 20
7.253015368960705
 10
0.11536061951567303
 20
7.261697777844051
 10
0.10419872981077807
 20
7.275
 10
0.0982596123493896
 20
7.291317591116654
 10
0.0982596123493896
 20
7.308682408883347
 10
0.10419872981077807
 20
7.325
 10
0.11536061951567303
 20
7.338302222155949
 10
0.13039899283371656
 20
7.346984631039295
 10
0.14750000000000002
 20
7.35
 10
0.23249999999999998
 20
7.35
 10
0.24960100716628342
 20
7.353015368960705
 10
0.26463938048432695
 20
7.361697777844051
 10
0.2758012701892219
 20
7.375
 10
0.2817403876506104
 20
7.391317591116653
 10
0.2817403876506104
 20
7.4086824088833465
 10
0.27580127018922196
 20
7.425
 10
0.264639380484327
 20
7.438302222155949
 10
0.24960100716628342
 20
7.446984631039295
 10
0.2325
 20
7.45
 10
0.23249999999999998
 20
7.45
 10
0.14750000000000002
 20
7.45
 10
0.1475
 20
7.45
 10
0.13039899283371656
 20
7.453015368960704
 10
0.11536061951567303
 20
7.461697777844051
 10
0.10419872981077807
 20
7.475
 10
0.0982596123493896
 20
7.491317591116654
 10
0.0982596123493896
 20
7.508682408883347
 10
0.10419872981077807
 20
7.525
 10
0.11536061951567303
 20
7.538302222155949
 10
0.13039899283371656
 20
7.546984631039296
 10
0.14750000000000002
 20
7.55
 10
0.23249999999999998
 20
7.55
 10
0.24960100716628342
 20
7.553015368960705
 10
0.26463938048432695
 20
7.561697777844051
 10
0.2758012701892219
 20
7.575
 10
0.2817403876506104
 20
7.5913175911166535
 10
0.2817403876506104
 20
7.608682408883347
 10
0.27580127018922196
 20
7.625
 10
0.264639380484327
 20
7.638302222155949
 10
0.24960100716628342
 20
7.646984631039295
 10
0.2325
 20
7.65
 10
0.23249999999999998
 20
7.65
 10
0.14750000000000002
 20
7.65
 10
0.1475
 20
7.65
 10
0.13039899283371656
 20
7.653015368960705
 10
0.11536061951567303
 20
7.661697777844052
 10
0.10419872981077807
 20
7.675
 10
0.0982596123493896
 20
7.691317591116654
 10
0.0982596123493896
 20
7.708682408883346
 10
0.10419872981077807
 20
7.7250000000000005
 10
0.11536061951567303
 20
7.738302222155949
 10
0.13039899283371656
 20
7.746984631039296
 10
0.14750000000000002
 20
7.75
 10
0.23249999999999998
 20
7.75
 10
0.24960100716628342
 20
7.753015368960705
 10
0.26463938048432695
 20
7.761697777844051
 10
0.2758012701892219
 20
7.775
 10
0.2817403876506104
 20
7.791317591116654
 10
0.2817403876506104
 20
7.808682408883347
 10
0.27580127018922196
 20
7.825
 10
0.264639380484327
 20
7.838302222155949
 10
0.24960100716628342
 20
7.846984631039295
 10
0.2325
 20
7.85
 10
0.23249999999999998
 20
7.8500000000000005
 10
0.14750000000000002
 20
7.8500000000000005
 10
0.1475
 20
7.8500000000000005
 10
0.13039899283371656
 20
7.853015368960705
 10
0.11536061951567303
 20
7.861697777844051
 10
0.10419872981077807
 20
7.875
 10
0.0982596123493896
 20
7.891317591116653
 10
0.0982596123493896
 20
7.9086824088833465
 10
0.10419872981077807
 20
7.925
 10
0.11536061951567303
 20
7.938302222155949
 10
0.13039899283371656
 20
7.946984631039296
 10
0.14750000000000002
 20
7.95
 10
0.23249999999999998
 20
7.95
 10
0.24960100716628342
 20
7.953015368960704
 10
0.26463938048432695
 20
7.961697777844051
 10
0.2758012701892219
 20
7.975
 10
0.2817403876506104
 20
7.991317591116654
 10
0.2817403876506104
 20
8.008682408883347
 10
0.27580127018922196
 20
8.025
 10
0.264639380484327
 20
8.038302222155949
 10
0.24960100716628342
 20
8.046984631039296
 10
0.2325
 20
8.05
 10
0.23249999999999998
 20
8.05
 10
0.14750000000000002
 20
8.05
 10
0.1475
 20
8.05
 10
0.13039899283371656
 20
8.053015368960704
 10
0.11536061951567303
 20
8.061697777844051
 10
0.10419872981077807
 20
8.075
 10
0.0982596123493896
 20
8.091317591116654
 10
0.0982596123493896
 20
8.108682408883347
 10
0.10419872981077807
 20
8.125
 10
0.11536061951567303
 20
8.138302222155948
 10
0.13039899283371656
 20
8.146984631039295
 10
0.14750000000000002
 20
8.15
 10
0.23249999999999998
 20
8.15
 10
0.24960100716628342
 20
8.153015368960705
 10
0.26463938048432695
 20
8.16169777784405
 10
0.2758012701892219
 20
8.175
 10
0.2817403876506104
 20
8.191317591116654
 10
0.2817403876506104
 20
8.208682408883346
 10
0.27580127018922196
 20
8.225
 10
0.264639380484327
 20
8.23830222215595
 10
0.24960100716628342
 20
8.246984631039295
 10
0.2325
 20
8.25
 10
0.23249999999999998
 20
8.25
 10
0.14750000000000002
 20
8.25
 10
0.1475
 20
8.25
 10
0.13039899283371656
 20
8.253015368960705
 10
0.11536061951567303
 20
8.261697777844052
 10
0.10419872981077807
 20
8.275
 10
0.0982596123493896
 20
8.291317591116654
 10
0.0982596123493896
 20
8.308682408883346
 10
0.10419872981077807
 20
8.325
 10
0.11536061951567303
 20
8.33830222215595
 10
0.13039899283371656
 20
8.346984631039296
 10
0.14750000000000002
 20
8.35
 10
0.23249999999999998
 20
8.35
 10
0.24960100716628342
 20
8.353015368960705
 10
0.26463938048432695
 20
8.361697777844052
 10
0.2758012701892219
 20
8.375
 10
0.2817403876506104
 20
8.391317591116653
 10
0.2817403876506104
 20
8.408682408883347
 10
0.27580127018922196
 20
8.425
 10
0.264639380484327
 20
8.438302222155949
 10
0.24960100716628342
 20
8.446984631039296
 10
0.2325
 20
8.45
 10
0.23249999999999998
 20
8.45
 10
0.14750000000000002
 20
8.45
 10
0.1475
 20
8.45
 10
0.13039899283371656
 20
8.453015368960704
 10
0.11536061951567303
 20
8.461697777844051
 10
0.10419872981077807
 20
8.475
 10
0.0982596123493896
 20
8.491317591116653
 10
0.0982596123493896
 20
8.508682408883347
 10
0.10419872981077807
 20
8.525
 10
0.11536061951567303
 20
8.538302222155949
 10
0.13039899283371656
 20
8.546984631039296
 10
0.14750000000000002
 20
8.55
 10
0.23249999999999998
 20
8.55
 10
0.24960100716628342
 20
8.553015368960704
 10
0.26463938048432695
 20
8.561697777844051
 10
0.2758012701892219
 20
8.575
 10
0.2817403876506104
 20
8.591317591116654
 10
0.2817403876506104
 20
8.608682408883347
 10
0.27580127018922196
 20
8.625
 10
0.264639380484327
 20
8.638302222155948
 10
0.24960100716628342
 20
8.646984631039295
 10
0.2325
 20
8.65
 10
0.23249999999999998
 20
8.65
 10
0.14750000000000002
 20
8.65
 10
0.1475
 20
8.65
 10
0.13039899283371656
 20
8.653015368960705
 10
0.11536061951567303
 20
8.66169777784405
 10
0.10419872981077807
 20
8.675
 10
0.0982596123493896
 20
8.691317591116654
 10
0.0982596123493896
 20
8.708682408883346
 10
0.10419872981077807
 20
8.725
 10
0.11536061951567303
 20
8.73830222215595
 10
0.13039899283371656
 20
8.746984631039295
 10
0.14750000000000002
 20
8.75
 10
0.23249999999999998
 20
8.75
 10
0.24960100716628342
 20
8.753015368960705
 10
0.26463938048432695
 20
8.761697777844052
 10
0.2758012701892219
 20
8.775
 10
0.2817403876506104
 20
8.791317591116654
 10
0.2817403876506104
 20
8.808682408883346
 10
0.27580127018922196
 20
8.825
 10
0.264639380484327
 20
8.83830222215595
 10
0.24960100716628342
 20
8.846984631039296
 10
0.2325
 20
8.85
 10
0.23249999999999998
 20
8.85
 10
0.14750000000000002
 20
8.85
 10
0.1475
 20
8.85
 10
0.13039899283371656
 20
8.853015368960705
 10
0.11536061951567303
 20
8.861697777844052
 10
0.10419872981077807
 20
8.875
 10
0.0982596123493896
 20
8.891317591116653
 10
0.0982596123493896
 20
8.908682408883347
 10
0.10419872981077807
 20
8.925
 10
0.11536061951567303
 20
8.938302222155949
 10
0.13039899283371656
 20
8.946984631039296
 10
0.14750000000000002
 20
8.950000000000001
 10
0.23249999999999998
 20
8.950000000000001
 10
0.24960100716628342
 20
8.953015368960704
 10
0.26463938048432695
 20
8.961697777844051
 10
0.2758012701892219
 20
8.975000000000001
 10
0.2817403876506104
 20
8.991317591116655
 10
0.2817403876506104
 20
9.008682408883347
 10
0.27580127018922196
 20
9.025
 10
0.264639380484327
 20
9.038302222155949
 10
0.24960100716628342
 20
9.046984631039296
 10
0.2325
 20
9.05
 10
0.23249999999999998
 20
9.05
 10
0.14750000000000002
 20
9.05
 10
0.1475
 20
9.05
 10
0.13039899283371656
 20
9.053015368960706
 10
0.11536061951567303
 20
9.061697777844051
 10
0.10419872981077807
 20
9.075000000000001
 10
0.1023788786394474
 20
9.08
  0
LWPOLYLINE
  5
669
330
17
100
AcDbEntity
  8
A-KRESKOWANIE
370
25
 48
0.05
100
AcDbPolyline
 90
172
 70
0
 10
-8.645
 20
-0.1375
 10
-8.594999999999999
 20
-0.08750000000000001
 10
-8.544999999999998
 20
-0.1375
 10
-8.495
 20
-0.08750000000000001
 10
-8.445
 20
-0.1375
 10
-8.395
 20
-0.08750000000000001
 10
-8.344999999999999
 20
-0.1375
 10
-8.294999999999998
 20
-0.08750000000000001
 10
-8.245
 20
-0.1375
 10
-8.195
 20
-0.08750000000000001
 10
-8.145
 20
-0.1375
 10
-8.094999999999999
 20
-0.08750000000000001
 10
-8.044999999999998
 20
-0.1375
 10
-7.994999999999999
 20
-0.08750000000000001
 10
-7.944999999999999
 20
-0.1375
 10
-7.895
 20
-0.08750000000000001
 10
-7.844999999999999
 20
-0.1375
 10
-7.794999999999999
 20
-0.08750000000000001
 10
-7.744999999999999
 20
-0.1375
 10
-7.694999999999999
 20
-0.08750000000000001
 10
-7.645
 20
-0.1375
 10
-7.594999999999999
 20
-0.08750000000000001
 10
-7.544999999999999
 20
-0.1375
 10
-7.494999999999999
 20
-0.08750000000000001
 10
-7.444999999999999
 20
-0.1375
 10
-7.395
 20
-0.08750000000000001
 10
-7.344999999999999
 20
-0.1375
 10
-7.294999999999999
 20
-0.08750000000000001
 10
-7.244999999999999
 20
-0.1375
 10
-7.194999999999999
 20
-0.08750000000000001
 10
-7.145
 20
-0.1375
 10
-7.094999999999999
 20
-0.08750000000000001
 10
-7.044999999999999
 20
-0.1375
 10
-6.994999999999999
 20
-0.08750000000000001
 10
-6.944999999999999
 20
-0.1375
 10
-6.895
 20
-0.08750000000000001
 10
-6.844999999999999
 20
-0.1375
 10
-6.794999999999999
 20
-0.08750000000000001
 10
-6.744999999999999
 20
-0.1375
 10
-6.6949999999999985
 20
-0.08750000000000001
 10
-6.645
 20
-0.1375
 10
-6.594999999999999
 20
-0.08750000000000001
 10
-6.544999999999999
 20
-0.1375
 10
-6.494999999999999
 20
-0.08750000000000001
 10
-6.4449999999999985
 20
-0.1375
 10
-6.395
 20
-0.08750000000000001
 10
-6.344999999999999
 20
-0.1375
 10
-6.294999999999999
 20
-0.08750000000000001
 10
-6.244999999999999
 20
-0.1375
 10
-6.1949999999999985
 20
-0.08750000000000001
 10
-6.145
 20
-0.1375
 10
-6.094999999999999
 20
-0.08750000000000001
 10
-6.044999999999999
 20
-0.1375
 10
-5.994999999999999
 20
-0.08750000000000001
 10
-5.9449999999999985
 20
-0.1375
 10
-5.895
 20
-0.08750000000000001
 10
-5.844999999999999
 20
-0.1375
 10
-5.794999999999999
 20
-0.08750000000000001
 10
-5.744999999999999
 20
-0.1375
 10
-5.6949999999999985
 20
-0.08750000000000001
 10
-5.645
 20
-0.1375
 10
-5.594999999999999
 20
-0.08750000000000001
 10
-5.544999999999999
 20
-0.1375
 10
-5.494999999999999
 20
-0.08750000000000001
 10
-5.4449999999999985
 20
-0.1375
 10
-5.395
 20
-0.08750000000000001
 10
-5.344999999999999
 20
-0.1375
 10
-5.294999999999999
 20
-0.08750000000000001
 10
-5.244999999999999
 20
-0.1375
 10
-5.1949999999999985
 20
-0.08750000000000001
 10
-5.145
 20
-0.1375
 10
-5.094999999999999
 20
-0.08750000000000001
 10
-5.044999999999999
 20
-0.1375
 10
-4.994999999999999
 20
-0.08750000000000001
 10
-4.9449999999999985
 20
-0.1375
 10
-4.895
 20
-0.08750000000000001
 10
-4.844999999999999
 20
-0.1375
 10
-4.794999999999999
 20
-0.08750000000000001
 10
-4.744999999999999
 20
-0.1375
 10
-4.694999999999999
 20
-0.08750000000000001
 10
-4.644999999999999
 20
-0.1375
 10
-4.594999999999999
 20
-0.08750000000000001
 10
-4.544999999999999
 20
-0.1375
 10
-4.494999999999999
 20
-0.08750000000000001
 10
-4.444999999999999
 20
-0.1375
 10
-4.394999999999999
 20
-0.08750000000000001
 10
-4.344999999999999
 20
-0.1375
 10
-4.294999999999999
 20
-0.08750000000000001
 10
-4.244999999999999
 20
-0.1375
 10
-4.194999999999999
 20
-0.08750000000000001
 10
-4.144999999999999
 20
-0.1375
 10
-4.094999999999999
 20
-0.08750000000000001
 10
-4.044999999999999
 20
-0.1375
 10
-3.994999999999999
 20
-0.08750000000000001
 10
-3.9449999999999985
 20
-0.1375
 10
-3.8949999999999987
 20
-0.08750000000000001
 10
-3.844999999999999
 20
-0.1375
 10
-3.794999999999999
 20
-0.08750000000000001
 10
-3.744999999999999
 20
-0.1375
 10
-3.6949999999999985
 20
-0.08750000000000001
 10
-3.6449999999999987
 20
-0.1375
 10
-3.594999999999999
 20
-0.08750000000000001
 10
-3.544999999999999
 20
-0.1375
 10
-3.494999999999999
 20
-0.08750000000000001
 10
-3.4449999999999985
 20
-0.1375
 10
-3.3949999999999987
 20
-0.08750000000000001
 10
-3.344999999999999
 20
-0.1375
 10
-3.294999999999999
 20
-0.08750000000000001
 10
-3.244999999999999
 20
-0.1375
 10
-3.1949999999999985
 20
-0.08750000000000001
 10
-3.1449999999999987
 20
-0.1375
 10
-3.094999999999999
 20
-0.08750000000000001
 10
-3.044999999999999
 20
-0.1375
 10
-2.994999999999999
 20
-0.08750000000000001
 10
-2.9449999999999985
 20
-0.1375
 10
-2.8949999999999987
 20
-0.08750000000000001
 10
-2.844999999999999
 20
-0.1375
 10
-2.794999999999999
 20
-0.08750000000000001
 10
-2.744999999999999
 20
-0.1375
 10
-2.6949999999999985
 20
-0.08750000000000001
 10
-2.6449999999999987
 20
-0.1375
 10
-2.594999999999999
 20
-0.08750000000000001
 10
-2.544999999999999
 20
-0.1375
 10
-2.494999999999999
 20
-0.08750000000000001
 10
-2.4449999999999985
 20
-0.1375
 10
-2.3949999999999987
 20
-0.08750000000000001
 10
-2.344999999999999
 20
-0.1375
 10
-2.294999999999999
 20
-0.08750000000000001
 10
-2.244999999999999
 20
-0.1375
 10
-2.1949999999999985
 20
-0.08750000000000001
 10
-2.1449999999999987
 20
-0.1375
 10
-2.094999999999999
 20
-0.08750000000000001
 10
-2.044999999999999
 20
-0.1375
 10
-1.9949999999999992
 20
-0.08750000000000001
 10
-1.9449999999999985
 20
-0.1375
 10
-1.8949999999999987
 20
-0.08750000000000001
 10
-1.8449999999999989
 20
-0.1375
 10
-1.794999999999999
 20
-0.08750000000000001
 10
-1.7449999999999992
 20
-0.1375
 10
-1.6949999999999985
 20
-0.08750000000000001
 10
-1.6449999999999987
 20
-0.1375
 10
-1.5949999999999989
 20
-0.08750000000000001
 10
-1.544999999999999
 20
-0.1375
 10
-1.4949999999999992
 20
-0.08750000000000001
 10
-1.4449999999999985
 20
-0.1375
 10
-1.3949999999999987
 20
-0.08750000000000001
 10
-1.3449999999999989
 20
-0.1375
 10
-1.294999999999999
 20
-0.08750000000000001
 10
-1.2449999999999992
 20
-0.1375
 10
-1.1949999999999985
 20
-0.08750000000000001
 10
-1.1449999999999987
 20
-0.1375
 10
-1.0949999999999989
 20
-0.08750000000000001
 10
-1.044999999999999
 20
-0.1375
 10
-0.9949999999999992
 20
-0.08750000000000001
 10
-0.9449999999999985
 20
-0.1375
 10
-0.8949999999999987
 20
-0.08750000000000001
 10
-0.8449999999999989
 20
-0.1375
 10
-0.794999999999999
 20
-0.08750000000000001
 10
-0.7449999999999992
 20
-0.1375
 10
-0.6949999999999985
 20
-0.08750000000000001
 10
-0.6449999999999996
 20
-0.1375
 10
-0.5949999999999989
 20
-0.08750000000000001
 10
-0.5449999999999982
 20
-0.1375
 10
-0.4949999999999992
 20
-0.08750000000000001
 10
-0.4449999999999985
 20
-0.1375
 10
-0.3949999999999996
 20
-0.08750000000000001
 10
-0.34499999999999886
 20
-0.1375
 10
-0.29499999999999815
 20
-0.08750000000000001
 10
-0.24499999999999922
 20
-0.1375
 10
-0.1949999999999985
 20
-0.08750000000000001
 10
-0.14499999999999957
 20
-0.1375
 10
-0.105
 20
-0.097500000000001
  0
LWPOLYLINE
  5
66A
330
17
100
AcDbEntity
  8
A-KRESKOWANIE
370
25
 48
0.05
100
AcDbPolyline
 90
115
 70
0
 10
-8.45
 20
-0.5927
 10
-8.379999999999999
 20
-0.40750000000000003
 10
-8.309999999999999
 20
-0.5927
 10
-8.239999999999998
 20
-0.40750000000000003
 10
-8.169999999999998
 20
-0.5927
 10
-8.1
 20
-0.40750000000000003
 10
-8.03
 20
-0.5927
 10
-7.959999999999999
 20
-0.40750000000000003
 10
-7.889999999999999
 20
-0.5927
 10
-7.8199999999999985
 20
-0.40750000000000003
 10
-7.749999999999999
 20
-0.5927
 10
-7.679999999999999
 20
-0.40750000000000003
 10
-7.609999999999999
 20
-0.5927
 10
-7.539999999999999
 20
-0.40750000000000003
 10
-7.469999999999999
 20
-0.5927
 10
-7.399999999999999
 20
-0.40750000000000003
 10
-7.329999999999999
 20
-0.5927
 10
-7.259999999999999
 20
-0.40750000000000003
 10
-7.1899999999999995
 20
-0.5927
 10
-7.119999999999999
 20
-0.40750000000000003
 10
-7.049999999999999
 20
-0.5927
 10
-6.979999999999999
 20
-0.40750000000000003
 10
-6.909999999999999
 20
-0.5927
 10
-6.839999999999999
 20
-0.40750000000000003
 10
-6.77
 20
-0.5927
 10
-6.699999999999999
 20
-0.40750000000000003
 10
-6.629999999999999
 20
-0.5927
 10
-6.559999999999999
 20
-0.40750000000000003
 10
-6.489999999999999
 20
-0.5927
 10
-6.419999999999999
 20
-0.40750000000000003
 10
-6.35
 20
-0.5927
 10
-6.279999999999999
 20
-0.40750000000000003
 10
-6.209999999999999
 20
-0.5927
 10
-6.139999999999999
 20
-0.40750000000000003
 10
-6.069999999999999
 20
-0.5927
 10
-5.999999999999999
 20
-0.40750000000000003
 10
-5.93
 20
-0.5927
 10
-5.859999999999999
 20
-0.40750000000000003
 10
-5.789999999999999
 20
-0.5927
 10
-5.719999999999999
 20
-0.40750000000000003
 10
-5.6499999999999995
 20
-0.5927
 10
-5.579999999999999
 20
-0.40750000000000003
 10
-5.51
 20
-0.5927
 10
-5.4399999999999995
 20
-0.40750000000000003
 10
-5.369999999999999
 20
-0.5927
 10
-5.299999999999999
 20
-0.40750000000000003
 10
-5.2299999999999995
 20
-0.5927
 10
-5.159999999999999
 20
-0.40750000000000003
 10
-5.09
 20
-0.5927
 10
-5.02
 20
-0.40750000000000003
 10
-4.949999999999999
 20
-0.5927
 10
-4.879999999999999
 20
-0.40750000000000003
 10
-4.809999999999999
 20
-0.5927
 10
-4.739999999999999
 20
-0.40750000000000003
 10
-4.67
 20
-0.5927
 10
-4.6
 20
-0.40750000000000003
 10
-4.529999999999999
 20
-0.5927
 10
-4.459999999999999
 20
-0.40750000000000003
 10
-4.39
 20
-0.5927
 10
-4.319999999999999
 20
-0.40750000000000003
 10
-4.249999999999999
 20
-0.5927
 10
-4.18
 20
-0.40750000000000003
 10
-4.109999999999999
 20
-0.5927
 10
-4.039999999999999
 20
-0.40750000000000003
 10
-3.9699999999999998
 20
-0.5927
 10
-3.8999999999999995
 20
-0.40750000000000003
 10
-3.829999999999999
 20
-0.5927
 10
-3.76
 20
-0.40750000000000003
 10
-3.6899999999999995
 20
-0.5927
 10
-3.619999999999999
 20
-0.40750000000000003
 10
-3.55
 20
-0.5927
 10
-3.4799999999999995
 20
-0.40750000000000003
 10
-3.4099999999999993
 20
-0.5927
 10
-3.34
 20
-0.40750000000000003
 10
-3.2699999999999996
 20
-0.5927
 10
-3.1999999999999993
 20
-0.40750000000000003
 10
-3.13
 20
-0.5927
 10
-3.0599999999999996
 20
-0.40750000000000003
 10
-2.9899999999999993
 20
-0.5927
 10
-2.92
 20
-0.40750000000000003
 10
-2.8499999999999996
 20
-0.5927
 10
-2.7799999999999994
 20
-0.40750000000000003
 10
-2.71
 20
-0.5927
 10
-2.6399999999999997
 20
-0.40750000000000003
 10
-2.5699999999999994
 20
-0.5927
 10
-2.5
 20
-0.40750000000000003
 10
-2.4299999999999997
 20
-0.5927
 10
-2.3599999999999994
 20
-0.40750000000000003
 10
-2.29
 20
-0.5927
 10
-2.2199999999999998
 20
-0.40750000000000003
 10
-2.1499999999999995
 20
-0.5927
 10
-2.08
 20
-0.40750000000000003
 10
-2.01
 20
-0.5927
 10
-1.9399999999999995
 20
-0.40750000000000003
 10
-1.87
 20
-0.5927
 10
-1.7999999999999998
 20
-0.40750000000000003
 10
-1.7299999999999995
 20
-0.5927
 10
-1.6599999999999993
 20
-0.40750000000000003
 10
-1.5899999999999999
 20
-0.5927
 10
-1.5199999999999996
 20
-0.40750000000000003
 10
-1.4499999999999993
 20
-0.5927
 10
-1.38
 20
-0.40750000000000003
 10
-1.3099999999999996
 20
-0.5927
 10
-1.2399999999999993
 20
-0.40750000000000003
 10
-1.17
 20
-0.5927
 10
-1.0999999999999996
 20
-0.40750000000000003
 10
-1.0299999999999994
 20
-0.5927
 10
-0.96
 20
-0.40750000000000003
 10
-0.8899999999999997
 20
-0.5927
 10
-0.8199999999999994
 20
-0.40750000000000003
 10
-0.75
 20
-0.5927
 10
-0.6799999999999997
 20
-0.40750000000000003
 10
-0.6099999999999994
 20
-0.5927
 10
-0.54
 20
-0.40750000000000003
 10
-0.5
 20
-0.5133285714285711
  0
LWPOLYLINE
  5
66B
330
17
100
AcDbEntity
  8
A-KRESKOWANIE
370
25
 48
0.05
100
AcDbPolyline
 90
115
 70
0
 10
-8.45
 20
-0.40750000000000003
 10
-8.379999999999999
 20
-0.5927
 10
-8.309999999999999
 20
-0.40750000000000003
 10
-8.239999999999998
 20
-0.5927
 10
-8.169999999999998
 20
-0.40750000000000003
 10
-8.1
 20
-0.5927
 10
-8.03
 20
-0.40750000000000003
 10
-7.959999999999999
 20
-0.5927
 10
-7.889999999999999
 20
-0.40750000000000003
 10
-7.8199999999999985
 20
-0.5927
 10
-7.749999999999999
 20
-0.40750000000000003
 10
-7.68
 20
-0.5927
 10
-7.609999999999999
 20
-0.40750000000000003
 10
-7.539999999999999
 20
-0.5927
 10
-7.469999999999999
 20
-0.40750000000000003
 10
-7.399999999999999
 20
-0.5927
 10
-7.329999999999999
 20
-0.40750000000000003
 10
-7.26
 20
-0.5927
 10
-7.1899999999999995
 20
-0.40750000000000003
 10
-7.119999999999999
 20
-0.5927
 10
-7.049999999999999
 20
-0.40750000000000003
 10
-6.979999999999999
 20
-0.5927
 10
-6.909999999999999
 20
-0.40750000000000003
 10
-6.84
 20
-0.5927
 10
-6.77
 20
-0.40750000000000003
 10
-6.699999999999999
 20
-0.5927
 10
-6.629999999999999
 20
-0.40750000000000003
 10
-6.559999999999999
 20
-0.5927
 10
-6.489999999999999
 20
-0.40750000000000003
 10
-6.419999999999999
 20
-0.5927
 10
-6.349999999999999
 20
-0.40750000000000003
 10
-6.279999999999999
 20
-0.5927
 10
-6.209999999999999
 20
-0.40750000000000003
 10
-6.139999999999999
 20
-0.5927
 10
-6.069999999999999
 20
-0.40750000000000003
 10
-5.999999999999999
 20
-0.5927
 10
-5.929999999999999
 20
-0.40750000000000003
 10
-5.859999999999999
 20
-0.5927
 10
-5.789999999999999
 20
-0.40750000000000003
 10
-5.719999999999999
 20
-0.5927
 10
-5.6499999999999995
 20
-0.40750000000000003
 10
-5.579999999999999
 20
-0.5927
 10
-5.509999999999999
 20
-0.40750000000000003
 10
-5.4399999999999995
 20
-0.5927
 10
-5.369999999999999
 20
-0.40750000000000003
 10
-5.299999999999999
 20
-0.5927
 10
-5.2299999999999995
 20
-0.40750000000000003
 10
-5.159999999999999
 20
-0.5927
 10
-5.089999999999999
 20
-0.40750000000000003
 10
-5.02
 20
-0.5927
 10
-4.949999999999999
 20
-0.40750000000000003
 10
-4.879999999999999
 20
-0.5927
 10
-4.81
 20
-0.40750000000000003
 10
-4.739999999999999
 20
-0.5927
 10
-4.669999999999999
 20
-0.40750000000000003
 10
-4.6
 20
-0.5927
 10
-4.529999999999999
 20
-0.40750000000000003
 10
-4.459999999999999
 20
-0.5927
 10
-4.389999999999999
 20
-0.40750000000000003
 10
-4.319999999999999
 20
-0.5927
 10
-4.249999999999999
 20
-0.40750000000000003
 10
-4.179999999999999
 20
-0.5927
 10
-4.109999999999999
 20
-0.40750000000000003
 10
-4.039999999999999
 20
-0.5927
 10
-3.9699999999999993
 20
-0.40750000000000003
 10
-3.9
 20
-0.5927
 10
-3.8299999999999996
 20
-0.40750000000000003
 10
-3.7599999999999993
 20
-0.5927
 10
-3.69
 20
-0.40750000000000003
 10
-3.6199999999999997
 20
-0.5927
 10
-3.5499999999999994
 20
-0.40750000000000003
 10
-3.48
 20
-0.5927
 10
-3.4099999999999993
 20
-0.40750000000000003
 10
-3.339999999999999
 20
-0.5927
 10
-3.2699999999999996
 20
-0.40750000000000003
 10
-3.1999999999999993
 20
-0.5927
 10
-3.129999999999999
 20
-0.40750000000000003
 10
-3.0599999999999996
 20
-0.5927
 10
-2.9899999999999993
 20
-0.40750000000000003
 10
-2.919999999999999
 20
-0.5927
 10
-2.8499999999999996
 20
-0.40750000000000003
 10
-2.7799999999999994
 20
-0.5927
 10
-2.709999999999999
 20
-0.40750000000000003
 10
-2.6399999999999997
 20
-0.5927
 10
-2.5699999999999994
 20
-0.40750000000000003
 10
-2.499999999999999
 20
-0.5927
 10
-2.43
 20
-0.40750000000000003
 10
-2.36
 20
-0.5927
 10
-2.2899999999999996
 20
-0.40750000000000003
 10
-2.22
 20
-0.5927
 10
-2.15
 20
-0.40750000000000003
 10
-2.0799999999999996
 20
-0.5927
 10
-2.0100000000000002
 20
-0.40750000000000003
 10
-1.94
 20
-0.5927
 10
-1.8699999999999997
 20
-0.40750000000000003
 10
-1.8000000000000003
 20
-0.5927
 10
-1.73
 20
-0.40750000000000003
 10
-1.6599999999999997
 20
-0.5927
 10
-1.5899999999999994
 20
-0.40750000000000003
 10
-1.52
 20
-0.5927
 10
-1.4499999999999997
 20
-0.40750000000000003
 10
-1.3799999999999994
 20
-0.5927
 10
-1.31
 20
-0.40750000000000003
 10
-1.2399999999999998
 20
-0.5927
 10
-1.1699999999999995
 20
-0.40750000000000003
 10
-1.1
 20
-0.5927
 10
-1.0299999999999998
 20
-0.40750000000000003
 10
-0.9599999999999995
 20
-0.5927
 10
-0.8900000000000001
 20
-0.40750000000000003
 10
-0.8199999999999998
 20
-0.5927
 10
-0.7499999999999996
 20
-0.40750000000000003
 10
-0.6800000000000002
 20
-0.5927
 10
-0.6099999999999999
 20
-0.40750000000000003
 10
-0.5399999999999996
 20
-0.5927
 10
-0.5
 20
-0.48687142857142945
  0
LWPOLYLINE
  5
66C
330
17
100
AcDbEntity
  8
A-KRESKOWANIE
370
25
 48
0.05
100
AcDbPolyline
 90
72
 70
0
 10
-3.675
 20
3.0374999999999996
 10
-3.625
 20
3.0625
 10
-3.575
 20
3.0374999999999996
 10
-3.525
 20
3.0625
 10
-3.4749999999999996
 20
3.0374999999999996
 10
-3.425
 20
3.0625
 10
-3.375
 20
3.0374999999999996
 10
-3.325
 20
3.0625
 10
-3.275
 20
3.0374999999999996
 10
-3.2249999999999996
 20
3.0625
 10
-3.175
 20
3.0374999999999996
 10
-3.125
 20
3.0625
 10
-3.0749999999999997
 20
3.0374999999999996
 10
-3.025
 20
3.0625
 10
-2.9749999999999996
 20
3.0374999999999996
 10
-2.925
 20
3.0625
 10
-2.875
 20
3.0374999999999996
 10
-2.8249999999999997
 20
3.0625
 10
-2.775
 20
3.0374999999999996
 10
-2.7249999999999996
 20
3.0625
 10
-2.675
 20
3.0374999999999996
 10
-2.625
 20
3.0625
 10
-2.5749999999999997
 20
3.0374999999999996
 10
-2.525
 20
3.0625
 10
-2.4749999999999996
 20
3.0374999999999996
 10
-2.425
 20
3.0625
 10
-2.375
 20
3.0374999999999996
 10
-2.3249999999999997
 20
3.0625
 10
-2.275
 20
3.0374999999999996
 10
-2.2249999999999996
 20
3.0625
 10
-2.175
 20
3.0374999999999996
 10
-2.125
 20
3.0625
 10
-2.0749999999999997
 20
3.0374999999999996
 10
-2.025
 20
3.0625
 10
-1.9749999999999999
 20
3.0374999999999996
 10
-1.9249999999999998
 20
3.0625
 10
-1.8749999999999998
 20
3.0374999999999996
 10
-1.8249999999999997
 20
3.0625
 10
-1.775
 20
3.0374999999999996
 10
-1.7249999999999996
 20
3.0625
 10
-1.6749999999999998
 20
3.0374999999999996
 10
-1.625
 20
3.0625
 10
-1.5749999999999997
 20
3.0374999999999996
 10
-1.525
 20
3.0625
 10
-1.4749999999999996
 20
3.0374999999999996
 10
-1.4249999999999998
 20
3.0625
 10
-1.3749999999999996
 20
3.0374999999999996
 10
-1.3249999999999997
 20
3.0625
 10
-1.275
 20
3.0374999999999996
 10
-1.2249999999999996
 20
3.0625
 10
-1.1749999999999998
 20
3.0374999999999996
 10
-1.1249999999999996
 20
3.0625
 10
-1.0749999999999997
 20
3.0374999999999996
 10
-1.025
 20
3.0625
 10
-0.9749999999999996
 20
3.0374999999999996
 10
-0.9249999999999998
 20
3.0625
 10
-0.8749999999999996
 20
3.0374999999999996
 10
-0.8249999999999997
 20
3.0625
 10
-0.7749999999999999
 20
3.0374999999999996
 10
-0.7249999999999996
 20
3.0625
 10
-0.6749999999999998
 20
3.0374999999999996
 10
-0.6249999999999996
 20
3.0625
 10
-0.5749999999999997
 20
3.0374999999999996
 10
-0.5249999999999999
 20
3.0625
 10
-0.47499999999999964
 20
3.0374999999999996
 10
-0.4249999999999998
 20
3.0625
 10
-0.37499999999999956
 20
3.0374999999999996
 10
-0.32499999999999973
 20
3.0625
 10
-0.2749999999999999
 20
3.0374999999999996
 10
-0.22499999999999964
 20
3.0625
 10
-0.17499999999999982
 20
3.0374999999999996
 10
-0.125
 20
3.0624999999999996
  0
LWPOLYLINE
  5
66D
330
17
100
AcDbEntity
  8
A-KRESKOWANIE
370
25
 48
0.05
100
AcDbPolyline
 90
30
 70
0
 10
-5.23
 20
3.0374999999999996
 10
-5.18
 20
3.0625
 10
-5.13
 20
3.0374999999999996
 10
-5.08
 20
3.0625
 10
-5.03
 20
3.0374999999999996
 10
-4.9799999999999995
 20
3.0625
 10
-4.93
 20
3.0374999999999996
 10
-4.88
 20
3.0625
 10
-4.83
 20
3.0374999999999996
 10
-4.78
 20
3.0625
 10
-4.7299999999999995
 20
3.0374999999999996
 10
-4.68
 20
3.0625
 10
-4.63
 20
3.0374999999999996
 10
-4.58
 20
3.0625
 10
-4.53
 20
3.0374999999999996
 10
-4.4799999999999995
 20
3.0625
 10
-4.43
 20
3.0374999999999996
 10
-4.38
 20
3.0625
 10
-4.33
 20
3.0374999999999996
 10
-4.28
 20
3.0625
 10
-4.2299999999999995
 20
3.0374999999999996
 10
-4.18
 20
3.0625
 10
-4.13
 20
3.0374999999999996
 10
-4.08
 20
3.0625
 10
-4.03
 20
3.0374999999999996
 10
-3.98
 20
3.0625
 10
-3.9299999999999997
 20
3.0374999999999996
 10
-3.88
 20
3.0625
 10
-3.83
 20
3.0374999999999996
 10
-3.825
 20
3.0399999999999996
  0
LWPOLYLINE
  5
66E
330
17
100
AcDbEntity
  8
A-KRESKOWANIE
370
25
 48
0.05
100
AcDbPolyline
 90
50
 70
0
 10
-2.55
 20
6.187499999999999
 10
-2.5
 20
6.2124999999999995
 10
-2.45
 20
6.187499999999999
 10
-2.4
 20
6.2124999999999995
 10
-2.3499999999999996
 20
6.187499999999999
 10
-2.3
 20
6.2124999999999995
 10
-2.25
 20
6.187499999999999
 10
-2.2
 20
6.2124999999999995
 10
-2.15
 20
6.187499999999999
 10
-2.0999999999999996
 20
6.2124999999999995
 10
-2.05
 20
6.187499999999999
 10
-2.0
 20
6.2124999999999995
 10
-1.9499999999999997
 20
6.187499999999999
 10
-1.9
 20
6.2124999999999995
 10
-1.8499999999999999
 20
6.187499999999999
 10
-1.7999999999999998
 20
6.2124999999999995
 10
-1.75
 20
6.187499999999999
 10
-1.6999999999999997
 20
6.2124999999999995
 10
-1.65
 20
6.187499999999999
 10
-1.5999999999999999
 20
6.2124999999999995
 10
-1.5499999999999998
 20
6.187499999999999
 10
-1.4999999999999998
 20
6.2124999999999995
 10
-1.4499999999999997
 20
6.187499999999999
 10
-1.4
 20
6.2124999999999995
 10
-1.3499999999999999
 20
6.187499999999999
 10
-1.2999999999999998
 20
6.2124999999999995
 10
-1.2499999999999998
 20
6.187499999999999
 10
-1.1999999999999997
 20
6.2124999999999995
 10
-1.15
 20
6.187499999999999
 10
-1.0999999999999999
 20
6.2124999999999995
 10
-1.0499999999999998
 20
6.187499999999999
 10
-0.9999999999999998
 20
6.2124999999999995
 10
-0.9499999999999997
 20
6.187499999999999
 10
-0.8999999999999999
 20
6.2124999999999995
 10
-0.8499999999999999
 20
6.187499999999999
 10
-0.7999999999999998
 20
6.2124999999999995
 10
-0.7499999999999998
 20
6.187499999999999
 10
-0.6999999999999997
 20
6.2124999999999995
 10
-0.6499999999999999
 20
6.187499999999999
 10
-0.5999999999999996
 20
6.2124999999999995
 10
-0.5499999999999998
 20
6.187499999999999
 10
-0.5
 20
6.2124999999999995
 10
-0.44999999999999973
 20
6.187499999999999
 10
-0.3999999999999999
 20
6.2124999999999995
 10
-0.34999999999999964
 20
6.187499999999999
 10
-0.2999999999999998
 20
6.2124999999999995
 10
-0.24999999999999956
 20
6.187499999999999
 10
-0.19999999999999973
 20
6.2124999999999995
 10
-0.1499999999999999
 20
6.187499999999999
 10
-0.105
 20
6.209999999999999
  0
LWPOLYLINE
  5
66F
330
17
100
AcDbEntity
  8
A-KRESKOWANIE
370
25
 48
0.05
100
AcDbPolyline
 90
48
 70
0
 10
-5.02
 20
6.187499999999999
 10
-4.97
 20
6.2124999999999995
 10
-4.92
 20
6.187499999999999
 10
-4.869999999999999
 20
6.2124999999999995
 10
-4.819999999999999
 20
6.187499999999999
 10
-4.77
 20
6.2124999999999995
 10
-4.72
 20
6.187499999999999
 10
-4.67
 20
6.2124999999999995
 10
-4.619999999999999
 20
6.187499999999999
 10
-4.569999999999999
 20
6.2124999999999995
 10
-4.52
 20
6.187499999999999
 10
-4.47
 20
6.2124999999999995
 10
-4.42
 20
6.187499999999999
 10
-4.369999999999999
 20
6.2124999999999995
 10
-4.319999999999999
 20
6.187499999999999
 10
-4.27
 20
6.2124999999999995
 10
-4.22
 20
6.187499999999999
 10
-4.17
 20
6.2124999999999995
 10
-4.119999999999999
 20
6.187499999999999
 10
-4.069999999999999
 20
6.2124999999999995
 10
-4.02
 20
6.187499999999999
 10
-3.9699999999999998
 20
6.2124999999999995
 10
-3.9199999999999995
 20
6.187499999999999
 10
-3.8699999999999997
 20
6.2124999999999995
 10
-3.8199999999999994
 20
6.187499999999999
 10
-3.7699999999999996
 20
6.2124999999999995
 10
-3.7199999999999998
 20
6.187499999999999
 10
-3.6699999999999995
 20
6.2124999999999995
 10
-3.6199999999999997
 20
6.187499999999999
 10
-3.5699999999999994
 20
6.2124999999999995
 10
-3.5199999999999996
 20
6.187499999999999
 10
-3.4699999999999998
 20
6.2124999999999995
 10
-3.4199999999999995
 20
6.187499999999999
 10
-3.3699999999999997
 20
6.2124999999999995
 10
-3.3199999999999994
 20
6.187499999999999
 10
-3.2699999999999996
 20
6.2124999999999995
 10
-3.2199999999999998
 20
6.187499999999999
 10
-3.1699999999999995
 20
6.2124999999999995
 10
-3.1199999999999997
 20
6.187499999999999
 10
-3.0699999999999994
 20
6.2124999999999995
 10
-3.0199999999999996
 20
6.187499999999999
 10
-2.9699999999999998
 20
6.2124999999999995
 10
-2.9199999999999995
 20
6.187499999999999
 10
-2.8699999999999997
 20
6.2124999999999995
 10
-2.8199999999999994
 20
6.187499999999999
 10
-2.7699999999999996
 20
6.2124999999999995
 10
-2.7199999999999993
 20
6.187499999999999
 10
-2.7
 20
6.197499999999999
  0
LWPOLYLINE
  5
670
330
17
100
AcDbEntity
  8
A-KRESKOWANIE
370
25
 48
0.05
100
AcDbPolyline
 90
2
 70
0
 10
-8.8
 20
9.3215
 10
-8.55
 20
9.3215
  0
LWPOLYLINE
  5
671
330
17
100
AcDbEntity
  8
A-KRESKOWANIE
370
25
 48
0.05
100
AcDbPolyline
 90
2
 70
0
 10
-8.8
 20
9.506500000000003
 10
-8.55
 20
9.506500000000003
  0
LWPOLYLINE
  5
672
330
17
100
AcDbEntity
  8
A-KRESKOWANIE
370
25
 48
0.05
100
AcDbPolyline
 90
6
 70
0
 10
-8.8
 20
9.329
 10
-8.75
 20
9.499000000000002
 10
-8.700000000000001
 20
9.329
 10
-8.65
 20
9.499000000000002
 10
-8.600000000000001
 20
9.329
 10
-8.55
 20
9.499000000000002
  0
LWPOLYLINE
  5
673
330
17
100
AcDbEntity
  8
A-KRESKOWANIE
370
25
 48
0.05
100
AcDbPolyline
 90
2
 70
0
 10
-7.55
 20
9.3215
 10
0.05
 20
9.3215
  0
LWPOLYLINE
  5
674
330
17
100
AcDbEntity
  8
A-KRESKOWANIE
370
25
 48
0.05
100
AcDbPolyline
 90
2
 70
0
 10
-7.55
 20
9.506500000000003
 10
0.05
 20
9.506500000000003
  0
LWPOLYLINE
  5
675
330
17
100
AcDbEntity
  8
A-KRESKOWANIE
370
25
 48
0.05
100
AcDbPolyline
 90
153
 70
0
 10
-7.55
 20
9.329
 10
-7.5
 20
9.499000000000002
 10
-7.449999999999999
 20
9.329
 10
-7.4
 20
9.499000000000002
 10
-7.35
 20
9.329
 10
-7.3
 20
9.499000000000002
 10
-7.25
 20
9.329
 10
-7.199999999999999
 20
9.499000000000002
 10
-7.15
 20
9.329
 10
-7.1
 20
9.499000000000002
 10
-7.05
 20
9.329
 10
-7.0
 20
9.499000000000002
 10
-6.949999999999999
 20
9.329
 10
-6.9
 20
9.499000000000002
 10
-6.85
 20
9.329
 10
-6.8
 20
9.499000000000002
 10
-6.75
 20
9.329
 10
-6.699999999999999
 20
9.499000000000002
 10
-6.65
 20
9.329
 10
-6.6
 20
9.499000000000002
 10
-6.55
 20
9.329
 10
-6.5
 20
9.499000000000002
 10
-6.449999999999999
 20
9.329
 10
-6.4
 20
9.499000000000002
 10
-6.35
 20
9.329
 10
-6.3
 20
9.499000000000002
 10
-6.25
 20
9.329
 10
-6.199999999999999
 20
9.499000000000002
 10
-6.15
 20
9.329
 10
-6.1
 20
9.499000000000002
 10
-6.05
 20
9.329
 10
-6.0
 20
9.499000000000002
 10
-5.949999999999999
 20
9.329
 10
-5.9
 20
9.499000000000002
 10
-5.85
 20
9.329
 10
-5.8
 20
9.499000000000002
 10
-5.75
 20
9.329
 10
-5.699999999999999
 20
9.499000000000002
 10
-5.65
 20
9.329
 10
-5.6
 20
9.499000000000002
 10
-5.55
 20
9.329
 10
-5.5
 20
9.499000000000002
 10
-5.449999999999999
 20
9.329
 10
-5.4
 20
9.499000000000002
 10
-5.35
 20
9.329
 10
-5.3
 20
9.499000000000002
 10
-5.25
 20
9.329
 10
-5.199999999999999
 20
9.499000000000002
 10
-5.15
 20
9.329
 10
-5.1
 20
9.499000000000002
 10
-5.05
 20
9.329
 10
-5.0
 20
9.499000000000002
 10
-4.949999999999999
 20
9.329
 10
-4.9
 20
9.499000000000002
 10
-4.85
 20
9.329
 10
-4.8
 20
9.499000000000002
 10
-4.75
 20
9.329
 10
-4.699999999999999
 20
9.499000000000002
 10
-4.65
 20
9.329
 10
-4.6
 20
9.499000000000002
 10
-4.55
 20
9.329
 10
-4.5
 20
9.499000000000002
 10
-4.449999999999999
 20
9.329
 10
-4.4
 20
9.499000000000002
 10
-4.35
 20
9.329
 10
-4.3
 20
9.499000000000002
 10
-4.25
 20
9.329
 10
-4.199999999999999
 20
9.499000000000002
 10
-4.15
 20
9.329
 10
-4.1
 20
9.499000000000002
 10
-4.05
 20
9.329
 10
-3.9999999999999996
 20
9.499000000000002
 10
-3.9499999999999997
 20
9.329
 10
-3.9
 20
9.499000000000002
 10
-3.8499999999999996
 20
9.329
 10
-3.8
 20
9.499000000000002
 10
-3.7499999999999996
 20
9.329
 10
-3.6999999999999997
 20
9.499000000000002
 10
-3.65
 20
9.329
 10
-3.6
 20
9.499000000000002
 10
-3.5499999999999994
 20
9.329
 10
-3.4999999999999996
 20
9.499000000000002
 10
-3.4499999999999997
 20
9.329
 10
-3.4
 20
9.499000000000002
 10
-3.35
 20
9.329
 10
-3.2999999999999994
 20
9.499000000000002
 10
-3.2499999999999996
 20
9.329
 10
-3.1999999999999997
 20
9.499000000000002
 10
-3.15
 20
9.329
 10
-3.1
 20
9.499000000000002
 10
-3.0499999999999994
 20
9.329
 10
-2.9999999999999996
 20
9.499000000000002
 10
-2.9499999999999997
 20
9.329
 10
-2.9
 20
9.499000000000002
 10
-2.849999999999999
 20
9.329
 10
-2.7999999999999994
 20
9.499000000000002
 10
-2.7499999999999996
 20
9.329
 10
-2.6999999999999997
 20
9.499000000000002
 10
-2.65
 20
9.329
 10
-2.599999999999999
 20
9.499000000000002
 10
-2.5499999999999994
 20
9.329
 10
-2.4999999999999996
 20
9.499000000000002
 10
-2.4499999999999997
 20
9.329
 10
-2.4
 20
9.499000000000002
 10
-2.349999999999999
 20
9.329
 10
-2.2999999999999994
 20
9.499000000000002
 10
-2.2499999999999996
 20
9.329
 10
-2.1999999999999997
 20
9.499000000000002
 10
-2.15
 20
9.329
 10
-2.099999999999999
 20
9.499000000000002
 10
-2.0499999999999994
 20
9.329
 10
-1.9999999999999996
 20
9.499000000000002
 10
-1.9499999999999997
 20
9.329
 10
-1.9
 20
9.499000000000002
 10
-1.8499999999999992
 20
9.329
 10
-1.7999999999999994
 20
9.499000000000002
 10
-1.7499999999999996
 20
9.329
 10
-1.6999999999999997
 20
9.499000000000002
 10
-1.65
 20
9.329
 10
-1.5999999999999992
 20
9.499000000000002
 10
-1.5499999999999994
 20
9.329
 10
-1.4999999999999996
 20
9.499000000000002
 10
-1.4499999999999997
 20
9.329
 10
-1.4
 20
9.499000000000002
 10
-1.3499999999999992
 20
9.329
 10
-1.2999999999999994
 20
9.499000000000002
 10
-1.2499999999999996
 20
9.329
 10
-1.1999999999999997
 20
9.499000000000002
 10
-1.15
 20
9.329
 10
-1.0999999999999992
 20
9.499000000000002
 10
-1.0499999999999994
 20
9.329
 10
-0.9999999999999996
 20
9.499000000000002
 10
-0.9499999999999997
 20
9.329
 10
-0.8999999999999999
 20
9.499000000000002
 10
-0.8499999999999992
 20
9.329
 10
-0.7999999999999994
 20
9.499000000000002
 10
-0.7499999999999996
 20
9.329
 10
-0.6999999999999997
 20
9.499000000000002
 10
-0.6499999999999999
 20
9.329
 10
-0.5999999999999992
 20
9.499000000000002
 10
-0.5499999999999994
 20
9.329
 10
-0.49999999999999956
 20
9.499000000000002
 10
-0.44999999999999973
 20
9.329
 10
-0.3999999999999999
 20
9.499000000000002
 10
-0.3499999999999992
 20
9.329
 10
-0.2999999999999994
 20
9.499000000000002
 10
-0.24999999999999956
 20
9.329
 10
-0.19999999999999973
 20
9.499000000000002
 10
-0.1499999999999999
 20
9.329
 10
-0.0999999999999992
 20
9.499000000000002
 10
-0.04999999999999938
 20
9.329
 10
4.440892098500626e-16
 20
9.499000000000002
 10
0.05
 20
9.329000000000002
  0
LWPOLYLINE
  5
676
330
17
100
AcDbEntity
  8
A-KRESKOWANIE
370
25
 48
0.05
100
AcDbPolyline
 90
2
 70
0
 10
-8.459664838871197
 20
-0.052950201232568536
 10
-8.453081302521797
 20
-0.05057174603304488
  0
LWPOLYLINE
  5
677
330
17
100
AcDbEntity
  8
A-KRESKOWANIE
370
25
 48
0.05
100
AcDbPolyline
 90
2
 70
0
 10
-8.240314107650551
 20
-0.05874382052131122
 10
-8.233796862193682
 20
-0.05618931241701633
  0
LWPOLYLINE
  5
678
330
17
100
AcDbEntity
  8
A-KRESKOWANIE
370
25
 48
0.05
100
AcDbPolyline
 90
2
 70
0
 10
-8.16905340613783
 20
-0.03892281120784271
 10
-8.1652050296608
 20
-0.033075589774457265
  0
LWPOLYLINE
  5
679
330
17
100
AcDbEntity
  8
A-KRESKOWANIE
370
25
 48
0.05
100
AcDbPolyline
 90
2
 70
0
 10
-7.928219802057687
 20
-0.06688666202857316
 10
-7.921244060482214
 20
-0.06630439965454493
  0
LWPOLYLINE
  5
67A
330
17
100
AcDbEntity
  8
A-KRESKOWANIE
370
25
 48
0.05
100
AcDbPolyline
 90
2
 70
0
 10
-7.7456760134456
 20
-0.06088127310203951
 10
-7.752412914723789
 20
-0.05898017837322205
  0
LWPOLYLINE
  5
67B
330
17
100
AcDbEntity
  8
A-KRESKOWANIE
370
25
 48
0.05
100
AcDbPolyline
 90
2
 70
0
 10
-7.647774426055204
 20
-0.04410165264368942
 10
-7.641384536177578
 20
-0.041243452624128735
  0
LWPOLYLINE
  5
67C
330
17
100
AcDbEntity
  8
A-KRESKOWANIE
370
25
 48
0.05
100
AcDbPolyline
 90
2
 70
0
 10
-7.537896617595433
 20
-0.04765102736717949
 10
-7.535604653237279
 20
-0.04103688347844014
  0
LWPOLYLINE
  5
67D
330
17
100
AcDbEntity
  8
A-KRESKOWANIE
370
25
 48
0.05
100
AcDbPolyline
 90
2
 70
0
 10
-7.324820098553818
 20
-0.04915066640906901
 10
-7.323887826994147
 20
-0.04221302489778955
  0
LWPOLYLINE
  5
67E
330
17
100
AcDbEntity
  8
A-KRESKOWANIE
370
25
 48
0.05
100
AcDbPolyline
 90
2
 70
0
 10
-7.119691689712559
 20
-0.06433229343074465
 10
-7.126546375616277
 20
-0.06291339203834122
  0
LWPOLYLINE
  5
67F
330
17
100
AcDbEntity
  8
A-KRESKOWANIE
370
25
 48
0.05
100
AcDbPolyline
 90
2
 70
0
 10
-7.080320322450589
 20
-0.05374039920222318
 10
-7.083666182296619
 20
-0.04759180408701795
  0
LWPOLYLINE
  5
680
330
17
100
AcDbEntity
  8
A-KRESKOWANIE
370
25
 48
0.05
100
AcDbPolyline
 90
2
 70
0
 10
-6.589124004174558
 20
-0.05686517979328318
 10
-6.582935414575519
 20
-0.053593886658349306
  0
LWPOLYLINE
  5
681
330
17
100
AcDbEntity
  8
A-KRESKOWANIE
370
25
 48
0.05
100
AcDbPolyline
 90
2
 70
0
 10
-6.167613134479937
 20
-0.06231281977015786
 10
-6.1745779487948145
 20
-0.061611847902478936
  0
LWPOLYLINE
  5
682
330
17
100
AcDbEntity
  8
A-KRESKOWANIE
370
25
 48
0.05
100
AcDbPolyline
 90
2
 70
0
 10
-5.881831590648897
 20
-0.06394641760482694
 10
-5.884682840525705
 20
-0.05755342345967072
  0
LWPOLYLINE
  5
683
330
17
100
AcDbEntity
  8
A-KRESKOWANIE
370
25
 48
0.05
100
AcDbPolyline
 90
2
 70
0
 10
-5.411597029374701
 20
-0.05038291057818235
 10
-5.412605120873677
 20
-0.04345588007949875
  0
LWPOLYLINE
  5
684
330
17
100
AcDbEntity
  8
A-KRESKOWANIE
370
25
 48
0.05
100
AcDbPolyline
 90
2
 70
0
 10
-5.03081987799583
 20
-0.06281146812318922
 10
-5.037509333604432
 20
-0.060749628250516094
  0
LWPOLYLINE
  5
685
330
17
100
AcDbEntity
  8
A-KRESKOWANIE
370
25
 48
0.05
100
AcDbPolyline
 90
2
 70
0
 10
-4.783500545604298
 20
-0.043167725397337556
 10
-4.777298055209718
 20
-0.03992286593887984
  0
LWPOLYLINE
  5
686
330
17
100
AcDbEntity
  8
A-KRESKOWANIE
370
25
 48
0.05
100
AcDbPolyline
 90
2
 70
0
 10
-4.430436349294808
 20
-0.03752475255596635
 10
-4.437298610366211
 20
-0.036142951923493635
  0
LWPOLYLINE
  5
687
330
17
100
AcDbEntity
  8
A-KRESKOWANIE
370
25
 48
0.05
100
AcDbPolyline
 90
2
 70
0
 10
-3.551094091302369
 20
-0.05292097665396453
 10
-3.55743735035445
 20
-0.049960729265959375
  0
LWPOLYLINE
  5
688
330
17
100
AcDbEntity
  8
A-KRESKOWANIE
370
25
 48
0.05
100
AcDbPolyline
 90
2
 70
0
 10
-3.4614509638154742
 20
-0.06874810250478763
 10
-3.4621970472052643
 20
-0.06178797609965105
  0
LWPOLYLINE
  5
689
330
17
100
AcDbEntity
  8
A-KRESKOWANIE
370
25
 48
0.05
100
AcDbPolyline
 90
2
 70
0
 10
-3.2263027948862257
 20
-0.04118512531460955
 10
-3.2327211665626128
 20
-0.0383914708936488
  0
LWPOLYLINE
  5
68A
330
17
100
AcDbEntity
  8
A-KRESKOWANIE
370
25
 48
0.05
100
AcDbPolyline
 90
2
 70
0
 10
-3.076411492475501
 20
-0.05775768784139127
 10
-3.06950770792128
 20
-0.05660107259469098
  0
LWPOLYLINE
  5
68B
330
17
100
AcDbEntity
  8
A-KRESKOWANIE
370
25
 48
0.05
100
AcDbPolyline
 90
2
 70
0
 10
-2.759116412323032
 20
-0.06656724508689339
 10
-2.7599859368924036
 20
-0.05962146024835576
  0
LWPOLYLINE
  5
68C
330
17
100
AcDbEntity
  8
A-KRESKOWANIE
370
25
 48
0.05
100
AcDbPolyline
 90
2
 70
0
 10
-2.5068597776937493
 20
-0.06095900979916748
 10
-2.5083260198741253
 20
-0.05411429403673541
  0
LWPOLYLINE
  5
68D
330
17
100
AcDbEntity
  8
A-KRESKOWANIE
370
25
 48
0.05
100
AcDbPolyline
 90
2
 70
0
 10
-2.462098606086507
 20
-0.03949251949792331
 10
-2.458259657243952
 20
-0.0336391041031091
  0
LWPOLYLINE
  5
68E
330
17
100
AcDbEntity
  8
A-KRESKOWANIE
370
25
 48
0.05
100
AcDbPolyline
 90
2
 70
0
 10
-2.3224819345660257
 20
-0.0384182368667331
 10
-2.321302471855372
 20
-0.03151831891691826
  0
LWPOLYLINE
  5
68F
330
17
100
AcDbEntity
  8
A-KRESKOWANIE
370
25
 48
0.05
100
AcDbPolyline
 90
2
 70
0
 10
-2.2858772542424486
 20
-0.04055570364480148
 10
-2.2791119246085048
 20
-0.03875839595158888
  0
LWPOLYLINE
  5
690
330
17
100
AcDbEntity
  8
A-KRESKOWANIE
370
25
 48
0.05
100
AcDbPolyline
 90
2
 70
0
 10
-2.135439314160261
 20
-0.060568074965608495
 10
-2.1397336647261445
 20
-0.055040095839626296
  0
LWPOLYLINE
  5
691
330
17
100
AcDbEntity
  8
A-KRESKOWANIE
370
25
 48
0.05
100
AcDbPolyline
 90
2
 70
0
 10
-1.525235423143676
 20
-0.036469202444608204
 10
-1.5289371164287031
 20
-0.03052803531822763
  0
LWPOLYLINE
  5
692
330
17
100
AcDbEntity
  8
A-KRESKOWANIE
370
25
 48
0.05
100
AcDbPolyline
 90
2
 70
0
 10
-0.872116149091857
 20
-0.048181259376526536
 10
-0.8671352728900321
 20
-0.043262837651816995
  0
LWPOLYLINE
  5
693
330
17
100
AcDbEntity
  8
A-KRESKOWANIE
370
25
 48
0.05
100
AcDbPolyline
 90
2
 70
0
 10
-0.7629109411822685
 20
-0.05512795119268326
 10
-0.7580890245986278
 20
-0.050053592074488056
  0
LWPOLYLINE
  5
694
330
17
100
AcDbEntity
  8
A-KRESKOWANIE
370
25
 48
0.05
100
AcDbPolyline
 90
2
 70
0
 10
-0.5240125981953069
 20
-0.054369045696286714
 10
-0.5249655589906963
 20
-0.04743421579769145
  0
LWPOLYLINE
  5
695
330
17
100
AcDbEntity
  8
A-KRESKOWANIE
370
25
 48
0.05
100
AcDbPolyline
 90
2
 70
0
 10
-8.048689573986183
 20
-0.009601444467395293
 10
-8.04304591442761
 20
-0.005460296463889872
  0
LWPOLYLINE
  5
696
330
17
100
AcDbEntity
  8
A-KRESKOWANIE
370
25
 48
0.05
100
AcDbPolyline
 90
2
 70
0
 10
-7.805639516884664
 20
-0.02139022307569828
 10
-7.812485660248642
 20
-0.019930661141465883
  0
LWPOLYLINE
  5
697
330
17
100
AcDbEntity
  8
A-KRESKOWANIE
370
25
 48
0.05
100
AcDbPolyline
 90
2
 70
0
 10
-7.512958136911713
 20
-0.011156649949599043
 10
-7.517942990439892
 20
-0.0062422593156946735
  0
LWPOLYLINE
  5
698
330
17
100
AcDbEntity
  8
A-KRESKOWANIE
370
25
 48
0.05
100
AcDbPolyline
 90
2
 70
0
 10
-6.737567565451661
 20
-0.022117269941380496
 10
-6.733463190519629
 20
-0.01644681084027531
  0
LWPOLYLINE
  5
699
330
17
100
AcDbEntity
  8
A-KRESKOWANIE
370
25
 48
0.05
100
AcDbPolyline
 90
2
 70
0
 10
-6.021414120573038
 20
-0.018397250696348254
 10
-6.028035036627351
 20
-0.016124923562827853
  0
LWPOLYLINE
  5
69A
330
17
100
AcDbEntity
  8
A-KRESKOWANIE
370
25
 48
0.05
100
AcDbPolyline
 90
2
 70
0
 10
-4.88069719450126
 20
-0.008007452863987245
 10
-4.8737050322040005
 20
-0.007676293674498699
  0
LWPOLYLINE
  5
69B
330
17
100
AcDbEntity
  8
A-KRESKOWANIE
370
25
 48
0.05
100
AcDbPolyline
 90
2
 70
0
 10
-4.6892914480452115
 20
-0.02087325400859575
 10
-4.693205094357682
 20
-0.015069516200865316
  0
LWPOLYLINE
  5
69C
330
17
100
AcDbEntity
  8
A-KRESKOWANIE
370
25
 48
0.05
100
AcDbPolyline
 90
2
 70
0
 10
-4.287094342084796
 20
-0.016634312608666386
 10
-4.280511837767067
 20
-0.014253002694546662
  0
LWPOLYLINE
  5
69D
330
17
100
AcDbEntity
  8
A-KRESKOWANIE
370
25
 48
0.05
100
AcDbPolyline
 90
2
 70
0
 10
-3.4025675177088797
 20
-0.01628164089384724
 10
-3.4061585532485554
 20
-0.010272941887174883
  0
LWPOLYLINE
  5
69E
330
17
100
AcDbEntity
  8
A-KRESKOWANIE
370
25
 48
0.05
100
AcDbPolyline
 90
2
 70
0
 10
-3.063164175047956
 20
-0.018446464510696217
 10
-3.057238606016434
 20
-0.014719853227953696
  0
LWPOLYLINE
  5
69F
330
17
100
AcDbEntity
  8
A-KRESKOWANIE
370
25
 48
0.05
100
AcDbPolyline
 90
2
 70
0
 10
-2.865907357998148
 20
-0.011307060541982217
 10
-2.863834151589244
 20
-0.004621118933945302
  0
LWPOLYLINE
  5
6A0
330
17
100
AcDbEntity
  8
A-KRESKOWANIE
370
25
 48
0.05
100
AcDbPolyline
 90
2
 70
0
 10
-2.7875210756564246
 20
-0.020358863217800595
 10
-2.7832298816374794
 20
-0.014828433407038297
  0
LWPOLYLINE
  5
6A1
330
17
100
AcDbEntity
  8
A-KRESKOWANIE
370
25
 48
0.05
100
AcDbPolyline
 90
2
 70
0
 10
-2.3414320275116585
 20
-0.019654512542441452
 10
-2.3461061392858023
 20
-0.01444368927516283
  0
LWPOLYLINE
  5
6A2
330
17
100
AcDbEntity
  8
A-KRESKOWANIE
370
25
 48
0.05
100
AcDbPolyline
 90
2
 70
0
 10
-2.1061949992202944
 20
-0.0107376790578305
 10
-2.1006702065469685
 20
-0.006439229812257754
  0
LWPOLYLINE
  5
6A3
330
17
100
AcDbEntity
  8
A-KRESKOWANIE
370
25
 48
0.05
100
AcDbPolyline
 90
2
 70
0
 10
-0.5577614749144224
 20
-0.01767001742706467
 10
-0.5534994779546522
 20
-0.012117055882545465
  0
LWPOLYLINE
  5
6A4
330
17
100
AcDbEntity
  8
A-KRESKOWANIE
370
25
 48
0.05
100
AcDbPolyline
 90
2
 70
0
 10
-7.984632772277668
 20
-0.7704952291041297
 10
-7.989459465497474
 20
-0.7669310977145939
  0
LWPOLYLINE
  5
6A5
330
17
100
AcDbEntity
  8
A-KRESKOWANIE
370
25
 48
0.05
100
AcDbPolyline
 90
2
 70
0
 10
-7.875187710718478
 20
-0.7786197468299433
 10
-7.869525639283352
 20
-0.7766345649582933
  0
LWPOLYLINE
  5
6A6
330
17
100
AcDbEntity
  8
A-KRESKOWANIE
370
25
 48
0.05
100
AcDbPolyline
 90
2
 70
0
 10
-7.499519273133835
 20
-0.775624294732034
 10
-7.498057250530038
 20
-0.7698051461769629
  0
LWPOLYLINE
  5
6A7
330
17
100
AcDbEntity
  8
A-KRESKOWANIE
370
25
 48
0.05
100
AcDbPolyline
 90
2
 70
0
 10
-7.361291811965609
 20
-0.7880155476622803
 10
-7.365788848623609
 20
-0.7840435631083568
  0
LWPOLYLINE
  5
6A8
330
17
100
AcDbEntity
  8
A-KRESKOWANIE
370
25
 48
0.05
100
AcDbPolyline
 90
2
 70
0
 10
-6.963421197554887
 20
-0.7924499468089214
 10
-6.960160669826355
 20
-0.7874131860511059
  0
LWPOLYLINE
  5
6A9
330
17
100
AcDbEntity
  8
A-KRESKOWANIE
370
25
 48
0.05
100
AcDbPolyline
 90
2
 70
0
 10
-6.860080830117811
 20
-0.7729578886752949
 10
-6.857971242726966
 20
-0.7673409819607067
  0
LWPOLYLINE
  5
6AA
330
17
100
AcDbEntity
  8
A-KRESKOWANIE
370
25
 48
0.05
100
AcDbPolyline
 90
2
 70
0
 10
-6.783947626179166
 20
-0.7765138418930086
 10
-6.778025443461325
 20
-0.7755506431302858
  0
LWPOLYLINE
  5
6AB
330
17
100
AcDbEntity
  8
A-KRESKOWANIE
370
25
 48
0.05
100
AcDbPolyline
 90
2
 70
0
 10
-6.679694925731613
 20
-0.7692870028178488
 10
-6.68470253084514
 20
-0.7659818718027487
  0
LWPOLYLINE
  5
6AC
330
17
100
AcDbEntity
  8
A-KRESKOWANIE
370
25
 48
0.05
100
AcDbPolyline
 90
2
 70
0
 10
-6.190008576469179
 20
-0.7737280396775501
 10
-6.184392334135624
 20
-0.771616684176743
  0
LWPOLYLINE
  5
6AD
330
17
100
AcDbEntity
  8
A-KRESKOWANIE
370
25
 48
0.05
100
AcDbPolyline
 90
2
 70
0
 10
-6.127973505452617
 20
-0.7924346097772034
 10
-6.122890094653529
 20
-0.7892473014068515
  0
LWPOLYLINE
  5
6AE
330
17
100
AcDbEntity
  8
A-KRESKOWANIE
370
25
 48
0.05
100
AcDbPolyline
 90
2
 70
0
 10
-5.9587680786685215
 20
-0.7694349589053312
 10
-5.964662498529764
 20
-0.7683143276103054
  0
LWPOLYLINE
  5
6AF
330
17
100
AcDbEntity
  8
A-KRESKOWANIE
370
25
 48
0.05
100
AcDbPolyline
 90
2
 70
0
 10
-5.888967296092792
 20
-0.7707426006643131
 10
-5.883223646405276
 20
-0.7690075247964911
  0
LWPOLYLINE
  5
6B0
330
17
100
AcDbEntity
  8
A-KRESKOWANIE
370
25
 48
0.05
100
AcDbPolyline
 90
2
 70
0
 10
-5.522318261314263
 20
-0.7767041805608466
 10
-5.528314513417864
 20
-0.7764921411539837
  0
LWPOLYLINE
  5
6B1
330
17
100
AcDbEntity
  8
A-KRESKOWANIE
370
25
 48
0.05
100
AcDbPolyline
 90
2
 70
0
 10
-5.3123396553493984
 20
-0.7864287475367744
 10
-5.310186764466663
 20
-0.7808282956936605
  0
LWPOLYLINE
  5
6B2
330
17
100
AcDbEntity
  8
A-KRESKOWANIE
370
25
 48
0.05
100
AcDbPolyline
 90
2
 70
0
 10
-5.187577627801589
 20
-0.7709405123917423
 10
-5.182208074993976
 20
-0.7682632184881415
  0
LWPOLYLINE
  5
6B3
330
17
100
AcDbEntity
  8
A-KRESKOWANIE
370
25
 48
0.05
100
AcDbPolyline
 90
2
 70
0
 10
-4.9884104822409485
 20
-0.7716459544530664
 10
-4.987647658560505
 20
-0.7656946436703435
  0
LWPOLYLINE
  5
6B4
330
17
100
AcDbEntity
  8
A-KRESKOWANIE
370
25
 48
0.05
100
AcDbPolyline
 90
2
 70
0
 10
-4.8235825653905975
 20
-0.7753836509775391
 10
-4.829517013994336
 20
-0.7744991625550148
  0
LWPOLYLINE
  5
6B5
330
17
100
AcDbEntity
  8
A-KRESKOWANIE
370
25
 48
0.05
100
AcDbPolyline
 90
2
 70
0
 10
-4.772810715227229
 20
-0.7784340550040153
 10
-4.772535247935388
 20
-0.7724403818588458
  0
LWPOLYLINE
  5
6B6
330
17
100
AcDbEntity
  8
A-KRESKOWANIE
370
25
 48
0.05
100
AcDbPolyline
 90
2
 70
0
 10
-4.488761063393817
 20
-0.7789198322049734
 10
-4.4827620071001535
 20
-0.7788134198680029
  0
LWPOLYLINE
  5
6B7
330
17
100
AcDbEntity
  8
A-KRESKOWANIE
370
25
 48
0.05
100
AcDbPolyline
 90
2
 70
0
 10
-4.2186523118508745
 20
-0.7884546025981053
 10
-4.212830177608467
 20
-0.7870045154064579
  0
LWPOLYLINE
  5
6B8
330
17
100
AcDbEntity
  8
A-KRESKOWANIE
370
25
 48
0.05
100
AcDbPolyline
 90
2
 70
0
 10
-3.9028645683771694
 20
-0.7804713463933618
 10
-3.9074422578600507
 20
-0.7765925889894606
  0
LWPOLYLINE
  5
6B9
330
17
100
AcDbEntity
  8
A-KRESKOWANIE
370
25
 48
0.05
100
AcDbPolyline
 90
2
 70
0
 10
-3.849571174675374
 20
-0.787201663028267
 10
-3.8435720633567905
 20
-0.7870983993500241
  0
LWPOLYLINE
  5
6BA
330
17
100
AcDbEntity
  8
A-KRESKOWANIE
370
25
 48
0.05
100
AcDbPolyline
 90
2
 70
0
 10
-3.699014774980314
 20
-0.7716997457867383
 10
-3.6982705886133944
 20
-0.7657460757714207
  0
LWPOLYLINE
  5
6BB
330
17
100
AcDbEntity
  8
A-KRESKOWANIE
370
25
 48
0.05
100
AcDbPolyline
 90
2
 70
0
 10
-3.6360708701075057
 20
-0.7911887329093001
 10
-3.6415765383494563
 20
-0.7888038603320802
  0
LWPOLYLINE
  5
6BC
330
17
100
AcDbEntity
  8
A-KRESKOWANIE
370
25
 48
0.05
100
AcDbPolyline
 90
2
 70
0
 10
-3.336494698620449
 20
-0.7925847305364627
 10
-3.342195431751835
 20
-0.7907134631144416
  0
LWPOLYLINE
  5
6BD
330
17
100
AcDbEntity
  8
A-KRESKOWANIE
370
25
 48
0.05
100
AcDbPolyline
 90
2
 70
0
 10
-3.2873028072884973
 20
-0.7733644353465389
 10
-3.2875457539122013
 20
-0.7673693559527334
  0
LWPOLYLINE
  5
6BE
330
17
100
AcDbEntity
  8
A-KRESKOWANIE
370
25
 48
0.05
100
AcDbPolyline
 90
2
 70
0
 10
-3.1967660842461387
 20
-0.774649202260741
 10
-3.195430171421661
 20
-0.7687998145213791
  0
LWPOLYLINE
  5
6BF
330
17
100
AcDbEntity
  8
A-KRESKOWANIE
370
25
 48
0.05
100
AcDbPolyline
 90
2
 70
0
 10
-3.1226351382741435
 20
-0.7865463939667195
 10
-3.118743622211681
 20
-0.7819795457389375
  0
LWPOLYLINE
  5
6C0
330
17
100
AcDbEntity
  8
A-KRESKOWANIE
370
25
 48
0.05
100
AcDbPolyline
 90
2
 70
0
 10
-2.972230132412631
 20
-0.7825269059058511
 10
-2.9753353835776704
 20
-0.777392958574409
  0
LWPOLYLINE
  5
6C1
330
17
100
AcDbEntity
  8
A-KRESKOWANIE
370
25
 48
0.05
100
AcDbPolyline
 90
2
 70
0
 10
-2.9313723948503574
 20
-0.7858889575908704
 10
-2.9277823484856906
 20
-0.7810815084648223
  0
LWPOLYLINE
  5
6C2
330
17
100
AcDbEntity
  8
A-KRESKOWANIE
370
25
 48
0.05
100
AcDbPolyline
 90
2
 70
0
 10
-2.8652180935462446
 20
-0.7716046219655851
 10
-2.862673297423029
 20
-0.7661710216222339
  0
LWPOLYLINE
  5
6C3
330
17
100
AcDbEntity
  8
A-KRESKOWANIE
370
25
 48
0.05
100
AcDbPolyline
 90
2
 70
0
 10
-2.7329479472742073
 20
-0.7870043935850902
 10
-2.7361913234769766
 20
-0.7819565712023879
  0
LWPOLYLINE
  5
6C4
330
17
100
AcDbEntity
  8
A-KRESKOWANIE
370
25
 48
0.05
100
AcDbPolyline
 90
2
 70
0
 10
-2.3918947587681907
 20
-0.7787189402308328
 10
-2.388274039675478
 20
-0.7739345496477319
  0
LWPOLYLINE
  5
6C5
330
17
100
AcDbEntity
  8
A-KRESKOWANIE
370
25
 48
0.05
100
AcDbPolyline
 90
2
 70
0
 10
-2.284644477605493
 20
-0.77931381108819
 10
-2.2806371730099673
 20
-0.7748482193156835
  0
LWPOLYLINE
  5
6C6
330
17
100
AcDbEntity
  8
A-KRESKOWANIE
370
25
 48
0.05
100
AcDbPolyline
 90
2
 70
0
 10
-2.227573108088563
 20
-0.7830048958965675
 10
-2.2287408013437013
 20
-0.7771196182937773
  0
LWPOLYLINE
  5
6C7
330
17
100
AcDbEntity
  8
A-KRESKOWANIE
370
25
 48
0.05
100
AcDbPolyline
 90
2
 70
0
 10
-1.9209405860753213
 20
-0.7886885055902547
 10
-1.9268707404141951
 20
-0.7877756696153203
  0
LWPOLYLINE
  5
6C8
330
17
100
AcDbEntity
  8
A-KRESKOWANIE
370
25
 48
0.05
100
AcDbPolyline
 90
2
 70
0
 10
-1.8777638284822165
 20
-0.7757430373968901
 10
-1.8731882674740392
 20
-0.771861769374652
  0
LWPOLYLINE
  5
6C9
330
17
100
AcDbEntity
  8
A-KRESKOWANIE
370
25
 48
0.05
100
AcDbPolyline
 90
2
 70
0
 10
-1.6520797092312587
 20
-0.7911948926136424
 10
-1.64626622330784
 20
-0.7897105134780397
  0
LWPOLYLINE
  5
6CA
330
17
100
AcDbEntity
  8
A-KRESKOWANIE
370
25
 48
0.05
100
AcDbPolyline
 90
2
 70
0
 10
-1.3806843905196236
 20
-0.7810833111206331
 10
-1.384755868808204
 20
-0.7766761505216059
  0
LWPOLYLINE
  5
6CB
330
17
100
AcDbEntity
  8
A-KRESKOWANIE
370
25
 48
0.05
100
AcDbPolyline
 90
2
 70
0
 10
-1.2188940778307455
 20
-0.7687944059290005
 10
-1.2225974321505846
 20
-0.7640736891633251
  0
LWPOLYLINE
  5
6CC
330
17
100
AcDbEntity
  8
A-KRESKOWANIE
370
25
 48
0.05
100
AcDbPolyline
 90
2
 70
0
 10
-1.0485379188531863
 20
-0.772582025815377
 10
-1.0495202397656724
 20
-0.766662984877447
  0
LWPOLYLINE
  5
6CD
330
17
100
AcDbEntity
  8
A-KRESKOWANIE
370
25
 48
0.05
100
AcDbPolyline
 90
2
 70
0
 10
-0.9938893548488854
 20
-0.792313405570015
 10
-0.999010156023295
 20
-0.7891865228839895
  0
LWPOLYLINE
  5
6CE
330
17
100
AcDbEntity
  8
A-KRESKOWANIE
370
25
 48
0.05
100
AcDbPolyline
 90
2
 70
0
 10
-0.957618523860701
 20
-0.7770289289784931
 10
-0.9538911104547468
 20
-0.7723271857590995
  0
LWPOLYLINE
  5
6CF
330
17
100
AcDbEntity
  8
A-KRESKOWANIE
370
25
 48
0.05
100
AcDbPolyline
 90
2
 70
0
 10
-0.7983467397364946
 20
-0.7831060596678322
 10
-0.7980326713136898
 20
-0.7771142852206591
  0
LWPOLYLINE
  5
6D0
330
17
100
AcDbEntity
  8
A-KRESKOWANIE
370
25
 48
0.05
100
AcDbPolyline
 90
2
 70
0
 10
-8.595742083370247
 20
-0.7115296032950216
 10
-8.590710357162017
 20
-0.7082613114834763
  0
LWPOLYLINE
  5
6D1
330
17
100
AcDbEntity
  8
A-KRESKOWANIE
370
25
 48
0.05
100
AcDbPolyline
 90
2
 70
0
 10
-8.49595822921272
 20
-0.7204061834591698
 10
-8.500625253980736
 20
-0.7166353904636953
  0
LWPOLYLINE
  5
6D2
330
17
100
AcDbEntity
  8
A-KRESKOWANIE
370
25
 48
0.05
100
AcDbPolyline
 90
2
 70
0
 10
-8.457567638477228
 20
-0.7205007125663603
 10
-8.46336633542822
 20
-0.718959572186458
  0
LWPOLYLINE
  5
6D3
330
17
100
AcDbEntity
  8
A-KRESKOWANIE
370
25
 48
0.05
100
AcDbPolyline
 90
2
 70
0
 10
-8.34376239511747
 20
-0.7209038328140228
 10
-8.348514016798337
 20
-0.7172402155575511
  0
LWPOLYLINE
  5
6D4
330
17
100
AcDbEntity
  8
A-KRESKOWANIE
370
25
 48
0.05
100
AcDbPolyline
 90
2
 70
0
 10
-8.281142788440773
 20
-0.7170557318968235
 10
-8.277942974949507
 20
-0.7119801832938528
  0
LWPOLYLINE
  5
6D5
330
17
100
AcDbEntity
  8
A-KRESKOWANIE
370
25
 48
0.05
100
AcDbPolyline
 90
2
 70
0
 10
-8.222220315490675
 20
-0.7306170230842126
 10
-8.222438580858068
 20
-0.7246209943793616
  0
LWPOLYLINE
  5
6D6
330
17
100
AcDbEntity
  8
A-KRESKOWANIE
370
25
 48
0.05
100
AcDbPolyline
 90
2
 70
0
 10
-8.16526323115724
 20
-0.7053603464991122
 10
-8.159492847272002
 20
-0.7037163666278899
  0
LWPOLYLINE
  5
6D7
330
17
100
AcDbEntity
  8
A-KRESKOWANIE
370
25
 48
0.05
100
AcDbPolyline
 90
2
 70
0
 10
-8.107733842558293
 20
-0.7223312938049318
 10
-8.105281904817382
 20
-0.716855163664523
  0
LWPOLYLINE
  5
6D8
330
17
100
AcDbEntity
  8
A-KRESKOWANIE
370
25
 48
0.05
100
AcDbPolyline
 90
2
 70
0
 10
-7.998043577738008
 20
-0.7491243436301108
 10
-7.992328988421191
 20
-0.7472958281283645
  0
LWPOLYLINE
  5
6D9
330
17
100
AcDbEntity
  8
A-KRESKOWANIE
370
25
 48
0.05
100
AcDbPolyline
 90
2
 70
0
 10
-7.933372038198257
 20
-0.7133312205034534
 10
-7.939371530972803
 20
-0.7132532048116427
  0
LWPOLYLINE
  5
6DA
330
17
100
AcDbEntity
  8
A-KRESKOWANIE
370
25
 48
0.05
100
AcDbPolyline
 90
2
 70
0
 10
-7.871944681451662
 20
-0.756578619479131
 10
-7.865952203552619
 20
-0.7562782719646051
  0
LWPOLYLINE
  5
6DB
330
17
100
AcDbEntity
  8
A-KRESKOWANIE
370
25
 48
0.05
100
AcDbPolyline
 90
2
 70
0
 10
-7.781307035004839
 20
-0.7234676130622463
 10
-7.777041874124889
 20
-0.7192476127461159
  0
LWPOLYLINE
  5
6DC
330
17
100
AcDbEntity
  8
A-KRESKOWANIE
370
25
 48
0.05
100
AcDbPolyline
 90
2
 70
0
 10
-7.756145520593883
 20
-0.7522433899247009
 10
-7.7619742858143965
 20
-0.7508201907102107
  0
LWPOLYLINE
  5
6DD
330
17
100
AcDbEntity
  8
A-KRESKOWANIE
370
25
 48
0.05
100
AcDbPolyline
 90
2
 70
0
 10
-7.665097015814823
 20
-0.7433877477239755
 10
-7.669643526799154
 20
-0.7394724906609784
  0
LWPOLYLINE
  5
6DE
330
17
100
AcDbEntity
  8
A-KRESKOWANIE
370
25
 48
0.05
100
AcDbPolyline
 90
2
 70
0
 10
-7.565375661960908
 20
-0.7122507290581322
 10
-7.569494953744457
 20
-0.707888225739855
  0
LWPOLYLINE
  5
6DF
330
17
100
AcDbEntity
  8
A-KRESKOWANIE
370
25
 48
0.05
100
AcDbPolyline
 90
2
 70
0
 10
-7.52650636548759
 20
-0.7528985312569946
 10
-7.520619004797748
 20
-0.7517413864485512
  0
LWPOLYLINE
  5
6E0
330
17
100
AcDbEntity
  8
A-KRESKOWANIE
370
25
 48
0.05
100
AcDbPolyline
 90
2
 70
0
 10
-7.420439369222097
 20
-0.743558204529866
 10
-7.426402126704218
 20
-0.7428907292798277
  0
LWPOLYLINE
  5
6E1
330
17
100
AcDbEntity
  8
A-KRESKOWANIE
370
25
 48
0.05
100
AcDbPolyline
 90
2
 70
0
 10
-7.39069716482746
 20
-0.7573378558886135
 10
-7.390937443760569
 20
-0.7513426689829111
  0
LWPOLYLINE
  5
6E2
330
17
100
AcDbEntity
  8
A-KRESKOWANIE
370
25
 48
0.05
100
AcDbPolyline
 90
2
 70
0
 10
-7.306322930915251
 20
-0.7515730414562525
 10
-7.302849020979061
 20
-0.7466810122499578
  0
LWPOLYLINE
  5
6E3
330
17
100
AcDbEntity
  8
A-KRESKOWANIE
370
25
 48
0.05
100
AcDbPolyline
 90
2
 70
0
 10
-7.229627783957938
 20
-0.7552194229850938
 10
-7.224562632678218
 20
-0.7520031763351076
  0
LWPOLYLINE
  5
6E4
330
17
100
AcDbEntity
  8
A-KRESKOWANIE
370
25
 48
0.05
100
AcDbPolyline
 90
2
 70
0
 10
-7.149641689004831
 20
-0.743718808604634
 10
-7.155171323507459
 20
-0.7413900444973575
  0
LWPOLYLINE
  5
6E5
330
17
100
AcDbEntity
  8
A-KRESKOWANIE
370
25
 48
0.05
100
AcDbPolyline
 90
2
 70
0
 10
-7.092661511089275
 20
-0.7135888276636946
 10
-7.091280035196252
 20
-0.7077500328944808
  0
LWPOLYLINE
  5
6E6
330
17
100
AcDbEntity
  8
A-KRESKOWANIE
370
25
 48
0.05
100
AcDbPolyline
 90
2
 70
0
 10
-7.010589184656698
 20
-0.706658915027867
 10
-7.008466990113051
 20
-0.7010467594420947
  0
LWPOLYLINE
  5
6E7
330
17
100
AcDbEntity
  8
A-KRESKOWANIE
370
25
 48
0.05
100
AcDbPolyline
 90
2
 70
0
 10
-6.947035832332402
 20
-0.7310816956814883
 10
-6.941279827787988
 20
-0.729388057088197
  0
LWPOLYLINE
  5
6E8
330
17
100
AcDbEntity
  8
A-KRESKOWANIE
370
25
 48
0.05
100
AcDbPolyline
 90
2
 70
0
 10
-6.908412024633277
 20
-0.7178991005116862
 10
-6.905774125338207
 20
-0.7125100850812882
  0
LWPOLYLINE
  5
6E9
330
17
100
AcDbEntity
  8
A-KRESKOWANIE
370
25
 48
0.05
100
AcDbPolyline
 90
2
 70
0
 10
-6.837001900182219
 20
-0.7413511654895024
 10
-6.840212913847135
 20
-0.7362826951834115
  0
LWPOLYLINE
  5
6EA
330
17
100
AcDbEntity
  8
A-KRESKOWANIE
370
25
 48
0.05
100
AcDbPolyline
 90
2
 70
0
 10
-6.712721477595655
 20
-0.7545635417978975
 10
-6.718662114196325
 20
-0.7537216173483376
  0
LWPOLYLINE
  5
6EB
330
17
100
AcDbEntity
  8
A-KRESKOWANIE
370
25
 48
0.05
100
AcDbPolyline
 90
2
 70
0
 10
-6.635428193631025
 20
-0.7433414669463426
 10
-6.640677497176089
 20
-0.7404354710255293
  0
LWPOLYLINE
  5
6EC
330
17
100
AcDbEntity
  8
A-KRESKOWANIE
370
25
 48
0.05
100
AcDbPolyline
 90
2
 70
0
 10
-6.60623868124343
 20
-0.7283306468456842
 10
-6.601442906283334
 20
-0.7247250203353375
  0
LWPOLYLINE
  5
6ED
330
17
100
AcDbEntity
  8
A-KRESKOWANIE
370
25
 48
0.05
100
AcDbPolyline
 90
2
 70
0
 10
-6.536549989713422
 20
-0.7092485442208575
 10
-6.531176186584576
 20
-0.7065797917159602
  0
LWPOLYLINE
  5
6EE
330
17
100
AcDbEntity
  8
A-KRESKOWANIE
370
25
 48
0.05
100
AcDbPolyline
 90
2
 70
0
 10
-6.45832445858691
 20
-0.7517931697901228
 10
-6.462438057447428
 20
-0.7474252979496557
  0
LWPOLYLINE
  5
6EF
330
17
100
AcDbEntity
  8
A-KRESKOWANIE
370
25
 48
0.05
100
AcDbPolyline
 90
2
 70
0
 10
-6.375229377095171
 20
-0.7388765803907259
 10
-6.379005260876691
 20
-0.7342136733931056
  0
LWPOLYLINE
  5
6F0
330
17
100
AcDbEntity
  8
A-KRESKOWANIE
370
25
 48
0.05
100
AcDbPolyline
 90
2
 70
0
 10
-6.308015155429891
 20
-0.7189347885288885
 10
-6.313384459910124
 20
-0.7162569966403076
  0
LWPOLYLINE
  5
6F1
330
17
100
AcDbEntity
  8
A-KRESKOWANIE
370
25
 48
0.05
100
AcDbPolyline
 90
2
 70
0
 10
-6.222311944530465
 20
-0.7253837652459566
 10
-6.2212556012804665
 20
-0.7194774856269254
  0
LWPOLYLINE
  5
6F2
330
17
100
AcDbEntity
  8
A-KRESKOWANIE
370
25
 48
0.05
100
AcDbPolyline
 90
2
 70
0
 10
-6.140299580543647
 20
-0.7351897141196617
 10
-6.14629762695989
 20
-0.7350366154959159
  0
LWPOLYLINE
  5
6F3
330
17
100
AcDbEntity
  8
A-KRESKOWANIE
370
25
 48
0.05
100
AcDbPolyline
 90
2
 70
0
 10
-6.073973941701068
 20
-0.7537521066782962
 10
-6.070970308615606
 20
-0.7485580535126155
  0
LWPOLYLINE
  5
6F4
330
17
100
AcDbEntity
  8
A-KRESKOWANIE
370
25
 48
0.05
100
AcDbPolyline
 90
2
 70
0
 10
-6.008181286369873
 20
-0.7224152256788076
 10
-6.009389128088346
 20
-0.7165380564296607
  0
LWPOLYLINE
  5
6F5
330
17
100
AcDbEntity
  8
A-KRESKOWANIE
370
25
 48
0.05
100
AcDbPolyline
 90
2
 70
0
 10
-5.983582774362794
 20
-0.7610704680107623
 10
-5.980418281023558
 20
-0.7559728232697144
  0
LWPOLYLINE
  5
6F6
330
17
100
AcDbEntity
  8
A-KRESKOWANIE
370
25
 48
0.05
100
AcDbPolyline
 90
2
 70
0
 10
-5.878317440383973
 20
-0.6978387338708844
 10
-5.878339151253645
 20
-0.691838773151168
  0
LWPOLYLINE
  5
6F7
330
17
100
AcDbEntity
  8
A-KRESKOWANIE
370
25
 48
0.05
100
AcDbPolyline
 90
2
 70
0
 10
-5.812962688194512
 20
-0.7604884702018696
 10
-5.817992220316961
 20
-0.7572168029465927
  0
LWPOLYLINE
  5
6F8
330
17
100
AcDbEntity
  8
A-KRESKOWANIE
370
25
 48
0.05
100
AcDbPolyline
 90
2
 70
0
 10
-5.758903179688864
 20
-0.7453854933129962
 10
-5.7648973398625065
 20
-0.7451208353965919
  0
LWPOLYLINE
  5
6F9
330
17
100
AcDbEntity
  8
A-KRESKOWANIE
370
25
 48
0.05
100
AcDbPolyline
 90
2
 70
0
 10
-5.655326908481489
 20
-0.7122172444752366
 10
-5.650394275090858
 20
-0.7088012339609623
  0
LWPOLYLINE
  5
6FA
330
17
100
AcDbEntity
  8
A-KRESKOWANIE
370
25
 48
0.05
100
AcDbPolyline
 90
2
 70
0
 10
-5.595560103739505
 20
-0.7150561364805872
 10
-5.6013994094253965
 20
-0.7136768217569965
  0
LWPOLYLINE
  5
6FB
330
17
100
AcDbEntity
  8
A-KRESKOWANIE
370
25
 48
0.05
100
AcDbPolyline
 90
2
 70
0
 10
-5.528790182756846
 20
-0.6979396173067042
 10
-5.528371206197508
 20
-0.6919542636293744
  0
LWPOLYLINE
  5
6FC
330
17
100
AcDbEntity
  8
A-KRESKOWANIE
370
25
 48
0.05
100
AcDbPolyline
 90
2
 70
0
 10
-5.444324023956908
 20
-0.7010051261239142
 10
-5.4460542134057155
 20
-0.6952600025855352
  0
LWPOLYLINE
  5
6FD
330
17
100
AcDbEntity
  8
A-KRESKOWANIE
370
25
 48
0.05
100
AcDbPolyline
 90
2
 70
0
 10
-5.388060758072014
 20
-0.7525576822962963
 10
-5.392709213269586
 20
-0.7487640212312872
  0
LWPOLYLINE
  5
6FE
330
17
100
AcDbEntity
  8
A-KRESKOWANIE
370
25
 48
0.05
100
AcDbPolyline
 90
2
 70
0
 10
-5.346632313068482
 20
-0.7196309057684144
 10
-5.346297942050812
 20
-0.7136402300116619
  0
LWPOLYLINE
  5
6FF
330
17
100
AcDbEntity
  8
A-KRESKOWANIE
370
25
 48
0.05
100
AcDbPolyline
 90
2
 70
0
 10
-5.2689219595787575
 20
-0.7044897124384251
 10
-5.274901986074649
 20
-0.7040005467114606
  0
LWPOLYLINE
  5
700
330
17
100
AcDbEntity
  8
A-KRESKOWANIE
370
25
 48
0.05
100
AcDbPolyline
 90
2
 70
0
 10
-5.170855006444528
 20
-0.753305809444995
 10
-5.166219518736575
 20
-0.7494963142409792
  0
LWPOLYLINE
  5
701
330
17
100
AcDbEntity
  8
A-KRESKOWANIE
370
25
 48
0.05
100
AcDbPolyline
 90
2
 70
0
 10
-5.136085211611114
 20
-0.7055747085269833
 10
-5.132481320501603
 20
-0.7007776293249279
  0
LWPOLYLINE
  5
702
330
17
100
AcDbEntity
  8
A-KRESKOWANIE
370
25
 48
0.05
100
AcDbPolyline
 90
2
 70
0
 10
-5.046506115893464
 20
-0.7605644783268167
 10
-5.040549072363905
 20
-0.7598477968167018
  0
LWPOLYLINE
  5
703
330
17
100
AcDbEntity
  8
A-KRESKOWANIE
370
25
 48
0.05
100
AcDbPolyline
 90
2
 70
0
 10
-4.944350795166065
 20
-0.7409788635346458
 10
-4.950006071083399
 20
-0.73897440492973
  0
LWPOLYLINE
  5
704
330
17
100
AcDbEntity
  8
A-KRESKOWANIE
370
25
 48
0.05
100
AcDbPolyline
 90
2
 70
0
 10
-4.913359432883523
 20
-0.7420262263995092
 10
-4.907849587883471
 20
-0.7396510194452822
  0
LWPOLYLINE
  5
705
330
17
100
AcDbEntity
  8
A-KRESKOWANIE
370
25
 48
0.05
100
AcDbPolyline
 90
2
 70
0
 10
-4.848390228383419
 20
-0.7560115795618488
 10
-4.842396346778684
 20
-0.7557406860247884
  0
LWPOLYLINE
  5
706
330
17
100
AcDbEntity
  8
A-KRESKOWANIE
370
25
 48
0.05
100
AcDbPolyline
 90
2
 70
0
 10
-4.73785818355932
 20
-0.7465654879858453
 10
-4.7434998642516675
 20
-0.744523077898327
  0
LWPOLYLINE
  5
707
330
17
100
AcDbEntity
  8
A-KRESKOWANIE
370
25
 48
0.05
100
AcDbPolyline
 90
2
 70
0
 10
-4.664304806897317
 20
-0.7253353785868454
 10
-4.66402963672643
 20
-0.7193416917934724
  0
LWPOLYLINE
  5
708
330
17
100
AcDbEntity
  8
A-KRESKOWANIE
370
25
 48
0.05
100
AcDbPolyline
 90
2
 70
0
 10
-4.630216739565512
 20
-0.7610947497564257
 10
-4.630740487769269
 20
-0.7551176528173539
  0
LWPOLYLINE
  5
709
330
17
100
AcDbEntity
  8
A-KRESKOWANIE
370
25
 48
0.05
100
AcDbPolyline
 90
2
 70
0
 10
-4.513537238974153
 20
-0.7478916539891093
 10
-4.507560779450349
 20
-0.747360681710798
  0
LWPOLYLINE
  5
70A
330
17
100
AcDbEntity
  8
A-KRESKOWANIE
370
25
 48
0.05
100
AcDbPolyline
 90
2
 70
0
 10
-4.459436957644781
 20
-0.7611589128146508
 10
-4.460303701760611
 20
-0.7552218466504855
  0
LWPOLYLINE
  5
70B
330
17
100
AcDbEntity
  8
A-KRESKOWANIE
370
25
 48
0.05
100
AcDbPolyline
 90
2
 70
0
 10
-4.427905059455344
 20
-0.7389414165471989
 10
-4.425884741732259
 20
-0.7332917867984643
  0
LWPOLYLINE
  5
70C
330
17
100
AcDbEntity
  8
A-KRESKOWANIE
370
25
 48
0.05
100
AcDbPolyline
 90
2
 70
0
 10
-4.303237705749055
 20
-0.7281053614517231
 10
-4.3044730987789706
 20
-0.7222339217593108
  0
LWPOLYLINE
  5
70D
330
17
100
AcDbEntity
  8
A-KRESKOWANIE
370
25
 48
0.05
100
AcDbPolyline
 90
2
 70
0
 10
-4.2591858233939215
 20
-0.7464897120990733
 10
-4.253386329929947
 20
-0.7449515718059547
  0
LWPOLYLINE
  5
70E
330
17
100
AcDbEntity
  8
A-KRESKOWANIE
370
25
 48
0.05
100
AcDbPolyline
 90
2
 70
0
 10
-4.196778312806829
 20
-0.7534866445395356
 10
-4.198353918426465
 20
-0.7476972173717261
  0
LWPOLYLINE
  5
70F
330
17
100
AcDbEntity
  8
A-KRESKOWANIE
370
25
 48
0.05
100
AcDbPolyline
 90
2
 70
0
 10
-4.120748779815192
 20
-0.714275537447946
 10
-4.12617894915423
 20
-0.7117234283301056
  0
LWPOLYLINE
  5
710
330
17
100
AcDbEntity
  8
A-KRESKOWANIE
370
25
 48
0.05
100
AcDbPolyline
 90
2
 70
0
 10
-4.0558716827751224
 20
-0.7498195240250266
 10
-4.061349563392478
 20
-0.7473714995271921
  0
LWPOLYLINE
  5
711
330
17
100
AcDbEntity
  8
A-KRESKOWANIE
370
25
 48
0.05
100
AcDbPolyline
 90
2
 70
0
 10
-3.9475742032573096
 20
-0.7412027141946046
 10
-3.9511774226224916
 20
-0.7364051304062401
  0
LWPOLYLINE
  5
712
330
17
100
AcDbEntity
  8
A-KRESKOWANIE
370
25
 48
0.05
100
AcDbPolyline
 90
2
 70
0
 10
-3.895894718955441
 20
-0.7121354716856038
 10
-3.8960477276311463
 20
-0.7061374229741344
  0
LWPOLYLINE
  5
713
330
17
100
AcDbEntity
  8
A-KRESKOWANIE
370
25
 48
0.05
100
AcDbPolyline
 90
2
 70
0
 10
-3.8298940711461276
 20
-0.7375329251969679
 10
-3.8354363599830377
 20
-0.7352344399461421
  0
LWPOLYLINE
  5
714
330
17
100
AcDbEntity
  8
A-KRESKOWANIE
370
25
 48
0.05
100
AcDbPolyline
 90
2
 70
0
 10
-3.7569875661740273
 20
-0.7386669779748395
 10
-3.7512119695315658
 20
-0.7370414062527708
  0
LWPOLYLINE
  5
715
330
17
100
AcDbEntity
  8
A-KRESKOWANIE
370
25
 48
0.05
100
AcDbPolyline
 90
2
 70
0
 10
-3.6929470116083314
 20
-0.7215515818958251
 10
-3.6988679277933514
 20
-0.7205806279679964
  0
LWPOLYLINE
  5
716
330
17
100
AcDbEntity
  8
A-KRESKOWANIE
370
25
 48
0.05
100
AcDbPolyline
 90
2
 70
0
 10
-3.5931660462893036
 20
-0.75307346884296
 10
-3.597931728903053
 20
-0.749428161006164
  0
LWPOLYLINE
  5
717
330
17
100
AcDbEntity
  8
A-KRESKOWANIE
370
25
 48
0.05
100
AcDbPolyline
 90
2
 70
0
 10
-3.574882296391344
 20
-0.7219931855547062
 10
-3.5790420006395887
 20
-0.717669198902653
  0
LWPOLYLINE
  5
718
330
17
100
AcDbEntity
  8
A-KRESKOWANIE
370
25
 48
0.05
100
AcDbPolyline
 90
2
 70
0
 10
-3.4644406821038
 20
-0.7335275804170474
 10
-3.4584413749830443
 20
-0.7334363988901252
  0
LWPOLYLINE
  5
719
330
17
100
AcDbEntity
  8
A-KRESKOWANIE
370
25
 48
0.05
100
AcDbPolyline
 90
2
 70
0
 10
-3.436928280633819
 20
-0.733778358412138
 10
-3.4405719115210736
 20
-0.7290113935541342
  0
LWPOLYLINE
  5
71A
330
17
100
AcDbEntity
  8
A-KRESKOWANIE
370
25
 48
0.05
100
AcDbPolyline
 90
2
 70
0
 10
-3.3389025549344122
 20
-0.7136115485384515
 10
-3.3448341215816693
 20
-0.7127079351758071
  0
LWPOLYLINE
  5
71B
330
17
100
AcDbEntity
  8
A-KRESKOWANIE
370
25
 48
0.05
100
AcDbPolyline
 90
2
 70
0
 10
-3.300918226955845
 20
-0.7167628917584764
 10
-3.306839353125583
 20
-0.7157932191941323
  0
LWPOLYLINE
  5
71C
330
17
100
AcDbEntity
  8
A-KRESKOWANIE
370
25
 48
0.05
100
AcDbPolyline
 90
2
 70
0
 10
-3.2203993812673435
 20
-0.7064892549492688
 10
-3.2164997477703983
 20
-0.7019293362450043
  0
LWPOLYLINE
  5
71D
330
17
100
AcDbEntity
  8
A-KRESKOWANIE
370
25
 48
0.05
100
AcDbPolyline
 90
2
 70
0
 10
-3.117329654972796
 20
-0.7220259004507067
 10
-3.113291191623757
 20
-0.717588467208564
  0
LWPOLYLINE
  5
71E
330
17
100
AcDbEntity
  8
A-KRESKOWANIE
370
25
 48
0.05
100
AcDbPolyline
 90
2
 70
0
 10
-3.0804503850627634
 20
-0.7421499849493667
 10
-3.078546471891404
 20
-0.7364600715373785
  0
LWPOLYLINE
  5
71F
330
17
100
AcDbEntity
  8
A-KRESKOWANIE
370
25
 48
0.05
100
AcDbPolyline
 90
2
 70
0
 10
-3.0120817580826467
 20
-0.7209675387936672
 10
-3.006085498913341
 20
-0.7207556992918831
  0
LWPOLYLINE
  5
720
330
17
100
AcDbEntity
  8
A-KRESKOWANIE
370
25
 48
0.05
100
AcDbPolyline
 90
2
 70
0
 10
-2.9273322457720767
 20
-0.7092880220591167
 10
-2.9327279115760234
 20
-0.7066637525355886
  0
LWPOLYLINE
  5
721
330
17
100
AcDbEntity
  8
A-KRESKOWANIE
370
25
 48
0.05
100
AcDbPolyline
 90
2
 70
0
 10
-2.870279944820022
 20
-0.7347950817443691
 10
-2.8691800763474635
 20
-0.7288967523755502
  0
LWPOLYLINE
  5
722
330
17
100
AcDbEntity
  8
A-KRESKOWANIE
370
25
 48
0.05
100
AcDbPolyline
 90
2
 70
0
 10
-2.769063664324283
 20
-0.7205108851594916
 10
-2.769897282608701
 20
-0.7145690773070039
  0
LWPOLYLINE
  5
723
330
17
100
AcDbEntity
  8
A-KRESKOWANIE
370
25
 48
0.05
100
AcDbPolyline
 90
2
 70
0
 10
-2.7077651980387953
 20
-0.7590139618696622
 10
-2.7022427687174284
 20
-0.7566681625622815
  0
LWPOLYLINE
  5
724
330
17
100
AcDbEntity
  8
A-KRESKOWANIE
370
25
 48
0.05
100
AcDbPolyline
 90
2
 70
0
 10
-2.6411558991732456
 20
-0.7387263942165551
 10
-2.6467355983279703
 20
-0.7365202760549957
  0
LWPOLYLINE
  5
725
330
17
100
AcDbEntity
  8
A-KRESKOWANIE
370
25
 48
0.05
100
AcDbPolyline
 90
2
 70
0
 10
-2.5641035899078957
 20
-0.7265879151870095
 10
-2.561179265366053
 20
-0.7213488001878923
  0
LWPOLYLINE
  5
726
330
17
100
AcDbEntity
  8
A-KRESKOWANIE
370
25
 48
0.05
100
AcDbPolyline
 90
2
 70
0
 10
-2.4915970811202945
 20
-0.7004829343054935
 10
-2.4969505416554845
 20
-0.69777360592042
  0
LWPOLYLINE
  5
727
330
17
100
AcDbEntity
  8
A-KRESKOWANIE
370
25
 48
0.05
100
AcDbPolyline
 90
2
 70
0
 10
-2.44337115076406
 20
-0.7114936770113006
 10
-2.44294303754154
 20
-0.705508969911642
  0
LWPOLYLINE
  5
728
330
17
100
AcDbEntity
  8
A-KRESKOWANIE
370
25
 48
0.05
100
AcDbPolyline
 90
2
 70
0
 10
-2.3479852326095902
 20
-0.7385489276668334
 10
-2.3466576915606834
 20
-0.7326976342402937
  0
LWPOLYLINE
  5
729
330
17
100
AcDbEntity
  8
A-KRESKOWANIE
370
25
 48
0.05
100
AcDbPolyline
 90
2
 70
0
 10
-2.277728332180762
 20
-0.7329517294121759
 10
-2.282355762077915
 20
-0.7291324503510261
  0
LWPOLYLINE
  5
72A
330
17
100
AcDbEntity
  8
A-KRESKOWANIE
370
25
 48
0.05
100
AcDbPolyline
 90
2
 70
0
 10
-2.2348176775846413
 20
-0.7562520076341904
 10
-2.2386979627842667
 20
-0.7516756131178087
  0
LWPOLYLINE
  5
72B
330
17
100
AcDbEntity
  8
A-KRESKOWANIE
370
25
 48
0.05
100
AcDbPolyline
 90
2
 70
0
 10
-2.1618787546080624
 20
-0.722619954122738
 10
-2.1569136124923487
 20
-0.7192513692906807
  0
LWPOLYLINE
  5
72C
330
17
100
AcDbEntity
  8
A-KRESKOWANIE
370
25
 48
0.05
100
AcDbPolyline
 90
2
 70
0
 10
-2.047091031015457
 20
-0.7204537698437252
 10
-2.0449717534983245
 20
-0.714840512072575
  0
LWPOLYLINE
  5
72D
330
17
100
AcDbEntity
  8
A-KRESKOWANIE
370
25
 48
0.05
100
AcDbPolyline
 90
2
 70
0
 10
-1.9756495175717919
 20
-0.7608133913041226
 10
-1.9696568155824812
 20
-0.76051754866468
  0
LWPOLYLINE
  5
72E
330
17
100
AcDbEntity
  8
A-KRESKOWANIE
370
25
 48
0.05
100
AcDbPolyline
 90
2
 70
0
 10
-1.923978353402788
 20
-0.7181549086584684
 10
-1.9298737797120784
 20
-0.7170395842071415
  0
LWPOLYLINE
  5
72F
330
17
100
AcDbEntity
  8
A-KRESKOWANIE
370
25
 48
0.05
100
AcDbPolyline
 90
2
 70
0
 10
-1.865360670152463
 20
-0.7061973540074264
 10
-1.864154077488807
 20
-0.7003199281981106
  0
LWPOLYLINE
  5
730
330
17
100
AcDbEntity
  8
A-KRESKOWANIE
370
25
 48
0.05
100
AcDbPolyline
 90
2
 70
0
 10
-1.7647089470141004
 20
-0.732386335222857
 10
-1.7593337686876749
 20
-0.7297203536101814
  0
LWPOLYLINE
  5
731
330
17
100
AcDbEntity
  8
A-KRESKOWANIE
370
25
 48
0.05
100
AcDbPolyline
 90
2
 70
0
 10
-1.6969851049122398
 20
-0.749708836481985
 10
-1.691878215537548
 20
-0.7465592839876358
  0
LWPOLYLINE
  5
732
330
17
100
AcDbEntity
  8
A-KRESKOWANIE
370
25
 48
0.05
100
AcDbPolyline
 90
2
 70
0
 10
-1.632057228660998
 20
-0.7367830426622191
 10
-1.6334536522030212
 20
-0.7309478047672157
  0
LWPOLYLINE
  5
733
330
17
100
AcDbEntity
  8
A-KRESKOWANIE
370
25
 48
0.05
100
AcDbPolyline
 90
2
 70
0
 10
-1.5882214625738567
 20
-0.748368589514961
 10
-1.5932462305609874
 20
-0.7450896099975645
  0
LWPOLYLINE
  5
734
330
17
100
AcDbEntity
  8
A-KRESKOWANIE
370
25
 48
0.05
100
AcDbPolyline
 90
2
 70
0
 10
-1.489869099747915
 20
-0.7602843185402106
 10
-1.4860175687828678
 20
-0.7556836980140985
  0
LWPOLYLINE
  5
735
330
17
100
AcDbEntity
  8
A-KRESKOWANIE
370
25
 48
0.05
100
AcDbPolyline
 90
2
 70
0
 10
-1.4174506516005845
 20
-0.7294098020767575
 10
-1.4231513797673188
 20
-0.7275385195302132
  0
LWPOLYLINE
  5
736
330
17
100
AcDbEntity
  8
A-KRESKOWANIE
370
25
 48
0.05
100
AcDbPolyline
 90
2
 70
0
 10
-1.3652897879536574
 20
-0.7122605289056395
 10
-1.3712872148439694
 20
-0.7120848283212293
  0
LWPOLYLINE
  5
737
330
17
100
AcDbEntity
  8
A-KRESKOWANIE
370
25
 48
0.05
100
AcDbPolyline
 90
2
 70
0
 10
-1.2959142201751173
 20
-0.7303374213822443
 10
-1.3010561838385595
 20
-0.727245462507382
  0
LWPOLYLINE
  5
738
330
17
100
AcDbEntity
  8
A-KRESKOWANIE
370
25
 48
0.05
100
AcDbPolyline
 90
2
 70
0
 10
-1.2192403395222822
 20
-0.7021701093780139
 10
-1.21768366359911
 20
-0.696375563660685
  0
LWPOLYLINE
  5
739
330
17
100
AcDbEntity
  8
A-KRESKOWANIE
370
25
 48
0.05
100
AcDbPolyline
 90
2
 70
0
 10
-1.1748927755056415
 20
-0.7530637638935266
 10
-1.1797253649407597
 20
-0.7495076312537641
  0
LWPOLYLINE
  5
73A
330
17
100
AcDbEntity
  8
A-KRESKOWANIE
370
25
 48
0.05
100
AcDbPolyline
 90
2
 70
0
 10
-1.1063364278752734
 20
-0.7254540761605045
 10
-1.1085158412270584
 20
-0.7198638921347267
  0
LWPOLYLINE
  5
73B
330
17
100
AcDbEntity
  8
A-KRESKOWANIE
370
25
 48
0.05
100
AcDbPolyline
 90
2
 70
0
 10
-1.0117985790425594
 20
-0.7031269778001435
 10
-1.011886472524579
 20
-0.6971276216066993
  0
LWPOLYLINE
  5
73C
330
17
100
AcDbEntity
  8
A-KRESKOWANIE
370
25
 48
0.05
100
AcDbPolyline
 90
2
 70
0
 10
-0.9262034495988265
 20
-0.7597112478624507
 10
-0.928381356126991
 20
-0.7541204766138144
  0
LWPOLYLINE
  5
73D
330
17
100
AcDbEntity
  8
A-KRESKOWANIE
370
25
 48
0.05
100
AcDbPolyline
 90
2
 70
0
 10
-0.8351031037468231
 20
-0.7092594110069016
 10
-0.8410981055247588
 20
-0.7090145565959826
  0
LWPOLYLINE
  5
73E
330
17
100
AcDbEntity
  8
A-KRESKOWANIE
370
25
 48
0.05
100
AcDbPolyline
 90
2
 70
0
 10
-0.7715124357902442
 20
-0.7513885287468668
 10
-0.7720959399944081
 20
-0.7454169692484005
  0
LWPOLYLINE
  5
73F
330
17
100
AcDbEntity
  8
A-KRESKOWANIE
370
25
 48
0.05
100
AcDbPolyline
 90
2
 70
0
 10
-0.739231531170606
 20
-0.7522830644848275
 10
-0.7445382365775244
 20
-0.7494832648983957
  0
LWPOLYLINE
  5
740
330
17
100
AcDbEntity
  8
A-KRESKOWANIE
370
25
 48
0.05
100
AcDbPolyline
 90
2
 70
0
 10
-0.6596060561502205
 20
-0.7455623251732599
 10
-0.6538908552814238
 20
-0.7437357220337396
  0
LWPOLYLINE
  5
741
330
17
100
AcDbEntity
  8
A-KRESKOWANIE
370
25
 48
0.05
100
AcDbPolyline
 90
2
 70
0
 10
-0.5568630322148895
 20
-0.7374538372845684
 10
-0.5550274430559141
 20
-0.7317415161766954
  0
LWPOLYLINE
  5
742
330
17
100
AcDbEntity
  8
A-KRESKOWANIE
370
25
 48
0.05
100
AcDbPolyline
 90
2
 70
0
 10
-8.33855901326299
 20
-0.6894557861351066
 10
-8.343037642479976
 20
-0.6854630577024718
  0
LWPOLYLINE
  5
743
330
17
100
AcDbEntity
  8
A-KRESKOWANIE
370
25
 48
0.05
100
AcDbPolyline
 90
2
 70
0
 10
-8.307104134743657
 20
-0.6802833531802158
 10
-8.312183670194687
 20
-0.6770898723830717
  0
LWPOLYLINE
  5
744
330
17
100
AcDbEntity
  8
A-KRESKOWANIE
370
25
 48
0.05
100
AcDbPolyline
 90
2
 70
0
 10
-8.251265437285062
 20
-0.6495823519079432
 10
-8.257169548292724
 20
-0.6485139544120647
  0
LWPOLYLINE
  5
745
330
17
100
AcDbEntity
  8
A-KRESKOWANIE
370
25
 48
0.05
100
AcDbPolyline
 90
2
 70
0
 10
-8.174502519793313
 20
-0.6745673188679594
 10
-8.170567422949155
 20
-0.6700379687129037
  0
LWPOLYLINE
  5
746
330
17
100
AcDbEntity
  8
A-KRESKOWANIE
370
25
 48
0.05
100
AcDbPolyline
 90
2
 70
0
 10
-8.053479538390745
 20
-0.6793784267028066
 10
-8.047802713742763
 20
-0.6774358351564255
  0
LWPOLYLINE
  5
747
330
17
100
AcDbEntity
  8
A-KRESKOWANIE
370
25
 48
0.05
100
AcDbPolyline
 90
2
 70
0
 10
-7.990563488896302
 20
-0.6332024904167335
 10
-7.993334775137561
 20
-0.6278808391157735
  0
LWPOLYLINE
  5
748
330
17
100
AcDbEntity
  8
A-KRESKOWANIE
370
25
 48
0.05
100
AcDbPolyline
 90
2
 70
0
 10
-7.9157853747551945
 20
-0.6464224463355324
 10
-7.920206122469918
 20
-0.6423657247968056
  0
LWPOLYLINE
  5
749
330
17
100
AcDbEntity
  8
A-KRESKOWANIE
370
25
 48
0.05
100
AcDbPolyline
 90
2
 70
0
 10
-7.851856869823445
 20
-0.6270100006811581
 10
-7.857154157184491
 20
-0.6241924225341492
  0
LWPOLYLINE
  5
74A
330
17
100
AcDbEntity
  8
A-KRESKOWANIE
370
25
 48
0.05
100
AcDbPolyline
 90
2
 70
0
 10
-7.775165729583513
 20
-0.6569344767986356
 10
-7.769469991808929
 20
-0.655048059240624
  0
LWPOLYLINE
  5
74B
330
17
100
AcDbEntity
  8
A-KRESKOWANIE
370
25
 48
0.05
100
AcDbPolyline
 90
2
 70
0
 10
-7.753703384507436
 20
-0.6279791476846827
 10
-7.748448185583535
 20
-0.6250838265850074
  0
LWPOLYLINE
  5
74C
330
17
100
AcDbEntity
  8
A-KRESKOWANIE
370
25
 48
0.05
100
AcDbPolyline
 90
2
 70
0
 10
-7.656788966354749
 20
-0.6848538442251756
 10
-7.6543843082691065
 20
-0.6793567886959714
  0
LWPOLYLINE
  5
74D
330
17
100
AcDbEntity
  8
A-KRESKOWANIE
370
25
 48
0.05
100
AcDbPolyline
 90
2
 70
0
 10
-7.605923364568648
 20
-0.6330993762543867
 10
-7.606139211556282
 20
-0.6271032600048524
  0
LWPOLYLINE
  5
74E
330
17
100
AcDbEntity
  8
A-KRESKOWANIE
370
25
 48
0.05
100
AcDbPolyline
 90
2
 70
0
 10
-7.5424133208951964
 20
-0.6752509193486798
 10
-7.536524199033137
 20
-0.6741027714079486
  0
LWPOLYLINE
  5
74F
330
17
100
AcDbEntity
  8
A-KRESKOWANIE
370
25
 48
0.05
100
AcDbPolyline
 90
2
 70
0
 10
-7.469601312078031
 20
-0.6630395033629708
 10
-7.474723861452359
 20
-0.6599154854520791
  0
LWPOLYLINE
  5
750
330
17
100
AcDbEntity
  8
A-KRESKOWANIE
370
25
 48
0.05
100
AcDbPolyline
 90
2
 70
0
 10
-7.3801492346424284
 20
-0.6580914026017952
 10
-7.3760807040398
 20
-0.6536815206605782
  0
LWPOLYLINE
  5
751
330
17
100
AcDbEntity
  8
A-KRESKOWANIE
370
25
 48
0.05
100
AcDbPolyline
 90
2
 70
0
 10
-7.303684329383397
 20
-0.6336418766676012
 10
-7.305238622531489
 20
-0.6278466913547924
  0
LWPOLYLINE
  5
752
330
17
100
AcDbEntity
  8
A-KRESKOWANIE
370
25
 48
0.05
100
AcDbPolyline
 90
2
 70
0
 10
-7.252911064186768
 20
-0.6532571256804864
 10
-7.258850692960465
 20
-0.6524081203620842
  0
LWPOLYLINE
  5
753
330
17
100
AcDbEntity
  8
A-KRESKOWANIE
370
25
 48
0.05
100
AcDbPolyline
 90
2
 70
0
 10
-7.152808853146908
 20
-0.67355199900333
 10
-7.150631603759359
 20
-0.6679609718075085
  0
LWPOLYLINE
  5
754
330
17
100
AcDbEntity
  8
A-KRESKOWANIE
370
25
 48
0.05
100
AcDbPolyline
 90
2
 70
0
 10
-7.096745553444714
 20
-0.6439288656610216
 10
-7.102498299614924
 20
-0.6422241922315514
  0
LWPOLYLINE
  5
755
330
17
100
AcDbEntity
  8
A-KRESKOWANIE
370
25
 48
0.05
100
AcDbPolyline
 90
2
 70
0
 10
-7.0286378464375465
 20
-0.6521769309503681
 10
-7.023171931162342
 20
-0.6497023056849418
  0
LWPOLYLINE
  5
756
330
17
100
AcDbEntity
  8
A-KRESKOWANIE
370
25
 48
0.05
100
AcDbPolyline
 90
2
 70
0
 10
-6.917384727305814
 20
-0.6680354500907283
 10
-6.911384791080052
 20
-0.6680077862733119
  0
LWPOLYLINE
  5
757
330
17
100
AcDbEntity
  8
A-KRESKOWANIE
370
25
 48
0.05
100
AcDbPolyline
 90
2
 70
0
 10
-6.86362676732873
 20
-0.6548937321809233
 10
-6.857986276754776
 20
-0.6528480376570196
  0
LWPOLYLINE
  5
758
330
17
100
AcDbEntity
  8
A-KRESKOWANIE
370
25
 48
0.05
100
AcDbPolyline
 90
2
 70
0
 10
-6.809288350857097
 20
-0.6895614091702164
 10
-6.80337385342648
 20
-0.6885520924987826
  0
LWPOLYLINE
  5
759
330
17
100
AcDbEntity
  8
A-KRESKOWANIE
370
25
 48
0.05
100
AcDbPolyline
 90
2
 70
0
 10
-6.755102711054944
 20
-0.6478709601560723
 10
-6.749992685408918
 20
-0.644726498692331
  0
LWPOLYLINE
  5
75A
330
17
100
AcDbEntity
  8
A-KRESKOWANIE
370
25
 48
0.05
100
AcDbPolyline
 90
2
 70
0
 10
-6.687903723781386
 20
-0.651334436293009
 10
-6.683169401032625
 20
-0.6476484916229732
  0
LWPOLYLINE
  5
75B
330
17
100
AcDbEntity
  8
A-KRESKOWANIE
370
25
 48
0.05
100
AcDbPolyline
 90
2
 70
0
 10
-6.573893633936966
 20
-0.632187075144047
 10
-6.568603259432836
 20
-0.6293565385154114
  0
LWPOLYLINE
  5
75C
330
17
100
AcDbEntity
  8
A-KRESKOWANIE
370
25
 48
0.05
100
AcDbPolyline
 90
2
 70
0
 10
-6.541434904272207
 20
-0.6786013554485932
 10
-6.53794775988297
 20
-0.6737187512245535
  0
LWPOLYLINE
  5
75D
330
17
100
AcDbEntity
  8
A-KRESKOWANIE
370
25
 48
0.05
100
AcDbPolyline
 90
2
 70
0
 10
-6.455949936494473
 20
-0.6881054718714222
 10
-6.453160025054672
 20
-0.6827935612774769
  0
LWPOLYLINE
  5
75E
330
17
100
AcDbEntity
  8
A-KRESKOWANIE
370
25
 48
0.05
100
AcDbPolyline
 90
2
 70
0
 10
-6.4119999035066515
 20
-0.6508624509589769
 10
-6.407306403254004
 20
-0.6471246634612186
  0
LWPOLYLINE
  5
75F
330
17
100
AcDbEntity
  8
A-KRESKOWANIE
370
25
 48
0.05
100
AcDbPolyline
 90
2
 70
0
 10
-6.312418007350479
 20
-0.6278823587355409
 10
-6.31106189854631
 20
-0.6220376201689962
  0
LWPOLYLINE
  5
760
330
17
100
AcDbEntity
  8
A-KRESKOWANIE
370
25
 48
0.05
100
AcDbPolyline
 90
2
 70
0
 10
-6.257938666474181
 20
-0.6713447918139059
 10
-6.255634383165128
 20
-0.6658049110903146
  0
LWPOLYLINE
  5
761
330
17
100
AcDbEntity
  8
A-KRESKOWANIE
370
25
 48
0.05
100
AcDbPolyline
 90
2
 70
0
 10
-6.18118296513267
 20
-0.6563182412579178
 10
-6.178572140647971
 20
-0.6509160569302508
  0
LWPOLYLINE
  5
762
330
17
100
AcDbEntity
  8
A-KRESKOWANIE
370
25
 48
0.05
100
AcDbPolyline
 90
2
 70
0
 10
-6.098181221726611
 20
-0.6398257304515058
 10
-6.0993366713874
 20
-0.6339380368384361
  0
LWPOLYLINE
  5
763
330
17
100
AcDbEntity
  8
A-KRESKOWANIE
370
25
 48
0.05
100
AcDbPolyline
 90
2
 70
0
 10
-6.00181299240444
 20
-0.6518284004915837
 10
-6.004977817251168
 20
-0.646730961557224
  0
LWPOLYLINE
  5
764
330
17
100
AcDbEntity
  8
A-KRESKOWANIE
370
25
 48
0.05
100
AcDbPolyline
 90
2
 70
0
 10
-5.962517907829035
 20
-0.680491721040996
 10
-5.96511423911701
 20
-0.6750825562401157
  0
LWPOLYLINE
  5
765
330
17
100
AcDbEntity
  8
A-KRESKOWANIE
370
25
 48
0.05
100
AcDbPolyline
 90
2
 70
0
 10
-5.884950565360673
 20
-0.6763280228420032
 10
-5.879251227057693
 20
-0.6744525114695559
  0
LWPOLYLINE
  5
766
330
17
100
AcDbEntity
  8
A-KRESKOWANIE
370
25
 48
0.05
100
AcDbPolyline
 90
2
 70
0
 10
-5.824883506168472
 20
-0.6638876684741387
 10
-5.824414661379078
 20
-0.6579060144751634
  0
LWPOLYLINE
  5
767
330
17
100
AcDbEntity
  8
A-KRESKOWANIE
370
25
 48
0.05
100
AcDbPolyline
 90
2
 70
0
 10
-5.770747065887538
 20
-0.6885557022407285
 10
-5.776537307755026
 20
-0.6869830932251141
  0
LWPOLYLINE
  5
768
330
17
100
AcDbEntity
  8
A-KRESKOWANIE
370
25
 48
0.05
100
AcDbPolyline
 90
2
 70
0
 10
-5.661413954174714
 20
-0.6883308553229207
 10
-5.661694881642121
 20
-0.6823374356181064
  0
LWPOLYLINE
  5
769
330
17
100
AcDbEntity
  8
A-KRESKOWANIE
370
25
 48
0.05
100
AcDbPolyline
 90
2
 70
0
 10
-5.6209653684473455
 20
-0.6707258184706661
 10
-5.62341063884462
 20
-0.6652467078964747
  0
LWPOLYLINE
  5
76A
330
17
100
AcDbEntity
  8
A-KRESKOWANIE
370
25
 48
0.05
100
AcDbPolyline
 90
2
 70
0
 10
-5.519259512549817
 20
-0.667356778142385
 10
-5.516999918304961
 20
-0.6617985199756014
  0
LWPOLYLINE
  5
76B
330
17
100
AcDbEntity
  8
A-KRESKOWANIE
370
25
 48
0.05
100
AcDbPolyline
 90
2
 70
0
 10
-5.480369656368328
 20
-0.6338674897107452
 10
-5.484407160467192
 20
-0.6294291836541895
  0
LWPOLYLINE
  5
76C
330
17
100
AcDbEntity
  8
A-KRESKOWANIE
370
25
 48
0.05
100
AcDbPolyline
 90
2
 70
0
 10
-5.375188069978766
 20
-0.662463925392007
 10
-5.376091831589771
 20
-0.6565323813307634
  0
LWPOLYLINE
  5
76D
330
17
100
AcDbEntity
  8
A-KRESKOWANIE
370
25
 48
0.05
100
AcDbPolyline
 90
2
 70
0
 10
-5.317518467752019
 20
-0.6729528622047033
 10
-5.316737036985455
 20
-0.6670039660081751
  0
LWPOLYLINE
  5
76E
330
17
100
AcDbEntity
  8
A-KRESKOWANIE
370
25
 48
0.05
100
AcDbPolyline
 90
2
 70
0
 10
-5.229196523427302
 20
-0.6753133343070212
 10
-5.2273442474030025
 20
-0.6696064022476916
  0
LWPOLYLINE
  5
76F
330
17
100
AcDbEntity
  8
A-KRESKOWANIE
370
25
 48
0.05
100
AcDbPolyline
 90
2
 70
0
 10
-5.158255735140851
 20
-0.6578094747091808
 10
-5.152512816197382
 20
-0.6560719816850946
  0
LWPOLYLINE
  5
770
330
17
100
AcDbEntity
  8
A-KRESKOWANIE
370
25
 48
0.05
100
AcDbPolyline
 90
2
 70
0
 10
-5.078574717262492
 20
-0.6274156809299618
 10
-5.083880619793053
 20
-0.6246143601100298
  0
LWPOLYLINE
  5
771
330
17
100
AcDbEntity
  8
A-KRESKOWANIE
370
25
 48
0.05
100
AcDbPolyline
 90
2
 70
0
 10
-5.0465565389792975
 20
-0.6608971846917551
 10
-5.052413042901991
 20
-0.659592822087461
  0
LWPOLYLINE
  5
772
330
17
100
AcDbEntity
  8
A-KRESKOWANIE
370
25
 48
0.05
100
AcDbPolyline
 90
2
 70
0
 10
-4.938406420849784
 20
-0.6843512033643667
 10
-4.940141290804427
 20
-0.6786074914774006
  0
LWPOLYLINE
  5
773
330
17
100
AcDbEntity
  8
A-KRESKOWANIE
370
25
 48
0.05
100
AcDbPolyline
 90
2
 70
0
 10
-4.911549764391976
 20
-0.6633861937890657
 10
-4.90567078967578
 20
-0.6621871707341065
  0
LWPOLYLINE
  5
774
330
17
100
AcDbEntity
  8
A-KRESKOWANIE
370
25
 48
0.05
100
AcDbPolyline
 90
2
 70
0
 10
-4.801882288559071
 20
-0.664066958779032
 10
-4.805595248143309
 20
-0.6593537930567368
  0
LWPOLYLINE
  5
775
330
17
100
AcDbEntity
  8
A-KRESKOWANIE
370
25
 48
0.05
100
AcDbPolyline
 90
2
 70
0
 10
-4.75969153044367
 20
-0.6532199334524983
 10
-4.760755353571693
 20
-0.6473149965051395
  0
LWPOLYLINE
  5
776
330
17
100
AcDbEntity
  8
A-KRESKOWANIE
370
25
 48
0.05
100
AcDbPolyline
 90
2
 70
0
 10
-4.682555457526447
 20
-0.681428413841072
 10
-4.682549527370437
 20
-0.6754284167716352
  0
LWPOLYLINE
  5
777
330
17
100
AcDbEntity
  8
A-KRESKOWANIE
370
25
 48
0.05
100
AcDbPolyline
 90
2
 70
0
 10
-4.636971879629345
 20
-0.6676442624419412
 10
-4.636720184405304
 20
-0.6616495439736397
  0
LWPOLYLINE
  5
778
330
17
100
AcDbEntity
  8
A-KRESKOWANIE
370
25
 48
0.05
100
AcDbPolyline
 90
2
 70
0
 10
-4.570923324749218
 20
-0.6837017549128491
 10
-4.568768832129627
 20
-0.6781019190623864
  0
LWPOLYLINE
  5
779
330
17
100
AcDbEntity
  8
A-KRESKOWANIE
370
25
 48
0.05
100
AcDbPolyline
 90
2
 70
0
 10
-4.479890468860688
 20
-0.6355827910465097
 10
-4.481032078784537
 20
-0.6296923982937496
  0
LWPOLYLINE
  5
77A
330
17
100
AcDbEntity
  8
A-KRESKOWANIE
370
25
 48
0.05
100
AcDbPolyline
 90
2
 70
0
 10
-4.393497464757041
 20
-0.6547470078610894
 10
-4.389434392895657
 20
-0.6503320959651133
  0
LWPOLYLINE
  5
77B
330
17
100
AcDbEntity
  8
A-KRESKOWANIE
370
25
 48
0.05
100
AcDbPolyline
 90
2
 70
0
 10
-4.31333831091773
 20
-0.6822672897978843
 10
-4.311520097231122
 20
-0.676549414406637
  0
LWPOLYLINE
  5
77C
330
17
100
AcDbEntity
  8
A-KRESKOWANIE
370
25
 48
0.05
100
AcDbPolyline
 90
2
 70
0
 10
-4.276379860072319
 20
-0.6823551549362499
 10
-4.270395013092209
 20
-0.6819290016484846
  0
LWPOLYLINE
  5
77D
330
17
100
AcDbEntity
  8
A-KRESKOWANIE
370
25
 48
0.05
100
AcDbPolyline
 90
2
 70
0
 10
-4.1948363604956915
 20
-0.6845472720679959
 10
-4.19471743937255
 20
-0.6785484507032218
  0
LWPOLYLINE
  5
77E
330
17
100
AcDbEntity
  8
A-KRESKOWANIE
370
25
 48
0.05
100
AcDbPolyline
 90
2
 70
0
 10
-4.134471696840454
 20
-0.6867023311122337
 10
-4.129959617388405
 20
-0.6827474431216078
  0
LWPOLYLINE
  5
77F
330
17
100
AcDbEntity
  8
A-KRESKOWANIE
370
25
 48
0.05
100
AcDbPolyline
 90
2
 70
0
 10
-4.040541197672419
 20
-0.6278887783427024
 10
-4.035558894919641
 20
-0.6245456272423693
  0
LWPOLYLINE
  5
780
330
17
100
AcDbEntity
  8
A-KRESKOWANIE
370
25
 48
0.05
100
AcDbPolyline
 90
2
 70
0
 10
-3.979545811710633
 20
-0.6285807900672851
 10
-3.9739068838531852
 20
-0.6265307918676507
  0
LWPOLYLINE
  5
781
330
17
100
AcDbEntity
  8
A-KRESKOWANIE
370
25
 48
0.05
100
AcDbPolyline
 90
2
 70
0
 10
-3.9030300231437987
 20
-0.683485372214987
 10
-3.9076522083298126
 20
-0.679659747546231
  0
LWPOLYLINE
  5
782
330
17
100
AcDbEntity
  8
A-KRESKOWANIE
370
25
 48
0.05
100
AcDbPolyline
 90
2
 70
0
 10
-3.814603328236324
 20
-0.6478449285185887
 10
-3.8086121291109385
 20
-0.6475200700263486
  0
LWPOLYLINE
  5
783
330
17
100
AcDbEntity
  8
A-KRESKOWANIE
370
25
 48
0.05
100
AcDbPolyline
 90
2
 70
0
 10
-3.7371301232364655
 20
-0.6440781082165425
 10
-3.731439174929998
 20
-0.642177290662669
  0
LWPOLYLINE
  5
784
330
17
100
AcDbEntity
  8
A-KRESKOWANIE
370
25
 48
0.05
100
AcDbPolyline
 90
2
 70
0
 10
-3.7163619295870514
 20
-0.6401754011708524
 10
-3.7219894775681137
 20
-0.6380943668797268
  0
LWPOLYLINE
  5
785
330
17
100
AcDbEntity
  8
A-KRESKOWANIE
370
25
 48
0.05
100
AcDbPolyline
 90
2
 70
0
 10
-3.652542700318874
 20
-0.676150780820122
 10
-3.655839373481365
 20
-0.6711376035781214
  0
LWPOLYLINE
  5
786
330
17
100
AcDbEntity
  8
A-KRESKOWANIE
370
25
 48
0.05
100
AcDbPolyline
 90
2
 70
0
 10
-3.5410945225440065
 20
-0.6600451526946974
 10
-3.5402007642810926
 20
-0.6541120930988841
  0
LWPOLYLINE
  5
787
330
17
100
AcDbEntity
  8
A-KRESKOWANIE
370
25
 48
0.05
100
AcDbPolyline
 90
2
 70
0
 10
-3.466200578534389
 20
-0.6293041410933188
 10
-3.467592844994616
 20
-0.6234679099375362
  0
LWPOLYLINE
  5
788
330
17
100
AcDbEntity
  8
A-KRESKOWANIE
370
25
 48
0.05
100
AcDbPolyline
 90
2
 70
0
 10
-3.418957847317547
 20
-0.6751783772040975
 10
-3.4149743476027243
 20
-0.6706915375566387
  0
LWPOLYLINE
  5
789
330
17
100
AcDbEntity
  8
A-KRESKOWANIE
370
25
 48
0.05
100
AcDbPolyline
 90
2
 70
0
 10
-3.335997350447845
 20
-0.6536806381471715
 10
-3.3364168124819824
 20
-0.647695318473009
  0
LWPOLYLINE
  5
78A
330
17
100
AcDbEntity
  8
A-KRESKOWANIE
370
25
 48
0.05
100
AcDbPolyline
 90
2
 70
0
 10
-3.2662361010535363
 20
-0.6788625696331275
 10
-3.26030447671343
 20
-0.677959335063451
  0
LWPOLYLINE
  5
78B
330
17
100
AcDbEntity
  8
A-KRESKOWANIE
370
25
 48
0.05
100
AcDbPolyline
 90
2
 70
0
 10
-3.1700480728144824
 20
-0.630056357059389
 10
-3.1681308909819674
 20
-0.6243709007170121
  0
LWPOLYLINE
  5
78C
330
17
100
AcDbEntity
  8
A-KRESKOWANIE
370
25
 48
0.05
100
AcDbPolyline
 90
2
 70
0
 10
-3.1473699669947
 20
-0.6812549179652664
 10
-3.1451862953737435
 20
-0.6756663959556624
  0
LWPOLYLINE
  5
78D
330
17
100
AcDbEntity
  8
A-KRESKOWANIE
370
25
 48
0.05
100
AcDbPolyline
 90
2
 70
0
 10
-3.0703310450289507
 20
-0.6847431890050802
 10
-3.076027469345442
 20
-0.6828588456163928
  0
LWPOLYLINE
  5
78E
330
17
100
AcDbEntity
  8
A-KRESKOWANIE
370
25
 48
0.05
100
AcDbPolyline
 90
2
 70
0
 10
-3.016420690781889
 20
-0.655731310178672
 10
-3.0221653079245736
 20
-0.6539994401246624
  0
LWPOLYLINE
  5
78F
330
17
100
AcDbEntity
  8
A-KRESKOWANIE
370
25
 48
0.05
100
AcDbPolyline
 90
2
 70
0
 10
-2.9276657791113694
 20
-0.6900117225421233
 10
-2.92540637935161
 20
-0.6844533853154342
  0
LWPOLYLINE
  5
790
330
17
100
AcDbEntity
  8
A-KRESKOWANIE
370
25
 48
0.05
100
AcDbPolyline
 90
2
 70
0
 10
-2.835714710331376
 20
-0.6557675492178695
 10
-2.840956890228629
 20
-0.6528487224116278
  0
LWPOLYLINE
  5
791
330
17
100
AcDbEntity
  8
A-KRESKOWANIE
370
25
 48
0.05
100
AcDbPolyline
 90
2
 70
0
 10
-2.772196092320493
 20
-0.6882067880142302
 10
-2.7773192096160906
 20
-0.6850837015319902
  0
LWPOLYLINE
  5
792
330
17
100
AcDbEntity
  8
A-KRESKOWANIE
370
25
 48
0.05
100
AcDbPolyline
 90
2
 70
0
 10
-2.6746641156451143
 20
-0.6492452508524301
 10
-2.678505926126699
 20
-0.6446365100023076
  0
LWPOLYLINE
  5
793
330
17
100
AcDbEntity
  8
A-KRESKOWANIE
370
25
 48
0.05
100
AcDbPolyline
 90
2
 70
0
 10
-2.6312198869983603
 20
-0.6519759727929902
 10
-2.6282175932796705
 20
-0.646781145324564
  0
LWPOLYLINE
  5
794
330
17
100
AcDbEntity
  8
A-KRESKOWANIE
370
25
 48
0.05
100
AcDbPolyline
 90
2
 70
0
 10
-2.5857807446526264
 20
-0.645977828209048
 10
-2.582668876776542
 20
-0.6408478888018235
  0
LWPOLYLINE
  5
795
330
17
100
AcDbEntity
  8
A-KRESKOWANIE
370
25
 48
0.05
100
AcDbPolyline
 90
2
 70
0
 10
-2.476834213288184
 20
-0.6319320395093553
 10
-2.4770554392253437
 20
-0.625936119306023
  0
LWPOLYLINE
  5
796
330
17
100
AcDbEntity
  8
A-KRESKOWANIE
370
25
 48
0.05
100
AcDbPolyline
 90
2
 70
0
 10
-2.427495889715435
 20
-0.654851837023738
 10
-2.4238092147504178
 20
-0.6501180829424283
  0
LWPOLYLINE
  5
797
330
17
100
AcDbEntity
  8
A-KRESKOWANIE
370
25
 48
0.05
100
AcDbPolyline
 90
2
 70
0
 10
-2.3456160283137852
 20
-0.6862383950170347
 10
-2.3434104836208256
 20
-0.6806584691566528
  0
LWPOLYLINE
  5
798
330
17
100
AcDbEntity
  8
A-KRESKOWANIE
370
25
 48
0.05
100
AcDbPolyline
 90
2
 70
0
 10
-2.2576443000138706
 20
-0.6477130611936562
 10
-2.2629328965611757
 20
-0.6448792040060352
  0
LWPOLYLINE
  5
799
330
17
100
AcDbEntity
  8
A-KRESKOWANIE
370
25
 48
0.05
100
AcDbPolyline
 90
2
 70
0
 10
-2.1935969014147116
 20
-0.6470308458899671
 10
-2.1878892364114746
 20
-0.6451808296168432
  0
LWPOLYLINE
  5
79A
330
17
100
AcDbEntity
  8
A-KRESKOWANIE
370
25
 48
0.05
100
AcDbPolyline
 90
2
 70
0
 10
-2.1684174110828613
 20
-0.6810197074622492
 10
-2.163600883975891
 20
-0.6774418496355853
  0
LWPOLYLINE
  5
79B
330
17
100
AcDbEntity
  8
A-KRESKOWANIE
370
25
 48
0.05
100
AcDbPolyline
 90
2
 70
0
 10
-2.0915951823137986
 20
-0.6839473375686644
 10
-2.0962209044257376
 20
-0.6801259903006032
  0
LWPOLYLINE
  5
79C
330
17
100
AcDbEntity
  8
A-KRESKOWANIE
370
25
 48
0.05
100
AcDbPolyline
 90
2
 70
0
 10
-2.013134942425987
 20
-0.6724736577394986
 10
-2.018986866136237
 20
-0.671148897802977
  0
LWPOLYLINE
  5
79D
330
17
100
AcDbEntity
  8
A-KRESKOWANIE
370
25
 48
0.05
100
AcDbPolyline
 90
2
 70
0
 10
-1.927030061792865
 20
-0.6658099892172886
 10
-1.921106397917577
 20
-0.6648559418952918
  0
LWPOLYLINE
  5
79E
330
17
100
AcDbEntity
  8
A-KRESKOWANIE
370
25
 48
0.05
100
AcDbPolyline
 90
2
 70
0
 10
-1.8259806242087928
 20
-0.6347614782618982
 10
-1.8303373589536733
 20
-0.630636085872955
  0
LWPOLYLINE
  5
79F
330
17
100
AcDbEntity
  8
A-KRESKOWANIE
370
25
 48
0.05
100
AcDbPolyline
 90
2
 70
0
 10
-1.8135096665284756
 20
-0.6405605920649556
 10
-1.8100011368594988
 20
-0.6356933321004674
  0
LWPOLYLINE
  5
7A0
330
17
100
AcDbEntity
  8
A-KRESKOWANIE
370
25
 48
0.05
100
AcDbPolyline
 90
2
 70
0
 10
-1.7249307177657218
 20
-0.6852524943913002
 10
-1.7189327626863466
 20
-0.6850958582977703
  0
LWPOLYLINE
  5
7A1
330
17
100
AcDbEntity
  8
A-KRESKOWANIE
370
25
 48
0.05
100
AcDbPolyline
 90
2
 70
0
 10
-1.6139541038791598
 20
-0.6759910091324257
 10
-1.6093965659420009
 20
-0.6720885934765328
  0
LWPOLYLINE
  5
7A2
330
17
100
AcDbEntity
  8
A-KRESKOWANIE
370
25
 48
0.05
100
AcDbPolyline
 90
2
 70
0
 10
-1.578960201894174
 20
-0.6437259708523357
 10
-1.5763808984151981
 20
-0.6383086658430767
  0
LWPOLYLINE
  5
7A3
330
17
100
AcDbEntity
  8
A-KRESKOWANIE
370
25
 48
0.05
100
AcDbPolyline
 90
2
 70
0
 10
-1.5296455997700131
 20
-0.6439219882711951
 10
-1.5300766201834104
 20
-0.6379374898458269
  0
LWPOLYLINE
  5
7A4
330
17
100
AcDbEntity
  8
A-KRESKOWANIE
370
25
 48
0.05
100
AcDbPolyline
 90
2
 70
0
 10
-1.4300030752308632
 20
-0.6687685345264114
 10
-1.4277551694927741
 20
-0.6632055389491468
  0
LWPOLYLINE
  5
7A5
330
17
100
AcDbEntity
  8
A-KRESKOWANIE
370
25
 48
0.05
100
AcDbPolyline
 90
2
 70
0
 10
-1.3847971410696636
 20
-0.6791264893592022
 10
-1.387733832784097
 20
-0.6738942965326353
  0
LWPOLYLINE
  5
7A6
330
17
100
AcDbEntity
  8
A-KRESKOWANIE
370
25
 48
0.05
100
AcDbPolyline
 90
2
 70
0
 10
-1.2686096596338818
 20
-0.6420720613901673
 10
-1.2632865165493525
 20
-0.6393036416781965
  0
LWPOLYLINE
  5
7A7
330
17
100
AcDbEntity
  8
A-KRESKOWANIE
370
25
 48
0.05
100
AcDbPolyline
 90
2
 70
0
 10
-1.225385576908707
 20
-0.6598507009240983
 10
-1.2194367633437273
 20
-0.6590686413553218
  0
LWPOLYLINE
  5
7A8
330
17
100
AcDbEntity
  8
A-KRESKOWANIE
370
25
 48
0.05
100
AcDbPolyline
 90
2
 70
0
 10
-1.130100034044802
 20
-0.6278428561905045
 10
-1.1241020317418238
 20
-0.6276880389644969
  0
LWPOLYLINE
  5
7A9
330
17
100
AcDbEntity
  8
A-KRESKOWANIE
370
25
 48
0.05
100
AcDbPolyline
 90
2
 70
0
 10
-1.060732129647093
 20
-0.6478410622007144
 10
-1.0575696684102345
 20
-0.6427421565411274
  0
LWPOLYLINE
  5
7AA
330
17
100
AcDbEntity
  8
A-KRESKOWANIE
370
25
 48
0.05
100
AcDbPolyline
 90
2
 70
0
 10
-1.003846443005507
 20
-0.67337960058931
 10
-1.0092981772974454
 20
-0.6708738884729444
  0
LWPOLYLINE
  5
7AB
330
17
100
AcDbEntity
  8
A-KRESKOWANIE
370
25
 48
0.05
100
AcDbPolyline
 90
2
 70
0
 10
-0.9500486304721418
 20
-0.6727766343338275
 10
-0.9550364728606384
 20
-0.6694417537801169
  0
LWPOLYLINE
  5
7AC
330
17
100
AcDbEntity
  8
A-KRESKOWANIE
370
25
 48
0.05
100
AcDbPolyline
 90
2
 70
0
 10
-0.8673592549267128
 20
-0.6274048806970567
 10
-0.8613636612062089
 20
-0.6271749765025465
  0
LWPOLYLINE
  5
7AD
330
17
100
AcDbEntity
  8
A-KRESKOWANIE
370
25
 48
0.05
100
AcDbPolyline
 90
2
 70
0
 10
-0.8156649568781844
 20
-0.6459046658286243
 10
-0.8203225333729713
 20
-0.6421222087971158
  0
LWPOLYLINE
  5
7AE
330
17
100
AcDbEntity
  8
A-KRESKOWANIE
370
25
 48
0.05
100
AcDbPolyline
 90
2
 70
0
 10
-0.7175886883698227
 20
-0.6661599727782412
 10
-0.7198831052429594
 20
-0.6606159984626202
  0
LWPOLYLINE
  5
7AF
330
17
100
AcDbEntity
  8
A-KRESKOWANIE
370
25
 48
0.05
100
AcDbPolyline
 90
2
 70
0
 10
-0.6254752133132194
 20
-0.6615253981925782
 10
-0.6232746183575589
 20
-0.6559435184159149
  0
LWPOLYLINE
  5
7B0
330
17
100
AcDbEntity
  8
A-KRESKOWANIE
370
25
 48
0.05
100
AcDbPolyline
 90
2
 70
0
 10
-0.5797764682866834
 20
-0.651797821587051
 10
-0.5795133143002782
 20
-0.6458035951999817
  0
LWPOLYLINE
  5
7B1
330
17
100
AcDbEntity
  8
A-KRESKOWANIE
370
25
 48
0.05
100
AcDbPolyline
 90
2
 70
0
 10
-0.5109949096318478
 20
-0.6612149583180401
 10
-0.5050210979492524
 20
-0.6606549815498727
  0
LWPOLYLINE
  5
7B2
330
17
100
AcDbEntity
  8
A-KRESKOWANIE
370
25
 48
0.05
100
AcDbPolyline
 90
2
 70
0
 10
-8.290144135311266
 20
-0.6169280557030936
 10
-8.291654971295651
 20
-0.611121389307623
  0
LWPOLYLINE
  5
7B3
330
17
100
AcDbEntity
  8
A-KRESKOWANIE
370
25
 48
0.05
100
AcDbPolyline
 90
2
 70
0
 10
-7.315167421274334
 20
-0.6189461119157811
 10
-7.310799151745411
 20
-0.6148329353668495
  0
LWPOLYLINE
  5
7B4
330
17
100
AcDbEntity
  8
A-KRESKOWANIE
370
25
 48
0.05
100
AcDbPolyline
 90
2
 70
0
 10
-7.021059803246311
 20
-0.6094877911432987
 10
-7.025822019801738
 20
-0.6058379564238596
  0
LWPOLYLINE
  5
7B5
330
17
100
AcDbEntity
  8
A-KRESKOWANIE
370
25
 48
0.05
100
AcDbPolyline
 90
2
 70
0
 10
-5.716158328843406
 20
-0.6107986120023225
 10
-5.7211781565971105
 20
-0.6075120744134396
  0
LWPOLYLINE
  5
7B6
330
17
100
AcDbEntity
  8
A-KRESKOWANIE
370
25
 48
0.05
100
AcDbPolyline
 90
2
 70
0
 10
-5.507474268135682
 20
-0.6081620604062975
 10
-5.511322945900439
 20
-0.603559052752267
  0
LWPOLYLINE
  5
7B7
330
17
100
AcDbEntity
  8
A-KRESKOWANIE
370
25
 48
0.05
100
AcDbPolyline
 90
2
 70
0
 10
-5.4064455960499425
 20
-0.608217640076448
 10
-5.412418516972591
 20
-0.607648240698343
  0
LWPOLYLINE
  5
7B8
330
17
100
AcDbEntity
  8
A-KRESKOWANIE
370
25
 48
0.05
100
AcDbPolyline
 90
2
 70
0
 10
-5.25298627828824
 20
-0.6095078641574688
 10
-5.248344765617667
 20
-0.605705712118306
  0
LWPOLYLINE
  5
7B9
330
17
100
AcDbEntity
  8
A-KRESKOWANIE
370
25
 48
0.05
100
AcDbPolyline
 90
2
 70
0
 10
-5.128657520073931
 20
-0.6137876462108364
 10
-5.131468804196455
 20
-0.6084870159103488
  0
LWPOLYLINE
  5
7BA
330
17
100
AcDbEntity
  8
A-KRESKOWANIE
370
25
 48
0.05
100
AcDbPolyline
 90
2
 70
0
 10
-4.568318980297294
 20
-0.6112962917372112
 10
-4.565056224296497
 20
-0.6062609741425339
  0
LWPOLYLINE
  5
7BB
330
17
100
AcDbEntity
  8
A-KRESKOWANIE
370
25
 48
0.05
100
AcDbPolyline
 90
2
 70
0
 10
-4.408617562475996
 20
-0.6141982955559951
 10
-4.413681646788671
 20
-0.6109803691935506
  0
LWPOLYLINE
  5
7BC
330
17
100
AcDbEntity
  8
A-KRESKOWANIE
370
25
 48
0.05
100
AcDbPolyline
 90
2
 70
0
 10
-4.317163211224806
 20
-0.6173280507439096
 10
-4.314449933320263
 20
-0.61197659084845
  0
LWPOLYLINE
  5
7BD
330
17
100
AcDbEntity
  8
A-KRESKOWANIE
370
25
 48
0.05
100
AcDbPolyline
 90
2
 70
0
 10
-4.115839178244705
 20
-0.6194477827568013
 10
-4.117430991170282
 20
-0.6136627908285474
  0
LWPOLYLINE
  5
7BE
330
17
100
AcDbEntity
  8
A-KRESKOWANIE
370
25
 48
0.05
100
AcDbPolyline
 90
2
 70
0
 10
-3.8335128962052676
 20
-0.6086799945249193
 10
-3.8281153760856093
 20
-0.6060595410225876
  0
LWPOLYLINE
  5
7BF
330
17
100
AcDbEntity
  8
A-KRESKOWANIE
370
25
 48
0.05
100
AcDbPolyline
 90
2
 70
0
 10
-2.9255568182925464
 20
-0.6088564056871375
 10
-2.9197858704866517
 20
-0.6072144064722663
  0
LWPOLYLINE
  5
7C0
330
17
100
AcDbEntity
  8
A-KRESKOWANIE
370
25
 48
0.05
100
AcDbPolyline
 90
2
 70
0
 10
-2.684254128725181
 20
-0.6106929348325509
 10
-2.6880362163782934
 20
-0.6060350583867686
  0
LWPOLYLINE
  5
7C1
330
17
100
AcDbEntity
  8
A-KRESKOWANIE
370
25
 48
0.05
100
AcDbPolyline
 90
2
 70
0
 10
-2.06353493939911
 20
-0.6082171059120417
 10
-2.057662515027592
 20
-0.6069864020480668
  0
LWPOLYLINE
  5
7C2
330
17
100
AcDbEntity
  8
A-KRESKOWANIE
370
25
 48
0.05
100
AcDbPolyline
 90
2
 70
0
 10
-1.672528276445893
 20
-0.6082140752145669
 10
-1.6726516371306264
 20
-0.6022153435034915
  0
LWPOLYLINE
  5
7C3
330
17
100
AcDbEntity
  8
A-KRESKOWANIE
370
25
 48
0.05
100
AcDbPolyline
 90
2
 70
0
 10
-1.558344053156916
 20
-0.6085559489914177
 10
-1.5556184505930841
 20
-0.6032107557616052
  0
LWPOLYLINE
  5
7C4
330
17
100
AcDbEntity
  8
A-KRESKOWANIE
370
25
 48
0.05
100
AcDbPolyline
 90
2
 70
0
 10
-1.1918566583891559
 20
-0.6196226168874002
 10
-1.1954240385527812
 20
-0.614798324320798
  0
LWPOLYLINE
  5
7C5
330
17
100
AcDbEntity
  8
A-KRESKOWANIE
370
25
 48
0.05
100
AcDbPolyline
 90
2
 70
0
 10
-1.169965923975803
 20
-0.607939286951209
 10
-1.1759591264001494
 20
-0.6076537616444366
  0
LWPOLYLINE
  5
7C6
330
17
100
AcDbEntity
  8
A-KRESKOWANIE
370
25
 48
0.05
100
AcDbPolyline
 90
2
 70
0
 10
-0.6286922008990452
 20
-0.6102554860884702
 10
-0.6247886436917821
 20
-0.6056989258584695
  0
LWPOLYLINE
  5
7C7
330
17
100
AcDbEntity
  8
A-KRESKOWANIE
370
25
 48
0.05
100
AcDbPolyline
 90
2
 70
0
 10
-3.641214974775219
 20
3.0816294028854716
 10
-3.6374801498539973
 20
3.087549798379678
  0
LWPOLYLINE
  5
7C8
330
17
100
AcDbEntity
  8
A-KRESKOWANIE
370
25
 48
0.05
100
AcDbPolyline
 90
2
 70
0
 10
-3.5687001038083066
 20
3.0977621841643144
 10
-3.562503331235582
 20
3.101017949770424
  0
LWPOLYLINE
  5
7C9
330
17
100
AcDbEntity
  8
A-KRESKOWANIE
370
25
 48
0.05
100
AcDbPolyline
 90
2
 70
0
 10
-3.277816519523841
 20
3.088227168544483
 10
-3.270922383495285
 20
3.089439970432577
  0
LWPOLYLINE
  5
7CA
330
17
100
AcDbEntity
  8
A-KRESKOWANIE
370
25
 48
0.05
100
AcDbPolyline
 90
2
 70
0
 10
-3.161523592294744
 20
3.0948855669775224
 10
-3.1548542414309937
 20
3.097011539474098
  0
LWPOLYLINE
  5
7CB
330
17
100
AcDbEntity
  8
A-KRESKOWANIE
370
25
 48
0.05
100
AcDbPolyline
 90
2
 70
0
 10
-3.0825852122274284
 20
3.087675894189858
 10
-3.0867077521330866
 20
3.093333160731772
  0
LWPOLYLINE
  5
7CC
330
17
100
AcDbEntity
  8
A-KRESKOWANIE
370
25
 48
0.05
100
AcDbPolyline
 90
2
 70
0
 10
-2.994440768919328
 20
3.101661024376778
 10
-2.9879517738016026
 20
3.104286465741984
  0
LWPOLYLINE
  5
7CD
330
17
100
AcDbEntity
  8
A-KRESKOWANIE
370
25
 48
0.05
100
AcDbPolyline
 90
2
 70
0
 10
-2.8426069810733865
 20
3.0873843539979453
 10
-2.8493571409933223
 20
3.089237821304184
  0
LWPOLYLINE
  5
7CE
330
17
100
AcDbEntity
  8
A-KRESKOWANIE
370
25
 48
0.05
100
AcDbPolyline
 90
2
 70
0
 10
-2.7453882235747327
 20
3.0800079806103193
 10
-2.7446513757019444
 20
3.0869690908100194
  0
LWPOLYLINE
  5
7CF
330
17
100
AcDbEntity
  8
A-KRESKOWANIE
370
25
 48
0.05
100
AcDbPolyline
 90
2
 70
0
 10
-2.3703391882443174
 20
3.099486687874864
 10
-2.3643309698022192
 20
3.1030785273968955
  0
LWPOLYLINE
  5
7D0
330
17
100
AcDbEntity
  8
A-KRESKOWANIE
370
25
 48
0.05
100
AcDbPolyline
 90
2
 70
0
 10
-1.635813061277328
 20
3.0828068187378967
 10
-1.6288789831344181
 20
3.0837652342573976
  0
LWPOLYLINE
  5
7D1
330
17
100
AcDbEntity
  8
A-KRESKOWANIE
370
25
 48
0.05
100
AcDbPolyline
 90
2
 70
0
 10
-1.4736744433229712
 20
3.093754099609229
 10
-1.4806005212679834
 20
3.094768714954873
  0
LWPOLYLINE
  5
7D2
330
17
100
AcDbEntity
  8
A-KRESKOWANIE
370
25
 48
0.05
100
AcDbPolyline
 90
2
 70
0
 10
-1.1770950486368996
 20
3.1031205135676188
 10
-1.184024438840892
 20
3.104112255167439
  0
LWPOLYLINE
  5
7D3
330
17
100
AcDbEntity
  8
A-KRESKOWANIE
370
25
 48
0.05
100
AcDbPolyline
 90
2
 70
0
 10
-0.7895659222009596
 20
3.086895540356252
 10
-0.7851636983719917
 20
3.092338005363918
  0
LWPOLYLINE
  5
7D4
330
17
100
AcDbEntity
  8
A-KRESKOWANIE
370
25
 48
0.05
100
AcDbPolyline
 90
2
 70
0
 10
-0.6063011194998653
 20
3.086931925201141
 10
-0.6001778974806654
 20
3.0903239971496093
  0
LWPOLYLINE
  5
7D5
330
17
100
AcDbEntity
  8
A-KRESKOWANIE
370
25
 48
0.05
100
AcDbPolyline
 90
2
 70
0
 10
-0.40221734125565667
 20
3.1016089466569734
 10
-0.4023967847962126
 20
3.1086066462801174
  0
LWPOLYLINE
  5
7D6
330
17
100
AcDbEntity
  8
A-KRESKOWANIE
370
25
 48
0.05
100
AcDbPolyline
 90
2
 70
0
 10
-3.5893145223967298
 20
3.1400734702407513
 10
-3.5832429779913815
 20
3.143557196483424
  0
LWPOLYLINE
  5
7D7
330
17
100
AcDbEntity
  8
A-KRESKOWANIE
370
25
 48
0.05
100
AcDbPolyline
 90
2
 70
0
 10
-2.635875352411669
 20
3.125548224911791
 10
-2.630383858689467
 20
3.1298891345744093
  0
LWPOLYLINE
  5
7D8
330
17
100
AcDbEntity
  8
A-KRESKOWANIE
370
25
 48
0.05
100
AcDbPolyline
 90
2
 70
0
 10
-2.5730754330468644
 20
3.1325833497291153
 10
-2.5800267017382916
 20
3.1334078881330636
  0
LWPOLYLINE
  5
7D9
330
17
100
AcDbEntity
  8
A-KRESKOWANIE
370
25
 48
0.05
100
AcDbPolyline
 90
2
 70
0
 10
-2.378374621109429
 20
3.128777880800734
 10
-2.3721088354860558
 20
3.131898766976474
  0
LWPOLYLINE
  5
7DA
330
17
100
AcDbEntity
  8
A-KRESKOWANIE
370
25
 48
0.05
100
AcDbPolyline
 90
2
 70
0
 10
-2.0375159738921496
 20
3.1413193087375544
 10
-2.0341922759610815
 20
3.147479911959887
  0
LWPOLYLINE
  5
7DB
330
17
100
AcDbEntity
  8
A-KRESKOWANIE
370
25
 48
0.05
100
AcDbPolyline
 90
2
 70
0
 10
-1.9577707188693658
 20
3.142238001755253
 10
-1.9517941455693977
 20
3.1458822536112736
  0
LWPOLYLINE
  5
7DC
330
17
100
AcDbEntity
  8
A-KRESKOWANIE
370
25
 48
0.05
100
AcDbPolyline
 90
2
 70
0
 10
-1.6924475867867108
 20
3.135544941830358
 10
-1.6919101275262
 20
3.1425242782990557
  0
LWPOLYLINE
  5
7DD
330
17
100
AcDbEntity
  8
A-KRESKOWANIE
370
25
 48
0.05
100
AcDbPolyline
 90
2
 70
0
 10
-1.3495517425014816
 20
3.1269011191166856
 10
-1.3554544984250132
 20
3.130663760809328
  0
LWPOLYLINE
  5
7DE
330
17
100
AcDbEntity
  8
A-KRESKOWANIE
370
25
 48
0.05
100
AcDbPolyline
 90
2
 70
0
 10
-4.9536306231406
 20
3.09193840282676
 10
-4.952255227169195
 20
3.098801950446019
  0
LWPOLYLINE
  5
7DF
330
17
100
AcDbEntity
  8
A-KRESKOWANIE
370
25
 48
0.05
100
AcDbPolyline
 90
2
 70
0
 10
-4.686007384811119
 20
3.0931249325726173
 10
-4.6899821485979505
 20
3.0988869854046293
  0
LWPOLYLINE
  5
7E0
330
17
100
AcDbEntity
  8
A-KRESKOWANIE
370
25
 48
0.05
100
AcDbPolyline
 90
2
 70
0
 10
-4.663606895952195
 20
3.1001819745518393
 10
-4.670196276810219
 20
3.102544189594528
  0
LWPOLYLINE
  5
7E1
330
17
100
AcDbEntity
  8
A-KRESKOWANIE
370
25
 48
0.05
100
AcDbPolyline
 90
2
 70
0
 10
-4.552976919504165
 20
3.1078520055256047
 10
-4.557961602570936
 20
3.1127665690590076
  0
LWPOLYLINE
  5
7E2
330
17
100
AcDbEntity
  8
A-KRESKOWANIE
370
25
 48
0.05
100
AcDbPolyline
 90
2
 70
0
 10
-4.25909723762764
 20
3.0966192122252747
 10
-4.26038500262144
 20
3.103499739917301
  0
LWPOLYLINE
  5
7E3
330
17
100
AcDbEntity
  8
A-KRESKOWANIE
370
25
 48
0.05
100
AcDbPolyline
 90
2
 70
0
 10
-4.039211633914462
 20
3.085232489701904
 10
-4.034001633011429
 20
3.0899075181072075
  0
LWPOLYLINE
  5
7E4
330
17
100
AcDbEntity
  8
A-KRESKOWANIE
370
25
 48
0.05
100
AcDbPolyline
 90
2
 70
0
 10
-3.974221851920662
 20
3.100270691756652
 10
-3.973891524540108
 20
3.10726289340003
  0
LWPOLYLINE
  5
7E5
330
17
100
AcDbEntity
  8
A-KRESKOWANIE
370
25
 48
0.05
100
AcDbPolyline
 90
2
 70
0
 10
-4.549359723408996
 20
3.1423693277280003
 10
-4.543109460243635
 20
3.14552118596779
  0
LWPOLYLINE
  5
7E6
330
17
100
AcDbEntity
  8
A-KRESKOWANIE
370
25
 48
0.05
100
AcDbPolyline
 90
2
 70
0
 10
-4.3116933619054745
 20
3.133145689894939
 10
-4.318477617403743
 20
3.134870183250743
  0
LWPOLYLINE
  5
7E7
330
17
100
AcDbEntity
  8
A-KRESKOWANIE
370
25
 48
0.05
100
AcDbPolyline
 90
2
 70
0
 10
-2.254478810172927
 20
6.252562228523256
 10
-2.2574248458063155
 20
6.258912100494155
  0
LWPOLYLINE
  5
7E8
330
17
100
AcDbEntity
  8
A-KRESKOWANIE
370
25
 48
0.05
100
AcDbPolyline
 90
2
 70
0
 10
-2.1154833168722798
 20
6.2367389078802855
 10
-2.1219453646804185
 20
6.239429992814904
  0
LWPOLYLINE
  5
7E9
330
17
100
AcDbEntity
  8
A-KRESKOWANIE
370
25
 48
0.05
100
AcDbPolyline
 90
2
 70
0
 10
-1.9868293730570121
 20
6.263844157228999
 10
-1.9924143220698107
 20
6.268064150656061
  0
LWPOLYLINE
  5
7EA
330
17
100
AcDbEntity
  8
A-KRESKOWANIE
370
25
 48
0.05
100
AcDbPolyline
 90
2
 70
0
 10
-1.8598530516861302
 20
6.2283700726679845
 10
-1.8563340308386669
 20
6.234421228943864
  0
LWPOLYLINE
  5
7EB
330
17
100
AcDbEntity
  8
A-KRESKOWANIE
370
25
 48
0.05
100
AcDbPolyline
 90
2
 70
0
 10
-1.7205488838865468
 20
6.260444339731428
 10
-1.7139408720317286
 20
6.262753923963835
  0
LWPOLYLINE
  5
7EC
330
17
100
AcDbEntity
  8
A-KRESKOWANIE
370
25
 48
0.05
100
AcDbPolyline
 90
2
 70
0
 10
-1.5539182474176891
 20
6.259313393404423
 10
-1.5587568236190896
 20
6.2643718694934485
  0
LWPOLYLINE
  5
7ED
330
17
100
AcDbEntity
  8
A-KRESKOWANIE
370
25
 48
0.05
100
AcDbPolyline
 90
2
 70
0
 10
-1.429752276777117
 20
6.2370042465739415
 10
-1.4311234439342273
 20
6.243868640256363
  0
LWPOLYLINE
  5
7EE
330
17
100
AcDbEntity
  8
A-KRESKOWANIE
370
25
 48
0.05
100
AcDbPolyline
 90
2
 70
0
 10
-0.8223042686616202
 20
6.244578414474432
 10
-0.8158078509464186
 20
6.247185435162807
  0
LWPOLYLINE
  5
7EF
330
17
100
AcDbEntity
  8
A-KRESKOWANIE
370
25
 48
0.05
100
AcDbPolyline
 90
2
 70
0
 10
-0.7132623890674777
 20
6.250991956405636
 10
-0.7119205376354322
 20
6.25786214088164
  0
LWPOLYLINE
  5
7F0
330
17
100
AcDbEntity
  8
A-KRESKOWANIE
370
25
 48
0.05
100
AcDbPolyline
 90
2
 70
0
 10
-0.634127164052714
 20
6.229031591217085
 10
-0.6325869378752423
 20
6.235860039307408
  0
LWPOLYLINE
  5
7F1
330
17
100
AcDbEntity
  8
A-KRESKOWANIE
370
25
 48
0.05
100
AcDbPolyline
 90
2
 70
0
 10
-0.4120817380125277
 20
6.264799699427435
 10
-0.4184745154546191
 20
6.267651435140275
  0
LWPOLYLINE
  5
7F2
330
17
100
AcDbEntity
  8
A-KRESKOWANIE
370
25
 48
0.05
100
AcDbPolyline
 90
2
 70
0
 10
-0.22479108287053529
 20
6.237269897618304
 10
-0.22330737603798745
 20
6.244110848870509
  0
LWPOLYLINE
  5
7F3
330
17
100
AcDbEntity
  8
A-KRESKOWANIE
370
25
 48
0.05
100
AcDbPolyline
 90
2
 70
0
 10
-2.3541138424155714
 20
6.278690597580545
 10
-2.3570126012430523
 20
6.285062190572891
  0
LWPOLYLINE
  5
7F4
330
17
100
AcDbEntity
  8
A-KRESKOWANIE
370
25
 48
0.05
100
AcDbPolyline
 90
2
 70
0
 10
-2.2910981057570496
 20
6.27898030301362
 10
-2.2855247736938753
 20
6.283215627052415
  0
LWPOLYLINE
  5
7F5
330
17
100
AcDbEntity
  8
A-KRESKOWANIE
370
25
 48
0.05
100
AcDbPolyline
 90
2
 70
0
 10
-1.431975439265753
 20
6.2914417472822155
 10
-1.4292016131168381
 20
6.297868713012293
  0
LWPOLYLINE
  5
7F6
330
17
100
AcDbEntity
  8
A-KRESKOWANIE
370
25
 48
0.05
100
AcDbPolyline
 90
2
 70
0
 10
-1.2520769034544061
 20
6.277961418573067
 10
-1.245880030135809
 20
6.281216992420066
  0
LWPOLYLINE
  5
7F7
330
17
100
AcDbEntity
  8
A-KRESKOWANIE
370
25
 48
0.05
100
AcDbPolyline
 90
2
 70
0
 10
-0.6173880937525861
 20
6.287216306102221
 10
-0.6207794018930107
 20
6.293339951184742
  0
LWPOLYLINE
  5
7F8
330
17
100
AcDbEntity
  8
A-KRESKOWANIE
370
25
 48
0.05
100
AcDbPolyline
 90
2
 70
0
 10
-0.31201836326735927
 20
6.286517763571232
 10
-0.31894972106998654
 20
6.287495658766004
  0
LWPOLYLINE
  5
7F9
330
17
100
AcDbEntity
  8
A-KRESKOWANIE
370
25
 48
0.05
100
AcDbPolyline
 90
2
 70
0
 10
-0.1452497927004023
 20
6.275903749288254
 10
-0.15022697348417544
 20
6.280825910545836
  0
LWPOLYLINE
  5
7FA
330
17
100
AcDbEntity
  8
A-KRESKOWANIE
370
25
 48
0.05
100
AcDbPolyline
 90
2
 70
0
 10
-4.985748762764213
 20
6.236041459217985
 10
-4.983987285434184
 20
6.2428162062697785
  0
LWPOLYLINE
  5
7FB
330
17
100
AcDbEntity
  8
A-KRESKOWANIE
370
25
 48
0.05
100
AcDbPolyline
 90
2
 70
0
 10
-4.547413871604195
 20
6.248354489151756
 10
-4.551529032441639
 20
6.254017125576777
  0
LWPOLYLINE
  5
7FC
330
17
100
AcDbEntity
  8
A-KRESKOWANIE
370
25
 48
0.05
100
AcDbPolyline
 90
2
 70
0
 10
-3.990570662741506
 20
6.264622441417223
 10
-3.995748406311277
 20
6.269333170822071
  0
LWPOLYLINE
  5
7FD
330
17
100
AcDbEntity
  8
A-KRESKOWANIE
370
25
 48
0.05
100
AcDbPolyline
 90
2
 70
0
 10
-3.6438539983037757
 20
6.245004387254616
 10
-3.6432665127514157
 20
6.251979690884263
  0
LWPOLYLINE
  5
7FE
330
17
100
AcDbEntity
  8
A-KRESKOWANIE
370
25
 48
0.05
100
AcDbPolyline
 90
2
 70
0
 10
-3.2969981537045903
 20
6.238603904888817
 10
-3.292938334876996
 20
6.244306349196928
  0
LWPOLYLINE
  5
7FF
330
17
100
AcDbEntity
  8
A-KRESKOWANIE
370
25
 48
0.05
100
AcDbPolyline
 90
2
 70
0
 10
-4.515237266646554
 20
6.27588013379975
 10
-4.51897116215507
 20
6.281801115503106
  0
LWPOLYLINE
  5
800
330
17
100
AcDbEntity
  8
A-KRESKOWANIE
370
25
 48
0.05
100
AcDbPolyline
 90
2
 70
0
 10
-4.180585844708419
 20
6.290969084560082
 10
-4.18542886395325
 20
6.296023307012073
  0
LWPOLYLINE
  5
801
330
17
100
AcDbEntity
  8
A-KRESKOWANIE
370
25
 48
0.05
100
AcDbPolyline
 90
2
 70
0
 10
-3.7899944961031014
 20
6.276534262087458
 10
-3.7837013079716724
 20
6.279599516260026
  0
LWPOLYLINE
  5
802
330
17
100
AcDbEntity
  8
A-KRESKOWANIE
370
25
 48
0.05
100
AcDbPolyline
 90
2
 70
0
 10
-3.764235969326228
 20
6.2810870667028205
 10
-3.766496211020938
 20
6.287712118210657
  0
LWPOLYLINE
  5
803
330
17
100
AcDbEntity
  8
A-KRESKOWANIE
370
25
 48
0.05
100
AcDbPolyline
 90
2
 70
0
 10
-3.4456304813933016
 20
6.290153993596505
 10
-3.449971823745185
 20
6.295645145259293
  0
LWPOLYLINE
  5
804
330
17
100
AcDbEntity
  8
A-KRESKOWANIE
370
25
 48
0.05
100
AcDbPolyline
 90
2
 70
0
 10
-3.3165881062082265
 20
6.289915393499021
 10
-3.3214441346618013
 20
6.294957118170011
  0
LWPOLYLINE
  5
805
330
17
100
AcDbEntity
  8
A-KRESKOWANIE
370
25
 48
0.05
100
AcDbPolyline
 90
52
 70
0
 10
-3.762205771365948
 20
0.0
 10
-3.7638014584134005
 20
0.04117647058823537
 10
-3.765905854776124
 20
0.08235294117647063
 10
-3.7683462543396584
 20
0.12352941176470589
 10
-3.7709223754774945
 20
0.16470588235294115
 10
-3.7734227980028394
 20
0.2058823529411764
 10
-3.7756423142530546
 20
0.24705882352941178
 10
-3.7773987703172396
 20
0.28823529411764703
 10
-3.7785480152609807
 20
0.3294117647058823
 10
-3.778995731477428
 20
0.37058823529411766
 10
-3.7787051752573193
 20
0.4117647058823529
 10
-3.7777001923156046
 20
0.4529411764705882
 10
-3.7760632607928266
 20
0.49411764705882355
 10
-3.7739287223405595
 20
0.5352941176470588
 10
-3.771471756810273
 20
0.5764705882352941
 10
-3.768894005384025
 20
0.6176470588235294
 10
-3.7664070220450645
 20
0.6588235294117647
 10
-3.7642149115128287
 20
0.7
 10
-3.7624975785330177
 20
0.7411764705882353
 10
-3.761395963240023
 20
0.7823529411764706
 10
-3.761000474313623
 20
0.8235294117647058
 10
-3.7613435692114523
 20
0.8647058823529412
 10
-3.7623970904115986
 20
0.9058823529411765
 10
-3.7640745762777463
 20
0.9470588235294117
 10
-3.7662383568960265
 20
0.9882352941176471
 10
-3.7687108525339577
 20
1.0294117647058822
 10
-3.7712891474660575
 20
1.0705882352941176
 10
-3.7737616431039886
 20
1.111764705882353
 10
-3.7759254237222684
 20
1.1529411764705881
 10
-3.7776029095884165
 20
1.1941176470588235
 10
-3.778656430788563
 20
1.2352941176470589
 10
-3.778999525686392
 20
1.276470588235294
 10
-3.778604036759992
 20
1.3176470588235294
 10
-3.7775024214669974
 20
1.3588235294117648
 10
-3.7757850884871864
 20
1.4
 10
-3.7735929779549506
 20
1.4411764705882353
 10
-3.77110599461599
 20
1.4823529411764707
 10
-3.768528243189742
 20
1.5235294117647058
 10
-3.7660712776594556
 20
1.5647058823529412
 10
-3.7639367392071885
 20
1.6058823529411765
 10
-3.7622998076844105
 20
1.6470588235294117
 10
-3.761294824742696
 20
1.688235294117647
 10
-3.761004268522587
 20
1.7294117647058824
 10
-3.7614519847390344
 20
1.7705882352941176
 10
-3.7626012296827755
 20
1.811764705882353
 10
-3.7643576857469605
 20
1.8529411764705883
 10
-3.7665772019971757
 20
1.8941176470588235
 10
-3.7690776245225206
 20
1.9352941176470588
 10
-3.7716537456603567
 20
1.9764705882352942
 10
-3.774094145223891
 20
2.0176470588235293
 10
-3.7761985415866146
 20
2.0588235294117645
 10
-3.7777942286340673
 20
2.1
  0
CIRCLE
  5
806
330
17
100
AcDbEntity
  8
A-KRESKOWANIE
370
25
 48
0.05
100
AcDbCircle
 10
0.40664492161943927
 20
-0.3263546450880272
 30
0.0
 40
0.01826994079074874
  0
CIRCLE
  5
807
330
17
100
AcDbEntity
  8
A-KRESKOWANIE
370
25
 48
0.05
100
AcDbCircle
 10
0.49700467980053026
 20
-0.35857812749869605
 30
0.0
 40
0.014791291547437578
  0
CIRCLE
  5
808
330
17
100
AcDbEntity
  8
A-KRESKOWANIE
370
25
 48
0.05
100
AcDbCircle
 10
0.6147872779827246
 20
-0.3404031462276809
 30
0.0
 40
0.024577551007619148
  0
CIRCLE
  5
809
330
17
100
AcDbEntity
  8
A-KRESKOWANIE
370
25
 48
0.05
100
AcDbCircle
 10
0.6810848830614367
 20
-0.31693116959708134
 30
0.0
 40
0.014657628091256794
  0
CIRCLE
  5
80A
330
17
100
AcDbEntity
  8
A-KRESKOWANIE
370
25
 48
0.05
100
AcDbCircle
 10
0.7645819184307433
 20
-0.3521430487520026
 30
0.0
 40
0.023252457594136817
  0
CIRCLE
  5
80B
330
17
100
AcDbEntity
  8
A-KRESKOWANIE
370
25
 48
0.05
100
AcDbCircle
 10
0.8343177399627733
 20
-0.3353818846748709
 30
0.0
 40
0.014277180445249615
  0
CIRCLE
  5
80C
330
17
100
AcDbEntity
  8
A-KRESKOWANIE
370
25
 48
0.05
100
AcDbCircle
 10
0.8859711427796002
 20
-0.36006531401688957
 30
0.0
 40
0.012882954386509122
  0
CIRCLE
  5
80D
330
17
100
AcDbEntity
  8
A-KRESKOWANIE
370
25
 48
0.05
100
AcDbCircle
 10
0.9718413496574967
 20
-0.30818665287301306
 30
0.0
 40
0.02740193497886112
  0
CIRCLE
  5
80E
330
17
100
AcDbEntity
  8
A-KRESKOWANIE
370
25
 48
0.05
100
AcDbCircle
 10
1.0575406379035641
 20
-0.36351899697033707
 30
0.0
 40
0.021938476503718288
  0
CIRCLE
  5
80F
330
17
100
AcDbEntity
  8
A-KRESKOWANIE
370
25
 48
0.05
100
AcDbCircle
 10
1.118168482425443
 20
-0.34958326561038583
 30
0.0
 40
0.02277861317818311
  0
CIRCLE
  5
810
330
17
100
AcDbEntity
  8
A-KRESKOWANIE
370
25
 48
0.05
100
AcDbCircle
 10
1.180564716547856
 20
-0.3501021258009594
 30
0.0
 40
0.020686114123887545
  0
CIRCLE
  5
811
330
17
100
AcDbEntity
  8
A-KRESKOWANIE
370
25
 48
0.05
100
AcDbCircle
 10
1.2399498058505163
 20
-0.3253098500506969
 30
0.0
 40
0.025450624964589552
  0
CIRCLE
  5
812
330
17
100
AcDbEntity
  8
A-KRESKOWANIE
370
25
 48
0.05
100
AcDbCircle
 10
1.356980010786715
 20
-0.3025404239018884
 30
0.0
 40
0.020970677512053032
  0
CIRCLE
  5
813
330
17
100
AcDbEntity
  8
A-KRESKOWANIE
370
25
 48
0.05
100
AcDbCircle
 10
1.4741258294470216
 20
-0.3055558453733712
 30
0.0
 40
0.020598421745340545
  0
CIRCLE
  5
814
330
17
100
AcDbEntity
  8
A-KRESKOWANIE
370
25
 48
0.05
100
AcDbCircle
 10
1.5702029262120107
 20
-0.3555390634754826
 30
0.0
 40
0.021066603589674424
  0
CIRCLE
  5
815
330
17
100
AcDbEntity
  8
A-KRESKOWANIE
370
25
 48
0.05
100
AcDbCircle
 10
1.6291459020043502
 20
-0.300800945335108
 30
0.0
 40
0.021985963446954568
  0
CIRCLE
  5
816
330
17
100
AcDbEntity
  8
A-KRESKOWANIE
370
25
 48
0.05
100
AcDbCircle
 10
1.7255164091359074
 20
-0.34674826287405486
 30
0.0
 40
0.018068067141958993
  0
CIRCLE
  5
817
330
17
100
AcDbEntity
  8
A-KRESKOWANIE
370
25
 48
0.05
100
AcDbCircle
 10
1.784940007386304
 20
-0.35794215557131415
 30
0.0
 40
0.021869775538200673
  0
CIRCLE
  5
818
330
17
100
AcDbEntity
  8
A-KRESKOWANIE
370
25
 48
0.05
100
AcDbCircle
 10
1.9305913834551676
 20
-0.35057424211454746
 30
0.0
 40
0.02567601093085784
  0
CIRCLE
  5
819
330
17
100
AcDbEntity
  8
A-KRESKOWANIE
370
25
 48
0.05
100
AcDbCircle
 10
2.0217633026626043
 20
-0.35469273011769864
 30
0.0
 40
0.02474964806921626
  0
CIRCLE
  5
81A
330
17
100
AcDbEntity
  8
A-KRESKOWANIE
370
25
 48
0.05
100
AcDbCircle
 10
2.091990022883897
 20
-0.2987379081306942
 30
0.0
 40
0.013048293926625884
  0
CIRCLE
  5
81B
330
17
100
AcDbEntity
  8
A-KRESKOWANIE
370
25
 48
0.05
100
AcDbCircle
 10
2.2159016674036525
 20
-0.3001648354867303
 30
0.0
 40
0.022832322151435554
  0
CIRCLE
  5
81C
330
17
100
AcDbEntity
  8
A-KRESKOWANIE
370
25
 48
0.05
100
AcDbCircle
 10
2.3176648786005165
 20
-0.3116436536460525
 30
0.0
 40
0.0170083526691126
  0
CIRCLE
  5
81D
330
17
100
AcDbEntity
  8
A-KRESKOWANIE
370
25
 48
0.05
100
AcDbCircle
 10
2.4136905423619504
 20
-0.3066833116529527
 30
0.0
 40
0.02376677352594983
  0
CIRCLE
  5
81E
330
17
100
AcDbEntity
  8
A-KRESKOWANIE
370
25
 48
0.05
100
AcDbCircle
 10
2.4771568930469825
 20
-0.29942238868389154
 30
0.0
 40
0.01871625934383691
  0
CIRCLE
  5
81F
330
17
100
AcDbEntity
  8
A-KRESKOWANIE
370
25
 48
0.05
100
AcDbCircle
 10
2.5444118436262158
 20
-0.34312380780668145
 30
0.0
 40
0.022343234420861703
  0
CIRCLE
  5
820
330
17
100
AcDbEntity
  8
A-KRESKOWANIE
370
25
 48
0.05
100
AcDbCircle
 10
2.633400573478849
 20
-0.36142505034256533
 30
0.0
 40
0.020923081150587733
  0
CIRCLE
  5
821
330
17
100
AcDbEntity
  8
A-KRESKOWANIE
370
25
 48
0.05
100
AcDbCircle
 10
2.6977271059341845
 20
-0.3463849101853482
 30
0.0
 40
0.02719682691421818
  0
CIRCLE
  5
822
330
17
100
AcDbEntity
  8
A-KRESKOWANIE
370
25
 48
0.05
100
AcDbCircle
 10
2.809041885171954
 20
-0.30082467117135675
 30
0.0
 40
0.015682304497905173
  0
CIRCLE
  5
823
330
17
100
AcDbEntity
  8
A-KRESKOWANIE
370
25
 48
0.05
100
AcDbCircle
 10
2.9140884445816817
 20
-0.34364648086497745
 30
0.0
 40
0.017190314634196326
  0
CIRCLE
  5
824
330
17
100
AcDbEntity
  8
A-KRESKOWANIE
370
25
 48
0.05
100
AcDbCircle
 10
2.955161512396999
 20
-0.3546148966777274
 30
0.0
 40
0.013022744825728598
  0
CIRCLE
  5
825
330
17
100
AcDbEntity
  8
A-KRESKOWANIE
370
25
 48
0.05
100
AcDbCircle
 10
3.0780438122991036
 20
-0.3535629334000442
 30
0.0
 40
0.012589728889542068
  0
CIRCLE
  5
826
330
17
100
AcDbEntity
  8
A-KRESKOWANIE
370
25
 48
0.05
100
AcDbCircle
 10
3.1389176269568333
 20
-0.3326266146257134
 30
0.0
 40
0.020498585761164388
  0
CIRCLE
  5
827
330
17
100
AcDbEntity
  8
A-KRESKOWANIE
370
25
 48
0.05
100
AcDbCircle
 10
3.2309929816800227
 20
-0.35278451846259085
 30
0.0
 40
0.019365206997780965
  0
CIRCLE
  5
828
330
17
100
AcDbEntity
  8
A-KRESKOWANIE
370
25
 48
0.05
100
AcDbCircle
 10
0.36476466320261103
 20
-0.2618154803169948
 30
0.0
 40
0.024666310961036223
  0
CIRCLE
  5
829
330
17
100
AcDbEntity
  8
A-KRESKOWANIE
370
25
 48
0.05
100
AcDbCircle
 10
0.45105785210521826
 20
-0.252543860468919
 30
0.0
 40
0.021543492623828948
  0
CIRCLE
  5
82A
330
17
100
AcDbEntity
  8
A-KRESKOWANIE
370
25
 48
0.05
100
AcDbCircle
 10
0.5280005450801869
 20
-0.2683420963500915
 30
0.0
 40
0.02741787154604605
  0
CIRCLE
  5
82B
330
17
100
AcDbEntity
  8
A-KRESKOWANIE
370
25
 48
0.05
100
AcDbCircle
 10
0.6161521674268055
 20
-0.2583131515432415
 30
0.0
 40
0.02583202542156926
  0
CIRCLE
  5
82C
330
17
100
AcDbEntity
  8
A-KRESKOWANIE
370
25
 48
0.05
100
AcDbCircle
 10
0.7760304188952171
 20
-0.2780313346278174
 30
0.0
 40
0.014460536452674273
  0
CIRCLE
  5
82D
330
17
100
AcDbEntity
  8
A-KRESKOWANIE
370
25
 48
0.05
100
AcDbCircle
 10
0.8501795596889675
 20
-0.2635742189354772
 30
0.0
 40
0.0253326460567183
  0
CIRCLE
  5
82E
330
17
100
AcDbEntity
  8
A-KRESKOWANIE
370
25
 48
0.05
100
AcDbCircle
 10
1.0349961578452538
 20
-0.23541212339082623
 30
0.0
 40
0.014856135295342437
  0
CIRCLE
  5
82F
330
17
100
AcDbEntity
  8
A-KRESKOWANIE
370
25
 48
0.05
100
AcDbCircle
 10
1.1386666606198033
 20
-0.2876506766232317
 30
0.0
 40
0.021251025105752438
  0
CIRCLE
  5
830
330
17
100
AcDbEntity
  8
A-KRESKOWANIE
370
25
 48
0.05
100
AcDbCircle
 10
1.1763099087982085
 20
-0.2458520421989783
 30
0.0
 40
0.016884331543640704
  0
CIRCLE
  5
831
330
17
100
AcDbEntity
  8
A-KRESKOWANIE
370
25
 48
0.05
100
AcDbCircle
 10
1.2703740516604487
 20
-0.26170943125675217
 30
0.0
 40
0.01324141738088579
  0
CIRCLE
  5
832
330
17
100
AcDbEntity
  8
A-KRESKOWANIE
370
25
 48
0.05
100
AcDbCircle
 10
1.3640451036918306
 20
-0.2520611922586027
 30
0.0
 40
0.01358571364729824
  0
CIRCLE
  5
833
330
17
100
AcDbEntity
  8
A-KRESKOWANIE
370
25
 48
0.05
100
AcDbCircle
 10
1.4201095526703038
 20
-0.25740026737804994
 30
0.0
 40
0.01871033344398678
  0
CIRCLE
  5
834
330
17
100
AcDbEntity
  8
A-KRESKOWANIE
370
25
 48
0.05
100
AcDbCircle
 10
1.503981337814348
 20
-0.25843343066379754
 30
0.0
 40
0.02181947476669788
  0
CIRCLE
  5
835
330
17
100
AcDbEntity
  8
A-KRESKOWANIE
370
25
 48
0.05
100
AcDbCircle
 10
1.5632002603333286
 20
-0.2523095860620542
 30
0.0
 40
0.0160643490738659
  0
CIRCLE
  5
836
330
17
100
AcDbEntity
  8
A-KRESKOWANIE
370
25
 48
0.05
100
AcDbCircle
 10
1.7040695725977677
 20
-0.26814224151004484
 30
0.0
 40
0.016918793970978053
  0
CIRCLE
  5
837
330
17
100
AcDbEntity
  8
A-KRESKOWANIE
370
25
 48
0.05
100
AcDbCircle
 10
1.7893380405165713
 20
-0.25009943078793834
 30
0.0
 40
0.020792420620511617
  0
CIRCLE
  5
838
330
17
100
AcDbEntity
  8
A-KRESKOWANIE
370
25
 48
0.05
100
AcDbCircle
 10
1.8925311520419557
 20
-0.25060792336920923
 30
0.0
 40
0.018208356716116134
  0
CIRCLE
  5
839
330
17
100
AcDbEntity
  8
A-KRESKOWANIE
370
25
 48
0.05
100
AcDbCircle
 10
1.946549253754594
 20
-0.2814900579468175
 30
0.0
 40
0.014675323041934314
  0
CIRCLE
  5
83A
330
17
100
AcDbEntity
  8
A-KRESKOWANIE
370
25
 48
0.05
100
AcDbCircle
 10
2.022382362734212
 20
-0.2256888979760715
 30
0.0
 40
0.014783167080791526
  0
CIRCLE
  5
83B
330
17
100
AcDbEntity
  8
A-KRESKOWANIE
370
25
 48
0.05
100
AcDbCircle
 10
2.088642278084851
 20
-0.23908687657716313
 30
0.0
 40
0.025266835016098044
  0
CIRCLE
  5
83C
330
17
100
AcDbEntity
  8
A-KRESKOWANIE
370
25
 48
0.05
100
AcDbCircle
 10
2.1592795871277426
 20
-0.25121475863480314
 30
0.0
 40
0.013623957449510202
  0
CIRCLE
  5
83D
330
17
100
AcDbEntity
  8
A-KRESKOWANIE
370
25
 48
0.05
100
AcDbCircle
 10
2.5517338889542622
 20
-0.2421816984443522
 30
0.0
 40
0.022064312881512633
  0
CIRCLE
  5
83E
330
17
100
AcDbEntity
  8
A-KRESKOWANIE
370
25
 48
0.05
100
AcDbCircle
 10
2.609312445114451
 20
-0.28966178333579506
 30
0.0
 40
0.014203673538049062
  0
CIRCLE
  5
83F
330
17
100
AcDbEntity
  8
A-KRESKOWANIE
370
25
 48
0.05
100
AcDbCircle
 10
2.670102470960859
 20
-0.24463885284208156
 30
0.0
 40
0.020031500057284126
  0
CIRCLE
  5
840
330
17
100
AcDbEntity
  8
A-KRESKOWANIE
370
25
 48
0.05
100
AcDbCircle
 10
2.7428051383822756
 20
-0.2373760866515387
 30
0.0
 40
0.02059175963970946
  0
CIRCLE
  5
841
330
17
100
AcDbEntity
  8
A-KRESKOWANIE
370
25
 48
0.05
100
AcDbCircle
 10
2.843442733470139
 20
-0.26771251006105
 30
0.0
 40
0.013567596374124325
  0
CIRCLE
  5
842
330
17
100
AcDbEntity
  8
A-KRESKOWANIE
370
25
 48
0.05
100
AcDbCircle
 10
2.898897796025036
 20
-0.2614063140533141
 30
0.0
 40
0.025728811067866276
  0
CIRCLE
  5
843
330
17
100
AcDbEntity
  8
A-KRESKOWANIE
370
25
 48
0.05
100
AcDbCircle
 10
2.98286960516393
 20
-0.2555843506430111
 30
0.0
 40
0.02175870510553047
  0
CIRCLE
  5
844
330
17
100
AcDbEntity
  8
A-KRESKOWANIE
370
25
 48
0.05
100
AcDbCircle
 10
3.077877174489474
 20
-0.23275898267429596
 30
0.0
 40
0.01431088648202798
  0
CIRCLE
  5
845
330
17
100
AcDbEntity
  8
A-KRESKOWANIE
370
25
 48
0.05
100
AcDbCircle
 10
3.1288298236391974
 20
-0.23133476798115046
 30
0.0
 40
0.02351952404932573
  0
CIRCLE
  5
846
330
17
100
AcDbEntity
  8
A-KRESKOWANIE
370
25
 48
0.05
100
AcDbCircle
 10
0.3497838685736615
 20
-0.1615266813548385
 30
0.0
 40
0.013390136587871882
  0
CIRCLE
  5
847
330
17
100
AcDbEntity
  8
A-KRESKOWANIE
370
25
 48
0.05
100
AcDbCircle
 10
0.4756940635936104
 20
-0.18052703050967414
 30
0.0
 40
0.017958276654600046
  0
CIRCLE
  5
848
330
17
100
AcDbEntity
  8
A-KRESKOWANIE
370
25
 48
0.05
100
AcDbCircle
 10
0.5316616103293225
 20
-0.16437019315707557
 30
0.0
 40
0.020409331912453522
  0
CIRCLE
  5
849
330
17
100
AcDbEntity
  8
A-KRESKOWANIE
370
25
 48
0.05
100
AcDbCircle
 10
0.6306702347029938
 20
-0.19653284768760643
 30
0.0
 40
0.020805997984753962
  0
CIRCLE
  5
84A
330
17
100
AcDbEntity
  8
A-KRESKOWANIE
370
25
 48
0.05
100
AcDbCircle
 10
0.714766724370127
 20
-0.20891781535641835
 30
0.0
 40
0.015292091091482718
  0
CIRCLE
  5
84B
330
17
100
AcDbEntity
  8
A-KRESKOWANIE
370
25
 48
0.05
100
AcDbCircle
 10
0.7891303181140124
 20
-0.1979322183094535
 30
0.0
 40
0.023076862965897206
  0
CIRCLE
  5
84C
330
17
100
AcDbEntity
  8
A-KRESKOWANIE
370
25
 48
0.05
100
AcDbCircle
 10
0.9105814816384844
 20
-0.21361554231884763
 30
0.0
 40
0.02534787510312882
  0
CIRCLE
  5
84D
330
17
100
AcDbEntity
  8
A-KRESKOWANIE
370
25
 48
0.05
100
AcDbCircle
 10
0.9744432261643987
 20
-0.183620195082971
 30
0.0
 40
0.025100295746319876
  0
CIRCLE
  5
84E
330
17
100
AcDbEntity
  8
A-KRESKOWANIE
370
25
 48
0.05
100
AcDbCircle
 10
1.029430141607347
 20
-0.16255436430104428
 30
0.0
 40
0.019322750452922487
  0
CIRCLE
  5
84F
330
17
100
AcDbEntity
  8
A-KRESKOWANIE
370
25
 48
0.05
100
AcDbCircle
 10
1.1197185481588892
 20
-0.1904488475652327
 30
0.0
 40
0.022177688395589493
  0
CIRCLE
  5
850
330
17
100
AcDbEntity
  8
A-KRESKOWANIE
370
25
 48
0.05
100
AcDbCircle
 10
1.2122380687562462
 20
-0.19014399027877926
 30
0.0
 40
0.02688083610706556
  0
CIRCLE
  5
851
330
17
100
AcDbEntity
  8
A-KRESKOWANIE
370
25
 48
0.05
100
AcDbCircle
 10
1.3013845841532394
 20
-0.188710658318363
 30
0.0
 40
0.02513026664135247
  0
CIRCLE
  5
852
330
17
100
AcDbEntity
  8
A-KRESKOWANIE
370
25
 48
0.05
100
AcDbCircle
 10
1.4448263636858338
 20
-0.15583891815029283
 30
0.0
 40
0.018815089480671145
  0
CIRCLE
  5
853
330
17
100
AcDbEntity
  8
A-KRESKOWANIE
370
25
 48
0.05
100
AcDbCircle
 10
1.536356106912219
 20
-0.20471567126627094
 30
0.0
 40
0.022856463564289838
  0
CIRCLE
  5
854
330
17
100
AcDbEntity
  8
A-KRESKOWANIE
370
25
 48
0.05
100
AcDbCircle
 10
1.6119596471903122
 20
-0.19184608563374456
 30
0.0
 40
0.019338257782217018
  0
CIRCLE
  5
855
330
17
100
AcDbEntity
  8
A-KRESKOWANIE
370
25
 48
0.05
100
AcDbCircle
 10
1.699621732195992
 20
-0.20698139132741467
 30
0.0
 40
0.023706443234054738
  0
CIRCLE
  5
856
330
17
100
AcDbEntity
  8
A-KRESKOWANIE
370
25
 48
0.05
100
AcDbCircle
 10
1.7939074206123464
 20
-0.15114875115442472
 30
0.0
 40
0.016142755008175337
  0
CIRCLE
  5
857
330
17
100
AcDbEntity
  8
A-KRESKOWANIE
370
25
 48
0.05
100
AcDbCircle
 10
1.8494365302081481
 20
-0.19583957345500644
 30
0.0
 40
0.025033332087609113
  0
CIRCLE
  5
858
330
17
100
AcDbEntity
  8
A-KRESKOWANIE
370
25
 48
0.05
100
AcDbCircle
 10
1.9424106451709746
 20
-0.20471956259182852
 30
0.0
 40
0.024318999290084103
  0
CIRCLE
  5
859
330
17
100
AcDbEntity
  8
A-KRESKOWANIE
370
25
 48
0.05
100
AcDbCircle
 10
2.0214540974931237
 20
-0.18031826420442895
 30
0.0
 40
0.013599441341253314
  0
CIRCLE
  5
85A
330
17
100
AcDbEntity
  8
A-KRESKOWANIE
370
25
 48
0.05
100
AcDbCircle
 10
2.118876105412097
 20
-0.1811496515405385
 30
0.0
 40
0.022812739678911367
  0
CIRCLE
  5
85B
330
17
100
AcDbEntity
  8
A-KRESKOWANIE
370
25
 48
0.05
100
AcDbCircle
 10
2.1874306118470397
 20
-0.17891653409675232
 30
0.0
 40
0.02704483513367649
  0
CIRCLE
  5
85C
330
17
100
AcDbEntity
  8
A-KRESKOWANIE
370
25
 48
0.05
100
AcDbCircle
 10
2.3308752085367805
 20
-0.16253365409584755
 30
0.0
 40
0.018593921899384202
  0
CIRCLE
  5
85D
330
17
100
AcDbEntity
  8
A-KRESKOWANIE
370
25
 48
0.05
100
AcDbCircle
 10
2.385512162821973
 20
-0.16453208581463102
 30
0.0
 40
0.012672614254449436
  0
CIRCLE
  5
85E
330
17
100
AcDbEntity
  8
A-KRESKOWANIE
370
25
 48
0.05
100
AcDbCircle
 10
2.4846615212409318
 20
-0.1688941818661017
 30
0.0
 40
0.01958913555449998
  0
CIRCLE
  5
85F
330
17
100
AcDbEntity
  8
A-KRESKOWANIE
370
25
 48
0.05
100
AcDbCircle
 10
2.630712310536926
 20
-0.17840432254546928
 30
0.0
 40
0.02563400030054554
  0
CIRCLE
  5
860
330
17
100
AcDbEntity
  8
A-KRESKOWANIE
370
25
 48
0.05
100
AcDbCircle
 10
2.7917819928370458
 20
-0.18746678300617148
 30
0.0
 40
0.024036898934236398
  0
CIRCLE
  5
861
330
17
100
AcDbEntity
  8
A-KRESKOWANIE
370
25
 48
0.05
100
AcDbCircle
 10
2.8543249208491037
 20
-0.15577495744249767
 30
0.0
 40
0.020586559333250144
  0
CIRCLE
  5
862
330
17
100
AcDbEntity
  8
A-KRESKOWANIE
370
25
 48
0.05
100
AcDbCircle
 10
2.9989380996054353
 20
-0.16729946296898665
 30
0.0
 40
0.025937929778665825
  0
CIRCLE
  5
863
330
17
100
AcDbEntity
  8
A-KRESKOWANIE
370
25
 48
0.05
100
AcDbCircle
 10
3.226255285730465
 20
-0.2012353837411195
 30
0.0
 40
0.01544938542202688
  0
CIRCLE
  5
864
330
17
100
AcDbEntity
  8
A-KRESKOWANIE
370
25
 48
0.05
100
AcDbCircle
 10
0.34914474038254306
 20
-0.08880007767819612
 30
0.0
 40
0.016225819734228937
  0
CIRCLE
  5
865
330
17
100
AcDbEntity
  8
A-KRESKOWANIE
370
25
 48
0.05
100
AcDbCircle
 10
0.4307815623174323
 20
-0.0843036848785215
 30
0.0
 40
0.016132928952143712
  0
CIRCLE
  5
866
330
17
100
AcDbEntity
  8
A-KRESKOWANIE
370
25
 48
0.05
100
AcDbCircle
 10
0.5106180182818254
 20
-0.09532434260154413
 30
0.0
 40
0.018177119630153327
  0
CIRCLE
  5
867
330
17
100
AcDbEntity
  8
A-KRESKOWANIE
370
25
 48
0.05
100
AcDbCircle
 10
0.5706351921077336
 20
-0.12799598937781156
 30
0.0
 40
0.020776233955126074
  0
CIRCLE
  5
868
330
17
100
AcDbEntity
  8
A-KRESKOWANIE
370
25
 48
0.05
100
AcDbCircle
 10
0.6404319734149774
 20
-0.1398170578653401
 30
0.0
 40
0.020759472660219987
  0
CIRCLE
  5
869
330
17
100
AcDbEntity
  8
A-KRESKOWANIE
370
25
 48
0.05
100
AcDbCircle
 10
0.7649281957403281
 20
-0.07983488316832055
 30
0.0
 40
0.022827659473917485
  0
CIRCLE
  5
86A
330
17
100
AcDbEntity
  8
A-KRESKOWANIE
370
25
 48
0.05
100
AcDbCircle
 10
0.9071448299871119
 20
-0.08671457866609533
 30
0.0
 40
0.018664640052038398
  0
CIRCLE
  5
86B
330
17
100
AcDbEntity
  8
A-KRESKOWANIE
370
25
 48
0.05
100
AcDbCircle
 10
1.0490260186350129
 20
-0.08711765166968552
 30
0.0
 40
0.019516513166189887
  0
CIRCLE
  5
86C
330
17
100
AcDbEntity
  8
A-KRESKOWANIE
370
25
 48
0.05
100
AcDbCircle
 10
1.1306059966698796
 20
-0.1369589353435369
 30
0.0
 40
0.016008616498039394
  0
CIRCLE
  5
86D
330
17
100
AcDbEntity
  8
A-KRESKOWANIE
370
25
 48
0.05
100
AcDbCircle
 10
1.2052171950682495
 20
-0.11744138823145531
 30
0.0
 40
0.021366836868308467
  0
CIRCLE
  5
86E
330
17
100
AcDbEntity
  8
A-KRESKOWANIE
370
25
 48
0.05
100
AcDbCircle
 10
1.3748004848454738
 20
-0.08168535754115223
 30
0.0
 40
0.016046631048652726
  0
CIRCLE
  5
86F
330
17
100
AcDbEntity
  8
A-KRESKOWANIE
370
25
 48
0.05
100
AcDbCircle
 10
1.5439075729101814
 20
-0.11003798392837877
 30
0.0
 40
0.015806436847459537
  0
CIRCLE
  5
870
330
17
100
AcDbEntity
  8
A-KRESKOWANIE
370
25
 48
0.05
100
AcDbCircle
 10
1.6316289848504935
 20
-0.08693786981424993
 30
0.0
 40
0.01726670278573233
  0
CIRCLE
  5
871
330
17
100
AcDbEntity
  8
A-KRESKOWANIE
370
25
 48
0.05
100
AcDbCircle
 10
1.684411864079362
 20
-0.12743851085150623
 30
0.0
 40
0.021625070397685815
  0
CIRCLE
  5
872
330
17
100
AcDbEntity
  8
A-KRESKOWANIE
370
25
 48
0.05
100
AcDbCircle
 10
1.855876792959912
 20
-0.0993915838450191
 30
0.0
 40
0.027132058571544118
  0
CIRCLE
  5
873
330
17
100
AcDbEntity
  8
A-KRESKOWANIE
370
25
 48
0.05
100
AcDbCircle
 10
1.97109313520322
 20
-0.08248987916357288
 30
0.0
 40
0.013707347465414271
  0
CIRCLE
  5
874
330
17
100
AcDbEntity
  8
A-KRESKOWANIE
370
25
 48
0.05
100
AcDbCircle
 10
2.1157823025079296
 20
-0.12436997650720813
 30
0.0
 40
0.019755523803707625
  0
CIRCLE
  5
875
330
17
100
AcDbEntity
  8
A-KRESKOWANIE
370
25
 48
0.05
100
AcDbCircle
 10
2.157784791019878
 20
-0.07515538418059506
 30
0.0
 40
0.01260643533928555
  0
CIRCLE
  5
876
330
17
100
AcDbEntity
  8
A-KRESKOWANIE
370
25
 48
0.05
100
AcDbCircle
 10
2.2553535683975134
 20
-0.10985559193518495
 30
0.0
 40
0.016257154620108835
  0
CIRCLE
  5
877
330
17
100
AcDbEntity
  8
A-KRESKOWANIE
370
25
 48
0.05
100
AcDbCircle
 10
2.4803344123088853
 20
-0.11946083089125728
 30
0.0
 40
0.014810959314591497
  0
CIRCLE
  5
878
330
17
100
AcDbEntity
  8
A-KRESKOWANIE
370
25
 48
0.05
100
AcDbCircle
 10
2.5531117928930374
 20
-0.1010835729363586
 30
0.0
 40
0.017826820968986575
  0
CIRCLE
  5
879
330
17
100
AcDbEntity
  8
A-KRESKOWANIE
370
25
 48
0.05
100
AcDbCircle
 10
2.71812926198742
 20
-0.1024876451244242
 30
0.0
 40
0.022840387978424283
  0
CIRCLE
  5
87A
330
17
100
AcDbEntity
  8
A-KRESKOWANIE
370
25
 48
0.05
100
AcDbCircle
 10
2.9384697945514864
 20
-0.08679902912512551
 30
0.0
 40
0.016087899619534062
  0
CIRCLE
  5
87B
330
17
100
AcDbEntity
  8
A-KRESKOWANIE
370
25
 48
0.05
100
AcDbCircle
 10
3.0107206373549813
 20
-0.09544216709464697
 30
0.0
 40
0.026090258327249094
  0
CIRCLE
  5
87C
330
17
100
AcDbEntity
  8
A-KRESKOWANIE
370
25
 48
0.05
100
AcDbCircle
 10
3.0890557582959515
 20
-0.09464438586533955
 30
0.0
 40
0.021785212529242277
  0
CIRCLE
  5
87D
330
17
100
AcDbEntity
  8
A-KRESKOWANIE
370
25
 48
0.05
100
AcDbCircle
 10
3.231846181689509
 20
-0.1254732180859411
 30
0.0
 40
0.0219920499931521
  0
CIRCLE
  5
87E
330
17
100
AcDbEntity
  8
A-KRESKOWANIE
370
25
 48
0.05
100
AcDbCircle
 10
1.2794031513104318
 20
-0.06510165394551998
 30
0.0
 40
0.01706379587949745
  0
CIRCLE
  5
87F
330
17
100
AcDbEntity
  8
A-KRESKOWANIE
370
25
 48
0.05
100
AcDbCircle
 10
2.0626095296477245
 20
-0.062323232556811395
 30
0.0
 40
0.016201828374348855
  0
LWPOLYLINE
  5
880
330
17
100
AcDbEntity
  8
A-KRESKOWANIE
370
25
 48
0.05
100
AcDbPolyline
 90
2
 70
0
 10
-0.008578643762690533
 20
-0.15000000000000002
 10
0.09
 20
-0.05142135623730951
  0
LWPOLYLINE
  5
881
330
17
100
AcDbEntity
  8
A-KRESKOWANIE
370
25
 48
0.05
100
AcDbPolyline
 90
2
 70
0
 10
-0.105
 20
-0.10499999999999998
 10
-1.1988551425209826e-17
 20
0.0
  0
LWPOLYLINE
  5
882
330
17
100
AcDbEntity
  8
A-KRESKOWANIE
370
25
 48
0.05
100
AcDbPolyline
 90
2
 70
0
 10
0.13
 20
0.011421356237309485
 10
0.11142135623730949
 20
0.03
  0
LWPOLYLINE
  5
883
330
17
100
AcDbEntity
  8
A-KRESKOWANIE
370
25
 48
0.05
100
AcDbPolyline
 90
2
 70
0
 10
0.09
 20
-0.09000000000000002
 10
-5.227073845362136e-18
 20
0.0
  0
LWPOLYLINE
  5
884
330
17
100
AcDbEntity
  8
A-KRESKOWANIE
370
25
 48
0.05
100
AcDbPolyline
 90
2
 70
0
 10
0.008578643762690484
 20
-0.15000000000000002
 10
-0.105
 20
-0.03642135623730952
  0
LWPOLYLINE
  5
885
330
17
100
AcDbEntity
  8
A-KRESKOWANIE
370
25
 48
0.05
100
AcDbPolyline
 90
2
 70
0
 10
0.2925
 20
-0.39999999999999997
 10
0.1
 20
-0.3506410256410256
  0
LWPOLYLINE
  5
886
330
17
100
AcDbEntity
  8
A-KRESKOWANIE
370
25
 48
0.05
100
AcDbPolyline
 90
3
 70
0
 10
0.1
 20
-0.34935897435897434
 10
0.2925
 20
-0.29999999999999993
 10
0.1
 20
-0.25064102564102564
  0
LWPOLYLINE
  5
887
330
17
100
AcDbEntity
  8
A-KRESKOWANIE
370
25
 48
0.05
100
AcDbPolyline
 90
3
 70
0
 10
0.1
 20
-0.24935897435897433
 10
0.2925
 20
-0.19999999999999993
 10
0.1
 20
-0.15064102564102558
  0
LWPOLYLINE
  5
888
330
17
100
AcDbEntity
  8
A-KRESKOWANIE
370
25
 48
0.05
100
AcDbPolyline
 90
5
 70
0
 10
0.09750000000000032
 20
-0.15000000000000002
 10
0.0975
 20
-0.14999999999999994
 10
0.2925
 20
-0.09999999999999995
 10
0.0975
 20
-0.04999999999999996
 10
0.29249999999999987
 20
0.0
  0
LWPOLYLINE
  5
889
330
17
100
AcDbEntity
  8
A-KRESKOWANIE
370
25
 48
0.05
100
AcDbPolyline
 90
3
 70
0
 10
0.3
 20
3.008124999999985
 10
0.1325
 20
3.049999999999985
 10
0.3
 20
3.091874999999985
  0
LWPOLYLINE
  5
88A
330
17
100
AcDbEntity
  8
A-KRESKOWANIE
370
25
 48
0.05
100
AcDbPolyline
 90
3
 70
0
 10
0.3
 20
3.108124999999985
 10
0.1325
 20
3.1499999999999853
 10
0.3
 20
3.191874999999985
  0
LWPOLYLINE
  5
88B
330
17
100
AcDbEntity
  8
A-KRESKOWANIE
370
25
 48
0.05
100
AcDbPolyline
 90
3
 70
0
 10
0.3
 20
3.2081249999999852
 10
0.1325
 20
3.2499999999999853
 10
0.3
 20
3.291874999999985
  0
LWPOLYLINE
  5
88C
330
17
100
AcDbEntity
  8
A-KRESKOWANIE
370
25
 48
0.05
100
AcDbPolyline
 90
3
 70
0
 10
0.3
 20
3.3081249999999853
 10
0.1325
 20
3.349999999999985
 10
0.3
 20
3.391874999999985
  0
LWPOLYLINE
  5
88D
330
17
100
AcDbEntity
  8
A-KRESKOWANIE
370
25
 48
0.05
100
AcDbPolyline
 90
3
 70
0
 10
0.3
 20
3.4081249999999854
 10
0.1325
 20
3.449999999999985
 10
0.3
 20
3.491874999999985
  0
LWPOLYLINE
  5
88E
330
17
100
AcDbEntity
  8
A-KRESKOWANIE
370
25
 48
0.05
100
AcDbPolyline
 90
3
 70
0
 10
0.3
 20
3.5081249999999855
 10
0.1325
 20
3.549999999999985
 10
0.3
 20
3.5918749999999853
  0
LWPOLYLINE
  5
88F
330
17
100
AcDbEntity
  8
A-KRESKOWANIE
370
25
 48
0.05
100
AcDbPolyline
 90
3
 70
0
 10
0.3
 20
3.6081249999999856
 10
0.1325
 20
3.6499999999999853
 10
0.3
 20
3.691874999999985
  0
LWPOLYLINE
  5
890
330
17
100
AcDbEntity
  8
A-KRESKOWANIE
370
25
 48
0.05
100
AcDbPolyline
 90
3
 70
0
 10
0.3
 20
3.7081249999999852
 10
0.1325
 20
3.7499999999999853
 10
0.3
 20
3.791874999999985
  0
LWPOLYLINE
  5
891
330
17
100
AcDbEntity
  8
A-KRESKOWANIE
370
25
 48
0.05
100
AcDbPolyline
 90
3
 70
0
 10
0.3
 20
3.8081249999999853
 10
0.1325
 20
3.8499999999999854
 10
0.14850000000005692
 20
3.8539999999999996
  0
LWPOLYLINE
  5
892
330
17
100
AcDbEntity
  8
A-KRESKOWANIE
370
25
 48
0.05
100
AcDbPolyline
 90
14
 70
0
 10
0.29249999999999715
 20
5.338
 10
0.2925
 20
5.338000000000001
 10
0.1325
 20
5.388000000000001
 10
0.2925
 20
5.438000000000001
 10
0.1325
 20
5.488
 10
0.2925
 20
5.538
 10
0.1325
 20
5.588000000000001
 10
0.2925
 20
5.638000000000001
 10
0.1325
 20
5.688000000000001
 10
0.2925
 20
5.738
 10
0.1325
 20
5.788
 10
0.2925
 20
5.838000000000001
 10
0.1325
 20
5.888000000000001
 10
0.26689999999999703
 20
5.93
  0
LWPOLYLINE
  5
893
330
17
100
AcDbEntity
  8
A-KRESKOWANIE
370
25
 48
0.05
100
AcDbPolyline
 90
2
 70
0
 10
-3.7882250993908575
 20
3.0
 10
-3.675
 20
3.1132250993908577
  0
LWPOLYLINE
  5
894
330
17
100
AcDbEntity
  8
A-KRESKOWANIE
370
25
 48
0.05
100
AcDbPolyline
 90
2
 70
0
 10
-3.825
 20
3.1046464556281657
 10
-3.779646455628166
 20
3.15
  0
LWPOLYLINE
  5
895
330
17
100
AcDbEntity
  8
A-KRESKOWANIE
370
25
 48
0.05
100
AcDbPolyline
 90
2
 70
0
 10
-3.675
 20
3.1093145750507625
 10
-3.7156854249492373
 20
3.15
  0
LWPOLYLINE
  5
896
330
17
100
AcDbEntity
  8
A-KRESKOWANIE
370
25
 48
0.05
100
AcDbPolyline
 90
2
 70
0
 10
-3.7071067811865475
 20
3.0
 10
-3.825
 20
3.117893218813453
  0
LWPOLYLINE
  5
897
330
17
100
AcDbEntity
  8
A-KRESKOWANIE
370
25
 48
0.05
100
AcDbPolyline
 90
2
 70
0
 10
-3.7958095116624273
 20
5.538
 10
-3.675
 20
5.658809511662428
  0
LWPOLYLINE
  5
898
330
17
100
AcDbEntity
  8
A-KRESKOWANIE
370
25
 48
0.05
100
AcDbPolyline
 90
2
 70
0
 10
-3.825
 20
5.650230867899737
 10
-3.675
 20
5.800230867899737
  0
LWPOLYLINE
  5
899
330
17
100
AcDbEntity
  8
A-KRESKOWANIE
370
25
 48
0.05
100
AcDbPolyline
 90
2
 70
0
 10
-3.825
 20
5.791652224137048
 10
-3.686652224137063
 20
5.929999999999985
  0
LWPOLYLINE
  5
89A
330
17
100
AcDbEntity
  8
A-KRESKOWANIE
370
25
 48
0.05
100
AcDbPolyline
 90
2
 70
0
 10
-3.675
 20
5.796320343559643
 10
-3.8086796564403564
 20
5.93
  0
LWPOLYLINE
  5
89B
330
17
100
AcDbEntity
  8
A-KRESKOWANIE
370
25
 48
0.05
100
AcDbPolyline
 90
2
 70
0
 10
-3.675
 20
5.654898987322333
 10
-3.825
 20
5.804898987322334
  0
LWPOLYLINE
  5
89C
330
17
100
AcDbEntity
  8
A-KRESKOWANIE
370
25
 48
0.05
100
AcDbPolyline
 90
2
 70
0
 10
-3.699522368914976
 20
5.538
 10
-3.825
 20
5.6634776310850246
  0
LWPOLYLINE
  5
89D
330
17
100
AcDbEntity
  8
A-KRESKOWANIE
370
25
 48
0.05
100
AcDbPolyline
 90
2
 70
0
 10
-8.699242404917499
 20
6.1499999999999995
 10
-8.645
 20
6.204242404917498
  0
LWPOLYLINE
  5
89E
330
17
100
AcDbEntity
  8
A-KRESKOWANIE
370
25
 48
0.05
100
AcDbPolyline
 90
2
 70
0
 10
-8.84
 20
6.15066376115481
 10
-8.645
 20
6.34566376115481
  0
LWPOLYLINE
  5
89F
330
17
100
AcDbEntity
  8
A-KRESKOWANIE
370
25
 48
0.05
100
AcDbPolyline
 90
2
 70
0
 10
-8.84
 20
6.292085117392119
 10
-8.645
 20
6.48708511739212
  0
LWPOLYLINE
  5
8A0
330
17
100
AcDbEntity
  8
A-KRESKOWANIE
370
25
 48
0.05
100
AcDbPolyline
 90
2
 70
0
 10
-8.84
 20
6.4335064736294285
 10
-8.645
 20
6.628506473629429
  0
LWPOLYLINE
  5
8A1
330
17
100
AcDbEntity
  8
A-KRESKOWANIE
370
25
 48
0.05
100
AcDbPolyline
 90
2
 70
0
 10
-8.84
 20
6.574927829866738
 10
-8.645
 20
6.769927829866738
  0
LWPOLYLINE
  5
8A2
330
17
100
AcDbEntity
  8
A-KRESKOWANIE
370
25
 48
0.05
100
AcDbPolyline
 90
2
 70
0
 10
-8.84
 20
6.716349186104045
 10
-8.645
 20
6.9113491861040455
  0
LWPOLYLINE
  5
8A3
330
17
100
AcDbEntity
  8
A-KRESKOWANIE
370
25
 48
0.05
100
AcDbPolyline
 90
2
 70
0
 10
-8.84
 20
6.857770542341357
 10
-8.645
 20
7.052770542341357
  0
LWPOLYLINE
  5
8A4
330
17
100
AcDbEntity
  8
A-KRESKOWANIE
370
25
 48
0.05
100
AcDbPolyline
 90
2
 70
0
 10
-8.84
 20
6.999191898578666
 10
-8.635191898578666
 20
7.204
  0
LWPOLYLINE
  5
8A5
330
17
100
AcDbEntity
  8
A-KRESKOWANIE
370
25
 48
0.05
100
AcDbPolyline
 90
2
 70
0
 10
-8.84
 20
7.1406132548159755
 10
-8.776613254815976
 20
7.204
  0
LWPOLYLINE
  5
8A6
330
17
100
AcDbEntity
  8
A-KRESKOWANIE
370
25
 48
0.05
100
AcDbPolyline
 90
2
 70
0
 10
-8.615
 20
7.200786437626906
 10
-8.618213562373093
 20
7.204
  0
LWPOLYLINE
  5
8A7
330
17
100
AcDbEntity
  8
A-KRESKOWANIE
370
25
 48
0.05
100
AcDbPolyline
 90
2
 70
0
 10
-8.645
 20
7.089365081389596
 10
-8.759634918610404
 20
7.204
  0
LWPOLYLINE
  5
8A8
330
17
100
AcDbEntity
  8
A-KRESKOWANIE
370
25
 48
0.05
100
AcDbPolyline
 90
2
 70
0
 10
-8.645
 20
6.947943725152287
 10
-8.84
 20
7.142943725152287
  0
LWPOLYLINE
  5
8A9
330
17
100
AcDbEntity
  8
A-KRESKOWANIE
370
25
 48
0.05
100
AcDbPolyline
 90
2
 70
0
 10
-8.645
 20
6.806522368914978
 10
-8.84
 20
7.001522368914978
  0
LWPOLYLINE
  5
8AA
330
17
100
AcDbEntity
  8
A-KRESKOWANIE
370
25
 48
0.05
100
AcDbPolyline
 90
2
 70
0
 10
-8.645
 20
6.665101012677668
 10
-8.84
 20
6.860101012677669
  0
LWPOLYLINE
  5
8AB
330
17
100
AcDbEntity
  8
A-KRESKOWANIE
370
25
 48
0.05
100
AcDbPolyline
 90
2
 70
0
 10
-8.645
 20
6.5236796564403585
 10
-8.84
 20
6.71867965644036
  0
LWPOLYLINE
  5
8AC
330
17
100
AcDbEntity
  8
A-KRESKOWANIE
370
25
 48
0.05
100
AcDbPolyline
 90
2
 70
0
 10
-8.645
 20
6.382258300203049
 10
-8.84
 20
6.57725830020305
  0
LWPOLYLINE
  5
8AD
330
17
100
AcDbEntity
  8
A-KRESKOWANIE
370
25
 48
0.05
100
AcDbPolyline
 90
2
 70
0
 10
-8.645
 20
6.240836943965739
 10
-8.84
 20
6.4358369439657395
  0
LWPOLYLINE
  5
8AE
330
17
100
AcDbEntity
  8
A-KRESKOWANIE
370
25
 48
0.05
100
AcDbPolyline
 90
2
 70
0
 10
-8.69558441227157
 20
6.1499999999999995
 10
-8.84
 20
6.29441558772843
  0
LWPOLYLINE
  5
8AF
330
17
100
AcDbEntity
  8
A-KRESKOWANIE
370
25
 48
0.05
100
AcDbPolyline
 90
2
 70
0
 10
-8.83700576850888
 20
6.1499999999999995
 10
-8.84
 20
6.152994231491119
  0
LWPOLYLINE
  5
8B0
330
17
100
AcDbEntity
  8
A-KRESKOWANIE
370
25
 48
0.05
100
AcDbPolyline
 90
2
 70
0
 10
-8.737669529663687
 20
8.94
 10
-8.66
 20
9.017669529663687
  0
LWPOLYLINE
  5
8B1
330
17
100
AcDbEntity
  8
A-KRESKOWANIE
370
25
 48
0.05
100
AcDbPolyline
 90
2
 70
0
 10
-8.84
 20
8.979090885901
 10
-8.739090885901
 20
9.08
  0
LWPOLYLINE
  5
8B2
330
17
100
AcDbEntity
  8
A-KRESKOWANIE
370
25
 48
0.05
100
AcDbPolyline
 90
2
 70
0
 10
-8.66
 20
8.94284271247462
 10
-8.79715728752538
 20
9.08
  0
LWPOLYLINE
  5
8B3
330
17
100
AcDbEntity
  8
A-KRESKOWANIE
370
25
 48
0.05
100
AcDbPolyline
 90
2
 70
0
 10
-8.798578643762689
 20
8.94
 10
-8.84
 20
8.98142135623731
  0
LWPOLYLINE
  5
8B4
330
17
100
AcDbEntity
  8
A-KRESKOWANIE
370
25
 48
0.05
100
AcDbPolyline
 90
2
 70
0
 10
-8.8475
 20
6.1499999999999995
 10
-9.05
 20
6.193085106382978
  0
LWPOLYLINE
  5
8B5
330
17
100
AcDbEntity
  8
A-KRESKOWANIE
370
25
 48
0.05
100
AcDbPolyline
 90
3
 70
0
 10
-9.05
 20
6.206914893617021
 10
-8.8475
 20
6.249999999999999
 10
-9.05
 20
6.2930851063829785
  0
LWPOLYLINE
  5
8B6
330
17
100
AcDbEntity
  8
A-KRESKOWANIE
370
25
 48
0.05
100
AcDbPolyline
 90
3
 70
0
 10
-9.05
 20
6.306914893617021
 10
-8.8475
 20
6.35
 10
-9.05
 20
6.393085106382978
  0
LWPOLYLINE
  5
8B7
330
17
100
AcDbEntity
  8
A-KRESKOWANIE
370
25
 48
0.05
100
AcDbPolyline
 90
3
 70
0
 10
-9.05
 20
6.406914893617021
 10
-8.8475
 20
6.449999999999999
 10
-9.05
 20
6.493085106382978
  0
LWPOLYLINE
  5
8B8
330
17
100
AcDbEntity
  8
A-KRESKOWANIE
370
25
 48
0.05
100
AcDbPolyline
 90
3
 70
0
 10
-9.05
 20
6.5069148936170205
 10
-8.8475
 20
6.55
 10
-9.05
 20
6.593085106382978
  0
LWPOLYLINE
  5
8B9
330
17
100
AcDbEntity
  8
A-KRESKOWANIE
370
25
 48
0.05
100
AcDbPolyline
 90
3
 70
0
 10
-9.05
 20
6.606914893617021
 10
-8.8475
 20
6.6499999999999995
 10
-9.05
 20
6.693085106382978
  0
LWPOLYLINE
  5
8BA
330
17
100
AcDbEntity
  8
A-KRESKOWANIE
370
25
 48
0.05
100
AcDbPolyline
 90
3
 70
0
 10
-9.05
 20
6.706914893617021
 10
-8.8475
 20
6.75
 10
-9.05
 20
6.7930851063829785
  0
LWPOLYLINE
  5
8BB
330
17
100
AcDbEntity
  8
A-KRESKOWANIE
370
25
 48
0.05
100
AcDbPolyline
 90
3
 70
0
 10
-9.05
 20
6.806914893617021
 10
-8.8475
 20
6.85
 10
-9.05
 20
6.893085106382978
  0
LWPOLYLINE
  5
8BC
330
17
100
AcDbEntity
  8
A-KRESKOWANIE
370
25
 48
0.05
100
AcDbPolyline
 90
3
 70
0
 10
-9.05
 20
6.906914893617021
 10
-8.8475
 20
6.949999999999999
 10
-9.05
 20
6.993085106382979
  0
LWPOLYLINE
  5
8BD
330
17
100
AcDbEntity
  8
A-KRESKOWANIE
370
25
 48
0.05
100
AcDbPolyline
 90
3
 70
0
 10
-9.05
 20
7.006914893617021
 10
-8.8475
 20
7.05
 10
-9.05
 20
7.093085106382978
  0
LWPOLYLINE
  5
8BE
330
17
100
AcDbEntity
  8
A-KRESKOWANIE
370
25
 48
0.05
100
AcDbPolyline
 90
4
 70
0
 10
-9.05
 20
7.106914893617021
 10
-8.8475
 20
7.1499999999999995
 10
-9.0825
 20
7.199999999999999
 10
-9.063699999999997
 20
7.204
  0
LWPOLYLINE
  5
8BF
330
17
100
AcDbEntity
  8
A-KRESKOWANIE
370
25
 48
0.05
100
AcDbPolyline
 90
9
 70
0
 10
-8.88
 20
8.696333333333333
 10
-9.0425
 20
8.738000000000001
 10
-8.8475
 20
8.788
 10
-9.0425
 20
8.838000000000001
 10
-8.8475
 20
8.888
 10
-9.0425
 20
8.938
 10
-8.8475
 20
8.988000000000001
 10
-9.0425
 20
9.038
 10
-8.878700000000004
 20
9.08
  0
LWPOLYLINE
  5
8C0
330
17
100
AcDbEntity
  8
A-KRESKOWANIE
370
25
 48
0.05
100
AcDbPolyline
 90
2
 70
0
 10
-2.6181240867131894
 20
6.1499999999999995
 10
-2.55
 20
6.218124086713189
  0
LWPOLYLINE
  5
8C1
330
17
100
AcDbEntity
  8
A-KRESKOWANIE
370
25
 48
0.05
100
AcDbPolyline
 90
2
 70
0
 10
-2.7
 20
6.2095454429505
 10
-2.6095454429504996
 20
6.3
  0
LWPOLYLINE
  5
8C2
330
17
100
AcDbEntity
  8
A-KRESKOWANIE
370
25
 48
0.05
100
AcDbPolyline
 90
2
 70
0
 10
-2.55
 20
6.226955262170048
 10
-2.623044737829952
 20
6.3
  0
LWPOLYLINE
  5
8C3
330
17
100
AcDbEntity
  8
A-KRESKOWANIE
370
25
 48
0.05
100
AcDbPolyline
 90
2
 70
0
 10
-2.614466094067261
 20
6.1499999999999995
 10
-2.7
 20
6.235533905932739
  0
LWPOLYLINE
  5
8C4
330
17
100
AcDbEntity
  8
A-KRESKOWANIE
370
25
 48
0.05
100
AcDbPolyline
 90
2
 70
0
 10
-2.655865786510142
 20
8.375
 10
-2.55
 20
8.480865786510142
  0
LWPOLYLINE
  5
8C5
330
17
100
AcDbEntity
  8
A-KRESKOWANIE
370
25
 48
0.05
100
AcDbPolyline
 90
2
 70
0
 10
-2.7
 20
8.47228714274745
 10
-2.55
 20
8.622287142747451
  0
LWPOLYLINE
  5
8C6
330
17
100
AcDbEntity
  8
A-KRESKOWANIE
370
25
 48
0.05
100
AcDbPolyline
 90
2
 70
0
 10
-2.7
 20
8.61370849898476
 10
-2.55
 20
8.76370849898476
  0
LWPOLYLINE
  5
8C7
330
17
100
AcDbEntity
  8
A-KRESKOWANIE
370
25
 48
0.05
100
AcDbPolyline
 90
2
 70
0
 10
-2.7
 20
8.75512985522207
 10
-2.55
 20
8.90512985522207
  0
LWPOLYLINE
  5
8C8
330
17
100
AcDbEntity
  8
A-KRESKOWANIE
370
25
 48
0.05
100
AcDbPolyline
 90
2
 70
0
 10
-2.7
 20
8.89655121145938
 10
-2.55
 20
9.04655121145938
  0
LWPOLYLINE
  5
8C9
330
17
100
AcDbEntity
  8
A-KRESKOWANIE
370
25
 48
0.05
100
AcDbPolyline
 90
2
 70
0
 10
-2.7
 20
9.03797256769669
 10
-2.6579725676966897
 20
9.08
  0
LWPOLYLINE
  5
8CA
330
17
100
AcDbEntity
  8
A-KRESKOWANIE
370
25
 48
0.05
100
AcDbPolyline
 90
2
 70
0
 10
-2.55
 20
9.05538238691624
 10
-2.5746176130837606
 20
9.08
  0
LWPOLYLINE
  5
8CB
330
17
100
AcDbEntity
  8
A-KRESKOWANIE
370
25
 48
0.05
100
AcDbPolyline
 90
2
 70
0
 10
-2.55
 20
8.913961030678928
 10
-2.7
 20
9.063961030678929
  0
LWPOLYLINE
  5
8CC
330
17
100
AcDbEntity
  8
A-KRESKOWANIE
370
25
 48
0.05
100
AcDbPolyline
 90
2
 70
0
 10
-2.55
 20
8.772539674441619
 10
-2.7
 20
8.92253967444162
  0
LWPOLYLINE
  5
8CD
330
17
100
AcDbEntity
  8
A-KRESKOWANIE
370
25
 48
0.05
100
AcDbPolyline
 90
2
 70
0
 10
-2.55
 20
8.631118318204308
 10
-2.7
 20
8.78111831820431
  0
LWPOLYLINE
  5
8CE
330
17
100
AcDbEntity
  8
A-KRESKOWANIE
370
25
 48
0.05
100
AcDbPolyline
 90
2
 70
0
 10
-2.55
 20
8.489696961966999
 10
-2.7
 20
8.639696961967001
  0
LWPOLYLINE
  5
8CF
330
17
100
AcDbEntity
  8
A-KRESKOWANIE
370
25
 48
0.05
100
AcDbPolyline
 90
2
 70
0
 10
-2.5767243942703093
 20
8.375
 10
-2.7
 20
8.49827560572969
  0
LWPOLYLINE
  5
8D0
330
17
100
AcDbEntity
  8
A-KRESKOWANIE
370
25
 48
0.05
100
AcDbPolyline
 90
2
 70
0
 10
-9.119606758214973
 20
9.353628221073027
 10
-9.121877390705636
 20
9.359181979088312
  0
LWPOLYLINE
  5
8D1
330
17
100
AcDbEntity
  8
A-KRESKOWANIE
370
25
 48
0.05
100
AcDbPolyline
 90
2
 70
0
 10
-9.068537906234779
 20
9.332587284490037
 10
-9.065338906934238
 20
9.337663346297694
  0
LWPOLYLINE
  5
8D2
330
17
100
AcDbEntity
  8
A-KRESKOWANIE
370
25
 48
0.05
100
AcDbPolyline
 90
2
 70
0
 10
-9.131559927519461
 20
9.400907918707551
 10
-9.131293035122635
 20
9.406901979805715
  0
LWPOLYLINE
  5
8D3
330
17
100
AcDbEntity
  8
A-KRESKOWANIE
370
25
 48
0.05
100
AcDbPolyline
 90
2
 70
0
 10
-9.077700377847506
 20
9.528086538037456
 10
-9.082346214862843
 20
9.531883404959922
  0
LWPOLYLINE
  5
8D4
330
17
100
AcDbEntity
  8
A-KRESKOWANIE
370
25
 48
0.05
100
AcDbPolyline
 90
2
 70
0
 10
-9.135850239006198
 20
9.597413933662969
 10
-9.129938425560987
 20
9.598438854044767
  0
LWPOLYLINE
  5
8D5
330
17
100
AcDbEntity
  8
A-KRESKOWANIE
370
25
 48
0.05
100
AcDbPolyline
 90
2
 70
0
 10
-9.07599563967571
 20
9.59239914407616
 10
-9.071422029850334
 20
9.596282711143331
  0
LWPOLYLINE
  5
8D6
330
17
100
AcDbEntity
  8
A-KRESKOWANIE
370
25
 48
0.05
100
AcDbPolyline
 90
2
 70
0
 10
-9.077442557280015
 20
9.679861132784346
 10
-9.075304423127466
 20
9.685467235026163
  0
LWPOLYLINE
  5
8D7
330
17
100
AcDbEntity
  8
A-KRESKOWANIE
370
25
 48
0.05
100
AcDbPolyline
 90
2
 70
0
 10
-9.082526481065415
 20
9.753927164405733
 10
-9.081788875532252
 20
9.759881653307179
  0
LWPOLYLINE
  5
8D8
330
17
100
AcDbEntity
  8
A-KRESKOWANIE
370
25
 48
0.05
100
AcDbPolyline
 90
2
 70
0
 10
0.3370167684759345
 20
9.430753861482478
 10
0.3319407951563057
 20
9.433953001188463
  0
LWPOLYLINE
  5
8D9
330
17
100
AcDbEntity
  8
A-KRESKOWANIE
370
25
 48
0.05
100
AcDbPolyline
 90
2
 70
0
 10
0.36311346957162166
 20
9.605773003679612
 10
0.3674709509544753
 20
9.609897607417922
  0
LWPOLYLINE
  5
8DA
330
17
100
AcDbEntity
  8
A-KRESKOWANIE
370
25
 48
0.05
100
AcDbPolyline
 90
2
 70
0
 10
0.37059529466837965
 20
9.667296411759562
 10
0.3748437501572684
 20
9.671533229664421
  0
LWPOLYLINE
  5
8DB
330
17
100
AcDbEntity
  8
A-KRESKOWANIE
370
25
 48
0.05
100
AcDbPolyline
 90
2
 70
0
 10
0.3849722946349332
 20
9.714892002742127
 10
0.3864323581533328
 20
9.72071164315389
  0
LWPOLYLINE
  5
8DC
330
17
100
AcDbEntity
  8
A-KRESKOWANIE
370
25
 48
0.05
100
AcDbPolyline
 90
2
 70
0
 10
4.779929211287955
 20
-0.386588048036284
 10
4.709644736397118
 20
-0.3154550684183938
  0
LWPOLYLINE
  5
8DD
330
17
100
AcDbEntity
  8
A-KRESKOWANIE
370
25
 48
0.05
100
AcDbPolyline
 90
2
 70
0
 10
4.680355263602882
 20
-0.3152793315816284
 10
4.609222283984993
 20
-0.38556380647246624
  0
LWPOLYLINE
  5
8DE
330
17
100
AcDbEntity
  8
A-KRESKOWANIE
370
25
 48
0.05
100
AcDbPolyline
 90
2
 70
0
 10
4.529929211287955
 20
-0.38508804803628405
 10
4.459644736397118
 20
-0.3139550684183938
  0
LWPOLYLINE
  5
8DF
330
17
100
AcDbEntity
  8
A-KRESKOWANIE
370
25
 48
0.05
100
AcDbPolyline
 90
2
 70
0
 10
4.430355263602882
 20
-0.31377933158162835
 10
4.359222283984993
 20
-0.3840638064724662
  0
LWPOLYLINE
  5
8E0
330
17
100
AcDbEntity
  8
A-KRESKOWANIE
370
25
 48
0.05
100
AcDbPolyline
 90
2
 70
0
 10
4.279929211287955
 20
-0.383588048036284
 10
4.209644736397118
 20
-0.31245506841839377
  0
LWPOLYLINE
  5
8E1
330
17
100
AcDbEntity
  8
A-KRESKOWANIE
370
25
 48
0.05
100
AcDbPolyline
 90
2
 70
0
 10
4.180355263602882
 20
-0.3122793315816283
 10
4.109222283984993
 20
-0.38256380647246613
  0
LWPOLYLINE
  5
8E2
330
17
100
AcDbEntity
  8
A-KRESKOWANIE
370
25
 48
0.05
100
AcDbPolyline
 90
2
 70
0
 10
4.029929211287955
 20
-0.3820880480362838
 10
3.9596447363971174
 20
-0.31095506841839365
  0
LWPOLYLINE
  5
8E3
330
17
100
AcDbEntity
  8
A-KRESKOWANIE
370
25
 48
0.05
100
AcDbPolyline
 90
2
 70
0
 10
3.930355263602883
 20
-0.31077933158162824
 10
3.859222283984993
 20
-0.38106380647246607
  0
LWPOLYLINE
  5
8E4
330
17
100
AcDbEntity
  8
A-KRESKOWANIE
370
25
 48
0.05
100
AcDbPolyline
 90
2
 70
0
 10
3.7799292112879552
 20
-0.38058804803628377
 10
3.7096447363971174
 20
-0.3094550684183936
  0
LWPOLYLINE
  5
8E5
330
17
100
AcDbEntity
  8
A-KRESKOWANIE
370
25
 48
0.05
100
AcDbPolyline
 90
2
 70
0
 10
3.680355263602883
 20
-0.3092793315816282
 10
3.609222283984993
 20
-0.379563806472466
  0
LWPOLYLINE
  5
8E6
330
17
100
AcDbEntity
  8
A-KRESKOWANIE
370
25
 48
0.05
100
AcDbPolyline
 90
2
 70
0
 10
3.5299292112879552
 20
-0.3790880480362837
 10
3.4596447363971174
 20
-0.30795506841839354
  0
LWPOLYLINE
  5
8E7
330
17
100
AcDbEntity
  8
A-KRESKOWANIE
370
25
 48
0.05
100
AcDbPolyline
 90
2
 70
0
 10
3.430355263602883
 20
-0.3077793315816281
 10
3.359222283984993
 20
-0.37806380647246596
  0
LWPOLYLINE
  5
8E8
330
17
100
AcDbEntity
  8
A-KRESKOWANIE
370
25
 48
0.05
100
AcDbPolyline
 90
2
 70
0
 10
3.344930111263656
 20
-0.3779780534361379
 10
3.3
 20
-0.33250552634233715
  0
LWPOLYLINE
  5
8E9
330
17
100
AcDbEntity
  8
A-KRESKOWANIE
370
25
 48
0.05
100
AcDbPolyline
 90
2
 70
0
 10
3.235355
 20
-0.477110000000008
 10
3.164645
 20
-0.40640000000000803
  0
LWPOLYLINE
  5
8EA
330
17
100
AcDbEntity
  8
A-KRESKOWANIE
370
25
 48
0.05
100
AcDbPolyline
 90
2
 70
0
 10
3.135355
 20
-0.40640000000000803
 10
3.064645
 20
-0.477110000000008
  0
LWPOLYLINE
  5
8EB
330
17
100
AcDbEntity
  8
A-KRESKOWANIE
370
25
 48
0.05
100
AcDbPolyline
 90
2
 70
0
 10
3.035355
 20
-0.477110000000008
 10
2.964645
 20
-0.40640000000000803
  0
LWPOLYLINE
  5
8EC
330
17
100
AcDbEntity
  8
A-KRESKOWANIE
370
25
 48
0.05
100
AcDbPolyline
 90
2
 70
0
 10
2.935355
 20
-0.40640000000000803
 10
2.864645
 20
-0.477110000000008
  0
LWPOLYLINE
  5
8ED
330
17
100
AcDbEntity
  8
A-KRESKOWANIE
370
25
 48
0.05
100
AcDbPolyline
 90
2
 70
0
 10
2.835355
 20
-0.477110000000008
 10
2.764645
 20
-0.40640000000000803
  0
LWPOLYLINE
  5
8EE
330
17
100
AcDbEntity
  8
A-KRESKOWANIE
370
25
 48
0.05
100
AcDbPolyline
 90
2
 70
0
 10
2.735355
 20
-0.40640000000000803
 10
2.664645
 20
-0.477110000000008
  0
LWPOLYLINE
  5
8EF
330
17
100
AcDbEntity
  8
A-KRESKOWANIE
370
25
 48
0.05
100
AcDbPolyline
 90
2
 70
0
 10
2.6353549999999997
 20
-0.477110000000008
 10
2.5646449999999996
 20
-0.40640000000000803
  0
LWPOLYLINE
  5
8F0
330
17
100
AcDbEntity
  8
A-KRESKOWANIE
370
25
 48
0.05
100
AcDbPolyline
 90
2
 70
0
 10
2.535355
 20
-0.40640000000000803
 10
2.464645
 20
-0.477110000000008
  0
LWPOLYLINE
  5
8F1
330
17
100
AcDbEntity
  8
A-KRESKOWANIE
370
25
 48
0.05
100
AcDbPolyline
 90
2
 70
0
 10
2.435355
 20
-0.477110000000008
 10
2.364645
 20
-0.40640000000000803
  0
LWPOLYLINE
  5
8F2
330
17
100
AcDbEntity
  8
A-KRESKOWANIE
370
25
 48
0.05
100
AcDbPolyline
 90
2
 70
0
 10
2.335355
 20
-0.40640000000000803
 10
2.264645
 20
-0.477110000000008
  0
LWPOLYLINE
  5
8F3
330
17
100
AcDbEntity
  8
A-KRESKOWANIE
370
25
 48
0.05
100
AcDbPolyline
 90
2
 70
0
 10
2.235355
 20
-0.477110000000008
 10
2.164645
 20
-0.40640000000000803
  0
LWPOLYLINE
  5
8F4
330
17
100
AcDbEntity
  8
A-KRESKOWANIE
370
25
 48
0.05
100
AcDbPolyline
 90
2
 70
0
 10
2.1353549999999997
 20
-0.40640000000000803
 10
2.0646449999999996
 20
-0.477110000000008
  0
LWPOLYLINE
  5
8F5
330
17
100
AcDbEntity
  8
A-KRESKOWANIE
370
25
 48
0.05
100
AcDbPolyline
 90
2
 70
0
 10
2.0353549999999996
 20
-0.477110000000008
 10
1.9646449999999998
 20
-0.40640000000000803
  0
LWPOLYLINE
  5
8F6
330
17
100
AcDbEntity
  8
A-KRESKOWANIE
370
25
 48
0.05
100
AcDbPolyline
 90
2
 70
0
 10
1.935355
 20
-0.40640000000000803
 10
1.8646449999999999
 20
-0.477110000000008
  0
LWPOLYLINE
  5
8F7
330
17
100
AcDbEntity
  8
A-KRESKOWANIE
370
25
 48
0.05
100
AcDbPolyline
 90
2
 70
0
 10
1.8353549999999998
 20
-0.477110000000008
 10
1.7646449999999998
 20
-0.40640000000000803
  0
LWPOLYLINE
  5
8F8
330
17
100
AcDbEntity
  8
A-KRESKOWANIE
370
25
 48
0.05
100
AcDbPolyline
 90
2
 70
0
 10
1.735355
 20
-0.40640000000000803
 10
1.664645
 20
-0.477110000000008
  0
LWPOLYLINE
  5
8F9
330
17
100
AcDbEntity
  8
A-KRESKOWANIE
370
25
 48
0.05
100
AcDbPolyline
 90
2
 70
0
 10
1.635355
 20
-0.477110000000008
 10
1.5646449999999998
 20
-0.40640000000000803
  0
LWPOLYLINE
  5
8FA
330
17
100
AcDbEntity
  8
A-KRESKOWANIE
370
25
 48
0.05
100
AcDbPolyline
 90
2
 70
0
 10
1.5353549999999998
 20
-0.40640000000000803
 10
1.4646449999999998
 20
-0.477110000000008
  0
LWPOLYLINE
  5
8FB
330
17
100
AcDbEntity
  8
A-KRESKOWANIE
370
25
 48
0.05
100
AcDbPolyline
 90
2
 70
0
 10
1.435355
 20
-0.477110000000008
 10
1.3646449999999999
 20
-0.40640000000000803
  0
LWPOLYLINE
  5
8FC
330
17
100
AcDbEntity
  8
A-KRESKOWANIE
370
25
 48
0.05
100
AcDbPolyline
 90
2
 70
0
 10
1.3353549999999998
 20
-0.40640000000000803
 10
1.2646449999999998
 20
-0.477110000000008
  0
LWPOLYLINE
  5
8FD
330
17
100
AcDbEntity
  8
A-KRESKOWANIE
370
25
 48
0.05
100
AcDbPolyline
 90
2
 70
0
 10
1.2353550000000002
 20
-0.477110000000008
 10
1.1646450000000002
 20
-0.40640000000000803
  0
LWPOLYLINE
  5
8FE
330
17
100
AcDbEntity
  8
A-KRESKOWANIE
370
25
 48
0.05
100
AcDbPolyline
 90
2
 70
0
 10
1.1353549999999997
 20
-0.40640000000000803
 10
1.0646449999999996
 20
-0.477110000000008
  0
LWPOLYLINE
  5
8FF
330
17
100
AcDbEntity
  8
A-KRESKOWANIE
370
25
 48
0.05
100
AcDbPolyline
 90
2
 70
0
 10
1.035355
 20
-0.477110000000008
 10
0.964645
 20
-0.40640000000000803
  0
LWPOLYLINE
  5
900
330
17
100
AcDbEntity
  8
A-KRESKOWANIE
370
25
 48
0.05
100
AcDbPolyline
 90
2
 70
0
 10
0.9353549999999995
 20
-0.40640000000000803
 10
0.8646449999999994
 20
-0.477110000000008
  0
LWPOLYLINE
  5
901
330
17
100
AcDbEntity
  8
A-KRESKOWANIE
370
25
 48
0.05
100
AcDbPolyline
 90
2
 70
0
 10
0.8353549999999998
 20
-0.477110000000008
 10
0.7646449999999998
 20
-0.40640000000000803
  0
LWPOLYLINE
  5
902
330
17
100
AcDbEntity
  8
A-KRESKOWANIE
370
25
 48
0.05
100
AcDbPolyline
 90
2
 70
0
 10
0.7353550000000002
 20
-0.40640000000000803
 10
0.6646450000000002
 20
-0.477110000000008
  0
LWPOLYLINE
  5
903
330
17
100
AcDbEntity
  8
A-KRESKOWANIE
370
25
 48
0.05
100
AcDbPolyline
 90
2
 70
0
 10
0.6353549999999997
 20
-0.477110000000008
 10
0.5646449999999996
 20
-0.40640000000000803
  0
LWPOLYLINE
  5
904
330
17
100
AcDbEntity
  8
A-KRESKOWANIE
370
25
 48
0.05
100
AcDbPolyline
 90
2
 70
0
 10
0.43535500000000005
 20
-0.9207099999999999
 10
0.364645
 20
-0.85
  0
LWPOLYLINE
  5
905
330
17
100
AcDbEntity
  8
A-KRESKOWANIE
370
25
 48
0.05
100
AcDbPolyline
 90
2
 70
0
 10
0.33535500000000007
 20
-0.85
 10
0.264645
 20
-0.9207099999999999
  0
LWPOLYLINE
  5
906
330
17
100
AcDbEntity
  8
A-KRESKOWANIE
370
25
 48
0.05
100
AcDbPolyline
 90
2
 70
0
 10
0.235355
 20
-0.9207099999999999
 10
0.164645
 20
-0.85
  0
LWPOLYLINE
  5
907
330
17
100
AcDbEntity
  8
A-KRESKOWANIE
370
25
 48
0.05
100
AcDbPolyline
 90
2
 70
0
 10
0.13535499999999998
 20
-0.85
 10
0.06464499999999998
 20
-0.9207099999999999
  0
LWPOLYLINE
  5
908
330
17
100
AcDbEntity
  8
A-KRESKOWANIE
370
25
 48
0.05
100
AcDbPolyline
 90
2
 70
0
 10
0.035355
 20
-0.9207099999999999
 10
-0.035355
 20
-0.85
  0
LWPOLYLINE
  5
909
330
17
100
AcDbEntity
  8
A-KRESKOWANIE
370
25
 48
0.05
100
AcDbPolyline
 90
2
 70
0
 10
-0.06464499999999998
 20
-0.85
 10
-0.13535499999999998
 20
-0.9207099999999999
  0
LWPOLYLINE
  5
90A
330
17
100
AcDbEntity
  8
A-KRESKOWANIE
370
25
 48
0.05
100
AcDbPolyline
 90
2
 70
0
 10
-0.16464500000000007
 20
-0.9207099999999999
 10
-0.23535500000000006
 20
-0.85
  0
LWPOLYLINE
  5
90B
330
17
100
AcDbEntity
  8
A-KRESKOWANIE
370
25
 48
0.05
100
AcDbPolyline
 90
2
 70
0
 10
-0.264645
 20
-0.85
 10
-0.33535500000000007
 20
-0.9207099999999999
  0
LWPOLYLINE
  5
90C
330
17
100
AcDbEntity
  8
A-KRESKOWANIE
370
25
 48
0.05
100
AcDbPolyline
 90
2
 70
0
 10
-0.364645
 20
-0.9207099999999999
 10
-0.43535500000000005
 20
-0.85
  0
LWPOLYLINE
  5
90D
330
17
100
AcDbEntity
  8
A-KRESKOWANIE
370
25
 48
0.05
100
AcDbPolyline
 90
2
 70
0
 10
-0.5371449999999998
 20
-0.8709100000000001
 10
-0.6078549999999998
 20
-0.8002
  0
LWPOLYLINE
  5
90E
330
17
100
AcDbEntity
  8
A-KRESKOWANIE
370
25
 48
0.05
100
AcDbPolyline
 90
2
 70
0
 10
-0.6371449999999997
 20
-0.8002
 10
-0.7078549999999998
 20
-0.8709100000000001
  0
LWPOLYLINE
  5
90F
330
17
100
AcDbEntity
  8
A-KRESKOWANIE
370
25
 48
0.05
100
AcDbPolyline
 90
2
 70
0
 10
-0.7371449999999997
 20
-0.8709100000000001
 10
-0.8078549999999998
 20
-0.8002
  0
LWPOLYLINE
  5
910
330
17
100
AcDbEntity
  8
A-KRESKOWANIE
370
25
 48
0.05
100
AcDbPolyline
 90
2
 70
0
 10
-0.8371449999999998
 20
-0.8002
 10
-0.9078549999999999
 20
-0.8709100000000001
  0
LWPOLYLINE
  5
911
330
17
100
AcDbEntity
  8
A-KRESKOWANIE
370
25
 48
0.05
100
AcDbPolyline
 90
2
 70
0
 10
-0.9371449999999998
 20
-0.8709100000000001
 10
-1.0078549999999997
 20
-0.8002
  0
LWPOLYLINE
  5
912
330
17
100
AcDbEntity
  8
A-KRESKOWANIE
370
25
 48
0.05
100
AcDbPolyline
 90
2
 70
0
 10
-1.0371449999999998
 20
-0.8002
 10
-1.1078549999999998
 20
-0.8709100000000001
  0
LWPOLYLINE
  5
913
330
17
100
AcDbEntity
  8
A-KRESKOWANIE
370
25
 48
0.05
100
AcDbPolyline
 90
2
 70
0
 10
-1.1371449999999999
 20
-0.8709100000000001
 10
-1.207855
 20
-0.8002
  0
LWPOLYLINE
  5
914
330
17
100
AcDbEntity
  8
A-KRESKOWANIE
370
25
 48
0.05
100
AcDbPolyline
 90
2
 70
0
 10
-1.237145
 20
-0.8002
 10
-1.307855
 20
-0.8709100000000001
  0
LWPOLYLINE
  5
915
330
17
100
AcDbEntity
  8
A-KRESKOWANIE
370
25
 48
0.05
100
AcDbPolyline
 90
2
 70
0
 10
-1.3371449999999998
 20
-0.8709100000000001
 10
-1.4078549999999999
 20
-0.8002
  0
LWPOLYLINE
  5
916
330
17
100
AcDbEntity
  8
A-KRESKOWANIE
370
25
 48
0.05
100
AcDbPolyline
 90
2
 70
0
 10
-1.4371449999999997
 20
-0.8002
 10
-1.5078549999999997
 20
-0.8709100000000001
  0
LWPOLYLINE
  5
917
330
17
100
AcDbEntity
  8
A-KRESKOWANIE
370
25
 48
0.05
100
AcDbPolyline
 90
2
 70
0
 10
-1.5371449999999998
 20
-0.8709100000000001
 10
-1.6078549999999998
 20
-0.8002
  0
LWPOLYLINE
  5
918
330
17
100
AcDbEntity
  8
A-KRESKOWANIE
370
25
 48
0.05
100
AcDbPolyline
 90
2
 70
0
 10
-1.6371449999999999
 20
-0.8002
 10
-1.707855
 20
-0.8709100000000001
  0
LWPOLYLINE
  5
919
330
17
100
AcDbEntity
  8
A-KRESKOWANIE
370
25
 48
0.05
100
AcDbPolyline
 90
2
 70
0
 10
-1.737145
 20
-0.8709100000000001
 10
-1.807855
 20
-0.8002
  0
LWPOLYLINE
  5
91A
330
17
100
AcDbEntity
  8
A-KRESKOWANIE
370
25
 48
0.05
100
AcDbPolyline
 90
2
 70
0
 10
-1.8371449999999998
 20
-0.8002
 10
-1.9078549999999999
 20
-0.8709100000000001
  0
LWPOLYLINE
  5
91B
330
17
100
AcDbEntity
  8
A-KRESKOWANIE
370
25
 48
0.05
100
AcDbPolyline
 90
2
 70
0
 10
-1.937145
 20
-0.8709100000000001
 10
-2.0078549999999997
 20
-0.8002
  0
LWPOLYLINE
  5
91C
330
17
100
AcDbEntity
  8
A-KRESKOWANIE
370
25
 48
0.05
100
AcDbPolyline
 90
2
 70
0
 10
-2.0371449999999998
 20
-0.8002
 10
-2.107855
 20
-0.8709100000000001
  0
LWPOLYLINE
  5
91D
330
17
100
AcDbEntity
  8
A-KRESKOWANIE
370
25
 48
0.05
100
AcDbPolyline
 90
2
 70
0
 10
-2.137145
 20
-0.8709100000000001
 10
-2.207855
 20
-0.8002
  0
LWPOLYLINE
  5
91E
330
17
100
AcDbEntity
  8
A-KRESKOWANIE
370
25
 48
0.05
100
AcDbPolyline
 90
2
 70
0
 10
-2.237145
 20
-0.8002
 10
-2.307855
 20
-0.8709100000000001
  0
LWPOLYLINE
  5
91F
330
17
100
AcDbEntity
  8
A-KRESKOWANIE
370
25
 48
0.05
100
AcDbPolyline
 90
2
 70
0
 10
-2.3371449999999996
 20
-0.8709100000000001
 10
-2.4078549999999996
 20
-0.8002
  0
LWPOLYLINE
  5
920
330
17
100
AcDbEntity
  8
A-KRESKOWANIE
370
25
 48
0.05
100
AcDbPolyline
 90
2
 70
0
 10
-2.437145
 20
-0.8002
 10
-2.507855
 20
-0.8709100000000001
  0
LWPOLYLINE
  5
921
330
17
100
AcDbEntity
  8
A-KRESKOWANIE
370
25
 48
0.05
100
AcDbPolyline
 90
2
 70
0
 10
-2.5371449999999998
 20
-0.8709100000000001
 10
-2.607855
 20
-0.8002
  0
LWPOLYLINE
  5
922
330
17
100
AcDbEntity
  8
A-KRESKOWANIE
370
25
 48
0.05
100
AcDbPolyline
 90
2
 70
0
 10
-2.637145
 20
-0.8002
 10
-2.707855
 20
-0.8709100000000001
  0
LWPOLYLINE
  5
923
330
17
100
AcDbEntity
  8
A-KRESKOWANIE
370
25
 48
0.05
100
AcDbPolyline
 90
2
 70
0
 10
-2.737145
 20
-0.8709100000000001
 10
-2.807855
 20
-0.8002
  0
LWPOLYLINE
  5
924
330
17
100
AcDbEntity
  8
A-KRESKOWANIE
370
25
 48
0.05
100
AcDbPolyline
 90
2
 70
0
 10
-2.837145
 20
-0.8002
 10
-2.907855
 20
-0.8709100000000001
  0
LWPOLYLINE
  5
925
330
17
100
AcDbEntity
  8
A-KRESKOWANIE
370
25
 48
0.05
100
AcDbPolyline
 90
2
 70
0
 10
-2.937145
 20
-0.8709100000000001
 10
-3.007855
 20
-0.8002
  0
LWPOLYLINE
  5
926
330
17
100
AcDbEntity
  8
A-KRESKOWANIE
370
25
 48
0.05
100
AcDbPolyline
 90
2
 70
0
 10
-3.0371449999999998
 20
-0.8002
 10
-3.107855
 20
-0.8709100000000001
  0
LWPOLYLINE
  5
927
330
17
100
AcDbEntity
  8
A-KRESKOWANIE
370
25
 48
0.05
100
AcDbPolyline
 90
2
 70
0
 10
-3.137145
 20
-0.8709100000000001
 10
-3.207855
 20
-0.8002
  0
LWPOLYLINE
  5
928
330
17
100
AcDbEntity
  8
A-KRESKOWANIE
370
25
 48
0.05
100
AcDbPolyline
 90
2
 70
0
 10
-3.237145
 20
-0.8002
 10
-3.307855
 20
-0.8709100000000001
  0
LWPOLYLINE
  5
929
330
17
100
AcDbEntity
  8
A-KRESKOWANIE
370
25
 48
0.05
100
AcDbPolyline
 90
2
 70
0
 10
-3.337145
 20
-0.8709100000000001
 10
-3.407855
 20
-0.8002
  0
LWPOLYLINE
  5
92A
330
17
100
AcDbEntity
  8
A-KRESKOWANIE
370
25
 48
0.05
100
AcDbPolyline
 90
2
 70
0
 10
-3.437145
 20
-0.8002
 10
-3.507855
 20
-0.8709100000000001
  0
LWPOLYLINE
  5
92B
330
17
100
AcDbEntity
  8
A-KRESKOWANIE
370
25
 48
0.05
100
AcDbPolyline
 90
2
 70
0
 10
-3.5371449999999998
 20
-0.8709100000000001
 10
-3.607855
 20
-0.8002
  0
LWPOLYLINE
  5
92C
330
17
100
AcDbEntity
  8
A-KRESKOWANIE
370
25
 48
0.05
100
AcDbPolyline
 90
2
 70
0
 10
-3.637145
 20
-0.8002
 10
-3.707855
 20
-0.8709100000000001
  0
LWPOLYLINE
  5
92D
330
17
100
AcDbEntity
  8
A-KRESKOWANIE
370
25
 48
0.05
100
AcDbPolyline
 90
2
 70
0
 10
-3.737145
 20
-0.8709100000000001
 10
-3.807855
 20
-0.8002
  0
LWPOLYLINE
  5
92E
330
17
100
AcDbEntity
  8
A-KRESKOWANIE
370
25
 48
0.05
100
AcDbPolyline
 90
2
 70
0
 10
-3.837145
 20
-0.8002
 10
-3.907855
 20
-0.8709100000000001
  0
LWPOLYLINE
  5
92F
330
17
100
AcDbEntity
  8
A-KRESKOWANIE
370
25
 48
0.05
100
AcDbPolyline
 90
2
 70
0
 10
-3.937145
 20
-0.8709100000000001
 10
-4.007855
 20
-0.8002
  0
LWPOLYLINE
  5
930
330
17
100
AcDbEntity
  8
A-KRESKOWANIE
370
25
 48
0.05
100
AcDbPolyline
 90
2
 70
0
 10
-4.037145
 20
-0.8002
 10
-4.107855
 20
-0.8709100000000001
  0
LWPOLYLINE
  5
931
330
17
100
AcDbEntity
  8
A-KRESKOWANIE
370
25
 48
0.05
100
AcDbPolyline
 90
2
 70
0
 10
-4.137144999999999
 20
-0.8709100000000001
 10
-4.2078549999999995
 20
-0.8002
  0
LWPOLYLINE
  5
932
330
17
100
AcDbEntity
  8
A-KRESKOWANIE
370
25
 48
0.05
100
AcDbPolyline
 90
2
 70
0
 10
-4.237145
 20
-0.8002
 10
-4.307855
 20
-0.8709100000000001
  0
LWPOLYLINE
  5
933
330
17
100
AcDbEntity
  8
A-KRESKOWANIE
370
25
 48
0.05
100
AcDbPolyline
 90
2
 70
0
 10
-4.3371450000000005
 20
-0.8709100000000001
 10
-4.4078550000000005
 20
-0.8002
  0
LWPOLYLINE
  5
934
330
17
100
AcDbEntity
  8
A-KRESKOWANIE
370
25
 48
0.05
100
AcDbPolyline
 90
2
 70
0
 10
-4.437145
 20
-0.8002
 10
-4.507855
 20
-0.8709100000000001
  0
LWPOLYLINE
  5
935
330
17
100
AcDbEntity
  8
A-KRESKOWANIE
370
25
 48
0.05
100
AcDbPolyline
 90
2
 70
0
 10
-4.537145
 20
-0.8709100000000001
 10
-4.607855
 20
-0.8002
  0
LWPOLYLINE
  5
936
330
17
100
AcDbEntity
  8
A-KRESKOWANIE
370
25
 48
0.05
100
AcDbPolyline
 90
2
 70
0
 10
-4.637145
 20
-0.8002
 10
-4.707855
 20
-0.8709100000000001
  0
LWPOLYLINE
  5
937
330
17
100
AcDbEntity
  8
A-KRESKOWANIE
370
25
 48
0.05
100
AcDbPolyline
 90
2
 70
0
 10
-4.737145
 20
-0.8709100000000001
 10
-4.807855
 20
-0.8002
  0
LWPOLYLINE
  5
938
330
17
100
AcDbEntity
  8
A-KRESKOWANIE
370
25
 48
0.05
100
AcDbPolyline
 90
2
 70
0
 10
-4.837145
 20
-0.8002
 10
-4.907855
 20
-0.8709100000000001
  0
LWPOLYLINE
  5
939
330
17
100
AcDbEntity
  8
A-KRESKOWANIE
370
25
 48
0.05
100
AcDbPolyline
 90
2
 70
0
 10
-4.937145
 20
-0.8709100000000001
 10
-5.007855
 20
-0.8002
  0
LWPOLYLINE
  5
93A
330
17
100
AcDbEntity
  8
A-KRESKOWANIE
370
25
 48
0.05
100
AcDbPolyline
 90
2
 70
0
 10
-5.037145
 20
-0.8002
 10
-5.107855
 20
-0.8709100000000001
  0
LWPOLYLINE
  5
93B
330
17
100
AcDbEntity
  8
A-KRESKOWANIE
370
25
 48
0.05
100
AcDbPolyline
 90
2
 70
0
 10
-5.137145
 20
-0.8709100000000001
 10
-5.207855
 20
-0.8002
  0
LWPOLYLINE
  5
93C
330
17
100
AcDbEntity
  8
A-KRESKOWANIE
370
25
 48
0.05
100
AcDbPolyline
 90
2
 70
0
 10
-5.237145
 20
-0.8002
 10
-5.307855
 20
-0.8709100000000001
  0
LWPOLYLINE
  5
93D
330
17
100
AcDbEntity
  8
A-KRESKOWANIE
370
25
 48
0.05
100
AcDbPolyline
 90
2
 70
0
 10
-5.3371450000000005
 20
-0.8709100000000001
 10
-5.4078550000000005
 20
-0.8002
  0
LWPOLYLINE
  5
93E
330
17
100
AcDbEntity
  8
A-KRESKOWANIE
370
25
 48
0.05
100
AcDbPolyline
 90
2
 70
0
 10
-5.437145
 20
-0.8002
 10
-5.507855
 20
-0.8709100000000001
  0
LWPOLYLINE
  5
93F
330
17
100
AcDbEntity
  8
A-KRESKOWANIE
370
25
 48
0.05
100
AcDbPolyline
 90
2
 70
0
 10
-5.537145
 20
-0.8709100000000001
 10
-5.607855
 20
-0.8002
  0
LWPOLYLINE
  5
940
330
17
100
AcDbEntity
  8
A-KRESKOWANIE
370
25
 48
0.05
100
AcDbPolyline
 90
2
 70
0
 10
-5.637145
 20
-0.8002
 10
-5.707855
 20
-0.8709100000000001
  0
LWPOLYLINE
  5
941
330
17
100
AcDbEntity
  8
A-KRESKOWANIE
370
25
 48
0.05
100
AcDbPolyline
 90
2
 70
0
 10
-5.737145
 20
-0.8709100000000001
 10
-5.807855
 20
-0.8002
  0
LWPOLYLINE
  5
942
330
17
100
AcDbEntity
  8
A-KRESKOWANIE
370
25
 48
0.05
100
AcDbPolyline
 90
2
 70
0
 10
-5.8371450000000005
 20
-0.8002
 10
-5.9078550000000005
 20
-0.8709100000000001
  0
LWPOLYLINE
  5
943
330
17
100
AcDbEntity
  8
A-KRESKOWANIE
370
25
 48
0.05
100
AcDbPolyline
 90
2
 70
0
 10
-5.937145
 20
-0.8709100000000001
 10
-6.007855
 20
-0.8002
  0
LWPOLYLINE
  5
944
330
17
100
AcDbEntity
  8
A-KRESKOWANIE
370
25
 48
0.05
100
AcDbPolyline
 90
2
 70
0
 10
-6.037145
 20
-0.8002
 10
-6.107855
 20
-0.8709100000000001
  0
LWPOLYLINE
  5
945
330
17
100
AcDbEntity
  8
A-KRESKOWANIE
370
25
 48
0.05
100
AcDbPolyline
 90
2
 70
0
 10
-6.137145
 20
-0.8709100000000001
 10
-6.207855
 20
-0.8002
  0
LWPOLYLINE
  5
946
330
17
100
AcDbEntity
  8
A-KRESKOWANIE
370
25
 48
0.05
100
AcDbPolyline
 90
2
 70
0
 10
-6.237145
 20
-0.8002
 10
-6.307855
 20
-0.8709100000000001
  0
LWPOLYLINE
  5
947
330
17
100
AcDbEntity
  8
A-KRESKOWANIE
370
25
 48
0.05
100
AcDbPolyline
 90
2
 70
0
 10
-6.3371450000000005
 20
-0.8709100000000001
 10
-6.4078550000000005
 20
-0.8002
  0
LWPOLYLINE
  5
948
330
17
100
AcDbEntity
  8
A-KRESKOWANIE
370
25
 48
0.05
100
AcDbPolyline
 90
2
 70
0
 10
-6.437145
 20
-0.8002
 10
-6.507855
 20
-0.8709100000000001
  0
LWPOLYLINE
  5
949
330
17
100
AcDbEntity
  8
A-KRESKOWANIE
370
25
 48
0.05
100
AcDbPolyline
 90
2
 70
0
 10
-6.537145
 20
-0.8709100000000001
 10
-6.607855
 20
-0.8002
  0
LWPOLYLINE
  5
94A
330
17
100
AcDbEntity
  8
A-KRESKOWANIE
370
25
 48
0.05
100
AcDbPolyline
 90
2
 70
0
 10
-6.637145
 20
-0.8002
 10
-6.707855
 20
-0.8709100000000001
  0
LWPOLYLINE
  5
94B
330
17
100
AcDbEntity
  8
A-KRESKOWANIE
370
25
 48
0.05
100
AcDbPolyline
 90
2
 70
0
 10
-6.737145
 20
-0.8709100000000001
 10
-6.807855
 20
-0.8002
  0
LWPOLYLINE
  5
94C
330
17
100
AcDbEntity
  8
A-KRESKOWANIE
370
25
 48
0.05
100
AcDbPolyline
 90
2
 70
0
 10
-6.8371450000000005
 20
-0.8002
 10
-6.9078550000000005
 20
-0.8709100000000001
  0
LWPOLYLINE
  5
94D
330
17
100
AcDbEntity
  8
A-KRESKOWANIE
370
25
 48
0.05
100
AcDbPolyline
 90
2
 70
0
 10
-6.937145
 20
-0.8709100000000001
 10
-7.007855
 20
-0.8002
  0
LWPOLYLINE
  5
94E
330
17
100
AcDbEntity
  8
A-KRESKOWANIE
370
25
 48
0.05
100
AcDbPolyline
 90
2
 70
0
 10
-7.037145
 20
-0.8002
 10
-7.107855
 20
-0.8709100000000001
  0
LWPOLYLINE
  5
94F
330
17
100
AcDbEntity
  8
A-KRESKOWANIE
370
25
 48
0.05
100
AcDbPolyline
 90
2
 70
0
 10
-7.137145
 20
-0.8709100000000001
 10
-7.207855
 20
-0.8002
  0
LWPOLYLINE
  5
950
330
17
100
AcDbEntity
  8
A-KRESKOWANIE
370
25
 48
0.05
100
AcDbPolyline
 90
2
 70
0
 10
-7.237145
 20
-0.8002
 10
-7.307855
 20
-0.8709100000000001
  0
LWPOLYLINE
  5
951
330
17
100
AcDbEntity
  8
A-KRESKOWANIE
370
25
 48
0.05
100
AcDbPolyline
 90
2
 70
0
 10
-7.3371450000000005
 20
-0.8709100000000001
 10
-7.4078550000000005
 20
-0.8002
  0
LWPOLYLINE
  5
952
330
17
100
AcDbEntity
  8
A-KRESKOWANIE
370
25
 48
0.05
100
AcDbPolyline
 90
2
 70
0
 10
-7.437145
 20
-0.8002
 10
-7.507855
 20
-0.8709100000000001
  0
LWPOLYLINE
  5
953
330
17
100
AcDbEntity
  8
A-KRESKOWANIE
370
25
 48
0.05
100
AcDbPolyline
 90
2
 70
0
 10
-7.537145
 20
-0.8709100000000001
 10
-7.607855
 20
-0.8002
  0
LWPOLYLINE
  5
954
330
17
100
AcDbEntity
  8
A-KRESKOWANIE
370
25
 48
0.05
100
AcDbPolyline
 90
2
 70
0
 10
-7.637145
 20
-0.8002
 10
-7.707855
 20
-0.8709100000000001
  0
LWPOLYLINE
  5
955
330
17
100
AcDbEntity
  8
A-KRESKOWANIE
370
25
 48
0.05
100
AcDbPolyline
 90
2
 70
0
 10
-7.737145
 20
-0.8709100000000001
 10
-7.807855
 20
-0.8002
  0
LWPOLYLINE
  5
956
330
17
100
AcDbEntity
  8
A-KRESKOWANIE
370
25
 48
0.05
100
AcDbPolyline
 90
2
 70
0
 10
-7.8371450000000005
 20
-0.8002
 10
-7.9078550000000005
 20
-0.8709100000000001
  0
LWPOLYLINE
  5
957
330
17
100
AcDbEntity
  8
A-KRESKOWANIE
370
25
 48
0.05
100
AcDbPolyline
 90
2
 70
0
 10
-7.937145
 20
-0.8709100000000001
 10
-8.007855
 20
-0.8002
  0
LWPOLYLINE
  5
958
330
17
100
AcDbEntity
  8
A-KRESKOWANIE
370
25
 48
0.05
100
AcDbPolyline
 90
2
 70
0
 10
-8.037145
 20
-0.8002
 10
-8.107854999999999
 20
-0.8709100000000001
  0
LWPOLYLINE
  5
959
330
17
100
AcDbEntity
  8
A-KRESKOWANIE
370
25
 48
0.05
100
AcDbPolyline
 90
2
 70
0
 10
-8.137145
 20
-0.8709100000000001
 10
-8.207854999999999
 20
-0.8002
  0
LWPOLYLINE
  5
95A
330
17
100
AcDbEntity
  8
A-KRESKOWANIE
370
25
 48
0.05
100
AcDbPolyline
 90
2
 70
0
 10
-8.237145000000002
 20
-0.8002
 10
-8.307855
 20
-0.8709100000000001
  0
LWPOLYLINE
  5
95B
330
17
100
AcDbEntity
  8
A-KRESKOWANIE
370
25
 48
0.05
100
AcDbPolyline
 90
2
 70
0
 10
-8.337145000000001
 20
-0.8709100000000001
 10
-8.407855
 20
-0.8002
  0
LWPOLYLINE
  5
95C
330
17
100
AcDbEntity
  8
A-KRESKOWANIE
370
25
 48
0.05
100
AcDbPolyline
 90
2
 70
0
 10
-8.437145000000001
 20
-0.8002
 10
-8.507855
 20
-0.8709100000000001
  0
LWPOLYLINE
  5
95D
330
17
100
AcDbEntity
  8
A-KRESKOWANIE
370
25
 48
0.05
100
AcDbPolyline
 90
2
 70
0
 10
-8.537145
 20
-0.8709100000000001
 10
-8.607854999999999
 20
-0.8002
  0
LWPOLYLINE
  5
95E
330
17
100
AcDbEntity
  8
A-KRESKOWANIE
370
25
 48
0.05
100
AcDbPolyline
 90
2
 70
0
 10
-8.662145
 20
-0.77071
 10
-8.732854999999999
 20
-0.7
  0
LWPOLYLINE
  5
95F
330
17
100
AcDbEntity
  8
A-KRESKOWANIE
370
25
 48
0.05
100
AcDbPolyline
 90
2
 70
0
 10
-8.762145
 20
-0.7
 10
-8.832854999999999
 20
-0.77071
  0
LWPOLYLINE
  5
960
330
17
100
AcDbEntity
  8
A-KRESKOWANIE
370
25
 48
0.05
100
AcDbPolyline
 90
2
 70
0
 10
-8.862145000000002
 20
-0.77071
 10
-8.932855
 20
-0.7
  0
LWPOLYLINE
  5
961
330
17
100
AcDbEntity
  8
A-KRESKOWANIE
370
25
 48
0.05
100
AcDbPolyline
 90
2
 70
0
 10
-8.962145000000001
 20
-0.7
 10
-9.032855
 20
-0.77071
  0
LWPOLYLINE
  5
962
330
17
100
AcDbEntity
  8
A-KRESKOWANIE
370
25
 48
0.05
100
AcDbPolyline
 90
2
 70
0
 10
-9.080069888736345
 20
-0.3034280534361351
 10
-9.150354363627182
 20
-0.23229507381824488
  0
LWPOLYLINE
  5
963
330
17
100
AcDbEntity
  8
A-KRESKOWANIE
370
25
 48
0.05
100
AcDbPolyline
 90
2
 70
0
 10
-9.220070788712045
 20
-0.30258804803628087
 10
-9.290355263602882
 20
-0.23145506841839067
  0
LWPOLYLINE
  5
964
330
17
100
AcDbEntity
  8
A-KRESKOWANIE
370
25
 48
0.05
100
AcDbPolyline
 90
2
 70
0
 10
-9.319644736397118
 20
-0.23127933158162522
 10
-9.390777716015007
 20
-0.30156380647246306
  0
LWPOLYLINE
  5
965
330
17
100
AcDbEntity
  8
A-KRESKOWANIE
370
25
 48
0.05
100
AcDbPolyline
 90
2
 70
0
 10
-9.470070788712045
 20
-0.30108804803628086
 10
-9.540355263602882
 20
-0.2299550684183906
  0
LWPOLYLINE
  5
966
330
17
100
AcDbEntity
  8
A-KRESKOWANIE
370
25
 48
0.05
100
AcDbPolyline
 90
2
 70
0
 10
-9.569644736397118
 20
-0.2297793315816252
 10
-9.640777716015007
 20
-0.300063806472463
  0
LWPOLYLINE
  5
967
330
17
100
AcDbEntity
  8
A-KRESKOWANIE
370
25
 48
0.05
100
AcDbPolyline
 90
2
 70
0
 10
-9.720070788712045
 20
-0.2995880480362808
 10
-9.790355263602882
 20
-0.22845506841839056
  0
LWPOLYLINE
  5
968
330
17
100
AcDbEntity
  8
A-KRESKOWANIE
370
25
 48
0.05
100
AcDbPolyline
 90
2
 70
0
 10
-9.819644736397118
 20
-0.22827933158162514
 10
-9.890777716015007
 20
-0.29856380647246294
  0
LWPOLYLINE
  5
969
330
17
100
AcDbEntity
  8
A-KRESKOWANIE
370
25
 48
0.05
100
AcDbPolyline
 90
2
 70
0
 10
-9.970070788712045
 20
-0.2980880480362807
 10
-10.040355263602882
 20
-0.2269550684183905
  0
LWPOLYLINE
  5
96A
330
17
100
AcDbEntity
  8
A-KRESKOWANIE
370
25
 48
0.05
100
AcDbPolyline
 90
2
 70
0
 10
-10.069644736397118
 20
-0.22677933158162505
 10
-10.140777716015007
 20
-0.2970638064724629
  0
LWPOLYLINE
  5
96B
330
17
100
AcDbEntity
  8
A-KRESKOWANIE
370
25
 48
0.05
100
AcDbPolyline
 90
2
 70
0
 10
-10.220070788712045
 20
-0.2965880480362807
 10
-10.290355263602882
 20
-0.22545506841839044
  0
LWPOLYLINE
  5
96C
330
17
100
AcDbEntity
  8
A-KRESKOWANIE
370
25
 48
0.05
100
AcDbPolyline
 90
2
 70
0
 10
-10.319644736397118
 20
-0.22527933158162503
 10
-10.390777716015007
 20
-0.29556380647246283
  0
LWPOLYLINE
  5
96D
330
17
100
AcDbEntity
  8
A-KRESKOWANIE
370
25
 48
0.05
100
AcDbPolyline
 90
2
 70
0
 10
-10.470070788712045
 20
-0.29508804803628064
 10
-10.540355263602882
 20
-0.22395506841839039
  0
LWPOLYLINE
  5
96E
330
17
100
AcDbEntity
  8
A-KRESKOWANIE
370
25
 48
0.05
100
AcDbPolyline
 90
2
 70
0
 10
-10.569644736397118
 20
-0.22377933158162497
 10
-10.640777716015007
 20
-0.2940638064724628
  0
LWPOLYLINE
  5
96F
330
17
100
AcDbEntity
  8
A-OSIE
  6
PUNKTOWA
370
35
 48
0.049003601440576236
100
AcDbPolyline
 90
2
 70
128
 10
0.0
 20
-1.55
 10
0.0
 20
10.696000000000002
  0
LWPOLYLINE
  5
970
330
17
100
AcDbEntity
  8
A-OSIE
  6
PUNKTOWA
370
35
 48
0.049003601440576236
100
AcDbPolyline
 90
2
 70
128
 10
-2.875
 20
-1.55
 10
-2.875
 20
10.696000000000002
  0
LWPOLYLINE
  5
971
330
17
100
AcDbEntity
  8
A-OSIE
  6
PUNKTOWA
370
35
 48
0.049003601440576236
100
AcDbPolyline
 90
2
 70
128
 10
-3.75
 20
-1.55
 10
-3.75
 20
10.696000000000002
  0
LWPOLYLINE
  5
972
330
17
100
AcDbEntity
  8
A-OSIE
  6
PUNKTOWA
370
35
 48
0.049003601440576236
100
AcDbPolyline
 90
2
 70
128
 10
-5.125
 20
-1.55
 10
-5.125
 20
10.696000000000002
  0
LWPOLYLINE
  5
973
330
17
100
AcDbEntity
  8
A-OSIE
  6
PUNKTOWA
370
35
 48
0.049003601440576236
100
AcDbPolyline
 90
2
 70
128
 10
-8.75
 20
-1.55
 10
-8.75
 20
10.696000000000002
  0
LWPOLYLINE
  5
974
330
17
100
AcDbEntity
  8
A-OSIE
  6
PUNKTOWA
370
35
 48
0.049003601440576236
100
AcDbPolyline
 90
2
 70
128
 10
-9.375
 20
-1.55
 10
-9.375
 20
10.696000000000002
  0
HATCH
  5
975
330
17
100
AcDbEntity
  8
A-OSIE
 62
7
420
16777215
100
AcDbHatch
 10
0.0
 20
0.0
 30
0.0
210
0.0
220
0.0
230
1.0
  2
SOLID
 70
1
 71
0
 91
1
 92
3
 72
0
 73
1
 93
48
 10
0.25
 20
-1.8
 10
0.2478612153434526
 20
-1.767368451944987
 10
0.24148145657226708
 20
-1.7352952387243699
 10
0.23096988312782168
 20
-1.7043291419087276
 10
0.21650635094610968
 20
-1.675
 10
0.19833833507280882
 20
-1.64780964274782
 10
0.1767766952966369
 20
-1.6232233047033633
 10
0.15219035725218016
 20
-1.6016616649271913
 10
0.12500000000000003
 20
-1.5834936490538905
 10
0.09567085809127246
 20
-1.5690301168721783
 10
0.06470476127563024
 20
-1.5585185434277329
 10
0.03263154805501293
 20
-1.5521387846565475
 10
1.5308084989341915e-17
 20
-1.55
 10
-0.032631548055012845
 20
-1.5521387846565475
 10
-0.06470476127563016
 20
-1.5585185434277329
 10
-0.09567085809127238
 20
-1.5690301168721783
 10
-0.12499999999999994
 20
-1.5834936490538905
 10
-0.15219035725218008
 20
-1.601661664927191
 10
-0.17677669529663687
 20
-1.623223304703363
 10
-0.19833833507280876
 20
-1.64780964274782
 10
-0.21650635094610962
 20
-1.675
 10
-0.23096988312782168
 20
-1.7043291419087276
 10
-0.24148145657226705
 20
-1.7352952387243699
 10
-0.2478612153434526
 20
-1.767368451944987
 10
-0.25
 20
-1.8
 10
-0.24786121534345262
 20
-1.8326315480550128
 10
-0.2414814565722671
 20
-1.8647047612756302
 10
-0.23096988312782174
 20
-1.8956708580912724
 10
-0.2165063509461097
 20
-1.925
 10
-0.19833833507280885
 20
-1.9521903572521802
 10
-0.17677669529663698
 20
-1.9767766952966368
 10
-0.15219035725218022
 20
-1.9983383350728088
 10
-0.1250000000000001
 20
-2.0165063509461096
 10
-0.09567085809127258
 20
-2.030969883127822
 10
-0.06470476127563038
 20
-2.041481456572267
 10
-0.03263154805501312
 20
-2.0478612153434526
 10
-4.592425496802574e-17
 20
-2.05
 10
0.03263154805501282
 20
-2.0478612153434526
 10
0.06470476127563007
 20
-2.041481456572267
 10
0.09567085809127229
 20
-2.030969883127822
 10
0.12499999999999983
 20
-2.0165063509461096
 10
0.15219035725217997
 20
-1.998338335072809
 10
0.17677669529663684
 20
-1.976776695296637
 10
0.19833833507280874
 20
-1.9521903572521802
 10
0.2165063509461096
 20
-1.9250000000000003
 10
0.23096988312782163
 20
-1.8956708580912727
 10
0.24148145657226702
 20
-1.8647047612756305
 10
0.24786121534345257
 20
-1.8326315480550133
 97
0
 75
0
 76
1
 98
0
  0
HATCH
  5
976
330
17
100
AcDbEntity
  8
A-OSIE
 62
7
420
16777215
100
AcDbHatch
 10
0.0
 20
0.0
 30
0.0
210
0.0
220
0.0
230
1.0
  2
SOLID
 70
1
 71
0
 91
1
 92
3
 72
0
 73
1
 93
48
 10
0.25
 20
10.946000000000002
 10
0.2478612153434526
 20
10.978631548055015
 10
0.24148145657226708
 20
11.010704761275631
 10
0.23096988312782168
 20
11.041670858091274
 10
0.21650635094610968
 20
11.071000000000002
 10
0.19833833507280882
 20
11.098190357252182
 10
0.1767766952966369
 20
11.122776695296638
 10
0.15219035725218016
 20
11.14433833507281
 10
0.12500000000000003
 20
11.162506350946112
 10
0.09567085809127246
 20
11.176969883127823
 10
0.06470476127563024
 20
11.187481456572268
 10
0.03263154805501293
 20
11.193861215343453
 10
1.5308084989341915e-17
 20
11.196000000000002
 10
-0.032631548055012845
 20
11.193861215343453
 10
-0.06470476127563016
 20
11.187481456572268
 10
-0.09567085809127238
 20
11.176969883127823
 10
-0.12499999999999994
 20
11.162506350946112
 10
-0.15219035725218008
 20
11.14433833507281
 10
-0.17677669529663687
 20
11.122776695296638
 10
-0.19833833507280876
 20
11.098190357252182
 10
-0.21650635094610962
 20
11.071000000000002
 10
-0.23096988312782168
 20
11.041670858091274
 10
-0.24148145657226705
 20
11.010704761275631
 10
-0.2478612153434526
 20
10.978631548055015
 10
-0.25
 20
10.946000000000002
 10
-0.24786121534345262
 20
10.913368451944988
 10
-0.2414814565722671
 20
10.881295238724372
 10
-0.23096988312782174
 20
10.850329141908729
 10
-0.2165063509461097
 20
10.821000000000002
 10
-0.19833833507280885
 20
10.79380964274782
 10
-0.17677669529663698
 20
10.769223304703365
 10
-0.15219035725218022
 20
10.747661664927193
 10
-0.1250000000000001
 20
10.729493649053891
 10
-0.09567085809127258
 20
10.71503011687218
 10
-0.06470476127563038
 20
10.704518543427735
 10
-0.03263154805501312
 20
10.69813878465655
 10
-4.592425496802574e-17
 20
10.696000000000002
 10
0.03263154805501282
 20
10.69813878465655
 10
0.06470476127563007
 20
10.704518543427735
 10
0.09567085809127229
 20
10.71503011687218
 10
0.12499999999999983
 20
10.729493649053891
 10
0.15219035725217997
 20
10.747661664927193
 10
0.17677669529663684
 20
10.769223304703365
 10
0.19833833507280874
 20
10.79380964274782
 10
0.2165063509461096
 20
10.821000000000002
 10
0.23096988312782163
 20
10.850329141908729
 10
0.24148145657226702
 20
10.881295238724372
 10
0.24786121534345257
 20
10.913368451944988
 97
0
 75
0
 76
1
 98
0
  0
HATCH
  5
977
330
17
100
AcDbEntity
  8
A-OSIE
 62
7
420
16777215
100
AcDbHatch
 10
0.0
 20
0.0
 30
0.0
210
0.0
220
0.0
230
1.0
  2
SOLID
 70
1
 71
0
 91
1
 92
3
 72
0
 73
1
 93
48
 10
-2.625
 20
-1.8
 10
-2.6271387846565473
 20
-1.767368451944987
 10
-2.633518543427733
 20
-1.7352952387243699
 10
-2.6440301168721785
 20
-1.7043291419087276
 10
-2.65849364905389
 20
-1.675
 10
-2.6766616649271913
 20
-1.64780964274782
 10
-2.698223304703363
 20
-1.6232233047033633
 10
-2.7228096427478197
 20
-1.6016616649271913
 10
-2.75
 20
-1.5834936490538905
 10
-2.7793291419087276
 20
-1.5690301168721783
 10
-2.8102952387243696
 20
-1.5585185434277329
 10
-2.842368451944987
 20
-1.5521387846565475
 10
-2.875
 20
-1.55
 10
-2.907631548055013
 20
-1.5521387846565475
 10
-2.93970476127563
 20
-1.5585185434277329
 10
-2.9706708580912724
 20
-1.5690301168721783
 10
-3.0
 20
-1.5834936490538905
 10
-3.02719035725218
 20
-1.601661664927191
 10
-3.051776695296637
 20
-1.623223304703363
 10
-3.0733383350728087
 20
-1.64780964274782
 10
-3.09150635094611
 20
-1.675
 10
-3.1059698831278215
 20
-1.7043291419087276
 10
-3.116481456572267
 20
-1.7352952387243699
 10
-3.1228612153434527
 20
-1.767368451944987
 10
-3.125
 20
-1.8
 10
-3.1228612153434527
 20
-1.8326315480550128
 10
-3.116481456572267
 20
-1.8647047612756302
 10
-3.1059698831278215
 20
-1.8956708580912724
 10
-3.09150635094611
 20
-1.925
 10
-3.0733383350728087
 20
-1.9521903572521802
 10
-3.051776695296637
 20
-1.9767766952966368
 10
-3.0271903572521803
 20
-1.9983383350728088
 10
-3.0
 20
-2.0165063509461096
 10
-2.9706708580912724
 20
-2.030969883127822
 10
-2.9397047612756304
 20
-2.041481456572267
 10
-2.9076315480550132
 20
-2.0478612153434526
 10
-2.875
 20
-2.05
 10
-2.842368451944987
 20
-2.0478612153434526
 10
-2.81029523872437
 20
-2.041481456572267
 10
-2.7793291419087276
 20
-2.030969883127822
 10
-2.75
 20
-2.0165063509461096
 10
-2.72280964274782
 20
-1.998338335072809
 10
-2.698223304703363
 20
-1.976776695296637
 10
-2.6766616649271913
 20
-1.9521903572521802
 10
-2.6584936490538906
 20
-1.9250000000000003
 10
-2.6440301168721785
 20
-1.8956708580912727
 10
-2.633518543427733
 20
-1.8647047612756305
 10
-2.6271387846565473
 20
-1.8326315480550133
 97
0
 75
0
 76
1
 98
0
  0
HATCH
  5
978
330
17
100
AcDbEntity
  8
A-OSIE
 62
7
420
16777215
100
AcDbHatch
 10
0.0
 20
0.0
 30
0.0
210
0.0
220
0.0
230
1.0
  2
SOLID
 70
1
 71
0
 91
1
 92
3
 72
0
 73
1
 93
48
 10
-2.625
 20
10.946000000000002
 10
-2.6271387846565473
 20
10.978631548055015
 10
-2.633518543427733
 20
11.010704761275631
 10
-2.6440301168721785
 20
11.041670858091274
 10
-2.65849364905389
 20
11.071000000000002
 10
-2.6766616649271913
 20
11.098190357252182
 10
-2.698223304703363
 20
11.122776695296638
 10
-2.7228096427478197
 20
11.14433833507281
 10
-2.75
 20
11.162506350946112
 10
-2.7793291419087276
 20
11.176969883127823
 10
-2.8102952387243696
 20
11.187481456572268
 10
-2.842368451944987
 20
11.193861215343453
 10
-2.875
 20
11.196000000000002
 10
-2.907631548055013
 20
11.193861215343453
 10
-2.93970476127563
 20
11.187481456572268
 10
-2.9706708580912724
 20
11.176969883127823
 10
-3.0
 20
11.162506350946112
 10
-3.02719035725218
 20
11.14433833507281
 10
-3.051776695296637
 20
11.122776695296638
 10
-3.0733383350728087
 20
11.098190357252182
 10
-3.09150635094611
 20
11.071000000000002
 10
-3.1059698831278215
 20
11.041670858091274
 10
-3.116481456572267
 20
11.010704761275631
 10
-3.1228612153434527
 20
10.978631548055015
 10
-3.125
 20
10.946000000000002
 10
-3.1228612153434527
 20
10.913368451944988
 10
-3.116481456572267
 20
10.881295238724372
 10
-3.1059698831278215
 20
10.850329141908729
 10
-3.09150635094611
 20
10.821000000000002
 10
-3.0733383350728087
 20
10.79380964274782
 10
-3.051776695296637
 20
10.769223304703365
 10
-3.0271903572521803
 20
10.747661664927193
 10
-3.0
 20
10.729493649053891
 10
-2.9706708580912724
 20
10.71503011687218
 10
-2.9397047612756304
 20
10.704518543427735
 10
-2.9076315480550132
 20
10.69813878465655
 10
-2.875
 20
10.696000000000002
 10
-2.842368451944987
 20
10.69813878465655
 10
-2.81029523872437
 20
10.704518543427735
 10
-2.7793291419087276
 20
10.71503011687218
 10
-2.75
 20
10.729493649053891
 10
-2.72280964274782
 20
10.747661664927193
 10
-2.698223304703363
 20
10.769223304703365
 10
-2.6766616649271913
 20
10.79380964274782
 10
-2.6584936490538906
 20
10.821000000000002
 10
-2.6440301168721785
 20
10.850329141908729
 10
-2.633518543427733
 20
10.881295238724372
 10
-2.6271387846565473
 20
10.913368451944988
 97
0
 75
0
 76
1
 98
0
  0
HATCH
  5
979
330
17
100
AcDbEntity
  8
A-OSIE
 62
7
420
16777215
100
AcDbHatch
 10
0.0
 20
0.0
 30
0.0
210
0.0
220
0.0
230
1.0
  2
SOLID
 70
1
 71
0
 91
1
 92
3
 72
0
 73
1
 93
48
 10
-3.5
 20
-1.8
 10
-3.5021387846565473
 20
-1.767368451944987
 10
-3.508518543427733
 20
-1.7352952387243699
 10
-3.5190301168721785
 20
-1.7043291419087276
 10
-3.53349364905389
 20
-1.675
 10
-3.5516616649271913
 20
-1.64780964274782
 10
-3.573223304703363
 20
-1.6232233047033633
 10
-3.5978096427478197
 20
-1.6016616649271913
 10
-3.625
 20
-1.5834936490538905
 10
-3.6543291419087276
 20
-1.5690301168721783
 10
-3.6852952387243696
 20
-1.5585185434277329
 10
-3.717368451944987
 20
-1.5521387846565475
 10
-3.75
 20
-1.55
 10
-3.782631548055013
 20
-1.5521387846565475
 10
-3.81470476127563
 20
-1.5585185434277329
 10
-3.8456708580912724
 20
-1.5690301168721783
 10
-3.875
 20
-1.5834936490538905
 10
-3.90219035725218
 20
-1.601661664927191
 10
-3.926776695296637
 20
-1.623223304703363
 10
-3.9483383350728087
 20
-1.64780964274782
 10
-3.96650635094611
 20
-1.675
 10
-3.9809698831278215
 20
-1.7043291419087276
 10
-3.991481456572267
 20
-1.7352952387243699
 10
-3.9978612153434527
 20
-1.767368451944987
 10
-4.0
 20
-1.8
 10
-3.9978612153434527
 20
-1.8326315480550128
 10
-3.991481456572267
 20
-1.8647047612756302
 10
-3.9809698831278215
 20
-1.8956708580912724
 10
-3.96650635094611
 20
-1.925
 10
-3.9483383350728087
 20
-1.9521903572521802
 10
-3.926776695296637
 20
-1.9767766952966368
 10
-3.9021903572521803
 20
-1.9983383350728088
 10
-3.875
 20
-2.0165063509461096
 10
-3.8456708580912724
 20
-2.030969883127822
 10
-3.8147047612756304
 20
-2.041481456572267
 10
-3.7826315480550132
 20
-2.0478612153434526
 10
-3.75
 20
-2.05
 10
-3.717368451944987
 20
-2.0478612153434526
 10
-3.68529523872437
 20
-2.041481456572267
 10
-3.6543291419087276
 20
-2.030969883127822
 10
-3.625
 20
-2.0165063509461096
 10
-3.59780964274782
 20
-1.998338335072809
 10
-3.573223304703363
 20
-1.976776695296637
 10
-3.5516616649271913
 20
-1.9521903572521802
 10
-3.5334936490538906
 20
-1.9250000000000003
 10
-3.5190301168721785
 20
-1.8956708580912727
 10
-3.508518543427733
 20
-1.8647047612756305
 10
-3.5021387846565473
 20
-1.8326315480550133
 97
0
 75
0
 76
1
 98
0
  0
HATCH
  5
97A
330
17
100
AcDbEntity
  8
A-OSIE
 62
7
420
16777215
100
AcDbHatch
 10
0.0
 20
0.0
 30
0.0
210
0.0
220
0.0
230
1.0
  2
SOLID
 70
1
 71
0
 91
1
 92
3
 72
0
 73
1
 93
48
 10
-3.5
 20
10.946000000000002
 10
-3.5021387846565473
 20
10.978631548055015
 10
-3.508518543427733
 20
11.010704761275631
 10
-3.5190301168721785
 20
11.041670858091274
 10
-3.53349364905389
 20
11.071000000000002
 10
-3.5516616649271913
 20
11.098190357252182
 10
-3.573223304703363
 20
11.122776695296638
 10
-3.5978096427478197
 20
11.14433833507281
 10
-3.625
 20
11.162506350946112
 10
-3.6543291419087276
 20
11.176969883127823
 10
-3.6852952387243696
 20
11.187481456572268
 10
-3.717368451944987
 20
11.193861215343453
 10
-3.75
 20
11.196000000000002
 10
-3.782631548055013
 20
11.193861215343453
 10
-3.81470476127563
 20
11.187481456572268
 10
-3.8456708580912724
 20
11.176969883127823
 10
-3.875
 20
11.162506350946112
 10
-3.90219035725218
 20
11.14433833507281
 10
-3.926776695296637
 20
11.122776695296638
 10
-3.9483383350728087
 20
11.098190357252182
 10
-3.96650635094611
 20
11.071000000000002
 10
-3.9809698831278215
 20
11.041670858091274
 10
-3.991481456572267
 20
11.010704761275631
 10
-3.9978612153434527
 20
10.978631548055015
 10
-4.0
 20
10.946000000000002
 10
-3.9978612153434527
 20
10.913368451944988
 10
-3.991481456572267
 20
10.881295238724372
 10
-3.9809698831278215
 20
10.850329141908729
 10
-3.96650635094611
 20
10.821000000000002
 10
-3.9483383350728087
 20
10.79380964274782
 10
-3.926776695296637
 20
10.769223304703365
 10
-3.9021903572521803
 20
10.747661664927193
 10
-3.875
 20
10.729493649053891
 10
-3.8456708580912724
 20
10.71503011687218
 10
-3.8147047612756304
 20
10.704518543427735
 10
-3.7826315480550132
 20
10.69813878465655
 10
-3.75
 20
10.696000000000002
 10
-3.717368451944987
 20
10.69813878465655
 10
-3.68529523872437
 20
10.704518543427735
 10
-3.6543291419087276
 20
10.71503011687218
 10
-3.625
 20
10.729493649053891
 10
-3.59780964274782
 20
10.747661664927193
 10
-3.573223304703363
 20
10.769223304703365
 10
-3.5516616649271913
 20
10.79380964274782
 10
-3.5334936490538906
 20
10.821000000000002
 10
-3.5190301168721785
 20
10.850329141908729
 10
-3.508518543427733
 20
10.881295238724372
 10
-3.5021387846565473
 20
10.913368451944988
 97
0
 75
0
 76
1
 98
0
  0
HATCH
  5
97B
330
17
100
AcDbEntity
  8
A-OSIE
 62
7
420
16777215
100
AcDbHatch
 10
0.0
 20
0.0
 30
0.0
210
0.0
220
0.0
230
1.0
  2
SOLID
 70
1
 71
0
 91
1
 92
3
 72
0
 73
1
 93
48
 10
-4.875
 20
-1.8
 10
-4.877138784656547
 20
-1.767368451944987
 10
-4.883518543427733
 20
-1.7352952387243699
 10
-4.8940301168721785
 20
-1.7043291419087276
 10
-4.908493649053891
 20
-1.675
 10
-4.926661664927191
 20
-1.64780964274782
 10
-4.9482233047033635
 20
-1.6232233047033633
 10
-4.97280964274782
 20
-1.6016616649271913
 10
-5.0
 20
-1.5834936490538905
 10
-5.029329141908727
 20
-1.5690301168721783
 10
-5.06029523872437
 20
-1.5585185434277329
 10
-5.092368451944987
 20
-1.5521387846565475
 10
-5.125
 20
-1.55
 10
-5.157631548055013
 20
-1.5521387846565475
 10
-5.18970476127563
 20
-1.5585185434277329
 10
-5.220670858091272
 20
-1.5690301168721783
 10
-5.25
 20
-1.5834936490538905
 10
-5.27719035725218
 20
-1.601661664927191
 10
-5.3017766952966365
 20
-1.623223304703363
 10
-5.323338335072809
 20
-1.64780964274782
 10
-5.341506350946109
 20
-1.675
 10
-5.3559698831278215
 20
-1.7043291419087276
 10
-5.366481456572267
 20
-1.7352952387243699
 10
-5.372861215343453
 20
-1.767368451944987
 10
-5.375
 20
-1.8
 10
-5.372861215343453
 20
-1.8326315480550128
 10
-5.366481456572267
 20
-1.8647047612756302
 10
-5.3559698831278215
 20
-1.8956708580912724
 10
-5.341506350946109
 20
-1.925
 10
-5.323338335072809
 20
-1.9521903572521802
 10
-5.3017766952966365
 20
-1.9767766952966368
 10
-5.27719035725218
 20
-1.9983383350728088
 10
-5.25
 20
-2.0165063509461096
 10
-5.220670858091273
 20
-2.030969883127822
 10
-5.18970476127563
 20
-2.041481456572267
 10
-5.157631548055013
 20
-2.0478612153434526
 10
-5.125
 20
-2.05
 10
-5.092368451944987
 20
-2.0478612153434526
 10
-5.06029523872437
 20
-2.041481456572267
 10
-5.029329141908728
 20
-2.030969883127822
 10
-5.0
 20
-2.0165063509461096
 10
-4.97280964274782
 20
-1.998338335072809
 10
-4.9482233047033635
 20
-1.976776695296637
 10
-4.926661664927192
 20
-1.9521903572521802
 10
-4.908493649053891
 20
-1.9250000000000003
 10
-4.8940301168721785
 20
-1.8956708580912727
 10
-4.883518543427733
 20
-1.8647047612756305
 10
-4.877138784656547
 20
-1.8326315480550133
 97
0
 75
0
 76
1
 98
0
  0
HATCH
  5
97C
330
17
100
AcDbEntity
  8
A-OSIE
 62
7
420
16777215
100
AcDbHatch
 10
0.0
 20
0.0
 30
0.0
210
0.0
220
0.0
230
1.0
  2
SOLID
 70
1
 71
0
 91
1
 92
3
 72
0
 73
1
 93
48
 10
-4.875
 20
10.946000000000002
 10
-4.877138784656547
 20
10.978631548055015
 10
-4.883518543427733
 20
11.010704761275631
 10
-4.8940301168721785
 20
11.041670858091274
 10
-4.908493649053891
 20
11.071000000000002
 10
-4.926661664927191
 20
11.098190357252182
 10
-4.9482233047033635
 20
11.122776695296638
 10
-4.97280964274782
 20
11.14433833507281
 10
-5.0
 20
11.162506350946112
 10
-5.029329141908727
 20
11.176969883127823
 10
-5.06029523872437
 20
11.187481456572268
 10
-5.092368451944987
 20
11.193861215343453
 10
-5.125
 20
11.196000000000002
 10
-5.157631548055013
 20
11.193861215343453
 10
-5.18970476127563
 20
11.187481456572268
 10
-5.220670858091272
 20
11.176969883127823
 10
-5.25
 20
11.162506350946112
 10
-5.27719035725218
 20
11.14433833507281
 10
-5.3017766952966365
 20
11.122776695296638
 10
-5.323338335072809
 20
11.098190357252182
 10
-5.341506350946109
 20
11.071000000000002
 10
-5.3559698831278215
 20
11.041670858091274
 10
-5.366481456572267
 20
11.010704761275631
 10
-5.372861215343453
 20
10.978631548055015
 10
-5.375
 20
10.946000000000002
 10
-5.372861215343453
 20
10.913368451944988
 10
-5.366481456572267
 20
10.881295238724372
 10
-5.3559698831278215
 20
10.850329141908729
 10
-5.341506350946109
 20
10.821000000000002
 10
-5.323338335072809
 20
10.79380964274782
 10
-5.3017766952966365
 20
10.769223304703365
 10
-5.27719035725218
 20
10.747661664927193
 10
-5.25
 20
10.729493649053891
 10
-5.220670858091273
 20
10.71503011687218
 10
-5.18970476127563
 20
10.704518543427735
 10
-5.157631548055013
 20
10.69813878465655
 10
-5.125
 20
10.696000000000002
 10
-5.092368451944987
 20
10.69813878465655
 10
-5.06029523872437
 20
10.704518543427735
 10
-5.029329141908728
 20
10.71503011687218
 10
-5.0
 20
10.729493649053891
 10
-4.97280964274782
 20
10.747661664927193
 10
-4.9482233047033635
 20
10.769223304703365
 10
-4.926661664927192
 20
10.79380964274782
 10
-4.908493649053891
 20
10.821000000000002
 10
-4.8940301168721785
 20
10.850329141908729
 10
-4.883518543427733
 20
10.881295238724372
 10
-4.877138784656547
 20
10.913368451944988
 97
0
 75
0
 76
1
 98
0
  0
HATCH
  5
97D
330
17
100
AcDbEntity
  8
A-OSIE
 62
7
420
16777215
100
AcDbHatch
 10
0.0
 20
0.0
 30
0.0
210
0.0
220
0.0
230
1.0
  2
SOLID
 70
1
 71
0
 91
1
 92
3
 72
0
 73
1
 93
48
 10
-8.5
 20
-1.8
 10
-8.502138784656548
 20
-1.767368451944987
 10
-8.508518543427734
 20
-1.7352952387243699
 10
-8.519030116872178
 20
-1.7043291419087276
 10
-8.53349364905389
 20
-1.675
 10
-8.551661664927192
 20
-1.64780964274782
 10
-8.573223304703363
 20
-1.6232233047033633
 10
-8.59780964274782
 20
-1.6016616649271913
 10
-8.625
 20
-1.5834936490538905
 10
-8.654329141908727
 20
-1.5690301168721783
 10
-8.68529523872437
 20
-1.5585185434277329
 10
-8.717368451944987
 20
-1.5521387846565475
 10
-8.75
 20
-1.55
 10
-8.782631548055013
 20
-1.5521387846565475
 10
-8.81470476127563
 20
-1.5585185434277329
 10
-8.845670858091273
 20
-1.5690301168721783
 10
-8.875
 20
-1.5834936490538905
 10
-8.90219035725218
 20
-1.601661664927191
 10
-8.926776695296637
 20
-1.623223304703363
 10
-8.948338335072808
 20
-1.64780964274782
 10
-8.96650635094611
 20
-1.675
 10
-8.980969883127822
 20
-1.7043291419087276
 10
-8.991481456572266
 20
-1.7352952387243699
 10
-8.997861215343452
 20
-1.767368451944987
 10
-9.0
 20
-1.8
 10
-8.997861215343452
 20
-1.8326315480550128
 10
-8.991481456572266
 20
-1.8647047612756302
 10
-8.980969883127822
 20
-1.8956708580912724
 10
-8.96650635094611
 20
-1.925
 10
-8.948338335072808
 20
-1.9521903572521802
 10
-8.926776695296637
 20
-1.9767766952966368
 10
-8.90219035725218
 20
-1.9983383350728088
 10
-8.875
 20
-2.0165063509461096
 10
-8.845670858091273
 20
-2.030969883127822
 10
-8.81470476127563
 20
-2.041481456572267
 10
-8.782631548055013
 20
-2.0478612153434526
 10
-8.75
 20
-2.05
 10
-8.717368451944987
 20
-2.0478612153434526
 10
-8.68529523872437
 20
-2.041481456572267
 10
-8.654329141908727
 20
-2.030969883127822
 10
-8.625
 20
-2.0165063509461096
 10
-8.59780964274782
 20
-1.998338335072809
 10
-8.573223304703363
 20
-1.976776695296637
 10
-8.551661664927192
 20
-1.9521903572521802
 10
-8.53349364905389
 20
-1.9250000000000003
 10
-8.519030116872178
 20
-1.8956708580912727
 10
-8.508518543427734
 20
-1.8647047612756305
 10
-8.502138784656548
 20
-1.8326315480550133
 97
0
 75
0
 76
1
 98
0
  0
HATCH
  5
97E
330
17
100
AcDbEntity
  8
A-OSIE
 62
7
420
16777215
100
AcDbHatch
 10
0.0
 20
0.0
 30
0.0
210
0.0
220
0.0
230
1.0
  2
SOLID
 70
1
 71
0
 91
1
 92
3
 72
0
 73
1
 93
48
 10
-8.5
 20
10.946000000000002
 10
-8.502138784656548
 20
10.978631548055015
 10
-8.508518543427734
 20
11.010704761275631
 10
-8.519030116872178
 20
11.041670858091274
 10
-8.53349364905389
 20
11.071000000000002
 10
-8.551661664927192
 20
11.098190357252182
 10
-8.573223304703363
 20
11.122776695296638
 10
-8.59780964274782
 20
11.14433833507281
 10
-8.625
 20
11.162506350946112
 10
-8.654329141908727
 20
11.176969883127823
 10
-8.68529523872437
 20
11.187481456572268
 10
-8.717368451944987
 20
11.193861215343453
 10
-8.75
 20
11.196000000000002
 10
-8.782631548055013
 20
11.193861215343453
 10
-8.81470476127563
 20
11.187481456572268
 10
-8.845670858091273
 20
11.176969883127823
 10
-8.875
 20
11.162506350946112
 10
-8.90219035725218
 20
11.14433833507281
 10
-8.926776695296637
 20
11.122776695296638
 10
-8.948338335072808
 20
11.098190357252182
 10
-8.96650635094611
 20
11.071000000000002
 10
-8.980969883127822
 20
11.041670858091274
 10
-8.991481456572266
 20
11.010704761275631
 10
-8.997861215343452
 20
10.978631548055015
 10
-9.0
 20
10.946000000000002
 10
-8.997861215343452
 20
10.913368451944988
 10
-8.991481456572266
 20
10.881295238724372
 10
-8.980969883127822
 20
10.850329141908729
 10
-8.96650635094611
 20
10.821000000000002
 10
-8.948338335072808
 20
10.79380964274782
 10
-8.926776695296637
 20
10.769223304703365
 10
-8.90219035725218
 20
10.747661664927193
 10
-8.875
 20
10.729493649053891
 10
-8.845670858091273
 20
10.71503011687218
 10
-8.81470476127563
 20
10.704518543427735
 10
-8.782631548055013
 20
10.69813878465655
 10
-8.75
 20
10.696000000000002
 10
-8.717368451944987
 20
10.69813878465655
 10
-8.68529523872437
 20
10.704518543427735
 10
-8.654329141908727
 20
10.71503011687218
 10
-8.625
 20
10.729493649053891
 10
-8.59780964274782
 20
10.747661664927193
 10
-8.573223304703363
 20
10.769223304703365
 10
-8.551661664927192
 20
10.79380964274782
 10
-8.53349364905389
 20
10.821000000000002
 10
-8.519030116872178
 20
10.850329141908729
 10
-8.508518543427734
 20
10.881295238724372
 10
-8.502138784656548
 20
10.913368451944988
 97
0
 75
0
 76
1
 98
0
  0
HATCH
  5
97F
330
17
100
AcDbEntity
  8
A-OSIE
 62
7
420
16777215
100
AcDbHatch
 10
0.0
 20
0.0
 30
0.0
210
0.0
220
0.0
230
1.0
  2
SOLID
 70
1
 71
0
 91
1
 92
3
 72
0
 73
1
 93
48
 10
-9.125
 20
-1.8
 10
-9.127138784656548
 20
-1.767368451944987
 10
-9.133518543427734
 20
-1.7352952387243699
 10
-9.144030116872178
 20
-1.7043291419087276
 10
-9.15849364905389
 20
-1.675
 10
-9.176661664927192
 20
-1.64780964274782
 10
-9.198223304703363
 20
-1.6232233047033633
 10
-9.22280964274782
 20
-1.6016616649271913
 10
-9.25
 20
-1.5834936490538905
 10
-9.279329141908727
 20
-1.5690301168721783
 10
-9.31029523872437
 20
-1.5585185434277329
 10
-9.342368451944987
 20
-1.5521387846565475
 10
-9.375
 20
-1.55
 10
-9.407631548055013
 20
-1.5521387846565475
 10
-9.43970476127563
 20
-1.5585185434277329
 10
-9.470670858091273
 20
-1.5690301168721783
 10
-9.5
 20
-1.5834936490538905
 10
-9.52719035725218
 20
-1.601661664927191
 10
-9.551776695296637
 20
-1.623223304703363
 10
-9.573338335072808
 20
-1.64780964274782
 10
-9.59150635094611
 20
-1.675
 10
-9.605969883127822
 20
-1.7043291419087276
 10
-9.616481456572266
 20
-1.7352952387243699
 10
-9.622861215343452
 20
-1.767368451944987
 10
-9.625
 20
-1.8
 10
-9.622861215343452
 20
-1.8326315480550128
 10
-9.616481456572266
 20
-1.8647047612756302
 10
-9.605969883127822
 20
-1.8956708580912724
 10
-9.59150635094611
 20
-1.925
 10
-9.573338335072808
 20
-1.9521903572521802
 10
-9.551776695296637
 20
-1.9767766952966368
 10
-9.52719035725218
 20
-1.9983383350728088
 10
-9.5
 20
-2.0165063509461096
 10
-9.470670858091273
 20
-2.030969883127822
 10
-9.43970476127563
 20
-2.041481456572267
 10
-9.407631548055013
 20
-2.0478612153434526
 10
-9.375
 20
-2.05
 10
-9.342368451944987
 20
-2.0478612153434526
 10
-9.31029523872437
 20
-2.041481456572267
 10
-9.279329141908727
 20
-2.030969883127822
 10
-9.25
 20
-2.0165063509461096
 10
-9.22280964274782
 20
-1.998338335072809
 10
-9.198223304703363
 20
-1.976776695296637
 10
-9.176661664927192
 20
-1.9521903572521802
 10
-9.15849364905389
 20
-1.9250000000000003
 10
-9.144030116872178
 20
-1.8956708580912727
 10
-9.133518543427734
 20
-1.8647047612756305
 10
-9.127138784656548
 20
-1.8326315480550133
 97
0
 75
0
 76
1
 98
0
  0
HATCH
  5
980
330
17
100
AcDbEntity
  8
A-OSIE
 62
7
420
16777215
100
AcDbHatch
 10
0.0
 20
0.0
 30
0.0
210
0.0
220
0.0
230
1.0
  2
SOLID
 70
1
 71
0
 91
1
 92
3
 72
0
 73
1
 93
48
 10
-9.125
 20
10.946000000000002
 10
-9.127138784656548
 20
10.978631548055015
 10
-9.133518543427734
 20
11.010704761275631
 10
-9.144030116872178
 20
11.041670858091274
 10
-9.15849364905389
 20
11.071000000000002
 10
-9.176661664927192
 20
11.098190357252182
 10
-9.198223304703363
 20
11.122776695296638
 10
-9.22280964274782
 20
11.14433833507281
 10
-9.25
 20
11.162506350946112
 10
-9.279329141908727
 20
11.176969883127823
 10
-9.31029523872437
 20
11.187481456572268
 10
-9.342368451944987
 20
11.193861215343453
 10
-9.375
 20
11.196000000000002
 10
-9.407631548055013
 20
11.193861215343453
 10
-9.43970476127563
 20
11.187481456572268
 10
-9.470670858091273
 20
11.176969883127823
 10
-9.5
 20
11.162506350946112
 10
-9.52719035725218
 20
11.14433833507281
 10
-9.551776695296637
 20
11.122776695296638
 10
-9.573338335072808
 20
11.098190357252182
 10
-9.59150635094611
 20
11.071000000000002
 10
-9.605969883127822
 20
11.041670858091274
 10
-9.616481456572266
 20
11.010704761275631
 10
-9.622861215343452
 20
10.978631548055015
 10
-9.625
 20
10.946000000000002
 10
-9.622861215343452
 20
10.913368451944988
 10
-9.616481456572266
 20
10.881295238724372
 10
-9.605969883127822
 20
10.850329141908729
 10
-9.59150635094611
 20
10.821000000000002
 10
-9.573338335072808
 20
10.79380964274782
 10
-9.551776695296637
 20
10.769223304703365
 10
-9.52719035725218
 20
10.747661664927193
 10
-9.5
 20
10.729493649053891
 10
-9.470670858091273
 20
10.71503011687218
 10
-9.43970476127563
 20
10.704518543427735
 10
-9.407631548055013
 20
10.69813878465655
 10
-9.375
 20
10.696000000000002
 10
-9.342368451944987
 20
10.69813878465655
 10
-9.31029523872437
 20
10.704518543427735
 10
-9.279329141908727
 20
10.71503011687218
 10
-9.25
 20
10.729493649053891
 10
-9.22280964274782
 20
10.747661664927193
 10
-9.198223304703363
 20
10.769223304703365
 10
-9.176661664927192
 20
10.79380964274782
 10
-9.15849364905389
 20
10.821000000000002
 10
-9.144030116872178
 20
10.850329141908729
 10
-9.133518543427734
 20
10.881295238724372
 10
-9.127138784656548
 20
10.913368451944988
 97
0
 75
0
 76
1
 98
0
  0
CIRCLE
  5
981
330
17
100
AcDbEntity
  8
A-OSIE
  6
Continuous
370
35
 48
0.05
100
AcDbCircle
 10
0.0
 20
-1.8
 30
0.0
 40
0.25
  0
CIRCLE
  5
982
330
17
100
AcDbEntity
  8
A-OSIE
  6
Continuous
370
35
 48
0.05
100
AcDbCircle
 10
0.0
 20
10.946000000000002
 30
0.0
 40
0.25
  0
CIRCLE
  5
983
330
17
100
AcDbEntity
  8
A-OSIE
  6
Continuous
370
35
 48
0.05
100
AcDbCircle
 10
-2.875
 20
-1.8
 30
0.0
 40
0.25
  0
CIRCLE
  5
984
330
17
100
AcDbEntity
  8
A-OSIE
  6
Continuous
370
35
 48
0.05
100
AcDbCircle
 10
-2.875
 20
10.946000000000002
 30
0.0
 40
0.25
  0
CIRCLE
  5
985
330
17
100
AcDbEntity
  8
A-OSIE
  6
Continuous
370
35
 48
0.05
100
AcDbCircle
 10
-3.75
 20
-1.8
 30
0.0
 40
0.25
  0
CIRCLE
  5
986
330
17
100
AcDbEntity
  8
A-OSIE
  6
Continuous
370
35
 48
0.05
100
AcDbCircle
 10
-3.75
 20
10.946000000000002
 30
0.0
 40
0.25
  0
CIRCLE
  5
987
330
17
100
AcDbEntity
  8
A-OSIE
  6
Continuous
370
35
 48
0.05
100
AcDbCircle
 10
-5.125
 20
-1.8
 30
0.0
 40
0.25
  0
CIRCLE
  5
988
330
17
100
AcDbEntity
  8
A-OSIE
  6
Continuous
370
35
 48
0.05
100
AcDbCircle
 10
-5.125
 20
10.946000000000002
 30
0.0
 40
0.25
  0
CIRCLE
  5
989
330
17
100
AcDbEntity
  8
A-OSIE
  6
Continuous
370
35
 48
0.05
100
AcDbCircle
 10
-8.75
 20
-1.8
 30
0.0
 40
0.25
  0
CIRCLE
  5
98A
330
17
100
AcDbEntity
  8
A-OSIE
  6
Continuous
370
35
 48
0.05
100
AcDbCircle
 10
-8.75
 20
10.946000000000002
 30
0.0
 40
0.25
  0
CIRCLE
  5
98B
330
17
100
AcDbEntity
  8
A-OSIE
  6
Continuous
370
35
 48
0.05
100
AcDbCircle
 10
-9.375
 20
-1.8
 30
0.0
 40
0.25
  0
CIRCLE
  5
98C
330
17
100
AcDbEntity
  8
A-OSIE
  6
Continuous
370
35
 48
0.05
100
AcDbCircle
 10
-9.375
 20
10.946000000000002
 30
0.0
 40
0.25
  0
TEXT
  5
98D
330
17
100
AcDbEntity
  8
A-OSIE
100
AcDbText
 10
-0.07072734499205088
 20
-1.8875
 30
0.0
 40
0.17500000000000002
  1
1
  7
PL_ARIAL
 11
-0.07072734499205088
 21
-1.8875
 31
0.0
100
AcDbText
  0
TEXT
  5
98E
330
17
100
AcDbEntity
  8
A-OSIE
100
AcDbText
 10
-0.07072734499205088
 20
10.858500000000001
 30
0.0
 40
0.17500000000000002
  1
1
  7
PL_ARIAL
 11
-0.07072734499205088
 21
10.858500000000001
 31
0.0
100
AcDbText
  0
TEXT
  5
98F
330
17
100
AcDbEntity
  8
A-OSIE
100
AcDbText
 10
-2.9457273449920507
 20
-1.8875
 30
0.0
 40
0.17500000000000002
  1
2
  7
PL_ARIAL
 11
-2.9457273449920507
 21
-1.8875
 31
0.0
100
AcDbText
  0
TEXT
  5
990
330
17
100
AcDbEntity
  8
A-OSIE
100
AcDbText
 10
-2.9457273449920507
 20
10.858500000000001
 30
0.0
 40
0.17500000000000002
  1
2
  7
PL_ARIAL
 11
-2.9457273449920507
 21
10.858500000000001
 31
0.0
100
AcDbText
  0
TEXT
  5
991
330
17
100
AcDbEntity
  8
A-OSIE
100
AcDbText
 10
-3.841852146263911
 20
-1.8875
 30
0.0
 40
0.17500000000000002
  1
H
  7
PL_ARIAL
 11
-3.841852146263911
 21
-1.8875
 31
0.0
100
AcDbText
  0
TEXT
  5
992
330
17
100
AcDbEntity
  8
A-OSIE
100
AcDbText
 10
-3.841852146263911
 20
10.858500000000001
 30
0.0
 40
0.17500000000000002
  1
H
  7
PL_ARIAL
 11
-3.841852146263911
 21
10.858500000000001
 31
0.0
100
AcDbText
  0
TEXT
  5
993
330
17
100
AcDbEntity
  8
A-OSIE
100
AcDbText
 10
-5.195727344992051
 20
-1.8875
 30
0.0
 40
0.17500000000000002
  1
3
  7
PL_ARIAL
 11
-5.195727344992051
 21
-1.8875
 31
0.0
100
AcDbText
  0
TEXT
  5
994
330
17
100
AcDbEntity
  8
A-OSIE
100
AcDbText
 10
-5.195727344992051
 20
10.858500000000001
 30
0.0
 40
0.17500000000000002
  1
3
  7
PL_ARIAL
 11
-5.195727344992051
 21
10.858500000000001
 31
0.0
100
AcDbText
  0
TEXT
  5
995
330
17
100
AcDbEntity
  8
A-OSIE
100
AcDbText
 10
-8.82072734499205
 20
-1.8875
 30
0.0
 40
0.17500000000000002
  1
4
  7
PL_ARIAL
 11
-8.82072734499205
 21
-1.8875
 31
0.0
100
AcDbText
  0
TEXT
  5
996
330
17
100
AcDbEntity
  8
A-OSIE
100
AcDbText
 10
-8.82072734499205
 20
10.858500000000001
 30
0.0
 40
0.17500000000000002
  1
4
  7
PL_ARIAL
 11
-8.82072734499205
 21
10.858500000000001
 31
0.0
100
AcDbText
  0
TEXT
  5
997
330
17
100
AcDbEntity
  8
A-OSIE
100
AcDbText
 10
-9.44572734499205
 20
-1.8875
 30
0.0
 40
0.17500000000000002
  1
5
  7
PL_ARIAL
 11
-9.44572734499205
 21
-1.8875
 31
0.0
100
AcDbText
  0
TEXT
  5
998
330
17
100
AcDbEntity
  8
A-OSIE
100
AcDbText
 10
-9.44572734499205
 20
10.858500000000001
 30
0.0
 40
0.17500000000000002
  1
5
  7
PL_ARIAL
 11
-9.44572734499205
 21
10.858500000000001
 31
0.0
100
AcDbText
  0
LWPOLYLINE
  5
999
330
17
100
AcDbEntity
  8
A-WIDOK
370
35
 48
0.05
100
AcDbPolyline
 90
5
 70
0
 10
-0.8
 20
9.68
 10
-1.9
 20
9.68
 10
-1.9
 20
9.74
 10
-0.8
 20
9.74
 10
-0.8
 20
9.68
  0
LWPOLYLINE
  5
99A
330
17
100
AcDbEntity
  8
A-WIDOK
370
35
 48
0.05
100
AcDbPolyline
 90
2
 70
0
 10
0.45
 20
6.2524
 10
0.45
 20
6.3996
  0
LWPOLYLINE
  5
99B
330
17
100
AcDbEntity
  8
A-WIDOK
370
35
 48
0.05
100
AcDbPolyline
 90
2
 70
0
 10
0.45
 20
6.4604
 10
0.45
 20
8.8696
  0
LWPOLYLINE
  5
99C
330
17
100
AcDbEntity
  8
A-WIDOK
370
35
 48
0.05
100
AcDbPolyline
 90
2
 70
0
 10
0.45
 20
8.9304
 10
0.45
 20
9.0646
  0
LWPOLYLINE
  5
99D
330
17
100
AcDbEntity
  8
A-WIDOK
370
35
 48
0.05
100
AcDbPolyline
 90
2
 70
0
 10
0.53
 20
9.0646
 10
0.53
 20
6.2524
  0
LWPOLYLINE
  5
99E
330
17
100
AcDbEntity
  8
A-WIDOK
370
35
 48
0.05
100
AcDbPolyline
 90
5
 70
0
 10
-7.541
 20
2.425
 10
-7.541
 20
2.475
 10
-7.47
 20
2.475
 10
-7.47
 20
2.425
 10
-7.541
 20
2.425
  0
LWPOLYLINE
  5
99F
330
17
100
AcDbEntity
  8
A-WIDOK
370
35
 48
0.05
100
AcDbPolyline
 90
5
 70
0
 10
-7.541
 20
5.575
 10
-7.541
 20
5.625
 10
-7.47
 20
5.625
 10
-7.47
 20
5.575
 10
-7.541
 20
5.575
  0
LWPOLYLINE
  5
9A0
330
17
100
AcDbEntity
  8
A-WIDOK
370
35
 48
0.05
100
AcDbPolyline
 90
5
 70
0
 10
-7.47
 20
2.34722
 10
-7.47
 20
2.39722
 10
-7.22111
 20
2.39722
 10
-7.22111
 20
2.34722
 10
-7.47
 20
2.34722
  0
LWPOLYLINE
  5
9A1
330
17
100
AcDbEntity
  8
A-WIDOK
370
35
 48
0.05
100
AcDbPolyline
 90
5
 70
0
 10
-7.47
 20
5.49722
 10
-7.47
 20
5.54722
 10
-7.22111
 20
5.54722
 10
-7.22111
 20
5.49722
 10
-7.47
 20
5.49722
  0
LWPOLYLINE
  5
9A2
330
17
100
AcDbEntity
  8
A-WIDOK
370
35
 48
0.05
100
AcDbPolyline
 90
5
 70
0
 10
-6.97222
 20
2.19167
 10
-7.22111
 20
2.19167
 10
-7.22111
 20
2.24167
 10
-6.97222
 20
2.24167
 10
-6.97222
 20
2.19167
  0
LWPOLYLINE
  5
9A3
330
17
100
AcDbEntity
  8
A-WIDOK
370
35
 48
0.05
100
AcDbPolyline
 90
5
 70
0
 10
-6.97222
 20
5.34167
 10
-7.22111
 20
5.34167
 10
-7.22111
 20
5.39167
 10
-6.97222
 20
5.39167
 10
-6.97222
 20
5.34167
  0
LWPOLYLINE
  5
9A4
330
17
100
AcDbEntity
  8
A-WIDOK
370
35
 48
0.05
100
AcDbPolyline
 90
5
 70
0
 10
-6.72333
 20
2.03611
 10
-6.97222
 20
2.03611
 10
-6.97222
 20
2.08611
 10
-6.72333
 20
2.08611
 10
-6.72333
 20
2.03611
  0
LWPOLYLINE
  5
9A5
330
17
100
AcDbEntity
  8
A-WIDOK
370
35
 48
0.05
100
AcDbPolyline
 90
5
 70
0
 10
-6.72333
 20
5.18611
 10
-6.97222
 20
5.18611
 10
-6.97222
 20
5.23611
 10
-6.72333
 20
5.23611
 10
-6.72333
 20
5.18611
  0
LWPOLYLINE
  5
9A6
330
17
100
AcDbEntity
  8
A-WIDOK
370
35
 48
0.05
100
AcDbPolyline
 90
5
 70
0
 10
-6.47444
 20
1.725
 10
-6.47444
 20
1.775
 10
-6.22556
 20
1.775
 10
-6.22556
 20
1.725
 10
-6.47444
 20
1.725
  0
LWPOLYLINE
  5
9A7
330
17
100
AcDbEntity
  8
A-WIDOK
370
35
 48
0.05
100
AcDbPolyline
 90
5
 70
0
 10
-6.47444
 20
1.88056
 10
-6.72333
 20
1.88056
 10
-6.72333
 20
1.93056
 10
-6.47444
 20
1.93056
 10
-6.47444
 20
1.88056
  0
LWPOLYLINE
  5
9A8
330
17
100
AcDbEntity
  8
A-WIDOK
370
35
 48
0.05
100
AcDbPolyline
 90
5
 70
0
 10
-6.47444
 20
4.875
 10
-6.47444
 20
4.925
 10
-6.22556
 20
4.925
 10
-6.22556
 20
4.875
 10
-6.47444
 20
4.875
  0
LWPOLYLINE
  5
9A9
330
17
100
AcDbEntity
  8
A-WIDOK
370
35
 48
0.05
100
AcDbPolyline
 90
5
 70
0
 10
-6.47444
 20
5.03056
 10
-6.72333
 20
5.03056
 10
-6.72333
 20
5.08056
 10
-6.47444
 20
5.08056
 10
-6.47444
 20
5.03056
  0
LWPOLYLINE
  5
9AA
330
17
100
AcDbEntity
  8
A-WIDOK
370
35
 48
0.05
100
AcDbPolyline
 90
5
 70
0
 10
-6.22556
 20
1.56944
 10
-6.22556
 20
1.61944
 10
-5.97667
 20
1.61944
 10
-5.97667
 20
1.56944
 10
-6.22556
 20
1.56944
  0
LWPOLYLINE
  5
9AB
330
17
100
AcDbEntity
  8
A-WIDOK
370
35
 48
0.05
100
AcDbPolyline
 90
5
 70
0
 10
-6.22556
 20
4.71944
 10
-6.22556
 20
4.76944
 10
-5.97667
 20
4.76944
 10
-5.97667
 20
4.71944
 10
-6.22556
 20
4.71944
  0
LWPOLYLINE
  5
9AC
330
17
100
AcDbEntity
  8
A-WIDOK
370
35
 48
0.05
100
AcDbPolyline
 90
5
 70
0
 10
-5.72778
 20
1.41389
 10
-5.97667
 20
1.41389
 10
-5.97667
 20
1.46389
 10
-5.72778
 20
1.46389
 10
-5.72778
 20
1.41389
  0
LWPOLYLINE
  5
9AD
330
17
100
AcDbEntity
  8
A-WIDOK
370
35
 48
0.05
100
AcDbPolyline
 90
5
 70
0
 10
-5.72778
 20
4.56389
 10
-5.97667
 20
4.56389
 10
-5.97667
 20
4.61389
 10
-5.72778
 20
4.61389
 10
-5.72778
 20
4.56389
  0
LWPOLYLINE
  5
9AE
330
17
100
AcDbEntity
  8
A-WIDOK
370
35
 48
0.05
100
AcDbPolyline
 90
5
 70
0
 10
-5.47889
 20
1.25833
 10
-5.72778
 20
1.25833
 10
-5.72778
 20
1.30833
 10
-5.47889
 20
1.30833
 10
-5.47889
 20
1.25833
  0
LWPOLYLINE
  5
9AF
330
17
100
AcDbEntity
  8
A-WIDOK
370
35
 48
0.05
100
AcDbPolyline
 90
5
 70
0
 10
-5.47889
 20
4.40833
 10
-5.72778
 20
4.40833
 10
-5.72778
 20
4.45833
 10
-5.47889
 20
4.45833
 10
-5.47889
 20
4.40833
  0
LWPOLYLINE
  5
9B0
330
17
100
AcDbEntity
  8
A-WIDOK
370
35
 48
0.05
100
AcDbPolyline
 90
5
 70
0
 10
-5.23
 20
1.10278
 10
-5.47889
 20
1.10278
 10
-5.47889
 20
1.15278
 10
-5.23
 20
1.15278
 10
-5.23
 20
1.10278
  0
LWPOLYLINE
  5
9B1
330
17
100
AcDbEntity
  8
A-WIDOK
370
35
 48
0.05
100
AcDbPolyline
 90
5
 70
0
 10
-5.23
 20
4.25278
 10
-5.47889
 20
4.25278
 10
-5.47889
 20
4.30278
 10
-5.23
 20
4.30278
 10
-5.23
 20
4.25278
  0
LWPOLYLINE
  5
9B2
330
17
100
AcDbEntity
  8
A-WIDOK
370
35
 48
0.05
100
AcDbPolyline
 90
4
 70
0
 10
-7.534
 20
2.4246
 10
-7.534
 20
1.625
 10
-7.548
 20
1.625
 10
-7.548
 20
2.425
  0
LWPOLYLINE
  5
9B3
330
17
100
AcDbEntity
  8
A-WIDOK
370
35
 48
0.05
100
AcDbPolyline
 90
5
 70
0
 10
-7.534
 20
5.5746
 10
-7.534
 20
4.775
 10
-7.548
 20
4.775
 10
-7.548
 20
5.575
 10
-7.5414
 20
5.575
  0
LWPOLYLINE
  5
9B4
330
17
100
AcDbEntity
  8
A-WIDOK
370
35
 48
0.05
100
AcDbPolyline
 90
4
 70
0
 10
-7.463
 20
2.34682
 10
-7.463
 20
1.625
 10
-7.477
 20
1.625
 10
-7.477
 20
2.4246
  0
LWPOLYLINE
  5
9B5
330
17
100
AcDbEntity
  8
A-WIDOK
370
35
 48
0.05
100
AcDbPolyline
 90
4
 70
0
 10
-7.463
 20
5.49682
 10
-7.463
 20
4.775
 10
-7.477
 20
4.775
 10
-7.477
 20
5.5746
  0
LWPOLYLINE
  5
9B6
330
17
100
AcDbEntity
  8
A-WIDOK
370
35
 48
0.05
100
AcDbPolyline
 90
3
 70
0
 10
-7.4696
 20
2.425
 10
-7.463
 20
2.425
 10
-7.463
 20
2.39762
  0
LWPOLYLINE
  5
9B7
330
17
100
AcDbEntity
  8
A-WIDOK
370
35
 48
0.05
100
AcDbPolyline
 90
3
 70
0
 10
-7.4696
 20
5.575
 10
-7.463
 20
5.575
 10
-7.463
 20
5.54762
  0
LWPOLYLINE
  5
9B8
330
17
100
AcDbEntity
  8
A-WIDOK
370
35
 48
0.05
100
AcDbPolyline
 90
4
 70
0
 10
-7.35633
 20
2.34682
 10
-7.35633
 20
1.55833
 10
-7.37033
 20
1.55833
 10
-7.37033
 20
2.34682
  0
LWPOLYLINE
  5
9B9
330
17
100
AcDbEntity
  8
A-WIDOK
370
35
 48
0.05
100
AcDbPolyline
 90
4
 70
0
 10
-7.35633
 20
5.49682
 10
-7.35633
 20
4.70833
 10
-7.37033
 20
4.70833
 10
-7.37033
 20
5.49682
  0
LWPOLYLINE
  5
9BA
330
17
100
AcDbEntity
  8
A-WIDOK
370
35
 48
0.05
100
AcDbPolyline
 90
4
 70
0
 10
-7.143
 20
2.19127
 10
-7.143
 20
1.425
 10
-7.157
 20
1.425
 10
-7.157
 20
2.19127
  0
LWPOLYLINE
  5
9BB
330
17
100
AcDbEntity
  8
A-WIDOK
370
35
 48
0.05
100
AcDbPolyline
 90
4
 70
0
 10
-7.143
 20
5.34127
 10
-7.143
 20
4.575
 10
-7.157
 20
4.575
 10
-7.157
 20
5.34127
  0
LWPOLYLINE
  5
9BC
330
17
100
AcDbEntity
  8
A-WIDOK
370
35
 48
0.05
100
AcDbPolyline
 90
4
 70
0
 10
-6.92967
 20
2.03571
 10
-6.92967
 20
1.29167
 10
-6.94367
 20
1.29167
 10
-6.94367
 20
2.03571
  0
LWPOLYLINE
  5
9BD
330
17
100
AcDbEntity
  8
A-WIDOK
370
35
 48
0.05
100
AcDbPolyline
 90
4
 70
0
 10
-6.94367
 20
2.08651
 10
-6.94367
 20
2.09167
 10
-6.92967
 20
2.09167
 10
-6.92967
 20
2.08651
  0
LWPOLYLINE
  5
9BE
330
17
100
AcDbEntity
  8
A-WIDOK
370
35
 48
0.05
100
AcDbPolyline
 90
4
 70
0
 10
-6.92967
 20
5.18571
 10
-6.92967
 20
4.44167
 10
-6.94367
 20
4.44167
 10
-6.94367
 20
5.18571
  0
LWPOLYLINE
  5
9BF
330
17
100
AcDbEntity
  8
A-WIDOK
370
35
 48
0.05
100
AcDbPolyline
 90
3
 70
0
 10
-6.94367
 20
5.24167
 10
-6.92967
 20
5.24167
 10
-6.92967
 20
5.23651
  0
LWPOLYLINE
  5
9C0
330
17
100
AcDbEntity
  8
A-WIDOK
370
35
 48
0.05
100
AcDbPolyline
 90
6
 70
0
 10
-6.71633
 20
1.88016
 10
-6.71633
 20
1.15833
 10
-6.73033
 20
1.15833
 10
-6.73033
 20
1.95833
 10
-6.71633
 20
1.95833
 10
-6.71633
 20
1.93096
  0
LWPOLYLINE
  5
9C1
330
17
100
AcDbEntity
  8
A-WIDOK
370
35
 48
0.05
100
AcDbPolyline
 90
6
 70
0
 10
-6.71633
 20
5.03016
 10
-6.71633
 20
4.30833
 10
-6.73033
 20
4.30833
 10
-6.73033
 20
5.10833
 10
-6.71633
 20
5.10833
 10
-6.71633
 20
5.08096
  0
LWPOLYLINE
  5
9C2
330
17
100
AcDbEntity
  8
A-WIDOK
370
35
 48
0.05
100
AcDbPolyline
 90
4
 70
0
 10
-6.60967
 20
1.88016
 10
-6.60967
 20
1.09167
 10
-6.62367
 20
1.09167
 10
-6.62367
 20
1.88016
  0
LWPOLYLINE
  5
9C3
330
17
100
AcDbEntity
  8
A-WIDOK
370
35
 48
0.05
100
AcDbPolyline
 90
4
 70
0
 10
-6.60967
 20
5.03016
 10
-6.60967
 20
4.24167
 10
-6.62367
 20
4.24167
 10
-6.62367
 20
5.03016
  0
LWPOLYLINE
  5
9C4
330
17
100
AcDbEntity
  8
A-WIDOK
370
35
 48
0.05
100
AcDbPolyline
 90
4
 70
0
 10
-6.39633
 20
1.7246
 10
-6.39633
 20
0.95833
 10
-6.41033
 20
0.95833
 10
-6.41033
 20
1.7246
  0
LWPOLYLINE
  5
9C5
330
17
100
AcDbEntity
  8
A-WIDOK
370
35
 48
0.05
100
AcDbPolyline
 90
4
 70
0
 10
-6.39633
 20
4.8746
 10
-6.39633
 20
4.10833
 10
-6.41033
 20
4.10833
 10
-6.41033
 20
4.8746
  0
LWPOLYLINE
  5
9C6
330
17
100
AcDbEntity
  8
A-WIDOK
370
35
 48
0.05
100
AcDbPolyline
 90
4
 70
0
 10
-6.183
 20
1.56904
 10
-6.183
 20
0.825
 10
-6.197
 20
0.825
 10
-6.197
 20
1.56904
  0
LWPOLYLINE
  5
9C7
330
17
100
AcDbEntity
  8
A-WIDOK
370
35
 48
0.05
100
AcDbPolyline
 90
4
 70
0
 10
-6.197
 20
1.61984
 10
-6.197
 20
1.625
 10
-6.183
 20
1.625
 10
-6.183
 20
1.61984
  0
LWPOLYLINE
  5
9C8
330
17
100
AcDbEntity
  8
A-WIDOK
370
35
 48
0.05
100
AcDbPolyline
 90
4
 70
0
 10
-6.183
 20
4.71904
 10
-6.183
 20
3.975
 10
-6.197
 20
3.975
 10
-6.197
 20
4.71904
  0
LWPOLYLINE
  5
9C9
330
17
100
AcDbEntity
  8
A-WIDOK
370
35
 48
0.05
100
AcDbPolyline
 90
3
 70
0
 10
-6.197
 20
4.775
 10
-6.183
 20
4.775
 10
-6.183
 20
4.76984
  0
LWPOLYLINE
  5
9CA
330
17
100
AcDbEntity
  8
A-WIDOK
370
35
 48
0.05
100
AcDbPolyline
 90
6
 70
0
 10
-5.96967
 20
1.41349
 10
-5.96967
 20
0.69167
 10
-5.98367
 20
0.69167
 10
-5.98367
 20
1.49167
 10
-5.96967
 20
1.49167
 10
-5.96967
 20
1.46429
  0
LWPOLYLINE
  5
9CB
330
17
100
AcDbEntity
  8
A-WIDOK
370
35
 48
0.05
100
AcDbPolyline
 90
6
 70
0
 10
-5.96967
 20
4.56349
 10
-5.96967
 20
3.84167
 10
-5.98367
 20
3.84167
 10
-5.98367
 20
4.64167
 10
-5.96967
 20
4.64167
 10
-5.96967
 20
4.61429
  0
LWPOLYLINE
  5
9CC
330
17
100
AcDbEntity
  8
A-WIDOK
370
35
 48
0.05
100
AcDbPolyline
 90
4
 70
0
 10
-5.863
 20
1.41349
 10
-5.863
 20
0.625
 10
-5.877
 20
0.625
 10
-5.877
 20
1.41349
  0
LWPOLYLINE
  5
9CD
330
17
100
AcDbEntity
  8
A-WIDOK
370
35
 48
0.05
100
AcDbPolyline
 90
4
 70
0
 10
-5.863
 20
4.56349
 10
-5.863
 20
3.775
 10
-5.877
 20
3.775
 10
-5.877
 20
4.56349
  0
LWPOLYLINE
  5
9CE
330
17
100
AcDbEntity
  8
A-WIDOK
370
35
 48
0.05
100
AcDbPolyline
 90
4
 70
0
 10
-5.64967
 20
1.25793
 10
-5.64967
 20
0.49167
 10
-5.66367
 20
0.49167
 10
-5.66367
 20
1.25793
  0
LWPOLYLINE
  5
9CF
330
17
100
AcDbEntity
  8
A-WIDOK
370
35
 48
0.05
100
AcDbPolyline
 90
4
 70
0
 10
-5.64967
 20
4.40793
 10
-5.64967
 20
3.64167
 10
-5.66367
 20
3.64167
 10
-5.66367
 20
4.40793
  0
LWPOLYLINE
  5
9D0
330
17
100
AcDbEntity
  8
A-WIDOK
370
35
 48
0.05
100
AcDbPolyline
 90
4
 70
0
 10
-5.43633
 20
1.10238
 10
-5.43633
 20
0.35833
 10
-5.45033
 20
0.35833
 10
-5.45033
 20
1.10238
  0
LWPOLYLINE
  5
9D1
330
17
100
AcDbEntity
  8
A-WIDOK
370
35
 48
0.05
100
AcDbPolyline
 90
3
 70
0
 10
-5.45033
 20
1.15833
 10
-5.43633
 20
1.15833
 10
-5.43633
 20
1.15318
  0
LWPOLYLINE
  5
9D2
330
17
100
AcDbEntity
  8
A-WIDOK
370
35
 48
0.05
100
AcDbPolyline
 90
4
 70
0
 10
-5.43633
 20
4.25238
 10
-5.43633
 20
3.50833
 10
-5.45033
 20
3.50833
 10
-5.45033
 20
4.25238
  0
LWPOLYLINE
  5
9D3
330
17
100
AcDbEntity
  8
A-WIDOK
370
35
 48
0.05
100
AcDbPolyline
 90
3
 70
0
 10
-5.45033
 20
4.30833
 10
-5.43633
 20
4.30833
 10
-5.43633
 20
4.30318
  0
LWPOLYLINE
  5
9D4
330
17
100
AcDbEntity
  8
A-WIDOK
370
35
 48
0.05
100
AcDbPolyline
 90
5
 70
0
 10
-7.26367
 20
2.29167
 10
-7.24967
 20
2.29167
 10
-7.24967
 20
1.49167
 10
-7.26367
 20
1.49167
 10
-7.26367
 20
2.29167
  0
LWPOLYLINE
  5
9D5
330
17
100
AcDbEntity
  8
A-WIDOK
370
35
 48
0.05
100
AcDbPolyline
 90
5
 70
0
 10
-7.26367
 20
5.44167
 10
-7.24967
 20
5.44167
 10
-7.24967
 20
4.64167
 10
-7.26367
 20
4.64167
 10
-7.26367
 20
5.44167
  0
LWPOLYLINE
  5
9D6
330
17
100
AcDbEntity
  8
A-WIDOK
370
35
 48
0.05
100
AcDbPolyline
 90
5
 70
0
 10
-7.05033
 20
1.35833
 10
-7.05033
 20
2.15833
 10
-7.03633
 20
2.15833
 10
-7.03633
 20
1.35833
 10
-7.05033
 20
1.35833
  0
LWPOLYLINE
  5
9D7
330
17
100
AcDbEntity
  8
A-WIDOK
370
35
 48
0.05
100
AcDbPolyline
 90
5
 70
0
 10
-7.05033
 20
4.50833
 10
-7.05033
 20
5.30833
 10
-7.03633
 20
5.30833
 10
-7.03633
 20
4.50833
 10
-7.05033
 20
4.50833
  0
LWPOLYLINE
  5
9D8
330
17
100
AcDbEntity
  8
A-WIDOK
370
35
 48
0.05
100
AcDbPolyline
 90
5
 70
0
 10
-6.837
 20
2.025
 10
-6.823
 20
2.025
 10
-6.823
 20
1.225
 10
-6.837
 20
1.225
 10
-6.837
 20
2.025
  0
LWPOLYLINE
  5
9D9
330
17
100
AcDbEntity
  8
A-WIDOK
370
35
 48
0.05
100
AcDbPolyline
 90
5
 70
0
 10
-6.837
 20
5.175
 10
-6.823
 20
5.175
 10
-6.823
 20
4.375
 10
-6.837
 20
4.375
 10
-6.837
 20
5.175
  0
LWPOLYLINE
  5
9DA
330
17
100
AcDbEntity
  8
A-WIDOK
370
35
 48
0.05
100
AcDbPolyline
 90
5
 70
0
 10
-6.517
 20
1.825
 10
-6.503
 20
1.825
 10
-6.503
 20
1.025
 10
-6.517
 20
1.025
 10
-6.517
 20
1.825
  0
LWPOLYLINE
  5
9DB
330
17
100
AcDbEntity
  8
A-WIDOK
370
35
 48
0.05
100
AcDbPolyline
 90
5
 70
0
 10
-6.517
 20
4.975
 10
-6.503
 20
4.975
 10
-6.503
 20
4.175
 10
-6.517
 20
4.175
 10
-6.517
 20
4.975
  0
LWPOLYLINE
  5
9DC
330
17
100
AcDbEntity
  8
A-WIDOK
370
35
 48
0.05
100
AcDbPolyline
 90
5
 70
0
 10
-6.30367
 20
1.69167
 10
-6.28967
 20
1.69167
 10
-6.28967
 20
0.89167
 10
-6.30367
 20
0.89167
 10
-6.30367
 20
1.69167
  0
LWPOLYLINE
  5
9DD
330
17
100
AcDbEntity
  8
A-WIDOK
370
35
 48
0.05
100
AcDbPolyline
 90
5
 70
0
 10
-6.30367
 20
4.04167
 10
-6.30367
 20
4.84167
 10
-6.28967
 20
4.84167
 10
-6.28967
 20
4.04167
 10
-6.30367
 20
4.04167
  0
LWPOLYLINE
  5
9DE
330
17
100
AcDbEntity
  8
A-WIDOK
370
35
 48
0.05
100
AcDbPolyline
 90
5
 70
0
 10
-6.09033
 20
1.55833
 10
-6.07633
 20
1.55833
 10
-6.07633
 20
0.75833
 10
-6.09033
 20
0.75833
 10
-6.09033
 20
1.55833
  0
LWPOLYLINE
  5
9DF
330
17
100
AcDbEntity
  8
A-WIDOK
370
35
 48
0.05
100
AcDbPolyline
 90
5
 70
0
 10
-6.09033
 20
4.70833
 10
-6.07633
 20
4.70833
 10
-6.07633
 20
3.90833
 10
-6.09033
 20
3.90833
 10
-6.09033
 20
4.70833
  0
LWPOLYLINE
  5
9E0
330
17
100
AcDbEntity
  8
A-WIDOK
370
35
 48
0.05
100
AcDbPolyline
 90
5
 70
0
 10
-5.77033
 20
1.35833
 10
-5.75633
 20
1.35833
 10
-5.75633
 20
0.55833
 10
-5.77033
 20
0.55833
 10
-5.77033
 20
1.35833
  0
LWPOLYLINE
  5
9E1
330
17
100
AcDbEntity
  8
A-WIDOK
370
35
 48
0.05
100
AcDbPolyline
 90
5
 70
0
 10
-5.77033
 20
4.50833
 10
-5.75633
 20
4.50833
 10
-5.75633
 20
3.70833
 10
-5.77033
 20
3.70833
 10
-5.77033
 20
4.50833
  0
LWPOLYLINE
  5
9E2
330
17
100
AcDbEntity
  8
A-WIDOK
370
35
 48
0.05
100
AcDbPolyline
 90
5
 70
0
 10
-5.557
 20
0.425
 10
-5.557
 20
1.225
 10
-5.543
 20
1.225
 10
-5.543
 20
0.425
 10
-5.557
 20
0.425
  0
LWPOLYLINE
  5
9E3
330
17
100
AcDbEntity
  8
A-WIDOK
370
35
 48
0.05
100
AcDbPolyline
 90
5
 70
0
 10
-5.557
 20
4.375
 10
-5.543
 20
4.375
 10
-5.543
 20
3.575
 10
-5.557
 20
3.575
 10
-5.557
 20
4.375
  0
LWPOLYLINE
  5
9E4
330
17
100
AcDbEntity
  8
A-WIDOK
370
35
 48
0.05
100
AcDbPolyline
 90
5
 70
0
 10
-5.34367
 20
1.09167
 10
-5.32967
 20
1.09167
 10
-5.32967
 20
0.29167
 10
-5.34367
 20
0.29167
 10
-5.34367
 20
1.09167
  0
LWPOLYLINE
  5
9E5
330
17
100
AcDbEntity
  8
A-WIDOK
370
35
 48
0.05
100
AcDbPolyline
 90
5
 70
0
 10
-5.34367
 20
3.44167
 10
-5.34367
 20
4.24167
 10
-5.32967
 20
4.24167
 10
-5.32967
 20
3.44167
 10
-5.34367
 20
3.44167
  0
LWPOLYLINE
  5
9E6
330
17
100
AcDbEntity
  8
A-WIDOK
370
35
 48
0.05
100
AcDbPolyline
 90
5
 70
0
 10
-5.237
 20
0.225
 10
-5.237
 20
1.025
 10
-5.223
 20
1.025
 10
-5.223
 20
0.225
 10
-5.237
 20
0.225
  0
LWPOLYLINE
  5
9E7
330
17
100
AcDbEntity
  8
A-WIDOK
370
35
 48
0.05
100
AcDbPolyline
 90
5
 70
0
 10
-5.237
 20
4.175
 10
-5.223
 20
4.175
 10
-5.223
 20
3.375
 10
-5.237
 20
3.375
 10
-5.237
 20
4.175
  0
LWPOLYLINE
  5
9E8
330
17
100
AcDbEntity
  8
A-WIDOK
370
35
 48
0.05
100
AcDbPolyline
 90
2
 70
0
 10
-7.4774
 20
1.625
 10
-7.5336
 20
1.625
  0
LWPOLYLINE
  5
9E9
330
17
100
AcDbEntity
  8
A-WIDOK
370
35
 48
0.05
100
AcDbPolyline
 90
2
 70
0
 10
-7.5336
 20
1.665
 10
-7.4774
 20
1.665
  0
LWPOLYLINE
  5
9EA
330
17
100
AcDbEntity
  8
A-WIDOK
370
35
 48
0.05
100
AcDbPolyline
 90
2
 70
0
 10
-7.4774
 20
4.775
 10
-7.5336
 20
4.775
  0
LWPOLYLINE
  5
9EB
330
17
100
AcDbEntity
  8
A-WIDOK
370
35
 48
0.05
100
AcDbPolyline
 90
2
 70
0
 10
-7.5336
 20
4.815
 10
-7.4774
 20
4.815
  0
LWPOLYLINE
  5
9EC
330
17
100
AcDbEntity
  8
A-WIDOK
370
35
 48
0.05
100
AcDbPolyline
 90
3
 70
0
 10
-7.47
 20
1.5754
 10
-7.47
 20
1.58722
 10
-7.37073
 20
1.58722
  0
LWPOLYLINE
  5
9ED
330
17
100
AcDbEntity
  8
A-WIDOK
370
35
 48
0.05
100
AcDbPolyline
 90
3
 70
0
 10
-7.47
 20
4.7254
 10
-7.47
 20
4.73722
 10
-7.37073
 20
4.73722
  0
LWPOLYLINE
  5
9EE
330
17
100
AcDbEntity
  8
A-WIDOK
370
35
 48
0.05
100
AcDbPolyline
 90
2
 70
0
 10
-7.26407
 20
1.54722
 10
-7.4696
 20
1.54722
  0
LWPOLYLINE
  5
9EF
330
17
100
AcDbEntity
  8
A-WIDOK
370
35
 48
0.05
100
AcDbPolyline
 90
2
 70
0
 10
-7.26407
 20
4.69722
 10
-7.4696
 20
4.69722
  0
LWPOLYLINE
  5
9F0
330
17
100
AcDbEntity
  8
A-WIDOK
370
35
 48
0.05
100
AcDbPolyline
 90
2
 70
0
 10
-7.35593
 20
1.58722
 10
-7.26407
 20
1.58722
  0
LWPOLYLINE
  5
9F1
330
17
100
AcDbEntity
  8
A-WIDOK
370
35
 48
0.05
100
AcDbPolyline
 90
2
 70
0
 10
-7.35593
 20
4.73722
 10
-7.26407
 20
4.73722
  0
LWPOLYLINE
  5
9F2
330
17
100
AcDbEntity
  8
A-WIDOK
370
35
 48
0.05
100
AcDbPolyline
 90
4
 70
0
 10
-7.24927
 20
1.58722
 10
-7.22111
 20
1.58722
 10
-7.22111
 20
1.54722
 10
-7.24927
 20
1.54722
  0
LWPOLYLINE
  5
9F3
330
17
100
AcDbEntity
  8
A-WIDOK
370
35
 48
0.05
100
AcDbPolyline
 90
4
 70
0
 10
-7.24927
 20
4.73722
 10
-7.22111
 20
4.73722
 10
-7.22111
 20
4.69722
 10
-7.24927
 20
4.69722
  0
LWPOLYLINE
  5
9F4
330
17
100
AcDbEntity
  8
A-WIDOK
370
35
 48
0.05
100
AcDbPolyline
 90
3
 70
0
 10
-7.22111
 20
1.4004
 10
-7.22111
 20
1.43167
 10
-7.1574
 20
1.43167
  0
LWPOLYLINE
  5
9F5
330
17
100
AcDbEntity
  8
A-WIDOK
370
35
 48
0.05
100
AcDbPolyline
 90
3
 70
0
 10
-7.22111
 20
4.5504
 10
-7.22111
 20
4.58167
 10
-7.1574
 20
4.58167
  0
LWPOLYLINE
  5
9F6
330
17
100
AcDbEntity
  8
A-WIDOK
370
35
 48
0.05
100
AcDbPolyline
 90
2
 70
0
 10
-7.05073
 20
1.39167
 10
-7.1896
 20
1.39167
  0
LWPOLYLINE
  5
9F7
330
17
100
AcDbEntity
  8
A-WIDOK
370
35
 48
0.05
100
AcDbPolyline
 90
2
 70
0
 10
-7.05073
 20
4.54167
 10
-7.1896
 20
4.54167
  0
LWPOLYLINE
  5
9F8
330
17
100
AcDbEntity
  8
A-WIDOK
370
35
 48
0.05
100
AcDbPolyline
 90
2
 70
0
 10
-7.1426
 20
1.43167
 10
-7.05073
 20
1.43167
  0
LWPOLYLINE
  5
9F9
330
17
100
AcDbEntity
  8
A-WIDOK
370
35
 48
0.05
100
AcDbPolyline
 90
2
 70
0
 10
-7.1426
 20
4.58167
 10
-7.05073
 20
4.58167
  0
LWPOLYLINE
  5
9FA
330
17
100
AcDbEntity
  8
A-WIDOK
370
35
 48
0.05
100
AcDbPolyline
 90
4
 70
0
 10
-7.03593
 20
1.43167
 10
-6.97222
 20
1.43167
 10
-6.97222
 20
1.39167
 10
-7.03593
 20
1.39167
  0
LWPOLYLINE
  5
9FB
330
17
100
AcDbEntity
  8
A-WIDOK
370
35
 48
0.05
100
AcDbPolyline
 90
4
 70
0
 10
-7.03593
 20
4.58167
 10
-6.97222
 20
4.58167
 10
-6.97222
 20
4.54167
 10
-7.03593
 20
4.54167
  0
LWPOLYLINE
  5
9FC
330
17
100
AcDbEntity
  8
A-WIDOK
370
35
 48
0.05
100
AcDbPolyline
 90
4
 70
0
 10
-6.8374
 20
1.23611
 10
-6.97222
 20
1.23611
 10
-6.97222
 20
1.27611
 10
-6.8374
 20
1.27611
  0
LWPOLYLINE
  5
9FD
330
17
100
AcDbEntity
  8
A-WIDOK
370
35
 48
0.05
100
AcDbPolyline
 90
4
 70
0
 10
-6.8374
 20
4.38611
 10
-6.97222
 20
4.38611
 10
-6.97222
 20
4.42611
 10
-6.8374
 20
4.42611
  0
LWPOLYLINE
  5
9FE
330
17
100
AcDbEntity
  8
A-WIDOK
370
35
 48
0.05
100
AcDbPolyline
 90
2
 70
0
 10
-6.73073
 20
1.23611
 10
-6.8226
 20
1.23611
  0
LWPOLYLINE
  5
9FF
330
17
100
AcDbEntity
  8
A-WIDOK
370
35
 48
0.05
100
AcDbPolyline
 90
2
 70
0
 10
-6.8226
 20
1.27611
 10
-6.73073
 20
1.27611
  0
LWPOLYLINE
  5
A00
330
17
100
AcDbEntity
  8
A-WIDOK
370
35
 48
0.05
100
AcDbPolyline
 90
2
 70
0
 10
-6.73073
 20
4.38611
 10
-6.8226
 20
4.38611
  0
LWPOLYLINE
  5
A01
330
17
100
AcDbEntity
  8
A-WIDOK
370
35
 48
0.05
100
AcDbPolyline
 90
2
 70
0
 10
-6.8226
 20
4.42611
 10
-6.73073
 20
4.42611
  0
LWPOLYLINE
  5
A02
330
17
100
AcDbEntity
  8
A-WIDOK
370
35
 48
0.05
100
AcDbPolyline
 90
4
 70
0
 10
-6.5174
 20
1.08056
 10
-6.72333
 20
1.08056
 10
-6.72333
 20
1.12056
 10
-6.62407
 20
1.12056
  0
LWPOLYLINE
  5
A03
330
17
100
AcDbEntity
  8
A-WIDOK
370
35
 48
0.05
100
AcDbPolyline
 90
4
 70
0
 10
-6.5174
 20
4.23056
 10
-6.72333
 20
4.23056
 10
-6.72333
 20
4.27056
 10
-6.62407
 20
4.27056
  0
LWPOLYLINE
  5
A04
330
17
100
AcDbEntity
  8
A-WIDOK
370
35
 48
0.05
100
AcDbPolyline
 90
2
 70
0
 10
-6.60927
 20
1.12056
 10
-6.5174
 20
1.12056
  0
LWPOLYLINE
  5
A05
330
17
100
AcDbEntity
  8
A-WIDOK
370
35
 48
0.05
100
AcDbPolyline
 90
2
 70
0
 10
-6.60927
 20
4.27056
 10
-6.5174
 20
4.27056
  0
LWPOLYLINE
  5
A06
330
17
100
AcDbEntity
  8
A-WIDOK
370
35
 48
0.05
100
AcDbPolyline
 90
4
 70
0
 10
-6.5026
 20
1.12056
 10
-6.47444
 20
1.12056
 10
-6.47444
 20
1.08056
 10
-6.5026
 20
1.08056
  0
LWPOLYLINE
  5
A07
330
17
100
AcDbEntity
  8
A-WIDOK
370
35
 48
0.05
100
AcDbPolyline
 90
4
 70
0
 10
-6.5026
 20
4.27056
 10
-6.47444
 20
4.27056
 10
-6.47444
 20
4.23056
 10
-6.5026
 20
4.23056
  0
LWPOLYLINE
  5
A08
330
17
100
AcDbEntity
  8
A-WIDOK
370
35
 48
0.05
100
AcDbPolyline
 90
4
 70
0
 10
-6.30407
 20
0.925
 10
-6.47444
 20
0.925
 10
-6.47444
 20
0.965
 10
-6.41073
 20
0.965
  0
LWPOLYLINE
  5
A09
330
17
100
AcDbEntity
  8
A-WIDOK
370
35
 48
0.05
100
AcDbPolyline
 90
4
 70
0
 10
-6.30407
 20
4.075
 10
-6.47444
 20
4.075
 10
-6.47444
 20
4.115
 10
-6.41073
 20
4.115
  0
LWPOLYLINE
  5
A0A
330
17
100
AcDbEntity
  8
A-WIDOK
370
35
 48
0.05
100
AcDbPolyline
 90
2
 70
0
 10
-6.39593
 20
0.965
 10
-6.30407
 20
0.965
  0
LWPOLYLINE
  5
A0B
330
17
100
AcDbEntity
  8
A-WIDOK
370
35
 48
0.05
100
AcDbPolyline
 90
2
 70
0
 10
-6.39593
 20
4.115
 10
-6.30407
 20
4.115
  0
LWPOLYLINE
  5
A0C
330
17
100
AcDbEntity
  8
A-WIDOK
370
35
 48
0.05
100
AcDbPolyline
 90
4
 70
0
 10
-6.28927
 20
0.965
 10
-6.22556
 20
0.965
 10
-6.22556
 20
0.925
 10
-6.28927
 20
0.925
  0
LWPOLYLINE
  5
A0D
330
17
100
AcDbEntity
  8
A-WIDOK
370
35
 48
0.05
100
AcDbPolyline
 90
4
 70
0
 10
-6.28927
 20
4.115
 10
-6.22556
 20
4.115
 10
-6.22556
 20
4.075
 10
-6.28927
 20
4.075
  0
LWPOLYLINE
  5
A0E
330
17
100
AcDbEntity
  8
A-WIDOK
370
35
 48
0.05
100
AcDbPolyline
 90
4
 70
0
 10
-6.09073
 20
0.76944
 10
-6.22556
 20
0.76944
 10
-6.22556
 20
0.80944
 10
-6.09073
 20
0.80944
  0
LWPOLYLINE
  5
A0F
330
17
100
AcDbEntity
  8
A-WIDOK
370
35
 48
0.05
100
AcDbPolyline
 90
4
 70
0
 10
-6.09073
 20
3.91944
 10
-6.22556
 20
3.91944
 10
-6.22556
 20
3.95944
 10
-6.09073
 20
3.95944
  0
LWPOLYLINE
  5
A10
330
17
100
AcDbEntity
  8
A-WIDOK
370
35
 48
0.05
100
AcDbPolyline
 90
2
 70
0
 10
-5.98407
 20
0.76944
 10
-6.07593
 20
0.76944
  0
LWPOLYLINE
  5
A11
330
17
100
AcDbEntity
  8
A-WIDOK
370
35
 48
0.05
100
AcDbPolyline
 90
2
 70
0
 10
-6.07593
 20
0.80944
 10
-5.98407
 20
0.80944
  0
LWPOLYLINE
  5
A12
330
17
100
AcDbEntity
  8
A-WIDOK
370
35
 48
0.05
100
AcDbPolyline
 90
2
 70
0
 10
-5.98407
 20
3.91944
 10
-6.07593
 20
3.91944
  0
LWPOLYLINE
  5
A13
330
17
100
AcDbEntity
  8
A-WIDOK
370
35
 48
0.05
100
AcDbPolyline
 90
2
 70
0
 10
-6.07593
 20
3.95944
 10
-5.98407
 20
3.95944
  0
LWPOLYLINE
  5
A14
330
17
100
AcDbEntity
  8
A-WIDOK
370
35
 48
0.05
100
AcDbPolyline
 90
4
 70
0
 10
-5.77073
 20
0.61389
 10
-5.97667
 20
0.61389
 10
-5.97667
 20
0.65389
 10
-5.8774
 20
0.65389
  0
LWPOLYLINE
  5
A15
330
17
100
AcDbEntity
  8
A-WIDOK
370
35
 48
0.05
100
AcDbPolyline
 90
4
 70
0
 10
-5.77073
 20
3.76389
 10
-5.97667
 20
3.76389
 10
-5.97667
 20
3.80389
 10
-5.8774
 20
3.80389
  0
LWPOLYLINE
  5
A16
330
17
100
AcDbEntity
  8
A-WIDOK
370
35
 48
0.05
100
AcDbPolyline
 90
2
 70
0
 10
-5.8626
 20
0.65389
 10
-5.77073
 20
0.65389
  0
LWPOLYLINE
  5
A17
330
17
100
AcDbEntity
  8
A-WIDOK
370
35
 48
0.05
100
AcDbPolyline
 90
2
 70
0
 10
-5.8626
 20
3.80389
 10
-5.77073
 20
3.80389
  0
LWPOLYLINE
  5
A18
330
17
100
AcDbEntity
  8
A-WIDOK
370
35
 48
0.05
100
AcDbPolyline
 90
4
 70
0
 10
-5.75593
 20
0.65389
 10
-5.72778
 20
0.65389
 10
-5.72778
 20
0.61389
 10
-5.75593
 20
0.61389
  0
LWPOLYLINE
  5
A19
330
17
100
AcDbEntity
  8
A-WIDOK
370
35
 48
0.05
100
AcDbPolyline
 90
4
 70
0
 10
-5.75593
 20
3.80389
 10
-5.72778
 20
3.80389
 10
-5.72778
 20
3.76389
 10
-5.75593
 20
3.76389
  0
LWPOLYLINE
  5
A1A
330
17
100
AcDbEntity
  8
A-WIDOK
370
35
 48
0.05
100
AcDbPolyline
 90
4
 70
0
 10
-5.5574
 20
0.45833
 10
-5.72778
 20
0.45833
 10
-5.72778
 20
0.49833
 10
-5.66407
 20
0.49833
  0
LWPOLYLINE
  5
A1B
330
17
100
AcDbEntity
  8
A-WIDOK
370
35
 48
0.05
100
AcDbPolyline
 90
4
 70
0
 10
-5.5574
 20
3.60833
 10
-5.72778
 20
3.60833
 10
-5.72778
 20
3.64833
 10
-5.66407
 20
3.64833
  0
LWPOLYLINE
  5
A1C
330
17
100
AcDbEntity
  8
A-WIDOK
370
35
 48
0.05
100
AcDbPolyline
 90
2
 70
0
 10
-5.64927
 20
0.49833
 10
-5.5574
 20
0.49833
  0
LWPOLYLINE
  5
A1D
330
17
100
AcDbEntity
  8
A-WIDOK
370
35
 48
0.05
100
AcDbPolyline
 90
2
 70
0
 10
-5.64927
 20
3.64833
 10
-5.5574
 20
3.64833
  0
LWPOLYLINE
  5
A1E
330
17
100
AcDbEntity
  8
A-WIDOK
370
35
 48
0.05
100
AcDbPolyline
 90
4
 70
0
 10
-5.5426
 20
0.49833
 10
-5.47889
 20
0.49833
 10
-5.47889
 20
0.45833
 10
-5.5426
 20
0.45833
  0
LWPOLYLINE
  5
A1F
330
17
100
AcDbEntity
  8
A-WIDOK
370
35
 48
0.05
100
AcDbPolyline
 90
4
 70
0
 10
-5.5426
 20
3.64833
 10
-5.47889
 20
3.64833
 10
-5.47889
 20
3.60833
 10
-5.5426
 20
3.60833
  0
LWPOLYLINE
  5
A20
330
17
100
AcDbEntity
  8
A-WIDOK
370
35
 48
0.05
100
AcDbPolyline
 90
4
 70
0
 10
-5.34407
 20
0.30278
 10
-5.47889
 20
0.30278
 10
-5.47889
 20
0.34278
 10
-5.34407
 20
0.34278
  0
LWPOLYLINE
  5
A21
330
17
100
AcDbEntity
  8
A-WIDOK
370
35
 48
0.05
100
AcDbPolyline
 90
4
 70
0
 10
-5.34407
 20
3.45278
 10
-5.47889
 20
3.45278
 10
-5.47889
 20
3.49278
 10
-5.34407
 20
3.49278
  0
LWPOLYLINE
  5
A22
330
17
100
AcDbEntity
  8
A-WIDOK
370
35
 48
0.05
100
AcDbPolyline
 90
2
 70
0
 10
-5.2374
 20
0.30278
 10
-5.32927
 20
0.30278
  0
LWPOLYLINE
  5
A23
330
17
100
AcDbEntity
  8
A-WIDOK
370
35
 48
0.05
100
AcDbPolyline
 90
2
 70
0
 10
-5.32927
 20
0.34278
 10
-5.2374
 20
0.34278
  0
LWPOLYLINE
  5
A24
330
17
100
AcDbEntity
  8
A-WIDOK
370
35
 48
0.05
100
AcDbPolyline
 90
2
 70
0
 10
-5.2374
 20
3.45278
 10
-5.32927
 20
3.45278
  0
LWPOLYLINE
  5
A25
330
17
100
AcDbEntity
  8
A-WIDOK
370
35
 48
0.05
100
AcDbPolyline
 90
2
 70
0
 10
-5.32927
 20
3.49278
 10
-5.2374
 20
3.49278
  0
LWPOLYLINE
  5
A26
330
17
100
AcDbEntity
  8
A-WIDOK
370
35
 48
0.05
100
AcDbPolyline
 90
4
 70
0
 10
-7.5484
 20
2.425
 10
-7.5635
 20
2.425
 10
-7.5635
 20
2.475
 10
-7.5414
 20
2.475
  0
LWPOLYLINE
  5
A27
330
17
100
AcDbEntity
  8
A-WIDOK
370
35
 48
0.05
100
AcDbPolyline
 90
4
 70
0
 10
-7.5484
 20
5.575
 10
-7.5635
 20
5.575
 10
-7.5635
 20
5.625
 10
-7.5414
 20
5.625
  0
LWPOLYLINE
  5
A28
330
17
100
AcDbEntity
  8
A-WIDOK
370
35
 48
0.05
100
AcDbPolyline
 90
2
 70
0
 10
-2.705
 20
6.3004
 10
-2.705
 20
8.3746
  0
LWPOLYLINE
  5
A29
330
17
100
AcDbEntity
  8
A-WIDOK
370
35
 48
0.05
100
AcDbPolyline
 90
2
 70
0
 10
-2.545
 20
8.3746
 10
-2.545
 20
6.3004
  0
LWPOLYLINE
  5
A2A
330
17
100
AcDbEntity
  8
A-WIDOK
370
35
 48
0.05
100
AcDbPolyline
 90
2
 70
0
 10
-5.23
 20
0.1754
 10
-5.23
 20
0.2246
  0
LWPOLYLINE
  5
A2B
330
17
100
AcDbEntity
  8
A-WIDOK
370
35
 48
0.05
100
AcDbPolyline
 90
2
 70
0
 10
-5.23
 20
1.0254
 10
-5.23
 20
1.10238
  0
LWPOLYLINE
  5
A2C
330
17
100
AcDbEntity
  8
A-WIDOK
370
35
 48
0.05
100
AcDbPolyline
 90
2
 70
0
 10
-5.23
 20
1.15318
 10
-5.23
 20
2.4996
  0
LWPOLYLINE
  5
A2D
330
17
100
AcDbEntity
  8
A-WIDOK
370
35
 48
0.05
100
AcDbPolyline
 90
2
 70
0
 10
-5.215
 20
2.4996
 10
-5.215
 20
0.0004
  0
LWPOLYLINE
  5
A2E
330
17
100
AcDbEntity
  8
A-WIDOK
370
35
 48
0.05
100
AcDbPolyline
 90
2
 70
0
 10
-5.035
 20
0.0004
 10
-5.035
 20
2.4996
  0
LWPOLYLINE
  5
A2F
330
17
100
AcDbEntity
  8
A-WIDOK
370
35
 48
0.05
100
AcDbPolyline
 90
2
 70
0
 10
-5.02
 20
2.4996
 10
-5.02
 20
0.0004
  0
LWPOLYLINE
  5
A30
330
17
100
AcDbEntity
  8
A-WIDOK
370
35
 48
0.05
100
AcDbPolyline
 90
2
 70
0
 10
-7.47
 20
0.0004
 10
-7.47
 20
1.0846
  0
LWPOLYLINE
  5
A31
330
17
100
AcDbEntity
  8
A-WIDOK
370
35
 48
0.05
100
AcDbPolyline
 90
2
 70
0
 10
-7.47
 20
1.58762
 10
-7.47
 20
1.6246
  0
LWPOLYLINE
  5
A32
330
17
100
AcDbEntity
  8
A-WIDOK
370
35
 48
0.05
100
AcDbPolyline
 90
3
 70
0
 10
-7.47
 20
2.4754
 10
-7.47
 20
2.78
 10
-5.2504
 20
2.78
  0
LWPOLYLINE
  5
A33
330
17
100
AcDbEntity
  8
A-WIDOK
370
35
 48
0.05
100
AcDbPolyline
 90
3
 70
0
 10
-5.2504
 20
3.0
 10
-7.47
 20
3.0
 10
-7.47
 20
4.2346
  0
LWPOLYLINE
  5
A34
330
17
100
AcDbEntity
  8
A-WIDOK
370
35
 48
0.05
100
AcDbPolyline
 90
2
 70
0
 10
-7.47
 20
4.73762
 10
-7.47
 20
4.7746
  0
LWPOLYLINE
  5
A35
330
17
100
AcDbEntity
  8
A-WIDOK
370
35
 48
0.05
100
AcDbPolyline
 90
3
 70
0
 10
-7.47
 20
5.6254
 10
-7.47
 20
5.93
 10
-5.2504
 20
5.93
  0
LWPOLYLINE
  5
A36
330
17
100
AcDbEntity
  8
A-WIDOK
370
35
 48
0.05
100
AcDbPolyline
 90
3
 70
0
 10
-5.2504
 20
6.15
 10
-7.47
 20
6.15
 10
-7.47
 20
9.0696
  0
LWPOLYLINE
  5
A37
330
17
100
AcDbEntity
  8
A-WIDOK
370
35
 48
0.05
100
AcDbPolyline
 90
2
 70
0
 10
-5.125
 20
5.6496
 10
-5.125
 20
3.1504
  0
LWPOLYLINE
  5
A38
330
17
100
AcDbEntity
  8
A-WIDOK
370
35
 48
0.05
100
AcDbPolyline
 90
2
 70
0
 10
-8.88
 20
7.2754
 10
-8.88
 20
8.6246
  0
LWPOLYLINE
  5
A39
330
17
100
AcDbEntity
  8
A-WIDOK
370
35
 48
0.05
100
AcDbPolyline
 90
2
 70
0
 10
-8.79
 20
8.6246
 10
-8.79
 20
7.2754
  0
LWPOLYLINE
  5
A3A
330
17
100
AcDbEntity
  8
A-WIDOK
370
35
 48
0.05
100
AcDbPolyline
 90
5
 70
0
 10
-5.79
 20
2.7804
 10
-5.79
 20
2.8
 10
-5.51
 20
2.8
 10
-5.51
 20
2.975
 10
-5.2504
 20
2.975
  0
LWPOLYLINE
  5
A3B
330
17
100
AcDbEntity
  8
A-WIDOK
370
35
 48
0.05
100
AcDbPolyline
 90
5
 70
0
 10
-5.79
 20
5.9304
 10
-5.79
 20
5.95
 10
-5.51
 20
5.95
 10
-5.51
 20
6.125
 10
-5.2504
 20
6.125
  0
LWPOLYLINE
  5
A3C
330
17
100
AcDbEntity
  8
A-WIDOK
370
35
 48
0.05
100
AcDbPolyline
 90
4
 70
0
 10
-7.4704
 20
2.5125
 10
-7.541
 20
2.5125
 10
-7.541
 20
2.5625
 10
-7.4704
 20
2.5625
  0
LWPOLYLINE
  5
A3D
330
17
100
AcDbEntity
  8
A-WIDOK
370
35
 48
0.05
100
AcDbPolyline
 90
4
 70
0
 10
-7.4704
 20
5.6625
 10
-7.541
 20
5.6625
 10
-7.541
 20
5.7125
 10
-7.4704
 20
5.7125
  0
LWPOLYLINE
  5
A3E
330
17
100
AcDbEntity
  8
A-WIDOK
370
35
 48
0.05
100
AcDbPolyline
 90
4
 70
0
 10
-6.72333
 20
2.9996
 10
-6.72333
 20
2.98889
 10
-6.97222
 20
2.98889
 10
-6.97222
 20
2.9996
  0
LWPOLYLINE
  5
A3F
330
17
100
AcDbEntity
  8
A-WIDOK
370
35
 48
0.05
100
AcDbPolyline
 90
4
 70
0
 10
-6.72333
 20
6.1496
 10
-6.72333
 20
6.13889
 10
-6.97222
 20
6.13889
 10
-6.97222
 20
6.1496
  0
LWPOLYLINE
  5
A40
330
17
100
AcDbEntity
  8
A-WIDOK
370
35
 48
0.05
100
AcDbPolyline
 90
5
 70
0
 10
-6.97222
 20
2.83333
 10
-7.22111
 20
2.83333
 10
-7.22111
 20
2.88333
 10
-6.97222
 20
2.88333
 10
-6.97222
 20
2.83333
  0
LWPOLYLINE
  5
A41
330
17
100
AcDbEntity
  8
A-WIDOK
370
35
 48
0.05
100
AcDbPolyline
 90
5
 70
0
 10
-6.97222
 20
5.98333
 10
-7.22111
 20
5.98333
 10
-7.22111
 20
6.03333
 10
-6.97222
 20
6.03333
 10
-6.97222
 20
5.98333
  0
LWPOLYLINE
  5
A42
330
17
100
AcDbEntity
  8
A-WIDOK
370
35
 48
0.05
100
AcDbPolyline
 90
2
 70
0
 10
-7.477
 20
2.4754
 10
-7.477
 20
2.5121
  0
LWPOLYLINE
  5
A43
330
17
100
AcDbEntity
  8
A-WIDOK
370
35
 48
0.05
100
AcDbPolyline
 90
2
 70
0
 10
-7.477
 20
2.5629
 10
-7.477
 20
2.6
  0
LWPOLYLINE
  5
A44
330
17
100
AcDbEntity
  8
A-WIDOK
370
35
 48
0.05
100
AcDbPolyline
 90
2
 70
0
 10
-7.477
 20
5.6254
 10
-7.477
 20
5.6621
  0
LWPOLYLINE
  5
A45
330
17
100
AcDbEntity
  8
A-WIDOK
370
35
 48
0.05
100
AcDbPolyline
 90
2
 70
0
 10
-7.477
 20
5.7129
 10
-7.477
 20
5.75
  0
LWPOLYLINE
  5
A46
330
17
100
AcDbEntity
  8
A-WIDOK
370
35
 48
0.05
100
AcDbPolyline
 90
4
 70
0
 10
-7.157
 20
2.7804
 10
-7.157
 20
2.8
 10
-7.143
 20
2.8
 10
-7.143
 20
2.7804
  0
LWPOLYLINE
  5
A47
330
17
100
AcDbEntity
  8
A-WIDOK
370
35
 48
0.05
100
AcDbPolyline
 90
4
 70
0
 10
-7.157
 20
5.9304
 10
-7.157
 20
5.95
 10
-7.143
 20
5.95
 10
-7.143
 20
5.9304
  0
LWPOLYLINE
  5
A48
330
17
100
AcDbEntity
  8
A-WIDOK
370
35
 48
0.05
100
AcDbPolyline
 90
2
 70
0
 10
-7.05033
 20
2.7804
 10
-7.05033
 20
2.83293
  0
LWPOLYLINE
  5
A49
330
17
100
AcDbEntity
  8
A-WIDOK
370
35
 48
0.05
100
AcDbPolyline
 90
2
 70
0
 10
-7.05033
 20
5.9304
 10
-7.05033
 20
5.98293
  0
LWPOLYLINE
  5
A4A
330
17
100
AcDbEntity
  8
A-WIDOK
370
35
 48
0.05
100
AcDbPolyline
 90
2
 70
0
 10
-7.03633
 20
2.83293
 10
-7.03633
 20
2.7804
  0
LWPOLYLINE
  5
A4B
330
17
100
AcDbEntity
  8
A-WIDOK
370
35
 48
0.05
100
AcDbPolyline
 90
2
 70
0
 10
-7.03633
 20
5.98293
 10
-7.03633
 20
5.9304
  0
LWPOLYLINE
  5
A4C
330
17
100
AcDbEntity
  8
A-WIDOK
370
35
 48
0.05
100
AcDbPolyline
 90
4
 70
0
 10
-6.94367
 20
2.7804
 10
-6.94367
 20
2.93333
 10
-6.92967
 20
2.93333
 10
-6.92967
 20
2.7804
  0
LWPOLYLINE
  5
A4D
330
17
100
AcDbEntity
  8
A-WIDOK
370
35
 48
0.05
100
AcDbPolyline
 90
4
 70
0
 10
-6.94367
 20
5.9304
 10
-6.94367
 20
6.08333
 10
-6.92967
 20
6.08333
 10
-6.92967
 20
5.9304
  0
LWPOLYLINE
  5
A4E
330
17
100
AcDbEntity
  8
A-WIDOK
370
35
 48
0.05
100
AcDbPolyline
 90
2
 70
0
 10
-6.837
 20
2.7804
 10
-6.837
 20
2.98849
  0
LWPOLYLINE
  5
A4F
330
17
100
AcDbEntity
  8
A-WIDOK
370
35
 48
0.05
100
AcDbPolyline
 90
2
 70
0
 10
-6.837
 20
5.9304
 10
-6.837
 20
6.13849
  0
LWPOLYLINE
  5
A50
330
17
100
AcDbEntity
  8
A-WIDOK
370
35
 48
0.05
100
AcDbPolyline
 90
2
 70
0
 10
-6.823
 20
2.98849
 10
-6.823
 20
2.7804
  0
LWPOLYLINE
  5
A51
330
17
100
AcDbEntity
  8
A-WIDOK
370
35
 48
0.05
100
AcDbPolyline
 90
2
 70
0
 10
-6.823
 20
6.13849
 10
-6.823
 20
5.9304
  0
LWPOLYLINE
  5
A52
330
17
100
AcDbEntity
  8
A-WIDOK
370
35
 48
0.05
100
AcDbPolyline
 90
2
 70
0
 10
-6.73033
 20
2.7804
 10
-6.73033
 20
2.98849
  0
LWPOLYLINE
  5
A53
330
17
100
AcDbEntity
  8
A-WIDOK
370
35
 48
0.05
100
AcDbPolyline
 90
2
 70
0
 10
-6.73033
 20
5.9304
 10
-6.73033
 20
6.13849
  0
LWPOLYLINE
  5
A54
330
17
100
AcDbEntity
  8
A-WIDOK
370
35
 48
0.05
100
AcDbPolyline
 90
2
 70
0
 10
-6.71633
 20
2.9996
 10
-6.71633
 20
2.7804
  0
LWPOLYLINE
  5
A55
330
17
100
AcDbEntity
  8
A-WIDOK
370
35
 48
0.05
100
AcDbPolyline
 90
2
 70
0
 10
-6.71633
 20
6.1496
 10
-6.71633
 20
5.9304
  0
LWPOLYLINE
  5
A56
330
17
100
AcDbEntity
  8
A-WIDOK
370
35
 48
0.05
100
AcDbPolyline
 90
2
 70
0
 10
-6.62367
 20
2.7804
 10
-6.62367
 20
2.9996
  0
LWPOLYLINE
  5
A57
330
17
100
AcDbEntity
  8
A-WIDOK
370
35
 48
0.05
100
AcDbPolyline
 90
2
 70
0
 10
-6.62367
 20
5.9304
 10
-6.62367
 20
6.1496
  0
LWPOLYLINE
  5
A58
330
17
100
AcDbEntity
  8
A-WIDOK
370
35
 48
0.05
100
AcDbPolyline
 90
2
 70
0
 10
-6.60967
 20
2.9996
 10
-6.60967
 20
2.7804
  0
LWPOLYLINE
  5
A59
330
17
100
AcDbEntity
  8
A-WIDOK
370
35
 48
0.05
100
AcDbPolyline
 90
2
 70
0
 10
-6.60967
 20
6.1496
 10
-6.60967
 20
5.9304
  0
LWPOLYLINE
  5
A5A
330
17
100
AcDbEntity
  8
A-WIDOK
370
35
 48
0.05
100
AcDbPolyline
 90
2
 70
0
 10
-6.517
 20
2.7804
 10
-6.517
 20
2.9996
  0
LWPOLYLINE
  5
A5B
330
17
100
AcDbEntity
  8
A-WIDOK
370
35
 48
0.05
100
AcDbPolyline
 90
2
 70
0
 10
-6.517
 20
5.9304
 10
-6.517
 20
6.1496
  0
LWPOLYLINE
  5
A5C
330
17
100
AcDbEntity
  8
A-WIDOK
370
35
 48
0.05
100
AcDbPolyline
 90
2
 70
0
 10
-6.503
 20
2.9996
 10
-6.503
 20
2.7804
  0
LWPOLYLINE
  5
A5D
330
17
100
AcDbEntity
  8
A-WIDOK
370
35
 48
0.05
100
AcDbPolyline
 90
2
 70
0
 10
-6.503
 20
6.1496
 10
-6.503
 20
5.9304
  0
LWPOLYLINE
  5
A5E
330
17
100
AcDbEntity
  8
A-WIDOK
370
35
 48
0.05
100
AcDbPolyline
 90
2
 70
0
 10
-6.41033
 20
2.7804
 10
-6.41033
 20
2.9996
  0
LWPOLYLINE
  5
A5F
330
17
100
AcDbEntity
  8
A-WIDOK
370
35
 48
0.05
100
AcDbPolyline
 90
2
 70
0
 10
-6.41033
 20
5.9304
 10
-6.41033
 20
6.1496
  0
LWPOLYLINE
  5
A60
330
17
100
AcDbEntity
  8
A-WIDOK
370
35
 48
0.05
100
AcDbPolyline
 90
2
 70
0
 10
-6.39633
 20
2.9996
 10
-6.39633
 20
2.7804
  0
LWPOLYLINE
  5
A61
330
17
100
AcDbEntity
  8
A-WIDOK
370
35
 48
0.05
100
AcDbPolyline
 90
2
 70
0
 10
-6.39633
 20
6.1496
 10
-6.39633
 20
5.9304
  0
LWPOLYLINE
  5
A62
330
17
100
AcDbEntity
  8
A-WIDOK
370
35
 48
0.05
100
AcDbPolyline
 90
2
 70
0
 10
-6.30367
 20
2.7804
 10
-6.30367
 20
2.9996
  0
LWPOLYLINE
  5
A63
330
17
100
AcDbEntity
  8
A-WIDOK
370
35
 48
0.05
100
AcDbPolyline
 90
2
 70
0
 10
-6.30367
 20
5.9304
 10
-6.30367
 20
6.1496
  0
LWPOLYLINE
  5
A64
330
17
100
AcDbEntity
  8
A-WIDOK
370
35
 48
0.05
100
AcDbPolyline
 90
2
 70
0
 10
-6.28967
 20
2.9996
 10
-6.28967
 20
2.7804
  0
LWPOLYLINE
  5
A65
330
17
100
AcDbEntity
  8
A-WIDOK
370
35
 48
0.05
100
AcDbPolyline
 90
2
 70
0
 10
-6.28967
 20
6.1496
 10
-6.28967
 20
5.9304
  0
LWPOLYLINE
  5
A66
330
17
100
AcDbEntity
  8
A-WIDOK
370
35
 48
0.05
100
AcDbPolyline
 90
2
 70
0
 10
-6.197
 20
2.7804
 10
-6.197
 20
2.9996
  0
LWPOLYLINE
  5
A67
330
17
100
AcDbEntity
  8
A-WIDOK
370
35
 48
0.05
100
AcDbPolyline
 90
2
 70
0
 10
-6.197
 20
5.9304
 10
-6.197
 20
6.1496
  0
LWPOLYLINE
  5
A68
330
17
100
AcDbEntity
  8
A-WIDOK
370
35
 48
0.05
100
AcDbPolyline
 90
2
 70
0
 10
-6.183
 20
2.9996
 10
-6.183
 20
2.7804
  0
LWPOLYLINE
  5
A69
330
17
100
AcDbEntity
  8
A-WIDOK
370
35
 48
0.05
100
AcDbPolyline
 90
2
 70
0
 10
-6.183
 20
6.1496
 10
-6.183
 20
5.9304
  0
LWPOLYLINE
  5
A6A
330
17
100
AcDbEntity
  8
A-WIDOK
370
35
 48
0.05
100
AcDbPolyline
 90
2
 70
0
 10
-6.09033
 20
2.7804
 10
-6.09033
 20
2.9996
  0
LWPOLYLINE
  5
A6B
330
17
100
AcDbEntity
  8
A-WIDOK
370
35
 48
0.05
100
AcDbPolyline
 90
2
 70
0
 10
-6.09033
 20
5.9304
 10
-6.09033
 20
6.1496
  0
LWPOLYLINE
  5
A6C
330
17
100
AcDbEntity
  8
A-WIDOK
370
35
 48
0.05
100
AcDbPolyline
 90
2
 70
0
 10
-6.07633
 20
2.9996
 10
-6.07633
 20
2.7804
  0
LWPOLYLINE
  5
A6D
330
17
100
AcDbEntity
  8
A-WIDOK
370
35
 48
0.05
100
AcDbPolyline
 90
2
 70
0
 10
-6.07633
 20
6.1496
 10
-6.07633
 20
5.9304
  0
LWPOLYLINE
  5
A6E
330
17
100
AcDbEntity
  8
A-WIDOK
370
35
 48
0.05
100
AcDbPolyline
 90
2
 70
0
 10
-5.98367
 20
2.7804
 10
-5.98367
 20
2.9996
  0
LWPOLYLINE
  5
A6F
330
17
100
AcDbEntity
  8
A-WIDOK
370
35
 48
0.05
100
AcDbPolyline
 90
2
 70
0
 10
-5.98367
 20
5.9304
 10
-5.98367
 20
6.1496
  0
LWPOLYLINE
  5
A70
330
17
100
AcDbEntity
  8
A-WIDOK
370
35
 48
0.05
100
AcDbPolyline
 90
2
 70
0
 10
-5.96967
 20
2.9996
 10
-5.96967
 20
2.7804
  0
LWPOLYLINE
  5
A71
330
17
100
AcDbEntity
  8
A-WIDOK
370
35
 48
0.05
100
AcDbPolyline
 90
2
 70
0
 10
-5.96967
 20
6.1496
 10
-5.96967
 20
5.9304
  0
LWPOLYLINE
  5
A72
330
17
100
AcDbEntity
  8
A-WIDOK
370
35
 48
0.05
100
AcDbPolyline
 90
4
 70
0
 10
-5.863
 20
2.9996
 10
-5.863
 20
2.8
 10
-5.877
 20
2.8
 10
-5.877
 20
2.9996
  0
LWPOLYLINE
  5
A73
330
17
100
AcDbEntity
  8
A-WIDOK
370
35
 48
0.05
100
AcDbPolyline
 90
4
 70
0
 10
-5.863
 20
6.1496
 10
-5.863
 20
5.95
 10
-5.877
 20
5.95
 10
-5.877
 20
6.1496
  0
LWPOLYLINE
  5
A74
330
17
100
AcDbEntity
  8
A-WIDOK
370
35
 48
0.05
100
AcDbPolyline
 90
4
 70
0
 10
-5.75633
 20
2.9996
 10
-5.75633
 20
2.86667
 10
-5.77033
 20
2.86667
 10
-5.77033
 20
2.9996
  0
LWPOLYLINE
  5
A75
330
17
100
AcDbEntity
  8
A-WIDOK
370
35
 48
0.05
100
AcDbPolyline
 90
4
 70
0
 10
-5.75633
 20
6.1496
 10
-5.75633
 20
6.01667
 10
-5.77033
 20
6.01667
 10
-5.77033
 20
6.1496
  0
LWPOLYLINE
  5
A76
330
17
100
AcDbEntity
  8
A-WIDOK
370
35
 48
0.05
100
AcDbPolyline
 90
4
 70
0
 10
-5.64967
 20
2.9996
 10
-5.64967
 20
2.93333
 10
-5.66367
 20
2.93333
 10
-5.66367
 20
2.9996
  0
LWPOLYLINE
  5
A77
330
17
100
AcDbEntity
  8
A-WIDOK
370
35
 48
0.05
100
AcDbPolyline
 90
4
 70
0
 10
-5.64967
 20
6.1496
 10
-5.64967
 20
6.08333
 10
-5.66367
 20
6.08333
 10
-5.66367
 20
6.1496
  0
LWPOLYLINE
  5
A78
330
17
100
AcDbEntity
  8
A-WIDOK
370
35
 48
0.05
100
AcDbPolyline
 90
2
 70
0
 10
-7.4774
 20
1.7125
 10
-7.5336
 20
1.7125
  0
LWPOLYLINE
  5
A79
330
17
100
AcDbEntity
  8
A-WIDOK
370
35
 48
0.05
100
AcDbPolyline
 90
2
 70
0
 10
-7.5336
 20
1.7525
 10
-7.4774
 20
1.7525
  0
LWPOLYLINE
  5
A7A
330
17
100
AcDbEntity
  8
A-WIDOK
370
35
 48
0.05
100
AcDbPolyline
 90
2
 70
0
 10
-7.4774
 20
4.8625
 10
-7.5336
 20
4.8625
  0
LWPOLYLINE
  5
A7B
330
17
100
AcDbEntity
  8
A-WIDOK
370
35
 48
0.05
100
AcDbPolyline
 90
2
 70
0
 10
-7.5336
 20
4.9025
 10
-7.4774
 20
4.9025
  0
LWPOLYLINE
  5
A7C
330
17
100
AcDbEntity
  8
A-WIDOK
370
35
 48
0.05
100
AcDbPolyline
 90
2
 70
0
 10
-5.8774
 20
2.81111
 10
-5.96927
 20
2.81111
  0
LWPOLYLINE
  5
A7D
330
17
100
AcDbEntity
  8
A-WIDOK
370
35
 48
0.05
100
AcDbPolyline
 90
2
 70
0
 10
-5.96927
 20
2.85111
 10
-5.8774
 20
2.85111
  0
LWPOLYLINE
  5
A7E
330
17
100
AcDbEntity
  8
A-WIDOK
370
35
 48
0.05
100
AcDbPolyline
 90
2
 70
0
 10
-5.8774
 20
5.96111
 10
-5.96927
 20
5.96111
  0
LWPOLYLINE
  5
A7F
330
17
100
AcDbEntity
  8
A-WIDOK
370
35
 48
0.05
100
AcDbPolyline
 90
2
 70
0
 10
-5.96927
 20
6.00111
 10
-5.8774
 20
6.00111
  0
LWPOLYLINE
  5
A80
330
17
100
AcDbEntity
  8
A-WIDOK
370
35
 48
0.05
100
AcDbPolyline
 90
4
 70
0
 10
-5.8626
 20
2.85111
 10
-5.72778
 20
2.85111
 10
-5.72778
 20
2.81111
 10
-5.8626
 20
2.81111
  0
LWPOLYLINE
  5
A81
330
17
100
AcDbEntity
  8
A-WIDOK
370
35
 48
0.05
100
AcDbPolyline
 90
4
 70
0
 10
-5.8626
 20
6.00111
 10
-5.72778
 20
6.00111
 10
-5.72778
 20
5.96111
 10
-5.8626
 20
5.96111
  0
LWPOLYLINE
  5
A82
330
17
100
AcDbEntity
  8
A-WIDOK
370
35
 48
0.05
100
AcDbPolyline
 90
3
 70
0
 10
-5.66407
 20
2.96667
 10
-5.72778
 20
2.96667
 10
-5.72778
 20
2.9996
  0
LWPOLYLINE
  5
A83
330
17
100
AcDbEntity
  8
A-WIDOK
370
35
 48
0.05
100
AcDbPolyline
 90
3
 70
0
 10
-5.66407
 20
6.11667
 10
-5.72778
 20
6.11667
 10
-5.72778
 20
6.1496
  0
LWPOLYLINE
  5
A84
330
17
100
AcDbEntity
  8
A-WIDOK
370
35
 48
0.05
100
AcDbPolyline
 90
2
 70
0
 10
-5.5104
 20
2.96667
 10
-5.64927
 20
2.96667
  0
LWPOLYLINE
  5
A85
330
17
100
AcDbEntity
  8
A-WIDOK
370
35
 48
0.05
100
AcDbPolyline
 90
2
 70
0
 10
-5.5104
 20
6.11667
 10
-5.64927
 20
6.11667
  0
LWPOLYLINE
  5
A86
330
17
100
AcDbEntity
  8
A-WIDOK
370
35
 48
0.05
100
AcDbPolyline
 90
2
 70
0
 10
-5.47889
 20
2.9996
 10
-5.47889
 20
2.9754
  0
LWPOLYLINE
  5
A87
330
17
100
AcDbEntity
  8
A-WIDOK
370
35
 48
0.05
100
AcDbPolyline
 90
2
 70
0
 10
-5.47889
 20
6.1496
 10
-5.47889
 20
6.1254
  0
LWPOLYLINE
  5
A88
330
17
100
AcDbEntity
  8
A-WIDOK
370
35
 48
0.05
100
AcDbPolyline
 90
3
 70
0
 10
-5.0196
 20
2.0
 10
-5.015
 20
2.0
 10
-5.015
 20
0.0004
  0
LWPOLYLINE
  5
A89
330
17
100
AcDbEntity
  8
A-WIDOK
370
35
 48
0.05
100
AcDbPolyline
 90
2
 70
0
 10
0.04
 20
0.0304
 10
0.04
 20
2.6646
  0
LWPOLYLINE
  5
A8A
330
17
100
AcDbEntity
  8
A-WIDOK
370
35
 48
0.05
100
AcDbPolyline
 90
2
 70
0
 10
0.13
 20
2.6646
 10
0.13
 20
0.0304
  0
LWPOLYLINE
  5
A8B
330
17
100
AcDbEntity
  8
A-WIDOK
370
35
 48
0.05
100
AcDbPolyline
 90
2
 70
0
 10
-8.645
 20
8.6876
 10
-8.645
 20
7.2044
  0
LWPOLYLINE
  5
A8C
330
17
100
AcDbEntity
  8
A-WIDOK
370
35
 48
0.05
100
AcDbPolyline
 90
2
 70
0
 10
-9.05
 20
7.2044
 10
-9.05
 20
8.6876
  0
LWPOLYLINE
  5
A8D
330
17
100
AcDbEntity
  8
A-WIDOK
370
35
 48
0.05
100
AcDbPolyline
 90
2
 70
0
 10
-7.5504
 20
9.524
 10
-8.5496
 20
9.524
  0
LWPOLYLINE
  5
A8E
330
17
100
AcDbEntity
  8
A-WIDOK
370
35
 48
0.05
100
AcDbPolyline
 90
2
 70
0
 10
-8.5496
 20
9.526
 10
-7.5504
 20
9.526
  0
LWPOLYLINE
  5
A8F
330
17
100
AcDbEntity
  8
A-WIDOK
370
35
 48
0.05
100
AcDbPolyline
 90
2
 70
0
 10
-7.5504
 20
9.3
 10
-8.5496
 20
9.3
  0
LWPOLYLINE
  5
A90
330
17
100
AcDbEntity
  8
A-WIDOK
370
35
 48
0.05
100
AcDbPolyline
 90
2
 70
0
 10
-8.5496
 20
9.304
 10
-7.5504
 20
9.304
  0
LWPOLYLINE
  5
A91
330
17
100
AcDbEntity
  8
A-WIDOK
370
35
 48
0.05
100
AcDbPolyline
 90
2
 70
0
 10
-7.5504
 20
9.07
 10
-8.5496
 20
9.07
  0
LWPOLYLINE
  5
A92
330
17
100
AcDbEntity
  8
A-WIDOK
370
35
 48
0.05
100
AcDbPolyline
 90
2
 70
0
 10
-8.5496
 20
9.08
 10
-7.5504
 20
9.08
  0
LWPOLYLINE
  5
A93
330
17
100
AcDbEntity
  8
A-WIDOK
370
35
 48
0.05
100
AcDbPolyline
 90
2
 70
0
 10
-3.825
 20
3.1504
 10
-3.825
 20
5.5376
  0
LWPOLYLINE
  5
A94
330
17
100
AcDbEntity
  8
A-WIDOK
370
35
 48
0.05
100
AcDbPolyline
 90
2
 70
0
 10
-3.675
 20
5.5376
 10
-3.675
 20
3.1504
  0
LWPOLYLINE
  5
A95
330
17
100
AcDbEntity
  8
A-WIDOK
370
35
 48
0.05
100
AcDbPolyline
 90
2
 70
0
 10
-8.6446
 20
2.78
 10
-7.4704
 20
2.78
  0
LWPOLYLINE
  5
A96
330
17
100
AcDbEntity
  8
A-WIDOK
370
35
 48
0.05
100
AcDbPolyline
 90
2
 70
0
 10
-7.4704
 20
3.0
 10
-8.6446
 20
3.0
  0
LWPOLYLINE
  5
A97
330
17
100
AcDbEntity
  8
A-WIDOK
370
35
 48
0.05
100
AcDbPolyline
 90
2
 70
0
 10
-8.6446
 20
5.93
 10
-7.4704
 20
5.93
  0
LWPOLYLINE
  5
A98
330
17
100
AcDbEntity
  8
A-WIDOK
370
35
 48
0.05
100
AcDbPolyline
 90
2
 70
0
 10
-7.4704
 20
6.15
 10
-8.6446
 20
6.15
  0
LWPOLYLINE
  5
A99
330
17
100
AcDbEntity
  8
A-WIDOK
370
35
 48
0.05
100
AcDbPolyline
 90
2
 70
0
 10
-5.02
 20
5.6496
 10
-5.02
 20
3.1504
  0
LWPOLYLINE
  5
A9A
330
17
100
AcDbEntity
  8
A-WIDOK
370
35
 48
0.05
100
AcDbPolyline
 90
6
 70
0
 10
-4.8
 20
6.3004
 10
-4.8
 20
8.4
 10
-4.775
 20
8.4
 10
-3.925
 20
8.4
 10
-3.9
 20
8.4
 10
-3.9
 20
6.3004
  0
LWPOLYLINE
  5
A9B
330
17
100
AcDbEntity
  8
A-WIDOK
370
35
 48
0.05
100
AcDbPolyline
 90
4
 70
0
 10
-3.925
 20
6.3004
 10
-3.925
 20
8.375
 10
-4.775
 20
8.375
 10
-4.775
 20
6.3004
  0
LWPOLYLINE
  5
A9C
330
17
100
AcDbEntity
  8
A-WIDOK
370
35
 48
0.05
100
AcDbPolyline
 90
2
 70
0
 10
-3.9254
 20
6.31
 10
-4.7746
 20
6.31
  0
LWPOLYLINE
  5
A9D
330
17
100
AcDbEntity
  8
A-WIDOK
370
35
 48
0.05
100
AcDbPolyline
 90
4
 70
0
 10
-8.7696
 20
9.796
 10
-5.145
 20
9.796
 10
-5.145
 20
9.776
 10
-8.7696
 20
9.776
  0
LWPOLYLINE
  5
A9E
330
17
100
AcDbEntity
  8
A-WIDOK
370
35
 48
0.05
100
AcDbPolyline
 90
2
 70
0
 10
-5.175
 20
9.7756
 10
-5.175
 20
9.5264
  0
LWPOLYLINE
  5
A9F
330
17
100
AcDbEntity
  8
A-WIDOK
370
35
 48
0.05
100
AcDbPolyline
 90
3
 70
0
 10
-5.0196
 20
5.25
 10
-5.015
 20
5.25
 10
-5.015
 20
3.1504
  0
LWPOLYLINE
  5
AA0
330
17
100
AcDbEntity
  8
A-WIDOK
370
35
 48
0.05
100
AcDbPolyline
 90
2
 70
0
 10
-0.06
 20
0.0004
 10
-0.06
 20
2.7376
  0
LWPOLYLINE
  5
AA1
330
17
100
AcDbEntity
  8
A-WIDOK
370
35
 48
0.05
100
AcDbPolyline
 90
2
 70
0
 10
0.04
 20
3.9254
 10
0.04
 20
5.2746
  0
LWPOLYLINE
  5
AA2
330
17
100
AcDbEntity
  8
A-WIDOK
370
35
 48
0.05
100
AcDbPolyline
 90
2
 70
0
 10
0.13
 20
5.2746
 10
0.13
 20
3.9254
  0
LWPOLYLINE
  5
AA3
330
17
100
AcDbEntity
  8
A-WIDOK
370
35
 48
0.05
100
AcDbPolyline
 90
2
 70
0
 10
-0.05
 20
3.8544
 10
-0.05
 20
5.3376
  0
LWPOLYLINE
  5
AA4
330
17
100
AcDbEntity
  8
A-WIDOK
370
35
 48
0.05
100
AcDbPolyline
 90
2
 70
0
 10
-0.105
 20
0.0004
 10
-0.105
 20
2.7376
  0
LWPOLYLINE
  5
AA5
330
17
100
AcDbEntity
  8
A-WIDOK
370
35
 48
0.05
100
AcDbPolyline
 90
2
 70
0
 10
0.3
 20
2.7376
 10
0.3
 20
0.0004
  0
LWPOLYLINE
  5
AA6
330
17
100
AcDbEntity
  8
A-WIDOK
370
35
 48
0.05
100
AcDbPolyline
 90
4
 70
0
 10
-9.0504
 20
6.66
 10
-9.18
 20
6.66
 10
-9.18
 20
6.68
 10
-9.0504
 20
6.68
  0
LWPOLYLINE
  5
AA7
330
17
100
AcDbEntity
  8
A-WIDOK
370
35
 48
0.05
100
AcDbPolyline
 90
3
 70
0
 10
-9.0504
 20
5.93
 10
-9.15
 20
5.93
 10
-9.15
 20
6.6596
  0
LWPOLYLINE
  5
AA8
330
17
100
AcDbEntity
  8
A-WIDOK
370
35
 48
0.05
100
AcDbPolyline
 90
4
 70
0
 10
0.3004
 20
6.904
 10
0.34
 20
6.904
 10
0.34
 20
6.875
 10
0.3004
 20
6.875
  0
LWPOLYLINE
  5
AA9
330
17
100
AcDbEntity
  8
A-WIDOK
370
35
 48
0.05
100
AcDbPolyline
 90
4
 70
0
 10
-9.0504
 20
3.05
 10
-10.35
 20
3.05
 10
-10.35
 20
3.052
 10
-9.0504
 20
3.052
  0
LWPOLYLINE
  5
AAA
330
17
100
AcDbEntity
  8
A-WIDOK
370
35
 48
0.05
100
AcDbPolyline
 90
4
 70
0
 10
-9.0504
 20
-0.05
 10
-10.35
 20
-0.05
 10
-10.35
 20
-0.02
 10
-9.0504
 20
-0.02
  0
LWPOLYLINE
  5
AAB
330
17
100
AcDbEntity
  8
A-WIDOK
370
35
 48
0.05
100
AcDbPolyline
 90
2
 70
0
 10
-10.35
 20
-0.2247
 10
-10.35
 20
-0.0504
  0
LWPOLYLINE
  5
AAC
330
17
100
AcDbEntity
  8
A-WIDOK
370
35
 48
0.05
100
AcDbPolyline
 90
5
 70
0
 10
-9.07
 20
2.785
 10
-10.35
 20
2.785
 10
-10.35
 20
2.8
 10
-9.07
 20
2.8
 10
-9.07
 20
2.785
  0
LWPOLYLINE
  5
AAD
330
17
100
AcDbEntity
  8
A-WIDOK
370
35
 48
0.05
100
AcDbPolyline
 90
2
 70
0
 10
-10.35
 20
2.8004
 10
-10.35
 20
3.0496
  0
LWPOLYLINE
  5
AAE
330
17
100
AcDbEntity
  8
A-WIDOK
370
35
 48
0.05
100
AcDbPolyline
 90
2
 70
0
 10
-9.0504
 20
2.8
 10
-9.0696
 20
2.8
  0
LWPOLYLINE
  5
AAF
330
17
100
AcDbEntity
  8
A-WIDOK
370
35
 48
0.05
100
AcDbPolyline
 90
4
 70
0
 10
-9.0504
 20
4.725
 10
-9.09
 20
4.725
 10
-9.09
 20
4.754
 10
-9.0504
 20
4.754
  0
LWPOLYLINE
  5
AB0
330
17
100
AcDbEntity
  8
A-WIDOK
370
35
 48
0.05
100
AcDbPolyline
 90
2
 70
0
 10
-0.105
 20
3.8544
 10
-0.105
 20
5.3376
  0
LWPOLYLINE
  5
AB1
330
17
100
AcDbEntity
  8
A-WIDOK
370
35
 48
0.05
100
AcDbPolyline
 90
2
 70
0
 10
0.3
 20
5.3376
 10
0.3
 20
3.8544
  0
LWPOLYLINE
  5
AB2
330
17
100
AcDbEntity
  8
A-WIDOK
370
35
 48
0.05
100
AcDbPolyline
 90
2
 70
0
 10
1.3
 20
5.3346
 10
1.3
 20
3.8504
  0
LWPOLYLINE
  5
AB3
330
17
100
AcDbEntity
  8
A-WIDOK
370
35
 48
0.05
100
AcDbPolyline
 90
5
 70
0
 10
-9.2
 20
3.85
 10
-9.805
 20
3.85
 10
-9.805
 20
3.87
 10
-9.2
 20
3.87
 10
-9.2
 20
3.85
  0
LWPOLYLINE
  5
AB4
330
17
100
AcDbEntity
  8
A-WIDOK
370
35
 48
0.05
100
AcDbPolyline
 90
4
 70
0
 10
-9.23
 20
2.7846
 10
-9.23
 20
2.76
 10
-9.775
 20
2.76
 10
-9.775
 20
2.7846
  0
LWPOLYLINE
  5
AB5
330
17
100
AcDbEntity
  8
A-WIDOK
370
35
 48
0.05
100
AcDbPolyline
 90
2
 70
0
 10
-9.775
 20
3.0524
 10
-9.775
 20
3.8496
  0
LWPOLYLINE
  5
AB6
330
17
100
AcDbEntity
  8
A-WIDOK
370
35
 48
0.05
100
AcDbPolyline
 90
2
 70
0
 10
-9.23
 20
3.8496
 10
-9.23
 20
3.0524
  0
LWPOLYLINE
  5
AB7
330
17
100
AcDbEntity
  8
A-WIDOK
370
35
 48
0.05
100
AcDbPolyline
 90
2
 70
0
 10
-9.0504
 20
3.1935
 10
-9.2296
 20
3.1935
  0
LWPOLYLINE
  5
AB8
330
17
100
AcDbEntity
  8
A-WIDOK
370
35
 48
0.05
100
AcDbPolyline
 90
2
 70
0
 10
-9.2296
 20
3.194
 10
-9.0504
 20
3.194
  0
LWPOLYLINE
  5
AB9
330
17
100
AcDbEntity
  8
A-WIDOK
370
35
 48
0.05
100
AcDbPolyline
 90
2
 70
0
 10
-9.0504
 20
3.223
 10
-9.2296
 20
3.223
  0
LWPOLYLINE
  5
ABA
330
17
100
AcDbEntity
  8
A-WIDOK
370
35
 48
0.05
100
AcDbPolyline
 90
2
 70
0
 10
-9.2296
 20
3.225
 10
-9.0504
 20
3.225
  0
LWPOLYLINE
  5
ABB
330
17
100
AcDbEntity
  8
A-WIDOK
370
35
 48
0.05
100
AcDbPolyline
 90
2
 70
0
 10
-9.0504
 20
3.198
 10
-9.2296
 20
3.198
  0
LWPOLYLINE
  5
ABC
330
17
100
AcDbEntity
  8
A-WIDOK
370
35
 48
0.05
100
AcDbPolyline
 90
2
 70
0
 10
-9.0504
 20
3.184
 10
-9.2296
 20
3.184
  0
LWPOLYLINE
  5
ABD
330
17
100
AcDbEntity
  8
A-WIDOK
370
35
 48
0.05
100
AcDbPolyline
 90
2
 70
0
 10
-9.2296
 20
3.305
 10
-9.0504
 20
3.305
  0
LWPOLYLINE
  5
ABE
330
17
100
AcDbEntity
  8
A-WIDOK
370
35
 48
0.05
100
AcDbPolyline
 90
2
 70
0
 10
-9.675
 20
-0.0196
 10
-9.675
 20
2.7596
  0
LWPOLYLINE
  5
ABF
330
17
100
AcDbEntity
  8
A-WIDOK
370
35
 48
0.05
100
AcDbPolyline
 90
2
 70
0
 10
-9.1996
 20
3.85
 10
-9.0504
 20
3.85
  0
LWPOLYLINE
  5
AC0
330
17
100
AcDbEntity
  8
A-WIDOK
370
35
 48
0.05
100
AcDbPolyline
 90
5
 70
0
 10
-2.72
 20
3.98
 10
-2.72
 20
4.004
 10
-1.18
 20
4.004
 10
-1.18
 20
3.98
 10
-2.72
 20
3.98
  0
LWPOLYLINE
  5
AC1
330
17
100
AcDbEntity
  8
A-WIDOK
370
35
 48
0.05
100
AcDbPolyline
 90
6
 70
0
 10
-1.25
 20
0.0004
 10
-1.25
 20
2.1
 10
-1.225
 20
2.1
 10
-0.375
 20
2.1
 10
-0.35
 20
2.1
 10
-0.35
 20
0.0004
  0
LWPOLYLINE
  5
AC2
330
17
100
AcDbEntity
  8
A-WIDOK
370
35
 48
0.05
100
AcDbPolyline
 90
4
 70
0
 10
-0.375
 20
0.0004
 10
-0.375
 20
2.075
 10
-1.225
 20
2.075
 10
-1.225
 20
0.0004
  0
LWPOLYLINE
  5
AC3
330
17
100
AcDbEntity
  8
A-WIDOK
370
35
 48
0.05
100
AcDbPolyline
 90
4
 70
0
 10
-1.212
 20
4.0044
 10
-1.212
 20
5.488
 10
-2.688
 20
5.488
 10
-2.688
 20
4.0044
  0
LWPOLYLINE
  5
AC4
330
17
100
AcDbEntity
  8
A-WIDOK
370
35
 48
0.05
100
AcDbPolyline
 90
2
 70
0
 10
-0.3754
 20
0.01
 10
-1.2246
 20
0.01
  0
LWPOLYLINE
  5
AC5
330
17
100
AcDbEntity
  8
A-WIDOK
370
35
 48
0.05
100
AcDbPolyline
 90
2
 70
0
 10
0.0196
 20
9.776
 10
-5.1446
 20
9.776
  0
LWPOLYLINE
  5
AC6
330
17
100
AcDbEntity
  8
A-WIDOK
370
35
 48
0.05
100
AcDbPolyline
 90
2
 70
0
 10
-5.1446
 20
9.796
 10
0.0196
 20
9.796
  0
LWPOLYLINE
  5
AC7
330
17
100
AcDbEntity
  8
A-WIDOK
370
35
 48
0.05
100
AcDbPolyline
 90
5
 70
0
 10
-1.275
 20
4.075
 10
-1.275
 20
5.425
 10
-2.625
 20
5.425
 10
-2.625
 20
4.075
 10
-1.275
 20
4.075
  0
LWPOLYLINE
  5
AC8
330
17
100
AcDbEntity
  8
A-WIDOK
370
35
 48
0.05
100
AcDbPolyline
 90
2
 70
0
 10
0.3196
 20
3.635
 10
0.3004
 20
3.635
  0
LWPOLYLINE
  5
AC9
330
17
100
AcDbEntity
  8
A-WIDOK
370
35
 48
0.05
100
AcDbPolyline
 90
2
 70
0
 10
0.3196
 20
5.935
 10
0.3004
 20
5.935
  0
LWPOLYLINE
  5
ACA
330
17
100
AcDbEntity
  8
A-WIDOK
370
35
 48
0.05
100
AcDbPolyline
 90
2
 70
0
 10
0.3196
 20
9.065
 10
0.3004
 20
9.065
  0
LWPOLYLINE
  5
ACB
330
17
100
AcDbEntity
  8
A-WIDOK
370
35
 48
0.05
100
AcDbPolyline
 90
2
 70
0
 10
0.4
 20
3.6346
 10
0.4
 20
3.0524
  0
LWPOLYLINE
  5
ACC
330
17
100
AcDbEntity
  8
A-WIDOK
370
35
 48
0.05
100
AcDbPolyline
 90
2
 70
0
 10
-9.1996
 20
3.87
 10
-9.0504
 20
3.87
  0
LWPOLYLINE
  5
ACD
330
17
100
AcDbEntity
  8
A-SCIANY-IZOL
370
50
 48
0.05
100
AcDbPolyline
 90
12
 70
1
 10
-8.644999999994251
 20
-0.14499999999425248
 10
-8.645
 20
-0.14499999987726966
 10
-8.645
 20
-0.08000000012273034
 10
-8.644999999994251
 20
-0.08000000000574765
 10
-8.644999999877257
 20
-0.08
 10
-0.10500000012274327
 20
-0.08
 10
-0.10500000000574762
 20
-0.08000000000574763
 10
-0.105
 20
-0.08000000012274328
 10
-0.105
 20
-0.14499999987725673
 10
-0.10500000000574762
 20
-0.1449999999942524
 10
-0.10500000012274306
 20
-0.14500000000000002
 10
-8.644999999877257
 20
-0.14500000000000002
  0
LWPOLYLINE
  5
ACE
330
17
100
AcDbEntity
  8
A-SCIANY-IZOL
370
50
 48
0.05
100
AcDbPolyline
 90
12
 70
1
 10
-2.549999999994252
 20
6.180000000005747
 10
-2.55
 20
6.1800000001227415
 10
-2.55
 20
6.219999999877258
 10
-2.549999999994252
 20
6.219999999994252
 10
-2.5499999998772696
 20
6.22
 10
-0.10500000012273034
 20
6.22
 10
-0.10500000000574765
 20
6.219999999994252
 10
-0.105
 20
6.219999999877256
 10
-0.105
 20
6.180000000122743
 10
-0.10500000000574765
 20
6.180000000005747
 10
-0.10500000012273034
 20
6.18
 10
-2.5499999998772696
 20
6.18
  0
LWPOLYLINE
  5
ACF
330
17
100
AcDbEntity
  8
A-SCIANY-IZOL
370
50
 48
0.05
100
AcDbPolyline
 90
12
 70
1
 10
-3.674999999994252
 20
3.0300000000057477
 10
-3.675
 20
3.030000000122741
 10
-3.675
 20
3.0699999998772585
 10
-3.674999999994252
 20
3.069999999994252
 10
-3.6749999998772584
 20
3.07
 10
-0.12500000012274165
 20
3.07
 10
-0.12500000000574762
 20
3.069999999994252
 10
-0.125
 20
3.0699999998772567
 10
-0.125
 20
3.030000000122743
 10
-0.12500000000574762
 20
3.0300000000057477
 10
-0.12500000012274165
 20
3.03
 10
-3.6749999998772584
 20
3.03
  0
LWPOLYLINE
  5
AD0
330
17
100
AcDbEntity
  8
A-SCIANY-IZOL
370
50
 48
0.05
100
AcDbPolyline
 90
12
 70
1
 10
-5.019999999994252
 20
6.180000000005747
 10
-5.02
 20
6.18000000012273
 10
-5.02
 20
6.2199999998772695
 10
-5.019999999994252
 20
6.219999999994252
 10
-5.019999999877269
 20
6.22
 10
-2.7000000001227304
 20
6.22
 10
-2.700000000005748
 20
6.219999999994252
 10
-2.7
 20
6.219999999877258
 10
-2.7
 20
6.1800000001227415
 10
-2.700000000005748
 20
6.180000000005747
 10
-2.7000000001227304
 20
6.18
 10
-5.019999999877269
 20
6.18
  0
LWPOLYLINE
  5
AD1
330
17
100
AcDbEntity
  8
A-SCIANY-IZOL
370
50
 48
0.05
100
AcDbPolyline
 90
12
 70
1
 10
-5.229999999994253
 20
3.0300000000057477
 10
-5.23
 20
3.03000000012273
 10
-5.23
 20
3.0699999998772696
 10
-5.229999999994253
 20
3.069999999994252
 10
-5.229999999877259
 20
3.07
 10
-3.8250000001227416
 20
3.07
 10
-3.825000000005748
 20
3.069999999994252
 10
-3.825
 20
3.0699999998772585
 10
-3.825
 20
3.030000000122741
 10
-3.825000000005748
 20
3.0300000000057477
 10
-3.8250000001227416
 20
3.03
 10
-5.229999999877259
 20
3.03
  0
LWPOLYLINE
  5
AD2
330
17
100
AcDbEntity
  8
A-SCIANY-IZOL
370
50
 48
0.05
100
AcDbPolyline
 90
17
 70
1
 10
-9.049999999999972
 20
5.929999999938309
 10
-9.049999999994434
 20
5.929999999994431
 10
-9.049999999937732
 20
5.929999999999995
 10
-8.84000000006268
 20
5.93
 10
-8.840000000005563
 20
5.929999999994401
 10
-8.840000000000039
 20
5.929999999938422
 10
-8.84
 20
5.929999999936862
 10
-8.84
 20
3.0000000000628253
 10
-8.840000000000016
 20
3.000000000062156
 10
-8.840000000005595
 20
3.0000000000055618
 10
-8.840000000061757
 20
3.0000000000000284
 10
-8.840000000062917
 20
3.0
 10
-9.049999999937377
 20
3.0
 10
-9.049999999994439
 20
3.000000000005596
 10
-9.049999999999962
 20
3.0000000000615494
 10
-9.05
 20
3.000000000063138
 10
-9.05
 20
5.929999999937174
  0
LWPOLYLINE
  5
AD3
330
17
100
AcDbEntity
  8
A-SCIANY-IZOL
370
50
 48
0.05
100
AcDbPolyline
 90
32
 70
1
 10
-9.049999999994252
 20
-0.3999999999942524
 10
-9.05
 20
-0.39999999987726964
 10
-9.05
 20
2.7799999998772695
 10
-9.049999999994252
 20
2.7799999999942524
 10
-9.049999999877258
 20
2.78
 10
-8.840000000122743
 20
2.78
 10
-8.840000000005748
 20
2.7799999999942524
 10
-8.84
 20
2.7799999998772695
 10
-8.84
 20
-0.14999999987726964
 10
-8.840000000005748
 20
-0.14999999999425245
 10
-8.840000000122743
 20
-0.15
 10
-8.84999999498
 20
-0.15
 10
-8.849999995470085
 20
-0.15000000002407635
 10
-8.84999999595545
 20
-0.1500000000960736
 10
-8.849999996431423
 20
-0.1500000002152983
 10
-8.849999996893416
 20
-0.15000000038060232
 10
-8.849999997336983
 20
-0.15000000059039367
 10
-8.84999999775785
 20
-0.15000000084265194
 10
-8.849999998151965
 20
-0.1500000011349477
 10
-8.849999998515534
 20
-0.1500000014644661
 10
-8.849999998845052
 20
-0.15000000182803358
 10
-8.849999999137347
 20
-0.15000000222214882
 10
-8.849999999389606
 20
-0.1500000026430163
 10
-8.849999999599397
 20
-0.15000000308658282
 10
-8.849999999764702
 20
-0.1500000035485766
 10
-8.849999999883925
 20
-0.15000000402454838
 10
-8.849999999955923
 20
-0.1500000045099143
 10
-8.84999999998
 20
-0.150000005
 10
-8.85
 20
-0.39999999987726964
 10
-8.850000000005748
 20
-0.3999999999942524
 10
-8.850000000122742
 20
-0.4
 10
-9.049999999877258
 20
-0.4
  0
LWPOLYLINE
  5
AD4
330
17
100
AcDbEntity
  8
A-SCIANY-IZOL
370
50
 48
0.05
100
AcDbPolyline
 90
12
 70
1
 10
0.09000000000574765
 20
6.150000000005747
 10
0.09
 20
6.150000000122743
 10
0.09
 20
9.079999999877257
 10
0.09000000000574765
 20
9.079999999994252
 10
0.09000000012273034
 20
9.08
 10
0.2899999998772696
 20
9.08
 10
0.28999999999425236
 20
9.079999999994252
 10
0.29
 20
9.079999999877257
 10
0.29
 20
6.150000000122742
 10
0.28999999999425236
 20
6.150000000005747
 10
0.2899999998772696
 20
6.1499999999999995
 10
0.09000000012273034
 20
6.1499999999999995
  0
LWPOLYLINE
  5
AD5
330
17
100
AcDbEntity
  8
A-SCIANY-IZOL
370
50
 48
0.05
100
AcDbPolyline
 90
12
 70
1
 10
-8.449999999994251
 20
-0.6001999999942522
 10
-8.45
 20
-0.6001999998772696
 10
-8.45
 20
-0.4000000001227304
 10
-8.449999999994251
 20
-0.40000000000574765
 10
-8.449999999877257
 20
-0.4
 10
-0.5000000001227434
 20
-0.4
 10
-0.5000000000057476
 20
-0.40000000000574765
 10
-0.5
 20
-0.4000000001227434
 10
-0.5
 20
-0.6001999998772567
 10
-0.5000000000057476
 20
-0.6001999999942523
 10
-0.5000000001227439
 20
-0.6002
 10
-8.449999999877255
 20
-0.6002
  0
LWPOLYLINE
  5
AD6
330
17
100
AcDbEntity
  8
A-SCIANY-IZOL
370
50
 48
0.05
100
AcDbPolyline
 90
12
 70
1
 10
-7.549999999994253
 20
9.304000000005749
 10
-7.55
 20
9.30400000012273
 10
-7.55
 20
9.52399999987727
 10
-7.549999999994253
 20
9.523999999994253
 10
-7.5499999998772696
 20
9.524000000000001
 10
0.049999999877269656
 20
9.524000000000001
 10
0.04999999999425235
 20
9.523999999994253
 10
0.05
 20
9.523999999877258
 10
0.05
 20
9.304000000122743
 10
0.04999999999425235
 20
9.304000000005749
 10
0.049999999877269656
 20
9.304
 10
-7.5499999998772696
 20
9.304
  0
LWPOLYLINE
  5
AD7
330
17
100
AcDbEntity
  8
A-SCIANY-IZOL
370
50
 48
0.05
100
AcDbPolyline
 90
12
 70
1
 10
-8.799999999994252
 20
9.304000000005749
 10
-8.8
 20
9.30400000012273
 10
-8.8
 20
9.52399999987727
 10
-8.799999999994252
 20
9.523999999994253
 10
-8.79999999987727
 20
9.524000000000001
 10
-8.550000000122731
 20
9.524000000000001
 10
-8.550000000005749
 20
9.523999999994253
 10
-8.55
 20
9.52399999987727
 10
-8.55
 20
9.30400000012273
 10
-8.550000000005749
 20
9.304000000005749
 10
-8.550000000122731
 20
9.304
 10
-8.79999999987727
 20
9.304
  0
LWPOLYLINE
  5
AD8
330
17
100
AcDbEntity
  8
A-WARSTWY
370
35
 48
0.05
100
AcDbPolyline
 90
12
 70
1
 10
-2.6449999999942526
 20
8.374999999994252
 10
-2.6449999998772697
 20
8.375
 10
-2.6050000001227303
 20
8.375
 10
-2.6050000000057474
 20
8.374999999994252
 10
-2.605
 20
8.374999999877257
 10
-2.605
 20
6.310000000122741
 10
-2.605000000005748
 20
6.310000000005747
 10
-2.6050000001227303
 20
6.31
 10
-2.6449999998772697
 20
6.31
 10
-2.644999999994252
 20
6.310000000005747
 10
-2.645
 20
6.310000000122741
 10
-2.645
 20
8.374999999877257
  0
LWPOLYLINE
  5
AD9
330
17
100
AcDbEntity
  8
A-WARSTWY
370
35
 48
0.05
100
AcDbPolyline
 90
52
 70
1
 10
-8.644999999994251
 20
-0.07999999999425235
 10
-8.645
 20
-0.07999999987726966
 10
-8.645
 20
-1.227303526969191e-10
 10
-8.644999999994251
 20
-5.747651178642228e-12
 10
-8.644999999877257
 20
0.0
 10
-5.510000000122743
 20
0.0
 10
-5.510000000005747
 20
-5.747655326537462e-12
 10
-5.51
 20
-1.227303526969195e-10
 10
-5.51
 20
-0.01999999496
 10
-5.509999999975923
 20
-0.0199999954500857
 10
-5.5099999999039255
 20
-0.019999995935451608
 10
-5.509999999784701
 20
-0.019999996411423387
 10
-5.509999999619397
 20
-0.01999999687341716
 10
-5.509999999409605
 20
-0.019999997316983684
 10
-5.509999999157348
 20
-0.019999997737851164
 10
-5.509999998865052
 20
-0.019999998131966422
 10
-5.509999998535533
 20
-0.019999998495533907
 10
-5.509999998171966
 20
-0.019999998825052268
 10
-5.50999999777785
 20
-0.019999999117348063
 10
-5.509999997356983
 20
-0.019999999369606322
 10
-5.509999996913416
 20
-0.019999999579397663
 10
-5.509999996451422
 20
-0.01999999974470168
 10
-5.509999995975451
 20
-0.0199999998639264
 10
-5.509999995490085
 20
-0.019999999935923635
 10
-5.509999994999999
 20
-0.01999999996
 10
-5.230000005000001
 20
-0.02
 10
-5.2300000045099155
 20
-0.019999999975923635
 10
-5.230000004024549
 20
-0.0199999999039264
 10
-5.230000003548578
 20
-0.01999999978470168
 10
-5.230000003086584
 20
-0.019999999619397663
 10
-5.230000002643017
 20
-0.019999999409606322
 10
-5.23000000222215
 20
-0.019999999157348063
 10
-5.230000001828034
 20
-0.019999998865052267
 10
-5.230000001464467
 20
-0.019999998535533907
 10
-5.230000001134949
 20
-0.019999998171966422
 10
-5.230000000842653
 20
-0.019999997777851164
 10
-5.230000000590395
 20
-0.019999997356983684
 10
-5.2300000003806035
 20
-0.01999999691341716
 10
-5.230000000215299
 20
-0.019999996451423387
 10
-5.230000000096075
 20
-0.019999995975451608
 10
-5.230000000024077
 20
-0.0199999954900857
 10
-5.23
 20
-0.019999995
 10
-5.23
 20
-1.227303526969191e-10
 10
-5.229999999994253
 20
-5.74765532653786e-12
 10
-5.229999999877257
 20
0.0
 10
-0.10500000012274312
 20
0.0
 10
-0.10500000000574762
 20
-5.7476194184117215e-12
 10
-0.105
 20
-1.227432797498411e-10
 10
-0.105
 20
-0.07999999987725673
 10
-0.10500000000574762
 20
-0.07999999999425238
 10
-0.10500000012274327
 20
-0.08
 10
-8.644999999877257
 20
-0.08
  0
LWPOLYLINE
  5
ADA
330
17
100
AcDbEntity
  8
A-WARSTWY
370
35
 48
0.05
100
AcDbPolyline
 90
14
 70
1
 10
-2.549999999999982
 20
6.299999999938095
 10
-2.549999999994431
 20
6.299999999994429
 10
-2.5499999999376985
 20
6.299999999999997
 10
-0.10500000006273037
 20
6.3
 10
-0.10500000000557061
 20
6.299999999994397
 10
-0.10500000000000136
 20
6.299999999937646
 10
-0.105
 20
6.2200000000625755
 10
-0.10500000000559977
 20
6.220000000005567
 10
-0.1050000000623024
 20
6.220000000000002
 10
-2.5499999999373033
 20
6.22
 10
-2.549999999994434
 20
6.2200000000056
 10
-2.5499999999999723
 20
6.220000000061806
 10
-2.55
 20
6.2200000000629165
 10
-2.55
 20
6.299999999937378
  0
LWPOLYLINE
  5
ADB
330
17
100
AcDbEntity
  8
A-WARSTWY
370
35
 48
0.05
100
AcDbPolyline
 90
16
 70
1
 10
-3.675
 20
3.1499999999373878
 10
-3.6749999999944025
 20
3.149999999994437
 10
-3.674999999938207
 20
3.1499999999999724
 10
-3.6749999999370937
 20
3.15
 10
-0.12500000006262668
 20
3.15
 10
-0.12500000000556355
 20
3.1499999999944026
 10
-0.1250000000000256
 20
3.149999999938169
 10
-0.125
 20
3.1499999999371306
 10
-0.125
 20
3.0700000000625773
 10
-0.12500000000559724
 20
3.070000000005563
 10
-0.1250000000617879
 20
3.0700000000000274
 10
-0.12500000006290235
 20
3.07
 10
-3.6749999999373877
 20
3.07
 10
-3.6749999999944367
 20
3.070000000005597
 10
-3.6749999999999723
 20
3.0700000000617926
 10
-3.675
 20
3.070000000062906
  0
LWPOLYLINE
  5
ADC
330
17
100
AcDbEntity
  8
A-WARSTWY
370
35
 48
0.05
100
AcDbPolyline
 90
13
 70
1
 10
-5.02
 20
6.299999999937667
 10
-5.019999999994427
 20
6.299999999994427
 10
-5.019999999937699
 20
6.299999999999996
 10
-2.7000000000626967
 20
6.3
 10
-2.700000000005566
 20
6.2999999999944
 10
-2.7000000000000277
 20
6.299999999938193
 10
-2.7
 20
6.299999999937083
 10
-2.7
 20
6.220000000062622
 10
-2.7000000000055997
 20
6.220000000005567
 10
-2.7000000000623015
 20
6.220000000000002
 10
-5.019999999937296
 20
6.22
 10
-5.019999999994431
 20
6.2200000000056015
 10
-5.019999999999996
 20
6.2200000000623
  0
LWPOLYLINE
  5
ADD
330
17
100
AcDbEntity
  8
A-WARSTWY
370
35
 48
0.05
100
AcDbPolyline
 90
21
 70
1
 10
-5.230000000000015
 20
3.135000000003616
 10
-5.23
 20
3.1499999999373034
 10
-5.2299999999944005
 20
3.149999999994434
 10
-5.229999999938194
 20
3.1499999999999724
 10
-5.229999999937084
 20
3.15
 10
-3.825000000056969
 20
3.15
 10
-3.825000000031538
 20
3.1499999999984376
 10
-3.82500000000541
 20
3.1499999999945616
 10
-3.8250000000015656
 20
3.149999999968656
 10
-3.825
 20
3.1499999999432378
 10
-3.825
 20
3.070000000056871
 10
-3.825000000001551
 20
3.070000000031622
 10
-3.825000000005438
 20
3.0700000000054093
 10
-3.8250000000312494
 20
3.070000000001578
 10
-3.8250000000568694
 20
3.07
 10
-5.229999999943298
 20
3.07
 10
-5.22999999996812
 20
3.070000000001521
 10
-5.22999999999459
 20
3.07000000000544
 10
-5.229999999998243
 20
3.070000000030037
 10
-5.23
 20
3.070000000058772
 10
-5.23
 20
3.1349999999963574
  0
LWPOLYLINE
  5
ADE
330
17
100
AcDbEntity
  8
A-WARSTWY
370
35
 48
0.05
100
AcDbPolyline
 90
32
 70
1
 10
-8.644999999994251
 20
-0.8001999999942523
 10
-8.645
 20
-0.8001999998772696
 10
-8.645
 20
-0.7000000001227303
 10
-8.644999999994251
 20
-0.7000000000057477
 10
-8.644999999877255
 20
-0.7
 10
-8.450000005
 20
-0.7
 10
-8.450000004509914
 20
-0.6999999999759237
 10
-8.450000004024549
 20
-0.6999999999039264
 10
-8.450000003548576
 20
-0.6999999997847016
 10
-8.450000003086583
 20
-0.6999999996193976
 10
-8.450000002643016
 20
-0.6999999994096063
 10
-8.450000002222149
 20
-0.699999999157348
 10
-8.450000001828034
 20
-0.6999999988650523
 10
-8.450000001464465
 20
-0.6999999985355339
 10
-8.450000001134947
 20
-0.6999999981719665
 10
-8.450000000842651
 20
-0.6999999977778512
 10
-8.450000000590393
 20
-0.6999999973569837
 10
-8.450000000380602
 20
-0.6999999969134172
 10
-8.450000000215297
 20
-0.6999999964514234
 10
-8.450000000096074
 20
-0.6999999959754516
 10
-8.450000000024076
 20
-0.6999999954900857
 10
-8.45
 20
-0.699999995
 10
-8.45
 20
-0.6002000001227304
 10
-8.449999999994251
 20
-0.6002000000057478
 10
-8.449999999877255
 20
-0.6002000000000001
 10
-0.5000000001227439
 20
-0.6002000000000001
 10
-0.5000000000057476
 20
-0.6002000000057477
 10
-0.5
 20
-0.6002000001227433
 10
-0.5
 20
-0.8001999998772568
 10
-0.5000000000057476
 20
-0.8001999999942524
 10
-0.5000000001227439
 20
-0.8002
 10
-8.644999999877255
 20
-0.8002
  0
LWPOLYLINE
  5
ADF
330
17
100
AcDbEntity
  8
A-WARSTWY
370
35
 48
0.05
100
AcDbPolyline
 90
24
 70
1
 10
-3.800000000000015
 20
1.950000000000308
 10
-3.8
 20
2.099999999943129
 10
-3.799999999998449
 20
2.099999999968378
 10
-3.799999999994562
 20
2.0999999999945906
 10
-3.7999999999687506
 20
2.099999999998422
 10
-3.7999999999431306
 20
2.1
 10
-3.7400000000569693
 20
2.1
 10
-3.7400000000315328
 20
2.0999999999984373
 10
-3.740000000005409
 20
2.0999999999945627
 10
-3.740000000001579
 20
2.099999999968757
 10
-3.74
 20
2.0999999999431305
 10
-3.74
 20
5.6943961441275445e-11
 10
-3.7400000000015505
 20
3.165623514202591e-11
 10
-3.74000000000544
 20
5.411633005094899e-12
 10
-3.74000000003139
 20
1.562524929164814e-12
 10
-3.7400000000567837
 20
0.0
 10
-3.7999999999430636
 20
0.0
 10
-3.799999999968371
 20
1.5528317046749131e-12
 10
-3.799999999994589
 20
5.439526462748327e-12
 10
-3.7999999999984295
 20
3.133518018536206e-11
 10
-3.8
 20
5.687256052388816e-11
 10
-3.8
 20
1.8899999999101926
 10
-3.799999999998151
 20
1.8900000000000001
 10
-3.8
 20
1.9499999999996929
  0
LWPOLYLINE
  5
AE0
330
17
100
AcDbEntity
  8
A-WARSTWY
370
35
 48
0.05
100
AcDbPolyline
 90
38
 70
1
 10
0.3000000000619328
 20
-0.39999999999998415
 10
0.30000000000556687
 20
-0.3999999999944331
 10
0.3000000000000255
 20
-0.3999999999381657
 10
0.3
 20
-0.399999999937131
 10
0.3
 20
-0.020000000062578262
 10
0.3000000000055975
 20
-0.02000000000556381
 10
0.30000000006182637
 20
-0.020000000000025914
 10
0.300000000062877
 20
-0.02
 10
3.2999999999373855
 20
-0.02
 10
3.2999999999944367
 20
-0.020000000005597415
 10
3.299999999999972
 20
-0.02000000006178321
 10
3.3
 20
-0.02000000006290984
 10
3.3
 20
-0.4063999999373946
 10
3.299999999994403
 20
-0.406399999994445
 10
3.299999999938231
 20
-0.40639999999997944
 10
3.2999999999370733
 20
-0.40640000000000803
 10
0.500000000062572
 20
-0.40640000000000803
 10
0.5000000000055644
 20
-0.40639999999441023
 10
0.5000000000000224
 20
-0.40639999993811027
 10
0.5
 20
-0.40639999993719866
 10
0.5
 20
-0.400000005
 10
0.4999999999759236
 20
-0.4000000045099143
 10
0.49999999990392635
 20
-0.4000000040245484
 10
0.49999999978470167
 20
-0.4000000035485766
 10
0.4999999996193976
 20
-0.40000000308658284
 10
0.4999999994096063
 20
-0.40000000264301633
 10
0.49999999915734805
 20
-0.4000000022221488
 10
0.49999999886505225
 20
-0.4000000018280336
 10
0.4999999985355339
 20
-0.40000000146446607
 10
0.4999999981719664
 20
-0.4000000011349477
 10
0.49999999777785115
 20
-0.4000000008426519
 10
0.49999999735698364
 20
-0.40000000059039365
 10
0.4999999969134171
 20
-0.40000000038060235
 10
0.49999999645142335
 20
-0.4000000002152983
 10
0.4999999959754516
 20
-0.4000000000960736
 10
0.49999999549008567
 20
-0.4000000000240764
 10
0.499999995
 20
-0.39999999999999997
 10
0.3000000000625771
 20
-0.39999999999999997
  0
LWPOLYLINE
  5
AE1
330
17
100
AcDbEntity
  8
A-SCIANY-WYK
370
25
 48
0.05
100
AcDbPolyline
 90
63
 70
1
 10
-0.105
 20
-6.258209727889377e-11
 10
-0.1049999999944025
 20
-5.563751589627769e-12
 10
-0.10499999993817753
 20
-2.60959590147447e-14
 10
-0.10499999993711952
 20
0.0
 10
-0.09000000000030625
 20
0.0
 10
0.03999999499940137
 20
5.7240898388669515e-22
 10
0.03999999548948707
 20
2.4076366638976517e-11
 10
0.03999999597485298
 20
9.607359798198699e-11
 10
0.039999996450824755
 20
2.152983213340978e-10
 10
0.03999999691281853
 20
3.806023374345938e-10
 10
0.039999997356385056
 20
5.903936782440998e-10
 10
0.039999997777252536
 20
8.426519384670603e-10
 10
0.03999999817136779
 20
1.1349477331591964e-09
 10
0.03999999853493528
 20
1.4644660940325598e-09
 10
0.039999998864453636
 20
1.8280335791389626e-09
 10
0.039999999156749434
 20
2.2221488348507126e-09
 10
0.03999999940900769
 20
2.6430163158100903e-09
 10
0.039999999618799034
 20
3.0865828381059906e-09
 10
0.03999999978410305
 20
3.548576613650687e-09
 10
0.039999999903327775
 20
4.024548389834307e-09
 10
0.039999999975325
 20
4.509914298259683e-09
 10
0.03999999999940137
 20
4.9999999999008005e-09
 10
0.04
 20
0.029999999943063203
 10
0.040000000001552766
 20
0.02999999996837091
 10
0.040000000005439275
 20
0.029999999994588966
 10
0.040000000031350104
 20
0.029999999998432517
 10
0.040000000056823984
 20
0.03
 10
0.12999999994307232
 20
0.03
 10
0.1299999999683651
 20
0.029999999998448053
 10
0.12999999999458883
 20
0.029999999994560645
 10
0.12999999999843562
 20
0.0299999999686255
 10
0.13
 20
0.029999999943200045
 10
0.13
 20
5.6905367917933636e-11
 10
0.12999999999845097
 20
3.165755467049449e-11
 10
0.12999999999456055
 20
5.411163304940874e-12
 10
0.12999999996864464
 20
1.5669431457329165e-12
 10
0.12999999994317857
 20
0.0
 10
0.0900000050005986
 20
0.0
 10
0.09000000451051289
 20
-2.407636663889297e-11
 10
0.09000000402514699
 20
-9.607359798336093e-11
 10
0.09000000354917521
 20
-2.1529832133786976e-10
 10
0.09000000308718144
 20
-3.806023374416571e-10
 10
0.09000000264361492
 20
-5.903936782552858e-10
 10
0.09000000222274743
 20
-8.426519384831176e-10
 10
0.09000000182863217
 20
-1.1349477331807776e-09
 10
0.09000000146506469
 20
-1.464466094060208e-09
 10
0.09000000113554633
 20
-1.8280335791730963e-09
 10
0.09000000084325054
 20
-2.222148834891619e-09
 10
0.09000000059099228
 20
-2.6430163158579125e-09
 10
0.09000000038120094
 20
-3.086582838160726e-09
 10
0.09000000021589692
 20
-3.548576613712173e-09
 10
0.0900000000966722
 20
-4.024548389902235e-09
 10
0.09000000002467497
 20
-4.509914298333581e-09
 10
0.0900000000005986
 20
-4.999999999980047e-09
 10
0.09
 20
-0.14999999994306454
 10
0.08999999999844803
 20
-0.14999999996836208
 10
0.08999999999456047
 20
-0.14999999999458866
 10
0.08999999996860149
 20
-0.14999999999843877
 10
0.08999999994322701
 20
-0.15000000000000002
 10
-0.1049999999374145
 20
-0.15000000000000002
 10
-0.10499999999443621
 20
-0.1499999999944025
 10
-0.10499999999997423
 20
-0.14999999993817095
 10
-0.105
 20
-0.14999999993712576
  0
LWPOLYLINE
  5
AE2
330
17
100
AcDbEntity
  8
A-SCIANY-WYK
370
25
 48
0.05
100
AcDbPolyline
 90
61
 70
1
 10
-2.7049999999944383
 20
8.375000000005596
 10
-2.7049999999999716
 20
8.375000000061757
 10
-2.705
 20
8.375000000062917
 10
-2.705
 20
8.399999999937377
 10
-2.704999999994404
 20
8.399999999994439
 10
-2.7049999999384506
 20
8.399999999999961
 10
-2.704999999936862
 20
8.4
 10
-2.7000000050099544
 20
8.4
 10
-2.7000000045198687
 20
8.400000000024077
 10
-2.7000000040345027
 20
8.400000000096075
 10
-2.700000003558531
 20
8.400000000215298
 10
-2.7000000030965374
 20
8.400000000380603
 10
-2.700000002652971
 20
8.400000000590394
 10
-2.700000002232103
 20
8.400000000842653
 10
-2.700000001837988
 20
8.400000001134948
 10
-2.7000000014744203
 20
8.400000001464466
 10
-2.700000001144902
 20
8.400000001828035
 10
-2.700000000852606
 20
8.40000000222215
 10
-2.700000000600348
 20
8.400000002643017
 10
-2.7000000003905567
 20
8.400000003086584
 10
-2.700000000225253
 20
8.400000003548577
 10
-2.700000000106028
 20
8.40000000402455
 10
-2.7000000000340307
 20
8.400000004509915
 10
-2.7000000000099544
 20
8.400000005
 10
-2.7
 20
9.079999999937376
 10
-2.699999999994404
 20
9.079999999994438
 10
-2.6999999999384507
 20
9.079999999999961
 10
-2.6999999999368622
 20
9.08
 10
-2.550000000062825
 20
9.08
 10
-2.550000000062156
 20
9.079999999999984
 10
-2.5500000000055616
 20
9.079999999994405
 10
-2.5500000000000282
 20
9.079999999938243
 10
-2.55
 20
9.079999999937083
 10
-2.55
 20
8.400000005
 10
-2.5499999999759235
 20
8.400000004509915
 10
-2.5499999999039265
 20
8.40000000402455
 10
-2.5499999997847014
 20
8.400000003548577
 10
-2.5499999996193976
 20
8.400000003086584
 10
-2.5499999994096063
 20
8.400000002643017
 10
-2.549999999157348
 20
8.40000000222215
 10
-2.549999998865052
 20
8.400000001828035
 10
-2.549999998535534
 20
8.400000001464466
 10
-2.549999998171966
 20
8.400000001134948
 10
-2.549999997777851
 20
8.400000000842653
 10
-2.5499999973569834
 20
8.400000000590394
 10
-2.549999996913417
 20
8.400000000380603
 10
-2.5499999964514233
 20
8.400000000215298
 10
-2.5499999959754516
 20
8.400000000096075
 10
-2.5499999954900856
 20
8.400000000024077
 10
-2.549999995
 20
8.4
 10
-2.5450000000628252
 20
8.4
 10
-2.545000000062156
 20
8.399999999999984
 10
-2.5450000000055617
 20
8.399999999994405
 10
-2.5450000000000284
 20
8.399999999938244
 10
-2.545
 20
8.399999999937084
 10
-2.545
 20
8.375000000062624
 10
-2.545000000005596
 20
8.375000000005562
 10
-2.5450000000615494
 20
8.375000000000039
 10
-2.545000000063138
 20
8.375
 10
-2.7049999999371748
 20
8.375
 10
-2.704999999937844
 20
8.375000000000016
  0
LWPOLYLINE
  5
AE3
330
17
100
AcDbEntity
  8
A-SCIANY-WYK
370
25
 48
0.05
100
AcDbPolyline
 90
17
 70
1
 10
-2.7
 20
6.299999999943608
 10
-2.699999999998508
 20
6.299999999967925
 10
-2.69999999999456
 20
6.299999999994589
 10
-2.699999999969963
 20
6.299999999998242
 10
-2.699999999941228
 20
6.3
 10
-2.5500000000626963
 20
6.3
 10
-2.5500000000055656
 20
6.2999999999944
 10
-2.5500000000000274
 20
6.299999999938193
 10
-2.55
 20
6.299999999937083
 10
-2.55
 20
6.150000000062621
 10
-2.5500000000055993
 20
6.150000000005567
 10
-2.550000000062301
 20
6.150000000000002
 10
-2.699999999941177
 20
6.1499999999999995
 10
-2.699999999969596
 20
6.150000000001732
 10
-2.6999999999945876
 20
6.15000000000544
 10
-2.69999999999846
 20
6.150000000031595
 10
-2.7
 20
6.150000000056702
  0
LWPOLYLINE
  5
AE4
330
17
100
AcDbEntity
  8
A-SCIANY-WYK
370
25
 48
0.05
100
AcDbPolyline
 90
19
 70
1
 10
-3.825
 20
5.929999999953794
 10
-3.8249999999968636
 20
5.929999999983812
 10
-3.824999999994695
 20
5.929999999994717
 10
-3.824999999984206
 20
5.929999999996804
 10
-3.8249999999536586
 20
5.93
 10
-3.675000000058823
 20
5.93
 10
-3.675000000030404
 20
5.929999999998267
 10
-3.6750000000054124
 20
5.92999999999456
 10
-3.67500000000154
 20
5.9299999999684045
 10
-3.675
 20
5.9299999999432975
 10
-3.675
 20
5.538000000062622
 10
-3.6750000000055993
 20
5.538000000005567
 10
-3.675000000062301
 20
5.538000000000003
 10
-3.8249999999373037
 20
5.538
 10
-3.8249999999944344
 20
5.5380000000056
 10
-3.8249999999999726
 20
5.538000000061807
 10
-3.825
 20
5.538000000062917
 10
-3.825
 20
5.54999999999971
 10
-3.8250000000000144
 20
5.550000000000289
  0
LWPOLYLINE
  5
AE5
330
17
100
AcDbEntity
  8
A-SCIANY-WYK
370
25
 48
0.05
100
AcDbPolyline
 90
18
 70
1
 10
-3.825
 20
3.1499999999434376
 10
-3.8249999999984787
 20
3.149999999968177
 10
-3.824999999994562
 20
3.14999999999459
 10
-3.824999999968651
 20
3.149999999998435
 10
-3.8249999999432385
 20
3.15
 10
-3.675000000062612
 20
3.15
 10
-3.675000000005563
 20
3.1499999999944026
 10
-3.6750000000000274
 20
3.149999999938207
 10
-3.675
 20
3.149999999937094
 10
-3.675
 20
3.000000000062612
 10
-3.675000000005597
 20
3.000000000005563
 10
-3.6750000000617926
 20
3.0000000000000275
 10
-3.675000000062906
 20
3.0
 10
-3.8249999999431297
 20
3.0
 10
-3.8249999999683717
 20
3.0000000000015503
 10
-3.8249999999945903
 20
3.0000000000054383
 10
-3.824999999998435
 20
3.000000000031349
 10
-3.825
 20
3.0000000000567617
  0
LWPOLYLINE
  5
AE6
330
17
100
AcDbEntity
  8
A-SCIANY-WYK
370
25
 48
0.05
100
AcDbPolyline
 90
63
 70
1
 10
-8.84
 20
7.199999999945581
 10
-8.839999999998676
 20
7.199999999966862
 10
-8.83999999999456
 20
7.199999999994591
 10
-8.839999999968905
 20
7.199999999998397
 10
-8.839999999942812
 20
7.2
 10
-8.7900000050006
 20
7.2
 10
-8.790000004510514
 20
7.200000000024077
 10
-8.79000000402515
 20
7.200000000096074
 10
-8.790000003549176
 20
7.200000000215299
 10
-8.790000003087183
 20
7.200000000380603
 10
-8.790000002643616
 20
7.200000000590395
 10
-8.79000000222275
 20
7.200000000842652
 10
-8.790000001828634
 20
7.200000001134948
 10
-8.790000001465065
 20
7.200000001464467
 10
-8.790000001135548
 20
7.200000001828034
 10
-8.790000000843252
 20
7.20000000222215
 10
-8.790000000590993
 20
7.200000002643017
 10
-8.790000000381202
 20
7.200000003086584
 10
-8.790000000215898
 20
7.200000003548578
 10
-8.790000000096674
 20
7.200000004024549
 10
-8.790000000024676
 20
7.200000004509915
 10
-8.7900000000006
 20
7.200000005000001
 10
-8.79
 20
7.203999999945288
 10
-8.789999999998647
 20
7.203999999967058
 10
-8.78999999999456
 20
7.203999999994591
 10
-8.789999999968904
 20
7.203999999998397
 10
-8.789999999942811
 20
7.204
 10
-8.615000000057298
 20
7.204
 10
-8.61500000003138
 20
7.203999999998412
 10
-8.615000000005411
 20
7.203999999994562
 10
-8.615000000001366
 20
7.203999999967323
 10
-8.615
 20
7.2039999999453865
 10
-8.615
 20
7.180000000054712
 10
-8.615000000001352
 20
7.180000000032942
 10
-8.61500000000544
 20
7.18000000000541
 10
-8.615000000031095
 20
7.180000000001604
 10
-8.615000000057188
 20
7.180000000000001
 10
-8.644999995
 20
7.180000000000001
 10
-8.644999995490085
 20
7.179999999975924
 10
-8.64499999597545
 20
7.179999999903926
 10
-8.644999996451423
 20
7.179999999784702
 10
-8.644999996913416
 20
7.1799999996193975
 10
-8.644999997356983
 20
7.179999999409606
 10
-8.64499999777785
 20
7.179999999157348
 10
-8.644999998171965
 20
7.1799999988650525
 10
-8.644999998535534
 20
7.179999998535534
 10
-8.644999998865051
 20
7.179999998171967
 10
-8.644999999157347
 20
7.179999997777851
 10
-8.644999999409606
 20
7.179999997356984
 10
-8.644999999619397
 20
7.179999996913417
 10
-8.644999999784702
 20
7.179999996451423
 10
-8.644999999903925
 20
7.179999995975452
 10
-8.644999999975923
 20
7.1799999954900855
 10
-8.645
 20
7.179999995
 10
-8.645
 20
6.150000000062825
 10
-8.645000000000016
 20
6.1500000000621835
 10
-8.645000000005597
 20
6.150000000005566
 10
-8.645000000062268
 20
6.150000000000004
 10
-8.839999999942702
 20
6.1499999999999995
 10
-8.83999999996862
 20
6.1500000000015875
 10
-8.839999999994589
 20
6.150000000005437
 10
-8.839999999998634
 20
6.150000000032676
 10
-8.84
 20
6.150000000054613
  0
LWPOLYLINE
  5
AE7
330
17
100
AcDbEntity
  8
A-SCIANY-WYK
370
25
 48
0.05
100
AcDbPolyline
 90
12
 70
1
 10
-8.839999999994252
 20
8.940000000005748
 10
-8.84
 20
8.94000000012273
 10
-8.84
 20
9.07999999987727
 10
-8.839999999994252
 20
9.079999999994252
 10
-8.83999999987727
 20
9.08
 10
-8.66000000012273
 20
9.08
 10
-8.660000000005748
 20
9.079999999994252
 10
-8.66
 20
9.07999999987727
 10
-8.66
 20
8.94000000012273
 10
-8.660000000005748
 20
8.940000000005748
 10
-8.66000000012273
 20
8.94
 10
-8.83999999987727
 20
8.94
  0
LWPOLYLINE
  5
AE8
330
17
100
AcDbEntity
  8
A-SCIANY-WYK
370
25
 48
0.05
100
AcDbPolyline
 90
63
 70
1
 10
0.125
 20
3.0000000000568177
 10
0.125
 20
3.8499999999430647
 10
0.12500000000155334
 20
3.849999999968378
 10
0.12500000000543912
 20
3.849999999994589
 10
0.1250000000312664
 20
3.84999999999842
 10
0.12500000005694553
 20
3.8499999999999996
 10
0.12999999499940118
 20
3.8499999999999996
 10
0.12999999548948687
 20
3.850000000024076
 10
0.1299999959748528
 20
3.850000000096073
 10
0.12999999645082458
 20
3.850000000215298
 10
0.12999999691281836
 20
3.850000000380602
 10
0.12999999735638487
 20
3.850000000590393
 10
0.12999999777725235
 20
3.8500000008426514
 10
0.1299999981713676
 20
3.8500000011349473
 10
0.12999999853493507
 20
3.8500000014644655
 10
0.12999999886445346
 20
3.8500000018280334
 10
0.12999999915674923
 20
3.8500000022221483
 10
0.1299999994090075
 20
3.850000002643016
 10
0.12999999961879885
 20
3.8500000030865826
 10
0.12999999978410287
 20
3.850000003548576
 10
0.12999999990332758
 20
3.850000004024548
 10
0.12999999997532483
 20
3.850000004509914
 10
0.12999999999940118
 20
3.8500000049999996
 10
0.13
 20
3.8539999999430754
 10
0.13000000000155293
 20
3.853999999968375
 10
0.13000000000543951
 20
3.853999999994588
 10
0.13000000003140333
 20
3.853999999998438
 10
0.1300000000568129
 20
3.8539999999999996
 10
0.3399999999432042
 20
3.8539999999999996
 10
0.33999999996815977
 20
3.8539999999984706
 10
0.33999999999458624
 20
3.8539999999945573
 10
0.33999999999846614
 20
3.853999999968375
 10
0.34
 20
3.853999999943423
 10
0.34
 20
3.825000000056949
 10
0.3399999999984453
 20
3.8250000000316122
 10
0.339999999994561
 20
3.8250000000054105
 10
0.3399999999687336
 20
3.8250000000015794
 10
0.3399999999430545
 20
3.8249999999999997
 10
0.300000005
 20
3.8249999999999997
 10
0.3000000045099143
 20
3.8249999999759234
 10
0.3000000040245484
 20
3.8249999999039264
 10
0.30000000354857664
 20
3.8249999997847013
 10
0.30000000308658287
 20
3.8249999996193975
 10
0.30000000264301635
 20
3.824999999409606
 10
0.30000000222214884
 20
3.824999999157348
 10
0.3000000018280336
 20
3.824999998865052
 10
0.3000000014644661
 20
3.824999998535534
 10
0.30000000113494774
 20
3.824999998171966
 10
0.30000000084265194
 20
3.824999997777851
 10
0.30000000059039367
 20
3.8249999973569833
 10
0.30000000038060237
 20
3.8249999969134167
 10
0.3000000002152983
 20
3.824999996451423
 10
0.30000000009607364
 20
3.8249999959754515
 10
0.3000000000240764
 20
3.8249999954900855
 10
0.3
 20
3.8249999949999998
 10
0.3
 20
3.000000000062577
 10
0.2999999999944027
 20
3.000000000005563
 10
0.2999999999382121
 20
3.0000000000000275
 10
0.29999999993709764
 20
3.0
 10
0.12500000005687104
 20
3.0
 10
0.12500000003162917
 20
3.0000000000015503
 10
0.1250000000054106
 20
3.0000000000054388
 10
0.12500000000156708
 20
3.0000000000313505
  0
LWPOLYLINE
  5
AE9
330
17
100
AcDbEntity
  8
A-SCIANY-WYK
370
25
 48
0.05
100
AcDbPolyline
 90
39
 70
1
 10
0.125
 20
5.350000000056663
 10
0.125
 20
5.929999999943112
 10
0.1250000000015426
 20
5.929999999968259
 10
0.1250000000054442
 20
5.92999999999458
 10
0.12500000003256012
 20
5.929999999998585
 10
0.12500000005562453
 20
5.93
 10
0.2999999999443351
 20
5.93
 10
0.29999999996711174
 20
5.929999999998606
 10
0.2999999999945847
 20
5.9299999999945525
 10
0.2999999999984359
 20
5.929999999968599
 10
0.3
 20
5.929999999943192
 10
0.3
 20
5.338000000062591
 10
0.29999999999440013
 20
5.338000000005567
 10
0.2999999999377052
 20
5.338000000000003
 10
0.13000000006269263
 20
5.338
 10
0.13000000000556658
 20
5.3380000000056
 10
0.13000000000002396
 20
5.338000000061881
 10
0.13
 20
5.338000000062853
 10
0.13
 20
5.349999994999999
 10
0.12999999997592365
 20
5.3499999954900845
 10
0.1299999999039264
 20
5.349999995975451
 10
0.1299999997847017
 20
5.349999996451422
 10
0.12999999961939768
 20
5.349999996913416
 10
0.12999999940960633
 20
5.349999997356983
 10
0.12999999915734806
 20
5.34999999777785
 10
0.12999999886505229
 20
5.349999998171966
 10
0.1299999985355339
 20
5.349999998535533
 10
0.12999999817196642
 20
5.3499999988650515
 10
0.12999999777785118
 20
5.3499999991573475
 10
0.1299999973569837
 20
5.349999999409605
 10
0.12999999691341718
 20
5.3499999996193965
 10
0.1299999964514234
 20
5.349999999784701
 10
0.12999999597545162
 20
5.349999999903925
 10
0.1299999954900857
 20
5.349999999975923
 10
0.129999995
 20
5.35
 10
0.12500000005554257
 20
5.35
 10
0.12500000003332887
 20
5.350000000001351
 10
0.12500000000542444
 20
5.350000000005456
 10
0.1250000000015151
 20
5.350000000031895
  0
LWPOLYLINE
  5
AEA
330
17
100
AcDbEntity
  8
A-SCIANY-WYK
370
25
 48
0.05
100
AcDbPolyline
 90
37
 70
1
 10
0.09
 20
-6.258209727889377e-11
 10
0.09000000000559749
 20
-5.563751589627769e-12
 10
0.09000000006182246
 20
-2.60959590147447e-14
 10
0.09000000006288048
 20
0.0
 10
0.2999999999374106
 20
0.0
 10
0.29999999999443616
 20
-5.5975630154298846e-12
 10
0.2999999999999745
 20
-6.18340813038986e-11
 10
0.3
 20
-6.286772130353899e-11
 10
0.3
 20
-0.39999999993742286
 10
0.2999999999944025
 20
-0.3999999999944361
 10
0.29999999993816573
 20
-0.39999999999997443
 10
0.299999999937131
 20
-0.39999999999999997
 10
0.1000000000625771
 20
-0.39999999999999997
 10
0.10000000000556387
 20
-0.39999999999440244
 10
0.10000000000002554
 20
-0.3999999999381657
 10
0.1
 20
-0.39999999993713037
 10
0.1
 20
-0.15000000500000002
 10
0.09999999997592364
 20
-0.15000000450991433
 10
0.09999999990392641
 20
-0.1500000040245484
 10
0.09999999978470168
 20
-0.15000000354857662
 10
0.09999999961939766
 20
-0.15000000308658284
 10
0.09999999940960633
 20
-0.15000000264301633
 10
0.09999999915734807
 20
-0.15000000222214885
 10
0.09999999886505227
 20
-0.1500000018280336
 10
0.09999999853553392
 20
-0.15000000146446613
 10
0.09999999817196643
 20
-0.15000000113494774
 10
0.09999999777785118
 20
-0.15000000084265197
 10
0.09999999735698369
 20
-0.1500000005903937
 10
0.09999999691341717
 20
-0.15000000038060235
 10
0.09999999645142339
 20
-0.15000000021529833
 10
0.09999999597545162
 20
-0.15000000009607362
 10
0.09999999549008572
 20
-0.15000000002407637
 10
0.09999999500000001
 20
-0.15000000000000002
 10
0.09000000006258549
 20
-0.15000000000000002
 10
0.09000000000556378
 20
-0.1499999999944025
 10
0.09000000000002577
 20
-0.14999999993817095
 10
0.09
 20
-0.14999999993712576
  0
LWPOLYLINE
  5
AEB
330
17
100
AcDbEntity
  8
A-SCIANY-WYK
370
25
 48
0.05
100
AcDbPolyline
 90
63
 70
1
 10
-9.09
 20
7.20399999994558
 10
-9.089999999998676
 20
7.203999999966862
 10
-9.08999999999456
 20
7.203999999994591
 10
-9.089999999968905
 20
7.203999999998397
 10
-9.089999999942812
 20
7.204
 10
-8.880000000057299
 20
7.204
 10
-8.88000000003138
 20
7.203999999998412
 10
-8.880000000005412
 20
7.203999999994562
 10
-8.880000000001367
 20
7.203999999967323
 10
-8.88
 20
7.2039999999453865
 10
-8.88
 20
7.200000005000596
 10
-8.879999999975924
 20
7.20000000451051
 10
-8.879999999903927
 20
7.200000004025144
 10
-8.879999999784703
 20
7.200000003549173
 10
-8.879999999619399
 20
7.200000003087179
 10
-8.879999999409607
 20
7.200000002643612
 10
-8.879999999157349
 20
7.200000002222745
 10
-8.879999998865053
 20
7.200000001828629
 10
-8.879999998535535
 20
7.200000001465062
 10
-8.879999998171966
 20
7.200000001135543
 10
-8.879999997777851
 20
7.200000000843247
 10
-8.879999997356984
 20
7.20000000059099
 10
-8.879999996913417
 20
7.200000000381198
 10
-8.879999996451424
 20
7.200000000215894
 10
-8.879999995975451
 20
7.2000000000966695
 10
-8.879999995490087
 20
7.200000000024672
 10
-8.879999995
 20
7.200000000000595
 10
-8.840000000057298
 20
7.2
 10
-8.84000000003138
 20
7.199999999998412
 10
-8.84000000000541
 20
7.199999999994563
 10
-8.840000000001366
 20
7.199999999967323
 10
-8.84
 20
7.199999999945387
 10
-8.84
 20
6.150000000054711
 10
-8.840000000001352
 20
6.150000000032941
 10
-8.840000000005439
 20
6.1500000000054085
 10
-8.840000000031095
 20
6.150000000001603
 10
-8.840000000057188
 20
6.1499999999999995
 10
-9.04999999993732
 20
6.1499999999999995
 10
-9.049999999994437
 20
6.1500000000055985
 10
-9.049999999999962
 20
6.150000000061577
 10
-9.05
 20
6.150000000063137
 10
-9.05
 20
7.174999994999999
 10
-9.050000000024077
 20
7.174999995490085
 10
-9.050000000096075
 20
7.174999995975451
 10
-9.050000000215299
 20
7.174999996451422
 10
-9.050000000380603
 20
7.174999996913416
 10
-9.050000000590394
 20
7.174999997356983
 10
-9.050000000842653
 20
7.17499999777785
 10
-9.050000001134949
 20
7.174999998171966
 10
-9.050000001464467
 20
7.174999998535533
 10
-9.050000001828035
 20
7.174999998865052
 10
-9.05000000222215
 20
7.174999999157348
 10
-9.050000002643017
 20
7.174999999409605
 10
-9.050000003086584
 20
7.174999999619397
 10
-9.050000003548577
 20
7.174999999784701
 10
-9.05000000402455
 20
7.174999999903926
 10
-9.050000004509915
 20
7.174999999975923
 10
-9.050000005000001
 20
7.175
 10
-9.089999999942702
 20
7.175
 10
-9.08999999996862
 20
7.175000000001588
 10
-9.089999999994589
 20
7.175000000005437
 10
-9.089999999998634
 20
7.175000000032677
 10
-9.09
 20
7.175000000054613
  0
LWPOLYLINE
  5
AEC
330
17
100
AcDbEntity
  8
A-SCIANY-WYK
370
25
 48
0.05
100
AcDbPolyline
 90
32
 70
1
 10
-9.049999999994252
 20
8.688000000005749
 10
-9.05
 20
8.68800000012273
 10
-9.05
 20
9.07999999987727
 10
-9.049999999994252
 20
9.079999999994252
 10
-9.04999999987727
 20
9.08
 10
-8.84000000012273
 20
9.08
 10
-8.840000000005748
 20
9.079999999994252
 10
-8.84
 20
9.07999999987727
 10
-8.84
 20
8.70000000012273
 10
-8.840000000005748
 20
8.700000000005748
 10
-8.84000000012273
 20
8.7
 10
-8.87999999495
 20
8.7
 10
-8.879999995440086
 20
8.699999999975923
 10
-8.87999999592545
 20
8.699999999903925
 10
-8.879999996401423
 20
8.699999999784701
 10
-8.879999996863416
 20
8.699999999619397
 10
-8.879999997306983
 20
8.699999999409606
 10
-8.87999999772785
 20
8.699999999157347
 10
-8.879999998121965
 20
8.699999998865051
 10
-8.879999998485534
 20
8.699999998535533
 10
-8.879999998815052
 20
8.699999998171965
 10
-8.879999999107348
 20
8.69999999777785
 10
-8.879999999359606
 20
8.699999997356983
 10
-8.879999999569398
 20
8.699999996913416
 10
-8.879999999734702
 20
8.699999996451423
 10
-8.879999999853926
 20
8.69999999597545
 10
-8.879999999925923
 20
8.699999995490085
 10
-8.87999999995
 20
8.699999994999999
 10
-8.88
 20
8.68800000012273
 10
-8.880000000005749
 20
8.688000000005749
 10
-8.880000000122731
 20
8.688
 10
-9.04999999987727
 20
8.688
  0
LWPOLYLINE
  5
AED
330
17
100
AcDbEntity
  8
A-SCIANY-WYK
370
25
 48
0.05
100
AcDbPolyline
 90
12
 70
1
 10
0.3000000000057476
 20
9.40200000000575
 10
0.3
 20
9.402000000122744
 10
0.3
 20
9.775999999877259
 10
0.3000000000057476
 20
9.775999999994253
 10
0.30000000012273037
 20
9.776000000000002
 10
0.39999999987726964
 20
9.776000000000002
 10
0.3999999999942524
 20
9.775999999994253
 10
0.4
 20
9.775999999877259
 10
0.4
 20
9.402000000122744
 10
0.3999999999942524
 20
9.40200000000575
 10
0.39999999987726964
 20
9.402000000000001
 10
0.30000000012273037
 20
9.402000000000001
  0
LWPOLYLINE
  5
AEE
330
17
100
AcDbEntity
  8
A-SCIANY-WYK
370
25
 48
0.05
100
AcDbPolyline
 90
12
 70
1
 10
-9.149999999994252
 20
9.080000000005748
 10
-9.15
 20
9.08000000012273
 10
-9.15
 20
9.775999999877271
 10
-9.149999999994252
 20
9.775999999994253
 10
-9.14999999987727
 20
9.776000000000002
 10
-9.050000000122731
 20
9.776000000000002
 10
-9.050000000005749
 20
9.775999999994253
 10
-9.05
 20
9.775999999877271
 10
-9.05
 20
9.08000000012273
 10
-9.050000000005749
 20
9.080000000005748
 10
-9.050000000122731
 20
9.08
 10
-9.14999999987727
 20
9.08
  0
LWPOLYLINE
  5
AEF
330
17
100
AcDbEntity
  8
A-TEREN
370
140
 48
0.05
100
AcDbPolyline
 90
8
 70
0
 10
-10.68
 20
-0.22311720000000762
 10
-10.43
 20
-0.2246172000000077
 10
-10.18
 20
-0.22611720000000776
 10
-9.93
 20
-0.2276172000000078
 10
-9.68
 20
-0.22911720000000788
 10
-9.43
 20
-0.23061720000000793
 10
-9.18
 20
-0.23211720000000796
 10
-9.051
 20
-0.23289120000000801
  0
LWPOLYLINE
  5
AF0
330
17
100
AcDbEntity
  8
A-TEREN
370
140
 48
0.05
100
AcDbPolyline
 90
8
 70
0
 10
3.3009999999999997
 20
-0.3070032000000108
 10
3.3200000000000003
 20
-0.3071172000000108
 10
3.5700000000000003
 20
-0.30861720000001086
 10
3.8200000000000003
 20
-0.3101172000000109
 10
4.07
 20
-0.311617200000011
 10
4.32
 20
-0.3131172000000111
 10
4.57
 20
-0.3146172000000111
 10
4.82
 20
-0.31611720000001114
  0
LWPOLYLINE
  5
AF1
330
17
100
AcDbEntity
  8
A-SCIANY-KONSTR
370
50
 48
0.05
100
AcDbPolyline
 90
12
 70
1
 10
0.4100000000057476
 20
6.400000000005747
 10
0.41
 20
6.400000000122742
 10
0.41
 20
6.459999999877257
 10
0.4100000000057476
 20
6.459999999994253
 10
0.41000000012273036
 20
6.46
 10
0.44999999987726963
 20
6.46
 10
0.4499999999942524
 20
6.459999999994253
 10
0.45
 20
6.459999999877257
 10
0.45
 20
6.400000000122742
 10
0.4499999999942524
 20
6.400000000005747
 10
0.44999999987726963
 20
6.3999999999999995
 10
0.41000000012273036
 20
6.3999999999999995
  0
LWPOLYLINE
  5
AF2
330
17
100
AcDbEntity
  8
A-SCIANY-KONSTR
370
50
 48
0.05
100
AcDbPolyline
 90
12
 70
1
 10
0.4100000000057476
 20
8.87000000000575
 10
0.41
 20
8.870000000122744
 10
0.41
 20
8.929999999877257
 10
0.4100000000057476
 20
8.929999999994251
 10
0.41000000012273036
 20
8.93
 10
0.44999999987726963
 20
8.93
 10
0.4499999999942524
 20
8.929999999994251
 10
0.45
 20
8.929999999877257
 10
0.45
 20
8.870000000122744
 10
0.4499999999942524
 20
8.87000000000575
 10
0.44999999987726963
 20
8.870000000000001
 10
0.41000000012273036
 20
8.870000000000001
  0
LWPOLYLINE
  5
AF3
330
17
100
AcDbEntity
  8
A-SCIANY-KONSTR
370
50
 48
0.05
100
AcDbPolyline
 90
58
 70
1
 10
0.04000000000556341
 20
2.6650000000055973
 10
0.040000000000026736
 20
2.6650000000618075
 10
0.04
 20
2.6650000000628915
 10
0.04
 20
2.7499999999374074
 10
0.040000000005597385
 20
2.7499999999944373
 10
0.04000000006178492
 20
2.7499999999999725
 10
0.04000000006289906
 20
2.75
 10
0.1299999999373866
 20
2.75
 10
0.12999999999443673
 20
2.749999999994403
 10
0.12999999999997253
 20
2.749999999938207
 10
0.13
 20
2.7499999999370943
 10
0.13
 20
2.6650000000626144
 10
0.1299999999944026
 20
2.665000000005563
 10
0.12999999993821848
 20
2.665000000000028
 10
0.12999999993709288
 20
2.665
 10
0.097000005
 20
2.665
 10
0.09700000450991429
 20
2.6649999999759237
 10
0.09700000402454839
 20
2.6649999999039267
 10
0.09700000354857662
 20
2.6649999997847016
 10
0.09700000308658284
 20
2.664999999619398
 10
0.09700000264301632
 20
2.6649999994096065
 10
0.09700000222214883
 20
2.6649999991573483
 10
0.09700000182803357
 20
2.6649999988650523
 10
0.09700000146446609
 20
2.664999998535534
 10
0.09700000113494774
 20
2.6649999981719663
 10
0.09700000084265194
 20
2.6649999977778513
 10
0.09700000059039368
 20
2.6649999973569836
 10
0.09700000038060234
 20
2.664999996913417
 10
0.09700000021529832
 20
2.6649999964514235
 10
0.0970000000960736
 20
2.664999995975452
 10
0.09700000002407637
 20
2.664999995490086
 10
0.097
 20
2.664999995
 10
0.097
 20
0.03000000006258191
 10
0.09699999999440252
 20
0.03000000000556375
 10
0.09699999993817768
 20
0.0300000000000261
 10
0.09699999993711943
 20
0.03
 10
0.0730000000625891
 20
0.03
 10
0.07300000000556377
 20
0.030000000005597546
 10
0.07300000000002574
 20
0.030000000061829603
 10
0.073
 20
0.030000000062873452
 10
0.073
 20
2.664999995
 10
0.07299999997592363
 20
2.664999995490086
 10
0.0729999999039264
 20
2.664999995975452
 10
0.07299999978470167
 20
2.6649999964514235
 10
0.07299999961939765
 20
2.664999996913417
 10
0.07299999940960632
 20
2.6649999973569836
 10
0.07299999915734806
 20
2.6649999977778513
 10
0.07299999886505226
 20
2.6649999981719663
 10
0.0729999985355339
 20
2.664999998535534
 10
0.07299999817196642
 20
2.6649999988650523
 10
0.07299999777785117
 20
2.6649999991573483
 10
0.07299999735698368
 20
2.6649999994096065
 10
0.07299999691341716
 20
2.664999999619398
 10
0.07299999645142338
 20
2.6649999997847016
 10
0.0729999959754516
 20
2.6649999999039267
 10
0.0729999954900857
 20
2.6649999999759237
 10
0.072999995
 20
2.665
 10
0.04000000006261779
 20
2.665
  0
LWPOLYLINE
  5
AF4
330
17
100
AcDbEntity
  8
A-SCIANY-KONSTR
370
50
 48
0.05
100
AcDbPolyline
 90
93
 70
1
 10
0.040000000005570274
 20
5.275000000005602
 10
0.04000000000000287
 20
5.275000000062321
 10
0.04
 20
5.349999999937416
 10
0.040000000005599876
 20
5.349999999994433
 10
0.040000000062291256
 20
5.349999999999997
 10
0.12999999993730738
 20
5.35
 10
0.12999999999443343
 20
5.3499999999944
 10
0.12999999999997605
 20
5.3499999999381185
 10
0.13
 20
5.349999999937147
 10
0.13
 20
5.275000000062561
 10
0.12999999999440026
 20
5.275000000005567
 10
0.1299999999377019
 20
5.275000000000002
 10
0.097000005
 20
5.2749999999999995
 10
0.09700000450991429
 20
5.274999999975923
 10
0.09700000402454839
 20
5.274999999903925
 10
0.09700000354857662
 20
5.274999999784701
 10
0.09700000308658284
 20
5.274999999619396
 10
0.09700000264301632
 20
5.274999999409605
 10
0.09700000222214883
 20
5.274999999157347
 10
0.09700000182803357
 20
5.274999998865051
 10
0.09700000146446609
 20
5.274999998535533
 10
0.09700000113494774
 20
5.274999998171966
 10
0.09700000084265194
 20
5.27499999777785
 10
0.09700000059039368
 20
5.274999997356983
 10
0.09700000038060234
 20
5.274999996913416
 10
0.09700000021529832
 20
5.274999996451422
 10
0.0970000000960736
 20
5.274999995975451
 10
0.09700000002407637
 20
5.274999995490084
 10
0.097
 20
5.274999994999999
 10
0.097
 20
3.925000005001227
 10
0.09700000002407637
 20
3.925000004511141
 10
0.0970000000960736
 20
3.925000004025775
 10
0.09700000021529832
 20
3.9250000035498034
 10
0.09700000038060234
 20
3.92500000308781
 10
0.09700000059039368
 20
3.9250000026442433
 10
0.09700000084265194
 20
3.9250000022233755
 10
0.09700000113494774
 20
3.9250000018292606
 10
0.09700000146446609
 20
3.9250000014656927
 10
0.09700000182803357
 20
3.9250000011361745
 10
0.09700000222214883
 20
3.9250000008438786
 10
0.09700000264301632
 20
3.9250000005916204
 10
0.09700000308658284
 20
3.925000000381829
 10
0.09700000354857662
 20
3.9250000002165253
 10
0.09700000402454839
 20
3.9250000000973
 10
0.09700000450991429
 20
3.925000000025303
 10
0.097000005
 20
3.925000000001227
 10
0.12999999987725833
 20
3.925
 10
0.12999999999425238
 20
3.924999999994252
 10
0.13
 20
3.9249999998772567
 10
0.13
 20
3.850000000122743
 10
0.12999999999425238
 20
3.8500000000057475
 10
0.12999999987725833
 20
3.8499999999999996
 10
0.04000000012274166
 20
3.8499999999999996
 10
0.04000000000574763
 20
3.8500000000057475
 10
0.04
 20
3.850000000122743
 10
0.04
 20
3.9249999998772567
 10
0.04000000000574763
 20
3.924999999994252
 10
0.04000000012274166
 20
3.925
 10
0.072999995
 20
3.925
 10
0.0729999954900857
 20
3.925000000024076
 10
0.0729999959754516
 20
3.925000000096073
 10
0.07299999645142338
 20
3.9250000002152983
 10
0.07299999691341716
 20
3.925000000380602
 10
0.07299999735698368
 20
3.9250000005903933
 10
0.07299999777785117
 20
3.9250000008426515
 10
0.07299999817196642
 20
3.9250000011349475
 10
0.0729999985355339
 20
3.9250000014644657
 10
0.07299999886505226
 20
3.9250000018280335
 10
0.07299999915734806
 20
3.9250000022221485
 10
0.07299999940960632
 20
3.9250000026430163
 10
0.07299999961939765
 20
3.925000003086583
 10
0.07299999978470167
 20
3.9250000035485764
 10
0.0729999999039264
 20
3.925000004024548
 10
0.07299999997592363
 20
3.925000004509914
 10
0.073
 20
3.925000005
 10
0.073
 20
5.274999994999999
 10
0.07299999997592363
 20
5.274999995490084
 10
0.0729999999039264
 20
5.274999995975451
 10
0.07299999978470167
 20
5.274999996451422
 10
0.07299999961939765
 20
5.274999996913416
 10
0.07299999940960632
 20
5.274999997356983
 10
0.07299999915734806
 20
5.27499999777785
 10
0.07299999886505226
 20
5.274999998171966
 10
0.0729999985355339
 20
5.274999998535533
 10
0.07299999817196642
 20
5.274999998865051
 10
0.07299999777785117
 20
5.274999999157347
 10
0.07299999735698368
 20
5.274999999409605
 10
0.07299999691341716
 20
5.274999999619396
 10
0.07299999645142338
 20
5.274999999784701
 10
0.0729999959754516
 20
5.274999999903925
 10
0.0729999954900857
 20
5.274999999975923
 10
0.072999995
 20
5.2749999999999995
 10
0.04000000006272732
 20
5.2749999999999995
  0
LWPOLYLINE
  5
AF5
330
17
100
AcDbEntity
  8
A-SCIANY-KONSTR
370
50
 48
0.05
100
AcDbPolyline
 90
100
 70
1
 10
-8.87999999999444
 20
8.625000000005594
 10
-8.879999999999962
 20
8.625000000061533
 10
-8.88
 20
8.625000000063139
 10
-8.88
 20
8.699999999937173
 10
-8.879999999999983
 20
8.69999999993786
 10
-8.879999999994407
 20
8.69999999999444
 10
-8.879999999938468
 20
8.69999999999996
 10
-8.879999999936862
 20
8.7
 10
-8.790000000062825
 20
8.7
 10
-8.790000000062138
 20
8.699999999999982
 10
-8.79000000000556
 20
8.699999999994406
 10
-8.790000000000038
 20
8.699999999938466
 10
-8.79
 20
8.69999999993686
 10
-8.79
 20
8.625000000062826
 10
-8.790000000000017
 20
8.625000000062139
 10
-8.790000000005593
 20
8.62500000000556
 10
-8.790000000061532
 20
8.625000000000039
 10
-8.790000000063138
 20
8.625
 10
-8.822999995
 20
8.625
 10
-8.822999995490086
 20
8.624999999975923
 10
-8.82299999597545
 20
8.624999999903926
 10
-8.822999996451424
 20
8.624999999784702
 10
-8.822999996913417
 20
8.624999999619398
 10
-8.822999997356984
 20
8.624999999409606
 10
-8.82299999777785
 20
8.624999999157348
 10
-8.822999998171966
 20
8.624999998865052
 10
-8.822999998535535
 20
8.624999998535534
 10
-8.822999998865052
 20
8.624999998171965
 10
-8.822999999157348
 20
8.62499999777785
 10
-8.822999999409607
 20
8.624999997356984
 10
-8.822999999619398
 20
8.624999996913417
 10
-8.822999999784702
 20
8.624999996451423
 10
-8.822999999903926
 20
8.62499999597545
 10
-8.822999999975924
 20
8.624999995490086
 10
-8.823
 20
8.624999995
 10
-8.823
 20
7.275000005001246
 10
-8.822999999975924
 20
7.275000004511161
 10
-8.822999999903926
 20
7.275000004025794
 10
-8.822999999784702
 20
7.275000003549823
 10
-8.822999999619398
 20
7.275000003087829
 10
-8.822999999409607
 20
7.275000002644262
 10
-8.822999999157348
 20
7.275000002223395
 10
-8.822999998865052
 20
7.275000001829279
 10
-8.822999998535535
 20
7.275000001465712
 10
-8.822999998171966
 20
7.275000001136194
 10
-8.82299999777785
 20
7.275000000843898
 10
-8.822999997356984
 20
7.27500000059164
 10
-8.822999996913417
 20
7.275000000381849
 10
-8.822999996451424
 20
7.2750000002165445
 10
-8.82299999597545
 20
7.27500000009732
 10
-8.822999995490086
 20
7.275000000025322
 10
-8.822999995
 20
7.275000000001246
 10
-8.79000000012273
 20
7.275
 10
-8.790000000005747
 20
7.274999999994254
 10
-8.79
 20
7.27499999987727
 10
-8.79
 20
7.2000000001227304
 10
-8.790000000005747
 20
7.200000000005747
 10
-8.79000000012273
 20
7.2
 10
-8.87999999987727
 20
7.2
 10
-8.879999999994252
 20
7.200000000005747
 10
-8.88
 20
7.2000000001227304
 10
-8.88
 20
7.27499999987727
 10
-8.879999999994252
 20
7.274999999994254
 10
-8.87999999987727
 20
7.275
 10
-8.847000005
 20
7.275
 10
-8.847000004509914
 20
7.275000000024077
 10
-8.84700000402455
 20
7.275000000096075
 10
-8.847000003548576
 20
7.275000000215299
 10
-8.847000003086583
 20
7.2750000003806035
 10
-8.847000002643016
 20
7.275000000590395
 10
-8.847000002222149
 20
7.2750000008426525
 10
-8.847000001828034
 20
7.2750000011349485
 10
-8.847000001464465
 20
7.275000001464467
 10
-8.847000001134948
 20
7.275000001828034
 10
-8.847000000842652
 20
7.27500000222215
 10
-8.847000000590393
 20
7.275000002643017
 10
-8.847000000380602
 20
7.275000003086584
 10
-8.847000000215298
 20
7.275000003548578
 10
-8.847000000096074
 20
7.275000004024549
 10
-8.847000000024076
 20
7.2750000045099155
 10
-8.847
 20
7.275000005000001
 10
-8.847
 20
8.624999995
 10
-8.847000000024076
 20
8.624999995490086
 10
-8.847000000096074
 20
8.62499999597545
 10
-8.847000000215298
 20
8.624999996451423
 10
-8.847000000380602
 20
8.624999996913417
 10
-8.847000000590393
 20
8.624999997356984
 10
-8.847000000842652
 20
8.62499999777785
 10
-8.847000001134948
 20
8.624999998171965
 10
-8.847000001464465
 20
8.624999998535534
 10
-8.847000001828034
 20
8.624999998865052
 10
-8.847000002222149
 20
8.624999999157348
 10
-8.847000002643016
 20
8.624999999409606
 10
-8.847000003086583
 20
8.624999999619398
 10
-8.847000003548576
 20
8.624999999784702
 10
-8.84700000402455
 20
8.624999999903926
 10
-8.847000004509914
 20
8.624999999975923
 10
-8.847000005
 20
8.625
 10
-8.879999999937175
 20
8.625
 10
-8.879999999937862
 20
8.625000000000018
  0
LWPOLYLINE
  5
AF6
330
17
100
AcDbEntity
  8
A-SCIANY-KONSTR
370
70
 48
0.05
100
AcDbPolyline
 90
14
 70
1
 10
-0.10499999999442938
 20
6.150000000005602
 10
-0.10499999999999864
 20
6.150000000062353
 10
-0.105
 20
9.07999999993745
 10
-0.104999999994404
 20
9.079999999994438
 10
-0.10499999993845903
 20
9.07999999999996
 10
-0.10499999993682094
 20
9.08
 10
0.08999999993718795
 20
9.08
 10
0.08999999993778664
 20
9.079999999999986
 10
0.08999999999443382
 20
9.079999999994403
 10
0.0899999999999944
 20
9.079999999937757
 10
0.09
 20
6.150000000062575
 10
0.08999999999440023
 20
6.150000000005567
 10
0.0899999999376976
 20
6.150000000000002
 10
-0.10499999993726962
 20
6.1499999999999995
  0
LWPOLYLINE
  5
AF7
330
17
100
AcDbEntity
  8
A-SCIANY-KONSTR
370
70
 48
0.05
100
AcDbPolyline
 90
19
 70
1
 10
-5.23
 20
6.150000000056065
 10
-5.23
 20
9.079999999942702
 10
-5.229999999998412
 20
9.07999999996862
 10
-5.229999999994563
 20
9.07999999999459
 10
-5.2299999999673235
 20
9.079999999998634
 10
-5.229999999945387
 20
9.08
 10
-5.020000000062825
 20
9.08
 10
-5.020000000062184
 20
9.079999999999984
 10
-5.020000000005566
 20
9.079999999994403
 10
-5.020000000000004
 20
9.079999999937732
 10
-5.02
 20
6.150000000062704
 10
-5.020000000005601
 20
6.150000000005569
 10
-5.0200000000623
 20
6.150000000000004
 10
-5.034999999999675
 20
6.15
 10
-5.214999999999982
 20
6.1499999999999995
 10
-5.229999999943855
 20
6.15
 10
-5.229999999967602
 20
6.150000000001456
 10
-5.2299999999945825
 20
6.1500000000054476
 10
-5.229999999998527
 20
6.150000000032096
  0
LWPOLYLINE
  5
AF8
330
17
100
AcDbEntity
  8
A-SCIANY-KONSTR
370
70
 48
0.05
100
AcDbPolyline
 90
17
 70
1
 10
-8.839999999994403
 20
5.9299999999944335
 10
-8.839999999937689
 20
5.93
 10
-8.64500000006268
 20
5.93
 10
-8.645000000005563
 20
5.929999999994401
 10
-8.645000000000039
 20
5.929999999938422
 10
-8.645
 20
5.929999999936862
 10
-8.645
 20
3.0000000000628253
 10
-8.645000000000016
 20
3.000000000062156
 10
-8.645000000005595
 20
3.0000000000055618
 10
-8.645000000061756
 20
3.0000000000000284
 10
-8.645000000062916
 20
3.0
 10
-8.839999999937376
 20
3.0
 10
-8.839999999994438
 20
3.000000000005596
 10
-8.83999999999996
 20
3.0000000000615494
 10
-8.84
 20
3.000000000063138
 10
-8.84
 20
5.929999999937174
 10
-8.839999999999984
 20
5.929999999937816
  0
LWPOLYLINE
  5
AF9
330
17
100
AcDbEntity
  8
A-SCIANY-KONSTR
370
70
 48
0.05
100
AcDbPolyline
 90
12
 70
1
 10
-8.839999999994252
 20
-0.14999999999425245
 10
-8.84
 20
-0.14999999987726964
 10
-8.84
 20
2.7799999998772695
 10
-8.839999999994252
 20
2.7799999999942524
 10
-8.839999999877257
 20
2.78
 10
-8.645000000122742
 20
2.78
 10
-8.645000000005748
 20
2.7799999999942524
 10
-8.645
 20
2.7799999998772695
 10
-8.645
 20
-0.14999999987726964
 10
-8.645000000005748
 20
-0.14999999999425245
 10
-8.645000000122742
 20
-0.15
 10
-8.839999999877257
 20
-0.15
  0
LWPOLYLINE
  5
AFA
330
17
100
AcDbEntity
  8
A-STROPY
370
70
 48
0.05
100
AcDbPolyline
 90
165
 70
1
 10
-7.55
 20
9.29999999993732
 10
-7.549999999994401
 20
9.299999999994437
 10
-7.549999999938422
 20
9.299999999999962
 10
-7.549999999936862
 20
9.3
 10
0.29999999499999996
 20
9.3
 10
0.29999999549008566
 20
9.300000000024077
 10
0.29999999597545157
 20
9.300000000096075
 10
0.29999999645142333
 20
9.300000000215299
 10
0.2999999969134171
 20
9.300000000380603
 10
0.2999999973569836
 20
9.300000000590394
 10
0.29999999777785114
 20
9.300000000842653
 10
0.2999999981719664
 20
9.300000001134949
 10
0.2999999985355339
 20
9.300000001464467
 10
0.29999999886505224
 20
9.300000001828035
 10
0.29999999915734804
 20
9.30000000222215
 10
0.2999999994096063
 20
9.300000002643017
 10
0.2999999996193976
 20
9.300000003086584
 10
0.29999999978470165
 20
9.300000003548577
 10
0.29999999990392634
 20
9.30000000402455
 10
0.2999999999759236
 20
9.300000004509915
 10
0.3
 20
9.300000005000001
 10
0.3
 20
9.399999999937437
 10
0.3000000000055959
 20
9.399999999994439
 10
0.3000000000615427
 20
9.39999999999996
 10
0.3000000000631748
 20
9.4
 10
1.2999999999371745
 20
9.4
 10
1.2999999999378522
 20
9.399999999999984
 10
1.2999999999944387
 20
9.399999999994407
 10
1.2999999999999685
 20
9.399999999938297
 10
1.3
 20
9.399999999937021
 10
1.3
 20
9.065000000062682
 10
1.2999999999944039
 20
9.065000000005563
 10
1.299999999938435
 20
9.065000000000039
 10
1.2999999999368617
 20
9.065
 10
0.32000000006280555
 20
9.065
 10
0.3200000000622196
 20
9.065000000000014
 10
0.32000000000556567
 20
9.065000000005599
 10
0.32000000000000717
 20
9.06500000006221
 10
0.32
 20
9.079999995
 10
0.3199999999759236
 20
9.079999995490086
 10
0.31999999990392636
 20
9.07999999597545
 10
0.31999999978470167
 20
9.079999996451424
 10
0.3199999996193976
 20
9.079999996913417
 10
0.31999999940960633
 20
9.079999997356984
 10
0.31999999915734806
 20
9.07999999777785
 10
0.31999999886505226
 20
9.079999998171965
 10
0.3199999985355339
 20
9.079999998535534
 10
0.3199999981719664
 20
9.079999998865052
 10
0.31999999777785115
 20
9.079999999157348
 10
0.31999999735698365
 20
9.079999999409607
 10
0.31999999691341713
 20
9.079999999619398
 10
0.31999999645142335
 20
9.079999999784702
 10
0.3199999959754516
 20
9.079999999903926
 10
0.3199999954900857
 20
9.079999999975923
 10
0.319999995
 20
9.08
 10
-0.10499999499975958
 20
9.08
 10
-0.10499999548984529
 20
9.079999999975923
 10
-0.10499999597521119
 20
9.079999999903926
 10
-0.10499999645118296
 20
9.079999999784702
 10
-0.10499999691317674
 20
9.079999999619398
 10
-0.10499999735674326
 20
9.079999999409607
 10
-0.10499999777761075
 20
9.079999999157348
 10
-0.104999998171726
 20
9.079999998865052
 10
-0.10499999853529349
 20
9.079999998535534
 10
-0.10499999886481184
 20
9.079999998171965
 10
-0.10499999915710764
 20
9.07999999777785
 10
-0.1049999994093659
 20
9.079999997356984
 10
-0.10499999961915724
 20
9.079999996913417
 10
-0.10499999978446126
 20
9.079999996451424
 10
-0.10499999990368598
 20
9.07999999597545
 10
-0.10499999997568321
 20
9.079999995490086
 10
-0.10499999999975958
 20
9.079999995
 10
-0.105
 20
9.070000000062551
 10
-0.10500000000559599
 20
9.070000000005562
 10
-0.10500000006154096
 20
9.070000000000041
 10
-0.10500000006317906
 20
9.07
 10
-2.5499999999371745
 20
9.07
 10
-2.5499999999378438
 20
9.070000000000016
 10
-2.549999999994438
 20
9.070000000005596
 10
-2.5499999999999714
 20
9.070000000061757
 10
-2.55
 20
9.070000000062917
 10
-2.55
 20
9.07999999499976
 10
-2.550000000024076
 20
9.079999995489846
 10
-2.550000000096073
 20
9.07999999597521
 10
-2.5500000002152983
 20
9.079999996451184
 10
-2.550000000380602
 20
9.079999996913177
 10
-2.5500000005903933
 20
9.079999997356744
 10
-2.5500000008426515
 20
9.07999999777761
 10
-2.5500000011349475
 20
9.079999998171726
 10
-2.5500000014644657
 20
9.079999998535294
 10
-2.5500000018280335
 20
9.079999998864812
 10
-2.5500000022221485
 20
9.079999999157108
 10
-2.5500000026430163
 20
9.079999999409367
 10
-2.550000003086583
 20
9.079999999619158
 10
-2.5500000035485764
 20
9.079999999784462
 10
-2.550000004024548
 20
9.079999999903686
 10
-2.550000004509914
 20
9.079999999975684
 10
-2.550000005
 20
9.07999999999976
 10
-2.699999995
 20
9.08
 10
-2.699999995490086
 20
9.079999999975923
 10
-2.699999995975452
 20
9.079999999903926
 10
-2.6999999964514236
 20
9.079999999784702
 10
-2.699999996913417
 20
9.079999999619398
 10
-2.6999999973569837
 20
9.079999999409607
 10
-2.6999999977778515
 20
9.079999999157348
 10
-2.6999999981719665
 20
9.079999998865052
 10
-2.6999999985355343
 20
9.079999998535534
 10
-2.6999999988650525
 20
9.079999998171965
 10
-2.6999999991573485
 20
9.07999999777785
 10
-2.6999999994096067
 20
9.079999997356984
 10
-2.699999999619398
 20
9.079999996913417
 10
-2.6999999997847017
 20
9.079999996451424
 10
-2.699999999903927
 20
9.07999999597545
 10
-2.699999999975924
 20
9.079999995490086
 10
-2.7
 20
9.079999995
 10
-2.7
 20
9.070000000062624
 10
-2.700000000005596
 20
9.070000000005562
 10
-2.7000000000615496
 20
9.07000000000004
 10
-2.700000000063138
 20
9.07
 10
-5.019999999937174
 20
9.07
 10
-5.0199999999378155
 20
9.070000000000016
 10
-5.019999999994433
 20
9.070000000005598
 10
-5.019999999999995
 20
9.070000000062269
 10
-5.02
 20
9.079999995
 10
-5.020000000024076
 20
9.079999995490086
 10
-5.020000000096074
 20
9.07999999597545
 10
-5.0200000002152985
 20
9.079999996451424
 10
-5.020000000380603
 20
9.079999996913417
 10
-5.020000000590394
 20
9.079999997356984
 10
-5.020000000842652
 20
9.07999999777785
 10
-5.020000001134948
 20
9.079999998171965
 10
-5.020000001464466
 20
9.079999998535534
 10
-5.020000001828033
 20
9.079999998865052
 10
-5.020000002222149
 20
9.079999999157348
 10
-5.020000002643016
 20
9.079999999409607
 10
-5.020000003086583
 20
9.079999999619398
 10
-5.020000003548577
 20
9.079999999784702
 10
-5.020000004024548
 20
9.079999999903926
 10
-5.020000004509915
 20
9.079999999975923
 10
-5.020000005
 20
9.08
 10
-5.229999994990048
 20
9.08
 10
-5.229999995480133
 20
9.079999999975923
 10
-5.2299999959655
 20
9.079999999903926
 10
-5.229999996441471
 20
9.079999999784702
 10
-5.229999996903465
 20
9.079999999619398
 10
-5.229999997347032
 20
9.079999999409607
 10
-5.229999997767899
 20
9.079999999157348
 10
-5.229999998162015
 20
9.079999998865052
 10
-5.229999998525582
 20
9.079999998535534
 10
-5.2299999988551
 20
9.079999998171965
 10
-5.229999999147396
 20
9.07999999777785
 10
-5.229999999399654
 20
9.079999997356984
 10
-5.229999999609445
 20
9.079999996913417
 10
-5.2299999997747495
 20
9.079999996451424
 10
-5.229999999893974
 20
9.07999999597545
 10
-5.229999999965972
 20
9.079999995490086
 10
-5.229999999990048
 20
9.079999995
 10
-5.23
 20
9.07000000006268
 10
-5.2300000000055995
 20
9.070000000005564
 10
-5.230000000061578
 20
9.07000000000004
 10
-5.230000000063138
 20
9.07
 10
-7.5499999999371745
 20
9.07
 10
-7.549999999937816
 20
9.070000000000016
 10
-7.549999999994434
 20
9.070000000005598
 10
-7.549999999999995
 20
9.070000000062269
  0
LWPOLYLINE
  5
AFB
330
17
100
AcDbEntity
  8
A-STROPY
370
70
 48
0.05
100
AcDbPolyline
 90
251
 70
1
 10
-5.2299999999955284
 20
3.0299999999818885
 10
-5.229999999994108
 20
3.0299999999875533
 10
-5.229999999991617
 20
3.0299999999916976
 10
-5.229999999987533
 20
3.029999999994144
 10
-5.229999999980998
 20
3.029999999995777
 10
-5.229999999957655
 20
3.0299999999993013
 10
-5.229999999949911
 20
3.029999999999847
 10
-5.229999999941611
 20
3.03
 10
-3.8250000000457343
 20
3.03
 10
-3.8250000000302005
 20
3.0299999999989042
 10
-3.8250000000081608
 20
3.0299999999955647
 10
-3.825000000005171
 20
3.0299999999948146
 10
-3.825000000004447
 20
3.029999999991928
 10
-3.8250000000006135
 20
3.0299999999666465
 10
-3.825000000000173
 20
3.029999999960419
 10
-3.825
 20
3.029999999951143
 10
-3.825
 20
3.00000000500981
 10
-3.824999999975924
 20
3.000000004519724
 10
-3.824999999903927
 20
3.000000004034358
 10
-3.8249999997847017
 20
3.0000000035583865
 10
-3.824999999619398
 20
3.000000003096393
 10
-3.8249999994096067
 20
3.0000000026528264
 10
-3.8249999991573485
 20
3.0000000022319586
 10
-3.8249999988650525
 20
3.0000000018378437
 10
-3.8249999985355343
 20
3.000000001474276
 10
-3.8249999981719665
 20
3.0000000011447576
 10
-3.8249999977778515
 20
3.0000000008524617
 10
-3.8249999973569837
 20
3.0000000006002034
 10
-3.824999996913417
 20
3.000000000390412
 10
-3.8249999964514236
 20
3.0000000002251084
 10
-3.824999995975452
 20
3.0000000001058833
 10
-3.824999995490086
 20
3.0000000000338862
 10
-3.824999995
 20
3.00000000000981
 10
-3.6750000050098097
 20
3.0
 10
-3.675000004519724
 20
3.0000000000240763
 10
-3.675000004034358
 20
3.0000000000960734
 10
-3.6750000035583863
 20
3.0000000002152984
 10
-3.6750000030963927
 20
3.000000000380602
 10
-3.6750000026528262
 20
3.0000000005903935
 10
-3.6750000022319584
 20
3.0000000008426517
 10
-3.6750000018378435
 20
3.0000000011349477
 10
-3.6750000014742756
 20
3.000000001464466
 10
-3.6750000011447574
 20
3.0000000018280337
 10
-3.6750000008524615
 20
3.0000000022221487
 10
-3.6750000006002033
 20
3.0000000026430165
 10
-3.675000000390412
 20
3.000000003086583
 10
-3.675000000225108
 20
3.0000000035485765
 10
-3.675000000105883
 20
3.0000000040245483
 10
-3.675000000033886
 20
3.000000004509914
 10
-3.6750000000098098
 20
3.000000005
 10
-3.675
 20
3.0299999999542657
 10
-3.6749999999989043
 20
3.0299999999697995
 10
-3.6749999999955647
 20
3.029999999991839
 10
-3.6749999999948146
 20
3.029999999994829
 10
-3.674999999991928
 20
3.029999999995553
 10
-3.6749999999666465
 20
3.0299999999993865
 10
-3.674999999960419
 20
3.029999999999827
 10
-3.674999999951143
 20
3.03
 10
-0.1250000000476234
 20
3.03
 10
-0.12500000002703812
 20
3.029999999998573
 10
-0.12500000000985836
 20
3.0299999999959715
 10
-0.12500000000518183
 20
3.0299999999948017
 10
-0.1250000000042361
 20
3.029999999991026
 10
-0.12500000000073905
 20
3.029999999967939
 10
-0.12500000000015302
 20
3.029999999959659
 10
-0.125
 20
3.029999999951387
 10
-0.125
 20
3.000000005009811
 10
-0.12499999997592363
 20
3.000000004519725
 10
-0.1249999999039264
 20
3.000000004034359
 10
-0.12499999978470168
 20
3.0000000035583874
 10
-0.12499999961939766
 20
3.000000003096394
 10
-0.12499999940960632
 20
3.0000000026528273
 10
-0.12499999915734807
 20
3.0000000022319595
 10
-0.12499999886505227
 20
3.0000000018378445
 10
-0.12499999853553391
 20
3.0000000014742767
 10
-0.12499999817196643
 20
3.0000000011447585
 10
-0.12499999777785117
 20
3.0000000008524625
 10
-0.12499999735698368
 20
3.0000000006002043
 10
-0.12499999691341716
 20
3.000000000390413
 10
-0.12499999645142339
 20
3.0000000002251093
 10
-0.12499999597545161
 20
3.000000000105884
 10
-0.12499999549008571
 20
3.000000000033887
 10
-0.124999995
 20
3.000000000009811
 10
0.2999999949975036
 20
3.0
 10
0.2999999954875893
 20
3.0000000000240763
 10
0.29999999597295524
 20
3.0000000000960734
 10
0.299999996448927
 20
3.0000000002152984
 10
0.2999999969109208
 20
3.000000000380602
 10
0.2999999973544873
 20
3.0000000005903935
 10
0.2999999977753548
 20
3.0000000008426517
 10
0.29999999816947004
 20
3.0000000011349477
 10
0.29999999853303755
 20
3.000000001464466
 10
0.2999999988625559
 20
3.0000000018280337
 10
0.2999999991548517
 20
3.0000000022221487
 10
0.29999999940711
 20
3.0000000026430165
 10
0.29999999961690127
 20
3.000000003086583
 10
0.2999999997822053
 20
3.0000000035485765
 10
0.29999999990143
 20
3.0000000040245483
 10
0.29999999997342724
 20
3.000000004509914
 10
0.29999999999750365
 20
3.000000005
 10
0.3
 20
3.0499999999374228
 10
0.3000000000055973
 20
3.0499999999944367
 10
0.3000000000617879
 20
3.0499999999999723
 10
0.30000000006290234
 20
3.05
 10
1.2999999999373733
 20
3.05
 10
1.299999999994437
 20
3.0499999999944025
 10
1.2999999999999725
 20
3.0499999999382075
 10
1.3
 20
3.049999999937096
 10
1.3
 20
2.735000000062615
 10
1.2999999999944027
 20
2.735000000005563
 10
1.2999999999382135
 20
2.7350000000000274
 10
1.2999999999370977
 20
2.735
 10
0.3200000000626134
 20
2.735
 10
0.32000000000556306
 20
2.7350000000055967
 10
0.3200000000000286
 20
2.7350000000617687
 10
0.32
 20
2.7350000000629264
 10
0.32
 20
2.749999995
 10
0.3199999999759236
 20
2.749999995490086
 10
0.31999999990392636
 20
2.7499999959754517
 10
0.31999999978470167
 20
2.7499999964514235
 10
0.3199999996193976
 20
2.749999996913417
 10
0.31999999940960633
 20
2.7499999973569835
 10
0.31999999915734806
 20
2.7499999977778513
 10
0.31999999886505226
 20
2.7499999981719663
 10
0.3199999985355339
 20
2.749999998535534
 10
0.3199999981719664
 20
2.7499999988650523
 10
0.31999999777785115
 20
2.7499999991573483
 10
0.31999999735698365
 20
2.7499999994096065
 10
0.31999999691341713
 20
2.749999999619398
 10
0.31999999645142335
 20
2.7499999997847016
 10
0.3199999959754516
 20
2.7499999999039266
 10
0.3199999954900857
 20
2.7499999999759237
 10
0.319999995
 20
2.75
 10
0.300000005001223
 20
2.75
 10
0.3000000045111373
 20
2.7499999999759237
 10
0.30000000402577137
 20
2.7499999999039266
 10
0.3000000035497996
 20
2.7499999997847016
 10
0.30000000308780583
 20
2.749999999619398
 10
0.3000000026442393
 20
2.7499999994096065
 10
0.3000000022233718
 20
2.7499999991573483
 10
0.30000000182925657
 20
2.7499999988650523
 10
0.30000000146568906
 20
2.749999998535534
 10
0.3000000011361707
 20
2.7499999981719663
 10
0.3000000008438749
 20
2.7499999977778513
 10
0.30000000059161663
 20
2.7499999973569835
 10
0.30000000038182534
 20
2.749999996913417
 10
0.3000000002165213
 20
2.7499999964514235
 10
0.3000000000972966
 20
2.7499999959754517
 10
0.30000000002529936
 20
2.749999995490086
 10
0.30000000000122296
 20
2.749999995
 10
0.3
 20
2.7380000000460774
 10
0.2999999999968854
 20
2.738000000016299
 10
0.29999999999469495
 20
2.7380000000052847
 10
0.2999999999836879
 20
2.7380000000030957
 10
0.29999999995412346
 20
2.738
 10
0.1300000000464017
 20
2.738
 10
0.13000000001581874
 20
2.7380000000032023
 10
0.1300000000052811
 20
2.738000000005301
 10
0.13000000000310571
 20
2.738000000016236
 10
0.13
 20
2.7380000000458726
 10
0.13
 20
2.7499999949977356
 10
0.12999999997592365
 20
2.7499999954878214
 10
0.1299999999039264
 20
2.7499999959731873
 10
0.1299999997847017
 20
2.749999996449159
 10
0.12999999961939768
 20
2.7499999969111526
 10
0.12999999940960633
 20
2.749999997354719
 10
0.12999999915734806
 20
2.749999997775587
 10
0.12999999886505229
 20
2.749999998169702
 10
0.1299999985355339
 20
2.7499999985332697
 10
0.12999999817196642
 20
2.749999998862788
 10
0.12999999777785118
 20
2.749999999155084
 10
0.1299999973569837
 20
2.749999999407342
 10
0.12999999691341718
 20
2.7499999996171334
 10
0.1299999964514234
 20
2.749999999782437
 10
0.12999999597545162
 20
2.749999999901662
 10
0.1299999954900857
 20
2.7499999999736593
 10
0.129999995
 20
2.7499999999977356
 10
0.04000000500059866
 20
2.75
 10
0.04000000451051296
 20
2.7499999999759237
 10
0.04000000402514705
 20
2.7499999999039266
 10
0.040000003549175274
 20
2.7499999997847016
 10
0.0400000030871815
 20
2.749999999619398
 10
0.040000002643614974
 20
2.7499999994096065
 10
0.040000002222747494
 20
2.7499999991573483
 10
0.04000000182863224
 20
2.7499999988650523
 10
0.04000000146506475
 20
2.749999998535534
 10
0.040000001135546394
 20
2.7499999981719663
 10
0.040000000843250595
 20
2.7499999977778513
 10
0.04000000059099234
 20
2.7499999973569835
 10
0.040000000381200995
 20
2.749999996913417
 10
0.04000000021589698
 20
2.7499999964514235
 10
0.040000000096672254
 20
2.7499999959754517
 10
0.04000000002467503
 20
2.749999995490086
 10
0.04000000000059866
 20
2.749999995
 10
0.04
 20
2.738000000056918
 10
0.03999999999844963
 20
2.738000000031649
 10
0.03999999999456029
 20
2.7380000000054108
 10
0.039999999968659404
 20
2.73800000000157
 10
0.0399999999431298
 20
2.738
 10
-0.10499999994305956
 20
2.738
 10
-0.10499999996834068
 20
2.73800000000155
 10
-0.10499999999458871
 20
2.7380000000054396
 10
-0.10499999999842939
 20
2.7380000000313287
 10
-0.105
 20
2.7380000000568527
 10
-0.105
 20
2.769999995
 10
-0.10500000002407636
 20
2.769999995490086
 10
-0.10500000009607359
 20
2.7699999959754518
 10
-0.10500000021529832
 20
2.7699999964514235
 10
-0.10500000038060234
 20
2.769999996913417
 10
-0.10500000059039367
 20
2.7699999973569835
 10
-0.10500000084265193
 20
2.7699999977778513
 10
-0.10500000113494773
 20
2.7699999981719663
 10
-0.10500000146446609
 20
2.769999998535534
 10
-0.10500000182803357
 20
2.7699999988650523
 10
-0.10500000222214882
 20
2.7699999991573483
 10
-0.10500000264301632
 20
2.7699999994096065
 10
-0.10500000308658283
 20
2.769999999619398
 10
-0.10500000354857661
 20
2.7699999997847016
 10
-0.10500000402454839
 20
2.7699999999039266
 10
-0.10500000450991429
 20
2.7699999999759237
 10
-0.105000005
 20
2.77
 10
-4.999999999937378
 20
2.77
 10
-4.999999999994433
 20
2.7700000000055995
 10
-4.999999999999997
 20
2.7700000000623013
 10
-5.0
 20
2.779999995
 10
-5.000000000024077
 20
2.7799999954900856
 10
-5.000000000096074
 20
2.7799999959754516
 10
-5.000000000215299
 20
2.7799999964514233
 10
-5.000000000380603
 20
2.779999996913417
 10
-5.000000000590394
 20
2.7799999973569833
 10
-5.000000000842652
 20
2.779999997777851
 10
-5.000000001134948
 20
2.779999998171966
 10
-5.000000001464467
 20
2.779999998535534
 10
-5.000000001828034
 20
2.779999998865052
 10
-5.00000000222215
 20
2.779999999157348
 10
-5.0000000026430165
 20
2.7799999994096063
 10
-5.000000003086583
 20
2.7799999996193976
 10
-5.000000003548577
 20
2.7799999997847014
 10
-5.000000004024549
 20
2.7799999999039264
 10
-5.000000004509915
 20
2.7799999999759235
 10
-5.000000005
 20
2.78
 10
-5.22999999995316
 20
2.78
 10
-5.229999999972242
 20
2.780000000001323
 10
-5.2299999999901186
 20
2.7800000000040246
 10
-5.22999999999482
 20
2.7800000000051988
 10
-5.229999999995501
 20
2.7800000000079166
 10
-5.2299999999995155
 20
2.780000000034455
 10
-5.229999999999801
 20
2.780000000038488
 10
-5.23
 20
2.780000000049161
 10
-5.23
 20
3.029999999942654
 10
-5.229999999998792
 20
3.0299999999602925
  0
LWPOLYLINE
  5
AFC
330
17
100
AcDbEntity
  8
A-STROPY
370
70
 48
0.05
100
AcDbPolyline
 90
234
 70
1
 10
-5.229999999994253
 20
5.930000000005747
 10
-5.23
 20
5.93000000012273
 10
-5.23
 20
6.14999999987727
 10
-5.229999999994253
 20
6.149999999994253
 10
-5.22999999987727
 20
6.15
 10
-5.02000000503
 20
6.15
 10
-5.020000004539915
 20
6.150000000024077
 10
-5.020000004054548
 20
6.150000000096075
 10
-5.020000003578577
 20
6.150000000215299
 10
-5.020000003116583
 20
6.1500000003806035
 10
-5.020000002673016
 20
6.150000000590395
 10
-5.020000002252149
 20
6.1500000008426525
 10
-5.020000001858033
 20
6.1500000011349485
 10
-5.020000001494466
 20
6.150000001464467
 10
-5.020000001164948
 20
6.150000001828034
 10
-5.020000000872652
 20
6.15000000222215
 10
-5.020000000620394
 20
6.150000002643017
 10
-5.020000000410603
 20
6.150000003086584
 10
-5.0200000002452985
 20
6.150000003548578
 10
-5.020000000126074
 20
6.150000004024549
 10
-5.020000000054076
 20
6.1500000045099155
 10
-5.02000000003
 20
6.150000005000001
 10
-5.02
 20
6.1799999998772694
 10
-5.019999999994252
 20
6.179999999994252
 10
-5.019999999877269
 20
6.18
 10
-2.7000000001227304
 20
6.18
 10
-2.700000000005748
 20
6.179999999994252
 10
-2.7
 20
6.179999999877258
 10
-2.7
 20
6.150000005010001
 10
-2.699999999975924
 20
6.1500000045199155
 10
-2.699999999903927
 20
6.150000004034549
 10
-2.6999999997847017
 20
6.150000003558578
 10
-2.699999999619398
 20
6.150000003096584
 10
-2.6999999994096067
 20
6.150000002653017
 10
-2.6999999991573485
 20
6.15000000223215
 10
-2.6999999988650525
 20
6.150000001838034
 10
-2.6999999985355343
 20
6.150000001474467
 10
-2.6999999981719665
 20
6.1500000011449485
 10
-2.6999999977778515
 20
6.1500000008526525
 10
-2.6999999973569837
 20
6.150000000600395
 10
-2.699999996913417
 20
6.1500000003906035
 10
-2.6999999964514236
 20
6.150000000225299
 10
-2.699999995975452
 20
6.150000000106075
 10
-2.699999995490086
 20
6.150000000034077
 10
-2.699999995
 20
6.15000000001
 10
-2.550000005
 20
6.15
 10
-2.550000004509914
 20
6.150000000024077
 10
-2.550000004024548
 20
6.150000000096075
 10
-2.5500000035485764
 20
6.150000000215299
 10
-2.550000003086583
 20
6.1500000003806035
 10
-2.5500000026430163
 20
6.150000000590395
 10
-2.5500000022221485
 20
6.1500000008426525
 10
-2.5500000018280335
 20
6.1500000011349485
 10
-2.5500000014644657
 20
6.150000001464467
 10
-2.5500000011349475
 20
6.150000001828034
 10
-2.5500000008426515
 20
6.15000000222215
 10
-2.5500000005903933
 20
6.150000002643017
 10
-2.550000000380602
 20
6.150000003086584
 10
-2.5500000002152983
 20
6.150000003548578
 10
-2.550000000096073
 20
6.150000004024549
 10
-2.550000000024076
 20
6.1500000045099155
 10
-2.55
 20
6.150000005000001
 10
-2.55
 20
6.179999999877258
 10
-2.549999999994252
 20
6.179999999994252
 10
-2.5499999998772696
 20
6.18
 10
-0.10500000012273034
 20
6.18
 10
-0.10500000000574765
 20
6.179999999994252
 10
-0.105
 20
6.179999999877256
 10
-0.105
 20
6.150000005000001
 10
-0.10499999997592363
 20
6.1500000045099155
 10
-0.1049999999039264
 20
6.150000004024549
 10
-0.10499999978470168
 20
6.150000003548578
 10
-0.10499999961939765
 20
6.150000003086584
 10
-0.10499999940960632
 20
6.150000002643017
 10
-0.10499999915734806
 20
6.15000000222215
 10
-0.10499999886505226
 20
6.150000001828034
 10
-0.1049999985355339
 20
6.150000001464467
 10
-0.10499999817196642
 20
6.1500000011349485
 10
-0.10499999777785117
 20
6.1500000008426525
 10
-0.10499999735698368
 20
6.150000000590395
 10
-0.10499999691341716
 20
6.1500000003806035
 10
-0.10499999645142338
 20
6.150000000215299
 10
-0.10499999597545161
 20
6.150000000096075
 10
-0.1049999954900857
 20
6.150000000024077
 10
-0.104999995
 20
6.15
 10
0.29999999499999996
 20
6.15
 10
0.29999999549008566
 20
6.150000000024077
 10
0.29999999597545157
 20
6.150000000096075
 10
0.29999999645142333
 20
6.150000000215299
 10
0.2999999969134171
 20
6.1500000003806035
 10
0.2999999973569836
 20
6.150000000590395
 10
0.29999999777785114
 20
6.1500000008426525
 10
0.2999999981719664
 20
6.1500000011349485
 10
0.2999999985355339
 20
6.150000001464467
 10
0.29999999886505224
 20
6.150000001828034
 10
0.29999999915734804
 20
6.15000000222215
 10
0.2999999994096063
 20
6.150000002643017
 10
0.2999999996193976
 20
6.150000003086584
 10
0.29999999978470165
 20
6.150000003548578
 10
0.29999999990392634
 20
6.150000004024549
 10
0.2999999999759236
 20
6.1500000045099155
 10
0.3
 20
6.150000005000001
 10
0.3
 20
6.249999999937409
 10
0.30000000000559984
 20
6.249999999994433
 10
0.30000000006229477
 20
6.249999999999997
 10
1.299999999937307
 20
6.25
 10
1.2999999999944343
 20
6.2499999999944
 10
1.299999999999972
 20
6.2499999999382005
 10
1.3
 20
6.24999999993707
 10
1.3
 20
5.935000000062643
 10
1.2999999999943999
 20
5.935000000005568
 10
1.2999999999377017
 20
5.935000000000003
 10
0.3200000000626892
 20
5.9350000000000005
 10
0.32000000000556633
 20
5.9350000000056005
 10
0.32000000000002543
 20
5.935000000061851
 10
0.32
 20
5.935000000062882
 10
0.32
 20
5.949999995
 10
0.3199999999759236
 20
5.949999995490085
 10
0.31999999990392636
 20
5.9499999959754515
 10
0.31999999978470167
 20
5.949999996451423
 10
0.3199999996193976
 20
5.949999996913417
 10
0.31999999940960633
 20
5.949999997356984
 10
0.31999999915734806
 20
5.949999997777851
 10
0.31999999886505226
 20
5.9499999981719665
 10
0.3199999985355339
 20
5.949999998535533
 10
0.3199999981719664
 20
5.949999998865052
 10
0.31999999777785115
 20
5.949999999157348
 10
0.31999999735698365
 20
5.949999999409606
 10
0.31999999691341713
 20
5.949999999619397
 10
0.31999999645142335
 20
5.949999999784701
 10
0.3199999959754516
 20
5.949999999903926
 10
0.3199999954900857
 20
5.949999999975923
 10
0.319999995
 20
5.95
 10
0.300000005001223
 20
5.95
 10
0.3000000045111373
 20
5.949999999975923
 10
0.30000000402577137
 20
5.949999999903926
 10
0.3000000035497996
 20
5.949999999784701
 10
0.30000000308780583
 20
5.949999999619397
 10
0.3000000026442393
 20
5.949999999409606
 10
0.3000000022233718
 20
5.949999999157348
 10
0.30000000182925657
 20
5.949999998865052
 10
0.30000000146568906
 20
5.949999998535533
 10
0.3000000011361707
 20
5.9499999981719665
 10
0.3000000008438749
 20
5.949999997777851
 10
0.30000000059161663
 20
5.949999997356984
 10
0.30000000038182534
 20
5.949999996913417
 10
0.3000000002165213
 20
5.949999996451423
 10
0.3000000000972966
 20
5.9499999959754515
 10
0.30000000002529936
 20
5.949999995490085
 10
0.30000000000122296
 20
5.949999995
 10
0.3
 20
5.930000000122742
 10
0.29999999999425236
 20
5.930000000005747
 10
0.2999999998772696
 20
5.93
 10
-0.124999995
 20
5.93
 10
-0.12499999549008571
 20
5.929999999975923
 10
-0.12499999597545161
 20
5.9299999999039255
 10
-0.12499999645142339
 20
5.929999999784701
 10
-0.12499999691341716
 20
5.929999999619397
 10
-0.12499999735698368
 20
5.929999999409605
 10
-0.12499999777785117
 20
5.9299999991573475
 10
-0.12499999817196643
 20
5.929999998865052
 10
-0.12499999853553391
 20
5.929999998535533
 10
-0.12499999886505227
 20
5.929999998171966
 10
-0.12499999915734807
 20
5.92999999777785
 10
-0.12499999940960632
 20
5.929999997356983
 10
-0.12499999961939766
 20
5.929999996913416
 10
-0.12499999978470168
 20
5.929999996451422
 10
-0.1249999999039264
 20
5.929999995975451
 10
-0.12499999997592363
 20
5.929999995490085
 10
-0.125
 20
5.929999994999999
 10
-0.125
 20
5.9200000001227435
 10
-0.12500000000574768
 20
5.920000000005747
 10
-0.12500000012273035
 20
5.92
 10
-3.6749999998772696
 20
5.92
 10
-3.674999999994252
 20
5.920000000005747
 10
-3.675
 20
5.920000000122742
 10
-3.675
 20
5.929999994999999
 10
-3.675000000024076
 20
5.929999995490085
 10
-3.675000000096073
 20
5.929999995975451
 10
-3.6750000002152983
 20
5.929999996451422
 10
-3.675000000380602
 20
5.929999996913416
 10
-3.6750000005903933
 20
5.929999997356983
 10
-3.6750000008426515
 20
5.92999999777785
 10
-3.6750000011349475
 20
5.929999998171966
 10
-3.6750000014644657
 20
5.929999998535533
 10
-3.6750000018280335
 20
5.929999998865052
 10
-3.6750000022221485
 20
5.9299999991573475
 10
-3.6750000026430163
 20
5.929999999409605
 10
-3.675000003086583
 20
5.929999999619397
 10
-3.6750000035485764
 20
5.929999999784701
 10
-3.675000004024548
 20
5.9299999999039255
 10
-3.675000004509914
 20
5.929999999975923
 10
-3.675000005
 20
5.93
 10
-3.82499999499
 20
5.93
 10
-3.824999995480086
 20
5.929999999975923
 10
-3.824999995965452
 20
5.9299999999039255
 10
-3.8249999964414236
 20
5.929999999784701
 10
-3.824999996903417
 20
5.929999999619397
 10
-3.8249999973469837
 20
5.929999999409605
 10
-3.8249999977678515
 20
5.9299999991573475
 10
-3.8249999981619665
 20
5.929999998865052
 10
-3.8249999985255343
 20
5.929999998535533
 10
-3.8249999988550525
 20
5.929999998171966
 10
-3.8249999991473485
 20
5.92999999777785
 10
-3.8249999993996067
 20
5.929999997356983
 10
-3.824999999609398
 20
5.929999996913416
 10
-3.8249999997747017
 20
5.929999996451422
 10
-3.824999999893927
 20
5.929999995975451
 10
-3.824999999965924
 20
5.929999995490085
 10
-3.82499999999
 20
5.929999994999999
 10
-3.825
 20
5.920000000122742
 10
-3.825000000005748
 20
5.920000000005747
 10
-3.8250000001227304
 20
5.92
 10
-4.99999999987727
 20
5.92
 10
-4.999999999994253
 20
5.920000000005747
 10
-5.0
 20
5.92000000012273
 10
-5.0
 20
5.929999994989999
 10
-5.000000000024077
 20
5.929999995480085
 10
-5.000000000096074
 20
5.929999995965451
 10
-5.000000000215299
 20
5.929999996441422
 10
-5.000000000380603
 20
5.929999996903416
 10
-5.000000000590394
 20
5.929999997346983
 10
-5.000000000842652
 20
5.92999999776785
 10
-5.000000001134948
 20
5.929999998161966
 10
-5.000000001464467
 20
5.929999998525533
 10
-5.000000001828034
 20
5.929999998855052
 10
-5.00000000222215
 20
5.9299999991473475
 10
-5.0000000026430165
 20
5.929999999399605
 10
-5.000000003086583
 20
5.929999999609397
 10
-5.000000003548577
 20
5.929999999774701
 10
-5.000000004024549
 20
5.9299999998939255
 10
-5.000000004509915
 20
5.929999999965923
 10
-5.000000005
 20
5.92999999999
 10
-5.22999999987727
 20
5.93
  0
LWPOLYLINE
  5
AFD
330
17
100
AcDbEntity
  8
A-STROPY
370
70
 48
0.05
100
AcDbPolyline
 90
42
 70
1
 10
-9.04999999999444
 20
9.080000000005594
 10
-9.049999999999962
 20
9.080000000061533
 10
-9.05
 20
9.080000000063139
 10
-9.05
 20
9.299999999937175
 10
-9.049999999999983
 20
9.299999999937862
 10
-9.049999999994407
 20
9.29999999999444
 10
-9.049999999938468
 20
9.299999999999962
 10
-9.049999999936862
 20
9.3
 10
-8.550000000062827
 20
9.3
 10
-8.55000000006214
 20
9.299999999999983
 10
-8.55000000000556
 20
9.299999999994407
 10
-8.55000000000004
 20
9.299999999938468
 10
-8.55
 20
9.299999999936862
 10
-8.55
 20
9.070000000062826
 10
-8.550000000000018
 20
9.070000000062139
 10
-8.550000000005594
 20
9.07000000000556
 10
-8.550000000061534
 20
9.07000000000004
 10
-8.55000000006314
 20
9.07
 10
-8.644999999937173
 20
9.07
 10
-8.64499999993786
 20
9.070000000000018
 10
-8.64499999999444
 20
9.070000000005594
 10
-8.64499999999996
 20
9.070000000061533
 10
-8.645
 20
9.070000000063139
 10
-8.645
 20
9.079999995
 10
-8.645000000024076
 20
9.079999995490086
 10
-8.645000000096074
 20
9.07999999597545
 10
-8.645000000215298
 20
9.079999996451424
 10
-8.645000000380602
 20
9.079999996913417
 10
-8.645000000590393
 20
9.079999997356984
 10
-8.645000000842652
 20
9.07999999777785
 10
-8.645000001134948
 20
9.079999998171965
 10
-8.645000001464465
 20
9.079999998535534
 10
-8.645000001828034
 20
9.079999998865052
 10
-8.64500000222215
 20
9.079999999157348
 10
-8.645000002643016
 20
9.079999999409607
 10
-8.645000003086583
 20
9.079999999619398
 10
-8.645000003548576
 20
9.079999999784702
 10
-8.64500000402455
 20
9.079999999903926
 10
-8.645000004509914
 20
9.079999999975923
 10
-8.645000005
 20
9.08
 10
-9.049999999937175
 20
9.08
 10
-9.049999999937862
 20
9.080000000000018
  0
LWPOLYLINE
  5
AFE
330
17
100
AcDbEntity
  8
A-STROPY
370
70
 48
0.05
100
AcDbPolyline
 90
12
 70
1
 10
-9.049999999994252
 20
2.780000000005747
 10
-9.05
 20
2.78000000012273
 10
-9.05
 20
2.9999999998772697
 10
-9.049999999994252
 20
2.9999999999942526
 10
-9.049999999877258
 20
3.0
 10
-8.645000000122742
 20
3.0
 10
-8.645000000005748
 20
2.9999999999942526
 10
-8.645
 20
2.9999999998772697
 10
-8.645
 20
2.78000000012273
 10
-8.645000000005748
 20
2.780000000005747
 10
-8.645000000122742
 20
2.78
 10
-9.049999999877258
 20
2.78
  0
LWPOLYLINE
  5
AFF
330
17
100
AcDbEntity
  8
A-STROPY
370
70
 48
0.05
100
AcDbPolyline
 90
12
 70
1
 10
-9.049999999994252
 20
5.930000000005746
 10
-9.05
 20
5.93000000012273
 10
-9.05
 20
6.149999999877269
 10
-9.049999999994252
 20
6.149999999994253
 10
-9.04999999987727
 20
6.1499999999999995
 10
-8.64500000012273
 20
6.1499999999999995
 10
-8.645000000005748
 20
6.149999999994253
 10
-8.645
 20
6.149999999877269
 10
-8.645
 20
5.93000000012273
 10
-8.645000000005748
 20
5.930000000005746
 10
-8.64500000012273
 20
5.93
 10
-9.04999999987727
 20
5.93
  0
LWPOLYLINE
  5
B00
330
17
100
AcDbEntity
  8
A-SCIANY-KONSTR
370
70
 48
0.05
100
AcDbPolyline
 90
58
 70
1
 10
0.020000000005565382
 20
9.776000000005599
 10
0.020000000000009396
 20
9.776000000062163
 10
0.02
 20
9.79599999993745
 10
0.02000000000559602
 20
9.79599999999444
 10
0.02000000006154096
 20
9.79599999999996
 10
0.02000000006317906
 20
9.796000000000001
 10
0.42999999993719445
 20
9.796000000000001
 10
0.4299999999377804
 20
9.795999999999987
 10
0.42999999999443433
 20
9.795999999994402
 10
0.42999999999999283
 20
9.795999999937791
 10
0.43
 20
9.776000000062565
 10
0.4299999999944041
 20
9.776000000005563
 10
0.4299999999384573
 20
9.776000000000042
 10
0.4299999999368252
 20
9.776000000000002
 10
0.300000005
 20
9.776000000000002
 10
0.3000000045099143
 20
9.775999999975925
 10
0.3000000040245484
 20
9.775999999903927
 10
0.30000000354857664
 20
9.775999999784704
 10
0.30000000308658287
 20
9.7759999996194
 10
0.30000000264301635
 20
9.775999999409608
 10
0.30000000222214884
 20
9.77599999915735
 10
0.3000000018280336
 20
9.775999998865053
 10
0.3000000014644661
 20
9.775999998535536
 10
0.30000000113494774
 20
9.775999998171967
 10
0.30000000084265194
 20
9.775999997777852
 10
0.30000000059039367
 20
9.775999997356985
 10
0.30000000038060237
 20
9.775999996913418
 10
0.3000000002152983
 20
9.775999996451425
 10
0.30000000009607364
 20
9.775999995975452
 10
0.3000000000240764
 20
9.775999995490087
 10
0.3
 20
9.775999995000001
 10
0.3
 20
9.300000000062564
 10
0.2999999999944041
 20
9.300000000005562
 10
0.2999999999384573
 20
9.300000000000042
 10
0.2999999999368252
 20
9.3
 10
0.050000000062803446
 20
9.3
 10
0.05000000006219825
 20
9.300000000000015
 10
0.05000000000556556
 20
9.300000000005598
 10
0.050000000000008614
 20
9.30000000006218
 10
0.05
 20
9.775999995000001
 10
0.04999999997592364
 20
9.775999995490087
 10
0.04999999990392641
 20
9.775999995975452
 10
0.04999999978470168
 20
9.775999996451425
 10
0.04999999961939767
 20
9.775999996913418
 10
0.049999999409606324
 20
9.775999997356985
 10
0.04999999915734807
 20
9.775999997777852
 10
0.04999999886505227
 20
9.775999998171967
 10
0.04999999853553391
 20
9.775999998535536
 10
0.049999998171966424
 20
9.775999998865053
 10
0.04999999777785117
 20
9.77599999915735
 10
0.04999999735698369
 20
9.775999999409608
 10
0.049999996913417166
 20
9.7759999996194
 10
0.04999999645142339
 20
9.775999999784704
 10
0.049999995975451614
 20
9.775999999903927
 10
0.04999999549008571
 20
9.775999999975925
 10
0.049999995000000005
 20
9.776000000000002
 10
0.02000000006280129
 20
9.776000000000002
 10
0.020000000062202834
 20
9.776000000000016
  0
LWPOLYLINE
  5
B01
330
17
100
AcDbEntity
  8
A-SCIANY-KONSTR
370
70
 48
0.05
100
AcDbPolyline
 90
58
 70
1
 10
-0.1349999999944026
 20
3.8539999999944365
 10
-0.13499999993811893
 20
3.8539999999999814
 10
-0.1349999999373866
 20
3.8539999999999996
 10
0.039999999937382215
 20
3.8539999999999996
 10
0.03999999999443659
 20
3.8539999999944023
 10
0.039999999999973265
 20
3.853999999938192
 10
0.04
 20
3.853999999937108
 10
0.04
 20
3.8500000049999996
 10
0.04000000002407637
 20
3.850000004509914
 10
0.040000000096073594
 20
3.850000004024548
 10
0.04000000021529832
 20
3.850000003548576
 10
0.040000000380602335
 20
3.8500000030865826
 10
0.04000000059039368
 20
3.850000002643016
 10
0.040000000842651935
 20
3.8500000022221483
 10
0.040000001134947734
 20
3.8500000018280334
 10
0.04000000146446609
 20
3.8500000014644655
 10
0.04000000182803358
 20
3.8500000011349473
 10
0.040000002222148834
 20
3.8500000008426514
 10
0.040000002643016314
 20
3.850000000590393
 10
0.04000000308658284
 20
3.850000000380602
 10
0.040000003548576614
 20
3.850000000215298
 10
0.04000000402454839
 20
3.850000000096073
 10
0.0400000045099143
 20
3.850000000024076
 10
0.040000005
 20
3.8499999999999996
 10
0.12499999993738657
 20
3.8499999999999996
 10
0.12499999999443671
 20
3.849999999994403
 10
0.12499999999997254
 20
3.849999999938207
 10
0.125
 20
3.849999999937094
 10
0.125
 20
3.0000000000626144
 10
0.12499999999440259
 20
3.000000000005563
 10
0.12499999993821848
 20
3.000000000000028
 10
0.12499999993709286
 20
3.0
 10
-0.12499999993738657
 20
3.0
 10
-0.12499999999443671
 20
3.000000000005597
 10
-0.12499999999997254
 20
3.000000000061793
 10
-0.125
 20
3.0000000000629057
 10
-0.125
 20
3.8299999949999997
 10
-0.12500000002407635
 20
3.8299999954900854
 10
-0.1250000000960736
 20
3.8299999959754514
 10
-0.1250000002152983
 20
3.829999996451423
 10
-0.12500000038060233
 20
3.8299999969134166
 10
-0.12500000059039368
 20
3.829999997356983
 10
-0.12500000084265195
 20
3.829999997777851
 10
-0.12500000113494772
 20
3.829999998171966
 10
-0.1250000014644661
 20
3.8299999985355337
 10
-0.12500000182803359
 20
3.829999998865052
 10
-0.12500000222214883
 20
3.829999999157348
 10
-0.1250000026430163
 20
3.829999999409606
 10
-0.12500000308658282
 20
3.8299999996193974
 10
-0.1250000035485766
 20
3.829999999784701
 10
-0.1250000040245484
 20
3.8299999999039263
 10
-0.1250000045099143
 20
3.8299999999759233
 10
-0.125000005
 20
3.8299999999999996
 10
-0.1349999999373866
 20
3.8299999999999996
 10
-0.13499999999443674
 20
3.8300000000055965
 10
-0.13499999999997253
 20
3.8300000000617924
 10
-0.135
 20
3.8300000000629053
 10
-0.135
 20
3.8539999999373853
  0
LWPOLYLINE
  5
B02
330
17
100
AcDbEntity
  8
A-SCIANY-KONSTR
370
70
 48
0.05
100
AcDbPolyline
 90
54
 70
1
 10
-0.12499999999443341
 20
5.3500000000056
 10
-0.12499999999997605
 20
5.350000000061881
 10
-0.125
 20
5.3500000000628525
 10
-0.125
 20
5.929999999937438
 10
-0.12499999999440026
 20
5.929999999994433
 10
-0.12499999993770189
 20
5.929999999999997
 10
0.1249999999373074
 20
5.93
 10
0.12499999999443341
 20
5.9299999999944
 10
0.12499999999997605
 20
5.9299999999381185
 10
0.125
 20
5.929999999937147
 10
0.125
 20
5.350000000062561
 10
0.12499999999440026
 20
5.350000000005567
 10
0.12499999993770189
 20
5.350000000000002
 10
0.040000005
 20
5.35
 10
0.0400000045099143
 20
5.349999999975923
 10
0.04000000402454839
 20
5.349999999903925
 10
0.040000003548576614
 20
5.349999999784701
 10
0.04000000308658284
 20
5.3499999996193965
 10
0.040000002643016314
 20
5.349999999409605
 10
0.040000002222148834
 20
5.3499999991573475
 10
0.04000000182803358
 20
5.3499999988650515
 10
0.04000000146446609
 20
5.349999998535533
 10
0.040000001134947734
 20
5.349999998171966
 10
0.040000000842651935
 20
5.34999999777785
 10
0.04000000059039368
 20
5.349999997356983
 10
0.040000000380602335
 20
5.349999996913416
 10
0.04000000021529832
 20
5.349999996451422
 10
0.040000000096073594
 20
5.349999995975451
 10
0.04000000002407637
 20
5.3499999954900845
 10
0.04
 20
5.349999994999999
 10
0.04
 20
5.338000000062584
 10
0.039999999994400126
 20
5.338000000005566
 10
0.039999999937708745
 20
5.338000000000003
 10
-0.10499999993726962
 20
5.338
 10
-0.10499999999442938
 20
5.338000000005603
 10
-0.10499999999999864
 20
5.338000000062354
 10
-0.105
 20
5.349999994999999
 10
-0.10500000002407636
 20
5.3499999954900845
 10
-0.10500000009607359
 20
5.349999995975451
 10
-0.10500000021529832
 20
5.349999996451422
 10
-0.10500000038060234
 20
5.349999996913416
 10
-0.10500000059039367
 20
5.349999997356983
 10
-0.10500000084265193
 20
5.34999999777785
 10
-0.10500000113494773
 20
5.349999998171966
 10
-0.10500000146446609
 20
5.349999998535533
 10
-0.10500000182803357
 20
5.3499999988650515
 10
-0.10500000222214882
 20
5.3499999991573475
 10
-0.10500000264301632
 20
5.349999999409605
 10
-0.10500000308658283
 20
5.3499999996193965
 10
-0.10500000354857661
 20
5.349999999784701
 10
-0.10500000402454839
 20
5.349999999903925
 10
-0.10500000450991429
 20
5.349999999975923
 10
-0.105000005
 20
5.35
 10
-0.1249999999373074
 20
5.35
  0
LWPOLYLINE
  5
B03
330
17
100
AcDbEntity
  8
A-SCIANY-KONSTR
370
70
 48
0.05
100
AcDbPolyline
 90
6
 70
1
 10
-5.034999999877279
 20
6.15
 10
-5.03499999987727
 20
6.15
 10
-5.00000000012273
 20
6.15
 10
-5.000000000122721
 20
6.15
 10
-5.00000000012273
 20
6.1499999999999995
 10
-5.03499999987727
 20
6.1499999999999995
  0
LWPOLYLINE
  5
B04
330
17
100
AcDbEntity
  8
A-SCIANY-KONSTR
370
70
 48
0.05
100
AcDbPolyline
 90
32
 70
1
 10
-5.249999999994253
 20
2.500000000005748
 10
-5.25
 20
2.5000000001227303
 10
-5.25
 20
2.9999999998772697
 10
-5.249999999994253
 20
2.999999999994252
 10
-5.249999999877258
 20
3.0
 10
-5.230000000122742
 20
3.0
 10
-5.230000000005748
 20
2.999999999994252
 10
-5.23
 20
2.9999999998772697
 10
-5.23
 20
2.7800000049999998
 10
-5.229999999975924
 20
2.780000004509914
 10
-5.229999999903926
 20
2.780000004024548
 10
-5.2299999997847015
 20
2.7800000035485763
 10
-5.229999999619397
 20
2.780000003086583
 10
-5.229999999409606
 20
2.7800000026430163
 10
-5.229999999157348
 20
2.7800000022221485
 10
-5.229999998865052
 20
2.7800000018280335
 10
-5.229999998535534
 20
2.7800000014644657
 10
-5.229999998171967
 20
2.7800000011349475
 10
-5.229999997777851
 20
2.7800000008426515
 10
-5.229999997356984
 20
2.7800000005903933
 10
-5.229999996913417
 20
2.780000000380602
 10
-5.229999996451423
 20
2.7800000002152983
 10
-5.229999995975452
 20
2.780000000096073
 10
-5.229999995490085
 20
2.780000000024076
 10
-5.229999995
 20
2.78
 10
-5.000000000122742
 20
2.78
 10
-5.000000000005747
 20
2.779999999994252
 10
-5.0
 20
2.7799999998772695
 10
-5.0
 20
2.5000000001227303
 10
-5.000000000005747
 20
2.500000000005748
 10
-5.000000000122742
 20
2.5
 10
-5.249999999877258
 20
2.5
  0
LWPOLYLINE
  5
B05
330
17
100
AcDbEntity
  8
A-SCIANY-KONSTR
370
70
 48
0.05
100
AcDbPolyline
 90
49
 70
1
 10
-5.249999999994253
 20
5.650000000005748
 10
-5.25
 20
5.650000000122731
 10
-5.25
 20
6.14999999987727
 10
-5.249999999994253
 20
6.149999999994253
 10
-5.24999999987727
 20
6.15
 10
-5.21500000012273
 20
6.15
 10
-5.215000000122721
 20
6.15
 10
-5.21500000012273
 20
6.1499999999999995
 10
-5.229999995
 20
6.1499999999999995
 10
-5.229999995490085
 20
6.149999999975923
 10
-5.229999995975452
 20
6.149999999903925
 10
-5.229999996451423
 20
6.149999999784701
 10
-5.229999996913417
 20
6.149999999619396
 10
-5.229999997356984
 20
6.149999999409605
 10
-5.229999997777851
 20
6.149999999157347
 10
-5.229999998171967
 20
6.149999998865051
 10
-5.229999998535534
 20
6.149999998535533
 10
-5.229999998865052
 20
6.149999998171966
 10
-5.229999999157348
 20
6.14999999777785
 10
-5.229999999409606
 20
6.149999997356983
 10
-5.229999999619397
 20
6.149999996913416
 10
-5.2299999997847015
 20
6.149999996451422
 10
-5.229999999903926
 20
6.149999995975451
 10
-5.229999999975924
 20
6.149999995490084
 10
-5.23
 20
6.149999994999999
 10
-5.23
 20
5.930000005
 10
-5.229999999975924
 20
5.930000004509915
 10
-5.229999999903926
 20
5.930000004024548
 10
-5.2299999997847015
 20
5.930000003548577
 10
-5.229999999619397
 20
5.930000003086583
 10
-5.229999999409606
 20
5.930000002643016
 10
-5.229999999157348
 20
5.930000002222149
 10
-5.229999998865052
 20
5.930000001828033
 10
-5.229999998535534
 20
5.9300000014644665
 10
-5.229999998171967
 20
5.930000001134948
 10
-5.229999997777851
 20
5.930000000842652
 10
-5.229999997356984
 20
5.930000000590394
 10
-5.229999996913417
 20
5.930000000380603
 10
-5.229999996451423
 20
5.930000000215299
 10
-5.229999995975452
 20
5.930000000096074
 10
-5.229999995490085
 20
5.9300000000240765
 10
-5.229999995
 20
5.93
 10
-5.00000000012273
 20
5.93
 10
-5.000000000005747
 20
5.929999999994252
 10
-5.0
 20
5.9299999998772694
 10
-5.0
 20
5.650000000122731
 10
-5.000000000005747
 20
5.650000000005748
 10
-5.00000000012273
 20
5.65
 10
-5.24999999987727
 20
5.65
  0
LWPOLYLINE
  5
B06
330
17
100
AcDbEntity
  8
A-SCIANY-KONSTR
370
70
 48
0.05
100
AcDbPolyline
 90
332
 70
1
 10
-8.644999999994251
 20
1.3950000000057474
 10
-8.645
 20
1.3950000001227303
 10
-8.645
 20
1.5749999998772697
 10
-8.644999999994251
 20
1.5749999999942526
 10
-8.644999999877257
 20
1.575
 10
-7.470000000122742
 20
1.575
 10
-7.470000000005747
 20
1.5749999999942526
 10
-7.47
 20
1.5749999998772697
 10
-7.47
 20
1.4000000049999999
 10
-7.469999999975923
 20
1.4000000045099141
 10
-7.4699999999039255
 20
1.4000000040245482
 10
-7.469999999784701
 20
1.4000000035485765
 10
-7.469999999619397
 20
1.4000000030865827
 10
-7.469999999409605
 20
1.4000000026430162
 10
-7.469999999157348
 20
1.4000000022221488
 10
-7.469999998865052
 20
1.4000000018280334
 10
-7.469999998535533
 20
1.400000001464466
 10
-7.469999998171966
 20
1.4000000011349476
 10
-7.46999999777785
 20
1.4000000008426519
 10
-7.469999997356983
 20
1.4000000005903936
 10
-7.469999996913416
 20
1.4000000003806021
 10
-7.469999996451422
 20
1.4000000002152981
 10
-7.469999995975451
 20
1.4000000000960735
 10
-7.469999995490085
 20
1.4000000000240762
 10
-7.469999994999999
 20
1.4
 10
-7.190000000122742
 20
1.4
 10
-7.190000000005748
 20
1.3999999999942525
 10
-7.19
 20
1.3999999998772696
 10
-7.19
 20
1.2250000049999998
 10
-7.189999999975924
 20
1.225000004509914
 10
-7.189999999903926
 20
1.2250000040245481
 10
-7.1899999997847015
 20
1.2250000035485764
 10
-7.189999999619397
 20
1.2250000030865826
 10
-7.189999999409606
 20
1.2250000026430161
 10
-7.189999999157348
 20
1.2250000022221488
 10
-7.189999998865052
 20
1.2250000018280334
 10
-7.189999998535534
 20
1.225000001464466
 10
-7.189999998171967
 20
1.2250000011349476
 10
-7.189999997777851
 20
1.2250000008426518
 10
-7.189999997356984
 20
1.2250000005903936
 10
-7.189999996913417
 20
1.225000000380602
 10
-7.189999996451423
 20
1.225000000215298
 10
-7.189999995975452
 20
1.2250000000960735
 10
-7.189999995490085
 20
1.2250000000240762
 10
-7.189999995
 20
1.2249999999999999
 10
-6.910000000122742
 20
1.2249999999999999
 10
-6.9100000000057475
 20
1.2249999999942525
 10
-6.91
 20
1.2249999998772696
 10
-6.91
 20
1.0500000049999998
 10
-6.909999999975923
 20
1.050000004509914
 10
-6.909999999903926
 20
1.050000004024548
 10
-6.909999999784701
 20
1.0500000035485764
 10
-6.909999999619397
 20
1.0500000030865826
 10
-6.909999999409606
 20
1.050000002643016
 10
-6.909999999157348
 20
1.0500000022221487
 10
-6.909999998865052
 20
1.0500000018280333
 10
-6.909999998535533
 20
1.050000001464466
 10
-6.909999998171966
 20
1.0500000011349475
 10
-6.909999997777851
 20
1.0500000008426518
 10
-6.909999997356984
 20
1.0500000005903936
 10
-6.909999996913417
 20
1.050000000380602
 10
-6.909999996451423
 20
1.050000000215298
 10
-6.9099999959754514
 20
1.0500000000960734
 10
-6.909999995490085
 20
1.0500000000240761
 10
-6.909999995
 20
1.0499999999999998
 10
-6.630000000122742
 20
1.0499999999999998
 10
-6.630000000005747
 20
1.0499999999942524
 10
-6.63
 20
1.0499999998772696
 10
-6.63
 20
0.875000005
 10
-6.629999999975923
 20
0.8750000045099142
 10
-6.629999999903926
 20
0.8750000040245484
 10
-6.629999999784701
 20
0.8750000035485765
 10
-6.629999999619397
 20
0.8750000030865828
 10
-6.6299999994096055
 20
0.8750000026430163
 10
-6.629999999157348
 20
0.8750000022221488
 10
-6.629999998865052
 20
0.8750000018280335
 10
-6.629999998535533
 20
0.8750000014644661
 10
-6.629999998171966
 20
0.8750000011349477
 10
-6.62999999777785
 20
0.875000000842652
 10
-6.629999997356983
 20
0.8750000005903936
 10
-6.6299999969134165
 20
0.8750000003806023
 10
-6.6299999964514225
 20
0.8750000002152983
 10
-6.629999995975451
 20
0.8750000000960736
 10
-6.629999995490085
 20
0.8750000000240763
 10
-6.6299999949999995
 20
0.875
 10
-6.350000000122744
 20
0.875
 10
-6.350000000005747
 20
0.8749999999942524
 10
-6.35
 20
0.8749999998772696
 10
-6.35
 20
0.7000000049999999
 10
-6.349999999975923
 20
0.7000000045099142
 10
-6.349999999903925
 20
0.7000000040245483
 10
-6.349999999784701
 20
0.7000000035485765
 10
-6.3499999996193965
 20
0.7000000030865827
 10
-6.349999999409605
 20
0.7000000026430162
 10
-6.3499999991573475
 20
0.7000000022221488
 10
-6.3499999988650515
 20
0.7000000018280335
 10
-6.349999998535533
 20
0.7000000014644661
 10
-6.349999998171966
 20
0.7000000011349476
 10
-6.34999999777785
 20
0.7000000008426519
 10
-6.349999997356983
 20
0.7000000005903936
 10
-6.349999996913416
 20
0.7000000003806023
 10
-6.349999996451422
 20
0.7000000002152983
 10
-6.349999995975451
 20
0.7000000000960735
 10
-6.3499999954900845
 20
0.7000000000240763
 10
-6.349999994999999
 20
0.7
 10
-6.070000000122745
 20
0.7
 10
-6.070000000005748
 20
0.6999999999942523
 10
-6.07
 20
0.6999999998772696
 10
-6.07
 20
0.5250000049999999
 10
-6.0699999999759235
 20
0.5250000045099141
 10
-6.069999999903926
 20
0.5250000040245483
 10
-6.069999999784701
 20
0.5250000035485765
 10
-6.069999999619397
 20
0.5250000030865827
 10
-6.069999999409606
 20
0.5250000026430162
 10
-6.069999999157348
 20
0.5250000022221487
 10
-6.069999998865052
 20
0.5250000018280334
 10
-6.0699999985355335
 20
0.525000001464466
 10
-6.069999998171967
 20
0.5250000011349476
 10
-6.069999997777851
 20
0.5250000008426519
 10
-6.069999997356984
 20
0.5250000005903935
 10
-6.069999996913417
 20
0.5250000003806022
 10
-6.069999996451423
 20
0.5250000002152982
 10
-6.069999995975452
 20
0.5250000000960735
 10
-6.069999995490085
 20
0.5250000000240762
 10
-6.069999995
 20
0.5249999999999999
 10
-5.7900000001227445
 20
0.5249999999999999
 10
-5.790000000005747
 20
0.5249999999942523
 10
-5.79
 20
0.5249999998772695
 10
-5.79
 20
0.350000005
 10
-5.789999999975923
 20
0.3500000045099143
 10
-5.789999999903926
 20
0.3500000040245484
 10
-5.789999999784701
 20
0.35000000354857663
 10
-5.789999999619397
 20
0.35000000308658286
 10
-5.789999999409606
 20
0.35000000264301634
 10
-5.789999999157348
 20
0.35000000222214883
 10
-5.789999998865052
 20
0.3500000018280336
 10
-5.789999998535533
 20
0.3500000014644661
 10
-5.789999998171966
 20
0.3500000011349477
 10
-5.7899999977778505
 20
0.3500000008426519
 10
-5.789999997356984
 20
0.35000000059039366
 10
-5.789999996913417
 20
0.35000000038060236
 10
-5.789999996451423
 20
0.3500000002152983
 10
-5.789999995975451
 20
0.3500000000960736
 10
-5.789999995490085
 20
0.3500000000240764
 10
-5.789999995
 20
0.35
 10
-5.5100000001227425
 20
0.35
 10
-5.510000000005747
 20
0.34999999999425235
 10
-5.51
 20
0.3499999998772696
 10
-5.51
 20
0.175000005
 10
-5.509999999975923
 20
0.1750000045099143
 10
-5.5099999999039255
 20
0.17500000402454838
 10
-5.509999999784701
 20
0.1750000035485766
 10
-5.509999999619397
 20
0.1750000030865828
 10
-5.509999999409605
 20
0.1750000026430163
 10
-5.509999999157348
 20
0.17500000222214881
 10
-5.509999998865052
 20
0.17500000182803357
 10
-5.509999998535533
 20
0.1750000014644661
 10
-5.509999998171966
 20
0.1750000011349477
 10
-5.50999999777785
 20
0.17500000084265194
 10
-5.509999997356983
 20
0.17500000059039367
 10
-5.509999996913416
 20
0.17500000038060232
 10
-5.509999996451422
 20
0.1750000002152983
 10
-5.509999995975451
 20
0.17500000009607358
 10
-5.509999995490085
 20
0.17500000002407634
 10
-5.509999994999999
 20
0.175
 10
-5.230000000122744
 20
0.175
 10
-5.230000000005748
 20
0.1749999999942523
 10
-5.23
 20
0.17499999987726964
 10
-5.23
 20
-0.019999999877269647
 10
-5.230000000005748
 20
-0.01999999999425234
 10
-5.230000000122744
 20
-0.02
 10
-5.509999999877256
 20
-0.02
 10
-5.509999999994252
 20
-0.01999999999425234
 10
-5.51
 20
-0.019999999877269647
 10
-5.51
 20
0.03499999499999998
 10
-5.5100000000240765
 20
0.03499999549008568
 10
-5.510000000096074
 20
0.03499999597545159
 10
-5.510000000215299
 20
0.03499999645142336
 10
-5.510000000380603
 20
0.03499999691341714
 10
-5.510000000590394
 20
0.03499999735698366
 10
-5.510000000842652
 20
0.03499999777785114
 10
-5.510000001134948
 20
0.0349999981719664
 10
-5.510000001464467
 20
0.034999998535533886
 10
-5.5100000018280335
 20
0.03499999886505224
 10
-5.510000002222149
 20
0.03499999915734804
 10
-5.510000002643016
 20
0.0349999994096063
 10
-5.510000003086583
 20
0.03499999961939764
 10
-5.510000003548577
 20
0.034999999784701655
 10
-5.5100000040245485
 20
0.03499999990392638
 10
-5.510000004509915
 20
0.03499999997592361
 10
-5.510000005
 20
0.034999999999999976
 10
-5.789999999877256
 20
0.034999999999999976
 10
-5.789999999994253
 20
0.03500000000574763
 10
-5.79
 20
0.03500000012273032
 10
-5.79
 20
0.2099999949999999
 10
-5.790000000024077
 20
0.2099999954900856
 10
-5.790000000096074
 20
0.20999999597545152
 10
-5.790000000215299
 20
0.2099999964514233
 10
-5.790000000380603
 20
0.2099999969134171
 10
-5.790000000590394
 20
0.2099999973569836
 10
-5.790000000842652
 20
0.20999999777785108
 10
-5.790000001134948
 20
0.20999999817196632
 10
-5.790000001464467
 20
0.2099999985355338
 10
-5.790000001828034
 20
0.2099999988650522
 10
-5.79000000222215
 20
0.20999999915734796
 10
-5.7900000026430165
 20
0.20999999940960623
 10
-5.7900000030865835
 20
0.20999999961939758
 10
-5.7900000035485775
 20
0.2099999997847016
 10
-5.790000004024549
 20
0.20999999990392632
 10
-5.790000004509915
 20
0.20999999997592356
 10
-5.7900000050000004
 20
0.2099999999999999
 10
-6.069999999877257
 20
0.2099999999999999
 10
-6.069999999994253
 20
0.2100000000057476
 10
-6.07
 20
0.21000000012273026
 10
-6.07
 20
0.3849999949999999
 10
-6.070000000024077
 20
0.38499999549008557
 10
-6.0700000000960745
 20
0.3849999959754515
 10
-6.070000000215299
 20
0.38499999645142324
 10
-6.070000000380603
 20
0.384999996913417
 10
-6.070000000590395
 20
0.38499999735698354
 10
-6.0700000008426525
 20
0.38499999777785104
 10
-6.070000001134948
 20
0.3849999981719663
 10
-6.070000001464467
 20
0.3849999985355338
 10
-6.070000001828034
 20
0.38499999886505215
 10
-6.07000000222215
 20
0.38499999915734795
 10
-6.070000002643017
 20
0.3849999994096062
 10
-6.070000003086584
 20
0.3849999996193975
 10
-6.070000003548578
 20
0.38499999978470156
 10
-6.070000004024549
 20
0.38499999990392625
 10
-6.070000004509915
 20
0.3849999999759235
 10
-6.070000005000001
 20
0.3849999999999999
 10
-6.349999999877257
 20
0.3849999999999999
 10
-6.349999999994252
 20
0.3850000000057475
 10
-6.35
 20
0.3850000001227303
 10
-6.35
 20
0.559999995
 10
-6.350000000024076
 20
0.5599999954900857
 10
-6.350000000096074
 20
0.5599999959754516
 10
-6.3500000002152985
 20
0.5599999964514234
 10
-6.350000000380603
 20
0.5599999969134172
 10
-6.350000000590394
 20
0.5599999973569837
 10
-6.350000000842652
 20
0.5599999977778511
 10
-6.350000001134948
 20
0.5599999981719664
 10
-6.350000001464466
 20
0.5599999985355338
 10
-6.350000001828033
 20
0.5599999988650523
 10
-6.350000002222149
 20
0.559999999157348
 10
-6.350000002643016
 20
0.5599999994096063
 10
-6.350000003086583
 20
0.5599999996193976
 10
-6.350000003548577
 20
0.5599999997847016
 10
-6.350000004024548
 20
0.5599999999039263
 10
-6.350000004509915
 20
0.5599999999759236
 10
-6.350000005
 20
0.5599999999999999
 10
-6.629999999877255
 20
0.5599999999999999
 10
-6.6299999999942525
 20
0.5600000000057476
 10
-6.63
 20
0.5600000001227303
 10
-6.63
 20
0.7349999949999998
 10
-6.630000000024077
 20
0.7349999954900855
 10
-6.630000000096074
 20
0.7349999959754514
 10
-6.630000000215299
 20
0.7349999964514232
 10
-6.630000000380603
 20
0.734999996913417
 10
-6.630000000590394
 20
0.7349999973569835
 10
-6.630000000842652
 20
0.734999997777851
 10
-6.630000001134948
 20
0.7349999981719663
 10
-6.630000001464467
 20
0.7349999985355337
 10
-6.630000001828034
 20
0.7349999988650521
 10
-6.6300000022221495
 20
0.7349999991573478
 10
-6.630000002643016
 20
0.7349999994096061
 10
-6.630000003086583
 20
0.7349999996193974
 10
-6.630000003548577
 20
0.7349999997847014
 10
-6.630000004024549
 20
0.7349999999039262
 10
-6.630000004509915
 20
0.7349999999759235
 10
-6.630000005
 20
0.7349999999999998
 10
-6.909999999877256
 20
0.7349999999999998
 10
-6.909999999994253
 20
0.7350000000057474
 10
-6.91
 20
0.7350000001227301
 10
-6.91
 20
0.9099999949999998
 10
-6.910000000024077
 20
0.9099999954900856
 10
-6.910000000096074
 20
0.9099999959754514
 10
-6.910000000215299
 20
0.9099999964514233
 10
-6.910000000380603
 20
0.909999996913417
 10
-6.9100000005903945
 20
0.9099999973569836
 10
-6.910000000842652
 20
0.909999997777851
 10
-6.910000001134948
 20
0.9099999981719663
 10
-6.910000001464467
 20
0.9099999985355337
 10
-6.910000001828034
 20
0.9099999988650521
 10
-6.91000000222215
 20
0.9099999991573479
 10
-6.910000002643017
 20
0.9099999994096062
 10
-6.910000003086584
 20
0.9099999996193975
 10
-6.910000003548578
 20
0.9099999997847015
 10
-6.910000004024549
 20
0.9099999999039262
 10
-6.910000004509915
 20
0.9099999999759235
 10
-6.9100000050000006
 20
0.9099999999999998
 10
-7.189999999877256
 20
0.9099999999999998
 10
-7.189999999994253
 20
0.9100000000057474
 10
-7.19
 20
0.9100000001227302
 10
-7.19
 20
1.084999995
 10
-7.190000000024077
 20
1.0849999954900857
 10
-7.190000000096075
 20
1.0849999959754517
 10
-7.190000000215299
 20
1.0849999964514234
 10
-7.1900000003806035
 20
1.0849999969134172
 10
-7.190000000590395
 20
1.0849999973569837
 10
-7.190000000842653
 20
1.084999997777851
 10
-7.1900000011349485
 20
1.0849999981719665
 10
-7.190000001464467
 20
1.0849999985355339
 10
-7.190000001828034
 20
1.0849999988650523
 10
-7.19000000222215
 20
1.084999999157348
 10
-7.190000002643017
 20
1.0849999994096062
 10
-7.190000003086584
 20
1.0849999996193977
 10
-7.190000003548578
 20
1.0849999997847017
 10
-7.190000004024549
 20
1.0849999999039264
 10
-7.1900000045099155
 20
1.0849999999759237
 10
-7.190000005000001
 20
1.085
 10
-7.469999999877258
 20
1.085
 10
-7.469999999994252
 20
1.0850000000057474
 10
-7.47
 20
1.0850000001227302
 10
-7.47
 20
1.394999995
 10
-7.4700000000240765
 20
1.3949999954900858
 10
-7.470000000096074
 20
1.3949999959754518
 10
-7.470000000215299
 20
1.3949999964514235
 10
-7.470000000380603
 20
1.3949999969134173
 10
-7.470000000590394
 20
1.3949999973569838
 10
-7.470000000842652
 20
1.394999997777851
 10
-7.470000001134948
 20
1.3949999981719665
 10
-7.4700000014644665
 20
1.394999998535534
 10
-7.4700000018280335
 20
1.3949999988650523
 10
-7.470000002222149
 20
1.394999999157348
 10
-7.470000002643016
 20
1.3949999994096063
 10
-7.470000003086583
 20
1.3949999996193978
 10
-7.470000003548577
 20
1.3949999997847018
 10
-7.4700000040245484
 20
1.3949999999039264
 10
-7.470000004509915
 20
1.3949999999759237
 10
-7.470000005
 20
1.395
 10
-8.644999999877257
 20
1.395
  0
LWPOLYLINE
  5
B07
330
17
100
AcDbEntity
  8
A-SCIANY-KONSTR
370
70
 48
0.05
100
AcDbPolyline
 90
332
 70
1
 10
-8.644999999994251
 20
4.545000000005746
 10
-8.645
 20
4.54500000012273
 10
-8.645
 20
4.724999999877269
 10
-8.644999999994251
 20
4.724999999994253
 10
-8.64499999987727
 20
4.725
 10
-7.47000000012273
 20
4.725
 10
-7.470000000005747
 20
4.724999999994252
 10
-7.47
 20
4.724999999877269
 10
-7.47
 20
4.550000005
 10
-7.469999999975923
 20
4.550000004509915
 10
-7.4699999999039255
 20
4.5500000040245485
 10
-7.469999999784701
 20
4.550000003548577
 10
-7.469999999619397
 20
4.550000003086583
 10
-7.469999999409605
 20
4.550000002643016
 10
-7.469999999157348
 20
4.550000002222149
 10
-7.469999998865052
 20
4.5500000018280335
 10
-7.469999998535533
 20
4.550000001464467
 10
-7.469999998171966
 20
4.550000001134948
 10
-7.46999999777785
 20
4.550000000842652
 10
-7.469999997356983
 20
4.550000000590394
 10
-7.469999996913416
 20
4.550000000380603
 10
-7.469999996451422
 20
4.550000000215299
 10
-7.469999995975451
 20
4.550000000096074
 10
-7.469999995490085
 20
4.550000000024077
 10
-7.469999994999999
 20
4.55
 10
-7.190000000122731
 20
4.55
 10
-7.190000000005748
 20
4.549999999994252
 10
-7.19
 20
4.5499999998772696
 10
-7.19
 20
4.375000005
 10
-7.189999999975924
 20
4.375000004509915
 10
-7.189999999903926
 20
4.375000004024549
 10
-7.1899999997847015
 20
4.375000003548577
 10
-7.189999999619397
 20
4.375000003086583
 10
-7.189999999409606
 20
4.3750000026430165
 10
-7.189999999157348
 20
4.37500000222215
 10
-7.189999998865052
 20
4.375000001828034
 10
-7.189999998535534
 20
4.375000001464467
 10
-7.189999998171967
 20
4.375000001134948
 10
-7.189999997777851
 20
4.375000000842652
 10
-7.189999997356984
 20
4.375000000590394
 10
-7.189999996913417
 20
4.375000000380603
 10
-7.189999996451423
 20
4.375000000215299
 10
-7.189999995975452
 20
4.375000000096074
 10
-7.189999995490085
 20
4.375000000024077
 10
-7.189999995
 20
4.375
 10
-6.91000000012273
 20
4.375
 10
-6.9100000000057475
 20
4.374999999994253
 10
-6.91
 20
4.37499999987727
 10
-6.91
 20
4.200000005
 10
-6.909999999975923
 20
4.200000004509914
 10
-6.909999999903926
 20
4.200000004024548
 10
-6.909999999784701
 20
4.200000003548577
 10
-6.909999999619397
 20
4.200000003086583
 10
-6.909999999409606
 20
4.200000002643016
 10
-6.909999999157348
 20
4.200000002222149
 10
-6.909999998865052
 20
4.200000001828033
 10
-6.909999998535533
 20
4.200000001464466
 10
-6.909999998171966
 20
4.200000001134947
 10
-6.909999997777851
 20
4.2000000008426515
 10
-6.909999997356984
 20
4.200000000590394
 10
-6.909999996913417
 20
4.200000000380602
 10
-6.909999996451423
 20
4.200000000215298
 10
-6.9099999959754514
 20
4.2000000000960735
 10
-6.909999995490085
 20
4.200000000024076
 10
-6.909999995
 20
4.199999999999999
 10
-6.63000000012273
 20
4.199999999999999
 10
-6.630000000005747
 20
4.199999999994252
 10
-6.63
 20
4.199999999877269
 10
-6.63
 20
4.025000005000001
 10
-6.629999999975923
 20
4.0250000045099155
 10
-6.629999999903926
 20
4.025000004024549
 10
-6.629999999784701
 20
4.025000003548578
 10
-6.629999999619397
 20
4.025000003086584
 10
-6.6299999994096055
 20
4.025000002643017
 10
-6.629999999157348
 20
4.02500000222215
 10
-6.629999998865052
 20
4.025000001828034
 10
-6.629999998535533
 20
4.025000001464467
 10
-6.629999998171966
 20
4.0250000011349485
 10
-6.62999999777785
 20
4.0250000008426525
 10
-6.629999997356983
 20
4.025000000590395
 10
-6.6299999969134165
 20
4.0250000003806035
 10
-6.6299999964514225
 20
4.025000000215299
 10
-6.629999995975451
 20
4.025000000096075
 10
-6.629999995490085
 20
4.025000000024077
 10
-6.6299999949999995
 20
4.025
 10
-6.35000000012273
 20
4.025
 10
-6.350000000005747
 20
4.024999999994253
 10
-6.35
 20
4.02499999987727
 10
-6.35
 20
3.8500000049999996
 10
-6.349999999975923
 20
3.850000004509914
 10
-6.349999999903925
 20
3.850000004024548
 10
-6.349999999784701
 20
3.850000003548576
 10
-6.3499999996193965
 20
3.8500000030865826
 10
-6.349999999409605
 20
3.850000002643016
 10
-6.3499999991573475
 20
3.8500000022221483
 10
-6.3499999988650515
 20
3.8500000018280334
 10
-6.349999998535533
 20
3.8500000014644655
 10
-6.349999998171966
 20
3.8500000011349473
 10
-6.34999999777785
 20
3.8500000008426514
 10
-6.349999997356983
 20
3.850000000590393
 10
-6.349999996913416
 20
3.850000000380602
 10
-6.349999996451422
 20
3.850000000215298
 10
-6.349999995975451
 20
3.850000000096073
 10
-6.3499999954900845
 20
3.850000000024076
 10
-6.349999994999999
 20
3.8499999999999996
 10
-6.070000000122742
 20
3.8499999999999996
 10
-6.070000000005748
 20
3.849999999994252
 10
-6.07
 20
3.8499999998772694
 10
-6.07
 20
3.675000005
 10
-6.0699999999759235
 20
3.675000004509914
 10
-6.069999999903926
 20
3.675000004024548
 10
-6.069999999784701
 20
3.6750000035485764
 10
-6.069999999619397
 20
3.675000003086583
 10
-6.069999999409606
 20
3.6750000026430163
 10
-6.069999999157348
 20
3.6750000022221485
 10
-6.069999998865052
 20
3.6750000018280335
 10
-6.0699999985355335
 20
3.6750000014644657
 10
-6.069999998171967
 20
3.6750000011349475
 10
-6.069999997777851
 20
3.6750000008426515
 10
-6.069999997356984
 20
3.6750000005903933
 10
-6.069999996913417
 20
3.675000000380602
 10
-6.069999996451423
 20
3.6750000002152983
 10
-6.069999995975452
 20
3.675000000096073
 10
-6.069999995490085
 20
3.675000000024076
 10
-6.069999995
 20
3.675
 10
-5.790000000122742
 20
3.675
 10
-5.790000000005747
 20
3.674999999994252
 10
-5.79
 20
3.6749999998772696
 10
-5.79
 20
3.500000005
 10
-5.789999999975923
 20
3.500000004509914
 10
-5.789999999903926
 20
3.5000000040245483
 10
-5.789999999784701
 20
3.5000000035485765
 10
-5.789999999619397
 20
3.500000003086583
 10
-5.789999999409606
 20
3.5000000026430165
 10
-5.789999999157348
 20
3.5000000022221487
 10
-5.789999998865052
 20
3.5000000018280337
 10
-5.789999998535533
 20
3.500000001464466
 10
-5.789999998171966
 20
3.5000000011349477
 10
-5.7899999977778505
 20
3.5000000008426517
 10
-5.789999997356984
 20
3.5000000005903935
 10
-5.789999996913417
 20
3.500000000380602
 10
-5.789999996451423
 20
3.5000000002152984
 10
-5.789999995975451
 20
3.5000000000960734
 10
-5.789999995490085
 20
3.5000000000240763
 10
-5.789999995
 20
3.5
 10
-5.510000000122742
 20
3.5
 10
-5.510000000005747
 20
3.499999999994252
 10
-5.51
 20
3.4999999998772697
 10
-5.51
 20
3.3250000049999997
 10
-5.509999999975923
 20
3.325000004509914
 10
-5.5099999999039255
 20
3.325000004024548
 10
-5.509999999784701
 20
3.3250000035485763
 10
-5.509999999619397
 20
3.3250000030865827
 10
-5.509999999409605
 20
3.325000002643016
 10
-5.509999999157348
 20
3.3250000022221484
 10
-5.509999998865052
 20
3.3250000018280335
 10
-5.509999998535533
 20
3.3250000014644656
 10
-5.509999998171966
 20
3.3250000011349474
 10
-5.50999999777785
 20
3.3250000008426515
 10
-5.509999997356983
 20
3.3250000005903932
 10
-5.509999996913416
 20
3.325000000380602
 10
-5.509999996451422
 20
3.325000000215298
 10
-5.509999995975451
 20
3.325000000096073
 10
-5.509999995490085
 20
3.325000000024076
 10
-5.509999994999999
 20
3.3249999999999997
 10
-5.230000000122742
 20
3.3249999999999997
 10
-5.230000000005748
 20
3.324999999994252
 10
-5.23
 20
3.3249999998772695
 10
-5.23
 20
3.13000000012273
 10
-5.230000000005748
 20
3.1300000000057477
 10
-5.230000000122742
 20
3.13
 10
-5.509999999877258
 20
3.13
 10
-5.509999999994252
 20
3.1300000000057477
 10
-5.51
 20
3.13000000012273
 10
-5.51
 20
3.184999995
 10
-5.5100000000240765
 20
3.184999995490086
 10
-5.510000000096074
 20
3.184999995975452
 10
-5.510000000215299
 20
3.1849999964514235
 10
-5.510000000380603
 20
3.184999996913417
 10
-5.510000000590394
 20
3.1849999973569836
 10
-5.510000000842652
 20
3.1849999977778514
 10
-5.510000001134948
 20
3.1849999981719663
 10
-5.510000001464467
 20
3.184999998535534
 10
-5.5100000018280335
 20
3.1849999988650524
 10
-5.510000002222149
 20
3.1849999991573483
 10
-5.510000002643016
 20
3.1849999994096065
 10
-5.510000003086583
 20
3.184999999619398
 10
-5.510000003548577
 20
3.1849999997847016
 10
-5.5100000040245485
 20
3.1849999999039267
 10
-5.510000004509915
 20
3.1849999999759238
 10
-5.510000005
 20
3.185
 10
-5.789999999877258
 20
3.185
 10
-5.789999999994253
 20
3.185000000005748
 10
-5.79
 20
3.1850000001227303
 10
-5.79
 20
3.359999995
 10
-5.790000000024077
 20
3.3599999954900857
 10
-5.790000000096074
 20
3.3599999959754516
 10
-5.790000000215299
 20
3.3599999964514233
 10
-5.790000000380603
 20
3.359999996913417
 10
-5.790000000590394
 20
3.3599999973569834
 10
-5.790000000842652
 20
3.359999997777851
 10
-5.790000001134948
 20
3.359999998171966
 10
-5.790000001464467
 20
3.359999998535534
 10
-5.790000001828034
 20
3.359999998865052
 10
-5.79000000222215
 20
3.359999999157348
 10
-5.7900000026430165
 20
3.3599999994096064
 10
-5.7900000030865835
 20
3.3599999996193977
 10
-5.7900000035485775
 20
3.3599999997847014
 10
-5.790000004024549
 20
3.3599999999039265
 10
-5.790000004509915
 20
3.3599999999759236
 10
-5.7900000050000004
 20
3.36
 10
-6.0699999998772585
 20
3.36
 10
-6.069999999994253
 20
3.3600000000057477
 10
-6.07
 20
3.36000000012273
 10
-6.07
 20
3.5349999949999997
 10
-6.070000000024077
 20
3.5349999954900855
 10
-6.0700000000960745
 20
3.5349999959754514
 10
-6.070000000215299
 20
3.534999996451423
 10
-6.070000000380603
 20
3.5349999969134167
 10
-6.070000000590395
 20
3.5349999973569832
 10
-6.0700000008426525
 20
3.534999997777851
 10
-6.070000001134948
 20
3.534999998171966
 10
-6.070000001464467
 20
3.534999998535534
 10
-6.070000001828034
 20
3.534999998865052
 10
-6.07000000222215
 20
3.534999999157348
 10
-6.070000002643017
 20
3.534999999409606
 10
-6.070000003086584
 20
3.5349999996193975
 10
-6.070000003548578
 20
3.5349999997847013
 10
-6.070000004024549
 20
3.5349999999039263
 10
-6.070000004509915
 20
3.5349999999759234
 10
-6.070000005000001
 20
3.5349999999999997
 10
-6.349999999877258
 20
3.5349999999999997
 10
-6.349999999994252
 20
3.5350000000057475
 10
-6.35
 20
3.53500000012273
 10
-6.35
 20
3.7099999950000004
 10
-6.350000000024076
 20
3.709999995490086
 10
-6.350000000096074
 20
3.709999995975452
 10
-6.3500000002152985
 20
3.709999996451424
 10
-6.350000000380603
 20
3.7099999969134174
 10
-6.350000000590394
 20
3.709999997356984
 10
-6.350000000842652
 20
3.7099999977778517
 10
-6.350000001134948
 20
3.7099999981719667
 10
-6.350000001464466
 20
3.7099999985355345
 10
-6.350000001828033
 20
3.7099999988650527
 10
-6.350000002222149
 20
3.7099999991573487
 10
-6.350000002643016
 20
3.709999999409607
 10
-6.350000003086583
 20
3.709999999619398
 10
-6.350000003548577
 20
3.709999999784702
 10
-6.350000004024548
 20
3.709999999903927
 10
-6.350000004509915
 20
3.709999999975924
 10
-6.350000005
 20
3.7100000000000004
 10
-6.629999999877258
 20
3.7100000000000004
 10
-6.6299999999942525
 20
3.7100000000057483
 10
-6.63
 20
3.7100000001227307
 10
-6.63
 20
3.8849999949999994
 10
-6.630000000024077
 20
3.884999995490085
 10
-6.630000000096074
 20
3.884999995975451
 10
-6.630000000215299
 20
3.884999996451423
 10
-6.630000000380603
 20
3.8849999969134164
 10
-6.630000000590394
 20
3.884999997356983
 10
-6.630000000842652
 20
3.8849999977778507
 10
-6.630000001134948
 20
3.8849999981719656
 10
-6.630000001464467
 20
3.8849999985355335
 10
-6.630000001828034
 20
3.8849999988650517
 10
-6.6300000022221495
 20
3.8849999991573476
 10
-6.630000002643016
 20
3.884999999409606
 10
-6.630000003086583
 20
3.884999999619397
 10
-6.630000003548577
 20
3.884999999784701
 10
-6.630000004024549
 20
3.884999999903926
 10
-6.630000004509915
 20
3.884999999975923
 10
-6.630000005
 20
3.8849999999999993
 10
-6.909999999877258
 20
3.8849999999999993
 10
-6.909999999994253
 20
3.885000000005747
 10
-6.91
 20
3.8850000001227296
 10
-6.91
 20
4.059999995
 10
-6.910000000024077
 20
4.059999995490085
 10
-6.910000000096074
 20
4.059999995975452
 10
-6.910000000215299
 20
4.059999996451423
 10
-6.910000000380603
 20
4.059999996913417
 10
-6.9100000005903945
 20
4.059999997356984
 10
-6.910000000842652
 20
4.059999997777851
 10
-6.910000001134948
 20
4.059999998171967
 10
-6.910000001464467
 20
4.059999998535534
 10
-6.910000001828034
 20
4.059999998865052
 10
-6.91000000222215
 20
4.059999999157348
 10
-6.910000002643017
 20
4.059999999409606
 10
-6.910000003086584
 20
4.059999999619397
 10
-6.910000003548578
 20
4.059999999784702
 10
-6.910000004024549
 20
4.059999999903926
 10
-6.910000004509915
 20
4.059999999975924
 10
-6.9100000050000006
 20
4.0600000000000005
 10
-7.18999999987727
 20
4.0600000000000005
 10
-7.189999999994253
 20
4.060000000005748
 10
-7.19
 20
4.060000000122731
 10
-7.19
 20
4.234999995
 10
-7.190000000024077
 20
4.234999995490085
 10
-7.190000000096075
 20
4.234999995975452
 10
-7.190000000215299
 20
4.234999996451423
 10
-7.1900000003806035
 20
4.234999996913417
 10
-7.190000000590395
 20
4.234999997356984
 10
-7.190000000842653
 20
4.234999997777851
 10
-7.1900000011349485
 20
4.234999998171967
 10
-7.190000001464467
 20
4.2349999985355335
 10
-7.190000001828034
 20
4.234999998865052
 10
-7.19000000222215
 20
4.234999999157348
 10
-7.190000002643017
 20
4.234999999409606
 10
-7.190000003086584
 20
4.234999999619397
 10
-7.190000003548578
 20
4.234999999784701
 10
-7.190000004024549
 20
4.234999999903926
 10
-7.1900000045099155
 20
4.234999999975924
 10
-7.190000005000001
 20
4.235
 10
-7.4699999998772695
 20
4.235
 10
-7.469999999994252
 20
4.235000000005748
 10
-7.47
 20
4.235000000122731
 10
-7.47
 20
4.5449999949999995
 10
-7.4700000000240765
 20
4.544999995490085
 10
-7.470000000096074
 20
4.544999995975451
 10
-7.470000000215299
 20
4.5449999964514225
 10
-7.470000000380603
 20
4.5449999969134165
 10
-7.470000000590394
 20
4.5449999973569835
 10
-7.470000000842652
 20
4.54499999777785
 10
-7.470000001134948
 20
4.544999998171966
 10
-7.4700000014644665
 20
4.544999998535533
 10
-7.4700000018280335
 20
4.544999998865052
 10
-7.470000002222149
 20
4.544999999157348
 10
-7.470000002643016
 20
4.5449999994096055
 10
-7.470000003086583
 20
4.544999999619397
 10
-7.470000003548577
 20
4.544999999784701
 10
-7.4700000040245484
 20
4.544999999903926
 10
-7.470000004509915
 20
4.544999999975923
 10
-7.470000005
 20
4.545
 10
-8.64499999987727
 20
4.545
  0
LWPOLYLINE
  5
B08
330
17
100
AcDbEntity
  8
A-SCIANY-KONSTR
370
70
 48
0.05
100
AcDbPolyline
 90
52
 70
1
 10
-8.839999999994252
 20
8.700000000005748
 10
-8.84
 20
8.70000000012273
 10
-8.84
 20
8.93999999987727
 10
-8.839999999994252
 20
8.939999999994251
 10
-8.83999999987727
 20
8.94
 10
-8.66000000501
 20
8.94
 10
-8.660000004519913
 20
8.940000000024076
 10
-8.660000004034549
 20
8.940000000096074
 10
-8.660000003558576
 20
8.940000000215298
 10
-8.660000003096583
 20
8.940000000380602
 10
-8.660000002653016
 20
8.940000000590393
 10
-8.660000002232149
 20
8.940000000842652
 10
-8.660000001838034
 20
8.940000001134948
 10
-8.660000001474465
 20
8.940000001464465
 10
-8.660000001144947
 20
8.940000001828034
 10
-8.660000000852651
 20
8.940000002222149
 10
-8.660000000600393
 20
8.940000002643016
 10
-8.660000000390601
 20
8.940000003086583
 10
-8.660000000225297
 20
8.940000003548576
 10
-8.660000000106074
 20
8.940000004024549
 10
-8.660000000034076
 20
8.940000004509914
 10
-8.66000000001
 20
8.940000005
 10
-8.66
 20
9.07999999987727
 10
-8.659999999994252
 20
9.079999999994252
 10
-8.65999999987727
 20
9.08
 10
-8.64500000012273
 20
9.08
 10
-8.645000000005748
 20
9.079999999994252
 10
-8.645
 20
9.07999999987727
 10
-8.645
 20
8.68800000012273
 10
-8.645000000005748
 20
8.688000000005749
 10
-8.64500000012273
 20
8.688
 10
-8.789999999877269
 20
8.688
 10
-8.78999999999425
 20
8.688000000005749
 10
-8.79
 20
8.68800000012273
 10
-8.79
 20
8.69999999499
 10
-8.790000000024076
 20
8.699999995480086
 10
-8.790000000096073
 20
8.69999999596545
 10
-8.790000000215297
 20
8.699999996441424
 10
-8.790000000380601
 20
8.699999996903417
 10
-8.790000000590393
 20
8.699999997346984
 10
-8.790000000842651
 20
8.69999999776785
 10
-8.790000001134947
 20
8.699999998161966
 10
-8.790000001464465
 20
8.699999998525534
 10
-8.790000001828034
 20
8.699999998855052
 10
-8.790000002222149
 20
8.699999999147348
 10
-8.790000002643016
 20
8.699999999399607
 10
-8.790000003086583
 20
8.699999999609398
 10
-8.790000003548576
 20
8.699999999774702
 10
-8.790000004024549
 20
8.699999999893926
 10
-8.790000004509913
 20
8.699999999965923
 10
-8.790000005
 20
8.69999999999
 10
-8.83999999987727
 20
8.7
  0
LWPOLYLINE
  5
B09
330
17
100
AcDbEntity
  8
A-SCIANY-KONSTR
370
70
 48
0.05
100
AcDbPolyline
 90
64
 70
1
 10
-9.17999999999444
 20
9.776000000005595
 10
-9.17999999999996
 20
9.776000000061535
 10
-9.18
 20
9.77600000006314
 10
-9.18
 20
9.795999999937175
 10
-9.179999999999982
 20
9.795999999937862
 10
-9.179999999994406
 20
9.795999999994441
 10
-9.179999999938467
 20
9.795999999999962
 10
-9.179999999936861
 20
9.796000000000001
 10
-8.770000000062826
 20
9.796000000000001
 10
-8.770000000062138
 20
9.795999999999983
 10
-8.77000000000556
 20
9.795999999994407
 10
-8.770000000000039
 20
9.795999999938468
 10
-8.77
 20
9.795999999936862
 10
-8.77
 20
9.776000000062828
 10
-8.770000000000017
 20
9.77600000006214
 10
-8.770000000005593
 20
9.776000000005562
 10
-8.770000000061533
 20
9.77600000000004
 10
-8.770000000063138
 20
9.776000000000002
 10
-8.799999995
 20
9.776000000000002
 10
-8.799999995490086
 20
9.775999999975925
 10
-8.799999995975451
 20
9.775999999903927
 10
-8.799999996451424
 20
9.775999999784704
 10
-8.799999996913417
 20
9.7759999996194
 10
-8.799999997356984
 20
9.775999999409608
 10
-8.799999997777851
 20
9.77599999915735
 10
-8.799999998171966
 20
9.775999998865053
 10
-8.799999998535535
 20
9.775999998535536
 10
-8.799999998865053
 20
9.775999998171967
 10
-8.799999999157349
 20
9.775999997777852
 10
-8.799999999409607
 20
9.775999997356985
 10
-8.799999999619398
 20
9.775999996913418
 10
-8.799999999784703
 20
9.775999996451425
 10
-8.799999999903926
 20
9.775999995975452
 10
-8.799999999975924
 20
9.775999995490087
 10
-8.8
 20
9.775999995000001
 10
-8.8
 20
9.300000000062827
 10
-8.800000000000018
 20
9.30000000006214
 10
-8.800000000005594
 20
9.30000000000556
 10
-8.800000000061534
 20
9.30000000000004
 10
-8.80000000006314
 20
9.3
 10
-9.049999999937175
 20
9.3
 10
-9.049999999937862
 20
9.300000000000018
 10
-9.04999999999444
 20
9.300000000005594
 10
-9.049999999999962
 20
9.300000000061534
 10
-9.05
 20
9.30000000006314
 10
-9.05
 20
9.775999995000001
 10
-9.050000000024077
 20
9.775999995490087
 10
-9.050000000096075
 20
9.775999995975452
 10
-9.050000000215299
 20
9.775999996451425
 10
-9.050000000380603
 20
9.775999996913418
 10
-9.050000000590394
 20
9.775999997356985
 10
-9.050000000842653
 20
9.775999997777852
 10
-9.050000001134949
 20
9.775999998171967
 10
-9.050000001464467
 20
9.775999998535536
 10
-9.050000001828035
 20
9.775999998865053
 10
-9.05000000222215
 20
9.77599999915735
 10
-9.050000002643017
 20
9.775999999409608
 10
-9.050000003086584
 20
9.7759999996194
 10
-9.050000003548577
 20
9.775999999784704
 10
-9.05000000402455
 20
9.775999999903927
 10
-9.050000004509915
 20
9.775999999975925
 10
-9.050000005000001
 20
9.776000000000002
 10
-9.179999999937174
 20
9.776000000000002
 10
-9.179999999937861
 20
9.77600000000002
  0
LWPOLYLINE
  5
B0A
330
17
100
AcDbEntity
  8
A-STROPY
370
70
 48
0.05
100
AcDbPolyline
 90
36
 70
1
 10
0.30000000000001575
 20
5.549999999938051
 10
0.30000000000556926
 20
5.54999999999443
 10
0.30000000006229477
 20
5.549999999999997
 10
1.2999999999373086
 20
5.55
 10
1.2999999999944338
 20
5.5499999999944
 10
1.2999999999999745
 20
5.549999999938152
 10
1.3
 20
5.549999999937115
 10
1.3
 20
5.335000000062642
 10
1.2999999999943999
 20
5.335000000005567
 10
1.2999999999377017
 20
5.335000000000003
 10
0.3200000000626892
 20
5.335
 10
0.32000000000556633
 20
5.3350000000056
 10
0.32000000000002543
 20
5.33500000006185
 10
0.32
 20
5.335000000062881
 10
0.32
 20
5.349999994999999
 10
0.3199999999759236
 20
5.3499999954900845
 10
0.31999999990392636
 20
5.349999995975451
 10
0.31999999978470167
 20
5.349999996451422
 10
0.3199999996193976
 20
5.349999996913416
 10
0.31999999940960633
 20
5.349999997356983
 10
0.31999999915734806
 20
5.34999999777785
 10
0.31999999886505226
 20
5.349999998171966
 10
0.3199999985355339
 20
5.349999998535533
 10
0.3199999981719664
 20
5.3499999988650515
 10
0.31999999777785115
 20
5.3499999991573475
 10
0.31999999735698365
 20
5.349999999409605
 10
0.31999999691341713
 20
5.3499999996193965
 10
0.31999999645142335
 20
5.349999999784701
 10
0.3199999959754516
 20
5.349999999903925
 10
0.3199999954900857
 20
5.349999999975923
 10
0.319999995
 20
5.35
 10
0.3000000000626892
 20
5.35
 10
0.3000000000055663
 20
5.3500000000056
 10
0.3000000000000254
 20
5.35000000006185
 10
0.3
 20
5.350000000062881
 10
0.3
 20
5.549999999937409
  0
LWPOLYLINE
  5
B0B
330
17
100
AcDbEntity
  8
A-STROPY
370
70
 48
0.05
100
AcDbPolyline
 90
58
 70
1
 10
0.3000000000055973
 20
3.8249999999944366
 10
0.30000000006188166
 20
3.8249999999999815
 10
0.30000000006262667
 20
3.8249999999999997
 10
0.339999995
 20
3.8249999999999997
 10
0.3399999954900857
 20
3.825000000024076
 10
0.3399999959754516
 20
3.825000000096073
 10
0.33999999645142337
 20
3.825000000215298
 10
0.33999999691341715
 20
3.825000000380602
 10
0.33999999735698366
 20
3.8250000005903932
 10
0.33999999777785117
 20
3.8250000008426515
 10
0.3399999981719664
 20
3.8250000011349474
 10
0.3399999985355339
 20
3.8250000014644656
 10
0.3399999988650523
 20
3.8250000018280335
 10
0.3399999991573481
 20
3.8250000022221484
 10
0.33999999940960635
 20
3.825000002643016
 10
0.33999999961939764
 20
3.8250000030865827
 10
0.3399999997847017
 20
3.8250000035485763
 10
0.3399999999039264
 20
3.825000004024548
 10
0.3399999999759236
 20
3.825000004509914
 10
0.34
 20
3.8250000049999997
 10
0.34
 20
3.849999999937423
 10
0.3400000000055973
 20
3.849999999994437
 10
0.34000000006178793
 20
3.8499999999999726
 10
0.3400000000629024
 20
3.85
 10
1.2999999999373733
 20
3.85
 10
1.299999999994437
 20
3.849999999994403
 10
1.2999999999999725
 20
3.8499999999382077
 10
1.3
 20
3.849999999937096
 10
1.3
 20
3.635000000062615
 10
1.2999999999944027
 20
3.635000000005563
 10
1.2999999999382135
 20
3.6350000000000273
 10
1.2999999999370977
 20
3.635
 10
0.3200000000626134
 20
3.635
 10
0.32000000000556306
 20
3.6350000000055966
 10
0.3200000000000286
 20
3.6350000000617686
 10
0.32
 20
3.6350000000629263
 10
0.32
 20
3.649999995
 10
0.3199999999759236
 20
3.6499999954900857
 10
0.31999999990392636
 20
3.6499999959754517
 10
0.31999999978470167
 20
3.6499999964514234
 10
0.3199999996193976
 20
3.649999996913417
 10
0.31999999940960633
 20
3.6499999973569834
 10
0.31999999915734806
 20
3.6499999977778512
 10
0.31999999886505226
 20
3.649999998171966
 10
0.3199999985355339
 20
3.649999998535534
 10
0.3199999981719664
 20
3.649999998865052
 10
0.31999999777785115
 20
3.649999999157348
 10
0.31999999735698365
 20
3.6499999994096064
 10
0.31999999691341713
 20
3.6499999996193977
 10
0.31999999645142335
 20
3.6499999997847015
 10
0.3199999959754516
 20
3.6499999999039265
 10
0.3199999954900857
 20
3.6499999999759236
 10
0.319999995
 20
3.65
 10
0.3000000000626134
 20
3.65
 10
0.30000000000556304
 20
3.6500000000055968
 10
0.3000000000000286
 20
3.6500000000617687
 10
0.3
 20
3.6500000000629265
 10
0.3
 20
3.8249999999374227
  0
LWPOLYLINE
  5
B0C
330
17
100
AcDbEntity
  8
A-FUNDAMENTY
370
70
 48
0.05
100
AcDbPolyline
 90
92
 70
1
 10
-9.049999999994252
 20
-0.6999999999942522
 10
-9.05
 20
-0.6999999998772696
 10
-9.05
 20
-0.40000000012273035
 10
-9.049999999994252
 20
-0.4000000000057476
 10
-9.049999999877258
 20
-0.39999999999999997
 10
-8.850000005
 20
-0.39999999999999997
 10
-8.850000004509914
 20
-0.39999999997592356
 10
-8.85000000402455
 20
-0.3999999999039263
 10
-8.850000003548576
 20
-0.39999999978470163
 10
-8.850000003086583
 20
-0.3999999996193976
 10
-8.850000002643016
 20
-0.3999999994096063
 10
-8.85000000222215
 20
-0.399999999157348
 10
-8.850000001828034
 20
-0.3999999988650522
 10
-8.850000001464466
 20
-0.39999999853553386
 10
-8.850000001134948
 20
-0.39999999817196635
 10
-8.850000000842652
 20
-0.3999999977778511
 10
-8.850000000590393
 20
-0.3999999973569836
 10
-8.850000000380602
 20
-0.3999999969134171
 10
-8.850000000215298
 20
-0.3999999964514233
 10
-8.850000000096074
 20
-0.39999999597545155
 10
-8.850000000024076
 20
-0.39999999549008564
 10
-8.85
 20
-0.39999999499999994
 10
-8.85
 20
-0.15000000012273038
 10
-8.849999999994251
 20
-0.15000000000574756
 10
-8.849999999877257
 20
-0.15000000000000002
 10
0.09999999987725694
 20
-0.15000000000000002
 10
0.09999999999425238
 20
-0.15000000000574765
 10
0.1
 20
-0.1500000001227433
 10
0.1
 20
-0.39999999499999994
 10
0.10000000002407637
 20
-0.39999999549008564
 10
0.1000000000960736
 20
-0.39999999597545155
 10
0.10000000021529833
 20
-0.3999999964514233
 10
0.10000000038060235
 20
-0.3999999969134171
 10
0.10000000059039368
 20
-0.3999999973569836
 10
0.10000000084265194
 20
-0.3999999977778511
 10
0.10000000113494774
 20
-0.39999999817196635
 10
0.1000000014644661
 20
-0.39999999853553386
 10
0.10000000182803358
 20
-0.3999999988650522
 10
0.10000000222214883
 20
-0.399999999157348
 10
0.10000000264301633
 20
-0.3999999994096063
 10
0.10000000308658284
 20
-0.3999999996193976
 10
0.10000000354857662
 20
-0.39999999978470163
 10
0.1000000040245484
 20
-0.3999999999039263
 10
0.1000000045099143
 20
-0.39999999997592356
 10
0.100000005
 20
-0.39999999999999997
 10
0.4999999998772567
 20
-0.39999999999999997
 10
0.4999999999942524
 20
-0.40000000000574765
 10
0.49999999999999994
 20
-0.4000000001227427
 10
0.49999999999999994
 20
-0.8499999998772573
 10
0.4999999999942524
 20
-0.8499999999942524
 10
0.49999999987725613
 20
-0.85
 10
-0.49999999987725613
 20
-0.85
 10
-0.4999999999942524
 20
-0.8499999999942524
 10
-0.49999999999999994
 20
-0.8499999998772573
 10
-0.49999999999999994
 20
-0.40000000500000005
 10
-0.5000000000240763
 20
-0.40000000450991435
 10
-0.5000000000960736
 20
-0.40000000402454844
 10
-0.5000000002152983
 20
-0.4000000035485767
 10
-0.5000000003806023
 20
-0.4000000030865829
 10
-0.5000000005903936
 20
-0.4000000026430164
 10
-0.500000000842652
 20
-0.4000000022221489
 10
-0.5000000011349477
 20
-0.40000000182803364
 10
-0.5000000014644661
 20
-0.4000000014644661
 10
-0.5000000018280335
 20
-0.40000000113494777
 10
-0.5000000022221488
 20
-0.40000000084265197
 10
-0.5000000026430163
 20
-0.4000000005903937
 10
-0.5000000030865828
 20
-0.4000000003806024
 10
-0.5000000035485765
 20
-0.40000000021529836
 10
-0.5000000040245484
 20
-0.40000000009607367
 10
-0.5000000045099142
 20
-0.40000000002407643
 10
-0.500000005
 20
-0.4
 10
-8.449999994999999
 20
-0.4
 10
-8.449999995490085
 20
-0.40000000002407643
 10
-8.44999999597545
 20
-0.40000000009607367
 10
-8.449999996451423
 20
-0.40000000021529836
 10
-8.449999996913416
 20
-0.4000000003806024
 10
-8.449999997356983
 20
-0.4000000005903937
 10
-8.44999999777785
 20
-0.40000000084265197
 10
-8.449999998171965
 20
-0.40000000113494777
 10
-8.449999998535533
 20
-0.4000000014644661
 10
-8.449999998865051
 20
-0.40000000182803364
 10
-8.449999999157347
 20
-0.4000000022221489
 10
-8.449999999409606
 20
-0.4000000026430164
 10
-8.449999999619397
 20
-0.4000000030865829
 10
-8.449999999784701
 20
-0.4000000035485767
 10
-8.449999999903925
 20
-0.40000000402454844
 10
-8.449999999975923
 20
-0.40000000450991435
 10
-8.45
 20
-0.40000000500000005
 10
-8.45
 20
-0.6999999998772696
 10
-8.450000000005748
 20
-0.6999999999942522
 10
-8.450000000122744
 20
-0.7
 10
-9.049999999877256
 20
-0.7
  0
LWPOLYLINE
  5
B0D
330
17
100
AcDbEntity
  8
A-IZOL-WODNA
  6
PUNKTOWA_KROTKA
370
35
 48
0.03
100
AcDbPolyline
 90
2
 70
128
 10
0.295
 20
6.15
 10
0.295
 20
9.08
  0
LWPOLYLINE
  5
B0E
330
17
100
AcDbEntity
  8
A-IZOL-WODNA
370
140
 48
0.05
100
AcDbPolyline
 90
2
 70
0
 10
-8.645
 20
-0.14750000000000002
 10
-0.10500000000000043
 20
-0.14750000000000002
  0
LWPOLYLINE
  5
B0F
330
17
100
AcDbEntity
  8
A-IZOL-WODNA
370
100
 48
0.05
420
0
100
AcDbPolyline
 90
2
 70
0
 10
-8.8
 20
9.525000000000002
 10
-8.55
 20
9.525000000000002
  0
LWPOLYLINE
  5
B10
330
17
100
AcDbEntity
  8
A-IZOL-WODNA
370
100
 48
0.05
420
0
100
AcDbPolyline
 90
2
 70
0
 10
-7.55
 20
9.525000000000002
 10
0.04999999999999982
 20
9.525000000000002
  0
LWPOLYLINE
  5
B11
330
17
100
AcDbEntity
  8
A-IZOL-WODNA
  6
KRESKOWA_3_1
370
35
 48
0.05
100
AcDbPolyline
 90
2
 70
128
 10
-8.8
 20
9.302
 10
-8.55
 20
9.302
  0
LWPOLYLINE
  5
B12
330
17
100
AcDbEntity
  8
A-IZOL-WODNA
  6
KRESKOWA_3_1
370
35
 48
0.05
100
AcDbPolyline
 90
2
 70
128
 10
-7.55
 20
9.302
 10
0.04999999999999982
 20
9.302
  0
LWPOLYLINE
  5
B13
330
17
100
AcDbEntity
  8
A-IZOL-WODNA
370
100
 48
0.05
420
0
100
AcDbPolyline
 90
2
 70
0
 10
0.30000000000000004
 20
3.0509999999999997
 10
1.3
 20
3.0509999999999997
  0
LWPOLYLINE
  5
B14
330
17
100
AcDbEntity
  8
A-IZOL-WODNA
370
100
 48
0.05
420
0
100
AcDbPolyline
 90
2
 70
0
 10
0.30000000000000004
 20
6.2509999999999994
 10
1.3
 20
6.2509999999999994
  0
LWPOLYLINE
  5
B15
330
17
100
AcDbEntity
  8
A-IZOL-WODNA
370
100
 48
0.05
420
0
100
AcDbPolyline
 90
2
 70
0
 10
0.30000000000000004
 20
9.401
 10
1.3
 20
9.401
  0
LWPOLYLINE
  5
B16
330
17
100
AcDbEntity
  8
A-IZOL-WODNA
  6
HYDRO_OKNA
370
50
 48
0.05
420
16777215
100
AcDbPolyline
 90
2
 70
128
 10
-8.8
 20
9.525000000000002
 10
-8.55
 20
9.525000000000002
  0
LWPOLYLINE
  5
B17
330
17
100
AcDbEntity
  8
A-IZOL-WODNA
  6
HYDRO_OKNA
370
50
 48
0.05
420
16777215
100
AcDbPolyline
 90
2
 70
128
 10
-7.55
 20
9.525000000000002
 10
0.04999999999999982
 20
9.525000000000002
  0
LWPOLYLINE
  5
B18
330
17
100
AcDbEntity
  8
A-IZOL-WODNA
  6
HYDRO_OKNA
370
50
 48
0.05
420
16777215
100
AcDbPolyline
 90
2
 70
128
 10
0.30000000000000004
 20
3.0509999999999997
 10
1.3
 20
3.0509999999999997
  0
LWPOLYLINE
  5
B19
330
17
100
AcDbEntity
  8
A-IZOL-WODNA
  6
HYDRO_OKNA
370
50
 48
0.05
420
16777215
100
AcDbPolyline
 90
2
 70
128
 10
0.30000000000000004
 20
6.2509999999999994
 10
1.3
 20
6.2509999999999994
  0
LWPOLYLINE
  5
B1A
330
17
100
AcDbEntity
  8
A-IZOL-WODNA
  6
HYDRO_OKNA
370
50
 48
0.05
420
16777215
100
AcDbPolyline
 90
2
 70
128
 10
0.30000000000000004
 20
9.401
 10
1.3
 20
9.401
  0
HATCH
  5
B1B
330
17
100
AcDbEntity
  8
A-RZEDNE
 62
7
420
0
100
AcDbHatch
 10
0.0
 20
0.0
 30
0.0
210
0.0
220
0.0
230
1.0
  2
SOLID
 70
1
 71
0
 91
1
 92
3
 72
0
 73
1
 93
3
 10
3.6999999999999997
 20
-0.31059720000001095
 10
3.8099999999999996
 20
-0.20059720000001094
 10
3.59
 20
-0.20059720000001094
 97
0
 75
0
 76
1
 98
0
  0
HATCH
  5
B1C
330
17
100
AcDbEntity
  8
A-RZEDNE
 62
7
420
0
100
AcDbHatch
 10
0.0
 20
0.0
 30
0.0
210
0.0
220
0.0
230
1.0
  2
SOLID
 70
1
 71
0
 91
1
 92
3
 72
0
 73
1
 93
3
 10
4.485754031342267
 20
0.0
 10
4.595754031342267
 20
0.11000000000000001
 10
4.485754031342267
 20
0.11000000000000001
 97
0
 75
0
 76
1
 98
0
  0
HATCH
  5
B1D
330
17
100
AcDbEntity
  8
A-RZEDNE
 62
7
420
0
100
AcDbHatch
 10
0.0
 20
0.0
 30
0.0
210
0.0
220
0.0
230
1.0
  2
SOLID
 70
1
 71
0
 91
1
 92
3
 72
0
 73
1
 93
3
 10
4.485754031342267
 20
3.05
 10
4.595754031342267
 20
3.1599999999999997
 10
4.375754031342266
 20
3.1599999999999997
 97
0
 75
0
 76
1
 98
0
  0
HATCH
  5
B1E
330
17
100
AcDbEntity
  8
A-RZEDNE
 62
7
420
0
100
AcDbHatch
 10
0.0
 20
0.0
 30
0.0
210
0.0
220
0.0
230
1.0
  2
SOLID
 70
1
 71
0
 91
1
 92
3
 72
0
 73
1
 93
3
 10
5.271508062684533
 20
3.15
 10
5.381508062684533
 20
3.26
 10
5.161508062684533
 20
3.26
 97
0
 75
0
 76
1
 98
0
  0
HATCH
  5
B1F
330
17
100
AcDbEntity
  8
A-RZEDNE
 62
7
420
0
100
AcDbHatch
 10
0.0
 20
0.0
 30
0.0
210
0.0
220
0.0
230
1.0
  2
SOLID
 70
1
 71
0
 91
1
 92
3
 72
0
 73
1
 93
3
 10
3.6999999999999997
 20
3.85
 10
3.8099999999999996
 20
3.96
 10
3.59
 20
3.96
 97
0
 75
0
 76
1
 98
0
  0
HATCH
  5
B20
330
17
100
AcDbEntity
  8
A-RZEDNE
 62
7
420
0
100
AcDbHatch
 10
0.0
 20
0.0
 30
0.0
210
0.0
220
0.0
230
1.0
  2
SOLID
 70
1
 71
0
 91
1
 92
3
 72
0
 73
1
 93
3
 10
3.6999999999999997
 20
5.55
 10
3.8099999999999996
 20
5.66
 10
3.59
 20
5.66
 97
0
 75
0
 76
1
 98
0
  0
HATCH
  5
B21
330
17
100
AcDbEntity
  8
A-RZEDNE
 62
7
420
0
100
AcDbHatch
 10
0.0
 20
0.0
 30
0.0
210
0.0
220
0.0
230
1.0
  2
SOLID
 70
1
 71
0
 91
1
 92
3
 72
0
 73
1
 93
3
 10
4.485754031342267
 20
6.25
 10
4.595754031342267
 20
6.36
 10
4.375754031342266
 20
6.36
 97
0
 75
0
 76
1
 98
0
  0
HATCH
  5
B22
330
17
100
AcDbEntity
  8
A-RZEDNE
 62
7
420
0
100
AcDbHatch
 10
0.0
 20
0.0
 30
0.0
210
0.0
220
0.0
230
1.0
  2
SOLID
 70
1
 71
0
 91
1
 92
3
 72
0
 73
1
 93
3
 10
5.271508062684533
 20
6.3
 10
5.381508062684533
 20
6.41
 10
5.161508062684533
 20
6.41
 97
0
 75
0
 76
1
 98
0
  0
HATCH
  5
B23
330
17
100
AcDbEntity
  8
A-RZEDNE
 62
7
420
0
100
AcDbHatch
 10
0.0
 20
0.0
 30
0.0
210
0.0
220
0.0
230
1.0
  2
SOLID
 70
1
 71
0
 91
1
 92
3
 72
0
 73
1
 93
3
 10
4.485754031342267
 20
9.4
 10
4.595754031342267
 20
9.51
 10
4.375754031342266
 20
9.51
 97
0
 75
0
 76
1
 98
0
  0
HATCH
  5
B24
330
17
100
AcDbEntity
  8
A-RZEDNE
 62
7
420
0
100
AcDbHatch
 10
0.0
 20
0.0
 30
0.0
210
0.0
220
0.0
230
1.0
  2
SOLID
 70
1
 71
0
 91
1
 92
3
 72
0
 73
1
 93
3
 10
5.271508062684533
 20
9.526000000000002
 10
5.381508062684533
 20
9.636000000000001
 10
5.161508062684533
 20
9.636000000000001
 97
0
 75
0
 76
1
 98
0
  0
HATCH
  5
B25
330
17
100
AcDbEntity
  8
A-RZEDNE
 62
7
420
0
100
AcDbHatch
 10
0.0
 20
0.0
 30
0.0
210
0.0
220
0.0
230
1.0
  2
SOLID
 70
1
 71
0
 91
1
 92
3
 72
0
 73
1
 93
3
 10
3.6999999999999997
 20
9.75
 10
3.8099999999999996
 20
9.86
 10
3.59
 20
9.86
 97
0
 75
0
 76
1
 98
0
  0
HATCH
  5
B26
330
17
100
AcDbEntity
  8
A-RZEDNE
 62
7
420
0
100
AcDbHatch
 10
0.0
 20
0.0
 30
0.0
210
0.0
220
0.0
230
1.0
  2
SOLID
 70
1
 71
0
 91
1
 92
3
 72
0
 73
1
 93
3
 10
6.0572620940268
 20
9.776000000000002
 10
6.167262094026801
 20
9.886000000000001
 10
5.9472620940268
 20
9.886000000000001
 97
0
 75
0
 76
1
 98
0
  0
LWPOLYLINE
  5
B27
330
17
100
AcDbEntity
  8
A-RZEDNE
370
35
 48
0.05
100
AcDbPolyline
 90
2
 70
0
 10
3.5999999999999996
 20
-0.85
 10
3.82
 20
-0.85
  0
LWPOLYLINE
  5
B28
330
17
100
AcDbEntity
  8
A-RZEDNE
370
35
 48
0.05
100
AcDbPolyline
 90
3
 70
1
 10
3.6999999999999997
 20
-0.85
 10
3.8099999999999996
 20
-0.74
 10
3.59
 20
-0.74
  0
LWPOLYLINE
  5
B29
330
17
100
AcDbEntity
  8
A-RZEDNE
370
35
 48
0.05
100
AcDbPolyline
 90
2
 70
0
 10
3.6999999999999997
 20
-0.74
 10
3.6999999999999997
 20
-0.6799999999999999
  0
LWPOLYLINE
  5
B2A
330
17
100
AcDbEntity
  8
A-RZEDNE
370
35
 48
0.05
100
AcDbPolyline
 90
2
 70
0
 10
3.6999999999999997
 20
-0.6799999999999999
 10
4.335754031342266
 20
-0.6799999999999999
  0
LWPOLYLINE
  5
B2B
330
17
100
AcDbEntity
  8
A-RZEDNE
370
35
 48
0.05
100
AcDbPolyline
 90
2
 70
0
 10
3.5999999999999996
 20
-0.31059720000001095
 10
3.82
 20
-0.31059720000001095
  0
LWPOLYLINE
  5
B2C
330
17
100
AcDbEntity
  8
A-RZEDNE
370
35
 48
0.05
100
AcDbPolyline
 90
3
 70
1
 10
3.6999999999999997
 20
-0.31059720000001095
 10
3.8099999999999996
 20
-0.20059720000001094
 10
3.59
 20
-0.20059720000001094
  0
LWPOLYLINE
  5
B2D
330
17
100
AcDbEntity
  8
A-RZEDNE
370
35
 48
0.05
100
AcDbPolyline
 90
2
 70
0
 10
3.6999999999999997
 20
-0.20059720000001094
 10
3.6999999999999997
 20
-0.14059720000001094
  0
LWPOLYLINE
  5
B2E
330
17
100
AcDbEntity
  8
A-RZEDNE
370
35
 48
0.05
100
AcDbPolyline
 90
2
 70
0
 10
3.6999999999999997
 20
-0.14059720000001094
 10
4.322268907563025
 20
-0.14059720000001094
  0
LWPOLYLINE
  5
B2F
330
17
100
AcDbEntity
  8
A-RZEDNE
370
35
 48
0.05
100
AcDbPolyline
 90
3
 70
1
 10
4.485754031342267
 20
0.0
 10
4.595754031342267
 20
0.11000000000000001
 10
4.375754031342266
 20
0.11000000000000001
  0
LWPOLYLINE
  5
B30
330
17
100
AcDbEntity
  8
A-RZEDNE
370
35
 48
0.05
100
AcDbPolyline
 90
2
 70
0
 10
4.485754031342267
 20
0.11000000000000001
 10
4.485754031342267
 20
0.335
  0
LWPOLYLINE
  5
B31
330
17
100
AcDbEntity
  8
A-RZEDNE
370
35
 48
0.05
100
AcDbPolyline
 90
2
 70
0
 10
4.485754031342267
 20
0.335
 10
5.2174653645241875
 20
0.335
  0
LWPOLYLINE
  5
B32
330
17
100
AcDbEntity
  8
A-RZEDNE
370
35
 48
0.05
100
AcDbPolyline
 90
2
 70
0
 10
3.5999999999999996
 20
3.0
 10
3.82
 20
3.0
  0
LWPOLYLINE
  5
B33
330
17
100
AcDbEntity
  8
A-RZEDNE
370
35
 48
0.05
100
AcDbPolyline
 90
3
 70
1
 10
3.6999999999999997
 20
3.0
 10
3.8099999999999996
 20
3.11
 10
3.59
 20
3.11
  0
LWPOLYLINE
  5
B34
330
17
100
AcDbEntity
  8
A-RZEDNE
370
35
 48
0.05
100
AcDbPolyline
 90
2
 70
0
 10
3.6999999999999997
 20
3.11
 10
3.6999999999999997
 20
3.17
  0
LWPOLYLINE
  5
B35
330
17
100
AcDbEntity
  8
A-RZEDNE
370
35
 48
0.05
100
AcDbPolyline
 90
2
 70
0
 10
3.6999999999999997
 20
3.17
 10
4.335754031342266
 20
3.17
  0
LWPOLYLINE
  5
B36
330
17
100
AcDbEntity
  8
A-RZEDNE
370
35
 48
0.05
100
AcDbPolyline
 90
3
 70
1
 10
4.485754031342267
 20
3.05
 10
4.595754031342267
 20
3.1599999999999997
 10
4.375754031342266
 20
3.1599999999999997
  0
LWPOLYLINE
  5
B37
330
17
100
AcDbEntity
  8
A-RZEDNE
370
35
 48
0.05
100
AcDbPolyline
 90
2
 70
0
 10
4.485754031342267
 20
3.1599999999999997
 10
4.485754031342267
 20
3.2199999999999998
  0
LWPOLYLINE
  5
B38
330
17
100
AcDbEntity
  8
A-RZEDNE
370
35
 48
0.05
100
AcDbPolyline
 90
2
 70
0
 10
4.485754031342267
 20
3.2199999999999998
 10
5.1215080626845335
 20
3.2199999999999998
  0
LWPOLYLINE
  5
B39
330
17
100
AcDbEntity
  8
A-RZEDNE
370
35
 48
0.05
100
AcDbPolyline
 90
3
 70
1
 10
5.271508062684533
 20
3.15
 10
5.381508062684533
 20
3.26
 10
5.161508062684533
 20
3.26
  0
LWPOLYLINE
  5
B3A
330
17
100
AcDbEntity
  8
A-RZEDNE
370
35
 48
0.05
100
AcDbPolyline
 90
2
 70
0
 10
5.271508062684533
 20
3.26
 10
5.271508062684533
 20
3.32
  0
LWPOLYLINE
  5
B3B
330
17
100
AcDbEntity
  8
A-RZEDNE
370
35
 48
0.05
100
AcDbPolyline
 90
2
 70
0
 10
5.271508062684533
 20
3.32
 10
5.9072620940268
 20
3.32
  0
LWPOLYLINE
  5
B3C
330
17
100
AcDbEntity
  8
A-RZEDNE
370
35
 48
0.05
100
AcDbPolyline
 90
2
 70
0
 10
3.5999999999999996
 20
3.85
 10
3.82
 20
3.85
  0
LWPOLYLINE
  5
B3D
330
17
100
AcDbEntity
  8
A-RZEDNE
370
35
 48
0.05
100
AcDbPolyline
 90
3
 70
1
 10
3.6999999999999997
 20
3.85
 10
3.8099999999999996
 20
3.96
 10
3.59
 20
3.96
  0
LWPOLYLINE
  5
B3E
330
17
100
AcDbEntity
  8
A-RZEDNE
370
35
 48
0.05
100
AcDbPolyline
 90
2
 70
0
 10
3.6999999999999997
 20
3.96
 10
3.6999999999999997
 20
4.02
  0
LWPOLYLINE
  5
B3F
330
17
100
AcDbEntity
  8
A-RZEDNE
370
35
 48
0.05
100
AcDbPolyline
 90
2
 70
0
 10
3.6999999999999997
 20
4.02
 10
4.335754031342266
 20
4.02
  0
LWPOLYLINE
  5
B40
330
17
100
AcDbEntity
  8
A-RZEDNE
370
35
 48
0.05
100
AcDbPolyline
 90
2
 70
0
 10
3.5999999999999996
 20
5.55
 10
3.82
 20
5.55
  0
LWPOLYLINE
  5
B41
330
17
100
AcDbEntity
  8
A-RZEDNE
370
35
 48
0.05
100
AcDbPolyline
 90
3
 70
1
 10
3.6999999999999997
 20
5.55
 10
3.8099999999999996
 20
5.66
 10
3.59
 20
5.66
  0
LWPOLYLINE
  5
B42
330
17
100
AcDbEntity
  8
A-RZEDNE
370
35
 48
0.05
100
AcDbPolyline
 90
2
 70
0
 10
3.6999999999999997
 20
5.66
 10
3.6999999999999997
 20
5.72
  0
LWPOLYLINE
  5
B43
330
17
100
AcDbEntity
  8
A-RZEDNE
370
35
 48
0.05
100
AcDbPolyline
 90
2
 70
0
 10
3.6999999999999997
 20
5.72
 10
4.335754031342266
 20
5.72
  0
LWPOLYLINE
  5
B44
330
17
100
AcDbEntity
  8
A-RZEDNE
370
35
 48
0.05
100
AcDbPolyline
 90
2
 70
0
 10
3.5999999999999996
 20
6.1499999999999995
 10
3.82
 20
6.1499999999999995
  0
LWPOLYLINE
  5
B45
330
17
100
AcDbEntity
  8
A-RZEDNE
370
35
 48
0.05
100
AcDbPolyline
 90
3
 70
1
 10
3.6999999999999997
 20
6.1499999999999995
 10
3.8099999999999996
 20
6.26
 10
3.59
 20
6.26
  0
LWPOLYLINE
  5
B46
330
17
100
AcDbEntity
  8
A-RZEDNE
370
35
 48
0.05
100
AcDbPolyline
 90
2
 70
0
 10
3.6999999999999997
 20
6.26
 10
3.6999999999999997
 20
6.319999999999999
  0
LWPOLYLINE
  5
B47
330
17
100
AcDbEntity
  8
A-RZEDNE
370
35
 48
0.05
100
AcDbPolyline
 90
2
 70
0
 10
3.6999999999999997
 20
6.319999999999999
 10
4.335754031342266
 20
6.319999999999999
  0
LWPOLYLINE
  5
B48
330
17
100
AcDbEntity
  8
A-RZEDNE
370
35
 48
0.05
100
AcDbPolyline
 90
3
 70
1
 10
4.485754031342267
 20
6.25
 10
4.595754031342267
 20
6.36
 10
4.375754031342266
 20
6.36
  0
LWPOLYLINE
  5
B49
330
17
100
AcDbEntity
  8
A-RZEDNE
370
35
 48
0.05
100
AcDbPolyline
 90
2
 70
0
 10
4.485754031342267
 20
6.36
 10
4.485754031342267
 20
6.42
  0
LWPOLYLINE
  5
B4A
330
17
100
AcDbEntity
  8
A-RZEDNE
370
35
 48
0.05
100
AcDbPolyline
 90
2
 70
0
 10
4.485754031342267
 20
6.42
 10
5.1215080626845335
 20
6.42
  0
LWPOLYLINE
  5
B4B
330
17
100
AcDbEntity
  8
A-RZEDNE
370
35
 48
0.05
100
AcDbPolyline
 90
3
 70
1
 10
5.271508062684533
 20
6.3
 10
5.381508062684533
 20
6.41
 10
5.161508062684533
 20
6.41
  0
LWPOLYLINE
  5
B4C
330
17
100
AcDbEntity
  8
A-RZEDNE
370
35
 48
0.05
100
AcDbPolyline
 90
2
 70
0
 10
5.271508062684533
 20
6.41
 10
5.271508062684533
 20
6.47
  0
LWPOLYLINE
  5
B4D
330
17
100
AcDbEntity
  8
A-RZEDNE
370
35
 48
0.05
100
AcDbPolyline
 90
2
 70
0
 10
5.271508062684533
 20
6.47
 10
5.9072620940268
 20
6.47
  0
LWPOLYLINE
  5
B4E
330
17
100
AcDbEntity
  8
A-RZEDNE
370
35
 48
0.05
100
AcDbPolyline
 90
2
 70
0
 10
3.5999999999999996
 20
9.3
 10
3.82
 20
9.3
  0
LWPOLYLINE
  5
B4F
330
17
100
AcDbEntity
  8
A-RZEDNE
370
35
 48
0.05
100
AcDbPolyline
 90
3
 70
1
 10
3.6999999999999997
 20
9.3
 10
3.8099999999999996
 20
9.41
 10
3.59
 20
9.41
  0
LWPOLYLINE
  5
B50
330
17
100
AcDbEntity
  8
A-RZEDNE
370
35
 48
0.05
100
AcDbPolyline
 90
2
 70
0
 10
3.6999999999999997
 20
9.41
 10
3.6999999999999997
 20
9.47
  0
LWPOLYLINE
  5
B51
330
17
100
AcDbEntity
  8
A-RZEDNE
370
35
 48
0.05
100
AcDbPolyline
 90
2
 70
0
 10
3.6999999999999997
 20
9.47
 10
4.335754031342266
 20
9.47
  0
LWPOLYLINE
  5
B52
330
17
100
AcDbEntity
  8
A-RZEDNE
370
35
 48
0.05
100
AcDbPolyline
 90
3
 70
1
 10
4.485754031342267
 20
9.4
 10
4.595754031342267
 20
9.51
 10
4.375754031342266
 20
9.51
  0
LWPOLYLINE
  5
B53
330
17
100
AcDbEntity
  8
A-RZEDNE
370
35
 48
0.05
100
AcDbPolyline
 90
2
 70
0
 10
4.485754031342267
 20
9.51
 10
4.485754031342267
 20
9.57
  0
LWPOLYLINE
  5
B54
330
17
100
AcDbEntity
  8
A-RZEDNE
370
35
 48
0.05
100
AcDbPolyline
 90
2
 70
0
 10
4.485754031342267
 20
9.57
 10
5.1215080626845335
 20
9.57
  0
LWPOLYLINE
  5
B55
330
17
100
AcDbEntity
  8
A-RZEDNE
370
35
 48
0.05
100
AcDbPolyline
 90
3
 70
1
 10
5.271508062684533
 20
9.526000000000002
 10
5.381508062684533
 20
9.636000000000001
 10
5.161508062684533
 20
9.636000000000001
  0
LWPOLYLINE
  5
B56
330
17
100
AcDbEntity
  8
A-RZEDNE
370
35
 48
0.05
100
AcDbPolyline
 90
2
 70
0
 10
5.271508062684533
 20
9.636000000000001
 10
5.271508062684533
 20
9.696000000000002
  0
LWPOLYLINE
  5
B57
330
17
100
AcDbEntity
  8
A-RZEDNE
370
35
 48
0.05
100
AcDbPolyline
 90
2
 70
0
 10
5.271508062684533
 20
9.696000000000002
 10
5.9072620940268
 20
9.696000000000002
  0
LWPOLYLINE
  5
B58
330
17
100
AcDbEntity
  8
A-RZEDNE
370
35
 48
0.05
100
AcDbPolyline
 90
2
 70
0
 10
3.5999999999999996
 20
9.75
 10
3.82
 20
9.75
  0
LWPOLYLINE
  5
B59
330
17
100
AcDbEntity
  8
A-RZEDNE
370
35
 48
0.05
100
AcDbPolyline
 90
3
 70
1
 10
3.6999999999999997
 20
9.75
 10
3.8099999999999996
 20
9.86
 10
3.59
 20
9.86
  0
LWPOLYLINE
  5
B5A
330
17
100
AcDbEntity
  8
A-RZEDNE
370
35
 48
0.05
100
AcDbPolyline
 90
2
 70
0
 10
3.6999999999999997
 20
9.86
 10
3.6999999999999997
 20
9.92
  0
LWPOLYLINE
  5
B5B
330
17
100
AcDbEntity
  8
A-RZEDNE
370
35
 48
0.05
100
AcDbPolyline
 90
2
 70
0
 10
3.6999999999999997
 20
9.92
 10
4.335754031342266
 20
9.92
  0
LWPOLYLINE
  5
B5C
330
17
100
AcDbEntity
  8
A-RZEDNE
370
35
 48
0.05
100
AcDbPolyline
 90
3
 70
1
 10
6.0572620940268
 20
9.776000000000002
 10
6.167262094026801
 20
9.886000000000001
 10
5.9472620940268
 20
9.886000000000001
  0
LWPOLYLINE
  5
B5D
330
17
100
AcDbEntity
  8
A-RZEDNE
370
35
 48
0.05
100
AcDbPolyline
 90
2
 70
0
 10
6.0572620940268
 20
9.886000000000001
 10
6.0572620940268
 20
9.946000000000002
  0
LWPOLYLINE
  5
B5E
330
17
100
AcDbEntity
  8
A-RZEDNE
370
35
 48
0.05
100
AcDbPolyline
 90
2
 70
0
 10
6.0572620940268
 20
9.946000000000002
 10
6.693016125369067
 20
9.946000000000002
  0
LWPOLYLINE
  5
B5F
330
17
100
AcDbEntity
  8
A-WYMIARY
370
35
 48
0.05
100
AcDbPolyline
 90
2
 70
0
 10
-10.95
 20
-0.329
 10
-10.95
 20
9.895999999999999
  0
LWPOLYLINE
  5
B60
330
17
100
AcDbEntity
  8
A-WYMIARY
370
35
 48
0.05
100
AcDbPolyline
 90
2
 70
0
 10
-10.85
 20
-0.229
 10
-11.049999999999999
 20
-0.229
  0
LWPOLYLINE
  5
B61
330
17
100
AcDbEntity
  8
A-WYMIARY
370
35
 48
0.05
100
AcDbPolyline
 90
2
 70
0
 10
-10.896966991411007
 20
-0.2820330085889911
 10
-11.003033008588991
 20
-0.17596699141100894
  0
LWPOLYLINE
  5
B62
330
17
100
AcDbEntity
  8
A-WYMIARY
370
35
 48
0.05
100
AcDbPolyline
 90
2
 70
0
 10
-10.85
 20
0.0
 10
-11.049999999999999
 20
0.0
  0
LWPOLYLINE
  5
B63
330
17
100
AcDbEntity
  8
A-WYMIARY
370
35
 48
0.05
100
AcDbPolyline
 90
2
 70
0
 10
-10.896966991411007
 20
-0.05303300858899108
 10
-11.003033008588991
 20
0.05303300858899108
  0
LWPOLYLINE
  5
B64
330
17
100
AcDbEntity
  8
A-WYMIARY
370
35
 48
0.05
100
AcDbPolyline
 90
2
 70
0
 10
-10.85
 20
2.78
 10
-11.049999999999999
 20
2.78
  0
LWPOLYLINE
  5
B65
330
17
100
AcDbEntity
  8
A-WYMIARY
370
35
 48
0.05
100
AcDbPolyline
 90
2
 70
0
 10
-10.896966991411007
 20
2.726966991411009
 10
-11.003033008588991
 20
2.8330330085889908
  0
LWPOLYLINE
  5
B66
330
17
100
AcDbEntity
  8
A-WYMIARY
370
35
 48
0.05
100
AcDbPolyline
 90
2
 70
0
 10
-10.85
 20
3.15
 10
-11.049999999999999
 20
3.15
  0
LWPOLYLINE
  5
B67
330
17
100
AcDbEntity
  8
A-WYMIARY
370
35
 48
0.05
100
AcDbPolyline
 90
2
 70
0
 10
-10.896966991411007
 20
3.096966991411009
 10
-11.003033008588991
 20
3.203033008588991
  0
LWPOLYLINE
  5
B68
330
17
100
AcDbEntity
  8
A-WYMIARY
370
35
 48
0.05
100
AcDbPolyline
 90
2
 70
0
 10
-10.85
 20
5.93
 10
-11.049999999999999
 20
5.93
  0
LWPOLYLINE
  5
B69
330
17
100
AcDbEntity
  8
A-WYMIARY
370
35
 48
0.05
100
AcDbPolyline
 90
2
 70
0
 10
-10.896966991411007
 20
5.876966991411009
 10
-11.003033008588991
 20
5.983033008588991
  0
LWPOLYLINE
  5
B6A
330
17
100
AcDbEntity
  8
A-WYMIARY
370
35
 48
0.05
100
AcDbPolyline
 90
2
 70
0
 10
-10.85
 20
6.3
 10
-11.049999999999999
 20
6.3
  0
LWPOLYLINE
  5
B6B
330
17
100
AcDbEntity
  8
A-WYMIARY
370
35
 48
0.05
100
AcDbPolyline
 90
2
 70
0
 10
-10.896966991411007
 20
6.246966991411009
 10
-11.003033008588991
 20
6.353033008588991
  0
LWPOLYLINE
  5
B6C
330
17
100
AcDbEntity
  8
A-WYMIARY
370
35
 48
0.05
100
AcDbPolyline
 90
2
 70
0
 10
-10.85
 20
7.2
 10
-11.049999999999999
 20
7.2
  0
LWPOLYLINE
  5
B6D
330
17
100
AcDbEntity
  8
A-WYMIARY
370
35
 48
0.05
100
AcDbPolyline
 90
2
 70
0
 10
-10.896966991411007
 20
7.146966991411009
 10
-11.003033008588991
 20
7.253033008588991
  0
LWPOLYLINE
  5
B6E
330
17
100
AcDbEntity
  8
A-WYMIARY
370
35
 48
0.05
100
AcDbPolyline
 90
2
 70
0
 10
-10.85
 20
8.7
 10
-11.049999999999999
 20
8.7
  0
LWPOLYLINE
  5
B6F
330
17
100
AcDbEntity
  8
A-WYMIARY
370
35
 48
0.05
100
AcDbPolyline
 90
2
 70
0
 10
-10.896966991411007
 20
8.646966991411007
 10
-11.003033008588991
 20
8.753033008588991
  0
LWPOLYLINE
  5
B70
330
17
100
AcDbEntity
  8
A-WYMIARY
370
35
 48
0.05
100
AcDbPolyline
 90
2
 70
0
 10
-10.85
 20
9.08
 10
-11.049999999999999
 20
9.08
  0
LWPOLYLINE
  5
B71
330
17
100
AcDbEntity
  8
A-WYMIARY
370
35
 48
0.05
100
AcDbPolyline
 90
2
 70
0
 10
-10.896966991411007
 20
9.026966991411008
 10
-11.003033008588991
 20
9.133033008588992
  0
LWPOLYLINE
  5
B72
330
17
100
AcDbEntity
  8
A-WYMIARY
370
35
 48
0.05
100
AcDbPolyline
 90
2
 70
0
 10
-10.85
 20
9.526
 10
-11.049999999999999
 20
9.526
  0
LWPOLYLINE
  5
B73
330
17
100
AcDbEntity
  8
A-WYMIARY
370
35
 48
0.05
100
AcDbPolyline
 90
2
 70
0
 10
-10.896966991411007
 20
9.472966991411008
 10
-11.003033008588991
 20
9.579033008588992
  0
LWPOLYLINE
  5
B74
330
17
100
AcDbEntity
  8
A-WYMIARY
370
35
 48
0.05
100
AcDbPolyline
 90
2
 70
0
 10
-10.85
 20
9.7
 10
-11.049999999999999
 20
9.7
  0
LWPOLYLINE
  5
B75
330
17
100
AcDbEntity
  8
A-WYMIARY
370
35
 48
0.05
100
AcDbPolyline
 90
2
 70
0
 10
-10.896966991411007
 20
9.646966991411007
 10
-11.003033008588991
 20
9.753033008588991
  0
LWPOLYLINE
  5
B76
330
17
100
AcDbEntity
  8
A-WYMIARY
370
35
 48
0.05
100
AcDbPolyline
 90
2
 70
0
 10
-10.85
 20
9.796
 10
-11.049999999999999
 20
9.796
  0
LWPOLYLINE
  5
B77
330
17
100
AcDbEntity
  8
A-WYMIARY
370
35
 48
0.05
100
AcDbPolyline
 90
2
 70
0
 10
-10.896966991411007
 20
9.742966991411008
 10
-11.003033008588991
 20
9.849033008588991
  0
LWPOLYLINE
  5
B78
330
17
100
AcDbEntity
  8
A-WYMIARY
370
35
 48
0.05
100
AcDbPolyline
 90
2
 70
0
 10
-11.299999999999999
 20
-0.329
 10
-11.299999999999999
 20
9.895999999999999
  0
LWPOLYLINE
  5
B79
330
17
100
AcDbEntity
  8
A-WYMIARY
370
35
 48
0.05
100
AcDbPolyline
 90
2
 70
0
 10
-11.2
 20
-0.229
 10
-11.399999999999999
 20
-0.229
  0
LWPOLYLINE
  5
B7A
330
17
100
AcDbEntity
  8
A-WYMIARY
370
35
 48
0.05
100
AcDbPolyline
 90
2
 70
0
 10
-11.246966991411007
 20
-0.2820330085889911
 10
-11.35303300858899
 20
-0.17596699141100894
  0
LWPOLYLINE
  5
B7B
330
17
100
AcDbEntity
  8
A-WYMIARY
370
35
 48
0.05
100
AcDbPolyline
 90
2
 70
0
 10
-11.2
 20
0.0
 10
-11.399999999999999
 20
0.0
  0
LWPOLYLINE
  5
B7C
330
17
100
AcDbEntity
  8
A-WYMIARY
370
35
 48
0.05
100
AcDbPolyline
 90
2
 70
0
 10
-11.246966991411007
 20
-0.05303300858899108
 10
-11.35303300858899
 20
0.05303300858899108
  0
LWPOLYLINE
  5
B7D
330
17
100
AcDbEntity
  8
A-WYMIARY
370
35
 48
0.05
100
AcDbPolyline
 90
2
 70
0
 10
-11.2
 20
3.15
 10
-11.399999999999999
 20
3.15
  0
LWPOLYLINE
  5
B7E
330
17
100
AcDbEntity
  8
A-WYMIARY
370
35
 48
0.05
100
AcDbPolyline
 90
2
 70
0
 10
-11.246966991411007
 20
3.096966991411009
 10
-11.35303300858899
 20
3.203033008588991
  0
LWPOLYLINE
  5
B7F
330
17
100
AcDbEntity
  8
A-WYMIARY
370
35
 48
0.05
100
AcDbPolyline
 90
2
 70
0
 10
-11.2
 20
6.3
 10
-11.399999999999999
 20
6.3
  0
LWPOLYLINE
  5
B80
330
17
100
AcDbEntity
  8
A-WYMIARY
370
35
 48
0.05
100
AcDbPolyline
 90
2
 70
0
 10
-11.246966991411007
 20
6.246966991411009
 10
-11.35303300858899
 20
6.353033008588991
  0
LWPOLYLINE
  5
B81
330
17
100
AcDbEntity
  8
A-WYMIARY
370
35
 48
0.05
100
AcDbPolyline
 90
2
 70
0
 10
-11.2
 20
9.526
 10
-11.399999999999999
 20
9.526
  0
LWPOLYLINE
  5
B82
330
17
100
AcDbEntity
  8
A-WYMIARY
370
35
 48
0.05
100
AcDbPolyline
 90
2
 70
0
 10
-11.246966991411007
 20
9.472966991411008
 10
-11.35303300858899
 20
9.579033008588992
  0
LWPOLYLINE
  5
B83
330
17
100
AcDbEntity
  8
A-WYMIARY
370
35
 48
0.05
100
AcDbPolyline
 90
2
 70
0
 10
-11.2
 20
9.776
 10
-11.399999999999999
 20
9.776
  0
LWPOLYLINE
  5
B84
330
17
100
AcDbEntity
  8
A-WYMIARY
370
35
 48
0.05
100
AcDbPolyline
 90
2
 70
0
 10
-11.246966991411007
 20
9.722966991411008
 10
-11.35303300858899
 20
9.829033008588992
  0
LWPOLYLINE
  5
B85
330
17
100
AcDbEntity
  8
A-WYMIARY
370
35
 48
0.05
100
AcDbPolyline
 90
2
 70
0
 10
-11.2
 20
9.796
 10
-11.399999999999999
 20
9.796
  0
LWPOLYLINE
  5
B86
330
17
100
AcDbEntity
  8
A-WYMIARY
370
35
 48
0.05
100
AcDbPolyline
 90
2
 70
0
 10
-11.246966991411007
 20
9.742966991411008
 10
-11.35303300858899
 20
9.849033008588991
  0
LWPOLYLINE
  5
B87
330
17
100
AcDbEntity
  8
A-WYMIARY
370
35
 48
0.05
100
AcDbPolyline
 90
2
 70
0
 10
-11.649999999999999
 20
-0.329
 10
-11.649999999999999
 20
9.895999999999999
  0
LWPOLYLINE
  5
B88
330
17
100
AcDbEntity
  8
A-WYMIARY
370
35
 48
0.05
100
AcDbPolyline
 90
2
 70
0
 10
-11.549999999999999
 20
-0.229
 10
-11.749999999999998
 20
-0.229
  0
LWPOLYLINE
  5
B89
330
17
100
AcDbEntity
  8
A-WYMIARY
370
35
 48
0.05
100
AcDbPolyline
 90
2
 70
0
 10
-11.596966991411007
 20
-0.2820330085889911
 10
-11.70303300858899
 20
-0.17596699141100894
  0
LWPOLYLINE
  5
B8A
330
17
100
AcDbEntity
  8
A-WYMIARY
370
35
 48
0.05
100
AcDbPolyline
 90
2
 70
0
 10
-11.549999999999999
 20
9.796
 10
-11.749999999999998
 20
9.796
  0
LWPOLYLINE
  5
B8B
330
17
100
AcDbEntity
  8
A-WYMIARY
370
35
 48
0.05
100
AcDbPolyline
 90
2
 70
0
 10
-11.596966991411007
 20
9.742966991411008
 10
-11.70303300858899
 20
9.849033008588991
  0
LWPOLYLINE
  5
B8C
330
17
100
AcDbEntity
  8
A-WYMIARY
370
35
 48
0.05
100
AcDbPolyline
 90
2
 70
0
 10
-12.0
 20
-0.367
 10
-12.0
 20
9.626
  0
LWPOLYLINE
  5
B8D
330
17
100
AcDbEntity
  8
A-WYMIARY
370
35
 48
0.05
100
AcDbPolyline
 90
2
 70
0
 10
-11.9
 20
-0.267
 10
-12.1
 20
-0.267
  0
LWPOLYLINE
  5
B8E
330
17
100
AcDbEntity
  8
A-WYMIARY
370
35
 48
0.05
100
AcDbPolyline
 90
2
 70
0
 10
-11.946966991411008
 20
-0.3200330085889911
 10
-12.053033008588992
 20
-0.21396699141100894
  0
LWPOLYLINE
  5
B8F
330
17
100
AcDbEntity
  8
A-WYMIARY
370
35
 48
0.05
100
AcDbPolyline
 90
2
 70
0
 10
-11.9
 20
9.526
 10
-12.1
 20
9.526
  0
LWPOLYLINE
  5
B90
330
17
100
AcDbEntity
  8
A-WYMIARY
370
35
 48
0.05
100
AcDbPolyline
 90
2
 70
0
 10
-11.946966991411008
 20
9.472966991411008
 10
-12.053033008588992
 20
9.579033008588992
  0
LWPOLYLINE
  5
B91
330
17
100
AcDbEntity
  8
A-WYMIARY
  6
KRESKOWA
370
35
 48
0.05
100
AcDbPolyline
 90
2
 70
128
 10
-12.1
 20
-0.2668000000000006
 10
-10.85
 20
-0.2668000000000006
  0
LWPOLYLINE
  5
B92
330
17
100
AcDbEntity
  8
A-WYMIARY
370
35
 48
0.05
100
AcDbPolyline
 90
2
 70
0
 10
-6.489999999999999
 20
-0.1
 10
-6.489999999999999
 20
2.87
  0
LWPOLYLINE
  5
B93
330
17
100
AcDbEntity
  8
A-WYMIARY
370
35
 48
0.05
100
AcDbPolyline
 90
2
 70
0
 10
-6.39
 20
0.0
 10
-6.589999999999999
 20
0.0
  0
LWPOLYLINE
  5
B94
330
17
100
AcDbEntity
  8
A-WYMIARY
370
35
 48
0.05
100
AcDbPolyline
 90
2
 70
0
 10
-6.436966991411008
 20
-0.05303300858899108
 10
-6.54303300858899
 20
0.05303300858899108
  0
LWPOLYLINE
  5
B95
330
17
100
AcDbEntity
  8
A-WYMIARY
370
35
 48
0.05
100
AcDbPolyline
 90
2
 70
0
 10
-6.39
 20
2.77
 10
-6.589999999999999
 20
2.77
  0
LWPOLYLINE
  5
B96
330
17
100
AcDbEntity
  8
A-WYMIARY
370
35
 48
0.05
100
AcDbPolyline
 90
2
 70
0
 10
-6.436966991411008
 20
2.716966991411009
 10
-6.54303300858899
 20
2.823033008588991
  0
LWPOLYLINE
  5
B97
330
17
100
AcDbEntity
  8
A-WYMIARY
370
35
 48
0.05
100
AcDbPolyline
 90
2
 70
0
 10
-7.611
 20
-0.1
 10
-7.611
 20
2.0
  0
LWPOLYLINE
  5
B98
330
17
100
AcDbEntity
  8
A-WYMIARY
370
35
 48
0.05
100
AcDbPolyline
 90
2
 70
0
 10
-7.511
 20
0.0
 10
-7.710999999999999
 20
0.0
  0
LWPOLYLINE
  5
B99
330
17
100
AcDbEntity
  8
A-WYMIARY
370
35
 48
0.05
100
AcDbPolyline
 90
2
 70
0
 10
-7.557966991411009
 20
-0.05303300858899108
 10
-7.664033008588991
 20
0.05303300858899108
  0
LWPOLYLINE
  5
B9A
330
17
100
AcDbEntity
  8
A-WYMIARY
370
35
 48
0.05
100
AcDbPolyline
 90
2
 70
0
 10
-7.511
 20
1.9
 10
-7.710999999999999
 20
1.9
  0
LWPOLYLINE
  5
B9B
330
17
100
AcDbEntity
  8
A-WYMIARY
370
35
 48
0.05
100
AcDbPolyline
 90
2
 70
0
 10
-7.557966991411009
 20
1.8469669914110087
 10
-7.664033008588991
 20
1.953033008588991
  0
LWPOLYLINE
  5
B9C
330
17
100
AcDbEntity
  8
A-WYMIARY
370
35
 48
0.05
100
AcDbPolyline
 90
2
 70
0
 10
-0.5543999999999998
 20
-0.1
 10
-0.5543999999999998
 20
2.87
  0
LWPOLYLINE
  5
B9D
330
17
100
AcDbEntity
  8
A-WYMIARY
370
35
 48
0.05
100
AcDbPolyline
 90
2
 70
0
 10
-0.4543999999999998
 20
0.0
 10
-0.6543999999999998
 20
0.0
  0
LWPOLYLINE
  5
B9E
330
17
100
AcDbEntity
  8
A-WYMIARY
370
35
 48
0.05
100
AcDbPolyline
 90
2
 70
0
 10
-0.5013669914110087
 20
-0.05303300858899108
 10
-0.6074330085889909
 20
0.05303300858899108
  0
LWPOLYLINE
  5
B9F
330
17
100
AcDbEntity
  8
A-WYMIARY
370
35
 48
0.05
100
AcDbPolyline
 90
2
 70
0
 10
-0.4543999999999998
 20
2.77
 10
-0.6543999999999998
 20
2.77
  0
LWPOLYLINE
  5
BA0
330
17
100
AcDbEntity
  8
A-WYMIARY
370
35
 48
0.05
100
AcDbPolyline
 90
2
 70
0
 10
-0.5013669914110087
 20
2.716966991411009
 10
-0.6074330085889909
 20
2.823033008588991
  0
LWPOLYLINE
  5
BA1
330
17
100
AcDbEntity
  8
A-WYMIARY
370
35
 48
0.05
100
AcDbPolyline
 90
2
 70
0
 10
-3.9904
 20
-0.1
 10
-3.9904
 20
2.87
  0
LWPOLYLINE
  5
BA2
330
17
100
AcDbEntity
  8
A-WYMIARY
370
35
 48
0.05
100
AcDbPolyline
 90
2
 70
0
 10
-3.8904
 20
0.0
 10
-4.0904
 20
0.0
  0
LWPOLYLINE
  5
BA3
330
17
100
AcDbEntity
  8
A-WYMIARY
370
35
 48
0.05
100
AcDbPolyline
 90
2
 70
0
 10
-3.937366991411009
 20
-0.05303300858899108
 10
-4.043433008588991
 20
0.05303300858899108
  0
LWPOLYLINE
  5
BA4
330
17
100
AcDbEntity
  8
A-WYMIARY
370
35
 48
0.05
100
AcDbPolyline
 90
2
 70
0
 10
-3.8904
 20
2.77
 10
-4.0904
 20
2.77
  0
LWPOLYLINE
  5
BA5
330
17
100
AcDbEntity
  8
A-WYMIARY
370
35
 48
0.05
100
AcDbPolyline
 90
2
 70
0
 10
-3.937366991411009
 20
2.716966991411009
 10
-4.043433008588991
 20
2.823033008588991
  0
LWPOLYLINE
  5
BA6
330
17
100
AcDbEntity
  8
A-WYMIARY
370
35
 48
0.05
100
AcDbPolyline
 90
2
 70
0
 10
-4.8766
 20
3.05
 10
-4.8766
 20
6.02
  0
LWPOLYLINE
  5
BA7
330
17
100
AcDbEntity
  8
A-WYMIARY
370
35
 48
0.05
100
AcDbPolyline
 90
2
 70
0
 10
-4.7766
 20
3.15
 10
-4.9765999999999995
 20
3.15
  0
LWPOLYLINE
  5
BA8
330
17
100
AcDbEntity
  8
A-WYMIARY
370
35
 48
0.05
100
AcDbPolyline
 90
2
 70
0
 10
-4.823566991411009
 20
3.096966991411009
 10
-4.929633008588991
 20
3.203033008588991
  0
LWPOLYLINE
  5
BA9
330
17
100
AcDbEntity
  8
A-WYMIARY
370
35
 48
0.05
100
AcDbPolyline
 90
2
 70
0
 10
-4.7766
 20
5.92
 10
-4.9765999999999995
 20
5.92
  0
LWPOLYLINE
  5
BAA
330
17
100
AcDbEntity
  8
A-WYMIARY
370
35
 48
0.05
100
AcDbPolyline
 90
2
 70
0
 10
-4.823566991411009
 20
5.866966991411009
 10
-4.929633008588991
 20
5.973033008588991
  0
LWPOLYLINE
  5
BAB
330
17
100
AcDbEntity
  8
A-WYMIARY
370
35
 48
0.05
100
AcDbPolyline
 90
2
 70
0
 10
-0.5333999999999999
 20
3.05
 10
-0.5333999999999999
 20
6.02
  0
LWPOLYLINE
  5
BAC
330
17
100
AcDbEntity
  8
A-WYMIARY
370
35
 48
0.05
100
AcDbPolyline
 90
2
 70
0
 10
-0.4333999999999999
 20
3.15
 10
-0.6333999999999999
 20
3.15
  0
LWPOLYLINE
  5
BAD
330
17
100
AcDbEntity
  8
A-WYMIARY
370
35
 48
0.05
100
AcDbPolyline
 90
2
 70
0
 10
-0.4803669914110088
 20
3.096966991411009
 10
-0.586433008588991
 20
3.203033008588991
  0
LWPOLYLINE
  5
BAE
330
17
100
AcDbEntity
  8
A-WYMIARY
370
35
 48
0.05
100
AcDbPolyline
 90
2
 70
0
 10
-0.4333999999999999
 20
5.92
 10
-0.6333999999999999
 20
5.92
  0
LWPOLYLINE
  5
BAF
330
17
100
AcDbEntity
  8
A-WYMIARY
370
35
 48
0.05
100
AcDbPolyline
 90
2
 70
0
 10
-0.4803669914110088
 20
5.866966991411009
 10
-0.586433008588991
 20
5.973033008588991
  0
LWPOLYLINE
  5
BB0
330
17
100
AcDbEntity
  8
A-WYMIARY
370
35
 48
0.05
100
AcDbPolyline
 90
2
 70
0
 10
-5.455
 20
3.05
 10
-5.455
 20
6.02
  0
LWPOLYLINE
  5
BB1
330
17
100
AcDbEntity
  8
A-WYMIARY
370
35
 48
0.05
100
AcDbPolyline
 90
2
 70
0
 10
-5.355
 20
3.15
 10
-5.555
 20
3.15
  0
LWPOLYLINE
  5
BB2
330
17
100
AcDbEntity
  8
A-WYMIARY
370
35
 48
0.05
100
AcDbPolyline
 90
2
 70
0
 10
-5.401966991411009
 20
3.096966991411009
 10
-5.508033008588991
 20
3.203033008588991
  0
LWPOLYLINE
  5
BB3
330
17
100
AcDbEntity
  8
A-WYMIARY
370
35
 48
0.05
100
AcDbPolyline
 90
2
 70
0
 10
-5.355
 20
5.92
 10
-5.555
 20
5.92
  0
LWPOLYLINE
  5
BB4
330
17
100
AcDbEntity
  8
A-WYMIARY
370
35
 48
0.05
100
AcDbPolyline
 90
2
 70
0
 10
-5.401966991411009
 20
5.866966991411009
 10
-5.508033008588991
 20
5.973033008588991
  0
LWPOLYLINE
  5
BB5
330
17
100
AcDbEntity
  8
A-WYMIARY
370
35
 48
0.05
100
AcDbPolyline
 90
2
 70
0
 10
-4.7416
 20
6.2
 10
-4.7416
 20
9.17
  0
LWPOLYLINE
  5
BB6
330
17
100
AcDbEntity
  8
A-WYMIARY
370
35
 48
0.05
100
AcDbPolyline
 90
2
 70
0
 10
-4.6416
 20
6.3
 10
-4.8416
 20
6.3
  0
LWPOLYLINE
  5
BB7
330
17
100
AcDbEntity
  8
A-WYMIARY
370
35
 48
0.05
100
AcDbPolyline
 90
2
 70
0
 10
-4.688566991411009
 20
6.246966991411009
 10
-4.794633008588991
 20
6.353033008588991
  0
LWPOLYLINE
  5
BB8
330
17
100
AcDbEntity
  8
A-WYMIARY
370
35
 48
0.05
100
AcDbPolyline
 90
2
 70
0
 10
-4.6416
 20
9.07
 10
-4.8416
 20
9.07
  0
LWPOLYLINE
  5
BB9
330
17
100
AcDbEntity
  8
A-WYMIARY
370
35
 48
0.05
100
AcDbPolyline
 90
2
 70
0
 10
-4.688566991411009
 20
9.016966991411008
 10
-4.794633008588991
 20
9.123033008588992
  0
LWPOLYLINE
  5
BBA
330
17
100
AcDbEntity
  8
A-WYMIARY
370
35
 48
0.05
100
AcDbPolyline
 90
2
 70
0
 10
-8.235199999999999
 20
6.2
 10
-8.235199999999999
 20
9.17
  0
LWPOLYLINE
  5
BBB
330
17
100
AcDbEntity
  8
A-WYMIARY
370
35
 48
0.05
100
AcDbPolyline
 90
2
 70
0
 10
-8.1352
 20
6.3
 10
-8.335199999999999
 20
6.3
  0
LWPOLYLINE
  5
BBC
330
17
100
AcDbEntity
  8
A-WYMIARY
370
35
 48
0.05
100
AcDbPolyline
 90
2
 70
0
 10
-8.182166991411007
 20
6.246966991411009
 10
-8.28823300858899
 20
6.353033008588991
  0
LWPOLYLINE
  5
BBD
330
17
100
AcDbEntity
  8
A-WYMIARY
370
35
 48
0.05
100
AcDbPolyline
 90
2
 70
0
 10
-8.1352
 20
9.07
 10
-8.335199999999999
 20
9.07
  0
LWPOLYLINE
  5
BBE
330
17
100
AcDbEntity
  8
A-WYMIARY
370
35
 48
0.05
100
AcDbPolyline
 90
2
 70
0
 10
-8.182166991411007
 20
9.016966991411008
 10
-8.28823300858899
 20
9.123033008588992
  0
LWPOLYLINE
  5
BBF
330
17
100
AcDbEntity
  8
A-WYMIARY
370
35
 48
0.05
100
AcDbPolyline
 90
2
 70
0
 10
-2.2565999999999997
 20
6.2
 10
-2.2565999999999997
 20
9.17
  0
LWPOLYLINE
  5
BC0
330
17
100
AcDbEntity
  8
A-WYMIARY
370
35
 48
0.05
100
AcDbPolyline
 90
2
 70
0
 10
-2.1565999999999996
 20
6.3
 10
-2.3566
 20
6.3
  0
LWPOLYLINE
  5
BC1
330
17
100
AcDbEntity
  8
A-WYMIARY
370
35
 48
0.05
100
AcDbPolyline
 90
2
 70
0
 10
-2.2035669914110088
 20
6.246966991411009
 10
-2.3096330085889907
 20
6.353033008588991
  0
LWPOLYLINE
  5
BC2
330
17
100
AcDbEntity
  8
A-WYMIARY
370
35
 48
0.05
100
AcDbPolyline
 90
2
 70
0
 10
-2.1565999999999996
 20
9.07
 10
-2.3566
 20
9.07
  0
LWPOLYLINE
  5
BC3
330
17
100
AcDbEntity
  8
A-WYMIARY
370
35
 48
0.05
100
AcDbPolyline
 90
2
 70
0
 10
-2.2035669914110088
 20
9.016966991411008
 10
-2.3096330085889907
 20
9.123033008588992
  0
HATCH
  5
BC4
330
17
100
AcDbEntity
  8
A-OPISY
 62
7
420
0
100
AcDbHatch
 10
0.0
 20
0.0
 30
0.0
210
0.0
220
0.0
230
1.0
  2
SOLID
 70
1
 71
0
 91
1
 92
3
 72
0
 73
1
 93
24
 10
-4.848680000000001
 20
2.775
 10
-4.849361483474219
 20
2.7801763809020503
 10
-4.8513594919243115
 20
2.7849999999999997
 10
-4.85453786437627
 20
2.789142135623731
 10
-4.8586800000000006
 20
2.7923205080756888
 10
-4.8635036190979495
 20
2.7943185165257813
 10
-4.86868
 20
2.795
 10
-4.87385638090205
 20
2.7943185165257813
 10
-4.87868
 20
2.7923205080756888
 10
-4.882822135623731
 20
2.789142135623731
 10
-4.886000508075689
 20
2.785
 10
-4.887998516525782
 20
2.7801763809020503
 10
-4.88868
 20
2.775
 10
-4.887998516525782
 20
2.7698236190979495
 10
-4.886000508075689
 20
2.765
 10
-4.882822135623731
 20
2.760857864376269
 10
-4.87868
 20
2.757679491924311
 10
-4.873856380902051
 20
2.7556814834742185
 10
-4.86868
 20
2.755
 10
-4.86350361909795
 20
2.7556814834742185
 10
-4.8586800000000006
 20
2.757679491924311
 10
-4.85453786437627
 20
2.760857864376269
 10
-4.8513594919243115
 20
2.7649999999999997
 10
-4.849361483474219
 20
2.7698236190979495
 97
0
 75
0
 76
1
 98
0
  0
HATCH
  5
BC5
330
17
100
AcDbEntity
  8
A-OPISY
 62
7
420
0
100
AcDbHatch
 10
0.0
 20
0.0
 30
0.0
210
0.0
220
0.0
230
1.0
  2
SOLID
 70
1
 71
0
 91
1
 92
3
 72
0
 73
1
 93
24
 10
-4.853680000000001
 20
3.1425
 10
-4.8541911126056645
 20
3.146382285676538
 10
-4.8556896189432335
 20
3.15
 10
-4.858073398282202
 20
3.1531066017177984
 10
-4.86118
 20
3.1554903810567665
 10
-4.864797714323463
 20
3.156988887394336
 10
-4.86868
 20
3.1575
 10
-4.872562285676538
 20
3.156988887394336
 10
-4.876180000000001
 20
3.1554903810567665
 10
-4.879286601717799
 20
3.1531066017177984
 10
-4.881670381056767
 20
3.15
 10
-4.883168887394336
 20
3.146382285676538
 10
-4.88368
 20
3.1425
 10
-4.883168887394336
 20
3.138617714323462
 10
-4.881670381056767
 20
3.1350000000000002
 10
-4.879286601717799
 20
3.1318933982822017
 10
-4.876180000000001
 20
3.1295096189432337
 10
-4.872562285676538
 20
3.1280111126056642
 10
-4.86868
 20
3.1275
 10
-4.864797714323463
 20
3.1280111126056642
 10
-4.86118
 20
3.1295096189432337
 10
-4.858073398282202
 20
3.1318933982822017
 10
-4.8556896189432335
 20
3.1350000000000002
 10
-4.8541911126056645
 20
3.138617714323462
 97
0
 75
0
 76
1
 98
0
  0
HATCH
  5
BC6
330
17
100
AcDbEntity
  8
A-OPISY
 62
7
420
0
100
AcDbHatch
 10
0.0
 20
0.0
 30
0.0
210
0.0
220
0.0
230
1.0
  2
SOLID
 70
1
 71
0
 91
1
 92
3
 72
0
 73
1
 93
24
 10
-4.853680000000001
 20
3.1025
 10
-4.8541911126056645
 20
3.106382285676538
 10
-4.8556896189432335
 20
3.11
 10
-4.858073398282202
 20
3.1131066017177984
 10
-4.86118
 20
3.1154903810567665
 10
-4.864797714323463
 20
3.116988887394336
 10
-4.86868
 20
3.1175
 10
-4.872562285676538
 20
3.116988887394336
 10
-4.876180000000001
 20
3.1154903810567665
 10
-4.879286601717799
 20
3.1131066017177984
 10
-4.881670381056767
 20
3.11
 10
-4.883168887394336
 20
3.106382285676538
 10
-4.88368
 20
3.1025
 10
-4.883168887394336
 20
3.098617714323462
 10
-4.881670381056767
 20
3.095
 10
-4.879286601717799
 20
3.0918933982822017
 10
-4.876180000000001
 20
3.0895096189432336
 10
-4.872562285676538
 20
3.088011112605664
 10
-4.86868
 20
3.0875
 10
-4.864797714323463
 20
3.088011112605664
 10
-4.86118
 20
3.0895096189432336
 10
-4.858073398282202
 20
3.0918933982822017
 10
-4.8556896189432335
 20
3.095
 10
-4.8541911126056645
 20
3.098617714323462
 97
0
 75
0
 76
1
 98
0
  0
HATCH
  5
BC7
330
17
100
AcDbEntity
  8
A-OPISY
 62
7
420
0
100
AcDbHatch
 10
0.0
 20
0.0
 30
0.0
210
0.0
220
0.0
230
1.0
  2
SOLID
 70
1
 71
0
 91
1
 92
3
 72
0
 73
1
 93
24
 10
-4.853680000000001
 20
3.05
 10
-4.8541911126056645
 20
3.0538822856765377
 10
-4.8556896189432335
 20
3.0574999999999997
 10
-4.858073398282202
 20
3.060606601717798
 10
-4.86118
 20
3.0629903810567662
 10
-4.864797714323463
 20
3.0644888873943357
 10
-4.86868
 20
3.065
 10
-4.872562285676538
 20
3.0644888873943357
 10
-4.876180000000001
 20
3.0629903810567662
 10
-4.879286601717799
 20
3.060606601717798
 10
-4.881670381056767
 20
3.0574999999999997
 10
-4.883168887394336
 20
3.0538822856765377
 10
-4.88368
 20
3.05
 10
-4.883168887394336
 20
3.046117714323462
 10
-4.881670381056767
 20
3.0425
 10
-4.879286601717799
 20
3.0393933982822015
 10
-4.876180000000001
 20
3.0370096189432334
 10
-4.872562285676538
 20
3.035511112605664
 10
-4.86868
 20
3.0349999999999997
 10
-4.864797714323463
 20
3.035511112605664
 10
-4.86118
 20
3.0370096189432334
 10
-4.858073398282202
 20
3.0393933982822015
 10
-4.8556896189432335
 20
3.0425
 10
-4.8541911126056645
 20
3.046117714323462
 97
0
 75
0
 76
1
 98
0
  0
HATCH
  5
BC8
330
17
100
AcDbEntity
  8
A-OPISY
 62
7
420
0
100
AcDbHatch
 10
0.0
 20
0.0
 30
0.0
210
0.0
220
0.0
230
1.0
  2
SOLID
 70
1
 71
0
 91
1
 92
3
 72
0
 73
1
 93
24
 10
-4.853680000000001
 20
3.0149999999999997
 10
-4.8541911126056645
 20
3.0188822856765376
 10
-4.8556896189432335
 20
3.0224999999999995
 10
-4.858073398282202
 20
3.025606601717798
 10
-4.86118
 20
3.027990381056766
 10
-4.864797714323463
 20
3.0294888873943355
 10
-4.86868
 20
3.03
 10
-4.872562285676538
 20
3.0294888873943355
 10
-4.876180000000001
 20
3.027990381056766
 10
-4.879286601717799
 20
3.025606601717798
 10
-4.881670381056767
 20
3.0224999999999995
 10
-4.883168887394336
 20
3.0188822856765376
 10
-4.88368
 20
3.0149999999999997
 10
-4.883168887394336
 20
3.0111177143234618
 10
-4.881670381056767
 20
3.0075
 10
-4.879286601717799
 20
3.0043933982822013
 10
-4.876180000000001
 20
3.0020096189432333
 10
-4.872562285676538
 20
3.000511112605664
 10
-4.86868
 20
2.9999999999999996
 10
-4.864797714323463
 20
3.000511112605664
 10
-4.86118
 20
3.0020096189432333
 10
-4.858073398282202
 20
3.0043933982822013
 10
-4.8556896189432335
 20
3.0075
 10
-4.8541911126056645
 20
3.0111177143234618
 97
0
 75
0
 76
1
 98
0
  0
HATCH
  5
BC9
330
17
100
AcDbEntity
  8
A-OPISY
 62
7
420
0
100
AcDbHatch
 10
0.0
 20
0.0
 30
0.0
210
0.0
220
0.0
230
1.0
  2
SOLID
 70
1
 71
0
 91
1
 92
3
 72
0
 73
1
 93
24
 10
-4.853680000000001
 20
2.8899999999999997
 10
-4.8541911126056645
 20
2.8938822856765376
 10
-4.8556896189432335
 20
2.8974999999999995
 10
-4.858073398282202
 20
2.900606601717798
 10
-4.86118
 20
2.902990381056766
 10
-4.864797714323463
 20
2.9044888873943355
 10
-4.86868
 20
2.905
 10
-4.872562285676538
 20
2.9044888873943355
 10
-4.876180000000001
 20
2.902990381056766
 10
-4.879286601717799
 20
2.900606601717798
 10
-4.881670381056767
 20
2.8974999999999995
 10
-4.883168887394336
 20
2.8938822856765376
 10
-4.88368
 20
2.8899999999999997
 10
-4.883168887394336
 20
2.8861177143234618
 10
-4.881670381056767
 20
2.8825
 10
-4.879286601717799
 20
2.8793933982822013
 10
-4.876180000000001
 20
2.8770096189432333
 10
-4.872562285676538
 20
2.875511112605664
 10
-4.86868
 20
2.8749999999999996
 10
-4.864797714323463
 20
2.875511112605664
 10
-4.86118
 20
2.8770096189432333
 10
-4.858073398282202
 20
2.8793933982822013
 10
-4.8556896189432335
 20
2.8825
 10
-4.8541911126056645
 20
2.8861177143234618
 97
0
 75
0
 76
1
 98
0
  0
HATCH
  5
BCA
330
17
100
AcDbEntity
  8
A-OPISY
 62
7
420
0
100
AcDbHatch
 10
0.0
 20
0.0
 30
0.0
210
0.0
220
0.0
230
1.0
  2
SOLID
 70
1
 71
0
 91
1
 92
3
 72
0
 73
1
 93
24
 10
-0.24099999999999921
 20
5.925
 10
-0.24168148347421786
 20
5.930176380902051
 10
-0.24367949192431046
 20
5.935
 10
-0.24685786437626828
 20
5.93914213562373
 10
-0.2509999999999992
 20
5.942320508075689
 10
-0.2558236190979488
 20
5.944318516525781
 10
-0.26099999999999923
 20
5.944999999999999
 10
-0.26617638090204965
 20
5.944318516525781
 10
-0.27099999999999924
 20
5.942320508075689
 10
-0.2751421356237302
 20
5.93914213562373
 10
-0.278320508075688
 20
5.935
 10
-0.2803185165257806
 20
5.930176380902051
 10
-0.28099999999999925
 20
5.925
 10
-0.2803185165257806
 20
5.91982361909795
 10
-0.27832050807568803
 20
5.915
 10
-0.2751421356237302
 20
5.910857864376269
 10
-0.27099999999999924
 20
5.907679491924311
 10
-0.26617638090204965
 20
5.905681483474218
 10
-0.26099999999999923
 20
5.905
 10
-0.2558236190979488
 20
5.905681483474218
 10
-0.2509999999999992
 20
5.907679491924311
 10
-0.24685786437626828
 20
5.910857864376269
 10
-0.24367949192431046
 20
5.915
 10
-0.24168148347421786
 20
5.919823619097949
 97
0
 75
0
 76
1
 98
0
  0
HATCH
  5
BCB
330
17
100
AcDbEntity
  8
A-OPISY
 62
7
420
0
100
AcDbHatch
 10
0.0
 20
0.0
 30
0.0
210
0.0
220
0.0
230
1.0
  2
SOLID
 70
1
 71
0
 91
1
 92
3
 72
0
 73
1
 93
24
 10
-0.24599999999999922
 20
6.2925
 10
-0.24651111260566322
 20
6.296382285676538
 10
-0.24800961894323265
 20
6.300000000000001
 10
-0.25039339828220103
 20
6.303106601717799
 10
-0.2534999999999992
 20
6.305490381056767
 10
-0.2571177143234614
 20
6.306988887394336
 10
-0.26099999999999923
 20
6.3075
 10
-0.26488228567653704
 20
6.306988887394336
 10
-0.26849999999999924
 20
6.305490381056767
 10
-0.27160660171779744
 20
6.303106601717799
 10
-0.2739903810567658
 20
6.300000000000001
 10
-0.27548888739433525
 20
6.296382285676538
 10
-0.27599999999999925
 20
6.2925
 10
-0.27548888739433525
 20
6.288617714323463
 10
-0.2739903810567658
 20
6.285
 10
-0.27160660171779744
 20
6.281893398282202
 10
-0.26849999999999924
 20
6.279509618943234
 10
-0.26488228567653704
 20
6.278011112605665
 10
-0.26099999999999923
 20
6.277500000000001
 10
-0.2571177143234614
 20
6.278011112605665
 10
-0.2534999999999992
 20
6.279509618943234
 10
-0.25039339828220103
 20
6.281893398282202
 10
-0.24800961894323265
 20
6.285
 10
-0.24651111260566322
 20
6.288617714323463
 97
0
 75
0
 76
1
 98
0
  0
HATCH
  5
BCC
330
17
100
AcDbEntity
  8
A-OPISY
 62
7
420
0
100
AcDbHatch
 10
0.0
 20
0.0
 30
0.0
210
0.0
220
0.0
230
1.0
  2
SOLID
 70
1
 71
0
 91
1
 92
3
 72
0
 73
1
 93
24
 10
-0.24599999999999922
 20
6.2524999999999995
 10
-0.24651111260566322
 20
6.256382285676537
 10
-0.24800961894323265
 20
6.26
 10
-0.25039339828220103
 20
6.263106601717798
 10
-0.2534999999999992
 20
6.265490381056766
 10
-0.2571177143234614
 20
6.266988887394335
 10
-0.26099999999999923
 20
6.267499999999999
 10
-0.26488228567653704
 20
6.266988887394335
 10
-0.26849999999999924
 20
6.265490381056766
 10
-0.27160660171779744
 20
6.263106601717798
 10
-0.2739903810567658
 20
6.26
 10
-0.27548888739433525
 20
6.256382285676537
 10
-0.27599999999999925
 20
6.2524999999999995
 10
-0.27548888739433525
 20
6.248617714323462
 10
-0.2739903810567658
 20
6.244999999999999
 10
-0.27160660171779744
 20
6.241893398282201
 10
-0.26849999999999924
 20
6.239509618943233
 10
-0.26488228567653704
 20
6.238011112605664
 10
-0.26099999999999923
 20
6.2375
 10
-0.2571177143234614
 20
6.238011112605664
 10
-0.2534999999999992
 20
6.239509618943233
 10
-0.25039339828220103
 20
6.241893398282201
 10
-0.24800961894323265
 20
6.244999999999999
 10
-0.24651111260566322
 20
6.248617714323462
 97
0
 75
0
 76
1
 98
0
  0
HATCH
  5
BCD
330
17
100
AcDbEntity
  8
A-OPISY
 62
7
420
0
100
AcDbHatch
 10
0.0
 20
0.0
 30
0.0
210
0.0
220
0.0
230
1.0
  2
SOLID
 70
1
 71
0
 91
1
 92
3
 72
0
 73
1
 93
24
 10
-0.24599999999999922
 20
6.199999999999999
 10
-0.24651111260566322
 20
6.203882285676537
 10
-0.24800961894323265
 20
6.2075
 10
-0.25039339828220103
 20
6.210606601717798
 10
-0.2534999999999992
 20
6.212990381056766
 10
-0.2571177143234614
 20
6.214488887394335
 10
-0.26099999999999923
 20
6.214999999999999
 10
-0.26488228567653704
 20
6.214488887394335
 10
-0.26849999999999924
 20
6.212990381056766
 10
-0.27160660171779744
 20
6.210606601717798
 10
-0.2739903810567658
 20
6.2075
 10
-0.27548888739433525
 20
6.203882285676537
 10
-0.27599999999999925
 20
6.199999999999999
 10
-0.27548888739433525
 20
6.196117714323462
 10
-0.2739903810567658
 20
6.192499999999999
 10
-0.27160660171779744
 20
6.189393398282201
 10
-0.26849999999999924
 20
6.187009618943232
 10
-0.26488228567653704
 20
6.185511112605663
 10
-0.26099999999999923
 20
6.185
 10
-0.2571177143234614
 20
6.185511112605663
 10
-0.2534999999999992
 20
6.187009618943232
 10
-0.25039339828220103
 20
6.189393398282201
 10
-0.24800961894323265
 20
6.192499999999999
 10
-0.24651111260566322
 20
6.196117714323462
 97
0
 75
0
 76
1
 98
0
  0
HATCH
  5
BCE
330
17
100
AcDbEntity
  8
A-OPISY
 62
7
420
0
100
AcDbHatch
 10
0.0
 20
0.0
 30
0.0
210
0.0
220
0.0
230
1.0
  2
SOLID
 70
1
 71
0
 91
1
 92
3
 72
0
 73
1
 93
24
 10
-0.24599999999999922
 20
6.164999999999999
 10
-0.24651111260566322
 20
6.168882285676537
 10
-0.24800961894323265
 20
6.172499999999999
 10
-0.25039339828220103
 20
6.1756066017177975
 10
-0.2534999999999992
 20
6.177990381056766
 10
-0.2571177143234614
 20
6.179488887394335
 10
-0.26099999999999923
 20
6.179999999999999
 10
-0.26488228567653704
 20
6.179488887394335
 10
-0.26849999999999924
 20
6.177990381056766
 10
-0.27160660171779744
 20
6.1756066017177975
 10
-0.2739903810567658
 20
6.172499999999999
 10
-0.27548888739433525
 20
6.168882285676537
 10
-0.27599999999999925
 20
6.164999999999999
 10
-0.27548888739433525
 20
6.161117714323462
 10
-0.2739903810567658
 20
6.157499999999999
 10
-0.27160660171779744
 20
6.154393398282201
 10
-0.26849999999999924
 20
6.152009618943232
 10
-0.26488228567653704
 20
6.150511112605663
 10
-0.26099999999999923
 20
6.1499999999999995
 10
-0.2571177143234614
 20
6.150511112605663
 10
-0.2534999999999992
 20
6.152009618943232
 10
-0.25039339828220103
 20
6.154393398282201
 10
-0.24800961894323265
 20
6.157499999999999
 10
-0.24651111260566322
 20
6.161117714323462
 97
0
 75
0
 76
1
 98
0
  0
HATCH
  5
BCF
330
17
100
AcDbEntity
  8
A-OPISY
 62
7
420
0
100
AcDbHatch
 10
0.0
 20
0.0
 30
0.0
210
0.0
220
0.0
230
1.0
  2
SOLID
 70
1
 71
0
 91
1
 92
3
 72
0
 73
1
 93
24
 10
-0.24599999999999922
 20
6.039999999999999
 10
-0.24651111260566322
 20
6.043882285676537
 10
-0.24800961894323265
 20
6.047499999999999
 10
-0.25039339828220103
 20
6.0506066017177975
 10
-0.2534999999999992
 20
6.052990381056766
 10
-0.2571177143234614
 20
6.054488887394335
 10
-0.26099999999999923
 20
6.054999999999999
 10
-0.26488228567653704
 20
6.054488887394335
 10
-0.26849999999999924
 20
6.052990381056766
 10
-0.27160660171779744
 20
6.0506066017177975
 10
-0.2739903810567658
 20
6.047499999999999
 10
-0.27548888739433525
 20
6.043882285676537
 10
-0.27599999999999925
 20
6.039999999999999
 10
-0.27548888739433525
 20
6.036117714323462
 10
-0.2739903810567658
 20
6.032499999999999
 10
-0.27160660171779744
 20
6.029393398282201
 10
-0.26849999999999924
 20
6.027009618943232
 10
-0.26488228567653704
 20
6.025511112605663
 10
-0.26099999999999923
 20
6.0249999999999995
 10
-0.2571177143234614
 20
6.025511112605663
 10
-0.2534999999999992
 20
6.027009618943232
 10
-0.25039339828220103
 20
6.029393398282201
 10
-0.24800961894323265
 20
6.032499999999999
 10
-0.24651111260566322
 20
6.036117714323462
 97
0
 75
0
 76
1
 98
0
  0
HATCH
  5
BD0
330
17
100
AcDbEntity
  8
A-OPISY
 62
7
420
0
100
AcDbHatch
 10
0.0
 20
0.0
 30
0.0
210
0.0
220
0.0
230
1.0
  2
SOLID
 70
1
 71
0
 91
1
 92
3
 72
0
 73
1
 93
24
 10
-5.330784615384616
 20
9.075
 10
-5.331466098858834
 20
9.08017638090205
 10
-5.333464107308926
 20
9.084999999999999
 10
-5.336642479760885
 20
9.08914213562373
 10
-5.3407846153846155
 20
9.092320508075687
 10
-5.345608234482564
 20
9.09431851652578
 10
-5.350784615384615
 20
9.094999999999999
 10
-5.355960996286665
 20
9.09431851652578
 10
-5.360784615384615
 20
9.092320508075687
 10
-5.364926751008346
 20
9.08914213562373
 10
-5.368105123460304
 20
9.084999999999999
 10
-5.370103131910397
 20
9.08017638090205
 10
-5.370784615384615
 20
9.075
 10
-5.370103131910397
 20
9.06982361909795
 10
-5.368105123460304
 20
9.065
 10
-5.364926751008346
 20
9.060857864376269
 10
-5.360784615384615
 20
9.057679491924311
 10
-5.355960996286666
 20
9.055681483474219
 10
-5.350784615384615
 20
9.055
 10
-5.345608234482565
 20
9.055681483474219
 10
-5.3407846153846155
 20
9.057679491924311
 10
-5.336642479760885
 20
9.060857864376269
 10
-5.333464107308926
 20
9.065
 10
-5.331466098858834
 20
9.06982361909795
 97
0
 75
0
 76
1
 98
0
  0
HATCH
  5
BD1
330
17
100
AcDbEntity
  8
A-OPISY
 62
7
420
0
100
AcDbHatch
 10
0.0
 20
0.0
 30
0.0
210
0.0
220
0.0
230
1.0
  2
SOLID
 70
1
 71
0
 91
1
 92
3
 72
0
 73
1
 93
24
 10
-5.335784615384616
 20
9.525000000000002
 10
-5.336295727990279
 20
9.52888228567654
 10
-5.337794234327848
 20
9.532500000000002
 10
-5.340178013666817
 20
9.5356066017178
 10
-5.343284615384615
 20
9.537990381056769
 10
-5.346902329708078
 20
9.539488887394338
 10
-5.350784615384615
 20
9.540000000000003
 10
-5.354666901061153
 20
9.539488887394338
 10
-5.3582846153846155
 20
9.537990381056769
 10
-5.361391217102414
 20
9.5356066017178
 10
-5.363774996441382
 20
9.532500000000002
 10
-5.365273502778951
 20
9.52888228567654
 10
-5.365784615384615
 20
9.525000000000002
 10
-5.365273502778951
 20
9.521117714323465
 10
-5.363774996441382
 20
9.517500000000002
 10
-5.361391217102414
 20
9.514393398282204
 10
-5.3582846153846155
 20
9.512009618943235
 10
-5.354666901061153
 20
9.510511112605666
 10
-5.350784615384615
 20
9.510000000000002
 10
-5.346902329708078
 20
9.510511112605666
 10
-5.343284615384615
 20
9.512009618943235
 10
-5.340178013666817
 20
9.514393398282204
 10
-5.337794234327848
 20
9.517500000000002
 10
-5.336295727990279
 20
9.521117714323465
 97
0
 75
0
 76
1
 98
0
  0
HATCH
  5
BD2
330
17
100
AcDbEntity
  8
A-OPISY
 62
7
420
0
100
AcDbHatch
 10
0.0
 20
0.0
 30
0.0
210
0.0
220
0.0
230
1.0
  2
SOLID
 70
1
 71
0
 91
1
 92
3
 72
0
 73
1
 93
24
 10
-5.335784615384616
 20
9.414000000000001
 10
-5.336295727990279
 20
9.417882285676539
 10
-5.337794234327848
 20
9.421500000000002
 10
-5.340178013666817
 20
9.4246066017178
 10
-5.343284615384615
 20
9.426990381056768
 10
-5.346902329708078
 20
9.428488887394337
 10
-5.350784615384615
 20
9.429000000000002
 10
-5.354666901061153
 20
9.428488887394337
 10
-5.3582846153846155
 20
9.426990381056768
 10
-5.361391217102414
 20
9.4246066017178
 10
-5.363774996441382
 20
9.421500000000002
 10
-5.365273502778951
 20
9.417882285676539
 10
-5.365784615384615
 20
9.414000000000001
 10
-5.365273502778951
 20
9.410117714323464
 10
-5.363774996441382
 20
9.406500000000001
 10
-5.361391217102414
 20
9.403393398282203
 10
-5.3582846153846155
 20
9.401009618943235
 10
-5.354666901061153
 20
9.399511112605666
 10
-5.350784615384615
 20
9.399000000000001
 10
-5.346902329708078
 20
9.399511112605666
 10
-5.343284615384615
 20
9.401009618943235
 10
-5.340178013666817
 20
9.403393398282203
 10
-5.337794234327848
 20
9.406500000000001
 10
-5.336295727990279
 20
9.410117714323464
 97
0
 75
0
 76
1
 98
0
  0
HATCH
  5
BD3
330
17
100
AcDbEntity
  8
A-OPISY
 62
7
420
0
100
AcDbHatch
 10
0.0
 20
0.0
 30
0.0
210
0.0
220
0.0
230
1.0
  2
SOLID
 70
1
 71
0
 91
1
 92
3
 72
0
 73
1
 93
24
 10
-5.335784615384616
 20
9.302
 10
-5.336295727990279
 20
9.305882285676537
 10
-5.337794234327848
 20
9.3095
 10
-5.340178013666817
 20
9.312606601717798
 10
-5.343284615384615
 20
9.314990381056766
 10
-5.346902329708078
 20
9.316488887394335
 10
-5.350784615384615
 20
9.317
 10
-5.354666901061153
 20
9.316488887394335
 10
-5.3582846153846155
 20
9.314990381056766
 10
-5.361391217102414
 20
9.312606601717798
 10
-5.363774996441382
 20
9.3095
 10
-5.365273502778951
 20
9.305882285676537
 10
-5.365784615384615
 20
9.302
 10
-5.365273502778951
 20
9.298117714323462
 10
-5.363774996441382
 20
9.2945
 10
-5.361391217102414
 20
9.291393398282201
 10
-5.3582846153846155
 20
9.289009618943233
 10
-5.354666901061153
 20
9.287511112605664
 10
-5.350784615384615
 20
9.286999999999999
 10
-5.346902329708078
 20
9.287511112605664
 10
-5.343284615384615
 20
9.289009618943233
 10
-5.340178013666817
 20
9.291393398282201
 10
-5.337794234327848
 20
9.2945
 10
-5.336295727990279
 20
9.298117714323462
 97
0
 75
0
 76
1
 98
0
  0
HATCH
  5
BD4
330
17
100
AcDbEntity
  8
A-OPISY
 62
7
420
0
100
AcDbHatch
 10
0.0
 20
0.0
 30
0.0
210
0.0
220
0.0
230
1.0
  2
SOLID
 70
1
 71
0
 91
1
 92
3
 72
0
 73
1
 93
24
 10
-5.335784615384616
 20
9.190000000000001
 10
-5.336295727990279
 20
9.193882285676539
 10
-5.337794234327848
 20
9.197500000000002
 10
-5.340178013666817
 20
9.2006066017178
 10
-5.343284615384615
 20
9.202990381056768
 10
-5.346902329708078
 20
9.204488887394337
 10
-5.350784615384615
 20
9.205000000000002
 10
-5.354666901061153
 20
9.204488887394337
 10
-5.3582846153846155
 20
9.202990381056768
 10
-5.361391217102414
 20
9.2006066017178
 10
-5.363774996441382
 20
9.197500000000002
 10
-5.365273502778951
 20
9.193882285676539
 10
-5.365784615384615
 20
9.190000000000001
 10
-5.365273502778951
 20
9.186117714323464
 10
-5.363774996441382
 20
9.182500000000001
 10
-5.361391217102414
 20
9.179393398282203
 10
-5.3582846153846155
 20
9.177009618943234
 10
-5.354666901061153
 20
9.175511112605665
 10
-5.350784615384615
 20
9.175
 10
-5.346902329708078
 20
9.175511112605665
 10
-5.343284615384615
 20
9.177009618943234
 10
-5.340178013666817
 20
9.179393398282203
 10
-5.337794234327848
 20
9.182500000000001
 10
-5.336295727990279
 20
9.186117714323464
 97
0
 75
0
 76
1
 98
0
  0
HATCH
  5
BD5
330
17
100
AcDbEntity
  8
A-OPISY
 62
7
420
0
100
AcDbHatch
 10
0.0
 20
0.0
 30
0.0
210
0.0
220
0.0
230
1.0
  2
SOLID
 70
1
 71
0
 91
1
 92
3
 72
0
 73
1
 93
24
 10
0.732
 20
2.7424999999999997
 10
0.7313185165257814
 20
2.74767638090205
 10
0.7293205080756887
 20
2.7524999999999995
 10
0.7261421356237309
 20
2.7566421356237307
 10
0.722
 20
2.7598205080756886
 10
0.7171763809020504
 20
2.761818516525781
 10
0.712
 20
2.7624999999999997
 10
0.7068236190979496
 20
2.761818516525781
 10
0.702
 20
2.7598205080756886
 10
0.6978578643762691
 20
2.7566421356237307
 10
0.6946794919243112
 20
2.7524999999999995
 10
0.6926814834742187
 20
2.74767638090205
 10
0.692
 20
2.7424999999999997
 10
0.6926814834742185
 20
2.7373236190979493
 10
0.6946794919243112
 20
2.7325
 10
0.697857864376269
 20
2.7283578643762687
 10
0.702
 20
2.725179491924311
 10
0.7068236190979496
 20
2.7231814834742183
 10
0.712
 20
2.7224999999999997
 10
0.7171763809020504
 20
2.7231814834742183
 10
0.722
 20
2.725179491924311
 10
0.7261421356237309
 20
2.7283578643762687
 10
0.7293205080756887
 20
2.7324999999999995
 10
0.7313185165257813
 20
2.7373236190979493
 97
0
 75
0
 76
1
 98
0
  0
HATCH
  5
BD6
330
17
100
AcDbEntity
  8
A-OPISY
 62
7
420
0
100
AcDbHatch
 10
0.0
 20
0.0
 30
0.0
210
0.0
220
0.0
230
1.0
  2
SOLID
 70
1
 71
0
 91
1
 92
3
 72
0
 73
1
 93
24
 10
0.727
 20
3.0509999999999997
 10
0.726488887394336
 20
3.0548822856765376
 10
0.7249903810567665
 20
3.0584999999999996
 10
0.7226066017177982
 20
3.061606601717798
 10
0.7194999999999999
 20
3.063990381056766
 10
0.7158822856765378
 20
3.0654888873943356
 10
0.712
 20
3.066
 10
0.7081177143234622
 20
3.0654888873943356
 10
0.7045
 20
3.063990381056766
 10
0.7013933982822017
 20
3.061606601717798
 10
0.6990096189432334
 20
3.0584999999999996
 10
0.6975111126056639
 20
3.0548822856765376
 10
0.697
 20
3.0509999999999997
 10
0.6975111126056639
 20
3.047117714323462
 10
0.6990096189432334
 20
3.0435
 10
0.7013933982822017
 20
3.0403933982822013
 10
0.7044999999999999
 20
3.0380096189432333
 10
0.7081177143234622
 20
3.036511112605664
 10
0.712
 20
3.0359999999999996
 10
0.7158822856765378
 20
3.036511112605664
 10
0.7194999999999999
 20
3.0380096189432333
 10
0.7226066017177982
 20
3.0403933982822013
 10
0.7249903810567665
 20
3.0435
 10
0.726488887394336
 20
3.047117714323462
 97
0
 75
0
 76
1
 98
0
  0
HATCH
  5
BD7
330
17
100
AcDbEntity
  8
A-OPISY
 62
7
420
0
100
AcDbHatch
 10
0.0
 20
0.0
 30
0.0
210
0.0
220
0.0
230
1.0
  2
SOLID
 70
1
 71
0
 91
1
 92
3
 72
0
 73
1
 93
24
 10
0.727
 20
2.9
 10
0.726488887394336
 20
2.903882285676538
 10
0.7249903810567665
 20
2.9074999999999998
 10
0.7226066017177982
 20
2.9106066017177983
 10
0.7194999999999999
 20
2.9129903810567663
 10
0.7158822856765378
 20
2.9144888873943358
 10
0.712
 20
2.915
 10
0.7081177143234622
 20
2.9144888873943358
 10
0.7045
 20
2.9129903810567663
 10
0.7013933982822017
 20
2.9106066017177983
 10
0.6990096189432334
 20
2.9074999999999998
 10
0.6975111126056639
 20
2.903882285676538
 10
0.697
 20
2.9
 10
0.6975111126056639
 20
2.896117714323462
 10
0.6990096189432334
 20
2.8925
 10
0.7013933982822017
 20
2.8893933982822015
 10
0.7044999999999999
 20
2.8870096189432335
 10
0.7081177143234622
 20
2.885511112605664
 10
0.712
 20
2.885
 10
0.7158822856765378
 20
2.885511112605664
 10
0.7194999999999999
 20
2.8870096189432335
 10
0.7226066017177982
 20
2.8893933982822015
 10
0.7249903810567665
 20
2.8925
 10
0.726488887394336
 20
2.896117714323462
 97
0
 75
0
 76
1
 98
0
  0
HATCH
  5
BD8
330
17
100
AcDbEntity
  8
A-OPISY
 62
7
420
0
100
AcDbHatch
 10
0.0
 20
0.0
 30
0.0
210
0.0
220
0.0
230
1.0
  2
SOLID
 70
1
 71
0
 91
1
 92
3
 72
0
 73
1
 93
24
 10
-9.025
 20
1.4175
 10
-9.02568148347422
 20
1.4226763809020504
 10
-9.027679491924312
 20
1.4275
 10
-9.03085786437627
 20
1.431642135623731
 10
-9.035
 20
1.4348205080756888
 10
-9.03982361909795
 20
1.4368185165257814
 10
-9.045
 20
1.4375
 10
-9.05017638090205
 20
1.4368185165257814
 10
-9.055
 20
1.4348205080756888
 10
-9.05914213562373
 20
1.431642135623731
 10
-9.062320508075688
 20
1.4275
 10
-9.06431851652578
 20
1.4226763809020504
 10
-9.065
 20
1.4175
 10
-9.06431851652578
 20
1.4123236190979496
 10
-9.062320508075688
 20
1.4075
 10
-9.05914213562373
 20
1.403357864376269
 10
-9.055
 20
1.4001794919243111
 10
-9.05017638090205
 20
1.3981814834742186
 10
-9.045
 20
1.3975
 10
-9.03982361909795
 20
1.3981814834742186
 10
-9.035
 20
1.4001794919243111
 10
-9.03085786437627
 20
1.403357864376269
 10
-9.027679491924312
 20
1.4075
 10
-9.02568148347422
 20
1.4123236190979496
 97
0
 75
0
 76
1
 98
0
  0
HATCH
  5
BD9
330
17
100
AcDbEntity
  8
A-OPISY
 62
7
420
0
100
AcDbHatch
 10
0.0
 20
0.0
 30
0.0
210
0.0
220
0.0
230
1.0
  2
SOLID
 70
1
 71
0
 91
1
 92
3
 72
0
 73
1
 93
24
 10
-9.03
 20
1.4175
 10
-9.030511112605664
 20
1.421382285676538
 10
-9.032009618943233
 20
1.425
 10
-9.034393398282202
 20
1.4281066017177981
 10
-9.0375
 20
1.4304903810567666
 10
-9.041117714323462
 20
1.431988887394336
 10
-9.045
 20
1.4324999999999999
 10
-9.048882285676537
 20
1.431988887394336
 10
-9.0525
 20
1.4304903810567666
 10
-9.055606601717798
 20
1.4281066017177981
 10
-9.057990381056767
 20
1.425
 10
-9.059488887394336
 20
1.421382285676538
 10
-9.06
 20
1.4175
 10
-9.059488887394336
 20
1.4136177143234623
 10
-9.057990381056767
 20
1.41
 10
-9.055606601717798
 20
1.4068933982822018
 10
-9.0525
 20
1.4045096189432333
 10
-9.048882285676537
 20
1.403011112605664
 10
-9.045
 20
1.4025
 10
-9.041117714323462
 20
1.403011112605664
 10
-9.0375
 20
1.4045096189432333
 10
-9.034393398282202
 20
1.4068933982822018
 10
-9.032009618943233
 20
1.41
 10
-9.030511112605664
 20
1.413617714323462
 97
0
 75
0
 76
1
 98
0
  0
HATCH
  5
BDA
330
17
100
AcDbEntity
  8
A-OPISY
 62
7
420
0
100
AcDbHatch
 10
0.0
 20
0.0
 30
0.0
210
0.0
220
0.0
230
1.0
  2
SOLID
 70
1
 71
0
 91
1
 92
3
 72
0
 73
1
 93
24
 10
-8.924999999999999
 20
1.4175
 10
-8.925511112605664
 20
1.421382285676538
 10
-8.927009618943233
 20
1.425
 10
-8.929393398282201
 20
1.4281066017177981
 10
-8.9325
 20
1.4304903810567666
 10
-8.936117714323462
 20
1.431988887394336
 10
-8.94
 20
1.4324999999999999
 10
-8.943882285676537
 20
1.431988887394336
 10
-8.9475
 20
1.4304903810567666
 10
-8.950606601717798
 20
1.4281066017177981
 10
-8.952990381056766
 20
1.425
 10
-8.954488887394335
 20
1.421382285676538
 10
-8.955
 20
1.4175
 10
-8.954488887394335
 20
1.4136177143234623
 10
-8.952990381056766
 20
1.41
 10
-8.950606601717798
 20
1.4068933982822018
 10
-8.9475
 20
1.4045096189432333
 10
-8.943882285676537
 20
1.403011112605664
 10
-8.94
 20
1.4025
 10
-8.936117714323462
 20
1.403011112605664
 10
-8.9325
 20
1.4045096189432333
 10
-8.929393398282201
 20
1.4068933982822018
 10
-8.927009618943233
 20
1.41
 10
-8.925511112605664
 20
1.413617714323462
 97
0
 75
0
 76
1
 98
0
  0
HATCH
  5
BDB
330
17
100
AcDbEntity
  8
A-OPISY
 62
7
420
0
100
AcDbHatch
 10
0.0
 20
0.0
 30
0.0
210
0.0
220
0.0
230
1.0
  2
SOLID
 70
1
 71
0
 91
1
 92
3
 72
0
 73
1
 93
24
 10
-8.735
 20
1.4175
 10
-8.735511112605664
 20
1.421382285676538
 10
-8.737009618943233
 20
1.425
 10
-8.739393398282202
 20
1.4281066017177981
 10
-8.7425
 20
1.4304903810567666
 10
-8.746117714323463
 20
1.431988887394336
 10
-8.75
 20
1.4324999999999999
 10
-8.753882285676537
 20
1.431988887394336
 10
-8.7575
 20
1.4304903810567666
 10
-8.760606601717798
 20
1.4281066017177981
 10
-8.762990381056767
 20
1.425
 10
-8.764488887394336
 20
1.421382285676538
 10
-8.765
 20
1.4175
 10
-8.764488887394336
 20
1.4136177143234623
 10
-8.762990381056767
 20
1.41
 10
-8.760606601717798
 20
1.4068933982822018
 10
-8.7575
 20
1.4045096189432333
 10
-8.753882285676537
 20
1.403011112605664
 10
-8.75
 20
1.4025
 10
-8.746117714323463
 20
1.403011112605664
 10
-8.7425
 20
1.4045096189432333
 10
-8.739393398282202
 20
1.4068933982822018
 10
-8.737009618943233
 20
1.41
 10
-8.735511112605664
 20
1.413617714323462
 97
0
 75
0
 76
1
 98
0
  0
HATCH
  5
BDC
330
17
100
AcDbEntity
  8
A-OPISY
 62
7
420
0
100
AcDbHatch
 10
0.0
 20
0.0
 30
0.0
210
0.0
220
0.0
230
1.0
  2
SOLID
 70
1
 71
0
 91
1
 92
3
 72
0
 73
1
 93
24
 10
-8.6375
 20
1.4175
 10
-8.638011112605664
 20
1.421382285676538
 10
-8.639509618943233
 20
1.425
 10
-8.641893398282201
 20
1.4281066017177981
 10
-8.645
 20
1.4304903810567666
 10
-8.648617714323462
 20
1.431988887394336
 10
-8.6525
 20
1.4324999999999999
 10
-8.656382285676537
 20
1.431988887394336
 10
-8.66
 20
1.4304903810567666
 10
-8.663106601717798
 20
1.4281066017177981
 10
-8.665490381056767
 20
1.425
 10
-8.666988887394336
 20
1.421382285676538
 10
-8.6675
 20
1.4175
 10
-8.666988887394336
 20
1.4136177143234623
 10
-8.665490381056767
 20
1.41
 10
-8.663106601717798
 20
1.4068933982822018
 10
-8.66
 20
1.4045096189432333
 10
-8.656382285676537
 20
1.403011112605664
 10
-8.6525
 20
1.4025
 10
-8.648617714323462
 20
1.403011112605664
 10
-8.645
 20
1.4045096189432333
 10
-8.641893398282201
 20
1.4068933982822018
 10
-8.639509618943233
 20
1.41
 10
-8.638011112605664
 20
1.413617714323462
 97
0
 75
0
 76
1
 98
0
  0
LWPOLYLINE
  5
BDD
330
17
100
AcDbEntity
  8
A-OPISY
370
35
 48
0.05
100
AcDbPolyline
 90
2
 70
0
 10
-4.86868
 20
2.775
 10
-4.86868
 20
3.65
  0
LWPOLYLINE
  5
BDE
330
17
100
AcDbEntity
  8
A-OPISY
370
35
 48
0.05
100
AcDbPolyline
 90
2
 70
0
 10
-4.86868
 20
3.65
 10
-4.86868
 20
4.91
  0
LWPOLYLINE
  5
BDF
330
17
100
AcDbEntity
  8
A-OPISY
370
35
 48
0.05
100
AcDbPolyline
 90
2
 70
0
 10
-4.86868
 20
4.91
 10
-0.17365161026572817
 20
4.91
  0
LWPOLYLINE
  5
BE0
330
17
100
AcDbEntity
  8
A-OPISY
370
35
 48
0.05
100
AcDbPolyline
 90
2
 70
0
 10
-4.86868
 20
4.73
 10
-0.17365161026572817
 20
4.73
  0
LWPOLYLINE
  5
BE1
330
17
100
AcDbEntity
  8
A-OPISY
370
35
 48
0.05
100
AcDbPolyline
 90
2
 70
0
 10
-4.86868
 20
4.55
 10
-0.17365161026572817
 20
4.55
  0
LWPOLYLINE
  5
BE2
330
17
100
AcDbEntity
  8
A-OPISY
370
35
 48
0.05
100
AcDbPolyline
 90
2
 70
0
 10
-4.86868
 20
4.37
 10
-0.17365161026572817
 20
4.37
  0
LWPOLYLINE
  5
BE3
330
17
100
AcDbEntity
  8
A-OPISY
370
35
 48
0.05
100
AcDbPolyline
 90
2
 70
0
 10
-4.86868
 20
4.19
 10
-0.17365161026572817
 20
4.19
  0
LWPOLYLINE
  5
BE4
330
17
100
AcDbEntity
  8
A-OPISY
370
35
 48
0.05
100
AcDbPolyline
 90
2
 70
0
 10
-4.86868
 20
4.01
 10
-0.17365161026572817
 20
4.01
  0
LWPOLYLINE
  5
BE5
330
17
100
AcDbEntity
  8
A-OPISY
370
35
 48
0.05
100
AcDbPolyline
 90
2
 70
0
 10
-4.86868
 20
3.83
 10
-0.17365161026572817
 20
3.83
  0
LWPOLYLINE
  5
BE6
330
17
100
AcDbEntity
  8
A-OPISY
370
35
 48
0.05
100
AcDbPolyline
 90
2
 70
0
 10
-0.26099999999999923
 20
5.925
 10
-0.26099999999999923
 20
6.6
  0
LWPOLYLINE
  5
BE7
330
17
100
AcDbEntity
  8
A-OPISY
370
35
 48
0.05
100
AcDbPolyline
 90
2
 70
0
 10
-0.26099999999999923
 20
6.6
 10
-0.26099999999999923
 20
7.859999999999999
  0
LWPOLYLINE
  5
BE8
330
17
100
AcDbEntity
  8
A-OPISY
370
35
 48
0.05
100
AcDbPolyline
 90
2
 70
0
 10
-0.26099999999999923
 20
7.859999999999999
 10
-4.956028389734271
 20
7.859999999999999
  0
LWPOLYLINE
  5
BE9
330
17
100
AcDbEntity
  8
A-OPISY
370
35
 48
0.05
100
AcDbPolyline
 90
2
 70
0
 10
-0.26099999999999923
 20
7.68
 10
-4.956028389734271
 20
7.68
  0
LWPOLYLINE
  5
BEA
330
17
100
AcDbEntity
  8
A-OPISY
370
35
 48
0.05
100
AcDbPolyline
 90
2
 70
0
 10
-0.26099999999999923
 20
7.499999999999999
 10
-4.956028389734271
 20
7.499999999999999
  0
LWPOLYLINE
  5
BEB
330
17
100
AcDbEntity
  8
A-OPISY
370
35
 48
0.05
100
AcDbPolyline
 90
2
 70
0
 10
-0.26099999999999923
 20
7.319999999999999
 10
-4.956028389734271
 20
7.319999999999999
  0
LWPOLYLINE
  5
BEC
330
17
100
AcDbEntity
  8
A-OPISY
370
35
 48
0.05
100
AcDbPolyline
 90
2
 70
0
 10
-0.26099999999999923
 20
7.14
 10
-4.956028389734271
 20
7.14
  0
LWPOLYLINE
  5
BED
330
17
100
AcDbEntity
  8
A-OPISY
370
35
 48
0.05
100
AcDbPolyline
 90
2
 70
0
 10
-0.26099999999999923
 20
6.959999999999999
 10
-4.956028389734271
 20
6.959999999999999
  0
LWPOLYLINE
  5
BEE
330
17
100
AcDbEntity
  8
A-OPISY
370
35
 48
0.05
100
AcDbPolyline
 90
2
 70
0
 10
-0.26099999999999923
 20
6.779999999999999
 10
-4.956028389734271
 20
6.779999999999999
  0
LWPOLYLINE
  5
BEF
330
17
100
AcDbEntity
  8
A-OPISY
370
35
 48
0.05
100
AcDbPolyline
 90
2
 70
0
 10
-5.350784615384615
 20
9.075
 10
-5.350784615384615
 20
10.726000000000003
  0
LWPOLYLINE
  5
BF0
330
17
100
AcDbEntity
  8
A-OPISY
370
35
 48
0.05
100
AcDbPolyline
 90
2
 70
0
 10
-5.350784615384615
 20
10.726000000000003
 10
-5.350784615384615
 20
11.626000000000003
  0
LWPOLYLINE
  5
BF1
330
17
100
AcDbEntity
  8
A-OPISY
370
35
 48
0.05
100
AcDbPolyline
 90
2
 70
0
 10
-5.350784615384615
 20
11.626000000000003
 10
-11.053882503188385
 20
11.626000000000003
  0
LWPOLYLINE
  5
BF2
330
17
100
AcDbEntity
  8
A-OPISY
370
35
 48
0.05
100
AcDbPolyline
 90
2
 70
0
 10
-5.350784615384615
 20
11.446000000000003
 10
-11.053882503188385
 20
11.446000000000003
  0
LWPOLYLINE
  5
BF3
330
17
100
AcDbEntity
  8
A-OPISY
370
35
 48
0.05
100
AcDbPolyline
 90
2
 70
0
 10
-5.350784615384615
 20
11.266000000000004
 10
-11.053882503188385
 20
11.266000000000004
  0
LWPOLYLINE
  5
BF4
330
17
100
AcDbEntity
  8
A-OPISY
370
35
 48
0.05
100
AcDbPolyline
 90
2
 70
0
 10
-5.350784615384615
 20
11.086000000000002
 10
-11.053882503188385
 20
11.086000000000002
  0
LWPOLYLINE
  5
BF5
330
17
100
AcDbEntity
  8
A-OPISY
370
35
 48
0.05
100
AcDbPolyline
 90
2
 70
0
 10
-5.350784615384615
 20
10.906000000000002
 10
-11.053882503188385
 20
10.906000000000002
  0
LWPOLYLINE
  5
BF6
330
17
100
AcDbEntity
  8
A-OPISY
370
35
 48
0.05
100
AcDbPolyline
 90
2
 70
0
 10
0.712
 20
2.7424999999999997
 10
0.712
 20
4.252
  0
LWPOLYLINE
  5
BF7
330
17
100
AcDbEntity
  8
A-OPISY
370
35
 48
0.05
100
AcDbPolyline
 90
2
 70
0
 10
0.712
 20
4.252
 10
0.712
 20
4.792
  0
LWPOLYLINE
  5
BF8
330
17
100
AcDbEntity
  8
A-OPISY
370
35
 48
0.05
100
AcDbPolyline
 90
2
 70
0
 10
0.712
 20
4.792
 10
6.415097887803769
 20
4.792
  0
LWPOLYLINE
  5
BF9
330
17
100
AcDbEntity
  8
A-OPISY
370
35
 48
0.05
100
AcDbPolyline
 90
2
 70
0
 10
0.712
 20
4.612
 10
6.415097887803769
 20
4.612
  0
LWPOLYLINE
  5
BFA
330
17
100
AcDbEntity
  8
A-OPISY
370
35
 48
0.05
100
AcDbPolyline
 90
2
 70
0
 10
0.712
 20
4.4319999999999995
 10
6.415097887803769
 20
4.4319999999999995
  0
LWPOLYLINE
  5
BFB
330
17
100
AcDbEntity
  8
A-OPISY
370
35
 48
0.05
100
AcDbPolyline
 90
2
 70
0
 10
-9.045
 20
1.4175
 10
-6.344999999999999
 20
1.4175
  0
LWPOLYLINE
  5
BFC
330
17
100
AcDbEntity
  8
A-OPISY
370
35
 48
0.05
100
AcDbPolyline
 90
2
 70
0
 10
-6.344999999999999
 20
1.4175
 10
-6.344999999999999
 20
2.1375
  0
LWPOLYLINE
  5
BFD
330
17
100
AcDbEntity
  8
A-OPISY
370
35
 48
0.05
100
AcDbPolyline
 90
2
 70
0
 10
-6.344999999999999
 20
2.1375
 10
-0.9270894844424244
 20
2.1375
  0
LWPOLYLINE
  5
BFE
330
17
100
AcDbEntity
  8
A-OPISY
370
35
 48
0.05
100
AcDbPolyline
 90
2
 70
0
 10
-6.344999999999999
 20
1.9575000000000002
 10
-0.9270894844424244
 20
1.9575000000000002
  0
LWPOLYLINE
  5
BFF
330
17
100
AcDbEntity
  8
A-OPISY
370
35
 48
0.05
100
AcDbPolyline
 90
2
 70
0
 10
-6.344999999999999
 20
1.7775
 10
-0.9270894844424244
 20
1.7775
  0
LWPOLYLINE
  5
C00
330
17
100
AcDbEntity
  8
A-OPISY
370
35
 48
0.05
100
AcDbPolyline
 90
2
 70
0
 10
-6.344999999999999
 20
1.5975000000000001
 10
-0.9270894844424244
 20
1.5975000000000001
  0
HATCH
  5
C01
330
17
100
AcDbEntity
  8
A-POMIESZCZENIA
 62
7
420
16777215
100
AcDbHatch
 10
0.0
 20
0.0
 30
0.0
210
0.0
220
0.0
230
1.0
  2
SOLID
 70
1
 71
0
 91
1
 92
3
 72
0
 73
1
 93
4
 10
-6.819297070179423
 20
2.0775
 10
-6.405702929820577
 20
2.0775
 10
-6.405702929820577
 20
2.2775
 10
-6.819297070179423
 20
2.2775
 97
0
 75
0
 76
1
 98
0
  0
LWPOLYLINE
  5
C02
330
17
100
AcDbEntity
  8
A-POMIESZCZENIA
370
35
 48
0.05
100
AcDbPolyline
 90
2
 70
0
 10
-6.789297070179423
 20
2.0875
 10
-6.435702929820577
 20
2.0875
  0
HATCH
  5
C03
330
17
100
AcDbEntity
  8
A-POMIESZCZENIA
 62
7
420
16777215
100
AcDbHatch
 10
0.0
 20
0.0
 30
0.0
210
0.0
220
0.0
230
1.0
  2
SOLID
 70
1
 71
0
 91
1
 92
3
 72
0
 73
1
 93
4
 10
-8.264297070179422
 20
0.8424999999999999
 10
-7.850702929820576
 20
0.8424999999999999
 10
-7.850702929820576
 20
1.0425
 10
-8.264297070179422
 20
1.0425
 97
0
 75
0
 76
1
 98
0
  0
LWPOLYLINE
  5
C04
330
17
100
AcDbEntity
  8
A-POMIESZCZENIA
370
35
 48
0.05
100
AcDbPolyline
 90
2
 70
0
 10
-8.234297070179423
 20
0.8524999999999999
 10
-7.880702929820576
 20
0.8524999999999999
  0
HATCH
  5
C05
330
17
100
AcDbEntity
  8
A-POMIESZCZENIA
 62
7
420
16777215
100
AcDbHatch
 10
0.0
 20
0.0
 30
0.0
210
0.0
220
0.0
230
1.0
  2
SOLID
 70
1
 71
0
 91
1
 92
3
 72
0
 73
1
 93
4
 10
-2.746047070179423
 20
1.0025
 10
-2.332452929820577
 20
1.0025
 10
-2.332452929820577
 20
1.2025
 10
-2.746047070179423
 20
1.2025
 97
0
 75
0
 76
1
 98
0
  0
LWPOLYLINE
  5
C06
330
17
100
AcDbEntity
  8
A-POMIESZCZENIA
370
35
 48
0.05
100
AcDbPolyline
 90
2
 70
0
 10
-2.7160470701794233
 20
1.0125
 10
-2.3624529298205768
 20
1.0125
  0
HATCH
  5
C07
330
17
100
AcDbEntity
  8
A-POMIESZCZENIA
 62
7
420
16777215
100
AcDbHatch
 10
0.0
 20
0.0
 30
0.0
210
0.0
220
0.0
230
1.0
  2
SOLID
 70
1
 71
0
 91
1
 92
3
 72
0
 73
1
 93
4
 10
-3.634929650238474
 20
0.7524999999999998
 10
-1.4435703497615262
 20
0.7524999999999998
 10
-1.4435703497615262
 20
0.9524999999999999
 10
-3.634929650238474
 20
0.9524999999999999
 97
0
 75
0
 76
1
 98
0
  0
LWPOLYLINE
  5
C08
330
17
100
AcDbEntity
  8
A-POMIESZCZENIA
370
35
 48
0.05
100
AcDbPolyline
 90
2
 70
0
 10
-3.604929650238474
 20
0.7624999999999998
 10
-1.4735703497615262
 20
0.7624999999999998
  0
HATCH
  5
C09
330
17
100
AcDbEntity
  8
A-POMIESZCZENIA
 62
7
420
16777215
100
AcDbHatch
 10
0.0
 20
0.0
 30
0.0
210
0.0
220
0.0
230
1.0
  2
SOLID
 70
1
 71
0
 91
1
 92
3
 72
0
 73
1
 93
4
 10
-4.641797070179423
 20
1.2775
 10
-4.2282029298205765
 20
1.2775
 10
-4.2282029298205765
 20
1.4775
 10
-4.641797070179423
 20
1.4775
 97
0
 75
0
 76
1
 98
0
  0
LWPOLYLINE
  5
C0A
330
17
100
AcDbEntity
  8
A-POMIESZCZENIA
370
35
 48
0.05
100
AcDbPolyline
 90
2
 70
0
 10
-4.611797070179422
 20
1.2875
 10
-4.258202929820577
 20
1.2875
  0
HATCH
  5
C0B
330
17
100
AcDbEntity
  8
A-POMIESZCZENIA
 62
7
420
16777215
100
AcDbHatch
 10
0.0
 20
0.0
 30
0.0
210
0.0
220
0.0
230
1.0
  2
SOLID
 70
1
 71
0
 91
1
 92
3
 72
0
 73
1
 93
4
 10
-4.6292970701794225
 20
5.2275
 10
-4.215702929820576
 20
5.2275
 10
-4.215702929820576
 20
5.4275
 10
-4.6292970701794225
 20
5.4275
 97
0
 75
0
 76
1
 98
0
  0
LWPOLYLINE
  5
C0C
330
17
100
AcDbEntity
  8
A-POMIESZCZENIA
370
35
 48
0.05
100
AcDbPolyline
 90
2
 70
0
 10
-4.599297070179422
 20
5.2375
 10
-4.245702929820577
 20
5.2375
  0
HATCH
  5
C0D
330
17
100
AcDbEntity
  8
A-POMIESZCZENIA
 62
7
420
16777215
100
AcDbHatch
 10
0.0
 20
0.0
 30
0.0
210
0.0
220
0.0
230
1.0
  2
SOLID
 70
1
 71
0
 91
1
 92
3
 72
0
 73
1
 93
4
 10
-2.0967970701794227
 20
5.2275
 10
-1.6832029298205768
 20
5.2275
 10
-1.6832029298205768
 20
5.4275
 10
-2.0967970701794227
 20
5.4275
 97
0
 75
0
 76
1
 98
0
  0
LWPOLYLINE
  5
C0E
330
17
100
AcDbEntity
  8
A-POMIESZCZENIA
370
35
 48
0.05
100
AcDbPolyline
 90
2
 70
0
 10
-2.066797070179423
 20
5.2375
 10
-1.7132029298205769
 20
5.2375
  0
HATCH
  5
C0F
330
17
100
AcDbEntity
  8
A-POMIESZCZENIA
 62
7
420
16777215
100
AcDbHatch
 10
0.0
 20
0.0
 30
0.0
210
0.0
220
0.0
230
1.0
  2
SOLID
 70
1
 71
0
 91
1
 92
3
 72
0
 73
1
 93
4
 10
-6.4955470701794225
 20
5.2275
 10
-6.081952929820576
 20
5.2275
 10
-6.081952929820576
 20
5.4275
 10
-6.4955470701794225
 20
5.4275
 97
0
 75
0
 76
1
 98
0
  0
LWPOLYLINE
  5
C10
330
17
100
AcDbEntity
  8
A-POMIESZCZENIA
370
35
 48
0.05
100
AcDbPolyline
 90
2
 70
0
 10
-6.465547070179422
 20
5.2375
 10
-6.111952929820577
 20
5.2375
  0
HATCH
  5
C11
330
17
100
AcDbEntity
  8
A-POMIESZCZENIA
 62
7
420
16777215
100
AcDbHatch
 10
0.0
 20
0.0
 30
0.0
210
0.0
220
0.0
230
1.0
  2
SOLID
 70
1
 71
0
 91
1
 92
3
 72
0
 73
1
 93
4
 10
-3.718797070179423
 20
8.5025
 10
-3.305202929820577
 20
8.5025
 10
-3.305202929820577
 20
8.702499999999999
 10
-3.718797070179423
 20
8.702499999999999
 97
0
 75
0
 76
1
 98
0
  0
LWPOLYLINE
  5
C12
330
17
100
AcDbEntity
  8
A-POMIESZCZENIA
370
35
 48
0.05
100
AcDbPolyline
 90
2
 70
0
 10
-3.6887970701794233
 20
8.5125
 10
-3.3352029298205768
 20
8.5125
  0
HATCH
  5
C13
330
17
100
AcDbEntity
  8
A-POMIESZCZENIA
 62
7
420
16777215
100
AcDbHatch
 10
0.0
 20
0.0
 30
0.0
210
0.0
220
0.0
230
1.0
  2
SOLID
 70
1
 71
0
 91
1
 92
3
 72
0
 73
1
 93
4
 10
-3.6783133091074265
 20
8.2525
 10
-3.3456866908925735
 20
8.2525
 10
-3.3456866908925735
 20
8.452499999999999
 10
-3.6783133091074265
 20
8.452499999999999
 97
0
 75
0
 76
1
 98
0
  0
LWPOLYLINE
  5
C14
330
17
100
AcDbEntity
  8
A-POMIESZCZENIA
370
35
 48
0.05
100
AcDbPolyline
 90
2
 70
0
 10
-3.6483133091074267
 20
8.2625
 10
-3.3756866908925733
 20
8.2625
  0
HATCH
  5
C15
330
17
100
AcDbEntity
  8
A-POMIESZCZENIA
 62
7
420
16777215
100
AcDbHatch
 10
0.0
 20
0.0
 30
0.0
210
0.0
220
0.0
230
1.0
  2
SOLID
 70
1
 71
0
 91
1
 92
3
 72
0
 73
1
 93
4
 10
-7.144297070179423
 20
7.5775
 10
-6.730702929820577
 20
7.5775
 10
-6.730702929820577
 20
7.7775
 10
-7.144297070179423
 20
7.7775
 97
0
 75
0
 76
1
 98
0
  0
LWPOLYLINE
  5
C16
330
17
100
AcDbEntity
  8
A-POMIESZCZENIA
370
35
 48
0.05
100
AcDbPolyline
 90
2
 70
0
 10
-7.114297070179423
 20
7.5874999999999995
 10
-6.760702929820577
 20
7.5874999999999995
  0
HATCH
  5
C17
330
17
100
AcDbEntity
  8
A-POMIESZCZENIA
 62
7
420
16777215
100
AcDbHatch
 10
0.0
 20
0.0
 30
0.0
210
0.0
220
0.0
230
1.0
  2
SOLID
 70
1
 71
0
 91
1
 92
3
 72
0
 73
1
 93
4
 10
-1.534297070179423
 20
8.3775
 10
-1.1207029298205768
 20
8.3775
 10
-1.1207029298205768
 20
8.577499999999999
 10
-1.534297070179423
 20
8.577499999999999
 97
0
 75
0
 76
1
 98
0
  0
LWPOLYLINE
  5
C18
330
17
100
AcDbEntity
  8
A-POMIESZCZENIA
370
35
 48
0.05
100
AcDbPolyline
 90
2
 70
0
 10
-1.504297070179423
 20
8.3875
 10
-1.1507029298205769
 20
8.3875
  0
HATCH
  5
C19
330
17
100
AcDbEntity
  8
A-MASKA
 62
7
420
16777215
100
AcDbHatch
 10
0.0
 20
0.0
 30
0.0
210
0.0
220
0.0
230
1.0
  2
SOLID
 70
1
 71
0
 91
1
 92
3
 72
0
 73
1
 93
4
 10
3.7199999999999998
 20
-0.6924999999999999
 10
4.3207540313422665
 20
-0.6924999999999999
 10
4.3207540313422665
 20
-0.4999999999999999
 10
3.7199999999999998
 20
-0.4999999999999999
 97
0
 75
0
 76
1
 98
0
  0
TEXT
  5
C1A
330
17
100
AcDbEntity
  8
A-RZEDNE
100
AcDbText
 10
3.7399999999999998
 20
-0.6449999999999999
 30
0.0
 40
0.125
  1
−0,850
  7
PL_ARIAL
 11
3.7399999999999998
 21
-0.6449999999999999
 31
0.0
100
AcDbText
  0
HATCH
  5
C1B
330
17
100
AcDbEntity
  8
A-MASKA
 62
7
420
16777215
100
AcDbHatch
 10
0.0
 20
0.0
 30
0.0
210
0.0
220
0.0
230
1.0
  2
SOLID
 70
1
 71
0
 91
1
 92
3
 72
0
 73
1
 93
4
 10
3.7199999999999998
 20
-0.15309720000001095
 10
4.307268907563025
 20
-0.15309720000001095
 10
4.307268907563025
 20
0.03940279999998905
 10
3.7199999999999998
 20
0.03940279999998905
 97
0
 75
0
 76
1
 98
0
  0
TEXT
  5
C1C
330
17
100
AcDbEntity
  8
A-RZEDNE
100
AcDbText
 10
3.7399999999999998
 20
-0.10559720000001094
 30
0.0
 40
0.125
  1
−0,311
  7
PL_ARIAL
 11
3.7399999999999998
 21
-0.10559720000001094
 31
0.0
100
AcDbText
  0
HATCH
  5
C1D
330
17
100
AcDbEntity
  8
A-MASKA
 62
7
420
16777215
100
AcDbHatch
 10
0.0
 20
0.0
 30
0.0
210
0.0
220
0.0
230
1.0
  2
SOLID
 70
1
 71
0
 91
1
 92
3
 72
0
 73
1
 93
4
 10
4.505754031342267
 20
0.3225
 10
5.100120372473314
 20
0.3225
 10
5.100120372473314
 20
0.515
 10
4.505754031342267
 20
0.515
 97
0
 75
0
 76
1
 98
0
  0
TEXT
  5
C1E
330
17
100
AcDbEntity
  8
A-RZEDNE
100
AcDbText
 10
4.525754031342267
 20
0.37
 30
0.0
 40
0.125
  1
±0,000
  7
PL_ARIAL
 11
4.525754031342267
 21
0.37
 31
0.0
100
AcDbText
  0
HATCH
  5
C1F
330
17
100
AcDbEntity
  8
A-MASKA
 62
7
420
16777215
100
AcDbHatch
 10
0.0
 20
0.0
 30
0.0
210
0.0
220
0.0
230
1.0
  2
SOLID
 70
1
 71
0
 91
1
 92
3
 72
0
 73
1
 93
4
 10
4.505754031342267
 20
0.11750000000000005
 10
5.202465364524188
 20
0.11750000000000005
 10
5.202465364524188
 20
0.31000000000000005
 10
4.505754031342267
 20
0.31000000000000005
 97
0
 75
0
 76
1
 98
0
  0
TEXT
  5
C20
330
17
100
AcDbEntity
  8
A-RZEDNE
100
AcDbText
 10
4.525754031342267
 20
0.16500000000000004
 30
0.0
 40
0.125
  1
101,650
  7
PL_ARIAL
 11
4.525754031342267
 21
0.16500000000000004
 31
0.0
100
AcDbText
  0
HATCH
  5
C21
330
17
100
AcDbEntity
  8
A-MASKA
 62
7
420
16777215
100
AcDbHatch
 10
0.0
 20
0.0
 30
0.0
210
0.0
220
0.0
230
1.0
  2
SOLID
 70
1
 71
0
 91
1
 92
3
 72
0
 73
1
 93
4
 10
3.7199999999999998
 20
3.1575
 10
4.3207540313422665
 20
3.1575
 10
4.3207540313422665
 20
3.35
 10
3.7199999999999998
 20
3.35
 97
0
 75
0
 76
1
 98
0
  0
TEXT
  5
C22
330
17
100
AcDbEntity
  8
A-RZEDNE
100
AcDbText
 10
3.7399999999999998
 20
3.205
 30
0.0
 40
0.125
  1
+3,000
  7
PL_ARIAL
 11
3.7399999999999998
 21
3.205
 31
0.0
100
AcDbText
  0
HATCH
  5
C23
330
17
100
AcDbEntity
  8
A-MASKA
 62
7
420
16777215
100
AcDbHatch
 10
0.0
 20
0.0
 30
0.0
210
0.0
220
0.0
230
1.0
  2
SOLID
 70
1
 71
0
 91
1
 92
3
 72
0
 73
1
 93
4
 10
4.505754031342267
 20
3.2075
 10
5.106508062684533
 20
3.2075
 10
5.106508062684533
 20
3.4
 10
4.505754031342267
 20
3.4
 97
0
 75
0
 76
1
 98
0
  0
TEXT
  5
C24
330
17
100
AcDbEntity
  8
A-RZEDNE
100
AcDbText
 10
4.525754031342267
 20
3.255
 30
0.0
 40
0.125
  1
+3,050
  7
PL_ARIAL
 11
4.525754031342267
 21
3.255
 31
0.0
100
AcDbText
  0
HATCH
  5
C25
330
17
100
AcDbEntity
  8
A-MASKA
 62
7
420
16777215
100
AcDbHatch
 10
0.0
 20
0.0
 30
0.0
210
0.0
220
0.0
230
1.0
  2
SOLID
 70
1
 71
0
 91
1
 92
3
 72
0
 73
1
 93
4
 10
5.291508062684533
 20
3.3075
 10
5.892262094026799
 20
3.3075
 10
5.892262094026799
 20
3.5
 10
5.291508062684533
 20
3.5
 97
0
 75
0
 76
1
 98
0
  0
TEXT
  5
C26
330
17
100
AcDbEntity
  8
A-RZEDNE
100
AcDbText
 10
5.311508062684533
 20
3.355
 30
0.0
 40
0.125
  1
+3,150
  7
PL_ARIAL
 11
5.311508062684533
 21
3.355
 31
0.0
100
AcDbText
  0
HATCH
  5
C27
330
17
100
AcDbEntity
  8
A-MASKA
 62
7
420
16777215
100
AcDbHatch
 10
0.0
 20
0.0
 30
0.0
210
0.0
220
0.0
230
1.0
  2
SOLID
 70
1
 71
0
 91
1
 92
3
 72
0
 73
1
 93
4
 10
3.7199999999999998
 20
4.007499999999999
 10
4.3207540313422665
 20
4.007499999999999
 10
4.3207540313422665
 20
4.199999999999999
 10
3.7199999999999998
 20
4.199999999999999
 97
0
 75
0
 76
1
 98
0
  0
TEXT
  5
C28
330
17
100
AcDbEntity
  8
A-RZEDNE
100
AcDbText
 10
3.7399999999999998
 20
4.055
 30
0.0
 40
0.125
  1
+3,850
  7
PL_ARIAL
 11
3.7399999999999998
 21
4.055
 31
0.0
100
AcDbText
  0
HATCH
  5
C29
330
17
100
AcDbEntity
  8
A-MASKA
 62
7
420
16777215
100
AcDbHatch
 10
0.0
 20
0.0
 30
0.0
210
0.0
220
0.0
230
1.0
  2
SOLID
 70
1
 71
0
 91
1
 92
3
 72
0
 73
1
 93
4
 10
3.7199999999999998
 20
5.7075
 10
4.3207540313422665
 20
5.7075
 10
4.3207540313422665
 20
5.8999999999999995
 10
3.7199999999999998
 20
5.8999999999999995
 97
0
 75
0
 76
1
 98
0
  0
TEXT
  5
C2A
330
17
100
AcDbEntity
  8
A-RZEDNE
100
AcDbText
 10
3.7399999999999998
 20
5.755
 30
0.0
 40
0.125
  1
+5,550
  7
PL_ARIAL
 11
3.7399999999999998
 21
5.755
 31
0.0
100
AcDbText
  0
HATCH
  5
C2B
330
17
100
AcDbEntity
  8
A-MASKA
 62
7
420
16777215
100
AcDbHatch
 10
0.0
 20
0.0
 30
0.0
210
0.0
220
0.0
230
1.0
  2
SOLID
 70
1
 71
0
 91
1
 92
3
 72
0
 73
1
 93
4
 10
3.7199999999999998
 20
6.307499999999999
 10
4.3207540313422665
 20
6.307499999999999
 10
4.3207540313422665
 20
6.499999999999999
 10
3.7199999999999998
 20
6.499999999999999
 97
0
 75
0
 76
1
 98
0
  0
TEXT
  5
C2C
330
17
100
AcDbEntity
  8
A-RZEDNE
100
AcDbText
 10
3.7399999999999998
 20
6.3549999999999995
 30
0.0
 40
0.125
  1
+6,150
  7
PL_ARIAL
 11
3.7399999999999998
 21
6.3549999999999995
 31
0.0
100
AcDbText
  0
HATCH
  5
C2D
330
17
100
AcDbEntity
  8
A-MASKA
 62
7
420
16777215
100
AcDbHatch
 10
0.0
 20
0.0
 30
0.0
210
0.0
220
0.0
230
1.0
  2
SOLID
 70
1
 71
0
 91
1
 92
3
 72
0
 73
1
 93
4
 10
4.505754031342267
 20
6.4075
 10
5.106508062684533
 20
6.4075
 10
5.106508062684533
 20
6.6
 10
4.505754031342267
 20
6.6
 97
0
 75
0
 76
1
 98
0
  0
TEXT
  5
C2E
330
17
100
AcDbEntity
  8
A-RZEDNE
100
AcDbText
 10
4.525754031342267
 20
6.455
 30
0.0
 40
0.125
  1
+6,250
  7
PL_ARIAL
 11
4.525754031342267
 21
6.455
 31
0.0
100
AcDbText
  0
HATCH
  5
C2F
330
17
100
AcDbEntity
  8
A-MASKA
 62
7
420
16777215
100
AcDbHatch
 10
0.0
 20
0.0
 30
0.0
210
0.0
220
0.0
230
1.0
  2
SOLID
 70
1
 71
0
 91
1
 92
3
 72
0
 73
1
 93
4
 10
5.291508062684533
 20
6.4575
 10
5.892262094026799
 20
6.4575
 10
5.892262094026799
 20
6.6499999999999995
 10
5.291508062684533
 20
6.6499999999999995
 97
0
 75
0
 76
1
 98
0
  0
TEXT
  5
C30
330
17
100
AcDbEntity
  8
A-RZEDNE
100
AcDbText
 10
5.311508062684533
 20
6.505
 30
0.0
 40
0.125
  1
+6,300
  7
PL_ARIAL
 11
5.311508062684533
 21
6.505
 31
0.0
100
AcDbText
  0
HATCH
  5
C31
330
17
100
AcDbEntity
  8
A-MASKA
 62
7
420
16777215
100
AcDbHatch
 10
0.0
 20
0.0
 30
0.0
210
0.0
220
0.0
230
1.0
  2
SOLID
 70
1
 71
0
 91
1
 92
3
 72
0
 73
1
 93
4
 10
3.7199999999999998
 20
9.457500000000001
 10
4.3207540313422665
 20
9.457500000000001
 10
4.3207540313422665
 20
9.65
 10
3.7199999999999998
 20
9.65
 97
0
 75
0
 76
1
 98
0
  0
TEXT
  5
C32
330
17
100
AcDbEntity
  8
A-RZEDNE
100
AcDbText
 10
3.7399999999999998
 20
9.505
 30
0.0
 40
0.125
  1
+9,300
  7
PL_ARIAL
 11
3.7399999999999998
 21
9.505
 31
0.0
100
AcDbText
  0
HATCH
  5
C33
330
17
100
AcDbEntity
  8
A-MASKA
 62
7
420
16777215
100
AcDbHatch
 10
0.0
 20
0.0
 30
0.0
210
0.0
220
0.0
230
1.0
  2
SOLID
 70
1
 71
0
 91
1
 92
3
 72
0
 73
1
 93
4
 10
4.505754031342267
 20
9.557500000000001
 10
5.106508062684533
 20
9.557500000000001
 10
5.106508062684533
 20
9.75
 10
4.505754031342267
 20
9.75
 97
0
 75
0
 76
1
 98
0
  0
TEXT
  5
C34
330
17
100
AcDbEntity
  8
A-RZEDNE
100
AcDbText
 10
4.525754031342267
 20
9.605
 30
0.0
 40
0.125
  1
+9,400
  7
PL_ARIAL
 11
4.525754031342267
 21
9.605
 31
0.0
100
AcDbText
  0
HATCH
  5
C35
330
17
100
AcDbEntity
  8
A-MASKA
 62
7
420
16777215
100
AcDbHatch
 10
0.0
 20
0.0
 30
0.0
210
0.0
220
0.0
230
1.0
  2
SOLID
 70
1
 71
0
 91
1
 92
3
 72
0
 73
1
 93
4
 10
5.291508062684533
 20
9.683500000000002
 10
5.892262094026799
 20
9.683500000000002
 10
5.892262094026799
 20
9.876000000000001
 10
5.291508062684533
 20
9.876000000000001
 97
0
 75
0
 76
1
 98
0
  0
TEXT
  5
C36
330
17
100
AcDbEntity
  8
A-RZEDNE
100
AcDbText
 10
5.311508062684533
 20
9.731000000000002
 30
0.0
 40
0.125
  1
+9,526
  7
PL_ARIAL
 11
5.311508062684533
 21
9.731000000000002
 31
0.0
100
AcDbText
  0
HATCH
  5
C37
330
17
100
AcDbEntity
  8
A-MASKA
 62
7
420
16777215
100
AcDbHatch
 10
0.0
 20
0.0
 30
0.0
210
0.0
220
0.0
230
1.0
  2
SOLID
 70
1
 71
0
 91
1
 92
3
 72
0
 73
1
 93
4
 10
3.7199999999999998
 20
9.9075
 10
4.3207540313422665
 20
9.9075
 10
4.3207540313422665
 20
10.1
 10
3.7199999999999998
 20
10.1
 97
0
 75
0
 76
1
 98
0
  0
TEXT
  5
C38
330
17
100
AcDbEntity
  8
A-RZEDNE
100
AcDbText
 10
3.7399999999999998
 20
9.955
 30
0.0
 40
0.125
  1
+9,750
  7
PL_ARIAL
 11
3.7399999999999998
 21
9.955
 31
0.0
100
AcDbText
  0
HATCH
  5
C39
330
17
100
AcDbEntity
  8
A-MASKA
 62
7
420
16777215
100
AcDbHatch
 10
0.0
 20
0.0
 30
0.0
210
0.0
220
0.0
230
1.0
  2
SOLID
 70
1
 71
0
 91
1
 92
3
 72
0
 73
1
 93
4
 10
6.077262094026801
 20
9.933500000000002
 10
6.678016125369067
 20
9.933500000000002
 10
6.678016125369067
 20
10.126000000000001
 10
6.077262094026801
 20
10.126000000000001
 97
0
 75
0
 76
1
 98
0
  0
TEXT
  5
C3A
330
17
100
AcDbEntity
  8
A-RZEDNE
100
AcDbText
 10
6.0972620940268
 20
9.981000000000002
 30
0.0
 40
0.125
  1
+9,776
  7
PL_ARIAL
 11
6.0972620940268
 21
9.981000000000002
 31
0.0
100
AcDbText
  0
TEXT
  5
C3B
330
17
100
AcDbEntity
  8
A-WYMIARY
100
AcDbText
 10
-11.0
 20
0.07150000000000001
 30
0.0
 40
0.125
  1
22
 50
90.0
  7
PL_ARIAL
 11
-11.0
 21
0.07150000000000001
 31
0.0
100
AcDbText
  0
TEXT
  5
C3C
330
17
100
AcDbEntity
  8
A-WYMIARY
100
AcDbText
 10
-11.0625
 20
0.28107812854871683
 30
0.0
 40
0.09000000000000001
  1
9
 50
90.0
  7
PL_ARIAL
 11
-11.0625
 21
0.28107812854871683
 31
0.0
100
AcDbText
  0
TEXT
  5
C3D
330
17
100
AcDbEntity
  8
A-WYMIARY
100
AcDbText
 10
-11.0
 20
1.2384414035884623
 30
0.0
 40
0.125
  1
278
 50
90.0
  7
PL_ARIAL
 11
-11.0
 21
1.2384414035884623
 31
0.0
100
AcDbText
  0
TEXT
  5
C3E
330
17
100
AcDbEntity
  8
A-WYMIARY
100
AcDbText
 10
-11.0
 20
2.8639609357256415
 30
0.0
 40
0.125
  1
37
 50
90.0
  7
PL_ARIAL
 11
-11.0
 21
2.8639609357256415
 31
0.0
100
AcDbText
  0
TEXT
  5
C3F
330
17
100
AcDbEntity
  8
A-WYMIARY
100
AcDbText
 10
-11.0
 20
4.3884414035884625
 30
0.0
 40
0.125
  1
278
 50
90.0
  7
PL_ARIAL
 11
-11.0
 21
4.3884414035884625
 31
0.0
100
AcDbText
  0
TEXT
  5
C40
330
17
100
AcDbEntity
  8
A-WYMIARY
100
AcDbText
 10
-11.0
 20
6.013960935725642
 30
0.0
 40
0.125
  1
37
 50
90.0
  7
PL_ARIAL
 11
-11.0
 21
6.013960935725642
 31
0.0
100
AcDbText
  0
TEXT
  5
C41
330
17
100
AcDbEntity
  8
A-WYMIARY
100
AcDbText
 10
-11.0
 20
6.648960935725642
 30
0.0
 40
0.125
  1
90
 50
90.0
  7
PL_ARIAL
 11
-11.0
 21
6.648960935725642
 31
0.0
100
AcDbText
  0
TEXT
  5
C42
330
17
100
AcDbEntity
  8
A-WYMIARY
100
AcDbText
 10
-11.0
 20
7.798441403588462
 30
0.0
 40
0.125
  1
150
 50
90.0
  7
PL_ARIAL
 11
-11.0
 21
7.798441403588462
 31
0.0
100
AcDbText
  0
TEXT
  5
C43
330
17
100
AcDbEntity
  8
A-WYMIARY
100
AcDbText
 10
-11.0
 20
8.788960935725642
 30
0.0
 40
0.125
  1
38
 50
90.0
  7
PL_ARIAL
 11
-11.0
 21
8.788960935725642
 31
0.0
100
AcDbText
  0
TEXT
  5
C44
330
17
100
AcDbEntity
  8
A-WYMIARY
100
AcDbText
 10
-11.0
 20
9.161836872586873
 30
0.0
 40
0.125
  1
44
 50
90.0
  7
PL_ARIAL
 11
-11.0
 21
9.161836872586873
 31
0.0
100
AcDbText
  0
TEXT
  5
C45
330
17
100
AcDbEntity
  8
A-WYMIARY
100
AcDbText
 10
-11.0625
 20
9.37141500113559
 30
0.0
 40
0.09000000000000001
  1
6
 50
90.0
  7
PL_ARIAL
 11
-11.0625
 21
9.37141500113559
 31
0.0
100
AcDbText
  0
TEXT
  5
C46
330
17
100
AcDbEntity
  8
A-WYMIARY
100
AcDbText
 10
-10.774999999999999
 20
9.471836872586872
 30
0.0
 40
0.125
  1
17
 50
90.0
  7
PL_ARIAL
 11
-10.774999999999999
 21
9.471836872586872
 31
0.0
100
AcDbText
  0
TEXT
  5
C47
330
17
100
AcDbEntity
  8
A-WYMIARY
100
AcDbText
 10
-10.837499999999999
 20
9.681415001135589
 30
0.0
 40
0.09000000000000001
  1
4
 50
90.0
  7
PL_ARIAL
 11
-10.837499999999999
 21
9.681415001135589
 31
0.0
100
AcDbText
  0
TEXT
  5
C48
330
17
100
AcDbEntity
  8
A-WYMIARY
100
AcDbText
 10
-11.0
 20
9.8675
 30
0.0
 40
0.125
  1
9
 50
90.0
  7
PL_ARIAL
 11
-11.0
 21
9.8675
 31
0.0
100
AcDbText
  0
TEXT
  5
C49
330
17
100
AcDbEntity
  8
A-WYMIARY
100
AcDbText
 10
-11.0625
 20
9.976039064274358
 30
0.0
 40
0.09000000000000001
  1
6
 50
90.0
  7
PL_ARIAL
 11
-11.0625
 21
9.976039064274358
 31
0.0
100
AcDbText
  0
TEXT
  5
C4A
330
17
100
AcDbEntity
  8
A-WYMIARY
100
AcDbText
 10
-11.35
 20
0.07150000000000001
 30
0.0
 40
0.125
  1
22
 50
90.0
  7
PL_ARIAL
 11
-11.35
 21
0.07150000000000001
 31
0.0
100
AcDbText
  0
TEXT
  5
C4B
330
17
100
AcDbEntity
  8
A-WYMIARY
100
AcDbText
 10
-11.4125
 20
0.28107812854871683
 30
0.0
 40
0.09000000000000001
  1
9
 50
90.0
  7
PL_ARIAL
 11
-11.4125
 21
0.28107812854871683
 31
0.0
100
AcDbText
  0
TEXT
  5
C4C
330
17
100
AcDbEntity
  8
A-WYMIARY
100
AcDbText
 10
-11.35
 20
1.4234414035884624
 30
0.0
 40
0.125
  1
315
 50
90.0
  7
PL_ARIAL
 11
-11.35
 21
1.4234414035884624
 31
0.0
100
AcDbText
  0
TEXT
  5
C4D
330
17
100
AcDbEntity
  8
A-WYMIARY
100
AcDbText
 10
-11.35
 20
4.573441403588462
 30
0.0
 40
0.125
  1
315
 50
90.0
  7
PL_ARIAL
 11
-11.35
 21
4.573441403588462
 31
0.0
100
AcDbText
  0
TEXT
  5
C4E
330
17
100
AcDbEntity
  8
A-WYMIARY
100
AcDbText
 10
-11.35
 20
7.721317340449693
 30
0.0
 40
0.125
  1
322
 50
90.0
  7
PL_ARIAL
 11
-11.35
 21
7.721317340449693
 31
0.0
100
AcDbText
  0
TEXT
  5
C4F
330
17
100
AcDbEntity
  8
A-WYMIARY
100
AcDbText
 10
-11.4125
 20
8.03193453327277
 30
0.0
 40
0.09000000000000001
  1
6
 50
90.0
  7
PL_ARIAL
 11
-11.4125
 21
8.03193453327277
 31
0.0
100
AcDbText
  0
TEXT
  5
C50
330
17
100
AcDbEntity
  8
A-WYMIARY
100
AcDbText
 10
-11.35
 20
9.252421871451283
 30
0.0
 40
0.125
  1
25
 50
90.0
  7
PL_ARIAL
 11
-11.35
 21
9.252421871451283
 31
0.0
100
AcDbText
  0
TEXT
  5
C51
330
17
100
AcDbEntity
  8
A-WYMIARY
100
AcDbText
 10
-11.35
 20
9.8675
 30
0.0
 40
0.125
  1
2
 50
90.0
  7
PL_ARIAL
 11
-11.35
 21
9.8675
 31
0.0
100
AcDbText
  0
TEXT
  5
C52
330
17
100
AcDbEntity
  8
A-WYMIARY
100
AcDbText
 10
-11.7
 20
4.541297808312514
 30
0.0
 40
0.125
  1
1002
 50
90.0
  7
PL_ARIAL
 11
-11.7
 21
4.541297808312514
 31
0.0
100
AcDbText
  0
TEXT
  5
C53
330
17
100
AcDbEntity
  8
A-WYMIARY
100
AcDbText
 10
-11.7625
 20
4.952954065409948
 30
0.0
 40
0.09000000000000001
  1
5
 50
90.0
  7
PL_ARIAL
 11
-11.7625
 21
4.952954065409948
 31
0.0
100
AcDbText
  0
TEXT
  5
C54
330
17
100
AcDbEntity
  8
A-WYMIARY
100
AcDbText
 10
-12.05
 20
4.437817340449693
 30
0.0
 40
0.125
  1
979
 50
90.0
  7
PL_ARIAL
 11
-12.05
 21
4.437817340449693
 31
0.0
100
AcDbText
  0
TEXT
  5
C55
330
17
100
AcDbEntity
  8
A-WYMIARY
100
AcDbText
 10
-12.1125
 20
4.748434533272769
 30
0.0
 40
0.09000000000000001
  1
3
 50
90.0
  7
PL_ARIAL
 11
-12.1125
 21
4.748434533272769
 31
0.0
100
AcDbText
  0
HATCH
  5
C56
330
17
100
AcDbEntity
  8
A-MASKA
 62
7
420
16777215
100
AcDbHatch
 10
0.0
 20
0.0
 30
0.0
210
0.0
220
0.0
230
1.0
  2
SOLID
 70
1
 71
0
 91
1
 92
3
 72
0
 73
1
 93
4
 10
-12.2025
 20
2.9005238019532147
 10
-12.2025
 20
6.358676198046787
 10
-12.395
 20
6.358676198046787
 10
-12.395
 20
2.9005238019532147
 97
0
 75
0
 76
1
 98
0
  0
TEXT
  5
C57
330
17
100
AcDbEntity
  8
A-WYMIARY
100
AcDbText
 10
-12.25
 20
2.9205238019532143
 30
0.0
 40
0.125
  1
wysokość budynku wg § 6 WT: H = 9,79 m
 50
90.0
  7
PL_ARIAL
 11
-12.25
 21
2.9205238019532143
 31
0.0
100
AcDbText
  0
TEXT
  5
C58
330
17
100
AcDbEntity
  8
A-WYMIARY
100
AcDbText
 10
-6.539999999999999
 20
1.2334414035884624
 30
0.0
 40
0.125
  1
277
 50
90.0
  7
PL_ARIAL
 11
-6.539999999999999
 21
1.2334414035884624
 31
0.0
100
AcDbText
  0
TEXT
  5
C59
330
17
100
AcDbEntity
  8
A-WYMIARY
100
AcDbText
 10
-7.661
 20
0.7984414035884624
 30
0.0
 40
0.125
  1
190
 50
90.0
  7
PL_ARIAL
 11
-7.661
 21
0.7984414035884624
 31
0.0
100
AcDbText
  0
TEXT
  5
C5A
330
17
100
AcDbEntity
  8
A-WYMIARY
100
AcDbText
 10
-0.6043999999999998
 20
1.2334414035884624
 30
0.0
 40
0.125
  1
277
 50
90.0
  7
PL_ARIAL
 11
-0.6043999999999998
 21
1.2334414035884624
 31
0.0
100
AcDbText
  0
TEXT
  5
C5B
330
17
100
AcDbEntity
  8
A-WYMIARY
100
AcDbText
 10
-4.0404
 20
1.2334414035884624
 30
0.0
 40
0.125
  1
277
 50
90.0
  7
PL_ARIAL
 11
-4.0404
 21
1.2334414035884624
 31
0.0
100
AcDbText
  0
TEXT
  5
C5C
330
17
100
AcDbEntity
  8
A-WYMIARY
100
AcDbText
 10
-4.9266
 20
4.383441403588463
 30
0.0
 40
0.125
  1
277
 50
90.0
  7
PL_ARIAL
 11
-4.9266
 21
4.383441403588463
 31
0.0
100
AcDbText
  0
TEXT
  5
C5D
330
17
100
AcDbEntity
  8
A-WYMIARY
100
AcDbText
 10
-0.5833999999999999
 20
4.383441403588463
 30
0.0
 40
0.125
  1
277
 50
90.0
  7
PL_ARIAL
 11
-0.5833999999999999
 21
4.383441403588463
 31
0.0
100
AcDbText
  0
TEXT
  5
C5E
330
17
100
AcDbEntity
  8
A-WYMIARY
100
AcDbText
 10
-5.505
 20
4.383441403588463
 30
0.0
 40
0.125
  1
277
 50
90.0
  7
PL_ARIAL
 11
-5.505
 21
4.383441403588463
 31
0.0
100
AcDbText
  0
TEXT
  5
C5F
330
17
100
AcDbEntity
  8
A-WYMIARY
100
AcDbText
 10
-4.7916
 20
7.533441403588463
 30
0.0
 40
0.125
  1
277
 50
90.0
  7
PL_ARIAL
 11
-4.7916
 21
7.533441403588463
 31
0.0
100
AcDbText
  0
TEXT
  5
C60
330
17
100
AcDbEntity
  8
A-WYMIARY
100
AcDbText
 10
-8.2852
 20
7.533441403588463
 30
0.0
 40
0.125
  1
277
 50
90.0
  7
PL_ARIAL
 11
-8.2852
 21
7.533441403588463
 31
0.0
100
AcDbText
  0
TEXT
  5
C61
330
17
100
AcDbEntity
  8
A-WYMIARY
100
AcDbText
 10
-2.3065999999999995
 20
7.533441403588463
 30
0.0
 40
0.125
  1
277
 50
90.0
  7
PL_ARIAL
 11
-2.3065999999999995
 21
7.533441403588463
 31
0.0
100
AcDbText
  0
HATCH
  5
C62
330
17
100
AcDbEntity
  8
A-MASKA
 62
7
420
16777215
100
AcDbHatch
 10
0.0
 20
0.0
 30
0.0
210
0.0
220
0.0
230
1.0
  2
SOLID
 70
1
 71
0
 91
1
 92
3
 72
0
 73
1
 93
4
 10
-4.84618
 20
4.9127
 10
-1.910248816715875
 20
4.9127
 10
-1.910248816715875
 20
5.0575
 10
-4.84618
 20
5.0575
 97
0
 75
0
 76
1
 98
0
  0
TEXT
  5
C63
330
17
100
AcDbEntity
  8
A-OPISY
100
AcDbText
 10
-4.82868
 20
4.95
 30
0.0
 40
0.09000000000000001
  1
Deska warstwowa dębowa 15 mm, klejona 1,5 cm
  7
PL_ARIAL
 11
-4.82868
 21
4.95
 31
0.0
100
AcDbText
  0
HATCH
  5
C64
330
17
100
AcDbEntity
  8
A-MASKA
 62
7
420
16777215
100
AcDbHatch
 10
0.0
 20
0.0
 30
0.0
210
0.0
220
0.0
230
1.0
  2
SOLID
 70
1
 71
0
 91
1
 92
3
 72
0
 73
1
 93
4
 10
-4.84618
 20
4.7327
 10
-0.2161516102657286
 20
4.7327
 10
-0.2161516102657286
 20
4.8775
 10
-4.84618
 20
4.8775
 97
0
 75
0
 76
1
 98
0
  0
TEXT
  5
C65
330
17
100
AcDbEntity
  8
A-OPISY
100
AcDbText
 10
-4.82868
 20
4.7700000000000005
 30
0.0
 40
0.09000000000000001
  1
Jastrych cementowy CT-C25-F5 z wężownicą ogrzewania podłogowego 6,5 cm
  7
PL_ARIAL
 11
-4.82868
 21
4.7700000000000005
 31
0.0
100
AcDbText
  0
HATCH
  5
C66
330
17
100
AcDbEntity
  8
A-MASKA
 62
7
420
16777215
100
AcDbHatch
 10
0.0
 20
0.0
 30
0.0
210
0.0
220
0.0
230
1.0
  2
SOLID
 70
1
 71
0
 91
1
 92
3
 72
0
 73
1
 93
4
 10
-4.84618
 20
4.5527
 10
-1.451970370202135
 20
4.5527
 10
-1.451970370202135
 20
4.6975
 10
-4.84618
 20
4.6975
 97
0
 75
0
 76
1
 98
0
  0
TEXT
  5
C67
330
17
100
AcDbEntity
  8
A-OPISY
100
AcDbText
 10
-4.82868
 20
4.59
 30
0.0
 40
0.09000000000000001
  1
Styropian podłogowy EPS 100-038 (pod jastrychem) 4 cm
  7
PL_ARIAL
 11
-4.82868
 21
4.59
 31
0.0
100
AcDbText
  0
HATCH
  5
C68
330
17
100
AcDbEntity
  8
A-MASKA
 62
7
420
16777215
100
AcDbHatch
 10
0.0
 20
0.0
 30
0.0
210
0.0
220
0.0
230
1.0
  2
SOLID
 70
1
 71
0
 91
1
 92
3
 72
0
 73
1
 93
4
 10
-4.84618
 20
4.3727
 10
-0.9215978968884855
 20
4.3727
 10
-0.9215978968884855
 20
4.5175
 10
-4.84618
 20
4.5175
 97
0
 75
0
 76
1
 98
0
  0
TEXT
  5
C69
330
17
100
AcDbEntity
  8
A-OPISY
100
AcDbText
 10
-4.82868
 20
4.41
 30
0.0
 40
0.09000000000000001
  1
Styropian elastyfikowany EPS T (akustyczny, pod jastrychem) 3 cm
  7
PL_ARIAL
 11
-4.82868
 21
4.41
 31
0.0
100
AcDbText
  0
HATCH
  5
C6A
330
17
100
AcDbEntity
  8
A-MASKA
 62
7
420
16777215
100
AcDbHatch
 10
0.0
 20
0.0
 30
0.0
210
0.0
220
0.0
230
1.0
  2
SOLID
 70
1
 71
0
 91
1
 92
3
 72
0
 73
1
 93
4
 10
-4.84618
 20
4.1927
 10
-0.8896492255280495
 20
4.1927
 10
-0.8896492255280495
 20
4.3375
 10
-4.84618
 20
4.3375
 97
0
 75
0
 76
1
 98
0
  0
TEXT
  5
C6B
330
17
100
AcDbEntity
  8
A-OPISY
100
AcDbText
 10
-4.82868
 20
4.23
 30
0.0
 40
0.09000000000000001
  1
Żelbet C25/30, B500SP (stropy, płyta fundamentowa, ściany) 22 cm
  7
PL_ARIAL
 11
-4.82868
 21
4.23
 31
0.0
100
AcDbText
  0
HATCH
  5
C6C
330
17
100
AcDbEntity
  8
A-MASKA
 62
7
420
16777215
100
AcDbHatch
 10
0.0
 20
0.0
 30
0.0
210
0.0
220
0.0
230
1.0
  2
SOLID
 70
1
 71
0
 91
1
 92
3
 72
0
 73
1
 93
4
 10
-4.84618
 20
4.0127
 10
-2.557582452873041
 20
4.0127
 10
-2.557582452873041
 20
4.1575
 10
-4.84618
 20
4.1575
 97
0
 75
0
 76
1
 98
0
  0
TEXT
  5
C6D
330
17
100
AcDbEntity
  8
A-OPISY
100
AcDbText
 10
-4.82868
 20
4.05
 30
0.0
 40
0.09000000000000001
  1
Tynk gipsowy maszynowy 1,5 cm 1 cm
  7
PL_ARIAL
 11
-4.82868
 21
4.05
 31
0.0
100
AcDbText
  0
HATCH
  5
C6E
330
17
100
AcDbEntity
  8
A-MASKA
 62
7
420
16777215
100
AcDbHatch
 10
0.0
 20
0.0
 30
0.0
210
0.0
220
0.0
230
1.0
  2
SOLID
 70
1
 71
0
 91
1
 92
3
 72
0
 73
1
 93
4
 10
-4.84618
 20
3.8327
 10
-2.557582452873041
 20
3.8327
 10
-2.557582452873041
 20
3.9775
 10
-4.84618
 20
3.9775
 97
0
 75
0
 76
1
 98
0
  0
TEXT
  5
C6F
330
17
100
AcDbEntity
  8
A-OPISY
100
AcDbText
 10
-4.82868
 20
3.87
 30
0.0
 40
0.09000000000000001
  1
Tynk gipsowy maszynowy 1,5 cm 1 cm
  7
PL_ARIAL
 11
-4.82868
 21
3.87
 31
0.0
100
AcDbText
  0
HATCH
  5
C70
330
17
100
AcDbEntity
  8
A-MASKA
 62
7
420
16777215
100
AcDbHatch
 10
0.0
 20
0.0
 30
0.0
210
0.0
220
0.0
230
1.0
  2
SOLID
 70
1
 71
0
 91
1
 92
3
 72
0
 73
1
 93
4
 10
-4.84618
 20
5.0657
 10
-0.45571554394730907
 20
5.0657
 10
-0.45571554394730907
 20
5.2105
 10
-4.84618
 20
5.2105
 97
0
 75
0
 76
1
 98
0
  0
TEXT
  5
C71
330
17
100
AcDbEntity
  8
A-OPISY
100
AcDbText
 10
-4.82868
 20
5.103
 30
0.0
 40
0.09000000000000001
  1
STROP ST1 + POD-1 — Strop międzykondygnacyjny: deska dębowa…
  7
PL_ARIAL_B
 11
-4.82868
 21
5.103
 31
0.0
100
AcDbText
  0
HATCH
  5
C72
330
17
100
AcDbEntity
  8
A-MASKA
 62
7
420
16777215
100
AcDbHatch
 10
0.0
 20
0.0
 30
0.0
210
0.0
220
0.0
230
1.0
  2
SOLID
 70
1
 71
0
 91
1
 92
3
 72
0
 73
1
 93
4
 10
-3.2194311832841245
 20
7.862699999999999
 10
-0.28349999999999925
 20
7.862699999999999
 10
-0.28349999999999925
 20
8.0075
 10
-3.2194311832841245
 20
8.0075
 97
0
 75
0
 76
1
 98
0
  0
TEXT
  5
C73
330
17
100
AcDbEntity
  8
A-OPISY
100
AcDbText
 10
-3.2019311832841244
 20
7.8999999999999995
 30
0.0
 40
0.09000000000000001
  1
Deska warstwowa dębowa 15 mm, klejona 1,5 cm
  7
PL_ARIAL
 11
-3.2019311832841244
 21
7.8999999999999995
 31
0.0
100
AcDbText
  0
HATCH
  5
C74
330
17
100
AcDbEntity
  8
A-MASKA
 62
7
420
16777215
100
AcDbHatch
 10
0.0
 20
0.0
 30
0.0
210
0.0
220
0.0
230
1.0
  2
SOLID
 70
1
 71
0
 91
1
 92
3
 72
0
 73
1
 93
4
 10
-4.913528389734271
 20
7.6827
 10
-0.28349999999999925
 20
7.6827
 10
-0.28349999999999925
 20
7.8275
 10
-4.913528389734271
 20
7.8275
 97
0
 75
0
 76
1
 98
0
  0
TEXT
  5
C75
330
17
100
AcDbEntity
  8
A-OPISY
100
AcDbText
 10
-4.896028389734272
 20
7.72
 30
0.0
 40
0.09000000000000001
  1
Jastrych cementowy CT-C25-F5 z wężownicą ogrzewania podłogowego 6,5 cm
  7
PL_ARIAL
 11
-4.896028389734272
 21
7.72
 31
0.0
100
AcDbText
  0
HATCH
  5
C76
330
17
100
AcDbEntity
  8
A-MASKA
 62
7
420
16777215
100
AcDbHatch
 10
0.0
 20
0.0
 30
0.0
210
0.0
220
0.0
230
1.0
  2
SOLID
 70
1
 71
0
 91
1
 92
3
 72
0
 73
1
 93
4
 10
-3.6777096297978646
 20
7.502699999999999
 10
-0.28349999999999925
 20
7.502699999999999
 10
-0.28349999999999925
 20
7.647499999999999
 10
-3.6777096297978646
 20
7.647499999999999
 97
0
 75
0
 76
1
 98
0
  0
TEXT
  5
C77
330
17
100
AcDbEntity
  8
A-OPISY
100
AcDbText
 10
-3.660209629797865
 20
7.539999999999999
 30
0.0
 40
0.09000000000000001
  1
Styropian podłogowy EPS 100-038 (pod jastrychem) 4 cm
  7
PL_ARIAL
 11
-3.660209629797865
 21
7.539999999999999
 31
0.0
100
AcDbText
  0
HATCH
  5
C78
330
17
100
AcDbEntity
  8
A-MASKA
 62
7
420
16777215
100
AcDbHatch
 10
0.0
 20
0.0
 30
0.0
210
0.0
220
0.0
230
1.0
  2
SOLID
 70
1
 71
0
 91
1
 92
3
 72
0
 73
1
 93
4
 10
-4.208082103111514
 20
7.322699999999999
 10
-0.28349999999999925
 20
7.322699999999999
 10
-0.28349999999999925
 20
7.467499999999999
 10
-4.208082103111514
 20
7.467499999999999
 97
0
 75
0
 76
1
 98
0
  0
TEXT
  5
C79
330
17
100
AcDbEntity
  8
A-OPISY
100
AcDbText
 10
-4.190582103111514
 20
7.359999999999999
 30
0.0
 40
0.09000000000000001
  1
Styropian elastyfikowany EPS T (akustyczny, pod jastrychem) 3 cm
  7
PL_ARIAL
 11
-4.190582103111514
 21
7.359999999999999
 31
0.0
100
AcDbText
  0
HATCH
  5
C7A
330
17
100
AcDbEntity
  8
A-MASKA
 62
7
420
16777215
100
AcDbHatch
 10
0.0
 20
0.0
 30
0.0
210
0.0
220
0.0
230
1.0
  2
SOLID
 70
1
 71
0
 91
1
 92
3
 72
0
 73
1
 93
4
 10
-4.2400307744719505
 20
7.1427
 10
-0.28349999999999925
 20
7.1427
 10
-0.28349999999999925
 20
7.2875
 10
-4.2400307744719505
 20
7.2875
 97
0
 75
0
 76
1
 98
0
  0
TEXT
  5
C7B
330
17
100
AcDbEntity
  8
A-OPISY
100
AcDbText
 10
-4.2225307744719505
 20
7.18
 30
0.0
 40
0.09000000000000001
  1
Żelbet C25/30, B500SP (stropy, płyta fundamentowa, ściany) 22 cm
  7
PL_ARIAL
 11
-4.2225307744719505
 21
7.18
 31
0.0
100
AcDbText
  0
HATCH
  5
C7C
330
17
100
AcDbEntity
  8
A-MASKA
 62
7
420
16777215
100
AcDbHatch
 10
0.0
 20
0.0
 30
0.0
210
0.0
220
0.0
230
1.0
  2
SOLID
 70
1
 71
0
 91
1
 92
3
 72
0
 73
1
 93
4
 10
-2.5720975471269587
 20
6.962699999999999
 10
-0.28349999999999925
 20
6.962699999999999
 10
-0.28349999999999925
 20
7.107499999999999
 10
-2.5720975471269587
 20
7.107499999999999
 97
0
 75
0
 76
1
 98
0
  0
TEXT
  5
C7D
330
17
100
AcDbEntity
  8
A-OPISY
100
AcDbText
 10
-2.5545975471269586
 20
6.999999999999999
 30
0.0
 40
0.09000000000000001
  1
Tynk gipsowy maszynowy 1,5 cm 1 cm
  7
PL_ARIAL
 11
-2.5545975471269586
 21
6.999999999999999
 31
0.0
100
AcDbText
  0
HATCH
  5
C7E
330
17
100
AcDbEntity
  8
A-MASKA
 62
7
420
16777215
100
AcDbHatch
 10
0.0
 20
0.0
 30
0.0
210
0.0
220
0.0
230
1.0
  2
SOLID
 70
1
 71
0
 91
1
 92
3
 72
0
 73
1
 93
4
 10
-2.5720975471269587
 20
6.782699999999999
 10
-0.28349999999999925
 20
6.782699999999999
 10
-0.28349999999999925
 20
6.927499999999999
 10
-2.5720975471269587
 20
6.927499999999999
 97
0
 75
0
 76
1
 98
0
  0
TEXT
  5
C7F
330
17
100
AcDbEntity
  8
A-OPISY
100
AcDbText
 10
-2.5545975471269586
 20
6.819999999999999
 30
0.0
 40
0.09000000000000001
  1
Tynk gipsowy maszynowy 1,5 cm 1 cm
  7
PL_ARIAL
 11
-2.5545975471269586
 21
6.819999999999999
 31
0.0
100
AcDbText
  0
HATCH
  5
C80
330
17
100
AcDbEntity
  8
A-MASKA
 62
7
420
16777215
100
AcDbHatch
 10
0.0
 20
0.0
 30
0.0
210
0.0
220
0.0
230
1.0
  2
SOLID
 70
1
 71
0
 91
1
 92
3
 72
0
 73
1
 93
4
 10
-4.6739644560526905
 20
8.015699999999999
 10
-0.28349999999999925
 20
8.015699999999999
 10
-0.28349999999999925
 20
8.160499999999999
 10
-4.6739644560526905
 20
8.160499999999999
 97
0
 75
0
 76
1
 98
0
  0
TEXT
  5
C81
330
17
100
AcDbEntity
  8
A-OPISY
100
AcDbText
 10
-4.656464456052691
 20
8.052999999999999
 30
0.0
 40
0.09000000000000001
  1
STROP ST2 + POD-1 — Strop międzykondygnacyjny: deska dębowa…
  7
PL_ARIAL_B
 11
-4.656464456052691
 21
8.052999999999999
 31
0.0
100
AcDbText
  0
HATCH
  5
C82
330
17
100
AcDbEntity
  8
A-MASKA
 62
7
420
16777215
100
AcDbHatch
 10
0.0
 20
0.0
 30
0.0
210
0.0
220
0.0
230
1.0
  2
SOLID
 70
1
 71
0
 91
1
 92
3
 72
0
 73
1
 93
4
 10
-11.011382503188386
 20
11.628700000000002
 10
-5.373284615384615
 20
11.628700000000002
 10
-5.373284615384615
 20
11.773500000000002
 10
-11.011382503188386
 20
11.773500000000002
 97
0
 75
0
 76
1
 98
0
  0
TEXT
  5
C83
330
17
100
AcDbEntity
  8
A-OPISY
100
AcDbText
 10
-10.993882503188384
 20
11.666000000000002
 30
0.0
 40
0.09000000000000001
  1
Membrana dachowa TPO 1,5 mm, mocowana mechanicznie (hydroizolacja stropodachów) 2 mm
  7
PL_ARIAL
 11
-10.993882503188384
 21
11.666000000000002
 31
0.0
100
AcDbText
  0
HATCH
  5
C84
330
17
100
AcDbEntity
  8
A-MASKA
 62
7
420
16777215
100
AcDbHatch
 10
0.0
 20
0.0
 30
0.0
210
0.0
220
0.0
230
1.0
  2
SOLID
 70
1
 71
0
 91
1
 92
3
 72
0
 73
1
 93
4
 10
-9.065436557242439
 20
11.448700000000002
 10
-5.373284615384615
 20
11.448700000000002
 10
-5.373284615384615
 20
11.593500000000002
 10
-9.065436557242439
 20
11.593500000000002
 97
0
 75
0
 76
1
 98
0
  0
TEXT
  5
C85
330
17
100
AcDbEntity
  8
A-OPISY
100
AcDbText
 10
-9.04793655724244
 20
11.486000000000002
 30
0.0
 40
0.09000000000000001
  1
Płyty PIR z okładziną (izolacja spadkowa stropodachów) 22 cm
  7
PL_ARIAL
 11
-9.04793655724244
 21
11.486000000000002
 31
0.0
100
AcDbText
  0
HATCH
  5
C86
330
17
100
AcDbEntity
  8
A-MASKA
 62
7
420
16777215
100
AcDbHatch
 10
0.0
 20
0.0
 30
0.0
210
0.0
220
0.0
230
1.0
  2
SOLID
 70
1
 71
0
 91
1
 92
3
 72
0
 73
1
 93
4
 10
-9.392527177274236
 20
11.268700000000003
 10
-5.373284615384615
 20
11.268700000000003
 10
-5.373284615384615
 20
11.413500000000003
 10
-9.392527177274236
 20
11.413500000000003
 97
0
 75
0
 76
1
 98
0
  0
TEXT
  5
C87
330
17
100
AcDbEntity
  8
A-OPISY
100
AcDbText
 10
-9.375027177274237
 20
11.306000000000003
 30
0.0
 40
0.09000000000000001
  1
Paroizolacja bitumiczna z wkładką Al (na płycie stropodachów) 4 mm
  7
PL_ARIAL
 11
-9.375027177274237
 21
11.306000000000003
 31
0.0
100
AcDbText
  0
HATCH
  5
C88
330
17
100
AcDbEntity
  8
A-MASKA
 62
7
420
16777215
100
AcDbHatch
 10
0.0
 20
0.0
 30
0.0
210
0.0
220
0.0
230
1.0
  2
SOLID
 70
1
 71
0
 91
1
 92
3
 72
0
 73
1
 93
4
 10
-9.329815389856567
 20
11.088700000000001
 10
-5.373284615384615
 20
11.088700000000001
 10
-5.373284615384615
 20
11.233500000000001
 10
-9.329815389856567
 20
11.233500000000001
 97
0
 75
0
 76
1
 98
0
  0
TEXT
  5
C89
330
17
100
AcDbEntity
  8
A-OPISY
100
AcDbText
 10
-9.312315389856566
 20
11.126000000000001
 30
0.0
 40
0.09000000000000001
  1
Żelbet C25/30, B500SP (stropy, płyta fundamentowa, ściany) 22 cm
  7
PL_ARIAL
 11
-9.312315389856566
 21
11.126000000000001
 31
0.0
100
AcDbText
  0
HATCH
  5
C8A
330
17
100
AcDbEntity
  8
A-MASKA
 62
7
420
16777215
100
AcDbHatch
 10
0.0
 20
0.0
 30
0.0
210
0.0
220
0.0
230
1.0
  2
SOLID
 70
1
 71
0
 91
1
 92
3
 72
0
 73
1
 93
4
 10
-7.661882162511574
 20
10.908700000000001
 10
-5.373284615384615
 20
10.908700000000001
 10
-5.373284615384615
 20
11.053500000000001
 10
-7.661882162511574
 20
11.053500000000001
 97
0
 75
0
 76
1
 98
0
  0
TEXT
  5
C8B
330
17
100
AcDbEntity
  8
A-OPISY
100
AcDbText
 10
-7.644382162511574
 20
10.946000000000002
 30
0.0
 40
0.09000000000000001
  1
Tynk gipsowy maszynowy 1,5 cm 1 cm
  7
PL_ARIAL
 11
-7.644382162511574
 21
10.946000000000002
 31
0.0
100
AcDbText
  0
HATCH
  5
C8C
330
17
100
AcDbEntity
  8
A-MASKA
 62
7
420
16777215
100
AcDbHatch
 10
0.0
 20
0.0
 30
0.0
210
0.0
220
0.0
230
1.0
  2
SOLID
 70
1
 71
0
 91
1
 92
3
 72
0
 73
1
 93
4
 10
-10.567392042139101
 20
11.781700000000003
 10
-5.373284615384615
 20
11.781700000000003
 10
-5.373284615384615
 20
11.926500000000003
 10
-10.567392042139101
 20
11.926500000000003
 97
0
 75
0
 76
1
 98
0
  0
TEXT
  5
C8D
330
17
100
AcDbEntity
  8
A-OPISY
100
AcDbText
 10
-10.549892042139101
 20
11.819000000000003
 30
0.0
 40
0.09000000000000001
  1
SD1 — Stropodach bryły A (P2): membrana TPO, PIR spadkowy 12–32 cm (śr. 22)…
  7
PL_ARIAL_B
 11
-10.549892042139101
 21
11.819000000000003
 31
0.0
100
AcDbText
  0
HATCH
  5
C8E
330
17
100
AcDbEntity
  8
A-MASKA
 62
7
420
16777215
100
AcDbHatch
 10
0.0
 20
0.0
 30
0.0
210
0.0
220
0.0
230
1.0
  2
SOLID
 70
1
 71
0
 91
1
 92
3
 72
0
 73
1
 93
4
 10
0.7345
 20
4.7947
 10
6.37259788780377
 20
4.7947
 10
6.37259788780377
 20
4.9395
 10
0.7345
 20
4.9395
 97
0
 75
0
 76
1
 98
0
  0
TEXT
  5
C8F
330
17
100
AcDbEntity
  8
A-OPISY
100
AcDbText
 10
0.752
 20
4.832
 30
0.0
 40
0.09000000000000001
  1
Membrana dachowa TPO 1,5 mm, mocowana mechanicznie (hydroizolacja stropodachów) 2 mm
  7
PL_ARIAL
 11
0.752
 21
4.832
 31
0.0
100
AcDbText
  0
HATCH
  5
C90
330
17
100
AcDbEntity
  8
A-MASKA
 62
7
420
16777215
100
AcDbHatch
 10
0.0
 20
0.0
 30
0.0
210
0.0
220
0.0
230
1.0
  2
SOLID
 70
1
 71
0
 91
1
 92
3
 72
0
 73
1
 93
4
 10
0.7345
 20
4.6147
 10
4.971741653418124
 20
4.6147
 10
4.971741653418124
 20
4.7595
 10
0.7345
 20
4.7595
 97
0
 75
0
 76
1
 98
0
  0
TEXT
  5
C91
330
17
100
AcDbEntity
  8
A-OPISY
100
AcDbText
 10
0.752
 20
4.652
 30
0.0
 40
0.09000000000000001
  1
Żelbet C30/37 XC4/XF1 (krawędzie płyt wysuniętych, attyki, belki) 30 cm
  7
PL_ARIAL
 11
0.752
 21
4.652
 31
0.0
100
AcDbText
  0
HATCH
  5
C92
330
17
100
AcDbEntity
  8
A-MASKA
 62
7
420
16777215
100
AcDbHatch
 10
0.0
 20
0.0
 30
0.0
210
0.0
220
0.0
230
1.0
  2
SOLID
 70
1
 71
0
 91
1
 92
3
 72
0
 73
1
 93
4
 10
0.7345
 20
4.434699999999999
 10
5.694317170111288
 20
4.434699999999999
 10
5.694317170111288
 20
4.5794999999999995
 10
0.7345
 20
4.5794999999999995
 97
0
 75
0
 76
1
 98
0
  0
TEXT
  5
C93
330
17
100
AcDbEntity
  8
A-OPISY
100
AcDbText
 10
0.752
 20
4.4719999999999995
 30
0.0
 40
0.09000000000000001
  1
Podsufitka zewnętrzna: płyta włóknocementowa 12 mm na ruszcie, RAL 7016 1,2 cm
  7
PL_ARIAL
 11
0.752
 21
4.4719999999999995
 31
0.0
100
AcDbText
  0
HATCH
  5
C94
330
17
100
AcDbEntity
  8
A-MASKA
 62
7
420
16777215
100
AcDbHatch
 10
0.0
 20
0.0
 30
0.0
210
0.0
220
0.0
230
1.0
  2
SOLID
 70
1
 71
0
 91
1
 92
3
 72
0
 73
1
 93
4
 10
0.7345
 20
4.947699999999999
 10
6.6507332500567795
 20
4.947699999999999
 10
6.6507332500567795
 20
5.092499999999999
 10
0.7345
 20
5.092499999999999
 97
0
 75
0
 76
1
 98
0
  0
TEXT
  5
C95
330
17
100
AcDbEntity
  8
A-OPISY
100
AcDbText
 10
0.752
 20
4.984999999999999
 30
0.0
 40
0.09000000000000001
  1
OK1 — Płyta wysunięta (okap, daszek, krawędź ST2/ST3): obróbka/membrana ze spadkiem 2…
  7
PL_ARIAL_B
 11
0.752
 21
4.984999999999999
 31
0.0
100
AcDbText
  0
HATCH
  5
C96
330
17
100
AcDbEntity
  8
A-MASKA
 62
7
420
16777215
100
AcDbHatch
 10
0.0
 20
0.0
 30
0.0
210
0.0
220
0.0
230
1.0
  2
SOLID
 70
1
 71
0
 91
1
 92
3
 72
0
 73
1
 93
4
 10
-6.322499999999999
 20
2.1402
 10
-0.9695894844424249
 20
2.1402
 10
-0.9695894844424249
 20
2.285
 10
-6.322499999999999
 20
2.285
 97
0
 75
0
 76
1
 98
0
  0
TEXT
  5
C97
330
17
100
AcDbEntity
  8
A-OPISY
100
AcDbText
 10
-6.304999999999999
 20
2.1775
 30
0.0
 40
0.09000000000000001
  1
ETICS: warstwa zbrojona + tynk silikonowy 1,5 mm (biały / jasnoszary NCS S 1500-N) 1 cm
  7
PL_ARIAL
 11
-6.304999999999999
 21
2.1775
 31
0.0
100
AcDbText
  0
HATCH
  5
C98
330
17
100
AcDbEntity
  8
A-MASKA
 62
7
420
16777215
100
AcDbHatch
 10
0.0
 20
0.0
 30
0.0
210
0.0
220
0.0
230
1.0
  2
SOLID
 70
1
 71
0
 91
1
 92
3
 72
0
 73
1
 93
4
 10
-6.322499999999999
 20
1.9602000000000004
 10
-2.6744384510560972
 20
1.9602000000000004
 10
-2.6744384510560972
 20
2.1050000000000004
 10
-6.322499999999999
 20
2.1050000000000004
 97
0
 75
0
 76
1
 98
0
  0
TEXT
  5
C99
330
17
100
AcDbEntity
  8
A-OPISY
100
AcDbText
 10
-6.304999999999999
 20
1.9975000000000003
 30
0.0
 40
0.09000000000000001
  1
Styropian grafitowy EPS 031 (ETICS, NRO w systemie) 20 cm
  7
PL_ARIAL
 11
-6.304999999999999
 21
1.9975000000000003
 31
0.0
100
AcDbText
  0
HATCH
  5
C9A
330
17
100
AcDbEntity
  8
A-MASKA
 62
7
420
16777215
100
AcDbHatch
 10
0.0
 20
0.0
 30
0.0
210
0.0
220
0.0
230
1.0
  2
SOLID
 70
1
 71
0
 91
1
 92
3
 72
0
 73
1
 93
4
 10
-6.322499999999999
 20
1.7802000000000002
 10
-1.2272433568021786
 20
1.7802000000000002
 10
-1.2272433568021786
 20
1.925
 10
-6.322499999999999
 20
1.925
 97
0
 75
0
 76
1
 98
0
  0
TEXT
  5
C9B
330
17
100
AcDbEntity
  8
A-OPISY
100
AcDbText
 10
-6.304999999999999
 20
1.8175000000000001
 30
0.0
 40
0.09000000000000001
  1
Bloczek wapienno-piaskowy (silikat) 18 cm, kl. 20, gr. 1, na zaprawie cienkowarstwowej
  7
PL_ARIAL
 11
-6.304999999999999
 21
1.8175000000000001
 31
0.0
100
AcDbText
  0
HATCH
  5
C9C
330
17
100
AcDbEntity
  8
A-MASKA
 62
7
420
16777215
100
AcDbHatch
 10
0.0
 20
0.0
 30
0.0
210
0.0
220
0.0
230
1.0
  2
SOLID
 70
1
 71
0
 91
1
 92
3
 72
0
 73
1
 93
4
 10
-6.322499999999999
 20
1.6002
 10
-4.353716216216215
 20
1.6002
 10
-4.353716216216215
 20
1.745
 10
-6.322499999999999
 20
1.745
 97
0
 75
0
 76
1
 98
0
  0
TEXT
  5
C9D
330
17
100
AcDbEntity
  8
A-OPISY
100
AcDbText
 10
-6.304999999999999
 20
1.6375000000000002
 30
0.0
 40
0.09000000000000001
  1
Tynk gipsowy maszynowy 1,5 cm
  7
PL_ARIAL
 11
-6.304999999999999
 21
1.6375000000000002
 31
0.0
100
AcDbText
  0
HATCH
  5
C9E
330
17
100
AcDbEntity
  8
A-MASKA
 62
7
420
16777215
100
AcDbHatch
 10
0.0
 20
0.0
 30
0.0
210
0.0
220
0.0
230
1.0
  2
SOLID
 70
1
 71
0
 91
1
 92
3
 72
0
 73
1
 93
4
 10
-6.322499999999999
 20
2.2932
 10
-1.5154354985237326
 20
2.2932
 10
-1.5154354985237326
 20
2.438
 10
-6.322499999999999
 20
2.438
 97
0
 75
0
 76
1
 98
0
  0
TEXT
  5
C9F
330
17
100
AcDbEntity
  8
A-OPISY
100
AcDbText
 10
-6.304999999999999
 20
2.3305000000000002
 30
0.0
 40
0.09000000000000001
  1
SZ1 — Ściana zewnętrzna nośna: silikat 18 + ETICS EPS 031 20 cm (U ≈ 0,15)
  7
PL_ARIAL_B
 11
-6.304999999999999
 21
2.3305000000000002
 31
0.0
100
AcDbText
  0
TEXT
  5
CA0
330
17
100
AcDbEntity
  8
A-POMIESZCZENIA
100
AcDbText
 10
-6.789297070179423
 20
2.1225
 30
0.0
 40
0.125
  1
1.04
  7
PL_ARIAL_B
 11
-6.789297070179423
 21
2.1225
 31
0.0
100
AcDbText
  0
TEXT
  5
CA1
330
17
100
AcDbEntity
  8
A-POMIESZCZENIA
100
AcDbText
 10
-8.234297070179423
 20
0.8875
 30
0.0
 40
0.125
  1
1.05
  7
PL_ARIAL_B
 11
-8.234297070179423
 21
0.8875
 31
0.0
100
AcDbText
  0
TEXT
  5
CA2
330
17
100
AcDbEntity
  8
A-POMIESZCZENIA
100
AcDbText
 10
-2.7160470701794233
 20
1.0474999999999999
 30
0.0
 40
0.125
  1
1.06
  7
PL_ARIAL_B
 11
-2.7160470701794233
 21
1.0474999999999999
 31
0.0
100
AcDbText
  0
TEXT
  5
CA3
330
17
100
AcDbEntity
  8
A-POMIESZCZENIA
100
AcDbText
 10
-3.604929650238474
 20
0.7974999999999999
 30
0.0
 40
0.125
  1
Salon + jadalnia + kuchnia
  7
PL_ARIAL
 11
-3.604929650238474
 21
0.7974999999999999
 31
0.0
100
AcDbText
  0
TEXT
  5
CA4
330
17
100
AcDbEntity
  8
A-POMIESZCZENIA
100
AcDbText
 10
-4.611797070179422
 20
1.3225
 30
0.0
 40
0.125
  1
1.07
  7
PL_ARIAL_B
 11
-4.611797070179422
 21
1.3225
 31
0.0
100
AcDbText
  0
TEXT
  5
CA5
330
17
100
AcDbEntity
  8
A-POMIESZCZENIA
100
AcDbText
 10
-4.599297070179422
 20
5.2725
 30
0.0
 40
0.125
  1
2.01
  7
PL_ARIAL_B
 11
-4.599297070179422
 21
5.2725
 31
0.0
100
AcDbText
  0
TEXT
  5
CA6
330
17
100
AcDbEntity
  8
A-POMIESZCZENIA
100
AcDbText
 10
-2.066797070179423
 20
5.2725
 30
0.0
 40
0.125
  1
2.02
  7
PL_ARIAL_B
 11
-2.066797070179423
 21
5.2725
 31
0.0
100
AcDbText
  0
TEXT
  5
CA7
330
17
100
AcDbEntity
  8
A-POMIESZCZENIA
100
AcDbText
 10
-6.465547070179422
 20
5.2725
 30
0.0
 40
0.125
  1
2.06
  7
PL_ARIAL_B
 11
-6.465547070179422
 21
5.2725
 31
0.0
100
AcDbText
  0
TEXT
  5
CA8
330
17
100
AcDbEntity
  8
A-POMIESZCZENIA
100
AcDbText
 10
-3.6887970701794233
 20
8.5475
 30
0.0
 40
0.125
  1
3.01
  7
PL_ARIAL_B
 11
-3.6887970701794233
 21
8.5475
 31
0.0
100
AcDbText
  0
TEXT
  5
CA9
330
17
100
AcDbEntity
  8
A-POMIESZCZENIA
100
AcDbText
 10
-3.6483133091074267
 20
8.2975
 30
0.0
 40
0.125
  1
Hol
  7
PL_ARIAL
 11
-3.6483133091074267
 21
8.2975
 31
0.0
100
AcDbText
  0
TEXT
  5
CAA
330
17
100
AcDbEntity
  8
A-POMIESZCZENIA
100
AcDbText
 10
-7.114297070179423
 20
7.6225
 30
0.0
 40
0.125
  1
3.06
  7
PL_ARIAL_B
 11
-7.114297070179423
 21
7.6225
 31
0.0
100
AcDbText
  0
TEXT
  5
CAB
330
17
100
AcDbEntity
  8
A-POMIESZCZENIA
100
AcDbText
 10
-1.504297070179423
 20
8.4225
 30
0.0
 40
0.125
  1
3.07
  7
PL_ARIAL_B
 11
-1.504297070179423
 21
8.4225
 31
0.0
100
AcDbText
  0
VIEWPORT
  5
7F
330
1B
100
AcDbEntity
 67
1
  8
VIEWPORTS
100
AcDbViewport
 10
445.5
 20
210.0
 30
0.0
 40
891.0
 41
420.0
 68
1
 69
1
 12
445.5
 22
210.0
 13
0.0
 23
0.0
 14
10.0
 24
10.0
 15
10.0
 25
10.0
 16
0.0
 26
0.0
 36
1.0
 17
0.0
 27
0.0
 37
0.0
 42
50.0
 43
0.0
 44
0.0
 45
462.00000000000006
 50
0.0
 51
0.0
 72
100
 90
557088
  1

281
0
 71
0
 74
0
110
0.0
120
0.0
130
0.0
111
1.0
121
0.0
131
0.0
112
0.0
122
1.0
132
0.0
 79
0
146
0.0
282
0
  0
HATCH
  5
80
330
1B
100
AcDbEntity
 67
1
  8
A-WYPELNIENIA
 62
7
420
0
100
AcDbHatch
 10
0.0
 20
0.0
 30
0.0
210
0.0
220
0.0
230
1.0
  2
SOLID
 70
1
 71
0
 91
1
 92
3
 72
0
 73
1
 93
4
 10
791.0
 20
358.50000000000006
 10
801.0
 20
358.50000000000006
 10
801.0
 20
363.50000000000006
 10
791.0
 20
363.50000000000006
 97
0
 75
0
 76
1
 98
0
  0
LWPOLYLINE
  5
81
330
1B
100
AcDbEntity
 67
1
  8
A-KRESKOWANIE
370
13
100
AcDbPolyline
 90
12
 70
0
 10
701.0
 20
392.49773460445783
 10
701.9090909090909
 20
392.49683214046144
 10
702.8181818181819
 20
392.51372112062757
 10
703.7272727272727
 20
392.5467150491518
 10
704.6363636363636
 20
392.59251922608905
 10
705.5454545454545
 20
392.6465597487248
 10
706.4545454545455
 20
392.7034402512752
 10
707.3636363636364
 20
392.75748077391097
 10
708.2727272727273
 20
392.8032849508482
 10
709.1818181818181
 20
392.83627887937246
 10
710.0909090909091
 20
392.8531678595386
 10
711.0
 20
392.8522653955422
  0
LWPOLYLINE
  5
82
330
1B
100
AcDbEntity
 67
1
  8
A-KRESKOWANIE
370
13
100
AcDbPolyline
 90
12
 70
0
 10
701.0
 20
393.91684352855026
 10
701.9090909090909
 20
393.97335909884373
 10
702.8181818181819
 20
394.02504563763256
 10
703.7272727272727
 20
394.0667418426976
 10
704.6363636363636
 20
394.09428402421213
 10
705.5454545454545
 20
394.1049218815003
 10
706.4545454545455
 20
394.0975931419139
 10
707.3636363636364
 20
394.0730296370048
 10
708.2727272727273
 20
394.03368422346205
 10
709.1818181818181
 20
393.98348584632595
 10
710.0909090909091
 20
393.9274472033198
 10
711.0
 20
393.8711641880608
  0
LWPOLYLINE
  5
83
330
1B
100
AcDbEntity
 67
1
  8
A-KRESKOWANIE
370
13
100
AcDbPolyline
 90
12
 70
0
 10
701.0
 20
395.3543672284206
 10
701.9090909090909
 20
395.3407062522684
 10
702.8181818181819
 20
395.310498220198
 10
703.7272727272727
 20
395.26675963876244
 10
704.6363636363636
 20
395.2138581449271
 10
705.5454545454545
 20
395.157076363606
 10
706.4545454545455
 20
395.10208439654724
 10
707.3636363636364
 20
395.0543736186478
 10
708.2727272727273
 20
395.0187083215321
 10
709.1818181818181
 20
394.99864996204093
 10
710.0909090909091
 20
394.9962015231131
 10
711.0
 20
395.0116075003864
  0
LWPOLYLINE
  5
84
330
1B
100
AcDbEntity
 67
1
  8
A-KRESKOWANIE
370
13
100
AcDbPolyline
 90
12
 70
0
 10
701.0
 20
396.3869355117717
 10
701.9090909090909
 20
396.33394022460607
 10
702.8181818181819
 20
396.2900379630488
 10
703.7272727272727
 20
396.2596127087963
 10
704.6363636363636
 20
396.24570265972307
 10
705.5454545454545
 20
396.24969684223396
 10
706.4545454545455
 20
396.27119640619236
 10
707.3636363636364
 20
396.3080544532032
 10
708.2727272727273
 20
396.35659042108756
 10
709.1818181818181
 20
396.4119576165937
 10
710.0909090909091
 20
396.46862719535085
 10
711.0
 20
396.520940259908
  0
LWPOLYLINE
  5
85
330
1B
100
AcDbEntity
 67
1
  8
A-KRESKOWANIE
370
13
100
AcDbPolyline
 90
2
 70
0
 10
701.2929
 20
386.68580000000003
 10
702.7071
 20
388.1
  0
LWPOLYLINE
  5
86
330
1B
100
AcDbEntity
 67
1
  8
A-KRESKOWANIE
370
13
100
AcDbPolyline
 90
2
 70
0
 10
703.2929
 20
388.1
 10
704.7071
 20
386.68580000000003
  0
LWPOLYLINE
  5
87
330
1B
100
AcDbEntity
 67
1
  8
A-KRESKOWANIE
370
13
100
AcDbPolyline
 90
2
 70
0
 10
705.2929
 20
386.68580000000003
 10
706.7071
 20
388.1
  0
LWPOLYLINE
  5
88
330
1B
100
AcDbEntity
 67
1
  8
A-KRESKOWANIE
370
13
100
AcDbPolyline
 90
2
 70
0
 10
707.2929
 20
388.1
 10
708.7071
 20
386.68580000000003
  0
LWPOLYLINE
  5
89
330
1B
100
AcDbEntity
 67
1
  8
A-KRESKOWANIE
370
13
100
AcDbPolyline
 90
2
 70
0
 10
709.2929
 20
386.68580000000003
 10
710.7071
 20
388.1
  0
LWPOLYLINE
  5
8A
330
1B
100
AcDbEntity
 67
1
  8
A-KRESKOWANIE
370
13
100
AcDbPolyline
 90
2
 70
0
 10
701.0
 20
381.3500000000001
 10
701.0
 20
378.65000000000003
  0
LWPOLYLINE
  5
8B
330
1B
100
AcDbEntity
 67
1
  8
A-KRESKOWANIE
370
13
100
AcDbPolyline
 90
50
 70
0
 10
701.0
 20
378.65000000000003
 10
701.0603073792141
 20
378.30797985667436
 10
701.233955556881
 20
378.0072123903135
 10
701.5
 20
377.7839745962156
 10
701.8263518223331
 20
377.66519224698783
 10
702.1736481776669
 20
377.66519224698783
 10
702.5
 20
377.7839745962156
 10
702.766044443119
 20
378.0072123903135
 10
702.9396926207859
 20
378.30797985667436
 10
703.0
 20
378.65000000000003
 10
703.0
 20
381.3500000000001
 10
703.0603073792141
 20
381.69202014332575
 10
703.233955556881
 20
381.9927876096866
 10
703.5
 20
382.2160254037845
 10
703.8263518223331
 20
382.3348077530123
 10
704.1736481776669
 20
382.3348077530123
 10
704.5
 20
382.2160254037845
 10
704.766044443119
 20
381.9927876096866
 10
704.9396926207859
 20
381.69202014332575
 10
705.0
 20
381.3500000000001
 10
705.0
 20
378.65000000000003
 10
705.0603073792141
 20
378.30797985667436
 10
705.233955556881
 20
378.0072123903135
 10
705.5
 20
377.7839745962156
 10
705.8263518223331
 20
377.66519224698783
 10
706.1736481776669
 20
377.66519224698783
 10
706.5
 20
377.7839745962156
 10
706.766044443119
 20
378.0072123903135
 10
706.9396926207859
 20
378.30797985667436
 10
707.0
 20
378.65000000000003
 10
707.0
 20
381.3500000000001
 10
707.0603073792141
 20
381.69202014332575
 10
707.233955556881
 20
381.9927876096866
 10
707.5
 20
382.2160254037845
 10
707.8263518223331
 20
382.3348077530123
 10
708.1736481776669
 20
382.3348077530123
 10
708.5
 20
382.2160254037845
 10
708.766044443119
 20
381.9927876096866
 10
708.9396926207859
 20
381.69202014332575
 10
709.0
 20
381.3500000000001
 10
709.0
 20
378.65000000000003
 10
709.0603073792141
 20
378.30797985667436
 10
709.233955556881
 20
378.0072123903135
 10
709.5
 20
377.7839745962156
 10
709.8263518223331
 20
377.66519224698783
 10
710.1736481776669
 20
377.66519224698783
 10
710.5
 20
377.7839745962156
 10
710.766044443119
 20
378.0072123903135
 10
710.9396926207859
 20
378.30797985667436
 10
711.0
 20
378.65000000000003
  0
LWPOLYLINE
  5
8C
330
1B
100
AcDbEntity
 67
1
  8
A-KRESKOWANIE
370
13
100
AcDbPolyline
 90
2
 70
0
 10
711.0
 20
378.65000000000003
 10
711.0
 20
381.3500000000001
  0
LWPOLYLINE
  5
8D
330
1B
100
AcDbEntity
 67
1
  8
A-KRESKOWANIE
370
13
100
AcDbPolyline
 90
2
 70
0
 10
701.0
 20
371.05000000000007
 10
711.0
 20
371.05000000000007
  0
LWPOLYLINE
  5
8E
330
1B
100
AcDbEntity
 67
1
  8
A-KRESKOWANIE
370
13
100
AcDbPolyline
 90
2
 70
0
 10
701.0
 20
375.35
 10
711.0
 20
375.35
  0
LWPOLYLINE
  5
8F
330
1B
100
AcDbEntity
 67
1
  8
A-KRESKOWANIE
370
13
100
AcDbPolyline
 90
11
 70
0
 10
701.0
 20
371.20000000000005
 10
702.0
 20
375.20000000000005
 10
703.0
 20
371.20000000000005
 10
704.0
 20
375.20000000000005
 10
705.0
 20
371.20000000000005
 10
706.0
 20
375.20000000000005
 10
707.0
 20
371.20000000000005
 10
708.0
 20
375.20000000000005
 10
709.0
 20
371.20000000000005
 10
710.0
 20
375.20000000000005
 10
711.0
 20
371.20000000000005
  0
LWPOLYLINE
  5
90
330
1B
100
AcDbEntity
 67
1
  8
A-KRESKOWANIE
370
13
100
AcDbPolyline
 90
11
 70
0
 10
701.0
 20
347.75
 10
702.0
 20
352.45000000000005
 10
703.0
 20
347.75
 10
704.0
 20
352.45000000000005
 10
705.0
 20
347.75
 10
706.0
 20
352.45000000000005
 10
707.0
 20
347.75
 10
708.0
 20
352.45000000000005
 10
709.0
 20
347.75
 10
710.0
 20
352.45000000000005
 10
711.0
 20
347.75
  0
LWPOLYLINE
  5
91
330
1B
100
AcDbEntity
 67
1
  8
A-KRESKOWANIE
370
13
100
AcDbPolyline
 90
9
 70
0
 10
701.0
 20
338.25
 10
702.4
 20
342.95000000000005
 10
703.8
 20
338.25
 10
705.2
 20
342.95000000000005
 10
706.6
 20
338.25
 10
708.0
 20
342.95000000000005
 10
709.4
 20
338.25
 10
710.8
 20
342.95000000000005
 10
711.0
 20
342.27857142857135
  0
LWPOLYLINE
  5
92
330
1B
100
AcDbEntity
 67
1
  8
A-KRESKOWANIE
370
13
100
AcDbPolyline
 90
9
 70
0
 10
701.0
 20
342.95000000000005
 10
702.4
 20
338.25
 10
703.8
 20
342.95000000000005
 10
705.2
 20
338.25
 10
706.6
 20
342.95000000000005
 10
708.0
 20
338.25
 10
709.4
 20
342.95000000000005
 10
710.8
 20
338.25
 10
711.0
 20
338.9214285714287
  0
LWPOLYLINE
  5
93
330
1B
100
AcDbEntity
 67
1
  8
A-KRESKOWANIE
370
25
100
AcDbPolyline
 90
2
 70
0
 10
704.7852161182019
 20
331.90326113921503
 10
704.7666475978423
 20
332.0420242829228
  0
LWPOLYLINE
  5
94
330
1B
100
AcDbEntity
 67
1
  8
A-KRESKOWANIE
370
25
100
AcDbPolyline
 90
2
 70
0
 10
706.55702639691
 20
331.7695774696305
 10
706.6536877131805
 20
331.8708522934362
  0
LWPOLYLINE
  5
95
330
1B
100
AcDbEntity
 67
1
  8
A-KRESKOWANIE
370
25
100
AcDbPolyline
 90
2
 70
0
 10
709.5466140452747
 20
331.53259576030564
 10
709.6518109113342
 20
331.6249733515888
  0
LWPOLYLINE
  5
96
330
1B
100
AcDbEntity
 67
1
  8
A-KRESKOWANIE
370
25
100
AcDbPolyline
 90
2
 70
0
 10
703.0399990433706
 20
333.0483967511027
 10
703.1732968430686
 20
333.0911950757857
  0
LWPOLYLINE
  5
97
330
1B
100
AcDbEntity
 67
1
  8
A-KRESKOWANIE
370
25
100
AcDbPolyline
 90
2
 70
0
 10
705.7071749233253
 20
333.96099691100363
 10
705.7154273258467
 20
334.10075347740616
  0
LWPOLYLINE
  5
98
330
1B
100
AcDbEntity
 67
1
  8
A-KRESKOWANIE
370
25
100
AcDbPolyline
 90
2
 70
0
 10
707.8738691467488
 20
333.9816216696226
 10
707.7418746305127
 20
334.0282847994318
  0
LWPOLYLINE
  5
99
330
1B
100
AcDbEntity
 67
1
  8
A-KRESKOWANIE
370
25
100
AcDbPolyline
 90
2
 70
0
 10
708.7186858863738
 20
332.626389916634
 10
708.6392062640629
 20
332.7416417697094
  0
LWPOLYLINE
  5
9A
330
1B
100
AcDbEntity
 67
1
  8
A-KRESKOWANIE
370
25
100
AcDbPolyline
 90
2
 70
0
 10
701.6770329068061
 20
334.94916323724703
 10
701.8155378268101
 20
334.9695688035138
  0
LWPOLYLINE
  5
9B
330
1B
100
AcDbEntity
 67
1
  8
A-KRESKOWANIE
370
25
100
AcDbPolyline
 90
2
 70
0
 10
702.1853762897631
 20
334.44734612585194
 10
702.3127924453946
 20
334.5053558085271
  0
LWPOLYLINE
  5
9C
330
1B
100
AcDbEntity
 67
1
  8
A-KRESKOWANIE
370
25
100
AcDbPolyline
 90
2
 70
0
 10
705.6036479456237
 20
335.8063602353275
 10
705.7132506532347
 20
335.89346503705707
  0
LWPOLYLINE
  5
9D
330
1B
100
AcDbEntity
 67
1
  8
A-KRESKOWANIE
370
25
100
AcDbPolyline
 90
2
 70
0
 10
706.5202768665123
 20
335.9428316448493
 10
706.6585204725691
 20
335.9649383267445
  0
LWPOLYLINE
  5
9E
330
1B
100
AcDbEntity
 67
1
  8
A-KRESKOWANIE
370
25
100
AcDbPolyline
 90
2
 70
0
 10
708.3964934595416
 20
335.5342440862101
 10
708.3130668703845
 20
335.64667185956534
  0
LWPOLYLINE
  5
9F
330
1B
100
AcDbEntity
 67
1
  8
A-KRESKOWANIE
370
13
100
AcDbPolyline
 90
2
 70
0
 10
799.67878733769
 20
383.90000000000003
 10
801.0
 20
385.22121266231005
  0
LWPOLYLINE
  5
A0
330
1B
100
AcDbEntity
 67
1
  8
A-KRESKOWANIE
370
13
100
AcDbPolyline
 90
2
 70
0
 10
796.8503602129439
 20
383.90000000000003
 10
801.0
 20
388.04963978705626
  0
LWPOLYLINE
  5
A1
330
1B
100
AcDbEntity
 67
1
  8
A-KRESKOWANIE
370
13
100
AcDbPolyline
 90
2
 70
0
 10
794.0219330881977
 20
383.90000000000003
 10
799.0219330881976
 20
388.90000000000003
  0
LWPOLYLINE
  5
A2
330
1B
100
AcDbEntity
 67
1
  8
A-KRESKOWANIE
370
13
100
AcDbPolyline
 90
2
 70
0
 10
791.1935059634516
 20
383.90000000000003
 10
796.1935059634516
 20
388.90000000000003
  0
LWPOLYLINE
  5
A3
330
1B
100
AcDbEntity
 67
1
  8
A-KRESKOWANIE
370
13
100
AcDbPolyline
 90
2
 70
0
 10
791.0
 20
386.5349211612947
 10
793.3650788387054
 20
388.90000000000003
  0
LWPOLYLINE
  5
A4
330
1B
100
AcDbEntity
 67
1
  8
A-KRESKOWANIE
370
13
100
AcDbPolyline
 90
2
 70
0
 10
801.0
 20
386.93939239339977
 10
799.0393923933998
 20
388.90000000000003
  0
LWPOLYLINE
  5
A5
330
1B
100
AcDbEntity
 67
1
  8
A-KRESKOWANIE
370
13
100
AcDbPolyline
 90
2
 70
0
 10
801.0
 20
384.11096526865356
 10
796.2109652686536
 20
388.90000000000003
  0
LWPOLYLINE
  5
A6
330
1B
100
AcDbEntity
 67
1
  8
A-KRESKOWANIE
370
13
100
AcDbPolyline
 90
2
 70
0
 10
798.3825381439074
 20
383.90000000000003
 10
793.3825381439074
 20
388.90000000000003
  0
LWPOLYLINE
  5
A7
330
1B
100
AcDbEntity
 67
1
  8
A-KRESKOWANIE
370
13
100
AcDbPolyline
 90
2
 70
0
 10
795.5541110191612
 20
383.90000000000003
 10
791.0
 20
388.45411101916125
  0
LWPOLYLINE
  5
A8
330
1B
100
AcDbEntity
 67
1
  8
A-KRESKOWANIE
370
13
100
AcDbPolyline
 90
2
 70
0
 10
792.7256838944152
 20
383.90000000000003
 10
791.0
 20
385.62568389441515
  0
LWPOLYLINE
  5
A9
330
1B
100
AcDbEntity
 67
1
  8
A-KRESKOWANIE
370
25
100
AcDbPolyline
 90
2
 70
0
 10
791.5381997409921
 20
368.2268281557947
 10
791.4669556785765
 20
368.3233904857713
  0
LWPOLYLINE
  5
AA
330
1B
100
AcDbEntity
 67
1
  8
A-KRESKOWANIE
370
25
100
AcDbPolyline
 90
2
 70
0
 10
797.7101590309646
 20
368.1518758080904
 10
797.7340306934105
 20
368.26947743959295
  0
LWPOLYLINE
  5
AB
330
1B
100
AcDbEntity
 67
1
  8
A-KRESKOWANIE
370
25
100
AcDbPolyline
 90
2
 70
0
 10
799.3318899594731
 20
368.09091193337775
 10
799.2195405349685
 20
368.1330736080776
  0
LWPOLYLINE
  5
AC
330
1B
100
AcDbEntity
 67
1
  8
A-KRESKOWANIE
370
25
100
AcDbPolyline
 90
2
 70
0
 10
792.5957996329212
 20
369.39260115187864
 10
792.678706612115
 20
369.4793561678775
  0
LWPOLYLINE
  5
AD
330
1B
100
AcDbEntity
 67
1
  8
A-KRESKOWANIE
370
25
100
AcDbPolyline
 90
2
 70
0
 10
793.3825421211136
 20
369.77665595814005
 10
793.4117245729698
 20
369.8930534860505
  0
LWPOLYLINE
  5
AE
330
1B
100
AcDbEntity
 67
1
  8
A-KRESKOWANIE
370
25
100
AcDbPolyline
 90
2
 70
0
 10
794.8134313501641
 20
369.74929142202996
 10
794.9045241589164
 20
369.82740736274394
  0
LWPOLYLINE
  5
AF
330
1B
100
AcDbEntity
 67
1
  8
A-KRESKOWANIE
370
25
100
AcDbPolyline
 90
2
 70
0
 10
796.115003556211
 20
369.6857245317594
 10
796.2346907725439
 20
369.6943830678073
  0
LWPOLYLINE
  5
B0
330
1B
100
AcDbEntity
 67
1
  8
A-KRESKOWANIE
370
25
100
AcDbPolyline
 90
2
 70
0
 10
797.768153694349
 20
369.77148114453047
 10
797.7065378934093
 20
369.8744544084127
  0
LWPOLYLINE
  5
B1
330
1B
100
AcDbEntity
 67
1
  8
A-KRESKOWANIE
370
25
100
AcDbPolyline
 90
2
 70
0
 10
799.1288148908876
 20
369.2647608075167
 10
799.0114860793651
 20
369.28993917098063
  0
LWPOLYLINE
  5
B2
330
1B
100
AcDbEntity
 67
1
  8
A-KRESKOWANIE
370
25
100
AcDbPolyline
 90
2
 70
0
 10
791.533020460038
 20
370.5954423970268
 10
791.447618227251
 20
370.6797422109946
  0
LWPOLYLINE
  5
B3
330
1B
100
AcDbEntity
 67
1
  8
A-KRESKOWANIE
370
25
100
AcDbPolyline
 90
2
 70
0
 10
792.3105887155045
 20
370.56004173988657
 10
792.2105108401637
 20
370.626256684327
  0
LWPOLYLINE
  5
B4
330
1B
100
AcDbEntity
 67
1
  8
A-KRESKOWANIE
370
25
100
AcDbPolyline
 90
2
 70
0
 10
793.725266333695
 20
370.58180666425477
 10
793.7269274488244
 20
370.70179516660613
  0
LWPOLYLINE
  5
B5
330
1B
100
AcDbEntity
 67
1
  8
A-KRESKOWANIE
370
25
100
AcDbPolyline
 90
2
 70
0
 10
794.7294830800874
 20
370.52259416064385
 10
794.8235995052419
 20
370.59703943259683
  0
LWPOLYLINE
  5
B6
330
1B
100
AcDbEntity
 67
1
  8
A-KRESKOWANIE
370
25
100
AcDbPolyline
 90
2
 70
0
 10
796.4602904620788
 20
370.3098016249595
 10
796.3806117592194
 20
370.3995306855288
  0
LWPOLYLINE
  5
B7
330
1B
100
AcDbEntity
 67
1
  8
A-KRESKOWANIE
370
25
100
AcDbPolyline
 90
2
 70
0
 10
797.632790316719
 20
370.7667406170348
 10
797.5255481020137
 20
370.82058397674695
  0
LWPOLYLINE
  5
B8
330
1B
100
AcDbEntity
 67
1
  8
A-KRESKOWANIE
370
25
100
AcDbPolyline
 90
2
 70
0
 10
799.015320417385
 20
371.0700298805154
 10
799.0461875196537
 20
371.1859920381253
  0
LWPOLYLINE
  5
B9
330
1B
100
AcDbEntity
 67
1
  8
A-KRESKOWANIE
370
25
100
AcDbPolyline
 90
2
 70
0
 10
792.7885358502626
 20
372.50581105882173
 10
792.8549990619272
 20
372.6057242286005
  0
LWPOLYLINE
  5
BA
330
1B
100
AcDbEntity
 67
1
  8
A-KRESKOWANIE
370
25
100
AcDbPolyline
 90
2
 70
0
 10
794.2355784670797
 20
372.54757062305794
 10
794.1384377992086
 20
372.6180240874552
  0
LWPOLYLINE
  5
BB
330
1B
100
AcDbEntity
 67
1
  8
A-KRESKOWANIE
370
25
100
AcDbPolyline
 90
2
 70
0
 10
795.8109683106443
 20
372.2479621658427
 10
795.6992287718396
 20
372.2917145996918
  0
LWPOLYLINE
  5
BC
330
1B
100
AcDbEntity
 67
1
  8
A-KRESKOWANIE
370
25
100
AcDbPolyline
 90
2
 70
0
 10
796.7307178517843
 20
371.9927743325769
 10
796.6137792281753
 20
372.0197068094111
  0
LWPOLYLINE
  5
BD
330
1B
100
AcDbEntity
 67
1
  8
A-KRESKOWANIE
370
25
100
AcDbPolyline
 90
2
 70
0
 10
798.5500660619765
 20
372.32871369969166
 10
798.432092360168
 20
372.3506728818623
  0
LWPOLYLINE
  5
BE
330
1B
100
AcDbEntity
 67
1
  8
A-KRESKOWANIE
370
25
100
AcDbPolyline
 90
2
 70
0
 10
799.4259665896766
 20
372.4946659184613
 10
799.3291999302668
 20
372.565632203602
  0
LWPOLYLINE
  5
BF
330
1B
100
AcDbEntity
 67
1
  8
A-KRESKOWANIE
370
25
100
AcDbPolyline
 90
2
 70
0
 10
800.7980280760632
 20
372.32828281972223
 10
800.6972004744891
 20
372.39335043655905
  0
LWPOLYLINE
  5
C0
330
1B
100
AcDbEntity
 67
1
  8
A-KRESKOWANIE
370
13
100
AcDbPolyline
 90
2
 70
0
 10
792.5
 20
349.40000000000003
 10
795.5
 20
353.6000000000001
  0
LWPOLYLINE
  5
C1
330
1B
100
AcDbEntity
 67
1
  8
A-KRESKOWANIE
370
13
100
AcDbPolyline
 90
2
 70
0
 10
792.95
 20
349.40000000000003
 10
795.95
 20
353.6000000000001
  0
LWPOLYLINE
  5
C2
330
1B
100
AcDbEntity
 67
1
  8
A-KRESKOWANIE
370
13
100
AcDbPolyline
 90
2
 70
0
 10
793.4
 20
349.40000000000003
 10
796.4
 20
353.6000000000001
  0
LWPOLYLINE
  5
C3
330
1B
100
AcDbEntity
 67
1
  8
A-KRESKOWANIE
370
13
100
AcDbPolyline
 90
2
 70
0
 10
799.5
 20
349.40000000000003
 10
801.0
 20
351.50000000000006
  0
LWPOLYLINE
  5
C4
330
1B
100
AcDbEntity
 67
1
  8
A-KRESKOWANIE
370
13
100
AcDbPolyline
 90
2
 70
0
 10
799.95
 20
349.40000000000003
 10
801.0
 20
350.87
  0
LWPOLYLINE
  5
C5
330
1B
100
AcDbEntity
 67
1
  8
A-KRESKOWANIE
370
13
100
AcDbPolyline
 90
2
 70
0
 10
800.4
 20
349.40000000000003
 10
801.0
 20
350.24000000000007
  0
LWPOLYLINE
  5
C6
330
1B
100
AcDbEntity
 67
1
  8
A-KRESKOWANIE
370
25
100
AcDbPolyline
 90
2
 70
0
 10
794.148414240343
 20
341.54275829065455
 10
794.2471456877014
 20
341.61096460489676
  0
LWPOLYLINE
  5
C7
330
1B
100
AcDbEntity
 67
1
  8
A-KRESKOWANIE
370
25
100
AcDbPolyline
 90
2
 70
0
 10
798.9392470480028
 20
341.5880201903975
 10
798.824037800282
 20
341.6215884676783
  0
LWPOLYLINE
  5
C8
330
1B
100
AcDbEntity
 67
1
  8
A-KRESKOWANIE
370
25
100
AcDbPolyline
 90
2
 70
0
 10
792.227278259495
 20
342.82677403919917
 10
792.3372201019862
 20
342.87486552773555
  0
LWPOLYLINE
  5
C9
330
1B
100
AcDbEntity
 67
1
  8
A-KRESKOWANIE
370
25
100
AcDbPolyline
 90
2
 70
0
 10
794.7676496272924
 20
342.22492662629816
 10
794.7526861372639
 20
342.3439900294335
  0
LWPOLYLINE
  5
CA
330
1B
100
AcDbEntity
 67
1
  8
A-KRESKOWANIE
370
25
100
AcDbPolyline
 90
2
 70
0
 10
796.8155554151728
 20
342.6359119838094
 10
796.9345890900468
 20
342.65111014968556
  0
LWPOLYLINE
  5
CB
330
1B
100
AcDbEntity
 67
1
  8
A-KRESKOWANIE
370
25
100
AcDbPolyline
 90
2
 70
0
 10
797.1535564380333
 20
342.8329441195442
 10
797.2202296580194
 20
342.93271727092616
  0
LWPOLYLINE
  5
CC
330
1B
100
AcDbEntity
 67
1
  8
A-KRESKOWANIE
370
25
100
AcDbPolyline
 90
2
 70
0
 10
799.1760271706801
 20
342.55828183875525
 10
799.123461736826
 20
342.6661561877161
  0
LWPOLYLINE
  5
CD
330
1B
100
AcDbEntity
 67
1
  8
A-KRESKOWANIE
370
25
100
AcDbPolyline
 90
2
 70
0
 10
792.7768969037836
 20
344.5125209223619
 10
792.670317044756
 20
344.5676637700364
  0
LWPOLYLINE
  5
CE
330
1B
100
AcDbEntity
 67
1
  8
A-KRESKOWANIE
370
25
100
AcDbPolyline
 90
2
 70
0
 10
794.4114489954407
 20
343.5954110753642
 10
794.3946486660655
 20
343.71422920921964
  0
LWPOLYLINE
  5
CF
330
1B
100
AcDbEntity
 67
1
  8
A-KRESKOWANIE
370
25
100
AcDbPolyline
 90
2
 70
0
 10
796.2731850841025
 20
344.7549317253124
 10
796.2153321106196
 20
344.8600651332244
  0
LWPOLYLINE
  5
D0
330
1B
100
AcDbEntity
 67
1
  8
A-KRESKOWANIE
370
25
100
AcDbPolyline
 90
2
 70
0
 10
797.1537932833013
 20
343.7569341080099
 10
797.2467275694554
 20
343.83284997234034
  0
LWPOLYLINE
  5
D1
330
1B
100
AcDbEntity
 67
1
  8
A-KRESKOWANIE
370
25
100
AcDbPolyline
 90
2
 70
0
 10
799.7125801227464
 20
344.07409501778244
 10
799.8269141118084
 20
344.110533170112
  0
LWPOLYLINE
  5
D2
330
1B
100
AcDbEntity
 67
1
  8
A-KRESKOWANIE
370
25
100
AcDbPolyline
 90
2
 70
0
 10
800.7861861399874
 20
344.6487656359005
 10
800.8822682927573
 20
344.72065596848495
  0
LWPOLYLINE
  5
D3
330
1B
100
AcDbEntity
 67
1
  8
A-KRESKOWANIE
370
25
100
AcDbPolyline
 90
2
 70
0
 10
792.6732871162525
 20
345.367845128697
 10
792.5596416877258
 20
345.406377148823
  0
LWPOLYLINE
  5
D4
330
1B
100
AcDbEntity
 67
1
  8
A-KRESKOWANIE
370
25
100
AcDbPolyline
 90
2
 70
0
 10
799.270249366922
 20
345.6493862945864
 10
799.1510418619401
 20
345.6631547642182
  0
LWPOLYLINE
  5
D5
330
1B
100
AcDbEntity
 67
1
  8
A-KRESKOWANIE
370
13
100
AcDbPolyline
 90
2
 70
0
 10
800.1617959266812
 20
331.35
 10
801.0
 20
332.18820407331884
  0
LWPOLYLINE
  5
D6
330
1B
100
AcDbEntity
 67
1
  8
A-KRESKOWANIE
370
13
100
AcDbPolyline
 90
2
 70
0
 10
798.0404755831214
 20
331.35
 10
801.0
 20
334.3095244168787
  0
LWPOLYLINE
  5
D7
330
1B
100
AcDbEntity
 67
1
  8
A-KRESKOWANIE
370
13
100
AcDbPolyline
 90
2
 70
0
 10
796.5557890066458
 20
331.98663376708396
 10
798.6771093502055
 20
334.1079541106436
  0
LWPOLYLINE
  5
D8
330
1B
100
AcDbEntity
 67
1
  8
A-KRESKOWANIE
370
13
100
AcDbPolyline
 90
2
 70
0
 10
799.384216131392
 20
334.81506089183017
 10
800.9191552395619
 20
336.35
  0
LWPOLYLINE
  5
D9
330
1B
100
AcDbEntity
 67
1
  8
A-KRESKOWANIE
370
13
100
AcDbPolyline
 90
2
 70
0
 10
793.7978348960023
 20
331.35
 10
798.7978348960022
 20
336.35
  0
LWPOLYLINE
  5
DA
330
1B
100
AcDbEntity
 67
1
  8
A-KRESKOWANIE
370
13
100
AcDbPolyline
 90
2
 70
0
 10
791.6765145524424
 20
331.35
 10
792.3131483195265
 20
331.9866337670841
  0
LWPOLYLINE
  5
DB
330
1B
100
AcDbEntity
 67
1
  8
A-KRESKOWANIE
370
13
100
AcDbPolyline
 90
2
 70
0
 10
793.020255100713
 20
332.6937405482706
 10
795.1415754442727
 20
334.81506089183017
  0
LWPOLYLINE
  5
DC
330
1B
100
AcDbEntity
 67
1
  8
A-KRESKOWANIE
370
13
100
AcDbPolyline
 90
2
 70
0
 10
795.8486822254592
 20
335.5221676730167
 10
796.6765145524425
 20
336.35
  0
LWPOLYLINE
  5
DD
330
1B
100
AcDbEntity
 67
1
  8
A-KRESKOWANIE
370
13
100
AcDbPolyline
 90
2
 70
0
 10
791.0
 20
332.79480579111714
 10
794.5551942088828
 20
336.35
  0
LWPOLYLINE
  5
DE
330
1B
100
AcDbEntity
 67
1
  8
A-KRESKOWANIE
370
13
100
AcDbPolyline
 90
2
 70
0
 10
791.0
 20
334.91612613467686
 10
791.6060415383399
 20
335.5221676730168
  0
LWPOLYLINE
  5
DF
330
1B
100
AcDbEntity
 67
1
  8
A-KRESKOWANIE
370
13
100
AcDbPolyline
 90
2
 70
0
 10
792.3131483195265
 20
336.2292744542032
 10
792.4338738653232
 20
336.35
  0
CIRCLE
  5
E0
330
1B
100
AcDbEntity
 67
1
  8
A-KRESKOWANIE
370
13
100
AcDbCircle
 10
792.2867869192213
 20
325.2779152262876
 30
0.0
 40
0.2525374861560812
  0
CIRCLE
  5
E1
330
1B
100
AcDbEntity
 67
1
  8
A-KRESKOWANIE
370
13
100
AcDbCircle
 10
794.3899440564262
 20
325.10137392803483
 30
0.0
 40
0.47848051707289363
  0
CIRCLE
  5
E2
330
1B
100
AcDbEntity
 67
1
  8
A-KRESKOWANIE
370
13
100
AcDbCircle
 10
795.6176640208295
 20
325.06993962069356
 30
0.0
 40
0.3320953485928639
  0
CIRCLE
  5
E3
330
1B
100
AcDbEntity
 67
1
  8
A-KRESKOWANIE
370
13
100
AcDbCircle
 10
797.5904127367291
 20
325.23727626047094
 30
0.0
 40
0.4257298932291057
  0
CIRCLE
  5
E4
330
1B
100
AcDbEntity
 67
1
  8
A-KRESKOWANIE
370
13
100
AcDbCircle
 10
798.7102759908693
 20
325.3707019057836
 30
0.0
 40
0.3368104463807656
  0
CIRCLE
  5
E5
330
1B
100
AcDbEntity
 67
1
  8
A-KRESKOWANIE
370
13
100
AcDbCircle
 10
800.2969157362112
 20
325.00898510912384
 30
0.0
 40
0.359781914374537
  0
CIRCLE
  5
E6
330
1B
100
AcDbEntity
 67
1
  8
A-KRESKOWANIE
370
13
100
AcDbCircle
 10
792.350263421588
 20
326.3186311674819
 30
0.0
 40
0.5177511105514874
  0
CIRCLE
  5
E7
330
1B
100
AcDbEntity
 67
1
  8
A-KRESKOWANIE
370
13
100
AcDbCircle
 10
794.5152795486598
 20
326.57100069944056
 30
0.0
 40
0.5067178711306026
  0
CIRCLE
  5
E8
330
1B
100
AcDbEntity
 67
1
  8
A-KRESKOWANIE
370
13
100
AcDbCircle
 10
796.6408488829628
 20
326.1223594763445
 30
0.0
 40
0.26136049621671886
  0
CIRCLE
  5
E9
330
1B
100
AcDbEntity
 67
1
  8
A-KRESKOWANIE
370
13
100
AcDbCircle
 10
795.8804995410873
 20
327.6066715111297
 30
0.0
 40
0.3137792840441923
  0
CIRCLE
  5
EA
330
1B
100
AcDbEntity
 67
1
  8
A-KRESKOWANIE
370
13
100
AcDbCircle
 10
798.6124680056486
 20
327.66198006782696
 30
0.0
 40
0.34535883834475467
  0
HATCH
  5
EB
330
1B
100
AcDbEntity
 67
1
  8
R-OPISY
 62
7
420
0
100
AcDbHatch
 10
0.0
 20
0.0
 30
0.0
210
0.0
220
0.0
230
1.0
  2
SOLID
 70
1
 71
0
 91
1
 92
3
 72
0
 73
1
 93
4
 10
705.0
 20
267.93999999999994
 10
709.0
 20
267.93999999999994
 10
709.0
 20
269.53999999999996
 10
705.0
 20
269.53999999999996
 97
0
 75
0
 76
1
 98
0
  0
HATCH
  5
EC
330
1B
100
AcDbEntity
 67
1
  8
R-OPISY
 62
7
420
0
100
AcDbHatch
 10
0.0
 20
0.0
 30
0.0
210
0.0
220
0.0
230
1.0
  2
SOLID
 70
1
 71
0
 91
1
 92
3
 72
0
 73
1
 93
4
 10
713.0
 20
267.93999999999994
 10
717.0
 20
267.93999999999994
 10
717.0
 20
269.53999999999996
 10
713.0
 20
269.53999999999996
 97
0
 75
0
 76
1
 98
0
  0
HATCH
  5
ED
330
1B
100
AcDbEntity
 67
1
  8
R-OPISY
 62
7
420
0
100
AcDbHatch
 10
0.0
 20
0.0
 30
0.0
210
0.0
220
0.0
230
1.0
  2
SOLID
 70
1
 71
0
 91
1
 92
3
 72
0
 73
1
 93
4
 10
721.0
 20
267.93999999999994
 10
725.0
 20
267.93999999999994
 10
725.0
 20
269.53999999999996
 10
721.0
 20
269.53999999999996
 97
0
 75
0
 76
1
 98
0
  0
HATCH
  5
EE
330
1B
100
AcDbEntity
 67
1
  8
R-OPISY
 62
7
420
0
100
AcDbHatch
 10
0.0
 20
0.0
 30
0.0
210
0.0
220
0.0
230
1.0
  2
SOLID
 70
1
 71
0
 91
1
 92
3
 72
0
 73
1
 93
4
 10
745.0
 20
267.93999999999994
 10
765.0
 20
267.93999999999994
 10
765.0
 20
269.53999999999996
 10
745.0
 20
269.53999999999996
 97
0
 75
0
 76
1
 98
0
  0
HATCH
  5
EF
330
1B
100
AcDbEntity
 67
1
  8
R-OPISY
 62
7
420
0
100
AcDbHatch
 10
0.0
 20
0.0
 30
0.0
210
0.0
220
0.0
230
1.0
  2
SOLID
 70
1
 71
0
 91
1
 92
3
 72
0
 73
1
 93
4
 10
785.0
 20
267.93999999999994
 10
805.0
 20
267.93999999999994
 10
805.0
 20
269.53999999999996
 10
785.0
 20
269.53999999999996
 97
0
 75
0
 76
1
 98
0
  0
LWPOLYLINE
  5
F0
330
1B
100
AcDbEntity
 67
1
  8
R-OPISY
370
50
100
AcDbPolyline
 90
2
 70
0
 10
167.61983874630934
 20
349.265
 10
234.76303656597776
 20
349.265
  0
LWPOLYLINE
  5
F1
330
1B
100
AcDbEntity
 67
1
  8
R-LEGENDA
370
25
100
AcDbPolyline
 90
4
 70
1
 10
701.0
 20
392.05
 10
711.0
 20
392.05
 10
711.0
 20
397.05
 10
701.0
 20
397.05
  0
LWPOLYLINE
  5
F2
330
1B
100
AcDbEntity
 67
1
  8
R-LEGENDA
370
70
100
AcDbPolyline
 90
2
 70
0
 10
701.0
 20
388.1
 10
711.0
 20
388.1
  0
LWPOLYLINE
  5
F3
330
1B
100
AcDbEntity
 67
1
  8
R-LEGENDA
370
25
100
AcDbPolyline
 90
4
 70
1
 10
701.0
 20
377.50000000000006
 10
711.0
 20
377.50000000000006
 10
711.0
 20
382.50000000000006
 10
701.0
 20
382.50000000000006
  0
LWPOLYLINE
  5
F4
330
1B
100
AcDbEntity
 67
1
  8
R-LEGENDA
370
25
100
AcDbPolyline
 90
4
 70
1
 10
701.0
 20
370.70000000000005
 10
711.0
 20
370.70000000000005
 10
711.0
 20
375.70000000000005
 10
701.0
 20
375.70000000000005
  0
LWPOLYLINE
  5
F5
330
1B
100
AcDbEntity
 67
1
  8
R-LEGENDA
  6
KROPKOWA
370
13
100
AcDbPolyline
 90
4
 70
129
 10
701.0
 20
363.90000000000003
 10
711.0
 20
363.90000000000003
 10
711.0
 20
368.90000000000003
 10
701.0
 20
368.90000000000003
  0
LWPOLYLINE
  5
F6
330
1B
100
AcDbEntity
 67
1
  8
R-LEGENDA
  6
KROPKOWA
370
13
100
AcDbPolyline
 90
4
 70
129
 10
701.0
 20
357.1
 10
711.0
 20
357.1
 10
711.0
 20
362.1
 10
701.0
 20
362.1
  0
LWPOLYLINE
  5
F7
330
1B
100
AcDbEntity
 67
1
  8
R-LEGENDA
370
25
100
AcDbPolyline
 90
4
 70
1
 10
701.0
 20
347.6
 10
711.0
 20
347.6
 10
711.0
 20
352.6
 10
701.0
 20
352.6
  0
LWPOLYLINE
  5
F8
330
1B
100
AcDbEntity
 67
1
  8
R-LEGENDA
370
25
100
AcDbPolyline
 90
4
 70
1
 10
701.0
 20
338.1
 10
711.0
 20
338.1
 10
711.0
 20
343.1
 10
701.0
 20
343.1
  0
LWPOLYLINE
  5
F9
330
1B
100
AcDbEntity
 67
1
  8
R-LEGENDA
370
25
100
AcDbPolyline
 90
4
 70
1
 10
701.0
 20
331.3
 10
711.0
 20
331.3
 10
711.0
 20
336.3
 10
701.0
 20
336.3
  0
LWPOLYLINE
  5
FA
330
1B
100
AcDbEntity
 67
1
  8
R-LEGENDA
  6
KROPKOWA
370
13
100
AcDbPolyline
 90
4
 70
129
 10
791.0
 20
393.40000000000003
 10
801.0
 20
393.40000000000003
 10
801.0
 20
398.40000000000003
 10
791.0
 20
398.40000000000003
  0
LWPOLYLINE
  5
FB
330
1B
100
AcDbEntity
 67
1
  8
R-LEGENDA
370
25
100
AcDbPolyline
 90
4
 70
1
 10
791.0
 20
383.90000000000003
 10
801.0
 20
383.90000000000003
 10
801.0
 20
388.90000000000003
 10
791.0
 20
388.90000000000003
  0
LWPOLYLINE
  5
FC
330
1B
100
AcDbEntity
 67
1
  8
R-LEGENDA
  6
KROPKOWA
370
13
100
AcDbPolyline
 90
4
 70
129
 10
791.0
 20
374.40000000000003
 10
801.0
 20
374.40000000000003
 10
801.0
 20
379.40000000000003
 10
791.0
 20
379.40000000000003
  0
LWPOLYLINE
  5
FD
330
1B
100
AcDbEntity
 67
1
  8
R-LEGENDA
370
25
100
AcDbPolyline
 90
4
 70
1
 10
791.0
 20
367.8
 10
801.0
 20
367.8
 10
801.0
 20
372.8
 10
791.0
 20
372.8
  0
LWPOLYLINE
  5
FE
330
1B
100
AcDbEntity
 67
1
  8
R-LEGENDA
370
25
100
AcDbPolyline
 90
4
 70
1
 10
791.0
 20
349.00000000000006
 10
801.0
 20
349.00000000000006
 10
801.0
 20
354.00000000000006
 10
791.0
 20
354.00000000000006
  0
LWPOLYLINE
  5
FF
330
1B
100
AcDbEntity
 67
1
  8
R-LEGENDA
370
25
100
AcDbPolyline
 90
4
 70
1
 10
791.0
 20
340.85
 10
801.0
 20
340.85
 10
801.0
 20
345.85
 10
791.0
 20
345.85
  0
LWPOLYLINE
  5
100
330
1B
100
AcDbEntity
 67
1
  8
R-LEGENDA
370
25
100
AcDbPolyline
 90
4
 70
1
 10
791.0
 20
331.35
 10
801.0
 20
331.35
 10
801.0
 20
336.35
 10
791.0
 20
336.35
  0
LWPOLYLINE
  5
101
330
1B
100
AcDbEntity
 67
1
  8
R-LEGENDA
370
25
100
AcDbPolyline
 90
4
 70
1
 10
791.0
 20
323.40000000000003
 10
801.0
 20
323.40000000000003
 10
801.0
 20
328.40000000000003
 10
791.0
 20
328.40000000000003
  0
LWPOLYLINE
  5
102
330
1B
100
AcDbEntity
 67
1
  8
R-OPISY
370
25
100
AcDbPolyline
 90
4
 70
1
 10
701.0
 20
280.93999999999994
 10
881.0
 20
280.93999999999994
 10
881.0
 20
318.40000000000003
 10
701.0
 20
318.40000000000003
  0
LWPOLYLINE
  5
103
330
1B
100
AcDbEntity
 67
1
  8
R-OPISY
370
18
100
AcDbPolyline
 90
4
 70
1
 10
705.0
 20
267.93999999999994
 10
725.0
 20
267.93999999999994
 10
725.0
 20
269.53999999999996
 10
705.0
 20
269.53999999999996
  0
LWPOLYLINE
  5
104
330
1B
100
AcDbEntity
 67
1
  8
R-OPISY
370
18
100
AcDbPolyline
 90
4
 70
1
 10
725.0
 20
267.93999999999994
 10
745.0
 20
267.93999999999994
 10
745.0
 20
269.53999999999996
 10
725.0
 20
269.53999999999996
  0
LWPOLYLINE
  5
105
330
1B
100
AcDbEntity
 67
1
  8
R-OPISY
370
18
100
AcDbPolyline
 90
4
 70
1
 10
745.0
 20
267.93999999999994
 10
765.0
 20
267.93999999999994
 10
765.0
 20
269.53999999999996
 10
745.0
 20
269.53999999999996
  0
LWPOLYLINE
  5
106
330
1B
100
AcDbEntity
 67
1
  8
R-OPISY
370
18
100
AcDbPolyline
 90
4
 70
1
 10
765.0
 20
267.93999999999994
 10
785.0
 20
267.93999999999994
 10
785.0
 20
269.53999999999996
 10
765.0
 20
269.53999999999996
  0
LWPOLYLINE
  5
107
330
1B
100
AcDbEntity
 67
1
  8
R-OPISY
370
18
100
AcDbPolyline
 90
4
 70
1
 10
785.0
 20
267.93999999999994
 10
805.0
 20
267.93999999999994
 10
805.0
 20
269.53999999999996
 10
785.0
 20
269.53999999999996
  0
LWPOLYLINE
  5
108
330
1B
100
AcDbEntity
 67
1
  8
R-OPISY
370
18
100
AcDbPolyline
 90
4
 70
1
 10
805.0
 20
267.93999999999994
 10
825.0
 20
267.93999999999994
 10
825.0
 20
269.53999999999996
 10
805.0
 20
269.53999999999996
  0
LWPOLYLINE
  5
109
330
1B
100
AcDbEntity
 67
1
  8
R-OPISY
370
35
100
AcDbPolyline
 90
2
 70
0
 10
11.0
 20
18.0
 10
11.0
 20
118.0
  0
LWPOLYLINE
  5
10A
330
1B
100
AcDbEntity
 67
1
  8
R-OPISY
370
18
100
AcDbPolyline
 90
2
 70
0
 10
11.0
 20
18.0
 10
9.4
 20
18.0
  0
LWPOLYLINE
  5
10B
330
1B
100
AcDbEntity
 67
1
  8
R-OPISY
370
18
100
AcDbPolyline
 90
2
 70
0
 10
11.0
 20
28.0
 10
10.1
 20
28.0
  0
LWPOLYLINE
  5
10C
330
1B
100
AcDbEntity
 67
1
  8
R-OPISY
370
18
100
AcDbPolyline
 90
2
 70
0
 10
11.0
 20
38.0
 10
10.1
 20
38.0
  0
LWPOLYLINE
  5
10D
330
1B
100
AcDbEntity
 67
1
  8
R-OPISY
370
18
100
AcDbPolyline
 90
2
 70
0
 10
11.0
 20
48.0
 10
10.1
 20
48.0
  0
LWPOLYLINE
  5
10E
330
1B
100
AcDbEntity
 67
1
  8
R-OPISY
370
18
100
AcDbPolyline
 90
2
 70
0
 10
11.0
 20
58.0
 10
10.1
 20
58.0
  0
LWPOLYLINE
  5
10F
330
1B
100
AcDbEntity
 67
1
  8
R-OPISY
370
18
100
AcDbPolyline
 90
2
 70
0
 10
11.0
 20
68.0
 10
9.4
 20
68.0
  0
LWPOLYLINE
  5
110
330
1B
100
AcDbEntity
 67
1
  8
R-OPISY
370
18
100
AcDbPolyline
 90
2
 70
0
 10
11.0
 20
78.0
 10
10.1
 20
78.0
  0
LWPOLYLINE
  5
111
330
1B
100
AcDbEntity
 67
1
  8
R-OPISY
370
18
100
AcDbPolyline
 90
2
 70
0
 10
11.0
 20
88.0
 10
10.1
 20
88.0
  0
LWPOLYLINE
  5
112
330
1B
100
AcDbEntity
 67
1
  8
R-OPISY
370
18
100
AcDbPolyline
 90
2
 70
0
 10
11.0
 20
98.0
 10
10.1
 20
98.0
  0
LWPOLYLINE
  5
113
330
1B
100
AcDbEntity
 67
1
  8
R-OPISY
370
18
100
AcDbPolyline
 90
2
 70
0
 10
11.0
 20
108.0
 10
10.1
 20
108.0
  0
LWPOLYLINE
  5
114
330
1B
100
AcDbEntity
 67
1
  8
R-OPISY
370
18
100
AcDbPolyline
 90
2
 70
0
 10
11.0
 20
118.0
 10
9.4
 20
118.0
  0
LWPOLYLINE
  5
115
330
1B
100
AcDbEntity
 67
1
  8
A-IZOL-WODNA
370
70
100
AcDbPolyline
 90
2
 70
0
 10
701.0
 20
366.40000000000003
 10
711.0
 20
366.40000000000003
  0
LWPOLYLINE
  5
116
330
1B
100
AcDbEntity
 67
1
  8
A-IZOL-WODNA
370
140
420
0
100
AcDbPolyline
 90
2
 70
0
 10
701.0
 20
359.6
 10
711.0
 20
359.6
  0
LWPOLYLINE
  5
117
330
1B
100
AcDbEntity
 67
1
  8
A-IZOL-WODNA
  6
PUNKTOWA_KROTKA
370
18
 48
0.6
100
AcDbPolyline
 90
2
 70
128
 10
791.0
 20
395.90000000000003
 10
801.0
 20
395.90000000000003
  0
LWPOLYLINE
  5
118
330
1B
100
AcDbEntity
 67
1
  8
A-IZOL-WODNA
  6
KRESKOWA_3_1
370
18
100
AcDbPolyline
 90
2
 70
128
 10
791.0
 20
376.90000000000003
 10
801.0
 20
376.90000000000003
  0
LWPOLYLINE
  5
119
330
1B
100
AcDbEntity
 67
1
  8
A-IZOL-WODNA
  6
HYDRO_OKNA
370
70
420
16777215
100
AcDbPolyline
 90
2
 70
128
 10
701.0
 20
359.6
 10
711.0
 20
359.6
  0
HATCH
  5
11A
330
1B
100
AcDbEntity
 67
1
  8
R-TABLICZKA
 62
7
420
16777215
100
AcDbHatch
 10
0.0
 20
0.0
 30
0.0
210
0.0
220
0.0
230
1.0
  2
SOLID
 70
1
 71
0
 91
1
 92
3
 72
0
 73
1
 93
4
 10
701.0
 20
10.0
 10
881.0
 20
10.0
 10
881.0
 20
103.0
 10
701.0
 20
103.0
 97
0
 75
0
 76
1
 98
0
  0
HATCH
  5
11B
330
1B
100
AcDbEntity
 67
1
  8
R-TABLICZKA
 62
7
420
16777215
100
AcDbHatch
 10
0.0
 20
0.0
 30
0.0
210
0.0
220
0.0
230
1.0
  2
SOLID
 70
1
 71
0
 91
1
 92
3
 72
0
 73
1
 93
4
 10
701.0
 20
103.0
 10
881.0
 20
103.0
 10
881.0
 20
113.0
 10
701.0
 20
113.0
 97
0
 75
0
 76
1
 98
0
  0
LWPOLYLINE
  5
11C
330
1B
100
AcDbEntity
 67
1
  8
R-RAMKA
370
70
100
AcDbPolyline
 90
4
 70
1
 10
20.0
 20
10.0
 10
881.0
 20
10.0
 10
881.0
 20
410.0
 10
20.0
 20
410.0
  0
LWPOLYLINE
  5
11D
330
1B
100
AcDbEntity
 67
1
  8
R-RAMKA
370
70
100
AcDbPolyline
 90
2
 70
0
 10
445.5
 20
0.0
 10
445.5
 20
20.0
  0
LWPOLYLINE
  5
11E
330
1B
100
AcDbEntity
 67
1
  8
R-RAMKA
370
70
100
AcDbPolyline
 90
2
 70
0
 10
445.5
 20
420.0
 10
445.5
 20
400.0
  0
LWPOLYLINE
  5
11F
330
1B
100
AcDbEntity
 67
1
  8
R-RAMKA
370
70
100
AcDbPolyline
 90
2
 70
0
 10
0.0
 20
210.0
 10
30.0
 20
210.0
  0
LWPOLYLINE
  5
120
330
1B
100
AcDbEntity
 67
1
  8
R-RAMKA
370
70
100
AcDbPolyline
 90
2
 70
0
 10
891.0
 20
210.0
 10
871.0
 20
210.0
  0
LWPOLYLINE
  5
121
330
1B
100
AcDbEntity
 67
1
  8
R-RAMKA
370
35
100
AcDbPolyline
 90
2
 70
0
 10
210.0
 20
0.0
 10
210.0
 20
5.0
  0
LWPOLYLINE
  5
122
330
1B
100
AcDbEntity
 67
1
  8
R-RAMKA
370
35
100
AcDbPolyline
 90
2
 70
0
 10
210.0
 20
420.0
 10
210.0
 20
415.0
  0
LWPOLYLINE
  5
123
330
1B
100
AcDbEntity
 67
1
  8
R-RAMKA
370
35
100
AcDbPolyline
 90
2
 70
0
 10
360.5
 20
0.0
 10
360.5
 20
5.0
  0
LWPOLYLINE
  5
124
330
1B
100
AcDbEntity
 67
1
  8
R-RAMKA
370
35
100
AcDbPolyline
 90
2
 70
0
 10
360.5
 20
420.0
 10
360.5
 20
415.0
  0
LWPOLYLINE
  5
125
330
1B
100
AcDbEntity
 67
1
  8
R-RAMKA
370
35
100
AcDbPolyline
 90
2
 70
0
 10
511.0
 20
0.0
 10
511.0
 20
5.0
  0
LWPOLYLINE
  5
126
330
1B
100
AcDbEntity
 67
1
  8
R-RAMKA
370
35
100
AcDbPolyline
 90
2
 70
0
 10
511.0
 20
420.0
 10
511.0
 20
415.0
  0
LWPOLYLINE
  5
127
330
1B
100
AcDbEntity
 67
1
  8
R-RAMKA
370
35
100
AcDbPolyline
 90
2
 70
0
 10
701.0
 20
0.0
 10
701.0
 20
5.0
  0
LWPOLYLINE
  5
128
330
1B
100
AcDbEntity
 67
1
  8
R-RAMKA
370
35
100
AcDbPolyline
 90
2
 70
0
 10
701.0
 20
420.0
 10
701.0
 20
415.0
  0
LWPOLYLINE
  5
129
330
1B
100
AcDbEntity
 67
1
  8
R-RAMKA
370
35
100
AcDbPolyline
 90
2
 70
0
 10
0.0
 20
297.0
 10
5.0
 20
297.0
  0
LWPOLYLINE
  5
12A
330
1B
100
AcDbEntity
 67
1
  8
R-RAMKA
370
35
100
AcDbPolyline
 90
2
 70
0
 10
891.0
 20
297.0
 10
886.0
 20
297.0
  0
LWPOLYLINE
  5
12B
330
1B
100
AcDbEntity
 67
1
  8
R-RAMKA
370
35
100
AcDbPolyline
 90
2
 70
0
 10
45.5
 20
10.0
 10
45.5
 20
5.0
  0
LWPOLYLINE
  5
12C
330
1B
100
AcDbEntity
 67
1
  8
R-RAMKA
370
35
100
AcDbPolyline
 90
2
 70
0
 10
45.5
 20
410.0
 10
45.5
 20
415.0
  0
LWPOLYLINE
  5
12D
330
1B
100
AcDbEntity
 67
1
  8
R-RAMKA
370
35
100
AcDbPolyline
 90
2
 70
0
 10
95.5
 20
10.0
 10
95.5
 20
5.0
  0
LWPOLYLINE
  5
12E
330
1B
100
AcDbEntity
 67
1
  8
R-RAMKA
370
35
100
AcDbPolyline
 90
2
 70
0
 10
95.5
 20
410.0
 10
95.5
 20
415.0
  0
LWPOLYLINE
  5
12F
330
1B
100
AcDbEntity
 67
1
  8
R-RAMKA
370
35
100
AcDbPolyline
 90
2
 70
0
 10
145.5
 20
10.0
 10
145.5
 20
5.0
  0
LWPOLYLINE
  5
130
330
1B
100
AcDbEntity
 67
1
  8
R-RAMKA
370
35
100
AcDbPolyline
 90
2
 70
0
 10
145.5
 20
410.0
 10
145.5
 20
415.0
  0
LWPOLYLINE
  5
131
330
1B
100
AcDbEntity
 67
1
  8
R-RAMKA
370
35
100
AcDbPolyline
 90
2
 70
0
 10
195.5
 20
10.0
 10
195.5
 20
5.0
  0
LWPOLYLINE
  5
132
330
1B
100
AcDbEntity
 67
1
  8
R-RAMKA
370
35
100
AcDbPolyline
 90
2
 70
0
 10
195.5
 20
410.0
 10
195.5
 20
415.0
  0
LWPOLYLINE
  5
133
330
1B
100
AcDbEntity
 67
1
  8
R-RAMKA
370
35
100
AcDbPolyline
 90
2
 70
0
 10
245.5
 20
10.0
 10
245.5
 20
5.0
  0
LWPOLYLINE
  5
134
330
1B
100
AcDbEntity
 67
1
  8
R-RAMKA
370
35
100
AcDbPolyline
 90
2
 70
0
 10
245.5
 20
410.0
 10
245.5
 20
415.0
  0
LWPOLYLINE
  5
135
330
1B
100
AcDbEntity
 67
1
  8
R-RAMKA
370
35
100
AcDbPolyline
 90
2
 70
0
 10
295.5
 20
10.0
 10
295.5
 20
5.0
  0
LWPOLYLINE
  5
136
330
1B
100
AcDbEntity
 67
1
  8
R-RAMKA
370
35
100
AcDbPolyline
 90
2
 70
0
 10
295.5
 20
410.0
 10
295.5
 20
415.0
  0
LWPOLYLINE
  5
137
330
1B
100
AcDbEntity
 67
1
  8
R-RAMKA
370
35
100
AcDbPolyline
 90
2
 70
0
 10
345.5
 20
10.0
 10
345.5
 20
5.0
  0
LWPOLYLINE
  5
138
330
1B
100
AcDbEntity
 67
1
  8
R-RAMKA
370
35
100
AcDbPolyline
 90
2
 70
0
 10
345.5
 20
410.0
 10
345.5
 20
415.0
  0
LWPOLYLINE
  5
139
330
1B
100
AcDbEntity
 67
1
  8
R-RAMKA
370
35
100
AcDbPolyline
 90
2
 70
0
 10
395.5
 20
10.0
 10
395.5
 20
5.0
  0
LWPOLYLINE
  5
13A
330
1B
100
AcDbEntity
 67
1
  8
R-RAMKA
370
35
100
AcDbPolyline
 90
2
 70
0
 10
395.5
 20
410.0
 10
395.5
 20
415.0
  0
LWPOLYLINE
  5
13B
330
1B
100
AcDbEntity
 67
1
  8
R-RAMKA
370
35
100
AcDbPolyline
 90
2
 70
0
 10
445.5
 20
10.0
 10
445.5
 20
5.0
  0
LWPOLYLINE
  5
13C
330
1B
100
AcDbEntity
 67
1
  8
R-RAMKA
370
35
100
AcDbPolyline
 90
2
 70
0
 10
445.5
 20
410.0
 10
445.5
 20
415.0
  0
LWPOLYLINE
  5
13D
330
1B
100
AcDbEntity
 67
1
  8
R-RAMKA
370
35
100
AcDbPolyline
 90
2
 70
0
 10
495.5
 20
10.0
 10
495.5
 20
5.0
  0
LWPOLYLINE
  5
13E
330
1B
100
AcDbEntity
 67
1
  8
R-RAMKA
370
35
100
AcDbPolyline
 90
2
 70
0
 10
495.5
 20
410.0
 10
495.5
 20
415.0
  0
LWPOLYLINE
  5
13F
330
1B
100
AcDbEntity
 67
1
  8
R-RAMKA
370
35
100
AcDbPolyline
 90
2
 70
0
 10
545.5
 20
10.0
 10
545.5
 20
5.0
  0
LWPOLYLINE
  5
140
330
1B
100
AcDbEntity
 67
1
  8
R-RAMKA
370
35
100
AcDbPolyline
 90
2
 70
0
 10
545.5
 20
410.0
 10
545.5
 20
415.0
  0
LWPOLYLINE
  5
141
330
1B
100
AcDbEntity
 67
1
  8
R-RAMKA
370
35
100
AcDbPolyline
 90
2
 70
0
 10
595.5
 20
10.0
 10
595.5
 20
5.0
  0
LWPOLYLINE
  5
142
330
1B
100
AcDbEntity
 67
1
  8
R-RAMKA
370
35
100
AcDbPolyline
 90
2
 70
0
 10
595.5
 20
410.0
 10
595.5
 20
415.0
  0
LWPOLYLINE
  5
143
330
1B
100
AcDbEntity
 67
1
  8
R-RAMKA
370
35
100
AcDbPolyline
 90
2
 70
0
 10
645.5
 20
10.0
 10
645.5
 20
5.0
  0
LWPOLYLINE
  5
144
330
1B
100
AcDbEntity
 67
1
  8
R-RAMKA
370
35
100
AcDbPolyline
 90
2
 70
0
 10
645.5
 20
410.0
 10
645.5
 20
415.0
  0
LWPOLYLINE
  5
145
330
1B
100
AcDbEntity
 67
1
  8
R-RAMKA
370
35
100
AcDbPolyline
 90
2
 70
0
 10
695.5
 20
10.0
 10
695.5
 20
5.0
  0
LWPOLYLINE
  5
146
330
1B
100
AcDbEntity
 67
1
  8
R-RAMKA
370
35
100
AcDbPolyline
 90
2
 70
0
 10
695.5
 20
410.0
 10
695.5
 20
415.0
  0
LWPOLYLINE
  5
147
330
1B
100
AcDbEntity
 67
1
  8
R-RAMKA
370
35
100
AcDbPolyline
 90
2
 70
0
 10
745.5
 20
10.0
 10
745.5
 20
5.0
  0
LWPOLYLINE
  5
148
330
1B
100
AcDbEntity
 67
1
  8
R-RAMKA
370
35
100
AcDbPolyline
 90
2
 70
0
 10
745.5
 20
410.0
 10
745.5
 20
415.0
  0
LWPOLYLINE
  5
149
330
1B
100
AcDbEntity
 67
1
  8
R-RAMKA
370
35
100
AcDbPolyline
 90
2
 70
0
 10
795.5
 20
10.0
 10
795.5
 20
5.0
  0
LWPOLYLINE
  5
14A
330
1B
100
AcDbEntity
 67
1
  8
R-RAMKA
370
35
100
AcDbPolyline
 90
2
 70
0
 10
795.5
 20
410.0
 10
795.5
 20
415.0
  0
LWPOLYLINE
  5
14B
330
1B
100
AcDbEntity
 67
1
  8
R-RAMKA
370
35
100
AcDbPolyline
 90
2
 70
0
 10
845.5
 20
10.0
 10
845.5
 20
5.0
  0
LWPOLYLINE
  5
14C
330
1B
100
AcDbEntity
 67
1
  8
R-RAMKA
370
35
100
AcDbPolyline
 90
2
 70
0
 10
845.5
 20
410.0
 10
845.5
 20
415.0
  0
LWPOLYLINE
  5
14D
330
1B
100
AcDbEntity
 67
1
  8
R-RAMKA
370
35
100
AcDbPolyline
 90
2
 70
0
 10
20.0
 20
60.0
 10
15.0
 20
60.0
  0
LWPOLYLINE
  5
14E
330
1B
100
AcDbEntity
 67
1
  8
R-RAMKA
370
35
100
AcDbPolyline
 90
2
 70
0
 10
881.0
 20
60.0
 10
886.0
 20
60.0
  0
LWPOLYLINE
  5
14F
330
1B
100
AcDbEntity
 67
1
  8
R-RAMKA
370
35
100
AcDbPolyline
 90
2
 70
0
 10
20.0
 20
110.0
 10
15.0
 20
110.0
  0
LWPOLYLINE
  5
150
330
1B
100
AcDbEntity
 67
1
  8
R-RAMKA
370
35
100
AcDbPolyline
 90
2
 70
0
 10
881.0
 20
110.0
 10
886.0
 20
110.0
  0
LWPOLYLINE
  5
151
330
1B
100
AcDbEntity
 67
1
  8
R-RAMKA
370
35
100
AcDbPolyline
 90
2
 70
0
 10
20.0
 20
160.0
 10
15.0
 20
160.0
  0
LWPOLYLINE
  5
152
330
1B
100
AcDbEntity
 67
1
  8
R-RAMKA
370
35
100
AcDbPolyline
 90
2
 70
0
 10
881.0
 20
160.0
 10
886.0
 20
160.0
  0
LWPOLYLINE
  5
153
330
1B
100
AcDbEntity
 67
1
  8
R-RAMKA
370
35
100
AcDbPolyline
 90
2
 70
0
 10
20.0
 20
210.0
 10
15.0
 20
210.0
  0
LWPOLYLINE
  5
154
330
1B
100
AcDbEntity
 67
1
  8
R-RAMKA
370
35
100
AcDbPolyline
 90
2
 70
0
 10
881.0
 20
210.0
 10
886.0
 20
210.0
  0
LWPOLYLINE
  5
155
330
1B
100
AcDbEntity
 67
1
  8
R-RAMKA
370
35
100
AcDbPolyline
 90
2
 70
0
 10
20.0
 20
260.0
 10
15.0
 20
260.0
  0
LWPOLYLINE
  5
156
330
1B
100
AcDbEntity
 67
1
  8
R-RAMKA
370
35
100
AcDbPolyline
 90
2
 70
0
 10
881.0
 20
260.0
 10
886.0
 20
260.0
  0
LWPOLYLINE
  5
157
330
1B
100
AcDbEntity
 67
1
  8
R-RAMKA
370
35
100
AcDbPolyline
 90
2
 70
0
 10
20.0
 20
310.0
 10
15.0
 20
310.0
  0
LWPOLYLINE
  5
158
330
1B
100
AcDbEntity
 67
1
  8
R-RAMKA
370
35
100
AcDbPolyline
 90
2
 70
0
 10
881.0
 20
310.0
 10
886.0
 20
310.0
  0
LWPOLYLINE
  5
159
330
1B
100
AcDbEntity
 67
1
  8
R-RAMKA
370
35
100
AcDbPolyline
 90
2
 70
0
 10
20.0
 20
360.0
 10
15.0
 20
360.0
  0
LWPOLYLINE
  5
15A
330
1B
100
AcDbEntity
 67
1
  8
R-RAMKA
370
35
100
AcDbPolyline
 90
2
 70
0
 10
881.0
 20
360.0
 10
886.0
 20
360.0
  0
LWPOLYLINE
  5
15B
330
1B
100
AcDbEntity
 67
1
  8
R-TABLICZKA
370
25
100
AcDbPolyline
 90
2
 70
0
 10
811.0
 20
91.0
 10
811.0
 20
103.0
  0
LWPOLYLINE
  5
15C
330
1B
100
AcDbEntity
 67
1
  8
R-TABLICZKA
370
25
100
AcDbPolyline
 90
2
 70
0
 10
836.0
 20
91.0
 10
836.0
 20
103.0
  0
LWPOLYLINE
  5
15D
330
1B
100
AcDbEntity
 67
1
  8
R-TABLICZKA
370
25
100
AcDbPolyline
 90
2
 70
0
 10
701.0
 20
91.0
 10
881.0
 20
91.0
  0
LWPOLYLINE
  5
15E
330
1B
100
AcDbEntity
 67
1
  8
R-TABLICZKA
370
18
100
AcDbPolyline
 90
2
 70
0
 10
701.0
 20
83.0
 10
881.0
 20
83.0
  0
LWPOLYLINE
  5
15F
330
1B
100
AcDbEntity
 67
1
  8
R-TABLICZKA
370
18
100
AcDbPolyline
 90
2
 70
0
 10
701.0
 20
72.5
 10
881.0
 20
72.5
  0
LWPOLYLINE
  5
160
330
1B
100
AcDbEntity
 67
1
  8
R-TABLICZKA
370
18
100
AcDbPolyline
 90
2
 70
0
 10
851.0
 20
63.5
 10
851.0
 20
72.5
  0
LWPOLYLINE
  5
161
330
1B
100
AcDbEntity
 67
1
  8
R-TABLICZKA
370
25
100
AcDbPolyline
 90
2
 70
0
 10
701.0
 20
63.5
 10
881.0
 20
63.5
  0
LWPOLYLINE
  5
162
330
1B
100
AcDbEntity
 67
1
  8
R-TABLICZKA
370
18
100
AcDbPolyline
 90
2
 70
0
 10
701.0
 20
59.0
 10
881.0
 20
59.0
  0
LWPOLYLINE
  5
163
330
1B
100
AcDbEntity
 67
1
  8
R-TABLICZKA
370
18
100
AcDbPolyline
 90
2
 70
0
 10
701.0
 20
52.0
 10
881.0
 20
52.0
  0
LWPOLYLINE
  5
164
330
1B
100
AcDbEntity
 67
1
  8
R-TABLICZKA
370
18
100
AcDbPolyline
 90
2
 70
0
 10
701.0
 20
45.0
 10
881.0
 20
45.0
  0
LWPOLYLINE
  5
165
330
1B
100
AcDbEntity
 67
1
  8
R-TABLICZKA
370
18
100
AcDbPolyline
 90
2
 70
0
 10
701.0
 20
38.0
 10
881.0
 20
38.0
  0
LWPOLYLINE
  5
166
330
1B
100
AcDbEntity
 67
1
  8
R-TABLICZKA
370
18
100
AcDbPolyline
 90
2
 70
0
 10
701.0
 20
31.0
 10
881.0
 20
31.0
  0
LWPOLYLINE
  5
167
330
1B
100
AcDbEntity
 67
1
  8
R-TABLICZKA
370
18
100
AcDbPolyline
 90
2
 70
0
 10
728.0
 20
31.0
 10
728.0
 20
63.5
  0
LWPOLYLINE
  5
168
330
1B
100
AcDbEntity
 67
1
  8
R-TABLICZKA
370
18
100
AcDbPolyline
 90
2
 70
0
 10
771.0
 20
31.0
 10
771.0
 20
63.5
  0
LWPOLYLINE
  5
169
330
1B
100
AcDbEntity
 67
1
  8
R-TABLICZKA
370
18
100
AcDbPolyline
 90
2
 70
0
 10
826.0
 20
31.0
 10
826.0
 20
63.5
  0
LWPOLYLINE
  5
16A
330
1B
100
AcDbEntity
 67
1
  8
R-TABLICZKA
370
18
100
AcDbPolyline
 90
2
 70
0
 10
846.0
 20
31.0
 10
846.0
 20
63.5
  0
LWPOLYLINE
  5
16B
330
1B
100
AcDbEntity
 67
1
  8
R-TABLICZKA
370
25
100
AcDbPolyline
 90
2
 70
0
 10
701.0
 20
31.0
 10
881.0
 20
31.0
  0
LWPOLYLINE
  5
16C
330
1B
100
AcDbEntity
 67
1
  8
R-TABLICZKA
370
25
100
AcDbPolyline
 90
2
 70
0
 10
701.0
 20
19.0
 10
881.0
 20
19.0
  0
LWPOLYLINE
  5
16D
330
1B
100
AcDbEntity
 67
1
  8
R-TABLICZKA
370
25
100
AcDbPolyline
 90
2
 70
0
 10
725.0
 20
10.0
 10
725.0
 20
19.0
  0
LWPOLYLINE
  5
16E
330
1B
100
AcDbEntity
 67
1
  8
R-TABLICZKA
370
25
100
AcDbPolyline
 90
2
 70
0
 10
741.0
 20
10.0
 10
741.0
 20
19.0
  0
LWPOLYLINE
  5
16F
330
1B
100
AcDbEntity
 67
1
  8
R-TABLICZKA
370
25
100
AcDbPolyline
 90
2
 70
0
 10
765.0
 20
10.0
 10
765.0
 20
19.0
  0
LWPOLYLINE
  5
170
330
1B
100
AcDbEntity
 67
1
  8
R-TABLICZKA
370
25
100
AcDbPolyline
 90
2
 70
0
 10
793.0
 20
10.0
 10
793.0
 20
19.0
  0
LWPOLYLINE
  5
171
330
1B
100
AcDbEntity
 67
1
  8
R-TABLICZKA
370
25
100
AcDbPolyline
 90
2
 70
0
 10
845.0
 20
10.0
 10
845.0
 20
19.0
  0
LWPOLYLINE
  5
172
330
1B
100
AcDbEntity
 67
1
  8
R-TABLICZKA
370
25
100
AcDbPolyline
 90
2
 70
0
 10
863.0
 20
10.0
 10
863.0
 20
19.0
  0
LWPOLYLINE
  5
173
330
1B
100
AcDbEntity
 67
1
  8
R-TABLICZKA
370
50
100
AcDbPolyline
 90
4
 70
1
 10
701.0
 20
10.0
 10
881.0
 20
10.0
 10
881.0
 20
103.0
 10
701.0
 20
103.0
  0
LWPOLYLINE
  5
174
330
1B
100
AcDbEntity
 67
1
  8
R-TABLICZKA
370
18
100
AcDbPolyline
 90
2
 70
0
 10
701.0
 20
108.0
 10
881.0
 20
108.0
  0
LWPOLYLINE
  5
175
330
1B
100
AcDbEntity
 67
1
  8
R-TABLICZKA
370
18
100
AcDbPolyline
 90
2
 70
0
 10
701.0
 20
113.0
 10
881.0
 20
113.0
  0
LWPOLYLINE
  5
176
330
1B
100
AcDbEntity
 67
1
  8
R-TABLICZKA
370
18
100
AcDbPolyline
 90
2
 70
0
 10
719.0
 20
103.0
 10
719.0
 20
113.0
  0
LWPOLYLINE
  5
177
330
1B
100
AcDbEntity
 67
1
  8
R-TABLICZKA
370
18
100
AcDbPolyline
 90
2
 70
0
 10
841.0
 20
103.0
 10
841.0
 20
113.0
  0
LWPOLYLINE
  5
178
330
1B
100
AcDbEntity
 67
1
  8
R-TABLICZKA
370
25
100
AcDbPolyline
 90
4
 70
1
 10
701.0
 20
103.0
 10
881.0
 20
103.0
 10
881.0
 20
113.0
 10
701.0
 20
113.0
  0
TEXT
  5
179
330
1B
100
AcDbEntity
 67
1
  8
R-OPISY
100
AcDbText
 10
167.61983874630934
 20
350.765
 30
0.0
 40
5.0
  1
PRZEKRÓJ A-A
  7
PL_ARIAL_B
 11
167.61983874630934
 21
350.765
 31
0.0
100
AcDbText
  0
TEXT
  5
17A
330
1B
100
AcDbEntity
 67
1
  8
R-OPISY
100
AcDbText
 10
224.86240063593004
 20
350.765
 30
0.0
 40
3.5
  1
1:50
  7
PL_ARIAL
 11
224.86240063593004
 21
350.765
 31
0.0
100
AcDbText
  0
TEXT
  5
17B
330
1B
100
AcDbEntity
 67
1
  8
R-LEGENDA
100
AcDbText
 10
701.0
 20
403.5
 30
0.0
 40
3.5
  1
OZNACZENIA MATERIAŁÓW (PN-B-01030 + przyjęte)
  7
PL_ARIAL_B
 11
701.0
 21
403.5
 31
0.0
100
AcDbText
  0
TEXT
  5
17C
330
1B
100
AcDbEntity
 67
1
  8
R-LEGENDA
100
AcDbText
 10
713.5
 20
396.8
 30
0.0
 40
1.8
  1
Lamele dębowe 30×60 mm (ekran komunikacji P0, h 2,10 m);
  7
PL_ARIAL
 11
713.5
 21
396.8
 31
0.0
100
AcDbText
  0
TEXT
  5
17D
330
1B
100
AcDbEntity
 67
1
  8
R-LEGENDA
100
AcDbText
 10
713.5
 20
394.1
 30
0.0
 40
1.8
  1
Deska warstwowa dębowa 15 mm, klejona — przekrój wzdłuż
  7
PL_ARIAL
 11
713.5
 21
394.1
 31
0.0
100
AcDbText
  0
TEXT
  5
17E
330
1B
100
AcDbEntity
 67
1
  8
R-LEGENDA
100
AcDbText
 10
713.5
 20
391.40000000000003
 30
0.0
 40
1.8
  1
włókien
  7
PL_ARIAL
 11
713.5
 21
391.40000000000003
 31
0.0
100
AcDbText
  0
TEXT
  5
17F
330
1B
100
AcDbEntity
 67
1
  8
R-LEGENDA
100
AcDbText
 10
713.5
 20
386.15000000000003
 30
0.0
 40
1.8
  1
grunt rodzimy
  7
PL_ARIAL
 11
713.5
 21
386.15000000000003
 31
0.0
100
AcDbText
  0
TEXT
  5
180
330
1B
100
AcDbEntity
 67
1
  8
R-LEGENDA
100
AcDbText
 10
713.5
 20
380.90000000000003
 30
0.0
 40
1.8
  1
Wełna mineralna fasadowa (elewacja wentylowana bryły A, A1)
  7
PL_ARIAL
 11
713.5
 21
380.90000000000003
 31
0.0
100
AcDbText
  0
TEXT
  5
181
330
1B
100
AcDbEntity
 67
1
  8
R-LEGENDA
100
AcDbText
 10
713.5
 20
378.20000000000005
 30
0.0
 40
1.8
  1
— meander „UUU”
  7
PL_ARIAL
 11
713.5
 21
378.20000000000005
 31
0.0
100
AcDbText
  0
TEXT
  5
182
330
1B
100
AcDbEntity
 67
1
  8
R-LEGENDA
100
AcDbText
 10
713.5
 20
374.1
 30
0.0
 40
1.8
  1
Płyty PIR z okładziną (izolacja spadkowa stropodachów) —
  7
PL_ARIAL
 11
713.5
 21
374.1
 31
0.0
100
AcDbText
  0
TEXT
  5
183
330
1B
100
AcDbEntity
 67
1
  8
R-LEGENDA
100
AcDbText
 10
713.5
 20
371.40000000000003
 30
0.0
 40
1.8
  1
zygzak z okładzinami
  7
PL_ARIAL
 11
713.5
 21
371.40000000000003
 31
0.0
100
AcDbText
  0
TEXT
  5
184
330
1B
100
AcDbEntity
 67
1
  8
R-LEGENDA
100
AcDbText
 10
713.5
 20
367.3
 30
0.0
 40
1.8
  1
Izolacja przeciwwilgociowa i przeciwradonowa: membrana SBS
  7
PL_ARIAL
 11
713.5
 21
367.3
 31
0.0
100
AcDbText
  0
TEXT
  5
185
330
1B
100
AcDbEntity
 67
1
  8
R-LEGENDA
100
AcDbText
 10
713.5
 20
364.6
 30
0.0
 40
1.8
  1
4 mm na płycie fundamentowej — linia bardzo gruba
  7
PL_ARIAL
 11
713.5
 21
364.6
 31
0.0
100
AcDbText
  0
TEXT
  5
186
330
1B
100
AcDbEntity
 67
1
  8
R-LEGENDA
100
AcDbText
 10
713.5
 20
360.5
 30
0.0
 40
1.8
  1
Membrana dachowa TPO 1,5 mm, mocowana mechanicznie
  7
PL_ARIAL
 11
713.5
 21
360.5
 31
0.0
100
AcDbText
  0
TEXT
  5
187
330
1B
100
AcDbEntity
 67
1
  8
R-LEGENDA
100
AcDbText
 10
713.5
 20
357.8
 30
0.0
 40
1.8
  1
(hydroizolacja stropodachów) — pas czarno-biały
  7
PL_ARIAL
 11
713.5
 21
357.8
 31
0.0
100
AcDbText
  0
TEXT
  5
188
330
1B
100
AcDbEntity
 67
1
  8
R-LEGENDA
100
AcDbText
 10
713.5
 20
353.7
 30
0.0
 40
1.8
  1
Styropian grafitowy EPS 031 (ETICS, NRO w systemie);
  7
PL_ARIAL
 11
713.5
 21
353.7
 31
0.0
100
AcDbText
  0
TEXT
  5
189
330
1B
100
AcDbEntity
 67
1
  8
R-LEGENDA
100
AcDbText
 10
713.5
 20
351.0
 30
0.0
 40
1.8
  1
Styropian podłogowy EPS 100-038 (pod jastrychem); Styropian
  7
PL_ARIAL
 11
713.5
 21
351.0
 31
0.0
100
AcDbText
  0
TEXT
  5
18A
330
1B
100
AcDbEntity
 67
1
  8
R-LEGENDA
100
AcDbText
 10
713.5
 20
348.3
 30
0.0
 40
1.8
  1
elastyfikowany EPS T (akustyczny, pod jastrychem) — zygzak
  7
PL_ARIAL
 11
713.5
 21
348.3
 31
0.0
100
AcDbText
  0
TEXT
  5
18B
330
1B
100
AcDbEntity
 67
1
  8
R-LEGENDA
100
AcDbText
 10
713.5
 20
345.59999999999997
 30
0.0
 40
1.8
  1
„VVV”
  7
PL_ARIAL
 11
713.5
 21
345.59999999999997
 31
0.0
100
AcDbText
  0
TEXT
  5
18C
330
1B
100
AcDbEntity
 67
1
  8
R-LEGENDA
100
AcDbText
 10
713.5
 20
341.5
 30
0.0
 40
1.8
  1
Polistyren ekstrudowany XPS 300 (pod płytą fundamentową,
  7
PL_ARIAL
 11
713.5
 21
341.5
 31
0.0
100
AcDbText
  0
TEXT
  5
18D
330
1B
100
AcDbEntity
 67
1
  8
R-LEGENDA
100
AcDbText
 10
713.5
 20
338.8
 30
0.0
 40
1.8
  1
cokół, izolacja obwodowa) — zygzak podwójny
  7
PL_ARIAL
 11
713.5
 21
338.8
 31
0.0
100
AcDbText
  0
TEXT
  5
18E
330
1B
100
AcDbEntity
 67
1
  8
R-LEGENDA
100
AcDbText
 10
713.5
 20
334.7
 30
0.0
 40
1.8
  1
Jastrych cementowy CT-C25-F5 z wężownicą ogrzewania
  7
PL_ARIAL
 11
713.5
 21
334.7
 31
0.0
100
AcDbText
  0
TEXT
  5
18F
330
1B
100
AcDbEntity
 67
1
  8
R-LEGENDA
100
AcDbText
 10
713.5
 20
332.0
 30
0.0
 40
1.8
  1
podłogowego — kropki
  7
PL_ARIAL
 11
713.5
 21
332.0
 31
0.0
100
AcDbText
  0
TEXT
  5
190
330
1B
100
AcDbEntity
 67
1
  8
R-LEGENDA
100
AcDbText
 10
803.5
 20
396.8
 30
0.0
 40
1.8
  1
Membrana fasadowa wiatroizolacyjna UV-stabilna, czarna (sd ≈
  7
PL_ARIAL
 11
803.5
 21
396.8
 31
0.0
100
AcDbText
  0
TEXT
  5
191
330
1B
100
AcDbEntity
 67
1
  8
R-LEGENDA
100
AcDbText
 10
803.5
 20
394.1
 30
0.0
 40
1.8
  1
0,02 m)
  7
PL_ARIAL
 11
803.5
 21
394.1
 31
0.0
100
AcDbText
  0
TEXT
  5
192
330
1B
100
AcDbEntity
 67
1
  8
R-LEGENDA
100
AcDbText
 10
803.5
 20
390.0
 30
0.0
 40
1.8
  1
Bloczek wapienno-piaskowy 12 cm, kl. 15 (ścianki działowe,
  7
PL_ARIAL
 11
803.5
 21
390.0
 31
0.0
100
AcDbText
  0
TEXT
  5
193
330
1B
100
AcDbEntity
 67
1
  8
R-LEGENDA
100
AcDbText
 10
803.5
 20
387.3
 30
0.0
 40
1.8
  1
licowy w klatce); Bloczek wapienno-piaskowy (silikat) 18 cm, kl.
  7
PL_ARIAL
 11
803.5
 21
387.3
 31
0.0
100
AcDbText
  0
TEXT
  5
194
330
1B
100
AcDbEntity
 67
1
  8
R-LEGENDA
100
AcDbText
 10
803.5
 20
384.6
 30
0.0
 40
1.8
  1
20, gr. 1, na zaprawie cienkowarstwowej — kratka ukośna
  7
PL_ARIAL
 11
803.5
 21
384.6
 31
0.0
100
AcDbText
  0
TEXT
  5
195
330
1B
100
AcDbEntity
 67
1
  8
R-LEGENDA
100
AcDbText
 10
803.5
 20
381.9
 30
0.0
 40
1.8
  1
45°/135°
  7
PL_ARIAL
 11
803.5
 21
381.9
 31
0.0
100
AcDbText
  0
TEXT
  5
196
330
1B
100
AcDbEntity
 67
1
  8
R-LEGENDA
100
AcDbText
 10
803.5
 20
377.8
 30
0.0
 40
1.8
  1
Paroizolacja bitumiczna z wkładką Al (na płycie stropodachów)
  7
PL_ARIAL
 11
803.5
 21
377.8
 31
0.0
100
AcDbText
  0
TEXT
  5
197
330
1B
100
AcDbEntity
 67
1
  8
R-LEGENDA
100
AcDbText
 10
803.5
 20
375.1
 30
0.0
 40
1.8
  1
— linia kreskowa cienka 3/1 po ciepłej stronie
  7
PL_ARIAL
 11
803.5
 21
375.1
 31
0.0
100
AcDbText
  0
TEXT
  5
198
330
1B
100
AcDbEntity
 67
1
  8
R-LEGENDA
100
AcDbText
 10
803.5
 20
369.85
 30
0.0
 40
1.8
  1
Podsypka piaskowa zagęszczona (I_s ≥ 0,98)
  7
PL_ARIAL
 11
803.5
 21
369.85
 31
0.0
100
AcDbText
  0
TEXT
  5
199
330
1B
100
AcDbEntity
 67
1
  8
R-LEGENDA
100
AcDbText
 10
803.5
 20
364.6
 30
0.0
 40
1.8
  1
Obróbki blacharskie (blacha powlekana); Stolarka — profile
  7
PL_ARIAL
 11
803.5
 21
364.6
 31
0.0
100
AcDbText
  0
TEXT
  5
19A
330
1B
100
AcDbEntity
 67
1
  8
R-LEGENDA
100
AcDbText
 10
803.5
 20
361.90000000000003
 30
0.0
 40
1.8
  1
aluminiowe, antracyt; Rama boksu C: ruszt stalowy ocynkowany
  7
PL_ARIAL
 11
803.5
 21
361.90000000000003
 31
0.0
100
AcDbText
  0
TEXT
  5
19B
330
1B
100
AcDbEntity
 67
1
  8
R-LEGENDA
100
AcDbText
 10
803.5
 20
359.20000000000005
 30
0.0
 40
1.8
  1
w okładzinie z blachy aluminiowej RAL 7016 (pusta w środku);
  7
PL_ARIAL
 11
803.5
 21
359.20000000000005
 31
0.0
100
AcDbText
  0
TEXT
  5
19C
330
1B
100
AcDbEntity
 67
1
  8
R-LEGENDA
100
AcDbText
 10
803.5
 20
356.5
 30
0.0
 40
1.8
  1
Stal malowana proszkowo (balustrady, rygle) — zaczernienie
  7
PL_ARIAL
 11
803.5
 21
356.5
 31
0.0
100
AcDbText
  0
TEXT
  5
19D
330
1B
100
AcDbEntity
 67
1
  8
R-LEGENDA
100
AcDbText
 10
803.5
 20
352.40000000000003
 30
0.0
 40
1.8
  1
Szkło (szyby zespolone); Ścianka szklana VSG 2 × 8 mm w
  7
PL_ARIAL
 11
803.5
 21
352.40000000000003
 31
0.0
100
AcDbText
  0
TEXT
  5
19E
330
1B
100
AcDbEntity
 67
1
  8
R-LEGENDA
100
AcDbText
 10
803.5
 20
349.70000000000005
 30
0.0
 40
1.8
  1
ramie aluminiowej (wiatrołap / hol)
  7
PL_ARIAL
 11
803.5
 21
349.70000000000005
 31
0.0
100
AcDbText
  0
TEXT
  5
19F
330
1B
100
AcDbEntity
 67
1
  8
R-LEGENDA
100
AcDbText
 10
803.5
 20
345.6
 30
0.0
 40
1.8
  1
Tynk gipsowy maszynowy 1,5 cm; ETICS: warstwa zbrojona +
  7
PL_ARIAL
 11
803.5
 21
345.6
 31
0.0
100
AcDbText
  0
TEXT
  5
1A0
330
1B
100
AcDbEntity
 67
1
  8
R-LEGENDA
100
AcDbText
 10
803.5
 20
342.90000000000003
 30
0.0
 40
1.8
  1
tynk silikonowy 1,5 mm (biały / jasnoszary NCS S 1500-N) —
  7
PL_ARIAL
 11
803.5
 21
342.90000000000003
 31
0.0
100
AcDbText
  0
TEXT
  5
1A1
330
1B
100
AcDbEntity
 67
1
  8
R-LEGENDA
100
AcDbText
 10
803.5
 20
340.20000000000005
 30
0.0
 40
1.8
  1
kropki nieregularne
  7
PL_ARIAL
 11
803.5
 21
340.20000000000005
 31
0.0
100
AcDbText
  0
TEXT
  5
1A2
330
1B
100
AcDbEntity
 67
1
  8
R-LEGENDA
100
AcDbText
 10
803.5
 20
336.1
 30
0.0
 40
1.8
  1
Żelbet C25/30, B500SP (stropy, płyta fundamentowa, ściany);
  7
PL_ARIAL
 11
803.5
 21
336.1
 31
0.0
100
AcDbText
  0
TEXT
  5
1A3
330
1B
100
AcDbEntity
 67
1
  8
R-LEGENDA
100
AcDbText
 10
803.5
 20
333.40000000000003
 30
0.0
 40
1.8
  1
Żelbet C30/37 XC4/XF1 (krawędzie płyt wysuniętych, attyki,
  7
PL_ARIAL
 11
803.5
 21
333.40000000000003
 31
0.0
100
AcDbText
  0
TEXT
  5
1A4
330
1B
100
AcDbEntity
 67
1
  8
R-LEGENDA
100
AcDbText
 10
803.5
 20
330.70000000000005
 30
0.0
 40
1.8
  1
belki) — 45° na przemian ciągłe i przerywane
  7
PL_ARIAL
 11
803.5
 21
330.70000000000005
 31
0.0
100
AcDbText
  0
TEXT
  5
1A5
330
1B
100
AcDbEntity
 67
1
  8
R-LEGENDA
100
AcDbText
 10
803.5
 20
325.45000000000005
 30
0.0
 40
1.8
  1
Podbudowa nawierzchni (kruszywo)
  7
PL_ARIAL
 11
803.5
 21
325.45000000000005
 31
0.0
100
AcDbText
  0
TEXT
  5
1A6
330
1B
100
AcDbEntity
 67
1
  8
R-OPISY
100
AcDbText
 10
703.0
 20
312.90000000000003
 30
0.0
 40
3.5
  1
OBJAŚNIENIA I UWAGI
  7
PL_ARIAL_B
 11
703.0
 21
312.90000000000003
 31
0.0
100
AcDbText
  0
TEXT
  5
1A7
330
1B
100
AcDbEntity
 67
1
  8
R-OPISY
100
AcDbText
 10
703.0
 20
306.6
 30
0.0
 40
1.8
  1
1. 
  7
PL_ARIAL
 11
703.0
 21
306.6
 31
0.0
100
AcDbText
  0
TEXT
  5
1A8
330
1B
100
AcDbEntity
 67
1
  8
R-OPISY
100
AcDbText
 10
705.908698614581
 20
306.6
 30
0.0
 40
1.8
  1
Wymiary w cm (mm w indeksie górnym, np. 24⁵ = 24,5 cm), rzędne w m względem ±0,000 = 101,650 m n.p.m. (PL-EVRF2007-NH).
  7
PL_ARIAL
 11
705.908698614581
 21
306.6
 31
0.0
100
AcDbText
  0
TEXT
  5
1A9
330
1B
100
AcDbEntity
 67
1
  8
R-OPISY
100
AcDbText
 10
703.0
 20
303.18
 30
0.0
 40
1.8
  1
2. 
  7
PL_ARIAL
 11
703.0
 21
303.18
 31
0.0
100
AcDbText
  0
TEXT
  5
1AA
330
1B
100
AcDbEntity
 67
1
  8
R-OPISY
100
AcDbText
 10
705.908698614581
 20
303.18
 30
0.0
 40
1.8
  1
Rzędne: trójkąt zaczerniony — poziom wykończenia, niezaczerniony — konstrukcji, w połowie zaczerniony — poziom ±0,000 z rzędną bezwzględną
  7
PL_ARIAL
 11
705.908698614581
 21
303.18
 31
0.0
100
AcDbText
  0
TEXT
  5
1AB
330
1B
100
AcDbEntity
 67
1
  8
R-OPISY
100
AcDbText
 10
705.908698614581
 20
300.3
 30
0.0
 40
1.8
  1
(PN-B-01025).
  7
PL_ARIAL
 11
705.908698614581
 21
300.3
 31
0.0
100
AcDbText
  0
TEXT
  5
1AC
330
1B
100
AcDbEntity
 67
1
  8
R-OPISY
100
AcDbText
 10
703.0
 20
296.88
 30
0.0
 40
1.8
  1
3. 
  7
PL_ARIAL
 11
703.0
 21
296.88
 31
0.0
100
AcDbText
  0
TEXT
  5
1AD
330
1B
100
AcDbEntity
 67
1
  8
R-OPISY
100
AcDbText
 10
705.908698614581
 20
296.88
 30
0.0
 40
1.8
  1
Wysokość budynku wg § 6 WT: od terenu przy najniżej położonym wejściu (−0,267) do wierzchu stropodachu D1 (+9,526) — H = 9,79 m (bez attyk).
  7
PL_ARIAL
 11
705.908698614581
 21
296.88
 31
0.0
100
AcDbText
  0
TEXT
  5
1AE
330
1B
100
AcDbEntity
 67
1
  8
R-OPISY
100
AcDbText
 10
703.0
 20
293.46
 30
0.0
 40
1.8
  1
4. 
  7
PL_ARIAL
 11
703.0
 21
293.46
 31
0.0
100
AcDbText
  0
TEXT
  5
1AF
330
1B
100
AcDbEntity
 67
1
  8
R-OPISY
100
AcDbText
 10
705.908698614581
 20
293.46
 30
0.0
 40
1.8
  1
Opisy warstw: kod i nazwa przegrody z modelu, materiały i grubości wg modelu (od góry / od lewej).
  7
PL_ARIAL
 11
705.908698614581
 21
293.46
 31
0.0
100
AcDbText
  0
TEXT
  5
1B0
330
1B
100
AcDbEntity
 67
1
  8
R-OPISY
100
AcDbText
 10
703.0
 20
290.03999999999996
 30
0.0
 40
1.8
  1
5. 
  7
PL_ARIAL
 11
703.0
 21
290.03999999999996
 31
0.0
100
AcDbText
  0
TEXT
  5
1B1
330
1B
100
AcDbEntity
 67
1
  8
R-OPISY
100
AcDbText
 10
705.908698614581
 20
290.03999999999996
 30
0.0
 40
1.8
  1
Opisy warstw pominięte na rysunku (brak miejsca w podziałce 1:50): POD-0 — układ warstw wg zestawienia przegród w części opisowej / przekroju
  7
PL_ARIAL
 11
705.908698614581
 21
290.03999999999996
 31
0.0
100
AcDbText
  0
TEXT
  5
1B2
330
1B
100
AcDbEntity
 67
1
  8
R-OPISY
100
AcDbText
 10
705.908698614581
 20
287.15999999999997
 30
0.0
 40
1.8
  1
1:50.
  7
PL_ARIAL
 11
705.908698614581
 21
287.15999999999997
 31
0.0
100
AcDbText
  0
TEXT
  5
1B3
330
1B
100
AcDbEntity
 67
1
  8
R-OPISY
100
AcDbText
 10
703.0
 20
283.73999999999995
 30
0.0
 40
1.8
  1
6. 
  7
PL_ARIAL
 11
703.0
 21
283.73999999999995
 31
0.0
100
AcDbText
  0
TEXT
  5
1B4
330
1B
100
AcDbEntity
 67
1
  8
R-OPISY
100
AcDbText
 10
705.908698614581
 20
283.73999999999995
 30
0.0
 40
1.8
  1
Rysunek wygenerowany automatycznie z modelu /home/user/aihouse/model/budynek.yaml (wersja 1.0, 2026-09-25) — generatory lamela.views.
  7
PL_ARIAL
 11
705.908698614581
 21
283.73999999999995
 31
0.0
100
AcDbText
  0
TEXT
  5
1B5
330
1B
100
AcDbEntity
 67
1
  8
R-OPISY
100
AcDbText
 10
704.2725187372246
 20
270.53999999999996
 30
0.0
 40
1.8
  1
1
  7
PL_ARIAL
 11
704.2725187372246
 21
270.53999999999996
 31
0.0
100
AcDbText
  0
TEXT
  5
1B6
330
1B
100
AcDbEntity
 67
1
  8
R-OPISY
100
AcDbText
 10
724.2725187372246
 20
270.53999999999996
 30
0.0
 40
1.8
  1
0
  7
PL_ARIAL
 11
724.2725187372246
 21
270.53999999999996
 31
0.0
100
AcDbText
  0
TEXT
  5
1B7
330
1B
100
AcDbEntity
 67
1
  8
R-OPISY
100
AcDbText
 10
744.2725187372246
 20
270.53999999999996
 30
0.0
 40
1.8
  1
1
  7
PL_ARIAL
 11
744.2725187372246
 21
270.53999999999996
 31
0.0
100
AcDbText
  0
TEXT
  5
1B8
330
1B
100
AcDbEntity
 67
1
  8
R-OPISY
100
AcDbText
 10
764.2725187372246
 20
270.53999999999996
 30
0.0
 40
1.8
  1
2
  7
PL_ARIAL
 11
764.2725187372246
 21
270.53999999999996
 31
0.0
100
AcDbText
  0
TEXT
  5
1B9
330
1B
100
AcDbEntity
 67
1
  8
R-OPISY
100
AcDbText
 10
784.2725187372246
 20
270.53999999999996
 30
0.0
 40
1.8
  1
3
  7
PL_ARIAL
 11
784.2725187372246
 21
270.53999999999996
 31
0.0
100
AcDbText
  0
TEXT
  5
1BA
330
1B
100
AcDbEntity
 67
1
  8
R-OPISY
100
AcDbText
 10
804.2725187372246
 20
270.53999999999996
 30
0.0
 40
1.8
  1
4
  7
PL_ARIAL
 11
804.2725187372246
 21
270.53999999999996
 31
0.0
100
AcDbText
  0
TEXT
  5
1BB
330
1B
100
AcDbEntity
 67
1
  8
R-OPISY
100
AcDbText
 10
824.2725187372246
 20
270.53999999999996
 30
0.0
 40
1.8
  1
5
  7
PL_ARIAL
 11
824.2725187372246
 21
270.53999999999996
 31
0.0
100
AcDbText
  0
TEXT
  5
1BC
330
1B
100
AcDbEntity
 67
1
  8
R-OPISY
100
AcDbText
 10
827.0
 20
267.93999999999994
 30
0.0
 40
1.8
  1
m
  7
PL_ARIAL
 11
827.0
 21
267.93999999999994
 31
0.0
100
AcDbText
  0
TEXT
  5
1BD
330
1B
100
AcDbEntity
 67
1
  8
R-OPISY
100
AcDbText
 10
705.0
 20
264.93999999999994
 30
0.0
 40
1.8
  1
PODZIAŁKA 1:50
  7
PL_ARIAL_B
 11
705.0
 21
264.93999999999994
 31
0.0
100
AcDbText
  0
TEXT
  5
1BE
330
1B
100
AcDbEntity
 67
1
  8
R-OPISY
100
AcDbText
 10
12.8
 20
119.5
 30
0.0
 40
1.8
  1
odcinek kontrolny 100 mm (wydruk 1:1)
 50
90.0
  7
PL_ARIAL
 11
12.8
 21
119.5
 31
0.0
100
AcDbText
  0
TEXT
  5
1BF
330
1B
100
AcDbEntity
 67
1
  8
R-RAMKA
100
AcDbText
 10
31.335453100158983
 20
413.25
 30
0.0
 40
3.5
  1
1
  7
PL_ARIAL
 11
31.335453100158983
 21
413.25
 31
0.0
100
AcDbText
  0
TEXT
  5
1C0
330
1B
100
AcDbEntity
 67
1
  8
R-RAMKA
100
AcDbText
 10
31.335453100158983
 20
3.25
 30
0.0
 40
3.5
  1
1
  7
PL_ARIAL
 11
31.335453100158983
 21
3.25
 31
0.0
100
AcDbText
  0
TEXT
  5
1C1
330
1B
100
AcDbEntity
 67
1
  8
R-RAMKA
100
AcDbText
 10
69.08545310015899
 20
413.25
 30
0.0
 40
3.5
  1
2
  7
PL_ARIAL
 11
69.08545310015899
 21
413.25
 31
0.0
100
AcDbText
  0
TEXT
  5
1C2
330
1B
100
AcDbEntity
 67
1
  8
R-RAMKA
100
AcDbText
 10
69.08545310015899
 20
3.25
 30
0.0
 40
3.5
  1
2
  7
PL_ARIAL
 11
69.08545310015899
 21
3.25
 31
0.0
100
AcDbText
  0
TEXT
  5
1C3
330
1B
100
AcDbEntity
 67
1
  8
R-RAMKA
100
AcDbText
 10
119.08545310015899
 20
413.25
 30
0.0
 40
3.5
  1
3
  7
PL_ARIAL
 11
119.08545310015899
 21
413.25
 31
0.0
100
AcDbText
  0
TEXT
  5
1C4
330
1B
100
AcDbEntity
 67
1
  8
R-RAMKA
100
AcDbText
 10
119.08545310015899
 20
3.25
 30
0.0
 40
3.5
  1
3
  7
PL_ARIAL
 11
119.08545310015899
 21
3.25
 31
0.0
100
AcDbText
  0
TEXT
  5
1C5
330
1B
100
AcDbEntity
 67
1
  8
R-RAMKA
100
AcDbText
 10
169.085453100159
 20
413.25
 30
0.0
 40
3.5
  1
4
  7
PL_ARIAL
 11
169.085453100159
 21
413.25
 31
0.0
100
AcDbText
  0
TEXT
  5
1C6
330
1B
100
AcDbEntity
 67
1
  8
R-RAMKA
100
AcDbText
 10
169.085453100159
 20
3.25
 30
0.0
 40
3.5
  1
4
  7
PL_ARIAL
 11
169.085453100159
 21
3.25
 31
0.0
100
AcDbText
  0
TEXT
  5
1C7
330
1B
100
AcDbEntity
 67
1
  8
R-RAMKA
100
AcDbText
 10
219.085453100159
 20
413.25
 30
0.0
 40
3.5
  1
5
  7
PL_ARIAL
 11
219.085453100159
 21
413.25
 31
0.0
100
AcDbText
  0
TEXT
  5
1C8
330
1B
100
AcDbEntity
 67
1
  8
R-RAMKA
100
AcDbText
 10
219.085453100159
 20
3.25
 30
0.0
 40
3.5
  1
5
  7
PL_ARIAL
 11
219.085453100159
 21
3.25
 31
0.0
100
AcDbText
  0
TEXT
  5
1C9
330
1B
100
AcDbEntity
 67
1
  8
R-RAMKA
100
AcDbText
 10
269.085453100159
 20
413.25
 30
0.0
 40
3.5
  1
6
  7
PL_ARIAL
 11
269.085453100159
 21
413.25
 31
0.0
100
AcDbText
  0
TEXT
  5
1CA
330
1B
100
AcDbEntity
 67
1
  8
R-RAMKA
100
AcDbText
 10
269.085453100159
 20
3.25
 30
0.0
 40
3.5
  1
6
  7
PL_ARIAL
 11
269.085453100159
 21
3.25
 31
0.0
100
AcDbText
  0
TEXT
  5
1CB
330
1B
100
AcDbEntity
 67
1
  8
R-RAMKA
100
AcDbText
 10
319.085453100159
 20
413.25
 30
0.0
 40
3.5
  1
7
  7
PL_ARIAL
 11
319.085453100159
 21
413.25
 31
0.0
100
AcDbText
  0
TEXT
  5
1CC
330
1B
100
AcDbEntity
 67
1
  8
R-RAMKA
100
AcDbText
 10
319.085453100159
 20
3.25
 30
0.0
 40
3.5
  1
7
  7
PL_ARIAL
 11
319.085453100159
 21
3.25
 31
0.0
100
AcDbText
  0
TEXT
  5
1CD
330
1B
100
AcDbEntity
 67
1
  8
R-RAMKA
100
AcDbText
 10
369.085453100159
 20
413.25
 30
0.0
 40
3.5
  1
8
  7
PL_ARIAL
 11
369.085453100159
 21
413.25
 31
0.0
100
AcDbText
  0
TEXT
  5
1CE
330
1B
100
AcDbEntity
 67
1
  8
R-RAMKA
100
AcDbText
 10
369.085453100159
 20
3.25
 30
0.0
 40
3.5
  1
8
  7
PL_ARIAL
 11
369.085453100159
 21
3.25
 31
0.0
100
AcDbText
  0
TEXT
  5
1CF
330
1B
100
AcDbEntity
 67
1
  8
R-RAMKA
100
AcDbText
 10
419.085453100159
 20
413.25
 30
0.0
 40
3.5
  1
9
  7
PL_ARIAL
 11
419.085453100159
 21
413.25
 31
0.0
100
AcDbText
  0
TEXT
  5
1D0
330
1B
100
AcDbEntity
 67
1
  8
R-RAMKA
100
AcDbText
 10
419.085453100159
 20
3.25
 30
0.0
 40
3.5
  1
9
  7
PL_ARIAL
 11
419.085453100159
 21
3.25
 31
0.0
100
AcDbText
  0
TEXT
  5
1D1
330
1B
100
AcDbEntity
 67
1
  8
R-RAMKA
100
AcDbText
 10
467.670906200318
 20
413.25
 30
0.0
 40
3.5
  1
10
  7
PL_ARIAL
 11
467.670906200318
 21
413.25
 31
0.0
100
AcDbText
  0
TEXT
  5
1D2
330
1B
100
AcDbEntity
 67
1
  8
R-RAMKA
100
AcDbText
 10
467.670906200318
 20
3.25
 30
0.0
 40
3.5
  1
10
  7
PL_ARIAL
 11
467.670906200318
 21
3.25
 31
0.0
100
AcDbText
  0
TEXT
  5
1D3
330
1B
100
AcDbEntity
 67
1
  8
R-RAMKA
100
AcDbText
 10
517.8596979332274
 20
413.25
 30
0.0
 40
3.5
  1
11
  7
PL_ARIAL
 11
517.8596979332274
 21
413.25
 31
0.0
100
AcDbText
  0
TEXT
  5
1D4
330
1B
100
AcDbEntity
 67
1
  8
R-RAMKA
100
AcDbText
 10
517.8596979332274
 20
3.25
 30
0.0
 40
3.5
  1
11
  7
PL_ARIAL
 11
517.8596979332274
 21
3.25
 31
0.0
100
AcDbText
  0
TEXT
  5
1D5
330
1B
100
AcDbEntity
 67
1
  8
R-RAMKA
100
AcDbText
 10
567.670906200318
 20
413.25
 30
0.0
 40
3.5
  1
12
  7
PL_ARIAL
 11
567.670906200318
 21
413.25
 31
0.0
100
AcDbText
  0
TEXT
  5
1D6
330
1B
100
AcDbEntity
 67
1
  8
R-RAMKA
100
AcDbText
 10
567.670906200318
 20
3.25
 30
0.0
 40
3.5
  1
12
  7
PL_ARIAL
 11
567.670906200318
 21
3.25
 31
0.0
100
AcDbText
  0
TEXT
  5
1D7
330
1B
100
AcDbEntity
 67
1
  8
R-RAMKA
100
AcDbText
 10
617.670906200318
 20
413.25
 30
0.0
 40
3.5
  1
13
  7
PL_ARIAL
 11
617.670906200318
 21
413.25
 31
0.0
100
AcDbText
  0
TEXT
  5
1D8
330
1B
100
AcDbEntity
 67
1
  8
R-RAMKA
100
AcDbText
 10
617.670906200318
 20
3.25
 30
0.0
 40
3.5
  1
13
  7
PL_ARIAL
 11
617.670906200318
 21
3.25
 31
0.0
100
AcDbText
  0
TEXT
  5
1D9
330
1B
100
AcDbEntity
 67
1
  8
R-RAMKA
100
AcDbText
 10
667.670906200318
 20
413.25
 30
0.0
 40
3.5
  1
14
  7
PL_ARIAL
 11
667.670906200318
 21
413.25
 31
0.0
100
AcDbText
  0
TEXT
  5
1DA
330
1B
100
AcDbEntity
 67
1
  8
R-RAMKA
100
AcDbText
 10
667.670906200318
 20
3.25
 30
0.0
 40
3.5
  1
14
  7
PL_ARIAL
 11
667.670906200318
 21
3.25
 31
0.0
100
AcDbText
  0
TEXT
  5
1DB
330
1B
100
AcDbEntity
 67
1
  8
R-RAMKA
100
AcDbText
 10
717.670906200318
 20
413.25
 30
0.0
 40
3.5
  1
15
  7
PL_ARIAL
 11
717.670906200318
 21
413.25
 31
0.0
100
AcDbText
  0
TEXT
  5
1DC
330
1B
100
AcDbEntity
 67
1
  8
R-RAMKA
100
AcDbText
 10
717.670906200318
 20
3.25
 30
0.0
 40
3.5
  1
15
  7
PL_ARIAL
 11
717.670906200318
 21
3.25
 31
0.0
100
AcDbText
  0
TEXT
  5
1DD
330
1B
100
AcDbEntity
 67
1
  8
R-RAMKA
100
AcDbText
 10
767.670906200318
 20
413.25
 30
0.0
 40
3.5
  1
16
  7
PL_ARIAL
 11
767.670906200318
 21
413.25
 31
0.0
100
AcDbText
  0
TEXT
  5
1DE
330
1B
100
AcDbEntity
 67
1
  8
R-RAMKA
100
AcDbText
 10
767.670906200318
 20
3.25
 30
0.0
 40
3.5
  1
16
  7
PL_ARIAL
 11
767.670906200318
 21
3.25
 31
0.0
100
AcDbText
  0
TEXT
  5
1DF
330
1B
100
AcDbEntity
 67
1
  8
R-RAMKA
100
AcDbText
 10
817.670906200318
 20
413.25
 30
0.0
 40
3.5
  1
17
  7
PL_ARIAL
 11
817.670906200318
 21
413.25
 31
0.0
100
AcDbText
  0
TEXT
  5
1E0
330
1B
100
AcDbEntity
 67
1
  8
R-RAMKA
100
AcDbText
 10
817.670906200318
 20
3.25
 30
0.0
 40
3.5
  1
17
  7
PL_ARIAL
 11
817.670906200318
 21
3.25
 31
0.0
100
AcDbText
  0
TEXT
  5
1E1
330
1B
100
AcDbEntity
 67
1
  8
R-RAMKA
100
AcDbText
 10
860.420906200318
 20
413.25
 30
0.0
 40
3.5
  1
18
  7
PL_ARIAL
 11
860.420906200318
 21
413.25
 31
0.0
100
AcDbText
  0
TEXT
  5
1E2
330
1B
100
AcDbEntity
 67
1
  8
R-RAMKA
100
AcDbText
 10
860.420906200318
 20
3.25
 30
0.0
 40
3.5
  1
18
  7
PL_ARIAL
 11
860.420906200318
 21
3.25
 31
0.0
100
AcDbText
  0
TEXT
  5
1E3
330
1B
100
AcDbEntity
 67
1
  8
R-RAMKA
100
AcDbText
 10
884.3032591414944
 20
383.25
 30
0.0
 40
3.5
  1
A
  7
PL_ARIAL
 11
884.3032591414944
 21
383.25
 31
0.0
100
AcDbText
  0
TEXT
  5
1E4
330
1B
100
AcDbEntity
 67
1
  8
R-RAMKA
100
AcDbText
 10
13.303259141494436
 20
383.25
 30
0.0
 40
3.5
  1
A
  7
PL_ARIAL
 11
13.303259141494436
 21
383.25
 31
0.0
100
AcDbText
  0
TEXT
  5
1E5
330
1B
100
AcDbEntity
 67
1
  8
R-RAMKA
100
AcDbText
 10
884.3032591414944
 20
333.25
 30
0.0
 40
3.5
  1
B
  7
PL_ARIAL
 11
884.3032591414944
 21
333.25
 31
0.0
100
AcDbText
  0
TEXT
  5
1E6
330
1B
100
AcDbEntity
 67
1
  8
R-RAMKA
100
AcDbText
 10
13.303259141494436
 20
333.25
 30
0.0
 40
3.5
  1
B
  7
PL_ARIAL
 11
13.303259141494436
 21
333.25
 31
0.0
100
AcDbText
  0
TEXT
  5
1E7
330
1B
100
AcDbEntity
 67
1
  8
R-RAMKA
100
AcDbText
 10
884.1629570747218
 20
283.25
 30
0.0
 40
3.5
  1
C
  7
PL_ARIAL
 11
884.1629570747218
 21
283.25
 31
0.0
100
AcDbText
  0
TEXT
  5
1E8
330
1B
100
AcDbEntity
 67
1
  8
R-RAMKA
100
AcDbText
 10
13.162957074721781
 20
283.25
 30
0.0
 40
3.5
  1
C
  7
PL_ARIAL
 11
13.162957074721781
 21
283.25
 31
0.0
100
AcDbText
  0
TEXT
  5
1E9
330
1B
100
AcDbEntity
 67
1
  8
R-RAMKA
100
AcDbText
 10
884.1629570747218
 20
233.25
 30
0.0
 40
3.5
  1
D
  7
PL_ARIAL
 11
884.1629570747218
 21
233.25
 31
0.0
100
AcDbText
  0
TEXT
  5
1EA
330
1B
100
AcDbEntity
 67
1
  8
R-RAMKA
100
AcDbText
 10
13.162957074721781
 20
233.25
 30
0.0
 40
3.5
  1
D
  7
PL_ARIAL
 11
13.162957074721781
 21
233.25
 31
0.0
100
AcDbText
  0
TEXT
  5
1EB
330
1B
100
AcDbEntity
 67
1
  8
R-RAMKA
100
AcDbText
 10
884.3032591414944
 20
183.25
 30
0.0
 40
3.5
  1
E
  7
PL_ARIAL
 11
884.3032591414944
 21
183.25
 31
0.0
100
AcDbText
  0
TEXT
  5
1EC
330
1B
100
AcDbEntity
 67
1
  8
R-RAMKA
100
AcDbText
 10
13.303259141494436
 20
183.25
 30
0.0
 40
3.5
  1
E
  7
PL_ARIAL
 11
13.303259141494436
 21
183.25
 31
0.0
100
AcDbText
  0
TEXT
  5
1ED
330
1B
100
AcDbEntity
 67
1
  8
R-RAMKA
100
AcDbText
 10
884.4463434022258
 20
133.25
 30
0.0
 40
3.5
  1
F
  7
PL_ARIAL
 11
884.4463434022258
 21
133.25
 31
0.0
100
AcDbText
  0
TEXT
  5
1EE
330
1B
100
AcDbEntity
 67
1
  8
R-RAMKA
100
AcDbText
 10
13.446343402225756
 20
133.25
 30
0.0
 40
3.5
  1
F
  7
PL_ARIAL
 11
13.446343402225756
 21
133.25
 31
0.0
100
AcDbText
  0
TEXT
  5
1EF
330
1B
100
AcDbEntity
 67
1
  8
R-RAMKA
100
AcDbText
 10
884.0214626391097
 20
83.25
 30
0.0
 40
3.5
  1
G
  7
PL_ARIAL
 11
884.0214626391097
 21
83.25
 31
0.0
100
AcDbText
  0
TEXT
  5
1F0
330
1B
100
AcDbEntity
 67
1
  8
R-RAMKA
100
AcDbText
 10
13.021462639109698
 20
83.25
 30
0.0
 40
3.5
  1
G
  7
PL_ARIAL
 11
13.021462639109698
 21
83.25
 31
0.0
100
AcDbText
  0
TEXT
  5
1F1
330
1B
100
AcDbEntity
 67
1
  8
R-RAMKA
100
AcDbText
 10
884.1629570747218
 20
33.25
 30
0.0
 40
3.5
  1
H
  7
PL_ARIAL
 11
884.1629570747218
 21
33.25
 31
0.0
100
AcDbText
  0
TEXT
  5
1F2
330
1B
100
AcDbEntity
 67
1
  8
R-RAMKA
100
AcDbText
 10
13.162957074721781
 20
33.25
 30
0.0
 40
3.5
  1
H
  7
PL_ARIAL
 11
13.162957074721781
 21
33.25
 31
0.0
100
AcDbText
  0
TEXT
  5
1F3
330
1B
100
AcDbEntity
 67
1
  8
R-RAMKA
100
AcDbText
 10
862.0895752895752
 20
4.1
 30
0.0
 40
1.8
  1
A3×3 (891×420)
  7
PL_ARIAL
 11
862.0895752895752
 21
4.1
 31
0.0
100
AcDbText
  0
TEXT
  5
1F4
330
1B
100
AcDbEntity
 67
1
  8
R-TABLICZKA
100
AcDbText
 10
702.2
 20
100.0
 30
0.0
 40
1.8
  1
PRACOWNIA PROJEKTOWA
  7
PL_ARIAL
 11
702.2
 21
100.0
 31
0.0
100
AcDbText
  0
TEXT
  5
1F5
330
1B
100
AcDbEntity
 67
1
  8
R-TABLICZKA
100
AcDbText
 10
702.2
 20
96.1
 30
0.0
 40
2.5
  1
PRACOWNIA PROJEKTOWA — nazwa do uzupełnienia
  7
PL_ARIAL_B
 11
702.2
 21
96.1
 31
0.0
100
AcDbText
  0
TEXT
  5
1F6
330
1B
100
AcDbEntity
 67
1
  8
R-TABLICZKA
100
AcDbText
 10
702.2
 20
92.4
 30
0.0
 40
1.8
  1
adres pracowni do uzupełnienia
  7
PL_ARIAL
 11
702.2
 21
92.4
 31
0.0
100
AcDbText
  0
TEXT
  5
1F7
330
1B
100
AcDbEntity
 67
1
  8
R-TABLICZKA
100
AcDbText
 10
812.2
 20
100.0
 30
0.0
 40
1.8
  1
STADIUM
  7
PL_ARIAL
 11
812.2
 21
100.0
 31
0.0
100
AcDbText
  0
TEXT
  5
1F8
330
1B
100
AcDbEntity
 67
1
  8
R-TABLICZKA
100
AcDbText
 10
818.4517374517375
 20
93.5
 30
0.0
 40
5.0
  1
PB
  7
PL_ARIAL_B
 11
818.4517374517375
 21
93.5
 31
0.0
100
AcDbText
  0
TEXT
  5
1F9
330
1B
100
AcDbEntity
 67
1
  8
R-TABLICZKA
100
AcDbText
 10
837.2
 20
100.0
 30
0.0
 40
1.8
  1
BRANŻA
  7
PL_ARIAL
 11
837.2
 21
100.0
 31
0.0
100
AcDbText
  0
TEXT
  5
1FA
330
1B
100
AcDbEntity
 67
1
  8
R-TABLICZKA
100
AcDbText
 10
837.2
 20
94.44999999999999
 30
0.0
 40
2.5
  1
ARCHITEKTURA (AR)
  7
PL_ARIAL_B
 11
837.2
 21
94.44999999999999
 31
0.0
100
AcDbText
  0
TEXT
  5
1FB
330
1B
100
AcDbEntity
 67
1
  8
R-TABLICZKA
100
AcDbText
 10
702.2
 20
88.0
 30
0.0
 40
1.8
  1
INWESTOR
  7
PL_ARIAL
 11
702.2
 21
88.0
 31
0.0
100
AcDbText
  0
TEXT
  5
1FC
330
1B
100
AcDbEntity
 67
1
  8
R-TABLICZKA
100
AcDbText
 10
702.2
 20
84.44999999999999
 30
0.0
 40
2.5
  1
(do uzupełnienia)
  7
PL_ARIAL
 11
702.2
 21
84.44999999999999
 31
0.0
100
AcDbText
  0
TEXT
  5
1FD
330
1B
100
AcDbEntity
 67
1
  8
R-TABLICZKA
100
AcDbText
 10
702.2
 20
80.0
 30
0.0
 40
1.8
  1
OBIEKT / NAZWA ZAMIERZENIA BUDOWLANEGO
  7
PL_ARIAL
 11
702.2
 21
80.0
 31
0.0
100
AcDbText
  0
TEXT
  5
1FE
330
1B
100
AcDbEntity
 67
1
  8
R-TABLICZKA
100
AcDbText
 10
702.2
 20
75.19999999999999
 30
0.0
 40
2.5
  1
Budynek mieszkalny jednorodzinny wolnostojący „Dom LAMELA”
  7
PL_ARIAL_B
 11
702.2
 21
75.19999999999999
 31
0.0
100
AcDbText
  0
TEXT
  5
1FF
330
1B
100
AcDbEntity
 67
1
  8
R-TABLICZKA
100
AcDbText
 10
702.2
 20
69.5
 30
0.0
 40
1.8
  1
ADRES / LOKALIZACJA (NR DZIAŁKI, OBRĘB, JEDN. EWIDENCYJNA)
  7
PL_ARIAL
 11
702.2
 21
69.5
 31
0.0
100
AcDbText
  0
TEXT
  5
200
330
1B
100
AcDbEntity
 67
1
  8
R-TABLICZKA
100
AcDbText
 10
702.2
 20
65.716
 30
0.0
 40
1.8
  1
ul. Lipowa (fikcyjna), dz. nr ewid. 123/4, obręb 0005 Przykładowo, gm. Przykładowo (fikcyjna)
  7
PL_ARIAL
 11
702.2
 21
65.716
 31
0.0
100
AcDbText
  0
TEXT
  5
201
330
1B
100
AcDbEntity
 67
1
  8
R-TABLICZKA
100
AcDbText
 10
852.2
 20
69.5
 30
0.0
 40
1.8
  1
KAT. OBIEKTU
  7
PL_ARIAL
 11
852.2
 21
69.5
 31
0.0
100
AcDbText
  0
TEXT
  5
202
330
1B
100
AcDbEntity
 67
1
  8
R-TABLICZKA
100
AcDbText
 10
865.2933227344992
 20
65.07
 30
0.0
 40
3.5
  1
I
  7
PL_ARIAL_B
 11
865.2933227344992
 21
65.07
 31
0.0
100
AcDbText
  0
TEXT
  5
203
330
1B
100
AcDbEntity
 67
1
  8
R-TABLICZKA
100
AcDbText
 10
708.4673631614808
 20
60.35
 30
0.0
 40
1.8
  1
FUNKCJA
  7
PL_ARIAL
 11
708.4673631614808
 21
60.35
 31
0.0
100
AcDbText
  0
TEXT
  5
204
330
1B
100
AcDbEntity
 67
1
  8
R-TABLICZKA
100
AcDbText
 10
738.7431296843062
 20
60.35
 30
0.0
 40
1.8
  1
IMIĘ I NAZWISKO
  7
PL_ARIAL
 11
738.7431296843062
 21
60.35
 31
0.0
100
AcDbText
  0
TEXT
  5
205
330
1B
100
AcDbEntity
 67
1
  8
R-TABLICZKA
100
AcDbText
 10
777.9770156711334
 20
60.35
 30
0.0
 40
1.8
  1
SPECJALNOŚĆ, NR UPRAWNIEŃ
  7
PL_ARIAL
 11
777.9770156711334
 21
60.35
 31
0.0
100
AcDbText
  0
TEXT
  5
206
330
1B
100
AcDbEntity
 67
1
  8
R-TABLICZKA
100
AcDbText
 10
832.7051782875312
 20
60.35
 30
0.0
 40
1.8
  1
DATA
  7
PL_ARIAL
 11
832.7051782875312
 21
60.35
 31
0.0
100
AcDbText
  0
TEXT
  5
207
330
1B
100
AcDbEntity
 67
1
  8
R-TABLICZKA
100
AcDbText
 10
858.556438791733
 20
60.35
 30
0.0
 40
1.8
  1
PODPIS
  7
PL_ARIAL
 11
858.556438791733
 21
60.35
 31
0.0
100
AcDbText
  0
TEXT
  5
208
330
1B
100
AcDbEntity
 67
1
  8
R-TABLICZKA
100
AcDbText
 10
702.2
 20
54.6
 30
0.0
 40
1.8
  1
Projektant
  7
PL_ARIAL
 11
702.2
 21
54.6
 31
0.0
100
AcDbText
  0
TEXT
  5
209
330
1B
100
AcDbEntity
 67
1
  8
R-TABLICZKA
100
AcDbText
 10
702.2
 20
47.6
 30
0.0
 40
1.8
  1
Projektant (wsp.)
  7
PL_ARIAL
 11
702.2
 21
47.6
 31
0.0
100
AcDbText
  0
TEXT
  5
20A
330
1B
100
AcDbEntity
 67
1
  8
R-TABLICZKA
100
AcDbText
 10
702.2
 20
40.6
 30
0.0
 40
1.8
  1
Sprawdzający
  7
PL_ARIAL
 11
702.2
 21
40.6
 31
0.0
100
AcDbText
  0
TEXT
  5
20B
330
1B
100
AcDbEntity
 67
1
  8
R-TABLICZKA
100
AcDbText
 10
702.2
 20
33.6
 30
0.0
 40
1.8
  1
Opracował
  7
PL_ARIAL
 11
702.2
 21
33.6
 31
0.0
100
AcDbText
  0
TEXT
  5
20C
330
1B
100
AcDbEntity
 67
1
  8
R-TABLICZKA
100
AcDbText
 10
702.2
 20
28.0
 30
0.0
 40
1.8
  1
TYTUŁ RYSUNKU
  7
PL_ARIAL
 11
702.2
 21
28.0
 31
0.0
100
AcDbText
  0
TEXT
  5
20D
330
1B
100
AcDbEntity
 67
1
  8
R-TABLICZKA
100
AcDbText
 10
702.2
 20
21.5
 30
0.0
 40
5.0
  1
PRZEKRÓJ A-A
  7
PL_ARIAL_B
 11
702.2
 21
21.5
 31
0.0
100
AcDbText
  0
TEXT
  5
20E
330
1B
100
AcDbEntity
 67
1
  8
R-TABLICZKA
100
AcDbText
 10
702.2
 20
16.0
 30
0.0
 40
1.8
  1
SKALA
  7
PL_ARIAL
 11
702.2
 21
16.0
 31
0.0
100
AcDbText
  0
TEXT
  5
20F
330
1B
100
AcDbEntity
 67
1
  8
R-TABLICZKA
100
AcDbText
 10
707.9093799682036
 20
11.57
 30
0.0
 40
3.5
  1
1:50
  7
PL_ARIAL_B
 11
707.9093799682036
 21
11.57
 31
0.0
100
AcDbText
  0
TEXT
  5
210
330
1B
100
AcDbEntity
 67
1
  8
R-TABLICZKA
100
AcDbText
 10
726.2
 20
16.0
 30
0.0
 40
1.8
  1
FORMAT
  7
PL_ARIAL
 11
726.2
 21
16.0
 31
0.0
100
AcDbText
  0
TEXT
  5
211
330
1B
100
AcDbEntity
 67
1
  8
R-TABLICZKA
100
AcDbText
 10
728.7060526913468
 20
11.95
 30
0.0
 40
2.5
  1
A3×3
  7
PL_ARIAL
 11
728.7060526913468
 21
11.95
 31
0.0
100
AcDbText
  0
TEXT
  5
212
330
1B
100
AcDbEntity
 67
1
  8
R-TABLICZKA
100
AcDbText
 10
742.2
 20
16.0
 30
0.0
 40
1.8
  1
DATA WYDANIA
  7
PL_ARIAL
 11
742.2
 21
16.0
 31
0.0
100
AcDbText
  0
TEXT
  5
213
330
1B
100
AcDbEntity
 67
1
  8
R-TABLICZKA
100
AcDbText
 10
743.706904383375
 20
11.95
 30
0.0
 40
2.5
  1
2026-09-25
  7
PL_ARIAL
 11
743.706904383375
 21
11.95
 31
0.0
100
AcDbText
  0
TEXT
  5
214
330
1B
100
AcDbEntity
 67
1
  8
R-TABLICZKA
100
AcDbText
 10
766.2
 20
16.0
 30
0.0
 40
1.8
  1
RODZAJ DOK.
  7
PL_ARIAL
 11
766.2
 21
16.0
 31
0.0
100
AcDbText
  0
TEXT
  5
215
330
1B
100
AcDbEntity
 67
1
  8
R-TABLICZKA
100
AcDbText
 10
772.5382125823302
 20
11.95
 30
0.0
 40
2.5
  1
przekrój
  7
PL_ARIAL
 11
772.5382125823302
 21
11.95
 31
0.0
100
AcDbText
  0
TEXT
  5
216
330
1B
100
AcDbEntity
 67
1
  8
R-TABLICZKA
100
AcDbText
 10
794.2
 20
16.0
 30
0.0
 40
1.8
  1
NR RYSUNKU
  7
PL_ARIAL
 11
794.2
 21
16.0
 31
0.0
100
AcDbText
  0
TEXT
  5
217
330
1B
100
AcDbEntity
 67
1
  8
R-TABLICZKA
100
AcDbText
 10
807.2690779014308
 20
11.57
 30
0.0
 40
3.5
  1
PB-AR-05
  7
PL_ARIAL_B
 11
807.2690779014308
 21
11.57
 31
0.0
100
AcDbText
  0
TEXT
  5
218
330
1B
100
AcDbEntity
 67
1
  8
R-TABLICZKA
100
AcDbText
 10
846.2
 20
16.0
 30
0.0
 40
1.8
  1
ARKUSZ
  7
PL_ARIAL
 11
846.2
 21
16.0
 31
0.0
100
AcDbText
  0
TEXT
  5
219
330
1B
100
AcDbEntity
 67
1
  8
R-TABLICZKA
100
AcDbText
 10
850.4640585964115
 20
11.95
 30
0.0
 40
2.5
  1
5/10
  7
PL_ARIAL
 11
850.4640585964115
 21
11.95
 31
0.0
100
AcDbText
  0
TEXT
  5
21A
330
1B
100
AcDbEntity
 67
1
  8
R-TABLICZKA
100
AcDbText
 10
864.2
 20
16.0
 30
0.0
 40
1.8
  1
REW.
  7
PL_ARIAL
 11
864.2
 21
16.0
 31
0.0
100
AcDbText
  0
TEXT
  5
21B
330
1B
100
AcDbEntity
 67
1
  8
R-TABLICZKA
100
AcDbText
 10
870.5854531001589
 20
11.57
 30
0.0
 40
3.5
  1
0
  7
PL_ARIAL_B
 11
870.5854531001589
 21
11.57
 31
0.0
100
AcDbText
  0
TEXT
  5
21C
330
1B
100
AcDbEntity
 67
1
  8
R-TABLICZKA
100
AcDbText
 10
702.2
 20
104.25
 30
0.0
 40
2.5
  1
0
  7
PL_ARIAL
 11
702.2
 21
104.25
 31
0.0
100
AcDbText
  0
TEXT
  5
21D
330
1B
100
AcDbEntity
 67
1
  8
R-TABLICZKA
100
AcDbText
 10
720.2
 20
104.25
 30
0.0
 40
2.5
  1
Wydanie — rysunek wygenerowany z modelu
  7
PL_ARIAL
 11
720.2
 21
104.25
 31
0.0
100
AcDbText
  0
TEXT
  5
21E
330
1B
100
AcDbEntity
 67
1
  8
R-TABLICZKA
100
AcDbText
 10
842.2
 20
104.25
 30
0.0
 40
2.5
  1
2026-09-25
  7
PL_ARIAL
 11
842.2
 21
104.25
 31
0.0
100
AcDbText
  0
TEXT
  5
21F
330
1B
100
AcDbEntity
 67
1
  8
R-TABLICZKA
100
AcDbText
 10
702.2
 20
109.6
 30
0.0
 40
1.8
  1
REW.
  7
PL_ARIAL
 11
702.2
 21
109.6
 31
0.0
100
AcDbText
  0
TEXT
  5
220
330
1B
100
AcDbEntity
 67
1
  8
R-TABLICZKA
100
AcDbText
 10
720.2
 20
109.6
 30
0.0
 40
1.8
  1
OPIS ZMIANY
  7
PL_ARIAL
 11
720.2
 21
109.6
 31
0.0
100
AcDbText
  0
TEXT
  5
221
330
1B
100
AcDbEntity
 67
1
  8
R-TABLICZKA
100
AcDbText
 10
842.2
 20
109.6
 30
0.0
 40
1.8
  1
DATA
  7
PL_ARIAL
 11
842.2
 21
109.6
 31
0.0
100
AcDbText
  0
VIEWPORT
  5
CAC
330
1B
100
AcDbEntity
 67
1
  8
R-RZUTNIA
100
AcDbViewport
 10
359.5
 20
205.0
 30
0.0
 40
387.76032250738126
 41
285.53
 68
2
 69
3
 12
-2.8509919373154666
 22
4.938250000000002
 13
0.0
 23
0.0
 14
10.0
 24
10.0
 15
10.0
 25
10.0
 16
0.0
 26
0.0
 36
1.0
 17
0.0
 27
0.0
 37
0.0
 42
50.0
 43
0.0
 44
0.0
 45
14.276499999999999
 50
0.0
 51
0.0
 72
100
 90
16384
  1

281
0
 71
0
 74
0
110
0.0
120
0.0
130
0.0
111
1.0
121
0.0
131
0.0
112
0.0
122
1.0
132
0.0
 79
0
146
0.0
282
0
  0
ENDSEC
  0
SECTION
  2
OBJECTS
  0
DICTIONARY
  5
A
330
0
100
AcDbDictionary
281
1
  3
ACAD_COLOR
350
B
  3
ACAD_GROUP
350
C
  3
ACAD_LAYOUT
350
D
  3
ACAD_MATERIAL
350
E
  3
ACAD_MLEADERSTYLE
350
F
  3
ACAD_MLINESTYLE
350
10
  3
ACAD_PLOTSETTINGS
350
11
  3
ACAD_PLOTSTYLENAME
350
12
  3
ACAD_SCALELIST
350
14
  3
ACAD_TABLESTYLE
350
15
  3
ACAD_VISUALSTYLE
350
16
  3
EZDXF_META
350
2D
  0
DICTIONARY
  5
B
330
A
100
AcDbDictionary
281
1
  0
DICTIONARY
  5
C
330
A
100
AcDbDictionary
281
1
  0
DICTIONARY
  5
D
330
A
100
AcDbDictionary
281
1
  3
Model
350
1A
  3
Arkusz PB-AR-05
350
1E
  0
DICTIONARY
  5
E
330
A
100
AcDbDictionary
281
1
  3
ByBlock
350
1F
  3
ByLayer
350
20
  3
Global
350
21
  0
DICTIONARY
  5
F
330
A
100
AcDbDictionary
281
1
  3
Standard
350
2C
  0
DICTIONARY
  5
10
330
A
100
AcDbDictionary
281
1
  3
Standard
350
22
  0
DICTIONARY
  5
11
330
A
100
AcDbDictionary
281
1
  0
ACDBDICTIONARYWDFLT
  5
12
330
A
100
AcDbDictionary
281
1
  3
Normal
350
13
100
AcDbDictionaryWithDefault
340
13
  0
ACDBPLACEHOLDER
  5
13
330
12
  0
DICTIONARY
  5
14
330
A
100
AcDbDictionary
281
1
  0
DICTIONARY
  5
15
330
A
100
AcDbDictionary
281
1
  0
DICTIONARY
  5
16
330
A
100
AcDbDictionary
281
1
  0
LAYOUT
  5
1A
330
D
100
AcDbPlotSettings
  1

  4
A3
  6

 40
7.5
 41
20.0
 42
7.5
 43
20.0
 44
420.0
 45
297.0
 46
0.0
 47
0.0
 48
0.0
 49
0.0
140
0.0
141
0.0
142
1.0
143
1.0
 70
1024
 72
1
 73
0
 74
5
  7

 75
16
 76
0
 77
2
 78
300
147
1.0
148
0.0
149
0.0
100
AcDbLayout
  1
Model
 70
1
 71
0
 10
0.0
 20
0.0
 11
420.0
 21
297.0
 12
0.0
 22
0.0
 32
0.0
 14
1e+20
 24
1e+20
 34
1e+20
 15
-1e+20
 25
-1e+20
 35
-1e+20
146
0.0
 13
0.0
 23
0.0
 33
0.0
 16
1.0
 26
0.0
 36
0.0
 17
0.0
 27
1.0
 37
0.0
 76
1
330
17
  0
LAYOUT
  5
1E
330
D
100
AcDbPlotSettings
  1

  2
DWG to PDF.pc3
  4
LAMELA_(891.00_x_420.00_MM)
  6

 40
0.0
 41
0.0
 42
0.0
 43
0.0
 44
891.0
 45
420.0
 46
0.0
 47
0.0
 48
0.0
 49
0.0
140
0.0
141
0.0
142
1.0
143
1.0
 70
672
 72
1
 73
0
 74
5
  7

 75
16
 76
0
 77
2
 78
300
147
1.0
148
0.0
149
0.0
100
AcDbLayout
  1
Arkusz PB-AR-05
 70
1
 71
1
 10
-0.0
 20
-0.0
 11
891.0
 21
420.0
 12
0.0
 22
0.0
 32
0.0
 14
1e+20
 24
1e+20
 34
1e+20
 15
-1e+20
 25
-1e+20
 35
-1e+20
146
0.0
 13
0.0
 23
0.0
 33
0.0
 16
1.0
 26
0.0
 36
0.0
 17
0.0
 27
1.0
 37
0.0
 76
1
330
1B
331
7F
  0
MATERIAL
  5
1F
102
{ACAD_REACTORS
330
E
102
}
330
E
100
AcDbMaterial
  1
ByBlock
  2

 70
0
 40
1.0
 71
1
 41
1.0
 91
-1023410177
 42
1.0
 72
1
  3

 73
1
 74
1
 75
1
 44
0.5
 73
0
 45
1.0
 46
1.0
 77
1
  4

 78
1
 79
1
170
1
 48
1.0
171
1
  6

172
1
173
1
174
1
140
1.0
141
1.0
175
1
  7

176
1
177
1
178
1
143
1.0
179
1
  8

270
1
271
1
272
1
145
1.0
146
1.0
273
1
  9

274
1
275
1
276
1
 42
1.0
 72
1
  3

 73
1
 74
1
 75
1
 94
63
  0
MATERIAL
  5
20
102
{ACAD_REACTORS
330
E
102
}
330
E
100
AcDbMaterial
  1
ByLayer
  2

 70
0
 40
1.0
 71
1
 41
1.0
 91
-1023410177
 42
1.0
 72
1
  3

 73
1
 74
1
 75
1
 44
0.5
 73
0
 45
1.0
 46
1.0
 77
1
  4

 78
1
 79
1
170
1
 48
1.0
171
1
  6

172
1
173
1
174
1
140
1.0
141
1.0
175
1
  7

176
1
177
1
178
1
143
1.0
179
1
  8

270
1
271
1
272
1
145
1.0
146
1.0
273
1
  9

274
1
275
1
276
1
 42
1.0
 72
1
  3

 73
1
 74
1
 75
1
 94
63
  0
MATERIAL
  5
21
102
{ACAD_REACTORS
330
E
102
}
330
E
100
AcDbMaterial
  1
Global
  2

 70
0
 40
1.0
 71
1
 41
1.0
 91
-1023410177
 42
1.0
 72
1
  3

 73
1
 74
1
 75
1
 44
0.5
 73
0
 45
1.0
 46
1.0
 77
1
  4

 78
1
 79
1
170
1
 48
1.0
171
1
  6

172
1
173
1
174
1
140
1.0
141
1.0
175
1
  7

176
1
177
1
178
1
143
1.0
179
1
  8

270
1
271
1
272
1
145
1.0
146
1.0
273
1
  9

274
1
275
1
276
1
 42
1.0
 72
1
  3

 73
1
 74
1
 75
1
 94
63
  0
MLINESTYLE
  5
22
102
{ACAD_REACTORS
330
10
102
}
330
10
100
AcDbMlineStyle
  2
Standard
 70
0
  3

 62
256
 51
90.0
 52
90.0
 71
2
 49
0.5
 62
256
  6
BYLAYER
 49
-0.5
 62
256
  6
BYLAYER
  0
MLEADERSTYLE
  5
2C
102
{ACAD_REACTORS
330
F
102
}
330
F
100
AcDbMLeaderStyle
179
2
170
2
171
1
172
0
 90
2
 40
0.0
 41
0.0
173
1
 91
-1056964608
 92
-2
290
1
 42
2.0
291
1
 43
8.0
  3
Standard
 44
4.0
300

342
29
174
1
175
1
176
0
178
1
 93
-1056964608
 45
4.0
292
0
297
0
 46
4.0
 94
-1056964608
 47
1.0
 49
1.0
140
1.0
294
1
141
0.0
177
0
142
1.0
295
0
296
0
143
3.75
271
0
272
9
273
9
  0
DICTIONARY
  5
2D
330
A
100
AcDbDictionary
280
1
281
1
  3
CREATED_BY_EZDXF
350
2E
  3
WRITTEN_BY_EZDXF
350
CAF
  0
DICTIONARYVAR
  5
2E
330
2D
100
DictionaryVariables
280
0
  1
1.4.4 @ 2026-09-25T04:22:07.530471+00:00
  0
DICTIONARYVAR
  5
CAF
330
2D
100
DictionaryVariables
280
0
  1
1.4.4 @ 2026-09-25T04:22:07.771056+00:00
  0
ENDSEC
  0
EOF
