  0
SECTION
  2
HEADER
  9
$ACADVER
  1
AC1032
  9
$ACADMAINTVER
 90
4
  9
$DWGCODEPAGE
  3
ANSI_1252
  9
$LASTSAVEDBY
  1
ezdxf
  9
$REQUIREDVERSIONS
160
0
  9
$INSBASE
 10
0.0
 20
0.0
 30
0.0
  9
$EXTMIN
 10
1e+20
 20
1e+20
 30
1e+20
  9
$EXTMAX
 10
-1e+20
 20
-1e+20
 30
-1e+20
  9
$LIMMIN
 10
0.0
 20
0.0
  9
$LIMMAX
 10
420.0
 20
297.0
  9
$ORTHOMODE
 70
0
  9
$REGENMODE
 70
1
  9
$FILLMODE
 70
1
  9
$QTEXTMODE
 70
0
  9
$MIRRTEXT
 70
1
  9
$LTSCALE
 40
1.0
  9
$ATTMODE
 70
1
  9
$TEXTSIZE
 40
2.5
  9
$TRACEWID
 40
1.0
  9
$TEXTSTYLE
  7
Standard
  9
$CLAYER
  8
0
  9
$CELTYPE
  6
ByLayer
  9
$CECOLOR
 62
256
  9
$CELTSCALE
 40
1.0
  9
$DISPSILH
 70
0
  9
$DIMSCALE
 40
1.0
  9
$DIMASZ
 40
2.5
  9
$DIMEXO
 40
0.625
  9
$DIMDLI
 40
3.75
  9
$DIMRND
 40
0.0
  9
$DIMDLE
 40
0.0
  9
$DIMEXE
 40
1.25
  9
$DIMTP
 40
0.0
  9
$DIMTM
 40
0.0
  9
$DIMTXT
 40
2.5
  9
$DIMCEN
 40
2.5
  9
$DIMTSZ
 40
0.0
  9
$DIMTOL
 70
0
  9
$DIMLIM
 70
0
  9
$DIMTIH
 70
0
  9
$DIMTOH
 70
0
  9
$DIMSE1
 70
0
  9
$DIMSE2
 70
0
  9
$DIMTAD
 70
1
  9
$DIMZIN
 70
8
  9
$DIMBLK
  1

  9
$DIMASO
 70
1
  9
$DIMSHO
 70
1
  9
$DIMPOST
  1

  9
$DIMAPOST
  1

  9
$DIMALT
 70
0
  9
$DIMALTD
 70
3
  9
$DIMALTF
 40
0.03937007874
  9
$DIMLFAC
 40
1.0
  9
$DIMTOFL
 70
1
  9
$DIMTVP
 40
0.0
  9
$DIMTIX
 70
0
  9
$DIMSOXD
 70
0
  9
$DIMSAH
 70
0
  9
$DIMBLK1
  1

  9
$DIMBLK2
  1

  9
$DIMSTYLE
  2
ISO-25
  9
$DIMCLRD
 70
0
  9
$DIMCLRE
 70
0
  9
$DIMCLRT
 70
0
  9
$DIMTFAC
 40
1.0
  9
$DIMGAP
 40
0.625
  9
$DIMJUST
 70
0
  9
$DIMSD1
 70
0
  9
$DIMSD2
 70
0
  9
$DIMTOLJ
 70
0
  9
$DIMTZIN
 70
8
  9
$DIMALTZ
 70
0
  9
$DIMALTTZ
 70
0
  9
$DIMUPT
 70
0
  9
$DIMDEC
 70
2
  9
$DIMTDEC
 70
2
  9
$DIMALTU
 70
2
  9
$DIMALTTD
 70
3
  9
$DIMTXSTY
  7
Standard
  9
$DIMAUNIT
 70
0
  9
$DIMADEC
 70
0
  9
$DIMALTRND
 40
0.0
  9
$DIMAZIN
 70
0
  9
$DIMDSEP
 70
44
  9
$DIMATFIT
 70
3
  9
$DIMFRAC
 70
0
  9
$DIMLDRBLK
  1

  9
$DIMLUNIT
 70
2
  9
$DIMLWD
 70
-2
  9
$DIMLWE
 70
-2
  9
$DIMTMOVE
 70
0
  9
$DIMFXL
 40
1.0
  9
$DIMFXLON
 70
0
  9
$DIMJOGANG
 40
0.785398163397
  9
$DIMTFILL
 70
0
  9
$DIMTFILLCLR
 70
0
  9
$DIMARCSYM
 70
0
  9
$DIMLTYPE
  6

  9
$DIMLTEX1
  6

  9
$DIMLTEX2
  6

  9
$DIMTXTDIRECTION
 70
0
  9
$LUNITS
 70
2
  9
$LUPREC
 70
4
  9
$SKETCHINC
 40
1.0
  9
$FILLETRAD
 40
10.0
  9
$AUNITS
 70
0
  9
$AUPREC
 70
2
  9
$MENU
  1
.
  9
$ELEVATION
 40
0.0
  9
$PELEVATION
 40
0.0
  9
$THICKNESS
 40
0.0
  9
$LIMCHECK
 70
0
  9
$CHAMFERA
 40
0.0
  9
$CHAMFERB
 40
0.0
  9
$CHAMFERC
 40
0.0
  9
$CHAMFERD
 40
0.0
  9
$SKPOLY
 70
0
  9
$TDCREATE
 40
2461309.163865741
  9
$TDUCREATE
 40
2458532.153996898
  9
$TDUPDATE
 40
2461309.163865741
  9
$TDUUPDATE
 40
2458532.1544311
  9
$TDINDWG
 40
0.0
  9
$TDUSRTIMER
 40
0.0
  9
$USRTIMER
 70
1
  9
$ANGBASE
 50
0.0
  9
$ANGDIR
 70
0
  9
$PDMODE
 70
0
  9
$PDSIZE
 40
0.0
  9
$PLINEWID
 40
0.0
  9
$SPLFRAME
 70
0
  9
$SPLINETYPE
 70
6
  9
$SPLINESEGS
 70
8
  9
$HANDSEED
  5
71E
  9
$SURFTAB1
 70
6
  9
$SURFTAB2
 70
6
  9
$SURFTYPE
 70
6
  9
$SURFU
 70
6
  9
$SURFV
 70
6
  9
$UCSBASE
  2

  9
$UCSNAME
  2

  9
$UCSORG
 10
0.0
 20
0.0
 30
0.0
  9
$UCSXDIR
 10
1.0
 20
0.0
 30
0.0
  9
$UCSYDIR
 10
0.0
 20
1.0
 30
0.0
  9
$UCSORTHOREF
  2

  9
$UCSORTHOVIEW
 70
0
  9
$UCSORGTOP
 10
0.0
 20
0.0
 30
0.0
  9
$UCSORGBOTTOM
 10
0.0
 20
0.0
 30
0.0
  9
$UCSORGLEFT
 10
0.0
 20
0.0
 30
0.0
  9
$UCSORGRIGHT
 10
0.0
 20
0.0
 30
0.0
  9
$UCSORGFRONT
 10
0.0
 20
0.0
 30
0.0
  9
$UCSORGBACK
 10
0.0
 20
0.0
 30
0.0
  9
$PUCSBASE
  2

  9
$PUCSNAME
  2

  9
$PUCSORG
 10
0.0
 20
0.0
 30
0.0
  9
$PUCSXDIR
 10
1.0
 20
0.0
 30
0.0
  9
$PUCSYDIR
 10
0.0
 20
1.0
 30
0.0
  9
$PUCSORTHOREF
  2

  9
$PUCSORTHOVIEW
 70
0
  9
$PUCSORGTOP
 10
0.0
 20
0.0
 30
0.0
  9
$PUCSORGBOTTOM
 10
0.0
 20
0.0
 30
0.0
  9
$PUCSORGLEFT
 10
0.0
 20
0.0
 30
0.0
  9
$PUCSORGRIGHT
 10
0.0
 20
0.0
 30
0.0
  9
$PUCSORGFRONT
 10
0.0
 20
0.0
 30
0.0
  9
$PUCSORGBACK
 10
0.0
 20
0.0
 30
0.0
  9
$USERI1
 70
0
  9
$USERI2
 70
0
  9
$USERI3
 70
0
  9
$USERI4
 70
0
  9
$USERI5
 70
0
  9
$USERR1
 40
0.0
  9
$USERR2
 40
0.0
  9
$USERR3
 40
0.0
  9
$USERR4
 40
0.0
  9
$USERR5
 40
0.0
  9
$WORLDVIEW
 70
1
  9
$SHADEDGE
 70
3
  9
$SHADEDIF
 70
70
  9
$TILEMODE
 70
1
  9
$MAXACTVP
 70
64
  9
$PINSBASE
 10
0.0
 20
0.0
 30
0.0
  9
$PLIMCHECK
 70
0
  9
$PEXTMIN
 10
1e+20
 20
1e+20
 30
1e+20
  9
$PEXTMAX
 10
-1e+20
 20
-1e+20
 30
-1e+20
  9
$PLIMMIN
 10
-0.0
 20
-0.0
  9
$PLIMMAX
 10
594.0
 20
420.0
  9
$UNITMODE
 70
0
  9
$VISRETAIN
 70
1
  9
$PLINEGEN
 70
0
  9
$PSLTSCALE
 70
0
  9
$TREEDEPTH
 70
3020
  9
$CMLSTYLE
  2
Standard
  9
$CMLJUST
 70
0
  9
$CMLSCALE
 40
20.0
  9
$PROXYGRAPHICS
 70
1
  9
$MEASUREMENT
 70
1
  9
$CELWEIGHT
370
-1
  9
$ENDCAPS
280
0
  9
$JOINSTYLE
280
0
  9
$LWDISPLAY
290
1
  9
$INSUNITS
 70
6
  9
$HYPERLINKBASE
  1

  9
$STYLESHEET
  1

  9
$XEDIT
290
1
  9
$CEPSNTYPE
380
0
  9
$PSTYLEMODE
290
1
  9
$FINGERPRINTGUID
  2
{975C727E-8AC8-492D-86E3-767EBAC9A796}
  9
$VERSIONGUID
  2
{C54BFA1A-9318-4D98-A1C2-5000729B3261}
  9
$EXTNAMES
290
1
  9
$PSVPSCALE
 40
0.0
  9
$OLESTARTUP
290
0
  9
$SORTENTS
280
127
  9
$INDEXCTL
280
0
  9
$HIDETEXT
280
1
  9
$XCLIPFRAME
280
1
  9
$HALOGAP
280
0
  9
$OBSCOLOR
 70
257
  9
$OBSLTYPE
280
0
  9
$INTERSECTIONDISPLAY
280
0
  9
$INTERSECTIONCOLOR
 70
257
  9
$DIMASSOC
280
2
  9
$PROJECTNAME
  1

  9
$CAMERADISPLAY
290
0
  9
$LENSLENGTH
 40
50.0
  9
$CAMERAHEIGHT
 40
0.0
  9
$STEPSPERSEC
 40
24.0
  9
$STEPSIZE
 40
100.0
  9
$3DDWFPREC
 40
2.0
  9
$PSOLWIDTH
 40
0.005
  9
$PSOLHEIGHT
 40
0.08
  9
$LOFTANG1
 40
1.570796326795
  9
$LOFTANG2
 40
1.570796326795
  9
$LOFTMAG1
 40
0.0
  9
$LOFTMAG2
 40
0.0
  9
$LOFTPARAM
 70
7
  9
$LOFTNORMALS
280
1
  9
$LATITUDE
 40
37.795
  9
$LONGITUDE
 40
-122.394
  9
$NORTHDIRECTION
 40
0.0
  9
$TIMEZONE
 70
-8000
  9
$LIGHTGLYPHDISPLAY
280
1
  9
$TILEMODELIGHTSYNCH
280
1
  9
$CMATERIAL
347
20
  9
$SOLIDHIST
280
0
  9
$SHOWHIST
280
1
  9
$DWFFRAME
280
2
  9
$DGNFRAME
280
2
  9
$REALWORLDSCALE
290
1
  9
$INTERFERECOLOR
 62
256
  9
$CSHADOW
280
0
  9
$SHADOWPLANELOCATION
 40
0.0
  0
ENDSEC
  0
SECTION
  2
CLASSES
  0
CLASS
  1
ACDBDICTIONARYWDFLT
  2
AcDbDictionaryWithDefault
  3
ObjectDBX Classes
 90
0
 91
0
280
0
281
0
  0
CLASS
  1
SUN
  2
AcDbSun
  3
SCENEOE
 90
1153
 91
0
280
0
281
0
  0
CLASS
  1
VISUALSTYLE
  2
AcDbVisualStyle
  3
ObjectDBX Classes
 90
4095
 91
0
280
0
281
0
  0
CLASS
  1
MATERIAL
  2
AcDbMaterial
  3
ObjectDBX Classes
 90
1153
 91
0
280
0
281
0
  0
CLASS
  1
SCALE
  2
AcDbScale
  3
ObjectDBX Classes
 90
1153
 91
0
280
0
281
0
  0
CLASS
  1
TABLESTYLE
  2
AcDbTableStyle
  3
ObjectDBX Classes
 90
4095
 91
0
280
0
281
0
  0
CLASS
  1
MLEADERSTYLE
  2
AcDbMLeaderStyle
  3
ACDB_MLEADERSTYLE_CLASS
 90
4095
 91
0
280
0
281
0
  0
CLASS
  1
DICTIONARYVAR
  2
AcDbDictionaryVar
  3
ObjectDBX Classes
 90
0
 91
0
280
0
281
0
  0
CLASS
  1
CELLSTYLEMAP
  2
AcDbCellStyleMap
  3
ObjectDBX Classes
 90
1152
 91
0
280
0
281
0
  0
CLASS
  1
MENTALRAYRENDERSETTINGS
  2
AcDbMentalRayRenderSettings
  3
SCENEOE
 90
1024
 91
0
280
0
281
0
  0
CLASS
  1
ACDBDETAILVIEWSTYLE
  2
AcDbDetailViewStyle
  3
ObjectDBX Classes
 90
1025
 91
0
280
0
281
0
  0
CLASS
  1
ACDBSECTIONVIEWSTYLE
  2
AcDbSectionViewStyle
  3
ObjectDBX Classes
 90
1025
 91
0
280
0
281
0
  0
CLASS
  1
RASTERVARIABLES
  2
AcDbRasterVariables
  3
ISM
 90
0
 91
0
280
0
281
0
  0
CLASS
  1
LAYOUT
  2
AcDbLayout
  3
ObjectDBX Classes
 90
0
 91
0
280
0
281
0
  0
CLASS
  1
ACDBPLACEHOLDER
  2
AcDbPlaceHolder
  3
ObjectDBX Classes
 90
0
 91
0
280
0
281
0
  0
ENDSEC
  0
SECTION
  2
TABLES
  0
TABLE
  2
VPORT
  5
8
330
0
100
AcDbSymbolTable
 70
1
  0
VPORT
  5
23
330
8
100
AcDbSymbolTableRecord
100
AcDbViewportTableRecord
  2
*Active
 70
0
 10
0.0
 20
0.0
 11
1.0
 21
1.0
 12
0.0
 22
0.0
 13
0.0
 23
0.0
 14
0.5
 24
0.5
 15
0.5
 25
0.5
 16
0.0
 26
0.0
 36
1.0
 17
0.0
 27
0.0
 37
0.0
 40
1000.0
 41
1.34
 42
50.0
 43
0.0
 44
0.0
 50
0.0
 51
0.0
 71
0
 72
1000
 73
1
 74
3
 75
0
 76
0
 77
0
 78
0
281
0
 65
0
146
0.0
  0
ENDTAB
  0
TABLE
  2
LTYPE
  5
2
330
0
100
AcDbSymbolTable
 70
14
  0
LTYPE
  5
24
330
2
100
AcDbSymbolTableRecord
100
AcDbLinetypeTableRecord
  2
ByBlock
 70
0
  3

 72
65
 73
0
 40
0.0
  0
LTYPE
  5
25
330
2
100
AcDbSymbolTableRecord
100
AcDbLinetypeTableRecord
  2
ByLayer
 70
0
  3

 72
65
 73
0
 40
0.0
  0
LTYPE
  5
26
330
2
100
AcDbSymbolTableRecord
100
AcDbLinetypeTableRecord
  2
Continuous
 70
0
  3

 72
65
 73
0
 40
0.0
  0
LTYPE
  5
2F
330
2
100
AcDbSymbolTableRecord
100
AcDbLinetypeTableRecord
  2
KRESKOWA
 70
0
  3
Linia kreskowa (02): krawędzie niewidoczne, elementy pod/nad płaszczyzną cięcia
 72
65
 73
2
 40
5.249999999999999
 49
4.199999999999999
 74
0
 49
-1.0499999999999998
 74
0
  0
LTYPE
  5
30
330
2
100
AcDbSymbolTableRecord
100
AcDbLinetypeTableRecord
  2
KRESKOWA_DROBNA
 70
0
  3
Linia kreskowa drobna (kreska krótka 6d)
 72
65
 73
2
 40
3.1499999999999995
 49
2.0999999999999996
 74
0
 49
-1.0499999999999998
 74
0
  0
LTYPE
  5
31
330
2
100
AcDbSymbolTableRecord
100
AcDbLinetypeTableRecord
  2
PUNKTOWA
 70
0
  3
Linia punktowa (04): osie, płaszczyzny przekroju
 72
65
 73
4
 40
10.5
 49
8.399999999999999
 74
0
 49
-1.0499999999999998
 74
0
 49
0.0
 74
0
 49
-1.0499999999999998
 74
0
  0
LTYPE
  5
32
330
2
100
AcDbSymbolTableRecord
100
AcDbLinetypeTableRecord
  2
PUNKTOWA_KROTKA
 70
0
  3
Linia punktowa z kreską zwykłą (końce przekrojów, gaz)
 72
65
 73
4
 40
6.299999999999999
 49
4.199999999999999
 74
0
 49
-1.0499999999999998
 74
0
 49
0.0
 74
0
 49
-1.0499999999999998
 74
0
  0
LTYPE
  5
33
330
2
100
AcDbSymbolTableRecord
100
AcDbLinetypeTableRecord
  2
DWUPUNKTOWA
 70
0
  3
Linia dwupunktowa (05): położenia skrajne, części przyległe
 72
65
 73
6
 40
11.55
 49
8.399999999999999
 74
0
 49
-1.0499999999999998
 74
0
 49
0.0
 74
0
 49
-1.0499999999999998
 74
0
 49
0.0
 74
0
 49
-1.0499999999999998
 74
0
  0
LTYPE
  5
34
330
2
100
AcDbSymbolTableRecord
100
AcDbLinetypeTableRecord
  2
KROPKOWA
 70
0
  3
Linia kropkowa (07): elementy nieobjęte projektem
 72
65
 73
2
 40
1.0499999999999998
 49
0.0
 74
0
 49
-1.0499999999999998
 74
0
  0
LTYPE
  5
35
330
2
100
AcDbSymbolTableRecord
100
AcDbLinetypeTableRecord
  2
KRESKA_DLUGA
 70
0
  3
Linia kreskowa długa (instalacje)
 72
65
 73
2
 40
9.45
 49
8.399999999999999
 74
0
 49
-1.0499999999999998
 74
0
  0
LTYPE
  5
36
330
2
100
AcDbSymbolTableRecord
100
AcDbLinetypeTableRecord
  2
KRESKOWA_3_1
 70
0
  3
Linia kreskowa 3/1 mm (paroizolacja, R4 pkt 3.8)
 72
65
 73
2
 40
4.0
 49
3.0
 74
0
 49
-1.0
 74
0
  0
LTYPE
  5
37
330
2
100
AcDbSymbolTableRecord
100
AcDbLinetypeTableRecord
  2
HYDRO_OKNA
 70
0
  3
Białe okna pasa izolacji przeciwwodnej (czarny 3 / biały 1,5 mm)
 72
65
 73
2
 40
4.5
 49
1.5
 74
0
 49
-3.0
 74
0
  0
LTYPE
  5
38
330
2
100
AcDbSymbolTableRecord
100
AcDbLinetypeTableRecord
  2
WIELOPUNKTOWA
 70
0
  3
Linia wielopunktowa (telekomunikacja, PN-B-01027)
 72
65
 73
8
 40
13.399999999999999
 49
9.0
 74
0
 49
-1.2
 74
0
 49
0.0
 74
0
 49
-1.0
 74
0
 49
0.0
 74
0
 49
-1.0
 74
0
 49
0.0
 74
0
 49
-1.2
 74
0
  0
LTYPE
  5
39
330
2
100
AcDbSymbolTableRecord
100
AcDbLinetypeTableRecord
  2
KABEL_E
 70
0
  3
Kabel elektroenergetyczny (PN-B-01027: kreskowa 2·9·2)
 72
65
 73
2
 40
11.0
 49
9.0
 74
0
 49
-2.0
 74
0
  0
ENDTAB
  0
TABLE
  2
LAYER
  5
1
330
0
100
AcDbSymbolTable
 70
66
  0
LAYER
  5
27
330
1
100
AcDbSymbolTableRecord
100
AcDbLayerTableRecord
  2
0
 70
0
 62
7
  6
Continuous
370
-3
390
13
347
21
  0
LAYER
  5
28
330
1
100
AcDbSymbolTableRecord
100
AcDbLayerTableRecord
  2
Defpoints
 70
0
 62
7
  6
Continuous
290
0
370
-3
390
13
347
21
  0
LAYER
  5
3E
330
1
100
AcDbSymbolTableRecord
100
AcDbLayerTableRecord
  2
R-RAMKA
 70
0
 62
7
  6
Continuous
370
50
390
13
347
21
1001
AcAecLayerStandard
1000

1000
Ramka arkusza, znaki składania i centrowania
  0
LAYER
  5
40
330
1
100
AcDbSymbolTableRecord
100
AcDbLayerTableRecord
  2
R-TABLICZKA
 70
0
 62
7
  6
Continuous
370
25
390
13
347
21
1001
AcAecLayerStandard
1000

1000
Tabliczka rysunkowa (PN-EN ISO 7200)
  0
LAYER
  5
41
330
1
100
AcDbSymbolTableRecord
100
AcDbLayerTableRecord
  2
R-OPISY
 70
0
 62
7
  6
Continuous
370
25
390
13
347
21
1001
AcAecLayerStandard
1000

1000
Opisy arkusza: tytuły rzutni, uwagi, legendy
  0
LAYER
  5
42
330
1
100
AcDbSymbolTableRecord
100
AcDbLayerTableRecord
  2
R-LEGENDA
 70
0
 62
7
  6
Continuous
370
25
390
13
347
21
1001
AcAecLayerStandard
1000

1000
Legenda oznaczeń
  0
LAYER
  5
43
330
1
100
AcDbSymbolTableRecord
100
AcDbLayerTableRecord
  2
R-RZUTNIA
 70
0
 62
8
  6
Continuous
290
0
370
18
390
13
347
21
1001
AcAecLayerStandard
1000

1000
Obrys rzutni (nie drukowany)
  0
LAYER
  5
44
330
1
100
AcDbSymbolTableRecord
100
AcDbLayerTableRecord
  2
A-SCIANY-KONSTR
 70
0
 62
7
  6
Continuous
370
50
390
13
347
21
1001
AcAecLayerStandard
1000

1000
Ściany i słupy konstrukcyjne w przekroju — kontur
  0
LAYER
  5
45
330
1
100
AcDbSymbolTableRecord
100
AcDbLayerTableRecord
  2
A-SCIANY-DZIAL
 70
0
 62
7
  6
Continuous
370
35
390
13
347
21
1001
AcAecLayerStandard
1000

1000
Ścianki działowe w przekroju — kontur
  0
LAYER
  5
46
330
1
100
AcDbSymbolTableRecord
100
AcDbLayerTableRecord
  2
A-SCIANY-IZOL
 70
0
 62
4
  6
Continuous
370
35
390
13
347
21
1001
AcAecLayerStandard
1000

1000
Warstwy izolacji termicznej ścian — kontur
  0
LAYER
  5
47
330
1
100
AcDbSymbolTableRecord
100
AcDbLayerTableRecord
  2
A-SCIANY-WYK
 70
0
 62
8
  6
Continuous
370
18
390
13
347
21
1001
AcAecLayerStandard
1000

1000
Tynki, okładziny, warstwy wykończeniowe — kontur
  0
LAYER
  5
48
330
1
100
AcDbSymbolTableRecord
100
AcDbLayerTableRecord
  2
A-STROPY
 70
0
 62
7
  6
Continuous
370
50
390
13
347
21
1001
AcAecLayerStandard
1000

1000
Stropy, płyty, stropodachy w przekroju — kontur
  0
LAYER
  5
49
330
1
100
AcDbSymbolTableRecord
100
AcDbLayerTableRecord
  2
A-WARSTWY
 70
0
 62
8
  6
Continuous
370
25
390
13
347
21
1001
AcAecLayerStandard
1000

1000
Warstwy przegród poziomych (podłogi, dachy) — kontur
  0
LAYER
  5
4A
330
1
100
AcDbSymbolTableRecord
100
AcDbLayerTableRecord
  2
A-IZOL-WODNA
 70
0
 62
5
  6
Continuous
370
100
390
13
347
21
1001
AcAecLayerStandard
1000

1000
Izolacje przeciwwodne/przeciwwilgociowe/paroizolacje
  0
LAYER
  5
4B
330
1
100
AcDbSymbolTableRecord
100
AcDbLayerTableRecord
  2
A-FUNDAMENTY
 70
0
 62
7
  6
Continuous
370
50
390
13
347
21
1001
AcAecLayerStandard
1000

1000
Fundamenty w przekroju — kontur
  0
LAYER
  5
4C
330
1
100
AcDbSymbolTableRecord
100
AcDbLayerTableRecord
  2
A-KRESKOWANIE
 70
0
 62
8
  6
Continuous
370
18
390
13
347
21
1001
AcAecLayerStandard
1000

1000
Kreskowanie materiałów (PN-B-01030)
  0
LAYER
  5
4D
330
1
100
AcDbSymbolTableRecord
100
AcDbLayerTableRecord
  2
A-WYPELNIENIA
 70
0
 62
9
  6
Continuous
370
18
390
13
347
21
1001
AcAecLayerStandard
1000

1000
Wypełnienia (zaczernienia, tła)
  0
LAYER
  5
4E
330
1
100
AcDbSymbolTableRecord
100
AcDbLayerTableRecord
  2
A-WIDOK
 70
0
 62
7
  6
Continuous
370
25
390
13
347
21
1001
AcAecLayerStandard
1000

1000
Krawędzie widoczne (poza płaszczyzną cięcia)
  0
LAYER
  5
4F
330
1
100
AcDbSymbolTableRecord
100
AcDbLayerTableRecord
  2
A-NIEWIDOCZNE
 70
0
 62
8
  6
KRESKOWA
370
25
390
13
347
21
1001
AcAecLayerStandard
1000

1000
Krawędzie niewidoczne
  0
LAYER
  5
50
330
1
100
AcDbSymbolTableRecord
100
AcDbLayerTableRecord
  2
A-NAD-CIECIEM
 70
0
 62
8
  6
KRESKOWA
370
25
390
13
347
21
1001
AcAecLayerStandard
1000

1000
Elementy nad płaszczyzną cięcia (belki, nadproża, okapy)
  0
LAYER
  5
51
330
1
100
AcDbSymbolTableRecord
100
AcDbLayerTableRecord
  2
A-OKNA
 70
0
 62
3
  6
Continuous
370
35
390
13
347
21
1001
AcAecLayerStandard
1000

1000
Stolarka okienna
  0
LAYER
  5
52
330
1
100
AcDbSymbolTableRecord
100
AcDbLayerTableRecord
  2
A-DRZWI
 70
0
 62
3
  6
Continuous
370
35
390
13
347
21
1001
AcAecLayerStandard
1000

1000
Stolarka drzwiowa
  0
LAYER
  5
53
330
1
100
AcDbSymbolTableRecord
100
AcDbLayerTableRecord
  2
A-SCHODY
 70
0
 62
6
  6
Continuous
370
25
390
13
347
21
1001
AcAecLayerStandard
1000

1000
Schody, pochylnie, balustrady
  0
LAYER
  5
54
330
1
100
AcDbSymbolTableRecord
100
AcDbLayerTableRecord
  2
A-MEBLE
 70
0
 62
8
  6
Continuous
370
18
390
13
347
21
1001
AcAecLayerStandard
1000

1000
Meble i wyposażenie ruchome
  0
LAYER
  5
55
330
1
100
AcDbSymbolTableRecord
100
AcDbLayerTableRecord
  2
A-SANITARNE
 70
0
 62
6
  6
Continuous
370
25
390
13
347
21
1001
AcAecLayerStandard
1000

1000
Wyposażenie sanitarne i kuchenne
  0
LAYER
  5
56
330
1
100
AcDbSymbolTableRecord
100
AcDbLayerTableRecord
  2
A-WYMIARY
 70
0
 62
1
  6
Continuous
370
25
390
13
347
21
1001
AcAecLayerStandard
1000

1000
Wymiarowanie (PN-B-01029)
  0
LAYER
  5
57
330
1
100
AcDbSymbolTableRecord
100
AcDbLayerTableRecord
  2
A-OPISY
 70
0
 62
2
  6
Continuous
370
25
390
13
347
21
1001
AcAecLayerStandard
1000

1000
Opisy, odnośniki, opisy warstw
  0
LAYER
  5
58
330
1
100
AcDbSymbolTableRecord
100
AcDbLayerTableRecord
  2
A-POMIESZCZENIA
 70
0
 62
2
  6
Continuous
370
25
390
13
347
21
1001
AcAecLayerStandard
1000

1000
Oznaczenia pomieszczeń (PN-EN ISO 4157)
  0
LAYER
  5
59
330
1
100
AcDbSymbolTableRecord
100
AcDbLayerTableRecord
  2
A-OSIE
 70
0
 62
1
  6
PUNKTOWA
370
25
390
13
347
21
1001
AcAecLayerStandard
1000

1000
Osie konstrukcyjne
  0
LAYER
  5
5A
330
1
100
AcDbSymbolTableRecord
100
AcDbLayerTableRecord
  2
A-RZEDNE
 70
0
 62
1
  6
Continuous
370
25
390
13
347
21
1001
AcAecLayerStandard
1000

1000
Rzędne wysokościowe
  0
LAYER
  5
5B
330
1
100
AcDbSymbolTableRecord
100
AcDbLayerTableRecord
  2
A-PRZEKROJE
 70
0
 62
1
  6
PUNKTOWA_KROTKA
370
50
390
13
347
21
1001
AcAecLayerStandard
1000

1000
Oznaczenia przekrojów i widoków
  0
LAYER
  5
5C
330
1
100
AcDbSymbolTableRecord
100
AcDbLayerTableRecord
  2
A-SYMBOLE
 70
0
 62
2
  6
Continuous
370
25
390
13
347
21
1001
AcAecLayerStandard
1000

1000
Symbole ogólne (północ, spadki, odnośniki)
  0
LAYER
  5
5D
330
1
100
AcDbSymbolTableRecord
100
AcDbLayerTableRecord
  2
A-TEREN
 70
0
 62
32
  6
Continuous
370
50
390
13
347
21
1001
AcAecLayerStandard
1000

1000
Linia terenu, grunt
  0
LAYER
  5
5E
330
1
100
AcDbSymbolTableRecord
100
AcDbLayerTableRecord
  2
A-ELEWACJE
 70
0
 62
7
  6
Continuous
370
35
390
13
347
21
1001
AcAecLayerStandard
1000

1000
Elewacje — krawędzie
  0
LAYER
  5
5F
330
1
100
AcDbSymbolTableRecord
100
AcDbLayerTableRecord
  2
A-MASKA
 70
0
 62
7
  6
Continuous
370
18
390
13
347
21
1001
AcAecLayerStandard
1000

1000
Maski (tło napisów)
  0
LAYER
  5
60
330
1
100
AcDbSymbolTableRecord
100
AcDbLayerTableRecord
  2
K-KONSTR
 70
0
 62
7
  6
Continuous
370
50
390
13
347
21
1001
AcAecLayerStandard
1000

1000
Konstrukcja — kontury elementów
  0
LAYER
  5
61
330
1
100
AcDbSymbolTableRecord
100
AcDbLayerTableRecord
  2
K-ZBROJENIE
 70
0
 62
1
  6
Continuous
370
100
390
13
347
21
1001
AcAecLayerStandard
1000

1000
Zbrojenie — pręty (PN-EN ISO 3766)
  0
LAYER
  5
62
330
1
100
AcDbSymbolTableRecord
100
AcDbLayerTableRecord
  2
K-ZBROJENIE-OPIS
 70
0
 62
2
  6
Continuous
370
25
390
13
347
21
1001
AcAecLayerStandard
1000

1000
Zbrojenie — opisy pozycji
  0
LAYER
  5
63
330
1
100
AcDbSymbolTableRecord
100
AcDbLayerTableRecord
  2
K-WYMIARY
 70
0
 62
1
  6
Continuous
370
25
390
13
347
21
1001
AcAecLayerStandard
1000

1000
Konstrukcja — wymiary
  0
LAYER
  5
64
330
1
100
AcDbSymbolTableRecord
100
AcDbLayerTableRecord
  2
K-OSIE
 70
0
 62
1
  6
PUNKTOWA
370
25
390
13
347
21
1001
AcAecLayerStandard
1000

1000
Konstrukcja — osie
  0
LAYER
  5
65
330
1
100
AcDbSymbolTableRecord
100
AcDbLayerTableRecord
  2
S-WODA
 70
0
 62
5
420
20680
  6
Continuous
370
35
390
13
347
21
1001
AcAecLayerStandard
1000

1000
Instalacja wody zimnej
  0
LAYER
  5
66
330
1
100
AcDbSymbolTableRecord
100
AcDbLayerTableRecord
  2
S-CWU
 70
0
 62
1
420
13631488
  6
KRESKOWA
370
35
390
13
347
21
1001
AcAecLayerStandard
1000

1000
Instalacja ciepłej wody użytkowej
  0
LAYER
  5
67
330
1
100
AcDbSymbolTableRecord
100
AcDbLayerTableRecord
  2
S-CYRK
 70
0
 62
6
420
11534512
  6
PUNKTOWA_KROTKA
370
25
390
13
347
21
1001
AcAecLayerStandard
1000

1000
Instalacja cyrkulacji CWU
  0
LAYER
  5
68
330
1
100
AcDbSymbolTableRecord
100
AcDbLayerTableRecord
  2
S-KANAL
 70
0
 62
34
420
8013056
  6
Continuous
370
50
390
13
347
21
1001
AcAecLayerStandard
1000

1000
Kanalizacja sanitarna
  0
LAYER
  5
69
330
1
100
AcDbSymbolTableRecord
100
AcDbLayerTableRecord
  2
S-DESZCZ
 70
0
 62
150
420
32906
  6
KRESKA_DLUGA
370
35
390
13
347
21
1001
AcAecLayerStandard
1000

1000
Kanalizacja deszczowa / odwodnienie
  0
LAYER
  5
6A
330
1
100
AcDbSymbolTableRecord
100
AcDbLayerTableRecord
  2
S-OGRZ
 70
0
 62
1
420
14700544
  6
Continuous
370
25
390
13
347
21
1001
AcAecLayerStandard
1000

1000
Ogrzewanie (zasilanie/powrót, pętle podłogowe)
  0
LAYER
  5
6B
330
1
100
AcDbSymbolTableRecord
100
AcDbLayerTableRecord
  2
S-WENT
 70
0
 62
3
420
35328
  6
Continuous
370
35
390
13
347
21
1001
AcAecLayerStandard
1000

1000
Wentylacja mechaniczna
  0
LAYER
  5
6C
330
1
100
AcDbSymbolTableRecord
100
AcDbLayerTableRecord
  2
S-URZADZENIA
 70
0
 62
2
420
3158064
  6
Continuous
370
35
390
13
347
21
1001
AcAecLayerStandard
1000

1000
Urządzenia i armatura instalacji sanitarnych
  0
LAYER
  5
6D
330
1
100
AcDbSymbolTableRecord
100
AcDbLayerTableRecord
  2
S-OPISY
 70
0
 62
2
  6
Continuous
370
25
390
13
347
21
1001
AcAecLayerStandard
1000

1000
Instalacje sanitarne — opisy
  0
LAYER
  5
6E
330
1
100
AcDbSymbolTableRecord
100
AcDbLayerTableRecord
  2
E-GNIAZDA
 70
0
 62
1
420
12582912
  6
Continuous
370
35
390
13
347
21
1001
AcAecLayerStandard
1000

1000
Gniazda wtyczkowe (PN-EN 60617)
  0
LAYER
  5
6F
330
1
100
AcDbSymbolTableRecord
100
AcDbLayerTableRecord
  2
E-OSWIETLENIE
 70
0
 62
30
420
13656064
  6
Continuous
370
35
390
13
347
21
1001
AcAecLayerStandard
1000

1000
Oprawy oświetleniowe
  0
LAYER
  5
70
330
1
100
AcDbSymbolTableRecord
100
AcDbLayerTableRecord
  2
E-LACZNIKI
 70
0
 62
30
420
13656064
  6
Continuous
370
35
390
13
347
21
1001
AcAecLayerStandard
1000

1000
Łączniki, czujniki
  0
LAYER
  5
71
330
1
100
AcDbSymbolTableRecord
100
AcDbLayerTableRecord
  2
E-TRASY
 70
0
 62
8
420
6316128
  6
Continuous
370
25
390
13
347
21
1001
AcAecLayerStandard
1000

1000
Trasy przewodów
  0
LAYER
  5
72
330
1
100
AcDbSymbolTableRecord
100
AcDbLayerTableRecord
  2
E-ROZDZIELNICE
 70
0
 62
1
420
12582912
  6
Continuous
370
35
390
13
347
21
1001
AcAecLayerStandard
1000

1000
Rozdzielnice, złącza, puszki
  0
LAYER
  5
73
330
1
100
AcDbSymbolTableRecord
100
AcDbLayerTableRecord
  2
E-TELETECH
 70
0
 62
5
420
20680
  6
Continuous
370
35
390
13
347
21
1001
AcAecLayerStandard
1000

1000
Instalacje teletechniczne (LAN, TV, domofon)
  0
LAYER
  5
74
330
1
100
AcDbSymbolTableRecord
100
AcDbLayerTableRecord
  2
E-ODGROM
 70
0
 62
3
420
35328
  6
Continuous
370
35
390
13
347
21
1001
AcAecLayerStandard
1000

1000
Uziemienia, połączenia wyrównawcze, ochrona odgromowa
  0
LAYER
  5
75
330
1
100
AcDbSymbolTableRecord
100
AcDbLayerTableRecord
  2
E-OPISY
 70
0
 62
2
  6
Continuous
370
25
390
13
347
21
1001
AcAecLayerStandard
1000

1000
Instalacje elektryczne — opisy
  0
LAYER
  5
76
330
1
100
AcDbSymbolTableRecord
100
AcDbLayerTableRecord
  2
Z-GRANICE
 70
0
 62
1
  6
DWUPUNKTOWA
370
50
390
13
347
21
1001
AcAecLayerStandard
1000

1000
Granice działki, punkty graniczne
  0
LAYER
  5
77
330
1
100
AcDbSymbolTableRecord
100
AcDbLayerTableRecord
  2
Z-ZABUDOWA
 70
0
 62
7
  6
Continuous
370
50
390
13
347
21
1001
AcAecLayerStandard
1000

1000
Budynki projektowane i istniejące
  0
LAYER
  5
78
330
1
100
AcDbSymbolTableRecord
100
AcDbLayerTableRecord
  2
Z-LINIE-ZABUDOWY
 70
0
 62
1
420
12582912
  6
PUNKTOWA
370
35
390
13
347
21
1001
AcAecLayerStandard
1000

1000
Linie zabudowy (MPZP)
  0
LAYER
  5
79
330
1
100
AcDbSymbolTableRecord
100
AcDbLayerTableRecord
  2
Z-UTWARDZENIA
 70
0
 62
8
  6
Continuous
370
25
390
13
347
21
1001
AcAecLayerStandard
1000

1000
Nawierzchnie utwardzone
  0
LAYER
  5
7A
330
1
100
AcDbSymbolTableRecord
100
AcDbLayerTableRecord
  2
Z-ZIELEN
 70
0
 62
3
420
1997342
  6
Continuous
370
25
390
13
347
21
1001
AcAecLayerStandard
1000

1000
Zieleń: drzewa, krzewy, trawniki
  0
LAYER
  5
7B
330
1
100
AcDbSymbolTableRecord
100
AcDbLayerTableRecord
  2
Z-UZBROJENIE
 70
0
 62
5
  6
Continuous
370
35
390
13
347
21
1001
AcAecLayerStandard
1000

1000
Uzbrojenie terenu, sieci i przyłącza
  0
LAYER
  5
7C
330
1
100
AcDbSymbolTableRecord
100
AcDbLayerTableRecord
  2
Z-WARSTWICE
 70
0
 62
32
420
9067050
  6
Continuous
370
18
390
13
347
21
1001
AcAecLayerStandard
1000

1000
Warstwice i punkty wysokościowe
  0
LAYER
  5
7D
330
1
100
AcDbSymbolTableRecord
100
AcDbLayerTableRecord
  2
Z-OGRODZENIE
 70
0
 62
7
  6
Continuous
370
35
390
13
347
21
1001
AcAecLayerStandard
1000

1000
Ogrodzenie, bramy, furtki
  0
LAYER
  5
7E
330
1
100
AcDbSymbolTableRecord
100
AcDbLayerTableRecord
  2
Z-OPISY
 70
0
 62
2
  6
Continuous
370
25
390
13
347
21
1001
AcAecLayerStandard
1000

1000
Opisy zagospodarowania
  0
ENDTAB
  0
TABLE
  2
STYLE
  5
5
330
0
100
AcDbSymbolTable
 70
5
  0
STYLE
  5
29
330
5
100
AcDbSymbolTableRecord
100
AcDbTextStyleTableRecord
  2
Standard
 70
0
 40
0.0
 41
1.0
 50
0.0
 71
0
 42
2.5
  3
txt
  4

  0
STYLE
  5
3A
330
5
100
AcDbSymbolTableRecord
100
AcDbTextStyleTableRecord
  2
PL_ARIAL
 70
0
 40
0.0
 41
1.0
 50
0.0
 71
0
 42
2.5
  3
arial.ttf
  4

  0
STYLE
  5
3B
330
5
100
AcDbSymbolTableRecord
100
AcDbTextStyleTableRecord
  2
PL_ARIAL_B
 70
0
 40
0.0
 41
1.0
 50
0.0
 71
0
 42
2.5
  3
arialbd.ttf
  4

  0
STYLE
  5
3C
330
5
100
AcDbSymbolTableRecord
100
AcDbTextStyleTableRecord
  2
PL_ARIAL_I
 70
0
 40
0.0
 41
1.0
 50
0.0
 71
0
 42
2.5
  3
ariali.ttf
  4

  0
STYLE
  5
3D
330
5
100
AcDbSymbolTableRecord
100
AcDbTextStyleTableRecord
  2
PL_ARIAL_BI
 70
0
 40
0.0
 41
1.0
 50
0.0
 71
0
 42
2.5
  3
arialbi.ttf
  4

  0
ENDTAB
  0
TABLE
  2
VIEW
  5
7
330
0
100
AcDbSymbolTable
 70
0
  0
ENDTAB
  0
TABLE
  2
UCS
  5
6
330
0
100
AcDbSymbolTable
 70
0
  0
ENDTAB
  0
TABLE
  2
APPID
  5
3
330
0
100
AcDbSymbolTable
 70
4
  0
APPID
  5
2A
330
3
100
AcDbSymbolTableRecord
100
AcDbRegAppTableRecord
  2
ACAD
 70
0
  0
APPID
  5
3F
330
3
100
AcDbSymbolTableRecord
100
AcDbRegAppTableRecord
  2
AcAecLayerStandard
 70
0
  0
APPID
  5
71B
330
3
100
AcDbSymbolTableRecord
100
AcDbRegAppTableRecord
  2
HATCHBACKGROUNDCOLOR
 70
0
  0
APPID
  5
71C
330
3
100
AcDbSymbolTableRecord
100
AcDbRegAppTableRecord
  2
EZDXF
 70
0
  0
ENDTAB
  0
TABLE
  2
DIMSTYLE
  5
4
330
0
100
AcDbSymbolTable
 70
1
100
AcDbDimStyleTable
  0
DIMSTYLE
105
2B
330
4
100
AcDbSymbolTableRecord
100
AcDbDimStyleTableRecord
  2
Standard
 70
0
 40
1.0
 41
2.5
 42
0.625
 43
3.75
 44
1.25
 45
0.0
 46
0.0
 47
0.0
 48
0.0
 49
2.5
140
2.5
141
2.5
142
0.0
143
0.03937007874
144
1.0
145
0.0
146
1.0
147
0.625
148
0.0
 69
0
 70
0
 71
0
 72
0
 73
0
 74
0
 75
0
 76
0
 77
1
 78
8
 79
3
170
0
171
3
172
1
173
0
174
0
175
0
176
0
177
0
178
0
179
2
271
2
272
2
273
2
274
3
275
0
276
0
277
2
278
44
279
0
280
0
281
0
282
0
283
0
284
8
285
0
286
0
288
0
289
3
290
0
371
-2
372
-2
  0
ENDTAB
  0
TABLE
  2
BLOCK_RECORD
  5
9
330
0
100
AcDbSymbolTable
 70
2
  0
BLOCK_RECORD
  5
17
330
9
100
AcDbSymbolTableRecord
100
AcDbBlockTableRecord
  2
*Model_Space
340
1A
 70
0
280
1
281
0
  0
BLOCK_RECORD
  5
1B
330
9
100
AcDbSymbolTableRecord
100
AcDbBlockTableRecord
  2
*Paper_Space
340
1E
 70
0
280
1
281
0
  0
ENDTAB
  0
ENDSEC
  0
SECTION
  2
BLOCKS
  0
BLOCK
  5
18
330
17
100
AcDbEntity
  8
0
100
AcDbBlockBegin
  2
*Model_Space
 70
0
 10
0.0
 20
0.0
 30
0.0
  3
*Model_Space
  1

  0
ENDBLK
  5
19
330
17
100
AcDbEntity
  8
0
100
AcDbBlockEnd
  0
BLOCK
  5
1C
330
1B
100
AcDbEntity
  8
0
100
AcDbBlockBegin
  2
*Paper_Space
 70
0
 10
0.0
 20
0.0
 30
0.0
  3
*Paper_Space
  1

  0
ENDBLK
  5
1D
330
1B
100
AcDbEntity
  8
0
100
AcDbBlockEnd
  0
ENDSEC
  0
SECTION
  2
ENTITIES
  0
HATCH
  5
1B4
330
17
100
AcDbEntity
  8
A-ELEWACJE
 62
7
420
7890261
100
AcDbHatch
 10
0.0
 20
0.0
 30
0.0
210
0.0
220
0.0
230
1.0
  2
SOLID
 70
1
 71
0
 91
1
 92
3
 72
0
 73
1
 93
4
 10
7.825000000000001
 20
-0.05
 10
-0.6000000000000001
 20
-0.05
 10
-0.6000000000000001
 20
-0.02
 10
7.825000000000001
 20
-0.02
 97
0
 75
0
 76
1
 98
0
  0
HATCH
  5
1B5
330
17
100
AcDbEntity
  8
A-ELEWACJE
 62
7
420
9867399
100
AcDbHatch
 10
0.0
 20
0.0
 30
0.0
210
0.0
220
0.0
230
1.0
  2
SOLID
 70
1
 71
0
 91
1
 92
3
 72
0
 73
1
 93
38
 10
-0.6
 20
-0.05
 10
7.825
 20
-0.05
 10
7.825
 20
-0.3416
 10
7.675
 20
-0.3407
 10
7.425
 20
-0.3392
 10
7.175
 20
-0.3377
 10
6.925
 20
-0.3362
 10
6.675
 20
-0.3347
 10
6.425
 20
-0.3332
 10
6.175
 20
-0.3317
 10
5.925
 20
-0.3302
 10
5.675
 20
-0.3287
 10
5.425
 20
-0.3272
 10
5.175
 20
-0.3257
 10
4.925
 20
-0.3242
 10
4.675
 20
-0.3227
 10
4.425
 20
-0.3212
 10
4.175
 20
-0.3197
 10
3.925
 20
-0.3182
 10
3.675
 20
-0.3167
 10
3.425
 20
-0.3152
 10
3.175
 20
-0.3137
 10
2.925
 20
-0.3122
 10
2.675
 20
-0.3107
 10
2.425
 20
-0.3092
 10
2.175
 20
-0.3077
 10
1.925
 20
-0.3062
 10
1.675
 20
-0.3047
 10
1.425
 20
-0.3032
 10
1.175
 20
-0.3017
 10
0.925
 20
-0.3002
 10
0.675
 20
-0.2987
 10
0.425
 20
-0.2972
 10
0.175
 20
-0.2957
 10
-0.075
 20
-0.2942
 10
-0.325
 20
-0.2927
 10
-0.575
 20
-0.2912
 10
-0.6
 20
-0.29105
 97
0
 75
0
 76
1
 98
0
  0
HATCH
  5
1B6
330
17
100
AcDbEntity
  8
A-ELEWACJE
 62
7
420
7961984
100
AcDbHatch
 10
0.0
 20
0.0
 30
0.0
210
0.0
220
0.0
230
1.0
  2
SOLID
 70
1
 71
0
 91
1
 92
3
 72
0
 73
1
 93
4
 10
-0.9
 20
6.250000000000001
 10
-0.9
 20
6.252000000000001
 10
5.825
 20
6.252000000000001
 10
5.825
 20
6.250000000000001
 97
0
 75
0
 76
1
 98
0
  0
HATCH
  5
1B7
330
17
100
AcDbEntity
  8
A-ELEWACJE
 62
7
420
7961984
100
AcDbHatch
 10
0.0
 20
0.0
 30
0.0
210
0.0
220
0.0
230
1.0
  2
SOLID
 70
1
 71
0
 91
1
 92
3
 72
0
 73
1
 93
4
 10
-0.9
 20
9.4
 10
-0.9
 20
9.402000000000001
 10
5.825
 20
9.402000000000001
 10
5.825
 20
9.4
 97
0
 75
0
 76
1
 98
0
  0
HATCH
  5
1B8
330
17
100
AcDbEntity
  8
A-ELEWACJE
 62
7
420
16119025
100
AcDbHatch
 10
0.0
 20
0.0
 30
0.0
210
0.0
220
0.0
230
1.0
  2
SOLID
 70
1
 71
0
 91
1
 92
3
 72
0
 73
1
 93
4
 10
-0.9
 20
5.95
 10
5.825
 20
5.95
 10
5.825
 20
5.935
 10
-0.9
 20
5.935
 97
0
 75
0
 76
1
 98
0
  0
HATCH
  5
1B9
330
17
100
AcDbEntity
  8
A-ELEWACJE
 62
7
420
16119025
100
AcDbHatch
 10
0.0
 20
0.0
 30
0.0
210
0.0
220
0.0
230
1.0
  2
SOLID
 70
1
 71
0
 91
1
 92
3
 72
0
 73
1
 93
4
 10
-0.9
 20
9.08
 10
5.825
 20
9.08
 10
5.825
 20
9.065
 10
-0.9
 20
9.065
 97
0
 75
0
 76
1
 98
0
  0
HATCH
  5
1BA
330
17
100
AcDbEntity
  8
A-ELEWACJE
 62
7
420
12236719
100
AcDbHatch
 10
0.0
 20
0.0
 30
0.0
210
0.0
220
0.0
230
1.0
  2
SOLID
 70
1
 71
0
 91
1
 92
3
 72
0
 73
1
 93
4
 10
-0.9
 20
6.25
 10
5.825
 20
6.25
 10
5.825
 20
5.95
 10
-0.9
 20
5.95
 97
0
 75
0
 76
1
 98
0
  0
HATCH
  5
1BB
330
17
100
AcDbEntity
  8
A-ELEWACJE
 62
7
420
12236719
100
AcDbHatch
 10
0.0
 20
0.0
 30
0.0
210
0.0
220
0.0
230
1.0
  2
SOLID
 70
1
 71
0
 91
1
 92
3
 72
0
 73
1
 93
4
 10
-0.9
 20
9.4
 10
5.825
 20
9.4
 10
5.825
 20
9.08
 10
-0.9
 20
9.08
 97
0
 75
0
 76
1
 98
0
  0
HATCH
  5
1BC
330
17
100
AcDbEntity
  8
A-ELEWACJE
 62
7
420
7961984
100
AcDbHatch
 10
0.0
 20
0.0
 30
0.0
210
0.0
220
0.0
230
1.0
  2
SOLID
 70
1
 71
0
 91
1
 92
3
 72
0
 73
1
 93
4
 10
5.825
 20
3.0500000000000003
 10
-0.6000000000000001
 20
3.0500000000000003
 10
-0.6000000000000001
 20
3.052
 10
5.825
 20
3.052
 97
0
 75
0
 76
1
 98
0
  0
HATCH
  5
1BD
330
17
100
AcDbEntity
  8
A-ELEWACJE
 62
7
420
16119025
100
AcDbHatch
 10
0.0
 20
0.0
 30
0.0
210
0.0
220
0.0
230
1.0
  2
SOLID
 70
1
 71
0
 91
1
 92
3
 72
0
 73
1
 93
4
 10
5.825
 20
2.7350000000000003
 10
-0.6000000000000001
 20
2.7350000000000003
 10
-0.6000000000000001
 20
2.7500000000000004
 10
5.825
 20
2.7500000000000004
 97
0
 75
0
 76
1
 98
0
  0
HATCH
  5
1BE
330
17
100
AcDbEntity
  8
A-ELEWACJE
 62
7
420
12236719
100
AcDbHatch
 10
0.0
 20
0.0
 30
0.0
210
0.0
220
0.0
230
1.0
  2
SOLID
 70
1
 71
0
 91
1
 92
3
 72
0
 73
1
 93
4
 10
-0.6
 20
2.75
 10
-0.6
 20
3.05
 10
5.825
 20
3.05
 10
5.825
 20
2.75
 97
0
 75
0
 76
1
 98
0
  0
HATCH
  5
1BF
330
17
100
AcDbEntity
  8
A-ELEWACJE
 62
7
420
10712656
100
AcDbHatch
 10
0.0
 20
0.0
 30
0.0
210
0.0
220
0.0
230
1.0
  2
SOLID
 70
1
 71
0
 91
1
 92
3
 72
0
 73
1
 93
4
 10
-0.8775
 20
9.065
 10
-0.8375
 20
9.065
 10
-0.8375
 20
6.252
 10
-0.8775
 20
6.252
 97
0
 75
0
 76
1
 98
0
  0
HATCH
  5
1C0
330
17
100
AcDbEntity
  8
A-ELEWACJE
 62
7
420
10712656
100
AcDbHatch
 10
0.0
 20
0.0
 30
0.0
210
0.0
220
0.0
230
1.0
  2
SOLID
 70
1
 71
0
 91
1
 92
3
 72
0
 73
1
 93
4
 10
-0.7175
 20
6.252
 10
-0.7575
 20
6.252
 10
-0.7575
 20
9.065
 10
-0.7175
 20
9.065
 97
0
 75
0
 76
1
 98
0
  0
HATCH
  5
1C1
330
17
100
AcDbEntity
  8
A-ELEWACJE
 62
7
420
10712656
100
AcDbHatch
 10
0.0
 20
0.0
 30
0.0
210
0.0
220
0.0
230
1.0
  2
SOLID
 70
1
 71
0
 91
1
 92
3
 72
0
 73
1
 93
4
 10
-0.5975
 20
6.252
 10
-0.6375
 20
6.252
 10
-0.6375
 20
9.065
 10
-0.5975
 20
9.065
 97
0
 75
0
 76
1
 98
0
  0
HATCH
  5
1C2
330
17
100
AcDbEntity
  8
A-ELEWACJE
 62
7
420
10712656
100
AcDbHatch
 10
0.0
 20
0.0
 30
0.0
210
0.0
220
0.0
230
1.0
  2
SOLID
 70
1
 71
0
 91
1
 92
3
 72
0
 73
1
 93
4
 10
-0.5175
 20
9.065
 10
-0.4775
 20
9.065
 10
-0.4775
 20
6.252
 10
-0.5175
 20
6.252
 97
0
 75
0
 76
1
 98
0
  0
HATCH
  5
1C3
330
17
100
AcDbEntity
  8
A-ELEWACJE
 62
7
420
10712656
100
AcDbHatch
 10
0.0
 20
0.0
 30
0.0
210
0.0
220
0.0
230
1.0
  2
SOLID
 70
1
 71
0
 91
1
 92
3
 72
0
 73
1
 93
4
 10
-0.3575
 20
6.252
 10
-0.3975
 20
6.252
 10
-0.3975
 20
9.065
 10
-0.3575
 20
9.065
 97
0
 75
0
 76
1
 98
0
  0
HATCH
  5
1C4
330
17
100
AcDbEntity
  8
A-ELEWACJE
 62
7
420
10712656
100
AcDbHatch
 10
0.0
 20
0.0
 30
0.0
210
0.0
220
0.0
230
1.0
  2
SOLID
 70
1
 71
0
 91
1
 92
3
 72
0
 73
1
 93
4
 10
-0.2375
 20
6.252
 10
-0.2775
 20
6.252
 10
-0.2775
 20
9.065
 10
-0.2375
 20
9.065
 97
0
 75
0
 76
1
 98
0
  0
HATCH
  5
1C5
330
17
100
AcDbEntity
  8
A-ELEWACJE
 62
7
420
10712656
100
AcDbHatch
 10
0.0
 20
0.0
 30
0.0
210
0.0
220
0.0
230
1.0
  2
SOLID
 70
1
 71
0
 91
1
 92
3
 72
0
 73
1
 93
4
 10
-0.1575
 20
9.065
 10
-0.1175
 20
9.065
 10
-0.1175
 20
6.252
 10
-0.1575
 20
6.252
 97
0
 75
0
 76
1
 98
0
  0
HATCH
  5
1C6
330
17
100
AcDbEntity
  8
A-ELEWACJE
 62
7
420
10712656
100
AcDbHatch
 10
0.0
 20
0.0
 30
0.0
210
0.0
220
0.0
230
1.0
  2
SOLID
 70
1
 71
0
 91
1
 92
3
 72
0
 73
1
 93
4
 10
0.0025
 20
6.252
 10
-0.0375
 20
6.252
 10
-0.0375
 20
9.065
 10
0.0025
 20
9.065
 97
0
 75
0
 76
1
 98
0
  0
HATCH
  5
1C7
330
17
100
AcDbEntity
  8
A-ELEWACJE
 62
7
420
10712656
100
AcDbHatch
 10
0.0
 20
0.0
 30
0.0
210
0.0
220
0.0
230
1.0
  2
SOLID
 70
1
 71
0
 91
1
 92
3
 72
0
 73
1
 93
4
 10
0.1225
 20
6.252
 10
0.0825
 20
6.252
 10
0.0825
 20
9.065
 10
0.1225
 20
9.065
 97
0
 75
0
 76
1
 98
0
  0
HATCH
  5
1C8
330
17
100
AcDbEntity
  8
A-ELEWACJE
 62
7
420
10712656
100
AcDbHatch
 10
0.0
 20
0.0
 30
0.0
210
0.0
220
0.0
230
1.0
  2
SOLID
 70
1
 71
0
 91
1
 92
3
 72
0
 73
1
 93
4
 10
0.2025
 20
9.065
 10
0.2425
 20
9.065
 10
0.2425
 20
6.252
 10
0.2025
 20
6.252
 97
0
 75
0
 76
1
 98
0
  0
HATCH
  5
1C9
330
17
100
AcDbEntity
  8
A-ELEWACJE
 62
7
420
10712656
100
AcDbHatch
 10
0.0
 20
0.0
 30
0.0
210
0.0
220
0.0
230
1.0
  2
SOLID
 70
1
 71
0
 91
1
 92
3
 72
0
 73
1
 93
4
 10
0.3625
 20
6.252
 10
0.3225
 20
6.252
 10
0.3225
 20
9.065
 10
0.3625
 20
9.065
 97
0
 75
0
 76
1
 98
0
  0
HATCH
  5
1CA
330
17
100
AcDbEntity
  8
A-ELEWACJE
 62
7
420
10712656
100
AcDbHatch
 10
0.0
 20
0.0
 30
0.0
210
0.0
220
0.0
230
1.0
  2
SOLID
 70
1
 71
0
 91
1
 92
3
 72
0
 73
1
 93
4
 10
0.4825
 20
6.252
 10
0.4425
 20
6.252
 10
0.4425
 20
9.065
 10
0.4825
 20
9.065
 97
0
 75
0
 76
1
 98
0
  0
HATCH
  5
1CB
330
17
100
AcDbEntity
  8
A-ELEWACJE
 62
7
420
10712656
100
AcDbHatch
 10
0.0
 20
0.0
 30
0.0
210
0.0
220
0.0
230
1.0
  2
SOLID
 70
1
 71
0
 91
1
 92
3
 72
0
 73
1
 93
4
 10
0.5625
 20
9.065
 10
0.6025
 20
9.065
 10
0.6025
 20
6.252
 10
0.5625
 20
6.252
 97
0
 75
0
 76
1
 98
0
  0
HATCH
  5
1CC
330
17
100
AcDbEntity
  8
A-ELEWACJE
 62
7
420
10712656
100
AcDbHatch
 10
0.0
 20
0.0
 30
0.0
210
0.0
220
0.0
230
1.0
  2
SOLID
 70
1
 71
0
 91
1
 92
3
 72
0
 73
1
 93
4
 10
0.7225
 20
6.252
 10
0.6825
 20
6.252
 10
0.6825
 20
9.065
 10
0.7225
 20
9.065
 97
0
 75
0
 76
1
 98
0
  0
HATCH
  5
1CD
330
17
100
AcDbEntity
  8
A-ELEWACJE
 62
7
420
10712656
100
AcDbHatch
 10
0.0
 20
0.0
 30
0.0
210
0.0
220
0.0
230
1.0
  2
SOLID
 70
1
 71
0
 91
1
 92
3
 72
0
 73
1
 93
4
 10
0.8425
 20
6.252
 10
0.8025
 20
6.252
 10
0.8025
 20
9.065
 10
0.8425
 20
9.065
 97
0
 75
0
 76
1
 98
0
  0
HATCH
  5
1CE
330
17
100
AcDbEntity
  8
A-ELEWACJE
 62
7
420
10712656
100
AcDbHatch
 10
0.0
 20
0.0
 30
0.0
210
0.0
220
0.0
230
1.0
  2
SOLID
 70
1
 71
0
 91
1
 92
3
 72
0
 73
1
 93
4
 10
0.9225
 20
9.065
 10
0.9625
 20
9.065
 10
0.9625
 20
6.252
 10
0.9225
 20
6.252
 97
0
 75
0
 76
1
 98
0
  0
HATCH
  5
1CF
330
17
100
AcDbEntity
  8
A-ELEWACJE
 62
7
420
10712656
100
AcDbHatch
 10
0.0
 20
0.0
 30
0.0
210
0.0
220
0.0
230
1.0
  2
SOLID
 70
1
 71
0
 91
1
 92
3
 72
0
 73
1
 93
4
 10
1.0825
 20
6.252
 10
1.0425
 20
6.252
 10
1.0425
 20
9.065
 10
1.0825
 20
9.065
 97
0
 75
0
 76
1
 98
0
  0
HATCH
  5
1D0
330
17
100
AcDbEntity
  8
A-ELEWACJE
 62
7
420
10712656
100
AcDbHatch
 10
0.0
 20
0.0
 30
0.0
210
0.0
220
0.0
230
1.0
  2
SOLID
 70
1
 71
0
 91
1
 92
3
 72
0
 73
1
 93
4
 10
1.2025
 20
6.252
 10
1.1625
 20
6.252
 10
1.1625
 20
9.065
 10
1.2025
 20
9.065
 97
0
 75
0
 76
1
 98
0
  0
HATCH
  5
1D1
330
17
100
AcDbEntity
  8
A-ELEWACJE
 62
7
420
10712656
100
AcDbHatch
 10
0.0
 20
0.0
 30
0.0
210
0.0
220
0.0
230
1.0
  2
SOLID
 70
1
 71
0
 91
1
 92
3
 72
0
 73
1
 93
4
 10
1.2825
 20
9.065
 10
1.3225
 20
9.065
 10
1.3225
 20
6.252
 10
1.2825
 20
6.252
 97
0
 75
0
 76
1
 98
0
  0
HATCH
  5
1D2
330
17
100
AcDbEntity
  8
A-ELEWACJE
 62
7
420
10712656
100
AcDbHatch
 10
0.0
 20
0.0
 30
0.0
210
0.0
220
0.0
230
1.0
  2
SOLID
 70
1
 71
0
 91
1
 92
3
 72
0
 73
1
 93
4
 10
1.4425
 20
6.252
 10
1.4025
 20
6.252
 10
1.4025
 20
9.065
 10
1.4425
 20
9.065
 97
0
 75
0
 76
1
 98
0
  0
HATCH
  5
1D3
330
17
100
AcDbEntity
  8
A-ELEWACJE
 62
7
420
10712656
100
AcDbHatch
 10
0.0
 20
0.0
 30
0.0
210
0.0
220
0.0
230
1.0
  2
SOLID
 70
1
 71
0
 91
1
 92
3
 72
0
 73
1
 93
4
 10
1.5625
 20
6.252
 10
1.5225
 20
6.252
 10
1.5225
 20
9.065
 10
1.5625
 20
9.065
 97
0
 75
0
 76
1
 98
0
  0
HATCH
  5
1D4
330
17
100
AcDbEntity
  8
A-ELEWACJE
 62
7
420
10712656
100
AcDbHatch
 10
0.0
 20
0.0
 30
0.0
210
0.0
220
0.0
230
1.0
  2
SOLID
 70
1
 71
0
 91
1
 92
3
 72
0
 73
1
 93
4
 10
1.6425
 20
9.065
 10
1.6825
 20
9.065
 10
1.6825
 20
6.252
 10
1.6425
 20
6.252
 97
0
 75
0
 76
1
 98
0
  0
HATCH
  5
1D5
330
17
100
AcDbEntity
  8
A-ELEWACJE
 62
7
420
10712656
100
AcDbHatch
 10
0.0
 20
0.0
 30
0.0
210
0.0
220
0.0
230
1.0
  2
SOLID
 70
1
 71
0
 91
1
 92
3
 72
0
 73
1
 93
4
 10
1.8025
 20
6.252
 10
1.7625
 20
6.252
 10
1.7625
 20
9.065
 10
1.8025
 20
9.065
 97
0
 75
0
 76
1
 98
0
  0
HATCH
  5
1D6
330
17
100
AcDbEntity
  8
A-ELEWACJE
 62
7
420
10712656
100
AcDbHatch
 10
0.0
 20
0.0
 30
0.0
210
0.0
220
0.0
230
1.0
  2
SOLID
 70
1
 71
0
 91
1
 92
3
 72
0
 73
1
 93
4
 10
1.9225
 20
6.252
 10
1.8825
 20
6.252
 10
1.8825
 20
9.065
 10
1.9225
 20
9.065
 97
0
 75
0
 76
1
 98
0
  0
HATCH
  5
1D7
330
17
100
AcDbEntity
  8
A-ELEWACJE
 62
7
420
10712656
100
AcDbHatch
 10
0.0
 20
0.0
 30
0.0
210
0.0
220
0.0
230
1.0
  2
SOLID
 70
1
 71
0
 91
1
 92
3
 72
0
 73
1
 93
4
 10
2.0025
 20
9.065
 10
2.0425
 20
9.065
 10
2.0425
 20
6.252
 10
2.0025
 20
6.252
 97
0
 75
0
 76
1
 98
0
  0
HATCH
  5
1D8
330
17
100
AcDbEntity
  8
A-ELEWACJE
 62
7
420
10712656
100
AcDbHatch
 10
0.0
 20
0.0
 30
0.0
210
0.0
220
0.0
230
1.0
  2
SOLID
 70
1
 71
0
 91
1
 92
3
 72
0
 73
1
 93
4
 10
2.1625
 20
6.252
 10
2.1225
 20
6.252
 10
2.1225
 20
9.065
 10
2.1625
 20
9.065
 97
0
 75
0
 76
1
 98
0
  0
HATCH
  5
1D9
330
17
100
AcDbEntity
  8
A-ELEWACJE
 62
7
420
10712656
100
AcDbHatch
 10
0.0
 20
0.0
 30
0.0
210
0.0
220
0.0
230
1.0
  2
SOLID
 70
1
 71
0
 91
1
 92
3
 72
0
 73
1
 93
4
 10
2.2825
 20
6.252
 10
2.2425
 20
6.252
 10
2.2425
 20
9.065
 10
2.2825
 20
9.065
 97
0
 75
0
 76
1
 98
0
  0
HATCH
  5
1DA
330
17
100
AcDbEntity
  8
A-ELEWACJE
 62
7
420
10712656
100
AcDbHatch
 10
0.0
 20
0.0
 30
0.0
210
0.0
220
0.0
230
1.0
  2
SOLID
 70
1
 71
0
 91
1
 92
3
 72
0
 73
1
 93
4
 10
2.3625
 20
9.065
 10
2.4025
 20
9.065
 10
2.4025
 20
6.252
 10
2.3625
 20
6.252
 97
0
 75
0
 76
1
 98
0
  0
HATCH
  5
1DB
330
17
100
AcDbEntity
  8
A-ELEWACJE
 62
7
420
10712656
100
AcDbHatch
 10
0.0
 20
0.0
 30
0.0
210
0.0
220
0.0
230
1.0
  2
SOLID
 70
1
 71
0
 91
1
 92
3
 72
0
 73
1
 93
4
 10
2.5225
 20
6.252
 10
2.4825
 20
6.252
 10
2.4825
 20
9.065
 10
2.5225
 20
9.065
 97
0
 75
0
 76
1
 98
0
  0
HATCH
  5
1DC
330
17
100
AcDbEntity
  8
A-ELEWACJE
 62
7
420
10712656
100
AcDbHatch
 10
0.0
 20
0.0
 30
0.0
210
0.0
220
0.0
230
1.0
  2
SOLID
 70
1
 71
0
 91
1
 92
3
 72
0
 73
1
 93
4
 10
2.6425
 20
6.252
 10
2.6025
 20
6.252
 10
2.6025
 20
9.065
 10
2.6425
 20
9.065
 97
0
 75
0
 76
1
 98
0
  0
HATCH
  5
1DD
330
17
100
AcDbEntity
  8
A-ELEWACJE
 62
7
420
10712656
100
AcDbHatch
 10
0.0
 20
0.0
 30
0.0
210
0.0
220
0.0
230
1.0
  2
SOLID
 70
1
 71
0
 91
1
 92
3
 72
0
 73
1
 93
4
 10
2.7225
 20
9.065
 10
2.7625
 20
9.065
 10
2.7625
 20
6.252
 10
2.7225
 20
6.252
 97
0
 75
0
 76
1
 98
0
  0
HATCH
  5
1DE
330
17
100
AcDbEntity
  8
A-ELEWACJE
 62
7
420
10712656
100
AcDbHatch
 10
0.0
 20
0.0
 30
0.0
210
0.0
220
0.0
230
1.0
  2
SOLID
 70
1
 71
0
 91
1
 92
3
 72
0
 73
1
 93
4
 10
2.8825
 20
6.252
 10
2.8425
 20
6.252
 10
2.8425
 20
9.065
 10
2.8825
 20
9.065
 97
0
 75
0
 76
1
 98
0
  0
HATCH
  5
1DF
330
17
100
AcDbEntity
  8
A-ELEWACJE
 62
7
420
10712656
100
AcDbHatch
 10
0.0
 20
0.0
 30
0.0
210
0.0
220
0.0
230
1.0
  2
SOLID
 70
1
 71
0
 91
1
 92
3
 72
0
 73
1
 93
4
 10
3.0025
 20
6.252
 10
2.9625
 20
6.252
 10
2.9625
 20
9.065
 10
3.0025
 20
9.065
 97
0
 75
0
 76
1
 98
0
  0
HATCH
  5
1E0
330
17
100
AcDbEntity
  8
A-ELEWACJE
 62
7
420
10712656
100
AcDbHatch
 10
0.0
 20
0.0
 30
0.0
210
0.0
220
0.0
230
1.0
  2
SOLID
 70
1
 71
0
 91
1
 92
3
 72
0
 73
1
 93
4
 10
3.0825
 20
9.065
 10
3.1225
 20
9.065
 10
3.1225
 20
6.252
 10
3.0825
 20
6.252
 97
0
 75
0
 76
1
 98
0
  0
HATCH
  5
1E1
330
17
100
AcDbEntity
  8
A-ELEWACJE
 62
7
420
10712656
100
AcDbHatch
 10
0.0
 20
0.0
 30
0.0
210
0.0
220
0.0
230
1.0
  2
SOLID
 70
1
 71
0
 91
1
 92
3
 72
0
 73
1
 93
4
 10
3.2425
 20
6.252
 10
3.2025
 20
6.252
 10
3.2025
 20
9.065
 10
3.2425
 20
9.065
 97
0
 75
0
 76
1
 98
0
  0
HATCH
  5
1E2
330
17
100
AcDbEntity
  8
A-ELEWACJE
 62
7
420
10712656
100
AcDbHatch
 10
0.0
 20
0.0
 30
0.0
210
0.0
220
0.0
230
1.0
  2
SOLID
 70
1
 71
0
 91
1
 92
3
 72
0
 73
1
 93
4
 10
3.3625
 20
6.252
 10
3.3225
 20
6.252
 10
3.3225
 20
9.065
 10
3.3625
 20
9.065
 97
0
 75
0
 76
1
 98
0
  0
HATCH
  5
1E3
330
17
100
AcDbEntity
  8
A-ELEWACJE
 62
7
420
10712656
100
AcDbHatch
 10
0.0
 20
0.0
 30
0.0
210
0.0
220
0.0
230
1.0
  2
SOLID
 70
1
 71
0
 91
1
 92
3
 72
0
 73
1
 93
4
 10
3.4425
 20
9.065
 10
3.4825
 20
9.065
 10
3.4825
 20
6.252
 10
3.4425
 20
6.252
 97
0
 75
0
 76
1
 98
0
  0
HATCH
  5
1E4
330
17
100
AcDbEntity
  8
A-ELEWACJE
 62
7
420
10712656
100
AcDbHatch
 10
0.0
 20
0.0
 30
0.0
210
0.0
220
0.0
230
1.0
  2
SOLID
 70
1
 71
0
 91
1
 92
3
 72
0
 73
1
 93
4
 10
3.6025
 20
6.252
 10
3.5625
 20
6.252
 10
3.5625
 20
9.065
 10
3.6025
 20
9.065
 97
0
 75
0
 76
1
 98
0
  0
HATCH
  5
1E5
330
17
100
AcDbEntity
  8
A-ELEWACJE
 62
7
420
10712656
100
AcDbHatch
 10
0.0
 20
0.0
 30
0.0
210
0.0
220
0.0
230
1.0
  2
SOLID
 70
1
 71
0
 91
1
 92
3
 72
0
 73
1
 93
4
 10
3.7225
 20
6.252
 10
3.6825
 20
6.252
 10
3.6825
 20
9.065
 10
3.7225
 20
9.065
 97
0
 75
0
 76
1
 98
0
  0
HATCH
  5
1E6
330
17
100
AcDbEntity
  8
A-ELEWACJE
 62
7
420
10712656
100
AcDbHatch
 10
0.0
 20
0.0
 30
0.0
210
0.0
220
0.0
230
1.0
  2
SOLID
 70
1
 71
0
 91
1
 92
3
 72
0
 73
1
 93
4
 10
3.8025
 20
9.065
 10
3.8425
 20
9.065
 10
3.8425
 20
6.252
 10
3.8025
 20
6.252
 97
0
 75
0
 76
1
 98
0
  0
HATCH
  5
1E7
330
17
100
AcDbEntity
  8
A-ELEWACJE
 62
7
420
10712656
100
AcDbHatch
 10
0.0
 20
0.0
 30
0.0
210
0.0
220
0.0
230
1.0
  2
SOLID
 70
1
 71
0
 91
1
 92
3
 72
0
 73
1
 93
4
 10
3.9625
 20
6.252
 10
3.9225
 20
6.252
 10
3.9225
 20
9.065
 10
3.9625
 20
9.065
 97
0
 75
0
 76
1
 98
0
  0
HATCH
  5
1E8
330
17
100
AcDbEntity
  8
A-ELEWACJE
 62
7
420
10712656
100
AcDbHatch
 10
0.0
 20
0.0
 30
0.0
210
0.0
220
0.0
230
1.0
  2
SOLID
 70
1
 71
0
 91
1
 92
3
 72
0
 73
1
 93
4
 10
4.0825
 20
6.252
 10
4.0425
 20
6.252
 10
4.0425
 20
9.065
 10
4.0825
 20
9.065
 97
0
 75
0
 76
1
 98
0
  0
HATCH
  5
1E9
330
17
100
AcDbEntity
  8
A-ELEWACJE
 62
7
420
10712656
100
AcDbHatch
 10
0.0
 20
0.0
 30
0.0
210
0.0
220
0.0
230
1.0
  2
SOLID
 70
1
 71
0
 91
1
 92
3
 72
0
 73
1
 93
4
 10
4.1625
 20
9.065
 10
4.2025
 20
9.065
 10
4.2025
 20
6.252
 10
4.1625
 20
6.252
 97
0
 75
0
 76
1
 98
0
  0
HATCH
  5
1EA
330
17
100
AcDbEntity
  8
A-ELEWACJE
 62
7
420
10712656
100
AcDbHatch
 10
0.0
 20
0.0
 30
0.0
210
0.0
220
0.0
230
1.0
  2
SOLID
 70
1
 71
0
 91
1
 92
3
 72
0
 73
1
 93
4
 10
4.3225
 20
6.252
 10
4.2825
 20
6.252
 10
4.2825
 20
9.065
 10
4.3225
 20
9.065
 97
0
 75
0
 76
1
 98
0
  0
HATCH
  5
1EB
330
17
100
AcDbEntity
  8
A-ELEWACJE
 62
7
420
10712656
100
AcDbHatch
 10
0.0
 20
0.0
 30
0.0
210
0.0
220
0.0
230
1.0
  2
SOLID
 70
1
 71
0
 91
1
 92
3
 72
0
 73
1
 93
4
 10
4.4425
 20
6.252
 10
4.4025
 20
6.252
 10
4.4025
 20
9.065
 10
4.4425
 20
9.065
 97
0
 75
0
 76
1
 98
0
  0
HATCH
  5
1EC
330
17
100
AcDbEntity
  8
A-ELEWACJE
 62
7
420
10712656
100
AcDbHatch
 10
0.0
 20
0.0
 30
0.0
210
0.0
220
0.0
230
1.0
  2
SOLID
 70
1
 71
0
 91
1
 92
3
 72
0
 73
1
 93
4
 10
4.5225
 20
9.065
 10
4.5625
 20
9.065
 10
4.5625
 20
6.252
 10
4.5225
 20
6.252
 97
0
 75
0
 76
1
 98
0
  0
HATCH
  5
1ED
330
17
100
AcDbEntity
  8
A-ELEWACJE
 62
7
420
10712656
100
AcDbHatch
 10
0.0
 20
0.0
 30
0.0
210
0.0
220
0.0
230
1.0
  2
SOLID
 70
1
 71
0
 91
1
 92
3
 72
0
 73
1
 93
4
 10
4.6825
 20
6.252
 10
4.6425
 20
6.252
 10
4.6425
 20
9.065
 10
4.6825
 20
9.065
 97
0
 75
0
 76
1
 98
0
  0
HATCH
  5
1EE
330
17
100
AcDbEntity
  8
A-ELEWACJE
 62
7
420
10712656
100
AcDbHatch
 10
0.0
 20
0.0
 30
0.0
210
0.0
220
0.0
230
1.0
  2
SOLID
 70
1
 71
0
 91
1
 92
3
 72
0
 73
1
 93
4
 10
4.8025
 20
6.252
 10
4.7625
 20
6.252
 10
4.7625
 20
9.065
 10
4.8025
 20
9.065
 97
0
 75
0
 76
1
 98
0
  0
HATCH
  5
1EF
330
17
100
AcDbEntity
  8
A-ELEWACJE
 62
7
420
7040624
100
AcDbHatch
 10
0.0
 20
0.0
 30
0.0
210
0.0
220
0.0
230
1.0
  2
SOLID
 70
1
 71
0
 91
1
 92
3
 72
0
 73
1
 93
4
 10
-0.9
 20
6.46
 10
-0.8775
 20
6.46
 10
-0.8775
 20
6.4
 10
-0.9
 20
6.4
 97
0
 75
0
 76
1
 98
0
  0
HATCH
  5
1F0
330
17
100
AcDbEntity
  8
A-ELEWACJE
 62
7
420
7040624
100
AcDbHatch
 10
0.0
 20
0.0
 30
0.0
210
0.0
220
0.0
230
1.0
  2
SOLID
 70
1
 71
0
 91
1
 92
3
 72
0
 73
1
 93
4
 10
-0.7575
 20
6.46
 10
-0.7575
 20
6.4
 10
-0.8375
 20
6.4
 10
-0.8375
 20
6.46
 97
0
 75
0
 76
1
 98
0
  0
HATCH
  5
1F1
330
17
100
AcDbEntity
  8
A-ELEWACJE
 62
7
420
7040624
100
AcDbHatch
 10
0.0
 20
0.0
 30
0.0
210
0.0
220
0.0
230
1.0
  2
SOLID
 70
1
 71
0
 91
1
 92
3
 72
0
 73
1
 93
4
 10
-0.6375
 20
6.46
 10
-0.6375
 20
6.4
 10
-0.7175
 20
6.4
 10
-0.7175
 20
6.46
 97
0
 75
0
 76
1
 98
0
  0
HATCH
  5
1F2
330
17
100
AcDbEntity
  8
A-ELEWACJE
 62
7
420
7040624
100
AcDbHatch
 10
0.0
 20
0.0
 30
0.0
210
0.0
220
0.0
230
1.0
  2
SOLID
 70
1
 71
0
 91
1
 92
3
 72
0
 73
1
 93
4
 10
-0.5175
 20
6.46
 10
-0.5175
 20
6.4
 10
-0.5975
 20
6.4
 10
-0.5975
 20
6.46
 97
0
 75
0
 76
1
 98
0
  0
HATCH
  5
1F3
330
17
100
AcDbEntity
  8
A-ELEWACJE
 62
7
420
7040624
100
AcDbHatch
 10
0.0
 20
0.0
 30
0.0
210
0.0
220
0.0
230
1.0
  2
SOLID
 70
1
 71
0
 91
1
 92
3
 72
0
 73
1
 93
4
 10
-0.3975
 20
6.46
 10
-0.3975
 20
6.4
 10
-0.4775
 20
6.4
 10
-0.4775
 20
6.46
 97
0
 75
0
 76
1
 98
0
  0
HATCH
  5
1F4
330
17
100
AcDbEntity
  8
A-ELEWACJE
 62
7
420
7040624
100
AcDbHatch
 10
0.0
 20
0.0
 30
0.0
210
0.0
220
0.0
230
1.0
  2
SOLID
 70
1
 71
0
 91
1
 92
3
 72
0
 73
1
 93
4
 10
-0.2775
 20
6.46
 10
-0.2775
 20
6.4
 10
-0.3575
 20
6.4
 10
-0.3575
 20
6.46
 97
0
 75
0
 76
1
 98
0
  0
HATCH
  5
1F5
330
17
100
AcDbEntity
  8
A-ELEWACJE
 62
7
420
7040624
100
AcDbHatch
 10
0.0
 20
0.0
 30
0.0
210
0.0
220
0.0
230
1.0
  2
SOLID
 70
1
 71
0
 91
1
 92
3
 72
0
 73
1
 93
4
 10
-0.1575
 20
6.46
 10
-0.1575
 20
6.4
 10
-0.2375
 20
6.4
 10
-0.2375
 20
6.46
 97
0
 75
0
 76
1
 98
0
  0
HATCH
  5
1F6
330
17
100
AcDbEntity
  8
A-ELEWACJE
 62
7
420
7040624
100
AcDbHatch
 10
0.0
 20
0.0
 30
0.0
210
0.0
220
0.0
230
1.0
  2
SOLID
 70
1
 71
0
 91
1
 92
3
 72
0
 73
1
 93
4
 10
-0.0375
 20
6.46
 10
-0.0375
 20
6.4
 10
-0.1175
 20
6.4
 10
-0.1175
 20
6.46
 97
0
 75
0
 76
1
 98
0
  0
HATCH
  5
1F7
330
17
100
AcDbEntity
  8
A-ELEWACJE
 62
7
420
7040624
100
AcDbHatch
 10
0.0
 20
0.0
 30
0.0
210
0.0
220
0.0
230
1.0
  2
SOLID
 70
1
 71
0
 91
1
 92
3
 72
0
 73
1
 93
4
 10
0.0825
 20
6.46
 10
0.0825
 20
6.4
 10
0.0025
 20
6.4
 10
0.0025
 20
6.46
 97
0
 75
0
 76
1
 98
0
  0
HATCH
  5
1F8
330
17
100
AcDbEntity
  8
A-ELEWACJE
 62
7
420
7040624
100
AcDbHatch
 10
0.0
 20
0.0
 30
0.0
210
0.0
220
0.0
230
1.0
  2
SOLID
 70
1
 71
0
 91
1
 92
3
 72
0
 73
1
 93
4
 10
0.2025
 20
6.46
 10
0.2025
 20
6.4
 10
0.1225
 20
6.4
 10
0.1225
 20
6.46
 97
0
 75
0
 76
1
 98
0
  0
HATCH
  5
1F9
330
17
100
AcDbEntity
  8
A-ELEWACJE
 62
7
420
7040624
100
AcDbHatch
 10
0.0
 20
0.0
 30
0.0
210
0.0
220
0.0
230
1.0
  2
SOLID
 70
1
 71
0
 91
1
 92
3
 72
0
 73
1
 93
4
 10
0.3225
 20
6.46
 10
0.3225
 20
6.4
 10
0.2425
 20
6.4
 10
0.2425
 20
6.46
 97
0
 75
0
 76
1
 98
0
  0
HATCH
  5
1FA
330
17
100
AcDbEntity
  8
A-ELEWACJE
 62
7
420
7040624
100
AcDbHatch
 10
0.0
 20
0.0
 30
0.0
210
0.0
220
0.0
230
1.0
  2
SOLID
 70
1
 71
0
 91
1
 92
3
 72
0
 73
1
 93
4
 10
0.4425
 20
6.46
 10
0.4425
 20
6.4
 10
0.3625
 20
6.4
 10
0.3625
 20
6.46
 97
0
 75
0
 76
1
 98
0
  0
HATCH
  5
1FB
330
17
100
AcDbEntity
  8
A-ELEWACJE
 62
7
420
7040624
100
AcDbHatch
 10
0.0
 20
0.0
 30
0.0
210
0.0
220
0.0
230
1.0
  2
SOLID
 70
1
 71
0
 91
1
 92
3
 72
0
 73
1
 93
4
 10
0.5625
 20
6.46
 10
0.5625
 20
6.4
 10
0.4825
 20
6.4
 10
0.4825
 20
6.46
 97
0
 75
0
 76
1
 98
0
  0
HATCH
  5
1FC
330
17
100
AcDbEntity
  8
A-ELEWACJE
 62
7
420
7040624
100
AcDbHatch
 10
0.0
 20
0.0
 30
0.0
210
0.0
220
0.0
230
1.0
  2
SOLID
 70
1
 71
0
 91
1
 92
3
 72
0
 73
1
 93
4
 10
0.6825
 20
6.46
 10
0.6825
 20
6.4
 10
0.6025
 20
6.4
 10
0.6025
 20
6.46
 97
0
 75
0
 76
1
 98
0
  0
HATCH
  5
1FD
330
17
100
AcDbEntity
  8
A-ELEWACJE
 62
7
420
7040624
100
AcDbHatch
 10
0.0
 20
0.0
 30
0.0
210
0.0
220
0.0
230
1.0
  2
SOLID
 70
1
 71
0
 91
1
 92
3
 72
0
 73
1
 93
4
 10
0.8025
 20
6.46
 10
0.8025
 20
6.4
 10
0.7225
 20
6.4
 10
0.7225
 20
6.46
 97
0
 75
0
 76
1
 98
0
  0
HATCH
  5
1FE
330
17
100
AcDbEntity
  8
A-ELEWACJE
 62
7
420
7040624
100
AcDbHatch
 10
0.0
 20
0.0
 30
0.0
210
0.0
220
0.0
230
1.0
  2
SOLID
 70
1
 71
0
 91
1
 92
3
 72
0
 73
1
 93
4
 10
0.9225
 20
6.46
 10
0.9225
 20
6.4
 10
0.8425
 20
6.4
 10
0.8425
 20
6.46
 97
0
 75
0
 76
1
 98
0
  0
HATCH
  5
1FF
330
17
100
AcDbEntity
  8
A-ELEWACJE
 62
7
420
7040624
100
AcDbHatch
 10
0.0
 20
0.0
 30
0.0
210
0.0
220
0.0
230
1.0
  2
SOLID
 70
1
 71
0
 91
1
 92
3
 72
0
 73
1
 93
4
 10
1.0425
 20
6.46
 10
1.0425
 20
6.4
 10
0.9625
 20
6.4
 10
0.9625
 20
6.46
 97
0
 75
0
 76
1
 98
0
  0
HATCH
  5
200
330
17
100
AcDbEntity
  8
A-ELEWACJE
 62
7
420
7040624
100
AcDbHatch
 10
0.0
 20
0.0
 30
0.0
210
0.0
220
0.0
230
1.0
  2
SOLID
 70
1
 71
0
 91
1
 92
3
 72
0
 73
1
 93
4
 10
1.1625
 20
6.46
 10
1.1625
 20
6.4
 10
1.0825
 20
6.4
 10
1.0825
 20
6.46
 97
0
 75
0
 76
1
 98
0
  0
HATCH
  5
201
330
17
100
AcDbEntity
  8
A-ELEWACJE
 62
7
420
7040624
100
AcDbHatch
 10
0.0
 20
0.0
 30
0.0
210
0.0
220
0.0
230
1.0
  2
SOLID
 70
1
 71
0
 91
1
 92
3
 72
0
 73
1
 93
4
 10
1.2825
 20
6.46
 10
1.2825
 20
6.4
 10
1.2025
 20
6.4
 10
1.2025
 20
6.46
 97
0
 75
0
 76
1
 98
0
  0
HATCH
  5
202
330
17
100
AcDbEntity
  8
A-ELEWACJE
 62
7
420
7040624
100
AcDbHatch
 10
0.0
 20
0.0
 30
0.0
210
0.0
220
0.0
230
1.0
  2
SOLID
 70
1
 71
0
 91
1
 92
3
 72
0
 73
1
 93
4
 10
1.4025
 20
6.46
 10
1.4025
 20
6.4
 10
1.3225
 20
6.4
 10
1.3225
 20
6.46
 97
0
 75
0
 76
1
 98
0
  0
HATCH
  5
203
330
17
100
AcDbEntity
  8
A-ELEWACJE
 62
7
420
7040624
100
AcDbHatch
 10
0.0
 20
0.0
 30
0.0
210
0.0
220
0.0
230
1.0
  2
SOLID
 70
1
 71
0
 91
1
 92
3
 72
0
 73
1
 93
4
 10
1.5225
 20
6.46
 10
1.5225
 20
6.4
 10
1.4425
 20
6.4
 10
1.4425
 20
6.46
 97
0
 75
0
 76
1
 98
0
  0
HATCH
  5
204
330
17
100
AcDbEntity
  8
A-ELEWACJE
 62
7
420
7040624
100
AcDbHatch
 10
0.0
 20
0.0
 30
0.0
210
0.0
220
0.0
230
1.0
  2
SOLID
 70
1
 71
0
 91
1
 92
3
 72
0
 73
1
 93
4
 10
1.6425
 20
6.46
 10
1.6425
 20
6.4
 10
1.5625
 20
6.4
 10
1.5625
 20
6.46
 97
0
 75
0
 76
1
 98
0
  0
HATCH
  5
205
330
17
100
AcDbEntity
  8
A-ELEWACJE
 62
7
420
7040624
100
AcDbHatch
 10
0.0
 20
0.0
 30
0.0
210
0.0
220
0.0
230
1.0
  2
SOLID
 70
1
 71
0
 91
1
 92
3
 72
0
 73
1
 93
4
 10
1.7625
 20
6.46
 10
1.7625
 20
6.4
 10
1.6825
 20
6.4
 10
1.6825
 20
6.46
 97
0
 75
0
 76
1
 98
0
  0
HATCH
  5
206
330
17
100
AcDbEntity
  8
A-ELEWACJE
 62
7
420
7040624
100
AcDbHatch
 10
0.0
 20
0.0
 30
0.0
210
0.0
220
0.0
230
1.0
  2
SOLID
 70
1
 71
0
 91
1
 92
3
 72
0
 73
1
 93
4
 10
1.8825
 20
6.46
 10
1.8825
 20
6.4
 10
1.8025
 20
6.4
 10
1.8025
 20
6.46
 97
0
 75
0
 76
1
 98
0
  0
HATCH
  5
207
330
17
100
AcDbEntity
  8
A-ELEWACJE
 62
7
420
7040624
100
AcDbHatch
 10
0.0
 20
0.0
 30
0.0
210
0.0
220
0.0
230
1.0
  2
SOLID
 70
1
 71
0
 91
1
 92
3
 72
0
 73
1
 93
4
 10
2.0025
 20
6.46
 10
2.0025
 20
6.4
 10
1.9225
 20
6.4
 10
1.9225
 20
6.46
 97
0
 75
0
 76
1
 98
0
  0
HATCH
  5
208
330
17
100
AcDbEntity
  8
A-ELEWACJE
 62
7
420
7040624
100
AcDbHatch
 10
0.0
 20
0.0
 30
0.0
210
0.0
220
0.0
230
1.0
  2
SOLID
 70
1
 71
0
 91
1
 92
3
 72
0
 73
1
 93
4
 10
2.1225
 20
6.46
 10
2.1225
 20
6.4
 10
2.0425
 20
6.4
 10
2.0425
 20
6.46
 97
0
 75
0
 76
1
 98
0
  0
HATCH
  5
209
330
17
100
AcDbEntity
  8
A-ELEWACJE
 62
7
420
7040624
100
AcDbHatch
 10
0.0
 20
0.0
 30
0.0
210
0.0
220
0.0
230
1.0
  2
SOLID
 70
1
 71
0
 91
1
 92
3
 72
0
 73
1
 93
4
 10
2.2425
 20
6.46
 10
2.2425
 20
6.4
 10
2.1625
 20
6.4
 10
2.1625
 20
6.46
 97
0
 75
0
 76
1
 98
0
  0
HATCH
  5
20A
330
17
100
AcDbEntity
  8
A-ELEWACJE
 62
7
420
7040624
100
AcDbHatch
 10
0.0
 20
0.0
 30
0.0
210
0.0
220
0.0
230
1.0
  2
SOLID
 70
1
 71
0
 91
1
 92
3
 72
0
 73
1
 93
4
 10
2.3625
 20
6.46
 10
2.3625
 20
6.4
 10
2.2825
 20
6.4
 10
2.2825
 20
6.46
 97
0
 75
0
 76
1
 98
0
  0
HATCH
  5
20B
330
17
100
AcDbEntity
  8
A-ELEWACJE
 62
7
420
7040624
100
AcDbHatch
 10
0.0
 20
0.0
 30
0.0
210
0.0
220
0.0
230
1.0
  2
SOLID
 70
1
 71
0
 91
1
 92
3
 72
0
 73
1
 93
4
 10
2.4825
 20
6.46
 10
2.4825
 20
6.4
 10
2.4025
 20
6.4
 10
2.4025
 20
6.46
 97
0
 75
0
 76
1
 98
0
  0
HATCH
  5
20C
330
17
100
AcDbEntity
  8
A-ELEWACJE
 62
7
420
7040624
100
AcDbHatch
 10
0.0
 20
0.0
 30
0.0
210
0.0
220
0.0
230
1.0
  2
SOLID
 70
1
 71
0
 91
1
 92
3
 72
0
 73
1
 93
4
 10
2.6025
 20
6.46
 10
2.6025
 20
6.4
 10
2.5225
 20
6.4
 10
2.5225
 20
6.46
 97
0
 75
0
 76
1
 98
0
  0
HATCH
  5
20D
330
17
100
AcDbEntity
  8
A-ELEWACJE
 62
7
420
7040624
100
AcDbHatch
 10
0.0
 20
0.0
 30
0.0
210
0.0
220
0.0
230
1.0
  2
SOLID
 70
1
 71
0
 91
1
 92
3
 72
0
 73
1
 93
4
 10
2.7225
 20
6.46
 10
2.7225
 20
6.4
 10
2.6425
 20
6.4
 10
2.6425
 20
6.46
 97
0
 75
0
 76
1
 98
0
  0
HATCH
  5
20E
330
17
100
AcDbEntity
  8
A-ELEWACJE
 62
7
420
7040624
100
AcDbHatch
 10
0.0
 20
0.0
 30
0.0
210
0.0
220
0.0
230
1.0
  2
SOLID
 70
1
 71
0
 91
1
 92
3
 72
0
 73
1
 93
4
 10
2.8425
 20
6.46
 10
2.8425
 20
6.4
 10
2.7625
 20
6.4
 10
2.7625
 20
6.46
 97
0
 75
0
 76
1
 98
0
  0
HATCH
  5
20F
330
17
100
AcDbEntity
  8
A-ELEWACJE
 62
7
420
7040624
100
AcDbHatch
 10
0.0
 20
0.0
 30
0.0
210
0.0
220
0.0
230
1.0
  2
SOLID
 70
1
 71
0
 91
1
 92
3
 72
0
 73
1
 93
4
 10
2.9625
 20
6.46
 10
2.9625
 20
6.4
 10
2.8825
 20
6.4
 10
2.8825
 20
6.46
 97
0
 75
0
 76
1
 98
0
  0
HATCH
  5
210
330
17
100
AcDbEntity
  8
A-ELEWACJE
 62
7
420
7040624
100
AcDbHatch
 10
0.0
 20
0.0
 30
0.0
210
0.0
220
0.0
230
1.0
  2
SOLID
 70
1
 71
0
 91
1
 92
3
 72
0
 73
1
 93
4
 10
3.0825
 20
6.46
 10
3.0825
 20
6.4
 10
3.0025
 20
6.4
 10
3.0025
 20
6.46
 97
0
 75
0
 76
1
 98
0
  0
HATCH
  5
211
330
17
100
AcDbEntity
  8
A-ELEWACJE
 62
7
420
7040624
100
AcDbHatch
 10
0.0
 20
0.0
 30
0.0
210
0.0
220
0.0
230
1.0
  2
SOLID
 70
1
 71
0
 91
1
 92
3
 72
0
 73
1
 93
4
 10
3.2025
 20
6.46
 10
3.2025
 20
6.4
 10
3.1225
 20
6.4
 10
3.1225
 20
6.46
 97
0
 75
0
 76
1
 98
0
  0
HATCH
  5
212
330
17
100
AcDbEntity
  8
A-ELEWACJE
 62
7
420
7040624
100
AcDbHatch
 10
0.0
 20
0.0
 30
0.0
210
0.0
220
0.0
230
1.0
  2
SOLID
 70
1
 71
0
 91
1
 92
3
 72
0
 73
1
 93
4
 10
3.3225
 20
6.46
 10
3.3225
 20
6.4
 10
3.2425
 20
6.4
 10
3.2425
 20
6.46
 97
0
 75
0
 76
1
 98
0
  0
HATCH
  5
213
330
17
100
AcDbEntity
  8
A-ELEWACJE
 62
7
420
7040624
100
AcDbHatch
 10
0.0
 20
0.0
 30
0.0
210
0.0
220
0.0
230
1.0
  2
SOLID
 70
1
 71
0
 91
1
 92
3
 72
0
 73
1
 93
4
 10
3.4425
 20
6.46
 10
3.4425
 20
6.4
 10
3.3625
 20
6.4
 10
3.3625
 20
6.46
 97
0
 75
0
 76
1
 98
0
  0
HATCH
  5
214
330
17
100
AcDbEntity
  8
A-ELEWACJE
 62
7
420
7040624
100
AcDbHatch
 10
0.0
 20
0.0
 30
0.0
210
0.0
220
0.0
230
1.0
  2
SOLID
 70
1
 71
0
 91
1
 92
3
 72
0
 73
1
 93
4
 10
3.5625
 20
6.46
 10
3.5625
 20
6.4
 10
3.4825
 20
6.4
 10
3.4825
 20
6.46
 97
0
 75
0
 76
1
 98
0
  0
HATCH
  5
215
330
17
100
AcDbEntity
  8
A-ELEWACJE
 62
7
420
7040624
100
AcDbHatch
 10
0.0
 20
0.0
 30
0.0
210
0.0
220
0.0
230
1.0
  2
SOLID
 70
1
 71
0
 91
1
 92
3
 72
0
 73
1
 93
4
 10
3.6825
 20
6.46
 10
3.6825
 20
6.4
 10
3.6025
 20
6.4
 10
3.6025
 20
6.46
 97
0
 75
0
 76
1
 98
0
  0
HATCH
  5
216
330
17
100
AcDbEntity
  8
A-ELEWACJE
 62
7
420
7040624
100
AcDbHatch
 10
0.0
 20
0.0
 30
0.0
210
0.0
220
0.0
230
1.0
  2
SOLID
 70
1
 71
0
 91
1
 92
3
 72
0
 73
1
 93
4
 10
3.8025
 20
6.46
 10
3.8025
 20
6.4
 10
3.7225
 20
6.4
 10
3.7225
 20
6.46
 97
0
 75
0
 76
1
 98
0
  0
HATCH
  5
217
330
17
100
AcDbEntity
  8
A-ELEWACJE
 62
7
420
7040624
100
AcDbHatch
 10
0.0
 20
0.0
 30
0.0
210
0.0
220
0.0
230
1.0
  2
SOLID
 70
1
 71
0
 91
1
 92
3
 72
0
 73
1
 93
4
 10
3.9225
 20
6.46
 10
3.9225
 20
6.4
 10
3.8425
 20
6.4
 10
3.8425
 20
6.46
 97
0
 75
0
 76
1
 98
0
  0
HATCH
  5
218
330
17
100
AcDbEntity
  8
A-ELEWACJE
 62
7
420
7040624
100
AcDbHatch
 10
0.0
 20
0.0
 30
0.0
210
0.0
220
0.0
230
1.0
  2
SOLID
 70
1
 71
0
 91
1
 92
3
 72
0
 73
1
 93
4
 10
4.0425
 20
6.46
 10
4.0425
 20
6.4
 10
3.9625
 20
6.4
 10
3.9625
 20
6.46
 97
0
 75
0
 76
1
 98
0
  0
HATCH
  5
219
330
17
100
AcDbEntity
  8
A-ELEWACJE
 62
7
420
7040624
100
AcDbHatch
 10
0.0
 20
0.0
 30
0.0
210
0.0
220
0.0
230
1.0
  2
SOLID
 70
1
 71
0
 91
1
 92
3
 72
0
 73
1
 93
4
 10
4.1625
 20
6.46
 10
4.1625
 20
6.4
 10
4.0825
 20
6.4
 10
4.0825
 20
6.46
 97
0
 75
0
 76
1
 98
0
  0
HATCH
  5
21A
330
17
100
AcDbEntity
  8
A-ELEWACJE
 62
7
420
7040624
100
AcDbHatch
 10
0.0
 20
0.0
 30
0.0
210
0.0
220
0.0
230
1.0
  2
SOLID
 70
1
 71
0
 91
1
 92
3
 72
0
 73
1
 93
4
 10
4.2825
 20
6.46
 10
4.2825
 20
6.4
 10
4.2025
 20
6.4
 10
4.2025
 20
6.46
 97
0
 75
0
 76
1
 98
0
  0
HATCH
  5
21B
330
17
100
AcDbEntity
  8
A-ELEWACJE
 62
7
420
7040624
100
AcDbHatch
 10
0.0
 20
0.0
 30
0.0
210
0.0
220
0.0
230
1.0
  2
SOLID
 70
1
 71
0
 91
1
 92
3
 72
0
 73
1
 93
4
 10
4.4025
 20
6.46
 10
4.4025
 20
6.4
 10
4.3225
 20
6.4
 10
4.3225
 20
6.46
 97
0
 75
0
 76
1
 98
0
  0
HATCH
  5
21C
330
17
100
AcDbEntity
  8
A-ELEWACJE
 62
7
420
7040624
100
AcDbHatch
 10
0.0
 20
0.0
 30
0.0
210
0.0
220
0.0
230
1.0
  2
SOLID
 70
1
 71
0
 91
1
 92
3
 72
0
 73
1
 93
4
 10
4.5225
 20
6.46
 10
4.5225
 20
6.4
 10
4.4425
 20
6.4
 10
4.4425
 20
6.46
 97
0
 75
0
 76
1
 98
0
  0
HATCH
  5
21D
330
17
100
AcDbEntity
  8
A-ELEWACJE
 62
7
420
7040624
100
AcDbHatch
 10
0.0
 20
0.0
 30
0.0
210
0.0
220
0.0
230
1.0
  2
SOLID
 70
1
 71
0
 91
1
 92
3
 72
0
 73
1
 93
4
 10
4.6425
 20
6.46
 10
4.6425
 20
6.4
 10
4.5625
 20
6.4
 10
4.5625
 20
6.46
 97
0
 75
0
 76
1
 98
0
  0
HATCH
  5
21E
330
17
100
AcDbEntity
  8
A-ELEWACJE
 62
7
420
7040624
100
AcDbHatch
 10
0.0
 20
0.0
 30
0.0
210
0.0
220
0.0
230
1.0
  2
SOLID
 70
1
 71
0
 91
1
 92
3
 72
0
 73
1
 93
4
 10
4.7625
 20
6.46
 10
4.7625
 20
6.4
 10
4.6825
 20
6.4
 10
4.6825
 20
6.46
 97
0
 75
0
 76
1
 98
0
  0
HATCH
  5
21F
330
17
100
AcDbEntity
  8
A-ELEWACJE
 62
7
420
7040624
100
AcDbHatch
 10
0.0
 20
0.0
 30
0.0
210
0.0
220
0.0
230
1.0
  2
SOLID
 70
1
 71
0
 91
1
 92
3
 72
0
 73
1
 93
4
 10
4.825
 20
6.46
 10
4.825
 20
6.4
 10
4.8025
 20
6.4
 10
4.8025
 20
6.46
 97
0
 75
0
 76
1
 98
0
  0
HATCH
  5
220
330
17
100
AcDbEntity
  8
A-ELEWACJE
 62
7
420
7040624
100
AcDbHatch
 10
0.0
 20
0.0
 30
0.0
210
0.0
220
0.0
230
1.0
  2
SOLID
 70
1
 71
0
 91
1
 92
3
 72
0
 73
1
 93
4
 10
-0.9
 20
8.93
 10
-0.8775
 20
8.93
 10
-0.8775
 20
8.87
 10
-0.9
 20
8.87
 97
0
 75
0
 76
1
 98
0
  0
HATCH
  5
221
330
17
100
AcDbEntity
  8
A-ELEWACJE
 62
7
420
7040624
100
AcDbHatch
 10
0.0
 20
0.0
 30
0.0
210
0.0
220
0.0
230
1.0
  2
SOLID
 70
1
 71
0
 91
1
 92
3
 72
0
 73
1
 93
4
 10
-0.7575
 20
8.93
 10
-0.7575
 20
8.87
 10
-0.8375
 20
8.87
 10
-0.8375
 20
8.93
 97
0
 75
0
 76
1
 98
0
  0
HATCH
  5
222
330
17
100
AcDbEntity
  8
A-ELEWACJE
 62
7
420
7040624
100
AcDbHatch
 10
0.0
 20
0.0
 30
0.0
210
0.0
220
0.0
230
1.0
  2
SOLID
 70
1
 71
0
 91
1
 92
3
 72
0
 73
1
 93
4
 10
-0.6375
 20
8.93
 10
-0.6375
 20
8.87
 10
-0.7175
 20
8.87
 10
-0.7175
 20
8.93
 97
0
 75
0
 76
1
 98
0
  0
HATCH
  5
223
330
17
100
AcDbEntity
  8
A-ELEWACJE
 62
7
420
7040624
100
AcDbHatch
 10
0.0
 20
0.0
 30
0.0
210
0.0
220
0.0
230
1.0
  2
SOLID
 70
1
 71
0
 91
1
 92
3
 72
0
 73
1
 93
4
 10
-0.5175
 20
8.93
 10
-0.5175
 20
8.87
 10
-0.5975
 20
8.87
 10
-0.5975
 20
8.93
 97
0
 75
0
 76
1
 98
0
  0
HATCH
  5
224
330
17
100
AcDbEntity
  8
A-ELEWACJE
 62
7
420
7040624
100
AcDbHatch
 10
0.0
 20
0.0
 30
0.0
210
0.0
220
0.0
230
1.0
  2
SOLID
 70
1
 71
0
 91
1
 92
3
 72
0
 73
1
 93
4
 10
-0.3975
 20
8.93
 10
-0.3975
 20
8.87
 10
-0.4775
 20
8.87
 10
-0.4775
 20
8.93
 97
0
 75
0
 76
1
 98
0
  0
HATCH
  5
225
330
17
100
AcDbEntity
  8
A-ELEWACJE
 62
7
420
7040624
100
AcDbHatch
 10
0.0
 20
0.0
 30
0.0
210
0.0
220
0.0
230
1.0
  2
SOLID
 70
1
 71
0
 91
1
 92
3
 72
0
 73
1
 93
4
 10
-0.2775
 20
8.93
 10
-0.2775
 20
8.87
 10
-0.3575
 20
8.87
 10
-0.3575
 20
8.93
 97
0
 75
0
 76
1
 98
0
  0
HATCH
  5
226
330
17
100
AcDbEntity
  8
A-ELEWACJE
 62
7
420
7040624
100
AcDbHatch
 10
0.0
 20
0.0
 30
0.0
210
0.0
220
0.0
230
1.0
  2
SOLID
 70
1
 71
0
 91
1
 92
3
 72
0
 73
1
 93
4
 10
-0.1575
 20
8.93
 10
-0.1575
 20
8.87
 10
-0.2375
 20
8.87
 10
-0.2375
 20
8.93
 97
0
 75
0
 76
1
 98
0
  0
HATCH
  5
227
330
17
100
AcDbEntity
  8
A-ELEWACJE
 62
7
420
7040624
100
AcDbHatch
 10
0.0
 20
0.0
 30
0.0
210
0.0
220
0.0
230
1.0
  2
SOLID
 70
1
 71
0
 91
1
 92
3
 72
0
 73
1
 93
4
 10
-0.0375
 20
8.93
 10
-0.0375
 20
8.87
 10
-0.1175
 20
8.87
 10
-0.1175
 20
8.93
 97
0
 75
0
 76
1
 98
0
  0
HATCH
  5
228
330
17
100
AcDbEntity
  8
A-ELEWACJE
 62
7
420
7040624
100
AcDbHatch
 10
0.0
 20
0.0
 30
0.0
210
0.0
220
0.0
230
1.0
  2
SOLID
 70
1
 71
0
 91
1
 92
3
 72
0
 73
1
 93
4
 10
0.0825
 20
8.93
 10
0.0825
 20
8.87
 10
0.0025
 20
8.87
 10
0.0025
 20
8.93
 97
0
 75
0
 76
1
 98
0
  0
HATCH
  5
229
330
17
100
AcDbEntity
  8
A-ELEWACJE
 62
7
420
7040624
100
AcDbHatch
 10
0.0
 20
0.0
 30
0.0
210
0.0
220
0.0
230
1.0
  2
SOLID
 70
1
 71
0
 91
1
 92
3
 72
0
 73
1
 93
4
 10
0.2025
 20
8.93
 10
0.2025
 20
8.87
 10
0.1225
 20
8.87
 10
0.1225
 20
8.93
 97
0
 75
0
 76
1
 98
0
  0
HATCH
  5
22A
330
17
100
AcDbEntity
  8
A-ELEWACJE
 62
7
420
7040624
100
AcDbHatch
 10
0.0
 20
0.0
 30
0.0
210
0.0
220
0.0
230
1.0
  2
SOLID
 70
1
 71
0
 91
1
 92
3
 72
0
 73
1
 93
4
 10
0.3225
 20
8.93
 10
0.3225
 20
8.87
 10
0.2425
 20
8.87
 10
0.2425
 20
8.93
 97
0
 75
0
 76
1
 98
0
  0
HATCH
  5
22B
330
17
100
AcDbEntity
  8
A-ELEWACJE
 62
7
420
7040624
100
AcDbHatch
 10
0.0
 20
0.0
 30
0.0
210
0.0
220
0.0
230
1.0
  2
SOLID
 70
1
 71
0
 91
1
 92
3
 72
0
 73
1
 93
4
 10
0.4425
 20
8.93
 10
0.4425
 20
8.87
 10
0.3625
 20
8.87
 10
0.3625
 20
8.93
 97
0
 75
0
 76
1
 98
0
  0
HATCH
  5
22C
330
17
100
AcDbEntity
  8
A-ELEWACJE
 62
7
420
7040624
100
AcDbHatch
 10
0.0
 20
0.0
 30
0.0
210
0.0
220
0.0
230
1.0
  2
SOLID
 70
1
 71
0
 91
1
 92
3
 72
0
 73
1
 93
4
 10
0.5625
 20
8.93
 10
0.5625
 20
8.87
 10
0.4825
 20
8.87
 10
0.4825
 20
8.93
 97
0
 75
0
 76
1
 98
0
  0
HATCH
  5
22D
330
17
100
AcDbEntity
  8
A-ELEWACJE
 62
7
420
7040624
100
AcDbHatch
 10
0.0
 20
0.0
 30
0.0
210
0.0
220
0.0
230
1.0
  2
SOLID
 70
1
 71
0
 91
1
 92
3
 72
0
 73
1
 93
4
 10
0.6825
 20
8.93
 10
0.6825
 20
8.87
 10
0.6025
 20
8.87
 10
0.6025
 20
8.93
 97
0
 75
0
 76
1
 98
0
  0
HATCH
  5
22E
330
17
100
AcDbEntity
  8
A-ELEWACJE
 62
7
420
7040624
100
AcDbHatch
 10
0.0
 20
0.0
 30
0.0
210
0.0
220
0.0
230
1.0
  2
SOLID
 70
1
 71
0
 91
1
 92
3
 72
0
 73
1
 93
4
 10
0.8025
 20
8.93
 10
0.8025
 20
8.87
 10
0.7225
 20
8.87
 10
0.7225
 20
8.93
 97
0
 75
0
 76
1
 98
0
  0
HATCH
  5
22F
330
17
100
AcDbEntity
  8
A-ELEWACJE
 62
7
420
7040624
100
AcDbHatch
 10
0.0
 20
0.0
 30
0.0
210
0.0
220
0.0
230
1.0
  2
SOLID
 70
1
 71
0
 91
1
 92
3
 72
0
 73
1
 93
4
 10
0.9225
 20
8.93
 10
0.9225
 20
8.87
 10
0.8425
 20
8.87
 10
0.8425
 20
8.93
 97
0
 75
0
 76
1
 98
0
  0
HATCH
  5
230
330
17
100
AcDbEntity
  8
A-ELEWACJE
 62
7
420
7040624
100
AcDbHatch
 10
0.0
 20
0.0
 30
0.0
210
0.0
220
0.0
230
1.0
  2
SOLID
 70
1
 71
0
 91
1
 92
3
 72
0
 73
1
 93
4
 10
1.0425
 20
8.93
 10
1.0425
 20
8.87
 10
0.9625
 20
8.87
 10
0.9625
 20
8.93
 97
0
 75
0
 76
1
 98
0
  0
HATCH
  5
231
330
17
100
AcDbEntity
  8
A-ELEWACJE
 62
7
420
7040624
100
AcDbHatch
 10
0.0
 20
0.0
 30
0.0
210
0.0
220
0.0
230
1.0
  2
SOLID
 70
1
 71
0
 91
1
 92
3
 72
0
 73
1
 93
4
 10
1.1625
 20
8.93
 10
1.1625
 20
8.87
 10
1.0825
 20
8.87
 10
1.0825
 20
8.93
 97
0
 75
0
 76
1
 98
0
  0
HATCH
  5
232
330
17
100
AcDbEntity
  8
A-ELEWACJE
 62
7
420
7040624
100
AcDbHatch
 10
0.0
 20
0.0
 30
0.0
210
0.0
220
0.0
230
1.0
  2
SOLID
 70
1
 71
0
 91
1
 92
3
 72
0
 73
1
 93
4
 10
1.2825
 20
8.93
 10
1.2825
 20
8.87
 10
1.2025
 20
8.87
 10
1.2025
 20
8.93
 97
0
 75
0
 76
1
 98
0
  0
HATCH
  5
233
330
17
100
AcDbEntity
  8
A-ELEWACJE
 62
7
420
7040624
100
AcDbHatch
 10
0.0
 20
0.0
 30
0.0
210
0.0
220
0.0
230
1.0
  2
SOLID
 70
1
 71
0
 91
1
 92
3
 72
0
 73
1
 93
4
 10
1.4025
 20
8.93
 10
1.4025
 20
8.87
 10
1.3225
 20
8.87
 10
1.3225
 20
8.93
 97
0
 75
0
 76
1
 98
0
  0
HATCH
  5
234
330
17
100
AcDbEntity
  8
A-ELEWACJE
 62
7
420
7040624
100
AcDbHatch
 10
0.0
 20
0.0
 30
0.0
210
0.0
220
0.0
230
1.0
  2
SOLID
 70
1
 71
0
 91
1
 92
3
 72
0
 73
1
 93
4
 10
1.5225
 20
8.93
 10
1.5225
 20
8.87
 10
1.4425
 20
8.87
 10
1.4425
 20
8.93
 97
0
 75
0
 76
1
 98
0
  0
HATCH
  5
235
330
17
100
AcDbEntity
  8
A-ELEWACJE
 62
7
420
7040624
100
AcDbHatch
 10
0.0
 20
0.0
 30
0.0
210
0.0
220
0.0
230
1.0
  2
SOLID
 70
1
 71
0
 91
1
 92
3
 72
0
 73
1
 93
4
 10
1.6425
 20
8.93
 10
1.6425
 20
8.87
 10
1.5625
 20
8.87
 10
1.5625
 20
8.93
 97
0
 75
0
 76
1
 98
0
  0
HATCH
  5
236
330
17
100
AcDbEntity
  8
A-ELEWACJE
 62
7
420
7040624
100
AcDbHatch
 10
0.0
 20
0.0
 30
0.0
210
0.0
220
0.0
230
1.0
  2
SOLID
 70
1
 71
0
 91
1
 92
3
 72
0
 73
1
 93
4
 10
1.7625
 20
8.93
 10
1.7625
 20
8.87
 10
1.6825
 20
8.87
 10
1.6825
 20
8.93
 97
0
 75
0
 76
1
 98
0
  0
HATCH
  5
237
330
17
100
AcDbEntity
  8
A-ELEWACJE
 62
7
420
7040624
100
AcDbHatch
 10
0.0
 20
0.0
 30
0.0
210
0.0
220
0.0
230
1.0
  2
SOLID
 70
1
 71
0
 91
1
 92
3
 72
0
 73
1
 93
4
 10
1.8825
 20
8.93
 10
1.8825
 20
8.87
 10
1.8025
 20
8.87
 10
1.8025
 20
8.93
 97
0
 75
0
 76
1
 98
0
  0
HATCH
  5
238
330
17
100
AcDbEntity
  8
A-ELEWACJE
 62
7
420
7040624
100
AcDbHatch
 10
0.0
 20
0.0
 30
0.0
210
0.0
220
0.0
230
1.0
  2
SOLID
 70
1
 71
0
 91
1
 92
3
 72
0
 73
1
 93
4
 10
2.0025
 20
8.93
 10
2.0025
 20
8.87
 10
1.9225
 20
8.87
 10
1.9225
 20
8.93
 97
0
 75
0
 76
1
 98
0
  0
HATCH
  5
239
330
17
100
AcDbEntity
  8
A-ELEWACJE
 62
7
420
7040624
100
AcDbHatch
 10
0.0
 20
0.0
 30
0.0
210
0.0
220
0.0
230
1.0
  2
SOLID
 70
1
 71
0
 91
1
 92
3
 72
0
 73
1
 93
4
 10
2.1225
 20
8.93
 10
2.1225
 20
8.87
 10
2.0425
 20
8.87
 10
2.0425
 20
8.93
 97
0
 75
0
 76
1
 98
0
  0
HATCH
  5
23A
330
17
100
AcDbEntity
  8
A-ELEWACJE
 62
7
420
7040624
100
AcDbHatch
 10
0.0
 20
0.0
 30
0.0
210
0.0
220
0.0
230
1.0
  2
SOLID
 70
1
 71
0
 91
1
 92
3
 72
0
 73
1
 93
4
 10
2.2425
 20
8.93
 10
2.2425
 20
8.87
 10
2.1625
 20
8.87
 10
2.1625
 20
8.93
 97
0
 75
0
 76
1
 98
0
  0
HATCH
  5
23B
330
17
100
AcDbEntity
  8
A-ELEWACJE
 62
7
420
7040624
100
AcDbHatch
 10
0.0
 20
0.0
 30
0.0
210
0.0
220
0.0
230
1.0
  2
SOLID
 70
1
 71
0
 91
1
 92
3
 72
0
 73
1
 93
4
 10
2.3625
 20
8.93
 10
2.3625
 20
8.87
 10
2.2825
 20
8.87
 10
2.2825
 20
8.93
 97
0
 75
0
 76
1
 98
0
  0
HATCH
  5
23C
330
17
100
AcDbEntity
  8
A-ELEWACJE
 62
7
420
7040624
100
AcDbHatch
 10
0.0
 20
0.0
 30
0.0
210
0.0
220
0.0
230
1.0
  2
SOLID
 70
1
 71
0
 91
1
 92
3
 72
0
 73
1
 93
4
 10
2.4825
 20
8.93
 10
2.4825
 20
8.87
 10
2.4025
 20
8.87
 10
2.4025
 20
8.93
 97
0
 75
0
 76
1
 98
0
  0
HATCH
  5
23D
330
17
100
AcDbEntity
  8
A-ELEWACJE
 62
7
420
7040624
100
AcDbHatch
 10
0.0
 20
0.0
 30
0.0
210
0.0
220
0.0
230
1.0
  2
SOLID
 70
1
 71
0
 91
1
 92
3
 72
0
 73
1
 93
4
 10
2.6025
 20
8.93
 10
2.6025
 20
8.87
 10
2.5225
 20
8.87
 10
2.5225
 20
8.93
 97
0
 75
0
 76
1
 98
0
  0
HATCH
  5
23E
330
17
100
AcDbEntity
  8
A-ELEWACJE
 62
7
420
7040624
100
AcDbHatch
 10
0.0
 20
0.0
 30
0.0
210
0.0
220
0.0
230
1.0
  2
SOLID
 70
1
 71
0
 91
1
 92
3
 72
0
 73
1
 93
4
 10
2.7225
 20
8.93
 10
2.7225
 20
8.87
 10
2.6425
 20
8.87
 10
2.6425
 20
8.93
 97
0
 75
0
 76
1
 98
0
  0
HATCH
  5
23F
330
17
100
AcDbEntity
  8
A-ELEWACJE
 62
7
420
7040624
100
AcDbHatch
 10
0.0
 20
0.0
 30
0.0
210
0.0
220
0.0
230
1.0
  2
SOLID
 70
1
 71
0
 91
1
 92
3
 72
0
 73
1
 93
4
 10
2.8425
 20
8.93
 10
2.8425
 20
8.87
 10
2.7625
 20
8.87
 10
2.7625
 20
8.93
 97
0
 75
0
 76
1
 98
0
  0
HATCH
  5
240
330
17
100
AcDbEntity
  8
A-ELEWACJE
 62
7
420
7040624
100
AcDbHatch
 10
0.0
 20
0.0
 30
0.0
210
0.0
220
0.0
230
1.0
  2
SOLID
 70
1
 71
0
 91
1
 92
3
 72
0
 73
1
 93
4
 10
2.9625
 20
8.93
 10
2.9625
 20
8.87
 10
2.8825
 20
8.87
 10
2.8825
 20
8.93
 97
0
 75
0
 76
1
 98
0
  0
HATCH
  5
241
330
17
100
AcDbEntity
  8
A-ELEWACJE
 62
7
420
7040624
100
AcDbHatch
 10
0.0
 20
0.0
 30
0.0
210
0.0
220
0.0
230
1.0
  2
SOLID
 70
1
 71
0
 91
1
 92
3
 72
0
 73
1
 93
4
 10
3.0825
 20
8.93
 10
3.0825
 20
8.87
 10
3.0025
 20
8.87
 10
3.0025
 20
8.93
 97
0
 75
0
 76
1
 98
0
  0
HATCH
  5
242
330
17
100
AcDbEntity
  8
A-ELEWACJE
 62
7
420
7040624
100
AcDbHatch
 10
0.0
 20
0.0
 30
0.0
210
0.0
220
0.0
230
1.0
  2
SOLID
 70
1
 71
0
 91
1
 92
3
 72
0
 73
1
 93
4
 10
3.2025
 20
8.93
 10
3.2025
 20
8.87
 10
3.1225
 20
8.87
 10
3.1225
 20
8.93
 97
0
 75
0
 76
1
 98
0
  0
HATCH
  5
243
330
17
100
AcDbEntity
  8
A-ELEWACJE
 62
7
420
7040624
100
AcDbHatch
 10
0.0
 20
0.0
 30
0.0
210
0.0
220
0.0
230
1.0
  2
SOLID
 70
1
 71
0
 91
1
 92
3
 72
0
 73
1
 93
4
 10
3.3225
 20
8.93
 10
3.3225
 20
8.87
 10
3.2425
 20
8.87
 10
3.2425
 20
8.93
 97
0
 75
0
 76
1
 98
0
  0
HATCH
  5
244
330
17
100
AcDbEntity
  8
A-ELEWACJE
 62
7
420
7040624
100
AcDbHatch
 10
0.0
 20
0.0
 30
0.0
210
0.0
220
0.0
230
1.0
  2
SOLID
 70
1
 71
0
 91
1
 92
3
 72
0
 73
1
 93
4
 10
3.4425
 20
8.93
 10
3.4425
 20
8.87
 10
3.3625
 20
8.87
 10
3.3625
 20
8.93
 97
0
 75
0
 76
1
 98
0
  0
HATCH
  5
245
330
17
100
AcDbEntity
  8
A-ELEWACJE
 62
7
420
7040624
100
AcDbHatch
 10
0.0
 20
0.0
 30
0.0
210
0.0
220
0.0
230
1.0
  2
SOLID
 70
1
 71
0
 91
1
 92
3
 72
0
 73
1
 93
4
 10
3.5625
 20
8.93
 10
3.5625
 20
8.87
 10
3.4825
 20
8.87
 10
3.4825
 20
8.93
 97
0
 75
0
 76
1
 98
0
  0
HATCH
  5
246
330
17
100
AcDbEntity
  8
A-ELEWACJE
 62
7
420
7040624
100
AcDbHatch
 10
0.0
 20
0.0
 30
0.0
210
0.0
220
0.0
230
1.0
  2
SOLID
 70
1
 71
0
 91
1
 92
3
 72
0
 73
1
 93
4
 10
3.6825
 20
8.93
 10
3.6825
 20
8.87
 10
3.6025
 20
8.87
 10
3.6025
 20
8.93
 97
0
 75
0
 76
1
 98
0
  0
HATCH
  5
247
330
17
100
AcDbEntity
  8
A-ELEWACJE
 62
7
420
7040624
100
AcDbHatch
 10
0.0
 20
0.0
 30
0.0
210
0.0
220
0.0
230
1.0
  2
SOLID
 70
1
 71
0
 91
1
 92
3
 72
0
 73
1
 93
4
 10
3.8025
 20
8.93
 10
3.8025
 20
8.87
 10
3.7225
 20
8.87
 10
3.7225
 20
8.93
 97
0
 75
0
 76
1
 98
0
  0
HATCH
  5
248
330
17
100
AcDbEntity
  8
A-ELEWACJE
 62
7
420
7040624
100
AcDbHatch
 10
0.0
 20
0.0
 30
0.0
210
0.0
220
0.0
230
1.0
  2
SOLID
 70
1
 71
0
 91
1
 92
3
 72
0
 73
1
 93
4
 10
3.9225
 20
8.93
 10
3.9225
 20
8.87
 10
3.8425
 20
8.87
 10
3.8425
 20
8.93
 97
0
 75
0
 76
1
 98
0
  0
HATCH
  5
249
330
17
100
AcDbEntity
  8
A-ELEWACJE
 62
7
420
7040624
100
AcDbHatch
 10
0.0
 20
0.0
 30
0.0
210
0.0
220
0.0
230
1.0
  2
SOLID
 70
1
 71
0
 91
1
 92
3
 72
0
 73
1
 93
4
 10
4.0425
 20
8.93
 10
4.0425
 20
8.87
 10
3.9625
 20
8.87
 10
3.9625
 20
8.93
 97
0
 75
0
 76
1
 98
0
  0
HATCH
  5
24A
330
17
100
AcDbEntity
  8
A-ELEWACJE
 62
7
420
7040624
100
AcDbHatch
 10
0.0
 20
0.0
 30
0.0
210
0.0
220
0.0
230
1.0
  2
SOLID
 70
1
 71
0
 91
1
 92
3
 72
0
 73
1
 93
4
 10
4.1625
 20
8.93
 10
4.1625
 20
8.87
 10
4.0825
 20
8.87
 10
4.0825
 20
8.93
 97
0
 75
0
 76
1
 98
0
  0
HATCH
  5
24B
330
17
100
AcDbEntity
  8
A-ELEWACJE
 62
7
420
7040624
100
AcDbHatch
 10
0.0
 20
0.0
 30
0.0
210
0.0
220
0.0
230
1.0
  2
SOLID
 70
1
 71
0
 91
1
 92
3
 72
0
 73
1
 93
4
 10
4.2825
 20
8.93
 10
4.2825
 20
8.87
 10
4.2025
 20
8.87
 10
4.2025
 20
8.93
 97
0
 75
0
 76
1
 98
0
  0
HATCH
  5
24C
330
17
100
AcDbEntity
  8
A-ELEWACJE
 62
7
420
7040624
100
AcDbHatch
 10
0.0
 20
0.0
 30
0.0
210
0.0
220
0.0
230
1.0
  2
SOLID
 70
1
 71
0
 91
1
 92
3
 72
0
 73
1
 93
4
 10
4.4025
 20
8.93
 10
4.4025
 20
8.87
 10
4.3225
 20
8.87
 10
4.3225
 20
8.93
 97
0
 75
0
 76
1
 98
0
  0
HATCH
  5
24D
330
17
100
AcDbEntity
  8
A-ELEWACJE
 62
7
420
7040624
100
AcDbHatch
 10
0.0
 20
0.0
 30
0.0
210
0.0
220
0.0
230
1.0
  2
SOLID
 70
1
 71
0
 91
1
 92
3
 72
0
 73
1
 93
4
 10
4.5225
 20
8.93
 10
4.5225
 20
8.87
 10
4.4425
 20
8.87
 10
4.4425
 20
8.93
 97
0
 75
0
 76
1
 98
0
  0
HATCH
  5
24E
330
17
100
AcDbEntity
  8
A-ELEWACJE
 62
7
420
7040624
100
AcDbHatch
 10
0.0
 20
0.0
 30
0.0
210
0.0
220
0.0
230
1.0
  2
SOLID
 70
1
 71
0
 91
1
 92
3
 72
0
 73
1
 93
4
 10
4.6425
 20
8.93
 10
4.6425
 20
8.87
 10
4.5625
 20
8.87
 10
4.5625
 20
8.93
 97
0
 75
0
 76
1
 98
0
  0
HATCH
  5
24F
330
17
100
AcDbEntity
  8
A-ELEWACJE
 62
7
420
7040624
100
AcDbHatch
 10
0.0
 20
0.0
 30
0.0
210
0.0
220
0.0
230
1.0
  2
SOLID
 70
1
 71
0
 91
1
 92
3
 72
0
 73
1
 93
4
 10
4.7625
 20
8.93
 10
4.7625
 20
8.87
 10
4.6825
 20
8.87
 10
4.6825
 20
8.93
 97
0
 75
0
 76
1
 98
0
  0
HATCH
  5
250
330
17
100
AcDbEntity
  8
A-ELEWACJE
 62
7
420
7040624
100
AcDbHatch
 10
0.0
 20
0.0
 30
0.0
210
0.0
220
0.0
230
1.0
  2
SOLID
 70
1
 71
0
 91
1
 92
3
 72
0
 73
1
 93
4
 10
4.825
 20
8.93
 10
4.825
 20
8.87
 10
4.8025
 20
8.87
 10
4.8025
 20
8.93
 97
0
 75
0
 76
1
 98
0
  0
HATCH
  5
251
330
17
100
AcDbEntity
  8
A-ELEWACJE
 62
7
420
7698555
100
AcDbHatch
 10
0.0
 20
0.0
 30
0.0
210
0.0
220
0.0
230
1.0
  2
SOLID
 70
1
 71
0
 91
1
 92
3
 72
0
 73
1
 93
4
 10
4.955
 20
9.776000000000002
 10
-1.03
 20
9.776000000000002
 10
-1.03
 20
9.796000000000001
 10
4.955
 20
9.796000000000001
 97
0
 75
0
 76
1
 98
0
  0
HATCH
  5
252
330
17
100
AcDbEntity
  8
A-ELEWACJE
 62
7
420
16119025
100
AcDbHatch
 10
0.0
 20
0.0
 30
0.0
210
0.0
220
0.0
230
1.0
  2
SOLID
 70
1
 71
0
 91
1
 92
3
 72
0
 73
1
 93
4
 10
-0.9
 20
5.93
 10
-0.9
 20
5.935
 10
-0.89
 20
5.935
 10
-0.89
 20
5.93
 97
0
 75
0
 76
1
 98
0
  0
HATCH
  5
253
330
17
100
AcDbEntity
  8
A-ELEWACJE
 62
7
420
16119025
100
AcDbHatch
 10
0.0
 20
0.0
 30
0.0
210
0.0
220
0.0
230
1.0
  2
SOLID
 70
1
 71
0
 91
1
 92
3
 72
0
 73
1
 93
4
 10
-0.9
 20
6.4
 10
-0.89
 20
6.4
 10
-0.89
 20
6.252
 10
-0.9
 20
6.252
 97
0
 75
0
 76
1
 98
0
  0
HATCH
  5
254
330
17
100
AcDbEntity
  8
A-ELEWACJE
 62
7
420
16119025
100
AcDbHatch
 10
0.0
 20
0.0
 30
0.0
210
0.0
220
0.0
230
1.0
  2
SOLID
 70
1
 71
0
 91
1
 92
3
 72
0
 73
1
 93
4
 10
-0.9
 20
8.87
 10
-0.89
 20
8.87
 10
-0.89
 20
6.46
 10
-0.9
 20
6.46
 97
0
 75
0
 76
1
 98
0
  0
HATCH
  5
255
330
17
100
AcDbEntity
  8
A-ELEWACJE
 62
7
420
16119025
100
AcDbHatch
 10
0.0
 20
0.0
 30
0.0
210
0.0
220
0.0
230
1.0
  2
SOLID
 70
1
 71
0
 91
1
 92
3
 72
0
 73
1
 93
4
 10
-0.9
 20
9.065
 10
-0.89
 20
9.065
 10
-0.89
 20
8.93
 10
-0.9
 20
8.93
 97
0
 75
0
 76
1
 98
0
  0
HATCH
  5
256
330
17
100
AcDbEntity
  8
A-ELEWACJE
 62
7
420
16119025
100
AcDbHatch
 10
0.0
 20
0.0
 30
0.0
210
0.0
220
0.0
230
1.0
  2
SOLID
 70
1
 71
0
 91
1
 92
3
 72
0
 73
1
 93
4
 10
-0.9
 20
9.776
 10
-0.89
 20
9.776
 10
-0.89
 20
9.402
 10
-0.9
 20
9.402
 97
0
 75
0
 76
1
 98
0
  0
HATCH
  5
257
330
17
100
AcDbEntity
  8
A-ELEWACJE
 62
7
420
6316128
100
AcDbHatch
 10
0.0
 20
0.0
 30
0.0
210
0.0
220
0.0
230
1.0
  2
SOLID
 70
1
 71
0
 91
1
 92
3
 72
0
 73
1
 93
4
 10
4.815
 20
5.93
 10
4.815
 20
5.935
 10
4.825
 20
5.935
 10
4.825
 20
5.93
 97
0
 75
0
 76
1
 98
0
  0
HATCH
  5
258
330
17
100
AcDbEntity
  8
A-ELEWACJE
 62
7
420
6316128
100
AcDbHatch
 10
0.0
 20
0.0
 30
0.0
210
0.0
220
0.0
230
1.0
  2
SOLID
 70
1
 71
0
 91
1
 92
3
 72
0
 73
1
 93
4
 10
4.815
 20
6.4
 10
4.825
 20
6.4
 10
4.825
 20
6.252
 10
4.815
 20
6.252
 97
0
 75
0
 76
1
 98
0
  0
HATCH
  5
259
330
17
100
AcDbEntity
  8
A-ELEWACJE
 62
7
420
6316128
100
AcDbHatch
 10
0.0
 20
0.0
 30
0.0
210
0.0
220
0.0
230
1.0
  2
SOLID
 70
1
 71
0
 91
1
 92
3
 72
0
 73
1
 93
4
 10
4.815
 20
8.87
 10
4.825
 20
8.87
 10
4.825
 20
6.46
 10
4.815
 20
6.46
 97
0
 75
0
 76
1
 98
0
  0
HATCH
  5
25A
330
17
100
AcDbEntity
  8
A-ELEWACJE
 62
7
420
6316128
100
AcDbHatch
 10
0.0
 20
0.0
 30
0.0
210
0.0
220
0.0
230
1.0
  2
SOLID
 70
1
 71
0
 91
1
 92
3
 72
0
 73
1
 93
4
 10
4.815
 20
9.065
 10
4.825
 20
9.065
 10
4.825
 20
8.93
 10
4.815
 20
8.93
 97
0
 75
0
 76
1
 98
0
  0
HATCH
  5
25B
330
17
100
AcDbEntity
  8
A-ELEWACJE
 62
7
420
6316128
100
AcDbHatch
 10
0.0
 20
0.0
 30
0.0
210
0.0
220
0.0
230
1.0
  2
SOLID
 70
1
 71
0
 91
1
 92
3
 72
0
 73
1
 93
4
 10
4.815
 20
9.776
 10
4.825
 20
9.776
 10
4.825
 20
9.402
 10
4.815
 20
9.402
 97
0
 75
0
 76
1
 98
0
  0
HATCH
  5
25C
330
17
100
AcDbEntity
  8
A-ELEWACJE
 62
7
420
9935518
100
AcDbHatch
 10
0.0
 20
0.0
 30
0.0
210
0.0
220
0.0
230
1.0
  2
SOLID
 70
1
 71
0
 91
1
 92
3
 72
0
 73
1
 93
4
 10
-0.89
 20
5.93
 10
-0.89
 20
5.935
 10
-0.69
 20
5.935
 10
-0.69
 20
5.93
 97
0
 75
0
 76
1
 98
0
  0
HATCH
  5
25D
330
17
100
AcDbEntity
  8
A-ELEWACJE
 62
7
420
9935518
100
AcDbHatch
 10
0.0
 20
0.0
 30
0.0
210
0.0
220
0.0
230
1.0
  2
SOLID
 70
1
 71
0
 91
1
 92
3
 72
0
 73
1
 93
4
 10
-0.89
 20
6.4
 10
-0.8775
 20
6.4
 10
-0.8775
 20
6.252
 10
-0.89
 20
6.252
 97
0
 75
0
 76
1
 98
0
  0
HATCH
  5
25E
330
17
100
AcDbEntity
  8
A-ELEWACJE
 62
7
420
9935518
100
AcDbHatch
 10
0.0
 20
0.0
 30
0.0
210
0.0
220
0.0
230
1.0
  2
SOLID
 70
1
 71
0
 91
1
 92
3
 72
0
 73
1
 93
4
 10
-0.89
 20
8.87
 10
-0.8775
 20
8.87
 10
-0.8775
 20
6.46
 10
-0.89
 20
6.46
 97
0
 75
0
 76
1
 98
0
  0
HATCH
  5
25F
330
17
100
AcDbEntity
  8
A-ELEWACJE
 62
7
420
9935518
100
AcDbHatch
 10
0.0
 20
0.0
 30
0.0
210
0.0
220
0.0
230
1.0
  2
SOLID
 70
1
 71
0
 91
1
 92
3
 72
0
 73
1
 93
4
 10
-0.89
 20
9.065
 10
-0.8775
 20
9.065
 10
-0.8775
 20
8.93
 10
-0.89
 20
8.93
 97
0
 75
0
 76
1
 98
0
  0
HATCH
  5
260
330
17
100
AcDbEntity
  8
A-ELEWACJE
 62
7
420
9935518
100
AcDbHatch
 10
0.0
 20
0.0
 30
0.0
210
0.0
220
0.0
230
1.0
  2
SOLID
 70
1
 71
0
 91
1
 92
3
 72
0
 73
1
 93
4
 10
-0.89
 20
9.776
 10
-0.69
 20
9.776
 10
-0.69
 20
9.402
 10
-0.89
 20
9.402
 97
0
 75
0
 76
1
 98
0
  0
HATCH
  5
261
330
17
100
AcDbEntity
  8
A-ELEWACJE
 62
7
420
9935518
100
AcDbHatch
 10
0.0
 20
0.0
 30
0.0
210
0.0
220
0.0
230
1.0
  2
SOLID
 70
1
 71
0
 91
1
 92
3
 72
0
 73
1
 93
4
 10
-0.69
 20
8.93
 10
-0.7175
 20
8.93
 10
-0.7175
 20
9.065
 10
-0.69
 20
9.065
 97
0
 75
0
 76
1
 98
0
  0
HATCH
  5
262
330
17
100
AcDbEntity
  8
A-ELEWACJE
 62
7
420
9935518
100
AcDbHatch
 10
0.0
 20
0.0
 30
0.0
210
0.0
220
0.0
230
1.0
  2
SOLID
 70
1
 71
0
 91
1
 92
3
 72
0
 73
1
 93
4
 10
-0.69
 20
6.46
 10
-0.7175
 20
6.46
 10
-0.7175
 20
8.87
 10
-0.69
 20
8.87
 97
0
 75
0
 76
1
 98
0
  0
HATCH
  5
263
330
17
100
AcDbEntity
  8
A-ELEWACJE
 62
7
420
9935518
100
AcDbHatch
 10
0.0
 20
0.0
 30
0.0
210
0.0
220
0.0
230
1.0
  2
SOLID
 70
1
 71
0
 91
1
 92
3
 72
0
 73
1
 93
4
 10
-0.69
 20
6.252
 10
-0.7175
 20
6.252
 10
-0.7175
 20
6.4
 10
-0.69
 20
6.4
 97
0
 75
0
 76
1
 98
0
  0
HATCH
  5
264
330
17
100
AcDbEntity
  8
A-ELEWACJE
 62
7
420
9935518
100
AcDbHatch
 10
0.0
 20
0.0
 30
0.0
210
0.0
220
0.0
230
1.0
  2
SOLID
 70
1
 71
0
 91
1
 92
3
 72
0
 73
1
 93
4
 10
-0.8375
 20
9.065
 10
-0.7575
 20
9.065
 10
-0.7575
 20
8.93
 10
-0.8375
 20
8.93
 97
0
 75
0
 76
1
 98
0
  0
HATCH
  5
265
330
17
100
AcDbEntity
  8
A-ELEWACJE
 62
7
420
9935518
100
AcDbHatch
 10
0.0
 20
0.0
 30
0.0
210
0.0
220
0.0
230
1.0
  2
SOLID
 70
1
 71
0
 91
1
 92
3
 72
0
 73
1
 93
4
 10
-0.7575
 20
6.252
 10
-0.8375
 20
6.252
 10
-0.8375
 20
6.4
 10
-0.7575
 20
6.4
 97
0
 75
0
 76
1
 98
0
  0
HATCH
  5
266
330
17
100
AcDbEntity
  8
A-ELEWACJE
 62
7
420
9935518
100
AcDbHatch
 10
0.0
 20
0.0
 30
0.0
210
0.0
220
0.0
230
1.0
  2
SOLID
 70
1
 71
0
 91
1
 92
3
 72
0
 73
1
 93
4
 10
-0.8375
 20
6.46
 10
-0.8375
 20
8.87
 10
-0.7575
 20
8.87
 10
-0.7575
 20
6.46
 97
0
 75
0
 76
1
 98
0
  0
HATCH
  5
267
330
17
100
AcDbEntity
  8
A-ELEWACJE
 62
7
420
15260841
100
AcDbHatch
 10
0.0
 20
0.0
 30
0.0
210
0.0
220
0.0
230
1.0
  2
SOLID
 70
1
 71
0
 91
1
 92
3
 72
0
 73
1
 93
4
 10
4.615
 20
5.93
 10
4.615
 20
5.935
 10
4.815
 20
5.935
 10
4.815
 20
5.93
 97
0
 75
0
 76
1
 98
0
  0
HATCH
  5
268
330
17
100
AcDbEntity
  8
A-ELEWACJE
 62
7
420
15260841
100
AcDbHatch
 10
0.0
 20
0.0
 30
0.0
210
0.0
220
0.0
230
1.0
  2
SOLID
 70
1
 71
0
 91
1
 92
3
 72
0
 73
1
 93
4
 10
4.615
 20
6.4
 10
4.6425
 20
6.4
 10
4.6425
 20
6.252
 10
4.615
 20
6.252
 97
0
 75
0
 76
1
 98
0
  0
HATCH
  5
269
330
17
100
AcDbEntity
  8
A-ELEWACJE
 62
7
420
15260841
100
AcDbHatch
 10
0.0
 20
0.0
 30
0.0
210
0.0
220
0.0
230
1.0
  2
SOLID
 70
1
 71
0
 91
1
 92
3
 72
0
 73
1
 93
4
 10
4.615
 20
8.87
 10
4.6425
 20
8.87
 10
4.6425
 20
6.46
 10
4.615
 20
6.46
 97
0
 75
0
 76
1
 98
0
  0
HATCH
  5
26A
330
17
100
AcDbEntity
  8
A-ELEWACJE
 62
7
420
15260841
100
AcDbHatch
 10
0.0
 20
0.0
 30
0.0
210
0.0
220
0.0
230
1.0
  2
SOLID
 70
1
 71
0
 91
1
 92
3
 72
0
 73
1
 93
4
 10
4.615
 20
9.065
 10
4.6425
 20
9.065
 10
4.6425
 20
8.93
 10
4.615
 20
8.93
 97
0
 75
0
 76
1
 98
0
  0
HATCH
  5
26B
330
17
100
AcDbEntity
  8
A-ELEWACJE
 62
7
420
15260841
100
AcDbHatch
 10
0.0
 20
0.0
 30
0.0
210
0.0
220
0.0
230
1.0
  2
SOLID
 70
1
 71
0
 91
1
 92
3
 72
0
 73
1
 93
4
 10
4.615
 20
9.776
 10
4.815
 20
9.776
 10
4.815
 20
9.402
 10
4.615
 20
9.402
 97
0
 75
0
 76
1
 98
0
  0
HATCH
  5
26C
330
17
100
AcDbEntity
  8
A-ELEWACJE
 62
7
420
15260841
100
AcDbHatch
 10
0.0
 20
0.0
 30
0.0
210
0.0
220
0.0
230
1.0
  2
SOLID
 70
1
 71
0
 91
1
 92
3
 72
0
 73
1
 93
4
 10
4.815
 20
8.93
 10
4.8025
 20
8.93
 10
4.8025
 20
9.065
 10
4.815
 20
9.065
 97
0
 75
0
 76
1
 98
0
  0
HATCH
  5
26D
330
17
100
AcDbEntity
  8
A-ELEWACJE
 62
7
420
15260841
100
AcDbHatch
 10
0.0
 20
0.0
 30
0.0
210
0.0
220
0.0
230
1.0
  2
SOLID
 70
1
 71
0
 91
1
 92
3
 72
0
 73
1
 93
4
 10
4.815
 20
6.46
 10
4.8025
 20
6.46
 10
4.8025
 20
8.87
 10
4.815
 20
8.87
 97
0
 75
0
 76
1
 98
0
  0
HATCH
  5
26E
330
17
100
AcDbEntity
  8
A-ELEWACJE
 62
7
420
15260841
100
AcDbHatch
 10
0.0
 20
0.0
 30
0.0
210
0.0
220
0.0
230
1.0
  2
SOLID
 70
1
 71
0
 91
1
 92
3
 72
0
 73
1
 93
4
 10
4.815
 20
6.252
 10
4.8025
 20
6.252
 10
4.8025
 20
6.4
 10
4.815
 20
6.4
 97
0
 75
0
 76
1
 98
0
  0
HATCH
  5
26F
330
17
100
AcDbEntity
  8
A-ELEWACJE
 62
7
420
15260841
100
AcDbHatch
 10
0.0
 20
0.0
 30
0.0
210
0.0
220
0.0
230
1.0
  2
SOLID
 70
1
 71
0
 91
1
 92
3
 72
0
 73
1
 93
4
 10
4.6825
 20
6.252
 10
4.6825
 20
6.4
 10
4.7625
 20
6.4
 10
4.7625
 20
6.252
 97
0
 75
0
 76
1
 98
0
  0
HATCH
  5
270
330
17
100
AcDbEntity
  8
A-ELEWACJE
 62
7
420
15260841
100
AcDbHatch
 10
0.0
 20
0.0
 30
0.0
210
0.0
220
0.0
230
1.0
  2
SOLID
 70
1
 71
0
 91
1
 92
3
 72
0
 73
1
 93
4
 10
4.6825
 20
6.46
 10
4.6825
 20
8.87
 10
4.7625
 20
8.87
 10
4.7625
 20
6.46
 97
0
 75
0
 76
1
 98
0
  0
HATCH
  5
271
330
17
100
AcDbEntity
  8
A-ELEWACJE
 62
7
420
15260841
100
AcDbHatch
 10
0.0
 20
0.0
 30
0.0
210
0.0
220
0.0
230
1.0
  2
SOLID
 70
1
 71
0
 91
1
 92
3
 72
0
 73
1
 93
4
 10
4.6825
 20
8.93
 10
4.6825
 20
9.065
 10
4.7625
 20
9.065
 10
4.7625
 20
8.93
 97
0
 75
0
 76
1
 98
0
  0
HATCH
  5
272
330
17
100
AcDbEntity
  8
A-ELEWACJE
 62
7
420
16119025
100
AcDbHatch
 10
0.0
 20
0.0
 30
0.0
210
0.0
220
0.0
230
1.0
  2
SOLID
 70
1
 71
0
 91
1
 92
3
 72
0
 73
1
 93
6
 10
-1.0
 20
9.08
 10
-1.0
 20
9.776
 10
-0.9
 20
9.776
 10
-0.9
 20
9.402
 10
-0.9
 20
9.4
 10
-0.9
 20
9.08
 97
0
 75
0
 76
1
 98
0
  0
HATCH
  5
273
330
17
100
AcDbEntity
  8
A-ELEWACJE
 62
7
420
16119025
100
AcDbHatch
 10
0.0
 20
0.0
 30
0.0
210
0.0
220
0.0
230
1.0
  2
SOLID
 70
1
 71
0
 91
1
 92
3
 72
0
 73
1
 93
4
 10
4.615
 20
9.776
 10
4.615
 20
9.402
 10
-0.69
 20
9.402
 10
-0.69
 20
9.776
 97
0
 75
0
 76
1
 98
0
  0
HATCH
  5
274
330
17
100
AcDbEntity
  8
A-ELEWACJE
 62
7
420
16119025
100
AcDbHatch
 10
0.0
 20
0.0
 30
0.0
210
0.0
220
0.0
230
1.0
  2
SOLID
 70
1
 71
0
 91
1
 92
3
 72
0
 73
1
 93
4
 10
4.925
 20
9.776
 10
4.925
 20
9.402
 10
4.825
 20
9.402
 10
4.825
 20
9.776
 97
0
 75
0
 76
1
 98
0
  0
HATCH
  5
275
330
17
100
AcDbEntity
  8
A-ELEWACJE
 62
7
420
7698555
100
AcDbHatch
 10
0.0
 20
0.0
 30
0.0
210
0.0
220
0.0
230
1.0
  2
SOLID
 70
1
 71
0
 91
1
 92
3
 72
0
 73
1
 93
4
 10
3.1225
 20
6.875
 10
3.1225
 20
6.904
 10
3.2025
 20
6.904
 10
3.2025
 20
6.875
 97
0
 75
0
 76
1
 98
0
  0
HATCH
  5
276
330
17
100
AcDbEntity
  8
A-ELEWACJE
 62
7
420
7698555
100
AcDbHatch
 10
0.0
 20
0.0
 30
0.0
210
0.0
220
0.0
230
1.0
  2
SOLID
 70
1
 71
0
 91
1
 92
3
 72
0
 73
1
 93
4
 10
3.0025
 20
6.875
 10
3.0025
 20
6.904
 10
3.0825
 20
6.904
 10
3.0825
 20
6.875
 97
0
 75
0
 76
1
 98
0
  0
HATCH
  5
277
330
17
100
AcDbEntity
  8
A-ELEWACJE
 62
7
420
7698555
100
AcDbHatch
 10
0.0
 20
0.0
 30
0.0
210
0.0
220
0.0
230
1.0
  2
SOLID
 70
1
 71
0
 91
1
 92
3
 72
0
 73
1
 93
4
 10
2.8825
 20
6.875
 10
2.8825
 20
6.904
 10
2.9625
 20
6.904
 10
2.9625
 20
6.875
 97
0
 75
0
 76
1
 98
0
  0
HATCH
  5
278
330
17
100
AcDbEntity
  8
A-ELEWACJE
 62
7
420
7698555
100
AcDbHatch
 10
0.0
 20
0.0
 30
0.0
210
0.0
220
0.0
230
1.0
  2
SOLID
 70
1
 71
0
 91
1
 92
3
 72
0
 73
1
 93
4
 10
2.7625
 20
6.875
 10
2.7625
 20
6.904
 10
2.8425
 20
6.904
 10
2.8425
 20
6.875
 97
0
 75
0
 76
1
 98
0
  0
HATCH
  5
279
330
17
100
AcDbEntity
  8
A-ELEWACJE
 62
7
420
7698555
100
AcDbHatch
 10
0.0
 20
0.0
 30
0.0
210
0.0
220
0.0
230
1.0
  2
SOLID
 70
1
 71
0
 91
1
 92
3
 72
0
 73
1
 93
4
 10
2.6425
 20
6.875
 10
2.6425
 20
6.904
 10
2.7225
 20
6.904
 10
2.7225
 20
6.875
 97
0
 75
0
 76
1
 98
0
  0
HATCH
  5
27A
330
17
100
AcDbEntity
  8
A-ELEWACJE
 62
7
420
7698555
100
AcDbHatch
 10
0.0
 20
0.0
 30
0.0
210
0.0
220
0.0
230
1.0
  2
SOLID
 70
1
 71
0
 91
1
 92
3
 72
0
 73
1
 93
4
 10
2.5225
 20
6.875
 10
2.5225
 20
6.904
 10
2.6025
 20
6.904
 10
2.6025
 20
6.875
 97
0
 75
0
 76
1
 98
0
  0
HATCH
  5
27B
330
17
100
AcDbEntity
  8
A-ELEWACJE
 62
7
420
7698555
100
AcDbHatch
 10
0.0
 20
0.0
 30
0.0
210
0.0
220
0.0
230
1.0
  2
SOLID
 70
1
 71
0
 91
1
 92
3
 72
0
 73
1
 93
4
 10
2.4025
 20
6.875
 10
2.4025
 20
6.904
 10
2.4825
 20
6.904
 10
2.4825
 20
6.875
 97
0
 75
0
 76
1
 98
0
  0
HATCH
  5
27C
330
17
100
AcDbEntity
  8
A-ELEWACJE
 62
7
420
7698555
100
AcDbHatch
 10
0.0
 20
0.0
 30
0.0
210
0.0
220
0.0
230
1.0
  2
SOLID
 70
1
 71
0
 91
1
 92
3
 72
0
 73
1
 93
4
 10
2.2825
 20
6.875
 10
2.2825
 20
6.904
 10
2.3625
 20
6.904
 10
2.3625
 20
6.875
 97
0
 75
0
 76
1
 98
0
  0
HATCH
  5
27D
330
17
100
AcDbEntity
  8
A-ELEWACJE
 62
7
420
7698555
100
AcDbHatch
 10
0.0
 20
0.0
 30
0.0
210
0.0
220
0.0
230
1.0
  2
SOLID
 70
1
 71
0
 91
1
 92
3
 72
0
 73
1
 93
4
 10
2.1625
 20
6.875
 10
2.1625
 20
6.904
 10
2.2425
 20
6.904
 10
2.2425
 20
6.875
 97
0
 75
0
 76
1
 98
0
  0
HATCH
  5
27E
330
17
100
AcDbEntity
  8
A-ELEWACJE
 62
7
420
7698555
100
AcDbHatch
 10
0.0
 20
0.0
 30
0.0
210
0.0
220
0.0
230
1.0
  2
SOLID
 70
1
 71
0
 91
1
 92
3
 72
0
 73
1
 93
4
 10
2.0425
 20
6.875
 10
2.0425
 20
6.904
 10
2.1225
 20
6.904
 10
2.1225
 20
6.875
 97
0
 75
0
 76
1
 98
0
  0
HATCH
  5
27F
330
17
100
AcDbEntity
  8
A-ELEWACJE
 62
7
420
7698555
100
AcDbHatch
 10
0.0
 20
0.0
 30
0.0
210
0.0
220
0.0
230
1.0
  2
SOLID
 70
1
 71
0
 91
1
 92
3
 72
0
 73
1
 93
4
 10
1.9225
 20
6.875
 10
1.9225
 20
6.904
 10
2.0025
 20
6.904
 10
2.0025
 20
6.875
 97
0
 75
0
 76
1
 98
0
  0
HATCH
  5
280
330
17
100
AcDbEntity
  8
A-ELEWACJE
 62
7
420
7698555
100
AcDbHatch
 10
0.0
 20
0.0
 30
0.0
210
0.0
220
0.0
230
1.0
  2
SOLID
 70
1
 71
0
 91
1
 92
3
 72
0
 73
1
 93
4
 10
1.8025
 20
6.875
 10
1.8025
 20
6.904
 10
1.8825
 20
6.904
 10
1.8825
 20
6.875
 97
0
 75
0
 76
1
 98
0
  0
HATCH
  5
281
330
17
100
AcDbEntity
  8
A-ELEWACJE
 62
7
420
7698555
100
AcDbHatch
 10
0.0
 20
0.0
 30
0.0
210
0.0
220
0.0
230
1.0
  2
SOLID
 70
1
 71
0
 91
1
 92
3
 72
0
 73
1
 93
4
 10
1.6825
 20
6.875
 10
1.6825
 20
6.904
 10
1.7625
 20
6.904
 10
1.7625
 20
6.875
 97
0
 75
0
 76
1
 98
0
  0
HATCH
  5
282
330
17
100
AcDbEntity
  8
A-ELEWACJE
 62
7
420
7698555
100
AcDbHatch
 10
0.0
 20
0.0
 30
0.0
210
0.0
220
0.0
230
1.0
  2
SOLID
 70
1
 71
0
 91
1
 92
3
 72
0
 73
1
 93
4
 10
1.5625
 20
6.875
 10
1.5625
 20
6.904
 10
1.6425
 20
6.904
 10
1.6425
 20
6.875
 97
0
 75
0
 76
1
 98
0
  0
HATCH
  5
283
330
17
100
AcDbEntity
  8
A-ELEWACJE
 62
7
420
7698555
100
AcDbHatch
 10
0.0
 20
0.0
 30
0.0
210
0.0
220
0.0
230
1.0
  2
SOLID
 70
1
 71
0
 91
1
 92
3
 72
0
 73
1
 93
4
 10
1.4425
 20
6.875
 10
1.4425
 20
6.904
 10
1.5225
 20
6.904
 10
1.5225
 20
6.875
 97
0
 75
0
 76
1
 98
0
  0
HATCH
  5
284
330
17
100
AcDbEntity
  8
A-ELEWACJE
 62
7
420
7698555
100
AcDbHatch
 10
0.0
 20
0.0
 30
0.0
210
0.0
220
0.0
230
1.0
  2
SOLID
 70
1
 71
0
 91
1
 92
3
 72
0
 73
1
 93
4
 10
1.3225
 20
6.875
 10
1.3225
 20
6.904
 10
1.4025
 20
6.904
 10
1.4025
 20
6.875
 97
0
 75
0
 76
1
 98
0
  0
HATCH
  5
285
330
17
100
AcDbEntity
  8
A-ELEWACJE
 62
7
420
7698555
100
AcDbHatch
 10
0.0
 20
0.0
 30
0.0
210
0.0
220
0.0
230
1.0
  2
SOLID
 70
1
 71
0
 91
1
 92
3
 72
0
 73
1
 93
4
 10
1.2025
 20
6.875
 10
1.2025
 20
6.904
 10
1.2825
 20
6.904
 10
1.2825
 20
6.875
 97
0
 75
0
 76
1
 98
0
  0
HATCH
  5
286
330
17
100
AcDbEntity
  8
A-ELEWACJE
 62
7
420
7698555
100
AcDbHatch
 10
0.0
 20
0.0
 30
0.0
210
0.0
220
0.0
230
1.0
  2
SOLID
 70
1
 71
0
 91
1
 92
3
 72
0
 73
1
 93
4
 10
1.0825
 20
6.875
 10
1.0825
 20
6.904
 10
1.1625
 20
6.904
 10
1.1625
 20
6.875
 97
0
 75
0
 76
1
 98
0
  0
HATCH
  5
287
330
17
100
AcDbEntity
  8
A-ELEWACJE
 62
7
420
7698555
100
AcDbHatch
 10
0.0
 20
0.0
 30
0.0
210
0.0
220
0.0
230
1.0
  2
SOLID
 70
1
 71
0
 91
1
 92
3
 72
0
 73
1
 93
4
 10
0.9625
 20
6.875
 10
0.9625
 20
6.904
 10
1.0425
 20
6.904
 10
1.0425
 20
6.875
 97
0
 75
0
 76
1
 98
0
  0
HATCH
  5
288
330
17
100
AcDbEntity
  8
A-ELEWACJE
 62
7
420
7698555
100
AcDbHatch
 10
0.0
 20
0.0
 30
0.0
210
0.0
220
0.0
230
1.0
  2
SOLID
 70
1
 71
0
 91
1
 92
3
 72
0
 73
1
 93
4
 10
0.8425
 20
6.875
 10
0.8425
 20
6.904
 10
0.9225
 20
6.904
 10
0.9225
 20
6.875
 97
0
 75
0
 76
1
 98
0
  0
HATCH
  5
289
330
17
100
AcDbEntity
  8
A-ELEWACJE
 62
7
420
10712656
100
AcDbHatch
 10
0.0
 20
0.0
 30
0.0
210
0.0
220
0.0
230
1.0
  2
SOLID
 70
1
 71
0
 91
1
 92
3
 72
0
 73
1
 93
4
 10
4.975
 20
9.065
 10
5.055
 20
9.065
 10
5.055
 20
6.252
 10
4.975
 20
6.252
 97
0
 75
0
 76
1
 98
0
  0
HATCH
  5
28A
330
17
100
AcDbEntity
  8
A-ELEWACJE
 62
7
420
6316128
100
AcDbHatch
 10
0.0
 20
0.0
 30
0.0
210
0.0
220
0.0
230
1.0
  2
SOLID
 70
1
 71
0
 91
1
 92
3
 72
0
 73
1
 93
6
 10
3.225
 20
5.93
 10
0.825
 20
5.93
 10
-0.69
 20
5.93
 10
-0.69
 20
5.935
 10
4.615
 20
5.935
 10
4.615
 20
5.93
 97
0
 75
0
 76
1
 98
0
  0
HATCH
  5
28B
330
17
100
AcDbEntity
  8
A-ELEWACJE
 62
7
420
6316128
100
AcDbHatch
 10
0.0
 20
0.0
 30
0.0
210
0.0
220
0.0
230
1.0
  2
SOLID
 70
1
 71
0
 91
1
 92
3
 72
0
 73
1
 93
4
 10
0.3625
 20
9.065
 10
0.4425
 20
9.065
 10
0.4425
 20
8.93
 10
0.3625
 20
8.93
 97
0
 75
0
 76
1
 98
0
  0
HATCH
  5
28C
330
17
100
AcDbEntity
  8
A-ELEWACJE
 62
7
420
6316128
100
AcDbHatch
 10
0.0
 20
0.0
 30
0.0
210
0.0
220
0.0
230
1.0
  2
SOLID
 70
1
 71
0
 91
1
 92
3
 72
0
 73
1
 93
4
 10
0.3625
 20
8.87
 10
0.4425
 20
8.87
 10
0.4425
 20
6.46
 10
0.3625
 20
6.46
 97
0
 75
0
 76
1
 98
0
  0
HATCH
  5
28D
330
17
100
AcDbEntity
  8
A-ELEWACJE
 62
7
420
6316128
100
AcDbHatch
 10
0.0
 20
0.0
 30
0.0
210
0.0
220
0.0
230
1.0
  2
SOLID
 70
1
 71
0
 91
1
 92
3
 72
0
 73
1
 93
4
 10
0.4825
 20
9.065
 10
0.5625
 20
9.065
 10
0.5625
 20
8.93
 10
0.4825
 20
8.93
 97
0
 75
0
 76
1
 98
0
  0
HATCH
  5
28E
330
17
100
AcDbEntity
  8
A-ELEWACJE
 62
7
420
6316128
100
AcDbHatch
 10
0.0
 20
0.0
 30
0.0
210
0.0
220
0.0
230
1.0
  2
SOLID
 70
1
 71
0
 91
1
 92
3
 72
0
 73
1
 93
4
 10
0.4825
 20
8.87
 10
0.5625
 20
8.87
 10
0.5625
 20
6.46
 10
0.4825
 20
6.46
 97
0
 75
0
 76
1
 98
0
  0
HATCH
  5
28F
330
17
100
AcDbEntity
  8
A-ELEWACJE
 62
7
420
6316128
100
AcDbHatch
 10
0.0
 20
0.0
 30
0.0
210
0.0
220
0.0
230
1.0
  2
SOLID
 70
1
 71
0
 91
1
 92
3
 72
0
 73
1
 93
4
 10
0.6025
 20
9.065
 10
0.6825
 20
9.065
 10
0.6825
 20
8.93
 10
0.6025
 20
8.93
 97
0
 75
0
 76
1
 98
0
  0
HATCH
  5
290
330
17
100
AcDbEntity
  8
A-ELEWACJE
 62
7
420
6316128
100
AcDbHatch
 10
0.0
 20
0.0
 30
0.0
210
0.0
220
0.0
230
1.0
  2
SOLID
 70
1
 71
0
 91
1
 92
3
 72
0
 73
1
 93
4
 10
0.6025
 20
8.87
 10
0.6825
 20
8.87
 10
0.6825
 20
6.46
 10
0.6025
 20
6.46
 97
0
 75
0
 76
1
 98
0
  0
HATCH
  5
291
330
17
100
AcDbEntity
  8
A-ELEWACJE
 62
7
420
6316128
100
AcDbHatch
 10
0.0
 20
0.0
 30
0.0
210
0.0
220
0.0
230
1.0
  2
SOLID
 70
1
 71
0
 91
1
 92
3
 72
0
 73
1
 93
4
 10
0.7225
 20
9.065
 10
0.8025
 20
9.065
 10
0.8025
 20
8.93
 10
0.7225
 20
8.93
 97
0
 75
0
 76
1
 98
0
  0
HATCH
  5
292
330
17
100
AcDbEntity
  8
A-ELEWACJE
 62
7
420
6316128
100
AcDbHatch
 10
0.0
 20
0.0
 30
0.0
210
0.0
220
0.0
230
1.0
  2
SOLID
 70
1
 71
0
 91
1
 92
3
 72
0
 73
1
 93
4
 10
0.7225
 20
8.87
 10
0.8025
 20
8.87
 10
0.8025
 20
6.46
 10
0.7225
 20
6.46
 97
0
 75
0
 76
1
 98
0
  0
HATCH
  5
293
330
17
100
AcDbEntity
  8
A-ELEWACJE
 62
7
420
6316128
100
AcDbHatch
 10
0.0
 20
0.0
 30
0.0
210
0.0
220
0.0
230
1.0
  2
SOLID
 70
1
 71
0
 91
1
 92
3
 72
0
 73
1
 93
4
 10
0.8425
 20
9.065
 10
0.9225
 20
9.065
 10
0.9225
 20
8.93
 10
0.8425
 20
8.93
 97
0
 75
0
 76
1
 98
0
  0
HATCH
  5
294
330
17
100
AcDbEntity
  8
A-ELEWACJE
 62
7
420
6316128
100
AcDbHatch
 10
0.0
 20
0.0
 30
0.0
210
0.0
220
0.0
230
1.0
  2
SOLID
 70
1
 71
0
 91
1
 92
3
 72
0
 73
1
 93
4
 10
0.9625
 20
9.065
 10
1.0425
 20
9.065
 10
1.0425
 20
8.93
 10
0.9625
 20
8.93
 97
0
 75
0
 76
1
 98
0
  0
HATCH
  5
295
330
17
100
AcDbEntity
  8
A-ELEWACJE
 62
7
420
6316128
100
AcDbHatch
 10
0.0
 20
0.0
 30
0.0
210
0.0
220
0.0
230
1.0
  2
SOLID
 70
1
 71
0
 91
1
 92
3
 72
0
 73
1
 93
4
 10
1.0825
 20
9.065
 10
1.1625
 20
9.065
 10
1.1625
 20
8.93
 10
1.0825
 20
8.93
 97
0
 75
0
 76
1
 98
0
  0
HATCH
  5
296
330
17
100
AcDbEntity
  8
A-ELEWACJE
 62
7
420
6316128
100
AcDbHatch
 10
0.0
 20
0.0
 30
0.0
210
0.0
220
0.0
230
1.0
  2
SOLID
 70
1
 71
0
 91
1
 92
3
 72
0
 73
1
 93
4
 10
1.2025
 20
9.065
 10
1.2825
 20
9.065
 10
1.2825
 20
8.93
 10
1.2025
 20
8.93
 97
0
 75
0
 76
1
 98
0
  0
HATCH
  5
297
330
17
100
AcDbEntity
  8
A-ELEWACJE
 62
7
420
6316128
100
AcDbHatch
 10
0.0
 20
0.0
 30
0.0
210
0.0
220
0.0
230
1.0
  2
SOLID
 70
1
 71
0
 91
1
 92
3
 72
0
 73
1
 93
4
 10
1.3225
 20
9.065
 10
1.4025
 20
9.065
 10
1.4025
 20
8.93
 10
1.3225
 20
8.93
 97
0
 75
0
 76
1
 98
0
  0
HATCH
  5
298
330
17
100
AcDbEntity
  8
A-ELEWACJE
 62
7
420
6316128
100
AcDbHatch
 10
0.0
 20
0.0
 30
0.0
210
0.0
220
0.0
230
1.0
  2
SOLID
 70
1
 71
0
 91
1
 92
3
 72
0
 73
1
 93
4
 10
1.4425
 20
9.065
 10
1.5225
 20
9.065
 10
1.5225
 20
8.93
 10
1.4425
 20
8.93
 97
0
 75
0
 76
1
 98
0
  0
HATCH
  5
299
330
17
100
AcDbEntity
  8
A-ELEWACJE
 62
7
420
6316128
100
AcDbHatch
 10
0.0
 20
0.0
 30
0.0
210
0.0
220
0.0
230
1.0
  2
SOLID
 70
1
 71
0
 91
1
 92
3
 72
0
 73
1
 93
4
 10
2.1225
 20
8.93
 10
2.0425
 20
8.93
 10
2.0425
 20
9.065
 10
2.1225
 20
9.065
 97
0
 75
0
 76
1
 98
0
  0
HATCH
  5
29A
330
17
100
AcDbEntity
  8
A-ELEWACJE
 62
7
420
6316128
100
AcDbHatch
 10
0.0
 20
0.0
 30
0.0
210
0.0
220
0.0
230
1.0
  2
SOLID
 70
1
 71
0
 91
1
 92
3
 72
0
 73
1
 93
4
 10
2.1625
 20
9.065
 10
2.2425
 20
9.065
 10
2.2425
 20
8.93
 10
2.1625
 20
8.93
 97
0
 75
0
 76
1
 98
0
  0
HATCH
  5
29B
330
17
100
AcDbEntity
  8
A-ELEWACJE
 62
7
420
6316128
100
AcDbHatch
 10
0.0
 20
0.0
 30
0.0
210
0.0
220
0.0
230
1.0
  2
SOLID
 70
1
 71
0
 91
1
 92
3
 72
0
 73
1
 93
4
 10
2.2825
 20
9.065
 10
2.3625
 20
9.065
 10
2.3625
 20
8.93
 10
2.2825
 20
8.93
 97
0
 75
0
 76
1
 98
0
  0
HATCH
  5
29C
330
17
100
AcDbEntity
  8
A-ELEWACJE
 62
7
420
6316128
100
AcDbHatch
 10
0.0
 20
0.0
 30
0.0
210
0.0
220
0.0
230
1.0
  2
SOLID
 70
1
 71
0
 91
1
 92
3
 72
0
 73
1
 93
4
 10
2.4025
 20
9.065
 10
2.4825
 20
9.065
 10
2.4825
 20
8.93
 10
2.4025
 20
8.93
 97
0
 75
0
 76
1
 98
0
  0
HATCH
  5
29D
330
17
100
AcDbEntity
  8
A-ELEWACJE
 62
7
420
6316128
100
AcDbHatch
 10
0.0
 20
0.0
 30
0.0
210
0.0
220
0.0
230
1.0
  2
SOLID
 70
1
 71
0
 91
1
 92
3
 72
0
 73
1
 93
4
 10
2.5225
 20
9.065
 10
2.6025
 20
9.065
 10
2.6025
 20
8.93
 10
2.5225
 20
8.93
 97
0
 75
0
 76
1
 98
0
  0
HATCH
  5
29E
330
17
100
AcDbEntity
  8
A-ELEWACJE
 62
7
420
6316128
100
AcDbHatch
 10
0.0
 20
0.0
 30
0.0
210
0.0
220
0.0
230
1.0
  2
SOLID
 70
1
 71
0
 91
1
 92
3
 72
0
 73
1
 93
4
 10
3.2025
 20
6.875
 10
3.2025
 20
6.46
 10
3.1225
 20
6.46
 10
3.1225
 20
6.875
 97
0
 75
0
 76
1
 98
0
  0
HATCH
  5
29F
330
17
100
AcDbEntity
  8
A-ELEWACJE
 62
7
420
6316128
100
AcDbHatch
 10
0.0
 20
0.0
 30
0.0
210
0.0
220
0.0
230
1.0
  2
SOLID
 70
1
 71
0
 91
1
 92
3
 72
0
 73
1
 93
4
 10
3.0825
 20
6.875
 10
3.0825
 20
6.46
 10
3.0025
 20
6.46
 10
3.0025
 20
6.875
 97
0
 75
0
 76
1
 98
0
  0
HATCH
  5
2A0
330
17
100
AcDbEntity
  8
A-ELEWACJE
 62
7
420
6316128
100
AcDbHatch
 10
0.0
 20
0.0
 30
0.0
210
0.0
220
0.0
230
1.0
  2
SOLID
 70
1
 71
0
 91
1
 92
3
 72
0
 73
1
 93
4
 10
2.9625
 20
6.875
 10
2.9625
 20
6.46
 10
2.8825
 20
6.46
 10
2.8825
 20
6.875
 97
0
 75
0
 76
1
 98
0
  0
HATCH
  5
2A1
330
17
100
AcDbEntity
  8
A-ELEWACJE
 62
7
420
6316128
100
AcDbHatch
 10
0.0
 20
0.0
 30
0.0
210
0.0
220
0.0
230
1.0
  2
SOLID
 70
1
 71
0
 91
1
 92
3
 72
0
 73
1
 93
4
 10
2.8425
 20
6.875
 10
2.8425
 20
6.46
 10
2.7625
 20
6.46
 10
2.7625
 20
6.875
 97
0
 75
0
 76
1
 98
0
  0
HATCH
  5
2A2
330
17
100
AcDbEntity
  8
A-ELEWACJE
 62
7
420
6316128
100
AcDbHatch
 10
0.0
 20
0.0
 30
0.0
210
0.0
220
0.0
230
1.0
  2
SOLID
 70
1
 71
0
 91
1
 92
3
 72
0
 73
1
 93
4
 10
2.7225
 20
6.875
 10
2.7225
 20
6.46
 10
2.6425
 20
6.46
 10
2.6425
 20
6.875
 97
0
 75
0
 76
1
 98
0
  0
HATCH
  5
2A3
330
17
100
AcDbEntity
  8
A-ELEWACJE
 62
7
420
6316128
100
AcDbHatch
 10
0.0
 20
0.0
 30
0.0
210
0.0
220
0.0
230
1.0
  2
SOLID
 70
1
 71
0
 91
1
 92
3
 72
0
 73
1
 93
4
 10
2.6025
 20
6.875
 10
2.6025
 20
6.46
 10
2.5225
 20
6.46
 10
2.5225
 20
6.875
 97
0
 75
0
 76
1
 98
0
  0
HATCH
  5
2A4
330
17
100
AcDbEntity
  8
A-ELEWACJE
 62
7
420
6316128
100
AcDbHatch
 10
0.0
 20
0.0
 30
0.0
210
0.0
220
0.0
230
1.0
  2
SOLID
 70
1
 71
0
 91
1
 92
3
 72
0
 73
1
 93
4
 10
3.2425
 20
6.46
 10
3.2425
 20
8.87
 10
3.3225
 20
8.87
 10
3.3225
 20
6.46
 97
0
 75
0
 76
1
 98
0
  0
HATCH
  5
2A5
330
17
100
AcDbEntity
  8
A-ELEWACJE
 62
7
420
6316128
100
AcDbHatch
 10
0.0
 20
0.0
 30
0.0
210
0.0
220
0.0
230
1.0
  2
SOLID
 70
1
 71
0
 91
1
 92
3
 72
0
 73
1
 93
4
 10
3.3625
 20
6.46
 10
3.3625
 20
8.87
 10
3.4425
 20
8.87
 10
3.4425
 20
6.46
 97
0
 75
0
 76
1
 98
0
  0
HATCH
  5
2A6
330
17
100
AcDbEntity
  8
A-ELEWACJE
 62
7
420
6316128
100
AcDbHatch
 10
0.0
 20
0.0
 30
0.0
210
0.0
220
0.0
230
1.0
  2
SOLID
 70
1
 71
0
 91
1
 92
3
 72
0
 73
1
 93
4
 10
3.4825
 20
6.46
 10
3.4825
 20
8.87
 10
3.5625
 20
8.87
 10
3.5625
 20
6.46
 97
0
 75
0
 76
1
 98
0
  0
HATCH
  5
2A7
330
17
100
AcDbEntity
  8
A-ELEWACJE
 62
7
420
6316128
100
AcDbHatch
 10
0.0
 20
0.0
 30
0.0
210
0.0
220
0.0
230
1.0
  2
SOLID
 70
1
 71
0
 91
1
 92
3
 72
0
 73
1
 93
4
 10
3.6025
 20
6.46
 10
3.6025
 20
8.87
 10
3.6825
 20
8.87
 10
3.6825
 20
6.46
 97
0
 75
0
 76
1
 98
0
  0
HATCH
  5
2A8
330
17
100
AcDbEntity
  8
A-ELEWACJE
 62
7
420
6316128
100
AcDbHatch
 10
0.0
 20
0.0
 30
0.0
210
0.0
220
0.0
230
1.0
  2
SOLID
 70
1
 71
0
 91
1
 92
3
 72
0
 73
1
 93
4
 10
3.7225
 20
6.46
 10
3.7225
 20
8.87
 10
3.8025
 20
8.87
 10
3.8025
 20
6.46
 97
0
 75
0
 76
1
 98
0
  0
HATCH
  5
2A9
330
17
100
AcDbEntity
  8
A-ELEWACJE
 62
7
420
6316128
100
AcDbHatch
 10
0.0
 20
0.0
 30
0.0
210
0.0
220
0.0
230
1.0
  2
SOLID
 70
1
 71
0
 91
1
 92
3
 72
0
 73
1
 93
4
 10
3.8425
 20
6.46
 10
3.8425
 20
8.87
 10
3.9225
 20
8.87
 10
3.9225
 20
6.46
 97
0
 75
0
 76
1
 98
0
  0
HATCH
  5
2AA
330
17
100
AcDbEntity
  8
A-ELEWACJE
 62
7
420
6316128
100
AcDbHatch
 10
0.0
 20
0.0
 30
0.0
210
0.0
220
0.0
230
1.0
  2
SOLID
 70
1
 71
0
 91
1
 92
3
 72
0
 73
1
 93
4
 10
3.9625
 20
6.46
 10
3.9625
 20
8.87
 10
4.0425
 20
8.87
 10
4.0425
 20
6.46
 97
0
 75
0
 76
1
 98
0
  0
HATCH
  5
2AB
330
17
100
AcDbEntity
  8
A-ELEWACJE
 62
7
420
6316128
100
AcDbHatch
 10
0.0
 20
0.0
 30
0.0
210
0.0
220
0.0
230
1.0
  2
SOLID
 70
1
 71
0
 91
1
 92
3
 72
0
 73
1
 93
4
 10
4.0825
 20
6.46
 10
4.0825
 20
8.87
 10
4.1625
 20
8.87
 10
4.1625
 20
6.46
 97
0
 75
0
 76
1
 98
0
  0
HATCH
  5
2AC
330
17
100
AcDbEntity
  8
A-ELEWACJE
 62
7
420
6316128
100
AcDbHatch
 10
0.0
 20
0.0
 30
0.0
210
0.0
220
0.0
230
1.0
  2
SOLID
 70
1
 71
0
 91
1
 92
3
 72
0
 73
1
 93
4
 10
4.2025
 20
6.46
 10
4.2025
 20
8.87
 10
4.2825
 20
8.87
 10
4.2825
 20
6.46
 97
0
 75
0
 76
1
 98
0
  0
HATCH
  5
2AD
330
17
100
AcDbEntity
  8
A-ELEWACJE
 62
7
420
6316128
100
AcDbHatch
 10
0.0
 20
0.0
 30
0.0
210
0.0
220
0.0
230
1.0
  2
SOLID
 70
1
 71
0
 91
1
 92
3
 72
0
 73
1
 93
4
 10
4.3225
 20
6.46
 10
4.3225
 20
8.87
 10
4.4025
 20
8.87
 10
4.4025
 20
6.46
 97
0
 75
0
 76
1
 98
0
  0
HATCH
  5
2AE
330
17
100
AcDbEntity
  8
A-ELEWACJE
 62
7
420
6316128
100
AcDbHatch
 10
0.0
 20
0.0
 30
0.0
210
0.0
220
0.0
230
1.0
  2
SOLID
 70
1
 71
0
 91
1
 92
3
 72
0
 73
1
 93
4
 10
4.4425
 20
6.46
 10
4.4425
 20
8.87
 10
4.5225
 20
8.87
 10
4.5225
 20
6.46
 97
0
 75
0
 76
1
 98
0
  0
HATCH
  5
2AF
330
17
100
AcDbEntity
  8
A-ELEWACJE
 62
7
420
6316128
100
AcDbHatch
 10
0.0
 20
0.0
 30
0.0
210
0.0
220
0.0
230
1.0
  2
SOLID
 70
1
 71
0
 91
1
 92
3
 72
0
 73
1
 93
4
 10
4.5625
 20
6.46
 10
4.5625
 20
8.87
 10
4.615
 20
8.87
 10
4.615
 20
6.46
 97
0
 75
0
 76
1
 98
0
  0
HATCH
  5
2B0
330
17
100
AcDbEntity
  8
A-ELEWACJE
 62
7
420
6316128
100
AcDbHatch
 10
0.0
 20
0.0
 30
0.0
210
0.0
220
0.0
230
1.0
  2
SOLID
 70
1
 71
0
 91
1
 92
3
 72
0
 73
1
 93
4
 10
4.615
 20
6.4
 10
4.615
 20
6.252
 10
4.5625
 20
6.252
 10
4.5625
 20
6.4
 97
0
 75
0
 76
1
 98
0
  0
HATCH
  5
2B1
330
17
100
AcDbEntity
  8
A-ELEWACJE
 62
7
420
6316128
100
AcDbHatch
 10
0.0
 20
0.0
 30
0.0
210
0.0
220
0.0
230
1.0
  2
SOLID
 70
1
 71
0
 91
1
 92
3
 72
0
 73
1
 93
4
 10
4.5225
 20
6.4
 10
4.5225
 20
6.252
 10
4.4425
 20
6.252
 10
4.4425
 20
6.4
 97
0
 75
0
 76
1
 98
0
  0
HATCH
  5
2B2
330
17
100
AcDbEntity
  8
A-ELEWACJE
 62
7
420
6316128
100
AcDbHatch
 10
0.0
 20
0.0
 30
0.0
210
0.0
220
0.0
230
1.0
  2
SOLID
 70
1
 71
0
 91
1
 92
3
 72
0
 73
1
 93
4
 10
4.4025
 20
6.4
 10
4.4025
 20
6.252
 10
4.3225
 20
6.252
 10
4.3225
 20
6.4
 97
0
 75
0
 76
1
 98
0
  0
HATCH
  5
2B3
330
17
100
AcDbEntity
  8
A-ELEWACJE
 62
7
420
6316128
100
AcDbHatch
 10
0.0
 20
0.0
 30
0.0
210
0.0
220
0.0
230
1.0
  2
SOLID
 70
1
 71
0
 91
1
 92
3
 72
0
 73
1
 93
4
 10
4.2825
 20
6.4
 10
4.2825
 20
6.252
 10
4.2025
 20
6.252
 10
4.2025
 20
6.4
 97
0
 75
0
 76
1
 98
0
  0
HATCH
  5
2B4
330
17
100
AcDbEntity
  8
A-ELEWACJE
 62
7
420
6316128
100
AcDbHatch
 10
0.0
 20
0.0
 30
0.0
210
0.0
220
0.0
230
1.0
  2
SOLID
 70
1
 71
0
 91
1
 92
3
 72
0
 73
1
 93
4
 10
4.1625
 20
6.4
 10
4.1625
 20
6.252
 10
4.0825
 20
6.252
 10
4.0825
 20
6.4
 97
0
 75
0
 76
1
 98
0
  0
HATCH
  5
2B5
330
17
100
AcDbEntity
  8
A-ELEWACJE
 62
7
420
6316128
100
AcDbHatch
 10
0.0
 20
0.0
 30
0.0
210
0.0
220
0.0
230
1.0
  2
SOLID
 70
1
 71
0
 91
1
 92
3
 72
0
 73
1
 93
4
 10
4.0425
 20
6.4
 10
4.0425
 20
6.252
 10
3.9625
 20
6.252
 10
3.9625
 20
6.4
 97
0
 75
0
 76
1
 98
0
  0
HATCH
  5
2B6
330
17
100
AcDbEntity
  8
A-ELEWACJE
 62
7
420
6316128
100
AcDbHatch
 10
0.0
 20
0.0
 30
0.0
210
0.0
220
0.0
230
1.0
  2
SOLID
 70
1
 71
0
 91
1
 92
3
 72
0
 73
1
 93
4
 10
3.9225
 20
6.4
 10
3.9225
 20
6.252
 10
3.8425
 20
6.252
 10
3.8425
 20
6.4
 97
0
 75
0
 76
1
 98
0
  0
HATCH
  5
2B7
330
17
100
AcDbEntity
  8
A-ELEWACJE
 62
7
420
6316128
100
AcDbHatch
 10
0.0
 20
0.0
 30
0.0
210
0.0
220
0.0
230
1.0
  2
SOLID
 70
1
 71
0
 91
1
 92
3
 72
0
 73
1
 93
4
 10
3.8025
 20
6.4
 10
3.8025
 20
6.252
 10
3.7225
 20
6.252
 10
3.7225
 20
6.4
 97
0
 75
0
 76
1
 98
0
  0
HATCH
  5
2B8
330
17
100
AcDbEntity
  8
A-ELEWACJE
 62
7
420
6316128
100
AcDbHatch
 10
0.0
 20
0.0
 30
0.0
210
0.0
220
0.0
230
1.0
  2
SOLID
 70
1
 71
0
 91
1
 92
3
 72
0
 73
1
 93
4
 10
3.6825
 20
6.4
 10
3.6825
 20
6.252
 10
3.6025
 20
6.252
 10
3.6025
 20
6.4
 97
0
 75
0
 76
1
 98
0
  0
HATCH
  5
2B9
330
17
100
AcDbEntity
  8
A-ELEWACJE
 62
7
420
6316128
100
AcDbHatch
 10
0.0
 20
0.0
 30
0.0
210
0.0
220
0.0
230
1.0
  2
SOLID
 70
1
 71
0
 91
1
 92
3
 72
0
 73
1
 93
4
 10
3.5625
 20
6.4
 10
3.5625
 20
6.252
 10
3.4825
 20
6.252
 10
3.4825
 20
6.4
 97
0
 75
0
 76
1
 98
0
  0
HATCH
  5
2BA
330
17
100
AcDbEntity
  8
A-ELEWACJE
 62
7
420
6316128
100
AcDbHatch
 10
0.0
 20
0.0
 30
0.0
210
0.0
220
0.0
230
1.0
  2
SOLID
 70
1
 71
0
 91
1
 92
3
 72
0
 73
1
 93
4
 10
3.4425
 20
6.4
 10
3.4425
 20
6.252
 10
3.3625
 20
6.252
 10
3.3625
 20
6.4
 97
0
 75
0
 76
1
 98
0
  0
HATCH
  5
2BB
330
17
100
AcDbEntity
  8
A-ELEWACJE
 62
7
420
6316128
100
AcDbHatch
 10
0.0
 20
0.0
 30
0.0
210
0.0
220
0.0
230
1.0
  2
SOLID
 70
1
 71
0
 91
1
 92
3
 72
0
 73
1
 93
4
 10
3.3225
 20
6.4
 10
3.3225
 20
6.252
 10
3.2425
 20
6.252
 10
3.2425
 20
6.4
 97
0
 75
0
 76
1
 98
0
  0
HATCH
  5
2BC
330
17
100
AcDbEntity
  8
A-ELEWACJE
 62
7
420
6316128
100
AcDbHatch
 10
0.0
 20
0.0
 30
0.0
210
0.0
220
0.0
230
1.0
  2
SOLID
 70
1
 71
0
 91
1
 92
3
 72
0
 73
1
 93
4
 10
3.2025
 20
6.4
 10
3.2025
 20
6.252
 10
3.1225
 20
6.252
 10
3.1225
 20
6.4
 97
0
 75
0
 76
1
 98
0
  0
HATCH
  5
2BD
330
17
100
AcDbEntity
  8
A-ELEWACJE
 62
7
420
6316128
100
AcDbHatch
 10
0.0
 20
0.0
 30
0.0
210
0.0
220
0.0
230
1.0
  2
SOLID
 70
1
 71
0
 91
1
 92
3
 72
0
 73
1
 93
4
 10
3.0825
 20
6.4
 10
3.0825
 20
6.252
 10
3.0025
 20
6.252
 10
3.0025
 20
6.4
 97
0
 75
0
 76
1
 98
0
  0
HATCH
  5
2BE
330
17
100
AcDbEntity
  8
A-ELEWACJE
 62
7
420
6316128
100
AcDbHatch
 10
0.0
 20
0.0
 30
0.0
210
0.0
220
0.0
230
1.0
  2
SOLID
 70
1
 71
0
 91
1
 92
3
 72
0
 73
1
 93
4
 10
2.9625
 20
6.4
 10
2.9625
 20
6.252
 10
2.8825
 20
6.252
 10
2.8825
 20
6.4
 97
0
 75
0
 76
1
 98
0
  0
HATCH
  5
2BF
330
17
100
AcDbEntity
  8
A-ELEWACJE
 62
7
420
6316128
100
AcDbHatch
 10
0.0
 20
0.0
 30
0.0
210
0.0
220
0.0
230
1.0
  2
SOLID
 70
1
 71
0
 91
1
 92
3
 72
0
 73
1
 93
4
 10
2.8425
 20
6.4
 10
2.8425
 20
6.252
 10
2.7625
 20
6.252
 10
2.7625
 20
6.4
 97
0
 75
0
 76
1
 98
0
  0
HATCH
  5
2C0
330
17
100
AcDbEntity
  8
A-ELEWACJE
 62
7
420
6316128
100
AcDbHatch
 10
0.0
 20
0.0
 30
0.0
210
0.0
220
0.0
230
1.0
  2
SOLID
 70
1
 71
0
 91
1
 92
3
 72
0
 73
1
 93
4
 10
2.7225
 20
6.4
 10
2.7225
 20
6.252
 10
2.6425
 20
6.252
 10
2.6425
 20
6.4
 97
0
 75
0
 76
1
 98
0
  0
HATCH
  5
2C1
330
17
100
AcDbEntity
  8
A-ELEWACJE
 62
7
420
6316128
100
AcDbHatch
 10
0.0
 20
0.0
 30
0.0
210
0.0
220
0.0
230
1.0
  2
SOLID
 70
1
 71
0
 91
1
 92
3
 72
0
 73
1
 93
4
 10
2.6025
 20
6.4
 10
2.6025
 20
6.252
 10
2.5225
 20
6.252
 10
2.5225
 20
6.4
 97
0
 75
0
 76
1
 98
0
  0
HATCH
  5
2C2
330
17
100
AcDbEntity
  8
A-ELEWACJE
 62
7
420
6316128
100
AcDbHatch
 10
0.0
 20
0.0
 30
0.0
210
0.0
220
0.0
230
1.0
  2
SOLID
 70
1
 71
0
 91
1
 92
3
 72
0
 73
1
 93
4
 10
-0.69
 20
9.065
 10
-0.6375
 20
9.065
 10
-0.6375
 20
8.93
 10
-0.69
 20
8.93
 97
0
 75
0
 76
1
 98
0
  0
HATCH
  5
2C3
330
17
100
AcDbEntity
  8
A-ELEWACJE
 62
7
420
6316128
100
AcDbHatch
 10
0.0
 20
0.0
 30
0.0
210
0.0
220
0.0
230
1.0
  2
SOLID
 70
1
 71
0
 91
1
 92
3
 72
0
 73
1
 93
4
 10
-0.69
 20
8.87
 10
-0.6375
 20
8.87
 10
-0.6375
 20
6.46
 10
-0.69
 20
6.46
 97
0
 75
0
 76
1
 98
0
  0
HATCH
  5
2C4
330
17
100
AcDbEntity
  8
A-ELEWACJE
 62
7
420
6316128
100
AcDbHatch
 10
0.0
 20
0.0
 30
0.0
210
0.0
220
0.0
230
1.0
  2
SOLID
 70
1
 71
0
 91
1
 92
3
 72
0
 73
1
 93
4
 10
-0.5975
 20
9.065
 10
-0.5175
 20
9.065
 10
-0.5175
 20
8.93
 10
-0.5975
 20
8.93
 97
0
 75
0
 76
1
 98
0
  0
HATCH
  5
2C5
330
17
100
AcDbEntity
  8
A-ELEWACJE
 62
7
420
6316128
100
AcDbHatch
 10
0.0
 20
0.0
 30
0.0
210
0.0
220
0.0
230
1.0
  2
SOLID
 70
1
 71
0
 91
1
 92
3
 72
0
 73
1
 93
4
 10
-0.5975
 20
8.87
 10
-0.5175
 20
8.87
 10
-0.5175
 20
6.46
 10
-0.5975
 20
6.46
 97
0
 75
0
 76
1
 98
0
  0
HATCH
  5
2C6
330
17
100
AcDbEntity
  8
A-ELEWACJE
 62
7
420
6316128
100
AcDbHatch
 10
0.0
 20
0.0
 30
0.0
210
0.0
220
0.0
230
1.0
  2
SOLID
 70
1
 71
0
 91
1
 92
3
 72
0
 73
1
 93
4
 10
-0.4775
 20
9.065
 10
-0.3975
 20
9.065
 10
-0.3975
 20
8.93
 10
-0.4775
 20
8.93
 97
0
 75
0
 76
1
 98
0
  0
HATCH
  5
2C7
330
17
100
AcDbEntity
  8
A-ELEWACJE
 62
7
420
6316128
100
AcDbHatch
 10
0.0
 20
0.0
 30
0.0
210
0.0
220
0.0
230
1.0
  2
SOLID
 70
1
 71
0
 91
1
 92
3
 72
0
 73
1
 93
4
 10
-0.4775
 20
8.87
 10
-0.3975
 20
8.87
 10
-0.3975
 20
6.46
 10
-0.4775
 20
6.46
 97
0
 75
0
 76
1
 98
0
  0
HATCH
  5
2C8
330
17
100
AcDbEntity
  8
A-ELEWACJE
 62
7
420
6316128
100
AcDbHatch
 10
0.0
 20
0.0
 30
0.0
210
0.0
220
0.0
230
1.0
  2
SOLID
 70
1
 71
0
 91
1
 92
3
 72
0
 73
1
 93
4
 10
-0.3575
 20
9.065
 10
-0.2775
 20
9.065
 10
-0.2775
 20
8.93
 10
-0.3575
 20
8.93
 97
0
 75
0
 76
1
 98
0
  0
HATCH
  5
2C9
330
17
100
AcDbEntity
  8
A-ELEWACJE
 62
7
420
6316128
100
AcDbHatch
 10
0.0
 20
0.0
 30
0.0
210
0.0
220
0.0
230
1.0
  2
SOLID
 70
1
 71
0
 91
1
 92
3
 72
0
 73
1
 93
4
 10
-0.3575
 20
8.87
 10
-0.2775
 20
8.87
 10
-0.2775
 20
6.46
 10
-0.3575
 20
6.46
 97
0
 75
0
 76
1
 98
0
  0
HATCH
  5
2CA
330
17
100
AcDbEntity
  8
A-ELEWACJE
 62
7
420
6316128
100
AcDbHatch
 10
0.0
 20
0.0
 30
0.0
210
0.0
220
0.0
230
1.0
  2
SOLID
 70
1
 71
0
 91
1
 92
3
 72
0
 73
1
 93
4
 10
-0.2375
 20
9.065
 10
-0.1575
 20
9.065
 10
-0.1575
 20
8.93
 10
-0.2375
 20
8.93
 97
0
 75
0
 76
1
 98
0
  0
HATCH
  5
2CB
330
17
100
AcDbEntity
  8
A-ELEWACJE
 62
7
420
6316128
100
AcDbHatch
 10
0.0
 20
0.0
 30
0.0
210
0.0
220
0.0
230
1.0
  2
SOLID
 70
1
 71
0
 91
1
 92
3
 72
0
 73
1
 93
4
 10
-0.2375
 20
8.87
 10
-0.1575
 20
8.87
 10
-0.1575
 20
6.46
 10
-0.2375
 20
6.46
 97
0
 75
0
 76
1
 98
0
  0
HATCH
  5
2CC
330
17
100
AcDbEntity
  8
A-ELEWACJE
 62
7
420
6316128
100
AcDbHatch
 10
0.0
 20
0.0
 30
0.0
210
0.0
220
0.0
230
1.0
  2
SOLID
 70
1
 71
0
 91
1
 92
3
 72
0
 73
1
 93
4
 10
-0.1175
 20
9.065
 10
-0.0375
 20
9.065
 10
-0.0375
 20
8.93
 10
-0.1175
 20
8.93
 97
0
 75
0
 76
1
 98
0
  0
HATCH
  5
2CD
330
17
100
AcDbEntity
  8
A-ELEWACJE
 62
7
420
6316128
100
AcDbHatch
 10
0.0
 20
0.0
 30
0.0
210
0.0
220
0.0
230
1.0
  2
SOLID
 70
1
 71
0
 91
1
 92
3
 72
0
 73
1
 93
4
 10
-0.1175
 20
8.87
 10
-0.0375
 20
8.87
 10
-0.0375
 20
6.46
 10
-0.1175
 20
6.46
 97
0
 75
0
 76
1
 98
0
  0
HATCH
  5
2CE
330
17
100
AcDbEntity
  8
A-ELEWACJE
 62
7
420
6316128
100
AcDbHatch
 10
0.0
 20
0.0
 30
0.0
210
0.0
220
0.0
230
1.0
  2
SOLID
 70
1
 71
0
 91
1
 92
3
 72
0
 73
1
 93
4
 10
0.0025
 20
9.065
 10
0.0825
 20
9.065
 10
0.0825
 20
8.93
 10
0.0025
 20
8.93
 97
0
 75
0
 76
1
 98
0
  0
HATCH
  5
2CF
330
17
100
AcDbEntity
  8
A-ELEWACJE
 62
7
420
6316128
100
AcDbHatch
 10
0.0
 20
0.0
 30
0.0
210
0.0
220
0.0
230
1.0
  2
SOLID
 70
1
 71
0
 91
1
 92
3
 72
0
 73
1
 93
4
 10
0.0025
 20
8.87
 10
0.0825
 20
8.87
 10
0.0825
 20
6.46
 10
0.0025
 20
6.46
 97
0
 75
0
 76
1
 98
0
  0
HATCH
  5
2D0
330
17
100
AcDbEntity
  8
A-ELEWACJE
 62
7
420
6316128
100
AcDbHatch
 10
0.0
 20
0.0
 30
0.0
210
0.0
220
0.0
230
1.0
  2
SOLID
 70
1
 71
0
 91
1
 92
3
 72
0
 73
1
 93
4
 10
0.1225
 20
9.065
 10
0.2025
 20
9.065
 10
0.2025
 20
8.93
 10
0.1225
 20
8.93
 97
0
 75
0
 76
1
 98
0
  0
HATCH
  5
2D1
330
17
100
AcDbEntity
  8
A-ELEWACJE
 62
7
420
6316128
100
AcDbHatch
 10
0.0
 20
0.0
 30
0.0
210
0.0
220
0.0
230
1.0
  2
SOLID
 70
1
 71
0
 91
1
 92
3
 72
0
 73
1
 93
4
 10
0.1225
 20
8.87
 10
0.2025
 20
8.87
 10
0.2025
 20
6.46
 10
0.1225
 20
6.46
 97
0
 75
0
 76
1
 98
0
  0
HATCH
  5
2D2
330
17
100
AcDbEntity
  8
A-ELEWACJE
 62
7
420
6316128
100
AcDbHatch
 10
0.0
 20
0.0
 30
0.0
210
0.0
220
0.0
230
1.0
  2
SOLID
 70
1
 71
0
 91
1
 92
3
 72
0
 73
1
 93
4
 10
0.2425
 20
9.065
 10
0.3225
 20
9.065
 10
0.3225
 20
8.93
 10
0.2425
 20
8.93
 97
0
 75
0
 76
1
 98
0
  0
HATCH
  5
2D3
330
17
100
AcDbEntity
  8
A-ELEWACJE
 62
7
420
6316128
100
AcDbHatch
 10
0.0
 20
0.0
 30
0.0
210
0.0
220
0.0
230
1.0
  2
SOLID
 70
1
 71
0
 91
1
 92
3
 72
0
 73
1
 93
4
 10
0.2425
 20
8.87
 10
0.3225
 20
8.87
 10
0.3225
 20
6.46
 10
0.2425
 20
6.46
 97
0
 75
0
 76
1
 98
0
  0
HATCH
  5
2D4
330
17
100
AcDbEntity
  8
A-ELEWACJE
 62
7
420
6316128
100
AcDbHatch
 10
0.0
 20
0.0
 30
0.0
210
0.0
220
0.0
230
1.0
  2
SOLID
 70
1
 71
0
 91
1
 92
3
 72
0
 73
1
 93
4
 10
0.3225
 20
6.4
 10
0.3225
 20
6.252
 10
0.2425
 20
6.252
 10
0.2425
 20
6.4
 97
0
 75
0
 76
1
 98
0
  0
HATCH
  5
2D5
330
17
100
AcDbEntity
  8
A-ELEWACJE
 62
7
420
6316128
100
AcDbHatch
 10
0.0
 20
0.0
 30
0.0
210
0.0
220
0.0
230
1.0
  2
SOLID
 70
1
 71
0
 91
1
 92
3
 72
0
 73
1
 93
4
 10
0.3625
 20
6.252
 10
0.3625
 20
6.4
 10
0.4425
 20
6.4
 10
0.4425
 20
6.252
 97
0
 75
0
 76
1
 98
0
  0
HATCH
  5
2D6
330
17
100
AcDbEntity
  8
A-ELEWACJE
 62
7
420
6316128
100
AcDbHatch
 10
0.0
 20
0.0
 30
0.0
210
0.0
220
0.0
230
1.0
  2
SOLID
 70
1
 71
0
 91
1
 92
3
 72
0
 73
1
 93
4
 10
1.4425
 20
6.46
 10
1.4425
 20
6.875
 10
1.5225
 20
6.875
 10
1.5225
 20
6.46
 97
0
 75
0
 76
1
 98
0
  0
HATCH
  5
2D7
330
17
100
AcDbEntity
  8
A-ELEWACJE
 62
7
420
6316128
100
AcDbHatch
 10
0.0
 20
0.0
 30
0.0
210
0.0
220
0.0
230
1.0
  2
SOLID
 70
1
 71
0
 91
1
 92
3
 72
0
 73
1
 93
4
 10
1.5625
 20
6.46
 10
1.5625
 20
6.875
 10
1.6425
 20
6.875
 10
1.6425
 20
6.46
 97
0
 75
0
 76
1
 98
0
  0
HATCH
  5
2D8
330
17
100
AcDbEntity
  8
A-ELEWACJE
 62
7
420
6316128
100
AcDbHatch
 10
0.0
 20
0.0
 30
0.0
210
0.0
220
0.0
230
1.0
  2
SOLID
 70
1
 71
0
 91
1
 92
3
 72
0
 73
1
 93
4
 10
1.6825
 20
6.46
 10
1.6825
 20
6.875
 10
1.7625
 20
6.875
 10
1.7625
 20
6.46
 97
0
 75
0
 76
1
 98
0
  0
HATCH
  5
2D9
330
17
100
AcDbEntity
  8
A-ELEWACJE
 62
7
420
6316128
100
AcDbHatch
 10
0.0
 20
0.0
 30
0.0
210
0.0
220
0.0
230
1.0
  2
SOLID
 70
1
 71
0
 91
1
 92
3
 72
0
 73
1
 93
4
 10
1.8025
 20
6.46
 10
1.8025
 20
6.875
 10
1.8825
 20
6.875
 10
1.8825
 20
6.46
 97
0
 75
0
 76
1
 98
0
  0
HATCH
  5
2DA
330
17
100
AcDbEntity
  8
A-ELEWACJE
 62
7
420
6316128
100
AcDbHatch
 10
0.0
 20
0.0
 30
0.0
210
0.0
220
0.0
230
1.0
  2
SOLID
 70
1
 71
0
 91
1
 92
3
 72
0
 73
1
 93
4
 10
1.9225
 20
6.46
 10
1.9225
 20
6.875
 10
2.0025
 20
6.875
 10
2.0025
 20
6.46
 97
0
 75
0
 76
1
 98
0
  0
HATCH
  5
2DB
330
17
100
AcDbEntity
  8
A-ELEWACJE
 62
7
420
6316128
100
AcDbHatch
 10
0.0
 20
0.0
 30
0.0
210
0.0
220
0.0
230
1.0
  2
SOLID
 70
1
 71
0
 91
1
 92
3
 72
0
 73
1
 93
4
 10
2.0425
 20
6.46
 10
2.0425
 20
6.875
 10
2.1225
 20
6.875
 10
2.1225
 20
6.46
 97
0
 75
0
 76
1
 98
0
  0
HATCH
  5
2DC
330
17
100
AcDbEntity
  8
A-ELEWACJE
 62
7
420
6316128
100
AcDbHatch
 10
0.0
 20
0.0
 30
0.0
210
0.0
220
0.0
230
1.0
  2
SOLID
 70
1
 71
0
 91
1
 92
3
 72
0
 73
1
 93
4
 10
1.4425
 20
6.252
 10
1.4425
 20
6.4
 10
1.5225
 20
6.4
 10
1.5225
 20
6.252
 97
0
 75
0
 76
1
 98
0
  0
HATCH
  5
2DD
330
17
100
AcDbEntity
  8
A-ELEWACJE
 62
7
420
6316128
100
AcDbHatch
 10
0.0
 20
0.0
 30
0.0
210
0.0
220
0.0
230
1.0
  2
SOLID
 70
1
 71
0
 91
1
 92
3
 72
0
 73
1
 93
4
 10
1.5625
 20
6.252
 10
1.5625
 20
6.4
 10
1.6425
 20
6.4
 10
1.6425
 20
6.252
 97
0
 75
0
 76
1
 98
0
  0
HATCH
  5
2DE
330
17
100
AcDbEntity
  8
A-ELEWACJE
 62
7
420
6316128
100
AcDbHatch
 10
0.0
 20
0.0
 30
0.0
210
0.0
220
0.0
230
1.0
  2
SOLID
 70
1
 71
0
 91
1
 92
3
 72
0
 73
1
 93
4
 10
1.6825
 20
6.252
 10
1.6825
 20
6.4
 10
1.7625
 20
6.4
 10
1.7625
 20
6.252
 97
0
 75
0
 76
1
 98
0
  0
HATCH
  5
2DF
330
17
100
AcDbEntity
  8
A-ELEWACJE
 62
7
420
6316128
100
AcDbHatch
 10
0.0
 20
0.0
 30
0.0
210
0.0
220
0.0
230
1.0
  2
SOLID
 70
1
 71
0
 91
1
 92
3
 72
0
 73
1
 93
4
 10
1.8025
 20
6.252
 10
1.8025
 20
6.4
 10
1.8825
 20
6.4
 10
1.8825
 20
6.252
 97
0
 75
0
 76
1
 98
0
  0
HATCH
  5
2E0
330
17
100
AcDbEntity
  8
A-ELEWACJE
 62
7
420
6316128
100
AcDbHatch
 10
0.0
 20
0.0
 30
0.0
210
0.0
220
0.0
230
1.0
  2
SOLID
 70
1
 71
0
 91
1
 92
3
 72
0
 73
1
 93
4
 10
1.9225
 20
6.252
 10
1.9225
 20
6.4
 10
2.0025
 20
6.4
 10
2.0025
 20
6.252
 97
0
 75
0
 76
1
 98
0
  0
HATCH
  5
2E1
330
17
100
AcDbEntity
  8
A-ELEWACJE
 62
7
420
6316128
100
AcDbHatch
 10
0.0
 20
0.0
 30
0.0
210
0.0
220
0.0
230
1.0
  2
SOLID
 70
1
 71
0
 91
1
 92
3
 72
0
 73
1
 93
4
 10
2.0425
 20
6.252
 10
2.0425
 20
6.4
 10
2.1225
 20
6.4
 10
2.1225
 20
6.252
 97
0
 75
0
 76
1
 98
0
  0
HATCH
  5
2E2
330
17
100
AcDbEntity
  8
A-ELEWACJE
 62
7
420
6316128
100
AcDbHatch
 10
0.0
 20
0.0
 30
0.0
210
0.0
220
0.0
230
1.0
  2
SOLID
 70
1
 71
0
 91
1
 92
3
 72
0
 73
1
 93
4
 10
1.4025
 20
6.4
 10
1.4025
 20
6.252
 10
1.3225
 20
6.252
 10
1.3225
 20
6.4
 97
0
 75
0
 76
1
 98
0
  0
HATCH
  5
2E3
330
17
100
AcDbEntity
  8
A-ELEWACJE
 62
7
420
6316128
100
AcDbHatch
 10
0.0
 20
0.0
 30
0.0
210
0.0
220
0.0
230
1.0
  2
SOLID
 70
1
 71
0
 91
1
 92
3
 72
0
 73
1
 93
4
 10
1.4025
 20
6.875
 10
1.4025
 20
6.46
 10
1.3225
 20
6.46
 10
1.3225
 20
6.875
 97
0
 75
0
 76
1
 98
0
  0
HATCH
  5
2E4
330
17
100
AcDbEntity
  8
A-ELEWACJE
 62
7
420
6316128
100
AcDbHatch
 10
0.0
 20
0.0
 30
0.0
210
0.0
220
0.0
230
1.0
  2
SOLID
 70
1
 71
0
 91
1
 92
3
 72
0
 73
1
 93
4
 10
1.2825
 20
6.4
 10
1.2825
 20
6.252
 10
1.2025
 20
6.252
 10
1.2025
 20
6.4
 97
0
 75
0
 76
1
 98
0
  0
HATCH
  5
2E5
330
17
100
AcDbEntity
  8
A-ELEWACJE
 62
7
420
6316128
100
AcDbHatch
 10
0.0
 20
0.0
 30
0.0
210
0.0
220
0.0
230
1.0
  2
SOLID
 70
1
 71
0
 91
1
 92
3
 72
0
 73
1
 93
4
 10
1.2825
 20
6.875
 10
1.2825
 20
6.46
 10
1.2025
 20
6.46
 10
1.2025
 20
6.875
 97
0
 75
0
 76
1
 98
0
  0
HATCH
  5
2E6
330
17
100
AcDbEntity
  8
A-ELEWACJE
 62
7
420
6316128
100
AcDbHatch
 10
0.0
 20
0.0
 30
0.0
210
0.0
220
0.0
230
1.0
  2
SOLID
 70
1
 71
0
 91
1
 92
3
 72
0
 73
1
 93
4
 10
1.1625
 20
6.4
 10
1.1625
 20
6.252
 10
1.0825
 20
6.252
 10
1.0825
 20
6.4
 97
0
 75
0
 76
1
 98
0
  0
HATCH
  5
2E7
330
17
100
AcDbEntity
  8
A-ELEWACJE
 62
7
420
6316128
100
AcDbHatch
 10
0.0
 20
0.0
 30
0.0
210
0.0
220
0.0
230
1.0
  2
SOLID
 70
1
 71
0
 91
1
 92
3
 72
0
 73
1
 93
4
 10
1.1625
 20
6.875
 10
1.1625
 20
6.46
 10
1.0825
 20
6.46
 10
1.0825
 20
6.875
 97
0
 75
0
 76
1
 98
0
  0
HATCH
  5
2E8
330
17
100
AcDbEntity
  8
A-ELEWACJE
 62
7
420
6316128
100
AcDbHatch
 10
0.0
 20
0.0
 30
0.0
210
0.0
220
0.0
230
1.0
  2
SOLID
 70
1
 71
0
 91
1
 92
3
 72
0
 73
1
 93
4
 10
1.0425
 20
6.4
 10
1.0425
 20
6.252
 10
0.9625
 20
6.252
 10
0.9625
 20
6.4
 97
0
 75
0
 76
1
 98
0
  0
HATCH
  5
2E9
330
17
100
AcDbEntity
  8
A-ELEWACJE
 62
7
420
6316128
100
AcDbHatch
 10
0.0
 20
0.0
 30
0.0
210
0.0
220
0.0
230
1.0
  2
SOLID
 70
1
 71
0
 91
1
 92
3
 72
0
 73
1
 93
4
 10
1.0425
 20
6.875
 10
1.0425
 20
6.46
 10
0.9625
 20
6.46
 10
0.9625
 20
6.875
 97
0
 75
0
 76
1
 98
0
  0
HATCH
  5
2EA
330
17
100
AcDbEntity
  8
A-ELEWACJE
 62
7
420
6316128
100
AcDbHatch
 10
0.0
 20
0.0
 30
0.0
210
0.0
220
0.0
230
1.0
  2
SOLID
 70
1
 71
0
 91
1
 92
3
 72
0
 73
1
 93
4
 10
0.9225
 20
6.4
 10
0.9225
 20
6.252
 10
0.8425
 20
6.252
 10
0.8425
 20
6.4
 97
0
 75
0
 76
1
 98
0
  0
HATCH
  5
2EB
330
17
100
AcDbEntity
  8
A-ELEWACJE
 62
7
420
6316128
100
AcDbHatch
 10
0.0
 20
0.0
 30
0.0
210
0.0
220
0.0
230
1.0
  2
SOLID
 70
1
 71
0
 91
1
 92
3
 72
0
 73
1
 93
4
 10
0.9225
 20
6.875
 10
0.9225
 20
6.46
 10
0.8425
 20
6.46
 10
0.8425
 20
6.875
 97
0
 75
0
 76
1
 98
0
  0
HATCH
  5
2EC
330
17
100
AcDbEntity
  8
A-ELEWACJE
 62
7
420
6316128
100
AcDbHatch
 10
0.0
 20
0.0
 30
0.0
210
0.0
220
0.0
230
1.0
  2
SOLID
 70
1
 71
0
 91
1
 92
3
 72
0
 73
1
 93
4
 10
0.8025
 20
6.4
 10
0.8025
 20
6.252
 10
0.7225
 20
6.252
 10
0.7225
 20
6.4
 97
0
 75
0
 76
1
 98
0
  0
HATCH
  5
2ED
330
17
100
AcDbEntity
  8
A-ELEWACJE
 62
7
420
6316128
100
AcDbHatch
 10
0.0
 20
0.0
 30
0.0
210
0.0
220
0.0
230
1.0
  2
SOLID
 70
1
 71
0
 91
1
 92
3
 72
0
 73
1
 93
4
 10
0.6825
 20
6.4
 10
0.6825
 20
6.252
 10
0.6025
 20
6.252
 10
0.6025
 20
6.4
 97
0
 75
0
 76
1
 98
0
  0
HATCH
  5
2EE
330
17
100
AcDbEntity
  8
A-ELEWACJE
 62
7
420
6316128
100
AcDbHatch
 10
0.0
 20
0.0
 30
0.0
210
0.0
220
0.0
230
1.0
  2
SOLID
 70
1
 71
0
 91
1
 92
3
 72
0
 73
1
 93
4
 10
0.5625
 20
6.4
 10
0.5625
 20
6.252
 10
0.4825
 20
6.252
 10
0.4825
 20
6.4
 97
0
 75
0
 76
1
 98
0
  0
HATCH
  5
2EF
330
17
100
AcDbEntity
  8
A-ELEWACJE
 62
7
420
6316128
100
AcDbHatch
 10
0.0
 20
0.0
 30
0.0
210
0.0
220
0.0
230
1.0
  2
SOLID
 70
1
 71
0
 91
1
 92
3
 72
0
 73
1
 93
4
 10
0.2025
 20
6.4
 10
0.2025
 20
6.252
 10
0.1225
 20
6.252
 10
0.1225
 20
6.4
 97
0
 75
0
 76
1
 98
0
  0
HATCH
  5
2F0
330
17
100
AcDbEntity
  8
A-ELEWACJE
 62
7
420
6316128
100
AcDbHatch
 10
0.0
 20
0.0
 30
0.0
210
0.0
220
0.0
230
1.0
  2
SOLID
 70
1
 71
0
 91
1
 92
3
 72
0
 73
1
 93
4
 10
0.0825
 20
6.4
 10
0.0825
 20
6.252
 10
0.0025
 20
6.252
 10
0.0025
 20
6.4
 97
0
 75
0
 76
1
 98
0
  0
HATCH
  5
2F1
330
17
100
AcDbEntity
  8
A-ELEWACJE
 62
7
420
6316128
100
AcDbHatch
 10
0.0
 20
0.0
 30
0.0
210
0.0
220
0.0
230
1.0
  2
SOLID
 70
1
 71
0
 91
1
 92
3
 72
0
 73
1
 93
4
 10
-0.0375
 20
6.4
 10
-0.0375
 20
6.252
 10
-0.1175
 20
6.252
 10
-0.1175
 20
6.4
 97
0
 75
0
 76
1
 98
0
  0
HATCH
  5
2F2
330
17
100
AcDbEntity
  8
A-ELEWACJE
 62
7
420
6316128
100
AcDbHatch
 10
0.0
 20
0.0
 30
0.0
210
0.0
220
0.0
230
1.0
  2
SOLID
 70
1
 71
0
 91
1
 92
3
 72
0
 73
1
 93
4
 10
-0.1575
 20
6.4
 10
-0.1575
 20
6.252
 10
-0.2375
 20
6.252
 10
-0.2375
 20
6.4
 97
0
 75
0
 76
1
 98
0
  0
HATCH
  5
2F3
330
17
100
AcDbEntity
  8
A-ELEWACJE
 62
7
420
6316128
100
AcDbHatch
 10
0.0
 20
0.0
 30
0.0
210
0.0
220
0.0
230
1.0
  2
SOLID
 70
1
 71
0
 91
1
 92
3
 72
0
 73
1
 93
4
 10
-0.3575
 20
6.4
 10
-0.2775
 20
6.4
 10
-0.2775
 20
6.252
 10
-0.3575
 20
6.252
 97
0
 75
0
 76
1
 98
0
  0
HATCH
  5
2F4
330
17
100
AcDbEntity
  8
A-ELEWACJE
 62
7
420
6316128
100
AcDbHatch
 10
0.0
 20
0.0
 30
0.0
210
0.0
220
0.0
230
1.0
  2
SOLID
 70
1
 71
0
 91
1
 92
3
 72
0
 73
1
 93
4
 10
-0.4775
 20
6.4
 10
-0.3975
 20
6.4
 10
-0.3975
 20
6.252
 10
-0.4775
 20
6.252
 97
0
 75
0
 76
1
 98
0
  0
HATCH
  5
2F5
330
17
100
AcDbEntity
  8
A-ELEWACJE
 62
7
420
6316128
100
AcDbHatch
 10
0.0
 20
0.0
 30
0.0
210
0.0
220
0.0
230
1.0
  2
SOLID
 70
1
 71
0
 91
1
 92
3
 72
0
 73
1
 93
4
 10
-0.5975
 20
6.4
 10
-0.5175
 20
6.4
 10
-0.5175
 20
6.252
 10
-0.5975
 20
6.252
 97
0
 75
0
 76
1
 98
0
  0
HATCH
  5
2F6
330
17
100
AcDbEntity
  8
A-ELEWACJE
 62
7
420
6316128
100
AcDbHatch
 10
0.0
 20
0.0
 30
0.0
210
0.0
220
0.0
230
1.0
  2
SOLID
 70
1
 71
0
 91
1
 92
3
 72
0
 73
1
 93
4
 10
-0.69
 20
6.4
 10
-0.6375
 20
6.4
 10
-0.6375
 20
6.252
 10
-0.69
 20
6.252
 97
0
 75
0
 76
1
 98
0
  0
HATCH
  5
2F7
330
17
100
AcDbEntity
  8
A-ELEWACJE
 62
7
420
6316128
100
AcDbHatch
 10
0.0
 20
0.0
 30
0.0
210
0.0
220
0.0
230
1.0
  2
SOLID
 70
1
 71
0
 91
1
 92
3
 72
0
 73
1
 93
4
 10
2.1625
 20
6.4
 10
2.2425
 20
6.4
 10
2.2425
 20
6.252
 10
2.1625
 20
6.252
 97
0
 75
0
 76
1
 98
0
  0
HATCH
  5
2F8
330
17
100
AcDbEntity
  8
A-ELEWACJE
 62
7
420
6316128
100
AcDbHatch
 10
0.0
 20
0.0
 30
0.0
210
0.0
220
0.0
230
1.0
  2
SOLID
 70
1
 71
0
 91
1
 92
3
 72
0
 73
1
 93
4
 10
2.2825
 20
6.4
 10
2.3625
 20
6.4
 10
2.3625
 20
6.252
 10
2.2825
 20
6.252
 97
0
 75
0
 76
1
 98
0
  0
HATCH
  5
2F9
330
17
100
AcDbEntity
  8
A-ELEWACJE
 62
7
420
6316128
100
AcDbHatch
 10
0.0
 20
0.0
 30
0.0
210
0.0
220
0.0
230
1.0
  2
SOLID
 70
1
 71
0
 91
1
 92
3
 72
0
 73
1
 93
4
 10
2.4025
 20
6.4
 10
2.4825
 20
6.4
 10
2.4825
 20
6.252
 10
2.4025
 20
6.252
 97
0
 75
0
 76
1
 98
0
  0
HATCH
  5
2FA
330
17
100
AcDbEntity
  8
A-ELEWACJE
 62
7
420
6316128
100
AcDbHatch
 10
0.0
 20
0.0
 30
0.0
210
0.0
220
0.0
230
1.0
  2
SOLID
 70
1
 71
0
 91
1
 92
3
 72
0
 73
1
 93
4
 10
2.1625
 20
6.875
 10
2.2425
 20
6.875
 10
2.2425
 20
6.46
 10
2.1625
 20
6.46
 97
0
 75
0
 76
1
 98
0
  0
HATCH
  5
2FB
330
17
100
AcDbEntity
  8
A-ELEWACJE
 62
7
420
6316128
100
AcDbHatch
 10
0.0
 20
0.0
 30
0.0
210
0.0
220
0.0
230
1.0
  2
SOLID
 70
1
 71
0
 91
1
 92
3
 72
0
 73
1
 93
4
 10
2.2825
 20
6.875
 10
2.3625
 20
6.875
 10
2.3625
 20
6.46
 10
2.2825
 20
6.46
 97
0
 75
0
 76
1
 98
0
  0
HATCH
  5
2FC
330
17
100
AcDbEntity
  8
A-ELEWACJE
 62
7
420
6316128
100
AcDbHatch
 10
0.0
 20
0.0
 30
0.0
210
0.0
220
0.0
230
1.0
  2
SOLID
 70
1
 71
0
 91
1
 92
3
 72
0
 73
1
 93
4
 10
2.4025
 20
6.875
 10
2.4825
 20
6.875
 10
2.4825
 20
6.46
 10
2.4025
 20
6.46
 97
0
 75
0
 76
1
 98
0
  0
HATCH
  5
2FD
330
17
100
AcDbEntity
  8
A-ELEWACJE
 62
7
420
6316128
100
AcDbHatch
 10
0.0
 20
0.0
 30
0.0
210
0.0
220
0.0
230
1.0
  2
SOLID
 70
1
 71
0
 91
1
 92
3
 72
0
 73
1
 93
4
 10
4.5625
 20
8.93
 10
4.5625
 20
9.065
 10
4.615
 20
9.065
 10
4.615
 20
8.93
 97
0
 75
0
 76
1
 98
0
  0
HATCH
  5
2FE
330
17
100
AcDbEntity
  8
A-ELEWACJE
 62
7
420
6316128
100
AcDbHatch
 10
0.0
 20
0.0
 30
0.0
210
0.0
220
0.0
230
1.0
  2
SOLID
 70
1
 71
0
 91
1
 92
3
 72
0
 73
1
 93
4
 10
4.4425
 20
8.93
 10
4.4425
 20
9.065
 10
4.5225
 20
9.065
 10
4.5225
 20
8.93
 97
0
 75
0
 76
1
 98
0
  0
HATCH
  5
2FF
330
17
100
AcDbEntity
  8
A-ELEWACJE
 62
7
420
6316128
100
AcDbHatch
 10
0.0
 20
0.0
 30
0.0
210
0.0
220
0.0
230
1.0
  2
SOLID
 70
1
 71
0
 91
1
 92
3
 72
0
 73
1
 93
4
 10
2.7625
 20
8.93
 10
2.7625
 20
9.065
 10
2.8425
 20
9.065
 10
2.8425
 20
8.93
 97
0
 75
0
 76
1
 98
0
  0
HATCH
  5
300
330
17
100
AcDbEntity
  8
A-ELEWACJE
 62
7
420
6316128
100
AcDbHatch
 10
0.0
 20
0.0
 30
0.0
210
0.0
220
0.0
230
1.0
  2
SOLID
 70
1
 71
0
 91
1
 92
3
 72
0
 73
1
 93
4
 10
2.9625
 20
8.93
 10
2.8825
 20
8.93
 10
2.8825
 20
9.065
 10
2.9625
 20
9.065
 97
0
 75
0
 76
1
 98
0
  0
HATCH
  5
301
330
17
100
AcDbEntity
  8
A-ELEWACJE
 62
7
420
6316128
100
AcDbHatch
 10
0.0
 20
0.0
 30
0.0
210
0.0
220
0.0
230
1.0
  2
SOLID
 70
1
 71
0
 91
1
 92
3
 72
0
 73
1
 93
4
 10
3.0825
 20
8.93
 10
3.0025
 20
8.93
 10
3.0025
 20
9.065
 10
3.0825
 20
9.065
 97
0
 75
0
 76
1
 98
0
  0
HATCH
  5
302
330
17
100
AcDbEntity
  8
A-ELEWACJE
 62
7
420
6316128
100
AcDbHatch
 10
0.0
 20
0.0
 30
0.0
210
0.0
220
0.0
230
1.0
  2
SOLID
 70
1
 71
0
 91
1
 92
3
 72
0
 73
1
 93
4
 10
3.2025
 20
8.93
 10
3.1225
 20
8.93
 10
3.1225
 20
9.065
 10
3.2025
 20
9.065
 97
0
 75
0
 76
1
 98
0
  0
HATCH
  5
303
330
17
100
AcDbEntity
  8
A-ELEWACJE
 62
7
420
6316128
100
AcDbHatch
 10
0.0
 20
0.0
 30
0.0
210
0.0
220
0.0
230
1.0
  2
SOLID
 70
1
 71
0
 91
1
 92
3
 72
0
 73
1
 93
4
 10
3.3225
 20
8.93
 10
3.2425
 20
8.93
 10
3.2425
 20
9.065
 10
3.3225
 20
9.065
 97
0
 75
0
 76
1
 98
0
  0
HATCH
  5
304
330
17
100
AcDbEntity
  8
A-ELEWACJE
 62
7
420
6316128
100
AcDbHatch
 10
0.0
 20
0.0
 30
0.0
210
0.0
220
0.0
230
1.0
  2
SOLID
 70
1
 71
0
 91
1
 92
3
 72
0
 73
1
 93
4
 10
3.4425
 20
8.93
 10
3.3625
 20
8.93
 10
3.3625
 20
9.065
 10
3.4425
 20
9.065
 97
0
 75
0
 76
1
 98
0
  0
HATCH
  5
305
330
17
100
AcDbEntity
  8
A-ELEWACJE
 62
7
420
6316128
100
AcDbHatch
 10
0.0
 20
0.0
 30
0.0
210
0.0
220
0.0
230
1.0
  2
SOLID
 70
1
 71
0
 91
1
 92
3
 72
0
 73
1
 93
4
 10
3.5625
 20
8.93
 10
3.4825
 20
8.93
 10
3.4825
 20
9.065
 10
3.5625
 20
9.065
 97
0
 75
0
 76
1
 98
0
  0
HATCH
  5
306
330
17
100
AcDbEntity
  8
A-ELEWACJE
 62
7
420
6316128
100
AcDbHatch
 10
0.0
 20
0.0
 30
0.0
210
0.0
220
0.0
230
1.0
  2
SOLID
 70
1
 71
0
 91
1
 92
3
 72
0
 73
1
 93
4
 10
3.6825
 20
8.93
 10
3.6025
 20
8.93
 10
3.6025
 20
9.065
 10
3.6825
 20
9.065
 97
0
 75
0
 76
1
 98
0
  0
HATCH
  5
307
330
17
100
AcDbEntity
  8
A-ELEWACJE
 62
7
420
6316128
100
AcDbHatch
 10
0.0
 20
0.0
 30
0.0
210
0.0
220
0.0
230
1.0
  2
SOLID
 70
1
 71
0
 91
1
 92
3
 72
0
 73
1
 93
4
 10
3.8025
 20
8.93
 10
3.7225
 20
8.93
 10
3.7225
 20
9.065
 10
3.8025
 20
9.065
 97
0
 75
0
 76
1
 98
0
  0
HATCH
  5
308
330
17
100
AcDbEntity
  8
A-ELEWACJE
 62
7
420
6316128
100
AcDbHatch
 10
0.0
 20
0.0
 30
0.0
210
0.0
220
0.0
230
1.0
  2
SOLID
 70
1
 71
0
 91
1
 92
3
 72
0
 73
1
 93
4
 10
3.9225
 20
8.93
 10
3.8425
 20
8.93
 10
3.8425
 20
9.065
 10
3.9225
 20
9.065
 97
0
 75
0
 76
1
 98
0
  0
HATCH
  5
309
330
17
100
AcDbEntity
  8
A-ELEWACJE
 62
7
420
6316128
100
AcDbHatch
 10
0.0
 20
0.0
 30
0.0
210
0.0
220
0.0
230
1.0
  2
SOLID
 70
1
 71
0
 91
1
 92
3
 72
0
 73
1
 93
4
 10
4.0425
 20
8.93
 10
3.9625
 20
8.93
 10
3.9625
 20
9.065
 10
4.0425
 20
9.065
 97
0
 75
0
 76
1
 98
0
  0
HATCH
  5
30A
330
17
100
AcDbEntity
  8
A-ELEWACJE
 62
7
420
6316128
100
AcDbHatch
 10
0.0
 20
0.0
 30
0.0
210
0.0
220
0.0
230
1.0
  2
SOLID
 70
1
 71
0
 91
1
 92
3
 72
0
 73
1
 93
4
 10
4.1625
 20
8.93
 10
4.0825
 20
8.93
 10
4.0825
 20
9.065
 10
4.1625
 20
9.065
 97
0
 75
0
 76
1
 98
0
  0
HATCH
  5
30B
330
17
100
AcDbEntity
  8
A-ELEWACJE
 62
7
420
6316128
100
AcDbHatch
 10
0.0
 20
0.0
 30
0.0
210
0.0
220
0.0
230
1.0
  2
SOLID
 70
1
 71
0
 91
1
 92
3
 72
0
 73
1
 93
4
 10
4.2825
 20
8.93
 10
4.2025
 20
8.93
 10
4.2025
 20
9.065
 10
4.2825
 20
9.065
 97
0
 75
0
 76
1
 98
0
  0
HATCH
  5
30C
330
17
100
AcDbEntity
  8
A-ELEWACJE
 62
7
420
6316128
100
AcDbHatch
 10
0.0
 20
0.0
 30
0.0
210
0.0
220
0.0
230
1.0
  2
SOLID
 70
1
 71
0
 91
1
 92
3
 72
0
 73
1
 93
4
 10
4.4025
 20
8.93
 10
4.3225
 20
8.93
 10
4.3225
 20
9.065
 10
4.4025
 20
9.065
 97
0
 75
0
 76
1
 98
0
  0
HATCH
  5
30D
330
17
100
AcDbEntity
  8
A-ELEWACJE
 62
7
420
6316128
100
AcDbHatch
 10
0.0
 20
0.0
 30
0.0
210
0.0
220
0.0
230
1.0
  2
SOLID
 70
1
 71
0
 91
1
 92
3
 72
0
 73
1
 93
4
 10
2.7225
 20
8.93
 10
2.6425
 20
8.93
 10
2.6425
 20
9.065
 10
2.7225
 20
9.065
 97
0
 75
0
 76
1
 98
0
  0
HATCH
  5
30E
330
17
100
AcDbEntity
  8
A-ELEWACJE
 62
7
420
6316128
100
AcDbHatch
 10
0.0
 20
0.0
 30
0.0
210
0.0
220
0.0
230
1.0
  2
SOLID
 70
1
 71
0
 91
1
 92
3
 72
0
 73
1
 93
4
 10
1.6425
 20
9.065
 10
1.6425
 20
8.93
 10
1.5625
 20
8.93
 10
1.5625
 20
9.065
 97
0
 75
0
 76
1
 98
0
  0
HATCH
  5
30F
330
17
100
AcDbEntity
  8
A-ELEWACJE
 62
7
420
6316128
100
AcDbHatch
 10
0.0
 20
0.0
 30
0.0
210
0.0
220
0.0
230
1.0
  2
SOLID
 70
1
 71
0
 91
1
 92
3
 72
0
 73
1
 93
4
 10
1.9225
 20
8.93
 10
1.9225
 20
9.065
 10
2.0025
 20
9.065
 10
2.0025
 20
8.93
 97
0
 75
0
 76
1
 98
0
  0
HATCH
  5
310
330
17
100
AcDbEntity
  8
A-ELEWACJE
 62
7
420
6316128
100
AcDbHatch
 10
0.0
 20
0.0
 30
0.0
210
0.0
220
0.0
230
1.0
  2
SOLID
 70
1
 71
0
 91
1
 92
3
 72
0
 73
1
 93
4
 10
1.8025
 20
8.93
 10
1.8025
 20
9.065
 10
1.8825
 20
9.065
 10
1.8825
 20
8.93
 97
0
 75
0
 76
1
 98
0
  0
HATCH
  5
311
330
17
100
AcDbEntity
  8
A-ELEWACJE
 62
7
420
6316128
100
AcDbHatch
 10
0.0
 20
0.0
 30
0.0
210
0.0
220
0.0
230
1.0
  2
SOLID
 70
1
 71
0
 91
1
 92
3
 72
0
 73
1
 93
4
 10
1.7625
 20
8.93
 10
1.6825
 20
8.93
 10
1.6825
 20
9.065
 10
1.7625
 20
9.065
 97
0
 75
0
 76
1
 98
0
  0
HATCH
  5
312
330
17
100
AcDbEntity
  8
A-ELEWACJE
 62
7
420
7040624
100
AcDbHatch
 10
0.0
 20
0.0
 30
0.0
210
0.0
220
0.0
230
1.0
  2
SOLID
 70
1
 71
0
 91
1
 92
3
 72
0
 73
1
 93
4
 10
4.935
 20
6.46
 10
4.975
 20
6.46
 10
4.975
 20
6.4
 10
4.935
 20
6.4
 97
0
 75
0
 76
1
 98
0
  0
HATCH
  5
313
330
17
100
AcDbEntity
  8
A-ELEWACJE
 62
7
420
7040624
100
AcDbHatch
 10
0.0
 20
0.0
 30
0.0
210
0.0
220
0.0
230
1.0
  2
SOLID
 70
1
 71
0
 91
1
 92
3
 72
0
 73
1
 93
4
 10
4.935
 20
8.93
 10
4.975
 20
8.93
 10
4.975
 20
8.87
 10
4.935
 20
8.87
 97
0
 75
0
 76
1
 98
0
  0
HATCH
  5
314
330
17
100
AcDbEntity
  8
A-ELEWACJE
 62
7
420
16119025
100
AcDbHatch
 10
0.0
 20
0.0
 30
0.0
210
0.0
220
0.0
230
1.0
  2
SOLID
 70
1
 71
0
 91
1
 92
3
 72
0
 73
1
 93
12
 10
-0.9
 20
5.915
 10
-0.9
 20
5.93
 10
-0.89
 20
5.93
 10
-0.78
 20
5.93
 10
-0.69
 20
5.93
 10
0.825
 20
5.93
 10
3.225
 20
5.93
 10
4.615
 20
5.93
 10
4.705
 20
5.93
 10
4.815
 20
5.93
 10
4.825
 20
5.93
 10
4.825
 20
5.915
 97
0
 75
0
 76
1
 98
0
  0
HATCH
  5
315
330
17
100
AcDbEntity
  8
A-ELEWACJE
 62
7
420
6974832
100
AcDbHatch
 10
0.0
 20
0.0
 30
0.0
210
0.0
220
0.0
230
1.0
  2
SOLID
 70
1
 71
0
 91
1
 92
3
 72
0
 73
1
 93
8
 10
0.9225
 20
6.975
 10
0.9225
 20
6.904
 10
0.8425
 20
6.904
 10
0.8425
 20
8.87
 10
0.9225
 20
8.87
 10
0.9225
 20
8.825
 10
0.9
 20
8.825
 10
0.9
 20
6.975
 97
0
 75
0
 76
1
 98
0
  0
HATCH
  5
316
330
17
100
AcDbEntity
  8
A-ELEWACJE
 62
7
420
6974832
100
AcDbHatch
 10
0.0
 20
0.0
 30
0.0
210
0.0
220
0.0
230
1.0
  2
SOLID
 70
1
 71
0
 91
1
 92
3
 72
0
 73
1
 93
4
 10
1.0425
 20
6.975
 10
1.0425
 20
6.904
 10
0.9625
 20
6.904
 10
0.9625
 20
6.975
 97
0
 75
0
 76
1
 98
0
  0
HATCH
  5
317
330
17
100
AcDbEntity
  8
A-ELEWACJE
 62
7
420
6974832
100
AcDbHatch
 10
0.0
 20
0.0
 30
0.0
210
0.0
220
0.0
230
1.0
  2
SOLID
 70
1
 71
0
 91
1
 92
3
 72
0
 73
1
 93
4
 10
1.1625
 20
6.975
 10
1.1625
 20
6.904
 10
1.0825
 20
6.904
 10
1.0825
 20
6.975
 97
0
 75
0
 76
1
 98
0
  0
HATCH
  5
318
330
17
100
AcDbEntity
  8
A-ELEWACJE
 62
7
420
6974832
100
AcDbHatch
 10
0.0
 20
0.0
 30
0.0
210
0.0
220
0.0
230
1.0
  2
SOLID
 70
1
 71
0
 91
1
 92
3
 72
0
 73
1
 93
4
 10
1.2825
 20
6.975
 10
1.2825
 20
6.904
 10
1.2025
 20
6.904
 10
1.2025
 20
6.975
 97
0
 75
0
 76
1
 98
0
  0
HATCH
  5
319
330
17
100
AcDbEntity
  8
A-ELEWACJE
 62
7
420
6974832
100
AcDbHatch
 10
0.0
 20
0.0
 30
0.0
210
0.0
220
0.0
230
1.0
  2
SOLID
 70
1
 71
0
 91
1
 92
3
 72
0
 73
1
 93
4
 10
1.4025
 20
6.975
 10
1.4025
 20
6.904
 10
1.3225
 20
6.904
 10
1.3225
 20
6.975
 97
0
 75
0
 76
1
 98
0
  0
HATCH
  5
31A
330
17
100
AcDbEntity
  8
A-ELEWACJE
 62
7
420
6974832
100
AcDbHatch
 10
0.0
 20
0.0
 30
0.0
210
0.0
220
0.0
230
1.0
  2
SOLID
 70
1
 71
0
 91
1
 92
3
 72
0
 73
1
 93
4
 10
1.5225
 20
6.975
 10
1.5225
 20
6.904
 10
1.4425
 20
6.904
 10
1.4425
 20
6.975
 97
0
 75
0
 76
1
 98
0
  0
HATCH
  5
31B
330
17
100
AcDbEntity
  8
A-ELEWACJE
 62
7
420
6974832
100
AcDbHatch
 10
0.0
 20
0.0
 30
0.0
210
0.0
220
0.0
230
1.0
  2
SOLID
 70
1
 71
0
 91
1
 92
3
 72
0
 73
1
 93
4
 10
1.6425
 20
6.975
 10
1.6425
 20
6.904
 10
1.5625
 20
6.904
 10
1.5625
 20
6.975
 97
0
 75
0
 76
1
 98
0
  0
HATCH
  5
31C
330
17
100
AcDbEntity
  8
A-ELEWACJE
 62
7
420
6974832
100
AcDbHatch
 10
0.0
 20
0.0
 30
0.0
210
0.0
220
0.0
230
1.0
  2
SOLID
 70
1
 71
0
 91
1
 92
3
 72
0
 73
1
 93
4
 10
1.7625
 20
6.975
 10
1.7625
 20
6.904
 10
1.6825
 20
6.904
 10
1.6825
 20
6.975
 97
0
 75
0
 76
1
 98
0
  0
HATCH
  5
31D
330
17
100
AcDbEntity
  8
A-ELEWACJE
 62
7
420
6974832
100
AcDbHatch
 10
0.0
 20
0.0
 30
0.0
210
0.0
220
0.0
230
1.0
  2
SOLID
 70
1
 71
0
 91
1
 92
3
 72
0
 73
1
 93
4
 10
1.8825
 20
6.975
 10
1.8825
 20
6.904
 10
1.8025
 20
6.904
 10
1.8025
 20
6.975
 97
0
 75
0
 76
1
 98
0
  0
HATCH
  5
31E
330
17
100
AcDbEntity
  8
A-ELEWACJE
 62
7
420
6974832
100
AcDbHatch
 10
0.0
 20
0.0
 30
0.0
210
0.0
220
0.0
230
1.0
  2
SOLID
 70
1
 71
0
 91
1
 92
3
 72
0
 73
1
 93
8
 10
1.9875
 20
6.975
 10
1.9875
 20
8.825
 10
1.9225
 20
8.825
 10
1.9225
 20
8.87
 10
2.0025
 20
8.87
 10
2.0025
 20
6.904
 10
1.9225
 20
6.904
 10
1.9225
 20
6.975
 97
0
 75
0
 76
1
 98
0
  0
HATCH
  5
31F
330
17
100
AcDbEntity
  8
A-ELEWACJE
 62
7
420
6974832
100
AcDbHatch
 10
0.0
 20
0.0
 30
0.0
210
0.0
220
0.0
230
1.0
  2
SOLID
 70
1
 71
0
 91
1
 92
3
 72
0
 73
1
 93
4
 10
1.8025
 20
8.825
 10
1.8025
 20
8.87
 10
1.8825
 20
8.87
 10
1.8825
 20
8.825
 97
0
 75
0
 76
1
 98
0
  0
HATCH
  5
320
330
17
100
AcDbEntity
  8
A-ELEWACJE
 62
7
420
6974832
100
AcDbHatch
 10
0.0
 20
0.0
 30
0.0
210
0.0
220
0.0
230
1.0
  2
SOLID
 70
1
 71
0
 91
1
 92
3
 72
0
 73
1
 93
4
 10
1.6825
 20
8.825
 10
1.6825
 20
8.87
 10
1.7625
 20
8.87
 10
1.7625
 20
8.825
 97
0
 75
0
 76
1
 98
0
  0
HATCH
  5
321
330
17
100
AcDbEntity
  8
A-ELEWACJE
 62
7
420
6974832
100
AcDbHatch
 10
0.0
 20
0.0
 30
0.0
210
0.0
220
0.0
230
1.0
  2
SOLID
 70
1
 71
0
 91
1
 92
3
 72
0
 73
1
 93
4
 10
1.5625
 20
8.825
 10
1.5625
 20
8.87
 10
1.6425
 20
8.87
 10
1.6425
 20
8.825
 97
0
 75
0
 76
1
 98
0
  0
HATCH
  5
322
330
17
100
AcDbEntity
  8
A-ELEWACJE
 62
7
420
6974832
100
AcDbHatch
 10
0.0
 20
0.0
 30
0.0
210
0.0
220
0.0
230
1.0
  2
SOLID
 70
1
 71
0
 91
1
 92
3
 72
0
 73
1
 93
4
 10
1.4425
 20
8.825
 10
1.4425
 20
8.87
 10
1.5225
 20
8.87
 10
1.5225
 20
8.825
 97
0
 75
0
 76
1
 98
0
  0
HATCH
  5
323
330
17
100
AcDbEntity
  8
A-ELEWACJE
 62
7
420
6974832
100
AcDbHatch
 10
0.0
 20
0.0
 30
0.0
210
0.0
220
0.0
230
1.0
  2
SOLID
 70
1
 71
0
 91
1
 92
3
 72
0
 73
1
 93
4
 10
1.3225
 20
8.825
 10
1.3225
 20
8.87
 10
1.4025
 20
8.87
 10
1.4025
 20
8.825
 97
0
 75
0
 76
1
 98
0
  0
HATCH
  5
324
330
17
100
AcDbEntity
  8
A-ELEWACJE
 62
7
420
6974832
100
AcDbHatch
 10
0.0
 20
0.0
 30
0.0
210
0.0
220
0.0
230
1.0
  2
SOLID
 70
1
 71
0
 91
1
 92
3
 72
0
 73
1
 93
4
 10
1.2025
 20
8.825
 10
1.2025
 20
8.87
 10
1.2825
 20
8.87
 10
1.2825
 20
8.825
 97
0
 75
0
 76
1
 98
0
  0
HATCH
  5
325
330
17
100
AcDbEntity
  8
A-ELEWACJE
 62
7
420
6974832
100
AcDbHatch
 10
0.0
 20
0.0
 30
0.0
210
0.0
220
0.0
230
1.0
  2
SOLID
 70
1
 71
0
 91
1
 92
3
 72
0
 73
1
 93
4
 10
1.0825
 20
8.825
 10
1.0825
 20
8.87
 10
1.1625
 20
8.87
 10
1.1625
 20
8.825
 97
0
 75
0
 76
1
 98
0
  0
HATCH
  5
326
330
17
100
AcDbEntity
  8
A-ELEWACJE
 62
7
420
6974832
100
AcDbHatch
 10
0.0
 20
0.0
 30
0.0
210
0.0
220
0.0
230
1.0
  2
SOLID
 70
1
 71
0
 91
1
 92
3
 72
0
 73
1
 93
4
 10
0.9625
 20
8.825
 10
0.9625
 20
8.87
 10
1.0425
 20
8.87
 10
1.0425
 20
8.825
 97
0
 75
0
 76
1
 98
0
  0
HATCH
  5
327
330
17
100
AcDbEntity
  8
A-ELEWACJE
 62
7
420
6974832
100
AcDbHatch
 10
0.0
 20
0.0
 30
0.0
210
0.0
220
0.0
230
1.0
  2
SOLID
 70
1
 71
0
 91
1
 92
3
 72
0
 73
1
 93
8
 10
3.15
 20
8.825
 10
3.1225
 20
8.825
 10
3.1225
 20
8.87
 10
3.2025
 20
8.87
 10
3.2025
 20
6.904
 10
3.1225
 20
6.904
 10
3.1225
 20
6.975
 10
3.15
 20
6.975
 97
0
 75
0
 76
1
 98
0
  0
HATCH
  5
328
330
17
100
AcDbEntity
  8
A-ELEWACJE
 62
7
420
6974832
100
AcDbHatch
 10
0.0
 20
0.0
 30
0.0
210
0.0
220
0.0
230
1.0
  2
SOLID
 70
1
 71
0
 91
1
 92
3
 72
0
 73
1
 93
4
 10
3.0025
 20
8.825
 10
3.0025
 20
8.87
 10
3.0825
 20
8.87
 10
3.0825
 20
8.825
 97
0
 75
0
 76
1
 98
0
  0
HATCH
  5
329
330
17
100
AcDbEntity
  8
A-ELEWACJE
 62
7
420
6974832
100
AcDbHatch
 10
0.0
 20
0.0
 30
0.0
210
0.0
220
0.0
230
1.0
  2
SOLID
 70
1
 71
0
 91
1
 92
3
 72
0
 73
1
 93
4
 10
2.8825
 20
8.825
 10
2.8825
 20
8.87
 10
2.9625
 20
8.87
 10
2.9625
 20
8.825
 97
0
 75
0
 76
1
 98
0
  0
HATCH
  5
32A
330
17
100
AcDbEntity
  8
A-ELEWACJE
 62
7
420
6974832
100
AcDbHatch
 10
0.0
 20
0.0
 30
0.0
210
0.0
220
0.0
230
1.0
  2
SOLID
 70
1
 71
0
 91
1
 92
3
 72
0
 73
1
 93
4
 10
2.7625
 20
8.825
 10
2.7625
 20
8.87
 10
2.8425
 20
8.87
 10
2.8425
 20
8.825
 97
0
 75
0
 76
1
 98
0
  0
HATCH
  5
32B
330
17
100
AcDbEntity
  8
A-ELEWACJE
 62
7
420
6974832
100
AcDbHatch
 10
0.0
 20
0.0
 30
0.0
210
0.0
220
0.0
230
1.0
  2
SOLID
 70
1
 71
0
 91
1
 92
3
 72
0
 73
1
 93
4
 10
2.6425
 20
8.825
 10
2.6425
 20
8.87
 10
2.7225
 20
8.87
 10
2.7225
 20
8.825
 97
0
 75
0
 76
1
 98
0
  0
HATCH
  5
32C
330
17
100
AcDbEntity
  8
A-ELEWACJE
 62
7
420
6974832
100
AcDbHatch
 10
0.0
 20
0.0
 30
0.0
210
0.0
220
0.0
230
1.0
  2
SOLID
 70
1
 71
0
 91
1
 92
3
 72
0
 73
1
 93
4
 10
2.5225
 20
8.825
 10
2.5225
 20
8.87
 10
2.6025
 20
8.87
 10
2.6025
 20
8.825
 97
0
 75
0
 76
1
 98
0
  0
HATCH
  5
32D
330
17
100
AcDbEntity
  8
A-ELEWACJE
 62
7
420
6974832
100
AcDbHatch
 10
0.0
 20
0.0
 30
0.0
210
0.0
220
0.0
230
1.0
  2
SOLID
 70
1
 71
0
 91
1
 92
3
 72
0
 73
1
 93
4
 10
2.4025
 20
8.825
 10
2.4025
 20
8.87
 10
2.4825
 20
8.87
 10
2.4825
 20
8.825
 97
0
 75
0
 76
1
 98
0
  0
HATCH
  5
32E
330
17
100
AcDbEntity
  8
A-ELEWACJE
 62
7
420
6974832
100
AcDbHatch
 10
0.0
 20
0.0
 30
0.0
210
0.0
220
0.0
230
1.0
  2
SOLID
 70
1
 71
0
 91
1
 92
3
 72
0
 73
1
 93
4
 10
2.2825
 20
8.825
 10
2.2825
 20
8.87
 10
2.3625
 20
8.87
 10
2.3625
 20
8.825
 97
0
 75
0
 76
1
 98
0
  0
HATCH
  5
32F
330
17
100
AcDbEntity
  8
A-ELEWACJE
 62
7
420
6974832
100
AcDbHatch
 10
0.0
 20
0.0
 30
0.0
210
0.0
220
0.0
230
1.0
  2
SOLID
 70
1
 71
0
 91
1
 92
3
 72
0
 73
1
 93
4
 10
2.1625
 20
8.825
 10
2.1625
 20
8.87
 10
2.2425
 20
8.87
 10
2.2425
 20
8.825
 97
0
 75
0
 76
1
 98
0
  0
HATCH
  5
330
330
17
100
AcDbEntity
  8
A-ELEWACJE
 62
7
420
6974832
100
AcDbHatch
 10
0.0
 20
0.0
 30
0.0
210
0.0
220
0.0
230
1.0
  2
SOLID
 70
1
 71
0
 91
1
 92
3
 72
0
 73
1
 93
8
 10
2.0625
 20
8.825
 10
2.0625
 20
6.975
 10
2.1225
 20
6.975
 10
2.1225
 20
6.904
 10
2.0425
 20
6.904
 10
2.0425
 20
8.87
 10
2.1225
 20
8.87
 10
2.1225
 20
8.825
 97
0
 75
0
 76
1
 98
0
  0
HATCH
  5
331
330
17
100
AcDbEntity
  8
A-ELEWACJE
 62
7
420
6974832
100
AcDbHatch
 10
0.0
 20
0.0
 30
0.0
210
0.0
220
0.0
230
1.0
  2
SOLID
 70
1
 71
0
 91
1
 92
3
 72
0
 73
1
 93
4
 10
2.2425
 20
6.975
 10
2.2425
 20
6.904
 10
2.1625
 20
6.904
 10
2.1625
 20
6.975
 97
0
 75
0
 76
1
 98
0
  0
HATCH
  5
332
330
17
100
AcDbEntity
  8
A-ELEWACJE
 62
7
420
6974832
100
AcDbHatch
 10
0.0
 20
0.0
 30
0.0
210
0.0
220
0.0
230
1.0
  2
SOLID
 70
1
 71
0
 91
1
 92
3
 72
0
 73
1
 93
4
 10
2.3625
 20
6.975
 10
2.3625
 20
6.904
 10
2.2825
 20
6.904
 10
2.2825
 20
6.975
 97
0
 75
0
 76
1
 98
0
  0
HATCH
  5
333
330
17
100
AcDbEntity
  8
A-ELEWACJE
 62
7
420
6974832
100
AcDbHatch
 10
0.0
 20
0.0
 30
0.0
210
0.0
220
0.0
230
1.0
  2
SOLID
 70
1
 71
0
 91
1
 92
3
 72
0
 73
1
 93
4
 10
2.4825
 20
6.975
 10
2.4825
 20
6.904
 10
2.4025
 20
6.904
 10
2.4025
 20
6.975
 97
0
 75
0
 76
1
 98
0
  0
HATCH
  5
334
330
17
100
AcDbEntity
  8
A-ELEWACJE
 62
7
420
6974832
100
AcDbHatch
 10
0.0
 20
0.0
 30
0.0
210
0.0
220
0.0
230
1.0
  2
SOLID
 70
1
 71
0
 91
1
 92
3
 72
0
 73
1
 93
4
 10
2.6025
 20
6.975
 10
2.6025
 20
6.904
 10
2.5225
 20
6.904
 10
2.5225
 20
6.975
 97
0
 75
0
 76
1
 98
0
  0
HATCH
  5
335
330
17
100
AcDbEntity
  8
A-ELEWACJE
 62
7
420
6974832
100
AcDbHatch
 10
0.0
 20
0.0
 30
0.0
210
0.0
220
0.0
230
1.0
  2
SOLID
 70
1
 71
0
 91
1
 92
3
 72
0
 73
1
 93
4
 10
2.7225
 20
6.975
 10
2.7225
 20
6.904
 10
2.6425
 20
6.904
 10
2.6425
 20
6.975
 97
0
 75
0
 76
1
 98
0
  0
HATCH
  5
336
330
17
100
AcDbEntity
  8
A-ELEWACJE
 62
7
420
6974832
100
AcDbHatch
 10
0.0
 20
0.0
 30
0.0
210
0.0
220
0.0
230
1.0
  2
SOLID
 70
1
 71
0
 91
1
 92
3
 72
0
 73
1
 93
4
 10
2.8425
 20
6.975
 10
2.8425
 20
6.904
 10
2.7625
 20
6.904
 10
2.7625
 20
6.975
 97
0
 75
0
 76
1
 98
0
  0
HATCH
  5
337
330
17
100
AcDbEntity
  8
A-ELEWACJE
 62
7
420
6974832
100
AcDbHatch
 10
0.0
 20
0.0
 30
0.0
210
0.0
220
0.0
230
1.0
  2
SOLID
 70
1
 71
0
 91
1
 92
3
 72
0
 73
1
 93
4
 10
2.9625
 20
6.975
 10
2.9625
 20
6.904
 10
2.8825
 20
6.904
 10
2.8825
 20
6.975
 97
0
 75
0
 76
1
 98
0
  0
HATCH
  5
338
330
17
100
AcDbEntity
  8
A-ELEWACJE
 62
7
420
6974832
100
AcDbHatch
 10
0.0
 20
0.0
 30
0.0
210
0.0
220
0.0
230
1.0
  2
SOLID
 70
1
 71
0
 91
1
 92
3
 72
0
 73
1
 93
4
 10
3.0825
 20
6.975
 10
3.0825
 20
6.904
 10
3.0025
 20
6.904
 10
3.0025
 20
6.975
 97
0
 75
0
 76
1
 98
0
  0
HATCH
  5
339
330
17
100
AcDbEntity
  8
A-ELEWACJE
 62
7
420
11125709
100
AcDbHatch
 10
0.0
 20
0.0
 30
0.0
210
0.0
220
0.0
230
1.0
  2
SOLID
 70
1
 71
0
 91
1
 92
3
 72
0
 73
1
 93
4
 10
0.9
 20
8.825
 10
0.9225
 20
8.825
 10
0.9225
 20
6.975
 10
0.9
 20
6.975
 97
0
 75
0
 76
1
 98
0
  0
HATCH
  5
33A
330
17
100
AcDbEntity
  8
A-ELEWACJE
 62
7
420
11125709
100
AcDbHatch
 10
0.0
 20
0.0
 30
0.0
210
0.0
220
0.0
230
1.0
  2
SOLID
 70
1
 71
0
 91
1
 92
3
 72
0
 73
1
 93
4
 10
1.0425
 20
8.825
 10
1.0425
 20
6.975
 10
0.9625
 20
6.975
 10
0.9625
 20
8.825
 97
0
 75
0
 76
1
 98
0
  0
HATCH
  5
33B
330
17
100
AcDbEntity
  8
A-ELEWACJE
 62
7
420
11125709
100
AcDbHatch
 10
0.0
 20
0.0
 30
0.0
210
0.0
220
0.0
230
1.0
  2
SOLID
 70
1
 71
0
 91
1
 92
3
 72
0
 73
1
 93
4
 10
1.1625
 20
8.825
 10
1.1625
 20
6.975
 10
1.0825
 20
6.975
 10
1.0825
 20
8.825
 97
0
 75
0
 76
1
 98
0
  0
HATCH
  5
33C
330
17
100
AcDbEntity
  8
A-ELEWACJE
 62
7
420
11125709
100
AcDbHatch
 10
0.0
 20
0.0
 30
0.0
210
0.0
220
0.0
230
1.0
  2
SOLID
 70
1
 71
0
 91
1
 92
3
 72
0
 73
1
 93
4
 10
1.2825
 20
8.825
 10
1.2825
 20
6.975
 10
1.2025
 20
6.975
 10
1.2025
 20
8.825
 97
0
 75
0
 76
1
 98
0
  0
HATCH
  5
33D
330
17
100
AcDbEntity
  8
A-ELEWACJE
 62
7
420
11125709
100
AcDbHatch
 10
0.0
 20
0.0
 30
0.0
210
0.0
220
0.0
230
1.0
  2
SOLID
 70
1
 71
0
 91
1
 92
3
 72
0
 73
1
 93
4
 10
1.4025
 20
8.825
 10
1.4025
 20
6.975
 10
1.3225
 20
6.975
 10
1.3225
 20
8.825
 97
0
 75
0
 76
1
 98
0
  0
HATCH
  5
33E
330
17
100
AcDbEntity
  8
A-ELEWACJE
 62
7
420
11125709
100
AcDbHatch
 10
0.0
 20
0.0
 30
0.0
210
0.0
220
0.0
230
1.0
  2
SOLID
 70
1
 71
0
 91
1
 92
3
 72
0
 73
1
 93
4
 10
1.5225
 20
8.825
 10
1.5225
 20
6.975
 10
1.4425
 20
6.975
 10
1.4425
 20
8.825
 97
0
 75
0
 76
1
 98
0
  0
HATCH
  5
33F
330
17
100
AcDbEntity
  8
A-ELEWACJE
 62
7
420
11125709
100
AcDbHatch
 10
0.0
 20
0.0
 30
0.0
210
0.0
220
0.0
230
1.0
  2
SOLID
 70
1
 71
0
 91
1
 92
3
 72
0
 73
1
 93
4
 10
1.6425
 20
8.825
 10
1.6425
 20
6.975
 10
1.5625
 20
6.975
 10
1.5625
 20
8.825
 97
0
 75
0
 76
1
 98
0
  0
HATCH
  5
340
330
17
100
AcDbEntity
  8
A-ELEWACJE
 62
7
420
11125709
100
AcDbHatch
 10
0.0
 20
0.0
 30
0.0
210
0.0
220
0.0
230
1.0
  2
SOLID
 70
1
 71
0
 91
1
 92
3
 72
0
 73
1
 93
4
 10
1.7625
 20
8.825
 10
1.7625
 20
6.975
 10
1.6825
 20
6.975
 10
1.6825
 20
8.825
 97
0
 75
0
 76
1
 98
0
  0
HATCH
  5
341
330
17
100
AcDbEntity
  8
A-ELEWACJE
 62
7
420
11125709
100
AcDbHatch
 10
0.0
 20
0.0
 30
0.0
210
0.0
220
0.0
230
1.0
  2
SOLID
 70
1
 71
0
 91
1
 92
3
 72
0
 73
1
 93
4
 10
1.8825
 20
8.825
 10
1.8825
 20
6.975
 10
1.8025
 20
6.975
 10
1.8025
 20
8.825
 97
0
 75
0
 76
1
 98
0
  0
HATCH
  5
342
330
17
100
AcDbEntity
  8
A-ELEWACJE
 62
7
420
11125709
100
AcDbHatch
 10
0.0
 20
0.0
 30
0.0
210
0.0
220
0.0
230
1.0
  2
SOLID
 70
1
 71
0
 91
1
 92
3
 72
0
 73
1
 93
4
 10
1.9875
 20
8.825
 10
1.9875
 20
6.975
 10
1.9225
 20
6.975
 10
1.9225
 20
8.825
 97
0
 75
0
 76
1
 98
0
  0
HATCH
  5
343
330
17
100
AcDbEntity
  8
A-ELEWACJE
 62
7
420
11125709
100
AcDbHatch
 10
0.0
 20
0.0
 30
0.0
210
0.0
220
0.0
230
1.0
  2
SOLID
 70
1
 71
0
 91
1
 92
3
 72
0
 73
1
 93
4
 10
2.0625
 20
8.825
 10
2.1225
 20
8.825
 10
2.1225
 20
6.975
 10
2.0625
 20
6.975
 97
0
 75
0
 76
1
 98
0
  0
HATCH
  5
344
330
17
100
AcDbEntity
  8
A-ELEWACJE
 62
7
420
11125709
100
AcDbHatch
 10
0.0
 20
0.0
 30
0.0
210
0.0
220
0.0
230
1.0
  2
SOLID
 70
1
 71
0
 91
1
 92
3
 72
0
 73
1
 93
4
 10
2.2425
 20
8.825
 10
2.2425
 20
6.975
 10
2.1625
 20
6.975
 10
2.1625
 20
8.825
 97
0
 75
0
 76
1
 98
0
  0
HATCH
  5
345
330
17
100
AcDbEntity
  8
A-ELEWACJE
 62
7
420
11125709
100
AcDbHatch
 10
0.0
 20
0.0
 30
0.0
210
0.0
220
0.0
230
1.0
  2
SOLID
 70
1
 71
0
 91
1
 92
3
 72
0
 73
1
 93
4
 10
2.3625
 20
8.825
 10
2.3625
 20
6.975
 10
2.2825
 20
6.975
 10
2.2825
 20
8.825
 97
0
 75
0
 76
1
 98
0
  0
HATCH
  5
346
330
17
100
AcDbEntity
  8
A-ELEWACJE
 62
7
420
11125709
100
AcDbHatch
 10
0.0
 20
0.0
 30
0.0
210
0.0
220
0.0
230
1.0
  2
SOLID
 70
1
 71
0
 91
1
 92
3
 72
0
 73
1
 93
4
 10
2.4825
 20
8.825
 10
2.4825
 20
6.975
 10
2.4025
 20
6.975
 10
2.4025
 20
8.825
 97
0
 75
0
 76
1
 98
0
  0
HATCH
  5
347
330
17
100
AcDbEntity
  8
A-ELEWACJE
 62
7
420
11125709
100
AcDbHatch
 10
0.0
 20
0.0
 30
0.0
210
0.0
220
0.0
230
1.0
  2
SOLID
 70
1
 71
0
 91
1
 92
3
 72
0
 73
1
 93
4
 10
2.6025
 20
8.825
 10
2.6025
 20
6.975
 10
2.5225
 20
6.975
 10
2.5225
 20
8.825
 97
0
 75
0
 76
1
 98
0
  0
HATCH
  5
348
330
17
100
AcDbEntity
  8
A-ELEWACJE
 62
7
420
11125709
100
AcDbHatch
 10
0.0
 20
0.0
 30
0.0
210
0.0
220
0.0
230
1.0
  2
SOLID
 70
1
 71
0
 91
1
 92
3
 72
0
 73
1
 93
4
 10
2.7225
 20
8.825
 10
2.7225
 20
6.975
 10
2.6425
 20
6.975
 10
2.6425
 20
8.825
 97
0
 75
0
 76
1
 98
0
  0
HATCH
  5
349
330
17
100
AcDbEntity
  8
A-ELEWACJE
 62
7
420
11125709
100
AcDbHatch
 10
0.0
 20
0.0
 30
0.0
210
0.0
220
0.0
230
1.0
  2
SOLID
 70
1
 71
0
 91
1
 92
3
 72
0
 73
1
 93
4
 10
2.8425
 20
8.825
 10
2.8425
 20
6.975
 10
2.7625
 20
6.975
 10
2.7625
 20
8.825
 97
0
 75
0
 76
1
 98
0
  0
HATCH
  5
34A
330
17
100
AcDbEntity
  8
A-ELEWACJE
 62
7
420
11125709
100
AcDbHatch
 10
0.0
 20
0.0
 30
0.0
210
0.0
220
0.0
230
1.0
  2
SOLID
 70
1
 71
0
 91
1
 92
3
 72
0
 73
1
 93
4
 10
2.9625
 20
8.825
 10
2.9625
 20
6.975
 10
2.8825
 20
6.975
 10
2.8825
 20
8.825
 97
0
 75
0
 76
1
 98
0
  0
HATCH
  5
34B
330
17
100
AcDbEntity
  8
A-ELEWACJE
 62
7
420
11125709
100
AcDbHatch
 10
0.0
 20
0.0
 30
0.0
210
0.0
220
0.0
230
1.0
  2
SOLID
 70
1
 71
0
 91
1
 92
3
 72
0
 73
1
 93
4
 10
3.0825
 20
8.825
 10
3.0825
 20
6.975
 10
3.0025
 20
6.975
 10
3.0025
 20
8.825
 97
0
 75
0
 76
1
 98
0
  0
HATCH
  5
34C
330
17
100
AcDbEntity
  8
A-ELEWACJE
 62
7
420
11125709
100
AcDbHatch
 10
0.0
 20
0.0
 30
0.0
210
0.0
220
0.0
230
1.0
  2
SOLID
 70
1
 71
0
 91
1
 92
3
 72
0
 73
1
 93
4
 10
3.15
 20
8.825
 10
3.15
 20
6.975
 10
3.1225
 20
6.975
 10
3.1225
 20
8.825
 97
0
 75
0
 76
1
 98
0
  0
HATCH
  5
34D
330
17
100
AcDbEntity
  8
A-ELEWACJE
 62
7
420
7698555
100
AcDbHatch
 10
0.0
 20
0.0
 30
0.0
210
0.0
220
0.0
230
1.0
  2
SOLID
 70
1
 71
0
 91
1
 92
3
 72
0
 73
1
 93
4
 10
-1.05
 20
6.66
 10
-4.655
 20
6.66
 10
-4.655
 20
6.680000000000001
 10
-1.05
 20
6.680000000000001
 97
0
 75
0
 76
1
 98
0
  0
HATCH
  5
34E
330
17
100
AcDbEntity
  8
A-ELEWACJE
 62
7
420
16119025
100
AcDbHatch
 10
0.0
 20
0.0
 30
0.0
210
0.0
220
0.0
230
1.0
  2
SOLID
 70
1
 71
0
 91
1
 92
3
 72
0
 73
1
 93
4
 10
-4.625
 20
5.93
 10
-4.625
 20
6.66
 10
-1.08
 20
6.66
 10
-1.08
 20
5.93
 97
0
 75
0
 76
1
 98
0
  0
HATCH
  5
34F
330
17
100
AcDbEntity
  8
A-ELEWACJE
 62
7
420
7698555
100
AcDbHatch
 10
0.0
 20
0.0
 30
0.0
210
0.0
220
0.0
230
1.0
  2
SOLID
 70
1
 71
0
 91
1
 92
3
 72
0
 73
1
 93
4
 10
-3.09
 20
0.904
 10
-1.26
 20
0.904
 10
-1.26
 20
0.875
 10
-3.09
 20
0.875
 97
0
 75
0
 76
1
 98
0
  0
HATCH
  5
350
330
17
100
AcDbEntity
  8
A-ELEWACJE
 62
7
420
7698555
100
AcDbHatch
 10
0.0
 20
0.0
 30
0.0
210
0.0
220
0.0
230
1.0
  2
SOLID
 70
1
 71
0
 91
1
 92
3
 72
0
 73
1
 93
4
 10
-1.46
 20
4.054
 10
-1.46
 20
4.025
 10
-3.29
 20
4.025
 10
-3.29
 20
4.054
 97
0
 75
0
 76
1
 98
0
  0
HATCH
  5
351
330
17
100
AcDbEntity
  8
A-ELEWACJE
 62
7
420
7698555
100
AcDbHatch
 10
0.0
 20
0.0
 30
0.0
210
0.0
220
0.0
230
1.0
  2
SOLID
 70
1
 71
0
 91
1
 92
3
 72
0
 73
1
 93
4
 10
3.54
 20
4.054
 10
3.54
 20
4.025
 10
1.71
 20
4.025
 10
1.71
 20
4.054
 97
0
 75
0
 76
1
 98
0
  0
HATCH
  5
352
330
17
100
AcDbEntity
  8
A-ELEWACJE
 62
7
420
7961984
100
AcDbHatch
 10
0.0
 20
0.0
 30
0.0
210
0.0
220
0.0
230
1.0
  2
SOLID
 70
1
 71
0
 91
1
 92
3
 72
0
 73
1
 93
4
 10
-1.08
 20
6.354
 10
-1.08
 20
6.356
 10
-0.9
 20
6.356
 10
-0.9
 20
6.354
 97
0
 75
0
 76
1
 98
0
  0
HATCH
  5
353
330
17
100
AcDbEntity
  8
A-ELEWACJE
 62
7
420
7697781
100
AcDbHatch
 10
0.0
 20
0.0
 30
0.0
210
0.0
220
0.0
230
1.0
  2
SOLID
 70
1
 71
0
 91
1
 92
3
 72
0
 73
1
 93
4
 10
-1.08
 20
6.15
 10
-1.08
 20
6.154
 10
-0.9
 20
6.154
 10
-0.9
 20
6.15
 97
0
 75
0
 76
1
 98
0
  0
HATCH
  5
354
330
17
100
AcDbEntity
  8
A-ELEWACJE
 62
7
420
14405011
100
AcDbHatch
 10
0.0
 20
0.0
 30
0.0
210
0.0
220
0.0
230
1.0
  2
SOLID
 70
1
 71
0
 91
1
 92
3
 72
0
 73
1
 93
6
 10
-1.08
 20
6.154
 10
-1.08
 20
6.354
 10
-0.9
 20
6.354
 10
-0.9
 20
6.252
 10
-0.9
 20
6.25
 10
-0.9
 20
6.154
 97
0
 75
0
 76
1
 98
0
  0
HATCH
  5
355
330
17
100
AcDbEntity
  8
A-ELEWACJE
 62
7
420
16119025
100
AcDbHatch
 10
0.0
 20
0.0
 30
0.0
210
0.0
220
0.0
230
1.0
  2
SOLID
 70
1
 71
0
 91
4
 92
3
 72
0
 73
1
 93
41
 10
-4.525
 20
5.93
 10
-1.08
 20
5.93
 10
-1.08
 20
6.15
 10
-0.9
 20
6.15
 10
-0.9
 20
5.95
 10
-0.9
 20
5.935
 10
-0.9
 20
5.93
 10
-0.9
 20
5.915
 10
4.825
 20
5.915
 10
4.825
 20
3.052
 10
-0.6
 20
3.052
 10
-0.6
 20
3.05
 10
-0.6
 20
2.75
 10
-0.6
 20
2.735
 10
0.937
 20
2.735
 10
0.937
 20
0.0
 10
3.313
 20
0.0
 10
3.313
 20
2.735
 10
4.825
 20
2.735
 10
4.825
 20
-0.02
 10
-0.6
 20
-0.02
 10
-0.6
 20
-0.05
 10
-0.6
 20
-0.29105
 10
-0.825
 20
-0.2897
 10
-1.075
 20
-0.2882
 10
-1.325
 20
-0.2867
 10
-1.575
 20
-0.2852
 10
-1.825
 20
-0.2837
 10
-2.075
 20
-0.2822
 10
-2.325
 20
-0.2807
 10
-2.575
 20
-0.2792
 10
-2.825
 20
-0.2777
 10
-3.075
 20
-0.2762
 10
-3.325
 20
-0.2747
 10
-3.575
 20
-0.2732
 10
-3.825
 20
-0.2717
 10
-4.075
 20
-0.2702
 10
-4.325
 20
-0.2687
 10
-4.525
 20
-0.2675
 10
-4.525
 20
2.78
 10
-4.525
 20
3.0
 97
0
 92
2
 72
0
 73
1
 93
8
 10
-3.063
 20
0.904
 10
-3.09
 20
0.904
 10
-3.09
 20
0.875
 10
-1.26
 20
0.875
 10
-1.26
 20
0.904
 10
-1.287
 20
0.904
 10
-1.287
 20
2.388
 10
-3.063
 20
2.388
 97
0
 92
2
 72
0
 73
1
 93
8
 10
-3.263
 20
4.054
 10
-3.29
 20
4.054
 10
-3.29
 20
4.025
 10
-1.46
 20
4.025
 10
-1.46
 20
4.054
 10
-1.487
 20
4.054
 10
-1.487
 20
5.538
 10
-3.263
 20
5.538
 97
0
 92
2
 72
0
 73
1
 93
8
 10
1.737
 20
4.054
 10
1.71
 20
4.054
 10
1.71
 20
4.025
 10
3.54
 20
4.025
 10
3.54
 20
4.054
 10
3.513
 20
4.054
 10
3.513
 20
5.538
 10
1.737
 20
5.538
 97
0
 75
0
 76
1
 98
0
  0
HATCH
  5
356
330
17
100
AcDbEntity
  8
A-ELEWACJE
 62
7
420
11447982
100
AcDbHatch
 10
0.0
 20
0.0
 30
0.0
210
0.0
220
0.0
230
1.0
  2
SOLID
 70
1
 71
0
 91
1
 92
3
 72
0
 73
1
 93
4
 10
-1.08
 20
6.356
 10
-1.08
 20
6.36
 10
-0.9
 20
6.36
 10
-0.9
 20
6.356
 97
0
 75
0
 76
1
 98
0
  0
HATCH
  5
357
330
17
100
AcDbEntity
  8
A-ELEWACJE
 62
7
420
12762027
100
AcDbHatch
 10
0.0
 20
0.0
 30
0.0
210
0.0
220
0.0
230
1.0
  2
SOLID
 70
1
 71
0
 91
1
 92
3
 72
0
 73
1
 93
5
 10
-1.08
 20
6.36
 10
-1.08
 20
6.41
 10
-0.9
 20
6.41
 10
-0.9
 20
6.4
 10
-0.9
 20
6.36
 97
0
 75
0
 76
1
 98
0
  0
HATCH
  5
358
330
17
100
AcDbEntity
  8
A-ELEWACJE
 62
7
420
6974832
100
AcDbHatch
 10
0.0
 20
0.0
 30
0.0
210
0.0
220
0.0
230
1.0
  2
SOLID
 70
1
 71
0
 91
3
 92
3
 72
0
 73
1
 93
6
 10
3.24
 20
0.0
 10
1.01
 20
0.0
 10
0.937
 20
0.0
 10
0.937
 20
2.735
 10
3.313
 20
2.735
 10
3.313
 20
0.0
 97
0
 92
2
 72
0
 73
1
 93
4
 10
1.01
 20
0.03
 10
2.0825
 20
0.03
 10
2.0825
 20
2.665
 10
1.01
 20
2.665
 97
0
 92
2
 72
0
 73
1
 93
4
 10
2.1675
 20
2.665
 10
2.1675
 20
0.03
 10
3.24
 20
0.03
 10
3.24
 20
2.665
 97
0
 75
0
 76
1
 98
0
  0
HATCH
  5
359
330
17
100
AcDbEntity
  8
A-ELEWACJE
 62
7
420
6974832
100
AcDbHatch
 10
0.0
 20
0.0
 30
0.0
210
0.0
220
0.0
230
1.0
  2
SOLID
 70
1
 71
0
 91
3
 92
3
 72
0
 73
1
 93
4
 10
-1.287
 20
0.904
 10
-3.063
 20
0.904
 10
-3.063
 20
2.388
 10
-1.287
 20
2.388
 97
0
 92
2
 72
0
 73
1
 93
4
 10
-3.0
 20
2.325
 10
-3.0
 20
0.975
 10
-2.2125
 20
0.975
 10
-2.2125
 20
2.325
 97
0
 92
2
 72
0
 73
1
 93
4
 10
-2.1375
 20
0.975
 10
-1.35
 20
0.975
 10
-1.35
 20
2.325
 10
-2.1375
 20
2.325
 97
0
 75
0
 76
1
 98
0
  0
HATCH
  5
35A
330
17
100
AcDbEntity
  8
A-ELEWACJE
 62
7
420
6974832
100
AcDbHatch
 10
0.0
 20
0.0
 30
0.0
210
0.0
220
0.0
230
1.0
  2
SOLID
 70
1
 71
0
 91
3
 92
3
 72
0
 73
1
 93
4
 10
3.513
 20
4.054
 10
1.737
 20
4.054
 10
1.737
 20
5.538
 10
3.513
 20
5.538
 97
0
 92
2
 72
0
 73
1
 93
4
 10
1.8
 20
5.475
 10
1.8
 20
4.125
 10
2.5875
 20
4.125
 10
2.5875
 20
5.475
 97
0
 92
2
 72
0
 73
1
 93
4
 10
2.6625
 20
4.125
 10
3.45
 20
4.125
 10
3.45
 20
5.475
 10
2.6625
 20
5.475
 97
0
 75
0
 76
1
 98
0
  0
HATCH
  5
35B
330
17
100
AcDbEntity
  8
A-ELEWACJE
 62
7
420
6974832
100
AcDbHatch
 10
0.0
 20
0.0
 30
0.0
210
0.0
220
0.0
230
1.0
  2
SOLID
 70
1
 71
0
 91
3
 92
3
 72
0
 73
1
 93
4
 10
-1.487
 20
4.054
 10
-3.263
 20
4.054
 10
-3.263
 20
5.538
 10
-1.487
 20
5.538
 97
0
 92
2
 72
0
 73
1
 93
4
 10
-3.2
 20
5.475
 10
-3.2
 20
4.125
 10
-2.4125
 20
4.125
 10
-2.4125
 20
5.475
 97
0
 92
2
 72
0
 73
1
 93
4
 10
-2.3375
 20
4.125
 10
-1.55
 20
4.125
 10
-1.55
 20
5.475
 10
-2.3375
 20
5.475
 97
0
 75
0
 76
1
 98
0
  0
HATCH
  5
35C
330
17
100
AcDbEntity
  8
A-ELEWACJE
 62
7
420
11125709
100
AcDbHatch
 10
0.0
 20
0.0
 30
0.0
210
0.0
220
0.0
230
1.0
  2
SOLID
 70
1
 71
0
 91
1
 92
3
 72
0
 73
1
 93
4
 10
2.0825
 20
0.03
 10
1.01
 20
0.03
 10
1.01
 20
2.665
 10
2.0825
 20
2.665
 97
0
 75
0
 76
1
 98
0
  0
HATCH
  5
35D
330
17
100
AcDbEntity
  8
A-ELEWACJE
 62
7
420
11125709
100
AcDbHatch
 10
0.0
 20
0.0
 30
0.0
210
0.0
220
0.0
230
1.0
  2
SOLID
 70
1
 71
0
 91
1
 92
3
 72
0
 73
1
 93
4
 10
3.24
 20
0.03
 10
2.1675
 20
0.03
 10
2.1675
 20
2.665
 10
3.24
 20
2.665
 97
0
 75
0
 76
1
 98
0
  0
HATCH
  5
35E
330
17
100
AcDbEntity
  8
A-ELEWACJE
 62
7
420
11125709
100
AcDbHatch
 10
0.0
 20
0.0
 30
0.0
210
0.0
220
0.0
230
1.0
  2
SOLID
 70
1
 71
0
 91
1
 92
3
 72
0
 73
1
 93
4
 10
-2.2125
 20
0.975
 10
-3.0
 20
0.975
 10
-3.0
 20
2.325
 10
-2.2125
 20
2.325
 97
0
 75
0
 76
1
 98
0
  0
HATCH
  5
35F
330
17
100
AcDbEntity
  8
A-ELEWACJE
 62
7
420
11125709
100
AcDbHatch
 10
0.0
 20
0.0
 30
0.0
210
0.0
220
0.0
230
1.0
  2
SOLID
 70
1
 71
0
 91
1
 92
3
 72
0
 73
1
 93
4
 10
-1.35
 20
0.975
 10
-2.1375
 20
0.975
 10
-2.1375
 20
2.325
 10
-1.35
 20
2.325
 97
0
 75
0
 76
1
 98
0
  0
HATCH
  5
360
330
17
100
AcDbEntity
  8
A-ELEWACJE
 62
7
420
11125709
100
AcDbHatch
 10
0.0
 20
0.0
 30
0.0
210
0.0
220
0.0
230
1.0
  2
SOLID
 70
1
 71
0
 91
1
 92
3
 72
0
 73
1
 93
4
 10
-2.4125
 20
4.125
 10
-3.2
 20
4.125
 10
-3.2
 20
5.475
 10
-2.4125
 20
5.475
 97
0
 75
0
 76
1
 98
0
  0
HATCH
  5
361
330
17
100
AcDbEntity
  8
A-ELEWACJE
 62
7
420
11125709
100
AcDbHatch
 10
0.0
 20
0.0
 30
0.0
210
0.0
220
0.0
230
1.0
  2
SOLID
 70
1
 71
0
 91
1
 92
3
 72
0
 73
1
 93
4
 10
-1.55
 20
4.125
 10
-2.3375
 20
4.125
 10
-2.3375
 20
5.475
 10
-1.55
 20
5.475
 97
0
 75
0
 76
1
 98
0
  0
HATCH
  5
362
330
17
100
AcDbEntity
  8
A-ELEWACJE
 62
7
420
11125709
100
AcDbHatch
 10
0.0
 20
0.0
 30
0.0
210
0.0
220
0.0
230
1.0
  2
SOLID
 70
1
 71
0
 91
1
 92
3
 72
0
 73
1
 93
4
 10
2.5875
 20
4.125
 10
1.8
 20
4.125
 10
1.8
 20
5.475
 10
2.5875
 20
5.475
 97
0
 75
0
 76
1
 98
0
  0
HATCH
  5
363
330
17
100
AcDbEntity
  8
A-ELEWACJE
 62
7
420
11125709
100
AcDbHatch
 10
0.0
 20
0.0
 30
0.0
210
0.0
220
0.0
230
1.0
  2
SOLID
 70
1
 71
0
 91
1
 92
3
 72
0
 73
1
 93
4
 10
3.45
 20
4.125
 10
2.6625
 20
4.125
 10
2.6625
 20
5.475
 10
3.45
 20
5.475
 97
0
 75
0
 76
1
 98
0
  0
HATCH
  5
364
330
17
100
AcDbEntity
  8
A-ELEWACJE
 62
7
420
7698555
100
AcDbHatch
 10
0.0
 20
0.0
 30
0.0
210
0.0
220
0.0
230
1.0
  2
SOLID
 70
1
 71
0
 91
1
 92
3
 72
0
 73
1
 93
4
 10
4.825
 20
6.875
 10
4.825
 20
6.904
 10
4.865
 20
6.904
 10
4.865
 20
6.875
 97
0
 75
0
 76
1
 98
0
  0
HATCH
  5
365
330
17
100
AcDbEntity
  8
A-ELEWACJE
 62
7
420
7698555
100
AcDbHatch
 10
0.0
 20
0.0
 30
0.0
210
0.0
220
0.0
230
1.0
  2
SOLID
 70
1
 71
0
 91
1
 92
3
 72
0
 73
1
 93
4
 10
-4.655
 20
9.776
 10
-4.655
 20
9.796
 10
-1.03
 20
9.796
 10
-1.03
 20
9.776
 97
0
 75
0
 76
1
 98
0
  0
HATCH
  5
366
330
17
100
AcDbEntity
  8
A-ELEWACJE
 62
7
420
16119025
100
AcDbHatch
 10
0.0
 20
0.0
 30
0.0
210
0.0
220
0.0
230
1.0
  2
SOLID
 70
1
 71
0
 91
1
 92
3
 72
0
 73
1
 93
5
 10
-4.625
 20
9.08
 10
-4.625
 20
9.776
 10
-1.03
 20
9.776
 10
-1.0
 20
9.776
 10
-1.0
 20
9.08
 97
0
 75
0
 76
1
 98
0
  0
HATCH
  5
367
330
17
100
AcDbEntity
  8
A-ELEWACJE
 62
7
420
16119025
100
AcDbHatch
 10
0.0
 20
0.0
 30
0.0
210
0.0
220
0.0
230
1.0
  2
SOLID
 70
1
 71
0
 91
1
 92
3
 72
0
 73
1
 93
13
 10
-4.525
 20
9.08
 10
-1.0
 20
9.08
 10
-0.9
 20
9.08
 10
-0.9
 20
9.065
 10
-0.9
 20
8.93
 10
-0.9
 20
8.87
 10
-0.9
 20
6.46
 10
-0.9
 20
6.41
 10
-1.08
 20
6.41
 10
-1.08
 20
6.66
 10
-1.05
 20
6.66
 10
-1.05
 20
6.68
 10
-4.525
 20
6.68
 97
0
 75
0
 76
1
 98
0
  0
HATCH
  5
368
330
17
100
AcDbEntity
  8
A-ELEWACJE
 62
7
420
7698812
100
AcDbHatch
 10
0.0
 20
0.0
 30
0.0
210
0.0
220
0.0
230
1.0
  2
SOLID
 70
1
 71
0
 91
1
 92
3
 72
0
 73
1
 93
4
 10
4.825
 20
3.85
 10
5.825
 20
3.85
 10
5.825
 20
3.65
 10
4.825
 20
3.65
 97
0
 75
0
 76
1
 98
0
  0
HATCH
  5
369
330
17
100
AcDbEntity
  8
A-ELEWACJE
 62
7
420
7698812
100
AcDbHatch
 10
0.0
 20
0.0
 30
0.0
210
0.0
220
0.0
230
1.0
  2
SOLID
 70
1
 71
0
 91
1
 92
3
 72
0
 73
1
 93
4
 10
4.825
 20
5.55
 10
5.825
 20
5.55
 10
5.825
 20
5.35
 10
4.825
 20
5.35
 97
0
 75
0
 76
1
 98
0
  0
HATCH
  5
36A
330
17
100
AcDbEntity
  8
A-ELEWACJE
 62
7
420
16119025
100
AcDbHatch
 10
0.0
 20
0.0
 30
0.0
210
0.0
220
0.0
230
1.0
  2
SOLID
 70
1
 71
0
 91
1
 92
3
 72
0
 73
1
 93
4
 10
4.845
 20
3.65
 10
5.825
 20
3.65
 10
5.825
 20
3.635
 10
4.845
 20
3.635
 97
0
 75
0
 76
1
 98
0
  0
HATCH
  5
36B
330
17
100
AcDbEntity
  8
A-ELEWACJE
 62
7
420
16119025
100
AcDbHatch
 10
0.0
 20
0.0
 30
0.0
210
0.0
220
0.0
230
1.0
  2
SOLID
 70
1
 71
0
 91
1
 92
3
 72
0
 73
1
 93
4
 10
4.845
 20
5.35
 10
5.825
 20
5.35
 10
5.825
 20
5.335
 10
4.845
 20
5.335
 97
0
 75
0
 76
1
 98
0
  0
HATCH
  5
36C
330
17
100
AcDbEntity
  8
A-ELEWACJE
 62
7
420
7698812
100
AcDbHatch
 10
0.0
 20
0.0
 30
0.0
210
0.0
220
0.0
230
1.0
  2
SOLID
 70
1
 71
0
 91
1
 92
3
 72
0
 73
1
 93
6
 10
4.825
 20
3.85
 10
4.825
 20
5.35
 10
4.845
 20
5.35
 10
4.845
 20
5.335
 10
5.825
 20
5.335
 10
5.825
 20
3.85
 97
0
 75
0
 76
1
 98
0
  0
HATCH
  5
36D
330
17
100
AcDbEntity
  8
A-ELEWACJE
 62
7
420
7698555
100
AcDbHatch
 10
0.0
 20
0.0
 30
0.0
210
0.0
220
0.0
230
1.0
  2
SOLID
 70
1
 71
0
 91
1
 92
3
 72
0
 73
1
 93
4
 10
4.865
 20
7.154
 10
4.865
 20
7.125
 10
4.825
 20
7.125
 10
4.825
 20
7.154
 97
0
 75
0
 76
1
 98
0
  0
HATCH
  5
36E
330
17
100
AcDbEntity
  8
A-ELEWACJE
 62
7
420
7698555
100
AcDbHatch
 10
0.0
 20
0.0
 30
0.0
210
0.0
220
0.0
230
1.0
  2
SOLID
 70
1
 71
0
 91
1
 92
3
 72
0
 73
1
 93
4
 10
-4.565
 20
1.604
 10
-4.525
 20
1.604
 10
-4.525
 20
1.575
 10
-4.565
 20
1.575
 97
0
 75
0
 76
1
 98
0
  0
HATCH
  5
36F
330
17
100
AcDbEntity
  8
A-ELEWACJE
 62
7
420
7698555
100
AcDbHatch
 10
0.0
 20
0.0
 30
0.0
210
0.0
220
0.0
230
1.0
  2
SOLID
 70
1
 71
0
 91
1
 92
3
 72
0
 73
1
 93
4
 10
-4.525
 20
4.754
 10
-4.525
 20
4.725
 10
-4.565
 20
4.725
 10
-4.565
 20
4.754
 97
0
 75
0
 76
1
 98
0
  0
HATCH
  5
370
330
17
100
AcDbEntity
  8
A-ELEWACJE
 62
7
420
7698555
100
AcDbHatch
 10
0.0
 20
0.0
 30
0.0
210
0.0
220
0.0
230
1.0
  2
SOLID
 70
1
 71
0
 91
1
 92
3
 72
0
 73
1
 93
4
 10
-4.525
 20
7.904
 10
-4.525
 20
7.875
 10
-4.565
 20
7.875
 10
-4.565
 20
7.904
 97
0
 75
0
 76
1
 98
0
  0
HATCH
  5
371
330
17
100
AcDbEntity
  8
A-ELEWACJE
 62
7
420
7698555
100
AcDbHatch
 10
0.0
 20
0.0
 30
0.0
210
0.0
220
0.0
230
1.0
  2
SOLID
 70
1
 71
0
 91
1
 92
3
 72
0
 73
1
 93
4
 10
-4.565
 20
7.175
 10
-4.565
 20
7.204
 10
-4.525
 20
7.204
 10
-4.525
 20
7.175
 97
0
 75
0
 76
1
 98
0
  0
HATCH
  5
372
330
17
100
AcDbEntity
  8
A-ELEWACJE
 62
7
420
7961984
100
AcDbHatch
 10
0.0
 20
0.0
 30
0.0
210
0.0
220
0.0
230
1.0
  2
SOLID
 70
1
 71
0
 91
1
 92
3
 72
0
 73
1
 93
4
 10
-5.825
 20
3.05
 10
-5.825
 20
3.052
 10
-4.525
 20
3.052
 10
-4.525
 20
3.05
 97
0
 75
0
 76
1
 98
0
  0
HATCH
  5
373
330
17
100
AcDbEntity
  8
A-ELEWACJE
 62
7
420
12762806
100
AcDbHatch
 10
0.0
 20
0.0
 30
0.0
210
0.0
220
0.0
230
1.0
  2
SOLID
 70
1
 71
0
 91
1
 92
3
 72
0
 73
1
 93
4
 10
-5.825
 20
-0.05
 10
-5.825
 20
-0.02
 10
-4.525
 20
-0.02
 10
-4.525
 20
-0.05
 97
0
 75
0
 76
1
 98
0
  0
HATCH
  5
374
330
17
100
AcDbEntity
  8
A-ELEWACJE
 62
7
420
9867399
100
AcDbHatch
 10
0.0
 20
0.0
 30
0.0
210
0.0
220
0.0
230
1.0
  2
SOLID
 70
1
 71
0
 91
1
 92
3
 72
0
 73
1
 93
9
 10
-5.825
 20
-0.05
 10
-4.525
 20
-0.05
 10
-4.525
 20
-0.2675
 10
-4.575
 20
-0.2672
 10
-4.825
 20
-0.2657
 10
-5.075
 20
-0.2642
 10
-5.325
 20
-0.2627
 10
-5.575
 20
-0.2612
 10
-5.825
 20
-0.2597
 97
0
 75
0
 76
1
 98
0
  0
HATCH
  5
375
330
17
100
AcDbEntity
  8
A-ELEWACJE
 62
7
420
16119025
100
AcDbHatch
 10
0.0
 20
0.0
 30
0.0
210
0.0
220
0.0
230
1.0
  2
SOLID
 70
1
 71
0
 91
1
 92
3
 72
0
 73
1
 93
4
 10
-4.545
 20
2.785
 10
-5.825
 20
2.785
 10
-5.825
 20
2.8000000000000003
 10
-4.545
 20
2.8000000000000003
 97
0
 75
0
 76
1
 98
0
  0
HATCH
  5
376
330
17
100
AcDbEntity
  8
A-ELEWACJE
 62
7
420
12236719
100
AcDbHatch
 10
0.0
 20
0.0
 30
0.0
210
0.0
220
0.0
230
1.0
  2
SOLID
 70
1
 71
0
 91
1
 92
3
 72
0
 73
1
 93
6
 10
-4.545
 20
2.8
 10
-5.825
 20
2.8
 10
-5.825
 20
3.05
 10
-4.525
 20
3.05
 10
-4.525
 20
3.0
 10
-4.525
 20
2.8
 97
0
 75
0
 76
1
 98
0
  0
HATCH
  5
377
330
17
100
AcDbEntity
  8
A-ELEWACJE
 62
7
420
7698555
100
AcDbHatch
 10
0.0
 20
0.0
 30
0.0
210
0.0
220
0.0
230
1.0
  2
SOLID
 70
1
 71
0
 91
1
 92
3
 72
0
 73
1
 93
4
 10
-4.675000000000001
 20
3.8500000000000005
 10
-5.28
 20
3.8500000000000005
 10
-5.28
 20
3.87
 10
-4.675000000000001
 20
3.87
 97
0
 75
0
 76
1
 98
0
  0
HATCH
  5
378
330
17
100
AcDbEntity
  8
A-ELEWACJE
 62
7
420
16119025
100
AcDbHatch
 10
0.0
 20
0.0
 30
0.0
210
0.0
220
0.0
230
1.0
  2
SOLID
 70
1
 71
0
 91
1
 92
3
 72
0
 73
1
 93
4
 10
-4.705
 20
3.85
 10
-4.705
 20
3.052
 10
-5.25
 20
3.052
 10
-5.25
 20
3.85
 97
0
 75
0
 76
1
 98
0
  0
HATCH
  5
379
330
17
100
AcDbEntity
  8
A-ELEWACJE
 62
7
420
16119025
100
AcDbHatch
 10
0.0
 20
0.0
 30
0.0
210
0.0
220
0.0
230
1.0
  2
SOLID
 70
1
 71
0
 91
1
 92
3
 72
0
 73
1
 93
4
 10
-4.705
 20
2.76
 10
-5.25
 20
2.76
 10
-5.25
 20
2.785
 10
-4.705
 20
2.785
 97
0
 75
0
 76
1
 98
0
  0
HATCH
  5
37A
330
17
100
AcDbEntity
  8
A-ELEWACJE
 62
7
420
12763842
100
AcDbHatch
 10
0.0
 20
0.0
 30
0.0
210
0.0
220
0.0
230
1.0
  2
SOLID
 70
1
 71
0
 91
1
 92
3
 72
0
 73
1
 93
4
 10
-4.705
 20
3.223
 10
-4.705
 20
3.225
 10
-4.525
 20
3.225
 10
-4.525
 20
3.223
 97
0
 75
0
 76
1
 98
0
  0
HATCH
  5
37B
330
17
100
AcDbEntity
  8
A-ELEWACJE
 62
7
420
8421504
100
AcDbHatch
 10
0.0
 20
0.0
 30
0.0
210
0.0
220
0.0
230
1.0
  2
SOLID
 70
1
 71
0
 91
1
 92
3
 72
0
 73
1
 93
4
 10
-4.705
 20
3.198
 10
-4.705
 20
3.223
 10
-4.525
 20
3.223
 10
-4.525
 20
3.198
 97
0
 75
0
 76
1
 98
0
  0
HATCH
  5
37C
330
17
100
AcDbEntity
  8
A-ELEWACJE
 62
7
420
7171695
100
AcDbHatch
 10
0.0
 20
0.0
 30
0.0
210
0.0
220
0.0
230
1.0
  2
SOLID
 70
1
 71
0
 91
1
 92
3
 72
0
 73
1
 93
4
 10
-4.705
 20
3.184
 10
-4.705
 20
3.1935
 10
-4.525
 20
3.1935
 10
-4.525
 20
3.184
 97
0
 75
0
 76
1
 98
0
  0
HATCH
  5
37D
330
17
100
AcDbEntity
  8
A-ELEWACJE
 62
7
420
14405011
100
AcDbHatch
 10
0.0
 20
0.0
 30
0.0
210
0.0
220
0.0
230
1.0
  2
SOLID
 70
1
 71
0
 91
1
 92
3
 72
0
 73
1
 93
4
 10
-4.525
 20
3.184
 10
-4.525
 20
3.052
 10
-4.705
 20
3.052
 10
-4.705
 20
3.184
 97
0
 75
0
 76
1
 98
0
  0
HATCH
  5
37E
330
17
100
AcDbEntity
  8
A-ELEWACJE
 62
7
420
7902281
100
AcDbHatch
 10
0.0
 20
0.0
 30
0.0
210
0.0
220
0.0
230
1.0
  2
SOLID
 70
1
 71
0
 91
1
 92
3
 72
0
 73
1
 93
4
 10
-4.705
 20
3.225
 10
-4.705
 20
3.305
 10
-4.525
 20
3.305
 10
-4.525
 20
3.225
 97
0
 75
0
 76
1
 98
0
  0
HATCH
  5
37F
330
17
100
AcDbEntity
  8
A-ELEWACJE
 62
7
420
16119025
100
AcDbHatch
 10
0.0
 20
0.0
 30
0.0
210
0.0
220
0.0
230
1.0
  2
SOLID
 70
1
 71
0
 91
1
 92
3
 72
0
 73
1
 93
5
 10
-4.675
 20
3.85
 10
-4.525
 20
3.85
 10
-4.525
 20
3.305
 10
-4.705
 20
3.305
 10
-4.705
 20
3.85
 97
0
 75
0
 76
1
 98
0
  0
HATCH
  5
380
330
17
100
AcDbEntity
  8
A-ELEWACJE
 62
7
420
16119025
100
AcDbHatch
 10
0.0
 20
0.0
 30
0.0
210
0.0
220
0.0
230
1.0
  2
SOLID
 70
1
 71
0
 91
1
 92
3
 72
0
 73
1
 93
18
 10
-5.15
 20
2.76
 10
-4.705
 20
2.76
 10
-4.705
 20
2.785
 10
-4.545
 20
2.785
 10
-4.545
 20
2.8
 10
-4.525
 20
2.8
 10
-4.525
 20
2.78
 10
-4.525
 20
2.4
 10
-4.525
 20
2.388
 10
-4.525
 20
2.2
 10
-4.525
 20
2.188
 10
-4.525
 20
1.604
 10
-4.565
 20
1.604
 10
-4.565
 20
1.575
 10
-4.525
 20
1.575
 10
-4.525
 20
0.0
 10
-4.525
 20
-0.02
 10
-5.15
 20
-0.02
 97
0
 75
0
 76
1
 98
0
  0
HATCH
  5
381
330
17
100
AcDbEntity
  8
A-ELEWACJE
 62
7
420
16119025
100
AcDbHatch
 10
0.0
 20
0.0
 30
0.0
210
0.0
220
0.0
230
1.0
  2
SOLID
 70
1
 71
0
 91
1
 92
3
 72
0
 73
1
 93
4
 10
-4.705
 20
3.194
 10
-4.705
 20
3.198
 10
-4.525
 20
3.198
 10
-4.525
 20
3.194
 97
0
 75
0
 76
1
 98
0
  0
HATCH
  5
382
330
17
100
AcDbEntity
  8
A-ELEWACJE
 62
7
420
16119025
100
AcDbHatch
 10
0.0
 20
0.0
 30
0.0
210
0.0
220
0.0
230
1.0
  2
SOLID
 70
1
 71
0
 91
1
 92
3
 72
0
 73
1
 93
4
 10
4.845
 20
3.65
 10
4.845
 20
3.635
 10
4.825
 20
3.635
 10
4.825
 20
3.65
 97
0
 75
0
 76
1
 98
0
  0
HATCH
  5
383
330
17
100
AcDbEntity
  8
A-ELEWACJE
 62
7
420
16119025
100
AcDbHatch
 10
0.0
 20
0.0
 30
0.0
210
0.0
220
0.0
230
1.0
  2
SOLID
 70
1
 71
0
 91
1
 92
3
 72
0
 73
1
 93
12
 10
4.825
 20
3.184
 10
4.825
 20
3.1935
 10
4.825
 20
3.194
 10
4.825
 20
3.198
 10
4.825
 20
3.223
 10
4.825
 20
3.225
 10
4.825
 20
3.305
 10
4.825
 20
3.635
 10
4.845
 20
3.635
 10
4.925
 20
3.635
 10
4.925
 20
3.052
 10
4.825
 20
3.052
 97
0
 75
0
 76
1
 98
0
  0
HATCH
  5
384
330
17
100
AcDbEntity
  8
A-ELEWACJE
 62
7
420
7698555
100
AcDbHatch
 10
0.0
 20
0.0
 30
0.0
210
0.0
220
0.0
230
1.0
  2
SOLID
 70
1
 71
0
 91
1
 92
3
 72
0
 73
1
 93
4
 10
-4.675
 20
3.85
 10
-4.675
 20
3.87
 10
-4.525
 20
3.87
 10
-4.525
 20
3.85
 97
0
 75
0
 76
1
 98
0
  0
LWPOLYLINE
  5
385
330
17
100
AcDbEntity
  8
A-KRESKOWANIE
370
25
 48
0.05
100
AcDbPolyline
 90
2
 70
0
 10
-7.285777716015008
 20
-0.32164660647246013
 10
-7.214644736397118
 20
-0.25136213158162224
  0
LWPOLYLINE
  5
386
330
17
100
AcDbEntity
  8
A-KRESKOWANIE
370
25
 48
0.05
100
AcDbPolyline
 90
2
 70
0
 10
-7.185355263602882
 20
-0.25153786841838766
 10
-7.115070788712045
 20
-0.3226708480362779
  0
LWPOLYLINE
  5
387
330
17
100
AcDbEntity
  8
A-KRESKOWANIE
370
25
 48
0.05
100
AcDbPolyline
 90
2
 70
0
 10
-7.035777716015008
 20
-0.3231466064724602
 10
-6.964644736397118
 20
-0.2528621315816223
  0
LWPOLYLINE
  5
388
330
17
100
AcDbEntity
  8
A-KRESKOWANIE
370
25
 48
0.05
100
AcDbPolyline
 90
2
 70
0
 10
-6.935355263602882
 20
-0.2530378684183877
 10
-6.865070788712045
 20
-0.32417084803627794
  0
LWPOLYLINE
  5
389
330
17
100
AcDbEntity
  8
A-KRESKOWANIE
370
25
 48
0.05
100
AcDbPolyline
 90
2
 70
0
 10
-6.785777716015008
 20
-0.32464660647246024
 10
-6.714644736397118
 20
-0.25436213158162235
  0
LWPOLYLINE
  5
38A
330
17
100
AcDbEntity
  8
A-KRESKOWANIE
370
25
 48
0.05
100
AcDbPolyline
 90
2
 70
0
 10
-6.685355263602882
 20
-0.25453786841838777
 10
-6.615070788712045
 20
-0.325670848036278
  0
LWPOLYLINE
  5
38B
330
17
100
AcDbEntity
  8
A-KRESKOWANIE
370
25
 48
0.05
100
AcDbPolyline
 90
2
 70
0
 10
-6.535777716015008
 20
-0.3261466064724602
 10
-6.464644736397118
 20
-0.25586213158162235
  0
LWPOLYLINE
  5
38C
330
17
100
AcDbEntity
  8
A-KRESKOWANIE
370
25
 48
0.05
100
AcDbPolyline
 90
2
 70
0
 10
-6.435355263602882
 20
-0.2560378684183878
 10
-6.365070788712045
 20
-0.32717084803627805
  0
LWPOLYLINE
  5
38D
330
17
100
AcDbEntity
  8
A-KRESKOWANIE
370
25
 48
0.05
100
AcDbPolyline
 90
2
 70
0
 10
-6.285777716015008
 20
-0.32764660647246024
 10
-6.214644736397118
 20
-0.2573621315816224
  0
LWPOLYLINE
  5
38E
330
17
100
AcDbEntity
  8
A-KRESKOWANIE
370
25
 48
0.05
100
AcDbPolyline
 90
2
 70
0
 10
-6.185355263602882
 20
-0.2575378684183879
 10
-6.115070788712045
 20
-0.3286708480362781
  0
LWPOLYLINE
  5
38F
330
17
100
AcDbEntity
  8
A-KRESKOWANIE
370
25
 48
0.05
100
AcDbPolyline
 90
2
 70
0
 10
-6.035777716015008
 20
-0.3291466064724604
 10
-5.964644736397118
 20
-0.2588621315816225
  0
LWPOLYLINE
  5
390
330
17
100
AcDbEntity
  8
A-KRESKOWANIE
370
25
 48
0.05
100
AcDbPolyline
 90
2
 70
0
 10
-5.935355263602882
 20
-0.25903786841838794
 10
-5.865070788712045
 20
-0.33017084803627816
  0
LWPOLYLINE
  5
391
330
17
100
AcDbEntity
  8
A-KRESKOWANIE
370
25
 48
0.05
100
AcDbPolyline
 90
2
 70
0
 10
-5.785777716015008
 20
-0.33064660647246036
 10
-5.714644736397118
 20
-0.2603621315816225
  0
LWPOLYLINE
  5
392
330
17
100
AcDbEntity
  8
A-KRESKOWANIE
370
25
 48
0.05
100
AcDbPolyline
 90
2
 70
0
 10
-5.685355263602882
 20
-0.260537868418388
 10
-5.615070788712045
 20
-0.3316708480362782
  0
LWPOLYLINE
  5
393
330
17
100
AcDbEntity
  8
A-KRESKOWANIE
370
25
 48
0.05
100
AcDbPolyline
 90
2
 70
0
 10
-5.535777716015008
 20
-0.3321466064724604
 10
-5.464644736397118
 20
-0.2618621315816226
  0
LWPOLYLINE
  5
394
330
17
100
AcDbEntity
  8
A-KRESKOWANIE
370
25
 48
0.05
100
AcDbPolyline
 90
2
 70
0
 10
-5.435355263602882
 20
-0.26203786841838805
 10
-5.365070788712045
 20
-0.3331708480362783
  0
LWPOLYLINE
  5
395
330
17
100
AcDbEntity
  8
A-KRESKOWANIE
370
25
 48
0.05
100
AcDbPolyline
 90
2
 70
0
 10
-5.285777716015008
 20
-0.33364660647246047
 10
-5.214644736397118
 20
-0.26336213158162264
  0
LWPOLYLINE
  5
396
330
17
100
AcDbEntity
  8
A-KRESKOWANIE
370
25
 48
0.05
100
AcDbPolyline
 90
2
 70
0
 10
-5.185355263602882
 20
-0.2635378684183881
 10
-5.115070788712045
 20
-0.33467084803627833
  0
LWPOLYLINE
  5
397
330
17
100
AcDbEntity
  8
A-KRESKOWANIE
370
25
 48
0.05
100
AcDbPolyline
 90
2
 70
0
 10
-5.035777716015008
 20
-0.33514660647246053
 10
-4.964644736397118
 20
-0.2648621315816227
  0
LWPOLYLINE
  5
398
330
17
100
AcDbEntity
  8
A-KRESKOWANIE
370
25
 48
0.05
100
AcDbPolyline
 90
2
 70
0
 10
-4.935355263602882
 20
-0.26503786841838817
 10
-4.865070788712045
 20
-0.3361708480362784
  0
LWPOLYLINE
  5
399
330
17
100
AcDbEntity
  8
A-KRESKOWANIE
370
25
 48
0.05
100
AcDbPolyline
 90
2
 70
0
 10
-4.785777716015008
 20
-0.3366466064724606
 10
-4.714644736397118
 20
-0.26636213158162275
  0
LWPOLYLINE
  5
39A
330
17
100
AcDbEntity
  8
A-KRESKOWANIE
370
25
 48
0.05
100
AcDbPolyline
 90
2
 70
0
 10
-4.685355263602882
 20
-0.2665378684183882
 10
-4.615070788712045
 20
-0.33767084803627845
  0
LWPOLYLINE
  5
39B
330
17
100
AcDbEntity
  8
A-KRESKOWANIE
370
25
 48
0.05
100
AcDbPolyline
 90
2
 70
0
 10
-4.535777716015008
 20
-0.33814660647246064
 10
-4.464644736397118
 20
-0.2678621315816228
  0
LWPOLYLINE
  5
39C
330
17
100
AcDbEntity
  8
A-KRESKOWANIE
370
25
 48
0.05
100
AcDbPolyline
 90
2
 70
0
 10
-4.435355263602882
 20
-0.2680378684183883
 10
-4.365070788712045
 20
-0.3391708480362785
  0
LWPOLYLINE
  5
39D
330
17
100
AcDbEntity
  8
A-KRESKOWANIE
370
25
 48
0.05
100
AcDbPolyline
 90
2
 70
0
 10
-4.285777716015008
 20
-0.3396466064724608
 10
-4.214644736397118
 20
-0.2693621315816229
  0
LWPOLYLINE
  5
39E
330
17
100
AcDbEntity
  8
A-KRESKOWANIE
370
25
 48
0.05
100
AcDbPolyline
 90
2
 70
0
 10
-4.185355263602882
 20
-0.26953786841838834
 10
-4.115070788712045
 20
-0.34067084803627856
  0
LWPOLYLINE
  5
39F
330
17
100
AcDbEntity
  8
A-KRESKOWANIE
370
25
 48
0.05
100
AcDbPolyline
 90
2
 70
0
 10
-4.035777716015008
 20
-0.34114660647246076
 10
-3.9646447363971173
 20
-0.2708621315816229
  0
LWPOLYLINE
  5
3A0
330
17
100
AcDbEntity
  8
A-KRESKOWANIE
370
25
 48
0.05
100
AcDbPolyline
 90
2
 70
0
 10
-3.935355263602883
 20
-0.2710378684183884
 10
-3.8650707887120452
 20
-0.3421708480362786
  0
LWPOLYLINE
  5
3A1
330
17
100
AcDbEntity
  8
A-KRESKOWANIE
370
25
 48
0.05
100
AcDbPolyline
 90
2
 70
0
 10
-3.7857777160150077
 20
-0.3426466064724608
 10
-3.7146447363971173
 20
-0.272362131581623
  0
LWPOLYLINE
  5
3A2
330
17
100
AcDbEntity
  8
A-KRESKOWANIE
370
25
 48
0.05
100
AcDbPolyline
 90
2
 70
0
 10
-3.685355263602883
 20
-0.27253786841838845
 10
-3.6150707887120452
 20
-0.3436708480362787
  0
LWPOLYLINE
  5
3A3
330
17
100
AcDbEntity
  8
A-KRESKOWANIE
370
25
 48
0.05
100
AcDbPolyline
 90
2
 70
0
 10
-3.5357777160150077
 20
-0.34414660647246087
 10
-3.4646447363971173
 20
-0.27386213158162304
  0
LWPOLYLINE
  5
3A4
330
17
100
AcDbEntity
  8
A-KRESKOWANIE
370
25
 48
0.05
100
AcDbPolyline
 90
2
 70
0
 10
-3.435355263602883
 20
-0.2740378684183885
 10
-3.3650707887120452
 20
-0.34517084803627873
  0
LWPOLYLINE
  5
3A5
330
17
100
AcDbEntity
  8
A-KRESKOWANIE
370
25
 48
0.05
100
AcDbPolyline
 90
2
 70
0
 10
-3.2857777160150077
 20
-0.3456466064724609
 10
-3.2146447363971173
 20
-0.2753621315816231
  0
LWPOLYLINE
  5
3A6
330
17
100
AcDbEntity
  8
A-KRESKOWANIE
370
25
 48
0.05
100
AcDbPolyline
 90
2
 70
0
 10
-3.185355263602883
 20
-0.27553786841838857
 10
-3.1150707887120452
 20
-0.3466708480362788
  0
LWPOLYLINE
  5
3A7
330
17
100
AcDbEntity
  8
A-KRESKOWANIE
370
25
 48
0.05
100
AcDbPolyline
 90
2
 70
0
 10
-3.0357777160150077
 20
-0.3471466064724611
 10
-2.9646447363971173
 20
-0.2768621315816232
  0
LWPOLYLINE
  5
3A8
330
17
100
AcDbEntity
  8
A-KRESKOWANIE
370
25
 48
0.05
100
AcDbPolyline
 90
2
 70
0
 10
-2.935355263602883
 20
-0.2770378684183886
 10
-2.8650707887120452
 20
-0.34817084803627885
  0
LWPOLYLINE
  5
3A9
330
17
100
AcDbEntity
  8
A-KRESKOWANIE
370
25
 48
0.05
100
AcDbPolyline
 90
2
 70
0
 10
-2.7857777160150077
 20
-0.34864660647246104
 10
-2.7146447363971173
 20
-0.2783621315816232
  0
LWPOLYLINE
  5
3AA
330
17
100
AcDbEntity
  8
A-KRESKOWANIE
370
25
 48
0.05
100
AcDbPolyline
 90
2
 70
0
 10
-2.685355263602883
 20
-0.2785378684183887
 10
-2.6150707887120452
 20
-0.3496708480362789
  0
LWPOLYLINE
  5
3AB
330
17
100
AcDbEntity
  8
A-KRESKOWANIE
370
25
 48
0.05
100
AcDbPolyline
 90
2
 70
0
 10
-2.5357777160150077
 20
-0.3501466064724611
 10
-2.4646447363971173
 20
-0.27986213158162326
  0
LWPOLYLINE
  5
3AC
330
17
100
AcDbEntity
  8
A-KRESKOWANIE
370
25
 48
0.05
100
AcDbPolyline
 90
2
 70
0
 10
-2.435355263602883
 20
-0.2800378684183887
 10
-2.3650707887120452
 20
-0.35117084803627885
  0
LWPOLYLINE
  5
3AD
330
17
100
AcDbEntity
  8
A-KRESKOWANIE
370
25
 48
0.05
100
AcDbPolyline
 90
2
 70
0
 10
-2.2857777160150077
 20
-0.35164660647246115
 10
-2.2146447363971173
 20
-0.2813621315816233
  0
LWPOLYLINE
  5
3AE
330
17
100
AcDbEntity
  8
A-KRESKOWANIE
370
25
 48
0.05
100
AcDbPolyline
 90
2
 70
0
 10
-2.185355263602883
 20
-0.2815378684183888
 10
-2.1150707887120452
 20
-0.352670848036279
  0
LWPOLYLINE
  5
3AF
330
17
100
AcDbEntity
  8
A-KRESKOWANIE
370
25
 48
0.05
100
AcDbPolyline
 90
2
 70
0
 10
-2.0357777160150077
 20
-0.3531466064724612
 10
-1.9646447363971173
 20
-0.2828621315816234
  0
LWPOLYLINE
  5
3B0
330
17
100
AcDbEntity
  8
A-KRESKOWANIE
370
25
 48
0.05
100
AcDbPolyline
 90
2
 70
0
 10
-1.935355263602883
 20
-0.28303786841838885
 10
-1.8650707887120452
 20
-0.3541708480362791
  0
LWPOLYLINE
  5
3B1
330
17
100
AcDbEntity
  8
A-KRESKOWANIE
370
25
 48
0.05
100
AcDbPolyline
 90
2
 70
0
 10
-1.7857777160150077
 20
-0.35464660647246127
 10
-1.7146447363971173
 20
-0.28436213158162343
  0
LWPOLYLINE
  5
3B2
330
17
100
AcDbEntity
  8
A-KRESKOWANIE
370
25
 48
0.05
100
AcDbPolyline
 90
2
 70
0
 10
-1.685355263602883
 20
-0.28453786841838885
 10
-1.6150707887120452
 20
-0.355670848036279
  0
LWPOLYLINE
  5
3B3
330
17
100
AcDbEntity
  8
A-KRESKOWANIE
370
25
 48
0.05
100
AcDbPolyline
 90
2
 70
0
 10
-1.5357777160150077
 20
-0.3561466064724613
 10
-1.4646447363971173
 20
-0.2858621315816235
  0
LWPOLYLINE
  5
3B4
330
17
100
AcDbEntity
  8
A-KRESKOWANIE
370
25
 48
0.05
100
AcDbPolyline
 90
2
 70
0
 10
-1.435355263602883
 20
-0.2860378684183889
 10
-1.3650707887120452
 20
-0.3571708480362791
  0
LWPOLYLINE
  5
3B5
330
17
100
AcDbEntity
  8
A-KRESKOWANIE
370
25
 48
0.05
100
AcDbPolyline
 90
2
 70
0
 10
-1.2857777160150077
 20
-0.3576466064724614
 10
-1.2146447363971173
 20
-0.28736213158162355
  0
LWPOLYLINE
  5
3B6
330
17
100
AcDbEntity
  8
A-KRESKOWANIE
370
25
 48
0.05
100
AcDbPolyline
 90
2
 70
0
 10
-1.185355263602883
 20
-0.28753786841838896
 10
-1.1150707887120452
 20
-0.35867084803627913
  0
LWPOLYLINE
  5
3B7
330
17
100
AcDbEntity
  8
A-KRESKOWANIE
370
25
 48
0.05
100
AcDbPolyline
 90
2
 70
0
 10
-1.0357777160150077
 20
-0.35914660647246144
 10
-0.9646447363971175
 20
-0.2888621315816236
  0
LWPOLYLINE
  5
3B8
330
17
100
AcDbEntity
  8
A-KRESKOWANIE
370
25
 48
0.05
100
AcDbPolyline
 90
2
 70
0
 10
-0.9353552636028829
 20
-0.2890378684183891
 10
-0.865070788712045
 20
-0.3601708480362793
  0
LWPOLYLINE
  5
3B9
330
17
100
AcDbEntity
  8
A-KRESKOWANIE
370
25
 48
0.05
100
AcDbPolyline
 90
2
 70
0
 10
-0.7857777160150077
 20
-0.3606466064724616
 10
-0.7146447363971175
 20
-0.2903621315816237
  0
LWPOLYLINE
  5
3BA
330
17
100
AcDbEntity
  8
A-KRESKOWANIE
370
25
 48
0.05
100
AcDbPolyline
 90
2
 70
0
 10
-0.6853552636028829
 20
-0.29053786841838913
 10
-0.615070788712045
 20
-0.36167084803627936
  0
LWPOLYLINE
  5
3BB
330
17
100
AcDbEntity
  8
A-KRESKOWANIE
370
25
 48
0.05
100
AcDbPolyline
 90
2
 70
0
 10
-0.5357777160150076
 20
-0.36214660647246166
 10
-0.4646447363971174
 20
-0.2918621315816238
  0
LWPOLYLINE
  5
3BC
330
17
100
AcDbEntity
  8
A-KRESKOWANIE
370
25
 48
0.05
100
AcDbPolyline
 90
2
 70
0
 10
-0.4353552636028829
 20
-0.2920378684183892
 10
-0.36507078871204507
 20
-0.3631708480362794
  0
LWPOLYLINE
  5
3BD
330
17
100
AcDbEntity
  8
A-KRESKOWANIE
370
25
 48
0.05
100
AcDbPolyline
 90
2
 70
0
 10
-0.2857777160150077
 20
-0.3636466064724617
 10
-0.2146447363971174
 20
-0.29336213158162383
  0
LWPOLYLINE
  5
3BE
330
17
100
AcDbEntity
  8
A-KRESKOWANIE
370
25
 48
0.05
100
AcDbPolyline
 90
2
 70
0
 10
-0.1853552636028829
 20
-0.29353786841838925
 10
-0.11507078871204506
 20
-0.36467084803627947
  0
LWPOLYLINE
  5
3BF
330
17
100
AcDbEntity
  8
A-KRESKOWANIE
370
25
 48
0.05
100
AcDbPolyline
 90
2
 70
0
 10
-0.035777716015007635
 20
-0.36514660647246167
 10
0.035355263602882575
 20
-0.29486213158162383
  0
LWPOLYLINE
  5
3C0
330
17
100
AcDbEntity
  8
A-KRESKOWANIE
370
25
 48
0.05
100
AcDbPolyline
 90
2
 70
0
 10
0.06464473639711711
 20
-0.2950378684183893
 10
0.13492921128795496
 20
-0.36617084803627953
  0
LWPOLYLINE
  5
3C1
330
17
100
AcDbEntity
  8
A-KRESKOWANIE
370
25
 48
0.05
100
AcDbPolyline
 90
2
 70
0
 10
0.21422228398499235
 20
-0.3666466064724617
 10
0.2853552636028826
 20
-0.2963621315816239
  0
LWPOLYLINE
  5
3C2
330
17
100
AcDbEntity
  8
A-KRESKOWANIE
370
25
 48
0.05
100
AcDbPolyline
 90
2
 70
0
 10
0.3146447363971171
 20
-0.2965378684183893
 10
0.38492921128795493
 20
-0.3676708480362795
  0
LWPOLYLINE
  5
3C3
330
17
100
AcDbEntity
  8
A-KRESKOWANIE
370
25
 48
0.05
100
AcDbPolyline
 90
2
 70
0
 10
0.46422228398499227
 20
-0.3681466064724618
 10
0.5353552636028825
 20
-0.29786213158162395
  0
LWPOLYLINE
  5
3C4
330
17
100
AcDbEntity
  8
A-KRESKOWANIE
370
25
 48
0.05
100
AcDbPolyline
 90
2
 70
0
 10
0.5646447363971171
 20
-0.29803786841838936
 10
0.634929211287955
 20
-0.36917084803627953
  0
LWPOLYLINE
  5
3C5
330
17
100
AcDbEntity
  8
A-KRESKOWANIE
370
25
 48
0.05
100
AcDbPolyline
 90
2
 70
0
 10
0.7142222839849923
 20
-0.36964660647246184
 10
0.7853552636028825
 20
-0.299362131581624
  0
LWPOLYLINE
  5
3C6
330
17
100
AcDbEntity
  8
A-KRESKOWANIE
370
25
 48
0.05
100
AcDbPolyline
 90
2
 70
0
 10
0.8146447363971171
 20
-0.2995378684183894
 10
0.884929211287955
 20
-0.3706708480362796
  0
LWPOLYLINE
  5
3C7
330
17
100
AcDbEntity
  8
A-KRESKOWANIE
370
25
 48
0.05
100
AcDbPolyline
 90
2
 70
0
 10
0.9642222839849924
 20
-0.3711466064724619
 10
1.0353552636028827
 20
-0.30086213158162406
  0
LWPOLYLINE
  5
3C8
330
17
100
AcDbEntity
  8
A-KRESKOWANIE
370
25
 48
0.05
100
AcDbPolyline
 90
2
 70
0
 10
1.064644736397117
 20
-0.3010378684183895
 10
1.1349292112879548
 20
-0.37217084803627964
  0
LWPOLYLINE
  5
3C9
330
17
100
AcDbEntity
  8
A-KRESKOWANIE
370
25
 48
0.05
100
AcDbPolyline
 90
2
 70
0
 10
1.2142222839849923
 20
-0.37264660647246195
 10
1.2853552636028827
 20
-0.3023621315816241
  0
LWPOLYLINE
  5
3CA
330
17
100
AcDbEntity
  8
A-KRESKOWANIE
370
25
 48
0.05
100
AcDbPolyline
 90
2
 70
0
 10
1.314644736397117
 20
-0.3025378684183896
 10
1.3849292112879548
 20
-0.3736708480362798
  0
LWPOLYLINE
  5
3CB
330
17
100
AcDbEntity
  8
A-KRESKOWANIE
370
25
 48
0.05
100
AcDbPolyline
 90
2
 70
0
 10
1.4642222839849923
 20
-0.3741466064724621
 10
1.5353552636028827
 20
-0.30386213158162423
  0
LWPOLYLINE
  5
3CC
330
17
100
AcDbEntity
  8
A-KRESKOWANIE
370
25
 48
0.05
100
AcDbPolyline
 90
2
 70
0
 10
1.564644736397117
 20
-0.30403786841838965
 10
1.6349292112879548
 20
-0.37517084803627987
  0
LWPOLYLINE
  5
3CD
330
17
100
AcDbEntity
  8
A-KRESKOWANIE
370
25
 48
0.05
100
AcDbPolyline
 90
2
 70
0
 10
1.7142222839849923
 20
-0.37564660647246206
 10
1.7853552636028827
 20
-0.30536213158162423
  0
LWPOLYLINE
  5
3CE
330
17
100
AcDbEntity
  8
A-KRESKOWANIE
370
25
 48
0.05
100
AcDbPolyline
 90
2
 70
0
 10
1.814644736397117
 20
-0.3055378684183897
 10
1.8849292112879548
 20
-0.3766708480362799
  0
LWPOLYLINE
  5
3CF
330
17
100
AcDbEntity
  8
A-KRESKOWANIE
370
25
 48
0.05
100
AcDbPolyline
 90
2
 70
0
 10
1.9642222839849923
 20
-0.3771466064724621
 10
2.0353552636028827
 20
-0.3068621315816243
  0
LWPOLYLINE
  5
3D0
330
17
100
AcDbEntity
  8
A-KRESKOWANIE
370
25
 48
0.05
100
AcDbPolyline
 90
2
 70
0
 10
2.064644736397117
 20
-0.30703786841838976
 10
2.1349292112879548
 20
-0.37817084803628
  0
LWPOLYLINE
  5
3D1
330
17
100
AcDbEntity
  8
A-KRESKOWANIE
370
25
 48
0.05
100
AcDbPolyline
 90
2
 70
0
 10
2.2142222839849923
 20
-0.3786466064724623
 10
2.2853552636028827
 20
-0.3083621315816244
  0
LWPOLYLINE
  5
3D2
330
17
100
AcDbEntity
  8
A-KRESKOWANIE
370
25
 48
0.05
100
AcDbPolyline
 90
2
 70
0
 10
2.314644736397117
 20
-0.3085378684183898
 10
2.3849292112879548
 20
-0.37967084803628004
  0
LWPOLYLINE
  5
3D3
330
17
100
AcDbEntity
  8
A-KRESKOWANIE
370
25
 48
0.05
100
AcDbPolyline
 90
2
 70
0
 10
2.4642222839849923
 20
-0.38014660647246235
 10
2.5353552636028827
 20
-0.30986213158162446
  0
LWPOLYLINE
  5
3D4
330
17
100
AcDbEntity
  8
A-KRESKOWANIE
370
25
 48
0.05
100
AcDbPolyline
 90
2
 70
0
 10
2.564644736397117
 20
-0.3100378684183899
 10
2.6349292112879548
 20
-0.3811708480362801
  0
LWPOLYLINE
  5
3D5
330
17
100
AcDbEntity
  8
A-KRESKOWANIE
370
25
 48
0.05
100
AcDbPolyline
 90
2
 70
0
 10
2.7142222839849923
 20
-0.3816466064724623
 10
2.7853552636028827
 20
-0.31136213158162446
  0
LWPOLYLINE
  5
3D6
330
17
100
AcDbEntity
  8
A-KRESKOWANIE
370
25
 48
0.05
100
AcDbPolyline
 90
2
 70
0
 10
2.814644736397117
 20
-0.31153786841838993
 10
2.8849292112879548
 20
-0.38267084803628015
  0
LWPOLYLINE
  5
3D7
330
17
100
AcDbEntity
  8
A-KRESKOWANIE
370
25
 48
0.05
100
AcDbPolyline
 90
2
 70
0
 10
2.9642222839849923
 20
-0.38314660647246235
 10
3.0353552636028827
 20
-0.3128621315816245
  0
LWPOLYLINE
  5
3D8
330
17
100
AcDbEntity
  8
A-KRESKOWANIE
370
25
 48
0.05
100
AcDbPolyline
 90
2
 70
0
 10
3.064644736397117
 20
-0.31303786841838993
 10
3.1349292112879548
 20
-0.3841708480362801
  0
LWPOLYLINE
  5
3D9
330
17
100
AcDbEntity
  8
A-KRESKOWANIE
370
25
 48
0.05
100
AcDbPolyline
 90
2
 70
0
 10
3.2142222839849923
 20
-0.3846466064724624
 10
3.2853552636028827
 20
-0.31436213158162457
  0
LWPOLYLINE
  5
3DA
330
17
100
AcDbEntity
  8
A-KRESKOWANIE
370
25
 48
0.05
100
AcDbPolyline
 90
2
 70
0
 10
3.314644736397117
 20
-0.31453786841839
 10
3.3849292112879548
 20
-0.38567084803628016
  0
LWPOLYLINE
  5
3DB
330
17
100
AcDbEntity
  8
A-KRESKOWANIE
370
25
 48
0.05
100
AcDbPolyline
 90
2
 70
0
 10
3.4642222839849923
 20
-0.38614660647246246
 10
3.5353552636028827
 20
-0.31586213158162463
  0
LWPOLYLINE
  5
3DC
330
17
100
AcDbEntity
  8
A-KRESKOWANIE
370
25
 48
0.05
100
AcDbPolyline
 90
2
 70
0
 10
3.564644736397117
 20
-0.3160378684183901
 10
3.6349292112879548
 20
-0.3871708480362803
  0
LWPOLYLINE
  5
3DD
330
17
100
AcDbEntity
  8
A-KRESKOWANIE
370
25
 48
0.05
100
AcDbPolyline
 90
2
 70
0
 10
3.7142222839849923
 20
-0.38764660647246263
 10
3.7853552636028827
 20
-0.31736213158162474
  0
LWPOLYLINE
  5
3DE
330
17
100
AcDbEntity
  8
A-KRESKOWANIE
370
25
 48
0.05
100
AcDbPolyline
 90
2
 70
0
 10
3.814644736397117
 20
-0.31753786841839016
 10
3.8849292112879548
 20
-0.3886708480362804
  0
LWPOLYLINE
  5
3DF
330
17
100
AcDbEntity
  8
A-KRESKOWANIE
370
25
 48
0.05
100
AcDbPolyline
 90
2
 70
0
 10
3.964222283984992
 20
-0.3891466064724626
 10
4.035355263602882
 20
-0.31886213158162474
  0
LWPOLYLINE
  5
3E0
330
17
100
AcDbEntity
  8
A-KRESKOWANIE
370
25
 48
0.05
100
AcDbPolyline
 90
2
 70
0
 10
4.064644736397118
 20
-0.3190378684183902
 10
4.134929211287955
 20
-0.39017084803628044
  0
LWPOLYLINE
  5
3E1
330
17
100
AcDbEntity
  8
A-KRESKOWANIE
370
25
 48
0.05
100
AcDbPolyline
 90
2
 70
0
 10
4.214222283984992
 20
-0.39064660647246263
 10
4.285355263602882
 20
-0.3203621315816248
  0
LWPOLYLINE
  5
3E2
330
17
100
AcDbEntity
  8
A-KRESKOWANIE
370
25
 48
0.05
100
AcDbPolyline
 90
2
 70
0
 10
4.314644736397118
 20
-0.3205378684183902
 10
4.384929211287955
 20
-0.3916708480362804
  0
LWPOLYLINE
  5
3E3
330
17
100
AcDbEntity
  8
A-KRESKOWANIE
370
25
 48
0.05
100
AcDbPolyline
 90
2
 70
0
 10
4.464222283984992
 20
-0.3921466064724627
 10
4.535355263602882
 20
-0.32186213158162486
  0
LWPOLYLINE
  5
3E4
330
17
100
AcDbEntity
  8
A-KRESKOWANIE
370
25
 48
0.05
100
AcDbPolyline
 90
2
 70
0
 10
4.564644736397118
 20
-0.32203786841839027
 10
4.634929211287955
 20
-0.39317084803628044
  0
LWPOLYLINE
  5
3E5
330
17
100
AcDbEntity
  8
A-KRESKOWANIE
370
25
 48
0.05
100
AcDbPolyline
 90
2
 70
0
 10
4.714222283984992
 20
-0.39364660647246275
 10
4.785355263602882
 20
-0.3233621315816249
  0
LWPOLYLINE
  5
3E6
330
17
100
AcDbEntity
  8
A-KRESKOWANIE
370
25
 48
0.05
100
AcDbPolyline
 90
2
 70
0
 10
4.814644736397118
 20
-0.3235378684183904
 10
4.884929211287955
 20
-0.3946708480362806
  0
LWPOLYLINE
  5
3E7
330
17
100
AcDbEntity
  8
A-KRESKOWANIE
370
25
 48
0.05
100
AcDbPolyline
 90
2
 70
0
 10
4.964222283984992
 20
-0.3951466064724628
 10
5.035355263602882
 20
-0.32486213158162497
  0
LWPOLYLINE
  5
3E8
330
17
100
AcDbEntity
  8
A-KRESKOWANIE
370
25
 48
0.05
100
AcDbPolyline
 90
2
 70
0
 10
5.064644736397118
 20
-0.32503786841839044
 10
5.134929211287955
 20
-0.39617084803628067
  0
LWPOLYLINE
  5
3E9
330
17
100
AcDbEntity
  8
A-KRESKOWANIE
370
25
 48
0.05
100
AcDbPolyline
 90
2
 70
0
 10
5.214222283984992
 20
-0.39664660647246286
 10
5.285355263602882
 20
-0.326362131581625
  0
LWPOLYLINE
  5
3EA
330
17
100
AcDbEntity
  8
A-KRESKOWANIE
370
25
 48
0.05
100
AcDbPolyline
 90
2
 70
0
 10
5.314644736397118
 20
-0.32653786841839044
 10
5.384929211287955
 20
-0.3976708480362806
  0
LWPOLYLINE
  5
3EB
330
17
100
AcDbEntity
  8
A-KRESKOWANIE
370
25
 48
0.05
100
AcDbPolyline
 90
2
 70
0
 10
5.464222283984992
 20
-0.3981466064724629
 10
5.535355263602882
 20
-0.3278621315816251
  0
LWPOLYLINE
  5
3EC
330
17
100
AcDbEntity
  8
A-KRESKOWANIE
370
25
 48
0.05
100
AcDbPolyline
 90
2
 70
0
 10
5.564644736397118
 20
-0.3280378684183905
 10
5.634929211287955
 20
-0.39917084803628067
  0
LWPOLYLINE
  5
3ED
330
17
100
AcDbEntity
  8
A-KRESKOWANIE
370
25
 48
0.05
100
AcDbPolyline
 90
2
 70
0
 10
5.714222283984992
 20
-0.399646606472463
 10
5.785355263602882
 20
-0.32936213158162514
  0
LWPOLYLINE
  5
3EE
330
17
100
AcDbEntity
  8
A-KRESKOWANIE
370
25
 48
0.05
100
AcDbPolyline
 90
2
 70
0
 10
5.814644736397118
 20
-0.32953786841839056
 10
5.884929211287955
 20
-0.4006708480362807
  0
LWPOLYLINE
  5
3EF
330
17
100
AcDbEntity
  8
A-KRESKOWANIE
370
25
 48
0.05
100
AcDbPolyline
 90
2
 70
0
 10
5.964222283984992
 20
-0.40114660647246303
 10
6.035355263602882
 20
-0.3308621315816252
  0
LWPOLYLINE
  5
3F0
330
17
100
AcDbEntity
  8
A-KRESKOWANIE
370
25
 48
0.05
100
AcDbPolyline
 90
2
 70
0
 10
6.064644736397118
 20
-0.3310378684183906
 10
6.134929211287955
 20
-0.4021708480362808
  0
LWPOLYLINE
  5
3F1
330
17
100
AcDbEntity
  8
A-KRESKOWANIE
370
25
 48
0.05
100
AcDbPolyline
 90
2
 70
0
 10
6.214222283984992
 20
-0.4026466064724631
 10
6.285355263602882
 20
-0.33236213158162525
  0
LWPOLYLINE
  5
3F2
330
17
100
AcDbEntity
  8
A-KRESKOWANIE
370
25
 48
0.05
100
AcDbPolyline
 90
2
 70
0
 10
6.314644736397118
 20
-0.3325378684183907
 10
6.384929211287955
 20
-0.40367084803628095
  0
LWPOLYLINE
  5
3F3
330
17
100
AcDbEntity
  8
A-KRESKOWANIE
370
25
 48
0.05
100
AcDbPolyline
 90
2
 70
0
 10
6.464222283984992
 20
-0.40414660647246325
 10
6.535355263602882
 20
-0.33386213158162537
  0
LWPOLYLINE
  5
3F4
330
17
100
AcDbEntity
  8
A-KRESKOWANIE
370
25
 48
0.05
100
AcDbPolyline
 90
2
 70
0
 10
6.564644736397118
 20
-0.3340378684183908
 10
6.634929211287955
 20
-0.405170848036281
  0
LWPOLYLINE
  5
3F5
330
17
100
AcDbEntity
  8
A-KRESKOWANIE
370
25
 48
0.05
100
AcDbPolyline
 90
2
 70
0
 10
6.714222283984992
 20
-0.4056466064724633
 10
6.785355263602882
 20
-0.3353621315816254
  0
LWPOLYLINE
  5
3F6
330
17
100
AcDbEntity
  8
A-KRESKOWANIE
370
25
 48
0.05
100
AcDbPolyline
 90
2
 70
0
 10
6.814644736397118
 20
-0.33553786841839084
 10
6.884929211287955
 20
-0.40667084803628106
  0
LWPOLYLINE
  5
3F7
330
17
100
AcDbEntity
  8
A-KRESKOWANIE
370
25
 48
0.05
100
AcDbPolyline
 90
2
 70
0
 10
6.964222283984992
 20
-0.40714660647246337
 10
7.035355263602882
 20
-0.3368621315816255
  0
LWPOLYLINE
  5
3F8
330
17
100
AcDbEntity
  8
A-KRESKOWANIE
370
25
 48
0.05
100
AcDbPolyline
 90
2
 70
0
 10
7.064644736397118
 20
-0.3370378684183909
 10
7.134929211287955
 20
-0.4081708480362811
  0
LWPOLYLINE
  5
3F9
330
17
100
AcDbEntity
  8
A-KRESKOWANIE
370
25
 48
0.05
100
AcDbPolyline
 90
2
 70
0
 10
7.214222283984992
 20
-0.4086466064724634
 10
7.285355263602882
 20
-0.33836213158162554
  0
LWPOLYLINE
  5
3FA
330
17
100
AcDbEntity
  8
A-KRESKOWANIE
370
25
 48
0.05
100
AcDbPolyline
 90
2
 70
0
 10
7.314644736397118
 20
-0.33853786841839095
 10
7.384929211287955
 20
-0.4096708480362812
  0
LWPOLYLINE
  5
3FB
330
17
100
AcDbEntity
  8
A-KRESKOWANIE
370
25
 48
0.05
100
AcDbPolyline
 90
2
 70
0
 10
7.464222283984992
 20
-0.41014660647246337
 10
7.535355263602882
 20
-0.33986213158162554
  0
LWPOLYLINE
  5
3FC
330
17
100
AcDbEntity
  8
A-KRESKOWANIE
370
25
 48
0.05
100
AcDbPolyline
 90
2
 70
0
 10
7.564644736397118
 20
-0.340037868418391
 10
7.634929211287955
 20
-0.41117084803628123
  0
LWPOLYLINE
  5
3FD
330
17
100
AcDbEntity
  8
A-KRESKOWANIE
370
25
 48
0.05
100
AcDbPolyline
 90
2
 70
0
 10
7.714222283984992
 20
-0.4116466064724634
 10
7.785355263602882
 20
-0.3413621315816256
  0
LWPOLYLINE
  5
3FE
330
17
100
AcDbEntity
  8
A-KRESKOWANIE
370
25
 48
0.05
100
AcDbPolyline
 90
2
 70
0
 10
7.814644736397118
 20
-0.34153786841839107
 10
7.884929211287955
 20
-0.4126708480362813
  0
LWPOLYLINE
  5
3FF
330
17
100
AcDbEntity
  8
A-KRESKOWANIE
370
25
 48
0.05
100
AcDbPolyline
 90
2
 70
0
 10
7.964222283984993
 20
-0.4131466064724635
 10
8.035355263602883
 20
-0.34286213158162565
  0
LWPOLYLINE
  5
400
330
17
100
AcDbEntity
  8
A-KRESKOWANIE
370
25
 48
0.05
100
AcDbPolyline
 90
2
 70
0
 10
8.064644736397119
 20
-0.3430378684183911
 10
8.134929211287956
 20
-0.41417084803628135
  0
LWPOLYLINE
  5
401
330
17
100
AcDbEntity
  8
A-KRESKOWANIE
370
25
 48
0.05
100
AcDbPolyline
 90
2
 70
0
 10
8.214222283984993
 20
-0.41464660647246354
 10
8.285355263602883
 20
-0.3443621315816257
  0
LWPOLYLINE
  5
402
330
17
100
AcDbEntity
  8
A-KRESKOWANIE
370
25
 48
0.05
100
AcDbPolyline
 90
2
 70
0
 10
8.314644736397119
 20
-0.3445378684183912
 10
8.384929211287956
 20
-0.4156708480362814
  0
LWPOLYLINE
  5
403
330
17
100
AcDbEntity
  8
A-KRESKOWANIE
370
25
 48
0.05
100
AcDbPolyline
 90
2
 70
0
 10
8.464222283984993
 20
-0.4161466064724637
 10
8.535355263602883
 20
-0.3458621315816258
  0
LWPOLYLINE
  5
404
330
17
100
AcDbEntity
  8
A-KRESKOWANIE
370
25
 48
0.05
100
AcDbPolyline
 90
2
 70
0
 10
8.564644736397119
 20
-0.34603786841839124
 10
8.634929211287956
 20
-0.41717084803628146
  0
LWPOLYLINE
  5
405
330
17
100
AcDbEntity
  8
A-KRESKOWANIE
370
25
 48
0.05
100
AcDbPolyline
 90
2
 70
0
 10
8.714222283984993
 20
-0.41764660647246377
 10
8.785355263602883
 20
-0.3473621315816259
  0
LWPOLYLINE
  5
406
330
17
100
AcDbEntity
  8
A-KRESKOWANIE
370
25
 48
0.05
100
AcDbPolyline
 90
2
 70
0
 10
8.814644736397119
 20
-0.3475378684183913
 10
8.884929211287956
 20
-0.4186708480362815
  0
LWPOLYLINE
  5
407
330
17
100
AcDbEntity
  8
A-KRESKOWANIE
370
25
 48
0.05
100
AcDbPolyline
 90
2
 70
0
 10
8.964222283984993
 20
-0.4191466064724637
 10
9.035355263602883
 20
-0.3488621315816259
  0
LWPOLYLINE
  5
408
330
17
100
AcDbEntity
  8
A-KRESKOWANIE
370
25
 48
0.05
100
AcDbPolyline
 90
2
 70
0
 10
9.064644736397119
 20
-0.34903786841839135
 10
9.134929211287956
 20
-0.4201708480362816
  0
LWPOLYLINE
  5
409
330
17
100
AcDbEntity
  8
A-KRESKOWANIE
370
25
 48
0.05
100
AcDbPolyline
 90
2
 70
0
 10
9.214222283984993
 20
-0.42064660647246377
 10
9.285355263602883
 20
-0.35036213158162594
  0
LWPOLYLINE
  5
40A
330
17
100
AcDbEntity
  8
A-KRESKOWANIE
370
25
 48
0.05
100
AcDbPolyline
 90
2
 70
0
 10
9.314644736397119
 20
-0.3505378684183914
 10
9.384929211287956
 20
-0.42167084803628163
  0
LWPOLYLINE
  5
40B
330
17
100
AcDbEntity
  8
A-OSIE
  6
PUNKTOWA
370
35
 48
0.027777777777777787
100
AcDbPolyline
 90
2
 70
128
 10
-4.8500000000000005
 20
-0.9512000000000088
 10
-4.8500000000000005
 20
-0.42620000000000874
  0
LWPOLYLINE
  5
40C
330
17
100
AcDbEntity
  8
A-OSIE
  6
PUNKTOWA
370
35
 48
0.027777777777777787
100
AcDbPolyline
 90
2
 70
128
 10
-4.2250000000000005
 20
-0.9512000000000088
 10
-4.2250000000000005
 20
-0.42620000000000874
  0
LWPOLYLINE
  5
40D
330
17
100
AcDbEntity
  8
A-OSIE
  6
PUNKTOWA
370
35
 48
0.027777777777777787
100
AcDbPolyline
 90
2
 70
128
 10
-0.6000000000000005
 20
-0.9512000000000088
 10
-0.6000000000000005
 20
-0.42620000000000874
  0
LWPOLYLINE
  5
40E
330
17
100
AcDbEntity
  8
A-OSIE
  6
PUNKTOWA
370
35
 48
0.027777777777777787
100
AcDbPolyline
 90
2
 70
128
 10
0.7749999999999995
 20
-0.9512000000000088
 10
0.7749999999999995
 20
-0.42620000000000874
  0
LWPOLYLINE
  5
40F
330
17
100
AcDbEntity
  8
A-OSIE
  6
PUNKTOWA
370
35
 48
0.027777777777777787
100
AcDbPolyline
 90
2
 70
128
 10
1.6499999999999995
 20
-0.9512000000000088
 10
1.6499999999999995
 20
-0.42620000000000874
  0
LWPOLYLINE
  5
410
330
17
100
AcDbEntity
  8
A-OSIE
  6
PUNKTOWA
370
35
 48
0.027777777777777787
100
AcDbPolyline
 90
2
 70
128
 10
4.5249999999999995
 20
-0.9512000000000088
 10
4.5249999999999995
 20
-0.42620000000000874
  0
HATCH
  5
411
330
17
100
AcDbEntity
  8
A-OSIE
 62
7
420
16777215
100
AcDbHatch
 10
0.0
 20
0.0
 30
0.0
210
0.0
220
0.0
230
1.0
  2
SOLID
 70
1
 71
0
 91
1
 92
3
 72
0
 73
1
 93
48
 10
-4.6000000000000005
 20
-1.201200000000009
 10
-4.602138784656548
 20
-1.1685684519449961
 10
-4.608518543427733
 20
-1.1364952387243787
 10
-4.619030116872179
 20
-1.1055291419087365
 10
-4.633493649053891
 20
-1.076200000000009
 10
-4.651661664927191
 20
-1.0490096427478288
 10
-4.673223304703364
 20
-1.024423304703372
 10
-4.697809642747821
 20
-1.0028616649272002
 10
-4.7250000000000005
 20
-0.9846936490538993
 10
-4.754329141908728
 20
-0.9702301168721872
 10
-4.785295238724371
 20
-0.9597185434277419
 10
-4.817368451944987
 20
-0.9533387846565563
 10
-4.8500000000000005
 20
-0.9512000000000089
 10
-4.882631548055014
 20
-0.9533387846565563
 10
-4.9147047612756305
 20
-0.9597185434277419
 10
-4.9456708580912725
 20
-0.9702301168721872
 10
-4.9750000000000005
 20
-0.9846936490538992
 10
-5.00219035725218
 20
-1.0028616649272002
 10
-5.026776695296637
 20
-1.024423304703372
 10
-5.04833833507281
 20
-1.0490096427478286
 10
-5.06650635094611
 20
-1.076200000000009
 10
-5.080969883127822
 20
-1.1055291419087365
 10
-5.091481456572268
 20
-1.1364952387243787
 10
-5.097861215343453
 20
-1.168568451944996
 10
-5.1000000000000005
 20
-1.201200000000009
 10
-5.097861215343453
 20
-1.2338315480550217
 10
-5.091481456572268
 20
-1.2659047612756391
 10
-5.080969883127822
 20
-1.2968708580912813
 10
-5.06650635094611
 20
-1.326200000000009
 10
-5.04833833507281
 20
-1.353390357252189
 10
-5.026776695296638
 20
-1.3779766952966457
 10
-5.00219035725218
 20
-1.3995383350728177
 10
-4.9750000000000005
 20
-1.4177063509461185
 10
-4.945670858091273
 20
-1.4321698831278304
 10
-4.9147047612756305
 20
-1.4426814565722759
 10
-4.882631548055014
 20
-1.4490612153434614
 10
-4.8500000000000005
 20
-1.451200000000009
 10
-4.817368451944987
 20
-1.4490612153434617
 10
-4.785295238724371
 20
-1.442681456572276
 10
-4.754329141908729
 20
-1.4321698831278307
 10
-4.7250000000000005
 20
-1.4177063509461187
 10
-4.697809642747821
 20
-1.3995383350728179
 10
-4.673223304703364
 20
-1.377976695296646
 10
-4.651661664927191
 20
-1.3533903572521893
 10
-4.633493649053891
 20
-1.326200000000009
 10
-4.619030116872179
 20
-1.2968708580912816
 10
-4.608518543427733
 20
-1.2659047612756393
 10
-4.602138784656548
 20
-1.2338315480550222
 97
0
 75
0
 76
1
 98
0
  0
HATCH
  5
412
330
17
100
AcDbEntity
  8
A-OSIE
 62
7
420
16777215
100
AcDbHatch
 10
0.0
 20
0.0
 30
0.0
210
0.0
220
0.0
230
1.0
  2
SOLID
 70
1
 71
0
 91
1
 92
3
 72
0
 73
1
 93
48
 10
-3.9750000000000005
 20
-1.201200000000009
 10
-3.977138784656548
 20
-1.1685684519449961
 10
-3.9835185434277336
 20
-1.1364952387243787
 10
-3.994030116872179
 20
-1.1055291419087365
 10
-4.008493649053891
 20
-1.076200000000009
 10
-4.026661664927191
 20
-1.0490096427478288
 10
-4.048223304703364
 20
-1.024423304703372
 10
-4.072809642747821
 20
-1.0028616649272002
 10
-4.1000000000000005
 20
-0.9846936490538993
 10
-4.129329141908728
 20
-0.9702301168721872
 10
-4.160295238724371
 20
-0.9597185434277419
 10
-4.192368451944987
 20
-0.9533387846565563
 10
-4.2250000000000005
 20
-0.9512000000000089
 10
-4.257631548055014
 20
-0.9533387846565563
 10
-4.2897047612756305
 20
-0.9597185434277419
 10
-4.3206708580912725
 20
-0.9702301168721872
 10
-4.3500000000000005
 20
-0.9846936490538992
 10
-4.37719035725218
 20
-1.0028616649272002
 10
-4.401776695296637
 20
-1.024423304703372
 10
-4.42333833507281
 20
-1.0490096427478286
 10
-4.44150635094611
 20
-1.076200000000009
 10
-4.455969883127822
 20
-1.1055291419087365
 10
-4.466481456572268
 20
-1.1364952387243787
 10
-4.472861215343453
 20
-1.168568451944996
 10
-4.4750000000000005
 20
-1.201200000000009
 10
-4.472861215343453
 20
-1.2338315480550217
 10
-4.466481456572268
 20
-1.2659047612756391
 10
-4.455969883127822
 20
-1.2968708580912813
 10
-4.44150635094611
 20
-1.326200000000009
 10
-4.42333833507281
 20
-1.353390357252189
 10
-4.401776695296638
 20
-1.3779766952966457
 10
-4.37719035725218
 20
-1.3995383350728177
 10
-4.3500000000000005
 20
-1.4177063509461185
 10
-4.320670858091273
 20
-1.4321698831278304
 10
-4.2897047612756305
 20
-1.4426814565722759
 10
-4.257631548055014
 20
-1.4490612153434614
 10
-4.2250000000000005
 20
-1.451200000000009
 10
-4.192368451944987
 20
-1.4490612153434617
 10
-4.160295238724371
 20
-1.442681456572276
 10
-4.129329141908729
 20
-1.4321698831278307
 10
-4.1000000000000005
 20
-1.4177063509461187
 10
-4.072809642747821
 20
-1.3995383350728179
 10
-4.048223304703364
 20
-1.377976695296646
 10
-4.026661664927191
 20
-1.3533903572521893
 10
-4.008493649053891
 20
-1.326200000000009
 10
-3.994030116872179
 20
-1.2968708580912816
 10
-3.9835185434277336
 20
-1.2659047612756393
 10
-3.977138784656548
 20
-1.2338315480550222
 97
0
 75
0
 76
1
 98
0
  0
HATCH
  5
413
330
17
100
AcDbEntity
  8
A-OSIE
 62
7
420
16777215
100
AcDbHatch
 10
0.0
 20
0.0
 30
0.0
210
0.0
220
0.0
230
1.0
  2
SOLID
 70
1
 71
0
 91
1
 92
3
 72
0
 73
1
 93
48
 10
-0.35000000000000053
 20
-1.201200000000009
 10
-0.3521387846565479
 20
-1.1685684519449961
 10
-0.3585185434277335
 20
-1.1364952387243787
 10
-0.36903011687217885
 20
-1.1055291419087365
 10
-0.38349364905389083
 20
-1.076200000000009
 10
-0.4016616649271917
 20
-1.0490096427478288
 10
-0.42322330470336367
 20
-1.024423304703372
 10
-0.44780964274782037
 20
-1.0028616649272002
 10
-0.47500000000000053
 20
-0.9846936490538993
 10
-0.5043291419087281
 20
-0.9702301168721872
 10
-0.5352952387243703
 20
-0.9597185434277419
 10
-0.5673684519449876
 20
-0.9533387846565563
 10
-0.6000000000000005
 20
-0.9512000000000089
 10
-0.6326315480550134
 20
-0.9533387846565563
 10
-0.6647047612756307
 20
-0.9597185434277419
 10
-0.6956708580912729
 20
-0.9702301168721872
 10
-0.7250000000000005
 20
-0.9846936490538992
 10
-0.7521903572521806
 20
-1.0028616649272002
 10
-0.7767766952966374
 20
-1.024423304703372
 10
-0.7983383350728093
 20
-1.0490096427478286
 10
-0.8165063509461101
 20
-1.076200000000009
 10
-0.8309698831278223
 20
-1.1055291419087365
 10
-0.8414814565722676
 20
-1.1364952387243787
 10
-0.8478612153434532
 20
-1.168568451944996
 10
-0.8500000000000005
 20
-1.201200000000009
 10
-0.8478612153434532
 20
-1.2338315480550217
 10
-0.8414814565722677
 20
-1.2659047612756391
 10
-0.8309698831278223
 20
-1.2968708580912813
 10
-0.8165063509461102
 20
-1.326200000000009
 10
-0.7983383350728094
 20
-1.353390357252189
 10
-0.7767766952966375
 20
-1.3779766952966457
 10
-0.7521903572521808
 20
-1.3995383350728177
 10
-0.7250000000000006
 20
-1.4177063509461185
 10
-0.6956708580912732
 20
-1.4321698831278304
 10
-0.6647047612756309
 20
-1.4426814565722759
 10
-0.6326315480550136
 20
-1.4490612153434614
 10
-0.6000000000000005
 20
-1.451200000000009
 10
-0.5673684519449878
 20
-1.4490612153434617
 10
-0.5352952387243705
 20
-1.442681456572276
 10
-0.5043291419087282
 20
-1.4321698831278307
 10
-0.4750000000000007
 20
-1.4177063509461187
 10
-0.44780964274782054
 20
-1.3995383350728179
 10
-0.42322330470336367
 20
-1.377976695296646
 10
-0.4016616649271918
 20
-1.3533903572521893
 10
-0.38349364905389094
 20
-1.326200000000009
 10
-0.3690301168721789
 20
-1.2968708580912816
 10
-0.3585185434277335
 20
-1.2659047612756393
 10
-0.35213878465654797
 20
-1.2338315480550222
 97
0
 75
0
 76
1
 98
0
  0
HATCH
  5
414
330
17
100
AcDbEntity
  8
A-OSIE
 62
7
420
16777215
100
AcDbHatch
 10
0.0
 20
0.0
 30
0.0
210
0.0
220
0.0
230
1.0
  2
SOLID
 70
1
 71
0
 91
1
 92
3
 72
0
 73
1
 93
48
 10
1.0249999999999995
 20
-1.201200000000009
 10
1.022861215343452
 20
-1.1685684519449961
 10
1.0164814565722666
 20
-1.1364952387243787
 10
1.0059698831278212
 20
-1.1055291419087365
 10
0.9915063509461092
 20
-1.076200000000009
 10
0.9733383350728083
 20
-1.0490096427478288
 10
0.9517766952966363
 20
-1.024423304703372
 10
0.9271903572521796
 20
-1.0028616649272002
 10
0.8999999999999995
 20
-0.9846936490538993
 10
0.8706708580912719
 20
-0.9702301168721872
 10
0.8397047612756297
 20
-0.9597185434277419
 10
0.8076315480550124
 20
-0.9533387846565563
 10
0.7749999999999995
 20
-0.9512000000000089
 10
0.7423684519449866
 20
-0.9533387846565563
 10
0.7102952387243693
 20
-0.9597185434277419
 10
0.6793291419087271
 20
-0.9702301168721872
 10
0.6499999999999995
 20
-0.9846936490538992
 10
0.6228096427478194
 20
-1.0028616649272002
 10
0.5982233047033626
 20
-1.024423304703372
 10
0.5766616649271907
 20
-1.0490096427478286
 10
0.5584936490538899
 20
-1.076200000000009
 10
0.5440301168721777
 20
-1.1055291419087365
 10
0.5335185434277324
 20
-1.1364952387243787
 10
0.5271387846565468
 20
-1.168568451944996
 10
0.5249999999999995
 20
-1.201200000000009
 10
0.5271387846565468
 20
-1.2338315480550217
 10
0.5335185434277323
 20
-1.2659047612756391
 10
0.5440301168721777
 20
-1.2968708580912813
 10
0.5584936490538898
 20
-1.326200000000009
 10
0.5766616649271906
 20
-1.353390357252189
 10
0.5982233047033625
 20
-1.3779766952966457
 10
0.6228096427478192
 20
-1.3995383350728177
 10
0.6499999999999994
 20
-1.4177063509461185
 10
0.6793291419087268
 20
-1.4321698831278304
 10
0.7102952387243691
 20
-1.4426814565722759
 10
0.7423684519449864
 20
-1.4490612153434614
 10
0.7749999999999995
 20
-1.451200000000009
 10
0.8076315480550122
 20
-1.4490612153434617
 10
0.8397047612756295
 20
-1.442681456572276
 10
0.8706708580912718
 20
-1.4321698831278307
 10
0.8999999999999992
 20
-1.4177063509461187
 10
0.9271903572521795
 20
-1.3995383350728179
 10
0.9517766952966363
 20
-1.377976695296646
 10
0.9733383350728082
 20
-1.3533903572521893
 10
0.9915063509461091
 20
-1.326200000000009
 10
1.005969883127821
 20
-1.2968708580912816
 10
1.0164814565722664
 20
-1.2659047612756393
 10
1.022861215343452
 20
-1.2338315480550222
 97
0
 75
0
 76
1
 98
0
  0
HATCH
  5
415
330
17
100
AcDbEntity
  8
A-OSIE
 62
7
420
16777215
100
AcDbHatch
 10
0.0
 20
0.0
 30
0.0
210
0.0
220
0.0
230
1.0
  2
SOLID
 70
1
 71
0
 91
1
 92
3
 72
0
 73
1
 93
48
 10
1.8999999999999995
 20
-1.201200000000009
 10
1.897861215343452
 20
-1.1685684519449961
 10
1.8914814565722666
 20
-1.1364952387243787
 10
1.8809698831278212
 20
-1.1055291419087365
 10
1.866506350946109
 20
-1.076200000000009
 10
1.8483383350728082
 20
-1.0490096427478288
 10
1.8267766952966364
 20
-1.024423304703372
 10
1.8021903572521796
 20
-1.0028616649272002
 10
1.7749999999999995
 20
-0.9846936490538993
 10
1.7456708580912719
 20
-0.9702301168721872
 10
1.7147047612756297
 20
-0.9597185434277419
 10
1.6826315480550125
 20
-0.9533387846565563
 10
1.6499999999999995
 20
-0.9512000000000089
 10
1.6173684519449867
 20
-0.9533387846565563
 10
1.5852952387243693
 20
-0.9597185434277419
 10
1.554329141908727
 20
-0.9702301168721872
 10
1.5249999999999995
 20
-0.9846936490538992
 10
1.4978096427478194
 20
-1.0028616649272002
 10
1.4732233047033625
 20
-1.024423304703372
 10
1.4516616649271907
 20
-1.0490096427478286
 10
1.4334936490538899
 20
-1.076200000000009
 10
1.4190301168721777
 20
-1.1055291419087365
 10
1.4085185434277325
 20
-1.1364952387243787
 10
1.402138784656547
 20
-1.168568451944996
 10
1.3999999999999995
 20
-1.201200000000009
 10
1.4021387846565467
 20
-1.2338315480550217
 10
1.4085185434277323
 20
-1.2659047612756391
 10
1.4190301168721777
 20
-1.2968708580912813
 10
1.4334936490538897
 20
-1.326200000000009
 10
1.4516616649271907
 20
-1.353390357252189
 10
1.4732233047033625
 20
-1.3779766952966457
 10
1.4978096427478191
 20
-1.3995383350728177
 10
1.5249999999999995
 20
-1.4177063509461185
 10
1.5543291419087268
 20
-1.4321698831278304
 10
1.585295238724369
 20
-1.4426814565722759
 10
1.6173684519449862
 20
-1.4490612153434614
 10
1.6499999999999995
 20
-1.451200000000009
 10
1.6826315480550122
 20
-1.4490612153434617
 10
1.7147047612756294
 20
-1.442681456572276
 10
1.7456708580912719
 20
-1.4321698831278307
 10
1.7749999999999992
 20
-1.4177063509461187
 10
1.8021903572521794
 20
-1.3995383350728179
 10
1.8267766952966362
 20
-1.377976695296646
 10
1.8483383350728082
 20
-1.3533903572521893
 10
1.866506350946109
 20
-1.326200000000009
 10
1.880969883127821
 20
-1.2968708580912816
 10
1.8914814565722664
 20
-1.2659047612756393
 10
1.897861215343452
 20
-1.2338315480550222
 97
0
 75
0
 76
1
 98
0
  0
HATCH
  5
416
330
17
100
AcDbEntity
  8
A-OSIE
 62
7
420
16777215
100
AcDbHatch
 10
0.0
 20
0.0
 30
0.0
210
0.0
220
0.0
230
1.0
  2
SOLID
 70
1
 71
0
 91
1
 92
3
 72
0
 73
1
 93
48
 10
4.7749999999999995
 20
-1.201200000000009
 10
4.772861215343452
 20
-1.1685684519449961
 10
4.766481456572267
 20
-1.1364952387243787
 10
4.755969883127821
 20
-1.1055291419087365
 10
4.741506350946109
 20
-1.076200000000009
 10
4.723338335072809
 20
-1.0490096427478288
 10
4.701776695296636
 20
-1.024423304703372
 10
4.677190357252179
 20
-1.0028616649272002
 10
4.6499999999999995
 20
-0.9846936490538993
 10
4.620670858091272
 20
-0.9702301168721872
 10
4.589704761275629
 20
-0.9597185434277419
 10
4.557631548055013
 20
-0.9533387846565563
 10
4.5249999999999995
 20
-0.9512000000000089
 10
4.492368451944986
 20
-0.9533387846565563
 10
4.4602952387243695
 20
-0.9597185434277419
 10
4.4293291419087275
 20
-0.9702301168721872
 10
4.3999999999999995
 20
-0.9846936490538992
 10
4.37280964274782
 20
-1.0028616649272002
 10
4.348223304703363
 20
-1.024423304703372
 10
4.32666166492719
 20
-1.0490096427478286
 10
4.30849364905389
 20
-1.076200000000009
 10
4.294030116872178
 20
-1.1055291419087365
 10
4.283518543427732
 20
-1.1364952387243787
 10
4.277138784656547
 20
-1.168568451944996
 10
4.2749999999999995
 20
-1.201200000000009
 10
4.277138784656547
 20
-1.2338315480550217
 10
4.283518543427732
 20
-1.2659047612756391
 10
4.294030116872178
 20
-1.2968708580912813
 10
4.30849364905389
 20
-1.326200000000009
 10
4.32666166492719
 20
-1.353390357252189
 10
4.348223304703362
 20
-1.3779766952966457
 10
4.37280964274782
 20
-1.3995383350728177
 10
4.3999999999999995
 20
-1.4177063509461185
 10
4.429329141908727
 20
-1.4321698831278304
 10
4.4602952387243695
 20
-1.4426814565722759
 10
4.492368451944986
 20
-1.4490612153434614
 10
4.5249999999999995
 20
-1.451200000000009
 10
4.557631548055013
 20
-1.4490612153434617
 10
4.589704761275629
 20
-1.442681456572276
 10
4.620670858091271
 20
-1.4321698831278307
 10
4.6499999999999995
 20
-1.4177063509461187
 10
4.677190357252179
 20
-1.3995383350728179
 10
4.701776695296636
 20
-1.377976695296646
 10
4.723338335072809
 20
-1.3533903572521893
 10
4.741506350946109
 20
-1.326200000000009
 10
4.755969883127821
 20
-1.2968708580912816
 10
4.766481456572267
 20
-1.2659047612756393
 10
4.772861215343452
 20
-1.2338315480550222
 97
0
 75
0
 76
1
 98
0
  0
CIRCLE
  5
417
330
17
100
AcDbEntity
  8
A-OSIE
  6
Continuous
370
35
 48
0.05
100
AcDbCircle
 10
-4.8500000000000005
 20
-1.201200000000009
 30
0.0
 40
0.25
  0
CIRCLE
  5
418
330
17
100
AcDbEntity
  8
A-OSIE
  6
Continuous
370
35
 48
0.05
100
AcDbCircle
 10
-4.2250000000000005
 20
-1.201200000000009
 30
0.0
 40
0.25
  0
CIRCLE
  5
419
330
17
100
AcDbEntity
  8
A-OSIE
  6
Continuous
370
35
 48
0.05
100
AcDbCircle
 10
-0.6000000000000005
 20
-1.201200000000009
 30
0.0
 40
0.25
  0
CIRCLE
  5
41A
330
17
100
AcDbEntity
  8
A-OSIE
  6
Continuous
370
35
 48
0.05
100
AcDbCircle
 10
0.7749999999999995
 20
-1.201200000000009
 30
0.0
 40
0.25
  0
CIRCLE
  5
41B
330
17
100
AcDbEntity
  8
A-OSIE
  6
Continuous
370
35
 48
0.05
100
AcDbCircle
 10
1.6499999999999995
 20
-1.201200000000009
 30
0.0
 40
0.25
  0
CIRCLE
  5
41C
330
17
100
AcDbEntity
  8
A-OSIE
  6
Continuous
370
35
 48
0.05
100
AcDbCircle
 10
4.5249999999999995
 20
-1.201200000000009
 30
0.0
 40
0.25
  0
TEXT
  5
41D
330
17
100
AcDbEntity
  8
A-OSIE
100
AcDbText
 10
-4.920727344992051
 20
-1.2887000000000088
 30
0.0
 40
0.17500000000000002
  1
5
  7
PL_ARIAL
 11
-4.920727344992051
 21
-1.2887000000000088
 31
0.0
100
AcDbText
  0
TEXT
  5
41E
330
17
100
AcDbEntity
  8
A-OSIE
100
AcDbText
 10
-4.295727344992051
 20
-1.2887000000000088
 30
0.0
 40
0.17500000000000002
  1
4
  7
PL_ARIAL
 11
-4.295727344992051
 21
-1.2887000000000088
 31
0.0
100
AcDbText
  0
TEXT
  5
41F
330
17
100
AcDbEntity
  8
A-OSIE
100
AcDbText
 10
-0.6707273449920514
 20
-1.2887000000000088
 30
0.0
 40
0.17500000000000002
  1
3
  7
PL_ARIAL
 11
-0.6707273449920514
 21
-1.2887000000000088
 31
0.0
100
AcDbText
  0
TEXT
  5
420
330
17
100
AcDbEntity
  8
A-OSIE
100
AcDbText
 10
0.6831478537360884
 20
-1.2887000000000088
 30
0.0
 40
0.17500000000000002
  1
H
  7
PL_ARIAL
 11
0.6831478537360884
 21
-1.2887000000000088
 31
0.0
100
AcDbText
  0
TEXT
  5
421
330
17
100
AcDbEntity
  8
A-OSIE
100
AcDbText
 10
1.5792726550079486
 20
-1.2887000000000088
 30
0.0
 40
0.17500000000000002
  1
2
  7
PL_ARIAL
 11
1.5792726550079486
 21
-1.2887000000000088
 31
0.0
100
AcDbText
  0
TEXT
  5
422
330
17
100
AcDbEntity
  8
A-OSIE
100
AcDbText
 10
4.454272655007949
 20
-1.2887000000000088
 30
0.0
 40
0.17500000000000002
  1
1
  7
PL_ARIAL
 11
4.454272655007949
 21
-1.2887000000000088
 31
0.0
100
AcDbText
  0
HATCH
  5
423
330
17
100
AcDbEntity
  8
A-ELEWACJE
 62
7
420
0
100
AcDbHatch
 10
0.0
 20
0.0
 30
0.0
210
0.0
220
0.0
230
1.0
  2
SOLID
 70
1
 71
0
 91
1
 92
3
 72
0
 73
1
 93
3
 10
1.8143749999999996
 20
1.21575
 10
1.696997287911943
 20
1.190800597101869
 10
1.696997287911943
 20
1.2406994028981313
 97
0
 75
0
 76
1
 98
0
  0
LWPOLYLINE
  5
424
330
17
100
AcDbEntity
  8
A-ELEWACJE
370
35
 48
0.05
100
AcDbPolyline
 90
5
 70
0
 10
7.825000000000001
 20
-0.05
 10
-0.6000000000000001
 20
-0.05
 10
-0.6000000000000001
 20
-0.02
 10
7.825000000000001
 20
-0.02
 10
7.825000000000001
 20
-0.05
  0
LWPOLYLINE
  5
425
330
17
100
AcDbEntity
  8
A-ELEWACJE
370
35
 48
0.05
100
AcDbPolyline
 90
2
 70
0
 10
-0.6
 20
-0.29065
 10
-0.6
 20
-0.0504
  0
LWPOLYLINE
  5
426
330
17
100
AcDbEntity
  8
A-ELEWACJE
370
35
 48
0.05
100
AcDbPolyline
 90
2
 70
0
 10
7.825
 20
-0.0504
 10
7.825
 20
-0.3412
  0
LWPOLYLINE
  5
427
330
17
100
AcDbEntity
  8
A-ELEWACJE
370
35
 48
0.05
100
AcDbPolyline
 90
5
 70
0
 10
-0.9
 20
6.250000000000001
 10
-0.9
 20
6.252000000000001
 10
5.825
 20
6.252000000000001
 10
5.825
 20
6.250000000000001
 10
-0.9
 20
6.250000000000001
  0
LWPOLYLINE
  5
428
330
17
100
AcDbEntity
  8
A-ELEWACJE
370
35
 48
0.05
100
AcDbPolyline
 90
5
 70
0
 10
-0.9
 20
9.4
 10
-0.9
 20
9.402000000000001
 10
5.825
 20
9.402000000000001
 10
5.825
 20
9.4
 10
-0.9
 20
9.4
  0
LWPOLYLINE
  5
429
330
17
100
AcDbEntity
  8
A-ELEWACJE
370
35
 48
0.05
100
AcDbPolyline
 90
5
 70
0
 10
-0.9
 20
5.935
 10
-0.9
 20
5.95
 10
5.825
 20
5.95
 10
5.825
 20
5.935
 10
-0.9
 20
5.935
  0
LWPOLYLINE
  5
42A
330
17
100
AcDbEntity
  8
A-ELEWACJE
370
35
 48
0.05
100
AcDbPolyline
 90
5
 70
0
 10
-0.9
 20
9.065
 10
-0.9
 20
9.08
 10
5.825
 20
9.08
 10
5.825
 20
9.065
 10
-0.9
 20
9.065
  0
LWPOLYLINE
  5
42B
330
17
100
AcDbEntity
  8
A-ELEWACJE
370
35
 48
0.05
100
AcDbPolyline
 90
2
 70
0
 10
-0.9
 20
5.9504
 10
-0.9
 20
6.2496
  0
LWPOLYLINE
  5
42C
330
17
100
AcDbEntity
  8
A-ELEWACJE
370
35
 48
0.05
100
AcDbPolyline
 90
2
 70
0
 10
-0.9
 20
9.0804
 10
-0.9
 20
9.3996
  0
LWPOLYLINE
  5
42D
330
17
100
AcDbEntity
  8
A-ELEWACJE
370
35
 48
0.05
100
AcDbPolyline
 90
2
 70
0
 10
5.825
 20
6.2496
 10
5.825
 20
5.9504
  0
LWPOLYLINE
  5
42E
330
17
100
AcDbEntity
  8
A-ELEWACJE
370
35
 48
0.05
100
AcDbPolyline
 90
2
 70
0
 10
5.825
 20
9.3996
 10
5.825
 20
9.0804
  0
LWPOLYLINE
  5
42F
330
17
100
AcDbEntity
  8
A-ELEWACJE
370
35
 48
0.05
100
AcDbPolyline
 90
5
 70
0
 10
5.825
 20
3.0500000000000003
 10
-0.6000000000000001
 20
3.0500000000000003
 10
-0.6000000000000001
 20
3.052
 10
5.825
 20
3.052
 10
5.825
 20
3.0500000000000003
  0
LWPOLYLINE
  5
430
330
17
100
AcDbEntity
  8
A-ELEWACJE
370
35
 48
0.05
100
AcDbPolyline
 90
5
 70
0
 10
5.825
 20
2.7350000000000003
 10
-0.6000000000000001
 20
2.7350000000000003
 10
-0.6000000000000001
 20
2.7500000000000004
 10
5.825
 20
2.7500000000000004
 10
5.825
 20
2.7350000000000003
  0
LWPOLYLINE
  5
431
330
17
100
AcDbEntity
  8
A-ELEWACJE
370
35
 48
0.05
100
AcDbPolyline
 90
2
 70
0
 10
-0.6
 20
2.7504
 10
-0.6
 20
3.0496
  0
LWPOLYLINE
  5
432
330
17
100
AcDbEntity
  8
A-ELEWACJE
370
35
 48
0.05
100
AcDbPolyline
 90
2
 70
0
 10
5.825
 20
3.0496
 10
5.825
 20
2.7504
  0
LWPOLYLINE
  5
433
330
17
100
AcDbEntity
  8
A-ELEWACJE
370
35
 48
0.05
100
AcDbPolyline
 90
2
 70
0
 10
-0.8775
 20
6.2524
 10
-0.8775
 20
9.0646
  0
LWPOLYLINE
  5
434
330
17
100
AcDbEntity
  8
A-ELEWACJE
370
35
 48
0.05
100
AcDbPolyline
 90
2
 70
0
 10
-0.8375
 20
9.0646
 10
-0.8375
 20
6.2524
  0
LWPOLYLINE
  5
435
330
17
100
AcDbEntity
  8
A-ELEWACJE
370
35
 48
0.05
100
AcDbPolyline
 90
2
 70
0
 10
-0.7575
 20
6.2524
 10
-0.7575
 20
9.0646
  0
LWPOLYLINE
  5
436
330
17
100
AcDbEntity
  8
A-ELEWACJE
370
35
 48
0.05
100
AcDbPolyline
 90
2
 70
0
 10
-0.7175
 20
9.0646
 10
-0.7175
 20
6.2524
  0
LWPOLYLINE
  5
437
330
17
100
AcDbEntity
  8
A-ELEWACJE
370
35
 48
0.05
100
AcDbPolyline
 90
2
 70
0
 10
-0.6375
 20
6.2524
 10
-0.6375
 20
9.0646
  0
LWPOLYLINE
  5
438
330
17
100
AcDbEntity
  8
A-ELEWACJE
370
35
 48
0.05
100
AcDbPolyline
 90
2
 70
0
 10
-0.5975
 20
9.0646
 10
-0.5975
 20
6.2524
  0
LWPOLYLINE
  5
439
330
17
100
AcDbEntity
  8
A-ELEWACJE
370
35
 48
0.05
100
AcDbPolyline
 90
2
 70
0
 10
-0.5175
 20
6.2524
 10
-0.5175
 20
9.0646
  0
LWPOLYLINE
  5
43A
330
17
100
AcDbEntity
  8
A-ELEWACJE
370
35
 48
0.05
100
AcDbPolyline
 90
2
 70
0
 10
-0.4775
 20
9.0646
 10
-0.4775
 20
6.2524
  0
LWPOLYLINE
  5
43B
330
17
100
AcDbEntity
  8
A-ELEWACJE
370
35
 48
0.05
100
AcDbPolyline
 90
2
 70
0
 10
-0.3975
 20
6.2524
 10
-0.3975
 20
9.0646
  0
LWPOLYLINE
  5
43C
330
17
100
AcDbEntity
  8
A-ELEWACJE
370
35
 48
0.05
100
AcDbPolyline
 90
2
 70
0
 10
-0.3575
 20
9.0646
 10
-0.3575
 20
6.2524
  0
LWPOLYLINE
  5
43D
330
17
100
AcDbEntity
  8
A-ELEWACJE
370
35
 48
0.05
100
AcDbPolyline
 90
2
 70
0
 10
-0.2775
 20
6.2524
 10
-0.2775
 20
9.0646
  0
LWPOLYLINE
  5
43E
330
17
100
AcDbEntity
  8
A-ELEWACJE
370
35
 48
0.05
100
AcDbPolyline
 90
2
 70
0
 10
-0.2375
 20
9.0646
 10
-0.2375
 20
6.2524
  0
LWPOLYLINE
  5
43F
330
17
100
AcDbEntity
  8
A-ELEWACJE
370
35
 48
0.05
100
AcDbPolyline
 90
2
 70
0
 10
-0.1575
 20
6.2524
 10
-0.1575
 20
9.0646
  0
LWPOLYLINE
  5
440
330
17
100
AcDbEntity
  8
A-ELEWACJE
370
35
 48
0.05
100
AcDbPolyline
 90
2
 70
0
 10
-0.1175
 20
9.0646
 10
-0.1175
 20
6.2524
  0
LWPOLYLINE
  5
441
330
17
100
AcDbEntity
  8
A-ELEWACJE
370
35
 48
0.05
100
AcDbPolyline
 90
2
 70
0
 10
-0.0375
 20
6.2524
 10
-0.0375
 20
9.0646
  0
LWPOLYLINE
  5
442
330
17
100
AcDbEntity
  8
A-ELEWACJE
370
35
 48
0.05
100
AcDbPolyline
 90
2
 70
0
 10
0.0025
 20
9.0646
 10
0.0025
 20
6.2524
  0
LWPOLYLINE
  5
443
330
17
100
AcDbEntity
  8
A-ELEWACJE
370
35
 48
0.05
100
AcDbPolyline
 90
2
 70
0
 10
0.0825
 20
6.2524
 10
0.0825
 20
9.0646
  0
LWPOLYLINE
  5
444
330
17
100
AcDbEntity
  8
A-ELEWACJE
370
35
 48
0.05
100
AcDbPolyline
 90
2
 70
0
 10
0.1225
 20
9.0646
 10
0.1225
 20
6.2524
  0
LWPOLYLINE
  5
445
330
17
100
AcDbEntity
  8
A-ELEWACJE
370
35
 48
0.05
100
AcDbPolyline
 90
2
 70
0
 10
0.2025
 20
6.2524
 10
0.2025
 20
9.0646
  0
LWPOLYLINE
  5
446
330
17
100
AcDbEntity
  8
A-ELEWACJE
370
35
 48
0.05
100
AcDbPolyline
 90
2
 70
0
 10
0.2425
 20
9.0646
 10
0.2425
 20
6.2524
  0
LWPOLYLINE
  5
447
330
17
100
AcDbEntity
  8
A-ELEWACJE
370
35
 48
0.05
100
AcDbPolyline
 90
2
 70
0
 10
0.3225
 20
6.2524
 10
0.3225
 20
9.0646
  0
LWPOLYLINE
  5
448
330
17
100
AcDbEntity
  8
A-ELEWACJE
370
35
 48
0.05
100
AcDbPolyline
 90
2
 70
0
 10
0.3625
 20
9.0646
 10
0.3625
 20
6.2524
  0
LWPOLYLINE
  5
449
330
17
100
AcDbEntity
  8
A-ELEWACJE
370
35
 48
0.05
100
AcDbPolyline
 90
2
 70
0
 10
0.4425
 20
6.2524
 10
0.4425
 20
9.0646
  0
LWPOLYLINE
  5
44A
330
17
100
AcDbEntity
  8
A-ELEWACJE
370
35
 48
0.05
100
AcDbPolyline
 90
2
 70
0
 10
0.4825
 20
9.0646
 10
0.4825
 20
6.2524
  0
LWPOLYLINE
  5
44B
330
17
100
AcDbEntity
  8
A-ELEWACJE
370
35
 48
0.05
100
AcDbPolyline
 90
2
 70
0
 10
0.5625
 20
6.2524
 10
0.5625
 20
9.0646
  0
LWPOLYLINE
  5
44C
330
17
100
AcDbEntity
  8
A-ELEWACJE
370
35
 48
0.05
100
AcDbPolyline
 90
2
 70
0
 10
0.6025
 20
9.0646
 10
0.6025
 20
6.2524
  0
LWPOLYLINE
  5
44D
330
17
100
AcDbEntity
  8
A-ELEWACJE
370
35
 48
0.05
100
AcDbPolyline
 90
2
 70
0
 10
0.6825
 20
6.2524
 10
0.6825
 20
9.0646
  0
LWPOLYLINE
  5
44E
330
17
100
AcDbEntity
  8
A-ELEWACJE
370
35
 48
0.05
100
AcDbPolyline
 90
2
 70
0
 10
0.7225
 20
9.0646
 10
0.7225
 20
6.2524
  0
LWPOLYLINE
  5
44F
330
17
100
AcDbEntity
  8
A-ELEWACJE
370
35
 48
0.05
100
AcDbPolyline
 90
2
 70
0
 10
0.8025
 20
6.2524
 10
0.8025
 20
9.0646
  0
LWPOLYLINE
  5
450
330
17
100
AcDbEntity
  8
A-ELEWACJE
370
35
 48
0.05
100
AcDbPolyline
 90
2
 70
0
 10
0.8425
 20
9.0646
 10
0.8425
 20
6.2524
  0
LWPOLYLINE
  5
451
330
17
100
AcDbEntity
  8
A-ELEWACJE
370
35
 48
0.05
100
AcDbPolyline
 90
2
 70
0
 10
0.9225
 20
6.2524
 10
0.9225
 20
9.0646
  0
LWPOLYLINE
  5
452
330
17
100
AcDbEntity
  8
A-ELEWACJE
370
35
 48
0.05
100
AcDbPolyline
 90
2
 70
0
 10
0.9625
 20
9.0646
 10
0.9625
 20
6.2524
  0
LWPOLYLINE
  5
453
330
17
100
AcDbEntity
  8
A-ELEWACJE
370
35
 48
0.05
100
AcDbPolyline
 90
2
 70
0
 10
1.0425
 20
6.2524
 10
1.0425
 20
9.0646
  0
LWPOLYLINE
  5
454
330
17
100
AcDbEntity
  8
A-ELEWACJE
370
35
 48
0.05
100
AcDbPolyline
 90
2
 70
0
 10
1.0825
 20
9.0646
 10
1.0825
 20
6.2524
  0
LWPOLYLINE
  5
455
330
17
100
AcDbEntity
  8
A-ELEWACJE
370
35
 48
0.05
100
AcDbPolyline
 90
2
 70
0
 10
1.1625
 20
6.2524
 10
1.1625
 20
9.0646
  0
LWPOLYLINE
  5
456
330
17
100
AcDbEntity
  8
A-ELEWACJE
370
35
 48
0.05
100
AcDbPolyline
 90
2
 70
0
 10
1.2025
 20
9.0646
 10
1.2025
 20
6.2524
  0
LWPOLYLINE
  5
457
330
17
100
AcDbEntity
  8
A-ELEWACJE
370
35
 48
0.05
100
AcDbPolyline
 90
2
 70
0
 10
1.2825
 20
6.2524
 10
1.2825
 20
9.0646
  0
LWPOLYLINE
  5
458
330
17
100
AcDbEntity
  8
A-ELEWACJE
370
35
 48
0.05
100
AcDbPolyline
 90
2
 70
0
 10
1.3225
 20
9.0646
 10
1.3225
 20
6.2524
  0
LWPOLYLINE
  5
459
330
17
100
AcDbEntity
  8
A-ELEWACJE
370
35
 48
0.05
100
AcDbPolyline
 90
2
 70
0
 10
1.4025
 20
6.2524
 10
1.4025
 20
9.0646
  0
LWPOLYLINE
  5
45A
330
17
100
AcDbEntity
  8
A-ELEWACJE
370
35
 48
0.05
100
AcDbPolyline
 90
2
 70
0
 10
1.4425
 20
9.0646
 10
1.4425
 20
6.2524
  0
LWPOLYLINE
  5
45B
330
17
100
AcDbEntity
  8
A-ELEWACJE
370
35
 48
0.05
100
AcDbPolyline
 90
2
 70
0
 10
1.5225
 20
6.2524
 10
1.5225
 20
9.0646
  0
LWPOLYLINE
  5
45C
330
17
100
AcDbEntity
  8
A-ELEWACJE
370
35
 48
0.05
100
AcDbPolyline
 90
2
 70
0
 10
1.5625
 20
9.0646
 10
1.5625
 20
6.2524
  0
LWPOLYLINE
  5
45D
330
17
100
AcDbEntity
  8
A-ELEWACJE
370
35
 48
0.05
100
AcDbPolyline
 90
2
 70
0
 10
1.6425
 20
6.2524
 10
1.6425
 20
9.0646
  0
LWPOLYLINE
  5
45E
330
17
100
AcDbEntity
  8
A-ELEWACJE
370
35
 48
0.05
100
AcDbPolyline
 90
2
 70
0
 10
1.6825
 20
9.0646
 10
1.6825
 20
6.2524
  0
LWPOLYLINE
  5
45F
330
17
100
AcDbEntity
  8
A-ELEWACJE
370
35
 48
0.05
100
AcDbPolyline
 90
2
 70
0
 10
1.7625
 20
6.2524
 10
1.7625
 20
9.0646
  0
LWPOLYLINE
  5
460
330
17
100
AcDbEntity
  8
A-ELEWACJE
370
35
 48
0.05
100
AcDbPolyline
 90
2
 70
0
 10
1.8025
 20
9.0646
 10
1.8025
 20
6.2524
  0
LWPOLYLINE
  5
461
330
17
100
AcDbEntity
  8
A-ELEWACJE
370
35
 48
0.05
100
AcDbPolyline
 90
2
 70
0
 10
1.8825
 20
6.2524
 10
1.8825
 20
9.0646
  0
LWPOLYLINE
  5
462
330
17
100
AcDbEntity
  8
A-ELEWACJE
370
35
 48
0.05
100
AcDbPolyline
 90
2
 70
0
 10
1.9225
 20
9.0646
 10
1.9225
 20
6.2524
  0
LWPOLYLINE
  5
463
330
17
100
AcDbEntity
  8
A-ELEWACJE
370
35
 48
0.05
100
AcDbPolyline
 90
2
 70
0
 10
2.0025
 20
6.2524
 10
2.0025
 20
9.0646
  0
LWPOLYLINE
  5
464
330
17
100
AcDbEntity
  8
A-ELEWACJE
370
35
 48
0.05
100
AcDbPolyline
 90
2
 70
0
 10
2.0425
 20
9.0646
 10
2.0425
 20
6.2524
  0
LWPOLYLINE
  5
465
330
17
100
AcDbEntity
  8
A-ELEWACJE
370
35
 48
0.05
100
AcDbPolyline
 90
2
 70
0
 10
2.1225
 20
6.2524
 10
2.1225
 20
9.0646
  0
LWPOLYLINE
  5
466
330
17
100
AcDbEntity
  8
A-ELEWACJE
370
35
 48
0.05
100
AcDbPolyline
 90
2
 70
0
 10
2.1625
 20
9.0646
 10
2.1625
 20
6.2524
  0
LWPOLYLINE
  5
467
330
17
100
AcDbEntity
  8
A-ELEWACJE
370
35
 48
0.05
100
AcDbPolyline
 90
2
 70
0
 10
2.2425
 20
6.2524
 10
2.2425
 20
9.0646
  0
LWPOLYLINE
  5
468
330
17
100
AcDbEntity
  8
A-ELEWACJE
370
35
 48
0.05
100
AcDbPolyline
 90
2
 70
0
 10
2.2825
 20
9.0646
 10
2.2825
 20
6.2524
  0
LWPOLYLINE
  5
469
330
17
100
AcDbEntity
  8
A-ELEWACJE
370
35
 48
0.05
100
AcDbPolyline
 90
2
 70
0
 10
2.3625
 20
6.2524
 10
2.3625
 20
9.0646
  0
LWPOLYLINE
  5
46A
330
17
100
AcDbEntity
  8
A-ELEWACJE
370
35
 48
0.05
100
AcDbPolyline
 90
2
 70
0
 10
2.4025
 20
9.0646
 10
2.4025
 20
6.2524
  0
LWPOLYLINE
  5
46B
330
17
100
AcDbEntity
  8
A-ELEWACJE
370
35
 48
0.05
100
AcDbPolyline
 90
2
 70
0
 10
2.4825
 20
6.2524
 10
2.4825
 20
9.0646
  0
LWPOLYLINE
  5
46C
330
17
100
AcDbEntity
  8
A-ELEWACJE
370
35
 48
0.05
100
AcDbPolyline
 90
2
 70
0
 10
2.5225
 20
9.0646
 10
2.5225
 20
6.2524
  0
LWPOLYLINE
  5
46D
330
17
100
AcDbEntity
  8
A-ELEWACJE
370
35
 48
0.05
100
AcDbPolyline
 90
2
 70
0
 10
2.6025
 20
6.2524
 10
2.6025
 20
9.0646
  0
LWPOLYLINE
  5
46E
330
17
100
AcDbEntity
  8
A-ELEWACJE
370
35
 48
0.05
100
AcDbPolyline
 90
2
 70
0
 10
2.6425
 20
9.0646
 10
2.6425
 20
6.2524
  0
LWPOLYLINE
  5
46F
330
17
100
AcDbEntity
  8
A-ELEWACJE
370
35
 48
0.05
100
AcDbPolyline
 90
2
 70
0
 10
2.7225
 20
6.2524
 10
2.7225
 20
9.0646
  0
LWPOLYLINE
  5
470
330
17
100
AcDbEntity
  8
A-ELEWACJE
370
35
 48
0.05
100
AcDbPolyline
 90
2
 70
0
 10
2.7625
 20
9.0646
 10
2.7625
 20
6.2524
  0
LWPOLYLINE
  5
471
330
17
100
AcDbEntity
  8
A-ELEWACJE
370
35
 48
0.05
100
AcDbPolyline
 90
2
 70
0
 10
2.8425
 20
6.2524
 10
2.8425
 20
9.0646
  0
LWPOLYLINE
  5
472
330
17
100
AcDbEntity
  8
A-ELEWACJE
370
35
 48
0.05
100
AcDbPolyline
 90
2
 70
0
 10
2.8825
 20
9.0646
 10
2.8825
 20
6.2524
  0
LWPOLYLINE
  5
473
330
17
100
AcDbEntity
  8
A-ELEWACJE
370
35
 48
0.05
100
AcDbPolyline
 90
2
 70
0
 10
2.9625
 20
6.2524
 10
2.9625
 20
9.0646
  0
LWPOLYLINE
  5
474
330
17
100
AcDbEntity
  8
A-ELEWACJE
370
35
 48
0.05
100
AcDbPolyline
 90
2
 70
0
 10
3.0025
 20
9.0646
 10
3.0025
 20
6.2524
  0
LWPOLYLINE
  5
475
330
17
100
AcDbEntity
  8
A-ELEWACJE
370
35
 48
0.05
100
AcDbPolyline
 90
2
 70
0
 10
3.0825
 20
6.2524
 10
3.0825
 20
9.0646
  0
LWPOLYLINE
  5
476
330
17
100
AcDbEntity
  8
A-ELEWACJE
370
35
 48
0.05
100
AcDbPolyline
 90
2
 70
0
 10
3.1225
 20
9.0646
 10
3.1225
 20
6.2524
  0
LWPOLYLINE
  5
477
330
17
100
AcDbEntity
  8
A-ELEWACJE
370
35
 48
0.05
100
AcDbPolyline
 90
2
 70
0
 10
3.2025
 20
6.2524
 10
3.2025
 20
9.0646
  0
LWPOLYLINE
  5
478
330
17
100
AcDbEntity
  8
A-ELEWACJE
370
35
 48
0.05
100
AcDbPolyline
 90
2
 70
0
 10
3.2425
 20
9.0646
 10
3.2425
 20
6.2524
  0
LWPOLYLINE
  5
479
330
17
100
AcDbEntity
  8
A-ELEWACJE
370
35
 48
0.05
100
AcDbPolyline
 90
2
 70
0
 10
3.3225
 20
6.2524
 10
3.3225
 20
9.0646
  0
LWPOLYLINE
  5
47A
330
17
100
AcDbEntity
  8
A-ELEWACJE
370
35
 48
0.05
100
AcDbPolyline
 90
2
 70
0
 10
3.3625
 20
9.0646
 10
3.3625
 20
6.2524
  0
LWPOLYLINE
  5
47B
330
17
100
AcDbEntity
  8
A-ELEWACJE
370
35
 48
0.05
100
AcDbPolyline
 90
2
 70
0
 10
3.4425
 20
6.2524
 10
3.4425
 20
9.0646
  0
LWPOLYLINE
  5
47C
330
17
100
AcDbEntity
  8
A-ELEWACJE
370
35
 48
0.05
100
AcDbPolyline
 90
2
 70
0
 10
3.4825
 20
9.0646
 10
3.4825
 20
6.2524
  0
LWPOLYLINE
  5
47D
330
17
100
AcDbEntity
  8
A-ELEWACJE
370
35
 48
0.05
100
AcDbPolyline
 90
2
 70
0
 10
3.5625
 20
6.2524
 10
3.5625
 20
9.0646
  0
LWPOLYLINE
  5
47E
330
17
100
AcDbEntity
  8
A-ELEWACJE
370
35
 48
0.05
100
AcDbPolyline
 90
2
 70
0
 10
3.6025
 20
9.0646
 10
3.6025
 20
6.2524
  0
LWPOLYLINE
  5
47F
330
17
100
AcDbEntity
  8
A-ELEWACJE
370
35
 48
0.05
100
AcDbPolyline
 90
2
 70
0
 10
3.6825
 20
6.2524
 10
3.6825
 20
9.0646
  0
LWPOLYLINE
  5
480
330
17
100
AcDbEntity
  8
A-ELEWACJE
370
35
 48
0.05
100
AcDbPolyline
 90
2
 70
0
 10
3.7225
 20
9.0646
 10
3.7225
 20
6.2524
  0
LWPOLYLINE
  5
481
330
17
100
AcDbEntity
  8
A-ELEWACJE
370
35
 48
0.05
100
AcDbPolyline
 90
2
 70
0
 10
3.8025
 20
6.2524
 10
3.8025
 20
9.0646
  0
LWPOLYLINE
  5
482
330
17
100
AcDbEntity
  8
A-ELEWACJE
370
35
 48
0.05
100
AcDbPolyline
 90
2
 70
0
 10
3.8425
 20
9.0646
 10
3.8425
 20
6.2524
  0
LWPOLYLINE
  5
483
330
17
100
AcDbEntity
  8
A-ELEWACJE
370
35
 48
0.05
100
AcDbPolyline
 90
2
 70
0
 10
3.9225
 20
6.2524
 10
3.9225
 20
9.0646
  0
LWPOLYLINE
  5
484
330
17
100
AcDbEntity
  8
A-ELEWACJE
370
35
 48
0.05
100
AcDbPolyline
 90
2
 70
0
 10
3.9625
 20
9.0646
 10
3.9625
 20
6.2524
  0
LWPOLYLINE
  5
485
330
17
100
AcDbEntity
  8
A-ELEWACJE
370
35
 48
0.05
100
AcDbPolyline
 90
2
 70
0
 10
4.0425
 20
6.2524
 10
4.0425
 20
9.0646
  0
LWPOLYLINE
  5
486
330
17
100
AcDbEntity
  8
A-ELEWACJE
370
35
 48
0.05
100
AcDbPolyline
 90
2
 70
0
 10
4.0825
 20
9.0646
 10
4.0825
 20
6.2524
  0
LWPOLYLINE
  5
487
330
17
100
AcDbEntity
  8
A-ELEWACJE
370
35
 48
0.05
100
AcDbPolyline
 90
2
 70
0
 10
4.1625
 20
6.2524
 10
4.1625
 20
9.0646
  0
LWPOLYLINE
  5
488
330
17
100
AcDbEntity
  8
A-ELEWACJE
370
35
 48
0.05
100
AcDbPolyline
 90
2
 70
0
 10
4.2025
 20
9.0646
 10
4.2025
 20
6.2524
  0
LWPOLYLINE
  5
489
330
17
100
AcDbEntity
  8
A-ELEWACJE
370
35
 48
0.05
100
AcDbPolyline
 90
2
 70
0
 10
4.2825
 20
6.2524
 10
4.2825
 20
9.0646
  0
LWPOLYLINE
  5
48A
330
17
100
AcDbEntity
  8
A-ELEWACJE
370
35
 48
0.05
100
AcDbPolyline
 90
2
 70
0
 10
4.3225
 20
9.0646
 10
4.3225
 20
6.2524
  0
LWPOLYLINE
  5
48B
330
17
100
AcDbEntity
  8
A-ELEWACJE
370
35
 48
0.05
100
AcDbPolyline
 90
2
 70
0
 10
4.4025
 20
6.2524
 10
4.4025
 20
9.0646
  0
LWPOLYLINE
  5
48C
330
17
100
AcDbEntity
  8
A-ELEWACJE
370
35
 48
0.05
100
AcDbPolyline
 90
2
 70
0
 10
4.4425
 20
9.0646
 10
4.4425
 20
6.2524
  0
LWPOLYLINE
  5
48D
330
17
100
AcDbEntity
  8
A-ELEWACJE
370
35
 48
0.05
100
AcDbPolyline
 90
2
 70
0
 10
4.5225
 20
6.2524
 10
4.5225
 20
9.0646
  0
LWPOLYLINE
  5
48E
330
17
100
AcDbEntity
  8
A-ELEWACJE
370
35
 48
0.05
100
AcDbPolyline
 90
2
 70
0
 10
4.5625
 20
9.0646
 10
4.5625
 20
6.2524
  0
LWPOLYLINE
  5
48F
330
17
100
AcDbEntity
  8
A-ELEWACJE
370
35
 48
0.05
100
AcDbPolyline
 90
2
 70
0
 10
4.6425
 20
6.2524
 10
4.6425
 20
9.0646
  0
LWPOLYLINE
  5
490
330
17
100
AcDbEntity
  8
A-ELEWACJE
370
35
 48
0.05
100
AcDbPolyline
 90
2
 70
0
 10
4.6825
 20
9.0646
 10
4.6825
 20
6.2524
  0
LWPOLYLINE
  5
491
330
17
100
AcDbEntity
  8
A-ELEWACJE
370
35
 48
0.05
100
AcDbPolyline
 90
2
 70
0
 10
4.7625
 20
6.2524
 10
4.7625
 20
9.0646
  0
LWPOLYLINE
  5
492
330
17
100
AcDbEntity
  8
A-ELEWACJE
370
35
 48
0.05
100
AcDbPolyline
 90
2
 70
0
 10
4.8025
 20
9.0646
 10
4.8025
 20
6.2524
  0
LWPOLYLINE
  5
493
330
17
100
AcDbEntity
  8
A-ELEWACJE
370
35
 48
0.05
100
AcDbPolyline
 90
4
 70
0
 10
-0.8779
 20
6.4
 10
-0.9
 20
6.4
 10
-0.9
 20
6.46
 10
-0.8779
 20
6.46
  0
LWPOLYLINE
  5
494
330
17
100
AcDbEntity
  8
A-ELEWACJE
370
35
 48
0.05
100
AcDbPolyline
 90
4
 70
0
 10
-0.8779
 20
8.87
 10
-0.9
 20
8.87
 10
-0.9
 20
8.93
 10
-0.8779
 20
8.93
  0
LWPOLYLINE
  5
495
330
17
100
AcDbEntity
  8
A-ELEWACJE
370
35
 48
0.05
100
AcDbPolyline
 90
2
 70
0
 10
-0.7579
 20
6.4
 10
-0.8371
 20
6.4
  0
LWPOLYLINE
  5
496
330
17
100
AcDbEntity
  8
A-ELEWACJE
370
35
 48
0.05
100
AcDbPolyline
 90
2
 70
0
 10
-0.8371
 20
6.46
 10
-0.7579
 20
6.46
  0
LWPOLYLINE
  5
497
330
17
100
AcDbEntity
  8
A-ELEWACJE
370
35
 48
0.05
100
AcDbPolyline
 90
2
 70
0
 10
-0.7579
 20
8.87
 10
-0.8371
 20
8.87
  0
LWPOLYLINE
  5
498
330
17
100
AcDbEntity
  8
A-ELEWACJE
370
35
 48
0.05
100
AcDbPolyline
 90
2
 70
0
 10
-0.8371
 20
8.93
 10
-0.7579
 20
8.93
  0
LWPOLYLINE
  5
499
330
17
100
AcDbEntity
  8
A-ELEWACJE
370
35
 48
0.05
100
AcDbPolyline
 90
2
 70
0
 10
-0.6379
 20
6.4
 10
-0.7171
 20
6.4
  0
LWPOLYLINE
  5
49A
330
17
100
AcDbEntity
  8
A-ELEWACJE
370
35
 48
0.05
100
AcDbPolyline
 90
2
 70
0
 10
-0.7171
 20
6.46
 10
-0.6379
 20
6.46
  0
LWPOLYLINE
  5
49B
330
17
100
AcDbEntity
  8
A-ELEWACJE
370
35
 48
0.05
100
AcDbPolyline
 90
2
 70
0
 10
-0.6379
 20
8.87
 10
-0.7171
 20
8.87
  0
LWPOLYLINE
  5
49C
330
17
100
AcDbEntity
  8
A-ELEWACJE
370
35
 48
0.05
100
AcDbPolyline
 90
2
 70
0
 10
-0.7171
 20
8.93
 10
-0.6379
 20
8.93
  0
LWPOLYLINE
  5
49D
330
17
100
AcDbEntity
  8
A-ELEWACJE
370
35
 48
0.05
100
AcDbPolyline
 90
2
 70
0
 10
-0.5179
 20
6.4
 10
-0.5971
 20
6.4
  0
LWPOLYLINE
  5
49E
330
17
100
AcDbEntity
  8
A-ELEWACJE
370
35
 48
0.05
100
AcDbPolyline
 90
2
 70
0
 10
-0.5971
 20
6.46
 10
-0.5179
 20
6.46
  0
LWPOLYLINE
  5
49F
330
17
100
AcDbEntity
  8
A-ELEWACJE
370
35
 48
0.05
100
AcDbPolyline
 90
2
 70
0
 10
-0.5179
 20
8.87
 10
-0.5971
 20
8.87
  0
LWPOLYLINE
  5
4A0
330
17
100
AcDbEntity
  8
A-ELEWACJE
370
35
 48
0.05
100
AcDbPolyline
 90
2
 70
0
 10
-0.5971
 20
8.93
 10
-0.5179
 20
8.93
  0
LWPOLYLINE
  5
4A1
330
17
100
AcDbEntity
  8
A-ELEWACJE
370
35
 48
0.05
100
AcDbPolyline
 90
2
 70
0
 10
-0.3979
 20
6.4
 10
-0.4771
 20
6.4
  0
LWPOLYLINE
  5
4A2
330
17
100
AcDbEntity
  8
A-ELEWACJE
370
35
 48
0.05
100
AcDbPolyline
 90
2
 70
0
 10
-0.4771
 20
6.46
 10
-0.3979
 20
6.46
  0
LWPOLYLINE
  5
4A3
330
17
100
AcDbEntity
  8
A-ELEWACJE
370
35
 48
0.05
100
AcDbPolyline
 90
2
 70
0
 10
-0.3979
 20
8.87
 10
-0.4771
 20
8.87
  0
LWPOLYLINE
  5
4A4
330
17
100
AcDbEntity
  8
A-ELEWACJE
370
35
 48
0.05
100
AcDbPolyline
 90
2
 70
0
 10
-0.4771
 20
8.93
 10
-0.3979
 20
8.93
  0
LWPOLYLINE
  5
4A5
330
17
100
AcDbEntity
  8
A-ELEWACJE
370
35
 48
0.05
100
AcDbPolyline
 90
2
 70
0
 10
-0.2779
 20
6.4
 10
-0.3571
 20
6.4
  0
LWPOLYLINE
  5
4A6
330
17
100
AcDbEntity
  8
A-ELEWACJE
370
35
 48
0.05
100
AcDbPolyline
 90
2
 70
0
 10
-0.3571
 20
6.46
 10
-0.2779
 20
6.46
  0
LWPOLYLINE
  5
4A7
330
17
100
AcDbEntity
  8
A-ELEWACJE
370
35
 48
0.05
100
AcDbPolyline
 90
2
 70
0
 10
-0.2779
 20
8.87
 10
-0.3571
 20
8.87
  0
LWPOLYLINE
  5
4A8
330
17
100
AcDbEntity
  8
A-ELEWACJE
370
35
 48
0.05
100
AcDbPolyline
 90
2
 70
0
 10
-0.3571
 20
8.93
 10
-0.2779
 20
8.93
  0
LWPOLYLINE
  5
4A9
330
17
100
AcDbEntity
  8
A-ELEWACJE
370
35
 48
0.05
100
AcDbPolyline
 90
2
 70
0
 10
-0.1579
 20
6.4
 10
-0.2371
 20
6.4
  0
LWPOLYLINE
  5
4AA
330
17
100
AcDbEntity
  8
A-ELEWACJE
370
35
 48
0.05
100
AcDbPolyline
 90
2
 70
0
 10
-0.2371
 20
6.46
 10
-0.1579
 20
6.46
  0
LWPOLYLINE
  5
4AB
330
17
100
AcDbEntity
  8
A-ELEWACJE
370
35
 48
0.05
100
AcDbPolyline
 90
2
 70
0
 10
-0.1579
 20
8.87
 10
-0.2371
 20
8.87
  0
LWPOLYLINE
  5
4AC
330
17
100
AcDbEntity
  8
A-ELEWACJE
370
35
 48
0.05
100
AcDbPolyline
 90
2
 70
0
 10
-0.2371
 20
8.93
 10
-0.1579
 20
8.93
  0
LWPOLYLINE
  5
4AD
330
17
100
AcDbEntity
  8
A-ELEWACJE
370
35
 48
0.05
100
AcDbPolyline
 90
2
 70
0
 10
-0.0379
 20
6.4
 10
-0.1171
 20
6.4
  0
LWPOLYLINE
  5
4AE
330
17
100
AcDbEntity
  8
A-ELEWACJE
370
35
 48
0.05
100
AcDbPolyline
 90
2
 70
0
 10
-0.1171
 20
6.46
 10
-0.0379
 20
6.46
  0
LWPOLYLINE
  5
4AF
330
17
100
AcDbEntity
  8
A-ELEWACJE
370
35
 48
0.05
100
AcDbPolyline
 90
2
 70
0
 10
-0.0379
 20
8.87
 10
-0.1171
 20
8.87
  0
LWPOLYLINE
  5
4B0
330
17
100
AcDbEntity
  8
A-ELEWACJE
370
35
 48
0.05
100
AcDbPolyline
 90
2
 70
0
 10
-0.1171
 20
8.93
 10
-0.0379
 20
8.93
  0
LWPOLYLINE
  5
4B1
330
17
100
AcDbEntity
  8
A-ELEWACJE
370
35
 48
0.05
100
AcDbPolyline
 90
2
 70
0
 10
0.0821
 20
6.4
 10
0.0029
 20
6.4
  0
LWPOLYLINE
  5
4B2
330
17
100
AcDbEntity
  8
A-ELEWACJE
370
35
 48
0.05
100
AcDbPolyline
 90
2
 70
0
 10
0.0029
 20
6.46
 10
0.0821
 20
6.46
  0
LWPOLYLINE
  5
4B3
330
17
100
AcDbEntity
  8
A-ELEWACJE
370
35
 48
0.05
100
AcDbPolyline
 90
2
 70
0
 10
0.0821
 20
8.87
 10
0.0029
 20
8.87
  0
LWPOLYLINE
  5
4B4
330
17
100
AcDbEntity
  8
A-ELEWACJE
370
35
 48
0.05
100
AcDbPolyline
 90
2
 70
0
 10
0.0029
 20
8.93
 10
0.0821
 20
8.93
  0
LWPOLYLINE
  5
4B5
330
17
100
AcDbEntity
  8
A-ELEWACJE
370
35
 48
0.05
100
AcDbPolyline
 90
2
 70
0
 10
0.2021
 20
6.4
 10
0.1229
 20
6.4
  0
LWPOLYLINE
  5
4B6
330
17
100
AcDbEntity
  8
A-ELEWACJE
370
35
 48
0.05
100
AcDbPolyline
 90
2
 70
0
 10
0.1229
 20
6.46
 10
0.2021
 20
6.46
  0
LWPOLYLINE
  5
4B7
330
17
100
AcDbEntity
  8
A-ELEWACJE
370
35
 48
0.05
100
AcDbPolyline
 90
2
 70
0
 10
0.2021
 20
8.87
 10
0.1229
 20
8.87
  0
LWPOLYLINE
  5
4B8
330
17
100
AcDbEntity
  8
A-ELEWACJE
370
35
 48
0.05
100
AcDbPolyline
 90
2
 70
0
 10
0.1229
 20
8.93
 10
0.2021
 20
8.93
  0
LWPOLYLINE
  5
4B9
330
17
100
AcDbEntity
  8
A-ELEWACJE
370
35
 48
0.05
100
AcDbPolyline
 90
2
 70
0
 10
0.3221
 20
6.4
 10
0.2429
 20
6.4
  0
LWPOLYLINE
  5
4BA
330
17
100
AcDbEntity
  8
A-ELEWACJE
370
35
 48
0.05
100
AcDbPolyline
 90
2
 70
0
 10
0.2429
 20
6.46
 10
0.3221
 20
6.46
  0
LWPOLYLINE
  5
4BB
330
17
100
AcDbEntity
  8
A-ELEWACJE
370
35
 48
0.05
100
AcDbPolyline
 90
2
 70
0
 10
0.3221
 20
8.87
 10
0.2429
 20
8.87
  0
LWPOLYLINE
  5
4BC
330
17
100
AcDbEntity
  8
A-ELEWACJE
370
35
 48
0.05
100
AcDbPolyline
 90
2
 70
0
 10
0.2429
 20
8.93
 10
0.3221
 20
8.93
  0
LWPOLYLINE
  5
4BD
330
17
100
AcDbEntity
  8
A-ELEWACJE
370
35
 48
0.05
100
AcDbPolyline
 90
2
 70
0
 10
0.4421
 20
6.4
 10
0.3629
 20
6.4
  0
LWPOLYLINE
  5
4BE
330
17
100
AcDbEntity
  8
A-ELEWACJE
370
35
 48
0.05
100
AcDbPolyline
 90
2
 70
0
 10
0.3629
 20
6.46
 10
0.4421
 20
6.46
  0
LWPOLYLINE
  5
4BF
330
17
100
AcDbEntity
  8
A-ELEWACJE
370
35
 48
0.05
100
AcDbPolyline
 90
2
 70
0
 10
0.4421
 20
8.87
 10
0.3629
 20
8.87
  0
LWPOLYLINE
  5
4C0
330
17
100
AcDbEntity
  8
A-ELEWACJE
370
35
 48
0.05
100
AcDbPolyline
 90
2
 70
0
 10
0.3629
 20
8.93
 10
0.4421
 20
8.93
  0
LWPOLYLINE
  5
4C1
330
17
100
AcDbEntity
  8
A-ELEWACJE
370
35
 48
0.05
100
AcDbPolyline
 90
2
 70
0
 10
0.5621
 20
6.4
 10
0.4829
 20
6.4
  0
LWPOLYLINE
  5
4C2
330
17
100
AcDbEntity
  8
A-ELEWACJE
370
35
 48
0.05
100
AcDbPolyline
 90
2
 70
0
 10
0.4829
 20
6.46
 10
0.5621
 20
6.46
  0
LWPOLYLINE
  5
4C3
330
17
100
AcDbEntity
  8
A-ELEWACJE
370
35
 48
0.05
100
AcDbPolyline
 90
2
 70
0
 10
0.5621
 20
8.87
 10
0.4829
 20
8.87
  0
LWPOLYLINE
  5
4C4
330
17
100
AcDbEntity
  8
A-ELEWACJE
370
35
 48
0.05
100
AcDbPolyline
 90
2
 70
0
 10
0.4829
 20
8.93
 10
0.5621
 20
8.93
  0
LWPOLYLINE
  5
4C5
330
17
100
AcDbEntity
  8
A-ELEWACJE
370
35
 48
0.05
100
AcDbPolyline
 90
2
 70
0
 10
0.6821
 20
6.4
 10
0.6029
 20
6.4
  0
LWPOLYLINE
  5
4C6
330
17
100
AcDbEntity
  8
A-ELEWACJE
370
35
 48
0.05
100
AcDbPolyline
 90
2
 70
0
 10
0.6029
 20
6.46
 10
0.6821
 20
6.46
  0
LWPOLYLINE
  5
4C7
330
17
100
AcDbEntity
  8
A-ELEWACJE
370
35
 48
0.05
100
AcDbPolyline
 90
2
 70
0
 10
0.6821
 20
8.87
 10
0.6029
 20
8.87
  0
LWPOLYLINE
  5
4C8
330
17
100
AcDbEntity
  8
A-ELEWACJE
370
35
 48
0.05
100
AcDbPolyline
 90
2
 70
0
 10
0.6029
 20
8.93
 10
0.6821
 20
8.93
  0
LWPOLYLINE
  5
4C9
330
17
100
AcDbEntity
  8
A-ELEWACJE
370
35
 48
0.05
100
AcDbPolyline
 90
2
 70
0
 10
0.8021
 20
6.4
 10
0.7229
 20
6.4
  0
LWPOLYLINE
  5
4CA
330
17
100
AcDbEntity
  8
A-ELEWACJE
370
35
 48
0.05
100
AcDbPolyline
 90
2
 70
0
 10
0.7229
 20
6.46
 10
0.8021
 20
6.46
  0
LWPOLYLINE
  5
4CB
330
17
100
AcDbEntity
  8
A-ELEWACJE
370
35
 48
0.05
100
AcDbPolyline
 90
2
 70
0
 10
0.8021
 20
8.87
 10
0.7229
 20
8.87
  0
LWPOLYLINE
  5
4CC
330
17
100
AcDbEntity
  8
A-ELEWACJE
370
35
 48
0.05
100
AcDbPolyline
 90
2
 70
0
 10
0.7229
 20
8.93
 10
0.8021
 20
8.93
  0
LWPOLYLINE
  5
4CD
330
17
100
AcDbEntity
  8
A-ELEWACJE
370
35
 48
0.05
100
AcDbPolyline
 90
2
 70
0
 10
0.9221
 20
6.4
 10
0.8429
 20
6.4
  0
LWPOLYLINE
  5
4CE
330
17
100
AcDbEntity
  8
A-ELEWACJE
370
35
 48
0.05
100
AcDbPolyline
 90
2
 70
0
 10
0.8429
 20
6.46
 10
0.9221
 20
6.46
  0
LWPOLYLINE
  5
4CF
330
17
100
AcDbEntity
  8
A-ELEWACJE
370
35
 48
0.05
100
AcDbPolyline
 90
2
 70
0
 10
0.9221
 20
8.87
 10
0.8429
 20
8.87
  0
LWPOLYLINE
  5
4D0
330
17
100
AcDbEntity
  8
A-ELEWACJE
370
35
 48
0.05
100
AcDbPolyline
 90
2
 70
0
 10
0.8429
 20
8.93
 10
0.9221
 20
8.93
  0
LWPOLYLINE
  5
4D1
330
17
100
AcDbEntity
  8
A-ELEWACJE
370
35
 48
0.05
100
AcDbPolyline
 90
2
 70
0
 10
1.0421
 20
6.4
 10
0.9629
 20
6.4
  0
LWPOLYLINE
  5
4D2
330
17
100
AcDbEntity
  8
A-ELEWACJE
370
35
 48
0.05
100
AcDbPolyline
 90
2
 70
0
 10
0.9629
 20
6.46
 10
1.0421
 20
6.46
  0
LWPOLYLINE
  5
4D3
330
17
100
AcDbEntity
  8
A-ELEWACJE
370
35
 48
0.05
100
AcDbPolyline
 90
2
 70
0
 10
1.0421
 20
8.87
 10
0.9629
 20
8.87
  0
LWPOLYLINE
  5
4D4
330
17
100
AcDbEntity
  8
A-ELEWACJE
370
35
 48
0.05
100
AcDbPolyline
 90
2
 70
0
 10
0.9629
 20
8.93
 10
1.0421
 20
8.93
  0
LWPOLYLINE
  5
4D5
330
17
100
AcDbEntity
  8
A-ELEWACJE
370
35
 48
0.05
100
AcDbPolyline
 90
2
 70
0
 10
1.1621
 20
6.4
 10
1.0829
 20
6.4
  0
LWPOLYLINE
  5
4D6
330
17
100
AcDbEntity
  8
A-ELEWACJE
370
35
 48
0.05
100
AcDbPolyline
 90
2
 70
0
 10
1.0829
 20
6.46
 10
1.1621
 20
6.46
  0
LWPOLYLINE
  5
4D7
330
17
100
AcDbEntity
  8
A-ELEWACJE
370
35
 48
0.05
100
AcDbPolyline
 90
2
 70
0
 10
1.1621
 20
8.87
 10
1.0829
 20
8.87
  0
LWPOLYLINE
  5
4D8
330
17
100
AcDbEntity
  8
A-ELEWACJE
370
35
 48
0.05
100
AcDbPolyline
 90
2
 70
0
 10
1.0829
 20
8.93
 10
1.1621
 20
8.93
  0
LWPOLYLINE
  5
4D9
330
17
100
AcDbEntity
  8
A-ELEWACJE
370
35
 48
0.05
100
AcDbPolyline
 90
2
 70
0
 10
1.2821
 20
6.4
 10
1.2029
 20
6.4
  0
LWPOLYLINE
  5
4DA
330
17
100
AcDbEntity
  8
A-ELEWACJE
370
35
 48
0.05
100
AcDbPolyline
 90
2
 70
0
 10
1.2029
 20
6.46
 10
1.2821
 20
6.46
  0
LWPOLYLINE
  5
4DB
330
17
100
AcDbEntity
  8
A-ELEWACJE
370
35
 48
0.05
100
AcDbPolyline
 90
2
 70
0
 10
1.2821
 20
8.87
 10
1.2029
 20
8.87
  0
LWPOLYLINE
  5
4DC
330
17
100
AcDbEntity
  8
A-ELEWACJE
370
35
 48
0.05
100
AcDbPolyline
 90
2
 70
0
 10
1.2029
 20
8.93
 10
1.2821
 20
8.93
  0
LWPOLYLINE
  5
4DD
330
17
100
AcDbEntity
  8
A-ELEWACJE
370
35
 48
0.05
100
AcDbPolyline
 90
2
 70
0
 10
1.4021
 20
6.4
 10
1.3229
 20
6.4
  0
LWPOLYLINE
  5
4DE
330
17
100
AcDbEntity
  8
A-ELEWACJE
370
35
 48
0.05
100
AcDbPolyline
 90
2
 70
0
 10
1.3229
 20
6.46
 10
1.4021
 20
6.46
  0
LWPOLYLINE
  5
4DF
330
17
100
AcDbEntity
  8
A-ELEWACJE
370
35
 48
0.05
100
AcDbPolyline
 90
2
 70
0
 10
1.4021
 20
8.87
 10
1.3229
 20
8.87
  0
LWPOLYLINE
  5
4E0
330
17
100
AcDbEntity
  8
A-ELEWACJE
370
35
 48
0.05
100
AcDbPolyline
 90
2
 70
0
 10
1.3229
 20
8.93
 10
1.4021
 20
8.93
  0
LWPOLYLINE
  5
4E1
330
17
100
AcDbEntity
  8
A-ELEWACJE
370
35
 48
0.05
100
AcDbPolyline
 90
2
 70
0
 10
1.5221
 20
6.4
 10
1.4429
 20
6.4
  0
LWPOLYLINE
  5
4E2
330
17
100
AcDbEntity
  8
A-ELEWACJE
370
35
 48
0.05
100
AcDbPolyline
 90
2
 70
0
 10
1.4429
 20
6.46
 10
1.5221
 20
6.46
  0
LWPOLYLINE
  5
4E3
330
17
100
AcDbEntity
  8
A-ELEWACJE
370
35
 48
0.05
100
AcDbPolyline
 90
2
 70
0
 10
1.5221
 20
8.87
 10
1.4429
 20
8.87
  0
LWPOLYLINE
  5
4E4
330
17
100
AcDbEntity
  8
A-ELEWACJE
370
35
 48
0.05
100
AcDbPolyline
 90
2
 70
0
 10
1.4429
 20
8.93
 10
1.5221
 20
8.93
  0
LWPOLYLINE
  5
4E5
330
17
100
AcDbEntity
  8
A-ELEWACJE
370
35
 48
0.05
100
AcDbPolyline
 90
2
 70
0
 10
1.6421
 20
6.4
 10
1.5629
 20
6.4
  0
LWPOLYLINE
  5
4E6
330
17
100
AcDbEntity
  8
A-ELEWACJE
370
35
 48
0.05
100
AcDbPolyline
 90
2
 70
0
 10
1.5629
 20
6.46
 10
1.6421
 20
6.46
  0
LWPOLYLINE
  5
4E7
330
17
100
AcDbEntity
  8
A-ELEWACJE
370
35
 48
0.05
100
AcDbPolyline
 90
2
 70
0
 10
1.6421
 20
8.87
 10
1.5629
 20
8.87
  0
LWPOLYLINE
  5
4E8
330
17
100
AcDbEntity
  8
A-ELEWACJE
370
35
 48
0.05
100
AcDbPolyline
 90
2
 70
0
 10
1.5629
 20
8.93
 10
1.6421
 20
8.93
  0
LWPOLYLINE
  5
4E9
330
17
100
AcDbEntity
  8
A-ELEWACJE
370
35
 48
0.05
100
AcDbPolyline
 90
2
 70
0
 10
1.7621
 20
6.4
 10
1.6829
 20
6.4
  0
LWPOLYLINE
  5
4EA
330
17
100
AcDbEntity
  8
A-ELEWACJE
370
35
 48
0.05
100
AcDbPolyline
 90
2
 70
0
 10
1.6829
 20
6.46
 10
1.7621
 20
6.46
  0
LWPOLYLINE
  5
4EB
330
17
100
AcDbEntity
  8
A-ELEWACJE
370
35
 48
0.05
100
AcDbPolyline
 90
2
 70
0
 10
1.7621
 20
8.87
 10
1.6829
 20
8.87
  0
LWPOLYLINE
  5
4EC
330
17
100
AcDbEntity
  8
A-ELEWACJE
370
35
 48
0.05
100
AcDbPolyline
 90
2
 70
0
 10
1.6829
 20
8.93
 10
1.7621
 20
8.93
  0
LWPOLYLINE
  5
4ED
330
17
100
AcDbEntity
  8
A-ELEWACJE
370
35
 48
0.05
100
AcDbPolyline
 90
2
 70
0
 10
1.8821
 20
6.4
 10
1.8029
 20
6.4
  0
LWPOLYLINE
  5
4EE
330
17
100
AcDbEntity
  8
A-ELEWACJE
370
35
 48
0.05
100
AcDbPolyline
 90
2
 70
0
 10
1.8029
 20
6.46
 10
1.8821
 20
6.46
  0
LWPOLYLINE
  5
4EF
330
17
100
AcDbEntity
  8
A-ELEWACJE
370
35
 48
0.05
100
AcDbPolyline
 90
2
 70
0
 10
1.8821
 20
8.87
 10
1.8029
 20
8.87
  0
LWPOLYLINE
  5
4F0
330
17
100
AcDbEntity
  8
A-ELEWACJE
370
35
 48
0.05
100
AcDbPolyline
 90
2
 70
0
 10
1.8029
 20
8.93
 10
1.8821
 20
8.93
  0
LWPOLYLINE
  5
4F1
330
17
100
AcDbEntity
  8
A-ELEWACJE
370
35
 48
0.05
100
AcDbPolyline
 90
2
 70
0
 10
2.0021
 20
6.4
 10
1.9229
 20
6.4
  0
LWPOLYLINE
  5
4F2
330
17
100
AcDbEntity
  8
A-ELEWACJE
370
35
 48
0.05
100
AcDbPolyline
 90
2
 70
0
 10
1.9229
 20
6.46
 10
2.0021
 20
6.46
  0
LWPOLYLINE
  5
4F3
330
17
100
AcDbEntity
  8
A-ELEWACJE
370
35
 48
0.05
100
AcDbPolyline
 90
2
 70
0
 10
2.0021
 20
8.87
 10
1.9229
 20
8.87
  0
LWPOLYLINE
  5
4F4
330
17
100
AcDbEntity
  8
A-ELEWACJE
370
35
 48
0.05
100
AcDbPolyline
 90
2
 70
0
 10
1.9229
 20
8.93
 10
2.0021
 20
8.93
  0
LWPOLYLINE
  5
4F5
330
17
100
AcDbEntity
  8
A-ELEWACJE
370
35
 48
0.05
100
AcDbPolyline
 90
2
 70
0
 10
2.1221
 20
6.4
 10
2.0429
 20
6.4
  0
LWPOLYLINE
  5
4F6
330
17
100
AcDbEntity
  8
A-ELEWACJE
370
35
 48
0.05
100
AcDbPolyline
 90
2
 70
0
 10
2.0429
 20
6.46
 10
2.1221
 20
6.46
  0
LWPOLYLINE
  5
4F7
330
17
100
AcDbEntity
  8
A-ELEWACJE
370
35
 48
0.05
100
AcDbPolyline
 90
2
 70
0
 10
2.1221
 20
8.87
 10
2.0429
 20
8.87
  0
LWPOLYLINE
  5
4F8
330
17
100
AcDbEntity
  8
A-ELEWACJE
370
35
 48
0.05
100
AcDbPolyline
 90
2
 70
0
 10
2.0429
 20
8.93
 10
2.1221
 20
8.93
  0
LWPOLYLINE
  5
4F9
330
17
100
AcDbEntity
  8
A-ELEWACJE
370
35
 48
0.05
100
AcDbPolyline
 90
2
 70
0
 10
2.2421
 20
6.4
 10
2.1629
 20
6.4
  0
LWPOLYLINE
  5
4FA
330
17
100
AcDbEntity
  8
A-ELEWACJE
370
35
 48
0.05
100
AcDbPolyline
 90
2
 70
0
 10
2.1629
 20
6.46
 10
2.2421
 20
6.46
  0
LWPOLYLINE
  5
4FB
330
17
100
AcDbEntity
  8
A-ELEWACJE
370
35
 48
0.05
100
AcDbPolyline
 90
2
 70
0
 10
2.2421
 20
8.87
 10
2.1629
 20
8.87
  0
LWPOLYLINE
  5
4FC
330
17
100
AcDbEntity
  8
A-ELEWACJE
370
35
 48
0.05
100
AcDbPolyline
 90
2
 70
0
 10
2.1629
 20
8.93
 10
2.2421
 20
8.93
  0
LWPOLYLINE
  5
4FD
330
17
100
AcDbEntity
  8
A-ELEWACJE
370
35
 48
0.05
100
AcDbPolyline
 90
2
 70
0
 10
2.3621
 20
6.4
 10
2.2829
 20
6.4
  0
LWPOLYLINE
  5
4FE
330
17
100
AcDbEntity
  8
A-ELEWACJE
370
35
 48
0.05
100
AcDbPolyline
 90
2
 70
0
 10
2.2829
 20
6.46
 10
2.3621
 20
6.46
  0
LWPOLYLINE
  5
4FF
330
17
100
AcDbEntity
  8
A-ELEWACJE
370
35
 48
0.05
100
AcDbPolyline
 90
2
 70
0
 10
2.3621
 20
8.87
 10
2.2829
 20
8.87
  0
LWPOLYLINE
  5
500
330
17
100
AcDbEntity
  8
A-ELEWACJE
370
35
 48
0.05
100
AcDbPolyline
 90
2
 70
0
 10
2.2829
 20
8.93
 10
2.3621
 20
8.93
  0
LWPOLYLINE
  5
501
330
17
100
AcDbEntity
  8
A-ELEWACJE
370
35
 48
0.05
100
AcDbPolyline
 90
2
 70
0
 10
2.4821
 20
6.4
 10
2.4029
 20
6.4
  0
LWPOLYLINE
  5
502
330
17
100
AcDbEntity
  8
A-ELEWACJE
370
35
 48
0.05
100
AcDbPolyline
 90
2
 70
0
 10
2.4029
 20
6.46
 10
2.4821
 20
6.46
  0
LWPOLYLINE
  5
503
330
17
100
AcDbEntity
  8
A-ELEWACJE
370
35
 48
0.05
100
AcDbPolyline
 90
2
 70
0
 10
2.4821
 20
8.87
 10
2.4029
 20
8.87
  0
LWPOLYLINE
  5
504
330
17
100
AcDbEntity
  8
A-ELEWACJE
370
35
 48
0.05
100
AcDbPolyline
 90
2
 70
0
 10
2.4029
 20
8.93
 10
2.4821
 20
8.93
  0
LWPOLYLINE
  5
505
330
17
100
AcDbEntity
  8
A-ELEWACJE
370
35
 48
0.05
100
AcDbPolyline
 90
2
 70
0
 10
2.6021
 20
6.4
 10
2.5229
 20
6.4
  0
LWPOLYLINE
  5
506
330
17
100
AcDbEntity
  8
A-ELEWACJE
370
35
 48
0.05
100
AcDbPolyline
 90
2
 70
0
 10
2.5229
 20
6.46
 10
2.6021
 20
6.46
  0
LWPOLYLINE
  5
507
330
17
100
AcDbEntity
  8
A-ELEWACJE
370
35
 48
0.05
100
AcDbPolyline
 90
2
 70
0
 10
2.6021
 20
8.87
 10
2.5229
 20
8.87
  0
LWPOLYLINE
  5
508
330
17
100
AcDbEntity
  8
A-ELEWACJE
370
35
 48
0.05
100
AcDbPolyline
 90
2
 70
0
 10
2.5229
 20
8.93
 10
2.6021
 20
8.93
  0
LWPOLYLINE
  5
509
330
17
100
AcDbEntity
  8
A-ELEWACJE
370
35
 48
0.05
100
AcDbPolyline
 90
2
 70
0
 10
2.7221
 20
6.4
 10
2.6429
 20
6.4
  0
LWPOLYLINE
  5
50A
330
17
100
AcDbEntity
  8
A-ELEWACJE
370
35
 48
0.05
100
AcDbPolyline
 90
2
 70
0
 10
2.6429
 20
6.46
 10
2.7221
 20
6.46
  0
LWPOLYLINE
  5
50B
330
17
100
AcDbEntity
  8
A-ELEWACJE
370
35
 48
0.05
100
AcDbPolyline
 90
2
 70
0
 10
2.7221
 20
8.87
 10
2.6429
 20
8.87
  0
LWPOLYLINE
  5
50C
330
17
100
AcDbEntity
  8
A-ELEWACJE
370
35
 48
0.05
100
AcDbPolyline
 90
2
 70
0
 10
2.6429
 20
8.93
 10
2.7221
 20
8.93
  0
LWPOLYLINE
  5
50D
330
17
100
AcDbEntity
  8
A-ELEWACJE
370
35
 48
0.05
100
AcDbPolyline
 90
2
 70
0
 10
2.8421
 20
6.4
 10
2.7629
 20
6.4
  0
LWPOLYLINE
  5
50E
330
17
100
AcDbEntity
  8
A-ELEWACJE
370
35
 48
0.05
100
AcDbPolyline
 90
2
 70
0
 10
2.7629
 20
6.46
 10
2.8421
 20
6.46
  0
LWPOLYLINE
  5
50F
330
17
100
AcDbEntity
  8
A-ELEWACJE
370
35
 48
0.05
100
AcDbPolyline
 90
2
 70
0
 10
2.8421
 20
8.87
 10
2.7629
 20
8.87
  0
LWPOLYLINE
  5
510
330
17
100
AcDbEntity
  8
A-ELEWACJE
370
35
 48
0.05
100
AcDbPolyline
 90
2
 70
0
 10
2.7629
 20
8.93
 10
2.8421
 20
8.93
  0
LWPOLYLINE
  5
511
330
17
100
AcDbEntity
  8
A-ELEWACJE
370
35
 48
0.05
100
AcDbPolyline
 90
2
 70
0
 10
2.9621
 20
6.4
 10
2.8829
 20
6.4
  0
LWPOLYLINE
  5
512
330
17
100
AcDbEntity
  8
A-ELEWACJE
370
35
 48
0.05
100
AcDbPolyline
 90
2
 70
0
 10
2.8829
 20
6.46
 10
2.9621
 20
6.46
  0
LWPOLYLINE
  5
513
330
17
100
AcDbEntity
  8
A-ELEWACJE
370
35
 48
0.05
100
AcDbPolyline
 90
2
 70
0
 10
2.9621
 20
8.87
 10
2.8829
 20
8.87
  0
LWPOLYLINE
  5
514
330
17
100
AcDbEntity
  8
A-ELEWACJE
370
35
 48
0.05
100
AcDbPolyline
 90
2
 70
0
 10
2.8829
 20
8.93
 10
2.9621
 20
8.93
  0
LWPOLYLINE
  5
515
330
17
100
AcDbEntity
  8
A-ELEWACJE
370
35
 48
0.05
100
AcDbPolyline
 90
2
 70
0
 10
3.0821
 20
6.4
 10
3.0029
 20
6.4
  0
LWPOLYLINE
  5
516
330
17
100
AcDbEntity
  8
A-ELEWACJE
370
35
 48
0.05
100
AcDbPolyline
 90
2
 70
0
 10
3.0029
 20
6.46
 10
3.0821
 20
6.46
  0
LWPOLYLINE
  5
517
330
17
100
AcDbEntity
  8
A-ELEWACJE
370
35
 48
0.05
100
AcDbPolyline
 90
2
 70
0
 10
3.0821
 20
8.87
 10
3.0029
 20
8.87
  0
LWPOLYLINE
  5
518
330
17
100
AcDbEntity
  8
A-ELEWACJE
370
35
 48
0.05
100
AcDbPolyline
 90
2
 70
0
 10
3.0029
 20
8.93
 10
3.0821
 20
8.93
  0
LWPOLYLINE
  5
519
330
17
100
AcDbEntity
  8
A-ELEWACJE
370
35
 48
0.05
100
AcDbPolyline
 90
2
 70
0
 10
3.2021
 20
6.4
 10
3.1229
 20
6.4
  0
LWPOLYLINE
  5
51A
330
17
100
AcDbEntity
  8
A-ELEWACJE
370
35
 48
0.05
100
AcDbPolyline
 90
2
 70
0
 10
3.1229
 20
6.46
 10
3.2021
 20
6.46
  0
LWPOLYLINE
  5
51B
330
17
100
AcDbEntity
  8
A-ELEWACJE
370
35
 48
0.05
100
AcDbPolyline
 90
2
 70
0
 10
3.2021
 20
8.87
 10
3.1229
 20
8.87
  0
LWPOLYLINE
  5
51C
330
17
100
AcDbEntity
  8
A-ELEWACJE
370
35
 48
0.05
100
AcDbPolyline
 90
2
 70
0
 10
3.1229
 20
8.93
 10
3.2021
 20
8.93
  0
LWPOLYLINE
  5
51D
330
17
100
AcDbEntity
  8
A-ELEWACJE
370
35
 48
0.05
100
AcDbPolyline
 90
2
 70
0
 10
3.3221
 20
6.4
 10
3.2429
 20
6.4
  0
LWPOLYLINE
  5
51E
330
17
100
AcDbEntity
  8
A-ELEWACJE
370
35
 48
0.05
100
AcDbPolyline
 90
2
 70
0
 10
3.2429
 20
6.46
 10
3.3221
 20
6.46
  0
LWPOLYLINE
  5
51F
330
17
100
AcDbEntity
  8
A-ELEWACJE
370
35
 48
0.05
100
AcDbPolyline
 90
2
 70
0
 10
3.3221
 20
8.87
 10
3.2429
 20
8.87
  0
LWPOLYLINE
  5
520
330
17
100
AcDbEntity
  8
A-ELEWACJE
370
35
 48
0.05
100
AcDbPolyline
 90
2
 70
0
 10
3.2429
 20
8.93
 10
3.3221
 20
8.93
  0
LWPOLYLINE
  5
521
330
17
100
AcDbEntity
  8
A-ELEWACJE
370
35
 48
0.05
100
AcDbPolyline
 90
2
 70
0
 10
3.4421
 20
6.4
 10
3.3629
 20
6.4
  0
LWPOLYLINE
  5
522
330
17
100
AcDbEntity
  8
A-ELEWACJE
370
35
 48
0.05
100
AcDbPolyline
 90
2
 70
0
 10
3.3629
 20
6.46
 10
3.4421
 20
6.46
  0
LWPOLYLINE
  5
523
330
17
100
AcDbEntity
  8
A-ELEWACJE
370
35
 48
0.05
100
AcDbPolyline
 90
2
 70
0
 10
3.4421
 20
8.87
 10
3.3629
 20
8.87
  0
LWPOLYLINE
  5
524
330
17
100
AcDbEntity
  8
A-ELEWACJE
370
35
 48
0.05
100
AcDbPolyline
 90
2
 70
0
 10
3.3629
 20
8.93
 10
3.4421
 20
8.93
  0
LWPOLYLINE
  5
525
330
17
100
AcDbEntity
  8
A-ELEWACJE
370
35
 48
0.05
100
AcDbPolyline
 90
2
 70
0
 10
3.5621
 20
6.4
 10
3.4829
 20
6.4
  0
LWPOLYLINE
  5
526
330
17
100
AcDbEntity
  8
A-ELEWACJE
370
35
 48
0.05
100
AcDbPolyline
 90
2
 70
0
 10
3.4829
 20
6.46
 10
3.5621
 20
6.46
  0
LWPOLYLINE
  5
527
330
17
100
AcDbEntity
  8
A-ELEWACJE
370
35
 48
0.05
100
AcDbPolyline
 90
2
 70
0
 10
3.5621
 20
8.87
 10
3.4829
 20
8.87
  0
LWPOLYLINE
  5
528
330
17
100
AcDbEntity
  8
A-ELEWACJE
370
35
 48
0.05
100
AcDbPolyline
 90
2
 70
0
 10
3.4829
 20
8.93
 10
3.5621
 20
8.93
  0
LWPOLYLINE
  5
529
330
17
100
AcDbEntity
  8
A-ELEWACJE
370
35
 48
0.05
100
AcDbPolyline
 90
2
 70
0
 10
3.6821
 20
6.4
 10
3.6029
 20
6.4
  0
LWPOLYLINE
  5
52A
330
17
100
AcDbEntity
  8
A-ELEWACJE
370
35
 48
0.05
100
AcDbPolyline
 90
2
 70
0
 10
3.6029
 20
6.46
 10
3.6821
 20
6.46
  0
LWPOLYLINE
  5
52B
330
17
100
AcDbEntity
  8
A-ELEWACJE
370
35
 48
0.05
100
AcDbPolyline
 90
2
 70
0
 10
3.6821
 20
8.87
 10
3.6029
 20
8.87
  0
LWPOLYLINE
  5
52C
330
17
100
AcDbEntity
  8
A-ELEWACJE
370
35
 48
0.05
100
AcDbPolyline
 90
2
 70
0
 10
3.6029
 20
8.93
 10
3.6821
 20
8.93
  0
LWPOLYLINE
  5
52D
330
17
100
AcDbEntity
  8
A-ELEWACJE
370
35
 48
0.05
100
AcDbPolyline
 90
2
 70
0
 10
3.8021
 20
6.4
 10
3.7229
 20
6.4
  0
LWPOLYLINE
  5
52E
330
17
100
AcDbEntity
  8
A-ELEWACJE
370
35
 48
0.05
100
AcDbPolyline
 90
2
 70
0
 10
3.7229
 20
6.46
 10
3.8021
 20
6.46
  0
LWPOLYLINE
  5
52F
330
17
100
AcDbEntity
  8
A-ELEWACJE
370
35
 48
0.05
100
AcDbPolyline
 90
2
 70
0
 10
3.8021
 20
8.87
 10
3.7229
 20
8.87
  0
LWPOLYLINE
  5
530
330
17
100
AcDbEntity
  8
A-ELEWACJE
370
35
 48
0.05
100
AcDbPolyline
 90
2
 70
0
 10
3.7229
 20
8.93
 10
3.8021
 20
8.93
  0
LWPOLYLINE
  5
531
330
17
100
AcDbEntity
  8
A-ELEWACJE
370
35
 48
0.05
100
AcDbPolyline
 90
2
 70
0
 10
3.9221
 20
6.4
 10
3.8429
 20
6.4
  0
LWPOLYLINE
  5
532
330
17
100
AcDbEntity
  8
A-ELEWACJE
370
35
 48
0.05
100
AcDbPolyline
 90
2
 70
0
 10
3.8429
 20
6.46
 10
3.9221
 20
6.46
  0
LWPOLYLINE
  5
533
330
17
100
AcDbEntity
  8
A-ELEWACJE
370
35
 48
0.05
100
AcDbPolyline
 90
2
 70
0
 10
3.9221
 20
8.87
 10
3.8429
 20
8.87
  0
LWPOLYLINE
  5
534
330
17
100
AcDbEntity
  8
A-ELEWACJE
370
35
 48
0.05
100
AcDbPolyline
 90
2
 70
0
 10
3.8429
 20
8.93
 10
3.9221
 20
8.93
  0
LWPOLYLINE
  5
535
330
17
100
AcDbEntity
  8
A-ELEWACJE
370
35
 48
0.05
100
AcDbPolyline
 90
2
 70
0
 10
4.0421
 20
6.4
 10
3.9629
 20
6.4
  0
LWPOLYLINE
  5
536
330
17
100
AcDbEntity
  8
A-ELEWACJE
370
35
 48
0.05
100
AcDbPolyline
 90
2
 70
0
 10
3.9629
 20
6.46
 10
4.0421
 20
6.46
  0
LWPOLYLINE
  5
537
330
17
100
AcDbEntity
  8
A-ELEWACJE
370
35
 48
0.05
100
AcDbPolyline
 90
2
 70
0
 10
4.0421
 20
8.87
 10
3.9629
 20
8.87
  0
LWPOLYLINE
  5
538
330
17
100
AcDbEntity
  8
A-ELEWACJE
370
35
 48
0.05
100
AcDbPolyline
 90
2
 70
0
 10
3.9629
 20
8.93
 10
4.0421
 20
8.93
  0
LWPOLYLINE
  5
539
330
17
100
AcDbEntity
  8
A-ELEWACJE
370
35
 48
0.05
100
AcDbPolyline
 90
2
 70
0
 10
4.1621
 20
6.4
 10
4.0829
 20
6.4
  0
LWPOLYLINE
  5
53A
330
17
100
AcDbEntity
  8
A-ELEWACJE
370
35
 48
0.05
100
AcDbPolyline
 90
2
 70
0
 10
4.0829
 20
6.46
 10
4.1621
 20
6.46
  0
LWPOLYLINE
  5
53B
330
17
100
AcDbEntity
  8
A-ELEWACJE
370
35
 48
0.05
100
AcDbPolyline
 90
2
 70
0
 10
4.1621
 20
8.87
 10
4.0829
 20
8.87
  0
LWPOLYLINE
  5
53C
330
17
100
AcDbEntity
  8
A-ELEWACJE
370
35
 48
0.05
100
AcDbPolyline
 90
2
 70
0
 10
4.0829
 20
8.93
 10
4.1621
 20
8.93
  0
LWPOLYLINE
  5
53D
330
17
100
AcDbEntity
  8
A-ELEWACJE
370
35
 48
0.05
100
AcDbPolyline
 90
2
 70
0
 10
4.2821
 20
6.4
 10
4.2029
 20
6.4
  0
LWPOLYLINE
  5
53E
330
17
100
AcDbEntity
  8
A-ELEWACJE
370
35
 48
0.05
100
AcDbPolyline
 90
2
 70
0
 10
4.2029
 20
6.46
 10
4.2821
 20
6.46
  0
LWPOLYLINE
  5
53F
330
17
100
AcDbEntity
  8
A-ELEWACJE
370
35
 48
0.05
100
AcDbPolyline
 90
2
 70
0
 10
4.2821
 20
8.87
 10
4.2029
 20
8.87
  0
LWPOLYLINE
  5
540
330
17
100
AcDbEntity
  8
A-ELEWACJE
370
35
 48
0.05
100
AcDbPolyline
 90
2
 70
0
 10
4.2029
 20
8.93
 10
4.2821
 20
8.93
  0
LWPOLYLINE
  5
541
330
17
100
AcDbEntity
  8
A-ELEWACJE
370
35
 48
0.05
100
AcDbPolyline
 90
2
 70
0
 10
4.4021
 20
6.4
 10
4.3229
 20
6.4
  0
LWPOLYLINE
  5
542
330
17
100
AcDbEntity
  8
A-ELEWACJE
370
35
 48
0.05
100
AcDbPolyline
 90
2
 70
0
 10
4.3229
 20
6.46
 10
4.4021
 20
6.46
  0
LWPOLYLINE
  5
543
330
17
100
AcDbEntity
  8
A-ELEWACJE
370
35
 48
0.05
100
AcDbPolyline
 90
2
 70
0
 10
4.4021
 20
8.87
 10
4.3229
 20
8.87
  0
LWPOLYLINE
  5
544
330
17
100
AcDbEntity
  8
A-ELEWACJE
370
35
 48
0.05
100
AcDbPolyline
 90
2
 70
0
 10
4.3229
 20
8.93
 10
4.4021
 20
8.93
  0
LWPOLYLINE
  5
545
330
17
100
AcDbEntity
  8
A-ELEWACJE
370
35
 48
0.05
100
AcDbPolyline
 90
2
 70
0
 10
4.5221
 20
6.4
 10
4.4429
 20
6.4
  0
LWPOLYLINE
  5
546
330
17
100
AcDbEntity
  8
A-ELEWACJE
370
35
 48
0.05
100
AcDbPolyline
 90
2
 70
0
 10
4.4429
 20
6.46
 10
4.5221
 20
6.46
  0
LWPOLYLINE
  5
547
330
17
100
AcDbEntity
  8
A-ELEWACJE
370
35
 48
0.05
100
AcDbPolyline
 90
2
 70
0
 10
4.5221
 20
8.87
 10
4.4429
 20
8.87
  0
LWPOLYLINE
  5
548
330
17
100
AcDbEntity
  8
A-ELEWACJE
370
35
 48
0.05
100
AcDbPolyline
 90
2
 70
0
 10
4.4429
 20
8.93
 10
4.5221
 20
8.93
  0
LWPOLYLINE
  5
549
330
17
100
AcDbEntity
  8
A-ELEWACJE
370
35
 48
0.05
100
AcDbPolyline
 90
2
 70
0
 10
4.6421
 20
6.4
 10
4.5629
 20
6.4
  0
LWPOLYLINE
  5
54A
330
17
100
AcDbEntity
  8
A-ELEWACJE
370
35
 48
0.05
100
AcDbPolyline
 90
2
 70
0
 10
4.5629
 20
6.46
 10
4.6421
 20
6.46
  0
LWPOLYLINE
  5
54B
330
17
100
AcDbEntity
  8
A-ELEWACJE
370
35
 48
0.05
100
AcDbPolyline
 90
2
 70
0
 10
4.6421
 20
8.87
 10
4.5629
 20
8.87
  0
LWPOLYLINE
  5
54C
330
17
100
AcDbEntity
  8
A-ELEWACJE
370
35
 48
0.05
100
AcDbPolyline
 90
2
 70
0
 10
4.5629
 20
8.93
 10
4.6421
 20
8.93
  0
LWPOLYLINE
  5
54D
330
17
100
AcDbEntity
  8
A-ELEWACJE
370
35
 48
0.05
100
AcDbPolyline
 90
2
 70
0
 10
4.7621
 20
6.4
 10
4.6829
 20
6.4
  0
LWPOLYLINE
  5
54E
330
17
100
AcDbEntity
  8
A-ELEWACJE
370
35
 48
0.05
100
AcDbPolyline
 90
2
 70
0
 10
4.6829
 20
6.46
 10
4.7621
 20
6.46
  0
LWPOLYLINE
  5
54F
330
17
100
AcDbEntity
  8
A-ELEWACJE
370
35
 48
0.05
100
AcDbPolyline
 90
2
 70
0
 10
4.7621
 20
8.87
 10
4.6829
 20
8.87
  0
LWPOLYLINE
  5
550
330
17
100
AcDbEntity
  8
A-ELEWACJE
370
35
 48
0.05
100
AcDbPolyline
 90
2
 70
0
 10
4.6829
 20
8.93
 10
4.7621
 20
8.93
  0
LWPOLYLINE
  5
551
330
17
100
AcDbEntity
  8
A-ELEWACJE
370
35
 48
0.05
100
AcDbPolyline
 90
4
 70
0
 10
4.8029
 20
6.46
 10
4.825
 20
6.46
 10
4.825
 20
6.4
 10
4.8029
 20
6.4
  0
LWPOLYLINE
  5
552
330
17
100
AcDbEntity
  8
A-ELEWACJE
370
35
 48
0.05
100
AcDbPolyline
 90
4
 70
0
 10
4.8029
 20
8.93
 10
4.825
 20
8.93
 10
4.825
 20
8.87
 10
4.8029
 20
8.87
  0
LWPOLYLINE
  5
553
330
17
100
AcDbEntity
  8
A-ELEWACJE
370
35
 48
0.05
100
AcDbPolyline
 90
5
 70
0
 10
4.955
 20
9.776000000000002
 10
-1.03
 20
9.776000000000002
 10
-1.03
 20
9.796000000000001
 10
4.955
 20
9.796000000000001
 10
4.955
 20
9.776000000000002
  0
LWPOLYLINE
  5
554
330
17
100
AcDbEntity
  8
A-ELEWACJE
370
35
 48
0.05
100
AcDbPolyline
 90
3
 70
0
 10
-0.89
 20
5.93
 10
-0.9
 20
5.93
 10
-0.9
 20
5.9346
  0
LWPOLYLINE
  5
555
330
17
100
AcDbEntity
  8
A-ELEWACJE
370
35
 48
0.05
100
AcDbPolyline
 90
2
 70
0
 10
-0.9
 20
6.2524
 10
-0.9
 20
6.3996
  0
LWPOLYLINE
  5
556
330
17
100
AcDbEntity
  8
A-ELEWACJE
370
35
 48
0.05
100
AcDbPolyline
 90
2
 70
0
 10
-0.9
 20
6.4604
 10
-0.9
 20
8.8696
  0
LWPOLYLINE
  5
557
330
17
100
AcDbEntity
  8
A-ELEWACJE
370
35
 48
0.05
100
AcDbPolyline
 90
2
 70
0
 10
-0.9
 20
8.9304
 10
-0.9
 20
9.0646
  0
LWPOLYLINE
  5
558
330
17
100
AcDbEntity
  8
A-ELEWACJE
370
35
 48
0.05
100
AcDbPolyline
 90
2
 70
0
 10
-0.9
 20
9.4024
 10
-0.9
 20
9.7756
  0
LWPOLYLINE
  5
559
330
17
100
AcDbEntity
  8
A-ELEWACJE
370
35
 48
0.05
100
AcDbPolyline
 90
2
 70
0
 10
-0.89
 20
6.3996
 10
-0.89
 20
6.2524
  0
LWPOLYLINE
  5
55A
330
17
100
AcDbEntity
  8
A-ELEWACJE
370
35
 48
0.05
100
AcDbPolyline
 90
2
 70
0
 10
-0.89
 20
8.8696
 10
-0.89
 20
6.4604
  0
LWPOLYLINE
  5
55B
330
17
100
AcDbEntity
  8
A-ELEWACJE
370
35
 48
0.05
100
AcDbPolyline
 90
2
 70
0
 10
-0.89
 20
9.0646
 10
-0.89
 20
8.9304
  0
LWPOLYLINE
  5
55C
330
17
100
AcDbEntity
  8
A-ELEWACJE
370
35
 48
0.05
100
AcDbPolyline
 90
2
 70
0
 10
-0.89
 20
9.7756
 10
-0.89
 20
9.4024
  0
LWPOLYLINE
  5
55D
330
17
100
AcDbEntity
  8
A-ELEWACJE
370
35
 48
0.05
100
AcDbPolyline
 90
3
 70
0
 10
4.825
 20
5.93
 10
4.815
 20
5.93
 10
4.815
 20
5.9346
  0
LWPOLYLINE
  5
55E
330
17
100
AcDbEntity
  8
A-ELEWACJE
370
35
 48
0.05
100
AcDbPolyline
 90
2
 70
0
 10
4.815
 20
6.2524
 10
4.815
 20
6.3996
  0
LWPOLYLINE
  5
55F
330
17
100
AcDbEntity
  8
A-ELEWACJE
370
35
 48
0.05
100
AcDbPolyline
 90
2
 70
0
 10
4.815
 20
6.4604
 10
4.815
 20
8.8696
  0
LWPOLYLINE
  5
560
330
17
100
AcDbEntity
  8
A-ELEWACJE
370
35
 48
0.05
100
AcDbPolyline
 90
2
 70
0
 10
4.815
 20
8.9304
 10
4.815
 20
9.0646
  0
LWPOLYLINE
  5
561
330
17
100
AcDbEntity
  8
A-ELEWACJE
370
35
 48
0.05
100
AcDbPolyline
 90
2
 70
0
 10
4.815
 20
9.4024
 10
4.815
 20
9.7756
  0
LWPOLYLINE
  5
562
330
17
100
AcDbEntity
  8
A-ELEWACJE
370
35
 48
0.05
100
AcDbPolyline
 90
2
 70
0
 10
4.825
 20
6.3996
 10
4.825
 20
6.2524
  0
LWPOLYLINE
  5
563
330
17
100
AcDbEntity
  8
A-ELEWACJE
370
35
 48
0.05
100
AcDbPolyline
 90
2
 70
0
 10
4.825
 20
8.8696
 10
4.825
 20
6.4604
  0
LWPOLYLINE
  5
564
330
17
100
AcDbEntity
  8
A-ELEWACJE
370
35
 48
0.05
100
AcDbPolyline
 90
2
 70
0
 10
4.825
 20
9.0646
 10
4.825
 20
8.9304
  0
LWPOLYLINE
  5
565
330
17
100
AcDbEntity
  8
A-ELEWACJE
370
35
 48
0.05
100
AcDbPolyline
 90
2
 70
0
 10
4.825
 20
9.7756
 10
4.825
 20
9.4024
  0
LWPOLYLINE
  5
566
330
17
100
AcDbEntity
  8
A-ELEWACJE
370
35
 48
0.05
100
AcDbPolyline
 90
2
 70
0
 10
-0.69
 20
5.93
 10
-0.8896
 20
5.93
  0
LWPOLYLINE
  5
567
330
17
100
AcDbEntity
  8
A-ELEWACJE
370
35
 48
0.05
100
AcDbPolyline
 90
2
 70
0
 10
-0.69
 20
6.3996
 10
-0.69
 20
6.2524
  0
LWPOLYLINE
  5
568
330
17
100
AcDbEntity
  8
A-ELEWACJE
370
35
 48
0.05
100
AcDbPolyline
 90
2
 70
0
 10
-0.69
 20
8.8696
 10
-0.69
 20
6.4604
  0
LWPOLYLINE
  5
569
330
17
100
AcDbEntity
  8
A-ELEWACJE
370
35
 48
0.05
100
AcDbPolyline
 90
2
 70
0
 10
-0.69
 20
9.0646
 10
-0.69
 20
8.9304
  0
LWPOLYLINE
  5
56A
330
17
100
AcDbEntity
  8
A-ELEWACJE
370
35
 48
0.05
100
AcDbPolyline
 90
2
 70
0
 10
-0.69
 20
9.7756
 10
-0.69
 20
9.4024
  0
LWPOLYLINE
  5
56B
330
17
100
AcDbEntity
  8
A-ELEWACJE
370
35
 48
0.05
100
AcDbPolyline
 90
3
 70
0
 10
4.8146
 20
5.93
 10
4.615
 20
5.93
 10
4.615
 20
5.9346
  0
LWPOLYLINE
  5
56C
330
17
100
AcDbEntity
  8
A-ELEWACJE
370
35
 48
0.05
100
AcDbPolyline
 90
2
 70
0
 10
4.615
 20
6.2524
 10
4.615
 20
6.3996
  0
LWPOLYLINE
  5
56D
330
17
100
AcDbEntity
  8
A-ELEWACJE
370
35
 48
0.05
100
AcDbPolyline
 90
2
 70
0
 10
4.615
 20
6.4604
 10
4.615
 20
8.8696
  0
LWPOLYLINE
  5
56E
330
17
100
AcDbEntity
  8
A-ELEWACJE
370
35
 48
0.05
100
AcDbPolyline
 90
2
 70
0
 10
4.615
 20
8.9304
 10
4.615
 20
9.0646
  0
LWPOLYLINE
  5
56F
330
17
100
AcDbEntity
  8
A-ELEWACJE
370
35
 48
0.05
100
AcDbPolyline
 90
2
 70
0
 10
4.615
 20
9.4024
 10
4.615
 20
9.7756
  0
LWPOLYLINE
  5
570
330
17
100
AcDbEntity
  8
A-ELEWACJE
370
35
 48
0.05
100
AcDbPolyline
 90
3
 70
0
 10
-0.9004
 20
9.08
 10
-1.0
 20
9.08
 10
-1.0
 20
9.7756
  0
LWPOLYLINE
  5
571
330
17
100
AcDbEntity
  8
A-ELEWACJE
370
35
 48
0.05
100
AcDbPolyline
 90
2
 70
0
 10
4.925
 20
9.7756
 10
4.925
 20
9.4024
  0
LWPOLYLINE
  5
572
330
17
100
AcDbEntity
  8
A-ELEWACJE
370
35
 48
0.05
100
AcDbPolyline
 90
2
 70
0
 10
0.9221
 20
6.875
 10
0.8429
 20
6.875
  0
LWPOLYLINE
  5
573
330
17
100
AcDbEntity
  8
A-ELEWACJE
370
35
 48
0.05
100
AcDbPolyline
 90
2
 70
0
 10
0.8429
 20
6.904
 10
0.9221
 20
6.904
  0
LWPOLYLINE
  5
574
330
17
100
AcDbEntity
  8
A-ELEWACJE
370
35
 48
0.05
100
AcDbPolyline
 90
2
 70
0
 10
1.0421
 20
6.875
 10
0.9629
 20
6.875
  0
LWPOLYLINE
  5
575
330
17
100
AcDbEntity
  8
A-ELEWACJE
370
35
 48
0.05
100
AcDbPolyline
 90
2
 70
0
 10
0.9629
 20
6.904
 10
1.0421
 20
6.904
  0
LWPOLYLINE
  5
576
330
17
100
AcDbEntity
  8
A-ELEWACJE
370
35
 48
0.05
100
AcDbPolyline
 90
2
 70
0
 10
1.1621
 20
6.875
 10
1.0829
 20
6.875
  0
LWPOLYLINE
  5
577
330
17
100
AcDbEntity
  8
A-ELEWACJE
370
35
 48
0.05
100
AcDbPolyline
 90
2
 70
0
 10
1.0829
 20
6.904
 10
1.1621
 20
6.904
  0
LWPOLYLINE
  5
578
330
17
100
AcDbEntity
  8
A-ELEWACJE
370
35
 48
0.05
100
AcDbPolyline
 90
2
 70
0
 10
1.2821
 20
6.875
 10
1.2029
 20
6.875
  0
LWPOLYLINE
  5
579
330
17
100
AcDbEntity
  8
A-ELEWACJE
370
35
 48
0.05
100
AcDbPolyline
 90
2
 70
0
 10
1.2029
 20
6.904
 10
1.2821
 20
6.904
  0
LWPOLYLINE
  5
57A
330
17
100
AcDbEntity
  8
A-ELEWACJE
370
35
 48
0.05
100
AcDbPolyline
 90
2
 70
0
 10
1.4021
 20
6.875
 10
1.3229
 20
6.875
  0
LWPOLYLINE
  5
57B
330
17
100
AcDbEntity
  8
A-ELEWACJE
370
35
 48
0.05
100
AcDbPolyline
 90
2
 70
0
 10
1.3229
 20
6.904
 10
1.4021
 20
6.904
  0
LWPOLYLINE
  5
57C
330
17
100
AcDbEntity
  8
A-ELEWACJE
370
35
 48
0.05
100
AcDbPolyline
 90
2
 70
0
 10
1.5221
 20
6.875
 10
1.4429
 20
6.875
  0
LWPOLYLINE
  5
57D
330
17
100
AcDbEntity
  8
A-ELEWACJE
370
35
 48
0.05
100
AcDbPolyline
 90
2
 70
0
 10
1.4429
 20
6.904
 10
1.5221
 20
6.904
  0
LWPOLYLINE
  5
57E
330
17
100
AcDbEntity
  8
A-ELEWACJE
370
35
 48
0.05
100
AcDbPolyline
 90
2
 70
0
 10
1.6421
 20
6.875
 10
1.5629
 20
6.875
  0
LWPOLYLINE
  5
57F
330
17
100
AcDbEntity
  8
A-ELEWACJE
370
35
 48
0.05
100
AcDbPolyline
 90
2
 70
0
 10
1.5629
 20
6.904
 10
1.6421
 20
6.904
  0
LWPOLYLINE
  5
580
330
17
100
AcDbEntity
  8
A-ELEWACJE
370
35
 48
0.05
100
AcDbPolyline
 90
2
 70
0
 10
1.7621
 20
6.875
 10
1.6829
 20
6.875
  0
LWPOLYLINE
  5
581
330
17
100
AcDbEntity
  8
A-ELEWACJE
370
35
 48
0.05
100
AcDbPolyline
 90
2
 70
0
 10
1.6829
 20
6.904
 10
1.7621
 20
6.904
  0
LWPOLYLINE
  5
582
330
17
100
AcDbEntity
  8
A-ELEWACJE
370
35
 48
0.05
100
AcDbPolyline
 90
2
 70
0
 10
1.8821
 20
6.875
 10
1.8029
 20
6.875
  0
LWPOLYLINE
  5
583
330
17
100
AcDbEntity
  8
A-ELEWACJE
370
35
 48
0.05
100
AcDbPolyline
 90
2
 70
0
 10
1.8029
 20
6.904
 10
1.8821
 20
6.904
  0
LWPOLYLINE
  5
584
330
17
100
AcDbEntity
  8
A-ELEWACJE
370
35
 48
0.05
100
AcDbPolyline
 90
2
 70
0
 10
2.0021
 20
6.875
 10
1.9229
 20
6.875
  0
LWPOLYLINE
  5
585
330
17
100
AcDbEntity
  8
A-ELEWACJE
370
35
 48
0.05
100
AcDbPolyline
 90
2
 70
0
 10
1.9229
 20
6.904
 10
2.0021
 20
6.904
  0
LWPOLYLINE
  5
586
330
17
100
AcDbEntity
  8
A-ELEWACJE
370
35
 48
0.05
100
AcDbPolyline
 90
2
 70
0
 10
2.1221
 20
6.875
 10
2.0429
 20
6.875
  0
LWPOLYLINE
  5
587
330
17
100
AcDbEntity
  8
A-ELEWACJE
370
35
 48
0.05
100
AcDbPolyline
 90
2
 70
0
 10
2.0429
 20
6.904
 10
2.1221
 20
6.904
  0
LWPOLYLINE
  5
588
330
17
100
AcDbEntity
  8
A-ELEWACJE
370
35
 48
0.05
100
AcDbPolyline
 90
2
 70
0
 10
2.2421
 20
6.875
 10
2.1629
 20
6.875
  0
LWPOLYLINE
  5
589
330
17
100
AcDbEntity
  8
A-ELEWACJE
370
35
 48
0.05
100
AcDbPolyline
 90
2
 70
0
 10
2.1629
 20
6.904
 10
2.2421
 20
6.904
  0
LWPOLYLINE
  5
58A
330
17
100
AcDbEntity
  8
A-ELEWACJE
370
35
 48
0.05
100
AcDbPolyline
 90
2
 70
0
 10
2.3621
 20
6.875
 10
2.2829
 20
6.875
  0
LWPOLYLINE
  5
58B
330
17
100
AcDbEntity
  8
A-ELEWACJE
370
35
 48
0.05
100
AcDbPolyline
 90
2
 70
0
 10
2.2829
 20
6.904
 10
2.3621
 20
6.904
  0
LWPOLYLINE
  5
58C
330
17
100
AcDbEntity
  8
A-ELEWACJE
370
35
 48
0.05
100
AcDbPolyline
 90
2
 70
0
 10
2.4821
 20
6.875
 10
2.4029
 20
6.875
  0
LWPOLYLINE
  5
58D
330
17
100
AcDbEntity
  8
A-ELEWACJE
370
35
 48
0.05
100
AcDbPolyline
 90
2
 70
0
 10
2.4029
 20
6.904
 10
2.4821
 20
6.904
  0
LWPOLYLINE
  5
58E
330
17
100
AcDbEntity
  8
A-ELEWACJE
370
35
 48
0.05
100
AcDbPolyline
 90
2
 70
0
 10
2.6021
 20
6.875
 10
2.5229
 20
6.875
  0
LWPOLYLINE
  5
58F
330
17
100
AcDbEntity
  8
A-ELEWACJE
370
35
 48
0.05
100
AcDbPolyline
 90
2
 70
0
 10
2.5229
 20
6.904
 10
2.6021
 20
6.904
  0
LWPOLYLINE
  5
590
330
17
100
AcDbEntity
  8
A-ELEWACJE
370
35
 48
0.05
100
AcDbPolyline
 90
2
 70
0
 10
2.7221
 20
6.875
 10
2.6429
 20
6.875
  0
LWPOLYLINE
  5
591
330
17
100
AcDbEntity
  8
A-ELEWACJE
370
35
 48
0.05
100
AcDbPolyline
 90
2
 70
0
 10
2.6429
 20
6.904
 10
2.7221
 20
6.904
  0
LWPOLYLINE
  5
592
330
17
100
AcDbEntity
  8
A-ELEWACJE
370
35
 48
0.05
100
AcDbPolyline
 90
2
 70
0
 10
2.8421
 20
6.875
 10
2.7629
 20
6.875
  0
LWPOLYLINE
  5
593
330
17
100
AcDbEntity
  8
A-ELEWACJE
370
35
 48
0.05
100
AcDbPolyline
 90
2
 70
0
 10
2.7629
 20
6.904
 10
2.8421
 20
6.904
  0
LWPOLYLINE
  5
594
330
17
100
AcDbEntity
  8
A-ELEWACJE
370
35
 48
0.05
100
AcDbPolyline
 90
2
 70
0
 10
2.9621
 20
6.875
 10
2.8829
 20
6.875
  0
LWPOLYLINE
  5
595
330
17
100
AcDbEntity
  8
A-ELEWACJE
370
35
 48
0.05
100
AcDbPolyline
 90
2
 70
0
 10
2.8829
 20
6.904
 10
2.9621
 20
6.904
  0
LWPOLYLINE
  5
596
330
17
100
AcDbEntity
  8
A-ELEWACJE
370
35
 48
0.05
100
AcDbPolyline
 90
2
 70
0
 10
3.0821
 20
6.875
 10
3.0029
 20
6.875
  0
LWPOLYLINE
  5
597
330
17
100
AcDbEntity
  8
A-ELEWACJE
370
35
 48
0.05
100
AcDbPolyline
 90
2
 70
0
 10
3.0029
 20
6.904
 10
3.0821
 20
6.904
  0
LWPOLYLINE
  5
598
330
17
100
AcDbEntity
  8
A-ELEWACJE
370
35
 48
0.05
100
AcDbPolyline
 90
2
 70
0
 10
3.2021
 20
6.875
 10
3.1229
 20
6.875
  0
LWPOLYLINE
  5
599
330
17
100
AcDbEntity
  8
A-ELEWACJE
370
35
 48
0.05
100
AcDbPolyline
 90
2
 70
0
 10
3.1229
 20
6.904
 10
3.2021
 20
6.904
  0
LWPOLYLINE
  5
59A
330
17
100
AcDbEntity
  8
A-ELEWACJE
370
35
 48
0.05
100
AcDbPolyline
 90
2
 70
0
 10
4.975
 20
6.2524
 10
4.975
 20
9.0646
  0
LWPOLYLINE
  5
59B
330
17
100
AcDbEntity
  8
A-ELEWACJE
370
35
 48
0.05
100
AcDbPolyline
 90
2
 70
0
 10
5.055
 20
9.0646
 10
5.055
 20
6.2524
  0
LWPOLYLINE
  5
59C
330
17
100
AcDbEntity
  8
A-ELEWACJE
370
35
 48
0.05
100
AcDbPolyline
 90
4
 70
0
 10
4.6146
 20
5.93
 10
3.225
 20
5.93
 10
0.825
 20
5.93
 10
-0.6896
 20
5.93
  0
LWPOLYLINE
  5
59D
330
17
100
AcDbEntity
  8
A-ELEWACJE
370
35
 48
0.05
100
AcDbPolyline
 90
4
 70
0
 10
4.9746
 20
6.4
 10
4.935
 20
6.4
 10
4.935
 20
6.46
 10
4.9746
 20
6.46
  0
LWPOLYLINE
  5
59E
330
17
100
AcDbEntity
  8
A-ELEWACJE
370
35
 48
0.05
100
AcDbPolyline
 90
4
 70
0
 10
4.9746
 20
8.87
 10
4.935
 20
8.87
 10
4.935
 20
8.93
 10
4.9746
 20
8.93
  0
LWPOLYLINE
  5
59F
330
17
100
AcDbEntity
  8
A-ELEWACJE
370
35
 48
0.05
100
AcDbPolyline
 90
4
 70
0
 10
4.825
 20
5.9296
 10
4.825
 20
5.915
 10
-0.9
 20
5.915
 10
-0.9
 20
5.9296
  0
LWPOLYLINE
  5
5A0
330
17
100
AcDbEntity
  8
A-ELEWACJE
370
35
 48
0.05
100
AcDbPolyline
 90
4
 70
0
 10
0.9221
 20
8.825
 10
0.9
 20
8.825
 10
0.9
 20
6.975
 10
0.9221
 20
6.975
  0
LWPOLYLINE
  5
5A1
330
17
100
AcDbEntity
  8
A-ELEWACJE
370
35
 48
0.05
100
AcDbPolyline
 90
2
 70
0
 10
0.9629
 20
6.975
 10
1.0421
 20
6.975
  0
LWPOLYLINE
  5
5A2
330
17
100
AcDbEntity
  8
A-ELEWACJE
370
35
 48
0.05
100
AcDbPolyline
 90
2
 70
0
 10
1.0421
 20
8.825
 10
0.9629
 20
8.825
  0
LWPOLYLINE
  5
5A3
330
17
100
AcDbEntity
  8
A-ELEWACJE
370
35
 48
0.05
100
AcDbPolyline
 90
2
 70
0
 10
1.0829
 20
6.975
 10
1.1621
 20
6.975
  0
LWPOLYLINE
  5
5A4
330
17
100
AcDbEntity
  8
A-ELEWACJE
370
35
 48
0.05
100
AcDbPolyline
 90
2
 70
0
 10
1.1621
 20
8.825
 10
1.0829
 20
8.825
  0
LWPOLYLINE
  5
5A5
330
17
100
AcDbEntity
  8
A-ELEWACJE
370
35
 48
0.05
100
AcDbPolyline
 90
2
 70
0
 10
1.2029
 20
6.975
 10
1.2821
 20
6.975
  0
LWPOLYLINE
  5
5A6
330
17
100
AcDbEntity
  8
A-ELEWACJE
370
35
 48
0.05
100
AcDbPolyline
 90
2
 70
0
 10
1.2821
 20
8.825
 10
1.2029
 20
8.825
  0
LWPOLYLINE
  5
5A7
330
17
100
AcDbEntity
  8
A-ELEWACJE
370
35
 48
0.05
100
AcDbPolyline
 90
2
 70
0
 10
1.3229
 20
6.975
 10
1.4021
 20
6.975
  0
LWPOLYLINE
  5
5A8
330
17
100
AcDbEntity
  8
A-ELEWACJE
370
35
 48
0.05
100
AcDbPolyline
 90
2
 70
0
 10
1.4021
 20
8.825
 10
1.3229
 20
8.825
  0
LWPOLYLINE
  5
5A9
330
17
100
AcDbEntity
  8
A-ELEWACJE
370
35
 48
0.05
100
AcDbPolyline
 90
2
 70
0
 10
1.4429
 20
6.975
 10
1.5221
 20
6.975
  0
LWPOLYLINE
  5
5AA
330
17
100
AcDbEntity
  8
A-ELEWACJE
370
35
 48
0.05
100
AcDbPolyline
 90
2
 70
0
 10
1.5221
 20
8.825
 10
1.4429
 20
8.825
  0
LWPOLYLINE
  5
5AB
330
17
100
AcDbEntity
  8
A-ELEWACJE
370
35
 48
0.05
100
AcDbPolyline
 90
2
 70
0
 10
1.5629
 20
6.975
 10
1.6421
 20
6.975
  0
LWPOLYLINE
  5
5AC
330
17
100
AcDbEntity
  8
A-ELEWACJE
370
35
 48
0.05
100
AcDbPolyline
 90
2
 70
0
 10
1.6421
 20
8.825
 10
1.5629
 20
8.825
  0
LWPOLYLINE
  5
5AD
330
17
100
AcDbEntity
  8
A-ELEWACJE
370
35
 48
0.05
100
AcDbPolyline
 90
2
 70
0
 10
1.6829
 20
6.975
 10
1.7621
 20
6.975
  0
LWPOLYLINE
  5
5AE
330
17
100
AcDbEntity
  8
A-ELEWACJE
370
35
 48
0.05
100
AcDbPolyline
 90
2
 70
0
 10
1.7621
 20
8.825
 10
1.6829
 20
8.825
  0
LWPOLYLINE
  5
5AF
330
17
100
AcDbEntity
  8
A-ELEWACJE
370
35
 48
0.05
100
AcDbPolyline
 90
2
 70
0
 10
1.8029
 20
6.975
 10
1.8821
 20
6.975
  0
LWPOLYLINE
  5
5B0
330
17
100
AcDbEntity
  8
A-ELEWACJE
370
35
 48
0.05
100
AcDbPolyline
 90
2
 70
0
 10
1.8821
 20
8.825
 10
1.8029
 20
8.825
  0
LWPOLYLINE
  5
5B1
330
17
100
AcDbEntity
  8
A-ELEWACJE
370
35
 48
0.05
100
AcDbPolyline
 90
4
 70
0
 10
1.9229
 20
6.975
 10
1.9875
 20
6.975
 10
1.9875
 20
8.825
 10
1.9229
 20
8.825
  0
LWPOLYLINE
  5
5B2
330
17
100
AcDbEntity
  8
A-ELEWACJE
370
35
 48
0.05
100
AcDbPolyline
 90
4
 70
0
 10
2.1221
 20
8.825
 10
2.0625
 20
8.825
 10
2.0625
 20
6.975
 10
2.1221
 20
6.975
  0
LWPOLYLINE
  5
5B3
330
17
100
AcDbEntity
  8
A-ELEWACJE
370
35
 48
0.05
100
AcDbPolyline
 90
2
 70
0
 10
2.1629
 20
6.975
 10
2.2421
 20
6.975
  0
LWPOLYLINE
  5
5B4
330
17
100
AcDbEntity
  8
A-ELEWACJE
370
35
 48
0.05
100
AcDbPolyline
 90
2
 70
0
 10
2.2421
 20
8.825
 10
2.1629
 20
8.825
  0
LWPOLYLINE
  5
5B5
330
17
100
AcDbEntity
  8
A-ELEWACJE
370
35
 48
0.05
100
AcDbPolyline
 90
2
 70
0
 10
2.2829
 20
6.975
 10
2.3621
 20
6.975
  0
LWPOLYLINE
  5
5B6
330
17
100
AcDbEntity
  8
A-ELEWACJE
370
35
 48
0.05
100
AcDbPolyline
 90
2
 70
0
 10
2.3621
 20
8.825
 10
2.2829
 20
8.825
  0
LWPOLYLINE
  5
5B7
330
17
100
AcDbEntity
  8
A-ELEWACJE
370
35
 48
0.05
100
AcDbPolyline
 90
2
 70
0
 10
2.4029
 20
6.975
 10
2.4821
 20
6.975
  0
LWPOLYLINE
  5
5B8
330
17
100
AcDbEntity
  8
A-ELEWACJE
370
35
 48
0.05
100
AcDbPolyline
 90
2
 70
0
 10
2.4821
 20
8.825
 10
2.4029
 20
8.825
  0
LWPOLYLINE
  5
5B9
330
17
100
AcDbEntity
  8
A-ELEWACJE
370
35
 48
0.05
100
AcDbPolyline
 90
2
 70
0
 10
2.5229
 20
6.975
 10
2.6021
 20
6.975
  0
LWPOLYLINE
  5
5BA
330
17
100
AcDbEntity
  8
A-ELEWACJE
370
35
 48
0.05
100
AcDbPolyline
 90
2
 70
0
 10
2.6021
 20
8.825
 10
2.5229
 20
8.825
  0
LWPOLYLINE
  5
5BB
330
17
100
AcDbEntity
  8
A-ELEWACJE
370
35
 48
0.05
100
AcDbPolyline
 90
2
 70
0
 10
2.6429
 20
6.975
 10
2.7221
 20
6.975
  0
LWPOLYLINE
  5
5BC
330
17
100
AcDbEntity
  8
A-ELEWACJE
370
35
 48
0.05
100
AcDbPolyline
 90
2
 70
0
 10
2.7221
 20
8.825
 10
2.6429
 20
8.825
  0
LWPOLYLINE
  5
5BD
330
17
100
AcDbEntity
  8
A-ELEWACJE
370
35
 48
0.05
100
AcDbPolyline
 90
2
 70
0
 10
2.7629
 20
6.975
 10
2.8421
 20
6.975
  0
LWPOLYLINE
  5
5BE
330
17
100
AcDbEntity
  8
A-ELEWACJE
370
35
 48
0.05
100
AcDbPolyline
 90
2
 70
0
 10
2.8421
 20
8.825
 10
2.7629
 20
8.825
  0
LWPOLYLINE
  5
5BF
330
17
100
AcDbEntity
  8
A-ELEWACJE
370
35
 48
0.05
100
AcDbPolyline
 90
2
 70
0
 10
2.8829
 20
6.975
 10
2.9621
 20
6.975
  0
LWPOLYLINE
  5
5C0
330
17
100
AcDbEntity
  8
A-ELEWACJE
370
35
 48
0.05
100
AcDbPolyline
 90
2
 70
0
 10
2.9621
 20
8.825
 10
2.8829
 20
8.825
  0
LWPOLYLINE
  5
5C1
330
17
100
AcDbEntity
  8
A-ELEWACJE
370
35
 48
0.05
100
AcDbPolyline
 90
2
 70
0
 10
3.0029
 20
6.975
 10
3.0821
 20
6.975
  0
LWPOLYLINE
  5
5C2
330
17
100
AcDbEntity
  8
A-ELEWACJE
370
35
 48
0.05
100
AcDbPolyline
 90
2
 70
0
 10
3.0821
 20
8.825
 10
3.0029
 20
8.825
  0
LWPOLYLINE
  5
5C3
330
17
100
AcDbEntity
  8
A-ELEWACJE
370
35
 48
0.05
100
AcDbPolyline
 90
4
 70
0
 10
3.1229
 20
6.975
 10
3.15
 20
6.975
 10
3.15
 20
8.825
 10
3.1229
 20
8.825
  0
LWPOLYLINE
  5
5C4
330
17
100
AcDbEntity
  8
A-ELEWACJE
370
35
 48
0.05
100
AcDbPolyline
 90
5
 70
0
 10
-1.05
 20
6.66
 10
-4.655
 20
6.66
 10
-4.655
 20
6.680000000000001
 10
-1.05
 20
6.680000000000001
 10
-1.05
 20
6.66
  0
LWPOLYLINE
  5
5C5
330
17
100
AcDbEntity
  8
A-ELEWACJE
370
35
 48
0.05
100
AcDbPolyline
 90
4
 70
0
 10
-1.08
 20
6.6596
 10
-1.08
 20
5.93
 10
-4.625
 20
5.93
 10
-4.625
 20
6.6596
  0
LWPOLYLINE
  5
5C6
330
17
100
AcDbEntity
  8
A-ELEWACJE
370
35
 48
0.05
100
AcDbPolyline
 90
5
 70
0
 10
-3.29
 20
4.054
 10
-1.46
 20
4.054
 10
-1.46
 20
4.025
 10
-3.29
 20
4.025
 10
-3.29
 20
4.054
  0
LWPOLYLINE
  5
5C7
330
17
100
AcDbEntity
  8
A-ELEWACJE
370
35
 48
0.05
100
AcDbPolyline
 90
5
 70
0
 10
-3.09
 20
0.875
 10
-3.09
 20
0.904
 10
-1.26
 20
0.904
 10
-1.26
 20
0.875
 10
-3.09
 20
0.875
  0
LWPOLYLINE
  5
5C8
330
17
100
AcDbEntity
  8
A-ELEWACJE
370
35
 48
0.05
100
AcDbPolyline
 90
5
 70
0
 10
1.71
 20
4.054
 10
3.54
 20
4.054
 10
3.54
 20
4.025
 10
1.71
 20
4.025
 10
1.71
 20
4.054
  0
LWPOLYLINE
  5
5C9
330
17
100
AcDbEntity
  8
A-ELEWACJE
370
35
 48
0.05
100
AcDbPolyline
 90
2
 70
0
 10
-0.9004
 20
6.354
 10
-1.0796
 20
6.354
  0
LWPOLYLINE
  5
5CA
330
17
100
AcDbEntity
  8
A-ELEWACJE
370
35
 48
0.05
100
AcDbPolyline
 90
2
 70
0
 10
-1.0796
 20
6.356
 10
-0.9004
 20
6.356
  0
LWPOLYLINE
  5
5CB
330
17
100
AcDbEntity
  8
A-ELEWACJE
370
35
 48
0.05
100
AcDbPolyline
 90
2
 70
0
 10
-0.9004
 20
6.15
 10
-1.0796
 20
6.15
  0
LWPOLYLINE
  5
5CC
330
17
100
AcDbEntity
  8
A-ELEWACJE
370
35
 48
0.05
100
AcDbPolyline
 90
2
 70
0
 10
-1.0796
 20
6.154
 10
-0.9004
 20
6.154
  0
LWPOLYLINE
  5
5CD
330
17
100
AcDbEntity
  8
A-ELEWACJE
370
35
 48
0.05
100
AcDbPolyline
 90
4
 70
0
 10
-4.525
 20
-0.2671
 10
-4.525
 20
2.78
 10
-4.525
 20
3.0
 10
-4.525
 20
5.9296
  0
LWPOLYLINE
  5
5CE
330
17
100
AcDbEntity
  8
A-ELEWACJE
370
35
 48
0.05
100
AcDbPolyline
 90
4
 70
0
 10
-1.487
 20
4.0544
 10
-1.487
 20
5.538
 10
-3.263
 20
5.538
 10
-3.263
 20
4.0544
  0
LWPOLYLINE
  5
5CF
330
17
100
AcDbEntity
  8
A-ELEWACJE
370
35
 48
0.05
100
AcDbPolyline
 90
4
 70
0
 10
-1.287
 20
0.9044
 10
-1.287
 20
2.388
 10
-3.063
 20
2.388
 10
-3.063
 20
0.9044
  0
LWPOLYLINE
  5
5D0
330
17
100
AcDbEntity
  8
A-ELEWACJE
370
35
 48
0.05
100
AcDbPolyline
 90
4
 70
0
 10
0.937
 20
2.7346
 10
0.937
 20
0.0
 10
3.313
 20
0.0
 10
3.313
 20
2.7346
  0
LWPOLYLINE
  5
5D1
330
17
100
AcDbEntity
  8
A-ELEWACJE
370
35
 48
0.05
100
AcDbPolyline
 90
4
 70
0
 10
3.513
 20
4.0544
 10
3.513
 20
5.538
 10
1.737
 20
5.538
 10
1.737
 20
4.0544
  0
LWPOLYLINE
  5
5D2
330
17
100
AcDbEntity
  8
A-ELEWACJE
370
35
 48
0.05
100
AcDbPolyline
 90
2
 70
0
 10
4.825
 20
2.7346
 10
4.825
 20
-0.0196
  0
LWPOLYLINE
  5
5D3
330
17
100
AcDbEntity
  8
A-ELEWACJE
370
35
 48
0.05
100
AcDbPolyline
 90
2
 70
0
 10
4.825
 20
5.9146
 10
4.825
 20
3.0524
  0
LWPOLYLINE
  5
5D4
330
17
100
AcDbEntity
  8
A-ELEWACJE
370
35
 48
0.05
100
AcDbPolyline
 90
2
 70
0
 10
-1.0796
 20
6.36
 10
-0.9004
 20
6.36
  0
LWPOLYLINE
  5
5D5
330
17
100
AcDbEntity
  8
A-ELEWACJE
370
35
 48
0.05
100
AcDbPolyline
 90
2
 70
0
 10
-1.0796
 20
6.41
 10
-0.9004
 20
6.41
  0
LWPOLYLINE
  5
5D6
330
17
100
AcDbEntity
  8
A-ELEWACJE
370
35
 48
0.05
100
AcDbPolyline
 90
5
 70
0
 10
-2.4125
 20
5.475
 10
-3.2
 20
5.475
 10
-3.2
 20
4.125
 10
-2.4125
 20
4.125
 10
-2.4125
 20
5.475
  0
LWPOLYLINE
  5
5D7
330
17
100
AcDbEntity
  8
A-ELEWACJE
370
35
 48
0.05
100
AcDbPolyline
 90
5
 70
0
 10
-2.3375
 20
5.475
 10
-2.3375
 20
4.125
 10
-1.55
 20
4.125
 10
-1.55
 20
5.475
 10
-2.3375
 20
5.475
  0
LWPOLYLINE
  5
5D8
330
17
100
AcDbEntity
  8
A-ELEWACJE
370
35
 48
0.05
100
AcDbPolyline
 90
5
 70
0
 10
-2.2125
 20
2.325
 10
-3.0
 20
2.325
 10
-3.0
 20
0.975
 10
-2.2125
 20
0.975
 10
-2.2125
 20
2.325
  0
LWPOLYLINE
  5
5D9
330
17
100
AcDbEntity
  8
A-ELEWACJE
370
35
 48
0.05
100
AcDbPolyline
 90
5
 70
0
 10
-2.1375
 20
2.325
 10
-2.1375
 20
0.975
 10
-1.35
 20
0.975
 10
-1.35
 20
2.325
 10
-2.1375
 20
2.325
  0
LWPOLYLINE
  5
5DA
330
17
100
AcDbEntity
  8
A-ELEWACJE
370
35
 48
0.05
100
AcDbPolyline
 90
5
 70
0
 10
1.01
 20
2.665
 10
1.01
 20
0.03
 10
2.0825
 20
0.03
 10
2.0825
 20
2.665
 10
1.01
 20
2.665
  0
LWPOLYLINE
  5
5DB
330
17
100
AcDbEntity
  8
A-ELEWACJE
370
35
 48
0.05
100
AcDbPolyline
 90
5
 70
0
 10
2.5875
 20
5.475
 10
1.8
 20
5.475
 10
1.8
 20
4.125
 10
2.5875
 20
4.125
 10
2.5875
 20
5.475
  0
LWPOLYLINE
  5
5DC
330
17
100
AcDbEntity
  8
A-ELEWACJE
370
35
 48
0.05
100
AcDbPolyline
 90
5
 70
0
 10
2.6625
 20
5.475
 10
2.6625
 20
4.125
 10
3.45
 20
4.125
 10
3.45
 20
5.475
 10
2.6625
 20
5.475
  0
LWPOLYLINE
  5
5DD
330
17
100
AcDbEntity
  8
A-ELEWACJE
370
35
 48
0.05
100
AcDbPolyline
 90
5
 70
0
 10
3.24
 20
2.665
 10
2.1675
 20
2.665
 10
2.1675
 20
0.03
 10
3.24
 20
0.03
 10
3.24
 20
2.665
  0
LWPOLYLINE
  5
5DE
330
17
100
AcDbEntity
  8
A-ELEWACJE
370
35
 48
0.05
100
AcDbPolyline
 90
4
 70
0
 10
4.8254
 20
6.904
 10
4.865
 20
6.904
 10
4.865
 20
6.875
 10
4.8254
 20
6.875
  0
LWPOLYLINE
  5
5DF
330
17
100
AcDbEntity
  8
A-ELEWACJE
370
35
 48
0.05
100
AcDbPolyline
 90
4
 70
0
 10
-1.0304
 20
9.776
 10
-4.655
 20
9.776
 10
-4.655
 20
9.796
 10
-1.0304
 20
9.796
  0
LWPOLYLINE
  5
5E0
330
17
100
AcDbEntity
  8
A-ELEWACJE
370
35
 48
0.05
100
AcDbPolyline
 90
3
 70
0
 10
-1.0004
 20
9.08
 10
-4.625
 20
9.08
 10
-4.625
 20
9.7756
  0
LWPOLYLINE
  5
5E1
330
17
100
AcDbEntity
  8
A-ELEWACJE
370
35
 48
0.05
100
AcDbPolyline
 90
2
 70
0
 10
-4.525
 20
6.6804
 10
-4.525
 20
9.0796
  0
LWPOLYLINE
  5
5E2
330
17
100
AcDbEntity
  8
A-ELEWACJE
370
35
 48
0.05
100
AcDbPolyline
 90
4
 70
0
 10
4.8254
 20
3.85
 10
5.825
 20
3.85
 10
5.825
 20
3.65
 10
4.8254
 20
3.65
  0
LWPOLYLINE
  5
5E3
330
17
100
AcDbEntity
  8
A-ELEWACJE
370
35
 48
0.05
100
AcDbPolyline
 90
4
 70
0
 10
4.8254
 20
5.55
 10
5.825
 20
5.55
 10
5.825
 20
5.35
 10
4.8254
 20
5.35
  0
LWPOLYLINE
  5
5E4
330
17
100
AcDbEntity
  8
A-ELEWACJE
370
35
 48
0.05
100
AcDbPolyline
 90
4
 70
0
 10
5.825
 20
3.6496
 10
5.825
 20
3.635
 10
4.845
 20
3.635
 10
4.845
 20
3.6496
  0
LWPOLYLINE
  5
5E5
330
17
100
AcDbEntity
  8
A-ELEWACJE
370
35
 48
0.05
100
AcDbPolyline
 90
4
 70
0
 10
5.825
 20
5.3496
 10
5.825
 20
5.335
 10
4.845
 20
5.335
 10
4.845
 20
5.3496
  0
LWPOLYLINE
  5
5E6
330
17
100
AcDbEntity
  8
A-ELEWACJE
370
35
 48
0.05
100
AcDbPolyline
 90
2
 70
0
 10
5.825
 20
5.3346
 10
5.825
 20
3.8504
  0
LWPOLYLINE
  5
5E7
330
17
100
AcDbEntity
  8
A-ELEWACJE
370
35
 48
0.05
100
AcDbPolyline
 90
4
 70
0
 10
4.8254
 20
7.154
 10
4.865
 20
7.154
 10
4.865
 20
7.125
 10
4.8254
 20
7.125
  0
LWPOLYLINE
  5
5E8
330
17
100
AcDbEntity
  8
A-ELEWACJE
370
35
 48
0.05
100
AcDbPolyline
 90
4
 70
0
 10
-4.5254
 20
1.575
 10
-4.565
 20
1.575
 10
-4.565
 20
1.604
 10
-4.5254
 20
1.604
  0
LWPOLYLINE
  5
5E9
330
17
100
AcDbEntity
  8
A-ELEWACJE
370
35
 48
0.05
100
AcDbPolyline
 90
4
 70
0
 10
-4.5254
 20
4.725
 10
-4.565
 20
4.725
 10
-4.565
 20
4.754
 10
-4.5254
 20
4.754
  0
LWPOLYLINE
  5
5EA
330
17
100
AcDbEntity
  8
A-ELEWACJE
370
35
 48
0.05
100
AcDbPolyline
 90
4
 70
0
 10
-4.5254
 20
7.875
 10
-4.565
 20
7.875
 10
-4.565
 20
7.904
 10
-4.5254
 20
7.904
  0
LWPOLYLINE
  5
5EB
330
17
100
AcDbEntity
  8
A-ELEWACJE
370
35
 48
0.05
100
AcDbPolyline
 90
4
 70
0
 10
-4.5254
 20
7.175
 10
-4.565
 20
7.175
 10
-4.565
 20
7.204
 10
-4.5254
 20
7.204
  0
LWPOLYLINE
  5
5EC
330
17
100
AcDbEntity
  8
A-ELEWACJE
370
35
 48
0.05
100
AcDbPolyline
 90
4
 70
0
 10
-4.5254
 20
3.05
 10
-5.825
 20
3.05
 10
-5.825
 20
3.052
 10
-4.5254
 20
3.052
  0
LWPOLYLINE
  5
5ED
330
17
100
AcDbEntity
  8
A-ELEWACJE
370
35
 48
0.05
100
AcDbPolyline
 90
4
 70
0
 10
-4.5254
 20
-0.05
 10
-5.825
 20
-0.05
 10
-5.825
 20
-0.02
 10
-4.5254
 20
-0.02
  0
LWPOLYLINE
  5
5EE
330
17
100
AcDbEntity
  8
A-ELEWACJE
370
35
 48
0.05
100
AcDbPolyline
 90
2
 70
0
 10
-5.825
 20
-0.2593
 10
-5.825
 20
-0.0504
  0
LWPOLYLINE
  5
5EF
330
17
100
AcDbEntity
  8
A-ELEWACJE
370
35
 48
0.05
100
AcDbPolyline
 90
5
 70
0
 10
-4.545
 20
2.785
 10
-5.825
 20
2.785
 10
-5.825
 20
2.8000000000000003
 10
-4.545
 20
2.8000000000000003
 10
-4.545
 20
2.785
  0
LWPOLYLINE
  5
5F0
330
17
100
AcDbEntity
  8
A-ELEWACJE
370
35
 48
0.05
100
AcDbPolyline
 90
2
 70
0
 10
-5.825
 20
2.8004
 10
-5.825
 20
3.0496
  0
LWPOLYLINE
  5
5F1
330
17
100
AcDbEntity
  8
A-ELEWACJE
370
35
 48
0.05
100
AcDbPolyline
 90
2
 70
0
 10
-4.5254
 20
2.8
 10
-4.5446
 20
2.8
  0
LWPOLYLINE
  5
5F2
330
17
100
AcDbEntity
  8
A-ELEWACJE
370
35
 48
0.05
100
AcDbPolyline
 90
5
 70
0
 10
-4.675000000000001
 20
3.8500000000000005
 10
-5.28
 20
3.8500000000000005
 10
-5.28
 20
3.87
 10
-4.675000000000001
 20
3.87
 10
-4.675000000000001
 20
3.8500000000000005
  0
LWPOLYLINE
  5
5F3
330
17
100
AcDbEntity
  8
A-ELEWACJE
370
35
 48
0.05
100
AcDbPolyline
 90
4
 70
0
 10
-4.705
 20
2.7846
 10
-4.705
 20
2.76
 10
-5.25
 20
2.76
 10
-5.25
 20
2.7846
  0
LWPOLYLINE
  5
5F4
330
17
100
AcDbEntity
  8
A-ELEWACJE
370
35
 48
0.05
100
AcDbPolyline
 90
2
 70
0
 10
-5.25
 20
3.0524
 10
-5.25
 20
3.8496
  0
LWPOLYLINE
  5
5F5
330
17
100
AcDbEntity
  8
A-ELEWACJE
370
35
 48
0.05
100
AcDbPolyline
 90
2
 70
0
 10
-4.705
 20
3.8496
 10
-4.705
 20
3.0524
  0
LWPOLYLINE
  5
5F6
330
17
100
AcDbEntity
  8
A-ELEWACJE
370
35
 48
0.05
100
AcDbPolyline
 90
2
 70
0
 10
-4.5254
 20
3.1935
 10
-4.7046
 20
3.1935
  0
LWPOLYLINE
  5
5F7
330
17
100
AcDbEntity
  8
A-ELEWACJE
370
35
 48
0.05
100
AcDbPolyline
 90
2
 70
0
 10
-4.7046
 20
3.194
 10
-4.5254
 20
3.194
  0
LWPOLYLINE
  5
5F8
330
17
100
AcDbEntity
  8
A-ELEWACJE
370
35
 48
0.05
100
AcDbPolyline
 90
2
 70
0
 10
-4.5254
 20
3.223
 10
-4.7046
 20
3.223
  0
LWPOLYLINE
  5
5F9
330
17
100
AcDbEntity
  8
A-ELEWACJE
370
35
 48
0.05
100
AcDbPolyline
 90
2
 70
0
 10
-4.7046
 20
3.225
 10
-4.5254
 20
3.225
  0
LWPOLYLINE
  5
5FA
330
17
100
AcDbEntity
  8
A-ELEWACJE
370
35
 48
0.05
100
AcDbPolyline
 90
2
 70
0
 10
-4.5254
 20
3.198
 10
-4.7046
 20
3.198
  0
LWPOLYLINE
  5
5FB
330
17
100
AcDbEntity
  8
A-ELEWACJE
370
35
 48
0.05
100
AcDbPolyline
 90
2
 70
0
 10
-4.5254
 20
3.184
 10
-4.7046
 20
3.184
  0
LWPOLYLINE
  5
5FC
330
17
100
AcDbEntity
  8
A-ELEWACJE
370
35
 48
0.05
100
AcDbPolyline
 90
2
 70
0
 10
-4.7046
 20
3.305
 10
-4.5254
 20
3.305
  0
LWPOLYLINE
  5
5FD
330
17
100
AcDbEntity
  8
A-ELEWACJE
370
35
 48
0.05
100
AcDbPolyline
 90
2
 70
0
 10
-5.15
 20
-0.0196
 10
-5.15
 20
2.7596
  0
LWPOLYLINE
  5
5FE
330
17
100
AcDbEntity
  8
A-ELEWACJE
370
35
 48
0.05
100
AcDbPolyline
 90
2
 70
0
 10
-4.6746
 20
3.85
 10
-4.5254
 20
3.85
  0
LWPOLYLINE
  5
5FF
330
17
100
AcDbEntity
  8
A-ELEWACJE
370
35
 48
0.05
100
AcDbPolyline
 90
2
 70
0
 10
4.8446
 20
3.635
 10
4.8254
 20
3.635
  0
LWPOLYLINE
  5
600
330
17
100
AcDbEntity
  8
A-ELEWACJE
370
35
 48
0.05
100
AcDbPolyline
 90
2
 70
0
 10
4.925
 20
3.6346
 10
4.925
 20
3.0524
  0
LWPOLYLINE
  5
601
330
17
100
AcDbEntity
  8
A-ELEWACJE
370
35
 48
0.05
100
AcDbPolyline
 90
2
 70
0
 10
-4.6746
 20
3.87
 10
-4.5254
 20
3.87
  0
LWPOLYLINE
  5
602
330
17
100
AcDbEntity
  8
A-ELEWACJE
370
50
 48
0.05
100
AcDbPolyline
 90
91
 70
0
 10
-5.825
 20
-0.25869998200016725
 10
-5.825
 20
-0.05
 10
-5.825
 20
-0.02
 10
-5.15
 20
-0.02
 10
-5.15
 20
2.1380000000000003
 10
-5.15
 20
2.1500000000000004
 10
-5.15
 20
2.7600000000000002
 10
-5.25
 20
2.7600000000000002
 10
-5.25
 20
2.785
 10
-5.825
 20
2.785
 10
-5.825
 20
2.8000000000000003
 10
-5.825
 20
3.0500000000000003
 10
-5.825
 20
3.052
 10
-5.25
 20
3.052
 10
-5.25
 20
3.8500000000000005
 10
-5.28
 20
3.8500000000000005
 10
-5.28
 20
3.87
 10
-4.87
 20
3.87
 10
-4.675000000000001
 20
3.87
 10
-4.525
 20
3.87
 10
-4.525
 20
4.7250000000000005
 10
-4.565
 20
4.7250000000000005
 10
-4.565
 20
4.7540000000000004
 10
-4.525
 20
4.7540000000000004
 10
-4.525
 20
5.338
 10
-4.525
 20
5.3500000000000005
 10
-4.525
 20
5.930000000000001
 10
-4.625
 20
5.930000000000001
 10
-4.625
 20
6.66
 10
-4.655
 20
6.66
 10
-4.655
 20
6.680000000000001
 10
-4.525
 20
6.680000000000001
 10
-4.525
 20
7.175000000000001
 10
-4.565
 20
7.175000000000001
 10
-4.565
 20
7.204000000000001
 10
-4.525
 20
7.204000000000001
 10
-4.525
 20
7.875000000000001
 10
-4.565
 20
7.875000000000001
 10
-4.565
 20
7.904000000000001
 10
-4.525
 20
7.904000000000001
 10
-4.525
 20
8.488000000000001
 10
-4.525
 20
8.5
 10
-4.525
 20
8.688
 10
-4.525
 20
8.700000000000001
 10
-4.525
 20
9.08
 10
-4.625
 20
9.08
 10
-4.625
 20
9.776000000000002
 10
-4.655
 20
9.776000000000002
 10
-4.655
 20
9.796000000000001
 10
-4.245
 20
9.796000000000001
 10
-1.03
 20
9.796000000000001
 10
-0.62
 20
9.796000000000001
 10
4.545
 20
9.796000000000001
 10
4.955
 20
9.796000000000001
 10
4.955
 20
9.776000000000002
 10
4.925000000000001
 20
9.776000000000002
 10
4.925000000000001
 20
9.402000000000001
 10
5.825
 20
9.402000000000001
 10
5.825
 20
9.4
 10
5.825
 20
9.08
 10
5.825
 20
9.065000000000001
 10
5.055000000000001
 20
9.065000000000001
 10
5.055000000000001
 20
6.252000000000001
 10
5.825
 20
6.252000000000001
 10
5.825
 20
6.250000000000001
 10
5.825
 20
5.95
 10
5.825
 20
5.9350000000000005
 10
4.845000000000001
 20
5.9350000000000005
 10
4.825
 20
5.9350000000000005
 10
4.825
 20
5.930000000000001
 10
4.825
 20
5.915000000000001
 10
4.825
 20
5.550000000000001
 10
5.825
 20
5.550000000000001
 10
5.825
 20
5.3500000000000005
 10
5.825
 20
5.335000000000001
 10
5.825
 20
3.8500000000000005
 10
5.825
 20
3.6500000000000004
 10
5.825
 20
3.6350000000000002
 10
4.925000000000001
 20
3.6350000000000002
 10
4.925000000000001
 20
3.052
 10
5.825
 20
3.052
 10
5.825
 20
3.0500000000000003
 10
5.825
 20
2.7500000000000004
 10
5.825
 20
2.7350000000000003
 10
4.825
 20
2.7350000000000003
 10
4.825
 20
0.0
 10
4.825
 20
-0.02
 10
5.825
 20
-0.02
 10
7.825000000000001
 20
-0.02
 10
7.825000000000001
 20
-0.05
 10
7.825000000000001
 20
-0.34059998200017033
  0
LWPOLYLINE
  5
603
330
17
100
AcDbEntity
  8
A-ELEWACJE
370
50
 48
0.05
100
AcDbPolyline
 90
30
 70
0
 10
4.825
 20
8.9
 10
4.825
 20
8.888
 10
4.825
 20
8.870000000000001
 10
4.825
 20
7.154000000000001
 10
4.865
 20
7.154000000000001
 10
4.865
 20
7.125000000000001
 10
4.825
 20
7.125000000000001
 10
4.825
 20
6.904000000000001
 10
4.865
 20
6.904000000000001
 10
4.865
 20
6.875000000000001
 10
4.825
 20
6.875000000000001
 10
4.825
 20
6.460000000000001
 10
4.825
 20
6.41
 10
4.825
 20
6.4
 10
4.825
 20
6.3500000000000005
 10
4.825
 20
6.252000000000001
 10
4.9750000000000005
 20
6.252000000000001
 10
4.9750000000000005
 20
6.4
 10
4.9350000000000005
 20
6.4
 10
4.9350000000000005
 20
6.460000000000001
 10
4.9750000000000005
 20
6.460000000000001
 10
4.9750000000000005
 20
8.870000000000001
 10
4.9350000000000005
 20
8.870000000000001
 10
4.9350000000000005
 20
8.930000000000001
 10
4.9750000000000005
 20
8.930000000000001
 10
4.9750000000000005
 20
9.065000000000001
 10
4.845000000000001
 20
9.065000000000001
 10
4.825
 20
9.065000000000001
 10
4.825
 20
8.930000000000001
 10
4.825
 20
8.9
  0
LWPOLYLINE
  5
604
330
17
100
AcDbEntity
  8
A-ELEWACJE
370
35
 48
0.05
100
AcDbPolyline
 90
2
 70
0
 10
1.2781249999999997
 20
1.21575
 10
1.7143749999999995
 20
1.21575
  0
LWPOLYLINE
  5
605
330
17
100
AcDbEntity
  8
A-ELEWACJE
370
35
 48
0.05
100
AcDbPolyline
 90
3
 70
1
 10
1.8143749999999996
 20
1.21575
 10
1.696997287911943
 20
1.190800597101869
 10
1.696997287911943
 20
1.2406994028981313
  0
LWPOLYLINE
  5
606
330
17
100
AcDbEntity
  8
A-ELEWACJE
  6
KRESKOWA
370
25
 48
0.05
100
AcDbPolyline
 90
2
 70
128
 10
-2.6850000000000005
 20
1.2449999999999999
 10
-3.0
 20
0.9750000000000008
  0
LWPOLYLINE
  5
607
330
17
100
AcDbEntity
  8
A-ELEWACJE
  6
KRESKOWA
370
25
 48
0.05
100
AcDbPolyline
 90
2
 70
128
 10
-3.0
 20
2.3249999999999966
 10
-2.6850000000000005
 20
1.2449999999999999
  0
LWPOLYLINE
  5
608
330
17
100
AcDbEntity
  8
A-ELEWACJE
  6
KRESKOWA
370
25
 48
0.05
100
AcDbPolyline
 90
2
 70
128
 10
-3.0
 20
2.324999999999999
 10
-2.3700000000000006
 20
1.785
  0
LWPOLYLINE
  5
609
330
17
100
AcDbEntity
  8
A-ELEWACJE
  6
KRESKOWA
370
25
 48
0.05
100
AcDbPolyline
 90
2
 70
128
 10
-2.4750000000000005
 20
1.425
 10
-2.6850000000000005
 20
1.2449999999999999
  0
LWPOLYLINE
  5
60A
330
17
100
AcDbEntity
  8
A-ELEWACJE
  6
KRESKOWA
370
25
 48
0.05
100
AcDbPolyline
 90
3
 70
128
 10
-2.6850000000000005
 20
1.2449999999999999
 10
-2.6062500000000006
 20
0.975
 10
-2.4750000000000005
 20
1.425
  0
LWPOLYLINE
  5
60B
330
17
100
AcDbEntity
  8
A-ELEWACJE
  6
KRESKOWA
370
25
 48
0.05
100
AcDbPolyline
 90
3
 70
128
 10
-2.3700000000000006
 20
1.785
 10
-2.2125000000000004
 20
1.65
 10
-2.4750000000000005
 20
1.425
  0
LWPOLYLINE
  5
60C
330
17
100
AcDbEntity
  8
A-ELEWACJE
  6
KRESKOWA
370
25
 48
0.05
100
AcDbPolyline
 90
2
 70
128
 10
-2.4750000000000005
 20
1.425
 10
-2.3700000000000006
 20
1.785
  0
LWPOLYLINE
  5
60D
330
17
100
AcDbEntity
  8
A-ELEWACJE
  6
KRESKOWA
370
25
 48
0.05
100
AcDbPolyline
 90
2
 70
128
 10
-2.3700000000000006
 20
1.785
 10
-2.2125000000000004
 20
2.3249999999999997
  0
LWPOLYLINE
  5
60E
330
17
100
AcDbEntity
  8
A-ELEWACJE
  6
KRESKOWA
370
25
 48
0.05
100
AcDbPolyline
 90
2
 70
128
 10
-1.8225000000000002
 20
1.2449999999999999
 10
-2.1375
 20
0.975
  0
LWPOLYLINE
  5
60F
330
17
100
AcDbEntity
  8
A-ELEWACJE
  6
KRESKOWA
370
25
 48
0.05
100
AcDbPolyline
 90
2
 70
128
 10
-1.6125000000000005
 20
1.425
 10
-1.8225000000000002
 20
1.2449999999999999
  0
LWPOLYLINE
  5
610
330
17
100
AcDbEntity
  8
A-ELEWACJE
  6
KRESKOWA
370
25
 48
0.05
100
AcDbPolyline
 90
3
 70
128
 10
-1.8225000000000002
 20
1.2449999999999999
 10
-2.1375
 20
2.3249999999999997
 10
-1.5075000000000005
 20
1.785
  0
LWPOLYLINE
  5
611
330
17
100
AcDbEntity
  8
A-ELEWACJE
  6
KRESKOWA
370
25
 48
0.05
100
AcDbPolyline
 90
3
 70
128
 10
-1.8225000000000002
 20
1.2449999999999999
 10
-1.7437500000000004
 20
0.975
 10
-1.6125000000000005
 20
1.425
  0
LWPOLYLINE
  5
612
330
17
100
AcDbEntity
  8
A-ELEWACJE
  6
KRESKOWA
370
25
 48
0.05
100
AcDbPolyline
 90
3
 70
128
 10
-1.5075000000000005
 20
1.785
 10
-1.3500000000000005
 20
1.65
 10
-1.6125000000000005
 20
1.425
  0
LWPOLYLINE
  5
613
330
17
100
AcDbEntity
  8
A-ELEWACJE
  6
KRESKOWA
370
25
 48
0.05
100
AcDbPolyline
 90
2
 70
128
 10
-1.6125000000000005
 20
1.425
 10
-1.5075000000000005
 20
1.785
  0
LWPOLYLINE
  5
614
330
17
100
AcDbEntity
  8
A-ELEWACJE
  6
KRESKOWA
370
25
 48
0.05
100
AcDbPolyline
 90
2
 70
128
 10
-1.5075000000000005
 20
1.785
 10
-1.3500000000000005
 20
2.3249999999999997
  0
LWPOLYLINE
  5
615
330
17
100
AcDbEntity
  8
A-ELEWACJE
  6
KRESKOWA
370
25
 48
0.05
100
AcDbPolyline
 90
2
 70
128
 10
-2.8850000000000002
 20
4.395
 10
-3.2
 20
4.125
  0
LWPOLYLINE
  5
616
330
17
100
AcDbEntity
  8
A-ELEWACJE
  6
KRESKOWA
370
25
 48
0.05
100
AcDbPolyline
 90
2
 70
128
 10
-2.6750000000000003
 20
4.575
 10
-2.8850000000000002
 20
4.395
  0
LWPOLYLINE
  5
617
330
17
100
AcDbEntity
  8
A-ELEWACJE
  6
KRESKOWA
370
25
 48
0.05
100
AcDbPolyline
 90
3
 70
128
 10
-2.8850000000000002
 20
4.395
 10
-3.2
 20
5.475
 10
-2.5700000000000003
 20
4.935
  0
LWPOLYLINE
  5
618
330
17
100
AcDbEntity
  8
A-ELEWACJE
  6
KRESKOWA
370
25
 48
0.05
100
AcDbPolyline
 90
3
 70
128
 10
-2.8850000000000002
 20
4.395
 10
-2.8062500000000004
 20
4.125
 10
-2.6750000000000003
 20
4.575
  0
LWPOLYLINE
  5
619
330
17
100
AcDbEntity
  8
A-ELEWACJE
  6
KRESKOWA
370
25
 48
0.05
100
AcDbPolyline
 90
3
 70
128
 10
-2.5700000000000003
 20
4.935
 10
-2.4125000000000005
 20
4.8
 10
-2.6750000000000003
 20
4.575
  0
LWPOLYLINE
  5
61A
330
17
100
AcDbEntity
  8
A-ELEWACJE
  6
KRESKOWA
370
25
 48
0.05
100
AcDbPolyline
 90
2
 70
128
 10
-2.6750000000000003
 20
4.575
 10
-2.5700000000000003
 20
4.935
  0
LWPOLYLINE
  5
61B
330
17
100
AcDbEntity
  8
A-ELEWACJE
  6
KRESKOWA
370
25
 48
0.05
100
AcDbPolyline
 90
2
 70
128
 10
-2.5700000000000003
 20
4.935
 10
-2.4125000000000005
 20
5.475
  0
LWPOLYLINE
  5
61C
330
17
100
AcDbEntity
  8
A-ELEWACJE
  6
KRESKOWA
370
25
 48
0.05
100
AcDbPolyline
 90
2
 70
128
 10
-2.0225000000000004
 20
4.395
 10
-2.3375
 20
4.125
  0
LWPOLYLINE
  5
61D
330
17
100
AcDbEntity
  8
A-ELEWACJE
  6
KRESKOWA
370
25
 48
0.05
100
AcDbPolyline
 90
2
 70
128
 10
-2.3375
 20
5.474999999999998
 10
-2.0225000000000004
 20
4.395
  0
LWPOLYLINE
  5
61E
330
17
100
AcDbEntity
  8
A-ELEWACJE
  6
KRESKOWA
370
25
 48
0.05
100
AcDbPolyline
 90
2
 70
128
 10
-2.3375
 20
5.475
 10
-1.7075000000000007
 20
4.935
  0
LWPOLYLINE
  5
61F
330
17
100
AcDbEntity
  8
A-ELEWACJE
  6
KRESKOWA
370
25
 48
0.05
100
AcDbPolyline
 90
2
 70
128
 10
-1.8125000000000007
 20
4.575
 10
-2.0225000000000004
 20
4.395
  0
LWPOLYLINE
  5
620
330
17
100
AcDbEntity
  8
A-ELEWACJE
  6
KRESKOWA
370
25
 48
0.05
100
AcDbPolyline
 90
3
 70
128
 10
-2.0225000000000004
 20
4.395
 10
-1.9437500000000005
 20
4.125
 10
-1.8125000000000007
 20
4.575
  0
LWPOLYLINE
  5
621
330
17
100
AcDbEntity
  8
A-ELEWACJE
  6
KRESKOWA
370
25
 48
0.05
100
AcDbPolyline
 90
3
 70
128
 10
-1.7075000000000007
 20
4.935
 10
-1.5500000000000007
 20
4.8
 10
-1.8125000000000007
 20
4.575
  0
LWPOLYLINE
  5
622
330
17
100
AcDbEntity
  8
A-ELEWACJE
  6
KRESKOWA
370
25
 48
0.05
100
AcDbPolyline
 90
2
 70
128
 10
-1.8125000000000007
 20
4.575
 10
-1.7075000000000007
 20
4.935
  0
LWPOLYLINE
  5
623
330
17
100
AcDbEntity
  8
A-ELEWACJE
  6
KRESKOWA
370
25
 48
0.05
100
AcDbPolyline
 90
2
 70
128
 10
-1.7075000000000007
 20
4.935
 10
-1.5500000000000007
 20
5.475
  0
LWPOLYLINE
  5
624
330
17
100
AcDbEntity
  8
A-ELEWACJE
  6
KRESKOWA
370
25
 48
0.05
100
AcDbPolyline
 90
2
 70
128
 10
2.1149999999999998
 20
4.395
 10
1.8
 20
4.125
  0
LWPOLYLINE
  5
625
330
17
100
AcDbEntity
  8
A-ELEWACJE
  6
KRESKOWA
370
25
 48
0.05
100
AcDbPolyline
 90
2
 70
128
 10
1.8
 20
5.474999999999999
 10
2.1149999999999998
 20
4.395
  0
LWPOLYLINE
  5
626
330
17
100
AcDbEntity
  8
A-ELEWACJE
  6
KRESKOWA
370
25
 48
0.05
100
AcDbPolyline
 90
2
 70
128
 10
1.8
 20
5.475
 10
2.4299999999999997
 20
4.935
  0
LWPOLYLINE
  5
627
330
17
100
AcDbEntity
  8
A-ELEWACJE
  6
KRESKOWA
370
25
 48
0.05
100
AcDbPolyline
 90
2
 70
128
 10
2.3249999999999997
 20
4.575
 10
2.1149999999999998
 20
4.395
  0
LWPOLYLINE
  5
628
330
17
100
AcDbEntity
  8
A-ELEWACJE
  6
KRESKOWA
370
25
 48
0.05
100
AcDbPolyline
 90
3
 70
128
 10
2.1149999999999998
 20
4.395
 10
2.1937499999999996
 20
4.125
 10
2.3249999999999997
 20
4.575
  0
LWPOLYLINE
  5
629
330
17
100
AcDbEntity
  8
A-ELEWACJE
  6
KRESKOWA
370
25
 48
0.05
100
AcDbPolyline
 90
3
 70
128
 10
2.4299999999999997
 20
4.935
 10
2.5874999999999995
 20
4.8
 10
2.3249999999999997
 20
4.575
  0
LWPOLYLINE
  5
62A
330
17
100
AcDbEntity
  8
A-ELEWACJE
  6
KRESKOWA
370
25
 48
0.05
100
AcDbPolyline
 90
2
 70
128
 10
2.3249999999999997
 20
4.575
 10
2.4299999999999997
 20
4.935
  0
LWPOLYLINE
  5
62B
330
17
100
AcDbEntity
  8
A-ELEWACJE
  6
KRESKOWA
370
25
 48
0.05
100
AcDbPolyline
 90
2
 70
128
 10
2.4299999999999997
 20
4.935
 10
2.5874999999999995
 20
5.475
  0
LWPOLYLINE
  5
62C
330
17
100
AcDbEntity
  8
A-ELEWACJE
  6
KRESKOWA
370
25
 48
0.05
100
AcDbPolyline
 90
2
 70
128
 10
2.9775
 20
4.395
 10
2.6625
 20
4.125
  0
LWPOLYLINE
  5
62D
330
17
100
AcDbEntity
  8
A-ELEWACJE
  6
KRESKOWA
370
25
 48
0.05
100
AcDbPolyline
 90
2
 70
128
 10
2.6625
 20
5.474999999999998
 10
2.9775
 20
4.395
  0
LWPOLYLINE
  5
62E
330
17
100
AcDbEntity
  8
A-ELEWACJE
  6
KRESKOWA
370
25
 48
0.05
100
AcDbPolyline
 90
2
 70
128
 10
2.6625
 20
5.475
 10
3.2925
 20
4.935
  0
LWPOLYLINE
  5
62F
330
17
100
AcDbEntity
  8
A-ELEWACJE
  6
KRESKOWA
370
25
 48
0.05
100
AcDbPolyline
 90
2
 70
128
 10
3.1875
 20
4.575
 10
2.9775
 20
4.395
  0
LWPOLYLINE
  5
630
330
17
100
AcDbEntity
  8
A-ELEWACJE
  6
KRESKOWA
370
25
 48
0.05
100
AcDbPolyline
 90
3
 70
128
 10
2.9775
 20
4.395
 10
3.05625
 20
4.125
 10
3.1875
 20
4.575
  0
LWPOLYLINE
  5
631
330
17
100
AcDbEntity
  8
A-ELEWACJE
  6
KRESKOWA
370
25
 48
0.05
100
AcDbPolyline
 90
3
 70
128
 10
3.2925
 20
4.935
 10
3.45
 20
4.8
 10
3.1875
 20
4.575
  0
LWPOLYLINE
  5
632
330
17
100
AcDbEntity
  8
A-ELEWACJE
  6
KRESKOWA
370
25
 48
0.05
100
AcDbPolyline
 90
2
 70
128
 10
3.1875
 20
4.575
 10
3.2925
 20
4.935
  0
LWPOLYLINE
  5
633
330
17
100
AcDbEntity
  8
A-ELEWACJE
  6
KRESKOWA
370
25
 48
0.05
100
AcDbPolyline
 90
2
 70
128
 10
3.2925
 20
4.935
 10
3.45
 20
5.475
  0
LWPOLYLINE
  5
634
330
17
100
AcDbEntity
  8
A-ELEWACJE
  6
KRESKOWA
370
25
 48
0.05
100
AcDbPolyline
 90
2
 70
128
 10
0.9225
 20
6.994137931034483
 10
0.9
 20
6.9750000000000005
  0
LWPOLYLINE
  5
635
330
17
100
AcDbEntity
  8
A-ELEWACJE
  6
KRESKOWA
370
25
 48
0.05
100
AcDbPolyline
 90
2
 70
128
 10
0.9
 20
8.824999999999998
 10
0.9225
 20
8.748448275862067
  0
LWPOLYLINE
  5
636
330
17
100
AcDbEntity
  8
A-ELEWACJE
  6
KRESKOWA
370
25
 48
0.05
100
AcDbPolyline
 90
2
 70
128
 10
0.9
 20
8.825
 10
0.9225
 20
8.805862068965515
  0
LWPOLYLINE
  5
637
330
17
100
AcDbEntity
  8
A-ELEWACJE
  6
KRESKOWA
370
25
 48
0.05
100
AcDbPolyline
 90
2
 70
128
 10
1.0425
 20
7.096206896551724
 10
0.9625
 20
7.02816091954023
  0
LWPOLYLINE
  5
638
330
17
100
AcDbEntity
  8
A-ELEWACJE
  6
KRESKOWA
370
25
 48
0.05
100
AcDbPolyline
 90
2
 70
128
 10
0.9625
 20
8.612356321839078
 10
1.0425
 20
8.340172413793102
  0
LWPOLYLINE
  5
639
330
17
100
AcDbEntity
  8
A-ELEWACJE
  6
KRESKOWA
370
25
 48
0.05
100
AcDbPolyline
 90
2
 70
128
 10
0.9625
 20
8.771839080459769
 10
1.0425
 20
8.703793103448275
  0
LWPOLYLINE
  5
63A
330
17
100
AcDbEntity
  8
A-ELEWACJE
  6
KRESKOWA
370
25
 48
0.05
100
AcDbPolyline
 90
2
 70
128
 10
1.1625
 20
7.198275862068965
 10
1.0825
 20
7.130229885057472
  0
LWPOLYLINE
  5
63B
330
17
100
AcDbEntity
  8
A-ELEWACJE
  6
KRESKOWA
370
25
 48
0.05
100
AcDbPolyline
 90
2
 70
128
 10
1.0825
 20
8.204080459770113
 10
1.1625
 20
7.931896551724135
  0
LWPOLYLINE
  5
63C
330
17
100
AcDbEntity
  8
A-ELEWACJE
  6
KRESKOWA
370
25
 48
0.05
100
AcDbPolyline
 90
2
 70
128
 10
1.0825
 20
8.669770114942528
 10
1.1625
 20
8.601724137931033
  0
LWPOLYLINE
  5
63D
330
17
100
AcDbEntity
  8
A-ELEWACJE
  6
KRESKOWA
370
25
 48
0.05
100
AcDbPolyline
 90
2
 70
128
 10
1.2825
 20
7.300344827586207
 10
1.2025
 20
7.232298850574713
  0
LWPOLYLINE
  5
63E
330
17
100
AcDbEntity
  8
A-ELEWACJE
  6
KRESKOWA
370
25
 48
0.05
100
AcDbPolyline
 90
2
 70
128
 10
1.2025
 20
7.795804597701148
 10
1.2825
 20
7.5236206896551705
  0
LWPOLYLINE
  5
63F
330
17
100
AcDbEntity
  8
A-ELEWACJE
  6
KRESKOWA
370
25
 48
0.05
100
AcDbPolyline
 90
2
 70
128
 10
1.2025
 20
8.567701149425286
 10
1.2825
 20
8.499655172413792
  0
LWPOLYLINE
  5
640
330
17
100
AcDbEntity
  8
A-ELEWACJE
  6
KRESKOWA
370
25
 48
0.05
100
AcDbPolyline
 90
2
 70
128
 10
1.3225
 20
7.3875287356321815
 10
1.3349999999999995
 20
7.345
  0
LWPOLYLINE
  5
641
330
17
100
AcDbEntity
  8
A-ELEWACJE
  6
KRESKOWA
370
25
 48
0.05
100
AcDbPolyline
 90
2
 70
128
 10
1.3225
 20
8.465632183908046
 10
1.4025
 20
8.39758620689655
  0
LWPOLYLINE
  5
642
330
17
100
AcDbEntity
  8
A-ELEWACJE
  6
KRESKOWA
370
25
 48
0.05
100
AcDbPolyline
 90
2
 70
128
 10
1.4025
 20
7.402413793103449
 10
1.3349999999999995
 20
7.345
  0
LWPOLYLINE
  5
643
330
17
100
AcDbEntity
  8
A-ELEWACJE
  6
KRESKOWA
370
25
 48
0.05
100
AcDbPolyline
 90
2
 70
128
 10
1.3349999999999995
 20
7.345
 10
1.4025
 20
7.115344827586204
  0
LWPOLYLINE
  5
644
330
17
100
AcDbEntity
  8
A-ELEWACJE
  6
KRESKOWA
370
25
 48
0.05
100
AcDbPolyline
 90
3
 70
128
 10
1.4425
 20
6.979252873563216
 10
1.4437499999999994
 20
6.975
 10
1.5225
 20
7.24293103448276
  0
LWPOLYLINE
  5
645
330
17
100
AcDbEntity
  8
A-ELEWACJE
  6
KRESKOWA
370
25
 48
0.05
100
AcDbPolyline
 90
2
 70
128
 10
1.5225
 20
7.504482758620689
 10
1.4425
 20
7.436436781609196
  0
LWPOLYLINE
  5
646
330
17
100
AcDbEntity
  8
A-ELEWACJE
  6
KRESKOWA
370
25
 48
0.05
100
AcDbPolyline
 90
2
 70
128
 10
1.4425
 20
8.363563218390803
 10
1.5225
 20
8.29551724137931
  0
LWPOLYLINE
  5
647
330
17
100
AcDbEntity
  8
A-ELEWACJE
  6
KRESKOWA
370
25
 48
0.05
100
AcDbPolyline
 90
2
 70
128
 10
1.5625
 20
7.379022988505748
 10
1.6249999999999993
 20
7.591666666666666
  0
LWPOLYLINE
  5
648
330
17
100
AcDbEntity
  8
A-ELEWACJE
  6
KRESKOWA
370
25
 48
0.05
100
AcDbPolyline
 90
2
 70
128
 10
1.6249999999999993
 20
7.591666666666666
 10
1.5625
 20
7.538505747126437
  0
LWPOLYLINE
  5
649
330
17
100
AcDbEntity
  8
A-ELEWACJE
  6
KRESKOWA
370
25
 48
0.05
100
AcDbPolyline
 90
2
 70
128
 10
1.5625
 20
8.261494252873563
 10
1.6425
 20
8.193448275862067
  0
LWPOLYLINE
  5
64A
330
17
100
AcDbEntity
  8
A-ELEWACJE
  6
KRESKOWA
370
25
 48
0.05
100
AcDbPolyline
 90
2
 70
128
 10
1.6425
 20
7.6065517241379315
 10
1.6249999999999993
 20
7.591666666666666
  0
LWPOLYLINE
  5
64B
330
17
100
AcDbEntity
  8
A-ELEWACJE
  6
KRESKOWA
370
25
 48
0.05
100
AcDbPolyline
 90
2
 70
128
 10
1.6249999999999993
 20
7.591666666666666
 10
1.6425
 20
7.6512068965517255
  0
LWPOLYLINE
  5
64C
330
17
100
AcDbEntity
  8
A-ELEWACJE
  6
KRESKOWA
370
25
 48
0.05
100
AcDbPolyline
 90
2
 70
128
 10
1.7625
 20
7.708620689655173
 10
1.6825
 20
7.640574712643678
  0
LWPOLYLINE
  5
64D
330
17
100
AcDbEntity
  8
A-ELEWACJE
  6
KRESKOWA
370
25
 48
0.05
100
AcDbPolyline
 90
2
 70
128
 10
1.6825
 20
7.7872988505747145
 10
1.7625
 20
8.05948275862069
  0
LWPOLYLINE
  5
64E
330
17
100
AcDbEntity
  8
A-ELEWACJE
  6
KRESKOWA
370
25
 48
0.05
100
AcDbPolyline
 90
2
 70
128
 10
1.6825
 20
8.15942528735632
 10
1.7625
 20
8.091379310344827
  0
LWPOLYLINE
  5
64F
330
17
100
AcDbEntity
  8
A-ELEWACJE
  6
KRESKOWA
370
25
 48
0.05
100
AcDbPolyline
 90
2
 70
128
 10
1.8825
 20
7.810689655172414
 10
1.8025
 20
7.74264367816092
  0
LWPOLYLINE
  5
650
330
17
100
AcDbEntity
  8
A-ELEWACJE
  6
KRESKOWA
370
25
 48
0.05
100
AcDbPolyline
 90
2
 70
128
 10
1.8025
 20
8.05735632183908
 10
1.8825
 20
7.989310344827585
  0
LWPOLYLINE
  5
651
330
17
100
AcDbEntity
  8
A-ELEWACJE
  6
KRESKOWA
370
25
 48
0.05
100
AcDbPolyline
 90
2
 70
128
 10
1.8025
 20
8.19557471264368
 10
1.8825
 20
8.467758620689656
  0
LWPOLYLINE
  5
652
330
17
100
AcDbEntity
  8
A-ELEWACJE
  6
KRESKOWA
370
25
 48
0.05
100
AcDbPolyline
 90
3
 70
128
 10
1.9225
 20
7.955287356321838
 10
1.9874999999999994
 20
7.8999999999999995
 10
1.9225
 20
7.844712643678161
  0
LWPOLYLINE
  5
653
330
17
100
AcDbEntity
  8
A-ELEWACJE
  6
KRESKOWA
370
25
 48
0.05
100
AcDbPolyline
 90
2
 70
128
 10
1.9225
 20
8.603850574712645
 10
1.9874999999999994
 20
8.825
  0
LWPOLYLINE
  5
654
330
17
100
AcDbEntity
  8
A-ELEWACJE
  6
KRESKOWA
370
25
 48
0.05
100
AcDbPolyline
 90
2
 70
128
 10
2.1225
 20
7.026034482758621
 10
2.0625
 20
6.9750000000000005
  0
LWPOLYLINE
  5
655
330
17
100
AcDbEntity
  8
A-ELEWACJE
  6
KRESKOWA
370
25
 48
0.05
100
AcDbPolyline
 90
2
 70
128
 10
2.0625
 20
8.824999999999996
 10
2.1225
 20
8.620862068965513
  0
LWPOLYLINE
  5
656
330
17
100
AcDbEntity
  8
A-ELEWACJE
  6
KRESKOWA
370
25
 48
0.05
100
AcDbPolyline
 90
2
 70
128
 10
2.0625
 20
8.825
 10
2.1225
 20
8.773965517241377
  0
LWPOLYLINE
  5
657
330
17
100
AcDbEntity
  8
A-ELEWACJE
  6
KRESKOWA
370
25
 48
0.05
100
AcDbPolyline
 90
2
 70
128
 10
2.2425
 20
7.128103448275863
 10
2.1625
 20
7.0600574712643684
  0
LWPOLYLINE
  5
658
330
17
100
AcDbEntity
  8
A-ELEWACJE
  6
KRESKOWA
370
25
 48
0.05
100
AcDbPolyline
 90
2
 70
128
 10
2.1625
 20
8.484770114942524
 10
2.2425
 20
8.212586206896548
  0
LWPOLYLINE
  5
659
330
17
100
AcDbEntity
  8
A-ELEWACJE
  6
KRESKOWA
370
25
 48
0.05
100
AcDbPolyline
 90
2
 70
128
 10
2.1625
 20
8.73994252873563
 10
2.2425
 20
8.671896551724137
  0
LWPOLYLINE
  5
65A
330
17
100
AcDbEntity
  8
A-ELEWACJE
  6
KRESKOWA
370
25
 48
0.05
100
AcDbPolyline
 90
2
 70
128
 10
2.3625
 20
7.230172413793103
 10
2.2825
 20
7.16212643678161
  0
LWPOLYLINE
  5
65B
330
17
100
AcDbEntity
  8
A-ELEWACJE
  6
KRESKOWA
370
25
 48
0.05
100
AcDbPolyline
 90
2
 70
128
 10
2.2825
 20
8.076494252873559
 10
2.3625
 20
7.8043103448275835
  0
LWPOLYLINE
  5
65C
330
17
100
AcDbEntity
  8
A-ELEWACJE
  6
KRESKOWA
370
25
 48
0.05
100
AcDbPolyline
 90
2
 70
128
 10
2.2825
 20
8.63787356321839
 10
2.3625
 20
8.569827586206895
  0
LWPOLYLINE
  5
65D
330
17
100
AcDbEntity
  8
A-ELEWACJE
  6
KRESKOWA
370
25
 48
0.05
100
AcDbPolyline
 90
2
 70
128
 10
2.4825
 20
7.332241379310345
 10
2.4025
 20
7.264195402298851
  0
LWPOLYLINE
  5
65E
330
17
100
AcDbEntity
  8
A-ELEWACJE
  6
KRESKOWA
370
25
 48
0.05
100
AcDbPolyline
 90
2
 70
128
 10
2.4025
 20
7.668218390804595
 10
2.4825
 20
7.396034482758618
  0
LWPOLYLINE
  5
65F
330
17
100
AcDbEntity
  8
A-ELEWACJE
  6
KRESKOWA
370
25
 48
0.05
100
AcDbPolyline
 90
2
 70
128
 10
2.4025
 20
8.535804597701148
 10
2.4825
 20
8.467758620689654
  0
LWPOLYLINE
  5
660
330
17
100
AcDbEntity
  8
A-ELEWACJE
  6
KRESKOWA
370
25
 48
0.05
100
AcDbPolyline
 90
2
 70
128
 10
2.5225
 20
7.259942528735629
 10
2.6025
 20
6.987758620689652
  0
LWPOLYLINE
  5
661
330
17
100
AcDbEntity
  8
A-ELEWACJE
  6
KRESKOWA
370
25
 48
0.05
100
AcDbPolyline
 90
2
 70
128
 10
2.6025
 20
7.434310344827587
 10
2.5225
 20
7.366264367816092
  0
LWPOLYLINE
  5
662
330
17
100
AcDbEntity
  8
A-ELEWACJE
  6
KRESKOWA
370
25
 48
0.05
100
AcDbPolyline
 90
2
 70
128
 10
2.5225
 20
8.433735632183907
 10
2.6025
 20
8.365689655172412
  0
LWPOLYLINE
  5
663
330
17
100
AcDbEntity
  8
A-ELEWACJE
  6
KRESKOWA
370
25
 48
0.05
100
AcDbPolyline
 90
2
 70
128
 10
2.6425
 20
7.098333333333335
 10
2.7225
 20
7.370517241379313
  0
LWPOLYLINE
  5
664
330
17
100
AcDbEntity
  8
A-ELEWACJE
  6
KRESKOWA
370
25
 48
0.05
100
AcDbPolyline
 90
2
 70
128
 10
2.7225
 20
7.536379310344828
 10
2.6425
 20
7.468333333333334
  0
LWPOLYLINE
  5
665
330
17
100
AcDbEntity
  8
A-ELEWACJE
  6
KRESKOWA
370
25
 48
0.05
100
AcDbPolyline
 90
2
 70
128
 10
2.6425
 20
8.331666666666665
 10
2.7225
 20
8.263620689655172
  0
LWPOLYLINE
  5
666
330
17
100
AcDbEntity
  8
A-ELEWACJE
  6
KRESKOWA
370
25
 48
0.05
100
AcDbPolyline
 90
2
 70
128
 10
2.7625
 20
7.5066091954023015
 10
2.787499999999999
 20
7.591666666666667
  0
LWPOLYLINE
  5
667
330
17
100
AcDbEntity
  8
A-ELEWACJE
  6
KRESKOWA
370
25
 48
0.05
100
AcDbPolyline
 90
2
 70
128
 10
2.787499999999999
 20
7.591666666666667
 10
2.7625
 20
7.570402298850575
  0
LWPOLYLINE
  5
668
330
17
100
AcDbEntity
  8
A-ELEWACJE
  6
KRESKOWA
370
25
 48
0.05
100
AcDbPolyline
 90
2
 70
128
 10
2.7625
 20
8.229597701149423
 10
2.8425
 20
8.16155172413793
  0
LWPOLYLINE
  5
669
330
17
100
AcDbEntity
  8
A-ELEWACJE
  6
KRESKOWA
370
25
 48
0.05
100
AcDbPolyline
 90
2
 70
128
 10
2.8425
 20
7.6384482758620695
 10
2.787499999999999
 20
7.591666666666667
  0
LWPOLYLINE
  5
66A
330
17
100
AcDbEntity
  8
A-ELEWACJE
  6
KRESKOWA
370
25
 48
0.05
100
AcDbPolyline
 90
2
 70
128
 10
2.787499999999999
 20
7.591666666666667
 10
2.8425
 20
7.778793103448278
  0
LWPOLYLINE
  5
66B
330
17
100
AcDbEntity
  8
A-ELEWACJE
  6
KRESKOWA
370
25
 48
0.05
100
AcDbPolyline
 90
2
 70
128
 10
2.9625
 20
7.740517241379311
 10
2.8825
 20
7.672471264367816
  0
LWPOLYLINE
  5
66C
330
17
100
AcDbEntity
  8
A-ELEWACJE
  6
KRESKOWA
370
25
 48
0.05
100
AcDbPolyline
 90
2
 70
128
 10
2.8825
 20
7.914885057471266
 10
2.932499999999999
 20
8.084999999999999
  0
LWPOLYLINE
  5
66D
330
17
100
AcDbEntity
  8
A-ELEWACJE
  6
KRESKOWA
370
25
 48
0.05
100
AcDbPolyline
 90
2
 70
128
 10
2.8825
 20
8.127528735632183
 10
2.932499999999999
 20
8.084999999999999
  0
LWPOLYLINE
  5
66E
330
17
100
AcDbEntity
  8
A-ELEWACJE
  6
KRESKOWA
370
25
 48
0.05
100
AcDbPolyline
 90
2
 70
128
 10
2.932499999999999
 20
8.084999999999999
 10
2.9625
 20
8.187068965517243
  0
LWPOLYLINE
  5
66F
330
17
100
AcDbEntity
  8
A-ELEWACJE
  6
KRESKOWA
370
25
 48
0.05
100
AcDbPolyline
 90
2
 70
128
 10
2.932499999999999
 20
8.084999999999999
 10
2.9625
 20
8.059482758620689
  0
LWPOLYLINE
  5
670
330
17
100
AcDbEntity
  8
A-ELEWACJE
  6
KRESKOWA
370
25
 48
0.05
100
AcDbPolyline
 90
2
 70
128
 10
3.0825
 20
7.842586206896552
 10
3.0025
 20
7.774540229885058
  0
LWPOLYLINE
  5
671
330
17
100
AcDbEntity
  8
A-ELEWACJE
  6
KRESKOWA
370
25
 48
0.05
100
AcDbPolyline
 90
2
 70
128
 10
3.0025
 20
8.02545977011494
 10
3.0825
 20
7.957413793103447
  0
LWPOLYLINE
  5
672
330
17
100
AcDbEntity
  8
A-ELEWACJE
  6
KRESKOWA
370
25
 48
0.05
100
AcDbPolyline
 90
2
 70
128
 10
3.0025
 20
8.323160919540232
 10
3.0825
 20
8.59534482758621
  0
LWPOLYLINE
  5
673
330
17
100
AcDbEntity
  8
A-ELEWACJE
  6
KRESKOWA
370
25
 48
0.05
100
AcDbPolyline
 90
3
 70
128
 10
3.1225
 20
7.9233908045977
 10
3.149999999999999
 20
7.8999999999999995
 10
3.1225
 20
7.876609195402299
  0
LWPOLYLINE
  5
674
330
17
100
AcDbEntity
  8
A-ELEWACJE
  6
KRESKOWA
370
25
 48
0.05
100
AcDbPolyline
 90
2
 70
128
 10
3.1225
 20
8.731436781609197
 10
3.149999999999999
 20
8.825
  0
LWPOLYLINE
  5
675
330
17
100
AcDbEntity
  8
A-TEREN
370
140
 48
0.05
100
AcDbPolyline
 90
68
 70
0
 10
-7.325
 20
-0.2507000000000049
 10
-7.075
 20
-0.252200000000005
 10
-6.825
 20
-0.25370000000000503
 10
-6.575
 20
-0.2552000000000051
 10
-6.325
 20
-0.2567000000000051
 10
-6.075
 20
-0.2582000000000052
 10
-5.825
 20
-0.25970000000000526
 10
-5.575
 20
-0.26120000000000526
 10
-5.325
 20
-0.2627000000000054
 10
-5.075
 20
-0.2642000000000054
 10
-4.825
 20
-0.2657000000000055
 10
-4.575
 20
-0.2672000000000055
 10
-4.325
 20
-0.2687000000000056
 10
-4.075
 20
-0.27020000000000566
 10
-3.825
 20
-0.27170000000000566
 10
-3.575
 20
-0.27320000000000577
 10
-3.325
 20
-0.2747000000000058
 10
-3.075
 20
-0.2762000000000059
 10
-2.825
 20
-0.27770000000000594
 10
-2.575
 20
-0.27920000000000594
 10
-2.325
 20
-0.280700000000006
 10
-2.075
 20
-0.2822000000000061
 10
-1.8250000000000002
 20
-0.2837000000000061
 10
-1.5750000000000002
 20
-0.28520000000000617
 10
-1.3250000000000002
 20
-0.2867000000000062
 10
-1.0750000000000002
 20
-0.2882000000000063
 10
-0.8250000000000002
 20
-0.2897000000000064
 10
-0.5750000000000002
 20
-0.29120000000000645
 10
-0.3250000000000002
 20
-0.2927000000000065
 10
-0.07500000000000018
 20
-0.29420000000000657
 10
0.17499999999999982
 20
-0.29570000000000657
 10
0.4249999999999998
 20
-0.2972000000000066
 10
0.6749999999999998
 20
-0.2987000000000067
 10
0.9249999999999998
 20
-0.30020000000000674
 10
1.1749999999999998
 20
-0.3017000000000068
 10
1.4249999999999998
 20
-0.3032000000000069
 10
1.6749999999999998
 20
-0.30470000000000697
 10
1.9249999999999998
 20
-0.30620000000000697
 10
2.175
 20
-0.3077000000000071
 10
2.425
 20
-0.30920000000000714
 10
2.675
 20
-0.3107000000000072
 10
2.925
 20
-0.3122000000000072
 10
3.175
 20
-0.31370000000000725
 10
3.425
 20
-0.3152000000000073
 10
3.675
 20
-0.3167000000000074
 10
3.925
 20
-0.3182000000000075
 10
4.175
 20
-0.3197000000000075
 10
4.425
 20
-0.32120000000000754
 10
4.675
 20
-0.3227000000000076
 10
4.925
 20
-0.3242000000000077
 10
5.175
 20
-0.3257000000000077
 10
5.425
 20
-0.32720000000000776
 10
5.675
 20
-0.3287000000000078
 10
5.925
 20
-0.3302000000000079
 10
6.175
 20
-0.33170000000000793
 10
6.425
 20
-0.33320000000000805
 10
6.675
 20
-0.3347000000000081
 10
6.925
 20
-0.33620000000000816
 10
7.175
 20
-0.3377000000000082
 10
7.425
 20
-0.3392000000000083
 10
7.675
 20
-0.3407000000000083
 10
7.925
 20
-0.3422000000000084
 10
8.175
 20
-0.3437000000000084
 10
8.425
 20
-0.3452000000000085
 10
8.675
 20
-0.34670000000000856
 10
8.925
 20
-0.3482000000000086
 10
9.175
 20
-0.3497000000000086
 10
9.425
 20
-0.3512000000000087
  0
HATCH
  5
676
330
17
100
AcDbEntity
  8
A-RZEDNE
 62
7
420
0
100
AcDbHatch
 10
0.0
 20
0.0
 30
0.0
210
0.0
220
0.0
230
1.0
  2
SOLID
 70
1
 71
0
 91
1
 92
3
 72
0
 73
1
 93
3
 10
8.225000000000001
 20
-0.345
 10
8.335
 20
-0.23499999999999996
 10
8.115000000000002
 20
-0.23499999999999996
 97
0
 75
0
 76
1
 98
0
  0
HATCH
  5
677
330
17
100
AcDbEntity
  8
A-RZEDNE
 62
7
420
0
100
AcDbHatch
 10
0.0
 20
0.0
 30
0.0
210
0.0
220
0.0
230
1.0
  2
SOLID
 70
1
 71
0
 91
1
 92
3
 72
0
 73
1
 93
3
 10
9.010754031342268
 20
0.0
 10
9.120754031342267
 20
0.11000000000000001
 10
9.010754031342268
 20
0.11000000000000001
 97
0
 75
0
 76
1
 98
0
  0
HATCH
  5
678
330
17
100
AcDbEntity
  8
A-RZEDNE
 62
7
420
0
100
AcDbHatch
 10
0.0
 20
0.0
 30
0.0
210
0.0
220
0.0
230
1.0
  2
SOLID
 70
1
 71
0
 91
1
 92
3
 72
0
 73
1
 93
3
 10
8.225000000000001
 20
3.15
 10
8.335
 20
3.26
 10
8.115000000000002
 20
3.26
 97
0
 75
0
 76
1
 98
0
  0
HATCH
  5
679
330
17
100
AcDbEntity
  8
A-RZEDNE
 62
7
420
0
100
AcDbHatch
 10
0.0
 20
0.0
 30
0.0
210
0.0
220
0.0
230
1.0
  2
SOLID
 70
1
 71
0
 91
1
 92
3
 72
0
 73
1
 93
3
 10
9.010754031342268
 20
3.305
 10
9.120754031342267
 20
3.415
 10
8.900754031342268
 20
3.415
 97
0
 75
0
 76
1
 98
0
  0
HATCH
  5
67A
330
17
100
AcDbEntity
  8
A-RZEDNE
 62
7
420
0
100
AcDbHatch
 10
0.0
 20
0.0
 30
0.0
210
0.0
220
0.0
230
1.0
  2
SOLID
 70
1
 71
0
 91
1
 92
3
 72
0
 73
1
 93
3
 10
8.225000000000001
 20
3.85
 10
8.335
 20
3.96
 10
8.115000000000002
 20
3.96
 97
0
 75
0
 76
1
 98
0
  0
HATCH
  5
67B
330
17
100
AcDbEntity
  8
A-RZEDNE
 62
7
420
0
100
AcDbHatch
 10
0.0
 20
0.0
 30
0.0
210
0.0
220
0.0
230
1.0
  2
SOLID
 70
1
 71
0
 91
1
 92
3
 72
0
 73
1
 93
3
 10
8.225000000000001
 20
6.3
 10
8.335
 20
6.41
 10
8.115000000000002
 20
6.41
 97
0
 75
0
 76
1
 98
0
  0
HATCH
  5
67C
330
17
100
AcDbEntity
  8
A-RZEDNE
 62
7
420
0
100
AcDbHatch
 10
0.0
 20
0.0
 30
0.0
210
0.0
220
0.0
230
1.0
  2
SOLID
 70
1
 71
0
 91
1
 92
3
 72
0
 73
1
 93
3
 10
9.010754031342268
 20
6.409999999999999
 10
9.120754031342267
 20
6.52
 10
8.900754031342268
 20
6.52
 97
0
 75
0
 76
1
 98
0
  0
HATCH
  5
67D
330
17
100
AcDbEntity
  8
A-RZEDNE
 62
7
420
0
100
AcDbHatch
 10
0.0
 20
0.0
 30
0.0
210
0.0
220
0.0
230
1.0
  2
SOLID
 70
1
 71
0
 91
1
 92
3
 72
0
 73
1
 93
3
 10
9.796508062684534
 20
6.659999999999999
 10
9.906508062684534
 20
6.77
 10
9.686508062684535
 20
6.77
 97
0
 75
0
 76
1
 98
0
  0
HATCH
  5
67E
330
17
100
AcDbEntity
  8
A-RZEDNE
 62
7
420
0
100
AcDbHatch
 10
0.0
 20
0.0
 30
0.0
210
0.0
220
0.0
230
1.0
  2
SOLID
 70
1
 71
0
 91
1
 92
3
 72
0
 73
1
 93
3
 10
8.225000000000001
 20
9.526000000000002
 10
8.335
 20
9.636000000000001
 10
8.115000000000002
 20
9.636000000000001
 97
0
 75
0
 76
1
 98
0
  0
HATCH
  5
67F
330
17
100
AcDbEntity
  8
A-RZEDNE
 62
7
420
0
100
AcDbHatch
 10
0.0
 20
0.0
 30
0.0
210
0.0
220
0.0
230
1.0
  2
SOLID
 70
1
 71
0
 91
1
 92
3
 72
0
 73
1
 93
3
 10
9.010754031342268
 20
9.776000000000002
 10
9.120754031342267
 20
9.886000000000001
 10
8.900754031342268
 20
9.886000000000001
 97
0
 75
0
 76
1
 98
0
  0
HATCH
  5
680
330
17
100
AcDbEntity
  8
A-RZEDNE
 62
7
420
0
100
AcDbHatch
 10
0.0
 20
0.0
 30
0.0
210
0.0
220
0.0
230
1.0
  2
SOLID
 70
1
 71
0
 91
1
 92
3
 72
0
 73
1
 93
3
 10
-5.9750000000000005
 20
-0.257
 10
-5.865
 20
-0.147
 10
-6.085000000000001
 20
-0.147
 97
0
 75
0
 76
1
 98
0
  0
LWPOLYLINE
  5
681
330
17
100
AcDbEntity
  8
A-RZEDNE
370
35
 48
0.05
100
AcDbPolyline
 90
2
 70
0
 10
8.125000000000002
 20
-0.345
 10
8.345
 20
-0.345
  0
LWPOLYLINE
  5
682
330
17
100
AcDbEntity
  8
A-RZEDNE
370
35
 48
0.05
100
AcDbPolyline
 90
3
 70
1
 10
8.225000000000001
 20
-0.345
 10
8.335
 20
-0.23499999999999996
 10
8.115000000000002
 20
-0.23499999999999996
  0
LWPOLYLINE
  5
683
330
17
100
AcDbEntity
  8
A-RZEDNE
370
35
 48
0.05
100
AcDbPolyline
 90
2
 70
0
 10
8.225000000000001
 20
-0.23499999999999996
 10
8.225000000000001
 20
-0.17499999999999996
  0
LWPOLYLINE
  5
684
330
17
100
AcDbEntity
  8
A-RZEDNE
370
35
 48
0.05
100
AcDbPolyline
 90
2
 70
0
 10
8.225000000000001
 20
-0.17499999999999996
 10
8.860754031342267
 20
-0.17499999999999996
  0
LWPOLYLINE
  5
685
330
17
100
AcDbEntity
  8
A-RZEDNE
370
35
 48
0.05
100
AcDbPolyline
 90
3
 70
1
 10
9.010754031342268
 20
0.0
 10
9.120754031342267
 20
0.11000000000000001
 10
8.900754031342268
 20
0.11000000000000001
  0
LWPOLYLINE
  5
686
330
17
100
AcDbEntity
  8
A-RZEDNE
370
35
 48
0.05
100
AcDbPolyline
 90
2
 70
0
 10
9.010754031342268
 20
0.11000000000000001
 10
9.010754031342268
 20
0.335
  0
LWPOLYLINE
  5
687
330
17
100
AcDbEntity
  8
A-RZEDNE
370
35
 48
0.05
100
AcDbPolyline
 90
2
 70
0
 10
9.010754031342268
 20
0.335
 10
9.74246536452419
 20
0.335
  0
LWPOLYLINE
  5
688
330
17
100
AcDbEntity
  8
A-RZEDNE
370
35
 48
0.05
100
AcDbPolyline
 90
2
 70
0
 10
8.125000000000002
 20
3.15
 10
8.345
 20
3.15
  0
LWPOLYLINE
  5
689
330
17
100
AcDbEntity
  8
A-RZEDNE
370
35
 48
0.05
100
AcDbPolyline
 90
3
 70
1
 10
8.225000000000001
 20
3.15
 10
8.335
 20
3.26
 10
8.115000000000002
 20
3.26
  0
LWPOLYLINE
  5
68A
330
17
100
AcDbEntity
  8
A-RZEDNE
370
35
 48
0.05
100
AcDbPolyline
 90
2
 70
0
 10
8.225000000000001
 20
3.26
 10
8.225000000000001
 20
3.32
  0
LWPOLYLINE
  5
68B
330
17
100
AcDbEntity
  8
A-RZEDNE
370
35
 48
0.05
100
AcDbPolyline
 90
2
 70
0
 10
8.225000000000001
 20
3.32
 10
8.860754031342267
 20
3.32
  0
LWPOLYLINE
  5
68C
330
17
100
AcDbEntity
  8
A-RZEDNE
370
35
 48
0.05
100
AcDbPolyline
 90
3
 70
1
 10
9.010754031342268
 20
3.305
 10
9.120754031342267
 20
3.415
 10
8.900754031342268
 20
3.415
  0
LWPOLYLINE
  5
68D
330
17
100
AcDbEntity
  8
A-RZEDNE
370
35
 48
0.05
100
AcDbPolyline
 90
2
 70
0
 10
9.010754031342268
 20
3.415
 10
9.010754031342268
 20
3.475
  0
LWPOLYLINE
  5
68E
330
17
100
AcDbEntity
  8
A-RZEDNE
370
35
 48
0.05
100
AcDbPolyline
 90
2
 70
0
 10
9.010754031342268
 20
3.475
 10
9.646508062684534
 20
3.475
  0
LWPOLYLINE
  5
68F
330
17
100
AcDbEntity
  8
A-RZEDNE
370
35
 48
0.05
100
AcDbPolyline
 90
2
 70
0
 10
8.125000000000002
 20
3.85
 10
8.345
 20
3.85
  0
LWPOLYLINE
  5
690
330
17
100
AcDbEntity
  8
A-RZEDNE
370
35
 48
0.05
100
AcDbPolyline
 90
3
 70
1
 10
8.225000000000001
 20
3.85
 10
8.335
 20
3.96
 10
8.115000000000002
 20
3.96
  0
LWPOLYLINE
  5
691
330
17
100
AcDbEntity
  8
A-RZEDNE
370
35
 48
0.05
100
AcDbPolyline
 90
2
 70
0
 10
8.225000000000001
 20
3.96
 10
8.225000000000001
 20
4.02
  0
LWPOLYLINE
  5
692
330
17
100
AcDbEntity
  8
A-RZEDNE
370
35
 48
0.05
100
AcDbPolyline
 90
2
 70
0
 10
8.225000000000001
 20
4.02
 10
8.860754031342267
 20
4.02
  0
LWPOLYLINE
  5
693
330
17
100
AcDbEntity
  8
A-RZEDNE
370
35
 48
0.05
100
AcDbPolyline
 90
2
 70
0
 10
8.125000000000002
 20
6.3
 10
8.345
 20
6.3
  0
LWPOLYLINE
  5
694
330
17
100
AcDbEntity
  8
A-RZEDNE
370
35
 48
0.05
100
AcDbPolyline
 90
3
 70
1
 10
8.225000000000001
 20
6.3
 10
8.335
 20
6.41
 10
8.115000000000002
 20
6.41
  0
LWPOLYLINE
  5
695
330
17
100
AcDbEntity
  8
A-RZEDNE
370
35
 48
0.05
100
AcDbPolyline
 90
2
 70
0
 10
8.225000000000001
 20
6.41
 10
8.225000000000001
 20
6.47
  0
LWPOLYLINE
  5
696
330
17
100
AcDbEntity
  8
A-RZEDNE
370
35
 48
0.05
100
AcDbPolyline
 90
2
 70
0
 10
8.225000000000001
 20
6.47
 10
8.860754031342267
 20
6.47
  0
LWPOLYLINE
  5
697
330
17
100
AcDbEntity
  8
A-RZEDNE
370
35
 48
0.05
100
AcDbPolyline
 90
3
 70
1
 10
9.010754031342268
 20
6.409999999999999
 10
9.120754031342267
 20
6.52
 10
8.900754031342268
 20
6.52
  0
LWPOLYLINE
  5
698
330
17
100
AcDbEntity
  8
A-RZEDNE
370
35
 48
0.05
100
AcDbPolyline
 90
2
 70
0
 10
9.010754031342268
 20
6.52
 10
9.010754031342268
 20
6.579999999999999
  0
LWPOLYLINE
  5
699
330
17
100
AcDbEntity
  8
A-RZEDNE
370
35
 48
0.05
100
AcDbPolyline
 90
2
 70
0
 10
9.010754031342268
 20
6.579999999999999
 10
9.646508062684534
 20
6.579999999999999
  0
LWPOLYLINE
  5
69A
330
17
100
AcDbEntity
  8
A-RZEDNE
370
35
 48
0.05
100
AcDbPolyline
 90
3
 70
1
 10
9.796508062684534
 20
6.659999999999999
 10
9.906508062684534
 20
6.77
 10
9.686508062684535
 20
6.77
  0
LWPOLYLINE
  5
69B
330
17
100
AcDbEntity
  8
A-RZEDNE
370
35
 48
0.05
100
AcDbPolyline
 90
2
 70
0
 10
9.796508062684534
 20
6.77
 10
9.796508062684534
 20
6.829999999999999
  0
LWPOLYLINE
  5
69C
330
17
100
AcDbEntity
  8
A-RZEDNE
370
35
 48
0.05
100
AcDbPolyline
 90
2
 70
0
 10
9.796508062684534
 20
6.829999999999999
 10
10.4322620940268
 20
6.829999999999999
  0
LWPOLYLINE
  5
69D
330
17
100
AcDbEntity
  8
A-RZEDNE
370
35
 48
0.05
100
AcDbPolyline
 90
2
 70
0
 10
8.125000000000002
 20
9.526000000000002
 10
8.345
 20
9.526000000000002
  0
LWPOLYLINE
  5
69E
330
17
100
AcDbEntity
  8
A-RZEDNE
370
35
 48
0.05
100
AcDbPolyline
 90
3
 70
1
 10
8.225000000000001
 20
9.526000000000002
 10
8.335
 20
9.636000000000001
 10
8.115000000000002
 20
9.636000000000001
  0
LWPOLYLINE
  5
69F
330
17
100
AcDbEntity
  8
A-RZEDNE
370
35
 48
0.05
100
AcDbPolyline
 90
2
 70
0
 10
8.225000000000001
 20
9.636000000000001
 10
8.225000000000001
 20
9.696000000000002
  0
LWPOLYLINE
  5
6A0
330
17
100
AcDbEntity
  8
A-RZEDNE
370
35
 48
0.05
100
AcDbPolyline
 90
2
 70
0
 10
8.225000000000001
 20
9.696000000000002
 10
8.860754031342267
 20
9.696000000000002
  0
LWPOLYLINE
  5
6A1
330
17
100
AcDbEntity
  8
A-RZEDNE
370
35
 48
0.05
100
AcDbPolyline
 90
3
 70
1
 10
9.010754031342268
 20
9.776000000000002
 10
9.120754031342267
 20
9.886000000000001
 10
8.900754031342268
 20
9.886000000000001
  0
LWPOLYLINE
  5
6A2
330
17
100
AcDbEntity
  8
A-RZEDNE
370
35
 48
0.05
100
AcDbPolyline
 90
2
 70
0
 10
9.010754031342268
 20
9.886000000000001
 10
9.010754031342268
 20
9.946000000000002
  0
LWPOLYLINE
  5
6A3
330
17
100
AcDbEntity
  8
A-RZEDNE
370
35
 48
0.05
100
AcDbPolyline
 90
2
 70
0
 10
9.010754031342268
 20
9.946000000000002
 10
9.646508062684534
 20
9.946000000000002
  0
LWPOLYLINE
  5
6A4
330
17
100
AcDbEntity
  8
A-RZEDNE
370
35
 48
0.05
100
AcDbPolyline
 90
2
 70
0
 10
-5.875000000000001
 20
-0.257
 10
-6.095000000000001
 20
-0.257
  0
LWPOLYLINE
  5
6A5
330
17
100
AcDbEntity
  8
A-RZEDNE
370
35
 48
0.05
100
AcDbPolyline
 90
3
 70
1
 10
-5.9750000000000005
 20
-0.257
 10
-5.865
 20
-0.147
 10
-6.085000000000001
 20
-0.147
  0
LWPOLYLINE
  5
6A6
330
17
100
AcDbEntity
  8
A-RZEDNE
370
35
 48
0.05
100
AcDbPolyline
 90
2
 70
0
 10
-5.9750000000000005
 20
-0.147
 10
-5.9750000000000005
 20
-0.087
  0
LWPOLYLINE
  5
6A7
330
17
100
AcDbEntity
  8
A-RZEDNE
370
35
 48
0.05
100
AcDbPolyline
 90
2
 70
0
 10
-5.9750000000000005
 20
-0.087
 10
-6.6107540313422675
 20
-0.087
  0
LWPOLYLINE
  5
6A8
330
17
100
AcDbEntity
  8
A-WYMIARY
370
35
 48
0.05
100
AcDbPolyline
 90
2
 70
0
 10
-7.025
 20
-0.367
 10
-7.025
 20
9.626
  0
LWPOLYLINE
  5
6A9
330
17
100
AcDbEntity
  8
A-WYMIARY
370
35
 48
0.05
100
AcDbPolyline
 90
2
 70
0
 10
-6.925000000000001
 20
-0.267
 10
-7.125
 20
-0.267
  0
LWPOLYLINE
  5
6AA
330
17
100
AcDbEntity
  8
A-WYMIARY
370
35
 48
0.05
100
AcDbPolyline
 90
2
 70
0
 10
-6.971966991411009
 20
-0.3200330085889911
 10
-7.078033008588991
 20
-0.21396699141100894
  0
LWPOLYLINE
  5
6AB
330
17
100
AcDbEntity
  8
A-WYMIARY
370
35
 48
0.05
100
AcDbPolyline
 90
2
 70
0
 10
-6.925000000000001
 20
9.526
 10
-7.125
 20
9.526
  0
LWPOLYLINE
  5
6AC
330
17
100
AcDbEntity
  8
A-WYMIARY
370
35
 48
0.05
100
AcDbPolyline
 90
2
 70
0
 10
-6.971966991411009
 20
9.472966991411008
 10
-7.078033008588991
 20
9.579033008588992
  0
LWPOLYLINE
  5
6AD
330
17
100
AcDbEntity
  8
A-WYMIARY
370
35
 48
0.05
100
AcDbPolyline
 90
2
 70
0
 10
-6.525
 20
-0.357
 10
-6.525
 20
9.895999999999999
  0
LWPOLYLINE
  5
6AE
330
17
100
AcDbEntity
  8
A-WYMIARY
370
35
 48
0.05
100
AcDbPolyline
 90
2
 70
0
 10
-6.425000000000001
 20
-0.257
 10
-6.625
 20
-0.257
  0
LWPOLYLINE
  5
6AF
330
17
100
AcDbEntity
  8
A-WYMIARY
370
35
 48
0.05
100
AcDbPolyline
 90
2
 70
0
 10
-6.471966991411009
 20
-0.3100330085889911
 10
-6.578033008588991
 20
-0.20396699141100894
  0
LWPOLYLINE
  5
6B0
330
17
100
AcDbEntity
  8
A-WYMIARY
370
35
 48
0.05
100
AcDbPolyline
 90
2
 70
0
 10
-6.425000000000001
 20
0.0
 10
-6.625
 20
0.0
  0
LWPOLYLINE
  5
6B1
330
17
100
AcDbEntity
  8
A-WYMIARY
370
35
 48
0.05
100
AcDbPolyline
 90
2
 70
0
 10
-6.471966991411009
 20
-0.05303300858899108
 10
-6.578033008588991
 20
0.05303300858899108
  0
LWPOLYLINE
  5
6B2
330
17
100
AcDbEntity
  8
A-WYMIARY
370
35
 48
0.05
100
AcDbPolyline
 90
2
 70
0
 10
-6.425000000000001
 20
3.15
 10
-6.625
 20
3.15
  0
LWPOLYLINE
  5
6B3
330
17
100
AcDbEntity
  8
A-WYMIARY
370
35
 48
0.05
100
AcDbPolyline
 90
2
 70
0
 10
-6.471966991411009
 20
3.096966991411009
 10
-6.578033008588991
 20
3.203033008588991
  0
LWPOLYLINE
  5
6B4
330
17
100
AcDbEntity
  8
A-WYMIARY
370
35
 48
0.05
100
AcDbPolyline
 90
2
 70
0
 10
-6.425000000000001
 20
6.3
 10
-6.625
 20
6.3
  0
LWPOLYLINE
  5
6B5
330
17
100
AcDbEntity
  8
A-WYMIARY
370
35
 48
0.05
100
AcDbPolyline
 90
2
 70
0
 10
-6.471966991411009
 20
6.246966991411009
 10
-6.578033008588991
 20
6.353033008588991
  0
LWPOLYLINE
  5
6B6
330
17
100
AcDbEntity
  8
A-WYMIARY
370
35
 48
0.05
100
AcDbPolyline
 90
2
 70
0
 10
-6.425000000000001
 20
9.526
 10
-6.625
 20
9.526
  0
LWPOLYLINE
  5
6B7
330
17
100
AcDbEntity
  8
A-WYMIARY
370
35
 48
0.05
100
AcDbPolyline
 90
2
 70
0
 10
-6.471966991411009
 20
9.472966991411008
 10
-6.578033008588991
 20
9.579033008588992
  0
LWPOLYLINE
  5
6B8
330
17
100
AcDbEntity
  8
A-WYMIARY
370
35
 48
0.05
100
AcDbPolyline
 90
2
 70
0
 10
-6.425000000000001
 20
9.796
 10
-6.625
 20
9.796
  0
LWPOLYLINE
  5
6B9
330
17
100
AcDbEntity
  8
A-WYMIARY
370
35
 48
0.05
100
AcDbPolyline
 90
2
 70
0
 10
-6.471966991411009
 20
9.742966991411008
 10
-6.578033008588991
 20
9.849033008588991
  0
LWPOLYLINE
  5
6BA
330
17
100
AcDbEntity
  8
A-WYMIARY
370
35
 48
0.05
100
AcDbPolyline
 90
2
 70
0
 10
-5.925
 20
-0.7012000000000087
 10
7.925
 20
-0.7012000000000087
  0
LWPOLYLINE
  5
6BB
330
17
100
AcDbEntity
  8
A-WYMIARY
370
35
 48
0.05
100
AcDbPolyline
 90
2
 70
0
 10
-5.825
 20
-0.6012000000000087
 10
-5.825
 20
-0.8012000000000087
  0
LWPOLYLINE
  5
6BC
330
17
100
AcDbEntity
  8
A-WYMIARY
370
35
 48
0.05
100
AcDbPolyline
 90
2
 70
0
 10
-5.878033008588991
 20
-0.7542330085889998
 10
-5.771966991411009
 20
-0.6481669914110176
  0
LWPOLYLINE
  5
6BD
330
17
100
AcDbEntity
  8
A-WYMIARY
370
35
 48
0.05
100
AcDbPolyline
 90
2
 70
0
 10
7.825
 20
-0.6012000000000087
 10
7.825
 20
-0.8012000000000087
  0
LWPOLYLINE
  5
6BE
330
17
100
AcDbEntity
  8
A-WYMIARY
370
35
 48
0.05
100
AcDbPolyline
 90
2
 70
0
 10
7.771966991411009
 20
-0.7542330085889998
 10
7.878033008588991
 20
-0.6481669914110176
  0
HATCH
  5
6BF
330
17
100
AcDbEntity
  8
A-OPISY
 62
7
420
0
100
AcDbHatch
 10
0.0
 20
0.0
 30
0.0
210
0.0
220
0.0
230
1.0
  2
SOLID
 70
1
 71
0
 91
1
 92
3
 72
0
 73
1
 93
24
 10
4.025
 20
7.664999999999999
 10
4.024233331091504
 20
7.670823428514806
 10
4.021985571585151
 20
7.67625
 10
4.018409902576698
 20
7.680909902576697
 10
4.013750000000001
 20
7.684485571585149
 10
4.0083234285148075
 20
7.686733331091503
 10
4.0025
 20
7.687499999999999
 10
3.9966765714851937
 20
7.686733331091503
 10
3.9912500000000004
 20
7.684485571585149
 10
3.9865900974233033
 20
7.680909902576697
 10
3.9830144284148505
 20
7.67625
 10
3.980766668908496
 20
7.670823428514806
 10
3.9800000000000004
 20
7.664999999999999
 10
3.980766668908496
 20
7.659176571485192
 10
3.9830144284148505
 20
7.653749999999999
 10
3.9865900974233033
 20
7.649090097423302
 10
3.9912500000000004
 20
7.645514428414849
 10
3.9966765714851937
 20
7.643266668908495
 10
4.0025
 20
7.642499999999999
 10
4.0083234285148075
 20
7.643266668908495
 10
4.013750000000001
 20
7.645514428414849
 10
4.018409902576698
 20
7.649090097423302
 10
4.021985571585151
 20
7.653749999999999
 10
4.024233331091504
 20
7.659176571485192
 97
0
 75
0
 76
1
 98
0
  0
HATCH
  5
6C0
330
17
100
AcDbEntity
  8
A-OPISY
 62
7
420
0
100
AcDbHatch
 10
0.0
 20
0.0
 30
0.0
210
0.0
220
0.0
230
1.0
  2
SOLID
 70
1
 71
0
 91
1
 92
3
 72
0
 73
1
 93
24
 10
5.0375
 20
7.6585
 10
5.0367333310915035
 20
7.664323428514807
 10
5.03448557158515
 20
7.6697500000000005
 10
5.030909902576697
 20
7.674409902576698
 10
5.02625
 20
7.67798557158515
 10
5.020823428514807
 20
7.680233331091504
 10
5.015
 20
7.681
 10
5.009176571485193
 20
7.680233331091504
 10
5.003749999999999
 20
7.67798557158515
 10
4.999090097423302
 20
7.674409902576698
 10
4.995514428414849
 20
7.6697500000000005
 10
4.993266668908496
 20
7.664323428514807
 10
4.9925
 20
7.6585
 10
4.993266668908496
 20
7.652676571485193
 10
4.995514428414849
 20
7.64725
 10
4.999090097423302
 20
7.6425900974233025
 10
5.003749999999999
 20
7.63901442841485
 10
5.009176571485193
 20
7.636766668908496
 10
5.015
 20
7.636
 10
5.020823428514807
 20
7.636766668908496
 10
5.02625
 20
7.63901442841485
 10
5.030909902576697
 20
7.6425900974233025
 10
5.03448557158515
 20
7.64725
 10
5.0367333310915035
 20
7.652676571485193
 97
0
 75
0
 76
1
 98
0
  0
HATCH
  5
6C1
330
17
100
AcDbEntity
  8
A-OPISY
 62
7
420
0
100
AcDbHatch
 10
0.0
 20
0.0
 30
0.0
210
0.0
220
0.0
230
1.0
  2
SOLID
 70
1
 71
0
 91
1
 92
3
 72
0
 73
1
 93
24
 10
2.1475
 20
1.3475
 10
2.146733331091504
 20
1.3533234285148066
 10
2.14448557158515
 20
1.35875
 10
2.140909902576697
 20
1.3634099025766973
 10
2.13625
 20
1.3669855715851498
 10
2.1308234285148067
 20
1.369233331091504
 10
2.125
 20
1.3699999999999999
 10
2.1191765714851933
 20
1.369233331091504
 10
2.11375
 20
1.3669855715851498
 10
2.109090097423303
 20
1.3634099025766973
 10
2.10551442841485
 20
1.35875
 10
2.103266668908496
 20
1.3533234285148066
 10
2.1025
 20
1.3475
 10
2.103266668908496
 20
1.3416765714851933
 10
2.10551442841485
 20
1.33625
 10
2.109090097423303
 20
1.3315900974233026
 10
2.11375
 20
1.32801442841485
 10
2.1191765714851933
 20
1.325766668908496
 10
2.125
 20
1.325
 10
2.1308234285148067
 20
1.325766668908496
 10
2.13625
 20
1.32801442841485
 10
2.140909902576697
 20
1.3315900974233026
 10
2.14448557158515
 20
1.33625
 10
2.146733331091504
 20
1.3416765714851933
 97
0
 75
0
 76
1
 98
0
  0
HATCH
  5
6C2
330
17
100
AcDbEntity
  8
A-OPISY
 62
7
420
0
100
AcDbHatch
 10
0.0
 20
0.0
 30
0.0
210
0.0
220
0.0
230
1.0
  2
SOLID
 70
1
 71
0
 91
1
 92
3
 72
0
 73
1
 93
24
 10
1.9849999999999999
 20
9.786000000000001
 10
1.984233331091504
 20
9.791823428514808
 10
1.9819855715851498
 20
9.797250000000002
 10
1.9784099025766972
 20
9.801909902576698
 10
1.97375
 20
9.805485571585152
 10
1.9683234285148066
 20
9.807733331091505
 10
1.9625
 20
9.808500000000002
 10
1.9566765714851933
 20
9.807733331091505
 10
1.95125
 20
9.805485571585152
 10
1.9465900974233026
 20
9.801909902576698
 10
1.94301442841485
 20
9.797250000000002
 10
1.940766668908496
 20
9.791823428514808
 10
1.94
 20
9.786000000000001
 10
1.940766668908496
 20
9.780176571485194
 10
1.94301442841485
 20
9.774750000000001
 10
1.9465900974233026
 20
9.770090097423305
 10
1.95125
 20
9.766514428414851
 10
1.9566765714851933
 20
9.764266668908498
 10
1.9625
 20
9.7635
 10
1.9683234285148066
 20
9.764266668908498
 10
1.97375
 20
9.766514428414851
 10
1.9784099025766972
 20
9.770090097423305
 10
1.9819855715851498
 20
9.774750000000001
 10
1.984233331091504
 20
9.780176571485194
 97
0
 75
0
 76
1
 98
0
  0
HATCH
  5
6C3
330
17
100
AcDbEntity
  8
A-OPISY
 62
7
420
0
100
AcDbHatch
 10
0.0
 20
0.0
 30
0.0
210
0.0
220
0.0
230
1.0
  2
SOLID
 70
1
 71
0
 91
1
 92
3
 72
0
 73
1
 93
24
 10
4.025
 20
8.899999999999999
 10
4.024233331091504
 20
8.905823428514806
 10
4.021985571585151
 20
8.911249999999999
 10
4.018409902576698
 20
8.915909902576695
 10
4.013750000000001
 20
8.919485571585149
 10
4.0083234285148075
 20
8.921733331091502
 10
4.0025
 20
8.9225
 10
3.9966765714851937
 20
8.921733331091502
 10
3.9912500000000004
 20
8.919485571585149
 10
3.9865900974233033
 20
8.915909902576695
 10
3.9830144284148505
 20
8.911249999999999
 10
3.980766668908496
 20
8.905823428514806
 10
3.9800000000000004
 20
8.899999999999999
 10
3.980766668908496
 20
8.894176571485191
 10
3.9830144284148505
 20
8.888749999999998
 10
3.9865900974233033
 20
8.884090097423302
 10
3.9912500000000004
 20
8.880514428414848
 10
3.9966765714851937
 20
8.878266668908495
 10
4.0025
 20
8.877499999999998
 10
4.0083234285148075
 20
8.878266668908495
 10
4.013750000000001
 20
8.880514428414848
 10
4.018409902576698
 20
8.884090097423302
 10
4.021985571585151
 20
8.888749999999998
 10
4.024233331091504
 20
8.894176571485191
 97
0
 75
0
 76
1
 98
0
  0
HATCH
  5
6C4
330
17
100
AcDbEntity
  8
A-OPISY
 62
7
420
0
100
AcDbHatch
 10
0.0
 20
0.0
 30
0.0
210
0.0
220
0.0
230
1.0
  2
SOLID
 70
1
 71
0
 91
1
 92
3
 72
0
 73
1
 93
24
 10
-0.775
 20
7.664999999999999
 10
-0.775766668908496
 20
7.670823428514806
 10
-0.7780144284148501
 20
7.67625
 10
-0.7815900974233027
 20
7.680909902576697
 10
-0.78625
 20
7.684485571585149
 10
-0.7916765714851932
 20
7.686733331091503
 10
-0.7975
 20
7.687499999999999
 10
-0.8033234285148066
 20
7.686733331091503
 10
-0.80875
 20
7.684485571585149
 10
-0.8134099025766973
 20
7.680909902576697
 10
-0.8169855715851498
 20
7.67625
 10
-0.819233331091504
 20
7.670823428514806
 10
-0.82
 20
7.664999999999999
 10
-0.819233331091504
 20
7.659176571485192
 10
-0.8169855715851498
 20
7.653749999999999
 10
-0.8134099025766973
 20
7.649090097423302
 10
-0.80875
 20
7.645514428414849
 10
-0.8033234285148068
 20
7.643266668908495
 10
-0.7975
 20
7.642499999999999
 10
-0.7916765714851933
 20
7.643266668908495
 10
-0.78625
 20
7.645514428414849
 10
-0.7815900974233027
 20
7.649090097423302
 10
-0.7780144284148501
 20
7.653749999999999
 10
-0.775766668908496
 20
7.659176571485192
 97
0
 75
0
 76
1
 98
0
  0
HATCH
  5
6C5
330
17
100
AcDbEntity
  8
A-OPISY
 62
7
420
0
100
AcDbHatch
 10
0.0
 20
0.0
 30
0.0
210
0.0
220
0.0
230
1.0
  2
SOLID
 70
1
 71
0
 91
1
 92
3
 72
0
 73
1
 93
24
 10
4.745
 20
7.664999999999999
 10
4.744233331091504
 20
7.670823428514806
 10
4.74198557158515
 20
7.67625
 10
4.738409902576698
 20
7.680909902576697
 10
4.733750000000001
 20
7.684485571585149
 10
4.728323428514807
 20
7.686733331091503
 10
4.7225
 20
7.687499999999999
 10
4.716676571485193
 20
7.686733331091503
 10
4.71125
 20
7.684485571585149
 10
4.706590097423303
 20
7.680909902576697
 10
4.70301442841485
 20
7.67625
 10
4.700766668908496
 20
7.670823428514806
 10
4.7
 20
7.664999999999999
 10
4.700766668908496
 20
7.659176571485192
 10
4.70301442841485
 20
7.653749999999999
 10
4.706590097423303
 20
7.649090097423302
 10
4.71125
 20
7.645514428414849
 10
4.716676571485193
 20
7.643266668908495
 10
4.7225
 20
7.642499999999999
 10
4.728323428514807
 20
7.643266668908495
 10
4.733750000000001
 20
7.645514428414849
 10
4.738409902576698
 20
7.649090097423302
 10
4.74198557158515
 20
7.653749999999999
 10
4.744233331091504
 20
7.659176571485192
 97
0
 75
0
 76
1
 98
0
  0
HATCH
  5
6C6
330
17
100
AcDbEntity
  8
A-OPISY
 62
7
420
0
100
AcDbHatch
 10
0.0
 20
0.0
 30
0.0
210
0.0
220
0.0
230
1.0
  2
SOLID
 70
1
 71
0
 91
1
 92
3
 72
0
 73
1
 93
24
 10
3.6350000000000007
 20
-0.035
 10
3.634233331091505
 20
-0.029176571485193287
 10
3.6319855715851506
 20
-0.023750000000000004
 10
3.628409902576698
 20
-0.019090097423302685
 10
3.6237500000000007
 20
-0.015514428414850134
 10
3.6183234285148074
 20
-0.013266668908495965
 10
3.6125000000000007
 20
-0.0125
 10
3.606676571485194
 20
-0.013266668908495965
 10
3.6012500000000007
 20
-0.01551442841485013
 10
3.5965900974233036
 20
-0.01909009742330268
 10
3.593014428414851
 20
-0.023749999999999993
 10
3.5907666689084965
 20
-0.02917657148519328
 10
3.5900000000000007
 20
-0.035
 10
3.5907666689084965
 20
-0.04082342851480671
 10
3.593014428414851
 20
-0.04625
 10
3.5965900974233036
 20
-0.050909902576697315
 10
3.6012500000000007
 20
-0.05448557158514987
 10
3.606676571485194
 20
-0.05673333109150404
 10
3.6125000000000007
 20
-0.05750000000000001
 10
3.6183234285148074
 20
-0.056733331091504045
 10
3.6237500000000007
 20
-0.05448557158514988
 10
3.628409902576698
 20
-0.05090990257669733
 10
3.6319855715851506
 20
-0.04625000000000001
 10
3.634233331091505
 20
-0.04082342851480674
 97
0
 75
0
 76
1
 98
0
  0
LWPOLYLINE
  5
6C7
330
17
100
AcDbEntity
  8
A-OPISY
370
35
 48
0.05
100
AcDbPolyline
 90
2
 70
0
 10
4.0025
 20
7.664999999999999
 10
4.96594502838061
 20
8.102929558354822
  0
LWPOLYLINE
  5
6C8
330
17
100
AcDbEntity
  8
A-OPISY
370
35
 48
0.05
100
AcDbPolyline
 90
2
 70
0
 10
5.015
 20
7.6585
 10
5.59293997931899
 20
8.071314270942135
  0
LWPOLYLINE
  5
6C9
330
17
100
AcDbEntity
  8
A-OPISY
370
35
 48
0.05
100
AcDbPolyline
 90
2
 70
0
 10
2.125
 20
1.3475
 10
2.70293997931899
 20
1.7603142709421356
  0
LWPOLYLINE
  5
6CA
330
17
100
AcDbEntity
  8
A-OPISY
370
35
 48
0.05
100
AcDbPolyline
 90
2
 70
0
 10
1.9625
 20
9.786000000000001
 10
2.54043997931899
 20
10.198814270942137
  0
LWPOLYLINE
  5
6CB
330
17
100
AcDbEntity
  8
A-OPISY
370
35
 48
0.05
100
AcDbPolyline
 90
2
 70
0
 10
4.0025
 20
8.899999999999999
 10
4.981189587354523
 20
9.611774245348743
  0
LWPOLYLINE
  5
6CC
330
17
100
AcDbEntity
  8
A-OPISY
370
35
 48
0.05
100
AcDbPolyline
 90
2
 70
0
 10
-0.7975
 20
7.664999999999999
 10
-1.3754399793189898
 20
8.077814270942135
  0
LWPOLYLINE
  5
6CD
330
17
100
AcDbEntity
  8
A-OPISY
370
35
 48
0.05
100
AcDbPolyline
 90
2
 70
0
 10
4.7225
 20
7.664999999999999
 10
5.30043997931899
 20
7.252185729057864
  0
LWPOLYLINE
  5
6CE
330
17
100
AcDbEntity
  8
A-OPISY
370
35
 48
0.05
100
AcDbPolyline
 90
2
 70
0
 10
3.6125000000000007
 20
-0.035
 10
4.190439979318991
 20
0.37781427094213554
  0
HATCH
  5
6CF
330
17
100
AcDbEntity
  8
A-OPISY
 62
7
420
16777215
100
AcDbHatch
 10
0.0
 20
0.0
 30
0.0
210
0.0
220
0.0
230
1.0
  2
SOLID
 70
1
 71
0
 91
1
 92
3
 72
0
 73
1
 93
6
 10
-0.15487500088717931
 20
4.481721093750001
 10
-0.09637500088717933
 20
4.579221093750001
 10
0.0676640633871791
 20
4.579221093750001
 10
0.12616406338717912
 20
4.481721093750001
 10
0.0676640633871791
 20
4.384221093750001
 10
-0.09637500088717933
 20
4.384221093750001
 97
0
 75
0
 76
1
 98
0
  0
HATCH
  5
6D0
330
17
100
AcDbEntity
  8
A-OPISY
 62
7
420
16777215
100
AcDbHatch
 10
0.0
 20
0.0
 30
0.0
210
0.0
220
0.0
230
1.0
  2
SOLID
 70
1
 71
0
 91
1
 92
3
 72
0
 73
1
 93
6
 10
2.5632304678628213
 20
1.3475
 10
2.6217304678628213
 20
1.4449999999999998
 10
2.7857695321371794
 20
1.4449999999999998
 10
2.8442695321371794
 20
1.3475
 10
2.7857695321371794
 20
1.25
 10
2.6217304678628213
 20
1.25
 97
0
 75
0
 76
1
 98
0
  0
HATCH
  5
6D1
330
17
100
AcDbEntity
  8
A-OPISY
 62
7
420
16777215
100
AcDbHatch
 10
0.0
 20
0.0
 30
0.0
210
0.0
220
0.0
230
1.0
  2
SOLID
 70
1
 71
0
 91
1
 92
3
 72
0
 73
1
 93
6
 10
2.321980467862821
 20
9.24
 10
2.380480467862821
 20
9.3375
 10
2.544519532137179
 20
9.3375
 10
2.603019532137179
 20
9.24
 10
2.544519532137179
 20
9.1425
 10
2.380480467862821
 20
9.1425
 97
0
 75
0
 76
1
 98
0
  0
HATCH
  5
6D2
330
17
100
AcDbEntity
  8
A-OPISY
 62
7
420
16777215
100
AcDbHatch
 10
0.0
 20
0.0
 30
0.0
210
0.0
220
0.0
230
1.0
  2
SOLID
 70
1
 71
0
 91
1
 92
3
 72
0
 73
1
 93
6
 10
4.961980467862822
 20
8.165
 10
5.020480467862821
 20
8.2625
 10
5.18451953213718
 20
8.2625
 10
5.24301953213718
 20
8.165
 10
5.18451953213718
 20
8.067499999999999
 10
5.020480467862821
 20
8.067499999999999
 97
0
 75
0
 76
1
 98
0
  0
HATCH
  5
6D3
330
17
100
AcDbEntity
  8
A-OPISY
 62
7
420
16777215
100
AcDbHatch
 10
0.0
 20
0.0
 30
0.0
210
0.0
220
0.0
230
1.0
  2
SOLID
 70
1
 71
0
 91
1
 92
3
 72
0
 73
1
 93
6
 10
5.574480467862821
 20
8.1585
 10
5.63298046786282
 20
8.256
 10
5.797019532137179
 20
8.256
 10
5.855519532137179
 20
8.1585
 10
5.797019532137179
 20
8.061
 10
5.63298046786282
 20
8.061
 97
0
 75
0
 76
1
 98
0
  0
HATCH
  5
6D4
330
17
100
AcDbEntity
  8
A-OPISY
 62
7
420
16777215
100
AcDbHatch
 10
0.0
 20
0.0
 30
0.0
210
0.0
220
0.0
230
1.0
  2
SOLID
 70
1
 71
0
 91
1
 92
3
 72
0
 73
1
 93
6
 10
2.684480467862821
 20
1.8475
 10
2.742980467862821
 20
1.9449999999999998
 10
2.9070195321371792
 20
1.9449999999999998
 10
2.9655195321371792
 20
1.8475
 10
2.9070195321371792
 20
1.75
 10
2.742980467862821
 20
1.75
 97
0
 75
0
 76
1
 98
0
  0
HATCH
  5
6D5
330
17
100
AcDbEntity
  8
A-OPISY
 62
7
420
16777215
100
AcDbHatch
 10
0.0
 20
0.0
 30
0.0
210
0.0
220
0.0
230
1.0
  2
SOLID
 70
1
 71
0
 91
1
 92
3
 72
0
 73
1
 93
6
 10
6.518098631925319
 20
-0.1875724609375
 10
6.576598631925319
 20
-0.09007246093749999
 10
6.740637696199678
 20
-0.09007246093749999
 10
6.7991376961996774
 20
-0.1875724609375
 10
6.740637696199678
 20
-0.2850724609375
 10
6.576598631925319
 20
-0.2850724609375
 97
0
 75
0
 76
1
 98
0
  0
HATCH
  5
6D6
330
17
100
AcDbEntity
  8
A-OPISY
 62
7
420
16777215
100
AcDbHatch
 10
0.0
 20
0.0
 30
0.0
210
0.0
220
0.0
230
1.0
  2
SOLID
 70
1
 71
0
 91
1
 92
3
 72
0
 73
1
 93
6
 10
5.184480467862821
 20
4.5925
 10
5.242980467862821
 20
4.69
 10
5.40701953213718
 20
4.69
 10
5.465519532137179
 20
4.5925
 10
5.40701953213718
 20
4.495
 10
5.242980467862821
 20
4.495
 97
0
 75
0
 76
1
 98
0
  0
HATCH
  5
6D7
330
17
100
AcDbEntity
  8
A-OPISY
 62
7
420
16777215
100
AcDbHatch
 10
0.0
 20
0.0
 30
0.0
210
0.0
220
0.0
230
1.0
  2
SOLID
 70
1
 71
0
 91
1
 92
3
 72
0
 73
1
 93
6
 10
2.521980467862821
 20
10.286000000000001
 10
2.580480467862821
 20
10.383500000000002
 10
2.744519532137179
 20
10.383500000000002
 10
2.803019532137179
 20
10.286000000000001
 10
2.744519532137179
 20
10.188500000000001
 10
2.580480467862821
 20
10.188500000000001
 97
0
 75
0
 76
1
 98
0
  0
HATCH
  5
6D8
330
17
100
AcDbEntity
  8
A-OPISY
 62
7
420
16777215
100
AcDbHatch
 10
0.0
 20
0.0
 30
0.0
210
0.0
220
0.0
230
1.0
  2
SOLID
 70
1
 71
0
 91
1
 92
3
 72
0
 73
1
 93
6
 10
4.911460935725643
 20
9.7
 10
4.969960935725642
 20
9.7975
 10
5.23503906427436
 20
9.7975
 10
5.293539064274359
 20
9.7
 10
5.23503906427436
 20
9.6025
 10
4.969960935725642
 20
9.6025
 97
0
 75
0
 76
1
 98
0
  0
HATCH
  5
6D9
330
17
100
AcDbEntity
  8
A-OPISY
 62
7
420
16777215
100
AcDbHatch
 10
0.0
 20
0.0
 30
0.0
210
0.0
220
0.0
230
1.0
  2
SOLID
 70
1
 71
0
 91
1
 92
3
 72
0
 73
1
 93
6
 10
-1.6817965023847377
 20
8.165
 10
-1.6232965023847377
 20
8.2625
 10
-1.3717034976152624
 20
8.2625
 10
-1.3132034976152624
 20
8.165
 10
-1.3717034976152624
 20
8.067499999999999
 10
-1.6232965023847377
 20
8.067499999999999
 97
0
 75
0
 76
1
 98
0
  0
HATCH
  5
6DA
330
17
100
AcDbEntity
  8
A-OPISY
 62
7
420
16777215
100
AcDbHatch
 10
0.0
 20
0.0
 30
0.0
210
0.0
220
0.0
230
1.0
  2
SOLID
 70
1
 71
0
 91
1
 92
3
 72
0
 73
1
 93
6
 10
5.231460935725642
 20
7.164999999999999
 10
5.289960935725642
 20
7.262499999999999
 10
5.555039064274359
 20
7.262499999999999
 10
5.613539064274359
 20
7.164999999999999
 10
5.555039064274359
 20
7.067499999999999
 10
5.289960935725642
 20
7.067499999999999
 97
0
 75
0
 76
1
 98
0
  0
HATCH
  5
6DB
330
17
100
AcDbEntity
  8
A-OPISY
 62
7
420
16777215
100
AcDbHatch
 10
0.0
 20
0.0
 30
0.0
210
0.0
220
0.0
230
1.0
  2
SOLID
 70
1
 71
0
 91
1
 92
3
 72
0
 73
1
 93
6
 10
4.121460935725643
 20
0.46499999999999997
 10
4.179960935725642
 20
0.5625
 10
4.44503906427436
 20
0.5625
 10
4.503539064274359
 20
0.46499999999999997
 10
4.44503906427436
 20
0.36749999999999994
 10
4.179960935725642
 20
0.36749999999999994
 97
0
 75
0
 76
1
 98
0
  0
LWPOLYLINE
  5
6DC
330
17
100
AcDbEntity
  8
A-OPISY
370
35
 48
0.05
100
AcDbPolyline
 90
6
 70
1
 10
-0.15487500088717931
 20
4.481721093750001
 10
-0.09637500088717933
 20
4.579221093750001
 10
0.0676640633871791
 20
4.579221093750001
 10
0.12616406338717912
 20
4.481721093750001
 10
0.0676640633871791
 20
4.384221093750001
 10
-0.09637500088717933
 20
4.384221093750001
  0
LWPOLYLINE
  5
6DD
330
17
100
AcDbEntity
  8
A-OPISY
370
35
 48
0.05
100
AcDbPolyline
 90
6
 70
1
 10
2.5632304678628213
 20
1.3475
 10
2.6217304678628213
 20
1.4449999999999998
 10
2.7857695321371794
 20
1.4449999999999998
 10
2.8442695321371794
 20
1.3475
 10
2.7857695321371794
 20
1.25
 10
2.6217304678628213
 20
1.25
  0
LWPOLYLINE
  5
6DE
330
17
100
AcDbEntity
  8
A-OPISY
370
35
 48
0.05
100
AcDbPolyline
 90
6
 70
1
 10
2.321980467862821
 20
9.24
 10
2.380480467862821
 20
9.3375
 10
2.544519532137179
 20
9.3375
 10
2.603019532137179
 20
9.24
 10
2.544519532137179
 20
9.1425
 10
2.380480467862821
 20
9.1425
  0
LWPOLYLINE
  5
6DF
330
17
100
AcDbEntity
  8
A-OPISY
370
35
 48
0.05
100
AcDbPolyline
 90
6
 70
1
 10
4.961980467862822
 20
8.165
 10
5.020480467862821
 20
8.2625
 10
5.18451953213718
 20
8.2625
 10
5.24301953213718
 20
8.165
 10
5.18451953213718
 20
8.067499999999999
 10
5.020480467862821
 20
8.067499999999999
  0
LWPOLYLINE
  5
6E0
330
17
100
AcDbEntity
  8
A-OPISY
370
35
 48
0.05
100
AcDbPolyline
 90
6
 70
1
 10
5.574480467862821
 20
8.1585
 10
5.63298046786282
 20
8.256
 10
5.797019532137179
 20
8.256
 10
5.855519532137179
 20
8.1585
 10
5.797019532137179
 20
8.061
 10
5.63298046786282
 20
8.061
  0
LWPOLYLINE
  5
6E1
330
17
100
AcDbEntity
  8
A-OPISY
370
35
 48
0.05
100
AcDbPolyline
 90
6
 70
1
 10
2.684480467862821
 20
1.8475
 10
2.742980467862821
 20
1.9449999999999998
 10
2.9070195321371792
 20
1.9449999999999998
 10
2.9655195321371792
 20
1.8475
 10
2.9070195321371792
 20
1.75
 10
2.742980467862821
 20
1.75
  0
LWPOLYLINE
  5
6E2
330
17
100
AcDbEntity
  8
A-OPISY
370
35
 48
0.05
100
AcDbPolyline
 90
6
 70
1
 10
6.518098631925319
 20
-0.1875724609375
 10
6.576598631925319
 20
-0.09007246093749999
 10
6.740637696199678
 20
-0.09007246093749999
 10
6.7991376961996774
 20
-0.1875724609375
 10
6.740637696199678
 20
-0.2850724609375
 10
6.576598631925319
 20
-0.2850724609375
  0
LWPOLYLINE
  5
6E3
330
17
100
AcDbEntity
  8
A-OPISY
370
35
 48
0.05
100
AcDbPolyline
 90
6
 70
1
 10
5.184480467862821
 20
4.5925
 10
5.242980467862821
 20
4.69
 10
5.40701953213718
 20
4.69
 10
5.465519532137179
 20
4.5925
 10
5.40701953213718
 20
4.495
 10
5.242980467862821
 20
4.495
  0
LWPOLYLINE
  5
6E4
330
17
100
AcDbEntity
  8
A-OPISY
370
35
 48
0.05
100
AcDbPolyline
 90
6
 70
1
 10
2.521980467862821
 20
10.286000000000001
 10
2.580480467862821
 20
10.383500000000002
 10
2.744519532137179
 20
10.383500000000002
 10
2.803019532137179
 20
10.286000000000001
 10
2.744519532137179
 20
10.188500000000001
 10
2.580480467862821
 20
10.188500000000001
  0
LWPOLYLINE
  5
6E5
330
17
100
AcDbEntity
  8
A-OPISY
370
35
 48
0.05
100
AcDbPolyline
 90
6
 70
1
 10
4.911460935725643
 20
9.7
 10
4.969960935725642
 20
9.7975
 10
5.23503906427436
 20
9.7975
 10
5.293539064274359
 20
9.7
 10
5.23503906427436
 20
9.6025
 10
4.969960935725642
 20
9.6025
  0
LWPOLYLINE
  5
6E6
330
17
100
AcDbEntity
  8
A-OPISY
370
35
 48
0.05
100
AcDbPolyline
 90
6
 70
1
 10
-1.6817965023847377
 20
8.165
 10
-1.6232965023847377
 20
8.2625
 10
-1.3717034976152624
 20
8.2625
 10
-1.3132034976152624
 20
8.165
 10
-1.3717034976152624
 20
8.067499999999999
 10
-1.6232965023847377
 20
8.067499999999999
  0
LWPOLYLINE
  5
6E7
330
17
100
AcDbEntity
  8
A-OPISY
370
35
 48
0.05
100
AcDbPolyline
 90
6
 70
1
 10
5.231460935725642
 20
7.164999999999999
 10
5.289960935725642
 20
7.262499999999999
 10
5.555039064274359
 20
7.262499999999999
 10
5.613539064274359
 20
7.164999999999999
 10
5.555039064274359
 20
7.067499999999999
 10
5.289960935725642
 20
7.067499999999999
  0
LWPOLYLINE
  5
6E8
330
17
100
AcDbEntity
  8
A-OPISY
370
35
 48
0.05
100
AcDbPolyline
 90
6
 70
1
 10
4.121460935725643
 20
0.46499999999999997
 10
4.179960935725642
 20
0.5625
 10
4.44503906427436
 20
0.5625
 10
4.503539064274359
 20
0.46499999999999997
 10
4.44503906427436
 20
0.36749999999999994
 10
4.179960935725642
 20
0.36749999999999994
  0
TEXT
  5
6E9
330
17
100
AcDbEntity
  8
A-OPISY
100
AcDbText
 10
-0.06487500088717932
 20
4.419221093750001
 30
0.0
 40
0.125
  1
1
  7
PL_ARIAL
 11
-0.06487500088717932
 21
4.419221093750001
 31
0.0
100
AcDbText
  0
TEXT
  5
6EA
330
17
100
AcDbEntity
  8
A-OPISY
100
AcDbText
 10
2.653230467862821
 20
1.285
 30
0.0
 40
0.125
  1
2
  7
PL_ARIAL
 11
2.653230467862821
 21
1.285
 31
0.0
100
AcDbText
  0
TEXT
  5
6EB
330
17
100
AcDbEntity
  8
A-OPISY
100
AcDbText
 10
2.4119804678628207
 20
9.1775
 30
0.0
 40
0.125
  1
3
  7
PL_ARIAL
 11
2.4119804678628207
 21
9.1775
 31
0.0
100
AcDbText
  0
TEXT
  5
6EC
330
17
100
AcDbEntity
  8
A-OPISY
100
AcDbText
 10
5.051980467862822
 20
8.1025
 30
0.0
 40
0.125
  1
4
  7
PL_ARIAL
 11
5.051980467862822
 21
8.1025
 31
0.0
100
AcDbText
  0
TEXT
  5
6ED
330
17
100
AcDbEntity
  8
A-OPISY
100
AcDbText
 10
5.664480467862821
 20
8.096
 30
0.0
 40
0.125
  1
5
  7
PL_ARIAL
 11
5.664480467862821
 21
8.096
 31
0.0
100
AcDbText
  0
TEXT
  5
6EE
330
17
100
AcDbEntity
  8
A-OPISY
100
AcDbText
 10
2.774480467862821
 20
1.785
 30
0.0
 40
0.125
  1
6
  7
PL_ARIAL
 11
2.774480467862821
 21
1.785
 31
0.0
100
AcDbText
  0
TEXT
  5
6EF
330
17
100
AcDbEntity
  8
A-OPISY
100
AcDbText
 10
6.608098631925319
 20
-0.2500724609375
 30
0.0
 40
0.125
  1
7
  7
PL_ARIAL
 11
6.608098631925319
 21
-0.2500724609375
 31
0.0
100
AcDbText
  0
TEXT
  5
6F0
330
17
100
AcDbEntity
  8
A-OPISY
100
AcDbText
 10
5.274480467862821
 20
4.53
 30
0.0
 40
0.125
  1
8
  7
PL_ARIAL
 11
5.274480467862821
 21
4.53
 31
0.0
100
AcDbText
  0
TEXT
  5
6F1
330
17
100
AcDbEntity
  8
A-OPISY
100
AcDbText
 10
2.611980467862821
 20
10.223500000000001
 30
0.0
 40
0.125
  1
9
  7
PL_ARIAL
 11
2.611980467862821
 21
10.223500000000001
 31
0.0
100
AcDbText
  0
TEXT
  5
6F2
330
17
100
AcDbEntity
  8
A-OPISY
100
AcDbText
 10
5.0014609357256425
 20
9.6375
 30
0.0
 40
0.125
  1
10
  7
PL_ARIAL
 11
5.0014609357256425
 21
9.6375
 31
0.0
100
AcDbText
  0
TEXT
  5
6F3
330
17
100
AcDbEntity
  8
A-OPISY
100
AcDbText
 10
-1.5917965023847378
 20
8.1025
 30
0.0
 40
0.125
  1
11
  7
PL_ARIAL
 11
-1.5917965023847378
 21
8.1025
 31
0.0
100
AcDbText
  0
TEXT
  5
6F4
330
17
100
AcDbEntity
  8
A-OPISY
100
AcDbText
 10
5.321460935725642
 20
7.102499999999999
 30
0.0
 40
0.125
  1
12
  7
PL_ARIAL
 11
5.321460935725642
 21
7.102499999999999
 31
0.0
100
AcDbText
  0
TEXT
  5
6F5
330
17
100
AcDbEntity
  8
A-OPISY
100
AcDbText
 10
4.2114609357256425
 20
0.40249999999999997
 30
0.0
 40
0.125
  1
13
  7
PL_ARIAL
 11
4.2114609357256425
 21
0.40249999999999997
 31
0.0
100
AcDbText
  0
HATCH
  5
6F6
330
17
100
AcDbEntity
  8
A-MASKA
 62
7
420
16777215
100
AcDbHatch
 10
0.0
 20
0.0
 30
0.0
210
0.0
220
0.0
230
1.0
  2
SOLID
 70
1
 71
0
 91
1
 92
3
 72
0
 73
1
 93
4
 10
8.245000000000001
 20
-0.18749999999999997
 10
8.845754031342267
 20
-0.18749999999999997
 10
8.845754031342267
 20
0.005000000000000032
 10
8.245000000000001
 20
0.005000000000000032
 97
0
 75
0
 76
1
 98
0
  0
TEXT
  5
6F7
330
17
100
AcDbEntity
  8
A-RZEDNE
100
AcDbText
 10
8.265
 20
-0.13999999999999996
 30
0.0
 40
0.125
  1
−0,345
  7
PL_ARIAL
 11
8.265
 21
-0.13999999999999996
 31
0.0
100
AcDbText
  0
HATCH
  5
6F8
330
17
100
AcDbEntity
  8
A-MASKA
 62
7
420
16777215
100
AcDbHatch
 10
0.0
 20
0.0
 30
0.0
210
0.0
220
0.0
230
1.0
  2
SOLID
 70
1
 71
0
 91
1
 92
3
 72
0
 73
1
 93
4
 10
9.030754031342267
 20
0.3225
 10
9.625120372473313
 20
0.3225
 10
9.625120372473313
 20
0.515
 10
9.030754031342267
 20
0.515
 97
0
 75
0
 76
1
 98
0
  0
TEXT
  5
6F9
330
17
100
AcDbEntity
  8
A-RZEDNE
100
AcDbText
 10
9.050754031342267
 20
0.37
 30
0.0
 40
0.125
  1
±0,000
  7
PL_ARIAL
 11
9.050754031342267
 21
0.37
 31
0.0
100
AcDbText
  0
HATCH
  5
6FA
330
17
100
AcDbEntity
  8
A-MASKA
 62
7
420
16777215
100
AcDbHatch
 10
0.0
 20
0.0
 30
0.0
210
0.0
220
0.0
230
1.0
  2
SOLID
 70
1
 71
0
 91
1
 92
3
 72
0
 73
1
 93
4
 10
9.030754031342267
 20
0.11750000000000005
 10
9.727465364524189
 20
0.11750000000000005
 10
9.727465364524189
 20
0.31000000000000005
 10
9.030754031342267
 20
0.31000000000000005
 97
0
 75
0
 76
1
 98
0
  0
TEXT
  5
6FB
330
17
100
AcDbEntity
  8
A-RZEDNE
100
AcDbText
 10
9.050754031342267
 20
0.16500000000000004
 30
0.0
 40
0.125
  1
101,650
  7
PL_ARIAL
 11
9.050754031342267
 21
0.16500000000000004
 31
0.0
100
AcDbText
  0
HATCH
  5
6FC
330
17
100
AcDbEntity
  8
A-MASKA
 62
7
420
16777215
100
AcDbHatch
 10
0.0
 20
0.0
 30
0.0
210
0.0
220
0.0
230
1.0
  2
SOLID
 70
1
 71
0
 91
1
 92
3
 72
0
 73
1
 93
4
 10
8.245000000000001
 20
3.3075
 10
8.845754031342267
 20
3.3075
 10
8.845754031342267
 20
3.5
 10
8.245000000000001
 20
3.5
 97
0
 75
0
 76
1
 98
0
  0
TEXT
  5
6FD
330
17
100
AcDbEntity
  8
A-RZEDNE
100
AcDbText
 10
8.265
 20
3.355
 30
0.0
 40
0.125
  1
+3,150
  7
PL_ARIAL
 11
8.265
 21
3.355
 31
0.0
100
AcDbText
  0
HATCH
  5
6FE
330
17
100
AcDbEntity
  8
A-MASKA
 62
7
420
16777215
100
AcDbHatch
 10
0.0
 20
0.0
 30
0.0
210
0.0
220
0.0
230
1.0
  2
SOLID
 70
1
 71
0
 91
1
 92
3
 72
0
 73
1
 93
4
 10
9.030754031342267
 20
3.4625000000000004
 10
9.631508062684533
 20
3.4625000000000004
 10
9.631508062684533
 20
3.6550000000000002
 10
9.030754031342267
 20
3.6550000000000002
 97
0
 75
0
 76
1
 98
0
  0
TEXT
  5
6FF
330
17
100
AcDbEntity
  8
A-RZEDNE
100
AcDbText
 10
9.050754031342267
 20
3.5100000000000002
 30
0.0
 40
0.125
  1
+3,305
  7
PL_ARIAL
 11
9.050754031342267
 21
3.5100000000000002
 31
0.0
100
AcDbText
  0
HATCH
  5
700
330
17
100
AcDbEntity
  8
A-MASKA
 62
7
420
16777215
100
AcDbHatch
 10
0.0
 20
0.0
 30
0.0
210
0.0
220
0.0
230
1.0
  2
SOLID
 70
1
 71
0
 91
1
 92
3
 72
0
 73
1
 93
4
 10
8.245000000000001
 20
4.007499999999999
 10
8.845754031342267
 20
4.007499999999999
 10
8.845754031342267
 20
4.199999999999999
 10
8.245000000000001
 20
4.199999999999999
 97
0
 75
0
 76
1
 98
0
  0
TEXT
  5
701
330
17
100
AcDbEntity
  8
A-RZEDNE
100
AcDbText
 10
8.265
 20
4.055
 30
0.0
 40
0.125
  1
+3,850
  7
PL_ARIAL
 11
8.265
 21
4.055
 31
0.0
100
AcDbText
  0
HATCH
  5
702
330
17
100
AcDbEntity
  8
A-MASKA
 62
7
420
16777215
100
AcDbHatch
 10
0.0
 20
0.0
 30
0.0
210
0.0
220
0.0
230
1.0
  2
SOLID
 70
1
 71
0
 91
1
 92
3
 72
0
 73
1
 93
4
 10
8.245000000000001
 20
6.4575
 10
8.845754031342267
 20
6.4575
 10
8.845754031342267
 20
6.6499999999999995
 10
8.245000000000001
 20
6.6499999999999995
 97
0
 75
0
 76
1
 98
0
  0
TEXT
  5
703
330
17
100
AcDbEntity
  8
A-RZEDNE
100
AcDbText
 10
8.265
 20
6.505
 30
0.0
 40
0.125
  1
+6,300
  7
PL_ARIAL
 11
8.265
 21
6.505
 31
0.0
100
AcDbText
  0
HATCH
  5
704
330
17
100
AcDbEntity
  8
A-MASKA
 62
7
420
16777215
100
AcDbHatch
 10
0.0
 20
0.0
 30
0.0
210
0.0
220
0.0
230
1.0
  2
SOLID
 70
1
 71
0
 91
1
 92
3
 72
0
 73
1
 93
4
 10
9.030754031342267
 20
6.567499999999999
 10
9.631508062684533
 20
6.567499999999999
 10
9.631508062684533
 20
6.759999999999999
 10
9.030754031342267
 20
6.759999999999999
 97
0
 75
0
 76
1
 98
0
  0
TEXT
  5
705
330
17
100
AcDbEntity
  8
A-RZEDNE
100
AcDbText
 10
9.050754031342267
 20
6.614999999999999
 30
0.0
 40
0.125
  1
+6,410
  7
PL_ARIAL
 11
9.050754031342267
 21
6.614999999999999
 31
0.0
100
AcDbText
  0
HATCH
  5
706
330
17
100
AcDbEntity
  8
A-MASKA
 62
7
420
16777215
100
AcDbHatch
 10
0.0
 20
0.0
 30
0.0
210
0.0
220
0.0
230
1.0
  2
SOLID
 70
1
 71
0
 91
1
 92
3
 72
0
 73
1
 93
4
 10
9.816508062684534
 20
6.817499999999999
 10
10.4172620940268
 20
6.817499999999999
 10
10.4172620940268
 20
7.009999999999999
 10
9.816508062684534
 20
7.009999999999999
 97
0
 75
0
 76
1
 98
0
  0
TEXT
  5
707
330
17
100
AcDbEntity
  8
A-RZEDNE
100
AcDbText
 10
9.836508062684533
 20
6.864999999999999
 30
0.0
 40
0.125
  1
+6,660
  7
PL_ARIAL
 11
9.836508062684533
 21
6.864999999999999
 31
0.0
100
AcDbText
  0
HATCH
  5
708
330
17
100
AcDbEntity
  8
A-MASKA
 62
7
420
16777215
100
AcDbHatch
 10
0.0
 20
0.0
 30
0.0
210
0.0
220
0.0
230
1.0
  2
SOLID
 70
1
 71
0
 91
1
 92
3
 72
0
 73
1
 93
4
 10
8.245000000000001
 20
9.683500000000002
 10
8.845754031342267
 20
9.683500000000002
 10
8.845754031342267
 20
9.876000000000001
 10
8.245000000000001
 20
9.876000000000001
 97
0
 75
0
 76
1
 98
0
  0
TEXT
  5
709
330
17
100
AcDbEntity
  8
A-RZEDNE
100
AcDbText
 10
8.265
 20
9.731000000000002
 30
0.0
 40
0.125
  1
+9,526
  7
PL_ARIAL
 11
8.265
 21
9.731000000000002
 31
0.0
100
AcDbText
  0
HATCH
  5
70A
330
17
100
AcDbEntity
  8
A-MASKA
 62
7
420
16777215
100
AcDbHatch
 10
0.0
 20
0.0
 30
0.0
210
0.0
220
0.0
230
1.0
  2
SOLID
 70
1
 71
0
 91
1
 92
3
 72
0
 73
1
 93
4
 10
9.030754031342267
 20
9.933500000000002
 10
9.631508062684533
 20
9.933500000000002
 10
9.631508062684533
 20
10.126000000000001
 10
9.030754031342267
 20
10.126000000000001
 97
0
 75
0
 76
1
 98
0
  0
TEXT
  5
70B
330
17
100
AcDbEntity
  8
A-RZEDNE
100
AcDbText
 10
9.050754031342267
 20
9.981000000000002
 30
0.0
 40
0.125
  1
+9,776
  7
PL_ARIAL
 11
9.050754031342267
 21
9.981000000000002
 31
0.0
100
AcDbText
  0
HATCH
  5
70C
330
17
100
AcDbEntity
  8
A-MASKA
 62
7
420
16777215
100
AcDbHatch
 10
0.0
 20
0.0
 30
0.0
210
0.0
220
0.0
230
1.0
  2
SOLID
 70
1
 71
0
 91
1
 92
3
 72
0
 73
1
 93
4
 10
-6.595754031342267
 20
-0.0995
 10
-5.995000000000001
 20
-0.0995
 10
-5.995000000000001
 20
0.093
 10
-6.595754031342267
 20
0.093
 97
0
 75
0
 76
1
 98
0
  0
TEXT
  5
70D
330
17
100
AcDbEntity
  8
A-RZEDNE
100
AcDbText
 10
-6.575754031342267
 20
-0.052
 30
0.0
 40
0.125
  1
−0,257
  7
PL_ARIAL
 11
-6.575754031342267
 21
-0.052
 31
0.0
100
AcDbText
  0
TEXT
  5
70E
330
17
100
AcDbEntity
  8
A-WYMIARY
100
AcDbText
 10
-7.075
 20
4.437817340449693
 30
0.0
 40
0.125
  1
979
 50
90.0
  7
PL_ARIAL
 11
-7.075
 21
4.437817340449693
 31
0.0
100
AcDbText
  0
TEXT
  5
70F
330
17
100
AcDbEntity
  8
A-WYMIARY
100
AcDbText
 10
-7.1375
 20
4.748434533272769
 30
0.0
 40
0.09000000000000001
  1
3
 50
90.0
  7
PL_ARIAL
 11
-7.1375
 21
4.748434533272769
 31
0.0
100
AcDbText
  0
TEXT
  5
710
330
17
100
AcDbEntity
  8
A-WYMIARY
100
AcDbText
 10
-6.575
 20
0.07150000000000001
 30
0.0
 40
0.125
  1
25
 50
90.0
  7
PL_ARIAL
 11
-6.575
 21
0.07150000000000001
 31
0.0
100
AcDbText
  0
TEXT
  5
711
330
17
100
AcDbEntity
  8
A-WYMIARY
100
AcDbText
 10
-6.6375
 20
0.28107812854871683
 30
0.0
 40
0.09000000000000001
  1
7
 50
90.0
  7
PL_ARIAL
 11
-6.6375
 21
0.28107812854871683
 31
0.0
100
AcDbText
  0
TEXT
  5
712
330
17
100
AcDbEntity
  8
A-WYMIARY
100
AcDbText
 10
-6.575
 20
1.4234414035884624
 30
0.0
 40
0.125
  1
315
 50
90.0
  7
PL_ARIAL
 11
-6.575
 21
1.4234414035884624
 31
0.0
100
AcDbText
  0
TEXT
  5
713
330
17
100
AcDbEntity
  8
A-WYMIARY
100
AcDbText
 10
-6.575
 20
4.573441403588462
 30
0.0
 40
0.125
  1
315
 50
90.0
  7
PL_ARIAL
 11
-6.575
 21
4.573441403588462
 31
0.0
100
AcDbText
  0
TEXT
  5
714
330
17
100
AcDbEntity
  8
A-WYMIARY
100
AcDbText
 10
-6.575
 20
7.721317340449693
 30
0.0
 40
0.125
  1
322
 50
90.0
  7
PL_ARIAL
 11
-6.575
 21
7.721317340449693
 31
0.0
100
AcDbText
  0
TEXT
  5
715
330
17
100
AcDbEntity
  8
A-WYMIARY
100
AcDbText
 10
-6.6375
 20
8.03193453327277
 30
0.0
 40
0.09000000000000001
  1
6
 50
90.0
  7
PL_ARIAL
 11
-6.6375
 21
8.03193453327277
 31
0.0
100
AcDbText
  0
TEXT
  5
716
330
17
100
AcDbEntity
  8
A-WYMIARY
100
AcDbText
 10
-6.575
 20
9.8675
 30
0.0
 40
0.125
  1
27
 50
90.0
  7
PL_ARIAL
 11
-6.575
 21
9.8675
 31
0.0
100
AcDbText
  0
HATCH
  5
717
330
17
100
AcDbEntity
  8
A-MASKA
 62
7
420
16777215
100
AcDbHatch
 10
0.0
 20
0.0
 30
0.0
210
0.0
220
0.0
230
1.0
  2
SOLID
 70
1
 71
0
 91
1
 92
3
 72
0
 73
1
 93
4
 10
-7.2275
 20
2.9005238019532147
 10
-7.2275
 20
6.358676198046787
 10
-7.42
 20
6.358676198046787
 10
-7.420000000000001
 20
2.9005238019532147
 97
0
 75
0
 76
1
 98
0
  0
TEXT
  5
718
330
17
100
AcDbEntity
  8
A-WYMIARY
100
AcDbText
 10
-7.275
 20
2.9205238019532143
 30
0.0
 40
0.125
  1
wysokość budynku wg § 6 WT: H = 9,79 m
 50
90.0
  7
PL_ARIAL
 11
-7.275
 21
2.9205238019532143
 31
0.0
100
AcDbText
  0
TEXT
  5
719
330
17
100
AcDbEntity
  8
A-WYMIARY
100
AcDbText
 10
0.7979218714512832
 20
-0.6512000000000087
 30
0.0
 40
0.125
  1
1365
  7
PL_ARIAL
 11
0.7979218714512832
 21
-0.6512000000000087
 31
0.0
100
AcDbText
  0
VIEWPORT
  5
7F
330
1B
100
AcDbEntity
 67
1
  8
VIEWPORTS
100
AcDbViewport
 10
297.0
 20
210.0
 30
0.0
 40
594.0
 41
420.0
 68
1
 69
1
 12
297.0
 22
210.0
 13
0.0
 23
0.0
 14
10.0
 24
10.0
 15
10.0
 25
10.0
 16
0.0
 26
0.0
 36
1.0
 17
0.0
 27
0.0
 37
0.0
 42
50.0
 43
0.0
 44
0.0
 45
462.00000000000006
 50
0.0
 51
0.0
 72
100
 90
557088
  1

281
0
 71
0
 74
0
110
0.0
120
0.0
130
0.0
111
1.0
121
0.0
131
0.0
112
0.0
122
1.0
132
0.0
 79
0
146
0.0
282
0
  0
HATCH
  5
80
330
1B
100
AcDbEntity
 67
1
  8
R-LEGENDA
 62
7
420
16119024
100
AcDbHatch
 10
0.0
 20
0.0
 30
0.0
210
0.0
220
0.0
230
1.0
  2
SOLID
 70
1
 71
0
 91
1
 92
3
 72
0
 73
1
 93
4
 10
412.0
 20
396.3
 10
424.0
 20
396.3
 10
424.0
 20
400.7
 10
412.0
 20
400.7
 97
0
 75
0
 76
1
 98
0
  0
HATCH
  5
81
330
1B
100
AcDbEntity
 67
1
  8
R-LEGENDA
 62
7
420
11125709
100
AcDbHatch
 10
0.0
 20
0.0
 30
0.0
210
0.0
220
0.0
230
1.0
  2
SOLID
 70
1
 71
0
 91
1
 92
3
 72
0
 73
1
 93
4
 10
412.0
 20
390.3
 10
424.0
 20
390.3
 10
424.0
 20
394.7
 10
412.0
 20
394.7
 97
0
 75
0
 76
1
 98
0
  0
HATCH
  5
82
330
1B
100
AcDbEntity
 67
1
  8
R-LEGENDA
 62
7
420
11841961
100
AcDbHatch
 10
0.0
 20
0.0
 30
0.0
210
0.0
220
0.0
230
1.0
  2
SOLID
 70
1
 71
0
 91
1
 92
3
 72
0
 73
1
 93
4
 10
412.0
 20
384.3
 10
424.0
 20
384.3
 10
424.0
 20
388.7
 10
412.0
 20
388.7
 97
0
 75
0
 76
1
 98
0
  0
HATCH
  5
83
330
1B
100
AcDbEntity
 67
1
  8
R-LEGENDA
 62
7
420
1907997
100
AcDbHatch
 10
0.0
 20
0.0
 30
0.0
210
0.0
220
0.0
230
1.0
  2
SOLID
 70
1
 71
0
 91
1
 92
3
 72
0
 73
1
 93
4
 10
412.0
 20
378.3
 10
424.0
 20
378.3
 10
424.0
 20
382.7
 10
412.0
 20
382.7
 97
0
 75
0
 76
1
 98
0
  0
HATCH
  5
84
330
1B
100
AcDbEntity
 67
1
  8
R-LEGENDA
 62
7
420
10185537
100
AcDbHatch
 10
0.0
 20
0.0
 30
0.0
210
0.0
220
0.0
230
1.0
  2
SOLID
 70
1
 71
0
 91
1
 92
3
 72
0
 73
1
 93
4
 10
412.0
 20
372.3
 10
424.0
 20
372.3
 10
424.0
 20
376.7
 10
412.0
 20
376.7
 97
0
 75
0
 76
1
 98
0
  0
HATCH
  5
85
330
1B
100
AcDbEntity
 67
1
  8
R-LEGENDA
 62
7
420
2830131
100
AcDbHatch
 10
0.0
 20
0.0
 30
0.0
210
0.0
220
0.0
230
1.0
  2
SOLID
 70
1
 71
0
 91
1
 92
3
 72
0
 73
1
 93
4
 10
412.0
 20
366.3
 10
424.0
 20
366.3
 10
424.0
 20
370.7
 10
412.0
 20
370.7
 97
0
 75
0
 76
1
 98
0
  0
HATCH
  5
86
330
1B
100
AcDbEntity
 67
1
  8
R-LEGENDA
 62
7
420
9275261
100
AcDbHatch
 10
0.0
 20
0.0
 30
0.0
210
0.0
220
0.0
230
1.0
  2
SOLID
 70
1
 71
0
 91
1
 92
3
 72
0
 73
1
 93
4
 10
412.0
 20
360.3
 10
424.0
 20
360.3
 10
424.0
 20
364.7
 10
412.0
 20
364.7
 97
0
 75
0
 76
1
 98
0
  0
HATCH
  5
87
330
1B
100
AcDbEntity
 67
1
  8
R-LEGENDA
 62
7
420
3883076
100
AcDbHatch
 10
0.0
 20
0.0
 30
0.0
210
0.0
220
0.0
230
1.0
  2
SOLID
 70
1
 71
0
 91
1
 92
3
 72
0
 73
1
 93
4
 10
412.0
 20
354.3
 10
424.0
 20
354.3
 10
424.0
 20
358.7
 10
412.0
 20
358.7
 97
0
 75
0
 76
1
 98
0
  0
HATCH
  5
88
330
1B
100
AcDbEntity
 67
1
  8
R-LEGENDA
 62
7
420
3882819
100
AcDbHatch
 10
0.0
 20
0.0
 30
0.0
210
0.0
220
0.0
230
1.0
  2
SOLID
 70
1
 71
0
 91
1
 92
3
 72
0
 73
1
 93
4
 10
412.0
 20
347.1
 10
424.0
 20
347.1
 10
424.0
 20
351.5
 10
412.0
 20
351.5
 97
0
 75
0
 76
1
 98
0
  0
HATCH
  5
89
330
1B
100
AcDbEntity
 67
1
  8
R-LEGENDA
 62
7
420
2895924
100
AcDbHatch
 10
0.0
 20
0.0
 30
0.0
210
0.0
220
0.0
230
1.0
  2
SOLID
 70
1
 71
0
 91
1
 92
3
 72
0
 73
1
 93
4
 10
412.0
 20
341.1
 10
424.0
 20
341.1
 10
424.0
 20
345.5
 10
412.0
 20
345.5
 97
0
 75
0
 76
1
 98
0
  0
HATCH
  5
8A
330
1B
100
AcDbEntity
 67
1
  8
R-LEGENDA
 62
7
420
9409174
100
AcDbHatch
 10
0.0
 20
0.0
 30
0.0
210
0.0
220
0.0
230
1.0
  2
SOLID
 70
1
 71
0
 91
1
 92
3
 72
0
 73
1
 93
4
 10
412.0
 20
335.1
 10
424.0
 20
335.1
 10
424.0
 20
339.5
 10
412.0
 20
339.5
 97
0
 75
0
 76
1
 98
0
  0
HATCH
  5
8B
330
1B
100
AcDbEntity
 67
1
  8
R-LEGENDA
 62
7
420
15194530
100
AcDbHatch
 10
0.0
 20
0.0
 30
0.0
210
0.0
220
0.0
230
1.0
  2
SOLID
 70
1
 71
0
 91
1
 92
3
 72
0
 73
1
 93
4
 10
412.0
 20
329.1
 10
424.0
 20
329.1
 10
424.0
 20
333.5
 10
412.0
 20
333.5
 97
0
 75
0
 76
1
 98
0
  0
HATCH
  5
8C
330
1B
100
AcDbEntity
 67
1
  8
R-LEGENDA
 62
7
420
7166023
100
AcDbHatch
 10
0.0
 20
0.0
 30
0.0
210
0.0
220
0.0
230
1.0
  2
SOLID
 70
1
 71
0
 91
1
 92
3
 72
0
 73
1
 93
4
 10
412.0
 20
323.1
 10
424.0
 20
323.1
 10
424.0
 20
327.5
 10
412.0
 20
327.5
 97
0
 75
0
 76
1
 98
0
  0
HATCH
  5
8D
330
1B
100
AcDbEntity
 67
1
  8
R-OPISY
 62
7
420
0
100
AcDbHatch
 10
0.0
 20
0.0
 30
0.0
210
0.0
220
0.0
230
1.0
  2
SOLID
 70
1
 71
0
 91
1
 92
3
 72
0
 73
1
 93
4
 10
408.0
 20
271.13999999999993
 10
412.0
 20
271.13999999999993
 10
412.0
 20
272.73999999999995
 10
408.0
 20
272.73999999999995
 97
0
 75
0
 76
1
 98
0
  0
HATCH
  5
8E
330
1B
100
AcDbEntity
 67
1
  8
R-OPISY
 62
7
420
0
100
AcDbHatch
 10
0.0
 20
0.0
 30
0.0
210
0.0
220
0.0
230
1.0
  2
SOLID
 70
1
 71
0
 91
1
 92
3
 72
0
 73
1
 93
4
 10
416.0
 20
271.13999999999993
 10
420.0
 20
271.13999999999993
 10
420.0
 20
272.73999999999995
 10
416.0
 20
272.73999999999995
 97
0
 75
0
 76
1
 98
0
  0
HATCH
  5
8F
330
1B
100
AcDbEntity
 67
1
  8
R-OPISY
 62
7
420
0
100
AcDbHatch
 10
0.0
 20
0.0
 30
0.0
210
0.0
220
0.0
230
1.0
  2
SOLID
 70
1
 71
0
 91
1
 92
3
 72
0
 73
1
 93
4
 10
424.0
 20
271.13999999999993
 10
428.0
 20
271.13999999999993
 10
428.0
 20
272.73999999999995
 10
424.0
 20
272.73999999999995
 97
0
 75
0
 76
1
 98
0
  0
HATCH
  5
90
330
1B
100
AcDbEntity
 67
1
  8
R-OPISY
 62
7
420
0
100
AcDbHatch
 10
0.0
 20
0.0
 30
0.0
210
0.0
220
0.0
230
1.0
  2
SOLID
 70
1
 71
0
 91
1
 92
3
 72
0
 73
1
 93
4
 10
448.0
 20
271.13999999999993
 10
468.0
 20
271.13999999999993
 10
468.0
 20
272.73999999999995
 10
448.0
 20
272.73999999999995
 97
0
 75
0
 76
1
 98
0
  0
HATCH
  5
91
330
1B
100
AcDbEntity
 67
1
  8
R-OPISY
 62
7
420
0
100
AcDbHatch
 10
0.0
 20
0.0
 30
0.0
210
0.0
220
0.0
230
1.0
  2
SOLID
 70
1
 71
0
 91
1
 92
3
 72
0
 73
1
 93
4
 10
488.0
 20
271.13999999999993
 10
508.0
 20
271.13999999999993
 10
508.0
 20
272.73999999999995
 10
488.0
 20
272.73999999999995
 97
0
 75
0
 76
1
 98
0
  0
LWPOLYLINE
  5
92
330
1B
100
AcDbEntity
 67
1
  8
R-OPISY
370
50
100
AcDbPolyline
 90
2
 70
0
 10
31.477379059731987
 20
87.15299999999989
 10
130.11274131274132
 20
87.15299999999989
  0
LWPOLYLINE
  5
93
330
1B
100
AcDbEntity
 67
1
  8
R-LEGENDA
370
18
100
AcDbPolyline
 90
4
 70
1
 10
412.0
 20
396.3
 10
424.0
 20
396.3
 10
424.0
 20
400.7
 10
412.0
 20
400.7
  0
LWPOLYLINE
  5
94
330
1B
100
AcDbEntity
 67
1
  8
R-LEGENDA
370
18
100
AcDbPolyline
 90
4
 70
1
 10
412.0
 20
390.3
 10
424.0
 20
390.3
 10
424.0
 20
394.7
 10
412.0
 20
394.7
  0
LWPOLYLINE
  5
95
330
1B
100
AcDbEntity
 67
1
  8
R-LEGENDA
370
18
100
AcDbPolyline
 90
4
 70
1
 10
412.0
 20
384.3
 10
424.0
 20
384.3
 10
424.0
 20
388.7
 10
412.0
 20
388.7
  0
LWPOLYLINE
  5
96
330
1B
100
AcDbEntity
 67
1
  8
R-LEGENDA
370
18
100
AcDbPolyline
 90
4
 70
1
 10
412.0
 20
378.3
 10
424.0
 20
378.3
 10
424.0
 20
382.7
 10
412.0
 20
382.7
  0
LWPOLYLINE
  5
97
330
1B
100
AcDbEntity
 67
1
  8
R-LEGENDA
370
18
100
AcDbPolyline
 90
4
 70
1
 10
412.0
 20
372.3
 10
424.0
 20
372.3
 10
424.0
 20
376.7
 10
412.0
 20
376.7
  0
LWPOLYLINE
  5
98
330
1B
100
AcDbEntity
 67
1
  8
R-LEGENDA
370
18
100
AcDbPolyline
 90
4
 70
1
 10
412.0
 20
366.3
 10
424.0
 20
366.3
 10
424.0
 20
370.7
 10
412.0
 20
370.7
  0
LWPOLYLINE
  5
99
330
1B
100
AcDbEntity
 67
1
  8
R-LEGENDA
370
18
100
AcDbPolyline
 90
4
 70
1
 10
412.0
 20
360.3
 10
424.0
 20
360.3
 10
424.0
 20
364.7
 10
412.0
 20
364.7
  0
LWPOLYLINE
  5
9A
330
1B
100
AcDbEntity
 67
1
  8
R-LEGENDA
370
18
100
AcDbPolyline
 90
4
 70
1
 10
412.0
 20
354.3
 10
424.0
 20
354.3
 10
424.0
 20
358.7
 10
412.0
 20
358.7
  0
LWPOLYLINE
  5
9B
330
1B
100
AcDbEntity
 67
1
  8
R-LEGENDA
370
18
100
AcDbPolyline
 90
4
 70
1
 10
412.0
 20
347.1
 10
424.0
 20
347.1
 10
424.0
 20
351.5
 10
412.0
 20
351.5
  0
LWPOLYLINE
  5
9C
330
1B
100
AcDbEntity
 67
1
  8
R-LEGENDA
370
18
100
AcDbPolyline
 90
4
 70
1
 10
412.0
 20
341.1
 10
424.0
 20
341.1
 10
424.0
 20
345.5
 10
412.0
 20
345.5
  0
LWPOLYLINE
  5
9D
330
1B
100
AcDbEntity
 67
1
  8
R-LEGENDA
370
18
100
AcDbPolyline
 90
4
 70
1
 10
412.0
 20
335.1
 10
424.0
 20
335.1
 10
424.0
 20
339.5
 10
412.0
 20
339.5
  0
LWPOLYLINE
  5
9E
330
1B
100
AcDbEntity
 67
1
  8
R-LEGENDA
370
18
100
AcDbPolyline
 90
4
 70
1
 10
412.0
 20
329.1
 10
424.0
 20
329.1
 10
424.0
 20
333.5
 10
412.0
 20
333.5
  0
LWPOLYLINE
  5
9F
330
1B
100
AcDbEntity
 67
1
  8
R-LEGENDA
370
18
100
AcDbPolyline
 90
4
 70
1
 10
412.0
 20
323.1
 10
424.0
 20
323.1
 10
424.0
 20
327.5
 10
412.0
 20
327.5
  0
LWPOLYLINE
  5
A0
330
1B
100
AcDbEntity
 67
1
  8
R-OPISY
370
25
100
AcDbPolyline
 90
4
 70
1
 10
404.0
 20
284.13999999999993
 10
584.0
 20
284.13999999999993
 10
584.0
 20
315.3
 10
404.0
 20
315.3
  0
LWPOLYLINE
  5
A1
330
1B
100
AcDbEntity
 67
1
  8
R-OPISY
370
18
100
AcDbPolyline
 90
4
 70
1
 10
408.0
 20
271.13999999999993
 10
428.0
 20
271.13999999999993
 10
428.0
 20
272.73999999999995
 10
408.0
 20
272.73999999999995
  0
LWPOLYLINE
  5
A2
330
1B
100
AcDbEntity
 67
1
  8
R-OPISY
370
18
100
AcDbPolyline
 90
4
 70
1
 10
428.0
 20
271.13999999999993
 10
448.0
 20
271.13999999999993
 10
448.0
 20
272.73999999999995
 10
428.0
 20
272.73999999999995
  0
LWPOLYLINE
  5
A3
330
1B
100
AcDbEntity
 67
1
  8
R-OPISY
370
18
100
AcDbPolyline
 90
4
 70
1
 10
448.0
 20
271.13999999999993
 10
468.0
 20
271.13999999999993
 10
468.0
 20
272.73999999999995
 10
448.0
 20
272.73999999999995
  0
LWPOLYLINE
  5
A4
330
1B
100
AcDbEntity
 67
1
  8
R-OPISY
370
18
100
AcDbPolyline
 90
4
 70
1
 10
468.0
 20
271.13999999999993
 10
488.0
 20
271.13999999999993
 10
488.0
 20
272.73999999999995
 10
468.0
 20
272.73999999999995
  0
LWPOLYLINE
  5
A5
330
1B
100
AcDbEntity
 67
1
  8
R-OPISY
370
18
100
AcDbPolyline
 90
4
 70
1
 10
488.0
 20
271.13999999999993
 10
508.0
 20
271.13999999999993
 10
508.0
 20
272.73999999999995
 10
488.0
 20
272.73999999999995
  0
LWPOLYLINE
  5
A6
330
1B
100
AcDbEntity
 67
1
  8
R-OPISY
370
18
100
AcDbPolyline
 90
4
 70
1
 10
508.0
 20
271.13999999999993
 10
528.0
 20
271.13999999999993
 10
528.0
 20
272.73999999999995
 10
508.0
 20
272.73999999999995
  0
LWPOLYLINE
  5
A7
330
1B
100
AcDbEntity
 67
1
  8
R-OPISY
370
35
100
AcDbPolyline
 90
2
 70
0
 10
11.0
 20
18.0
 10
11.0
 20
118.0
  0
LWPOLYLINE
  5
A8
330
1B
100
AcDbEntity
 67
1
  8
R-OPISY
370
18
100
AcDbPolyline
 90
2
 70
0
 10
11.0
 20
18.0
 10
9.4
 20
18.0
  0
LWPOLYLINE
  5
A9
330
1B
100
AcDbEntity
 67
1
  8
R-OPISY
370
18
100
AcDbPolyline
 90
2
 70
0
 10
11.0
 20
28.0
 10
10.1
 20
28.0
  0
LWPOLYLINE
  5
AA
330
1B
100
AcDbEntity
 67
1
  8
R-OPISY
370
18
100
AcDbPolyline
 90
2
 70
0
 10
11.0
 20
38.0
 10
10.1
 20
38.0
  0
LWPOLYLINE
  5
AB
330
1B
100
AcDbEntity
 67
1
  8
R-OPISY
370
18
100
AcDbPolyline
 90
2
 70
0
 10
11.0
 20
48.0
 10
10.1
 20
48.0
  0
LWPOLYLINE
  5
AC
330
1B
100
AcDbEntity
 67
1
  8
R-OPISY
370
18
100
AcDbPolyline
 90
2
 70
0
 10
11.0
 20
58.0
 10
10.1
 20
58.0
  0
LWPOLYLINE
  5
AD
330
1B
100
AcDbEntity
 67
1
  8
R-OPISY
370
18
100
AcDbPolyline
 90
2
 70
0
 10
11.0
 20
68.0
 10
9.4
 20
68.0
  0
LWPOLYLINE
  5
AE
330
1B
100
AcDbEntity
 67
1
  8
R-OPISY
370
18
100
AcDbPolyline
 90
2
 70
0
 10
11.0
 20
78.0
 10
10.1
 20
78.0
  0
LWPOLYLINE
  5
AF
330
1B
100
AcDbEntity
 67
1
  8
R-OPISY
370
18
100
AcDbPolyline
 90
2
 70
0
 10
11.0
 20
88.0
 10
10.1
 20
88.0
  0
LWPOLYLINE
  5
B0
330
1B
100
AcDbEntity
 67
1
  8
R-OPISY
370
18
100
AcDbPolyline
 90
2
 70
0
 10
11.0
 20
98.0
 10
10.1
 20
98.0
  0
LWPOLYLINE
  5
B1
330
1B
100
AcDbEntity
 67
1
  8
R-OPISY
370
18
100
AcDbPolyline
 90
2
 70
0
 10
11.0
 20
108.0
 10
10.1
 20
108.0
  0
LWPOLYLINE
  5
B2
330
1B
100
AcDbEntity
 67
1
  8
R-OPISY
370
18
100
AcDbPolyline
 90
2
 70
0
 10
11.0
 20
118.0
 10
9.4
 20
118.0
  0
HATCH
  5
B3
330
1B
100
AcDbEntity
 67
1
  8
R-LEGENDA
 62
7
420
16777215
100
AcDbHatch
 10
0.0
 20
0.0
 30
0.0
210
0.0
220
0.0
230
1.0
  2
SOLID
 70
1
 71
0
 91
1
 92
3
 72
0
 73
1
 93
6
 10
404.3896093572564
 20
398.5
 10
405.5596093572564
 20
400.45
 10
408.84039064274356
 20
400.45
 10
410.0103906427436
 20
398.5
 10
408.84039064274356
 20
396.55
 10
405.5596093572564
 20
396.55
 97
0
 75
0
 76
1
 98
0
  0
HATCH
  5
B4
330
1B
100
AcDbEntity
 67
1
  8
R-LEGENDA
 62
7
420
16777215
100
AcDbHatch
 10
0.0
 20
0.0
 30
0.0
210
0.0
220
0.0
230
1.0
  2
SOLID
 70
1
 71
0
 91
1
 92
3
 72
0
 73
1
 93
6
 10
404.3896093572564
 20
392.5
 10
405.5596093572564
 20
394.45
 10
408.84039064274356
 20
394.45
 10
410.0103906427436
 20
392.5
 10
408.84039064274356
 20
390.55
 10
405.5596093572564
 20
390.55
 97
0
 75
0
 76
1
 98
0
  0
HATCH
  5
B5
330
1B
100
AcDbEntity
 67
1
  8
R-LEGENDA
 62
7
420
16777215
100
AcDbHatch
 10
0.0
 20
0.0
 30
0.0
210
0.0
220
0.0
230
1.0
  2
SOLID
 70
1
 71
0
 91
1
 92
3
 72
0
 73
1
 93
6
 10
404.3896093572564
 20
386.5
 10
405.5596093572564
 20
388.45
 10
408.84039064274356
 20
388.45
 10
410.0103906427436
 20
386.5
 10
408.84039064274356
 20
384.55
 10
405.5596093572564
 20
384.55
 97
0
 75
0
 76
1
 98
0
  0
HATCH
  5
B6
330
1B
100
AcDbEntity
 67
1
  8
R-LEGENDA
 62
7
420
16777215
100
AcDbHatch
 10
0.0
 20
0.0
 30
0.0
210
0.0
220
0.0
230
1.0
  2
SOLID
 70
1
 71
0
 91
1
 92
3
 72
0
 73
1
 93
6
 10
404.3896093572564
 20
380.5
 10
405.5596093572564
 20
382.45
 10
408.84039064274356
 20
382.45
 10
410.0103906427436
 20
380.5
 10
408.84039064274356
 20
378.55
 10
405.5596093572564
 20
378.55
 97
0
 75
0
 76
1
 98
0
  0
HATCH
  5
B7
330
1B
100
AcDbEntity
 67
1
  8
R-LEGENDA
 62
7
420
16777215
100
AcDbHatch
 10
0.0
 20
0.0
 30
0.0
210
0.0
220
0.0
230
1.0
  2
SOLID
 70
1
 71
0
 91
1
 92
3
 72
0
 73
1
 93
6
 10
404.3896093572564
 20
374.5
 10
405.5596093572564
 20
376.45
 10
408.84039064274356
 20
376.45
 10
410.0103906427436
 20
374.5
 10
408.84039064274356
 20
372.55
 10
405.5596093572564
 20
372.55
 97
0
 75
0
 76
1
 98
0
  0
HATCH
  5
B8
330
1B
100
AcDbEntity
 67
1
  8
R-LEGENDA
 62
7
420
16777215
100
AcDbHatch
 10
0.0
 20
0.0
 30
0.0
210
0.0
220
0.0
230
1.0
  2
SOLID
 70
1
 71
0
 91
1
 92
3
 72
0
 73
1
 93
6
 10
404.3896093572564
 20
368.5
 10
405.5596093572564
 20
370.45
 10
408.84039064274356
 20
370.45
 10
410.0103906427436
 20
368.5
 10
408.84039064274356
 20
366.55
 10
405.5596093572564
 20
366.55
 97
0
 75
0
 76
1
 98
0
  0
HATCH
  5
B9
330
1B
100
AcDbEntity
 67
1
  8
R-LEGENDA
 62
7
420
16777215
100
AcDbHatch
 10
0.0
 20
0.0
 30
0.0
210
0.0
220
0.0
230
1.0
  2
SOLID
 70
1
 71
0
 91
1
 92
3
 72
0
 73
1
 93
6
 10
404.3896093572564
 20
362.5
 10
405.5596093572564
 20
364.45
 10
408.84039064274356
 20
364.45
 10
410.0103906427436
 20
362.5
 10
408.84039064274356
 20
360.55
 10
405.5596093572564
 20
360.55
 97
0
 75
0
 76
1
 98
0
  0
HATCH
  5
BA
330
1B
100
AcDbEntity
 67
1
  8
R-LEGENDA
 62
7
420
16777215
100
AcDbHatch
 10
0.0
 20
0.0
 30
0.0
210
0.0
220
0.0
230
1.0
  2
SOLID
 70
1
 71
0
 91
1
 92
3
 72
0
 73
1
 93
6
 10
404.3896093572564
 20
356.5
 10
405.5596093572564
 20
358.45
 10
408.84039064274356
 20
358.45
 10
410.0103906427436
 20
356.5
 10
408.84039064274356
 20
354.55
 10
405.5596093572564
 20
354.55
 97
0
 75
0
 76
1
 98
0
  0
HATCH
  5
BB
330
1B
100
AcDbEntity
 67
1
  8
R-LEGENDA
 62
7
420
16777215
100
AcDbHatch
 10
0.0
 20
0.0
 30
0.0
210
0.0
220
0.0
230
1.0
  2
SOLID
 70
1
 71
0
 91
1
 92
3
 72
0
 73
1
 93
6
 10
404.3896093572564
 20
349.3
 10
405.5596093572564
 20
351.25
 10
408.84039064274356
 20
351.25
 10
410.0103906427436
 20
349.3
 10
408.84039064274356
 20
347.35
 10
405.5596093572564
 20
347.35
 97
0
 75
0
 76
1
 98
0
  0
HATCH
  5
BC
330
1B
100
AcDbEntity
 67
1
  8
R-LEGENDA
 62
7
420
16777215
100
AcDbHatch
 10
0.0
 20
0.0
 30
0.0
210
0.0
220
0.0
230
1.0
  2
SOLID
 70
1
 71
0
 91
1
 92
3
 72
0
 73
1
 93
6
 10
403.37921871451283
 20
343.3
 10
404.54921871451285
 20
345.25
 10
409.85078128548713
 20
345.25
 10
411.02078128548715
 20
343.3
 10
409.85078128548713
 20
341.35
 10
404.54921871451285
 20
341.35
 97
0
 75
0
 76
1
 98
0
  0
HATCH
  5
BD
330
1B
100
AcDbEntity
 67
1
  8
R-LEGENDA
 62
7
420
16777215
100
AcDbHatch
 10
0.0
 20
0.0
 30
0.0
210
0.0
220
0.0
230
1.0
  2
SOLID
 70
1
 71
0
 91
1
 92
3
 72
0
 73
1
 93
6
 10
403.51406995230525
 20
337.3
 10
404.6840699523052
 20
339.25
 10
409.71593004769477
 20
339.25
 10
410.8859300476947
 20
337.3
 10
409.71593004769477
 20
335.35
 10
404.6840699523052
 20
335.35
 97
0
 75
0
 76
1
 98
0
  0
HATCH
  5
BE
330
1B
100
AcDbEntity
 67
1
  8
R-LEGENDA
 62
7
420
16777215
100
AcDbHatch
 10
0.0
 20
0.0
 30
0.0
210
0.0
220
0.0
230
1.0
  2
SOLID
 70
1
 71
0
 91
1
 92
3
 72
0
 73
1
 93
6
 10
403.37921871451283
 20
331.3
 10
404.54921871451285
 20
333.25
 10
409.85078128548713
 20
333.25
 10
411.02078128548715
 20
331.3
 10
409.85078128548713
 20
329.35
 10
404.54921871451285
 20
329.35
 97
0
 75
0
 76
1
 98
0
  0
HATCH
  5
BF
330
1B
100
AcDbEntity
 67
1
  8
R-LEGENDA
 62
7
420
16777215
100
AcDbHatch
 10
0.0
 20
0.0
 30
0.0
210
0.0
220
0.0
230
1.0
  2
SOLID
 70
1
 71
0
 91
1
 92
3
 72
0
 73
1
 93
6
 10
403.37921871451283
 20
325.3
 10
404.54921871451285
 20
327.25
 10
409.85078128548713
 20
327.25
 10
411.02078128548715
 20
325.3
 10
409.85078128548713
 20
323.35
 10
404.54921871451285
 20
323.35
 97
0
 75
0
 76
1
 98
0
  0
LWPOLYLINE
  5
C0
330
1B
100
AcDbEntity
 67
1
  8
R-LEGENDA
370
18
100
AcDbPolyline
 90
6
 70
1
 10
404.3896093572564
 20
398.5
 10
405.5596093572564
 20
400.45
 10
408.84039064274356
 20
400.45
 10
410.0103906427436
 20
398.5
 10
408.84039064274356
 20
396.55
 10
405.5596093572564
 20
396.55
  0
LWPOLYLINE
  5
C1
330
1B
100
AcDbEntity
 67
1
  8
R-LEGENDA
370
18
100
AcDbPolyline
 90
6
 70
1
 10
404.3896093572564
 20
392.5
 10
405.5596093572564
 20
394.45
 10
408.84039064274356
 20
394.45
 10
410.0103906427436
 20
392.5
 10
408.84039064274356
 20
390.55
 10
405.5596093572564
 20
390.55
  0
LWPOLYLINE
  5
C2
330
1B
100
AcDbEntity
 67
1
  8
R-LEGENDA
370
18
100
AcDbPolyline
 90
6
 70
1
 10
404.3896093572564
 20
386.5
 10
405.5596093572564
 20
388.45
 10
408.84039064274356
 20
388.45
 10
410.0103906427436
 20
386.5
 10
408.84039064274356
 20
384.55
 10
405.5596093572564
 20
384.55
  0
LWPOLYLINE
  5
C3
330
1B
100
AcDbEntity
 67
1
  8
R-LEGENDA
370
18
100
AcDbPolyline
 90
6
 70
1
 10
404.3896093572564
 20
380.5
 10
405.5596093572564
 20
382.45
 10
408.84039064274356
 20
382.45
 10
410.0103906427436
 20
380.5
 10
408.84039064274356
 20
378.55
 10
405.5596093572564
 20
378.55
  0
LWPOLYLINE
  5
C4
330
1B
100
AcDbEntity
 67
1
  8
R-LEGENDA
370
18
100
AcDbPolyline
 90
6
 70
1
 10
404.3896093572564
 20
374.5
 10
405.5596093572564
 20
376.45
 10
408.84039064274356
 20
376.45
 10
410.0103906427436
 20
374.5
 10
408.84039064274356
 20
372.55
 10
405.5596093572564
 20
372.55
  0
LWPOLYLINE
  5
C5
330
1B
100
AcDbEntity
 67
1
  8
R-LEGENDA
370
18
100
AcDbPolyline
 90
6
 70
1
 10
404.3896093572564
 20
368.5
 10
405.5596093572564
 20
370.45
 10
408.84039064274356
 20
370.45
 10
410.0103906427436
 20
368.5
 10
408.84039064274356
 20
366.55
 10
405.5596093572564
 20
366.55
  0
LWPOLYLINE
  5
C6
330
1B
100
AcDbEntity
 67
1
  8
R-LEGENDA
370
18
100
AcDbPolyline
 90
6
 70
1
 10
404.3896093572564
 20
362.5
 10
405.5596093572564
 20
364.45
 10
408.84039064274356
 20
364.45
 10
410.0103906427436
 20
362.5
 10
408.84039064274356
 20
360.55
 10
405.5596093572564
 20
360.55
  0
LWPOLYLINE
  5
C7
330
1B
100
AcDbEntity
 67
1
  8
R-LEGENDA
370
18
100
AcDbPolyline
 90
6
 70
1
 10
404.3896093572564
 20
356.5
 10
405.5596093572564
 20
358.45
 10
408.84039064274356
 20
358.45
 10
410.0103906427436
 20
356.5
 10
408.84039064274356
 20
354.55
 10
405.5596093572564
 20
354.55
  0
LWPOLYLINE
  5
C8
330
1B
100
AcDbEntity
 67
1
  8
R-LEGENDA
370
18
100
AcDbPolyline
 90
6
 70
1
 10
404.3896093572564
 20
349.3
 10
405.5596093572564
 20
351.25
 10
408.84039064274356
 20
351.25
 10
410.0103906427436
 20
349.3
 10
408.84039064274356
 20
347.35
 10
405.5596093572564
 20
347.35
  0
LWPOLYLINE
  5
C9
330
1B
100
AcDbEntity
 67
1
  8
R-LEGENDA
370
18
100
AcDbPolyline
 90
6
 70
1
 10
403.37921871451283
 20
343.3
 10
404.54921871451285
 20
345.25
 10
409.85078128548713
 20
345.25
 10
411.02078128548715
 20
343.3
 10
409.85078128548713
 20
341.35
 10
404.54921871451285
 20
341.35
  0
LWPOLYLINE
  5
CA
330
1B
100
AcDbEntity
 67
1
  8
R-LEGENDA
370
18
100
AcDbPolyline
 90
6
 70
1
 10
403.51406995230525
 20
337.3
 10
404.6840699523052
 20
339.25
 10
409.71593004769477
 20
339.25
 10
410.8859300476947
 20
337.3
 10
409.71593004769477
 20
335.35
 10
404.6840699523052
 20
335.35
  0
LWPOLYLINE
  5
CB
330
1B
100
AcDbEntity
 67
1
  8
R-LEGENDA
370
18
100
AcDbPolyline
 90
6
 70
1
 10
403.37921871451283
 20
331.3
 10
404.54921871451285
 20
333.25
 10
409.85078128548713
 20
333.25
 10
411.02078128548715
 20
331.3
 10
409.85078128548713
 20
329.35
 10
404.54921871451285
 20
329.35
  0
LWPOLYLINE
  5
CC
330
1B
100
AcDbEntity
 67
1
  8
R-LEGENDA
370
18
100
AcDbPolyline
 90
6
 70
1
 10
403.37921871451283
 20
325.3
 10
404.54921871451285
 20
327.25
 10
409.85078128548713
 20
327.25
 10
411.02078128548715
 20
325.3
 10
409.85078128548713
 20
323.35
 10
404.54921871451285
 20
323.35
  0
TEXT
  5
CD
330
1B
100
AcDbEntity
 67
1
  8
R-LEGENDA
100
AcDbText
 10
406.1896093572564
 20
397.25
 30
0.0
 40
2.5
  1
1
  7
PL_ARIAL
 11
406.1896093572564
 21
397.25
 31
0.0
100
AcDbText
  0
TEXT
  5
CE
330
1B
100
AcDbEntity
 67
1
  8
R-LEGENDA
100
AcDbText
 10
406.1896093572564
 20
391.25
 30
0.0
 40
2.5
  1
2
  7
PL_ARIAL
 11
406.1896093572564
 21
391.25
 31
0.0
100
AcDbText
  0
TEXT
  5
CF
330
1B
100
AcDbEntity
 67
1
  8
R-LEGENDA
100
AcDbText
 10
406.1896093572564
 20
385.25
 30
0.0
 40
2.5
  1
3
  7
PL_ARIAL
 11
406.1896093572564
 21
385.25
 31
0.0
100
AcDbText
  0
TEXT
  5
D0
330
1B
100
AcDbEntity
 67
1
  8
R-LEGENDA
100
AcDbText
 10
406.1896093572564
 20
379.25
 30
0.0
 40
2.5
  1
4
  7
PL_ARIAL
 11
406.1896093572564
 21
379.25
 31
0.0
100
AcDbText
  0
TEXT
  5
D1
330
1B
100
AcDbEntity
 67
1
  8
R-LEGENDA
100
AcDbText
 10
406.1896093572564
 20
373.25
 30
0.0
 40
2.5
  1
5
  7
PL_ARIAL
 11
406.1896093572564
 21
373.25
 31
0.0
100
AcDbText
  0
TEXT
  5
D2
330
1B
100
AcDbEntity
 67
1
  8
R-LEGENDA
100
AcDbText
 10
406.1896093572564
 20
367.25
 30
0.0
 40
2.5
  1
6
  7
PL_ARIAL
 11
406.1896093572564
 21
367.25
 31
0.0
100
AcDbText
  0
TEXT
  5
D3
330
1B
100
AcDbEntity
 67
1
  8
R-LEGENDA
100
AcDbText
 10
406.1896093572564
 20
361.25
 30
0.0
 40
2.5
  1
7
  7
PL_ARIAL
 11
406.1896093572564
 21
361.25
 31
0.0
100
AcDbText
  0
TEXT
  5
D4
330
1B
100
AcDbEntity
 67
1
  8
R-LEGENDA
100
AcDbText
 10
406.1896093572564
 20
355.25
 30
0.0
 40
2.5
  1
8
  7
PL_ARIAL
 11
406.1896093572564
 21
355.25
 31
0.0
100
AcDbText
  0
TEXT
  5
D5
330
1B
100
AcDbEntity
 67
1
  8
R-LEGENDA
100
AcDbText
 10
406.1896093572564
 20
348.05
 30
0.0
 40
2.5
  1
9
  7
PL_ARIAL
 11
406.1896093572564
 21
348.05
 31
0.0
100
AcDbText
  0
TEXT
  5
D6
330
1B
100
AcDbEntity
 67
1
  8
R-LEGENDA
100
AcDbText
 10
405.17921871451284
 20
342.05
 30
0.0
 40
2.5
  1
10
  7
PL_ARIAL
 11
405.17921871451284
 21
342.05
 31
0.0
100
AcDbText
  0
TEXT
  5
D7
330
1B
100
AcDbEntity
 67
1
  8
R-LEGENDA
100
AcDbText
 10
405.31406995230526
 20
336.05
 30
0.0
 40
2.5
  1
11
  7
PL_ARIAL
 11
405.31406995230526
 21
336.05
 31
0.0
100
AcDbText
  0
TEXT
  5
D8
330
1B
100
AcDbEntity
 67
1
  8
R-LEGENDA
100
AcDbText
 10
405.17921871451284
 20
330.05
 30
0.0
 40
2.5
  1
12
  7
PL_ARIAL
 11
405.17921871451284
 21
330.05
 31
0.0
100
AcDbText
  0
TEXT
  5
D9
330
1B
100
AcDbEntity
 67
1
  8
R-LEGENDA
100
AcDbText
 10
405.17921871451284
 20
324.05
 30
0.0
 40
2.5
  1
13
  7
PL_ARIAL
 11
405.17921871451284
 21
324.05
 31
0.0
100
AcDbText
  0
HATCH
  5
DA
330
1B
100
AcDbEntity
 67
1
  8
R-TABLICZKA
 62
7
420
16777215
100
AcDbHatch
 10
0.0
 20
0.0
 30
0.0
210
0.0
220
0.0
230
1.0
  2
SOLID
 70
1
 71
0
 91
1
 92
3
 72
0
 73
1
 93
4
 10
404.0
 20
10.0
 10
584.0
 20
10.0
 10
584.0
 20
103.0
 10
404.0
 20
103.0
 97
0
 75
0
 76
1
 98
0
  0
HATCH
  5
DB
330
1B
100
AcDbEntity
 67
1
  8
R-TABLICZKA
 62
7
420
16777215
100
AcDbHatch
 10
0.0
 20
0.0
 30
0.0
210
0.0
220
0.0
230
1.0
  2
SOLID
 70
1
 71
0
 91
1
 92
3
 72
0
 73
1
 93
4
 10
404.0
 20
103.0
 10
584.0
 20
103.0
 10
584.0
 20
113.0
 10
404.0
 20
113.0
 97
0
 75
0
 76
1
 98
0
  0
LWPOLYLINE
  5
DC
330
1B
100
AcDbEntity
 67
1
  8
R-RAMKA
370
70
100
AcDbPolyline
 90
4
 70
1
 10
20.0
 20
10.0
 10
584.0
 20
10.0
 10
584.0
 20
410.0
 10
20.0
 20
410.0
  0
LWPOLYLINE
  5
DD
330
1B
100
AcDbEntity
 67
1
  8
R-RAMKA
370
70
100
AcDbPolyline
 90
2
 70
0
 10
297.0
 20
0.0
 10
297.0
 20
20.0
  0
LWPOLYLINE
  5
DE
330
1B
100
AcDbEntity
 67
1
  8
R-RAMKA
370
70
100
AcDbPolyline
 90
2
 70
0
 10
297.0
 20
420.0
 10
297.0
 20
400.0
  0
LWPOLYLINE
  5
DF
330
1B
100
AcDbEntity
 67
1
  8
R-RAMKA
370
70
100
AcDbPolyline
 90
2
 70
0
 10
0.0
 20
210.0
 10
30.0
 20
210.0
  0
LWPOLYLINE
  5
E0
330
1B
100
AcDbEntity
 67
1
  8
R-RAMKA
370
70
100
AcDbPolyline
 90
2
 70
0
 10
594.0
 20
210.0
 10
574.0
 20
210.0
  0
LWPOLYLINE
  5
E1
330
1B
100
AcDbEntity
 67
1
  8
R-RAMKA
370
35
100
AcDbPolyline
 90
2
 70
0
 10
210.0
 20
0.0
 10
210.0
 20
5.0
  0
LWPOLYLINE
  5
E2
330
1B
100
AcDbEntity
 67
1
  8
R-RAMKA
370
35
100
AcDbPolyline
 90
2
 70
0
 10
210.0
 20
420.0
 10
210.0
 20
415.0
  0
LWPOLYLINE
  5
E3
330
1B
100
AcDbEntity
 67
1
  8
R-RAMKA
370
35
100
AcDbPolyline
 90
2
 70
0
 10
402.0
 20
0.0
 10
402.0
 20
5.0
  0
LWPOLYLINE
  5
E4
330
1B
100
AcDbEntity
 67
1
  8
R-RAMKA
370
35
100
AcDbPolyline
 90
2
 70
0
 10
402.0
 20
420.0
 10
402.0
 20
415.0
  0
LWPOLYLINE
  5
E5
330
1B
100
AcDbEntity
 67
1
  8
R-RAMKA
370
35
100
AcDbPolyline
 90
2
 70
0
 10
0.0
 20
297.0
 10
5.0
 20
297.0
  0
LWPOLYLINE
  5
E6
330
1B
100
AcDbEntity
 67
1
  8
R-RAMKA
370
35
100
AcDbPolyline
 90
2
 70
0
 10
594.0
 20
297.0
 10
589.0
 20
297.0
  0
LWPOLYLINE
  5
E7
330
1B
100
AcDbEntity
 67
1
  8
R-RAMKA
370
35
100
AcDbPolyline
 90
2
 70
0
 10
47.0
 20
10.0
 10
47.0
 20
5.0
  0
LWPOLYLINE
  5
E8
330
1B
100
AcDbEntity
 67
1
  8
R-RAMKA
370
35
100
AcDbPolyline
 90
2
 70
0
 10
47.0
 20
410.0
 10
47.0
 20
415.0
  0
LWPOLYLINE
  5
E9
330
1B
100
AcDbEntity
 67
1
  8
R-RAMKA
370
35
100
AcDbPolyline
 90
2
 70
0
 10
97.0
 20
10.0
 10
97.0
 20
5.0
  0
LWPOLYLINE
  5
EA
330
1B
100
AcDbEntity
 67
1
  8
R-RAMKA
370
35
100
AcDbPolyline
 90
2
 70
0
 10
97.0
 20
410.0
 10
97.0
 20
415.0
  0
LWPOLYLINE
  5
EB
330
1B
100
AcDbEntity
 67
1
  8
R-RAMKA
370
35
100
AcDbPolyline
 90
2
 70
0
 10
147.0
 20
10.0
 10
147.0
 20
5.0
  0
LWPOLYLINE
  5
EC
330
1B
100
AcDbEntity
 67
1
  8
R-RAMKA
370
35
100
AcDbPolyline
 90
2
 70
0
 10
147.0
 20
410.0
 10
147.0
 20
415.0
  0
LWPOLYLINE
  5
ED
330
1B
100
AcDbEntity
 67
1
  8
R-RAMKA
370
35
100
AcDbPolyline
 90
2
 70
0
 10
197.0
 20
10.0
 10
197.0
 20
5.0
  0
LWPOLYLINE
  5
EE
330
1B
100
AcDbEntity
 67
1
  8
R-RAMKA
370
35
100
AcDbPolyline
 90
2
 70
0
 10
197.0
 20
410.0
 10
197.0
 20
415.0
  0
LWPOLYLINE
  5
EF
330
1B
100
AcDbEntity
 67
1
  8
R-RAMKA
370
35
100
AcDbPolyline
 90
2
 70
0
 10
247.0
 20
10.0
 10
247.0
 20
5.0
  0
LWPOLYLINE
  5
F0
330
1B
100
AcDbEntity
 67
1
  8
R-RAMKA
370
35
100
AcDbPolyline
 90
2
 70
0
 10
247.0
 20
410.0
 10
247.0
 20
415.0
  0
LWPOLYLINE
  5
F1
330
1B
100
AcDbEntity
 67
1
  8
R-RAMKA
370
35
100
AcDbPolyline
 90
2
 70
0
 10
297.0
 20
10.0
 10
297.0
 20
5.0
  0
LWPOLYLINE
  5
F2
330
1B
100
AcDbEntity
 67
1
  8
R-RAMKA
370
35
100
AcDbPolyline
 90
2
 70
0
 10
297.0
 20
410.0
 10
297.0
 20
415.0
  0
LWPOLYLINE
  5
F3
330
1B
100
AcDbEntity
 67
1
  8
R-RAMKA
370
35
100
AcDbPolyline
 90
2
 70
0
 10
347.0
 20
10.0
 10
347.0
 20
5.0
  0
LWPOLYLINE
  5
F4
330
1B
100
AcDbEntity
 67
1
  8
R-RAMKA
370
35
100
AcDbPolyline
 90
2
 70
0
 10
347.0
 20
410.0
 10
347.0
 20
415.0
  0
LWPOLYLINE
  5
F5
330
1B
100
AcDbEntity
 67
1
  8
R-RAMKA
370
35
100
AcDbPolyline
 90
2
 70
0
 10
397.0
 20
10.0
 10
397.0
 20
5.0
  0
LWPOLYLINE
  5
F6
330
1B
100
AcDbEntity
 67
1
  8
R-RAMKA
370
35
100
AcDbPolyline
 90
2
 70
0
 10
397.0
 20
410.0
 10
397.0
 20
415.0
  0
LWPOLYLINE
  5
F7
330
1B
100
AcDbEntity
 67
1
  8
R-RAMKA
370
35
100
AcDbPolyline
 90
2
 70
0
 10
447.0
 20
10.0
 10
447.0
 20
5.0
  0
LWPOLYLINE
  5
F8
330
1B
100
AcDbEntity
 67
1
  8
R-RAMKA
370
35
100
AcDbPolyline
 90
2
 70
0
 10
447.0
 20
410.0
 10
447.0
 20
415.0
  0
LWPOLYLINE
  5
F9
330
1B
100
AcDbEntity
 67
1
  8
R-RAMKA
370
35
100
AcDbPolyline
 90
2
 70
0
 10
497.0
 20
10.0
 10
497.0
 20
5.0
  0
LWPOLYLINE
  5
FA
330
1B
100
AcDbEntity
 67
1
  8
R-RAMKA
370
35
100
AcDbPolyline
 90
2
 70
0
 10
497.0
 20
410.0
 10
497.0
 20
415.0
  0
LWPOLYLINE
  5
FB
330
1B
100
AcDbEntity
 67
1
  8
R-RAMKA
370
35
100
AcDbPolyline
 90
2
 70
0
 10
547.0
 20
10.0
 10
547.0
 20
5.0
  0
LWPOLYLINE
  5
FC
330
1B
100
AcDbEntity
 67
1
  8
R-RAMKA
370
35
100
AcDbPolyline
 90
2
 70
0
 10
547.0
 20
410.0
 10
547.0
 20
415.0
  0
LWPOLYLINE
  5
FD
330
1B
100
AcDbEntity
 67
1
  8
R-RAMKA
370
35
100
AcDbPolyline
 90
2
 70
0
 10
20.0
 20
60.0
 10
15.0
 20
60.0
  0
LWPOLYLINE
  5
FE
330
1B
100
AcDbEntity
 67
1
  8
R-RAMKA
370
35
100
AcDbPolyline
 90
2
 70
0
 10
584.0
 20
60.0
 10
589.0
 20
60.0
  0
LWPOLYLINE
  5
FF
330
1B
100
AcDbEntity
 67
1
  8
R-RAMKA
370
35
100
AcDbPolyline
 90
2
 70
0
 10
20.0
 20
110.0
 10
15.0
 20
110.0
  0
LWPOLYLINE
  5
100
330
1B
100
AcDbEntity
 67
1
  8
R-RAMKA
370
35
100
AcDbPolyline
 90
2
 70
0
 10
584.0
 20
110.0
 10
589.0
 20
110.0
  0
LWPOLYLINE
  5
101
330
1B
100
AcDbEntity
 67
1
  8
R-RAMKA
370
35
100
AcDbPolyline
 90
2
 70
0
 10
20.0
 20
160.0
 10
15.0
 20
160.0
  0
LWPOLYLINE
  5
102
330
1B
100
AcDbEntity
 67
1
  8
R-RAMKA
370
35
100
AcDbPolyline
 90
2
 70
0
 10
584.0
 20
160.0
 10
589.0
 20
160.0
  0
LWPOLYLINE
  5
103
330
1B
100
AcDbEntity
 67
1
  8
R-RAMKA
370
35
100
AcDbPolyline
 90
2
 70
0
 10
20.0
 20
210.0
 10
15.0
 20
210.0
  0
LWPOLYLINE
  5
104
330
1B
100
AcDbEntity
 67
1
  8
R-RAMKA
370
35
100
AcDbPolyline
 90
2
 70
0
 10
584.0
 20
210.0
 10
589.0
 20
210.0
  0
LWPOLYLINE
  5
105
330
1B
100
AcDbEntity
 67
1
  8
R-RAMKA
370
35
100
AcDbPolyline
 90
2
 70
0
 10
20.0
 20
260.0
 10
15.0
 20
260.0
  0
LWPOLYLINE
  5
106
330
1B
100
AcDbEntity
 67
1
  8
R-RAMKA
370
35
100
AcDbPolyline
 90
2
 70
0
 10
584.0
 20
260.0
 10
589.0
 20
260.0
  0
LWPOLYLINE
  5
107
330
1B
100
AcDbEntity
 67
1
  8
R-RAMKA
370
35
100
AcDbPolyline
 90
2
 70
0
 10
20.0
 20
310.0
 10
15.0
 20
310.0
  0
LWPOLYLINE
  5
108
330
1B
100
AcDbEntity
 67
1
  8
R-RAMKA
370
35
100
AcDbPolyline
 90
2
 70
0
 10
584.0
 20
310.0
 10
589.0
 20
310.0
  0
LWPOLYLINE
  5
109
330
1B
100
AcDbEntity
 67
1
  8
R-RAMKA
370
35
100
AcDbPolyline
 90
2
 70
0
 10
20.0
 20
360.0
 10
15.0
 20
360.0
  0
LWPOLYLINE
  5
10A
330
1B
100
AcDbEntity
 67
1
  8
R-RAMKA
370
35
100
AcDbPolyline
 90
2
 70
0
 10
584.0
 20
360.0
 10
589.0
 20
360.0
  0
LWPOLYLINE
  5
10B
330
1B
100
AcDbEntity
 67
1
  8
R-TABLICZKA
370
25
100
AcDbPolyline
 90
2
 70
0
 10
514.0
 20
91.0
 10
514.0
 20
103.0
  0
LWPOLYLINE
  5
10C
330
1B
100
AcDbEntity
 67
1
  8
R-TABLICZKA
370
25
100
AcDbPolyline
 90
2
 70
0
 10
539.0
 20
91.0
 10
539.0
 20
103.0
  0
LWPOLYLINE
  5
10D
330
1B
100
AcDbEntity
 67
1
  8
R-TABLICZKA
370
25
100
AcDbPolyline
 90
2
 70
0
 10
404.0
 20
91.0
 10
584.0
 20
91.0
  0
LWPOLYLINE
  5
10E
330
1B
100
AcDbEntity
 67
1
  8
R-TABLICZKA
370
18
100
AcDbPolyline
 90
2
 70
0
 10
404.0
 20
83.0
 10
584.0
 20
83.0
  0
LWPOLYLINE
  5
10F
330
1B
100
AcDbEntity
 67
1
  8
R-TABLICZKA
370
18
100
AcDbPolyline
 90
2
 70
0
 10
404.0
 20
72.5
 10
584.0
 20
72.5
  0
LWPOLYLINE
  5
110
330
1B
100
AcDbEntity
 67
1
  8
R-TABLICZKA
370
18
100
AcDbPolyline
 90
2
 70
0
 10
554.0
 20
63.5
 10
554.0
 20
72.5
  0
LWPOLYLINE
  5
111
330
1B
100
AcDbEntity
 67
1
  8
R-TABLICZKA
370
25
100
AcDbPolyline
 90
2
 70
0
 10
404.0
 20
63.5
 10
584.0
 20
63.5
  0
LWPOLYLINE
  5
112
330
1B
100
AcDbEntity
 67
1
  8
R-TABLICZKA
370
18
100
AcDbPolyline
 90
2
 70
0
 10
404.0
 20
59.0
 10
584.0
 20
59.0
  0
LWPOLYLINE
  5
113
330
1B
100
AcDbEntity
 67
1
  8
R-TABLICZKA
370
18
100
AcDbPolyline
 90
2
 70
0
 10
404.0
 20
52.0
 10
584.0
 20
52.0
  0
LWPOLYLINE
  5
114
330
1B
100
AcDbEntity
 67
1
  8
R-TABLICZKA
370
18
100
AcDbPolyline
 90
2
 70
0
 10
404.0
 20
45.0
 10
584.0
 20
45.0
  0
LWPOLYLINE
  5
115
330
1B
100
AcDbEntity
 67
1
  8
R-TABLICZKA
370
18
100
AcDbPolyline
 90
2
 70
0
 10
404.0
 20
38.0
 10
584.0
 20
38.0
  0
LWPOLYLINE
  5
116
330
1B
100
AcDbEntity
 67
1
  8
R-TABLICZKA
370
18
100
AcDbPolyline
 90
2
 70
0
 10
404.0
 20
31.0
 10
584.0
 20
31.0
  0
LWPOLYLINE
  5
117
330
1B
100
AcDbEntity
 67
1
  8
R-TABLICZKA
370
18
100
AcDbPolyline
 90
2
 70
0
 10
431.0
 20
31.0
 10
431.0
 20
63.5
  0
LWPOLYLINE
  5
118
330
1B
100
AcDbEntity
 67
1
  8
R-TABLICZKA
370
18
100
AcDbPolyline
 90
2
 70
0
 10
474.0
 20
31.0
 10
474.0
 20
63.5
  0
LWPOLYLINE
  5
119
330
1B
100
AcDbEntity
 67
1
  8
R-TABLICZKA
370
18
100
AcDbPolyline
 90
2
 70
0
 10
529.0
 20
31.0
 10
529.0
 20
63.5
  0
LWPOLYLINE
  5
11A
330
1B
100
AcDbEntity
 67
1
  8
R-TABLICZKA
370
18
100
AcDbPolyline
 90
2
 70
0
 10
549.0
 20
31.0
 10
549.0
 20
63.5
  0
LWPOLYLINE
  5
11B
330
1B
100
AcDbEntity
 67
1
  8
R-TABLICZKA
370
25
100
AcDbPolyline
 90
2
 70
0
 10
404.0
 20
31.0
 10
584.0
 20
31.0
  0
LWPOLYLINE
  5
11C
330
1B
100
AcDbEntity
 67
1
  8
R-TABLICZKA
370
25
100
AcDbPolyline
 90
2
 70
0
 10
404.0
 20
19.0
 10
584.0
 20
19.0
  0
LWPOLYLINE
  5
11D
330
1B
100
AcDbEntity
 67
1
  8
R-TABLICZKA
370
25
100
AcDbPolyline
 90
2
 70
0
 10
428.0
 20
10.0
 10
428.0
 20
19.0
  0
LWPOLYLINE
  5
11E
330
1B
100
AcDbEntity
 67
1
  8
R-TABLICZKA
370
25
100
AcDbPolyline
 90
2
 70
0
 10
444.0
 20
10.0
 10
444.0
 20
19.0
  0
LWPOLYLINE
  5
11F
330
1B
100
AcDbEntity
 67
1
  8
R-TABLICZKA
370
25
100
AcDbPolyline
 90
2
 70
0
 10
468.0
 20
10.0
 10
468.0
 20
19.0
  0
LWPOLYLINE
  5
120
330
1B
100
AcDbEntity
 67
1
  8
R-TABLICZKA
370
25
100
AcDbPolyline
 90
2
 70
0
 10
496.0
 20
10.0
 10
496.0
 20
19.0
  0
LWPOLYLINE
  5
121
330
1B
100
AcDbEntity
 67
1
  8
R-TABLICZKA
370
25
100
AcDbPolyline
 90
2
 70
0
 10
548.0
 20
10.0
 10
548.0
 20
19.0
  0
LWPOLYLINE
  5
122
330
1B
100
AcDbEntity
 67
1
  8
R-TABLICZKA
370
25
100
AcDbPolyline
 90
2
 70
0
 10
566.0
 20
10.0
 10
566.0
 20
19.0
  0
LWPOLYLINE
  5
123
330
1B
100
AcDbEntity
 67
1
  8
R-TABLICZKA
370
50
100
AcDbPolyline
 90
4
 70
1
 10
404.0
 20
10.0
 10
584.0
 20
10.0
 10
584.0
 20
103.0
 10
404.0
 20
103.0
  0
LWPOLYLINE
  5
124
330
1B
100
AcDbEntity
 67
1
  8
R-TABLICZKA
370
18
100
AcDbPolyline
 90
2
 70
0
 10
404.0
 20
108.0
 10
584.0
 20
108.0
  0
LWPOLYLINE
  5
125
330
1B
100
AcDbEntity
 67
1
  8
R-TABLICZKA
370
18
100
AcDbPolyline
 90
2
 70
0
 10
404.0
 20
113.0
 10
584.0
 20
113.0
  0
LWPOLYLINE
  5
126
330
1B
100
AcDbEntity
 67
1
  8
R-TABLICZKA
370
18
100
AcDbPolyline
 90
2
 70
0
 10
422.0
 20
103.0
 10
422.0
 20
113.0
  0
LWPOLYLINE
  5
127
330
1B
100
AcDbEntity
 67
1
  8
R-TABLICZKA
370
18
100
AcDbPolyline
 90
2
 70
0
 10
544.0
 20
103.0
 10
544.0
 20
113.0
  0
LWPOLYLINE
  5
128
330
1B
100
AcDbEntity
 67
1
  8
R-TABLICZKA
370
25
100
AcDbPolyline
 90
4
 70
1
 10
404.0
 20
103.0
 10
584.0
 20
103.0
 10
584.0
 20
113.0
 10
404.0
 20
113.0
  0
TEXT
  5
129
330
1B
100
AcDbEntity
 67
1
  8
R-OPISY
100
AcDbText
 10
31.477379059731987
 20
88.65299999999989
 30
0.0
 40
5.0
  1
ELEWACJA ZACHODNIA
  7
PL_ARIAL_B
 11
31.477379059731987
 21
88.65299999999989
 31
0.0
100
AcDbText
  0
TEXT
  5
12A
330
1B
100
AcDbEntity
 67
1
  8
R-OPISY
100
AcDbText
 10
120.21210538269361
 20
88.65299999999989
 30
0.0
 40
3.5
  1
1:50
  7
PL_ARIAL
 11
120.21210538269361
 21
88.65299999999989
 31
0.0
100
AcDbText
  0
TEXT
  5
12B
330
1B
100
AcDbEntity
 67
1
  8
R-LEGENDA
100
AcDbText
 10
404.0
 20
403.5
 30
0.0
 40
3.5
  1
KOLORYSTYKA I MATERIAŁY ELEWACJI
  7
PL_ARIAL_B
 11
404.0
 21
403.5
 31
0.0
100
AcDbText
  0
TEXT
  5
12C
330
1B
100
AcDbEntity
 67
1
  8
R-LEGENDA
100
AcDbText
 10
427.0
 20
399.3
 30
0.0
 40
1.8
  1
ETICS: warstwa zbrojona + tynk silikonowy 1,5 mm (biały / jasnoszary NCS S 1500-N) [TYNK_SIL]
  7
PL_ARIAL
 11
427.0
 21
399.3
 31
0.0
100
AcDbText
  0
TEXT
  5
12D
330
1B
100
AcDbEntity
 67
1
  8
R-LEGENDA
420
5263440
100
AcDbText
 10
573.9995457642516
 20
399.3
 30
0.0
 40
1.8
  1
#f5f4f0
  7
PL_ARIAL
 11
573.9995457642516
 21
399.3
 31
0.0
100
AcDbText
  0
TEXT
  5
12E
330
1B
100
AcDbEntity
 67
1
  8
R-LEGENDA
100
AcDbText
 10
427.0
 20
393.3
 30
0.0
 40
1.8
  1
Szkło (szyby zespolone) [SZKLO]
  7
PL_ARIAL
 11
427.0
 21
393.3
 31
0.0
100
AcDbText
  0
TEXT
  5
12F
330
1B
100
AcDbEntity
 67
1
  8
R-LEGENDA
420
5263440
100
AcDbText
 10
572.1087894617307
 20
393.3
 30
0.0
 40
1.8
  1
#a9c3cd
  7
PL_ARIAL
 11
572.1087894617307
 21
393.3
 31
0.0
100
AcDbText
  0
TEXT
  5
130
330
1B
100
AcDbEntity
 67
1
  8
R-LEGENDA
100
AcDbText
 10
427.0
 20
387.3
 30
0.0
 40
1.8
  1
Żelbet C30/37 XC4/XF1 (krawędzie płyt wysuniętych, attyki, belki) [ZB_C30]
  7
PL_ARIAL
 11
427.0
 21
387.3
 31
0.0
100
AcDbText
  0
TEXT
  5
131
330
1B
100
AcDbEntity
 67
1
  8
R-LEGENDA
420
5263440
100
AcDbText
 10
571.8152623211447
 20
387.3
 30
0.0
 40
1.8
  1
#b4b1a9
  7
PL_ARIAL
 11
571.8152623211447
 21
387.3
 31
0.0
100
AcDbText
  0
TEXT
  5
132
330
1B
100
AcDbEntity
 67
1
  8
R-LEGENDA
100
AcDbText
 10
427.0
 20
381.3
 30
0.0
 40
1.8
  1
Membrana fasadowa wiatroizolacyjna UV-stabilna, czarna (sd ≈ 0,02 m) [MEMB_WIATR]
  7
PL_ARIAL
 11
427.0
 21
381.3
 31
0.0
100
AcDbText
  0
TEXT
  5
133
330
1B
100
AcDbEntity
 67
1
  8
R-LEGENDA
420
5263440
100
AcDbText
 10
571.8152623211447
 20
381.3
 30
0.0
 40
1.8
  1
#1d1d1d
  7
PL_ARIAL
 11
571.8152623211447
 21
381.3
 31
0.0
100
AcDbText
  0
TEXT
  5
134
330
1B
100
AcDbEntity
 67
1
  8
R-LEGENDA
100
AcDbText
 10
427.0
 20
375.3
 30
0.0
 40
1.8
  1
Lamele elewacyjne 40×80 mm, drewno termojesion (klasa 1 trwałości), olejowane [DREWNO_TERMO]
  7
PL_ARIAL
 11
427.0
 21
375.3
 31
0.0
100
AcDbText
  0
TEXT
  5
135
330
1B
100
AcDbEntity
 67
1
  8
R-LEGENDA
420
5263440
100
AcDbText
 10
571.8152623211447
 20
375.3
 30
0.0
 40
1.8
  1
#9b6b41
  7
PL_ARIAL
 11
571.8152623211447
 21
375.3
 31
0.0
100
AcDbText
  0
TEXT
  5
136
330
1B
100
AcDbEntity
 67
1
  8
R-LEGENDA
100
AcDbText
 10
427.0
 20
369.3
 30
0.0
 40
1.8
  1
Stolarka — profile aluminiowe, antracyt [RAMA_ALU]
  7
PL_ARIAL
 11
427.0
 21
369.3
 31
0.0
100
AcDbText
  0
TEXT
  5
137
330
1B
100
AcDbEntity
 67
1
  8
R-LEGENDA
420
5263440
100
AcDbText
 10
572.5433568021804
 20
369.3
 30
0.0
 40
1.8
  1
#2b2f33
  7
PL_ARIAL
 11
572.5433568021804
 21
369.3
 31
0.0
100
AcDbText
  0
TEXT
  5
138
330
1B
100
AcDbEntity
 67
1
  8
R-LEGENDA
100
AcDbText
 10
427.0
 20
363.3
 30
0.0
 40
1.8
  1
Podbudowa nawierzchni (kruszywo) [NAW_PODBUDOWA]
  7
PL_ARIAL
 11
427.0
 21
363.3
 31
0.0
100
AcDbText
  0
TEXT
  5
139
330
1B
100
AcDbEntity
 67
1
  8
R-LEGENDA
420
5263440
100
AcDbText
 10
571.8152623211447
 20
363.3
 30
0.0
 40
1.8
  1
#8d877d
  7
PL_ARIAL
 11
571.8152623211447
 21
363.3
 31
0.0
100
AcDbText
  0
TEXT
  5
13A
330
1B
100
AcDbEntity
 67
1
  8
R-LEGENDA
100
AcDbText
 10
427.0
 20
357.3
 30
0.0
 40
1.8
  1
Rama boksu C: ruszt stalowy ocynkowany w okładzinie z blachy aluminiowej RAL 7016 (pusta w środku)
  7
PL_ARIAL
 11
427.0
 21
357.3
 31
0.0
100
AcDbText
  0
TEXT
  5
13B
330
1B
100
AcDbEntity
 67
1
  8
R-LEGENDA
100
AcDbText
 10
427.0
 20
354.7
 30
0.0
 40
1.8
  1
[RAMA_C]
  7
PL_ARIAL
 11
427.0
 21
354.7
 31
0.0
100
AcDbText
  0
TEXT
  5
13C
330
1B
100
AcDbEntity
 67
1
  8
R-LEGENDA
420
5263440
100
AcDbText
 10
571.8152623211447
 20
357.3
 30
0.0
 40
1.8
  1
#3b4044
  7
PL_ARIAL
 11
571.8152623211447
 21
357.3
 31
0.0
100
AcDbText
  0
TEXT
  5
13D
330
1B
100
AcDbEntity
 67
1
  8
R-LEGENDA
100
AcDbText
 10
427.0
 20
350.1
 30
0.0
 40
1.8
  1
Obróbki blacharskie (blacha powlekana) [OBROBKA_BLACH]
  7
PL_ARIAL
 11
427.0
 21
350.1
 31
0.0
100
AcDbText
  0
TEXT
  5
13E
330
1B
100
AcDbEntity
 67
1
  8
R-LEGENDA
420
5263440
100
AcDbText
 10
572.5433568021804
 20
350.1
 30
0.0
 40
1.8
  1
#3b3f43
  7
PL_ARIAL
 11
572.5433568021804
 21
350.1
 31
0.0
100
AcDbText
  0
TEXT
  5
13F
330
1B
100
AcDbEntity
 67
1
  8
R-LEGENDA
100
AcDbText
 10
427.0
 20
344.1
 30
0.0
 40
1.8
  1
Stal malowana proszkowo (balustrady, rygle) [STAL_BAL]
  7
PL_ARIAL
 11
427.0
 21
344.1
 31
0.0
100
AcDbText
  0
TEXT
  5
140
330
1B
100
AcDbEntity
 67
1
  8
R-LEGENDA
420
5263440
100
AcDbText
 10
571.9620258914376
 20
344.1
 30
0.0
 40
1.8
  1
#2c3034
  7
PL_ARIAL
 11
571.9620258914376
 21
344.1
 31
0.0
100
AcDbText
  0
TEXT
  5
141
330
1B
100
AcDbEntity
 67
1
  8
R-LEGENDA
100
AcDbText
 10
427.0
 20
338.1
 30
0.0
 40
1.8
  1
Styropian grafitowy EPS 031 (ETICS, NRO w systemie) [EPS031]
  7
PL_ARIAL
 11
427.0
 21
338.1
 31
0.0
100
AcDbText
  0
TEXT
  5
142
330
1B
100
AcDbEntity
 67
1
  8
R-LEGENDA
420
5263440
100
AcDbText
 10
572.5433568021804
 20
338.1
 30
0.0
 40
1.8
  1
#8f9296
  7
PL_ARIAL
 11
572.5433568021804
 21
338.1
 31
0.0
100
AcDbText
  0
TEXT
  5
143
330
1B
100
AcDbEntity
 67
1
  8
R-LEGENDA
100
AcDbText
 10
427.0
 20
332.1
 30
0.0
 40
1.8
  1
Wełna mineralna fasadowa (elewacja wentylowana bryły A, A1) [WELNA_FAS]
  7
PL_ARIAL
 11
427.0
 21
332.1
 31
0.0
100
AcDbText
  0
TEXT
  5
144
330
1B
100
AcDbEntity
 67
1
  8
R-LEGENDA
420
5263440
100
AcDbText
 10
571.8152623211447
 20
332.1
 30
0.0
 40
1.8
  1
#e7d9a2
  7
PL_ARIAL
 11
571.8152623211447
 21
332.1
 31
0.0
100
AcDbText
  0
TEXT
  5
145
330
1B
100
AcDbEntity
 67
1
  8
R-LEGENDA
100
AcDbText
 10
427.0
 20
326.1
 30
0.0
 40
1.8
  1
Deska tarasowa [NAW_DESKA]
  7
PL_ARIAL
 11
427.0
 21
326.1
 31
0.0
100
AcDbText
  0
TEXT
  5
146
330
1B
100
AcDbEntity
 67
1
  8
R-LEGENDA
420
5263440
100
AcDbText
 10
571.8152623211447
 20
326.1
 30
0.0
 40
1.8
  1
#6d5847
  7
PL_ARIAL
 11
571.8152623211447
 21
326.1
 31
0.0
100
AcDbText
  0
TEXT
  5
147
330
1B
100
AcDbEntity
 67
1
  8
R-OPISY
100
AcDbText
 10
406.0
 20
309.8
 30
0.0
 40
3.5
  1
OBJAŚNIENIA I UWAGI
  7
PL_ARIAL_B
 11
406.0
 21
309.8
 31
0.0
100
AcDbText
  0
TEXT
  5
148
330
1B
100
AcDbEntity
 67
1
  8
R-OPISY
100
AcDbText
 10
406.0
 20
303.5
 30
0.0
 40
1.8
  1
1. 
  7
PL_ARIAL
 11
406.0
 21
303.5
 31
0.0
100
AcDbText
  0
TEXT
  5
149
330
1B
100
AcDbEntity
 67
1
  8
R-OPISY
100
AcDbText
 10
408.90869861458094
 20
303.5
 30
0.0
 40
1.8
  1
Wymiary w cm (mm w indeksie górnym, np. 24⁵ = 24,5 cm), rzędne w m względem ±0,000 = 101,650 m n.p.m. (PL-EVRF2007-NH).
  7
PL_ARIAL
 11
408.90869861458094
 21
303.5
 31
0.0
100
AcDbText
  0
TEXT
  5
14A
330
1B
100
AcDbEntity
 67
1
  8
R-OPISY
100
AcDbText
 10
406.0
 20
300.08
 30
0.0
 40
1.8
  1
2. 
  7
PL_ARIAL
 11
406.0
 21
300.08
 31
0.0
100
AcDbText
  0
TEXT
  5
14B
330
1B
100
AcDbEntity
 67
1
  8
R-OPISY
100
AcDbText
 10
408.90869861458094
 20
300.08
 30
0.0
 40
1.8
  1
Rzędne: trójkąt zaczerniony — poziom wykończenia, niezaczerniony — konstrukcji, w połowie zaczerniony — poziom ±0,000 z rzędną bezwzględną
  7
PL_ARIAL
 11
408.90869861458094
 21
300.08
 31
0.0
100
AcDbText
  0
TEXT
  5
14C
330
1B
100
AcDbEntity
 67
1
  8
R-OPISY
100
AcDbText
 10
408.90869861458094
 20
297.2
 30
0.0
 40
1.8
  1
(PN-B-01025).
  7
PL_ARIAL
 11
408.90869861458094
 21
297.2
 31
0.0
100
AcDbText
  0
TEXT
  5
14D
330
1B
100
AcDbEntity
 67
1
  8
R-OPISY
100
AcDbText
 10
406.0
 20
293.78
 30
0.0
 40
1.8
  1
3. 
  7
PL_ARIAL
 11
406.0
 21
293.78
 31
0.0
100
AcDbText
  0
TEXT
  5
14E
330
1B
100
AcDbEntity
 67
1
  8
R-OPISY
100
AcDbText
 10
408.90869861458094
 20
293.78
 30
0.0
 40
1.8
  1
Wysokość budynku wg § 6 WT: od terenu przy najniżej położonym wejściu (−0,267) do wierzchu stropodachu D1 (+9,526) — H = 9,79 m (bez attyk).
  7
PL_ARIAL
 11
408.90869861458094
 21
293.78
 31
0.0
100
AcDbText
  0
TEXT
  5
14F
330
1B
100
AcDbEntity
 67
1
  8
R-OPISY
100
AcDbText
 10
406.0
 20
290.35999999999996
 30
0.0
 40
1.8
  1
4. 
  7
PL_ARIAL
 11
406.0
 21
290.35999999999996
 31
0.0
100
AcDbText
  0
TEXT
  5
150
330
1B
100
AcDbEntity
 67
1
  8
R-OPISY
100
AcDbText
 10
408.90869861458094
 20
290.35999999999996
 30
0.0
 40
1.8
  1
Kolorystyka orientacyjna wg kolorów materiałów w modelu (do potwierdzenia wzornikiem RAL/NCS).
  7
PL_ARIAL
 11
408.90869861458094
 21
290.35999999999996
 31
0.0
100
AcDbText
  0
TEXT
  5
151
330
1B
100
AcDbEntity
 67
1
  8
R-OPISY
100
AcDbText
 10
406.0
 20
286.93999999999994
 30
0.0
 40
1.8
  1
5. 
  7
PL_ARIAL
 11
406.0
 21
286.93999999999994
 31
0.0
100
AcDbText
  0
TEXT
  5
152
330
1B
100
AcDbEntity
 67
1
  8
R-OPISY
100
AcDbText
 10
408.90869861458094
 20
286.93999999999994
 30
0.0
 40
1.8
  1
Rysunek wygenerowany automatycznie z modelu /home/user/aihouse/model/budynek.yaml (wersja 1.0, 2026-09-25) — generatory lamela.views.
  7
PL_ARIAL
 11
408.90869861458094
 21
286.93999999999994
 31
0.0
100
AcDbText
  0
TEXT
  5
153
330
1B
100
AcDbEntity
 67
1
  8
R-OPISY
100
AcDbText
 10
407.27251873722463
 20
273.73999999999995
 30
0.0
 40
1.8
  1
1
  7
PL_ARIAL
 11
407.27251873722463
 21
273.73999999999995
 31
0.0
100
AcDbText
  0
TEXT
  5
154
330
1B
100
AcDbEntity
 67
1
  8
R-OPISY
100
AcDbText
 10
427.27251873722463
 20
273.73999999999995
 30
0.0
 40
1.8
  1
0
  7
PL_ARIAL
 11
427.27251873722463
 21
273.73999999999995
 31
0.0
100
AcDbText
  0
TEXT
  5
155
330
1B
100
AcDbEntity
 67
1
  8
R-OPISY
100
AcDbText
 10
447.27251873722463
 20
273.73999999999995
 30
0.0
 40
1.8
  1
1
  7
PL_ARIAL
 11
447.27251873722463
 21
273.73999999999995
 31
0.0
100
AcDbText
  0
TEXT
  5
156
330
1B
100
AcDbEntity
 67
1
  8
R-OPISY
100
AcDbText
 10
467.27251873722463
 20
273.73999999999995
 30
0.0
 40
1.8
  1
2
  7
PL_ARIAL
 11
467.27251873722463
 21
273.73999999999995
 31
0.0
100
AcDbText
  0
TEXT
  5
157
330
1B
100
AcDbEntity
 67
1
  8
R-OPISY
100
AcDbText
 10
487.27251873722463
 20
273.73999999999995
 30
0.0
 40
1.8
  1
3
  7
PL_ARIAL
 11
487.27251873722463
 21
273.73999999999995
 31
0.0
100
AcDbText
  0
TEXT
  5
158
330
1B
100
AcDbEntity
 67
1
  8
R-OPISY
100
AcDbText
 10
507.27251873722463
 20
273.73999999999995
 30
0.0
 40
1.8
  1
4
  7
PL_ARIAL
 11
507.27251873722463
 21
273.73999999999995
 31
0.0
100
AcDbText
  0
TEXT
  5
159
330
1B
100
AcDbEntity
 67
1
  8
R-OPISY
100
AcDbText
 10
527.2725187372246
 20
273.73999999999995
 30
0.0
 40
1.8
  1
5
  7
PL_ARIAL
 11
527.2725187372246
 21
273.73999999999995
 31
0.0
100
AcDbText
  0
TEXT
  5
15A
330
1B
100
AcDbEntity
 67
1
  8
R-OPISY
100
AcDbText
 10
530.0
 20
271.13999999999993
 30
0.0
 40
1.8
  1
m
  7
PL_ARIAL
 11
530.0
 21
271.13999999999993
 31
0.0
100
AcDbText
  0
TEXT
  5
15B
330
1B
100
AcDbEntity
 67
1
  8
R-OPISY
100
AcDbText
 10
408.0
 20
268.13999999999993
 30
0.0
 40
1.8
  1
PODZIAŁKA 1:50
  7
PL_ARIAL_B
 11
408.0
 21
268.13999999999993
 31
0.0
100
AcDbText
  0
TEXT
  5
15C
330
1B
100
AcDbEntity
 67
1
  8
R-OPISY
100
AcDbText
 10
12.8
 20
119.5
 30
0.0
 40
1.8
  1
odcinek kontrolny 100 mm (wydruk 1:1)
 50
90.0
  7
PL_ARIAL
 11
12.8
 21
119.5
 31
0.0
100
AcDbText
  0
TEXT
  5
15D
330
1B
100
AcDbEntity
 67
1
  8
R-RAMKA
100
AcDbText
 10
32.08545310015898
 20
413.25
 30
0.0
 40
3.5
  1
1
  7
PL_ARIAL
 11
32.08545310015898
 21
413.25
 31
0.0
100
AcDbText
  0
TEXT
  5
15E
330
1B
100
AcDbEntity
 67
1
  8
R-RAMKA
100
AcDbText
 10
32.08545310015898
 20
3.25
 30
0.0
 40
3.5
  1
1
  7
PL_ARIAL
 11
32.08545310015898
 21
3.25
 31
0.0
100
AcDbText
  0
TEXT
  5
15F
330
1B
100
AcDbEntity
 67
1
  8
R-RAMKA
100
AcDbText
 10
70.58545310015899
 20
413.25
 30
0.0
 40
3.5
  1
2
  7
PL_ARIAL
 11
70.58545310015899
 21
413.25
 31
0.0
100
AcDbText
  0
TEXT
  5
160
330
1B
100
AcDbEntity
 67
1
  8
R-RAMKA
100
AcDbText
 10
70.58545310015899
 20
3.25
 30
0.0
 40
3.5
  1
2
  7
PL_ARIAL
 11
70.58545310015899
 21
3.25
 31
0.0
100
AcDbText
  0
TEXT
  5
161
330
1B
100
AcDbEntity
 67
1
  8
R-RAMKA
100
AcDbText
 10
120.58545310015899
 20
413.25
 30
0.0
 40
3.5
  1
3
  7
PL_ARIAL
 11
120.58545310015899
 21
413.25
 31
0.0
100
AcDbText
  0
TEXT
  5
162
330
1B
100
AcDbEntity
 67
1
  8
R-RAMKA
100
AcDbText
 10
120.58545310015899
 20
3.25
 30
0.0
 40
3.5
  1
3
  7
PL_ARIAL
 11
120.58545310015899
 21
3.25
 31
0.0
100
AcDbText
  0
TEXT
  5
163
330
1B
100
AcDbEntity
 67
1
  8
R-RAMKA
100
AcDbText
 10
170.585453100159
 20
413.25
 30
0.0
 40
3.5
  1
4
  7
PL_ARIAL
 11
170.585453100159
 21
413.25
 31
0.0
100
AcDbText
  0
TEXT
  5
164
330
1B
100
AcDbEntity
 67
1
  8
R-RAMKA
100
AcDbText
 10
170.585453100159
 20
3.25
 30
0.0
 40
3.5
  1
4
  7
PL_ARIAL
 11
170.585453100159
 21
3.25
 31
0.0
100
AcDbText
  0
TEXT
  5
165
330
1B
100
AcDbEntity
 67
1
  8
R-RAMKA
100
AcDbText
 10
220.585453100159
 20
413.25
 30
0.0
 40
3.5
  1
5
  7
PL_ARIAL
 11
220.585453100159
 21
413.25
 31
0.0
100
AcDbText
  0
TEXT
  5
166
330
1B
100
AcDbEntity
 67
1
  8
R-RAMKA
100
AcDbText
 10
220.585453100159
 20
3.25
 30
0.0
 40
3.5
  1
5
  7
PL_ARIAL
 11
220.585453100159
 21
3.25
 31
0.0
100
AcDbText
  0
TEXT
  5
167
330
1B
100
AcDbEntity
 67
1
  8
R-RAMKA
100
AcDbText
 10
270.585453100159
 20
413.25
 30
0.0
 40
3.5
  1
6
  7
PL_ARIAL
 11
270.585453100159
 21
413.25
 31
0.0
100
AcDbText
  0
TEXT
  5
168
330
1B
100
AcDbEntity
 67
1
  8
R-RAMKA
100
AcDbText
 10
270.585453100159
 20
3.25
 30
0.0
 40
3.5
  1
6
  7
PL_ARIAL
 11
270.585453100159
 21
3.25
 31
0.0
100
AcDbText
  0
TEXT
  5
169
330
1B
100
AcDbEntity
 67
1
  8
R-RAMKA
100
AcDbText
 10
320.585453100159
 20
413.25
 30
0.0
 40
3.5
  1
7
  7
PL_ARIAL
 11
320.585453100159
 21
413.25
 31
0.0
100
AcDbText
  0
TEXT
  5
16A
330
1B
100
AcDbEntity
 67
1
  8
R-RAMKA
100
AcDbText
 10
320.585453100159
 20
3.25
 30
0.0
 40
3.5
  1
7
  7
PL_ARIAL
 11
320.585453100159
 21
3.25
 31
0.0
100
AcDbText
  0
TEXT
  5
16B
330
1B
100
AcDbEntity
 67
1
  8
R-RAMKA
100
AcDbText
 10
370.585453100159
 20
413.25
 30
0.0
 40
3.5
  1
8
  7
PL_ARIAL
 11
370.585453100159
 21
413.25
 31
0.0
100
AcDbText
  0
TEXT
  5
16C
330
1B
100
AcDbEntity
 67
1
  8
R-RAMKA
100
AcDbText
 10
370.585453100159
 20
3.25
 30
0.0
 40
3.5
  1
8
  7
PL_ARIAL
 11
370.585453100159
 21
3.25
 31
0.0
100
AcDbText
  0
TEXT
  5
16D
330
1B
100
AcDbEntity
 67
1
  8
R-RAMKA
100
AcDbText
 10
420.585453100159
 20
413.25
 30
0.0
 40
3.5
  1
9
  7
PL_ARIAL
 11
420.585453100159
 21
413.25
 31
0.0
100
AcDbText
  0
TEXT
  5
16E
330
1B
100
AcDbEntity
 67
1
  8
R-RAMKA
100
AcDbText
 10
420.585453100159
 20
3.25
 30
0.0
 40
3.5
  1
9
  7
PL_ARIAL
 11
420.585453100159
 21
3.25
 31
0.0
100
AcDbText
  0
TEXT
  5
16F
330
1B
100
AcDbEntity
 67
1
  8
R-RAMKA
100
AcDbText
 10
469.170906200318
 20
413.25
 30
0.0
 40
3.5
  1
10
  7
PL_ARIAL
 11
469.170906200318
 21
413.25
 31
0.0
100
AcDbText
  0
TEXT
  5
170
330
1B
100
AcDbEntity
 67
1
  8
R-RAMKA
100
AcDbText
 10
469.170906200318
 20
3.25
 30
0.0
 40
3.5
  1
10
  7
PL_ARIAL
 11
469.170906200318
 21
3.25
 31
0.0
100
AcDbText
  0
TEXT
  5
171
330
1B
100
AcDbEntity
 67
1
  8
R-RAMKA
100
AcDbText
 10
519.3596979332274
 20
413.25
 30
0.0
 40
3.5
  1
11
  7
PL_ARIAL
 11
519.3596979332274
 21
413.25
 31
0.0
100
AcDbText
  0
TEXT
  5
172
330
1B
100
AcDbEntity
 67
1
  8
R-RAMKA
100
AcDbText
 10
519.3596979332274
 20
3.25
 30
0.0
 40
3.5
  1
11
  7
PL_ARIAL
 11
519.3596979332274
 21
3.25
 31
0.0
100
AcDbText
  0
TEXT
  5
173
330
1B
100
AcDbEntity
 67
1
  8
R-RAMKA
100
AcDbText
 10
562.670906200318
 20
413.25
 30
0.0
 40
3.5
  1
12
  7
PL_ARIAL
 11
562.670906200318
 21
413.25
 31
0.0
100
AcDbText
  0
TEXT
  5
174
330
1B
100
AcDbEntity
 67
1
  8
R-RAMKA
100
AcDbText
 10
562.670906200318
 20
3.25
 30
0.0
 40
3.5
  1
12
  7
PL_ARIAL
 11
562.670906200318
 21
3.25
 31
0.0
100
AcDbText
  0
TEXT
  5
175
330
1B
100
AcDbEntity
 67
1
  8
R-RAMKA
100
AcDbText
 10
587.3032591414944
 20
383.25
 30
0.0
 40
3.5
  1
A
  7
PL_ARIAL
 11
587.3032591414944
 21
383.25
 31
0.0
100
AcDbText
  0
TEXT
  5
176
330
1B
100
AcDbEntity
 67
1
  8
R-RAMKA
100
AcDbText
 10
13.303259141494436
 20
383.25
 30
0.0
 40
3.5
  1
A
  7
PL_ARIAL
 11
13.303259141494436
 21
383.25
 31
0.0
100
AcDbText
  0
TEXT
  5
177
330
1B
100
AcDbEntity
 67
1
  8
R-RAMKA
100
AcDbText
 10
587.3032591414944
 20
333.25
 30
0.0
 40
3.5
  1
B
  7
PL_ARIAL
 11
587.3032591414944
 21
333.25
 31
0.0
100
AcDbText
  0
TEXT
  5
178
330
1B
100
AcDbEntity
 67
1
  8
R-RAMKA
100
AcDbText
 10
13.303259141494436
 20
333.25
 30
0.0
 40
3.5
  1
B
  7
PL_ARIAL
 11
13.303259141494436
 21
333.25
 31
0.0
100
AcDbText
  0
TEXT
  5
179
330
1B
100
AcDbEntity
 67
1
  8
R-RAMKA
100
AcDbText
 10
587.1629570747218
 20
283.25
 30
0.0
 40
3.5
  1
C
  7
PL_ARIAL
 11
587.1629570747218
 21
283.25
 31
0.0
100
AcDbText
  0
TEXT
  5
17A
330
1B
100
AcDbEntity
 67
1
  8
R-RAMKA
100
AcDbText
 10
13.162957074721781
 20
283.25
 30
0.0
 40
3.5
  1
C
  7
PL_ARIAL
 11
13.162957074721781
 21
283.25
 31
0.0
100
AcDbText
  0
TEXT
  5
17B
330
1B
100
AcDbEntity
 67
1
  8
R-RAMKA
100
AcDbText
 10
587.1629570747218
 20
233.25
 30
0.0
 40
3.5
  1
D
  7
PL_ARIAL
 11
587.1629570747218
 21
233.25
 31
0.0
100
AcDbText
  0
TEXT
  5
17C
330
1B
100
AcDbEntity
 67
1
  8
R-RAMKA
100
AcDbText
 10
13.162957074721781
 20
233.25
 30
0.0
 40
3.5
  1
D
  7
PL_ARIAL
 11
13.162957074721781
 21
233.25
 31
0.0
100
AcDbText
  0
TEXT
  5
17D
330
1B
100
AcDbEntity
 67
1
  8
R-RAMKA
100
AcDbText
 10
587.3032591414944
 20
183.25
 30
0.0
 40
3.5
  1
E
  7
PL_ARIAL
 11
587.3032591414944
 21
183.25
 31
0.0
100
AcDbText
  0
TEXT
  5
17E
330
1B
100
AcDbEntity
 67
1
  8
R-RAMKA
100
AcDbText
 10
13.303259141494436
 20
183.25
 30
0.0
 40
3.5
  1
E
  7
PL_ARIAL
 11
13.303259141494436
 21
183.25
 31
0.0
100
AcDbText
  0
TEXT
  5
17F
330
1B
100
AcDbEntity
 67
1
  8
R-RAMKA
100
AcDbText
 10
587.4463434022258
 20
133.25
 30
0.0
 40
3.5
  1
F
  7
PL_ARIAL
 11
587.4463434022258
 21
133.25
 31
0.0
100
AcDbText
  0
TEXT
  5
180
330
1B
100
AcDbEntity
 67
1
  8
R-RAMKA
100
AcDbText
 10
13.446343402225756
 20
133.25
 30
0.0
 40
3.5
  1
F
  7
PL_ARIAL
 11
13.446343402225756
 21
133.25
 31
0.0
100
AcDbText
  0
TEXT
  5
181
330
1B
100
AcDbEntity
 67
1
  8
R-RAMKA
100
AcDbText
 10
587.0214626391097
 20
83.25
 30
0.0
 40
3.5
  1
G
  7
PL_ARIAL
 11
587.0214626391097
 21
83.25
 31
0.0
100
AcDbText
  0
TEXT
  5
182
330
1B
100
AcDbEntity
 67
1
  8
R-RAMKA
100
AcDbText
 10
13.021462639109698
 20
83.25
 30
0.0
 40
3.5
  1
G
  7
PL_ARIAL
 11
13.021462639109698
 21
83.25
 31
0.0
100
AcDbText
  0
TEXT
  5
183
330
1B
100
AcDbEntity
 67
1
  8
R-RAMKA
100
AcDbText
 10
587.1629570747218
 20
33.25
 30
0.0
 40
3.5
  1
H
  7
PL_ARIAL
 11
587.1629570747218
 21
33.25
 31
0.0
100
AcDbText
  0
TEXT
  5
184
330
1B
100
AcDbEntity
 67
1
  8
R-RAMKA
100
AcDbText
 10
13.162957074721781
 20
33.25
 30
0.0
 40
3.5
  1
H
  7
PL_ARIAL
 11
13.162957074721781
 21
33.25
 31
0.0
100
AcDbText
  0
TEXT
  5
185
330
1B
100
AcDbEntity
 67
1
  8
R-RAMKA
100
AcDbText
 10
568.0726777197366
 20
4.1
 30
0.0
 40
1.8
  1
A2 (594×420)
  7
PL_ARIAL
 11
568.0726777197366
 21
4.1
 31
0.0
100
AcDbText
  0
TEXT
  5
186
330
1B
100
AcDbEntity
 67
1
  8
R-TABLICZKA
100
AcDbText
 10
405.2
 20
100.0
 30
0.0
 40
1.8
  1
PRACOWNIA PROJEKTOWA
  7
PL_ARIAL
 11
405.2
 21
100.0
 31
0.0
100
AcDbText
  0
TEXT
  5
187
330
1B
100
AcDbEntity
 67
1
  8
R-TABLICZKA
100
AcDbText
 10
405.2
 20
96.1
 30
0.0
 40
2.5
  1
PRACOWNIA PROJEKTOWA — nazwa do uzupełnienia
  7
PL_ARIAL_B
 11
405.2
 21
96.1
 31
0.0
100
AcDbText
  0
TEXT
  5
188
330
1B
100
AcDbEntity
 67
1
  8
R-TABLICZKA
100
AcDbText
 10
405.2
 20
92.4
 30
0.0
 40
1.8
  1
adres pracowni do uzupełnienia
  7
PL_ARIAL
 11
405.2
 21
92.4
 31
0.0
100
AcDbText
  0
TEXT
  5
189
330
1B
100
AcDbEntity
 67
1
  8
R-TABLICZKA
100
AcDbText
 10
515.2
 20
100.0
 30
0.0
 40
1.8
  1
STADIUM
  7
PL_ARIAL
 11
515.2
 21
100.0
 31
0.0
100
AcDbText
  0
TEXT
  5
18A
330
1B
100
AcDbEntity
 67
1
  8
R-TABLICZKA
100
AcDbText
 10
521.4517374517375
 20
93.5
 30
0.0
 40
5.0
  1
PB
  7
PL_ARIAL_B
 11
521.4517374517375
 21
93.5
 31
0.0
100
AcDbText
  0
TEXT
  5
18B
330
1B
100
AcDbEntity
 67
1
  8
R-TABLICZKA
100
AcDbText
 10
540.2
 20
100.0
 30
0.0
 40
1.8
  1
BRANŻA
  7
PL_ARIAL
 11
540.2
 21
100.0
 31
0.0
100
AcDbText
  0
TEXT
  5
18C
330
1B
100
AcDbEntity
 67
1
  8
R-TABLICZKA
100
AcDbText
 10
540.2
 20
94.44999999999999
 30
0.0
 40
2.5
  1
ARCHITEKTURA (AR)
  7
PL_ARIAL_B
 11
540.2
 21
94.44999999999999
 31
0.0
100
AcDbText
  0
TEXT
  5
18D
330
1B
100
AcDbEntity
 67
1
  8
R-TABLICZKA
100
AcDbText
 10
405.2
 20
88.0
 30
0.0
 40
1.8
  1
INWESTOR
  7
PL_ARIAL
 11
405.2
 21
88.0
 31
0.0
100
AcDbText
  0
TEXT
  5
18E
330
1B
100
AcDbEntity
 67
1
  8
R-TABLICZKA
100
AcDbText
 10
405.2
 20
84.44999999999999
 30
0.0
 40
2.5
  1
(do uzupełnienia)
  7
PL_ARIAL
 11
405.2
 21
84.44999999999999
 31
0.0
100
AcDbText
  0
TEXT
  5
18F
330
1B
100
AcDbEntity
 67
1
  8
R-TABLICZKA
100
AcDbText
 10
405.2
 20
80.0
 30
0.0
 40
1.8
  1
OBIEKT / NAZWA ZAMIERZENIA BUDOWLANEGO
  7
PL_ARIAL
 11
405.2
 21
80.0
 31
0.0
100
AcDbText
  0
TEXT
  5
190
330
1B
100
AcDbEntity
 67
1
  8
R-TABLICZKA
100
AcDbText
 10
405.2
 20
75.19999999999999
 30
0.0
 40
2.5
  1
Budynek mieszkalny jednorodzinny wolnostojący „Dom LAMELA”
  7
PL_ARIAL_B
 11
405.2
 21
75.19999999999999
 31
0.0
100
AcDbText
  0
TEXT
  5
191
330
1B
100
AcDbEntity
 67
1
  8
R-TABLICZKA
100
AcDbText
 10
405.2
 20
69.5
 30
0.0
 40
1.8
  1
ADRES / LOKALIZACJA (NR DZIAŁKI, OBRĘB, JEDN. EWIDENCYJNA)
  7
PL_ARIAL
 11
405.2
 21
69.5
 31
0.0
100
AcDbText
  0
TEXT
  5
192
330
1B
100
AcDbEntity
 67
1
  8
R-TABLICZKA
100
AcDbText
 10
405.2
 20
65.716
 30
0.0
 40
1.8
  1
ul. Lipowa (fikcyjna), dz. nr ewid. 123/4, obręb 0005 Przykładowo, gm. Przykładowo (fikcyjna)
  7
PL_ARIAL
 11
405.2
 21
65.716
 31
0.0
100
AcDbText
  0
TEXT
  5
193
330
1B
100
AcDbEntity
 67
1
  8
R-TABLICZKA
100
AcDbText
 10
555.2
 20
69.5
 30
0.0
 40
1.8
  1
KAT. OBIEKTU
  7
PL_ARIAL
 11
555.2
 21
69.5
 31
0.0
100
AcDbText
  0
TEXT
  5
194
330
1B
100
AcDbEntity
 67
1
  8
R-TABLICZKA
100
AcDbText
 10
568.2933227344992
 20
65.07
 30
0.0
 40
3.5
  1
I
  7
PL_ARIAL_B
 11
568.2933227344992
 21
65.07
 31
0.0
100
AcDbText
  0
TEXT
  5
195
330
1B
100
AcDbEntity
 67
1
  8
R-TABLICZKA
100
AcDbText
 10
411.4673631614808
 20
60.35
 30
0.0
 40
1.8
  1
FUNKCJA
  7
PL_ARIAL
 11
411.4673631614808
 21
60.35
 31
0.0
100
AcDbText
  0
TEXT
  5
196
330
1B
100
AcDbEntity
 67
1
  8
R-TABLICZKA
100
AcDbText
 10
441.74312968430615
 20
60.35
 30
0.0
 40
1.8
  1
IMIĘ I NAZWISKO
  7
PL_ARIAL
 11
441.74312968430615
 21
60.35
 31
0.0
100
AcDbText
  0
TEXT
  5
197
330
1B
100
AcDbEntity
 67
1
  8
R-TABLICZKA
100
AcDbText
 10
480.9770156711333
 20
60.35
 30
0.0
 40
1.8
  1
SPECJALNOŚĆ, NR UPRAWNIEŃ
  7
PL_ARIAL
 11
480.9770156711333
 21
60.35
 31
0.0
100
AcDbText
  0
TEXT
  5
198
330
1B
100
AcDbEntity
 67
1
  8
R-TABLICZKA
100
AcDbText
 10
535.7051782875312
 20
60.35
 30
0.0
 40
1.8
  1
DATA
  7
PL_ARIAL
 11
535.7051782875312
 21
60.35
 31
0.0
100
AcDbText
  0
TEXT
  5
199
330
1B
100
AcDbEntity
 67
1
  8
R-TABLICZKA
100
AcDbText
 10
561.556438791733
 20
60.35
 30
0.0
 40
1.8
  1
PODPIS
  7
PL_ARIAL
 11
561.556438791733
 21
60.35
 31
0.0
100
AcDbText
  0
TEXT
  5
19A
330
1B
100
AcDbEntity
 67
1
  8
R-TABLICZKA
100
AcDbText
 10
405.2
 20
54.6
 30
0.0
 40
1.8
  1
Projektant
  7
PL_ARIAL
 11
405.2
 21
54.6
 31
0.0
100
AcDbText
  0
TEXT
  5
19B
330
1B
100
AcDbEntity
 67
1
  8
R-TABLICZKA
100
AcDbText
 10
405.2
 20
47.6
 30
0.0
 40
1.8
  1
Projektant (wsp.)
  7
PL_ARIAL
 11
405.2
 21
47.6
 31
0.0
100
AcDbText
  0
TEXT
  5
19C
330
1B
100
AcDbEntity
 67
1
  8
R-TABLICZKA
100
AcDbText
 10
405.2
 20
40.6
 30
0.0
 40
1.8
  1
Sprawdzający
  7
PL_ARIAL
 11
405.2
 21
40.6
 31
0.0
100
AcDbText
  0
TEXT
  5
19D
330
1B
100
AcDbEntity
 67
1
  8
R-TABLICZKA
100
AcDbText
 10
405.2
 20
33.6
 30
0.0
 40
1.8
  1
Opracował
  7
PL_ARIAL
 11
405.2
 21
33.6
 31
0.0
100
AcDbText
  0
TEXT
  5
19E
330
1B
100
AcDbEntity
 67
1
  8
R-TABLICZKA
100
AcDbText
 10
405.2
 20
28.0
 30
0.0
 40
1.8
  1
TYTUŁ RYSUNKU
  7
PL_ARIAL
 11
405.2
 21
28.0
 31
0.0
100
AcDbText
  0
TEXT
  5
19F
330
1B
100
AcDbEntity
 67
1
  8
R-TABLICZKA
100
AcDbText
 10
405.2
 20
21.5
 30
0.0
 40
5.0
  1
ELEWACJA ZACHODNIA
  7
PL_ARIAL_B
 11
405.2
 21
21.5
 31
0.0
100
AcDbText
  0
TEXT
  5
1A0
330
1B
100
AcDbEntity
 67
1
  8
R-TABLICZKA
100
AcDbText
 10
405.2
 20
16.0
 30
0.0
 40
1.8
  1
SKALA
  7
PL_ARIAL
 11
405.2
 21
16.0
 31
0.0
100
AcDbText
  0
TEXT
  5
1A1
330
1B
100
AcDbEntity
 67
1
  8
R-TABLICZKA
100
AcDbText
 10
410.9093799682035
 20
11.57
 30
0.0
 40
3.5
  1
1:50
  7
PL_ARIAL_B
 11
410.9093799682035
 21
11.57
 31
0.0
100
AcDbText
  0
TEXT
  5
1A2
330
1B
100
AcDbEntity
 67
1
  8
R-TABLICZKA
100
AcDbText
 10
429.2
 20
16.0
 30
0.0
 40
1.8
  1
FORMAT
  7
PL_ARIAL
 11
429.2
 21
16.0
 31
0.0
100
AcDbText
  0
TEXT
  5
1A3
330
1B
100
AcDbEntity
 67
1
  8
R-TABLICZKA
100
AcDbText
 10
433.777651601181
 20
11.95
 30
0.0
 40
2.5
  1
A2
  7
PL_ARIAL
 11
433.777651601181
 21
11.95
 31
0.0
100
AcDbText
  0
TEXT
  5
1A4
330
1B
100
AcDbEntity
 67
1
  8
R-TABLICZKA
100
AcDbText
 10
445.2
 20
16.0
 30
0.0
 40
1.8
  1
DATA WYDANIA
  7
PL_ARIAL
 11
445.2
 21
16.0
 31
0.0
100
AcDbText
  0
TEXT
  5
1A5
330
1B
100
AcDbEntity
 67
1
  8
R-TABLICZKA
100
AcDbText
 10
446.706904383375
 20
11.95
 30
0.0
 40
2.5
  1
2026-09-25
  7
PL_ARIAL
 11
446.706904383375
 21
11.95
 31
0.0
100
AcDbText
  0
TEXT
  5
1A6
330
1B
100
AcDbEntity
 67
1
  8
R-TABLICZKA
100
AcDbText
 10
469.2
 20
16.0
 30
0.0
 40
1.8
  1
RODZAJ DOK.
  7
PL_ARIAL
 11
469.2
 21
16.0
 31
0.0
100
AcDbText
  0
TEXT
  5
1A7
330
1B
100
AcDbEntity
 67
1
  8
R-TABLICZKA
100
AcDbText
 10
474.93038837156485
 20
11.95
 30
0.0
 40
2.5
  1
elewacja
  7
PL_ARIAL
 11
474.93038837156485
 21
11.95
 31
0.0
100
AcDbText
  0
TEXT
  5
1A8
330
1B
100
AcDbEntity
 67
1
  8
R-TABLICZKA
100
AcDbText
 10
497.2
 20
16.0
 30
0.0
 40
1.8
  1
NR RYSUNKU
  7
PL_ARIAL
 11
497.2
 21
16.0
 31
0.0
100
AcDbText
  0
TEXT
  5
1A9
330
1B
100
AcDbEntity
 67
1
  8
R-TABLICZKA
100
AcDbText
 10
510.2690779014308
 20
11.57
 30
0.0
 40
3.5
  1
PB-AR-10
  7
PL_ARIAL_B
 11
510.2690779014308
 21
11.57
 31
0.0
100
AcDbText
  0
TEXT
  5
1AA
330
1B
100
AcDbEntity
 67
1
  8
R-TABLICZKA
100
AcDbText
 10
549.2
 20
16.0
 30
0.0
 40
1.8
  1
ARKUSZ
  7
PL_ARIAL
 11
549.2
 21
16.0
 31
0.0
100
AcDbText
  0
TEXT
  5
1AB
330
1B
100
AcDbEntity
 67
1
  8
R-TABLICZKA
100
AcDbText
 10
552.453667953668
 20
11.95
 30
0.0
 40
2.5
  1
10/10
  7
PL_ARIAL
 11
552.453667953668
 21
11.95
 31
0.0
100
AcDbText
  0
TEXT
  5
1AC
330
1B
100
AcDbEntity
 67
1
  8
R-TABLICZKA
100
AcDbText
 10
567.2
 20
16.0
 30
0.0
 40
1.8
  1
REW.
  7
PL_ARIAL
 11
567.2
 21
16.0
 31
0.0
100
AcDbText
  0
TEXT
  5
1AD
330
1B
100
AcDbEntity
 67
1
  8
R-TABLICZKA
100
AcDbText
 10
573.5854531001589
 20
11.57
 30
0.0
 40
3.5
  1
0
  7
PL_ARIAL_B
 11
573.5854531001589
 21
11.57
 31
0.0
100
AcDbText
  0
TEXT
  5
1AE
330
1B
100
AcDbEntity
 67
1
  8
R-TABLICZKA
100
AcDbText
 10
405.2
 20
104.25
 30
0.0
 40
2.5
  1
0
  7
PL_ARIAL
 11
405.2
 21
104.25
 31
0.0
100
AcDbText
  0
TEXT
  5
1AF
330
1B
100
AcDbEntity
 67
1
  8
R-TABLICZKA
100
AcDbText
 10
423.2
 20
104.25
 30
0.0
 40
2.5
  1
Wydanie — rysunek wygenerowany z modelu
  7
PL_ARIAL
 11
423.2
 21
104.25
 31
0.0
100
AcDbText
  0
TEXT
  5
1B0
330
1B
100
AcDbEntity
 67
1
  8
R-TABLICZKA
100
AcDbText
 10
545.2
 20
104.25
 30
0.0
 40
2.5
  1
2026-09-25
  7
PL_ARIAL
 11
545.2
 21
104.25
 31
0.0
100
AcDbText
  0
TEXT
  5
1B1
330
1B
100
AcDbEntity
 67
1
  8
R-TABLICZKA
100
AcDbText
 10
405.2
 20
109.6
 30
0.0
 40
1.8
  1
REW.
  7
PL_ARIAL
 11
405.2
 21
109.6
 31
0.0
100
AcDbText
  0
TEXT
  5
1B2
330
1B
100
AcDbEntity
 67
1
  8
R-TABLICZKA
100
AcDbText
 10
423.2
 20
109.6
 30
0.0
 40
1.8
  1
OPIS ZMIANY
  7
PL_ARIAL
 11
423.2
 21
109.6
 31
0.0
100
AcDbText
  0
TEXT
  5
1B3
330
1B
100
AcDbEntity
 67
1
  8
R-TABLICZKA
100
AcDbText
 10
545.2
 20
109.6
 30
0.0
 40
1.8
  1
DATA
  7
PL_ARIAL
 11
545.2
 21
109.6
 31
0.0
100
AcDbText
  0
VIEWPORT
  5
71A
330
1B
100
AcDbEntity
 67
1
  8
R-RZUTNIA
100
AcDbViewport
 10
211.0
 20
217.0
 30
0.0
 40
363.04524188053597
 41
242.6940000000002
 68
2
 69
3
 12
1.5061310470134002
 22
4.466149999999997
 13
0.0
 23
0.0
 14
10.0
 24
10.0
 15
10.0
 25
10.0
 16
0.0
 26
0.0
 36
1.0
 17
0.0
 27
0.0
 37
0.0
 42
50.0
 43
0.0
 44
0.0
 45
12.13470000000001
 50
0.0
 51
0.0
 72
100
 90
16384
  1

281
0
 71
0
 74
0
110
0.0
120
0.0
130
0.0
111
1.0
121
0.0
131
0.0
112
0.0
122
1.0
132
0.0
 79
0
146
0.0
282
0
  0
ENDSEC
  0
SECTION
  2
OBJECTS
  0
DICTIONARY
  5
A
330
0
100
AcDbDictionary
281
1
  3
ACAD_COLOR
350
B
  3
ACAD_GROUP
350
C
  3
ACAD_LAYOUT
350
D
  3
ACAD_MATERIAL
350
E
  3
ACAD_MLEADERSTYLE
350
F
  3
ACAD_MLINESTYLE
350
10
  3
ACAD_PLOTSETTINGS
350
11
  3
ACAD_PLOTSTYLENAME
350
12
  3
ACAD_SCALELIST
350
14
  3
ACAD_TABLESTYLE
350
15
  3
ACAD_VISUALSTYLE
350
16
  3
EZDXF_META
350
2D
  0
DICTIONARY
  5
B
330
A
100
AcDbDictionary
281
1
  0
DICTIONARY
  5
C
330
A
100
AcDbDictionary
281
1
  0
DICTIONARY
  5
D
330
A
100
AcDbDictionary
281
1
  3
Model
350
1A
  3
Arkusz PB-AR-10
350
1E
  0
DICTIONARY
  5
E
330
A
100
AcDbDictionary
281
1
  3
ByBlock
350
1F
  3
ByLayer
350
20
  3
Global
350
21
  0
DICTIONARY
  5
F
330
A
100
AcDbDictionary
281
1
  3
Standard
350
2C
  0
DICTIONARY
  5
10
330
A
100
AcDbDictionary
281
1
  3
Standard
350
22
  0
DICTIONARY
  5
11
330
A
100
AcDbDictionary
281
1
  0
ACDBDICTIONARYWDFLT
  5
12
330
A
100
AcDbDictionary
281
1
  3
Normal
350
13
100
AcDbDictionaryWithDefault
340
13
  0
ACDBPLACEHOLDER
  5
13
330
12
  0
DICTIONARY
  5
14
330
A
100
AcDbDictionary
281
1
  0
DICTIONARY
  5
15
330
A
100
AcDbDictionary
281
1
  0
DICTIONARY
  5
16
330
A
100
AcDbDictionary
281
1
  0
LAYOUT
  5
1A
330
D
100
AcDbPlotSettings
  1

  4
A3
  6

 40
7.5
 41
20.0
 42
7.5
 43
20.0
 44
420.0
 45
297.0
 46
0.0
 47
0.0
 48
0.0
 49
0.0
140
0.0
141
0.0
142
1.0
143
1.0
 70
1024
 72
1
 73
0
 74
5
  7

 75
16
 76
0
 77
2
 78
300
147
1.0
148
0.0
149
0.0
100
AcDbLayout
  1
Model
 70
1
 71
0
 10
0.0
 20
0.0
 11
420.0
 21
297.0
 12
0.0
 22
0.0
 32
0.0
 14
1e+20
 24
1e+20
 34
1e+20
 15
-1e+20
 25
-1e+20
 35
-1e+20
146
0.0
 13
0.0
 23
0.0
 33
0.0
 16
1.0
 26
0.0
 36
0.0
 17
0.0
 27
1.0
 37
0.0
 76
1
330
17
  0
LAYOUT
  5
1E
330
D
100
AcDbPlotSettings
  1

  2
DWG to PDF.pc3
  4
LAMELA_(594.00_x_420.00_MM)
  6

 40
0.0
 41
0.0
 42
0.0
 43
0.0
 44
594.0
 45
420.0
 46
0.0
 47
0.0
 48
0.0
 49
0.0
140
0.0
141
0.0
142
1.0
143
1.0
 70
672
 72
1
 73
0
 74
5
  7

 75
16
 76
0
 77
2
 78
300
147
1.0
148
0.0
149
0.0
100
AcDbLayout
  1
Arkusz PB-AR-10
 70
1
 71
1
 10
-0.0
 20
-0.0
 11
594.0
 21
420.0
 12
0.0
 22
0.0
 32
0.0
 14
1e+20
 24
1e+20
 34
1e+20
 15
-1e+20
 25
-1e+20
 35
-1e+20
146
0.0
 13
0.0
 23
0.0
 33
0.0
 16
1.0
 26
0.0
 36
0.0
 17
0.0
 27
1.0
 37
0.0
 76
1
330
1B
331
7F
  0
MATERIAL
  5
1F
102
{ACAD_REACTORS
330
E
102
}
330
E
100
AcDbMaterial
  1
ByBlock
  2

 70
0
 40
1.0
 71
1
 41
1.0
 91
-1023410177
 42
1.0
 72
1
  3

 73
1
 74
1
 75
1
 44
0.5
 73
0
 45
1.0
 46
1.0
 77
1
  4

 78
1
 79
1
170
1
 48
1.0
171
1
  6

172
1
173
1
174
1
140
1.0
141
1.0
175
1
  7

176
1
177
1
178
1
143
1.0
179
1
  8

270
1
271
1
272
1
145
1.0
146
1.0
273
1
  9

274
1
275
1
276
1
 42
1.0
 72
1
  3

 73
1
 74
1
 75
1
 94
63
  0
MATERIAL
  5
20
102
{ACAD_REACTORS
330
E
102
}
330
E
100
AcDbMaterial
  1
ByLayer
  2

 70
0
 40
1.0
 71
1
 41
1.0
 91
-1023410177
 42
1.0
 72
1
  3

 73
1
 74
1
 75
1
 44
0.5
 73
0
 45
1.0
 46
1.0
 77
1
  4

 78
1
 79
1
170
1
 48
1.0
171
1
  6

172
1
173
1
174
1
140
1.0
141
1.0
175
1
  7

176
1
177
1
178
1
143
1.0
179
1
  8

270
1
271
1
272
1
145
1.0
146
1.0
273
1
  9

274
1
275
1
276
1
 42
1.0
 72
1
  3

 73
1
 74
1
 75
1
 94
63
  0
MATERIAL
  5
21
102
{ACAD_REACTORS
330
E
102
}
330
E
100
AcDbMaterial
  1
Global
  2

 70
0
 40
1.0
 71
1
 41
1.0
 91
-1023410177
 42
1.0
 72
1
  3

 73
1
 74
1
 75
1
 44
0.5
 73
0
 45
1.0
 46
1.0
 77
1
  4

 78
1
 79
1
170
1
 48
1.0
171
1
  6

172
1
173
1
174
1
140
1.0
141
1.0
175
1
  7

176
1
177
1
178
1
143
1.0
179
1
  8

270
1
271
1
272
1
145
1.0
146
1.0
273
1
  9

274
1
275
1
276
1
 42
1.0
 72
1
  3

 73
1
 74
1
 75
1
 94
63
  0
MLINESTYLE
  5
22
102
{ACAD_REACTORS
330
10
102
}
330
10
100
AcDbMlineStyle
  2
Standard
 70
0
  3

 62
256
 51
90.0
 52
90.0
 71
2
 49
0.5
 62
256
  6
BYLAYER
 49
-0.5
 62
256
  6
BYLAYER
  0
MLEADERSTYLE
  5
2C
102
{ACAD_REACTORS
330
F
102
}
330
F
100
AcDbMLeaderStyle
179
2
170
2
171
1
172
0
 90
2
 40
0.0
 41
0.0
173
1
 91
-1056964608
 92
-2
290
1
 42
2.0
291
1
 43
8.0
  3
Standard
 44
4.0
300

342
29
174
1
175
1
176
0
178
1
 93
-1056964608
 45
4.0
292
0
297
0
 46
4.0
 94
-1056964608
 47
1.0
 49
1.0
140
1.0
294
1
141
0.0
177
0
142
1.0
295
0
296
0
143
3.75
271
0
272
9
273
9
  0
DICTIONARY
  5
2D
330
A
100
AcDbDictionary
280
1
281
1
  3
CREATED_BY_EZDXF
350
2E
  3
WRITTEN_BY_EZDXF
350
71D
  0
DICTIONARYVAR
  5
2E
330
2D
100
DictionaryVariables
280
0
  1
1.4.4 @ 2026-09-25T03:55:58.769284+00:00
  0
DICTIONARYVAR
  5
71D
330
2D
100
DictionaryVariables
280
0
  1
1.4.4 @ 2026-09-25T03:55:58.884136+00:00
  0
ENDSEC
  0
EOF
