  0
SECTION
  2
HEADER
  9
$ACADVER
  1
AC1032
  9
$ACADMAINTVER
 90
4
  9
$DWGCODEPAGE
  3
ANSI_1252
  9
$LASTSAVEDBY
  1
ezdxf
  9
$REQUIREDVERSIONS
160
0
  9
$INSBASE
 10
0.0
 20
0.0
 30
0.0
  9
$EXTMIN
 10
1e+20
 20
1e+20
 30
1e+20
  9
$EXTMAX
 10
-1e+20
 20
-1e+20
 30
-1e+20
  9
$LIMMIN
 10
0.0
 20
0.0
  9
$LIMMAX
 10
420.0
 20
297.0
  9
$ORTHOMODE
 70
0
  9
$REGENMODE
 70
1
  9
$FILLMODE
 70
1
  9
$QTEXTMODE
 70
0
  9
$MIRRTEXT
 70
1
  9
$LTSCALE
 40
1.0
  9
$ATTMODE
 70
1
  9
$TEXTSIZE
 40
2.5
  9
$TRACEWID
 40
1.0
  9
$TEXTSTYLE
  7
Standard
  9
$CLAYER
  8
0
  9
$CELTYPE
  6
ByLayer
  9
$CECOLOR
 62
256
  9
$CELTSCALE
 40
1.0
  9
$DISPSILH
 70
0
  9
$DIMSCALE
 40
1.0
  9
$DIMASZ
 40
2.5
  9
$DIMEXO
 40
0.625
  9
$DIMDLI
 40
3.75
  9
$DIMRND
 40
0.0
  9
$DIMDLE
 40
0.0
  9
$DIMEXE
 40
1.25
  9
$DIMTP
 40
0.0
  9
$DIMTM
 40
0.0
  9
$DIMTXT
 40
2.5
  9
$DIMCEN
 40
2.5
  9
$DIMTSZ
 40
0.0
  9
$DIMTOL
 70
0
  9
$DIMLIM
 70
0
  9
$DIMTIH
 70
0
  9
$DIMTOH
 70
0
  9
$DIMSE1
 70
0
  9
$DIMSE2
 70
0
  9
$DIMTAD
 70
1
  9
$DIMZIN
 70
8
  9
$DIMBLK
  1

  9
$DIMASO
 70
1
  9
$DIMSHO
 70
1
  9
$DIMPOST
  1

  9
$DIMAPOST
  1

  9
$DIMALT
 70
0
  9
$DIMALTD
 70
3
  9
$DIMALTF
 40
0.03937007874
  9
$DIMLFAC
 40
1.0
  9
$DIMTOFL
 70
1
  9
$DIMTVP
 40
0.0
  9
$DIMTIX
 70
0
  9
$DIMSOXD
 70
0
  9
$DIMSAH
 70
0
  9
$DIMBLK1
  1

  9
$DIMBLK2
  1

  9
$DIMSTYLE
  2
ISO-25
  9
$DIMCLRD
 70
0
  9
$DIMCLRE
 70
0
  9
$DIMCLRT
 70
0
  9
$DIMTFAC
 40
1.0
  9
$DIMGAP
 40
0.625
  9
$DIMJUST
 70
0
  9
$DIMSD1
 70
0
  9
$DIMSD2
 70
0
  9
$DIMTOLJ
 70
0
  9
$DIMTZIN
 70
8
  9
$DIMALTZ
 70
0
  9
$DIMALTTZ
 70
0
  9
$DIMUPT
 70
0
  9
$DIMDEC
 70
2
  9
$DIMTDEC
 70
2
  9
$DIMALTU
 70
2
  9
$DIMALTTD
 70
3
  9
$DIMTXSTY
  7
Standard
  9
$DIMAUNIT
 70
0
  9
$DIMADEC
 70
0
  9
$DIMALTRND
 40
0.0
  9
$DIMAZIN
 70
0
  9
$DIMDSEP
 70
44
  9
$DIMATFIT
 70
3
  9
$DIMFRAC
 70
0
  9
$DIMLDRBLK
  1

  9
$DIMLUNIT
 70
2
  9
$DIMLWD
 70
-2
  9
$DIMLWE
 70
-2
  9
$DIMTMOVE
 70
0
  9
$DIMFXL
 40
1.0
  9
$DIMFXLON
 70
0
  9
$DIMJOGANG
 40
0.785398163397
  9
$DIMTFILL
 70
0
  9
$DIMTFILLCLR
 70
0
  9
$DIMARCSYM
 70
0
  9
$DIMLTYPE
  6

  9
$DIMLTEX1
  6

  9
$DIMLTEX2
  6

  9
$DIMTXTDIRECTION
 70
0
  9
$LUNITS
 70
2
  9
$LUPREC
 70
4
  9
$SKETCHINC
 40
1.0
  9
$FILLETRAD
 40
10.0
  9
$AUNITS
 70
0
  9
$AUPREC
 70
2
  9
$MENU
  1
.
  9
$ELEVATION
 40
0.0
  9
$PELEVATION
 40
0.0
  9
$THICKNESS
 40
0.0
  9
$LIMCHECK
 70
0
  9
$CHAMFERA
 40
0.0
  9
$CHAMFERB
 40
0.0
  9
$CHAMFERC
 40
0.0
  9
$CHAMFERD
 40
0.0
  9
$SKPOLY
 70
0
  9
$TDCREATE
 40
2461309.4032407408
  9
$TDUCREATE
 40
2458532.153996898
  9
$TDUPDATE
 40
2461309.403252315
  9
$TDUUPDATE
 40
2458532.1544311
  9
$TDINDWG
 40
0.0
  9
$TDUSRTIMER
 40
0.0
  9
$USRTIMER
 70
1
  9
$ANGBASE
 50
0.0
  9
$ANGDIR
 70
0
  9
$PDMODE
 70
0
  9
$PDSIZE
 40
0.0
  9
$PLINEWID
 40
0.0
  9
$SPLFRAME
 70
0
  9
$SPLINETYPE
 70
6
  9
$SPLINESEGS
 70
8
  9
$HANDSEED
  5
93D
  9
$SURFTAB1
 70
6
  9
$SURFTAB2
 70
6
  9
$SURFTYPE
 70
6
  9
$SURFU
 70
6
  9
$SURFV
 70
6
  9
$UCSBASE
  2

  9
$UCSNAME
  2

  9
$UCSORG
 10
0.0
 20
0.0
 30
0.0
  9
$UCSXDIR
 10
1.0
 20
0.0
 30
0.0
  9
$UCSYDIR
 10
0.0
 20
1.0
 30
0.0
  9
$UCSORTHOREF
  2

  9
$UCSORTHOVIEW
 70
0
  9
$UCSORGTOP
 10
0.0
 20
0.0
 30
0.0
  9
$UCSORGBOTTOM
 10
0.0
 20
0.0
 30
0.0
  9
$UCSORGLEFT
 10
0.0
 20
0.0
 30
0.0
  9
$UCSORGRIGHT
 10
0.0
 20
0.0
 30
0.0
  9
$UCSORGFRONT
 10
0.0
 20
0.0
 30
0.0
  9
$UCSORGBACK
 10
0.0
 20
0.0
 30
0.0
  9
$PUCSBASE
  2

  9
$PUCSNAME
  2

  9
$PUCSORG
 10
0.0
 20
0.0
 30
0.0
  9
$PUCSXDIR
 10
1.0
 20
0.0
 30
0.0
  9
$PUCSYDIR
 10
0.0
 20
1.0
 30
0.0
  9
$PUCSORTHOREF
  2

  9
$PUCSORTHOVIEW
 70
0
  9
$PUCSORGTOP
 10
0.0
 20
0.0
 30
0.0
  9
$PUCSORGBOTTOM
 10
0.0
 20
0.0
 30
0.0
  9
$PUCSORGLEFT
 10
0.0
 20
0.0
 30
0.0
  9
$PUCSORGRIGHT
 10
0.0
 20
0.0
 30
0.0
  9
$PUCSORGFRONT
 10
0.0
 20
0.0
 30
0.0
  9
$PUCSORGBACK
 10
0.0
 20
0.0
 30
0.0
  9
$USERI1
 70
0
  9
$USERI2
 70
0
  9
$USERI3
 70
0
  9
$USERI4
 70
0
  9
$USERI5
 70
0
  9
$USERR1
 40
0.0
  9
$USERR2
 40
0.0
  9
$USERR3
 40
0.0
  9
$USERR4
 40
0.0
  9
$USERR5
 40
0.0
  9
$WORLDVIEW
 70
1
  9
$SHADEDGE
 70
3
  9
$SHADEDIF
 70
70
  9
$TILEMODE
 70
1
  9
$MAXACTVP
 70
64
  9
$PINSBASE
 10
0.0
 20
0.0
 30
0.0
  9
$PLIMCHECK
 70
0
  9
$PEXTMIN
 10
1e+20
 20
1e+20
 30
1e+20
  9
$PEXTMAX
 10
-1e+20
 20
-1e+20
 30
-1e+20
  9
$PLIMMIN
 10
-0.0
 20
-0.0
  9
$PLIMMAX
 10
400.0
 20
594.0
  9
$UNITMODE
 70
0
  9
$VISRETAIN
 70
1
  9
$PLINEGEN
 70
0
  9
$PSLTSCALE
 70
0
  9
$TREEDEPTH
 70
3020
  9
$CMLSTYLE
  2
Standard
  9
$CMLJUST
 70
0
  9
$CMLSCALE
 40
20.0
  9
$PROXYGRAPHICS
 70
1
  9
$MEASUREMENT
 70
1
  9
$CELWEIGHT
370
-1
  9
$ENDCAPS
280
0
  9
$JOINSTYLE
280
0
  9
$LWDISPLAY
290
1
  9
$INSUNITS
 70
6
  9
$HYPERLINKBASE
  1

  9
$STYLESHEET
  1

  9
$XEDIT
290
1
  9
$CEPSNTYPE
380
0
  9
$PSTYLEMODE
290
1
  9
$FINGERPRINTGUID
  2
{C5E2DCD1-5355-462D-B6BB-4D5A71E75691}
  9
$VERSIONGUID
  2
{315DEE29-C0B7-4A9C-805B-C2531E800731}
  9
$EXTNAMES
290
1
  9
$PSVPSCALE
 40
0.0
  9
$OLESTARTUP
290
0
  9
$SORTENTS
280
127
  9
$INDEXCTL
280
0
  9
$HIDETEXT
280
1
  9
$XCLIPFRAME
280
1
  9
$HALOGAP
280
0
  9
$OBSCOLOR
 70
257
  9
$OBSLTYPE
280
0
  9
$INTERSECTIONDISPLAY
280
0
  9
$INTERSECTIONCOLOR
 70
257
  9
$DIMASSOC
280
2
  9
$PROJECTNAME
  1

  9
$CAMERADISPLAY
290
0
  9
$LENSLENGTH
 40
50.0
  9
$CAMERAHEIGHT
 40
0.0
  9
$STEPSPERSEC
 40
24.0
  9
$STEPSIZE
 40
100.0
  9
$3DDWFPREC
 40
2.0
  9
$PSOLWIDTH
 40
0.005
  9
$PSOLHEIGHT
 40
0.08
  9
$LOFTANG1
 40
1.570796326795
  9
$LOFTANG2
 40
1.570796326795
  9
$LOFTMAG1
 40
0.0
  9
$LOFTMAG2
 40
0.0
  9
$LOFTPARAM
 70
7
  9
$LOFTNORMALS
280
1
  9
$LATITUDE
 40
37.795
  9
$LONGITUDE
 40
-122.394
  9
$NORTHDIRECTION
 40
0.0
  9
$TIMEZONE
 70
-8000
  9
$LIGHTGLYPHDISPLAY
280
1
  9
$TILEMODELIGHTSYNCH
280
1
  9
$CMATERIAL
347
20
  9
$SOLIDHIST
280
0
  9
$SHOWHIST
280
1
  9
$DWFFRAME
280
2
  9
$DGNFRAME
280
2
  9
$REALWORLDSCALE
290
1
  9
$INTERFERECOLOR
 62
256
  9
$CSHADOW
280
0
  9
$SHADOWPLANELOCATION
 40
0.0
  0
ENDSEC
  0
SECTION
  2
CLASSES
  0
CLASS
  1
ACDBDICTIONARYWDFLT
  2
AcDbDictionaryWithDefault
  3
ObjectDBX Classes
 90
0
 91
0
280
0
281
0
  0
CLASS
  1
SUN
  2
AcDbSun
  3
SCENEOE
 90
1153
 91
0
280
0
281
0
  0
CLASS
  1
VISUALSTYLE
  2
AcDbVisualStyle
  3
ObjectDBX Classes
 90
4095
 91
0
280
0
281
0
  0
CLASS
  1
MATERIAL
  2
AcDbMaterial
  3
ObjectDBX Classes
 90
1153
 91
0
280
0
281
0
  0
CLASS
  1
SCALE
  2
AcDbScale
  3
ObjectDBX Classes
 90
1153
 91
0
280
0
281
0
  0
CLASS
  1
TABLESTYLE
  2
AcDbTableStyle
  3
ObjectDBX Classes
 90
4095
 91
0
280
0
281
0
  0
CLASS
  1
MLEADERSTYLE
  2
AcDbMLeaderStyle
  3
ACDB_MLEADERSTYLE_CLASS
 90
4095
 91
0
280
0
281
0
  0
CLASS
  1
DICTIONARYVAR
  2
AcDbDictionaryVar
  3
ObjectDBX Classes
 90
0
 91
0
280
0
281
0
  0
CLASS
  1
CELLSTYLEMAP
  2
AcDbCellStyleMap
  3
ObjectDBX Classes
 90
1152
 91
0
280
0
281
0
  0
CLASS
  1
MENTALRAYRENDERSETTINGS
  2
AcDbMentalRayRenderSettings
  3
SCENEOE
 90
1024
 91
0
280
0
281
0
  0
CLASS
  1
ACDBDETAILVIEWSTYLE
  2
AcDbDetailViewStyle
  3
ObjectDBX Classes
 90
1025
 91
0
280
0
281
0
  0
CLASS
  1
ACDBSECTIONVIEWSTYLE
  2
AcDbSectionViewStyle
  3
ObjectDBX Classes
 90
1025
 91
0
280
0
281
0
  0
CLASS
  1
RASTERVARIABLES
  2
AcDbRasterVariables
  3
ISM
 90
0
 91
0
280
0
281
0
  0
CLASS
  1
LAYOUT
  2
AcDbLayout
  3
ObjectDBX Classes
 90
0
 91
0
280
0
281
0
  0
CLASS
  1
ACDBPLACEHOLDER
  2
AcDbPlaceHolder
  3
ObjectDBX Classes
 90
0
 91
0
280
0
281
0
  0
ENDSEC
  0
SECTION
  2
TABLES
  0
TABLE
  2
VPORT
  5
8
330
0
100
AcDbSymbolTable
 70
1
  0
VPORT
  5
23
330
8
100
AcDbSymbolTableRecord
100
AcDbViewportTableRecord
  2
*Active
 70
0
 10
0.0
 20
0.0
 11
1.0
 21
1.0
 12
0.0
 22
0.0
 13
0.0
 23
0.0
 14
0.5
 24
0.5
 15
0.5
 25
0.5
 16
0.0
 26
0.0
 36
1.0
 17
0.0
 27
0.0
 37
0.0
 40
1000.0
 41
1.34
 42
50.0
 43
0.0
 44
0.0
 50
0.0
 51
0.0
 71
0
 72
1000
 73
1
 74
3
 75
0
 76
0
 77
0
 78
0
281
0
 65
0
146
0.0
  0
ENDTAB
  0
TABLE
  2
LTYPE
  5
2
330
0
100
AcDbSymbolTable
 70
14
  0
LTYPE
  5
24
330
2
100
AcDbSymbolTableRecord
100
AcDbLinetypeTableRecord
  2
ByBlock
 70
0
  3

 72
65
 73
0
 40
0.0
  0
LTYPE
  5
25
330
2
100
AcDbSymbolTableRecord
100
AcDbLinetypeTableRecord
  2
ByLayer
 70
0
  3

 72
65
 73
0
 40
0.0
  0
LTYPE
  5
26
330
2
100
AcDbSymbolTableRecord
100
AcDbLinetypeTableRecord
  2
Continuous
 70
0
  3

 72
65
 73
0
 40
0.0
  0
LTYPE
  5
2F
330
2
100
AcDbSymbolTableRecord
100
AcDbLinetypeTableRecord
  2
KRESKOWA
 70
0
  3
Linia kreskowa (02): krawędzie niewidoczne, elementy pod/nad płaszczyzną cięcia
 72
65
 73
2
 40
5.249999999999999
 49
4.199999999999999
 74
0
 49
-1.0499999999999998
 74
0
  0
LTYPE
  5
30
330
2
100
AcDbSymbolTableRecord
100
AcDbLinetypeTableRecord
  2
KRESKOWA_DROBNA
 70
0
  3
Linia kreskowa drobna (kreska krótka 6d)
 72
65
 73
2
 40
3.1499999999999995
 49
2.0999999999999996
 74
0
 49
-1.0499999999999998
 74
0
  0
LTYPE
  5
31
330
2
100
AcDbSymbolTableRecord
100
AcDbLinetypeTableRecord
  2
PUNKTOWA
 70
0
  3
Linia punktowa (04): osie, płaszczyzny przekroju
 72
65
 73
4
 40
10.5
 49
8.399999999999999
 74
0
 49
-1.0499999999999998
 74
0
 49
0.0
 74
0
 49
-1.0499999999999998
 74
0
  0
LTYPE
  5
32
330
2
100
AcDbSymbolTableRecord
100
AcDbLinetypeTableRecord
  2
PUNKTOWA_KROTKA
 70
0
  3
Linia punktowa z kreską zwykłą (końce przekrojów, gaz)
 72
65
 73
4
 40
6.299999999999999
 49
4.199999999999999
 74
0
 49
-1.0499999999999998
 74
0
 49
0.0
 74
0
 49
-1.0499999999999998
 74
0
  0
LTYPE
  5
33
330
2
100
AcDbSymbolTableRecord
100
AcDbLinetypeTableRecord
  2
DWUPUNKTOWA
 70
0
  3
Linia dwupunktowa (05): położenia skrajne, części przyległe
 72
65
 73
6
 40
11.55
 49
8.399999999999999
 74
0
 49
-1.0499999999999998
 74
0
 49
0.0
 74
0
 49
-1.0499999999999998
 74
0
 49
0.0
 74
0
 49
-1.0499999999999998
 74
0
  0
LTYPE
  5
34
330
2
100
AcDbSymbolTableRecord
100
AcDbLinetypeTableRecord
  2
KROPKOWA
 70
0
  3
Linia kropkowa (07): elementy nieobjęte projektem
 72
65
 73
2
 40
1.0499999999999998
 49
0.0
 74
0
 49
-1.0499999999999998
 74
0
  0
LTYPE
  5
35
330
2
100
AcDbSymbolTableRecord
100
AcDbLinetypeTableRecord
  2
KRESKA_DLUGA
 70
0
  3
Linia kreskowa długa (instalacje)
 72
65
 73
2
 40
9.45
 49
8.399999999999999
 74
0
 49
-1.0499999999999998
 74
0
  0
LTYPE
  5
36
330
2
100
AcDbSymbolTableRecord
100
AcDbLinetypeTableRecord
  2
KRESKOWA_3_1
 70
0
  3
Linia kreskowa 3/1 mm (paroizolacja, R4 pkt 3.8)
 72
65
 73
2
 40
4.0
 49
3.0
 74
0
 49
-1.0
 74
0
  0
LTYPE
  5
37
330
2
100
AcDbSymbolTableRecord
100
AcDbLinetypeTableRecord
  2
HYDRO_OKNA
 70
0
  3
Białe okna pasa izolacji przeciwwodnej (czarny 3 / biały 1,5 mm)
 72
65
 73
2
 40
4.5
 49
1.5
 74
0
 49
-3.0
 74
0
  0
LTYPE
  5
38
330
2
100
AcDbSymbolTableRecord
100
AcDbLinetypeTableRecord
  2
WIELOPUNKTOWA
 70
0
  3
Linia wielopunktowa (telekomunikacja, PN-B-01027)
 72
65
 73
8
 40
13.399999999999999
 49
9.0
 74
0
 49
-1.2
 74
0
 49
0.0
 74
0
 49
-1.0
 74
0
 49
0.0
 74
0
 49
-1.0
 74
0
 49
0.0
 74
0
 49
-1.2
 74
0
  0
LTYPE
  5
39
330
2
100
AcDbSymbolTableRecord
100
AcDbLinetypeTableRecord
  2
KABEL_E
 70
0
  3
Kabel elektroenergetyczny (PN-B-01027: kreskowa 2·9·2)
 72
65
 73
2
 40
11.0
 49
9.0
 74
0
 49
-2.0
 74
0
  0
ENDTAB
  0
TABLE
  2
LAYER
  5
1
330
0
100
AcDbSymbolTable
 70
102
  0
LAYER
  5
27
330
1
100
AcDbSymbolTableRecord
100
AcDbLayerTableRecord
  2
0
 70
0
 62
7
  6
Continuous
370
-3
390
13
347
21
  0
LAYER
  5
28
330
1
100
AcDbSymbolTableRecord
100
AcDbLayerTableRecord
  2
Defpoints
 70
0
 62
7
  6
Continuous
290
0
370
-3
390
13
347
21
  0
LAYER
  5
3E
330
1
100
AcDbSymbolTableRecord
100
AcDbLayerTableRecord
  2
R-RAMKA
 70
0
 62
7
  6
Continuous
370
50
390
13
347
21
1001
AcAecLayerStandard
1000

1000
Ramka arkusza, znaki składania i centrowania
  0
LAYER
  5
40
330
1
100
AcDbSymbolTableRecord
100
AcDbLayerTableRecord
  2
R-TABLICZKA
 70
0
 62
7
  6
Continuous
370
25
390
13
347
21
1001
AcAecLayerStandard
1000

1000
Tabliczka rysunkowa (PN-EN ISO 7200)
  0
LAYER
  5
41
330
1
100
AcDbSymbolTableRecord
100
AcDbLayerTableRecord
  2
R-OPISY
 70
0
 62
7
  6
Continuous
370
25
390
13
347
21
1001
AcAecLayerStandard
1000

1000
Opisy arkusza: tytuły rzutni, uwagi, legendy
  0
LAYER
  5
42
330
1
100
AcDbSymbolTableRecord
100
AcDbLayerTableRecord
  2
R-LEGENDA
 70
0
 62
7
  6
Continuous
370
25
390
13
347
21
1001
AcAecLayerStandard
1000

1000
Legenda oznaczeń
  0
LAYER
  5
43
330
1
100
AcDbSymbolTableRecord
100
AcDbLayerTableRecord
  2
R-RZUTNIA
 70
0
 62
8
  6
Continuous
290
0
370
18
390
13
347
21
1001
AcAecLayerStandard
1000

1000
Obrys rzutni (nie drukowany)
  0
LAYER
  5
44
330
1
100
AcDbSymbolTableRecord
100
AcDbLayerTableRecord
  2
A-SCIANY-KONSTR
 70
0
 62
7
  6
Continuous
370
50
390
13
347
21
1001
AcAecLayerStandard
1000

1000
Ściany i słupy konstrukcyjne w przekroju — kontur
  0
LAYER
  5
45
330
1
100
AcDbSymbolTableRecord
100
AcDbLayerTableRecord
  2
A-SCIANY-DZIAL
 70
0
 62
7
  6
Continuous
370
35
390
13
347
21
1001
AcAecLayerStandard
1000

1000
Ścianki działowe w przekroju — kontur
  0
LAYER
  5
46
330
1
100
AcDbSymbolTableRecord
100
AcDbLayerTableRecord
  2
A-SCIANY-IZOL
 70
0
 62
4
  6
Continuous
370
35
390
13
347
21
1001
AcAecLayerStandard
1000

1000
Warstwy izolacji termicznej ścian — kontur
  0
LAYER
  5
47
330
1
100
AcDbSymbolTableRecord
100
AcDbLayerTableRecord
  2
A-SCIANY-WYK
 70
0
 62
8
  6
Continuous
370
18
390
13
347
21
1001
AcAecLayerStandard
1000

1000
Tynki, okładziny, warstwy wykończeniowe — kontur
  0
LAYER
  5
48
330
1
100
AcDbSymbolTableRecord
100
AcDbLayerTableRecord
  2
A-STROPY
 70
0
 62
7
  6
Continuous
370
50
390
13
347
21
1001
AcAecLayerStandard
1000

1000
Stropy, płyty, stropodachy w przekroju — kontur
  0
LAYER
  5
49
330
1
100
AcDbSymbolTableRecord
100
AcDbLayerTableRecord
  2
A-WARSTWY
 70
0
 62
8
  6
Continuous
370
25
390
13
347
21
1001
AcAecLayerStandard
1000

1000
Warstwy przegród poziomych (podłogi, dachy) — kontur
  0
LAYER
  5
4A
330
1
100
AcDbSymbolTableRecord
100
AcDbLayerTableRecord
  2
A-IZOL-WODNA
 70
0
 62
5
  6
Continuous
370
100
390
13
347
21
1001
AcAecLayerStandard
1000

1000
Izolacje przeciwwodne/przeciwwilgociowe/paroizolacje
  0
LAYER
  5
4B
330
1
100
AcDbSymbolTableRecord
100
AcDbLayerTableRecord
  2
A-FUNDAMENTY
 70
0
 62
7
  6
Continuous
370
50
390
13
347
21
1001
AcAecLayerStandard
1000

1000
Fundamenty w przekroju — kontur
  0
LAYER
  5
4C
330
1
100
AcDbSymbolTableRecord
100
AcDbLayerTableRecord
  2
A-KRESKOWANIE
 70
0
 62
8
  6
Continuous
370
18
390
13
347
21
1001
AcAecLayerStandard
1000

1000
Kreskowanie materiałów (PN-B-01030)
  0
LAYER
  5
4D
330
1
100
AcDbSymbolTableRecord
100
AcDbLayerTableRecord
  2
A-WYPELNIENIA
 70
0
 62
9
  6
Continuous
370
18
390
13
347
21
1001
AcAecLayerStandard
1000

1000
Wypełnienia (zaczernienia, tła)
  0
LAYER
  5
4E
330
1
100
AcDbSymbolTableRecord
100
AcDbLayerTableRecord
  2
A-WIDOK
 70
0
 62
7
  6
Continuous
370
25
390
13
347
21
1001
AcAecLayerStandard
1000

1000
Krawędzie widoczne (poza płaszczyzną cięcia)
  0
LAYER
  5
4F
330
1
100
AcDbSymbolTableRecord
100
AcDbLayerTableRecord
  2
A-NIEWIDOCZNE
 70
0
 62
8
  6
KRESKOWA
370
25
390
13
347
21
1001
AcAecLayerStandard
1000

1000
Krawędzie niewidoczne
  0
LAYER
  5
50
330
1
100
AcDbSymbolTableRecord
100
AcDbLayerTableRecord
  2
A-NAD-CIECIEM
 70
0
 62
8
  6
KRESKOWA
370
25
390
13
347
21
1001
AcAecLayerStandard
1000

1000
Elementy nad płaszczyzną cięcia (belki, nadproża, okapy)
  0
LAYER
  5
51
330
1
100
AcDbSymbolTableRecord
100
AcDbLayerTableRecord
  2
A-OKNA
 70
0
 62
3
  6
Continuous
370
35
390
13
347
21
1001
AcAecLayerStandard
1000

1000
Stolarka okienna
  0
LAYER
  5
52
330
1
100
AcDbSymbolTableRecord
100
AcDbLayerTableRecord
  2
A-DRZWI
 70
0
 62
3
  6
Continuous
370
35
390
13
347
21
1001
AcAecLayerStandard
1000

1000
Stolarka drzwiowa
  0
LAYER
  5
53
330
1
100
AcDbSymbolTableRecord
100
AcDbLayerTableRecord
  2
A-SCHODY
 70
0
 62
6
  6
Continuous
370
25
390
13
347
21
1001
AcAecLayerStandard
1000

1000
Schody, pochylnie, balustrady
  0
LAYER
  5
54
330
1
100
AcDbSymbolTableRecord
100
AcDbLayerTableRecord
  2
A-MEBLE
 70
0
 62
8
  6
Continuous
370
18
390
13
347
21
1001
AcAecLayerStandard
1000

1000
Meble i wyposażenie ruchome
  0
LAYER
  5
55
330
1
100
AcDbSymbolTableRecord
100
AcDbLayerTableRecord
  2
A-SANITARNE
 70
0
 62
6
  6
Continuous
370
25
390
13
347
21
1001
AcAecLayerStandard
1000

1000
Wyposażenie sanitarne i kuchenne
  0
LAYER
  5
56
330
1
100
AcDbSymbolTableRecord
100
AcDbLayerTableRecord
  2
A-WYMIARY
 70
0
 62
1
  6
Continuous
370
25
390
13
347
21
1001
AcAecLayerStandard
1000

1000
Wymiarowanie (PN-B-01029)
  0
LAYER
  5
57
330
1
100
AcDbSymbolTableRecord
100
AcDbLayerTableRecord
  2
A-OPISY
 70
0
 62
2
  6
Continuous
370
25
390
13
347
21
1001
AcAecLayerStandard
1000

1000
Opisy, odnośniki, opisy warstw
  0
LAYER
  5
58
330
1
100
AcDbSymbolTableRecord
100
AcDbLayerTableRecord
  2
A-POMIESZCZENIA
 70
0
 62
2
  6
Continuous
370
25
390
13
347
21
1001
AcAecLayerStandard
1000

1000
Oznaczenia pomieszczeń (PN-EN ISO 4157)
  0
LAYER
  5
59
330
1
100
AcDbSymbolTableRecord
100
AcDbLayerTableRecord
  2
A-OSIE
 70
0
 62
1
  6
PUNKTOWA
370
25
390
13
347
21
1001
AcAecLayerStandard
1000

1000
Osie konstrukcyjne
  0
LAYER
  5
5A
330
1
100
AcDbSymbolTableRecord
100
AcDbLayerTableRecord
  2
A-RZEDNE
 70
0
 62
1
  6
Continuous
370
25
390
13
347
21
1001
AcAecLayerStandard
1000

1000
Rzędne wysokościowe
  0
LAYER
  5
5B
330
1
100
AcDbSymbolTableRecord
100
AcDbLayerTableRecord
  2
A-PRZEKROJE
 70
0
 62
1
  6
PUNKTOWA_KROTKA
370
50
390
13
347
21
1001
AcAecLayerStandard
1000

1000
Oznaczenia przekrojów i widoków
  0
LAYER
  5
5C
330
1
100
AcDbSymbolTableRecord
100
AcDbLayerTableRecord
  2
A-SYMBOLE
 70
0
 62
2
  6
Continuous
370
25
390
13
347
21
1001
AcAecLayerStandard
1000

1000
Symbole ogólne (północ, spadki, odnośniki)
  0
LAYER
  5
5D
330
1
100
AcDbSymbolTableRecord
100
AcDbLayerTableRecord
  2
A-TEREN
 70
0
 62
32
  6
Continuous
370
50
390
13
347
21
1001
AcAecLayerStandard
1000

1000
Linia terenu, grunt
  0
LAYER
  5
5E
330
1
100
AcDbSymbolTableRecord
100
AcDbLayerTableRecord
  2
A-ELEWACJE
 70
0
 62
7
  6
Continuous
370
35
390
13
347
21
1001
AcAecLayerStandard
1000

1000
Elewacje — krawędzie
  0
LAYER
  5
5F
330
1
100
AcDbSymbolTableRecord
100
AcDbLayerTableRecord
  2
A-MASKA
 70
0
 62
7
  6
Continuous
370
18
390
13
347
21
1001
AcAecLayerStandard
1000

1000
Maski (tło napisów)
  0
LAYER
  5
60
330
1
100
AcDbSymbolTableRecord
100
AcDbLayerTableRecord
  2
K-KONSTR
 70
0
 62
7
  6
Continuous
370
50
390
13
347
21
1001
AcAecLayerStandard
1000

1000
Konstrukcja — kontury elementów
  0
LAYER
  5
61
330
1
100
AcDbSymbolTableRecord
100
AcDbLayerTableRecord
  2
K-ZBROJENIE
 70
0
 62
1
  6
Continuous
370
100
390
13
347
21
1001
AcAecLayerStandard
1000

1000
Zbrojenie — pręty (PN-EN ISO 3766)
  0
LAYER
  5
62
330
1
100
AcDbSymbolTableRecord
100
AcDbLayerTableRecord
  2
K-ZBROJENIE-OPIS
 70
0
 62
2
  6
Continuous
370
25
390
13
347
21
1001
AcAecLayerStandard
1000

1000
Zbrojenie — opisy pozycji
  0
LAYER
  5
63
330
1
100
AcDbSymbolTableRecord
100
AcDbLayerTableRecord
  2
K-WYMIARY
 70
0
 62
1
  6
Continuous
370
25
390
13
347
21
1001
AcAecLayerStandard
1000

1000
Konstrukcja — wymiary
  0
LAYER
  5
64
330
1
100
AcDbSymbolTableRecord
100
AcDbLayerTableRecord
  2
K-OSIE
 70
0
 62
1
  6
PUNKTOWA
370
25
390
13
347
21
1001
AcAecLayerStandard
1000

1000
Konstrukcja — osie
  0
LAYER
  5
65
330
1
100
AcDbSymbolTableRecord
100
AcDbLayerTableRecord
  2
S-WODA
 70
0
 62
5
420
20680
  6
Continuous
370
35
390
13
347
21
1001
AcAecLayerStandard
1000

1000
Instalacja wody zimnej
  0
LAYER
  5
66
330
1
100
AcDbSymbolTableRecord
100
AcDbLayerTableRecord
  2
S-CWU
 70
0
 62
1
420
13631488
  6
KRESKOWA
370
35
390
13
347
21
1001
AcAecLayerStandard
1000

1000
Instalacja ciepłej wody użytkowej
  0
LAYER
  5
67
330
1
100
AcDbSymbolTableRecord
100
AcDbLayerTableRecord
  2
S-CYRK
 70
0
 62
6
420
11534512
  6
PUNKTOWA_KROTKA
370
25
390
13
347
21
1001
AcAecLayerStandard
1000

1000
Instalacja cyrkulacji CWU
  0
LAYER
  5
68
330
1
100
AcDbSymbolTableRecord
100
AcDbLayerTableRecord
  2
S-KANAL
 70
0
 62
34
420
8013056
  6
Continuous
370
50
390
13
347
21
1001
AcAecLayerStandard
1000

1000
Kanalizacja sanitarna
  0
LAYER
  5
69
330
1
100
AcDbSymbolTableRecord
100
AcDbLayerTableRecord
  2
S-DESZCZ
 70
0
 62
150
420
32906
  6
KRESKA_DLUGA
370
35
390
13
347
21
1001
AcAecLayerStandard
1000

1000
Kanalizacja deszczowa / odwodnienie
  0
LAYER
  5
6A
330
1
100
AcDbSymbolTableRecord
100
AcDbLayerTableRecord
  2
S-OGRZ
 70
0
 62
1
420
14700544
  6
Continuous
370
25
390
13
347
21
1001
AcAecLayerStandard
1000

1000
Ogrzewanie (zasilanie/powrót, pętle podłogowe)
  0
LAYER
  5
6B
330
1
100
AcDbSymbolTableRecord
100
AcDbLayerTableRecord
  2
S-WENT
 70
0
 62
3
420
35328
  6
Continuous
370
35
390
13
347
21
1001
AcAecLayerStandard
1000

1000
Wentylacja mechaniczna
  0
LAYER
  5
6C
330
1
100
AcDbSymbolTableRecord
100
AcDbLayerTableRecord
  2
S-URZADZENIA
 70
0
 62
2
420
3158064
  6
Continuous
370
35
390
13
347
21
1001
AcAecLayerStandard
1000

1000
Urządzenia i armatura instalacji sanitarnych
  0
LAYER
  5
6D
330
1
100
AcDbSymbolTableRecord
100
AcDbLayerTableRecord
  2
S-OPISY
 70
0
 62
2
  6
Continuous
370
25
390
13
347
21
1001
AcAecLayerStandard
1000

1000
Instalacje sanitarne — opisy
  0
LAYER
  5
6E
330
1
100
AcDbSymbolTableRecord
100
AcDbLayerTableRecord
  2
E-GNIAZDA
 70
0
 62
1
420
12582912
  6
Continuous
370
35
390
13
347
21
1001
AcAecLayerStandard
1000

1000
Gniazda wtyczkowe (PN-EN 60617)
  0
LAYER
  5
6F
330
1
100
AcDbSymbolTableRecord
100
AcDbLayerTableRecord
  2
E-OSWIETLENIE
 70
0
 62
30
420
13656064
  6
Continuous
370
35
390
13
347
21
1001
AcAecLayerStandard
1000

1000
Oprawy oświetleniowe
  0
LAYER
  5
70
330
1
100
AcDbSymbolTableRecord
100
AcDbLayerTableRecord
  2
E-LACZNIKI
 70
0
 62
30
420
13656064
  6
Continuous
370
35
390
13
347
21
1001
AcAecLayerStandard
1000

1000
Łączniki, czujniki
  0
LAYER
  5
71
330
1
100
AcDbSymbolTableRecord
100
AcDbLayerTableRecord
  2
E-TRASY
 70
0
 62
8
420
6316128
  6
Continuous
370
25
390
13
347
21
1001
AcAecLayerStandard
1000

1000
Trasy przewodów
  0
LAYER
  5
72
330
1
100
AcDbSymbolTableRecord
100
AcDbLayerTableRecord
  2
E-ROZDZIELNICE
 70
0
 62
1
420
12582912
  6
Continuous
370
35
390
13
347
21
1001
AcAecLayerStandard
1000

1000
Rozdzielnice, złącza, puszki
  0
LAYER
  5
73
330
1
100
AcDbSymbolTableRecord
100
AcDbLayerTableRecord
  2
E-TELETECH
 70
0
 62
5
420
20680
  6
Continuous
370
35
390
13
347
21
1001
AcAecLayerStandard
1000

1000
Instalacje teletechniczne (LAN, TV, domofon)
  0
LAYER
  5
74
330
1
100
AcDbSymbolTableRecord
100
AcDbLayerTableRecord
  2
E-ODGROM
 70
0
 62
3
420
35328
  6
Continuous
370
35
390
13
347
21
1001
AcAecLayerStandard
1000

1000
Uziemienia, połączenia wyrównawcze, ochrona odgromowa
  0
LAYER
  5
75
330
1
100
AcDbSymbolTableRecord
100
AcDbLayerTableRecord
  2
E-OPISY
 70
0
 62
2
  6
Continuous
370
25
390
13
347
21
1001
AcAecLayerStandard
1000

1000
Instalacje elektryczne — opisy
  0
LAYER
  5
76
330
1
100
AcDbSymbolTableRecord
100
AcDbLayerTableRecord
  2
Z-GRANICE
 70
0
 62
1
  6
DWUPUNKTOWA
370
50
390
13
347
21
1001
AcAecLayerStandard
1000

1000
Granice działki, punkty graniczne
  0
LAYER
  5
77
330
1
100
AcDbSymbolTableRecord
100
AcDbLayerTableRecord
  2
Z-ZABUDOWA
 70
0
 62
7
  6
Continuous
370
50
390
13
347
21
1001
AcAecLayerStandard
1000

1000
Budynki projektowane i istniejące
  0
LAYER
  5
78
330
1
100
AcDbSymbolTableRecord
100
AcDbLayerTableRecord
  2
Z-LINIE-ZABUDOWY
 70
0
 62
1
420
12582912
  6
PUNKTOWA
370
35
390
13
347
21
1001
AcAecLayerStandard
1000

1000
Linie zabudowy (MPZP)
  0
LAYER
  5
79
330
1
100
AcDbSymbolTableRecord
100
AcDbLayerTableRecord
  2
Z-UTWARDZENIA
 70
0
 62
8
  6
Continuous
370
25
390
13
347
21
1001
AcAecLayerStandard
1000

1000
Nawierzchnie utwardzone
  0
LAYER
  5
7A
330
1
100
AcDbSymbolTableRecord
100
AcDbLayerTableRecord
  2
Z-ZIELEN
 70
0
 62
3
420
1997342
  6
Continuous
370
25
390
13
347
21
1001
AcAecLayerStandard
1000

1000
Zieleń: drzewa, krzewy, trawniki
  0
LAYER
  5
7B
330
1
100
AcDbSymbolTableRecord
100
AcDbLayerTableRecord
  2
Z-UZBROJENIE
 70
0
 62
5
  6
Continuous
370
35
390
13
347
21
1001
AcAecLayerStandard
1000

1000
Uzbrojenie terenu, sieci i przyłącza
  0
LAYER
  5
7C
330
1
100
AcDbSymbolTableRecord
100
AcDbLayerTableRecord
  2
Z-WARSTWICE
 70
0
 62
32
420
9067050
  6
Continuous
370
18
390
13
347
21
1001
AcAecLayerStandard
1000

1000
Warstwice i punkty wysokościowe
  0
LAYER
  5
7D
330
1
100
AcDbSymbolTableRecord
100
AcDbLayerTableRecord
  2
Z-OGRODZENIE
 70
0
 62
7
  6
Continuous
370
35
390
13
347
21
1001
AcAecLayerStandard
1000

1000
Ogrodzenie, bramy, furtki
  0
LAYER
  5
7E
330
1
100
AcDbSymbolTableRecord
100
AcDbLayerTableRecord
  2
Z-OPISY
 70
0
 62
2
  6
Continuous
370
25
390
13
347
21
1001
AcAecLayerStandard
1000

1000
Opisy zagospodarowania
  0
LAYER
  5
7F
330
1
100
AcDbSymbolTableRecord
100
AcDbLayerTableRecord
  2
Z-MAPA
 70
0
 62
8
420
5921370
  6
Continuous
370
18
390
13
347
21
1001
AcAecLayerStandard
1000

1000
Podkład: mapa do celów projektowych (przykładowa, fikcyjna)
  0
LAYER
  5
80
330
1
100
AcDbSymbolTableRecord
100
AcDbLayerTableRecord
  2
Z-MAPA-OPISY
 70
0
 62
8
420
5921370
  6
Continuous
370
25
390
13
347
21
1001
AcAecLayerStandard
1000

1000
Podkład: opisy mapy (numery działek, budynki, sieci)
  0
LAYER
  5
81
330
1
100
AcDbSymbolTableRecord
100
AcDbLayerTableRecord
  2
Z-MAPA-RAMKA
 70
0
 62
7
  6
Continuous
370
35
390
13
347
21
1001
AcAecLayerStandard
1000

1000
Ramka i opis podkładu mapowego
  0
LAYER
  5
82
330
1
100
AcDbSymbolTableRecord
100
AcDbLayerTableRecord
  2
Z-DZIALKA
 70
0
 62
1
  6
Continuous
370
35
390
13
347
21
1001
AcAecLayerStandard
1000

1000
Granica działki budowlanej (PN-B-01027 poz. 2.7)
  0
LAYER
  5
83
330
1
100
AcDbSymbolTableRecord
100
AcDbLayerTableRecord
  2
Z-LZ
 70
0
 62
1
420
12582912
  6
Continuous
370
35
390
13
347
21
1001
AcAecLayerStandard
1000

1000
Nieprzekraczalna linia zabudowy (MPZP, PN-B-01027 poz. 2.2)
  0
LAYER
  5
84
330
1
100
AcDbSymbolTableRecord
100
AcDbLayerTableRecord
  2
Z-DROGA
 70
0
 62
8
420
4210752
  6
Continuous
370
35
390
13
347
21
1001
AcAecLayerStandard
1000

1000
Droga publiczna: linie rozgraniczające, jezdnia
  0
LAYER
  5
85
330
1
100
AcDbSymbolTableRecord
100
AcDbLayerTableRecord
  2
Z-BUDYNEK
 70
0
 62
7
  6
Continuous
370
100
390
13
347
21
1001
AcAecLayerStandard
1000

1000
Budynek projektowany — obrys przyziemia 1,0 m nad terenem (PN-B-01027 poz. 1.1)
  0
LAYER
  5
86
330
1
100
AcDbSymbolTableRecord
100
AcDbLayerTableRecord
  2
Z-BUDYNEK-NAD
 70
0
 62
7
  6
KRESKOWA
370
50
390
13
347
21
1001
AcAecLayerStandard
1000

1000
Obrys wyższych kondygnacji, płyt i okapów (PN-B-01027 poz. 1.6)
  0
LAYER
  5
87
330
1
100
AcDbSymbolTableRecord
100
AcDbLayerTableRecord
  2
Z-WYMIARY
 70
0
 62
1
  6
Continuous
370
18
390
13
347
21
1001
AcAecLayerStandard
1000

1000
Wymiarowanie PZT — linie 0,18 (PN-B-01027 poz. 4)
  0
LAYER
  5
88
330
1
100
AcDbSymbolTableRecord
100
AcDbLayerTableRecord
  2
Z-RZEDNE
 70
0
 62
32
420
7029795
  6
Continuous
370
18
390
13
347
21
1001
AcAecLayerStandard
1000

1000
Rzędne terenu istniejącego i projektowanego (PN-B-01025)
  0
LAYER
  5
89
330
1
100
AcDbSymbolTableRecord
100
AcDbLayerTableRecord
  2
Z-RZEDNE-PROJ
 70
0
 62
1
  6
Continuous
370
18
390
13
347
21
1001
AcAecLayerStandard
1000

1000
Rzędne terenu projektowanego
  0
LAYER
  5
8A
330
1
100
AcDbSymbolTableRecord
100
AcDbLayerTableRecord
  2
Z-ODWODNIENIE
 70
0
 62
150
420
32906
  6
Continuous
370
25
390
13
347
21
1001
AcAecLayerStandard
1000

1000
Odwodnienie terenu, spadki, kierunki spływu
  0
LAYER
  5
8B
330
1
100
AcDbSymbolTableRecord
100
AcDbLayerTableRecord
  2
Z-SIECI-IST
 70
0
 62
5
  6
Continuous
370
25
390
13
347
21
1001
AcAecLayerStandard
1000

1000
Uzbrojenie istniejące (wg mapy)
  0
LAYER
  5
8C
330
1
100
AcDbSymbolTableRecord
100
AcDbLayerTableRecord
  2
Z-SIECI-PROJ
 70
0
 62
5
  6
Continuous
370
50
390
13
347
21
1001
AcAecLayerStandard
1000

1000
Uzbrojenie projektowane (przyłącza, kolektory)
  0
LAYER
  5
8D
330
1
100
AcDbSymbolTableRecord
100
AcDbLayerTableRecord
  2
Z-KOLIZJE
 70
0
 62
6
420
12583104
  6
Continuous
370
35
390
13
347
21
1001
AcAecLayerStandard
1000

1000
Kolizje, zbliżenia i skrzyżowania sieci
  0
LAYER
  5
8E
330
1
100
AcDbSymbolTableRecord
100
AcDbLayerTableRecord
  2
Z-TYCZENIE
 70
0
 62
1
  6
Continuous
370
25
390
13
347
21
1001
AcAecLayerStandard
1000

1000
Punkty tyczenia budynku
  0
LAYER
  5
8F
330
1
100
AcDbSymbolTableRecord
100
AcDbLayerTableRecord
  2
Z-STREFY
 70
0
 62
6
420
11534512
  6
Continuous
370
25
390
13
347
21
1001
AcAecLayerStandard
1000

1000
Strefy (R290 pompy ciepła)
  0
LAYER
  5
90
330
1
100
AcDbSymbolTableRecord
100
AcDbLayerTableRecord
  2
Z-TLO
 70
0
 62
7
  6
Continuous
370
18
390
13
347
21
1001
AcAecLayerStandard
1000

1000
Tło (maski wypełnień)
  0
LAYER
  5
91
330
1
100
AcDbSymbolTableRecord
100
AcDbLayerTableRecord
  2
I-PODKLAD
 70
0
 62
8
420
10132122
  6
Continuous
370
18
390
13
347
21
1001
AcAecLayerStandard
1000

1000
Podkład architektoniczny — rzut AR (szary, cienki)
  0
LAYER
  5
92
330
1
100
AcDbSymbolTableRecord
100
AcDbLayerTableRecord
  2
I-PODKLAD-SCIANY
 70
0
 62
8
420
7237230
  6
Continuous
370
25
390
13
347
21
1001
AcAecLayerStandard
1000

1000
Podkład architektoniczny — kontury ścian przeciętych
  0
LAYER
  5
93
330
1
100
AcDbSymbolTableRecord
100
AcDbLayerTableRecord
  2
I-PODKLAD-WYPELN
 70
0
 62
254
420
15132390
  6
Continuous
370
18
390
13
347
21
1001
AcAecLayerStandard
1000

1000
Podkład architektoniczny — wypełnienie ścian przeciętych
  0
LAYER
  5
94
330
1
100
AcDbSymbolTableRecord
100
AcDbLayerTableRecord
  2
I-POMIESZCZENIA
 70
0
 62
8
420
4868682
  6
Continuous
370
25
390
13
347
21
1001
AcAecLayerStandard
1000

1000
Podkład — numery i nazwy pomieszczeń
  0
LAYER
  5
95
330
1
100
AcDbSymbolTableRecord
100
AcDbLayerTableRecord
  2
I-OSIE
 70
0
 62
8
420
8026746
  6
PUNKTOWA
370
18
390
13
347
21
1001
AcAecLayerStandard
1000

1000
Podkład — osie konstrukcyjne
  0
LAYER
  5
96
330
1
100
AcDbSymbolTableRecord
100
AcDbLayerTableRecord
  2
I-BRAKI
 70
0
 62
6
420
11534474
  6
KRESKOWA
370
25
390
13
347
21
1001
AcAecLayerStandard
1000

1000
Elementy do uzupełnienia w modelu [DO UZUPEŁNIENIA] / proponowane
  0
LAYER
  5
97
330
1
100
AcDbSymbolTableRecord
100
AcDbLayerTableRecord
  2
E-PV
 70
0
 62
200
420
5975171
  6
Continuous
370
35
390
13
347
21
1001
AcAecLayerStandard
1000

1000
Instalacja fotowoltaiczna: moduły, trasy DC
  0
LAYER
  5
98
330
1
100
AcDbSymbolTableRecord
100
AcDbLayerTableRecord
  2
E-ALARM
 70
0
 62
5
420
2056104
  6
Continuous
370
35
390
13
347
21
1001
AcAecLayerStandard
1000

1000
Sygnalizacja włamania i napadu (SSWiN), czujki
  0
LAYER
  5
99
330
1
100
AcDbSymbolTableRecord
100
AcDbLayerTableRecord
  2
S-PC
 70
0
 62
1
420
12597547
  6
Continuous
370
35
390
13
347
21
1001
AcAecLayerStandard
1000

1000
Pompa ciepła — przewody czynnika grzewczego (zasilanie/powrót)
  0
LAYER
  5
9A
330
1
100
AcDbSymbolTableRecord
100
AcDbLayerTableRecord
  2
A-DET-HYDRO
 70
0
 62
5
420
1402304
  6
Continuous
370
50
390
13
347
21
1001
AcAecLayerStandard
1000

1000
Detal — hydroizolacja / ochrona przed wodą (linia niebieska)
  0
LAYER
  5
9B
330
1
100
AcDbSymbolTableRecord
100
AcDbLayerTableRecord
  2
A-DET-SZCZEL
 70
0
 62
1
420
13840175
  6
KRESKOWA
370
35
390
13
347
21
1001
AcAecLayerStandard
1000

1000
Detal — szczelność powietrzna (czerwona przerywana)
  0
LAYER
  5
9C
330
1
100
AcDbSymbolTableRecord
100
AcDbLayerTableRecord
  2
A-DET-PARO
 70
0
 62
6
420
8069026
  6
Continuous
370
35
390
13
347
21
1001
AcAecLayerStandard
1000

1000
Detal — paroizolacja / kontrola pary (fioletowa)
  0
LAYER
  5
9D
330
1
100
AcDbSymbolTableRecord
100
AcDbLayerTableRecord
  2
A-DET-IZOL
 70
0
 62
30
420
15690752
  6
Continuous
370
35
390
13
347
21
1001
AcAecLayerStandard
1000

1000
Detal — obrys izolacji cieplnej (pomarańczowy)
  0
LAYER
  5
9E
330
1
100
AcDbSymbolTableRecord
100
AcDbLayerTableRecord
  2
A-DET-TASMA
 70
0
 62
6
  6
Continuous
370
50
390
13
347
21
1001
AcAecLayerStandard
1000

1000
Detal — taśmy uszczelniające (paroszczelne / paroprzepuszczalne)
  0
LAYER
  5
9F
330
1
100
AcDbSymbolTableRecord
100
AcDbLayerTableRecord
  2
A-DET-MEMBRANY
 70
0
 62
8
420
4545124
  6
PUNKTOWA_KROTKA
370
25
390
13
347
21
1001
AcAecLayerStandard
1000

1000
Detal — membrany wiatroizolacyjne, włókniny, bariery
  0
LAYER
  5
A0
330
1
100
AcDbSymbolTableRecord
100
AcDbLayerTableRecord
  2
A-DET-OBROBKI
 70
0
 62
7
  6
Continuous
370
35
390
13
347
21
1001
AcAecLayerStandard
1000

1000
Detal — obróbki blacharskie, okapniki, rynny
  0
LAYER
  5
A1
330
1
100
AcDbSymbolTableRecord
100
AcDbLayerTableRecord
  2
A-DET-PRZERWA
 70
0
 62
8
  6
Continuous
370
25
390
13
347
21
1001
AcAecLayerStandard
1000

1000
Detal — linie przerwania
  0
LAYER
  5
A2
330
1
100
AcDbSymbolTableRecord
100
AcDbLayerTableRecord
  2
A-DET-OPIS
 70
0
 62
2
  6
Continuous
370
25
390
13
347
21
1001
AcAecLayerStandard
1000

1000
Detal — pole opisu (wyniki mostków, ocena 4 linii)
  0
ENDTAB
  0
TABLE
  2
STYLE
  5
5
330
0
100
AcDbSymbolTable
 70
5
  0
STYLE
  5
29
330
5
100
AcDbSymbolTableRecord
100
AcDbTextStyleTableRecord
  2
Standard
 70
0
 40
0.0
 41
1.0
 50
0.0
 71
0
 42
2.5
  3
txt
  4

  0
STYLE
  5
3A
330
5
100
AcDbSymbolTableRecord
100
AcDbTextStyleTableRecord
  2
PL_ARIAL
 70
0
 40
0.0
 41
1.0
 50
0.0
 71
0
 42
2.5
  3
arial.ttf
  4

  0
STYLE
  5
3B
330
5
100
AcDbSymbolTableRecord
100
AcDbTextStyleTableRecord
  2
PL_ARIAL_B
 70
0
 40
0.0
 41
1.0
 50
0.0
 71
0
 42
2.5
  3
arialbd.ttf
  4

  0
STYLE
  5
3C
330
5
100
AcDbSymbolTableRecord
100
AcDbTextStyleTableRecord
  2
PL_ARIAL_I
 70
0
 40
0.0
 41
1.0
 50
0.0
 71
0
 42
2.5
  3
ariali.ttf
  4

  0
STYLE
  5
3D
330
5
100
AcDbSymbolTableRecord
100
AcDbTextStyleTableRecord
  2
PL_ARIAL_BI
 70
0
 40
0.0
 41
1.0
 50
0.0
 71
0
 42
2.5
  3
arialbi.ttf
  4

  0
ENDTAB
  0
TABLE
  2
VIEW
  5
7
330
0
100
AcDbSymbolTable
 70
0
  0
ENDTAB
  0
TABLE
  2
UCS
  5
6
330
0
100
AcDbSymbolTable
 70
0
  0
ENDTAB
  0
TABLE
  2
APPID
  5
3
330
0
100
AcDbSymbolTable
 70
4
  0
APPID
  5
2A
330
3
100
AcDbSymbolTableRecord
100
AcDbRegAppTableRecord
  2
ACAD
 70
0
  0
APPID
  5
3F
330
3
100
AcDbSymbolTableRecord
100
AcDbRegAppTableRecord
  2
AcAecLayerStandard
 70
0
  0
APPID
  5
93A
330
3
100
AcDbSymbolTableRecord
100
AcDbRegAppTableRecord
  2
HATCHBACKGROUNDCOLOR
 70
0
  0
APPID
  5
93B
330
3
100
AcDbSymbolTableRecord
100
AcDbRegAppTableRecord
  2
EZDXF
 70
0
  0
ENDTAB
  0
TABLE
  2
DIMSTYLE
  5
4
330
0
100
AcDbSymbolTable
 70
1
100
AcDbDimStyleTable
  0
DIMSTYLE
105
2B
330
4
100
AcDbSymbolTableRecord
100
AcDbDimStyleTableRecord
  2
Standard
 70
0
 40
1.0
 41
2.5
 42
0.625
 43
3.75
 44
1.25
 45
0.0
 46
0.0
 47
0.0
 48
0.0
 49
2.5
140
2.5
141
2.5
142
0.0
143
0.03937007874
144
1.0
145
0.0
146
1.0
147
0.625
148
0.0
 69
0
 70
0
 71
0
 72
0
 73
0
 74
0
 75
0
 76
0
 77
1
 78
8
 79
3
170
0
171
3
172
1
173
0
174
0
175
0
176
0
177
0
178
0
179
2
271
2
272
2
273
2
274
3
275
0
276
0
277
2
278
44
279
0
280
0
281
0
282
0
283
0
284
8
285
0
286
0
288
0
289
3
290
0
371
-2
372
-2
  0
ENDTAB
  0
TABLE
  2
BLOCK_RECORD
  5
9
330
0
100
AcDbSymbolTable
 70
2
  0
BLOCK_RECORD
  5
17
330
9
100
AcDbSymbolTableRecord
100
AcDbBlockTableRecord
  2
*Model_Space
340
1A
 70
0
280
1
281
0
  0
BLOCK_RECORD
  5
1B
330
9
100
AcDbSymbolTableRecord
100
AcDbBlockTableRecord
  2
*Paper_Space
340
1E
 70
0
280
1
281
0
  0
ENDTAB
  0
ENDSEC
  0
SECTION
  2
BLOCKS
  0
BLOCK
  5
18
330
17
100
AcDbEntity
  8
0
100
AcDbBlockBegin
  2
*Model_Space
 70
0
 10
0.0
 20
0.0
 30
0.0
  3
*Model_Space
  1

  0
ENDBLK
  5
19
330
17
100
AcDbEntity
  8
0
100
AcDbBlockEnd
  0
BLOCK
  5
1C
330
1B
100
AcDbEntity
  8
0
100
AcDbBlockBegin
  2
*Paper_Space
 70
0
 10
0.0
 20
0.0
 30
0.0
  3
*Paper_Space
  1

  0
ENDBLK
  5
1D
330
1B
100
AcDbEntity
  8
0
100
AcDbBlockEnd
  0
ENDSEC
  0
SECTION
  2
ENTITIES
  0
HATCH
  5
216
330
17
100
AcDbEntity
  8
Z-DROGA
 62
7
420
15132390
100
AcDbHatch
 10
0.0
 20
0.0
 30
0.0
210
0.0
220
0.0
230
1.0
  2
SOLID
 70
1
 71
0
 91
1
 92
3
 72
0
 73
1
 93
4
 10
-3.0
 20
52.25
 10
-3.0
 20
57.75
 10
35.0
 20
57.75
 10
35.0
 20
52.25
 97
0
 75
0
 76
1
 98
0
  0
HATCH
  5
217
330
17
100
AcDbEntity
  8
Z-TLO
 62
7
420
16777215
100
AcDbHatch
 10
0.0
 20
0.0
 30
0.0
210
0.0
220
0.0
230
1.0
  2
SOLID
 70
1
 71
0
 91
1
 92
3
 72
0
 73
1
 93
4
 10
20.3
 20
50.0
 10
25.900000000000002
 20
50.0
 10
26.900000000000002
 20
52.25
 10
19.3
 20
52.25
 97
0
 75
0
 76
1
 98
0
  0
HATCH
  5
218
330
17
100
AcDbEntity
  8
Z-TLO
 62
7
420
16777215
100
AcDbHatch
 10
0.0
 20
0.0
 30
0.0
210
0.0
220
0.0
230
1.0
  2
SOLID
 70
1
 71
0
 91
1
 92
3
 72
0
 73
1
 93
4
 10
19.9
 20
42.375
 10
19.9
 20
50.0
 10
26.275
 20
50.0
 10
26.275
 20
42.375
 97
0
 75
0
 76
1
 98
0
  0
HATCH
  5
219
330
17
100
AcDbEntity
  8
Z-TLO
 62
7
420
16777215
100
AcDbHatch
 10
0.0
 20
0.0
 30
0.0
210
0.0
220
0.0
230
1.0
  2
SOLID
 70
1
 71
0
 91
1
 92
3
 72
0
 73
1
 93
4
 10
17.55
 20
50.0
 10
18.85
 20
50.0
 10
18.85
 20
43.05
 10
17.55
 20
43.05
 97
0
 75
0
 76
1
 98
0
  0
HATCH
  5
21A
330
17
100
AcDbEntity
  8
Z-TLO
 62
7
420
16777215
100
AcDbHatch
 10
0.0
 20
0.0
 30
0.0
210
0.0
220
0.0
230
1.0
  2
SOLID
 70
1
 71
0
 91
1
 92
3
 72
0
 73
1
 93
4
 10
18.85
 20
44.05
 10
19.9
 20
44.05
 10
19.9
 20
43.05
 10
18.85
 20
43.05
 97
0
 75
0
 76
1
 98
0
  0
HATCH
  5
21B
330
17
100
AcDbEntity
  8
Z-TLO
 62
7
420
16777215
100
AcDbHatch
 10
0.0
 20
0.0
 30
0.0
210
0.0
220
0.0
230
1.0
  2
SOLID
 70
1
 71
0
 91
1
 92
3
 72
0
 73
1
 93
4
 10
14.0
 20
49.9
 10
17.2
 20
49.9
 10
17.2
 20
48.6
 10
14.0
 20
48.6
 97
0
 75
0
 76
1
 98
0
  0
HATCH
  5
21C
330
17
100
AcDbEntity
  8
Z-TLO
 62
7
420
16777215
100
AcDbHatch
 10
0.0
 20
0.0
 30
0.0
210
0.0
220
0.0
230
1.0
  2
SOLID
 70
1
 71
0
 91
1
 92
3
 72
0
 73
1
 93
4
 10
23.7
 20
32.05
 10
25.1
 20
32.05
 10
25.1
 20
31.25
 10
23.7
 20
31.25
 97
0
 75
0
 76
1
 98
0
  0
HATCH
  5
21D
330
17
100
AcDbEntity
  8
Z-TLO
 62
7
420
16777215
100
AcDbHatch
 10
0.0
 20
0.0
 30
0.0
210
0.0
220
0.0
230
1.0
  2
SOLID
 70
1
 71
0
 91
1
 92
3
 72
0
 73
1
 93
4
 10
21.1
 20
32.4
 10
22.0
 20
32.4
 10
22.0
 20
31.4
 10
21.1
 20
31.4
 97
0
 75
0
 76
1
 98
0
  0
HATCH
  5
21E
330
17
100
AcDbEntity
  8
Z-TLO
 62
7
420
16777215
100
AcDbHatch
 10
0.0
 20
0.0
 30
0.0
210
0.0
220
0.0
230
1.0
  2
SOLID
 70
1
 71
0
 91
1
 92
3
 72
0
 73
1
 93
7
 10
19.9
 20
29.400000000000002
 10
4.3
 20
29.400000000000002
 10
4.3
 20
37.825
 10
7.3
 20
37.825
 10
7.3
 20
32.400000000000006
 10
19.6
 20
32.400000000000006
 10
19.9
 20
32.400000000000006
 97
0
 75
0
 76
1
 98
0
  0
HATCH
  5
21F
330
17
100
AcDbEntity
  8
Z-TLO
 62
7
420
16777215
100
AcDbHatch
 10
0.0
 20
0.0
 30
0.0
210
0.0
220
0.0
230
1.0
  2
SOLID
 70
1
 71
0
 91
1
 92
3
 72
0
 73
1
 93
5
 10
17.5
 20
41.75
 10
17.5
 20
43.050000000000004
 10
19.299999999999997
 20
43.050000000000004
 10
19.299999999999997
 20
42.375
 10
19.299999999999997
 20
41.75
 97
0
 75
0
 76
1
 98
0
  0
HATCH
  5
220
330
17
100
AcDbEntity
  8
Z-TLO
 62
7
420
16777215
100
AcDbHatch
 10
0.0
 20
0.0
 30
0.0
210
0.0
220
0.0
230
1.0
  2
SOLID
 70
1
 71
0
 91
1
 92
3
 72
0
 73
1
 93
4
 10
21.1
 20
31.400000000000002
 10
19.9
 20
31.400000000000002
 10
19.9
 20
32.400000000000006
 10
21.1
 20
32.400000000000006
 97
0
 75
0
 76
1
 98
0
  0
HATCH
  5
221
330
17
100
AcDbEntity
  8
Z-TLO
 62
7
420
16777215
100
AcDbHatch
 10
0.0
 20
0.0
 30
0.0
210
0.0
220
0.0
230
1.0
  2
SOLID
 70
1
 71
0
 91
1
 92
3
 72
0
 73
1
 93
7
 10
26.785
 20
31.9
 10
26.25
 20
31.9
 10
26.25
 20
32.400000000000006
 10
26.275
 20
32.400000000000006
 10
26.275
 20
42.375
 10
26.275
 20
42.885
 10
26.785
 20
42.885
 97
0
 75
0
 76
1
 98
0
  0
HATCH
  5
222
330
17
100
AcDbEntity
  8
Z-TLO
 62
7
420
16777215
100
AcDbHatch
 10
0.0
 20
0.0
 30
0.0
210
0.0
220
0.0
230
1.0
  2
SOLID
 70
1
 71
0
 91
1
 92
3
 72
0
 73
1
 93
6
 10
6.79
 20
37.825
 10
6.79
 20
42.26
 10
17.5
 20
42.26
 10
17.5
 20
41.75
 10
7.3
 20
41.75
 10
7.3
 20
37.825
 97
0
 75
0
 76
1
 98
0
  0
HATCH
  5
223
330
17
100
AcDbEntity
  8
Z-TLO
 62
7
420
16777215
100
AcDbHatch
 10
0.0
 20
0.0
 30
0.0
210
0.0
220
0.0
230
1.0
  2
SOLID
 70
1
 71
0
 91
1
 92
3
 72
0
 73
1
 93
4
 10
19.299999999999997
 20
42.375
 10
19.299999999999997
 20
42.885
 10
19.9
 20
42.885
 10
19.9
 20
42.375
 97
0
 75
0
 76
1
 98
0
  0
HATCH
  5
224
330
17
100
AcDbEntity
  8
Z-TLO
 62
7
420
16777215
100
AcDbHatch
 10
0.0
 20
0.0
 30
0.0
210
0.0
220
0.0
230
1.0
  2
SOLID
 70
1
 71
0
 91
1
 92
3
 72
0
 73
1
 93
7
 10
7.3
 20
32.400000000000006
 10
19.6
 20
32.400000000000006
 10
26.275
 20
32.400000000000006
 10
26.275
 20
42.375
 10
19.299999999999997
 20
42.375
 10
19.299999999999997
 20
41.75
 10
7.3
 20
41.75
 97
0
 75
0
 76
1
 98
0
  0
HATCH
  5
225
330
17
100
AcDbEntity
  8
Z-TLO
 62
7
420
16777215
100
AcDbHatch
 10
0.0
 20
0.0
 30
0.0
210
0.0
220
0.0
230
1.0
  2
SOLID
 70
1
 71
0
 91
1
 92
3
 72
0
 73
1
 93
4
 10
8.1
 20
15.7
 10
15.1
 20
15.7
 10
15.1
 20
19.7
 10
8.1
 20
19.7
 97
0
 75
0
 76
1
 98
0
  0
HATCH
  5
226
330
17
100
AcDbEntity
  8
Z-TLO
 62
7
420
16777215
100
AcDbHatch
 10
0.0
 20
0.0
 30
0.0
210
0.0
220
0.0
230
1.0
  2
SOLID
 70
1
 71
0
 91
1
 92
3
 72
0
 73
1
 93
4
 10
12.35
 20
25.25
 10
12.35
 20
26.15
 10
10.85
 20
26.15
 10
10.85
 20
25.25
 97
0
 75
0
 76
1
 98
0
  0
HATCH
  5
227
330
17
100
AcDbEntity
  8
Z-TLO
 62
7
420
15658734
100
AcDbHatch
 10
0.0
 20
0.0
 30
0.0
210
0.0
220
0.0
230
1.0
  2
SOLID
 70
1
 71
0
 91
1
 92
3
 72
0
 73
1
 93
4
 10
50.92245287304111
 20
58.595
 10
50.92245287304111
 20
59.72
 10
36.6
 20
59.72
 10
36.6
 20
58.595
 97
0
 75
0
 76
1
 98
0
  0
HATCH
  5
228
330
17
100
AcDbEntity
  8
Z-TLO
 62
7
420
15658734
100
AcDbHatch
 10
0.0
 20
0.0
 30
0.0
210
0.0
220
0.0
230
1.0
  2
SOLID
 70
1
 71
0
 91
1
 92
3
 72
0
 73
1
 93
4
 10
51.371605723370436
 20
43.08999999999996
 10
51.371605723370436
 20
44.21499999999996
 10
36.6
 20
44.21499999999996
 10
36.6
 20
43.08999999999996
 97
0
 75
0
 76
1
 98
0
  0
HATCH
  5
229
330
17
100
AcDbEntity
  8
Z-TLO
 62
7
420
15658734
100
AcDbHatch
 10
0.0
 20
0.0
 30
0.0
210
0.0
220
0.0
230
1.0
  2
SOLID
 70
1
 71
0
 91
1
 92
3
 72
0
 73
1
 93
4
 10
59.45900522371111
 20
29.18999999999993
 10
59.45900522371111
 20
30.31499999999993
 10
36.6
 20
30.31499999999993
 10
36.6
 20
29.18999999999993
 97
0
 75
0
 76
1
 98
0
  0
HATCH
  5
22A
330
17
100
AcDbEntity
  8
Z-TLO
 62
7
420
15658734
100
AcDbHatch
 10
0.0
 20
0.0
 30
0.0
210
0.0
220
0.0
230
1.0
  2
SOLID
 70
1
 71
0
 91
1
 92
3
 72
0
 73
1
 93
4
 10
56.091315012491485
 20
11.769999999999941
 10
56.091315012491485
 20
12.894999999999941
 10
36.6
 20
12.894999999999941
 10
36.6
 20
11.769999999999941
 97
0
 75
0
 76
1
 98
0
  0
HATCH
  5
22B
330
17
100
AcDbEntity
  8
Z-TLO
 62
7
420
15658734
100
AcDbHatch
 10
0.0
 20
0.0
 30
0.0
210
0.0
220
0.0
230
1.0
  2
SOLID
 70
1
 71
0
 91
1
 92
3
 72
0
 73
1
 93
4
 10
58.86543265955031
 20
-2.130000000000062
 10
58.86543265955031
 20
-0.2800000000000622
 10
36.6
 20
-0.2800000000000622
 10
36.6
 20
-2.130000000000062
 97
0
 75
0
 76
1
 98
0
  0
LWPOLYLINE
  5
22C
330
17
100
AcDbEntity
  8
Z-MAPA
  6
Continuous
370
25
 48
0.2
100
AcDbPolyline
 90
4
 70
128
 10
-3.0
 20
0.0
 10
0.0
 20
0.0
 10
0.0
 20
50.0
 10
-3.0
 20
50.0
  0
LWPOLYLINE
  5
22D
330
17
100
AcDbEntity
  8
Z-MAPA
  6
Continuous
370
25
 48
0.2
100
AcDbPolyline
 90
2
 70
128
 10
32.0
 20
0.0
 10
35.0
 20
0.0
  0
LWPOLYLINE
  5
22E
330
17
100
AcDbEntity
  8
Z-MAPA
  6
Continuous
370
25
 48
0.2
100
AcDbPolyline
 90
3
 70
128
 10
35.0
 20
50.0
 10
32.0
 20
50.0
 10
32.0
 20
0.0
  0
LWPOLYLINE
  5
22F
330
17
100
AcDbEntity
  8
Z-MAPA
  6
Continuous
370
25
 48
0.2
100
AcDbPolyline
 90
2
 70
128
 10
35.0
 20
0.0
 10
-3.0
 20
0.0
  0
LWPOLYLINE
  5
230
330
17
100
AcDbEntity
  8
Z-MAPA
  6
Continuous
370
25
 48
0.2
100
AcDbPolyline
 90
3
 70
128
 10
-3.0
 20
60.0
 10
22.0
 20
60.0
 10
22.0
 20
61.0
  0
LWPOLYLINE
  5
231
330
17
100
AcDbEntity
  8
Z-MAPA
  6
Continuous
370
25
 48
0.2
100
AcDbPolyline
 90
2
 70
128
 10
22.0
 20
60.0
 10
35.0
 20
60.0
  0
LWPOLYLINE
  5
232
330
17
100
AcDbEntity
  8
Z-MAPA
  6
Continuous
370
25
 48
0.2
100
AcDbPolyline
 90
2
 70
128
 10
22.0
 20
61.0
 10
22.0
 20
60.0
  0
LWPOLYLINE
  5
233
330
17
100
AcDbEntity
  8
Z-MAPA
  6
Continuous
370
25
 48
0.2
100
AcDbPolyline
 90
2
 70
128
 10
-3.0
 20
52.25
 10
35.0
 20
52.25
  0
LWPOLYLINE
  5
234
330
17
100
AcDbEntity
  8
Z-MAPA
  6
Continuous
370
25
 48
0.2
100
AcDbPolyline
 90
2
 70
128
 10
35.0
 20
57.75
 10
-3.0
 20
57.75
  0
LWPOLYLINE
  5
235
330
17
100
AcDbEntity
  8
Z-DROGA
  6
Continuous
370
70
 48
0.2
420
3158064
100
AcDbPolyline
 90
2
 70
128
 10
-3.0
 20
50.0
 10
35.0
 20
50.0
  0
LWPOLYLINE
  5
236
330
17
100
AcDbEntity
  8
Z-DROGA
  6
Continuous
370
70
 48
0.2
420
3158064
100
AcDbPolyline
 90
2
 70
128
 10
35.0
 20
60.0
 10
-3.0
 20
60.0
  0
LWPOLYLINE
  5
237
330
17
100
AcDbEntity
  8
Z-UTWARDZENIA
  6
KRESKOWA
370
35
 48
0.2
100
AcDbPolyline
 90
4
 70
129
 10
20.3
 20
50.0
 10
25.900000000000002
 20
50.0
 10
26.900000000000002
 20
52.25
 10
19.3
 20
52.25
  0
LWPOLYLINE
  5
238
330
17
100
AcDbEntity
  8
Z-UTWARDZENIA
  6
Continuous
370
35
 48
0.2
100
AcDbPolyline
 90
4
 70
129
 10
19.9
 20
42.375
 10
19.9
 20
50.0
 10
26.275
 20
50.0
 10
26.275
 20
42.375
  0
LWPOLYLINE
  5
239
330
17
100
AcDbEntity
  8
Z-UTWARDZENIA
  6
Continuous
370
35
 48
0.2
100
AcDbPolyline
 90
4
 70
129
 10
17.55
 20
50.0
 10
18.85
 20
50.0
 10
18.85
 20
43.05
 10
17.55
 20
43.05
  0
LWPOLYLINE
  5
23A
330
17
100
AcDbEntity
  8
Z-UTWARDZENIA
  6
Continuous
370
35
 48
0.2
100
AcDbPolyline
 90
4
 70
129
 10
18.85
 20
44.05
 10
19.9
 20
44.05
 10
19.9
 20
43.05
 10
18.85
 20
43.05
  0
LWPOLYLINE
  5
23B
330
17
100
AcDbEntity
  8
Z-UTWARDZENIA
  6
Continuous
370
35
 48
0.2
100
AcDbPolyline
 90
4
 70
129
 10
14.0
 20
49.9
 10
17.2
 20
49.9
 10
17.2
 20
48.6
 10
14.0
 20
48.6
  0
LWPOLYLINE
  5
23C
330
17
100
AcDbEntity
  8
Z-UTWARDZENIA
  6
Continuous
370
35
 48
0.2
100
AcDbPolyline
 90
4
 70
129
 10
23.7
 20
32.05
 10
25.1
 20
32.05
 10
25.1
 20
31.25
 10
23.7
 20
31.25
  0
LWPOLYLINE
  5
23D
330
17
100
AcDbEntity
  8
Z-UTWARDZENIA
  6
Continuous
370
35
 48
0.2
100
AcDbPolyline
 90
4
 70
129
 10
21.1
 20
32.4
 10
22.0
 20
32.4
 10
22.0
 20
31.4
 10
21.1
 20
31.4
  0
LWPOLYLINE
  5
23E
330
17
100
AcDbEntity
  8
Z-UTWARDZENIA
  6
Continuous
370
35
 48
0.2
100
AcDbPolyline
 90
7
 70
129
 10
19.9
 20
29.400000000000002
 10
4.3
 20
29.400000000000002
 10
4.3
 20
37.825
 10
7.3
 20
37.825
 10
7.3
 20
32.400000000000006
 10
19.6
 20
32.400000000000006
 10
19.9
 20
32.400000000000006
  0
LWPOLYLINE
  5
23F
330
17
100
AcDbEntity
  8
Z-UTWARDZENIA
  6
Continuous
370
35
 48
0.2
100
AcDbPolyline
 90
5
 70
129
 10
17.5
 20
41.75
 10
17.5
 20
43.050000000000004
 10
19.299999999999997
 20
43.050000000000004
 10
19.299999999999997
 20
42.375
 10
19.299999999999997
 20
41.75
  0
LWPOLYLINE
  5
240
330
17
100
AcDbEntity
  8
Z-UTWARDZENIA
  6
Continuous
370
35
 48
0.2
100
AcDbPolyline
 90
4
 70
129
 10
21.1
 20
31.400000000000002
 10
19.9
 20
31.400000000000002
 10
19.9
 20
32.400000000000006
 10
21.1
 20
32.400000000000006
  0
LWPOLYLINE
  5
241
330
17
100
AcDbEntity
  8
Z-UTWARDZENIA
  6
Continuous
370
18
 48
0.2
100
AcDbPolyline
 90
7
 70
129
 10
26.785
 20
31.9
 10
26.25
 20
31.9
 10
26.25
 20
32.400000000000006
 10
26.275
 20
32.400000000000006
 10
26.275
 20
42.375
 10
26.275
 20
42.885
 10
26.785
 20
42.885
  0
LWPOLYLINE
  5
242
330
17
100
AcDbEntity
  8
Z-UTWARDZENIA
  6
Continuous
370
18
 48
0.2
100
AcDbPolyline
 90
6
 70
129
 10
6.79
 20
37.825
 10
6.79
 20
42.26
 10
17.5
 20
42.26
 10
17.5
 20
41.75
 10
7.3
 20
41.75
 10
7.3
 20
37.825
  0
LWPOLYLINE
  5
243
330
17
100
AcDbEntity
  8
Z-UTWARDZENIA
  6
Continuous
370
18
 48
0.2
100
AcDbPolyline
 90
4
 70
129
 10
19.299999999999997
 20
42.375
 10
19.299999999999997
 20
42.885
 10
19.9
 20
42.885
 10
19.9
 20
42.375
  0
LWPOLYLINE
  5
244
330
17
100
AcDbEntity
  8
Z-UTWARDZENIA
  6
Continuous
370
25
 48
0.2
100
AcDbPolyline
 90
4
 70
129
 10
20.5
 20
44.6
 10
23.0
 20
44.6
 10
23.0
 20
49.6
 10
20.5
 20
49.6
  0
LWPOLYLINE
  5
245
330
17
100
AcDbEntity
  8
Z-UTWARDZENIA
  6
Continuous
370
25
 48
0.2
100
AcDbPolyline
 90
4
 70
129
 10
23.2
 20
44.6
 10
25.7
 20
44.6
 10
25.7
 20
49.6
 10
23.2
 20
49.6
  0
HATCH
  5
246
330
17
100
AcDbEntity
  8
Z-ZIELEN
 62
7
420
0
100
AcDbHatch
 10
0.0
 20
0.0
 30
0.0
210
0.0
220
0.0
230
1.0
  2
SOLID
 70
1
 71
0
 91
1
 92
3
 72
0
 73
1
 93
24
 10
28.200000000000003
 20
6.7
 10
28.19659258262891
 20
6.725881904510253
 10
28.186602540378445
 20
6.75
 10
28.170710678118656
 20
6.770710678118655
 10
28.150000000000002
 20
6.7866025403784445
 10
28.125881904510255
 20
6.796592582628907
 10
28.1
 20
6.8
 10
28.074118095489748
 20
6.796592582628907
 10
28.05
 20
6.7866025403784445
 10
28.029289321881347
 20
6.770710678118655
 10
28.013397459621558
 20
6.75
 10
28.003407417371093
 20
6.725881904510253
 10
28.0
 20
6.7
 10
28.003407417371093
 20
6.6741180954897485
 10
28.013397459621558
 20
6.65
 10
28.029289321881347
 20
6.629289321881346
 10
28.05
 20
6.613397459621556
 10
28.074118095489748
 20
6.603407417371093
 10
28.1
 20
6.6000000000000005
 10
28.125881904510255
 20
6.603407417371093
 10
28.150000000000002
 20
6.613397459621556
 10
28.170710678118656
 20
6.629289321881346
 10
28.186602540378445
 20
6.65
 10
28.19659258262891
 20
6.674118095489748
 97
0
 75
0
 76
1
 98
0
  0
HATCH
  5
247
330
17
100
AcDbEntity
  8
Z-ZIELEN
 62
7
420
0
100
AcDbHatch
 10
0.0
 20
0.0
 30
0.0
210
0.0
220
0.0
230
1.0
  2
SOLID
 70
1
 71
0
 91
1
 92
3
 72
0
 73
1
 93
24
 10
3.2
 20
5.7
 10
3.1965925826289068
 20
5.725881904510253
 10
3.186602540378444
 20
5.75
 10
3.1707106781186547
 20
5.770710678118655
 10
3.15
 20
5.7866025403784445
 10
3.125881904510252
 20
5.796592582628907
 10
3.1
 20
5.8
 10
3.074118095489748
 20
5.796592582628907
 10
3.0500000000000003
 20
5.7866025403784445
 10
3.0292893218813455
 20
5.770710678118655
 10
3.0133974596215563
 20
5.75
 10
3.0034074173710934
 20
5.725881904510253
 10
3.0
 20
5.7
 10
3.0034074173710934
 20
5.6741180954897485
 10
3.0133974596215563
 20
5.65
 10
3.0292893218813455
 20
5.629289321881346
 10
3.05
 20
5.613397459621556
 10
3.074118095489748
 20
5.603407417371093
 10
3.1
 20
5.6000000000000005
 10
3.125881904510252
 20
5.603407417371093
 10
3.15
 20
5.613397459621556
 10
3.1707106781186547
 20
5.629289321881346
 10
3.186602540378444
 20
5.65
 10
3.1965925826289068
 20
5.674118095489748
 97
0
 75
0
 76
1
 98
0
  0
LWPOLYLINE
  5
248
330
17
100
AcDbEntity
  8
Z-ZIELEN
  6
KRESKOWA
370
25
 48
0.2
100
AcDbPolyline
 90
4
 70
129
 10
8.6
 20
43.8
 10
17.2
 20
43.8
 10
17.2
 20
43.1
 10
8.6
 20
43.1
  0
LWPOLYLINE
  5
249
330
17
100
AcDbEntity
  8
Z-ZIELEN
  6
KRESKOWA
370
25
 48
0.2
100
AcDbPolyline
 90
4
 70
129
 10
0.8
 20
49.3
 10
13.8
 20
49.3
 10
13.8
 20
44.3
 10
0.8
 20
44.3
  0
LWPOLYLINE
  5
24A
330
17
100
AcDbEntity
  8
Z-ZIELEN
370
25
 48
0.2
100
AcDbPolyline
 90
84
 70
1
 10
1.9000000000000001
 20
45.099999999999994
 10
1.8821268470734576
 20
45.121142484359396
 10
1.8640178306021093
 20
45.13979428506903
 10
1.8469794165550077
 20
45.15637144013736
 10
1.8320535202874018
 20
45.17157903137344
 10
1.8199178949344843
 20
45.18631141347458
 10
1.8108267150891662
 20
45.201528794953504
 10
1.8045975450886365
 20
45.21812444773246
 10
1.8006457435969403
 20
45.23679795168995
 10
1.7980621141025228
 20
45.257949265342546
 10
1.7957248497785638
 20
45.28160612098483
 10
1.7924330718706298
 20
45.30739352770742
 10
1.7870469405576201
 20
45.334549444740404
 10
1.7593733520910886
 20
45.333757774475515
 10
1.7335
 20
45.33122878281044
 10
1.709916180879612
 20
45.32824330142602
 10
1.6887202631722873
 20
45.32605554386649
 10
1.6696355843871464
 20
45.32575301990329
 10
1.6520698985457778
 20
45.32813313145054
 10
1.6352110707617102
 20
45.333610190497346
 10
1.6181476295507073
 20
45.34216328696114
 10
1.6
 20
45.35333095244168
 10
1.5800470650124248
 20
45.36625341384737
 10
1.5578332686299154
 20
45.37975798335357
 10
1.5332437198131057
 20
45.39247837365454
 10
1.5166084723602127
 20
45.37034869262195
 10
1.5024539464941726
 20
45.348543290887996
 10
1.4900838191203882
 20
45.32824330142602
 10
1.4785788383248866
 20
45.31030762113532
 10
1.466916258489234
 20
45.29519799782244
 10
1.4541033863650563
 20
45.28294856689752
 10
1.4393099419762687
 20
45.27318269503829
 10
1.421983980308612
 20
45.26517472791977
 10
1.4019378858974774
 20
45.257949265342546
 10
1.3793942472576293
 20
45.25040645550298
 10
1.3549858741554413
 20
45.24145897151161
 10
1.3297093396292743
 20
45.23016512173526
 10
1.3366391138192553
 20
45.20336153111574
 10
1.3448620608551005
 20
45.1786996315677
 10
1.3530205834449924
 20
45.15637144013736
 10
1.3598700247591653
 20
45.1361937701956
 10
1.3644117043625206
 20
45.11765490206778
 10
1.366
 20
45.099999999999994
 10
1.3644117043625206
 20
45.08234509793221
 10
1.3598700247591653
 20
45.06380622980439
 10
1.3530205834449924
 20
45.043628559862626
 10
1.3448620608551005
 20
45.021300368432286
 10
1.3366391138192553
 20
44.99663846888425
 10
1.3297093396292743
 20
44.96983487826473
 10
1.3549858741554415
 20
44.958541028488376
 10
1.3793942472576295
 20
44.949593544497006
 10
1.4019378858974774
 20
44.94205073465744
 10
1.4219839803086123
 20
44.93482527208022
 10
1.4393099419762687
 20
44.9268173049617
 10
1.4541033863650563
 20
44.91705143310247
 10
1.466916258489234
 20
44.90480200217755
 10
1.4785788383248866
 20
44.889692378864666
 10
1.4900838191203882
 20
44.87175669857397
 10
1.5024539464941726
 20
44.85145670911199
 10
1.5166084723602127
 20
44.829651307378036
 10
1.5332437198131057
 20
44.80752162634545
 10
1.5578332686299157
 20
44.82024201664642
 10
1.580047065012425
 20
44.83374658615262
 10
1.6
 20
44.84666904755831
 10
1.6181476295507073
 20
44.85783671303885
 10
1.6352110707617102
 20
44.86638980950264
 10
1.6520698985457776
 20
44.871866868549446
 10
1.6696355843871467
 20
44.8742469800967
 10
1.6887202631722875
 20
44.8739444561335
 10
1.709916180879612
 20
44.87175669857397
 10
1.7335000000000003
 20
44.86877121718955
 10
1.7593733520910888
 20
44.86624222552447
 10
1.7870469405576201
 20
44.865450555259585
 10
1.7924330718706298
 20
44.89260647229257
 10
1.7957248497785636
 20
44.918393879015156
 10
1.7980621141025228
 20
44.94205073465744
 10
1.80064574359694
 20
44.96320204831004
 10
1.8045975450886365
 20
44.98187555226753
 10
1.8108267150891662
 20
44.998471205046485
 10
1.8199178949344843
 20
45.01368858652541
 10
1.8320535202874018
 20
45.02842096862655
 10
1.8469794165550075
 20
45.043628559862626
 10
1.8640178306021093
 20
45.06020571493096
 10
1.8821268470734576
 20
45.07885751564059
  0
LWPOLYLINE
  5
24B
330
17
100
AcDbEntity
  8
Z-ZIELEN
370
25
 48
0.2
100
AcDbPolyline
 90
84
 70
1
 10
1.9000000000000001
 20
46.699999999999996
 10
1.8821268470734576
 20
46.7211424843594
 10
1.8640178306021093
 20
46.73979428506903
 10
1.8469794165550077
 20
46.756371440137364
 10
1.8320535202874018
 20
46.77157903137344
 10
1.8199178949344843
 20
46.78631141347458
 10
1.8108267150891662
 20
46.801528794953505
 10
1.8045975450886365
 20
46.81812444773246
 10
1.8006457435969403
 20
46.83679795168995
 10
1.7980621141025228
 20
46.85794926534255
 10
1.7957248497785638
 20
46.881606120984834
 10
1.7924330718706298
 20
46.90739352770742
 10
1.7870469405576201
 20
46.934549444740405
 10
1.7593733520910886
 20
46.93375777447552
 10
1.7335
 20
46.93122878281044
 10
1.709916180879612
 20
46.92824330142602
 10
1.6887202631722873
 20
46.92605554386649
 10
1.6696355843871464
 20
46.92575301990329
 10
1.6520698985457778
 20
46.928133131450544
 10
1.6352110707617102
 20
46.93361019049735
 10
1.6181476295507073
 20
46.94216328696114
 10
1.6
 20
46.95333095244168
 10
1.5800470650124248
 20
46.96625341384737
 10
1.5578332686299154
 20
46.97975798335357
 10
1.5332437198131057
 20
46.99247837365454
 10
1.5166084723602127
 20
46.970348692621954
 10
1.5024539464941726
 20
46.948543290888
 10
1.4900838191203882
 20
46.92824330142602
 10
1.4785788383248866
 20
46.910307621135324
 10
1.466916258489234
 20
46.89519799782244
 10
1.4541033863650563
 20
46.88294856689752
 10
1.4393099419762687
 20
46.87318269503829
 10
1.421983980308612
 20
46.86517472791977
 10
1.4019378858974774
 20
46.85794926534255
 10
1.3793942472576293
 20
46.850406455502984
 10
1.3549858741554413
 20
46.841458971511614
 10
1.3297093396292743
 20
46.83016512173526
 10
1.3366391138192553
 20
46.80336153111574
 10
1.3448620608551005
 20
46.778699631567704
 10
1.3530205834449924
 20
46.756371440137364
 10
1.3598700247591653
 20
46.7361937701956
 10
1.3644117043625206
 20
46.71765490206778
 10
1.366
 20
46.699999999999996
 10
1.3644117043625206
 20
46.68234509793221
 10
1.3598700247591653
 20
46.66380622980439
 10
1.3530205834449924
 20
46.64362855986263
 10
1.3448620608551005
 20
46.62130036843229
 10
1.3366391138192553
 20
46.59663846888425
 10
1.3297093396292743
 20
46.56983487826473
 10
1.3549858741554415
 20
46.55854102848838
 10
1.3793942472576295
 20
46.54959354449701
 10
1.4019378858974774
 20
46.542050734657444
 10
1.4219839803086123
 20
46.53482527208022
 10
1.4393099419762687
 20
46.5268173049617
 10
1.4541033863650563
 20
46.51705143310247
 10
1.466916258489234
 20
46.50480200217755
 10
1.4785788383248866
 20
46.48969237886467
 10
1.4900838191203882
 20
46.47175669857397
 10
1.5024539464941726
 20
46.451456709111994
 10
1.5166084723602127
 20
46.42965130737804
 10
1.5332437198131057
 20
46.40752162634545
 10
1.5578332686299157
 20
46.42024201664642
 10
1.580047065012425
 20
46.43374658615262
 10
1.6
 20
46.44666904755831
 10
1.6181476295507073
 20
46.45783671303885
 10
1.6352110707617102
 20
46.466389809502644
 10
1.6520698985457776
 20
46.47186686854945
 10
1.6696355843871467
 20
46.4742469800967
 10
1.6887202631722875
 20
46.4739444561335
 10
1.709916180879612
 20
46.47175669857397
 10
1.7335000000000003
 20
46.46877121718955
 10
1.7593733520910888
 20
46.466242225524475
 10
1.7870469405576201
 20
46.46545055525959
 10
1.7924330718706298
 20
46.49260647229257
 10
1.7957248497785636
 20
46.51839387901516
 10
1.7980621141025228
 20
46.542050734657444
 10
1.80064574359694
 20
46.56320204831004
 10
1.8045975450886365
 20
46.58187555226753
 10
1.8108267150891662
 20
46.598471205046486
 10
1.8199178949344843
 20
46.61368858652541
 10
1.8320535202874018
 20
46.62842096862655
 10
1.8469794165550075
 20
46.64362855986263
 10
1.8640178306021093
 20
46.66020571493096
 10
1.8821268470734576
 20
46.678857515640594
  0
LWPOLYLINE
  5
24C
330
17
100
AcDbEntity
  8
Z-ZIELEN
370
25
 48
0.2
100
AcDbPolyline
 90
84
 70
1
 10
1.9000000000000001
 20
48.3
 10
1.8821268470734576
 20
48.3211424843594
 10
1.8640178306021093
 20
48.33979428506903
 10
1.8469794165550077
 20
48.356371440137366
 10
1.8320535202874018
 20
48.37157903137344
 10
1.8199178949344843
 20
48.38631141347458
 10
1.8108267150891662
 20
48.40152879495351
 10
1.8045975450886365
 20
48.41812444773246
 10
1.8006457435969403
 20
48.436797951689954
 10
1.7980621141025228
 20
48.45794926534255
 10
1.7957248497785638
 20
48.481606120984836
 10
1.7924330718706298
 20
48.50739352770742
 10
1.7870469405576201
 20
48.534549444740406
 10
1.7593733520910886
 20
48.53375777447552
 10
1.7335
 20
48.531228782810444
 10
1.709916180879612
 20
48.52824330142602
 10
1.6887202631722873
 20
48.52605554386649
 10
1.6696355843871464
 20
48.52575301990329
 10
1.6520698985457778
 20
48.528133131450545
 10
1.6352110707617102
 20
48.53361019049735
 10
1.6181476295507073
 20
48.54216328696114
 10
1.6
 20
48.553330952441684
 10
1.5800470650124248
 20
48.56625341384737
 10
1.5578332686299154
 20
48.57975798335357
 10
1.5332437198131057
 20
48.592478373654544
 10
1.5166084723602127
 20
48.570348692621955
 10
1.5024539464941726
 20
48.548543290888
 10
1.4900838191203882
 20
48.52824330142602
 10
1.4785788383248866
 20
48.510307621135325
 10
1.466916258489234
 20
48.495197997822444
 10
1.4541033863650563
 20
48.48294856689752
 10
1.4393099419762687
 20
48.47318269503829
 10
1.421983980308612
 20
48.46517472791977
 10
1.4019378858974774
 20
48.45794926534255
 10
1.3793942472576293
 20
48.450406455502986
 10
1.3549858741554413
 20
48.441458971511615
 10
1.3297093396292743
 20
48.430165121735264
 10
1.3366391138192553
 20
48.40336153111574
 10
1.3448620608551005
 20
48.378699631567706
 10
1.3530205834449924
 20
48.356371440137366
 10
1.3598700247591653
 20
48.3361937701956
 10
1.3644117043625206
 20
48.31765490206778
 10
1.366
 20
48.3
 10
1.3644117043625206
 20
48.282345097932215
 10
1.3598700247591653
 20
48.263806229804395
 10
1.3530205834449924
 20
48.24362855986263
 10
1.3448620608551005
 20
48.22130036843229
 10
1.3366391138192553
 20
48.19663846888425
 10
1.3297093396292743
 20
48.16983487826473
 10
1.3549858741554415
 20
48.15854102848838
 10
1.3793942472576295
 20
48.14959354449701
 10
1.4019378858974774
 20
48.142050734657445
 10
1.4219839803086123
 20
48.13482527208022
 10
1.4393099419762687
 20
48.126817304961705
 10
1.4541033863650563
 20
48.117051433102475
 10
1.466916258489234
 20
48.10480200217755
 10
1.4785788383248866
 20
48.08969237886467
 10
1.4900838191203882
 20
48.07175669857397
 10
1.5024539464941726
 20
48.051456709111996
 10
1.5166084723602127
 20
48.02965130737804
 10
1.5332437198131057
 20
48.00752162634545
 10
1.5578332686299157
 20
48.02024201664642
 10
1.580047065012425
 20
48.033746586152624
 10
1.6
 20
48.04666904755831
 10
1.6181476295507073
 20
48.05783671303885
 10
1.6352110707617102
 20
48.066389809502645
 10
1.6520698985457776
 20
48.07186686854945
 10
1.6696355843871467
 20
48.0742469800967
 10
1.6887202631722875
 20
48.0739444561335
 10
1.709916180879612
 20
48.07175669857397
 10
1.7335000000000003
 20
48.06877121718955
 10
1.7593733520910888
 20
48.066242225524476
 10
1.7870469405576201
 20
48.06545055525959
 10
1.7924330718706298
 20
48.09260647229257
 10
1.7957248497785636
 20
48.11839387901516
 10
1.7980621141025228
 20
48.142050734657445
 10
1.80064574359694
 20
48.16320204831004
 10
1.8045975450886365
 20
48.181875552267535
 10
1.8108267150891662
 20
48.19847120504649
 10
1.8199178949344843
 20
48.213688586525414
 10
1.8320535202874018
 20
48.22842096862655
 10
1.8469794165550075
 20
48.24362855986263
 10
1.8640178306021093
 20
48.26020571493096
 10
1.8821268470734576
 20
48.278857515640595
  0
LWPOLYLINE
  5
24D
330
17
100
AcDbEntity
  8
Z-ZIELEN
370
25
 48
0.2
100
AcDbPolyline
 90
84
 70
1
 10
3.5
 20
45.099999999999994
 10
3.4821268470734577
 20
45.121142484359396
 10
3.4640178306021094
 20
45.13979428506903
 10
3.4469794165550076
 20
45.15637144013736
 10
3.432053520287402
 20
45.17157903137344
 10
3.4199178949344846
 20
45.18631141347458
 10
3.4108267150891662
 20
45.201528794953504
 10
3.4045975450886363
 20
45.21812444773246
 10
3.4006457435969404
 20
45.23679795168995
 10
3.398062114102523
 20
45.257949265342546
 10
3.395724849778564
 20
45.28160612098483
 10
3.39243307187063
 20
45.30739352770742
 10
3.3870469405576205
 20
45.334549444740404
 10
3.3593733520910884
 20
45.333757774475515
 10
3.3335000000000004
 20
45.33122878281044
 10
3.309916180879612
 20
45.32824330142602
 10
3.2887202631722876
 20
45.32605554386649
 10
3.2696355843871467
 20
45.32575301990329
 10
3.252069898545778
 20
45.32813313145054
 10
3.2352110707617103
 20
45.333610190497346
 10
3.218147629550707
 20
45.34216328696114
 10
3.2
 20
45.35333095244168
 10
3.180047065012425
 20
45.36625341384737
 10
3.1578332686299158
 20
45.37975798335357
 10
3.133243719813106
 20
45.39247837365454
 10
3.1166084723602125
 20
45.37034869262195
 10
3.1024539464941725
 20
45.348543290887996
 10
3.0900838191203883
 20
45.32824330142602
 10
3.0785788383248867
 20
45.31030762113532
 10
3.066916258489234
 20
45.29519799782244
 10
3.0541033863650564
 20
45.28294856689752
 10
3.039309941976269
 20
45.27318269503829
 10
3.021983980308612
 20
45.26517472791977
 10
3.0019378858974775
 20
45.257949265342546
 10
2.9793942472576296
 20
45.25040645550298
 10
2.9549858741554416
 20
45.24145897151161
 10
2.9297093396292744
 20
45.23016512173526
 10
2.9366391138192554
 20
45.20336153111574
 10
2.9448620608551006
 20
45.1786996315677
 10
2.9530205834449927
 20
45.15637144013736
 10
2.9598700247591654
 20
45.1361937701956
 10
2.964411704362521
 20
45.11765490206778
 10
2.966
 20
45.099999999999994
 10
2.964411704362521
 20
45.08234509793221
 10
2.9598700247591654
 20
45.06380622980439
 10
2.9530205834449927
 20
45.043628559862626
 10
2.9448620608551006
 20
45.021300368432286
 10
2.9366391138192554
 20
44.99663846888425
 10
2.9297093396292744
 20
44.96983487826473
 10
2.9549858741554416
 20
44.958541028488376
 10
2.9793942472576296
 20
44.949593544497006
 10
3.0019378858974775
 20
44.94205073465744
 10
3.021983980308612
 20
44.93482527208022
 10
3.039309941976269
 20
44.9268173049617
 10
3.0541033863650564
 20
44.91705143310247
 10
3.066916258489234
 20
44.90480200217755
 10
3.0785788383248867
 20
44.889692378864666
 10
3.0900838191203883
 20
44.87175669857397
 10
3.1024539464941725
 20
44.85145670911199
 10
3.1166084723602125
 20
44.829651307378036
 10
3.133243719813106
 20
44.80752162634545
 10
3.1578332686299158
 20
44.82024201664642
 10
3.180047065012425
 20
44.83374658615262
 10
3.2
 20
44.84666904755831
 10
3.218147629550707
 20
44.85783671303885
 10
3.2352110707617103
 20
44.86638980950264
 10
3.252069898545778
 20
44.871866868549446
 10
3.2696355843871467
 20
44.8742469800967
 10
3.2887202631722876
 20
44.8739444561335
 10
3.309916180879612
 20
44.87175669857397
 10
3.3335000000000004
 20
44.86877121718955
 10
3.359373352091089
 20
44.86624222552447
 10
3.38704694055762
 20
44.865450555259585
 10
3.39243307187063
 20
44.89260647229257
 10
3.395724849778564
 20
44.918393879015156
 10
3.398062114102523
 20
44.94205073465744
 10
3.4006457435969404
 20
44.96320204831004
 10
3.4045975450886363
 20
44.98187555226753
 10
3.4108267150891662
 20
44.998471205046485
 10
3.4199178949344846
 20
45.01368858652541
 10
3.432053520287402
 20
45.02842096862655
 10
3.4469794165550076
 20
45.043628559862626
 10
3.4640178306021094
 20
45.06020571493096
 10
3.4821268470734577
 20
45.07885751564059
  0
LWPOLYLINE
  5
24E
330
17
100
AcDbEntity
  8
Z-ZIELEN
370
25
 48
0.2
100
AcDbPolyline
 90
84
 70
1
 10
3.5
 20
46.699999999999996
 10
3.4821268470734577
 20
46.7211424843594
 10
3.4640178306021094
 20
46.73979428506903
 10
3.4469794165550076
 20
46.756371440137364
 10
3.432053520287402
 20
46.77157903137344
 10
3.4199178949344846
 20
46.78631141347458
 10
3.4108267150891662
 20
46.801528794953505
 10
3.4045975450886363
 20
46.81812444773246
 10
3.4006457435969404
 20
46.83679795168995
 10
3.398062114102523
 20
46.85794926534255
 10
3.395724849778564
 20
46.881606120984834
 10
3.39243307187063
 20
46.90739352770742
 10
3.3870469405576205
 20
46.934549444740405
 10
3.3593733520910884
 20
46.93375777447552
 10
3.3335000000000004
 20
46.93122878281044
 10
3.309916180879612
 20
46.92824330142602
 10
3.2887202631722876
 20
46.92605554386649
 10
3.2696355843871467
 20
46.92575301990329
 10
3.252069898545778
 20
46.928133131450544
 10
3.2352110707617103
 20
46.93361019049735
 10
3.218147629550707
 20
46.94216328696114
 10
3.2
 20
46.95333095244168
 10
3.180047065012425
 20
46.96625341384737
 10
3.1578332686299158
 20
46.97975798335357
 10
3.133243719813106
 20
46.99247837365454
 10
3.1166084723602125
 20
46.970348692621954
 10
3.1024539464941725
 20
46.948543290888
 10
3.0900838191203883
 20
46.92824330142602
 10
3.0785788383248867
 20
46.910307621135324
 10
3.066916258489234
 20
46.89519799782244
 10
3.0541033863650564
 20
46.88294856689752
 10
3.039309941976269
 20
46.87318269503829
 10
3.021983980308612
 20
46.86517472791977
 10
3.0019378858974775
 20
46.85794926534255
 10
2.9793942472576296
 20
46.850406455502984
 10
2.9549858741554416
 20
46.841458971511614
 10
2.9297093396292744
 20
46.83016512173526
 10
2.9366391138192554
 20
46.80336153111574
 10
2.9448620608551006
 20
46.778699631567704
 10
2.9530205834449927
 20
46.756371440137364
 10
2.9598700247591654
 20
46.7361937701956
 10
2.964411704362521
 20
46.71765490206778
 10
2.966
 20
46.699999999999996
 10
2.964411704362521
 20
46.68234509793221
 10
2.9598700247591654
 20
46.66380622980439
 10
2.9530205834449927
 20
46.64362855986263
 10
2.9448620608551006
 20
46.62130036843229
 10
2.9366391138192554
 20
46.59663846888425
 10
2.9297093396292744
 20
46.56983487826473
 10
2.9549858741554416
 20
46.55854102848838
 10
2.9793942472576296
 20
46.54959354449701
 10
3.0019378858974775
 20
46.542050734657444
 10
3.021983980308612
 20
46.53482527208022
 10
3.039309941976269
 20
46.5268173049617
 10
3.0541033863650564
 20
46.51705143310247
 10
3.066916258489234
 20
46.50480200217755
 10
3.0785788383248867
 20
46.48969237886467
 10
3.0900838191203883
 20
46.47175669857397
 10
3.1024539464941725
 20
46.451456709111994
 10
3.1166084723602125
 20
46.42965130737804
 10
3.133243719813106
 20
46.40752162634545
 10
3.1578332686299158
 20
46.42024201664642
 10
3.180047065012425
 20
46.43374658615262
 10
3.2
 20
46.44666904755831
 10
3.218147629550707
 20
46.45783671303885
 10
3.2352110707617103
 20
46.466389809502644
 10
3.252069898545778
 20
46.47186686854945
 10
3.2696355843871467
 20
46.4742469800967
 10
3.2887202631722876
 20
46.4739444561335
 10
3.309916180879612
 20
46.47175669857397
 10
3.3335000000000004
 20
46.46877121718955
 10
3.359373352091089
 20
46.466242225524475
 10
3.38704694055762
 20
46.46545055525959
 10
3.39243307187063
 20
46.49260647229257
 10
3.395724849778564
 20
46.51839387901516
 10
3.398062114102523
 20
46.542050734657444
 10
3.4006457435969404
 20
46.56320204831004
 10
3.4045975450886363
 20
46.58187555226753
 10
3.4108267150891662
 20
46.598471205046486
 10
3.4199178949344846
 20
46.61368858652541
 10
3.432053520287402
 20
46.62842096862655
 10
3.4469794165550076
 20
46.64362855986263
 10
3.4640178306021094
 20
46.66020571493096
 10
3.4821268470734577
 20
46.678857515640594
  0
LWPOLYLINE
  5
24F
330
17
100
AcDbEntity
  8
Z-ZIELEN
370
25
 48
0.2
100
AcDbPolyline
 90
84
 70
1
 10
3.5
 20
48.3
 10
3.4821268470734577
 20
48.3211424843594
 10
3.4640178306021094
 20
48.33979428506903
 10
3.4469794165550076
 20
48.356371440137366
 10
3.432053520287402
 20
48.37157903137344
 10
3.4199178949344846
 20
48.38631141347458
 10
3.4108267150891662
 20
48.40152879495351
 10
3.4045975450886363
 20
48.41812444773246
 10
3.4006457435969404
 20
48.436797951689954
 10
3.398062114102523
 20
48.45794926534255
 10
3.395724849778564
 20
48.481606120984836
 10
3.39243307187063
 20
48.50739352770742
 10
3.3870469405576205
 20
48.534549444740406
 10
3.3593733520910884
 20
48.53375777447552
 10
3.3335000000000004
 20
48.531228782810444
 10
3.309916180879612
 20
48.52824330142602
 10
3.2887202631722876
 20
48.52605554386649
 10
3.2696355843871467
 20
48.52575301990329
 10
3.252069898545778
 20
48.528133131450545
 10
3.2352110707617103
 20
48.53361019049735
 10
3.218147629550707
 20
48.54216328696114
 10
3.2
 20
48.553330952441684
 10
3.180047065012425
 20
48.56625341384737
 10
3.1578332686299158
 20
48.57975798335357
 10
3.133243719813106
 20
48.592478373654544
 10
3.1166084723602125
 20
48.570348692621955
 10
3.1024539464941725
 20
48.548543290888
 10
3.0900838191203883
 20
48.52824330142602
 10
3.0785788383248867
 20
48.510307621135325
 10
3.066916258489234
 20
48.495197997822444
 10
3.0541033863650564
 20
48.48294856689752
 10
3.039309941976269
 20
48.47318269503829
 10
3.021983980308612
 20
48.46517472791977
 10
3.0019378858974775
 20
48.45794926534255
 10
2.9793942472576296
 20
48.450406455502986
 10
2.9549858741554416
 20
48.441458971511615
 10
2.9297093396292744
 20
48.430165121735264
 10
2.9366391138192554
 20
48.40336153111574
 10
2.9448620608551006
 20
48.378699631567706
 10
2.9530205834449927
 20
48.356371440137366
 10
2.9598700247591654
 20
48.3361937701956
 10
2.964411704362521
 20
48.31765490206778
 10
2.966
 20
48.3
 10
2.964411704362521
 20
48.282345097932215
 10
2.9598700247591654
 20
48.263806229804395
 10
2.9530205834449927
 20
48.24362855986263
 10
2.9448620608551006
 20
48.22130036843229
 10
2.9366391138192554
 20
48.19663846888425
 10
2.9297093396292744
 20
48.16983487826473
 10
2.9549858741554416
 20
48.15854102848838
 10
2.9793942472576296
 20
48.14959354449701
 10
3.0019378858974775
 20
48.142050734657445
 10
3.021983980308612
 20
48.13482527208022
 10
3.039309941976269
 20
48.126817304961705
 10
3.0541033863650564
 20
48.117051433102475
 10
3.066916258489234
 20
48.10480200217755
 10
3.0785788383248867
 20
48.08969237886467
 10
3.0900838191203883
 20
48.07175669857397
 10
3.1024539464941725
 20
48.051456709111996
 10
3.1166084723602125
 20
48.02965130737804
 10
3.133243719813106
 20
48.00752162634545
 10
3.1578332686299158
 20
48.02024201664642
 10
3.180047065012425
 20
48.033746586152624
 10
3.2
 20
48.04666904755831
 10
3.218147629550707
 20
48.05783671303885
 10
3.2352110707617103
 20
48.066389809502645
 10
3.252069898545778
 20
48.07186686854945
 10
3.2696355843871467
 20
48.0742469800967
 10
3.2887202631722876
 20
48.0739444561335
 10
3.309916180879612
 20
48.07175669857397
 10
3.3335000000000004
 20
48.06877121718955
 10
3.359373352091089
 20
48.066242225524476
 10
3.38704694055762
 20
48.06545055525959
 10
3.39243307187063
 20
48.09260647229257
 10
3.395724849778564
 20
48.11839387901516
 10
3.398062114102523
 20
48.142050734657445
 10
3.4006457435969404
 20
48.16320204831004
 10
3.4045975450886363
 20
48.181875552267535
 10
3.4108267150891662
 20
48.19847120504649
 10
3.4199178949344846
 20
48.213688586525414
 10
3.432053520287402
 20
48.22842096862655
 10
3.4469794165550076
 20
48.24362855986263
 10
3.4640178306021094
 20
48.26020571493096
 10
3.4821268470734577
 20
48.278857515640595
  0
LWPOLYLINE
  5
250
330
17
100
AcDbEntity
  8
Z-ZIELEN
370
25
 48
0.2
100
AcDbPolyline
 90
84
 70
1
 10
5.1000000000000005
 20
45.099999999999994
 10
5.082126847073458
 20
45.121142484359396
 10
5.06401783060211
 20
45.13979428506903
 10
5.046979416555009
 20
45.15637144013736
 10
5.032053520287403
 20
45.17157903137344
 10
5.019917894934485
 20
45.18631141347458
 10
5.010826715089167
 20
45.201528794953504
 10
5.004597545088637
 20
45.21812444773246
 10
5.000645743596941
 20
45.23679795168995
 10
4.998062114102524
 20
45.257949265342546
 10
4.995724849778564
 20
45.28160612098483
 10
4.9924330718706305
 20
45.30739352770742
 10
4.9870469405576205
 20
45.334549444740404
 10
4.959373352091089
 20
45.333757774475515
 10
4.9335
 20
45.33122878281044
 10
4.909916180879613
 20
45.32824330142602
 10
4.888720263172288
 20
45.32605554386649
 10
4.869635584387147
 20
45.32575301990329
 10
4.852069898545778
 20
45.32813313145054
 10
4.83521107076171
 20
45.333610190497346
 10
4.818147629550708
 20
45.34216328696114
 10
4.800000000000001
 20
45.35333095244168
 10
4.780047065012425
 20
45.36625341384737
 10
4.757833268629916
 20
45.37975798335357
 10
4.733243719813107
 20
45.39247837365454
 10
4.716608472360213
 20
45.37034869262195
 10
4.702453946494173
 20
45.348543290887996
 10
4.690083819120389
 20
45.32824330142602
 10
4.678578838324887
 20
45.31030762113532
 10
4.666916258489234
 20
45.29519799782244
 10
4.654103386365057
 20
45.28294856689752
 10
4.639309941976269
 20
45.27318269503829
 10
4.621983980308613
 20
45.26517472791977
 10
4.6019378858974775
 20
45.257949265342546
 10
4.57939424725763
 20
45.25040645550298
 10
4.554985874155442
 20
45.24145897151161
 10
4.529709339629275
 20
45.23016512173526
 10
4.536639113819255
 20
45.20336153111574
 10
4.544862060855101
 20
45.1786996315677
 10
4.553020583444993
 20
45.15637144013736
 10
4.5598700247591655
 20
45.1361937701956
 10
4.564411704362521
 20
45.11765490206778
 10
4.566000000000001
 20
45.099999999999994
 10
4.564411704362521
 20
45.08234509793221
 10
4.5598700247591655
 20
45.06380622980439
 10
4.553020583444993
 20
45.043628559862626
 10
4.544862060855101
 20
45.021300368432286
 10
4.536639113819255
 20
44.99663846888425
 10
4.529709339629275
 20
44.96983487826473
 10
4.554985874155442
 20
44.958541028488376
 10
4.57939424725763
 20
44.949593544497006
 10
4.6019378858974775
 20
44.94205073465744
 10
4.621983980308613
 20
44.93482527208022
 10
4.639309941976269
 20
44.9268173049617
 10
4.654103386365057
 20
44.91705143310247
 10
4.666916258489235
 20
44.90480200217755
 10
4.678578838324888
 20
44.889692378864666
 10
4.690083819120389
 20
44.87175669857397
 10
4.702453946494173
 20
44.85145670911199
 10
4.716608472360213
 20
44.829651307378036
 10
4.733243719813107
 20
44.80752162634545
 10
4.757833268629916
 20
44.82024201664642
 10
4.780047065012425
 20
44.83374658615262
 10
4.800000000000001
 20
44.84666904755831
 10
4.818147629550708
 20
44.85783671303885
 10
4.83521107076171
 20
44.86638980950264
 10
4.852069898545778
 20
44.871866868549446
 10
4.869635584387147
 20
44.8742469800967
 10
4.888720263172288
 20
44.8739444561335
 10
4.909916180879613
 20
44.87175669857397
 10
4.9335
 20
44.86877121718955
 10
4.959373352091089
 20
44.86624222552447
 10
4.9870469405576205
 20
44.865450555259585
 10
4.9924330718706305
 20
44.89260647229257
 10
4.995724849778564
 20
44.918393879015156
 10
4.998062114102524
 20
44.94205073465744
 10
5.000645743596941
 20
44.96320204831004
 10
5.004597545088637
 20
44.98187555226753
 10
5.010826715089167
 20
44.998471205046485
 10
5.019917894934485
 20
45.01368858652541
 10
5.032053520287403
 20
45.02842096862655
 10
5.046979416555009
 20
45.043628559862626
 10
5.06401783060211
 20
45.06020571493096
 10
5.082126847073458
 20
45.07885751564059
  0
LWPOLYLINE
  5
251
330
17
100
AcDbEntity
  8
Z-ZIELEN
370
25
 48
0.2
100
AcDbPolyline
 90
84
 70
1
 10
5.1000000000000005
 20
46.699999999999996
 10
5.082126847073458
 20
46.7211424843594
 10
5.06401783060211
 20
46.73979428506903
 10
5.046979416555009
 20
46.756371440137364
 10
5.032053520287403
 20
46.77157903137344
 10
5.019917894934485
 20
46.78631141347458
 10
5.010826715089167
 20
46.801528794953505
 10
5.004597545088637
 20
46.81812444773246
 10
5.000645743596941
 20
46.83679795168995
 10
4.998062114102524
 20
46.85794926534255
 10
4.995724849778564
 20
46.881606120984834
 10
4.9924330718706305
 20
46.90739352770742
 10
4.9870469405576205
 20
46.934549444740405
 10
4.959373352091089
 20
46.93375777447552
 10
4.9335
 20
46.93122878281044
 10
4.909916180879613
 20
46.92824330142602
 10
4.888720263172288
 20
46.92605554386649
 10
4.869635584387147
 20
46.92575301990329
 10
4.852069898545778
 20
46.928133131450544
 10
4.83521107076171
 20
46.93361019049735
 10
4.818147629550708
 20
46.94216328696114
 10
4.800000000000001
 20
46.95333095244168
 10
4.780047065012425
 20
46.96625341384737
 10
4.757833268629916
 20
46.97975798335357
 10
4.733243719813107
 20
46.99247837365454
 10
4.716608472360213
 20
46.970348692621954
 10
4.702453946494173
 20
46.948543290888
 10
4.690083819120389
 20
46.92824330142602
 10
4.678578838324887
 20
46.910307621135324
 10
4.666916258489234
 20
46.89519799782244
 10
4.654103386365057
 20
46.88294856689752
 10
4.639309941976269
 20
46.87318269503829
 10
4.621983980308613
 20
46.86517472791977
 10
4.6019378858974775
 20
46.85794926534255
 10
4.57939424725763
 20
46.850406455502984
 10
4.554985874155442
 20
46.841458971511614
 10
4.529709339629275
 20
46.83016512173526
 10
4.536639113819255
 20
46.80336153111574
 10
4.544862060855101
 20
46.778699631567704
 10
4.553020583444993
 20
46.756371440137364
 10
4.5598700247591655
 20
46.7361937701956
 10
4.564411704362521
 20
46.71765490206778
 10
4.566000000000001
 20
46.699999999999996
 10
4.564411704362521
 20
46.68234509793221
 10
4.5598700247591655
 20
46.66380622980439
 10
4.553020583444993
 20
46.64362855986263
 10
4.544862060855101
 20
46.62130036843229
 10
4.536639113819255
 20
46.59663846888425
 10
4.529709339629275
 20
46.56983487826473
 10
4.554985874155442
 20
46.55854102848838
 10
4.57939424725763
 20
46.54959354449701
 10
4.6019378858974775
 20
46.542050734657444
 10
4.621983980308613
 20
46.53482527208022
 10
4.639309941976269
 20
46.5268173049617
 10
4.654103386365057
 20
46.51705143310247
 10
4.666916258489235
 20
46.50480200217755
 10
4.678578838324888
 20
46.48969237886467
 10
4.690083819120389
 20
46.47175669857397
 10
4.702453946494173
 20
46.451456709111994
 10
4.716608472360213
 20
46.42965130737804
 10
4.733243719813107
 20
46.40752162634545
 10
4.757833268629916
 20
46.42024201664642
 10
4.780047065012425
 20
46.43374658615262
 10
4.800000000000001
 20
46.44666904755831
 10
4.818147629550708
 20
46.45783671303885
 10
4.83521107076171
 20
46.466389809502644
 10
4.852069898545778
 20
46.47186686854945
 10
4.869635584387147
 20
46.4742469800967
 10
4.888720263172288
 20
46.4739444561335
 10
4.909916180879613
 20
46.47175669857397
 10
4.9335
 20
46.46877121718955
 10
4.959373352091089
 20
46.466242225524475
 10
4.9870469405576205
 20
46.46545055525959
 10
4.9924330718706305
 20
46.49260647229257
 10
4.995724849778564
 20
46.51839387901516
 10
4.998062114102524
 20
46.542050734657444
 10
5.000645743596941
 20
46.56320204831004
 10
5.004597545088637
 20
46.58187555226753
 10
5.010826715089167
 20
46.598471205046486
 10
5.019917894934485
 20
46.61368858652541
 10
5.032053520287403
 20
46.62842096862655
 10
5.046979416555009
 20
46.64362855986263
 10
5.06401783060211
 20
46.66020571493096
 10
5.082126847073458
 20
46.678857515640594
  0
LWPOLYLINE
  5
252
330
17
100
AcDbEntity
  8
Z-ZIELEN
370
25
 48
0.2
100
AcDbPolyline
 90
84
 70
1
 10
5.1000000000000005
 20
48.3
 10
5.082126847073458
 20
48.3211424843594
 10
5.06401783060211
 20
48.33979428506903
 10
5.046979416555009
 20
48.356371440137366
 10
5.032053520287403
 20
48.37157903137344
 10
5.019917894934485
 20
48.38631141347458
 10
5.010826715089167
 20
48.40152879495351
 10
5.004597545088637
 20
48.41812444773246
 10
5.000645743596941
 20
48.436797951689954
 10
4.998062114102524
 20
48.45794926534255
 10
4.995724849778564
 20
48.481606120984836
 10
4.9924330718706305
 20
48.50739352770742
 10
4.9870469405576205
 20
48.534549444740406
 10
4.959373352091089
 20
48.53375777447552
 10
4.9335
 20
48.531228782810444
 10
4.909916180879613
 20
48.52824330142602
 10
4.888720263172288
 20
48.52605554386649
 10
4.869635584387147
 20
48.52575301990329
 10
4.852069898545778
 20
48.528133131450545
 10
4.83521107076171
 20
48.53361019049735
 10
4.818147629550708
 20
48.54216328696114
 10
4.800000000000001
 20
48.553330952441684
 10
4.780047065012425
 20
48.56625341384737
 10
4.757833268629916
 20
48.57975798335357
 10
4.733243719813107
 20
48.592478373654544
 10
4.716608472360213
 20
48.570348692621955
 10
4.702453946494173
 20
48.548543290888
 10
4.690083819120389
 20
48.52824330142602
 10
4.678578838324887
 20
48.510307621135325
 10
4.666916258489234
 20
48.495197997822444
 10
4.654103386365057
 20
48.48294856689752
 10
4.639309941976269
 20
48.47318269503829
 10
4.621983980308613
 20
48.46517472791977
 10
4.6019378858974775
 20
48.45794926534255
 10
4.57939424725763
 20
48.450406455502986
 10
4.554985874155442
 20
48.441458971511615
 10
4.529709339629275
 20
48.430165121735264
 10
4.536639113819255
 20
48.40336153111574
 10
4.544862060855101
 20
48.378699631567706
 10
4.553020583444993
 20
48.356371440137366
 10
4.5598700247591655
 20
48.3361937701956
 10
4.564411704362521
 20
48.31765490206778
 10
4.566000000000001
 20
48.3
 10
4.564411704362521
 20
48.282345097932215
 10
4.5598700247591655
 20
48.263806229804395
 10
4.553020583444993
 20
48.24362855986263
 10
4.544862060855101
 20
48.22130036843229
 10
4.536639113819255
 20
48.19663846888425
 10
4.529709339629275
 20
48.16983487826473
 10
4.554985874155442
 20
48.15854102848838
 10
4.57939424725763
 20
48.14959354449701
 10
4.6019378858974775
 20
48.142050734657445
 10
4.621983980308613
 20
48.13482527208022
 10
4.639309941976269
 20
48.126817304961705
 10
4.654103386365057
 20
48.117051433102475
 10
4.666916258489235
 20
48.10480200217755
 10
4.678578838324888
 20
48.08969237886467
 10
4.690083819120389
 20
48.07175669857397
 10
4.702453946494173
 20
48.051456709111996
 10
4.716608472360213
 20
48.02965130737804
 10
4.733243719813107
 20
48.00752162634545
 10
4.757833268629916
 20
48.02024201664642
 10
4.780047065012425
 20
48.033746586152624
 10
4.800000000000001
 20
48.04666904755831
 10
4.818147629550708
 20
48.05783671303885
 10
4.83521107076171
 20
48.066389809502645
 10
4.852069898545778
 20
48.07186686854945
 10
4.869635584387147
 20
48.0742469800967
 10
4.888720263172288
 20
48.0739444561335
 10
4.909916180879613
 20
48.07175669857397
 10
4.9335
 20
48.06877121718955
 10
4.959373352091089
 20
48.066242225524476
 10
4.9870469405576205
 20
48.06545055525959
 10
4.9924330718706305
 20
48.09260647229257
 10
4.995724849778564
 20
48.11839387901516
 10
4.998062114102524
 20
48.142050734657445
 10
5.000645743596941
 20
48.16320204831004
 10
5.004597545088637
 20
48.181875552267535
 10
5.010826715089167
 20
48.19847120504649
 10
5.019917894934485
 20
48.213688586525414
 10
5.032053520287403
 20
48.22842096862655
 10
5.046979416555009
 20
48.24362855986263
 10
5.06401783060211
 20
48.26020571493096
 10
5.082126847073458
 20
48.278857515640595
  0
LWPOLYLINE
  5
253
330
17
100
AcDbEntity
  8
Z-ZIELEN
370
25
 48
0.2
100
AcDbPolyline
 90
84
 70
1
 10
6.7
 20
45.099999999999994
 10
6.682126847073458
 20
45.121142484359396
 10
6.66401783060211
 20
45.13979428506903
 10
6.646979416555008
 20
45.15637144013736
 10
6.6320535202874025
 20
45.17157903137344
 10
6.619917894934485
 20
45.18631141347458
 10
6.610826715089167
 20
45.201528794953504
 10
6.6045975450886365
 20
45.21812444773246
 10
6.600645743596941
 20
45.23679795168995
 10
6.5980621141025235
 20
45.257949265342546
 10
6.595724849778564
 20
45.28160612098483
 10
6.59243307187063
 20
45.30739352770742
 10
6.58704694055762
 20
45.334549444740404
 10
6.559373352091089
 20
45.333757774475515
 10
6.5335
 20
45.33122878281044
 10
6.509916180879612
 20
45.32824330142602
 10
6.488720263172287
 20
45.32605554386649
 10
6.469635584387147
 20
45.32575301990329
 10
6.452069898545778
 20
45.32813313145054
 10
6.43521107076171
 20
45.333610190497346
 10
6.418147629550708
 20
45.34216328696114
 10
6.4
 20
45.35333095244168
 10
6.380047065012425
 20
45.36625341384737
 10
6.357833268629916
 20
45.37975798335357
 10
6.333243719813106
 20
45.39247837365454
 10
6.316608472360213
 20
45.37034869262195
 10
6.302453946494173
 20
45.348543290887996
 10
6.2900838191203885
 20
45.32824330142602
 10
6.278578838324886
 20
45.31030762113532
 10
6.266916258489234
 20
45.29519799782244
 10
6.254103386365057
 20
45.28294856689752
 10
6.239309941976269
 20
45.27318269503829
 10
6.221983980308613
 20
45.26517472791977
 10
6.201937885897477
 20
45.257949265342546
 10
6.17939424725763
 20
45.25040645550298
 10
6.154985874155441
 20
45.24145897151161
 10
6.129709339629275
 20
45.23016512173526
 10
6.136639113819255
 20
45.20336153111574
 10
6.1448620608551
 20
45.1786996315677
 10
6.1530205834449925
 20
45.15637144013736
 10
6.159870024759165
 20
45.1361937701956
 10
6.164411704362521
 20
45.11765490206778
 10
6.166
 20
45.099999999999994
 10
6.164411704362521
 20
45.08234509793221
 10
6.159870024759165
 20
45.06380622980439
 10
6.1530205834449925
 20
45.043628559862626
 10
6.1448620608551
 20
45.021300368432286
 10
6.136639113819255
 20
44.99663846888425
 10
6.129709339629275
 20
44.96983487826473
 10
6.154985874155441
 20
44.958541028488376
 10
6.17939424725763
 20
44.949593544497006
 10
6.201937885897477
 20
44.94205073465744
 10
6.221983980308613
 20
44.93482527208022
 10
6.239309941976269
 20
44.9268173049617
 10
6.254103386365057
 20
44.91705143310247
 10
6.266916258489235
 20
44.90480200217755
 10
6.278578838324887
 20
44.889692378864666
 10
6.2900838191203885
 20
44.87175669857397
 10
6.302453946494173
 20
44.85145670911199
 10
6.316608472360213
 20
44.829651307378036
 10
6.333243719813106
 20
44.80752162634545
 10
6.357833268629916
 20
44.82024201664642
 10
6.380047065012425
 20
44.83374658615262
 10
6.4
 20
44.84666904755831
 10
6.418147629550708
 20
44.85783671303885
 10
6.43521107076171
 20
44.86638980950264
 10
6.452069898545778
 20
44.871866868549446
 10
6.469635584387147
 20
44.8742469800967
 10
6.488720263172287
 20
44.8739444561335
 10
6.509916180879612
 20
44.87175669857397
 10
6.5335
 20
44.86877121718955
 10
6.559373352091089
 20
44.86624222552447
 10
6.58704694055762
 20
44.865450555259585
 10
6.59243307187063
 20
44.89260647229257
 10
6.595724849778564
 20
44.918393879015156
 10
6.5980621141025235
 20
44.94205073465744
 10
6.600645743596941
 20
44.96320204831004
 10
6.6045975450886365
 20
44.98187555226753
 10
6.610826715089167
 20
44.998471205046485
 10
6.619917894934485
 20
45.01368858652541
 10
6.6320535202874025
 20
45.02842096862655
 10
6.646979416555008
 20
45.043628559862626
 10
6.66401783060211
 20
45.06020571493096
 10
6.682126847073458
 20
45.07885751564059
  0
LWPOLYLINE
  5
254
330
17
100
AcDbEntity
  8
Z-ZIELEN
370
25
 48
0.2
100
AcDbPolyline
 90
84
 70
1
 10
6.7
 20
46.699999999999996
 10
6.682126847073458
 20
46.7211424843594
 10
6.66401783060211
 20
46.73979428506903
 10
6.646979416555008
 20
46.756371440137364
 10
6.6320535202874025
 20
46.77157903137344
 10
6.619917894934485
 20
46.78631141347458
 10
6.610826715089167
 20
46.801528794953505
 10
6.6045975450886365
 20
46.81812444773246
 10
6.600645743596941
 20
46.83679795168995
 10
6.5980621141025235
 20
46.85794926534255
 10
6.595724849778564
 20
46.881606120984834
 10
6.59243307187063
 20
46.90739352770742
 10
6.58704694055762
 20
46.934549444740405
 10
6.559373352091089
 20
46.93375777447552
 10
6.5335
 20
46.93122878281044
 10
6.509916180879612
 20
46.92824330142602
 10
6.488720263172287
 20
46.92605554386649
 10
6.469635584387147
 20
46.92575301990329
 10
6.452069898545778
 20
46.928133131450544
 10
6.43521107076171
 20
46.93361019049735
 10
6.418147629550708
 20
46.94216328696114
 10
6.4
 20
46.95333095244168
 10
6.380047065012425
 20
46.96625341384737
 10
6.357833268629916
 20
46.97975798335357
 10
6.333243719813106
 20
46.99247837365454
 10
6.316608472360213
 20
46.970348692621954
 10
6.302453946494173
 20
46.948543290888
 10
6.2900838191203885
 20
46.92824330142602
 10
6.278578838324886
 20
46.910307621135324
 10
6.266916258489234
 20
46.89519799782244
 10
6.254103386365057
 20
46.88294856689752
 10
6.239309941976269
 20
46.87318269503829
 10
6.221983980308613
 20
46.86517472791977
 10
6.201937885897477
 20
46.85794926534255
 10
6.17939424725763
 20
46.850406455502984
 10
6.154985874155441
 20
46.841458971511614
 10
6.129709339629275
 20
46.83016512173526
 10
6.136639113819255
 20
46.80336153111574
 10
6.1448620608551
 20
46.778699631567704
 10
6.1530205834449925
 20
46.756371440137364
 10
6.159870024759165
 20
46.7361937701956
 10
6.164411704362521
 20
46.71765490206778
 10
6.166
 20
46.699999999999996
 10
6.164411704362521
 20
46.68234509793221
 10
6.159870024759165
 20
46.66380622980439
 10
6.1530205834449925
 20
46.64362855986263
 10
6.1448620608551
 20
46.62130036843229
 10
6.136639113819255
 20
46.59663846888425
 10
6.129709339629275
 20
46.56983487826473
 10
6.154985874155441
 20
46.55854102848838
 10
6.17939424725763
 20
46.54959354449701
 10
6.201937885897477
 20
46.542050734657444
 10
6.221983980308613
 20
46.53482527208022
 10
6.239309941976269
 20
46.5268173049617
 10
6.254103386365057
 20
46.51705143310247
 10
6.266916258489235
 20
46.50480200217755
 10
6.278578838324887
 20
46.48969237886467
 10
6.2900838191203885
 20
46.47175669857397
 10
6.302453946494173
 20
46.451456709111994
 10
6.316608472360213
 20
46.42965130737804
 10
6.333243719813106
 20
46.40752162634545
 10
6.357833268629916
 20
46.42024201664642
 10
6.380047065012425
 20
46.43374658615262
 10
6.4
 20
46.44666904755831
 10
6.418147629550708
 20
46.45783671303885
 10
6.43521107076171
 20
46.466389809502644
 10
6.452069898545778
 20
46.47186686854945
 10
6.469635584387147
 20
46.4742469800967
 10
6.488720263172287
 20
46.4739444561335
 10
6.509916180879612
 20
46.47175669857397
 10
6.5335
 20
46.46877121718955
 10
6.559373352091089
 20
46.466242225524475
 10
6.58704694055762
 20
46.46545055525959
 10
6.59243307187063
 20
46.49260647229257
 10
6.595724849778564
 20
46.51839387901516
 10
6.5980621141025235
 20
46.542050734657444
 10
6.600645743596941
 20
46.56320204831004
 10
6.6045975450886365
 20
46.58187555226753
 10
6.610826715089167
 20
46.598471205046486
 10
6.619917894934485
 20
46.61368858652541
 10
6.6320535202874025
 20
46.62842096862655
 10
6.646979416555008
 20
46.64362855986263
 10
6.66401783060211
 20
46.66020571493096
 10
6.682126847073458
 20
46.678857515640594
  0
LWPOLYLINE
  5
255
330
17
100
AcDbEntity
  8
Z-ZIELEN
370
25
 48
0.2
100
AcDbPolyline
 90
84
 70
1
 10
6.7
 20
48.3
 10
6.682126847073458
 20
48.3211424843594
 10
6.66401783060211
 20
48.33979428506903
 10
6.646979416555008
 20
48.356371440137366
 10
6.6320535202874025
 20
48.37157903137344
 10
6.619917894934485
 20
48.38631141347458
 10
6.610826715089167
 20
48.40152879495351
 10
6.6045975450886365
 20
48.41812444773246
 10
6.600645743596941
 20
48.436797951689954
 10
6.5980621141025235
 20
48.45794926534255
 10
6.595724849778564
 20
48.481606120984836
 10
6.59243307187063
 20
48.50739352770742
 10
6.58704694055762
 20
48.534549444740406
 10
6.559373352091089
 20
48.53375777447552
 10
6.5335
 20
48.531228782810444
 10
6.509916180879612
 20
48.52824330142602
 10
6.488720263172287
 20
48.52605554386649
 10
6.469635584387147
 20
48.52575301990329
 10
6.452069898545778
 20
48.528133131450545
 10
6.43521107076171
 20
48.53361019049735
 10
6.418147629550708
 20
48.54216328696114
 10
6.4
 20
48.553330952441684
 10
6.380047065012425
 20
48.56625341384737
 10
6.357833268629916
 20
48.57975798335357
 10
6.333243719813106
 20
48.592478373654544
 10
6.316608472360213
 20
48.570348692621955
 10
6.302453946494173
 20
48.548543290888
 10
6.2900838191203885
 20
48.52824330142602
 10
6.278578838324886
 20
48.510307621135325
 10
6.266916258489234
 20
48.495197997822444
 10
6.254103386365057
 20
48.48294856689752
 10
6.239309941976269
 20
48.47318269503829
 10
6.221983980308613
 20
48.46517472791977
 10
6.201937885897477
 20
48.45794926534255
 10
6.17939424725763
 20
48.450406455502986
 10
6.154985874155441
 20
48.441458971511615
 10
6.129709339629275
 20
48.430165121735264
 10
6.136639113819255
 20
48.40336153111574
 10
6.1448620608551
 20
48.378699631567706
 10
6.1530205834449925
 20
48.356371440137366
 10
6.159870024759165
 20
48.3361937701956
 10
6.164411704362521
 20
48.31765490206778
 10
6.166
 20
48.3
 10
6.164411704362521
 20
48.282345097932215
 10
6.159870024759165
 20
48.263806229804395
 10
6.1530205834449925
 20
48.24362855986263
 10
6.1448620608551
 20
48.22130036843229
 10
6.136639113819255
 20
48.19663846888425
 10
6.129709339629275
 20
48.16983487826473
 10
6.154985874155441
 20
48.15854102848838
 10
6.17939424725763
 20
48.14959354449701
 10
6.201937885897477
 20
48.142050734657445
 10
6.221983980308613
 20
48.13482527208022
 10
6.239309941976269
 20
48.126817304961705
 10
6.254103386365057
 20
48.117051433102475
 10
6.266916258489235
 20
48.10480200217755
 10
6.278578838324887
 20
48.08969237886467
 10
6.2900838191203885
 20
48.07175669857397
 10
6.302453946494173
 20
48.051456709111996
 10
6.316608472360213
 20
48.02965130737804
 10
6.333243719813106
 20
48.00752162634545
 10
6.357833268629916
 20
48.02024201664642
 10
6.380047065012425
 20
48.033746586152624
 10
6.4
 20
48.04666904755831
 10
6.418147629550708
 20
48.05783671303885
 10
6.43521107076171
 20
48.066389809502645
 10
6.452069898545778
 20
48.07186686854945
 10
6.469635584387147
 20
48.0742469800967
 10
6.488720263172287
 20
48.0739444561335
 10
6.509916180879612
 20
48.07175669857397
 10
6.5335
 20
48.06877121718955
 10
6.559373352091089
 20
48.066242225524476
 10
6.58704694055762
 20
48.06545055525959
 10
6.59243307187063
 20
48.09260647229257
 10
6.595724849778564
 20
48.11839387901516
 10
6.5980621141025235
 20
48.142050734657445
 10
6.600645743596941
 20
48.16320204831004
 10
6.6045975450886365
 20
48.181875552267535
 10
6.610826715089167
 20
48.19847120504649
 10
6.619917894934485
 20
48.213688586525414
 10
6.6320535202874025
 20
48.22842096862655
 10
6.646979416555008
 20
48.24362855986263
 10
6.66401783060211
 20
48.26020571493096
 10
6.682126847073458
 20
48.278857515640595
  0
LWPOLYLINE
  5
256
330
17
100
AcDbEntity
  8
Z-ZIELEN
370
25
 48
0.2
100
AcDbPolyline
 90
84
 70
1
 10
8.3
 20
45.099999999999994
 10
8.282126847073457
 20
45.121142484359396
 10
8.264017830602109
 20
45.13979428506903
 10
8.246979416555007
 20
45.15637144013736
 10
8.232053520287401
 20
45.17157903137344
 10
8.219917894934484
 20
45.18631141347458
 10
8.210826715089166
 20
45.201528794953504
 10
8.204597545088637
 20
45.21812444773246
 10
8.20064574359694
 20
45.23679795168995
 10
8.198062114102523
 20
45.257949265342546
 10
8.195724849778564
 20
45.28160612098483
 10
8.19243307187063
 20
45.30739352770742
 10
8.18704694055762
 20
45.334549444740404
 10
8.15937335209109
 20
45.333757774475515
 10
8.1335
 20
45.33122878281044
 10
8.109916180879612
 20
45.32824330142602
 10
8.088720263172288
 20
45.32605554386649
 10
8.069635584387147
 20
45.32575301990329
 10
8.052069898545778
 20
45.32813313145054
 10
8.03521107076171
 20
45.333610190497346
 10
8.018147629550707
 20
45.34216328696114
 10
8.0
 20
45.35333095244168
 10
7.980047065012425
 20
45.36625341384737
 10
7.957833268629916
 20
45.37975798335357
 10
7.933243719813106
 20
45.39247837365454
 10
7.916608472360212
 20
45.37034869262195
 10
7.902453946494172
 20
45.348543290887996
 10
7.890083819120388
 20
45.32824330142602
 10
7.878578838324886
 20
45.31030762113532
 10
7.866916258489233
 20
45.29519799782244
 10
7.854103386365057
 20
45.28294856689752
 10
7.839309941976269
 20
45.27318269503829
 10
7.821983980308612
 20
45.26517472791977
 10
7.801937885897477
 20
45.257949265342546
 10
7.779394247257629
 20
45.25040645550298
 10
7.754985874155441
 20
45.24145897151161
 10
7.729709339629275
 20
45.23016512173526
 10
7.736639113819255
 20
45.20336153111574
 10
7.7448620608551
 20
45.1786996315677
 10
7.753020583444992
 20
45.15637144013736
 10
7.759870024759165
 20
45.1361937701956
 10
7.76441170436252
 20
45.11765490206778
 10
7.766
 20
45.099999999999994
 10
7.76441170436252
 20
45.08234509793221
 10
7.759870024759165
 20
45.06380622980439
 10
7.753020583444992
 20
45.043628559862626
 10
7.7448620608551
 20
45.021300368432286
 10
7.736639113819255
 20
44.99663846888425
 10
7.729709339629275
 20
44.96983487826473
 10
7.754985874155441
 20
44.958541028488376
 10
7.779394247257629
 20
44.949593544497006
 10
7.801937885897477
 20
44.94205073465744
 10
7.821983980308612
 20
44.93482527208022
 10
7.839309941976269
 20
44.9268173049617
 10
7.854103386365057
 20
44.91705143310247
 10
7.866916258489234
 20
44.90480200217755
 10
7.878578838324887
 20
44.889692378864666
 10
7.890083819120388
 20
44.87175669857397
 10
7.902453946494172
 20
44.85145670911199
 10
7.916608472360212
 20
44.829651307378036
 10
7.933243719813106
 20
44.80752162634545
 10
7.957833268629916
 20
44.82024201664642
 10
7.980047065012425
 20
44.83374658615262
 10
8.0
 20
44.84666904755831
 10
8.018147629550707
 20
44.85783671303885
 10
8.03521107076171
 20
44.86638980950264
 10
8.052069898545778
 20
44.871866868549446
 10
8.069635584387147
 20
44.8742469800967
 10
8.088720263172288
 20
44.8739444561335
 10
8.109916180879612
 20
44.87175669857397
 10
8.1335
 20
44.86877121718955
 10
8.15937335209109
 20
44.86624222552447
 10
8.18704694055762
 20
44.865450555259585
 10
8.19243307187063
 20
44.89260647229257
 10
8.195724849778564
 20
44.918393879015156
 10
8.198062114102523
 20
44.94205073465744
 10
8.20064574359694
 20
44.96320204831004
 10
8.204597545088637
 20
44.98187555226753
 10
8.210826715089166
 20
44.998471205046485
 10
8.219917894934484
 20
45.01368858652541
 10
8.232053520287401
 20
45.02842096862655
 10
8.246979416555007
 20
45.043628559862626
 10
8.264017830602109
 20
45.06020571493096
 10
8.282126847073457
 20
45.07885751564059
  0
LWPOLYLINE
  5
257
330
17
100
AcDbEntity
  8
Z-ZIELEN
370
25
 48
0.2
100
AcDbPolyline
 90
84
 70
1
 10
8.3
 20
46.699999999999996
 10
8.282126847073457
 20
46.7211424843594
 10
8.264017830602109
 20
46.73979428506903
 10
8.246979416555007
 20
46.756371440137364
 10
8.232053520287401
 20
46.77157903137344
 10
8.219917894934484
 20
46.78631141347458
 10
8.210826715089166
 20
46.801528794953505
 10
8.204597545088637
 20
46.81812444773246
 10
8.20064574359694
 20
46.83679795168995
 10
8.198062114102523
 20
46.85794926534255
 10
8.195724849778564
 20
46.881606120984834
 10
8.19243307187063
 20
46.90739352770742
 10
8.18704694055762
 20
46.934549444740405
 10
8.15937335209109
 20
46.93375777447552
 10
8.1335
 20
46.93122878281044
 10
8.109916180879612
 20
46.92824330142602
 10
8.088720263172288
 20
46.92605554386649
 10
8.069635584387147
 20
46.92575301990329
 10
8.052069898545778
 20
46.928133131450544
 10
8.03521107076171
 20
46.93361019049735
 10
8.018147629550707
 20
46.94216328696114
 10
8.0
 20
46.95333095244168
 10
7.980047065012425
 20
46.96625341384737
 10
7.957833268629916
 20
46.97975798335357
 10
7.933243719813106
 20
46.99247837365454
 10
7.916608472360212
 20
46.970348692621954
 10
7.902453946494172
 20
46.948543290888
 10
7.890083819120388
 20
46.92824330142602
 10
7.878578838324886
 20
46.910307621135324
 10
7.866916258489233
 20
46.89519799782244
 10
7.854103386365057
 20
46.88294856689752
 10
7.839309941976269
 20
46.87318269503829
 10
7.821983980308612
 20
46.86517472791977
 10
7.801937885897477
 20
46.85794926534255
 10
7.779394247257629
 20
46.850406455502984
 10
7.754985874155441
 20
46.841458971511614
 10
7.729709339629275
 20
46.83016512173526
 10
7.736639113819255
 20
46.80336153111574
 10
7.7448620608551
 20
46.778699631567704
 10
7.753020583444992
 20
46.756371440137364
 10
7.759870024759165
 20
46.7361937701956
 10
7.76441170436252
 20
46.71765490206778
 10
7.766
 20
46.699999999999996
 10
7.76441170436252
 20
46.68234509793221
 10
7.759870024759165
 20
46.66380622980439
 10
7.753020583444992
 20
46.64362855986263
 10
7.7448620608551
 20
46.62130036843229
 10
7.736639113819255
 20
46.59663846888425
 10
7.729709339629275
 20
46.56983487826473
 10
7.754985874155441
 20
46.55854102848838
 10
7.779394247257629
 20
46.54959354449701
 10
7.801937885897477
 20
46.542050734657444
 10
7.821983980308612
 20
46.53482527208022
 10
7.839309941976269
 20
46.5268173049617
 10
7.854103386365057
 20
46.51705143310247
 10
7.866916258489234
 20
46.50480200217755
 10
7.878578838324887
 20
46.48969237886467
 10
7.890083819120388
 20
46.47175669857397
 10
7.902453946494172
 20
46.451456709111994
 10
7.916608472360212
 20
46.42965130737804
 10
7.933243719813106
 20
46.40752162634545
 10
7.957833268629916
 20
46.42024201664642
 10
7.980047065012425
 20
46.43374658615262
 10
8.0
 20
46.44666904755831
 10
8.018147629550707
 20
46.45783671303885
 10
8.03521107076171
 20
46.466389809502644
 10
8.052069898545778
 20
46.47186686854945
 10
8.069635584387147
 20
46.4742469800967
 10
8.088720263172288
 20
46.4739444561335
 10
8.109916180879612
 20
46.47175669857397
 10
8.1335
 20
46.46877121718955
 10
8.15937335209109
 20
46.466242225524475
 10
8.18704694055762
 20
46.46545055525959
 10
8.19243307187063
 20
46.49260647229257
 10
8.195724849778564
 20
46.51839387901516
 10
8.198062114102523
 20
46.542050734657444
 10
8.20064574359694
 20
46.56320204831004
 10
8.204597545088637
 20
46.58187555226753
 10
8.210826715089166
 20
46.598471205046486
 10
8.219917894934484
 20
46.61368858652541
 10
8.232053520287401
 20
46.62842096862655
 10
8.246979416555007
 20
46.64362855986263
 10
8.264017830602109
 20
46.66020571493096
 10
8.282126847073457
 20
46.678857515640594
  0
LWPOLYLINE
  5
258
330
17
100
AcDbEntity
  8
Z-ZIELEN
370
25
 48
0.2
100
AcDbPolyline
 90
84
 70
1
 10
8.3
 20
48.3
 10
8.282126847073457
 20
48.3211424843594
 10
8.264017830602109
 20
48.33979428506903
 10
8.246979416555007
 20
48.356371440137366
 10
8.232053520287401
 20
48.37157903137344
 10
8.219917894934484
 20
48.38631141347458
 10
8.210826715089166
 20
48.40152879495351
 10
8.204597545088637
 20
48.41812444773246
 10
8.20064574359694
 20
48.436797951689954
 10
8.198062114102523
 20
48.45794926534255
 10
8.195724849778564
 20
48.481606120984836
 10
8.19243307187063
 20
48.50739352770742
 10
8.18704694055762
 20
48.534549444740406
 10
8.15937335209109
 20
48.53375777447552
 10
8.1335
 20
48.531228782810444
 10
8.109916180879612
 20
48.52824330142602
 10
8.088720263172288
 20
48.52605554386649
 10
8.069635584387147
 20
48.52575301990329
 10
8.052069898545778
 20
48.528133131450545
 10
8.03521107076171
 20
48.53361019049735
 10
8.018147629550707
 20
48.54216328696114
 10
8.0
 20
48.553330952441684
 10
7.980047065012425
 20
48.56625341384737
 10
7.957833268629916
 20
48.57975798335357
 10
7.933243719813106
 20
48.592478373654544
 10
7.916608472360212
 20
48.570348692621955
 10
7.902453946494172
 20
48.548543290888
 10
7.890083819120388
 20
48.52824330142602
 10
7.878578838324886
 20
48.510307621135325
 10
7.866916258489233
 20
48.495197997822444
 10
7.854103386365057
 20
48.48294856689752
 10
7.839309941976269
 20
48.47318269503829
 10
7.821983980308612
 20
48.46517472791977
 10
7.801937885897477
 20
48.45794926534255
 10
7.779394247257629
 20
48.450406455502986
 10
7.754985874155441
 20
48.441458971511615
 10
7.729709339629275
 20
48.430165121735264
 10
7.736639113819255
 20
48.40336153111574
 10
7.7448620608551
 20
48.378699631567706
 10
7.753020583444992
 20
48.356371440137366
 10
7.759870024759165
 20
48.3361937701956
 10
7.76441170436252
 20
48.31765490206778
 10
7.766
 20
48.3
 10
7.76441170436252
 20
48.282345097932215
 10
7.759870024759165
 20
48.263806229804395
 10
7.753020583444992
 20
48.24362855986263
 10
7.7448620608551
 20
48.22130036843229
 10
7.736639113819255
 20
48.19663846888425
 10
7.729709339629275
 20
48.16983487826473
 10
7.754985874155441
 20
48.15854102848838
 10
7.779394247257629
 20
48.14959354449701
 10
7.801937885897477
 20
48.142050734657445
 10
7.821983980308612
 20
48.13482527208022
 10
7.839309941976269
 20
48.126817304961705
 10
7.854103386365057
 20
48.117051433102475
 10
7.866916258489234
 20
48.10480200217755
 10
7.878578838324887
 20
48.08969237886467
 10
7.890083819120388
 20
48.07175669857397
 10
7.902453946494172
 20
48.051456709111996
 10
7.916608472360212
 20
48.02965130737804
 10
7.933243719813106
 20
48.00752162634545
 10
7.957833268629916
 20
48.02024201664642
 10
7.980047065012425
 20
48.033746586152624
 10
8.0
 20
48.04666904755831
 10
8.018147629550707
 20
48.05783671303885
 10
8.03521107076171
 20
48.066389809502645
 10
8.052069898545778
 20
48.07186686854945
 10
8.069635584387147
 20
48.0742469800967
 10
8.088720263172288
 20
48.0739444561335
 10
8.109916180879612
 20
48.07175669857397
 10
8.1335
 20
48.06877121718955
 10
8.15937335209109
 20
48.066242225524476
 10
8.18704694055762
 20
48.06545055525959
 10
8.19243307187063
 20
48.09260647229257
 10
8.195724849778564
 20
48.11839387901516
 10
8.198062114102523
 20
48.142050734657445
 10
8.20064574359694
 20
48.16320204831004
 10
8.204597545088637
 20
48.181875552267535
 10
8.210826715089166
 20
48.19847120504649
 10
8.219917894934484
 20
48.213688586525414
 10
8.232053520287401
 20
48.22842096862655
 10
8.246979416555007
 20
48.24362855986263
 10
8.264017830602109
 20
48.26020571493096
 10
8.282126847073457
 20
48.278857515640595
  0
LWPOLYLINE
  5
259
330
17
100
AcDbEntity
  8
Z-ZIELEN
370
25
 48
0.2
100
AcDbPolyline
 90
84
 70
1
 10
9.9
 20
45.099999999999994
 10
9.882126847073456
 20
45.121142484359396
 10
9.864017830602108
 20
45.13979428506903
 10
9.846979416555007
 20
45.15637144013736
 10
9.8320535202874
 20
45.17157903137344
 10
9.819917894934484
 20
45.18631141347458
 10
9.810826715089165
 20
45.201528794953504
 10
9.804597545088637
 20
45.21812444773246
 10
9.80064574359694
 20
45.23679795168995
 10
9.798062114102523
 20
45.257949265342546
 10
9.795724849778564
 20
45.28160612098483
 10
9.79243307187063
 20
45.30739352770742
 10
9.78704694055762
 20
45.334549444740404
 10
9.759373352091089
 20
45.333757774475515
 10
9.7335
 20
45.33122878281044
 10
9.709916180879612
 20
45.32824330142602
 10
9.688720263172288
 20
45.32605554386649
 10
9.669635584387146
 20
45.32575301990329
 10
9.652069898545777
 20
45.32813313145054
 10
9.63521107076171
 20
45.333610190497346
 10
9.618147629550707
 20
45.34216328696114
 10
9.6
 20
45.35333095244168
 10
9.580047065012424
 20
45.36625341384737
 10
9.557833268629915
 20
45.37975798335357
 10
9.533243719813106
 20
45.39247837365454
 10
9.516608472360213
 20
45.37034869262195
 10
9.502453946494173
 20
45.348543290887996
 10
9.490083819120388
 20
45.32824330142602
 10
9.478578838324886
 20
45.31030762113532
 10
9.466916258489233
 20
45.29519799782244
 10
9.454103386365055
 20
45.28294856689752
 10
9.439309941976267
 20
45.27318269503829
 10
9.421983980308612
 20
45.26517472791977
 10
9.401937885897476
 20
45.257949265342546
 10
9.379394247257629
 20
45.25040645550298
 10
9.35498587415544
 20
45.24145897151161
 10
9.329709339629273
 20
45.23016512173526
 10
9.336639113819254
 20
45.20336153111574
 10
9.3448620608551
 20
45.1786996315677
 10
9.353020583444993
 20
45.15637144013736
 10
9.359870024759164
 20
45.1361937701956
 10
9.36441170436252
 20
45.11765490206778
 10
9.366
 20
45.099999999999994
 10
9.36441170436252
 20
45.08234509793221
 10
9.359870024759164
 20
45.06380622980439
 10
9.353020583444993
 20
45.043628559862626
 10
9.3448620608551
 20
45.021300368432286
 10
9.336639113819254
 20
44.99663846888425
 10
9.329709339629273
 20
44.96983487826473
 10
9.35498587415544
 20
44.958541028488376
 10
9.379394247257629
 20
44.949593544497006
 10
9.401937885897476
 20
44.94205073465744
 10
9.421983980308612
 20
44.93482527208022
 10
9.439309941976267
 20
44.9268173049617
 10
9.454103386365055
 20
44.91705143310247
 10
9.466916258489233
 20
44.90480200217755
 10
9.478578838324886
 20
44.889692378864666
 10
9.490083819120388
 20
44.87175669857397
 10
9.502453946494173
 20
44.85145670911199
 10
9.516608472360213
 20
44.829651307378036
 10
9.533243719813106
 20
44.80752162634545
 10
9.557833268629915
 20
44.82024201664642
 10
9.580047065012424
 20
44.83374658615262
 10
9.6
 20
44.84666904755831
 10
9.618147629550707
 20
44.85783671303885
 10
9.63521107076171
 20
44.86638980950264
 10
9.652069898545777
 20
44.871866868549446
 10
9.669635584387146
 20
44.8742469800967
 10
9.688720263172288
 20
44.8739444561335
 10
9.709916180879612
 20
44.87175669857397
 10
9.7335
 20
44.86877121718955
 10
9.759373352091089
 20
44.86624222552447
 10
9.78704694055762
 20
44.865450555259585
 10
9.79243307187063
 20
44.89260647229257
 10
9.795724849778564
 20
44.918393879015156
 10
9.798062114102523
 20
44.94205073465744
 10
9.80064574359694
 20
44.96320204831004
 10
9.804597545088637
 20
44.98187555226753
 10
9.810826715089165
 20
44.998471205046485
 10
9.819917894934484
 20
45.01368858652541
 10
9.8320535202874
 20
45.02842096862655
 10
9.846979416555007
 20
45.043628559862626
 10
9.864017830602108
 20
45.06020571493096
 10
9.882126847073458
 20
45.07885751564059
  0
LWPOLYLINE
  5
25A
330
17
100
AcDbEntity
  8
Z-ZIELEN
370
25
 48
0.2
100
AcDbPolyline
 90
84
 70
1
 10
9.9
 20
46.699999999999996
 10
9.882126847073456
 20
46.7211424843594
 10
9.864017830602108
 20
46.73979428506903
 10
9.846979416555007
 20
46.756371440137364
 10
9.8320535202874
 20
46.77157903137344
 10
9.819917894934484
 20
46.78631141347458
 10
9.810826715089165
 20
46.801528794953505
 10
9.804597545088637
 20
46.81812444773246
 10
9.80064574359694
 20
46.83679795168995
 10
9.798062114102523
 20
46.85794926534255
 10
9.795724849778564
 20
46.881606120984834
 10
9.79243307187063
 20
46.90739352770742
 10
9.78704694055762
 20
46.934549444740405
 10
9.759373352091089
 20
46.93375777447552
 10
9.7335
 20
46.93122878281044
 10
9.709916180879612
 20
46.92824330142602
 10
9.688720263172288
 20
46.92605554386649
 10
9.669635584387146
 20
46.92575301990329
 10
9.652069898545777
 20
46.928133131450544
 10
9.63521107076171
 20
46.93361019049735
 10
9.618147629550707
 20
46.94216328696114
 10
9.6
 20
46.95333095244168
 10
9.580047065012424
 20
46.96625341384737
 10
9.557833268629915
 20
46.97975798335357
 10
9.533243719813106
 20
46.99247837365454
 10
9.516608472360213
 20
46.970348692621954
 10
9.502453946494173
 20
46.948543290888
 10
9.490083819120388
 20
46.92824330142602
 10
9.478578838324886
 20
46.910307621135324
 10
9.466916258489233
 20
46.89519799782244
 10
9.454103386365055
 20
46.88294856689752
 10
9.439309941976267
 20
46.87318269503829
 10
9.421983980308612
 20
46.86517472791977
 10
9.401937885897476
 20
46.85794926534255
 10
9.379394247257629
 20
46.850406455502984
 10
9.35498587415544
 20
46.841458971511614
 10
9.329709339629273
 20
46.83016512173526
 10
9.336639113819254
 20
46.80336153111574
 10
9.3448620608551
 20
46.778699631567704
 10
9.353020583444993
 20
46.756371440137364
 10
9.359870024759164
 20
46.7361937701956
 10
9.36441170436252
 20
46.71765490206778
 10
9.366
 20
46.699999999999996
 10
9.36441170436252
 20
46.68234509793221
 10
9.359870024759164
 20
46.66380622980439
 10
9.353020583444993
 20
46.64362855986263
 10
9.3448620608551
 20
46.62130036843229
 10
9.336639113819254
 20
46.59663846888425
 10
9.329709339629273
 20
46.56983487826473
 10
9.35498587415544
 20
46.55854102848838
 10
9.379394247257629
 20
46.54959354449701
 10
9.401937885897476
 20
46.542050734657444
 10
9.421983980308612
 20
46.53482527208022
 10
9.439309941976267
 20
46.5268173049617
 10
9.454103386365055
 20
46.51705143310247
 10
9.466916258489233
 20
46.50480200217755
 10
9.478578838324886
 20
46.48969237886467
 10
9.490083819120388
 20
46.47175669857397
 10
9.502453946494173
 20
46.451456709111994
 10
9.516608472360213
 20
46.42965130737804
 10
9.533243719813106
 20
46.40752162634545
 10
9.557833268629915
 20
46.42024201664642
 10
9.580047065012424
 20
46.43374658615262
 10
9.6
 20
46.44666904755831
 10
9.618147629550707
 20
46.45783671303885
 10
9.63521107076171
 20
46.466389809502644
 10
9.652069898545777
 20
46.47186686854945
 10
9.669635584387146
 20
46.4742469800967
 10
9.688720263172288
 20
46.4739444561335
 10
9.709916180879612
 20
46.47175669857397
 10
9.7335
 20
46.46877121718955
 10
9.759373352091089
 20
46.466242225524475
 10
9.78704694055762
 20
46.46545055525959
 10
9.79243307187063
 20
46.49260647229257
 10
9.795724849778564
 20
46.51839387901516
 10
9.798062114102523
 20
46.542050734657444
 10
9.80064574359694
 20
46.56320204831004
 10
9.804597545088637
 20
46.58187555226753
 10
9.810826715089165
 20
46.598471205046486
 10
9.819917894934484
 20
46.61368858652541
 10
9.8320535202874
 20
46.62842096862655
 10
9.846979416555007
 20
46.64362855986263
 10
9.864017830602108
 20
46.66020571493096
 10
9.882126847073458
 20
46.678857515640594
  0
LWPOLYLINE
  5
25B
330
17
100
AcDbEntity
  8
Z-ZIELEN
370
25
 48
0.2
100
AcDbPolyline
 90
84
 70
1
 10
9.9
 20
48.3
 10
9.882126847073456
 20
48.3211424843594
 10
9.864017830602108
 20
48.33979428506903
 10
9.846979416555007
 20
48.356371440137366
 10
9.8320535202874
 20
48.37157903137344
 10
9.819917894934484
 20
48.38631141347458
 10
9.810826715089165
 20
48.40152879495351
 10
9.804597545088637
 20
48.41812444773246
 10
9.80064574359694
 20
48.436797951689954
 10
9.798062114102523
 20
48.45794926534255
 10
9.795724849778564
 20
48.481606120984836
 10
9.79243307187063
 20
48.50739352770742
 10
9.78704694055762
 20
48.534549444740406
 10
9.759373352091089
 20
48.53375777447552
 10
9.7335
 20
48.531228782810444
 10
9.709916180879612
 20
48.52824330142602
 10
9.688720263172288
 20
48.52605554386649
 10
9.669635584387146
 20
48.52575301990329
 10
9.652069898545777
 20
48.528133131450545
 10
9.63521107076171
 20
48.53361019049735
 10
9.618147629550707
 20
48.54216328696114
 10
9.6
 20
48.553330952441684
 10
9.580047065012424
 20
48.56625341384737
 10
9.557833268629915
 20
48.57975798335357
 10
9.533243719813106
 20
48.592478373654544
 10
9.516608472360213
 20
48.570348692621955
 10
9.502453946494173
 20
48.548543290888
 10
9.490083819120388
 20
48.52824330142602
 10
9.478578838324886
 20
48.510307621135325
 10
9.466916258489233
 20
48.495197997822444
 10
9.454103386365055
 20
48.48294856689752
 10
9.439309941976267
 20
48.47318269503829
 10
9.421983980308612
 20
48.46517472791977
 10
9.401937885897476
 20
48.45794926534255
 10
9.379394247257629
 20
48.450406455502986
 10
9.35498587415544
 20
48.441458971511615
 10
9.329709339629273
 20
48.430165121735264
 10
9.336639113819254
 20
48.40336153111574
 10
9.3448620608551
 20
48.378699631567706
 10
9.353020583444993
 20
48.356371440137366
 10
9.359870024759164
 20
48.3361937701956
 10
9.36441170436252
 20
48.31765490206778
 10
9.366
 20
48.3
 10
9.36441170436252
 20
48.282345097932215
 10
9.359870024759164
 20
48.263806229804395
 10
9.353020583444993
 20
48.24362855986263
 10
9.3448620608551
 20
48.22130036843229
 10
9.336639113819254
 20
48.19663846888425
 10
9.329709339629273
 20
48.16983487826473
 10
9.35498587415544
 20
48.15854102848838
 10
9.379394247257629
 20
48.14959354449701
 10
9.401937885897476
 20
48.142050734657445
 10
9.421983980308612
 20
48.13482527208022
 10
9.439309941976267
 20
48.126817304961705
 10
9.454103386365055
 20
48.117051433102475
 10
9.466916258489233
 20
48.10480200217755
 10
9.478578838324886
 20
48.08969237886467
 10
9.490083819120388
 20
48.07175669857397
 10
9.502453946494173
 20
48.051456709111996
 10
9.516608472360213
 20
48.02965130737804
 10
9.533243719813106
 20
48.00752162634545
 10
9.557833268629915
 20
48.02024201664642
 10
9.580047065012424
 20
48.033746586152624
 10
9.6
 20
48.04666904755831
 10
9.618147629550707
 20
48.05783671303885
 10
9.63521107076171
 20
48.066389809502645
 10
9.652069898545777
 20
48.07186686854945
 10
9.669635584387146
 20
48.0742469800967
 10
9.688720263172288
 20
48.0739444561335
 10
9.709916180879612
 20
48.07175669857397
 10
9.7335
 20
48.06877121718955
 10
9.759373352091089
 20
48.066242225524476
 10
9.78704694055762
 20
48.06545055525959
 10
9.79243307187063
 20
48.09260647229257
 10
9.795724849778564
 20
48.11839387901516
 10
9.798062114102523
 20
48.142050734657445
 10
9.80064574359694
 20
48.16320204831004
 10
9.804597545088637
 20
48.181875552267535
 10
9.810826715089165
 20
48.19847120504649
 10
9.819917894934484
 20
48.213688586525414
 10
9.8320535202874
 20
48.22842096862655
 10
9.846979416555007
 20
48.24362855986263
 10
9.864017830602108
 20
48.26020571493096
 10
9.882126847073458
 20
48.278857515640595
  0
LWPOLYLINE
  5
25C
330
17
100
AcDbEntity
  8
Z-ZIELEN
370
25
 48
0.2
100
AcDbPolyline
 90
84
 70
1
 10
11.500000000000002
 20
45.099999999999994
 10
11.482126847073458
 20
45.121142484359396
 10
11.46401783060211
 20
45.13979428506903
 10
11.446979416555008
 20
45.15637144013736
 10
11.432053520287402
 20
45.17157903137344
 10
11.419917894934486
 20
45.18631141347458
 10
11.410826715089167
 20
45.201528794953504
 10
11.404597545088638
 20
45.21812444773246
 10
11.400645743596941
 20
45.23679795168995
 10
11.398062114102524
 20
45.257949265342546
 10
11.395724849778565
 20
45.28160612098483
 10
11.39243307187063
 20
45.30739352770742
 10
11.387046940557621
 20
45.334549444740404
 10
11.35937335209109
 20
45.333757774475515
 10
11.3335
 20
45.33122878281044
 10
11.309916180879613
 20
45.32824330142602
 10
11.288720263172289
 20
45.32605554386649
 10
11.269635584387148
 20
45.32575301990329
 10
11.252069898545779
 20
45.32813313145054
 10
11.23521107076171
 20
45.333610190497346
 10
11.218147629550709
 20
45.34216328696114
 10
11.200000000000001
 20
45.35333095244168
 10
11.180047065012426
 20
45.36625341384737
 10
11.157833268629917
 20
45.37975798335357
 10
11.133243719813107
 20
45.39247837365454
 10
11.116608472360214
 20
45.37034869262195
 10
11.102453946494174
 20
45.348543290887996
 10
11.09008381912039
 20
45.32824330142602
 10
11.078578838324887
 20
45.31030762113532
 10
11.066916258489234
 20
45.29519799782244
 10
11.054103386365057
 20
45.28294856689752
 10
11.039309941976269
 20
45.27318269503829
 10
11.021983980308613
 20
45.26517472791977
 10
11.001937885897478
 20
45.257949265342546
 10
10.97939424725763
 20
45.25040645550298
 10
10.954985874155442
 20
45.24145897151161
 10
10.929709339629275
 20
45.23016512173526
 10
10.936639113819256
 20
45.20336153111574
 10
10.944862060855101
 20
45.1786996315677
 10
10.953020583444994
 20
45.15637144013736
 10
10.959870024759166
 20
45.1361937701956
 10
10.964411704362522
 20
45.11765490206778
 10
10.966000000000001
 20
45.099999999999994
 10
10.964411704362522
 20
45.08234509793221
 10
10.959870024759166
 20
45.06380622980439
 10
10.953020583444994
 20
45.043628559862626
 10
10.944862060855101
 20
45.021300368432286
 10
10.936639113819256
 20
44.99663846888425
 10
10.929709339629275
 20
44.96983487826473
 10
10.954985874155442
 20
44.958541028488376
 10
10.97939424725763
 20
44.949593544497006
 10
11.001937885897478
 20
44.94205073465744
 10
11.021983980308613
 20
44.93482527208022
 10
11.039309941976269
 20
44.9268173049617
 10
11.054103386365057
 20
44.91705143310247
 10
11.066916258489234
 20
44.90480200217755
 10
11.078578838324887
 20
44.889692378864666
 10
11.09008381912039
 20
44.87175669857397
 10
11.102453946494174
 20
44.85145670911199
 10
11.116608472360214
 20
44.829651307378036
 10
11.133243719813107
 20
44.80752162634545
 10
11.157833268629917
 20
44.82024201664642
 10
11.180047065012426
 20
44.83374658615262
 10
11.200000000000001
 20
44.84666904755831
 10
11.218147629550709
 20
44.85783671303885
 10
11.23521107076171
 20
44.86638980950264
 10
11.252069898545779
 20
44.871866868549446
 10
11.269635584387148
 20
44.8742469800967
 10
11.288720263172289
 20
44.8739444561335
 10
11.309916180879613
 20
44.87175669857397
 10
11.3335
 20
44.86877121718955
 10
11.35937335209109
 20
44.86624222552447
 10
11.387046940557621
 20
44.865450555259585
 10
11.39243307187063
 20
44.89260647229257
 10
11.395724849778565
 20
44.918393879015156
 10
11.398062114102524
 20
44.94205073465744
 10
11.400645743596941
 20
44.96320204831004
 10
11.404597545088638
 20
44.98187555226753
 10
11.410826715089167
 20
44.998471205046485
 10
11.419917894934486
 20
45.01368858652541
 10
11.432053520287402
 20
45.02842096862655
 10
11.446979416555008
 20
45.043628559862626
 10
11.46401783060211
 20
45.06020571493096
 10
11.48212684707346
 20
45.07885751564059
  0
LWPOLYLINE
  5
25D
330
17
100
AcDbEntity
  8
Z-ZIELEN
370
25
 48
0.2
100
AcDbPolyline
 90
84
 70
1
 10
11.500000000000002
 20
46.699999999999996
 10
11.482126847073458
 20
46.7211424843594
 10
11.46401783060211
 20
46.73979428506903
 10
11.446979416555008
 20
46.756371440137364
 10
11.432053520287402
 20
46.77157903137344
 10
11.419917894934486
 20
46.78631141347458
 10
11.410826715089167
 20
46.801528794953505
 10
11.404597545088638
 20
46.81812444773246
 10
11.400645743596941
 20
46.83679795168995
 10
11.398062114102524
 20
46.85794926534255
 10
11.395724849778565
 20
46.881606120984834
 10
11.39243307187063
 20
46.90739352770742
 10
11.387046940557621
 20
46.934549444740405
 10
11.35937335209109
 20
46.93375777447552
 10
11.3335
 20
46.93122878281044
 10
11.309916180879613
 20
46.92824330142602
 10
11.288720263172289
 20
46.92605554386649
 10
11.269635584387148
 20
46.92575301990329
 10
11.252069898545779
 20
46.928133131450544
 10
11.23521107076171
 20
46.93361019049735
 10
11.218147629550709
 20
46.94216328696114
 10
11.200000000000001
 20
46.95333095244168
 10
11.180047065012426
 20
46.96625341384737
 10
11.157833268629917
 20
46.97975798335357
 10
11.133243719813107
 20
46.99247837365454
 10
11.116608472360214
 20
46.970348692621954
 10
11.102453946494174
 20
46.948543290888
 10
11.09008381912039
 20
46.92824330142602
 10
11.078578838324887
 20
46.910307621135324
 10
11.066916258489234
 20
46.89519799782244
 10
11.054103386365057
 20
46.88294856689752
 10
11.039309941976269
 20
46.87318269503829
 10
11.021983980308613
 20
46.86517472791977
 10
11.001937885897478
 20
46.85794926534255
 10
10.97939424725763
 20
46.850406455502984
 10
10.954985874155442
 20
46.841458971511614
 10
10.929709339629275
 20
46.83016512173526
 10
10.936639113819256
 20
46.80336153111574
 10
10.944862060855101
 20
46.778699631567704
 10
10.953020583444994
 20
46.756371440137364
 10
10.959870024759166
 20
46.7361937701956
 10
10.964411704362522
 20
46.71765490206778
 10
10.966000000000001
 20
46.699999999999996
 10
10.964411704362522
 20
46.68234509793221
 10
10.959870024759166
 20
46.66380622980439
 10
10.953020583444994
 20
46.64362855986263
 10
10.944862060855101
 20
46.62130036843229
 10
10.936639113819256
 20
46.59663846888425
 10
10.929709339629275
 20
46.56983487826473
 10
10.954985874155442
 20
46.55854102848838
 10
10.97939424725763
 20
46.54959354449701
 10
11.001937885897478
 20
46.542050734657444
 10
11.021983980308613
 20
46.53482527208022
 10
11.039309941976269
 20
46.5268173049617
 10
11.054103386365057
 20
46.51705143310247
 10
11.066916258489234
 20
46.50480200217755
 10
11.078578838324887
 20
46.48969237886467
 10
11.09008381912039
 20
46.47175669857397
 10
11.102453946494174
 20
46.451456709111994
 10
11.116608472360214
 20
46.42965130737804
 10
11.133243719813107
 20
46.40752162634545
 10
11.157833268629917
 20
46.42024201664642
 10
11.180047065012426
 20
46.43374658615262
 10
11.200000000000001
 20
46.44666904755831
 10
11.218147629550709
 20
46.45783671303885
 10
11.23521107076171
 20
46.466389809502644
 10
11.252069898545779
 20
46.47186686854945
 10
11.269635584387148
 20
46.4742469800967
 10
11.288720263172289
 20
46.4739444561335
 10
11.309916180879613
 20
46.47175669857397
 10
11.3335
 20
46.46877121718955
 10
11.35937335209109
 20
46.466242225524475
 10
11.387046940557621
 20
46.46545055525959
 10
11.39243307187063
 20
46.49260647229257
 10
11.395724849778565
 20
46.51839387901516
 10
11.398062114102524
 20
46.542050734657444
 10
11.400645743596941
 20
46.56320204831004
 10
11.404597545088638
 20
46.58187555226753
 10
11.410826715089167
 20
46.598471205046486
 10
11.419917894934486
 20
46.61368858652541
 10
11.432053520287402
 20
46.62842096862655
 10
11.446979416555008
 20
46.64362855986263
 10
11.46401783060211
 20
46.66020571493096
 10
11.48212684707346
 20
46.678857515640594
  0
LWPOLYLINE
  5
25E
330
17
100
AcDbEntity
  8
Z-ZIELEN
370
25
 48
0.2
100
AcDbPolyline
 90
84
 70
1
 10
11.500000000000002
 20
48.3
 10
11.482126847073458
 20
48.3211424843594
 10
11.46401783060211
 20
48.33979428506903
 10
11.446979416555008
 20
48.356371440137366
 10
11.432053520287402
 20
48.37157903137344
 10
11.419917894934486
 20
48.38631141347458
 10
11.410826715089167
 20
48.40152879495351
 10
11.404597545088638
 20
48.41812444773246
 10
11.400645743596941
 20
48.436797951689954
 10
11.398062114102524
 20
48.45794926534255
 10
11.395724849778565
 20
48.481606120984836
 10
11.39243307187063
 20
48.50739352770742
 10
11.387046940557621
 20
48.534549444740406
 10
11.35937335209109
 20
48.53375777447552
 10
11.3335
 20
48.531228782810444
 10
11.309916180879613
 20
48.52824330142602
 10
11.288720263172289
 20
48.52605554386649
 10
11.269635584387148
 20
48.52575301990329
 10
11.252069898545779
 20
48.528133131450545
 10
11.23521107076171
 20
48.53361019049735
 10
11.218147629550709
 20
48.54216328696114
 10
11.200000000000001
 20
48.553330952441684
 10
11.180047065012426
 20
48.56625341384737
 10
11.157833268629917
 20
48.57975798335357
 10
11.133243719813107
 20
48.592478373654544
 10
11.116608472360214
 20
48.570348692621955
 10
11.102453946494174
 20
48.548543290888
 10
11.09008381912039
 20
48.52824330142602
 10
11.078578838324887
 20
48.510307621135325
 10
11.066916258489234
 20
48.495197997822444
 10
11.054103386365057
 20
48.48294856689752
 10
11.039309941976269
 20
48.47318269503829
 10
11.021983980308613
 20
48.46517472791977
 10
11.001937885897478
 20
48.45794926534255
 10
10.97939424725763
 20
48.450406455502986
 10
10.954985874155442
 20
48.441458971511615
 10
10.929709339629275
 20
48.430165121735264
 10
10.936639113819256
 20
48.40336153111574
 10
10.944862060855101
 20
48.378699631567706
 10
10.953020583444994
 20
48.356371440137366
 10
10.959870024759166
 20
48.3361937701956
 10
10.964411704362522
 20
48.31765490206778
 10
10.966000000000001
 20
48.3
 10
10.964411704362522
 20
48.282345097932215
 10
10.959870024759166
 20
48.263806229804395
 10
10.953020583444994
 20
48.24362855986263
 10
10.944862060855101
 20
48.22130036843229
 10
10.936639113819256
 20
48.19663846888425
 10
10.929709339629275
 20
48.16983487826473
 10
10.954985874155442
 20
48.15854102848838
 10
10.97939424725763
 20
48.14959354449701
 10
11.001937885897478
 20
48.142050734657445
 10
11.021983980308613
 20
48.13482527208022
 10
11.039309941976269
 20
48.126817304961705
 10
11.054103386365057
 20
48.117051433102475
 10
11.066916258489234
 20
48.10480200217755
 10
11.078578838324887
 20
48.08969237886467
 10
11.09008381912039
 20
48.07175669857397
 10
11.102453946494174
 20
48.051456709111996
 10
11.116608472360214
 20
48.02965130737804
 10
11.133243719813107
 20
48.00752162634545
 10
11.157833268629917
 20
48.02024201664642
 10
11.180047065012426
 20
48.033746586152624
 10
11.200000000000001
 20
48.04666904755831
 10
11.218147629550709
 20
48.05783671303885
 10
11.23521107076171
 20
48.066389809502645
 10
11.252069898545779
 20
48.07186686854945
 10
11.269635584387148
 20
48.0742469800967
 10
11.288720263172289
 20
48.0739444561335
 10
11.309916180879613
 20
48.07175669857397
 10
11.3335
 20
48.06877121718955
 10
11.35937335209109
 20
48.066242225524476
 10
11.387046940557621
 20
48.06545055525959
 10
11.39243307187063
 20
48.09260647229257
 10
11.395724849778565
 20
48.11839387901516
 10
11.398062114102524
 20
48.142050734657445
 10
11.400645743596941
 20
48.16320204831004
 10
11.404597545088638
 20
48.181875552267535
 10
11.410826715089167
 20
48.19847120504649
 10
11.419917894934486
 20
48.213688586525414
 10
11.432053520287402
 20
48.22842096862655
 10
11.446979416555008
 20
48.24362855986263
 10
11.46401783060211
 20
48.26020571493096
 10
11.48212684707346
 20
48.278857515640595
  0
LWPOLYLINE
  5
25F
330
17
100
AcDbEntity
  8
Z-ZIELEN
370
25
 48
0.2
100
AcDbPolyline
 90
84
 70
1
 10
13.100000000000001
 20
45.099999999999994
 10
13.082126847073457
 20
45.121142484359396
 10
13.06401783060211
 20
45.13979428506903
 10
13.046979416555008
 20
45.15637144013736
 10
13.032053520287402
 20
45.17157903137344
 10
13.019917894934485
 20
45.18631141347458
 10
13.010826715089166
 20
45.201528794953504
 10
13.004597545088638
 20
45.21812444773246
 10
13.000645743596941
 20
45.23679795168995
 10
12.998062114102524
 20
45.257949265342546
 10
12.995724849778565
 20
45.28160612098483
 10
12.99243307187063
 20
45.30739352770742
 10
12.98704694055762
 20
45.334549444740404
 10
12.95937335209109
 20
45.333757774475515
 10
12.9335
 20
45.33122878281044
 10
12.909916180879613
 20
45.32824330142602
 10
12.888720263172289
 20
45.32605554386649
 10
12.869635584387147
 20
45.32575301990329
 10
12.852069898545778
 20
45.32813313145054
 10
12.83521107076171
 20
45.333610190497346
 10
12.818147629550708
 20
45.34216328696114
 10
12.8
 20
45.35333095244168
 10
12.780047065012425
 20
45.36625341384737
 10
12.757833268629916
 20
45.37975798335357
 10
12.733243719813107
 20
45.39247837365454
 10
12.716608472360214
 20
45.37034869262195
 10
12.702453946494174
 20
45.348543290887996
 10
12.690083819120389
 20
45.32824330142602
 10
12.678578838324887
 20
45.31030762113532
 10
12.666916258489234
 20
45.29519799782244
 10
12.654103386365056
 20
45.28294856689752
 10
12.639309941976268
 20
45.27318269503829
 10
12.621983980308613
 20
45.26517472791977
 10
12.601937885897478
 20
45.257949265342546
 10
12.57939424725763
 20
45.25040645550298
 10
12.554985874155442
 20
45.24145897151161
 10
12.529709339629274
 20
45.23016512173526
 10
12.536639113819255
 20
45.20336153111574
 10
12.5448620608551
 20
45.1786996315677
 10
12.553020583444994
 20
45.15637144013736
 10
12.559870024759165
 20
45.1361937701956
 10
12.564411704362522
 20
45.11765490206778
 10
12.566
 20
45.099999999999994
 10
12.564411704362522
 20
45.08234509793221
 10
12.559870024759165
 20
45.06380622980439
 10
12.553020583444994
 20
45.043628559862626
 10
12.5448620608551
 20
45.021300368432286
 10
12.536639113819255
 20
44.99663846888425
 10
12.529709339629274
 20
44.96983487826473
 10
12.554985874155442
 20
44.958541028488376
 10
12.57939424725763
 20
44.949593544497006
 10
12.601937885897478
 20
44.94205073465744
 10
12.621983980308613
 20
44.93482527208022
 10
12.639309941976268
 20
44.9268173049617
 10
12.654103386365056
 20
44.91705143310247
 10
12.666916258489234
 20
44.90480200217755
 10
12.678578838324887
 20
44.889692378864666
 10
12.690083819120389
 20
44.87175669857397
 10
12.702453946494174
 20
44.85145670911199
 10
12.716608472360214
 20
44.829651307378036
 10
12.733243719813107
 20
44.80752162634545
 10
12.757833268629916
 20
44.82024201664642
 10
12.780047065012425
 20
44.83374658615262
 10
12.8
 20
44.84666904755831
 10
12.818147629550708
 20
44.85783671303885
 10
12.83521107076171
 20
44.86638980950264
 10
12.852069898545778
 20
44.871866868549446
 10
12.869635584387147
 20
44.8742469800967
 10
12.888720263172289
 20
44.8739444561335
 10
12.909916180879613
 20
44.87175669857397
 10
12.9335
 20
44.86877121718955
 10
12.95937335209109
 20
44.86624222552447
 10
12.98704694055762
 20
44.865450555259585
 10
12.99243307187063
 20
44.89260647229257
 10
12.995724849778565
 20
44.918393879015156
 10
12.998062114102524
 20
44.94205073465744
 10
13.000645743596941
 20
44.96320204831004
 10
13.004597545088638
 20
44.98187555226753
 10
13.010826715089166
 20
44.998471205046485
 10
13.019917894934485
 20
45.01368858652541
 10
13.032053520287402
 20
45.02842096862655
 10
13.046979416555008
 20
45.043628559862626
 10
13.06401783060211
 20
45.06020571493096
 10
13.082126847073457
 20
45.07885751564059
  0
LWPOLYLINE
  5
260
330
17
100
AcDbEntity
  8
Z-ZIELEN
370
25
 48
0.2
100
AcDbPolyline
 90
84
 70
1
 10
13.100000000000001
 20
46.699999999999996
 10
13.082126847073457
 20
46.7211424843594
 10
13.06401783060211
 20
46.73979428506903
 10
13.046979416555008
 20
46.756371440137364
 10
13.032053520287402
 20
46.77157903137344
 10
13.019917894934485
 20
46.78631141347458
 10
13.010826715089166
 20
46.801528794953505
 10
13.004597545088638
 20
46.81812444773246
 10
13.000645743596941
 20
46.83679795168995
 10
12.998062114102524
 20
46.85794926534255
 10
12.995724849778565
 20
46.881606120984834
 10
12.99243307187063
 20
46.90739352770742
 10
12.98704694055762
 20
46.934549444740405
 10
12.95937335209109
 20
46.93375777447552
 10
12.9335
 20
46.93122878281044
 10
12.909916180879613
 20
46.92824330142602
 10
12.888720263172289
 20
46.92605554386649
 10
12.869635584387147
 20
46.92575301990329
 10
12.852069898545778
 20
46.928133131450544
 10
12.83521107076171
 20
46.93361019049735
 10
12.818147629550708
 20
46.94216328696114
 10
12.8
 20
46.95333095244168
 10
12.780047065012425
 20
46.96625341384737
 10
12.757833268629916
 20
46.97975798335357
 10
12.733243719813107
 20
46.99247837365454
 10
12.716608472360214
 20
46.970348692621954
 10
12.702453946494174
 20
46.948543290888
 10
12.690083819120389
 20
46.92824330142602
 10
12.678578838324887
 20
46.910307621135324
 10
12.666916258489234
 20
46.89519799782244
 10
12.654103386365056
 20
46.88294856689752
 10
12.639309941976268
 20
46.87318269503829
 10
12.621983980308613
 20
46.86517472791977
 10
12.601937885897478
 20
46.85794926534255
 10
12.57939424725763
 20
46.850406455502984
 10
12.554985874155442
 20
46.841458971511614
 10
12.529709339629274
 20
46.83016512173526
 10
12.536639113819255
 20
46.80336153111574
 10
12.5448620608551
 20
46.778699631567704
 10
12.553020583444994
 20
46.756371440137364
 10
12.559870024759165
 20
46.7361937701956
 10
12.564411704362522
 20
46.71765490206778
 10
12.566
 20
46.699999999999996
 10
12.564411704362522
 20
46.68234509793221
 10
12.559870024759165
 20
46.66380622980439
 10
12.553020583444994
 20
46.64362855986263
 10
12.5448620608551
 20
46.62130036843229
 10
12.536639113819255
 20
46.59663846888425
 10
12.529709339629274
 20
46.56983487826473
 10
12.554985874155442
 20
46.55854102848838
 10
12.57939424725763
 20
46.54959354449701
 10
12.601937885897478
 20
46.542050734657444
 10
12.621983980308613
 20
46.53482527208022
 10
12.639309941976268
 20
46.5268173049617
 10
12.654103386365056
 20
46.51705143310247
 10
12.666916258489234
 20
46.50480200217755
 10
12.678578838324887
 20
46.48969237886467
 10
12.690083819120389
 20
46.47175669857397
 10
12.702453946494174
 20
46.451456709111994
 10
12.716608472360214
 20
46.42965130737804
 10
12.733243719813107
 20
46.40752162634545
 10
12.757833268629916
 20
46.42024201664642
 10
12.780047065012425
 20
46.43374658615262
 10
12.8
 20
46.44666904755831
 10
12.818147629550708
 20
46.45783671303885
 10
12.83521107076171
 20
46.466389809502644
 10
12.852069898545778
 20
46.47186686854945
 10
12.869635584387147
 20
46.4742469800967
 10
12.888720263172289
 20
46.4739444561335
 10
12.909916180879613
 20
46.47175669857397
 10
12.9335
 20
46.46877121718955
 10
12.95937335209109
 20
46.466242225524475
 10
12.98704694055762
 20
46.46545055525959
 10
12.99243307187063
 20
46.49260647229257
 10
12.995724849778565
 20
46.51839387901516
 10
12.998062114102524
 20
46.542050734657444
 10
13.000645743596941
 20
46.56320204831004
 10
13.004597545088638
 20
46.58187555226753
 10
13.010826715089166
 20
46.598471205046486
 10
13.019917894934485
 20
46.61368858652541
 10
13.032053520287402
 20
46.62842096862655
 10
13.046979416555008
 20
46.64362855986263
 10
13.06401783060211
 20
46.66020571493096
 10
13.082126847073457
 20
46.678857515640594
  0
LWPOLYLINE
  5
261
330
17
100
AcDbEntity
  8
Z-ZIELEN
370
25
 48
0.2
100
AcDbPolyline
 90
84
 70
1
 10
13.100000000000001
 20
48.3
 10
13.082126847073457
 20
48.3211424843594
 10
13.06401783060211
 20
48.33979428506903
 10
13.046979416555008
 20
48.356371440137366
 10
13.032053520287402
 20
48.37157903137344
 10
13.019917894934485
 20
48.38631141347458
 10
13.010826715089166
 20
48.40152879495351
 10
13.004597545088638
 20
48.41812444773246
 10
13.000645743596941
 20
48.436797951689954
 10
12.998062114102524
 20
48.45794926534255
 10
12.995724849778565
 20
48.481606120984836
 10
12.99243307187063
 20
48.50739352770742
 10
12.98704694055762
 20
48.534549444740406
 10
12.95937335209109
 20
48.53375777447552
 10
12.9335
 20
48.531228782810444
 10
12.909916180879613
 20
48.52824330142602
 10
12.888720263172289
 20
48.52605554386649
 10
12.869635584387147
 20
48.52575301990329
 10
12.852069898545778
 20
48.528133131450545
 10
12.83521107076171
 20
48.53361019049735
 10
12.818147629550708
 20
48.54216328696114
 10
12.8
 20
48.553330952441684
 10
12.780047065012425
 20
48.56625341384737
 10
12.757833268629916
 20
48.57975798335357
 10
12.733243719813107
 20
48.592478373654544
 10
12.716608472360214
 20
48.570348692621955
 10
12.702453946494174
 20
48.548543290888
 10
12.690083819120389
 20
48.52824330142602
 10
12.678578838324887
 20
48.510307621135325
 10
12.666916258489234
 20
48.495197997822444
 10
12.654103386365056
 20
48.48294856689752
 10
12.639309941976268
 20
48.47318269503829
 10
12.621983980308613
 20
48.46517472791977
 10
12.601937885897478
 20
48.45794926534255
 10
12.57939424725763
 20
48.450406455502986
 10
12.554985874155442
 20
48.441458971511615
 10
12.529709339629274
 20
48.430165121735264
 10
12.536639113819255
 20
48.40336153111574
 10
12.5448620608551
 20
48.378699631567706
 10
12.553020583444994
 20
48.356371440137366
 10
12.559870024759165
 20
48.3361937701956
 10
12.564411704362522
 20
48.31765490206778
 10
12.566
 20
48.3
 10
12.564411704362522
 20
48.282345097932215
 10
12.559870024759165
 20
48.263806229804395
 10
12.553020583444994
 20
48.24362855986263
 10
12.5448620608551
 20
48.22130036843229
 10
12.536639113819255
 20
48.19663846888425
 10
12.529709339629274
 20
48.16983487826473
 10
12.554985874155442
 20
48.15854102848838
 10
12.57939424725763
 20
48.14959354449701
 10
12.601937885897478
 20
48.142050734657445
 10
12.621983980308613
 20
48.13482527208022
 10
12.639309941976268
 20
48.126817304961705
 10
12.654103386365056
 20
48.117051433102475
 10
12.666916258489234
 20
48.10480200217755
 10
12.678578838324887
 20
48.08969237886467
 10
12.690083819120389
 20
48.07175669857397
 10
12.702453946494174
 20
48.051456709111996
 10
12.716608472360214
 20
48.02965130737804
 10
12.733243719813107
 20
48.00752162634545
 10
12.757833268629916
 20
48.02024201664642
 10
12.780047065012425
 20
48.033746586152624
 10
12.8
 20
48.04666904755831
 10
12.818147629550708
 20
48.05783671303885
 10
12.83521107076171
 20
48.066389809502645
 10
12.852069898545778
 20
48.07186686854945
 10
12.869635584387147
 20
48.0742469800967
 10
12.888720263172289
 20
48.0739444561335
 10
12.909916180879613
 20
48.07175669857397
 10
12.9335
 20
48.06877121718955
 10
12.95937335209109
 20
48.066242225524476
 10
12.98704694055762
 20
48.06545055525959
 10
12.99243307187063
 20
48.09260647229257
 10
12.995724849778565
 20
48.11839387901516
 10
12.998062114102524
 20
48.142050734657445
 10
13.000645743596941
 20
48.16320204831004
 10
13.004597545088638
 20
48.181875552267535
 10
13.010826715089166
 20
48.19847120504649
 10
13.019917894934485
 20
48.213688586525414
 10
13.032053520287402
 20
48.22842096862655
 10
13.046979416555008
 20
48.24362855986263
 10
13.06401783060211
 20
48.26020571493096
 10
13.082126847073457
 20
48.278857515640595
  0
LWPOLYLINE
  5
262
330
17
100
AcDbEntity
  8
Z-ZIELEN
  6
KRESKOWA
370
25
 48
0.2
100
AcDbPolyline
 90
4
 70
129
 10
22.05
 20
32.4
 10
22.7
 20
32.4
 10
22.7
 20
31.75
 10
22.05
 20
31.75
  0
LWPOLYLINE
  5
263
330
17
100
AcDbEntity
  8
Z-ZIELEN
370
35
 48
0.2
100
AcDbPolyline
 90
1304
 70
0
 10
1.3
 20
0.3
 10
1.284375
 20
0.3046971450617284
 10
1.253125
 20
0.3140914351851852
 10
1.20625
 20
0.32818287037037036
 10
1.14375
 20
0.34697145061728396
 10
1.065625
 20
0.37045717592592586
 10
0.971875
 20
0.3986400462962963
 10
0.8625
 20
0.4315200617283951
 10
0.7375
 20
0.46909722222222217
 10
0.64375
 20
0.5066743827160494
 10
0.58125
 20
0.5442515432098766
 10
0.55
 20
0.5818287037037037
 10
0.55
 20
0.6194058641975309
 10
0.58125
 20
0.656983024691358
 10
0.64375
 20
0.6945601851851851
 10
0.7375
 20
0.7321373456790123
 10
0.8625
 20
0.7697145061728395
 10
0.95625
 20
0.8072916666666667
 10
1.01875
 20
0.8448688271604939
 10
1.05
 20
0.8824459876543211
 10
1.05
 20
0.9200231481481482
 10
1.01875
 20
0.9576003086419754
 10
0.95625
 20
0.9951774691358025
 10
0.8625
 20
1.0327546296296297
 10
0.7375
 20
1.0703317901234568
 10
0.64375
 20
1.1079089506172841
 10
0.58125
 20
1.1454861111111112
 10
0.55
 20
1.1830632716049383
 10
0.55
 20
1.2206404320987656
 10
0.58125
 20
1.2582175925925927
 10
0.64375
 20
1.2957947530864198
 10
0.7375
 20
1.333371913580247
 10
0.8625
 20
1.3709490740740742
 10
0.95625
 20
1.4085262345679013
 10
1.01875
 20
1.4461033950617284
 10
1.05
 20
1.4836805555555554
 10
1.05
 20
1.5212577160493828
 10
1.01875
 20
1.55883487654321
 10
0.95625
 20
1.5964120370370372
 10
0.8625
 20
1.6339891975308642
 10
0.7375
 20
1.6715663580246913
 10
0.64375
 20
1.7091435185185184
 10
0.58125
 20
1.7467206790123462
 10
0.55
 20
1.7842978395061733
 10
0.55
 20
1.8218750000000004
 10
0.58125
 20
1.8594521604938272
 10
0.64375
 20
1.8970293209876543
 10
0.7375
 20
1.9346064814814814
 10
0.8625
 20
1.9721836419753092
 10
0.95625
 20
2.0097608024691365
 10
1.01875
 20
2.0473379629629633
 10
1.05
 20
2.08491512345679
 10
1.05
 20
2.122492283950617
 10
1.01875
 20
2.1600694444444444
 10
0.95625
 20
2.197646604938272
 10
0.8625
 20
2.2352237654320994
 10
0.7375
 20
2.2728009259259263
 10
0.64375
 20
2.310378086419753
 10
0.58125
 20
2.34795524691358
 10
0.55
 20
2.3855324074074074
 10
0.55
 20
2.423109567901235
 10
0.58125
 20
2.4606867283950624
 10
0.64375
 20
2.4982638888888893
 10
0.7375
 20
2.535841049382716
 10
0.8625
 20
2.573418209876543
 10
0.95625
 20
2.6109953703703703
 10
1.01875
 20
2.6485725308641976
 10
1.05
 20
2.6861496913580245
 10
1.05
 20
2.723726851851852
 10
1.01875
 20
2.761304012345679
 10
0.95625
 20
2.798881172839506
 10
0.8625
 20
2.8364583333333333
 10
0.7375
 20
2.8740354938271606
 10
0.64375
 20
2.9116126543209875
 10
0.58125
 20
2.949189814814815
 10
0.55
 20
2.986766975308642
 10
0.55
 20
3.024344135802469
 10
0.58125
 20
3.0619212962962963
 10
0.64375
 20
3.0994984567901236
 10
0.7375
 20
3.1370756172839505
 10
0.8625
 20
3.1746527777777778
 10
0.95625
 20
3.212229938271605
 10
1.01875
 20
3.249807098765432
 10
1.05
 20
3.2873842592592593
 10
1.05
 20
3.3249614197530866
 10
1.01875
 20
3.3625385802469134
 10
0.95625
 20
3.4001157407407407
 10
0.8625
 20
3.437692901234568
 10
0.7375
 20
3.475270061728395
 10
0.64375
 20
3.5128472222222222
 10
0.58125
 20
3.5504243827160495
 10
0.55
 20
3.5880015432098764
 10
0.55
 20
3.6255787037037037
 10
0.58125
 20
3.663155864197531
 10
0.64375
 20
3.700733024691358
 10
0.7375
 20
3.738310185185185
 10
0.8625
 20
3.7758873456790125
 10
0.95625
 20
3.8134645061728394
 10
1.01875
 20
3.851041666666667
 10
1.05
 20
3.8886188271604945
 10
1.05
 20
3.926195987654321
 10
1.01875
 20
3.963773148148148
 10
0.95625
 20
4.0013503086419755
 10
0.8625
 20
4.038927469135802
 10
0.7375
 20
4.07650462962963
 10
0.64375
 20
4.114081790123457
 10
0.58125
 20
4.151658950617285
 10
0.55
 20
4.189236111111112
 10
0.55
 20
4.2268132716049385
 10
0.58125
 20
4.264390432098765
 10
0.64375
 20
4.301967592592593
 10
0.7375
 20
4.33954475308642
 10
0.8625
 20
4.377121913580248
 10
0.95625
 20
4.414699074074075
 10
1.01875
 20
4.4522762345679014
 10
1.05
 20
4.489853395061729
 10
1.05
 20
4.527430555555556
 10
1.01875
 20
4.565007716049384
 10
0.95625
 20
4.602584876543211
 10
0.8625
 20
4.640162037037038
 10
0.7375
 20
4.677739197530864
 10
0.64375
 20
4.715316358024691
 10
0.58125
 20
4.752893518518518
 10
0.55
 20
4.790470679012346
 10
0.55
 20
4.828047839506173
 10
0.58125
 20
4.8656250000000005
 10
0.64375
 20
4.903202160493827
 10
0.7375
 20
4.940779320987654
 10
0.8625
 20
4.978356481481482
 10
0.95625
 20
5.015933641975309
 10
1.01875
 20
5.053510802469137
 10
1.05
 20
5.0910879629629635
 10
1.05
 20
5.12866512345679
 10
1.01875
 20
5.166242283950617
 10
0.95625
 20
5.203819444444445
 10
0.8625
 20
5.241396604938272
 10
0.7375
 20
5.2789737654321
 10
0.64375
 20
5.3165509259259265
 10
0.58125
 20
5.3541280864197525
 10
0.55
 20
5.39170524691358
 10
0.55
 20
5.429282407407408
 10
0.58125
 20
5.466859567901235
 10
0.64375
 20
5.504436728395063
 10
0.7375
 20
5.5420138888888895
 10
0.8625
 20
5.579591049382716
 10
0.95625
 20
5.617168209876543
 10
1.01875
 20
5.65474537037037
 10
1.05
 20
5.692322530864198
 10
1.05
 20
5.729899691358025
 10
1.01875
 20
5.7674768518518515
 10
0.95625
 20
5.80505401234568
 10
0.8625
 20
5.842631172839507
 10
0.7375
 20
5.880208333333334
 10
0.64375
 20
5.917785493827161
 10
0.58125
 20
5.9553626543209885
 10
0.55
 20
5.992939814814815
 10
0.55
 20
6.030516975308642
 10
0.58125
 20
6.068094135802469
 10
0.64375
 20
6.105671296296297
 10
0.7375
 20
6.143248456790124
 10
0.8625
 20
6.1808256172839515
 10
0.95625
 20
6.218402777777779
 10
1.01875
 20
6.255979938271604
 10
1.05
 20
6.293557098765432
 10
1.05
 20
6.33113425925926
 10
1.01875
 20
6.368711419753087
 10
0.95625
 20
6.4062885802469145
 10
0.8625
 20
6.443865740740741
 10
0.7375
 20
6.481442901234567
 10
0.64375
 20
6.519020061728394
 10
0.58125
 20
6.556597222222222
 10
0.55
 20
6.594174382716049
 10
0.55
 20
6.631751543209876
 10
0.58125
 20
6.669328703703703
 10
0.64375
 20
6.70690586419753
 10
0.7375
 20
6.744483024691358
 10
0.8625
 20
6.782060185185185
 10
0.95625
 20
6.819637345679013
 10
1.01875
 20
6.8572145061728405
 10
1.05
 20
6.894791666666667
 10
1.05
 20
6.932368827160494
 10
1.01875
 20
6.969945987654321
 10
0.95625
 20
7.007523148148149
 10
0.8625
 20
7.045100308641976
 10
0.7375
 20
7.082677469135803
 10
0.64375
 20
7.120254629629631
 10
0.58125
 20
7.157831790123456
 10
0.55
 20
7.195408950617284
 10
0.55
 20
7.232986111111112
 10
0.58125
 20
7.270563271604939
 10
0.64375
 20
7.308140432098766
 10
0.7375
 20
7.345717592592593
 10
0.8625
 20
7.38329475308642
 10
0.95625
 20
7.420871913580247
 10
1.01875
 20
7.458449074074075
 10
1.05
 20
7.496026234567902
 10
1.05
 20
7.5336033950617285
 10
1.01875
 20
7.571180555555555
 10
0.95625
 20
7.608757716049384
 10
0.8625
 20
7.646334876543211
 10
0.7375
 20
7.683912037037038
 10
0.64375
 20
7.721489197530865
 10
0.58125
 20
7.759066358024692
 10
0.55
 20
7.796643518518519
 10
0.55
 20
7.834220679012346
 10
0.58125
 20
7.871797839506173
 10
0.64375
 20
7.909375000000001
 10
0.7375
 20
7.946952160493828
 10
0.8625
 20
7.984529320987655
 10
0.95625
 20
8.022106481481483
 10
1.01875
 20
8.059683641975308
 10
1.05
 20
8.097260802469135
 10
1.05
 20
8.134837962962964
 10
1.01875
 20
8.17241512345679
 10
0.95625
 20
8.209992283950617
 10
0.8625
 20
8.247569444444444
 10
0.7375
 20
8.285146604938273
 10
0.64375
 20
8.3227237654321
 10
0.58125
 20
8.360300925925927
 10
0.55
 20
8.397878086419755
 10
0.55
 20
8.43545524691358
 10
0.58125
 20
8.473032407407409
 10
0.64375
 20
8.510609567901236
 10
0.7375
 20
8.548186728395063
 10
0.8625
 20
8.585763888888891
 10
0.95625
 20
8.623341049382718
 10
1.01875
 20
8.660918209876545
 10
1.05
 20
8.698495370370372
 10
1.05
 20
8.7360725308642
 10
1.01875
 20
8.773649691358028
 10
0.95625
 20
8.811226851851853
 10
0.8625
 20
8.848804012345681
 10
0.7375
 20
8.886381172839508
 10
0.64375
 20
8.923958333333335
 10
0.58125
 20
8.961535493827164
 10
0.55
 20
8.99911265432099
 10
0.55
 20
9.036689814814817
 10
0.58125
 20
9.074266975308644
 10
0.64375
 20
9.111844135802473
 10
0.7375
 20
9.1494212962963
 10
0.8625
 20
9.186998456790125
 10
0.95625
 20
9.224575617283952
 10
1.01875
 20
9.26215277777778
 10
1.05
 20
9.299729938271607
 10
1.05
 20
9.337307098765432
 10
1.01875
 20
9.37488425925926
 10
0.95625
 20
9.412461419753088
 10
0.8625
 20
9.450038580246915
 10
0.7375
 20
9.48761574074074
 10
0.64375
 20
9.525192901234567
 10
0.58125
 20
9.562770061728395
 10
0.55
 20
9.600347222222222
 10
0.55
 20
9.637924382716049
 10
0.58125
 20
9.675501543209878
 10
0.64375
 20
9.713078703703705
 10
0.7375
 20
9.750655864197531
 10
0.8625
 20
9.78823302469136
 10
0.95625
 20
9.825810185185187
 10
1.01875
 20
9.863387345679014
 10
1.05
 20
9.900964506172842
 10
1.05
 20
9.93854166666667
 10
1.01875
 20
9.976118827160496
 10
0.95625
 20
10.013695987654325
 10
0.8625
 20
10.051273148148152
 10
0.7375
 20
10.088850308641977
 10
0.64375
 20
10.126427469135804
 10
0.58125
 20
10.164004629629632
 10
0.55
 20
10.20158179012346
 10
0.55
 20
10.239158950617284
 10
0.58125
 20
10.276736111111113
 10
0.64375
 20
10.31431327160494
 10
0.7375
 20
10.351890432098767
 10
0.8625
 20
10.389467592592595
 10
0.95625
 20
10.427044753086422
 10
1.01875
 20
10.464621913580249
 10
1.05
 20
10.502199074074076
 10
1.05
 20
10.539776234567904
 10
1.01875
 20
10.577353395061731
 10
0.95625
 20
10.614930555555556
 10
0.8625
 20
10.652507716049383
 10
0.7375
 20
10.69008487654321
 10
0.64375
 20
10.727662037037035
 10
0.58125
 20
10.765239197530862
 10
0.55
 20
10.802816358024689
 10
0.55
 20
10.840393518518521
 10
0.58125
 20
10.877970679012348
 10
0.64375
 20
10.915547839506175
 10
0.7375
 20
10.953125
 10
0.8625
 20
10.990702160493827
 10
0.95625
 20
11.028279320987654
 10
1.01875
 20
11.065856481481482
 10
1.05
 20
11.103433641975311
 10
1.05
 20
11.141010802469138
 10
1.01875
 20
11.178587962962965
 10
0.95625
 20
11.216165123456792
 10
0.8625
 20
11.253742283950618
 10
0.7375
 20
11.291319444444444
 10
0.64375
 20
11.32889660493827
 10
0.58125
 20
11.366473765432099
 10
0.55
 20
11.404050925925926
 10
0.55
 20
11.441628086419753
 10
0.58125
 20
11.479205246913581
 10
0.64375
 20
11.516782407407408
 10
0.7375
 20
11.554359567901235
 10
0.8625
 20
11.591936728395064
 10
0.95625
 20
11.62951388888889
 10
1.01875
 20
11.667091049382718
 10
1.05
 20
11.704668209876546
 10
1.05
 20
11.742245370370373
 10
1.01875
 20
11.7798225308642
 10
0.95625
 20
11.817399691358029
 10
0.8625
 20
11.854976851851855
 10
0.7375
 20
11.89255401234568
 10
0.64375
 20
11.930131172839507
 10
0.58125
 20
11.967708333333334
 10
0.55
 20
12.005285493827161
 10
0.55
 20
12.042862654320988
 10
0.58125
 20
12.080439814814815
 10
0.64375
 20
12.118016975308644
 10
0.7375
 20
12.15559413580247
 10
0.8625
 20
12.193171296296295
 10
0.95625
 20
12.230748456790122
 10
1.01875
 20
12.268325617283951
 10
1.05
 20
12.305902777777778
 10
1.05
 20
12.343479938271605
 10
1.01875
 20
12.381057098765432
 10
0.95625
 20
12.41863425925926
 10
0.8625
 20
12.456211419753087
 10
0.7375
 20
12.493788580246914
 10
0.64375
 20
12.531365740740739
 10
0.58125
 20
12.568942901234566
 10
0.55
 20
12.606520061728393
 10
0.55
 20
12.644097222222225
 10
0.58125
 20
12.681674382716052
 10
0.64375
 20
12.719251543209879
 10
0.7375
 20
12.756828703703704
 10
0.8625
 20
12.79440586419753
 10
0.95625
 20
12.831983024691358
 10
1.01875
 20
12.869560185185186
 10
1.05
 20
12.907137345679015
 10
1.05
 20
12.944714506172842
 10
1.01875
 20
12.982291666666669
 10
0.95625
 20
13.019868827160495
 10
0.8625
 20
13.057445987654322
 10
0.7375
 20
13.095023148148151
 10
0.64375
 20
13.13260030864198
 10
0.58125
 20
13.170177469135806
 10
0.55
 20
13.207754629629633
 10
0.55
 20
13.245331790123458
 10
0.58125
 20
13.282908950617283
 10
0.64375
 20
13.32048611111111
 10
0.7375
 20
13.358063271604937
 10
0.8625
 20
13.39564043209877
 10
0.95625
 20
13.433217592592596
 10
1.01875
 20
13.470794753086423
 10
1.05
 20
13.508371913580248
 10
1.05
 20
13.545949074074073
 10
1.01875
 20
13.5835262345679
 10
0.95625
 20
13.621103395061727
 10
0.8625
 20
13.658680555555556
 10
0.7375
 20
13.696257716049384
 10
0.64375
 20
13.733834876543211
 10
0.58125
 20
13.771412037037038
 10
0.55
 20
13.808989197530865
 10
0.55
 20
13.846566358024692
 10
0.58125
 20
13.88414351851852
 10
0.64375
 20
13.921720679012349
 10
0.7375
 20
13.959297839506176
 10
0.8625
 20
13.996875000000003
 10
0.95625
 20
14.034452160493828
 10
1.01875
 20
14.072029320987655
 10
1.05
 20
14.109606481481482
 10
1.05
 20
14.147183641975314
 10
1.01875
 20
14.18476080246914
 10
0.95625
 20
14.222337962962968
 10
0.8625
 20
14.259915123456793
 10
0.7375
 20
14.29749228395062
 10
0.64375
 20
14.335069444444446
 10
0.58125
 20
14.372646604938275
 10
0.55
 20
14.410223765432102
 10
0.55
 20
14.447800925925929
 10
0.58125
 20
14.485378086419756
 10
0.64375
 20
14.522955246913584
 10
0.7375
 20
14.560532407407411
 10
0.8625
 20
14.598109567901236
 10
0.95625
 20
14.635686728395063
 10
1.01875
 20
14.673263888888892
 10
1.05
 20
14.710841049382719
 10
1.05
 20
14.748418209876546
 10
1.01875
 20
14.785995370370372
 10
0.95625
 20
14.8235725308642
 10
0.8625
 20
14.861149691358026
 10
0.7375
 20
14.898726851851855
 10
0.64375
 20
14.936304012345683
 10
0.58125
 20
14.97388117283951
 10
0.55
 20
15.011458333333337
 10
0.55
 20
15.049035493827162
 10
0.58125
 20
15.086612654320987
 10
0.64375
 20
15.124189814814814
 10
0.7375
 20
15.161766975308641
 10
0.8625
 20
15.199344135802473
 10
0.95625
 20
15.2369212962963
 10
1.01875
 20
15.274498456790127
 10
1.05
 20
15.312075617283952
 10
1.05
 20
15.349652777777777
 10
1.01875
 20
15.387229938271604
 10
0.95625
 20
15.42480709876543
 10
0.8625
 20
15.46238425925926
 10
0.7375
 20
15.499961419753088
 10
0.64375
 20
15.537538580246915
 10
0.58125
 20
15.575115740740742
 10
0.55
 20
15.612692901234569
 10
0.55
 20
15.650270061728396
 10
0.58125
 20
15.687847222222222
 10
0.64375
 20
15.725424382716051
 10
0.7375
 20
15.763001543209878
 10
0.8625
 20
15.800578703703703
 10
0.95625
 20
15.83815586419753
 10
1.01875
 20
15.875733024691359
 10
1.05
 20
15.913310185185185
 10
1.05
 20
15.95088734567901
 10
1.01875
 20
15.98846450617284
 10
0.95625
 20
16.026041666666668
 10
0.8625
 20
16.063618827160496
 10
0.7375
 20
16.10119598765432
 10
0.64375
 20
16.138773148148147
 10
0.58125
 20
16.17635030864197
 10
0.55
 20
16.2139274691358
 10
0.55
 20
16.251504629629633
 10
0.58125
 20
16.28908179012346
 10
0.64375
 20
16.326658950617286
 10
0.7375
 20
16.36423611111111
 10
0.8625
 20
16.401813271604937
 10
0.95625
 20
16.439390432098765
 10
1.01875
 20
16.476967592592594
 10
1.05
 20
16.51454475308642
 10
1.05
 20
16.55212191358025
 10
1.01875
 20
16.589699074074076
 10
0.95625
 20
16.6272762345679
 10
0.8625
 20
16.664853395061726
 10
0.7375
 20
16.70243055555556
 10
0.64375
 20
16.740007716049384
 10
0.58125
 20
16.777584876543212
 10
0.55
 20
16.81516203703704
 10
0.55
 20
16.852739197530866
 10
0.58125
 20
16.89031635802469
 10
0.64375
 20
16.927893518518516
 10
0.7375
 20
16.965470679012345
 10
0.8625
 20
17.003047839506177
 10
0.95625
 20
17.040625000000006
 10
1.01875
 20
17.07820216049383
 10
1.05
 20
17.115779320987656
 10
1.05
 20
17.15335648148148
 10
1.01875
 20
17.19093364197531
 10
0.95625
 20
17.22851080246914
 10
0.8625
 20
17.266087962962963
 10
0.7375
 20
17.303665123456796
 10
0.64375
 20
17.34124228395062
 10
0.58125
 20
17.378819444444446
 10
0.55
 20
17.41639660493827
 10
0.55
 20
17.453973765432103
 10
0.58125
 20
17.491550925925928
 10
0.64375
 20
17.529128086419757
 10
0.7375
 20
17.566705246913585
 10
0.8625
 20
17.60428240740741
 10
0.95625
 20
17.641859567901236
 10
1.01875
 20
17.67943672839506
 10
1.05
 20
17.71701388888889
 10
1.05
 20
17.75459104938272
 10
1.01875
 20
17.79216820987655
 10
0.95625
 20
17.829745370370375
 10
0.8625
 20
17.8673225308642
 10
0.7375
 20
17.904899691358025
 10
0.64375
 20
17.94247685185185
 10
0.58125
 20
17.980054012345676
 10
0.55
 20
18.017631172839504
 10
0.55
 20
18.055208333333336
 10
0.58125
 20
18.092785493827165
 10
0.64375
 20
18.13036265432099
 10
0.7375
 20
18.167939814814815
 10
0.8625
 20
18.20551697530864
 10
0.95625
 20
18.24309413580247
 10
1.01875
 20
18.280671296296298
 10
1.05
 20
18.318248456790123
 10
1.05
 20
18.355825617283955
 10
1.01875
 20
18.39340277777778
 10
0.95625
 20
18.430979938271605
 10
0.8625
 20
18.468557098765434
 10
0.7375
 20
18.506134259259262
 10
0.64375
 20
18.543711419753087
 10
0.58125
 20
18.58128858024692
 10
0.55
 20
18.618865740740745
 10
0.55
 20
18.65644290123457
 10
0.58125
 20
18.694020061728395
 10
0.64375
 20
18.73159722222222
 10
0.7375
 20
18.76917438271605
 10
0.8625
 20
18.80675154320988
 10
0.95625
 20
18.84432870370371
 10
1.01875
 20
18.881905864197535
 10
1.05
 20
18.91948302469136
 10
1.05
 20
18.957060185185185
 10
1.01875
 20
18.99463734567901
 10
0.95625
 20
19.032214506172842
 10
0.8625
 20
19.069791666666667
 10
0.7375
 20
19.107368827160496
 10
0.64375
 20
19.144945987654324
 10
0.58125
 20
19.18252314814815
 10
0.55
 20
19.220100308641975
 10
0.55
 20
19.257677469135807
 10
0.58125
 20
19.295254629629632
 10
0.64375
 20
19.33283179012346
 10
0.7375
 20
19.37040895061729
 10
0.8625
 20
19.407986111111114
 10
0.95625
 20
19.44556327160494
 10
1.01875
 20
19.483140432098764
 10
1.05
 20
19.520717592592593
 10
1.05
 20
19.558294753086425
 10
1.01875
 20
19.595871913580254
 10
0.95625
 20
19.63344907407408
 10
0.8625
 20
19.671026234567904
 10
0.7375
 20
19.70860339506173
 10
0.64375
 20
19.746180555555554
 10
0.58125
 20
19.78375771604938
 10
0.55
 20
19.821334876543208
 10
0.55
 20
19.85891203703704
 10
0.58125
 20
19.89648919753087
 10
0.64375
 20
19.934066358024694
 10
0.7375
 20
19.97164351851852
 10
0.8625
 20
20.009220679012344
 10
0.95625
 20
20.046797839506173
 10
1.01875
 20
20.084375
 10
1.05
 20
20.121952160493827
 10
1.05
 20
20.15952932098766
 10
1.01875
 20
20.197106481481484
 10
0.95625
 20
20.23468364197531
 10
0.8625
 20
20.272260802469134
 10
0.7375
 20
20.309837962962966
 10
0.64375
 20
20.34741512345679
 10
0.58125
 20
20.38499228395062
 10
0.55
 20
20.42256944444445
 10
0.55
 20
20.460146604938274
 10
0.58125
 20
20.4977237654321
 10
0.64375
 20
20.535300925925924
 10
0.7375
 20
20.572878086419752
 10
0.8625
 20
20.610455246913585
 10
0.95625
 20
20.648032407407413
 10
1.01875
 20
20.68560956790124
 10
1.05
 20
20.723186728395063
 10
1.05
 20
20.76076388888889
 10
1.01875
 20
20.798341049382717
 10
0.95625
 20
20.835918209876546
 10
0.8625
 20
20.87349537037037
 10
0.7375
 20
20.911072530864203
 10
0.64375
 20
20.94864969135803
 10
0.58125
 20
20.986226851851853
 10
0.55
 20
21.02380401234568
 10
0.55
 20
21.06138117283951
 10
0.58125
 20
21.098958333333336
 10
0.64375
 20
21.13653549382716
 10
0.7375
 20
21.174112654320986
 10
0.8625
 20
21.211689814814818
 10
0.95625
 20
21.249266975308643
 10
1.01875
 20
21.28684413580247
 10
1.05
 20
21.324421296296293
 10
1.05
 20
21.361998456790126
 10
1.01875
 20
21.39957561728395
 10
0.95625
 20
21.43715277777778
 10
0.8625
 20
21.474729938271608
 10
0.7375
 20
21.512307098765433
 10
0.64375
 20
21.54988425925926
 10
0.58125
 20
21.587461419753083
 10
0.55
 20
21.625038580246912
 10
0.55
 20
21.662615740740744
 10
0.58125
 20
21.700192901234573
 10
0.64375
 20
21.737770061728394
 10
0.7375
 20
21.775347222222223
 10
0.8625
 20
21.812924382716048
 10
0.95625
 20
21.850501543209877
 10
1.01875
 20
21.888078703703705
 10
1.05
 20
21.92565586419753
 10
1.05
 20
21.96323302469136
 10
1.01875
 20
22.000810185185188
 10
0.95625
 20
22.038387345679013
 10
0.8625
 20
22.07596450617284
 10
0.7375
 20
22.11354166666667
 10
0.64375
 20
22.151118827160495
 10
0.58125
 20
22.188695987654324
 10
0.55
 20
22.226273148148152
 10
0.55
 20
22.263850308641977
 10
0.58125
 20
22.301427469135806
 10
0.64375
 20
22.339004629629635
 10
0.7375
 20
22.37658179012346
 10
0.8625
 20
22.414158950617285
 10
0.95625
 20
22.45173611111111
 10
1.01875
 20
22.48931327160494
 10
1.05
 20
22.526890432098767
 10
1.05
 20
22.564467592592592
 10
1.01875
 20
22.60204475308642
 10
0.95625
 20
22.63962191358025
 10
0.8625
 20
22.677199074074075
 10
0.7375
 20
22.714776234567903
 10
0.64375
 20
22.752353395061732
 10
0.58125
 20
22.789930555555557
 10
0.55
 20
22.827507716049386
 10
0.55
 20
22.865084876543214
 10
0.58125
 20
22.90266203703704
 10
0.64375
 20
22.940239197530868
 10
0.7375
 20
22.977816358024697
 10
0.8625
 20
23.015393518518522
 10
0.95625
 20
23.05297067901235
 10
1.01875
 20
23.090547839506172
 10
1.05
 20
23.128125
 10
1.05
 20
23.165702160493833
 10
1.01875
 20
23.20327932098766
 10
0.95625
 20
23.240856481481483
 10
0.8625
 20
23.27843364197531
 10
0.7375
 20
23.316010802469137
 10
0.64375
 20
23.353587962962962
 10
0.58125
 20
23.391165123456787
 10
0.55
 20
23.428742283950616
 10
0.55
 20
23.466319444444448
 10
0.58125
 20
23.503896604938276
 10
0.64375
 20
23.5414737654321
 10
0.7375
 20
23.57905092592593
 10
0.8625
 20
23.61662808641975
 10
0.95625
 20
23.65420524691358
 10
1.01875
 20
23.69178240740741
 10
1.05
 20
23.729359567901234
 10
1.05
 20
23.766936728395063
 10
1.01875
 20
23.80451388888889
 10
0.95625
 20
23.842091049382717
 10
0.8625
 20
23.879668209876545
 10
0.7375
 20
23.917245370370374
 10
0.64375
 20
23.9548225308642
 10
0.58125
 20
23.992399691358024
 10
0.55
 20
24.02997685185185
 10
0.55
 20
24.067554012345678
 10
0.58125
 20
24.105131172839506
 10
0.64375
 20
24.14270833333333
 10
0.7375
 20
24.180285493827164
 10
0.8625
 20
24.21786265432099
 10
0.95625
 20
24.25543981481482
 10
1.01875
 20
24.293016975308646
 10
1.05
 20
24.330594135802475
 10
1.05
 20
24.368171296296303
 10
1.01875
 20
24.40574845679013
 10
0.95625
 20
24.443325617283953
 10
0.8625
 20
24.48090277777778
 10
0.7375
 20
24.518479938271607
 10
0.64375
 20
24.556057098765436
 10
0.58125
 20
24.59363425925926
 10
0.55
 20
24.63121141975309
 10
0.55
 20
24.66878858024692
 10
0.58125
 20
24.706365740740743
 10
0.64375
 20
24.74394290123457
 10
0.7375
 20
24.781520061728394
 10
0.8625
 20
24.819097222222222
 10
0.95625
 20
24.85667438271605
 10
1.01875
 20
24.894251543209876
 10
1.05
 20
24.931828703703705
 10
1.05
 20
24.969405864197533
 10
1.01875
 20
25.00698302469136
 10
0.95625
 20
25.044560185185187
 10
0.8625
 20
25.082137345679016
 10
0.7375
 20
25.11971450617284
 10
0.64375
 20
25.15729166666667
 10
0.58125
 20
25.194868827160498
 10
0.55
 20
25.232445987654323
 10
0.55
 20
25.27002314814815
 10
0.58125
 20
25.30760030864198
 10
0.64375
 20
25.345177469135805
 10
0.7375
 20
25.382754629629634
 10
0.8625
 20
25.420331790123463
 10
0.95625
 20
25.457908950617288
 10
1.01875
 20
25.495486111111113
 10
1.05
 20
25.533063271604938
 10
1.05
 20
25.570640432098767
 10
1.01875
 20
25.608217592592595
 10
0.95625
 20
25.64579475308642
 10
0.8625
 20
25.68337191358025
 10
0.7375
 20
25.720949074074078
 10
0.64375
 20
25.758526234567903
 10
0.58125
 20
25.79610339506173
 10
0.55
 20
25.83368055555556
 10
0.55
 20
25.871257716049385
 10
0.58125
 20
25.908834876543214
 10
0.64375
 20
25.946412037037042
 10
0.7375
 20
25.983989197530867
 10
0.8625
 20
26.021566358024696
 10
0.95625
 20
26.059143518518525
 10
1.01875
 20
26.09672067901235
 10
1.05
 20
26.13429783950618
 10
1.05
 20
26.171875000000007
 10
1.01875
 20
26.209452160493832
 10
0.95625
 20
26.24702932098766
 10
0.8625
 20
26.28460648148149
 10
0.7375
 20
26.32218364197531
 10
0.64375
 20
26.35976080246914
 10
0.58125
 20
26.397337962962965
 10
0.55
 20
26.434915123456793
 10
0.55
 20
26.472492283950626
 10
0.58125
 20
26.510069444444454
 10
0.64375
 20
26.54764660493828
 10
0.7375
 20
26.585223765432104
 10
0.8625
 20
26.62280092592593
 10
0.95625
 20
26.660378086419755
 10
1.01875
 20
26.69795524691358
 10
1.05
 20
26.73553240740741
 10
1.05
 20
26.773109567901237
 10
1.01875
 20
26.810686728395062
 10
0.95625
 20
26.84826388888889
 10
0.8625
 20
26.88584104938272
 10
0.7375
 20
26.92341820987654
 10
0.64375
 20
26.96099537037037
 10
0.58125
 20
26.998572530864195
 10
0.55
 20
27.036149691358023
 10
0.55
 20
27.073726851851855
 10
0.58125
 20
27.111304012345684
 10
0.64375
 20
27.14888117283951
 10
0.7375
 20
27.186458333333338
 10
0.8625
 20
27.22403549382716
 10
0.95625
 20
27.261612654320988
 10
1.01875
 20
27.299189814814817
 10
1.05
 20
27.33676697530864
 10
1.05
 20
27.37434413580247
 10
1.01875
 20
27.4119212962963
 10
0.95625
 20
27.449498456790124
 10
0.8625
 20
27.487075617283953
 10
0.7375
 20
27.52465277777778
 10
0.64375
 20
27.562229938271606
 10
0.58125
 20
27.599807098765435
 10
0.55
 20
27.637384259259264
 10
0.55
 20
27.67496141975309
 10
0.58125
 20
27.712538580246918
 10
0.64375
 20
27.75011574074074
 10
0.7375
 20
27.787692901234568
 10
0.8625
 20
27.8252700617284
 10
0.95625
 20
27.86284722222223
 10
1.01875
 20
27.90042438271605
 10
1.05
 20
27.93800154320988
 10
1.05
 20
27.975578703703704
 10
1.01875
 20
28.013155864197532
 10
0.95625
 20
28.05073302469136
 10
0.8625
 20
28.088310185185186
 10
0.7375
 20
28.125887345679015
 10
0.64375
 20
28.163464506172843
 10
0.58125
 20
28.20104166666667
 10
0.55
 20
28.238618827160497
 10
0.55
 20
28.276195987654326
 10
0.58125
 20
28.31377314814815
 10
0.64375
 20
28.35135030864198
 10
0.7375
 20
28.38892746913581
 10
0.8625
 20
28.42650462962963
 10
0.95625
 20
28.46408179012346
 10
1.01875
 20
28.501658950617283
 10
1.05
 20
28.539236111111112
 10
1.05
 20
28.576813271604944
 10
1.01875
 20
28.614390432098773
 10
0.95625
 20
28.651967592592598
 10
0.8625
 20
28.689544753086423
 10
0.7375
 20
28.72712191358025
 10
0.64375
 20
28.764699074074077
 10
0.58125
 20
28.802276234567906
 10
0.55
 20
28.83985339506173
 10
0.55
 20
28.87743055555556
 10
0.58125
 20
28.915007716049388
 10
0.64375
 20
28.952584876543213
 10
0.7375
 20
28.99016203703704
 10
0.8625
 20
29.02773919753087
 10
0.95625
 20
29.065316358024695
 10
1.01875
 20
29.10289351851852
 10
1.05
 20
29.140470679012346
 10
1.05
 20
29.178047839506174
 10
1.01875
 20
29.215625000000003
 10
0.95625
 20
29.253202160493828
 10
0.8625
 20
29.29077932098766
 10
0.7375
 20
29.328356481481485
 10
0.64375
 20
29.365933641975317
 10
0.58125
 20
29.403510802469143
 10
0.55
 20
29.44108796296297
 10
0.55
 20
29.4786651234568
 10
0.58125
 20
29.516242283950625
 10
0.64375
 20
29.55381944444445
 10
0.7375
 20
29.591396604938275
 10
0.8625
 20
29.628973765432104
 10
0.95625
 20
29.666550925925932
 10
1.01875
 20
29.704128086419757
 10
1.05
 20
29.741705246913586
 10
1.05
 20
29.779282407407415
 10
1.01875
 20
29.81685956790124
 10
0.95625
 20
29.85443672839507
 10
0.8625
 20
29.892013888888897
 10
0.7375
 20
29.92959104938272
 10
0.64375
 20
29.967168209876547
 10
0.58125
 20
30.004745370370372
 10
0.55
 20
30.0423225308642
 10
0.55
 20
30.079899691358033
 10
0.58125
 20
30.117476851851862
 10
0.64375
 20
30.155054012345687
 10
0.7375
 20
30.192631172839512
 10
0.8625
 20
30.230208333333337
 10
0.95625
 20
30.267785493827162
 10
1.01875
 20
30.305362654320987
 10
1.05
 20
30.342939814814816
 10
1.05
 20
30.380516975308645
 10
1.01875
 20
30.41809413580247
 10
0.95625
 20
30.4556712962963
 10
0.8625
 20
30.493248456790127
 10
0.7375
 20
30.53082561728395
 10
0.64375
 20
30.568402777777777
 10
0.58125
 20
30.605979938271602
 10
0.55
 20
30.64355709876543
 10
0.55
 20
30.681134259259263
 10
0.58125
 20
30.71871141975309
 10
0.64375
 20
30.756288580246917
 10
0.7375
 20
30.793865740740745
 10
0.8625
 20
30.831442901234567
 10
0.95625
 20
30.869020061728396
 10
1.01875
 20
30.906597222222224
 10
1.05
 20
30.94417438271605
 10
1.05
 20
30.981751543209878
 10
1.01875
 20
31.019328703703707
 10
0.95625
 20
31.05690586419753
 10
0.8625
 20
31.09448302469136
 10
0.7375
 20
31.13206018518519
 10
0.64375
 20
31.169637345679014
 10
0.58125
 20
31.20721450617284
 10
0.55
 20
31.244791666666664
 10
0.55
 20
31.282368827160493
 10
0.58125
 20
31.31994598765432
 10
0.64375
 20
31.357523148148147
 10
0.7375
 20
31.39510030864198
 10
0.8625
 20
31.432677469135804
 10
0.95625
 20
31.470254629629636
 10
1.01875
 20
31.50783179012346
 10
1.05
 20
31.545408950617286
 10
1.05
 20
31.58298611111111
 10
1.01875
 20
31.620563271604937
 10
0.95625
 20
31.65814043209876
 10
0.8625
 20
31.69571759259259
 10
0.7375
 20
31.73329475308642
 10
0.64375
 20
31.770871913580244
 10
0.58125
 20
31.808449074074073
 10
0.55
 20
31.8460262345679
 10
0.55
 20
31.883603395061726
 10
0.58125
 20
31.921180555555555
 10
0.64375
 20
31.958757716049384
 10
0.7375
 20
31.99633487654321
 10
0.8625
 20
32.03391203703704
 10
0.95625
 20
32.071489197530866
 10
1.01875
 20
32.1090663580247
 10
1.05
 20
32.14664351851852
 10
1.05
 20
32.18422067901235
 10
1.01875
 20
32.22179783950617
 10
0.95625
 20
32.259375
 10
0.8625
 20
32.29695216049383
 10
0.7375
 20
32.334529320987656
 10
0.64375
 20
32.37210648148149
 10
0.58125
 20
32.40968364197531
 10
0.55
 20
32.44726080246914
 10
0.55
 20
32.48483796296296
 10
0.58125
 20
32.52241512345679
 10
0.64375
 20
32.55999228395061
 10
0.7375
 20
32.597569444444446
 10
0.8625
 20
32.63514660493827
 10
0.95625
 20
32.6727237654321
 10
1.01875
 20
32.71030092592593
 10
1.05
 20
32.74787808641975
 10
1.05
 20
32.78545524691358
 10
1.01875
 20
32.8230324074074
 10
0.95625
 20
32.86060956790123
 10
0.8625
 20
32.89818672839506
 10
0.7375
 20
32.935763888888886
 10
0.64375
 20
32.97334104938272
 10
0.58125
 20
33.01091820987654
 10
0.55
 20
33.04849537037037
 10
0.55
 20
33.08607253086419
 10
0.58125
 20
33.12364969135802
 10
0.64375
 20
33.16122685185184
 10
0.7375
 20
33.198804012345676
 10
0.8625
 20
33.2363811728395
 10
0.95625
 20
33.27395833333333
 10
1.01875
 20
33.31153549382716
 10
1.05
 20
33.34911265432098
 10
1.05
 20
33.38668981481481
 10
1.01875
 20
33.42426697530863
 10
0.95625
 20
33.461844135802465
 10
0.8625
 20
33.49942129629629
 10
0.7375
 20
33.53699845679012
 10
0.64375
 20
33.57457561728395
 10
0.58125
 20
33.61215277777777
 10
0.55
 20
33.649729938271605
 10
0.55
 20
33.68730709876543
 10
0.58125
 20
33.72488425925926
 10
0.64375
 20
33.76246141975309
 10
0.7375
 20
33.80003858024691
 10
0.8625
 20
33.83761574074074
 10
0.95625
 20
33.87519290123456
 10
1.01875
 20
33.912770061728395
 10
1.05
 20
33.95034722222222
 10
1.05
 20
33.98792438271605
 10
1.01875
 20
34.02550154320988
 10
0.95625
 20
34.0630787037037
 10
0.8625
 20
34.100655864197535
 10
0.7375
 20
34.13823302469136
 10
0.64375
 20
34.17581018518519
 10
0.58125
 20
34.21338734567902
 10
0.55
 20
34.25096450617284
 10
0.55
 20
34.28854166666667
 10
0.58125
 20
34.32611882716049
 10
0.64375
 20
34.36369598765432
 10
0.7375
 20
34.40127314814815
 10
0.8625
 20
34.438850308641975
 10
0.95625
 20
34.47642746913581
 10
1.01875
 20
34.51400462962963
 10
1.05
 20
34.55158179012346
 10
1.05
 20
34.58915895061728
 10
1.01875
 20
34.62673611111111
 10
0.95625
 20
34.66431327160493
 10
0.8625
 20
34.701890432098764
 10
0.7375
 20
34.73946759259259
 10
0.64375
 20
34.77704475308642
 10
0.58125
 20
34.81462191358025
 10
0.55
 20
34.85219907407407
 10
0.55
 20
34.8897762345679
 10
0.58125
 20
34.92735339506172
 10
0.64375
 20
34.964930555555554
 10
0.7375
 20
35.00250771604938
 10
0.8625
 20
35.04008487654321
 10
0.95625
 20
35.07766203703704
 10
1.01875
 20
35.11523919753086
 10
1.05
 20
35.152816358024694
 10
1.05
 20
35.19039351851852
 10
1.01875
 20
35.22797067901235
 10
0.95625
 20
35.265547839506176
 10
0.8625
 20
35.303125
 10
0.7375
 20
35.34070216049383
 10
0.64375
 20
35.37827932098765
 10
0.58125
 20
35.41585648148148
 10
0.55
 20
35.4534336419753
 10
0.55
 20
35.49101080246913
 10
0.58125
 20
35.52858796296295
 10
0.64375
 20
35.566165123456784
 10
0.7375
 20
35.603742283950616
 10
0.8625
 20
35.64131944444444
 10
0.95625
 20
35.678896604938274
 10
1.01875
 20
35.716473765432106
 10
1.05
 20
35.75405092592593
 10
1.05
 20
35.791628086419756
 10
1.01875
 20
35.82920524691358
 10
0.95625
 20
35.866782407407406
 10
0.8625
 20
35.90435956790123
 10
0.7375
 20
35.941936728395056
 10
0.64375
 20
35.97951388888888
 10
0.58125
 20
36.017091049382714
 10
0.55
 20
36.05466820987654
 10
0.55
 20
36.09224537037037
 10
0.58125
 20
36.129822530864196
 10
0.64375
 20
36.16739969135802
 10
0.7375
 20
36.20497685185185
 10
0.8625
 20
36.24255401234568
 10
0.95625
 20
36.28013117283951
 10
1.01875
 20
36.317708333333336
 10
1.05
 20
36.35528549382716
 10
1.05
 20
36.392862654320986
 10
1.01875
 20
36.43043981481481
 10
0.95625
 20
36.46801697530864
 10
0.8625
 20
36.50559413580247
 10
0.7375
 20
36.5431712962963
 10
0.64375
 20
36.580748456790126
 10
0.58125
 20
36.61832561728395
 10
0.55
 20
36.65590277777778
 10
0.55
 20
36.69347993827161
 10
0.58125
 20
36.73105709876544
 10
0.64375
 20
36.768634259259265
 10
0.7375
 20
36.80621141975309
 10
0.8625
 20
36.843788580246915
 10
0.95625
 20
36.88136574074074
 10
1.01875
 20
36.918942901234566
 10
1.05
 20
36.95652006172839
 10
1.05
 20
36.994097222222216
 10
1.01875
 20
37.03167438271604
 10
0.95625
 20
37.06925154320987
 10
0.8625
 20
37.106828703703705
 10
0.7375
 20
37.14440586419753
 10
0.64375
 20
37.18198302469136
 10
0.58125
 20
37.219560185185195
 10
0.55
 20
37.25713734567902
 10
0.55
 20
37.294714506172845
 10
0.58125
 20
37.33229166666667
 10
0.64375
 20
37.369868827160495
 10
0.7375
 20
37.40744598765432
 10
0.8625
 20
37.445023148148145
 10
0.95625
 20
37.48260030864197
 10
1.01875
 20
37.520177469135795
 10
1.05
 20
37.55775462962962
 10
1.05
 20
37.595331790123446
 10
1.01875
 20
37.63290895061727
 10
0.95625
 20
37.6704861111111
 10
0.8625
 20
37.708063271604935
 10
0.7375
 20
37.74564043209876
 10
0.64375
 20
37.78321759259259
 10
0.58125
 20
37.820794753086425
 10
0.55
 20
37.85837191358025
 10
0.55
 20
37.895949074074075
 10
0.58125
 20
37.9335262345679
 10
0.64375
 20
37.971103395061725
 10
0.7375
 20
38.00868055555555
 10
0.8625
 20
38.046257716049375
 10
0.95625
 20
38.0838348765432
 10
1.01875
 20
38.12141203703703
 10
1.05
 20
38.15898919753086
 10
1.05
 20
38.19656635802469
 10
1.01875
 20
38.234143518518515
 10
0.95625
 20
38.27172067901234
 10
0.8625
 20
38.30929783950617
 10
0.7375
 20
38.346875
 10
0.64375
 20
38.38445216049383
 10
0.58125
 20
38.422029320987654
 10
0.55
 20
38.45960648148148
 10
0.55
 20
38.497183641975305
 10
0.58125
 20
38.53476080246913
 10
0.64375
 20
38.57233796296296
 10
0.7375
 20
38.60991512345679
 10
0.8625
 20
38.64749228395062
 10
0.95625
 20
38.685069444444444
 10
1.01875
 20
38.72264660493827
 10
1.05
 20
38.7602237654321
 10
1.05
 20
38.79780092592593
 10
1.01875
 20
38.83537808641976
 10
0.95625
 20
38.872955246913584
 10
0.8625
 20
38.91053240740741
 10
0.7375
 20
38.948109567901234
 10
0.64375
 20
38.98568672839506
 10
0.58125
 20
39.023263888888884
 10
0.55
 20
39.06084104938271
 10
0.55
 20
39.098418209876534
 10
0.58125
 20
39.13599537037036
 10
0.64375
 20
39.17357253086419
 10
0.7375
 20
39.211149691358024
 10
0.8625
 20
39.24872685185185
 10
0.95625
 20
39.28630401234568
 10
1.01875
 20
39.32388117283951
 10
1.05
 20
39.36145833333334
 10
1.05
 20
39.399035493827164
 10
1.01875
 20
39.43661265432099
 10
0.95625
 20
39.474189814814814
 10
0.8625
 20
39.51176697530864
 10
0.7375
 20
39.549344135802464
 10
0.64375
 20
39.58692129629629
 10
0.58125
 20
39.62449845679012
 10
0.55
 20
39.662075617283946
 10
0.55
 20
39.69965277777778
 10
0.58125
 20
39.737229938271604
 10
0.64375
 20
39.77480709876543
 10
0.7375
 20
39.81238425925926
 10
0.8625
 20
39.849961419753086
 10
0.95625
 20
39.88753858024692
 10
1.01875
 20
39.92511574074074
 10
1.05
 20
39.96269290123457
 10
1.05
 20
40.00027006172839
 10
1.01875
 20
40.03784722222222
 10
0.95625
 20
40.075424382716044
 10
0.8625
 20
40.113001543209876
 10
0.7375
 20
40.1505787037037
 10
0.64375
 20
40.18815586419753
 10
0.58125
 20
40.22573302469136
 10
0.55
 20
40.26331018518518
 10
0.55
 20
40.30088734567901
 10
0.58125
 20
40.33846450617283
 10
0.64375
 20
40.37604166666666
 10
0.7375
 20
40.41361882716049
 10
0.8625
 20
40.451195987654316
 10
0.95625
 20
40.48877314814815
 10
1.01875
 20
40.52635030864197
 10
1.05
 20
40.5639274691358
 10
1.05
 20
40.60150462962962
 10
1.01875
 20
40.63908179012345
 10
0.95625
 20
40.67665895061728
 10
0.8625
 20
40.714236111111106
 10
0.7375
 20
40.75181327160494
 10
0.64375
 20
40.78939043209876
 10
0.58125
 20
40.82696759259259
 10
0.55
 20
40.86454475308642
 10
0.55
 20
40.902121913580245
 10
0.58125
 20
40.93969907407408
 10
0.64375
 20
40.9772762345679
 10
0.7375
 20
41.01485339506173
 10
0.8625
 20
41.05243055555555
 10
0.95625
 20
41.09000771604938
 10
1.01875
 20
41.12758487654321
 10
1.05
 20
41.165162037037035
 10
1.05
 20
41.20273919753087
 10
1.01875
 20
41.24031635802469
 10
0.95625
 20
41.27789351851852
 10
0.8625
 20
41.31547067901235
 10
0.7375
 20
41.353047839506175
 10
0.64375
 20
41.39062500000001
 10
0.58125
 20
41.42820216049383
 10
0.55
 20
41.46577932098766
 10
0.55
 20
41.50335648148148
 10
0.58125
 20
41.54093364197531
 10
0.64375
 20
41.57851080246913
 10
0.7375
 20
41.616087962962965
 10
0.8625
 20
41.65366512345679
 10
0.95625
 20
41.69124228395062
 10
1.01875
 20
41.72881944444445
 10
1.05
 20
41.76639660493827
 10
1.05
 20
41.8039737654321
 10
1.01875
 20
41.84155092592592
 10
0.95625
 20
41.87912808641975
 10
0.8625
 20
41.91670524691358
 10
0.7375
 20
41.954282407407405
 10
0.64375
 20
41.99185956790124
 10
0.58125
 20
42.02943672839506
 10
0.55
 20
42.06701388888889
 10
0.55
 20
42.10459104938271
 10
0.58125
 20
42.14216820987654
 10
0.64375
 20
42.17974537037036
 10
0.7375
 20
42.217322530864195
 10
0.8625
 20
42.25489969135802
 10
0.95625
 20
42.29247685185185
 10
1.01875
 20
42.33005401234568
 10
1.05
 20
42.3676311728395
 10
1.05
 20
42.405208333333334
 10
1.01875
 20
42.44278549382716
 10
0.95625
 20
42.48036265432099
 10
0.8625
 20
42.51793981481482
 10
0.7375
 20
42.55551697530864
 10
0.64375
 20
42.59309413580247
 10
0.58125
 20
42.63067129629629
 10
0.55
 20
42.66824845679012
 10
0.55
 20
42.70582561728394
 10
0.58125
 20
42.74340277777777
 10
0.64375
 20
42.7809799382716
 10
0.7375
 20
42.81855709876543
 10
0.8625
 20
42.85613425925926
 10
0.95625
 20
42.89371141975309
 10
1.01875
 20
42.93128858024692
 10
1.05
 20
42.968865740740746
 10
1.05
 20
43.006442901234564
 10
1.01875
 20
43.04402006172839
 10
0.95625
 20
43.08159722222222
 10
0.8625
 20
43.11917438271605
 10
0.7375
 20
43.15675154320987
 10
0.64375
 20
43.1943287037037
 10
0.58125
 20
43.23190586419753
 10
0.55
 20
43.269483024691354
 10
0.55
 20
43.30706018518518
 10
0.58125
 20
43.344637345679004
 10
0.64375
 20
43.38221450617284
 10
0.7375
 20
43.41979166666667
 10
0.8625
 20
43.457368827160494
 10
0.95625
 20
43.49494598765432
 10
1.01875
 20
43.53252314814815
 10
1.05
 20
43.570100308641976
 10
1.05
 20
43.6076774691358
 10
1.01875
 20
43.645254629629626
 10
0.95625
 20
43.68283179012346
 10
0.8625
 20
43.72040895061728
 10
0.7375
 20
43.757986111111116
 10
0.64375
 20
43.79556327160495
 10
0.58125
 20
43.83314043209876
 10
0.55
 20
43.87071759259259
 10
0.55
 20
43.90829475308642
 10
0.58125
 20
43.94587191358025
 10
0.64375
 20
43.98344907407408
 10
0.7375
 20
44.021026234567906
 10
0.8625
 20
44.05860339506172
 10
0.95625
 20
44.09618055555555
 10
1.01875
 20
44.13375771604938
 10
1.05
 20
44.171334876543206
 10
1.05
 20
44.20891203703703
 10
1.01875
 20
44.246489197530856
 10
0.95625
 20
44.28406635802469
 10
0.8625
 20
44.32164351851852
 10
0.7375
 20
44.359220679012346
 10
0.64375
 20
44.39679783950618
 10
0.58125
 20
44.43437500000001
 10
0.55
 20
44.471952160493835
 10
0.55
 20
44.50952932098766
 10
0.58125
 20
44.547106481481485
 10
0.64375
 20
44.58468364197531
 10
0.7375
 20
44.622260802469135
 10
0.8625
 20
44.65983796296296
 10
0.95625
 20
44.697415123456786
 10
1.01875
 20
44.73499228395062
 10
1.05
 20
44.77256944444444
 10
1.05
 20
44.81014660493826
 10
1.01875
 20
44.847723765432086
 10
0.95625
 20
44.88530092592592
 10
0.8625
 20
44.92287808641975
 10
0.7375
 20
44.960455246913575
 10
0.64375
 20
44.99803240740741
 10
0.58125
 20
45.03560956790124
 10
0.55
 20
45.073186728395065
 10
0.55
 20
45.11076388888888
 10
0.58125
 20
45.14834104938271
 10
0.64375
 20
45.18591820987654
 10
0.7375
 20
45.223495370370365
 10
0.8625
 20
45.26107253086419
 10
0.95625
 20
45.298649691358015
 10
1.01875
 20
45.33622685185185
 10
1.05
 20
45.37380401234568
 10
1.05
 20
45.411381172839505
 10
1.01875
 20
45.44895833333334
 10
0.95625
 20
45.48653549382717
 10
0.8625
 20
45.524112654320994
 10
0.7375
 20
45.56168981481482
 10
0.64375
 20
45.599266975308645
 10
0.58125
 20
45.63684413580248
 10
0.55
 20
45.6744212962963
 10
0.55
 20
45.71199845679012
 10
0.58125
 20
45.749575617283945
 10
0.64375
 20
45.78715277777778
 10
0.7375
 20
45.82472993827161
 10
0.8625
 20
45.862307098765434
 10
0.95625
 20
45.89988425925927
 10
1.01875
 20
45.9374614197531
 10
1.05
 20
45.975038580246924
 10
1.05
 20
46.01261574074074
 10
1.01875
 20
46.05019290123457
 10
0.95625
 20
46.0877700617284
 10
0.8625
 20
46.125347222222224
 10
0.7375
 20
46.16292438271605
 10
0.64375
 20
46.200501543209874
 10
0.58125
 20
46.2380787037037
 10
0.55
 20
46.275655864197525
 10
0.55
 20
46.31323302469135
 10
0.58125
 20
46.350810185185175
 10
0.64375
 20
46.38838734567901
 10
0.7375
 20
46.42596450617284
 10
0.8625
 20
46.463541666666664
 10
0.95625
 20
46.5011188271605
 10
1.01875
 20
46.53869598765433
 10
1.05
 20
46.576273148148154
 10
1.05
 20
46.61385030864198
 10
1.01875
 20
46.651427469135804
 10
0.95625
 20
46.68900462962963
 10
0.8625
 20
46.726581790123454
 10
0.7375
 20
46.76415895061728
 10
0.64375
 20
46.801736111111104
 10
0.58125
 20
46.83931327160494
 10
0.55
 20
46.87689043209876
 10
0.55
 20
46.914467592592594
 10
0.58125
 20
46.952044753086426
 10
0.64375
 20
46.98962191358024
 10
0.7375
 20
47.02719907407407
 10
0.8625
 20
47.0647762345679
 10
0.95625
 20
47.102353395061726
 10
1.01875
 20
47.13993055555556
 10
1.05
 20
47.177507716049384
 10
1.05
 20
47.21508487654321
 10
1.01875
 20
47.252662037037034
 10
0.95625
 20
47.290239197530866
 10
0.8625
 20
47.32781635802469
 10
0.7375
 20
47.365393518518516
 10
0.64375
 20
47.40297067901234
 10
0.58125
 20
47.44054783950618
 10
0.55
 20
47.478125000000006
 10
0.55
 20
47.51570216049383
 10
0.58125
 20
47.553279320987656
 10
0.64375
 20
47.59085648148149
 10
0.7375
 20
47.62843364197531
 10
0.8625
 20
47.66601080246914
 10
0.95625
 20
47.70358796296296
 10
1.01875
 20
47.741165123456796
 10
1.05
 20
47.77874228395062
 10
1.05
 20
47.81631944444444
 10
1.01875
 20
47.853896604938264
 10
0.95625
 20
47.891473765432096
 10
0.8625
 20
47.92905092592593
 10
0.7375
 20
47.96662808641975
 10
0.64375
 20
48.004205246913585
 10
0.58125
 20
48.04178240740742
 10
0.55
 20
48.07935956790124
 10
0.55
 20
48.11693672839506
 10
0.58125
 20
48.154513888888886
 10
0.64375
 20
48.19209104938272
 10
0.7375
 20
48.22966820987654
 10
0.8625
 20
48.26724537037037
 10
0.95625
 20
48.30482253086419
 10
1.01875
 20
48.34239969135802
 10
1.05
 20
48.37997685185185
 10
1.05
 20
48.417554012345676
 10
1.01875
 20
48.4551311728395
 10
0.95625
 20
48.49270833333334
 10
0.8625
 20
48.530285493827165
 10
0.7375
 20
48.56786265432099
 10
0.64375
 20
48.605439814814815
 10
0.58125
 20
48.64301697530865
 10
0.55
 20
48.68059413580247
 10
0.55
 20
48.7181712962963
 10
0.58125
 20
48.75574845679012
 10
0.64375
 20
48.793325617283955
 10
0.7375
 20
48.83090277777778
 10
0.8625
 20
48.86847993827161
 10
0.971875
 20
48.90135995370371
 10
1.065625
 20
48.929542824074076
 10
1.14375
 20
48.95302854938272
 10
1.20625
 20
48.97181712962963
 10
1.253125
 20
48.985908564814814
 10
1.284375
 20
48.995302854938274
 10
1.3
 20
49.0
  0
LWPOLYLINE
  5
264
330
17
100
AcDbEntity
  8
Z-ZIELEN
370
35
 48
0.2
100
AcDbPolyline
 90
1192
 70
0
 10
31.7
 20
0.3
 10
31.684375
 20
0.3047191722972973
 10
31.653125
 20
0.31415751689189186
 10
31.60625
 20
0.32831503378378374
 10
31.54375
 20
0.34719172297297296
 10
31.465625
 20
0.3707875844594594
 10
31.371875
 20
0.3991026182432432
 10
31.2625
 20
0.4321368243243243
 10
31.1375
 20
0.46989020270270265
 10
31.04375
 20
0.5076435810810811
 10
30.98125
 20
0.5453969594594594
 10
30.95
 20
0.5831503378378378
 10
30.95
 20
0.6209037162162162
 10
30.98125
 20
0.6586570945945946
 10
31.04375
 20
0.696410472972973
 10
31.1375
 20
0.7341638513513513
 10
31.2625
 20
0.7719172297297296
 10
31.35625
 20
0.8096706081081081
 10
31.41875
 20
0.8474239864864863
 10
31.45
 20
0.8851773648648648
 10
31.45
 20
0.9229307432432433
 10
31.41875
 20
0.9606841216216218
 10
31.35625
 20
0.9984375
 10
31.2625
 20
1.0361908783783784
 10
31.1375
 20
1.073944256756757
 10
31.04375
 20
1.1116976351351353
 10
30.98125
 20
1.1494510135135136
 10
30.95
 20
1.187204391891892
 10
30.95
 20
1.2249577702702703
 10
30.98125
 20
1.2627111486486486
 10
31.04375
 20
1.300464527027027
 10
31.1375
 20
1.3382179054054055
 10
31.2625
 20
1.3759712837837839
 10
31.35625
 20
1.4137246621621622
 10
31.41875
 20
1.451478040540541
 10
31.45
 20
1.4892314189189193
 10
31.45
 20
1.5269847972972972
 10
31.41875
 20
1.5647381756756755
 10
31.35625
 20
1.6024915540540543
 10
31.2625
 20
1.6402449324324326
 10
31.1375
 20
1.677998310810811
 10
31.04375
 20
1.7157516891891893
 10
30.98125
 20
1.7535050675675679
 10
30.95
 20
1.7912584459459462
 10
30.95
 20
1.8290118243243245
 10
30.98125
 20
1.8667652027027029
 10
31.04375
 20
1.9045185810810814
 10
31.1375
 20
1.9422719594594597
 10
31.2625
 20
1.9800253378378383
 10
31.35625
 20
2.017778716216217
 10
31.41875
 20
2.0555320945945947
 10
31.45
 20
2.093285472972973
 10
31.45
 20
2.131038851351352
 10
31.41875
 20
2.16879222972973
 10
31.35625
 20
2.206545608108108
 10
31.2625
 20
2.2442989864864864
 10
31.1375
 20
2.282052364864865
 10
31.04375
 20
2.3198057432432435
 10
30.98125
 20
2.3575591216216214
 10
30.95
 20
2.3953124999999997
 10
30.95
 20
2.4330658783783785
 10
30.98125
 20
2.470819256756757
 10
31.04375
 20
2.5085726351351347
 10
31.1375
 20
2.5463260135135135
 10
31.2625
 20
2.584079391891892
 10
31.35625
 20
2.62183277027027
 10
31.41875
 20
2.659586148648649
 10
31.45
 20
2.6973395270270273
 10
31.45
 20
2.7350929054054056
 10
31.41875
 20
2.772846283783784
 10
31.35625
 20
2.8105996621621627
 10
31.2625
 20
2.848353040540541
 10
31.1375
 20
2.8861064189189185
 10
31.04375
 20
2.923859797297297
 10
30.98125
 20
2.9616131756756756
 10
30.95
 20
2.999366554054054
 10
30.95
 20
3.0371199324324323
 10
30.98125
 20
3.0748733108108106
 10
31.04375
 20
3.1126266891891894
 10
31.1375
 20
3.1503800675675677
 10
31.2625
 20
3.1881334459459456
 10
31.35625
 20
3.225886824324324
 10
31.41875
 20
3.2636402027027027
 10
31.45
 20
3.301393581081081
 10
31.45
 20
3.339146959459459
 10
31.41875
 20
3.3769003378378377
 10
31.35625
 20
3.414653716216216
 10
31.2625
 20
3.4524070945945944
 10
31.1375
 20
3.490160472972973
 10
31.04375
 20
3.527913851351351
 10
30.98125
 20
3.56566722972973
 10
30.95
 20
3.6034206081081086
 10
30.95
 20
3.6411739864864865
 10
30.98125
 20
3.6789273648648653
 10
31.04375
 20
3.716680743243244
 10
31.1375
 20
3.754434121621622
 10
31.2625
 20
3.7921875000000007
 10
31.35625
 20
3.829940878378379
 10
31.41875
 20
3.8676942567567574
 10
31.45
 20
3.9054476351351353
 10
31.45
 20
3.9432010135135136
 10
31.41875
 20
3.980954391891892
 10
31.35625
 20
4.018707770270271
 10
31.2625
 20
4.056461148648649
 10
31.1375
 20
4.0942145270270265
 10
31.04375
 20
4.131967905405404
 10
30.98125
 20
4.169721283783783
 10
30.95
 20
4.207474662162162
 10
30.95
 20
4.24522804054054
 10
30.98125
 20
4.282981418918919
 10
31.04375
 20
4.320734797297297
 10
31.1375
 20
4.358488175675675
 10
31.2625
 20
4.396241554054054
 10
31.35625
 20
4.433994932432432
 10
31.41875
 20
4.471748310810811
 10
31.45
 20
4.5095016891891895
 10
31.45
 20
4.547255067567567
 10
31.41875
 20
4.585008445945946
 10
31.35625
 20
4.622761824324324
 10
31.2625
 20
4.660515202702703
 10
31.1375
 20
4.698268581081081
 10
31.04375
 20
4.7360219594594595
 10
30.98125
 20
4.773775337837837
 10
30.95
 20
4.811528716216216
 10
30.95
 20
4.849282094594594
 10
30.98125
 20
4.887035472972973
 10
31.04375
 20
4.924788851351352
 10
31.1375
 20
4.9625422297297295
 10
31.2625
 20
5.000295608108108
 10
31.35625
 20
5.038048986486487
 10
31.41875
 20
5.075802364864865
 10
31.45
 20
5.113555743243244
 10
31.45
 20
5.151309121621622
 10
31.41875
 20
5.1890625
 10
31.35625
 20
5.226815878378378
 10
31.2625
 20
5.264569256756758
 10
31.1375
 20
5.302322635135136
 10
31.04375
 20
5.340076013513515
 10
30.98125
 20
5.377829391891893
 10
30.95
 20
5.415582770270271
 10
30.95
 20
5.45333614864865
 10
30.98125
 20
5.491089527027029
 10
31.04375
 20
5.528842905405405
 10
31.1375
 20
5.566596283783784
 10
31.2625
 20
5.6043496621621625
 10
31.35625
 20
5.64210304054054
 10
31.41875
 20
5.679856418918919
 10
31.45
 20
5.717609797297298
 10
31.45
 20
5.755363175675676
 10
31.41875
 20
5.793116554054054
 10
31.35625
 20
5.830869932432433
 10
31.2625
 20
5.868623310810811
 10
31.1375
 20
5.906376689189189
 10
31.04375
 20
5.944130067567568
 10
30.98125
 20
5.981883445945947
 10
30.95
 20
6.019636824324325
 10
30.95
 20
6.057390202702703
 10
30.98125
 20
6.095143581081082
 10
31.04375
 20
6.132896959459458
 10
31.1375
 20
6.170650337837837
 10
31.2625
 20
6.208403716216216
 10
31.35625
 20
6.246157094594594
 10
31.41875
 20
6.2839104729729724
 10
31.45
 20
6.321663851351351
 10
31.45
 20
6.359417229729729
 10
31.41875
 20
6.397170608108108
 10
31.35625
 20
6.434923986486487
 10
31.2625
 20
6.472677364864865
 10
31.1375
 20
6.510430743243243
 10
31.04375
 20
6.548184121621621
 10
30.98125
 20
6.5859375
 10
30.95
 20
6.623690878378379
 10
30.95
 20
6.661444256756757
 10
30.98125
 20
6.699197635135135
 10
31.04375
 20
6.736951013513514
 10
31.1375
 20
6.774704391891892
 10
31.2625
 20
6.812457770270271
 10
31.35625
 20
6.850211148648649
 10
31.41875
 20
6.8879645270270276
 10
31.45
 20
6.925717905405406
 10
31.45
 20
6.963471283783784
 10
31.41875
 20
7.001224662162163
 10
31.35625
 20
7.038978040540542
 10
31.2625
 20
7.07673141891892
 10
31.1375
 20
7.114484797297298
 10
31.04375
 20
7.152238175675677
 10
30.98125
 20
7.189991554054053
 10
30.95
 20
7.227744932432432
 10
30.95
 20
7.265498310810811
 10
30.98125
 20
7.303251689189189
 10
31.04375
 20
7.3410050675675675
 10
31.1375
 20
7.378758445945946
 10
31.2625
 20
7.416511824324324
 10
31.35625
 20
7.454265202702702
 10
31.41875
 20
7.492018581081082
 10
31.45
 20
7.52977195945946
 10
31.45
 20
7.5675253378378375
 10
31.41875
 20
7.605278716216217
 10
31.35625
 20
7.643032094594595
 10
31.2625
 20
7.680785472972973
 10
31.1375
 20
7.718538851351353
 10
31.04375
 20
7.7562922297297305
 10
30.98125
 20
7.794045608108108
 10
30.95
 20
7.831798986486488
 10
30.95
 20
7.869552364864866
 10
30.98125
 20
7.907305743243244
 10
31.04375
 20
7.9450591216216235
 10
31.1375
 20
7.982812500000001
 10
31.2625
 20
8.020565878378378
 10
31.35625
 20
8.058319256756757
 10
31.41875
 20
8.096072635135135
 10
31.45
 20
8.133826013513513
 10
31.45
 20
8.171579391891893
 10
31.41875
 20
8.20933277027027
 10
31.35625
 20
8.247086148648648
 10
31.2625
 20
8.284839527027028
 10
31.1375
 20
8.322592905405406
 10
31.04375
 20
8.360346283783784
 10
30.98125
 20
8.398099662162164
 10
30.95
 20
8.435853040540541
 10
30.95
 20
8.47360641891892
 10
30.98125
 20
8.511359797297299
 10
31.04375
 20
8.549113175675677
 10
31.1375
 20
8.586866554054055
 10
31.2625
 20
8.624619932432434
 10
31.35625
 20
8.662373310810812
 10
31.41875
 20
8.70012668918919
 10
31.45
 20
8.73788006756757
 10
31.45
 20
8.775633445945948
 10
31.41875
 20
8.813386824324326
 10
31.35625
 20
8.851140202702705
 10
31.2625
 20
8.888893581081083
 10
31.1375
 20
8.926646959459461
 10
31.04375
 20
8.964400337837839
 10
30.98125
 20
9.002153716216219
 10
30.95
 20
9.039907094594597
 10
30.95
 20
9.077660472972974
 10
30.98125
 20
9.115413851351352
 10
31.04375
 20
9.153167229729732
 10
31.1375
 20
9.19092060810811
 10
31.2625
 20
9.228673986486488
 10
31.35625
 20
9.266427364864867
 10
31.41875
 20
9.304180743243244
 10
31.45
 20
9.341934121621623
 10
31.45
 20
9.379687500000001
 10
31.41875
 20
9.417440878378379
 10
31.35625
 20
9.455194256756759
 10
31.2625
 20
9.492947635135137
 10
31.1375
 20
9.530701013513514
 10
31.04375
 20
9.568454391891892
 10
30.98125
 20
9.606207770270272
 10
30.95
 20
9.64396114864865
 10
30.95
 20
9.681714527027028
 10
30.98125
 20
9.719467905405407
 10
31.04375
 20
9.757221283783785
 10
31.1375
 20
9.794974662162163
 10
31.2625
 20
9.832728040540543
 10
31.35625
 20
9.87048141891892
 10
31.41875
 20
9.908234797297299
 10
31.45
 20
9.945988175675678
 10
31.45
 20
9.983741554054056
 10
31.41875
 20
10.021494932432434
 10
31.35625
 20
10.059248310810814
 10
31.2625
 20
10.097001689189192
 10
31.1375
 20
10.134755067567568
 10
31.04375
 20
10.172508445945947
 10
30.98125
 20
10.210261824324325
 10
30.95
 20
10.248015202702703
 10
30.95
 20
10.285768581081083
 10
30.98125
 20
10.32352195945946
 10
31.04375
 20
10.361275337837839
 10
31.1375
 20
10.399028716216218
 10
31.2625
 20
10.436782094594596
 10
31.35625
 20
10.474535472972974
 10
31.41875
 20
10.512288851351354
 10
31.45
 20
10.550042229729732
 10
31.45
 20
10.58779560810811
 10
31.41875
 20
10.625548986486487
 10
31.35625
 20
10.663302364864867
 10
31.2625
 20
10.701055743243245
 10
31.1375
 20
10.738809121621621
 10
31.04375
 20
10.7765625
 10
30.98125
 20
10.81431587837838
 10
30.95
 20
10.852069256756758
 10
30.95
 20
10.889822635135136
 10
30.98125
 20
10.927576013513516
 10
31.04375
 20
10.965329391891894
 10
31.1375
 20
11.003082770270272
 10
31.2625
 20
11.040836148648651
 10
31.35625
 20
11.07858952702703
 10
31.41875
 20
11.116342905405407
 10
31.45
 20
11.154096283783787
 10
31.45
 20
11.191849662162165
 10
31.41875
 20
11.229603040540542
 10
31.35625
 20
11.267356418918922
 10
31.2625
 20
11.3051097972973
 10
31.1375
 20
11.342863175675678
 10
31.04375
 20
11.380616554054058
 10
30.98125
 20
11.418369932432435
 10
30.95
 20
11.456123310810813
 10
30.95
 20
11.49387668918919
 10
30.98125
 20
11.531630067567567
 10
31.04375
 20
11.569383445945945
 10
31.1375
 20
11.607136824324325
 10
31.2625
 20
11.644890202702703
 10
31.35625
 20
11.68264358108108
 10
31.41875
 20
11.72039695945946
 10
31.45
 20
11.758150337837838
 10
31.45
 20
11.795903716216216
 10
31.41875
 20
11.833657094594596
 10
31.35625
 20
11.871410472972974
 10
31.2625
 20
11.909163851351352
 10
31.1375
 20
11.946917229729731
 10
31.04375
 20
11.98467060810811
 10
30.98125
 20
12.022423986486487
 10
30.95
 20
12.060177364864867
 10
30.95
 20
12.097930743243245
 10
30.98125
 20
12.135684121621622
 10
31.04375
 20
12.173437500000002
 10
31.1375
 20
12.211190878378382
 10
31.2625
 20
12.248944256756758
 10
31.35625
 20
12.286697635135136
 10
31.41875
 20
12.324451013513515
 10
31.45
 20
12.362204391891893
 10
31.45
 20
12.399957770270271
 10
31.41875
 20
12.43771114864865
 10
31.35625
 20
12.475464527027029
 10
31.2625
 20
12.513217905405407
 10
31.1375
 20
12.550971283783785
 10
31.04375
 20
12.588724662162164
 10
30.98125
 20
12.626478040540542
 10
30.95
 20
12.66423141891892
 10
30.95
 20
12.7019847972973
 10
30.98125
 20
12.739738175675678
 10
31.04375
 20
12.777491554054055
 10
31.1375
 20
12.815244932432435
 10
31.2625
 20
12.852998310810811
 10
31.35625
 20
12.89075168918919
 10
31.41875
 20
12.928505067567569
 10
31.45
 20
12.966258445945947
 10
31.45
 20
13.004011824324325
 10
31.41875
 20
13.041765202702704
 10
31.35625
 20
13.079518581081082
 10
31.2625
 20
13.11727195945946
 10
31.1375
 20
13.15502533783784
 10
31.04375
 20
13.192778716216218
 10
30.98125
 20
13.230532094594595
 10
30.95
 20
13.268285472972975
 10
30.95
 20
13.306038851351353
 10
30.98125
 20
13.343792229729731
 10
31.04375
 20
13.38154560810811
 10
31.1375
 20
13.419298986486488
 10
31.2625
 20
13.457052364864866
 10
31.35625
 20
13.494805743243244
 10
31.41875
 20
13.532559121621622
 10
31.45
 20
13.5703125
 10
31.45
 20
13.60806587837838
 10
31.41875
 20
13.645819256756758
 10
31.35625
 20
13.683572635135135
 10
31.2625
 20
13.721326013513515
 10
31.1375
 20
13.759079391891893
 10
31.04375
 20
13.79683277027027
 10
30.98125
 20
13.83458614864865
 10
30.95
 20
13.872339527027028
 10
30.95
 20
13.910092905405406
 10
30.98125
 20
13.947846283783786
 10
31.04375
 20
13.985599662162164
 10
31.1375
 20
14.023353040540542
 10
31.2625
 20
14.061106418918921
 10
31.35625
 20
14.098859797297298
 10
31.41875
 20
14.136613175675677
 10
31.45
 20
14.174366554054057
 10
31.45
 20
14.212119932432433
 10
31.41875
 20
14.249873310810813
 10
31.35625
 20
14.287626689189192
 10
31.2625
 20
14.325380067567568
 10
31.1375
 20
14.363133445945948
 10
31.04375
 20
14.400886824324326
 10
30.98125
 20
14.438640202702704
 10
30.95
 20
14.476393581081084
 10
30.95
 20
14.514146959459461
 10
30.98125
 20
14.55190033783784
 10
31.04375
 20
14.589653716216219
 10
31.1375
 20
14.627407094594597
 10
31.2625
 20
14.665160472972975
 10
31.35625
 20
14.702913851351354
 10
31.41875
 20
14.740667229729732
 10
31.45
 20
14.77842060810811
 10
31.45
 20
14.81617398648649
 10
31.41875
 20
14.853927364864868
 10
31.35625
 20
14.891680743243246
 10
31.2625
 20
14.929434121621625
 10
31.1375
 20
14.967187500000001
 10
31.04375
 20
15.00494087837838
 10
30.98125
 20
15.042694256756759
 10
30.95
 20
15.080447635135137
 10
30.95
 20
15.118201013513515
 10
30.98125
 20
15.155954391891894
 10
31.04375
 20
15.193707770270272
 10
31.1375
 20
15.23146114864865
 10
31.2625
 20
15.26921452702703
 10
31.35625
 20
15.306967905405408
 10
31.41875
 20
15.344721283783786
 10
31.45
 20
15.382474662162165
 10
31.45
 20
15.420228040540543
 10
31.41875
 20
15.457981418918921
 10
31.35625
 20
15.4957347972973
 10
31.2625
 20
15.533488175675679
 10
31.1375
 20
15.571241554054057
 10
31.04375
 20
15.608994932432434
 10
30.98125
 20
15.646748310810812
 10
30.95
 20
15.68450168918919
 10
30.95
 20
15.72225506756757
 10
30.98125
 20
15.760008445945946
 10
31.04375
 20
15.797761824324326
 10
31.1375
 20
15.835515202702705
 10
31.2625
 20
15.873268581081081
 10
31.35625
 20
15.911021959459461
 10
31.41875
 20
15.94877533783784
 10
31.45
 20
15.986528716216217
 10
31.45
 20
16.024282094594597
 10
31.41875
 20
16.062035472972973
 10
31.35625
 20
16.099788851351352
 10
31.2625
 20
16.137542229729732
 10
31.1375
 20
16.175295608108108
 10
31.04375
 20
16.213048986486488
 10
30.98125
 20
16.250802364864867
 10
30.95
 20
16.288555743243244
 10
30.95
 20
16.326309121621623
 10
30.98125
 20
16.364062500000003
 10
31.04375
 20
16.40181587837838
 10
31.1375
 20
16.43956925675676
 10
31.2625
 20
16.47732263513514
 10
31.35625
 20
16.515076013513514
 10
31.41875
 20
16.552829391891894
 10
31.45
 20
16.590582770270274
 10
31.45
 20
16.62833614864865
 10
31.41875
 20
16.66608952702703
 10
31.35625
 20
16.70384290540541
 10
31.2625
 20
16.741596283783785
 10
31.1375
 20
16.779349662162165
 10
31.04375
 20
16.817103040540545
 10
30.98125
 20
16.85485641891892
 10
30.95
 20
16.8926097972973
 10
30.95
 20
16.930363175675677
 10
30.98125
 20
16.968116554054056
 10
31.04375
 20
17.005869932432432
 10
31.1375
 20
17.043623310810812
 10
31.2625
 20
17.08137668918919
 10
31.35625
 20
17.119130067567568
 10
31.41875
 20
17.156883445945947
 10
31.45
 20
17.194636824324327
 10
31.45
 20
17.232390202702703
 10
31.41875
 20
17.270143581081083
 10
31.35625
 20
17.307896959459462
 10
31.2625
 20
17.34565033783784
 10
31.1375
 20
17.38340371621622
 10
31.04375
 20
17.421157094594598
 10
30.98125
 20
17.458910472972974
 10
30.95
 20
17.496663851351354
 10
30.95
 20
17.534417229729733
 10
30.98125
 20
17.57217060810811
 10
31.04375
 20
17.60992398648649
 10
31.1375
 20
17.64767736486487
 10
31.2625
 20
17.685430743243245
 10
31.35625
 20
17.723184121621625
 10
31.41875
 20
17.760937500000004
 10
31.45
 20
17.79869087837838
 10
31.45
 20
17.83644425675676
 10
31.41875
 20
17.874197635135136
 10
31.35625
 20
17.911951013513516
 10
31.2625
 20
17.949704391891895
 10
31.1375
 20
17.98745777027027
 10
31.04375
 20
18.02521114864865
 10
30.98125
 20
18.06296452702703
 10
30.95
 20
18.100717905405407
 10
30.95
 20
18.138471283783783
 10
30.98125
 20
18.176224662162163
 10
31.04375
 20
18.21397804054054
 10
31.1375
 20
18.25173141891892
 10
31.2625
 20
18.2894847972973
 10
31.35625
 20
18.327238175675674
 10
31.41875
 20
18.364991554054054
 10
31.45
 20
18.402744932432434
 10
31.45
 20
18.44049831081081
 10
31.41875
 20
18.47825168918919
 10
31.35625
 20
18.51600506756757
 10
31.2625
 20
18.553758445945945
 10
31.1375
 20
18.59151182432433
 10
31.04375
 20
18.629265202702705
 10
30.98125
 20
18.667018581081084
 10
30.95
 20
18.704771959459464
 10
30.95
 20
18.74252533783784
 10
30.98125
 20
18.78027871621622
 10
31.04375
 20
18.8180320945946
 10
31.1375
 20
18.855785472972975
 10
31.2625
 20
18.893538851351355
 10
31.35625
 20
18.931292229729735
 10
31.41875
 20
18.96904560810811
 10
31.45
 20
19.00679898648649
 10
31.45
 20
19.044552364864867
 10
31.41875
 20
19.082305743243246
 10
31.35625
 20
19.120059121621622
 10
31.2625
 20
19.157812500000002
 10
31.1375
 20
19.195565878378382
 10
31.04375
 20
19.233319256756758
 10
30.98125
 20
19.271072635135138
 10
30.95
 20
19.308826013513517
 10
30.95
 20
19.346579391891893
 10
30.98125
 20
19.384332770270273
 10
31.04375
 20
19.422086148648653
 10
31.1375
 20
19.45983952702703
 10
31.2625
 20
19.49759290540541
 10
31.35625
 20
19.535346283783785
 10
31.41875
 20
19.573099662162164
 10
31.45
 20
19.610853040540544
 10
31.45
 20
19.64860641891892
 10
31.41875
 20
19.6863597972973
 10
31.35625
 20
19.72411317567568
 10
31.2625
 20
19.761866554054055
 10
31.1375
 20
19.799619932432435
 10
31.04375
 20
19.83737331081081
 10
30.98125
 20
19.87512668918919
 10
30.95
 20
19.91288006756757
 10
30.95
 20
19.950633445945947
 10
30.98125
 20
19.988386824324326
 10
31.04375
 20
20.026140202702706
 10
31.1375
 20
20.063893581081082
 10
31.2625
 20
20.101646959459462
 10
31.35625
 20
20.13940033783784
 10
31.41875
 20
20.177153716216218
 10
31.45
 20
20.214907094594597
 10
31.45
 20
20.252660472972973
 10
31.41875
 20
20.290413851351353
 10
31.35625
 20
20.32816722972973
 10
31.2625
 20
20.36592060810811
 10
31.1375
 20
20.40367398648649
 10
31.04375
 20
20.441427364864865
 10
30.98125
 20
20.479180743243244
 10
30.95
 20
20.516934121621624
 10
30.95
 20
20.5546875
 10
30.98125
 20
20.59244087837838
 10
31.04375
 20
20.63019425675676
 10
31.1375
 20
20.667947635135135
 10
31.2625
 20
20.70570101351352
 10
31.35625
 20
20.743454391891895
 10
31.41875
 20
20.781207770270274
 10
31.45
 20
20.818961148648654
 10
31.45
 20
20.85671452702703
 10
31.41875
 20
20.89446790540541
 10
31.35625
 20
20.932221283783786
 10
31.2625
 20
20.969974662162166
 10
31.1375
 20
21.00772804054054
 10
31.04375
 20
21.04548141891892
 10
30.98125
 20
21.083234797297298
 10
30.95
 20
21.120988175675677
 10
30.95
 20
21.158741554054053
 10
30.98125
 20
21.196494932432433
 10
31.04375
 20
21.234248310810813
 10
31.1375
 20
21.27200168918919
 10
31.2625
 20
21.30975506756757
 10
31.35625
 20
21.347508445945948
 10
31.41875
 20
21.385261824324324
 10
31.45
 20
21.423015202702704
 10
31.45
 20
21.460768581081084
 10
31.41875
 20
21.49852195945946
 10
31.35625
 20
21.53627533783784
 10
31.2625
 20
21.57402871621622
 10
31.1375
 20
21.611782094594595
 10
31.04375
 20
21.649535472972975
 10
30.98125
 20
21.687288851351354
 10
30.95
 20
21.72504222972973
 10
30.95
 20
21.76279560810811
 10
30.98125
 20
21.80054898648649
 10
31.04375
 20
21.838302364864866
 10
31.1375
 20
21.876055743243246
 10
31.2625
 20
21.913809121621625
 10
31.35625
 20
21.9515625
 10
31.41875
 20
21.98931587837838
 10
31.45
 20
22.02706925675676
 10
31.45
 20
22.064822635135137
 10
31.41875
 20
22.102576013513517
 10
31.35625
 20
22.140329391891896
 10
31.2625
 20
22.178082770270272
 10
31.1375
 20
22.215836148648652
 10
31.043749999999996
 20
22.25358952702703
 10
30.98125
 20
22.291342905405408
 10
30.95
 20
22.32909628378379
 10
30.949999999999996
 20
22.366849662162167
 10
30.98125
 20
22.404603040540547
 10
31.04375
 20
22.442356418918926
 10
31.137499999999996
 20
22.48010979729731
 10
31.2625
 20
22.51786317567569
 10
31.356249999999996
 20
22.55561655405407
 10
31.418749999999996
 20
22.593369932432445
 10
31.45
 20
22.63112331081083
 10
31.449999999999996
 20
22.668876689189204
 10
31.418749999999996
 20
22.706630067567584
 10
31.35625
 20
22.744383445945964
 10
31.262499999999996
 20
22.78213682432434
 10
31.137499999999996
 20
22.819890202702716
 10
31.043749999999996
 20
22.857643581081092
 10
30.981249999999996
 20
22.89539695945947
 10
30.949999999999996
 20
22.933150337837848
 10
30.949999999999996
 20
22.970903716216224
 10
30.981249999999996
 20
23.0086570945946
 10
31.043749999999996
 20
23.04641047297298
 10
31.137499999999996
 20
23.084163851351356
 10
31.262499999999996
 20
23.121917229729736
 10
31.356249999999996
 20
23.159670608108115
 10
31.418749999999996
 20
23.19742398648649
 10
31.449999999999996
 20
23.235177364864867
 10
31.449999999999996
 20
23.272930743243247
 10
31.418749999999996
 20
23.310684121621623
 10
31.356249999999996
 20
23.348437500000003
 10
31.262499999999996
 20
23.386190878378383
 10
31.137499999999996
 20
23.42394425675676
 10
31.043749999999996
 20
23.46169763513514
 10
30.981249999999996
 20
23.499451013513518
 10
30.949999999999996
 20
23.537204391891894
 10
30.949999999999996
 20
23.574957770270274
 10
30.981249999999996
 20
23.612711148648653
 10
31.043749999999996
 20
23.65046452702703
 10
31.137499999999996
 20
23.68821790540541
 10
31.262499999999996
 20
23.72597128378379
 10
31.356249999999996
 20
23.763724662162165
 10
31.418749999999996
 20
23.801478040540545
 10
31.449999999999996
 20
23.839231418918924
 10
31.449999999999996
 20
23.8769847972973
 10
31.418749999999996
 20
23.91473817567568
 10
31.356249999999996
 20
23.95249155405406
 10
31.262499999999996
 20
23.990244932432436
 10
31.137499999999996
 20
24.027998310810812
 10
31.043749999999996
 20
24.065751689189188
 10
30.981249999999996
 20
24.103505067567568
 10
30.949999999999996
 20
24.141258445945947
 10
30.949999999999996
 20
24.179011824324323
 10
30.981249999999996
 20
24.216765202702703
 10
31.043749999999996
 20
24.254518581081083
 10
31.137499999999996
 20
24.29227195945946
 10
31.262499999999996
 20
24.33002533783784
 10
31.356249999999996
 20
24.36777871621622
 10
31.418749999999996
 20
24.405532094594594
 10
31.449999999999996
 20
24.443285472972974
 10
31.449999999999996
 20
24.481038851351354
 10
31.418749999999996
 20
24.518792229729733
 10
31.356249999999996
 20
24.55654560810811
 10
31.262499999999996
 20
24.59429898648649
 10
31.137499999999996
 20
24.63205236486487
 10
31.043749999999996
 20
24.669805743243245
 10
30.981249999999996
 20
24.707559121621625
 10
30.949999999999996
 20
24.745312500000004
 10
30.949999999999996
 20
24.78306587837838
 10
30.981249999999996
 20
24.82081925675676
 10
31.043749999999996
 20
24.85857263513514
 10
31.137499999999996
 20
24.89632601351352
 10
31.262499999999996
 20
24.934079391891895
 10
31.356249999999996
 20
24.971832770270275
 10
31.418749999999996
 20
25.00958614864865
 10
31.449999999999996
 20
25.04733952702703
 10
31.449999999999996
 20
25.08509290540541
 10
31.418749999999996
 20
25.122846283783787
 10
31.356249999999996
 20
25.160599662162166
 10
31.262499999999996
 20
25.198353040540546
 10
31.137499999999996
 20
25.236106418918922
 10
31.043749999999996
 20
25.2738597972973
 10
30.981249999999996
 20
25.31161317567568
 10
30.949999999999996
 20
25.349366554054058
 10
30.949999999999996
 20
25.387119932432434
 10
30.981249999999996
 20
25.424873310810817
 10
31.043749999999996
 20
25.462626689189193
 10
31.137499999999996
 20
25.50038006756757
 10
31.262499999999996
 20
25.538133445945952
 10
31.356249999999996
 20
25.57588682432433
 10
31.418749999999996
 20
25.613640202702705
 10
31.449999999999996
 20
25.651393581081088
 10
31.449999999999996
 20
25.689146959459464
 10
31.418749999999996
 20
25.72690033783784
 10
31.356249999999996
 20
25.764653716216223
 10
31.262499999999996
 20
25.8024070945946
 10
31.137499999999996
 20
25.840160472972975
 10
31.043749999999996
 20
25.877913851351355
 10
30.981249999999996
 20
25.915667229729735
 10
30.949999999999996
 20
25.95342060810811
 10
30.949999999999996
 20
25.99117398648649
 10
30.981249999999996
 20
26.02892736486487
 10
31.043749999999996
 20
26.066680743243246
 10
31.137499999999996
 20
26.104434121621622
 10
31.262499999999996
 20
26.142187500000002
 10
31.356249999999996
 20
26.17994087837838
 10
31.418749999999996
 20
26.217694256756758
 10
31.449999999999996
 20
26.255447635135138
 10
31.449999999999996
 20
26.293201013513514
 10
31.418749999999996
 20
26.330954391891893
 10
31.356249999999996
 20
26.368707770270273
 10
31.262499999999996
 20
26.40646114864865
 10
31.137499999999996
 20
26.44421452702703
 10
31.043749999999996
 20
26.48196790540541
 10
30.981249999999996
 20
26.519721283783785
 10
30.949999999999996
 20
26.557474662162164
 10
30.949999999999996
 20
26.595228040540544
 10
30.981249999999996
 20
26.63298141891892
 10
31.043749999999996
 20
26.6707347972973
 10
31.137499999999996
 20
26.70848817567568
 10
31.262499999999996
 20
26.746241554054055
 10
31.356249999999996
 20
26.783994932432435
 10
31.418749999999996
 20
26.821748310810815
 10
31.449999999999996
 20
26.85950168918919
 10
31.449999999999996
 20
26.89725506756757
 10
31.418749999999996
 20
26.935008445945947
 10
31.356249999999996
 20
26.972761824324323
 10
31.262499999999996
 20
27.010515202702702
 10
31.137499999999996
 20
27.048268581081082
 10
31.043749999999996
 20
27.08602195945946
 10
30.981249999999996
 20
27.123775337837838
 10
30.949999999999996
 20
27.161528716216218
 10
30.949999999999996
 20
27.199282094594594
 10
30.981249999999996
 20
27.237035472972973
 10
31.043749999999996
 20
27.274788851351353
 10
31.137499999999996
 20
27.31254222972973
 10
31.262499999999996
 20
27.350295608108112
 10
31.356249999999996
 20
27.38804898648649
 10
31.418749999999996
 20
27.425802364864865
 10
31.449999999999996
 20
27.463555743243244
 10
31.449999999999996
 20
27.501309121621624
 10
31.418749999999996
 20
27.5390625
 10
31.356249999999996
 20
27.57681587837838
 10
31.262499999999996
 20
27.61456925675676
 10
31.137499999999996
 20
27.652322635135135
 10
31.043749999999996
 20
27.690076013513515
 10
30.981249999999996
 20
27.727829391891895
 10
30.949999999999996
 20
27.76558277027027
 10
30.949999999999996
 20
27.80333614864865
 10
30.981249999999996
 20
27.84108952702703
 10
31.043749999999996
 20
27.878842905405406
 10
31.137499999999996
 20
27.916596283783786
 10
31.262499999999996
 20
27.954349662162166
 10
31.356249999999996
 20
27.99210304054054
 10
31.418749999999996
 20
28.02985641891892
 10
31.449999999999996
 20
28.0676097972973
 10
31.449999999999996
 20
28.105363175675677
 10
31.418749999999996
 20
28.143116554054057
 10
31.356249999999996
 20
28.180869932432437
 10
31.262499999999996
 20
28.218623310810813
 10
31.137499999999996
 20
28.256376689189192
 10
31.043749999999996
 20
28.29413006756757
 10
30.981249999999996
 20
28.331883445945948
 10
30.949999999999996
 20
28.369636824324328
 10
30.949999999999996
 20
28.407390202702704
 10
30.981249999999996
 20
28.445143581081084
 10
31.043749999999996
 20
28.482896959459463
 10
31.137499999999996
 20
28.52065033783784
 10
31.262499999999996
 20
28.55840371621622
 10
31.356249999999996
 20
28.596157094594595
 10
31.418749999999996
 20
28.633910472972975
 10
31.449999999999996
 20
28.671663851351354
 10
31.449999999999996
 20
28.70941722972973
 10
31.418749999999996
 20
28.74717060810811
 10
31.356249999999996
 20
28.78492398648649
 10
31.262499999999996
 20
28.822677364864866
 10
31.137499999999996
 20
28.860430743243246
 10
31.043749999999996
 20
28.898184121621625
 10
30.981249999999996
 20
28.9359375
 10
30.949999999999996
 20
28.97369087837838
 10
30.949999999999996
 20
29.01144425675676
 10
30.981249999999996
 20
29.049197635135137
 10
31.043749999999996
 20
29.086951013513517
 10
31.137499999999996
 20
29.124704391891896
 10
31.262499999999996
 20
29.162457770270272
 10
31.356249999999996
 20
29.200211148648652
 10
31.418749999999996
 20
29.23796452702703
 10
31.449999999999996
 20
29.275717905405408
 10
31.449999999999996
 20
29.313471283783787
 10
31.418749999999996
 20
29.351224662162167
 10
31.356249999999996
 20
29.388978040540543
 10
31.262499999999996
 20
29.426731418918923
 10
31.137499999999996
 20
29.464484797297303
 10
31.043749999999996
 20
29.50223817567568
 10
30.981249999999996
 20
29.53999155405406
 10
30.949999999999996
 20
29.577744932432438
 10
30.949999999999996
 20
29.615498310810814
 10
30.981249999999996
 20
29.653251689189194
 10
31.043749999999996
 20
29.691005067567573
 10
31.137499999999996
 20
29.72875844594595
 10
31.262499999999996
 20
29.76651182432433
 10
31.356249999999996
 20
29.80426520270271
 10
31.418749999999996
 20
29.842018581081085
 10
31.449999999999996
 20
29.879771959459465
 10
31.449999999999996
 20
29.917525337837844
 10
31.418749999999996
 20
29.95527871621622
 10
31.356249999999996
 20
29.9930320945946
 10
31.262499999999996
 20
30.03078547297298
 10
31.137499999999996
 20
30.068538851351356
 10
31.043749999999996
 20
30.106292229729736
 10
30.981249999999996
 20
30.144045608108115
 10
30.949999999999996
 20
30.18179898648649
 10
30.949999999999996
 20
30.21955236486487
 10
30.981249999999996
 20
30.25730574324325
 10
31.043749999999996
 20
30.295059121621627
 10
31.137499999999996
 20
30.332812500000003
 10
31.262499999999996
 20
30.370565878378383
 10
31.356249999999996
 20
30.408319256756762
 10
31.418749999999996
 20
30.446072635135142
 10
31.449999999999996
 20
30.48382601351352
 10
31.449999999999996
 20
30.521579391891898
 10
31.418749999999996
 20
30.559332770270277
 10
31.356249999999996
 20
30.597086148648657
 10
31.262499999999996
 20
30.634839527027033
 10
31.137499999999996
 20
30.672592905405413
 10
31.043749999999996
 20
30.710346283783792
 10
30.981249999999996
 20
30.74809966216217
 10
30.949999999999996
 20
30.785853040540548
 10
30.949999999999996
 20
30.823606418918928
 10
30.981249999999996
 20
30.861359797297304
 10
31.043749999999996
 20
30.899113175675684
 10
31.137499999999996
 20
30.936866554054063
 10
31.262499999999996
 20
30.97461993243244
 10
31.356249999999996
 20
31.01237331081082
 10
31.418749999999996
 20
31.0501266891892
 10
31.449999999999996
 20
31.087880067567575
 10
31.449999999999996
 20
31.125633445945954
 10
31.418749999999996
 20
31.163386824324334
 10
31.356249999999996
 20
31.201140202702703
 10
31.262499999999996
 20
31.238893581081083
 10
31.137499999999996
 20
31.276646959459462
 10
31.043749999999996
 20
31.31440033783784
 10
30.981249999999996
 20
31.35215371621622
 10
30.949999999999996
 20
31.389907094594598
 10
30.949999999999996
 20
31.427660472972974
 10
30.981249999999996
 20
31.46541385135135
 10
31.043749999999996
 20
31.503167229729733
 10
31.137499999999996
 20
31.54092060810811
 10
31.262499999999996
 20
31.578673986486486
 10
31.356249999999996
 20
31.616427364864865
 10
31.418749999999996
 20
31.654180743243245
 10
31.449999999999996
 20
31.69193412162162
 10
31.449999999999996
 20
31.7296875
 10
31.418749999999996
 20
31.76744087837838
 10
31.356249999999996
 20
31.805194256756756
 10
31.262499999999996
 20
31.842947635135133
 10
31.137499999999996
 20
31.880701013513512
 10
31.043749999999996
 20
31.918454391891892
 10
30.981249999999996
 20
31.95620777027027
 10
30.949999999999996
 20
31.99396114864865
 10
30.949999999999996
 20
32.03171452702703
 10
30.981249999999996
 20
32.0694679054054
 10
31.043749999999996
 20
32.10722128378379
 10
31.137499999999996
 20
32.14497466216216
 10
31.262499999999996
 20
32.18272804054054
 10
31.356249999999996
 20
32.22048141891892
 10
31.418749999999996
 20
32.2582347972973
 10
31.449999999999996
 20
32.295988175675674
 10
31.449999999999996
 20
32.33374155405406
 10
31.418749999999996
 20
32.371494932432434
 10
31.356249999999996
 20
32.40924831081081
 10
31.262499999999996
 20
32.44700168918919
 10
31.137499999999996
 20
32.48475506756757
 10
31.043749999999996
 20
32.522508445945945
 10
30.981249999999996
 20
32.56026182432433
 10
30.949999999999996
 20
32.598015202702705
 10
30.949999999999996
 20
32.63576858108108
 10
30.981249999999996
 20
32.673521959459464
 10
31.043749999999996
 20
32.71127533783784
 10
31.137499999999996
 20
32.749028716216216
 10
31.262499999999996
 20
32.7867820945946
 10
31.356249999999996
 20
32.824535472972975
 10
31.418749999999996
 20
32.86228885135135
 10
31.449999999999996
 20
32.900042229729735
 10
31.449999999999996
 20
32.937795608108104
 10
31.418749999999996
 20
32.97554898648649
 10
31.356249999999996
 20
33.01330236486486
 10
31.262499999999996
 20
33.05105574324324
 10
31.137499999999996
 20
33.08880912162162
 10
31.043749999999996
 20
33.1265625
 10
30.981249999999996
 20
33.164315878378375
 10
30.949999999999996
 20
33.20206925675676
 10
30.949999999999996
 20
33.239822635135134
 10
30.981249999999996
 20
33.27757601351351
 10
31.043749999999996
 20
33.31532939189189
 10
31.137499999999996
 20
33.35308277027027
 10
31.262499999999996
 20
33.390836148648646
 10
31.356249999999996
 20
33.42858952702703
 10
31.418749999999996
 20
33.466342905405405
 10
31.449999999999996
 20
33.50409628378378
 10
31.449999999999996
 20
33.541849662162164
 10
31.418749999999996
 20
33.57960304054054
 10
31.356249999999996
 20
33.61735641891892
 10
31.262499999999996
 20
33.6551097972973
 10
31.137499999999996
 20
33.692863175675676
 10
31.043749999999996
 20
33.73061655405405
 10
30.981249999999996
 20
33.768369932432435
 10
30.949999999999996
 20
33.80612331081081
 10
30.949999999999996
 20
33.84387668918919
 10
30.981249999999996
 20
33.88163006756757
 10
31.043749999999996
 20
33.91938344594595
 10
31.137499999999996
 20
33.95713682432432
 10
31.262499999999996
 20
33.994890202702706
 10
31.356249999999996
 20
34.03264358108108
 10
31.418749999999996
 20
34.07039695945946
 10
31.449999999999996
 20
34.10815033783784
 10
31.449999999999996
 20
34.14590371621622
 10
31.418749999999996
 20
34.183657094594594
 10
31.356249999999996
 20
34.22141047297298
 10
31.262499999999996
 20
34.25916385135135
 10
31.137499999999996
 20
34.29691722972973
 10
31.043749999999996
 20
34.334670608108105
 10
30.981249999999996
 20
34.37242398648649
 10
30.949999999999996
 20
34.410177364864865
 10
30.949999999999996
 20
34.44793074324324
 10
30.981249999999996
 20
34.485684121621624
 10
31.043749999999996
 20
34.5234375
 10
31.137499999999996
 20
34.561190878378376
 10
31.262499999999996
 20
34.59894425675676
 10
31.356249999999996
 20
34.636697635135135
 10
31.418749999999996
 20
34.67445101351351
 10
31.449999999999996
 20
34.712204391891895
 10
31.449999999999996
 20
34.74995777027027
 10
31.418749999999996
 20
34.78771114864865
 10
31.356249999999996
 20
34.82546452702703
 10
31.262499999999996
 20
34.863217905405406
 10
31.137499999999996
 20
34.900971283783775
 10
31.043749999999996
 20
34.93872466216216
 10
30.981249999999996
 20
34.976478040540535
 10
30.949999999999996
 20
35.01423141891891
 10
30.949999999999996
 20
35.051984797297294
 10
30.981249999999996
 20
35.08973817567567
 10
31.043749999999996
 20
35.12749155405405
 10
31.137499999999996
 20
35.16524493243243
 10
31.262499999999996
 20
35.20299831081081
 10
31.356249999999996
 20
35.24075168918919
 10
31.418749999999996
 20
35.278505067567565
 10
31.449999999999996
 20
35.31625844594595
 10
31.449999999999996
 20
35.354011824324324
 10
31.418749999999996
 20
35.39176520270271
 10
31.356249999999996
 20
35.42951858108108
 10
31.262499999999996
 20
35.46727195945946
 10
31.137499999999996
 20
35.50502533783784
 10
31.043749999999996
 20
35.54277871621622
 10
30.981249999999996
 20
35.580532094594595
 10
30.949999999999996
 20
35.61828547297298
 10
30.949999999999996
 20
35.656038851351354
 10
30.981249999999996
 20
35.69379222972973
 10
31.043749999999996
 20
35.731545608108114
 10
31.137499999999996
 20
35.76929898648649
 10
31.262499999999996
 20
35.80705236486486
 10
31.356249999999996
 20
35.84480574324324
 10
31.418749999999996
 20
35.88255912162162
 10
31.449999999999996
 20
35.920312499999994
 10
31.449999999999996
 20
35.95806587837838
 10
31.418749999999996
 20
35.995819256756754
 10
31.356249999999996
 20
36.03357263513513
 10
31.262499999999996
 20
36.07132601351351
 10
31.137499999999996
 20
36.10907939189189
 10
31.043749999999996
 20
36.146832770270265
 10
30.981249999999996
 20
36.18458614864865
 10
30.949999999999996
 20
36.222339527027025
 10
30.949999999999996
 20
36.2600929054054
 10
30.981249999999996
 20
36.297846283783784
 10
31.043749999999996
 20
36.33559966216216
 10
31.137499999999996
 20
36.373353040540536
 10
31.262499999999996
 20
36.41110641891892
 10
31.356249999999996
 20
36.448859797297295
 10
31.418749999999996
 20
36.48661317567567
 10
31.449999999999996
 20
36.524366554054055
 10
31.449999999999996
 20
36.56211993243243
 10
31.418749999999996
 20
36.59987331081081
 10
31.356249999999996
 20
36.63762668918919
 10
31.262499999999996
 20
36.675380067567566
 10
31.137499999999996
 20
36.71313344594594
 10
31.043749999999996
 20
36.750886824324326
 10
30.981249999999996
 20
36.7886402027027
 10
30.949999999999996
 20
36.82639358108108
 10
30.949999999999996
 20
36.86414695945946
 10
30.981249999999996
 20
36.90190033783784
 10
31.043749999999996
 20
36.93965371621621
 10
31.137499999999996
 20
36.9774070945946
 10
31.262499999999996
 20
37.01516047297297
 10
31.356249999999996
 20
37.05291385135135
 10
31.418749999999996
 20
37.09066722972973
 10
31.449999999999996
 20
37.12842060810811
 10
31.449999999999996
 20
37.166173986486484
 10
31.418749999999996
 20
37.20392736486487
 10
31.356249999999996
 20
37.24168074324324
 10
31.262499999999996
 20
37.27943412162162
 10
31.137499999999996
 20
37.3171875
 10
31.043749999999996
 20
37.35494087837838
 10
30.981249999999996
 20
37.392694256756755
 10
30.949999999999996
 20
37.43044763513514
 10
30.949999999999996
 20
37.468201013513514
 10
30.981249999999996
 20
37.50595439189189
 10
31.043749999999996
 20
37.543707770270274
 10
31.137499999999996
 20
37.58146114864865
 10
31.262499999999996
 20
37.619214527027026
 10
31.356249999999996
 20
37.6569679054054
 10
31.418749999999996
 20
37.694721283783785
 10
31.449999999999996
 20
37.73247466216216
 10
31.449999999999996
 20
37.77022804054054
 10
31.418749999999996
 20
37.80798141891892
 10
31.356249999999996
 20
37.8457347972973
 10
31.262499999999996
 20
37.88348817567567
 10
31.137499999999996
 20
37.921241554054056
 10
31.043749999999996
 20
37.95899493243243
 10
30.981249999999996
 20
37.99674831081081
 10
30.949999999999996
 20
38.03450168918919
 10
30.949999999999996
 20
38.07225506756757
 10
30.981249999999996
 20
38.110008445945944
 10
31.043749999999996
 20
38.14776182432433
 10
31.137499999999996
 20
38.1855152027027
 10
31.262499999999996
 20
38.22326858108108
 10
31.356249999999996
 20
38.26102195945946
 10
31.418749999999996
 20
38.29877533783784
 10
31.449999999999996
 20
38.336528716216215
 10
31.449999999999996
 20
38.3742820945946
 10
31.418749999999996
 20
38.412035472972974
 10
31.356249999999996
 20
38.44978885135135
 10
31.262499999999996
 20
38.48754222972973
 10
31.137499999999996
 20
38.52529560810811
 10
31.043749999999996
 20
38.563048986486486
 10
30.981249999999996
 20
38.60080236486487
 10
30.949999999999996
 20
38.638555743243245
 10
30.949999999999996
 20
38.67630912162162
 10
30.981249999999996
 20
38.714062500000004
 10
31.043749999999996
 20
38.75181587837838
 10
31.137499999999996
 20
38.78956925675676
 10
31.262499999999996
 20
38.82732263513514
 10
31.356249999999996
 20
38.865076013513516
 10
31.418749999999996
 20
38.90282939189189
 10
31.449999999999996
 20
38.940582770270275
 10
31.449999999999996
 20
38.97833614864865
 10
31.418749999999996
 20
39.01608952702703
 10
31.356249999999996
 20
39.05384290540541
 10
31.262499999999996
 20
39.09159628378379
 10
31.137499999999996
 20
39.129349662162156
 10
31.043749999999996
 20
39.16710304054054
 10
30.981249999999996
 20
39.204856418918915
 10
30.949999999999996
 20
39.24260979729729
 10
30.949999999999996
 20
39.280363175675674
 10
30.981249999999996
 20
39.31811655405405
 10
31.043749999999996
 20
39.35586993243243
 10
31.137499999999996
 20
39.39362331081081
 10
31.262499999999996
 20
39.431376689189186
 10
31.356249999999996
 20
39.46913006756756
 10
31.418749999999996
 20
39.506883445945945
 10
31.449999999999996
 20
39.54463682432432
 10
31.449999999999996
 20
39.582390202702705
 10
31.418749999999996
 20
39.62014358108108
 10
31.356249999999996
 20
39.657896959459464
 10
31.262499999999996
 20
39.69565033783784
 10
31.137499999999996
 20
39.733403716216216
 10
31.043749999999996
 20
39.7711570945946
 10
30.981249999999996
 20
39.808910472972975
 10
30.949999999999996
 20
39.84666385135135
 10
30.949999999999996
 20
39.884417229729735
 10
30.981249999999996
 20
39.92217060810811
 10
31.043749999999996
 20
39.95992398648649
 10
31.137499999999996
 20
39.99767736486487
 10
31.262499999999996
 20
40.03543074324324
 10
31.356249999999996
 20
40.07318412162162
 10
31.418749999999996
 20
40.1109375
 10
31.449999999999996
 20
40.148690878378375
 10
31.449999999999996
 20
40.18644425675676
 10
31.418749999999996
 20
40.224197635135134
 10
31.356249999999996
 20
40.26195101351351
 10
31.262499999999996
 20
40.29970439189189
 10
31.137499999999996
 20
40.33745777027027
 10
31.043749999999996
 20
40.375211148648646
 10
30.981249999999996
 20
40.41296452702703
 10
30.949999999999996
 20
40.450717905405405
 10
30.949999999999996
 20
40.48847128378378
 10
30.981249999999996
 20
40.526224662162164
 10
31.043749999999996
 20
40.56397804054054
 10
31.137499999999996
 20
40.60173141891892
 10
31.262499999999996
 20
40.6394847972973
 10
31.356249999999996
 20
40.677238175675676
 10
31.418749999999996
 20
40.71499155405405
 10
31.449999999999996
 20
40.75274493243243
 10
31.449999999999996
 20
40.79049831081081
 10
31.418749999999996
 20
40.82825168918919
 10
31.356249999999996
 20
40.86600506756756
 10
31.262499999999996
 20
40.90375844594594
 10
31.137499999999996
 20
40.94151182432432
 10
31.043749999999996
 20
40.9792652027027
 10
30.981249999999996
 20
41.017018581081075
 10
30.949999999999996
 20
41.05477195945946
 10
30.949999999999996
 20
41.092525337837834
 10
30.981249999999996
 20
41.13027871621622
 10
31.043749999999996
 20
41.168032094594594
 10
31.137499999999996
 20
41.20578547297297
 10
31.262499999999996
 20
41.24353885135135
 10
31.356249999999996
 20
41.28129222972973
 10
31.418749999999996
 20
41.319045608108105
 10
31.449999999999996
 20
41.35679898648649
 10
31.449999999999996
 20
41.394552364864865
 10
31.418749999999996
 20
41.43230574324325
 10
31.356249999999996
 20
41.470059121621624
 10
31.262499999999996
 20
41.5078125
 10
31.137499999999996
 20
41.54556587837838
 10
31.043749999999996
 20
41.58331925675676
 10
30.981249999999996
 20
41.621072635135135
 10
30.949999999999996
 20
41.65882601351351
 10
30.949999999999996
 20
41.696579391891895
 10
30.981249999999996
 20
41.73433277027027
 10
31.043749999999996
 20
41.77208614864865
 10
31.137499999999996
 20
41.80983952702702
 10
31.262499999999996
 20
41.847592905405406
 10
31.356249999999996
 20
41.88534628378378
 10
31.418749999999996
 20
41.92309966216216
 10
31.449999999999996
 20
41.96085304054054
 10
31.449999999999996
 20
41.99860641891892
 10
31.418749999999996
 20
42.036359797297294
 10
31.356249999999996
 20
42.07411317567568
 10
31.262499999999996
 20
42.11186655405405
 10
31.137499999999996
 20
42.14961993243243
 10
31.043749999999996
 20
42.18737331081081
 10
30.981249999999996
 20
42.22512668918919
 10
30.949999999999996
 20
42.262880067567565
 10
30.949999999999996
 20
42.30063344594595
 10
30.981249999999996
 20
42.338386824324324
 10
31.043749999999996
 20
42.3761402027027
 10
31.137499999999996
 20
42.41389358108108
 10
31.262499999999996
 20
42.45164695945945
 10
31.356249999999996
 20
42.489400337837836
 10
31.418749999999996
 20
42.52715371621621
 10
31.449999999999996
 20
42.56490709459459
 10
31.449999999999996
 20
42.60266047297297
 10
31.418749999999996
 20
42.64041385135135
 10
31.356249999999996
 20
42.67816722972972
 10
31.262499999999996
 20
42.71592060810811
 10
31.137499999999996
 20
42.75367398648648
 10
31.043749999999996
 20
42.79142736486486
 10
30.981249999999996
 20
42.82918074324324
 10
30.949999999999996
 20
42.86693412162162
 10
30.949999999999996
 20
42.904687499999994
 10
30.981249999999996
 20
42.94244087837838
 10
31.043749999999996
 20
42.980194256756754
 10
31.137499999999996
 20
43.01794763513513
 10
31.262499999999996
 20
43.05570101351351
 10
31.356249999999996
 20
43.09345439189189
 10
31.418749999999996
 20
43.131207770270265
 10
31.449999999999996
 20
43.16896114864865
 10
31.449999999999996
 20
43.206714527027025
 10
31.418749999999996
 20
43.2444679054054
 10
31.356249999999996
 20
43.282221283783784
 10
31.262499999999996
 20
43.31997466216217
 10
31.137499999999996
 20
43.357728040540536
 10
31.043749999999996
 20
43.39548141891892
 10
30.981249999999996
 20
43.433234797297295
 10
30.949999999999996
 20
43.47098817567567
 10
30.949999999999996
 20
43.508741554054055
 10
30.981249999999996
 20
43.54649493243243
 10
31.043749999999996
 20
43.58424831081081
 10
31.137499999999996
 20
43.62200168918919
 10
31.262499999999996
 20
43.659755067567566
 10
31.356249999999996
 20
43.69750844594594
 10
31.418749999999996
 20
43.735261824324326
 10
31.449999999999996
 20
43.7730152027027
 10
31.449999999999996
 20
43.81076858108108
 10
31.418749999999996
 20
43.84852195945946
 10
31.356249999999996
 20
43.88627533783784
 10
31.262499999999996
 20
43.92402871621621
 10
31.137499999999996
 20
43.9617820945946
 10
31.043749999999996
 20
43.99953547297297
 10
30.981249999999996
 20
44.03728885135135
 10
30.949999999999996
 20
44.07504222972973
 10
30.949999999999996
 20
44.11279560810811
 10
30.981249999999996
 20
44.150548986486484
 10
31.043749999999996
 20
44.18830236486487
 10
31.137499999999996
 20
44.22605574324324
 10
31.262499999999996
 20
44.26380912162162
 10
31.356249999999996
 20
44.3015625
 10
31.418749999999996
 20
44.33931587837838
 10
31.449999999999996
 20
44.377069256756755
 10
31.449999999999996
 20
44.41482263513514
 10
31.418749999999996
 20
44.452576013513514
 10
31.356249999999996
 20
44.49032939189189
 10
31.262499999999996
 20
44.528082770270274
 10
31.137499999999996
 20
44.56583614864865
 10
31.043749999999996
 20
44.603589527027026
 10
30.981249999999996
 20
44.64134290540541
 10
30.949999999999996
 20
44.679096283783785
 10
30.949999999999996
 20
44.71684966216216
 10
30.981249999999996
 20
44.754603040540545
 10
31.043749999999996
 20
44.79235641891892
 10
31.137499999999996
 20
44.8301097972973
 10
31.262499999999996
 20
44.86786317567568
 10
31.371874999999996
 20
44.90089738175676
 10
31.465624999999996
 20
44.92921241554054
 10
31.543749999999996
 20
44.95280827702703
 10
31.606249999999996
 20
44.97168496621622
 10
31.653124999999996
 20
44.985842483108115
 10
31.684374999999996
 20
44.9952808277027
 10
31.699999999999996
 20
45.0
  0
LWPOLYLINE
  5
265
330
17
100
AcDbEntity
  8
Z-ZIELEN
370
35
 48
0.2
100
AcDbPolyline
 90
792
 70
0
 10
1.3
 20
0.30000000000000004
 10
1.3046875
 20
0.31562500000000004
 10
1.3140625000000001
 20
0.34687500000000004
 10
1.328125
 20
0.39375000000000004
 10
1.3468749999999998
 20
0.45625000000000004
 10
1.3703124999999998
 20
0.534375
 10
1.3984375000000002
 20
0.628125
 10
1.4312500000000001
 20
0.7375
 10
1.46875
 20
0.8625
 10
1.50625
 20
0.95625
 10
1.54375
 20
1.01875
 10
1.58125
 20
1.05
 10
1.6187500000000001
 20
1.05
 10
1.65625
 20
1.01875
 10
1.6937499999999999
 20
0.95625
 10
1.7312499999999997
 20
0.8625
 10
1.7687500000000003
 20
0.7375
 10
1.8062500000000001
 20
0.64375
 10
1.84375
 20
0.58125
 10
1.8812499999999999
 20
0.55
 10
1.91875
 20
0.55
 10
1.95625
 20
0.58125
 10
1.9937500000000001
 20
0.64375
 10
2.03125
 20
0.7375
 10
2.0687499999999996
 20
0.8625
 10
2.1062499999999997
 20
0.95625
 10
2.1437500000000003
 20
1.01875
 10
2.1812500000000004
 20
1.05
 10
2.21875
 20
1.05
 10
2.25625
 20
1.01875
 10
2.29375
 20
0.95625
 10
2.33125
 20
0.8625
 10
2.3687500000000004
 20
0.7375
 10
2.40625
 20
0.64375
 10
2.4437499999999996
 20
0.58125
 10
2.4812499999999997
 20
0.55
 10
2.5187500000000003
 20
0.55
 10
2.5562500000000004
 20
0.58125
 10
2.59375
 20
0.64375
 10
2.6312499999999996
 20
0.7375
 10
2.66875
 20
0.8625
 10
2.70625
 20
0.95625
 10
2.74375
 20
1.01875
 10
2.78125
 20
1.05
 10
2.8187499999999996
 20
1.05
 10
2.8562499999999997
 20
1.01875
 10
2.89375
 20
0.95625
 10
2.9312499999999995
 20
0.8625
 10
2.9687499999999996
 20
0.7375
 10
3.0062499999999996
 20
0.64375
 10
3.04375
 20
0.58125
 10
3.08125
 20
0.55
 10
3.1187499999999995
 20
0.55
 10
3.156249999999999
 20
0.58125
 10
3.1937499999999996
 20
0.64375
 10
3.2312499999999997
 20
0.7375
 10
3.26875
 20
0.8625
 10
3.3062499999999995
 20
0.95625
 10
3.3437499999999996
 20
1.01875
 10
3.3812499999999996
 20
1.05
 10
3.4187499999999993
 20
1.05
 10
3.4562499999999994
 20
1.01875
 10
3.49375
 20
0.95625
 10
3.53125
 20
0.8625
 10
3.5687499999999996
 20
0.7375
 10
3.6062499999999997
 20
0.64375
 10
3.6437500000000003
 20
0.58125
 10
3.6812500000000004
 20
0.55
 10
3.71875
 20
0.55
 10
3.75625
 20
0.58125
 10
3.79375
 20
0.64375
 10
3.83125
 20
0.7375
 10
3.86875
 20
0.8625
 10
3.90625
 20
0.95625
 10
3.9437499999999996
 20
1.01875
 10
3.98125
 20
1.05
 10
4.01875
 20
1.05
 10
4.05625
 20
1.01875
 10
4.093750000000001
 20
0.95625
 10
4.1312500000000005
 20
0.8625
 10
4.16875
 20
0.7375
 10
4.20625
 20
0.64375
 10
4.2437499999999995
 20
0.58125
 10
4.28125
 20
0.55
 10
4.31875
 20
0.55
 10
4.35625
 20
0.58125
 10
4.39375
 20
0.64375
 10
4.4312499999999995
 20
0.7375
 10
4.46875
 20
0.8625
 10
4.50625
 20
0.95625
 10
4.54375
 20
1.01875
 10
4.58125
 20
1.05
 10
4.6187499999999995
 20
1.05
 10
4.656249999999999
 20
1.01875
 10
4.69375
 20
0.95625
 10
4.731249999999999
 20
0.8625
 10
4.76875
 20
0.7375
 10
4.8062499999999995
 20
0.64375
 10
4.843749999999999
 20
0.58125
 10
4.88125
 20
0.55
 10
4.918749999999999
 20
0.55
 10
4.95625
 20
0.58125
 10
4.9937499999999995
 20
0.64375
 10
5.03125
 20
0.7375
 10
5.06875
 20
0.8625
 10
5.10625
 20
0.95625
 10
5.14375
 20
1.01875
 10
5.18125
 20
1.05
 10
5.21875
 20
1.05
 10
5.2562500000000005
 20
1.01875
 10
5.29375
 20
0.95625
 10
5.33125
 20
0.8625
 10
5.3687499999999995
 20
0.7375
 10
5.406249999999999
 20
0.64375
 10
5.44375
 20
0.58125
 10
5.481249999999999
 20
0.55
 10
5.518749999999999
 20
0.55
 10
5.556249999999999
 20
0.58125
 10
5.59375
 20
0.64375
 10
5.63125
 20
0.7375
 10
5.668749999999999
 20
0.8625
 10
5.706249999999999
 20
0.95625
 10
5.7437499999999995
 20
1.01875
 10
5.78125
 20
1.05
 10
5.8187500000000005
 20
1.05
 10
5.856250000000001
 20
1.01875
 10
5.893749999999999
 20
0.95625
 10
5.9312499999999995
 20
0.8625
 10
5.96875
 20
0.7375
 10
6.00625
 20
0.64375
 10
6.04375
 20
0.58125
 10
6.08125
 20
0.55
 10
6.1187499999999995
 20
0.55
 10
6.156249999999999
 20
0.58125
 10
6.19375
 20
0.64375
 10
6.231249999999999
 20
0.7375
 10
6.268749999999999
 20
0.8625
 10
6.306249999999999
 20
0.95625
 10
6.34375
 20
1.01875
 10
6.38125
 20
1.05
 10
6.418749999999999
 20
1.05
 10
6.456249999999999
 20
1.01875
 10
6.4937499999999995
 20
0.95625
 10
6.531249999999999
 20
0.8625
 10
6.568749999999999
 20
0.7375
 10
6.606249999999998
 20
0.64375
 10
6.643749999999999
 20
0.58125
 10
6.6812499999999995
 20
0.55
 10
6.718749999999999
 20
0.55
 10
6.75625
 20
0.58125
 10
6.79375
 20
0.64375
 10
6.83125
 20
0.7375
 10
6.8687499999999995
 20
0.8625
 10
6.906249999999999
 20
0.95625
 10
6.94375
 20
1.01875
 10
6.98125
 20
1.05
 10
7.01875
 20
1.05
 10
7.05625
 20
1.01875
 10
7.093750000000001
 20
0.95625
 10
7.1312500000000005
 20
0.8625
 10
7.168749999999999
 20
0.7375
 10
7.206249999999999
 20
0.64375
 10
7.2437499999999995
 20
0.58125
 10
7.28125
 20
0.55
 10
7.3187500000000005
 20
0.55
 10
7.356250000000001
 20
0.58125
 10
7.393749999999999
 20
0.64375
 10
7.4312499999999995
 20
0.7375
 10
7.46875
 20
0.8625
 10
7.50625
 20
0.95625
 10
7.54375
 20
1.01875
 10
7.58125
 20
1.05
 10
7.6187499999999995
 20
1.05
 10
7.656249999999999
 20
1.01875
 10
7.69375
 20
0.95625
 10
7.731249999999999
 20
0.8625
 10
7.768749999999999
 20
0.7375
 10
7.806249999999999
 20
0.64375
 10
7.84375
 20
0.58125
 10
7.88125
 20
0.55
 10
7.918749999999999
 20
0.55
 10
7.956249999999999
 20
0.58125
 10
7.9937499999999995
 20
0.64375
 10
8.03125
 20
0.7375
 10
8.068750000000001
 20
0.8625
 10
8.106250000000001
 20
0.95625
 10
8.143749999999999
 20
1.01875
 10
8.181249999999999
 20
1.05
 10
8.21875
 20
1.05
 10
8.25625
 20
1.01875
 10
8.29375
 20
0.95625
 10
8.33125
 20
0.8625
 10
8.368749999999999
 20
0.7375
 10
8.40625
 20
0.64375
 10
8.443750000000001
 20
0.58125
 10
8.481250000000001
 20
0.55
 10
8.518749999999999
 20
0.55
 10
8.556249999999999
 20
0.58125
 10
8.59375
 20
0.64375
 10
8.631250000000001
 20
0.7375
 10
8.66875
 20
0.8625
 10
8.70625
 20
0.95625
 10
8.74375
 20
1.01875
 10
8.78125
 20
1.05
 10
8.818750000000001
 20
1.05
 10
8.856250000000001
 20
1.01875
 10
8.893749999999999
 20
0.95625
 10
8.931249999999999
 20
0.8625
 10
8.96875
 20
0.7375
 10
9.00625
 20
0.64375
 10
9.043749999999998
 20
0.58125
 10
9.081249999999997
 20
0.55
 10
9.118749999999999
 20
0.55
 10
9.15625
 20
0.58125
 10
9.193750000000001
 20
0.64375
 10
9.231250000000001
 20
0.7375
 10
9.268749999999999
 20
0.8625
 10
9.306249999999999
 20
0.95625
 10
9.34375
 20
1.01875
 10
9.381250000000001
 20
1.05
 10
9.418750000000003
 20
1.05
 10
9.456250000000002
 20
1.01875
 10
9.49375
 20
0.95625
 10
9.53125
 20
0.8625
 10
9.568750000000001
 20
0.7375
 10
9.606250000000001
 20
0.64375
 10
9.643749999999999
 20
0.58125
 10
9.681249999999999
 20
0.55
 10
9.71875
 20
0.55
 10
9.75625
 20
0.58125
 10
9.79375
 20
0.64375
 10
9.83125
 20
0.7375
 10
9.868749999999999
 20
0.8625
 10
9.90625
 20
0.95625
 10
9.943750000000001
 20
1.01875
 10
9.981250000000001
 20
1.05
 10
10.018749999999999
 20
1.05
 10
10.056249999999999
 20
1.01875
 10
10.09375
 20
0.95625
 10
10.131250000000001
 20
0.8625
 10
10.16875
 20
0.7375
 10
10.20625
 20
0.64375
 10
10.24375
 20
0.58125
 10
10.28125
 20
0.55
 10
10.318750000000001
 20
0.55
 10
10.356250000000001
 20
0.58125
 10
10.393749999999999
 20
0.64375
 10
10.431249999999999
 20
0.7375
 10
10.46875
 20
0.8625
 10
10.50625
 20
0.95625
 10
10.543749999999998
 20
1.01875
 10
10.581249999999997
 20
1.05
 10
10.618749999999999
 20
1.05
 10
10.65625
 20
1.01875
 10
10.693750000000001
 20
0.95625
 10
10.731250000000001
 20
0.8625
 10
10.768749999999999
 20
0.7375
 10
10.806249999999999
 20
0.64375
 10
10.843750000000002
 20
0.58125
 10
10.881250000000001
 20
0.55
 10
10.918750000000003
 20
0.55
 10
10.956250000000002
 20
0.58125
 10
10.99375
 20
0.64375
 10
11.03125
 20
0.7375
 10
11.06875
 20
0.8625
 10
11.10625
 20
0.95625
 10
11.143749999999999
 20
1.01875
 10
11.181249999999999
 20
1.05
 10
11.21875
 20
1.05
 10
11.25625
 20
1.01875
 10
11.29375
 20
0.95625
 10
11.33125
 20
0.8625
 10
11.36875
 20
0.7375
 10
11.40625
 20
0.64375
 10
11.443750000000001
 20
0.58125
 10
11.48125
 20
0.55
 10
11.51875
 20
0.55
 10
11.556249999999999
 20
0.58125
 10
11.59375
 20
0.64375
 10
11.63125
 20
0.7375
 10
11.66875
 20
0.8625
 10
11.70625
 20
0.95625
 10
11.74375
 20
1.01875
 10
11.78125
 20
1.05
 10
11.818750000000001
 20
1.05
 10
11.856250000000001
 20
1.01875
 10
11.89375
 20
0.95625
 10
11.93125
 20
0.8625
 10
11.96875
 20
0.7375
 10
12.00625
 20
0.64375
 10
12.043749999999998
 20
0.58125
 10
12.081249999999997
 20
0.55
 10
12.118749999999999
 20
0.55
 10
12.156249999999998
 20
0.58125
 10
12.193750000000001
 20
0.64375
 10
12.231250000000001
 20
0.7375
 10
12.268749999999999
 20
0.8625
 10
12.306249999999999
 20
0.95625
 10
12.343750000000002
 20
1.01875
 10
12.381250000000001
 20
1.05
 10
12.418750000000003
 20
1.05
 10
12.456250000000002
 20
1.01875
 10
12.49375
 20
0.95625
 10
12.53125
 20
0.8625
 10
12.568750000000001
 20
0.7375
 10
12.606250000000001
 20
0.64375
 10
12.643749999999999
 20
0.58125
 10
12.681249999999999
 20
0.55
 10
12.718750000000002
 20
0.55
 10
12.756250000000001
 20
0.58125
 10
12.79375
 20
0.64375
 10
12.83125
 20
0.7375
 10
12.86875
 20
0.8625
 10
12.90625
 20
0.95625
 10
12.943750000000001
 20
1.01875
 10
12.98125
 20
1.05
 10
13.01875
 20
1.05
 10
13.056249999999999
 20
1.01875
 10
13.09375
 20
0.95625
 10
13.13125
 20
0.8625
 10
13.16875
 20
0.7375
 10
13.20625
 20
0.64375
 10
13.24375
 20
0.58125
 10
13.28125
 20
0.55
 10
13.318750000000001
 20
0.55
 10
13.356250000000001
 20
0.58125
 10
13.39375
 20
0.64375
 10
13.43125
 20
0.7375
 10
13.46875
 20
0.8625
 10
13.50625
 20
0.95625
 10
13.543749999999998
 20
1.01875
 10
13.581249999999997
 20
1.05
 10
13.618749999999999
 20
1.05
 10
13.656249999999998
 20
1.01875
 10
13.693750000000001
 20
0.95625
 10
13.731250000000001
 20
0.8625
 10
13.768749999999999
 20
0.7375
 10
13.806249999999999
 20
0.64375
 10
13.843750000000002
 20
0.58125
 10
13.881250000000001
 20
0.55
 10
13.918750000000003
 20
0.55
 10
13.956250000000002
 20
0.58125
 10
13.99375
 20
0.64375
 10
14.03125
 20
0.7375
 10
14.068750000000001
 20
0.8625
 10
14.106250000000001
 20
0.95625
 10
14.143749999999999
 20
1.01875
 10
14.181249999999999
 20
1.05
 10
14.218750000000002
 20
1.05
 10
14.256250000000001
 20
1.01875
 10
14.29375
 20
0.95625
 10
14.33125
 20
0.8625
 10
14.36875
 20
0.7375
 10
14.40625
 20
0.64375
 10
14.443750000000001
 20
0.58125
 10
14.48125
 20
0.55
 10
14.51875
 20
0.55
 10
14.556249999999999
 20
0.58125
 10
14.59375
 20
0.64375
 10
14.63125
 20
0.7375
 10
14.66875
 20
0.8625
 10
14.70625
 20
0.95625
 10
14.74375
 20
1.01875
 10
14.78125
 20
1.05
 10
14.818750000000001
 20
1.05
 10
14.856250000000001
 20
1.01875
 10
14.89375
 20
0.95625
 10
14.93125
 20
0.8625
 10
14.96875
 20
0.7375
 10
15.00625
 20
0.64375
 10
15.043749999999998
 20
0.58125
 10
15.081249999999997
 20
0.55
 10
15.118749999999999
 20
0.55
 10
15.156249999999998
 20
0.58125
 10
15.193750000000001
 20
0.64375
 10
15.231250000000001
 20
0.7375
 10
15.268749999999999
 20
0.8625
 10
15.306249999999999
 20
0.95625
 10
15.343750000000002
 20
1.01875
 10
15.381250000000001
 20
1.05
 10
15.418750000000003
 20
1.05
 10
15.456250000000002
 20
1.01875
 10
15.49375
 20
0.95625
 10
15.53125
 20
0.8625
 10
15.56875
 20
0.7375
 10
15.60625
 20
0.64375
 10
15.643749999999999
 20
0.58125
 10
15.681249999999999
 20
0.55
 10
15.71875
 20
0.55
 10
15.75625
 20
0.58125
 10
15.79375
 20
0.64375
 10
15.83125
 20
0.7375
 10
15.86875
 20
0.8625
 10
15.90625
 20
0.95625
 10
15.943750000000001
 20
1.01875
 10
15.98125
 20
1.05
 10
16.01875
 20
1.05
 10
16.05625
 20
1.01875
 10
16.093749999999996
 20
0.95625
 10
16.131249999999998
 20
0.8625
 10
16.16875
 20
0.7375
 10
16.20625
 20
0.64375
 10
16.243750000000002
 20
0.58125
 10
16.28125
 20
0.55
 10
16.31875
 20
0.55
 10
16.35625
 20
0.58125
 10
16.39375
 20
0.64375
 10
16.431250000000002
 20
0.7375
 10
16.46875
 20
0.8625
 10
16.50625
 20
0.95625
 10
16.54375
 20
1.01875
 10
16.58125
 20
1.05
 10
16.618750000000002
 20
1.05
 10
16.656250000000004
 20
1.01875
 10
16.69375
 20
0.95625
 10
16.73125
 20
0.8625
 10
16.76875
 20
0.7375
 10
16.80625
 20
0.64375
 10
16.843749999999996
 20
0.58125
 10
16.881249999999998
 20
0.55
 10
16.91875
 20
0.55
 10
16.95625
 20
0.58125
 10
16.99375
 20
0.64375
 10
17.031249999999996
 20
0.7375
 10
17.068749999999998
 20
0.8625
 10
17.106249999999996
 20
0.95625
 10
17.143749999999994
 20
1.01875
 10
17.181249999999995
 20
1.05
 10
17.218749999999996
 20
1.05
 10
17.256249999999998
 20
1.01875
 10
17.29375
 20
0.95625
 10
17.331249999999997
 20
0.8625
 10
17.36875
 20
0.7375
 10
17.406249999999996
 20
0.64375
 10
17.443749999999998
 20
0.58125
 10
17.48125
 20
0.55
 10
17.518749999999997
 20
0.55
 10
17.55625
 20
0.58125
 10
17.593749999999996
 20
0.64375
 10
17.631249999999998
 20
0.7375
 10
17.66875
 20
0.8625
 10
17.70625
 20
0.95625
 10
17.743750000000002
 20
1.01875
 10
17.78125
 20
1.05
 10
17.81875
 20
1.05
 10
17.85625
 20
1.01875
 10
17.89375
 20
0.95625
 10
17.93125
 20
0.8625
 10
17.96875
 20
0.7375
 10
18.006249999999998
 20
0.64375
 10
18.04375
 20
0.58125
 10
18.081249999999997
 20
0.55
 10
18.11875
 20
0.55
 10
18.156249999999996
 20
0.58125
 10
18.193749999999998
 20
0.64375
 10
18.23125
 20
0.7375
 10
18.268749999999997
 20
0.8625
 10
18.30625
 20
0.95625
 10
18.343749999999996
 20
1.01875
 10
18.381249999999998
 20
1.05
 10
18.41875
 20
1.05
 10
18.45625
 20
1.01875
 10
18.49375
 20
0.95625
 10
18.53125
 20
0.8625
 10
18.568749999999998
 20
0.7375
 10
18.60625
 20
0.64375
 10
18.64375
 20
0.58125
 10
18.68125
 20
0.55
 10
18.71875
 20
0.55
 10
18.756249999999998
 20
0.58125
 10
18.79375
 20
0.64375
 10
18.83125
 20
0.7375
 10
18.868750000000002
 20
0.8625
 10
18.906250000000004
 20
0.95625
 10
18.94375
 20
1.01875
 10
18.98125
 20
1.05
 10
19.01875
 20
1.05
 10
19.05625
 20
1.01875
 10
19.093749999999996
 20
0.95625
 10
19.131249999999998
 20
0.8625
 10
19.16875
 20
0.7375
 10
19.20625
 20
0.64375
 10
19.243750000000002
 20
0.58125
 10
19.28125
 20
0.55
 10
19.31875
 20
0.55
 10
19.35625
 20
0.58125
 10
19.39375
 20
0.64375
 10
19.43125
 20
0.7375
 10
19.46875
 20
0.8625
 10
19.506249999999998
 20
0.95625
 10
19.54375
 20
1.01875
 10
19.581249999999997
 20
1.05
 10
19.61875
 20
1.05
 10
19.656249999999996
 20
1.01875
 10
19.693749999999998
 20
0.95625
 10
19.73125
 20
0.8625
 10
19.768749999999997
 20
0.7375
 10
19.80625
 20
0.64375
 10
19.843749999999996
 20
0.58125
 10
19.881249999999998
 20
0.55
 10
19.91875
 20
0.55
 10
19.95625
 20
0.58125
 10
19.99375
 20
0.64375
 10
20.03125
 20
0.7375
 10
20.068749999999998
 20
0.8625
 10
20.10625
 20
0.95625
 10
20.14375
 20
1.01875
 10
20.18125
 20
1.05
 10
20.21875
 20
1.05
 10
20.256249999999998
 20
1.01875
 10
20.29375
 20
0.95625
 10
20.33125
 20
0.8625
 10
20.368750000000002
 20
0.7375
 10
20.406250000000004
 20
0.64375
 10
20.44375
 20
0.58125
 10
20.48125
 20
0.55
 10
20.51875
 20
0.55
 10
20.55625
 20
0.58125
 10
20.593749999999996
 20
0.64375
 10
20.631249999999998
 20
0.7375
 10
20.66875
 20
0.8625
 10
20.70625
 20
0.95625
 10
20.743750000000002
 20
1.01875
 10
20.78125
 20
1.05
 10
20.81875
 20
1.05
 10
20.85625
 20
1.01875
 10
20.89375
 20
0.95625
 10
20.93125
 20
0.8625
 10
20.96875
 20
0.7375
 10
21.006249999999998
 20
0.64375
 10
21.04375
 20
0.58125
 10
21.081249999999997
 20
0.55
 10
21.11875
 20
0.55
 10
21.156249999999996
 20
0.58125
 10
21.193749999999998
 20
0.64375
 10
21.231249999999996
 20
0.7375
 10
21.268749999999997
 20
0.8625
 10
21.306249999999995
 20
0.95625
 10
21.343749999999996
 20
1.01875
 10
21.381249999999998
 20
1.05
 10
21.41875
 20
1.05
 10
21.45625
 20
1.01875
 10
21.49375
 20
0.95625
 10
21.53125
 20
0.8625
 10
21.568749999999998
 20
0.7375
 10
21.606249999999996
 20
0.64375
 10
21.643750000000004
 20
0.58125
 10
21.681250000000002
 20
0.55
 10
21.71875
 20
0.55
 10
21.756249999999998
 20
0.58125
 10
21.793749999999996
 20
0.64375
 10
21.831249999999997
 20
0.7375
 10
21.868750000000002
 20
0.8625
 10
21.906250000000004
 20
0.95625
 10
21.94375
 20
1.01875
 10
21.98125
 20
1.05
 10
22.01875
 20
1.05
 10
22.05625
 20
1.01875
 10
22.093749999999996
 20
0.95625
 10
22.131249999999998
 20
0.8625
 10
22.168750000000003
 20
0.7375
 10
22.206250000000004
 20
0.64375
 10
22.243750000000002
 20
0.58125
 10
22.28125
 20
0.55
 10
22.318749999999998
 20
0.55
 10
22.356249999999996
 20
0.58125
 10
22.393750000000004
 20
0.64375
 10
22.431250000000002
 20
0.7375
 10
22.46875
 20
0.8625
 10
22.50625
 20
0.95625
 10
22.54375
 20
1.01875
 10
22.58125
 20
1.05
 10
22.618750000000002
 20
1.05
 10
22.65625
 20
1.01875
 10
22.693749999999998
 20
0.95625
 10
22.731249999999996
 20
0.8625
 10
22.768750000000004
 20
0.7375
 10
22.806250000000002
 20
0.64375
 10
22.84375
 20
0.58125
 10
22.881249999999998
 20
0.55
 10
22.91875
 20
0.55
 10
22.95625
 20
0.58125
 10
22.99375
 20
0.64375
 10
23.03125
 20
0.7375
 10
23.068749999999998
 20
0.8625
 10
23.106249999999996
 20
0.95625
 10
23.143750000000004
 20
1.01875
 10
23.181250000000002
 20
1.05
 10
23.21875
 20
1.05
 10
23.256249999999998
 20
1.01875
 10
23.293749999999996
 20
0.95625
 10
23.331249999999997
 20
0.8625
 10
23.368750000000002
 20
0.7375
 10
23.406250000000004
 20
0.64375
 10
23.44375
 20
0.58125
 10
23.48125
 20
0.55
 10
23.51875
 20
0.55
 10
23.55625
 20
0.58125
 10
23.593749999999996
 20
0.64375
 10
23.631249999999998
 20
0.7375
 10
23.668750000000003
 20
0.8625
 10
23.706250000000004
 20
0.95625
 10
23.743750000000002
 20
1.01875
 10
23.78125
 20
1.05
 10
23.818749999999998
 20
1.05
 10
23.856249999999996
 20
1.01875
 10
23.893750000000004
 20
0.95625
 10
23.931250000000002
 20
0.8625
 10
23.96875
 20
0.7375
 10
24.00625
 20
0.64375
 10
24.04375
 20
0.58125
 10
24.08125
 20
0.55
 10
24.118750000000002
 20
0.55
 10
24.15625
 20
0.58125
 10
24.193749999999998
 20
0.64375
 10
24.231249999999996
 20
0.7375
 10
24.268750000000004
 20
0.8625
 10
24.306250000000002
 20
0.95625
 10
24.34375
 20
1.01875
 10
24.381249999999998
 20
1.05
 10
24.41875
 20
1.05
 10
24.45625
 20
1.01875
 10
24.49375
 20
0.95625
 10
24.53125
 20
0.8625
 10
24.568749999999998
 20
0.7375
 10
24.606249999999996
 20
0.64375
 10
24.643750000000004
 20
0.58125
 10
24.681250000000002
 20
0.55
 10
24.71875
 20
0.55
 10
24.756249999999998
 20
0.58125
 10
24.793749999999996
 20
0.64375
 10
24.831249999999997
 20
0.7375
 10
24.868750000000002
 20
0.8625
 10
24.906250000000004
 20
0.95625
 10
24.94375
 20
1.01875
 10
24.98125
 20
1.05
 10
25.01875
 20
1.05
 10
25.05625
 20
1.01875
 10
25.093749999999996
 20
0.95625
 10
25.131249999999998
 20
0.8625
 10
25.168750000000003
 20
0.7375
 10
25.206250000000004
 20
0.64375
 10
25.243750000000002
 20
0.58125
 10
25.28125
 20
0.55
 10
25.318749999999998
 20
0.55
 10
25.356249999999996
 20
0.58125
 10
25.393750000000004
 20
0.64375
 10
25.431250000000002
 20
0.7375
 10
25.46875
 20
0.8625
 10
25.50625
 20
0.95625
 10
25.54375
 20
1.01875
 10
25.58125
 20
1.05
 10
25.618750000000002
 20
1.05
 10
25.65625
 20
1.01875
 10
25.693749999999998
 20
0.95625
 10
25.731249999999996
 20
0.8625
 10
25.768750000000004
 20
0.7375
 10
25.806250000000002
 20
0.64375
 10
25.84375
 20
0.58125
 10
25.881249999999998
 20
0.55
 10
25.91875
 20
0.55
 10
25.95625
 20
0.58125
 10
25.99375
 20
0.64375
 10
26.03125
 20
0.7375
 10
26.068749999999998
 20
0.8625
 10
26.106249999999996
 20
0.95625
 10
26.143750000000004
 20
1.01875
 10
26.181250000000002
 20
1.05
 10
26.21875
 20
1.05
 10
26.256249999999998
 20
1.01875
 10
26.293749999999996
 20
0.95625
 10
26.331249999999997
 20
0.8625
 10
26.368750000000002
 20
0.7375
 10
26.406250000000004
 20
0.64375
 10
26.44375
 20
0.58125
 10
26.48125
 20
0.55
 10
26.51875
 20
0.55
 10
26.55625
 20
0.58125
 10
26.593749999999996
 20
0.64375
 10
26.631249999999998
 20
0.7375
 10
26.668750000000003
 20
0.8625
 10
26.706250000000004
 20
0.95625
 10
26.743750000000002
 20
1.01875
 10
26.78125
 20
1.05
 10
26.818749999999998
 20
1.05
 10
26.856249999999996
 20
1.01875
 10
26.893750000000004
 20
0.95625
 10
26.931250000000002
 20
0.8625
 10
26.96875
 20
0.7375
 10
27.00625
 20
0.64375
 10
27.04375
 20
0.58125
 10
27.08125
 20
0.55
 10
27.118750000000002
 20
0.55
 10
27.15625
 20
0.58125
 10
27.193749999999998
 20
0.64375
 10
27.231249999999996
 20
0.7375
 10
27.268750000000004
 20
0.8625
 10
27.306250000000002
 20
0.95625
 10
27.34375
 20
1.01875
 10
27.381249999999998
 20
1.05
 10
27.41875
 20
1.05
 10
27.45625
 20
1.01875
 10
27.49375
 20
0.95625
 10
27.53125
 20
0.8625
 10
27.568749999999998
 20
0.7375
 10
27.606249999999996
 20
0.64375
 10
27.643750000000004
 20
0.58125
 10
27.681250000000002
 20
0.55
 10
27.71875
 20
0.55
 10
27.756249999999998
 20
0.58125
 10
27.793749999999996
 20
0.64375
 10
27.831249999999997
 20
0.7375
 10
27.868750000000002
 20
0.8625
 10
27.906250000000004
 20
0.95625
 10
27.94375
 20
1.01875
 10
27.98125
 20
1.05
 10
28.01875
 20
1.05
 10
28.05625
 20
1.01875
 10
28.093749999999996
 20
0.95625
 10
28.131249999999998
 20
0.8625
 10
28.168750000000003
 20
0.7375
 10
28.206250000000004
 20
0.64375
 10
28.243750000000002
 20
0.58125
 10
28.28125
 20
0.55
 10
28.318749999999998
 20
0.55
 10
28.356249999999996
 20
0.58125
 10
28.393750000000004
 20
0.64375
 10
28.431250000000002
 20
0.7375
 10
28.46875
 20
0.8625
 10
28.50625
 20
0.95625
 10
28.54375
 20
1.01875
 10
28.58125
 20
1.05
 10
28.618750000000002
 20
1.05
 10
28.65625
 20
1.01875
 10
28.693749999999998
 20
0.95625
 10
28.731249999999996
 20
0.8625
 10
28.768750000000004
 20
0.7375
 10
28.806250000000002
 20
0.64375
 10
28.84375
 20
0.58125
 10
28.881249999999998
 20
0.55
 10
28.91875
 20
0.55
 10
28.95625
 20
0.58125
 10
28.99375
 20
0.64375
 10
29.03125
 20
0.7375
 10
29.068749999999998
 20
0.8625
 10
29.106249999999996
 20
0.95625
 10
29.143750000000004
 20
1.01875
 10
29.181250000000002
 20
1.05
 10
29.21875
 20
1.05
 10
29.256249999999998
 20
1.01875
 10
29.293749999999996
 20
0.95625
 10
29.331249999999997
 20
0.8625
 10
29.368750000000002
 20
0.7375
 10
29.406250000000004
 20
0.64375
 10
29.44375
 20
0.58125
 10
29.48125
 20
0.55
 10
29.51875
 20
0.55
 10
29.55625
 20
0.58125
 10
29.593749999999996
 20
0.64375
 10
29.631249999999998
 20
0.7375
 10
29.668750000000003
 20
0.8625
 10
29.706250000000004
 20
0.95625
 10
29.743750000000002
 20
1.01875
 10
29.78125
 20
1.05
 10
29.818749999999998
 20
1.05
 10
29.856249999999996
 20
1.01875
 10
29.893750000000004
 20
0.95625
 10
29.931250000000002
 20
0.8625
 10
29.96875
 20
0.7375
 10
30.006249999999998
 20
0.64375
 10
30.043749999999996
 20
0.58125
 10
30.081249999999997
 20
0.55
 10
30.11875
 20
0.55
 10
30.15625
 20
0.58125
 10
30.193749999999994
 20
0.64375
 10
30.231249999999996
 20
0.7375
 10
30.268749999999997
 20
0.8625
 10
30.30625
 20
0.95625
 10
30.343749999999996
 20
1.01875
 10
30.381249999999998
 20
1.05
 10
30.41875
 20
1.05
 10
30.45625
 20
1.01875
 10
30.49375
 20
0.95625
 10
30.53125
 20
0.8625
 10
30.568749999999998
 20
0.7375
 10
30.601562499999996
 20
0.628125
 10
30.629687500000003
 20
0.534375
 10
30.653125000000003
 20
0.45625000000000004
 10
30.671874999999996
 20
0.39375000000000004
 10
30.685937499999998
 20
0.34687500000000004
 10
30.6953125
 20
0.31562500000000004
 10
30.7
 20
0.30000000000000004
  0
CIRCLE
  5
266
330
17
100
AcDbEntity
  8
Z-ZIELEN
370
35
 48
0.2
100
AcDbCircle
 10
11.6
 20
9.2
 30
0.0
 40
5.0
  0
LWPOLYLINE
  5
267
330
17
100
AcDbEntity
  8
Z-ZIELEN
370
25
 48
0.2
100
AcDbPolyline
 90
2
 70
0
 10
11.1
 20
9.2
 10
12.1
 20
9.2
  0
LWPOLYLINE
  5
268
330
17
100
AcDbEntity
  8
Z-ZIELEN
370
25
 48
0.2
100
AcDbPolyline
 90
2
 70
0
 10
11.6
 20
8.7
 10
11.6
 20
9.7
  0
CIRCLE
  5
269
330
17
100
AcDbEntity
  8
Z-ZIELEN
370
35
 48
0.2
100
AcDbCircle
 10
2.6
 20
24.7
 30
0.0
 40
2.5
  0
LWPOLYLINE
  5
26A
330
17
100
AcDbEntity
  8
Z-ZIELEN
370
25
 48
0.2
100
AcDbPolyline
 90
2
 70
0
 10
2.35
 20
24.7
 10
2.85
 20
24.7
  0
LWPOLYLINE
  5
26B
330
17
100
AcDbEntity
  8
Z-ZIELEN
370
25
 48
0.2
100
AcDbPolyline
 90
2
 70
0
 10
2.6
 20
24.45
 10
2.6
 20
24.95
  0
CIRCLE
  5
26C
330
17
100
AcDbEntity
  8
Z-ZIELEN
370
35
 48
0.2
100
AcDbCircle
 10
3.1
 20
18.7
 30
0.0
 40
2.25
  0
LWPOLYLINE
  5
26D
330
17
100
AcDbEntity
  8
Z-ZIELEN
370
25
 48
0.2
100
AcDbPolyline
 90
2
 70
0
 10
2.875
 20
18.7
 10
3.325
 20
18.7
  0
LWPOLYLINE
  5
26E
330
17
100
AcDbEntity
  8
Z-ZIELEN
370
25
 48
0.2
100
AcDbPolyline
 90
2
 70
0
 10
3.1
 20
18.474999999999998
 10
3.1
 20
18.925
  0
CIRCLE
  5
26F
330
17
100
AcDbEntity
  8
Z-ZIELEN
370
35
 48
0.2
100
AcDbCircle
 10
23.6
 20
18.7
 30
0.0
 40
2.0
  0
LWPOLYLINE
  5
270
330
17
100
AcDbEntity
  8
Z-ZIELEN
370
25
 48
0.2
100
AcDbPolyline
 90
2
 70
0
 10
23.400000000000002
 20
18.7
 10
23.8
 20
18.7
  0
LWPOLYLINE
  5
271
330
17
100
AcDbEntity
  8
Z-ZIELEN
370
25
 48
0.2
100
AcDbPolyline
 90
2
 70
0
 10
23.6
 20
18.5
 10
23.6
 20
18.9
  0
CIRCLE
  5
272
330
17
100
AcDbEntity
  8
Z-ZIELEN
370
35
 48
0.2
100
AcDbCircle
 10
28.1
 20
6.7
 30
0.0
 40
2.0
  0
CIRCLE
  5
273
330
17
100
AcDbEntity
  8
Z-ZIELEN
370
35
 48
0.2
100
AcDbCircle
 10
3.1
 20
5.7
 30
0.0
 40
2.25
  0
LWPOLYLINE
  5
274
330
17
100
AcDbEntity
  8
Z-ZIELEN
370
25
 48
0.2
100
AcDbPolyline
 90
2
 70
0
 10
5.35
 20
5.7
 10
5.08
 20
5.7
  0
LWPOLYLINE
  5
275
330
17
100
AcDbEntity
  8
Z-ZIELEN
370
25
 48
0.2
100
AcDbPolyline
 90
2
 70
0
 10
5.178728948150395
 20
6.561037722821452
 10
4.929281474372348
 20
6.457713196082878
  0
LWPOLYLINE
  5
276
330
17
100
AcDbEntity
  8
Z-ZIELEN
370
25
 48
0.2
100
AcDbPolyline
 90
2
 70
0
 10
4.690990257669732
 20
7.290990257669732
 10
4.500071426749364
 20
7.1000714267493645
  0
LWPOLYLINE
  5
277
330
17
100
AcDbEntity
  8
Z-ZIELEN
370
25
 48
0.2
100
AcDbPolyline
 90
2
 70
0
 10
3.961037722821452
 20
7.778728948150395
 10
3.857713196082878
 20
7.529281474372348
  0
LWPOLYLINE
  5
278
330
17
100
AcDbEntity
  8
Z-ZIELEN
370
25
 48
0.2
100
AcDbPolyline
 90
2
 70
0
 10
3.1
 20
7.95
 10
3.1
 20
7.68
  0
LWPOLYLINE
  5
279
330
17
100
AcDbEntity
  8
Z-ZIELEN
370
25
 48
0.2
100
AcDbPolyline
 90
2
 70
0
 10
2.2389622771785485
 20
7.778728948150395
 10
2.3422868039171223
 20
7.529281474372348
  0
LWPOLYLINE
  5
27A
330
17
100
AcDbEntity
  8
Z-ZIELEN
370
25
 48
0.2
100
AcDbPolyline
 90
2
 70
0
 10
1.5090097423302682
 20
7.2909902576697325
 10
1.6999285732506362
 20
7.1000714267493645
  0
LWPOLYLINE
  5
27B
330
17
100
AcDbEntity
  8
Z-ZIELEN
370
25
 48
0.2
100
AcDbPolyline
 90
2
 70
0
 10
1.021271051849605
 20
6.561037722821452
 10
1.2707185256276523
 20
6.457713196082878
  0
LWPOLYLINE
  5
27C
330
17
100
AcDbEntity
  8
Z-ZIELEN
370
25
 48
0.2
100
AcDbPolyline
 90
2
 70
0
 10
0.8500000000000001
 20
5.7
 10
1.12
 20
5.7
  0
LWPOLYLINE
  5
27D
330
17
100
AcDbEntity
  8
Z-ZIELEN
370
25
 48
0.2
100
AcDbPolyline
 90
2
 70
0
 10
1.0212710518496046
 20
4.838962277178548
 10
1.270718525627652
 20
4.942286803917122
  0
LWPOLYLINE
  5
27E
330
17
100
AcDbEntity
  8
Z-ZIELEN
370
25
 48
0.2
100
AcDbPolyline
 90
2
 70
0
 10
1.5090097423302677
 20
4.109009742330269
 10
1.6999285732506357
 20
4.299928573250636
  0
LWPOLYLINE
  5
27F
330
17
100
AcDbEntity
  8
Z-ZIELEN
370
25
 48
0.2
100
AcDbPolyline
 90
2
 70
0
 10
2.2389622771785467
 20
3.6212710518496056
 10
2.342286803917121
 20
3.8707185256276526
  0
LWPOLYLINE
  5
280
330
17
100
AcDbEntity
  8
Z-ZIELEN
370
25
 48
0.2
100
AcDbPolyline
 90
2
 70
0
 10
3.0999999999999996
 20
3.45
 10
3.0999999999999996
 20
3.72
  0
LWPOLYLINE
  5
281
330
17
100
AcDbEntity
  8
Z-ZIELEN
370
25
 48
0.2
100
AcDbPolyline
 90
2
 70
0
 10
3.9610377228214526
 20
3.621271051849605
 10
3.8577131960828783
 20
3.8707185256276526
  0
LWPOLYLINE
  5
282
330
17
100
AcDbEntity
  8
Z-ZIELEN
370
25
 48
0.2
100
AcDbPolyline
 90
2
 70
0
 10
4.690990257669732
 20
4.109009742330268
 10
4.500071426749364
 20
4.299928573250636
  0
LWPOLYLINE
  5
283
330
17
100
AcDbEntity
  8
Z-ZIELEN
370
25
 48
0.2
100
AcDbPolyline
 90
2
 70
0
 10
5.178728948150395
 20
4.838962277178547
 10
4.929281474372347
 20
4.9422868039171215
  0
CIRCLE
  5
284
330
17
100
AcDbEntity
  8
Z-ZIELEN
370
35
 48
0.2
100
AcDbCircle
 10
29.1
 20
47.5
 30
0.0
 40
1.0
  0
LWPOLYLINE
  5
285
330
17
100
AcDbEntity
  8
Z-ZIELEN
370
25
 48
0.2
100
AcDbPolyline
 90
2
 70
0
 10
28.94
 20
47.5
 10
29.26
 20
47.5
  0
LWPOLYLINE
  5
286
330
17
100
AcDbEntity
  8
Z-ZIELEN
370
25
 48
0.2
100
AcDbPolyline
 90
2
 70
0
 10
29.1
 20
47.34
 10
29.1
 20
47.66
  0
LWPOLYLINE
  5
287
330
17
100
AcDbEntity
  8
Z-ZIELEN
370
50
 48
0.2
420
3046706
100
AcDbPolyline
 90
2
 70
0
 10
22.049999999999997
 20
32.25
 10
23.549999999999997
 20
32.25
  0
CIRCLE
  5
288
330
17
100
AcDbEntity
  8
Z-ZIELEN
370
18
 48
0.2
420
3046706
100
AcDbCircle
 10
22.549999999999997
 20
32.25
 30
0.0
 40
0.12
  0
CIRCLE
  5
289
330
17
100
AcDbEntity
  8
Z-ZIELEN
370
18
 48
0.2
420
3046706
100
AcDbCircle
 10
23.549999999999997
 20
32.25
 30
0.0
 40
0.12
  0
LWPOLYLINE
  5
28A
330
17
100
AcDbEntity
  8
Z-ZIELEN
370
50
 48
0.2
420
3046706
100
AcDbPolyline
 90
2
 70
0
 10
23.549999999999997
 20
32.25
 10
26.155
 20
32.25
  0
CIRCLE
  5
28B
330
17
100
AcDbEntity
  8
Z-ZIELEN
370
18
 48
0.2
420
3046706
100
AcDbCircle
 10
24.049999999999997
 20
32.25
 30
0.0
 40
0.12
  0
CIRCLE
  5
28C
330
17
100
AcDbEntity
  8
Z-ZIELEN
370
18
 48
0.2
420
3046706
100
AcDbCircle
 10
25.049999999999997
 20
32.25
 30
0.0
 40
0.12
  0
CIRCLE
  5
28D
330
17
100
AcDbEntity
  8
Z-ZIELEN
370
18
 48
0.2
420
3046706
100
AcDbCircle
 10
26.049999999999997
 20
32.25
 30
0.0
 40
0.12
  0
HATCH
  5
28E
330
17
100
AcDbEntity
  8
Z-OGRODZENIE
 62
7
420
0
100
AcDbHatch
 10
0.0
 20
0.0
 30
0.0
210
0.0
220
0.0
230
1.0
  2
SOLID
 70
1
 71
0
 91
1
 92
3
 72
0
 73
1
 93
3
 10
24.78
 20
49.48
 10
24.388740959706478
 20
49.396835323672896
 10
24.388740959706478
 20
49.5631646763271
 97
0
 75
0
 76
1
 98
0
  0
LWPOLYLINE
  5
28F
330
17
100
AcDbEntity
  8
Z-OGRODZENIE
  6
Continuous
370
35
 48
0.2
100
AcDbPolyline
 90
4
 70
129
 10
14.0
 20
48.6
 10
17.2
 20
48.6
 10
17.2
 20
49.9
 10
14.0
 20
49.9
  0
LWPOLYLINE
  5
290
330
17
100
AcDbEntity
  8
Z-OGRODZENIE
  6
Continuous
370
18
 48
0.2
100
AcDbPolyline
 90
4
 70
129
 10
14.1
 20
48.95
 10
14.700000000000001
 20
48.95
 10
14.700000000000001
 20
49.55
 10
14.1
 20
49.55
  0
LWPOLYLINE
  5
291
330
17
100
AcDbEntity
  8
Z-OGRODZENIE
  6
Continuous
370
18
 48
0.2
100
AcDbPolyline
 90
4
 70
129
 10
14.899999999999999
 20
48.95
 10
15.5
 20
48.95
 10
15.5
 20
49.55
 10
14.899999999999999
 20
49.55
  0
LWPOLYLINE
  5
292
330
17
100
AcDbEntity
  8
Z-OGRODZENIE
  6
Continuous
370
18
 48
0.2
100
AcDbPolyline
 90
4
 70
129
 10
15.7
 20
48.95
 10
16.3
 20
48.95
 10
16.3
 20
49.55
 10
15.7
 20
49.55
  0
LWPOLYLINE
  5
293
330
17
100
AcDbEntity
  8
Z-OGRODZENIE
  6
Continuous
370
18
 48
0.2
100
AcDbPolyline
 90
4
 70
129
 10
16.5
 20
48.95
 10
17.1
 20
48.95
 10
17.1
 20
49.55
 10
16.5
 20
49.55
  0
LWPOLYLINE
  5
294
330
17
100
AcDbEntity
  8
Z-OGRODZENIE
370
35
 48
0.2
100
AcDbPolyline
 90
2
 70
0
 10
0.0
 20
49.88
 10
17.6
 20
49.88
  0
LWPOLYLINE
  5
295
330
17
100
AcDbEntity
  8
Z-OGRODZENIE
370
35
 48
0.2
100
AcDbPolyline
 90
2
 70
0
 10
0.6000000000000001
 20
49.7
 10
0.6000000000000001
 20
50.06
  0
LWPOLYLINE
  5
296
330
17
100
AcDbEntity
  8
Z-OGRODZENIE
370
35
 48
0.2
100
AcDbPolyline
 90
2
 70
0
 10
1.8000000000000003
 20
49.7
 10
1.8000000000000003
 20
50.06
  0
LWPOLYLINE
  5
297
330
17
100
AcDbEntity
  8
Z-OGRODZENIE
370
35
 48
0.2
100
AcDbPolyline
 90
2
 70
0
 10
3.0000000000000004
 20
49.7
 10
3.0000000000000004
 20
50.06
  0
LWPOLYLINE
  5
298
330
17
100
AcDbEntity
  8
Z-OGRODZENIE
370
35
 48
0.2
100
AcDbPolyline
 90
2
 70
0
 10
4.200000000000001
 20
49.7
 10
4.200000000000001
 20
50.06
  0
LWPOLYLINE
  5
299
330
17
100
AcDbEntity
  8
Z-OGRODZENIE
370
35
 48
0.2
100
AcDbPolyline
 90
2
 70
0
 10
5.400000000000001
 20
49.7
 10
5.400000000000001
 20
50.06
  0
LWPOLYLINE
  5
29A
330
17
100
AcDbEntity
  8
Z-OGRODZENIE
370
35
 48
0.2
100
AcDbPolyline
 90
2
 70
0
 10
6.600000000000001
 20
49.7
 10
6.600000000000001
 20
50.06
  0
LWPOLYLINE
  5
29B
330
17
100
AcDbEntity
  8
Z-OGRODZENIE
370
35
 48
0.2
100
AcDbPolyline
 90
2
 70
0
 10
7.800000000000002
 20
49.7
 10
7.800000000000002
 20
50.06
  0
LWPOLYLINE
  5
29C
330
17
100
AcDbEntity
  8
Z-OGRODZENIE
370
35
 48
0.2
100
AcDbPolyline
 90
2
 70
0
 10
9.000000000000002
 20
49.7
 10
9.000000000000002
 20
50.06
  0
LWPOLYLINE
  5
29D
330
17
100
AcDbEntity
  8
Z-OGRODZENIE
370
35
 48
0.2
100
AcDbPolyline
 90
2
 70
0
 10
10.200000000000003
 20
49.7
 10
10.200000000000003
 20
50.06
  0
LWPOLYLINE
  5
29E
330
17
100
AcDbEntity
  8
Z-OGRODZENIE
370
35
 48
0.2
100
AcDbPolyline
 90
2
 70
0
 10
11.400000000000002
 20
49.7
 10
11.400000000000002
 20
50.06
  0
LWPOLYLINE
  5
29F
330
17
100
AcDbEntity
  8
Z-OGRODZENIE
370
35
 48
0.2
100
AcDbPolyline
 90
2
 70
0
 10
12.600000000000001
 20
49.7
 10
12.600000000000001
 20
50.06
  0
LWPOLYLINE
  5
2A0
330
17
100
AcDbEntity
  8
Z-OGRODZENIE
370
35
 48
0.2
100
AcDbPolyline
 90
2
 70
0
 10
13.8
 20
49.7
 10
13.8
 20
50.06
  0
LWPOLYLINE
  5
2A1
330
17
100
AcDbEntity
  8
Z-OGRODZENIE
370
35
 48
0.2
100
AcDbPolyline
 90
2
 70
0
 10
15.0
 20
49.7
 10
15.0
 20
50.06
  0
LWPOLYLINE
  5
2A2
330
17
100
AcDbEntity
  8
Z-OGRODZENIE
370
35
 48
0.2
100
AcDbPolyline
 90
2
 70
0
 10
16.2
 20
49.7
 10
16.2
 20
50.06
  0
LWPOLYLINE
  5
2A3
330
17
100
AcDbEntity
  8
Z-OGRODZENIE
370
35
 48
0.2
100
AcDbPolyline
 90
2
 70
0
 10
17.4
 20
49.7
 10
17.4
 20
50.06
  0
LWPOLYLINE
  5
2A4
330
17
100
AcDbEntity
  8
Z-OGRODZENIE
370
35
 48
0.2
100
AcDbPolyline
 90
2
 70
0
 10
18.6
 20
49.88
 10
20.3
 20
49.88
  0
LWPOLYLINE
  5
2A5
330
17
100
AcDbEntity
  8
Z-OGRODZENIE
370
35
 48
0.2
100
AcDbPolyline
 90
2
 70
0
 10
19.200000000000003
 20
49.7
 10
19.200000000000003
 20
50.06
  0
LWPOLYLINE
  5
2A6
330
17
100
AcDbEntity
  8
Z-OGRODZENIE
370
35
 48
0.2
100
AcDbPolyline
 90
2
 70
0
 10
25.9
 20
49.88
 10
32.0
 20
49.88
  0
LWPOLYLINE
  5
2A7
330
17
100
AcDbEntity
  8
Z-OGRODZENIE
370
35
 48
0.2
100
AcDbPolyline
 90
2
 70
0
 10
26.5
 20
49.7
 10
26.5
 20
50.06
  0
LWPOLYLINE
  5
2A8
330
17
100
AcDbEntity
  8
Z-OGRODZENIE
370
35
 48
0.2
100
AcDbPolyline
 90
2
 70
0
 10
27.7
 20
49.7
 10
27.7
 20
50.06
  0
LWPOLYLINE
  5
2A9
330
17
100
AcDbEntity
  8
Z-OGRODZENIE
370
35
 48
0.2
100
AcDbPolyline
 90
2
 70
0
 10
28.9
 20
49.7
 10
28.9
 20
50.06
  0
LWPOLYLINE
  5
2AA
330
17
100
AcDbEntity
  8
Z-OGRODZENIE
370
35
 48
0.2
100
AcDbPolyline
 90
2
 70
0
 10
30.1
 20
49.7
 10
30.1
 20
50.06
  0
LWPOLYLINE
  5
2AB
330
17
100
AcDbEntity
  8
Z-OGRODZENIE
370
35
 48
0.2
100
AcDbPolyline
 90
2
 70
0
 10
31.3
 20
49.7
 10
31.3
 20
50.06
  0
LWPOLYLINE
  5
2AC
330
17
100
AcDbEntity
  8
Z-OGRODZENIE
370
35
 48
0.2
100
AcDbPolyline
 90
4
 70
0
 10
31.88
 20
50.0
 10
31.88
 20
0.12
 10
0.12
 20
0.12
 10
0.12
 20
50.0
  0
LWPOLYLINE
  5
2AD
330
17
100
AcDbEntity
  8
Z-OGRODZENIE
370
35
 48
0.2
100
AcDbPolyline
 90
2
 70
0
 10
31.7
 20
49.4
 10
32.06
 20
49.4
  0
LWPOLYLINE
  5
2AE
330
17
100
AcDbEntity
  8
Z-OGRODZENIE
370
35
 48
0.2
100
AcDbPolyline
 90
2
 70
0
 10
31.7
 20
48.2
 10
32.06
 20
48.2
  0
LWPOLYLINE
  5
2AF
330
17
100
AcDbEntity
  8
Z-OGRODZENIE
370
35
 48
0.2
100
AcDbPolyline
 90
2
 70
0
 10
31.7
 20
47.0
 10
32.06
 20
47.0
  0
LWPOLYLINE
  5
2B0
330
17
100
AcDbEntity
  8
Z-OGRODZENIE
370
35
 48
0.2
100
AcDbPolyline
 90
2
 70
0
 10
31.7
 20
45.8
 10
32.06
 20
45.8
  0
LWPOLYLINE
  5
2B1
330
17
100
AcDbEntity
  8
Z-OGRODZENIE
370
35
 48
0.2
100
AcDbPolyline
 90
2
 70
0
 10
31.7
 20
44.6
 10
32.06
 20
44.6
  0
LWPOLYLINE
  5
2B2
330
17
100
AcDbEntity
  8
Z-OGRODZENIE
370
35
 48
0.2
100
AcDbPolyline
 90
2
 70
0
 10
31.7
 20
43.4
 10
32.06
 20
43.4
  0
LWPOLYLINE
  5
2B3
330
17
100
AcDbEntity
  8
Z-OGRODZENIE
370
35
 48
0.2
100
AcDbPolyline
 90
2
 70
0
 10
31.7
 20
42.2
 10
32.06
 20
42.2
  0
LWPOLYLINE
  5
2B4
330
17
100
AcDbEntity
  8
Z-OGRODZENIE
370
35
 48
0.2
100
AcDbPolyline
 90
2
 70
0
 10
31.7
 20
41.0
 10
32.06
 20
41.0
  0
LWPOLYLINE
  5
2B5
330
17
100
AcDbEntity
  8
Z-OGRODZENIE
370
35
 48
0.2
100
AcDbPolyline
 90
2
 70
0
 10
31.7
 20
39.8
 10
32.06
 20
39.8
  0
LWPOLYLINE
  5
2B6
330
17
100
AcDbEntity
  8
Z-OGRODZENIE
370
35
 48
0.2
100
AcDbPolyline
 90
2
 70
0
 10
31.7
 20
38.599999999999994
 10
32.06
 20
38.599999999999994
  0
LWPOLYLINE
  5
2B7
330
17
100
AcDbEntity
  8
Z-OGRODZENIE
370
35
 48
0.2
100
AcDbPolyline
 90
2
 70
0
 10
31.7
 20
37.4
 10
32.06
 20
37.4
  0
LWPOLYLINE
  5
2B8
330
17
100
AcDbEntity
  8
Z-OGRODZENIE
370
35
 48
0.2
100
AcDbPolyline
 90
2
 70
0
 10
31.7
 20
36.2
 10
32.06
 20
36.2
  0
LWPOLYLINE
  5
2B9
330
17
100
AcDbEntity
  8
Z-OGRODZENIE
370
35
 48
0.2
100
AcDbPolyline
 90
2
 70
0
 10
31.7
 20
35.0
 10
32.06
 20
35.0
  0
LWPOLYLINE
  5
2BA
330
17
100
AcDbEntity
  8
Z-OGRODZENIE
370
35
 48
0.2
100
AcDbPolyline
 90
2
 70
0
 10
31.7
 20
33.8
 10
32.06
 20
33.8
  0
LWPOLYLINE
  5
2BB
330
17
100
AcDbEntity
  8
Z-OGRODZENIE
370
35
 48
0.2
100
AcDbPolyline
 90
2
 70
0
 10
31.7
 20
32.6
 10
32.06
 20
32.6
  0
LWPOLYLINE
  5
2BC
330
17
100
AcDbEntity
  8
Z-OGRODZENIE
370
35
 48
0.2
100
AcDbPolyline
 90
2
 70
0
 10
31.7
 20
31.400000000000002
 10
32.06
 20
31.400000000000002
  0
LWPOLYLINE
  5
2BD
330
17
100
AcDbEntity
  8
Z-OGRODZENIE
370
35
 48
0.2
100
AcDbPolyline
 90
2
 70
0
 10
31.7
 20
30.200000000000003
 10
32.06
 20
30.200000000000003
  0
LWPOLYLINE
  5
2BE
330
17
100
AcDbEntity
  8
Z-OGRODZENIE
370
35
 48
0.2
100
AcDbPolyline
 90
2
 70
0
 10
31.7
 20
29.000000000000004
 10
32.06
 20
29.000000000000004
  0
LWPOLYLINE
  5
2BF
330
17
100
AcDbEntity
  8
Z-OGRODZENIE
370
35
 48
0.2
100
AcDbPolyline
 90
2
 70
0
 10
31.7
 20
27.800000000000004
 10
32.06
 20
27.800000000000004
  0
LWPOLYLINE
  5
2C0
330
17
100
AcDbEntity
  8
Z-OGRODZENIE
370
35
 48
0.2
100
AcDbPolyline
 90
2
 70
0
 10
31.7
 20
26.600000000000005
 10
32.06
 20
26.600000000000005
  0
LWPOLYLINE
  5
2C1
330
17
100
AcDbEntity
  8
Z-OGRODZENIE
370
35
 48
0.2
100
AcDbPolyline
 90
2
 70
0
 10
31.7
 20
25.400000000000006
 10
32.06
 20
25.400000000000006
  0
LWPOLYLINE
  5
2C2
330
17
100
AcDbEntity
  8
Z-OGRODZENIE
370
35
 48
0.2
100
AcDbPolyline
 90
2
 70
0
 10
31.7
 20
24.200000000000006
 10
32.06
 20
24.200000000000006
  0
LWPOLYLINE
  5
2C3
330
17
100
AcDbEntity
  8
Z-OGRODZENIE
370
35
 48
0.2
100
AcDbPolyline
 90
2
 70
0
 10
31.7
 20
23.000000000000007
 10
32.06
 20
23.000000000000007
  0
LWPOLYLINE
  5
2C4
330
17
100
AcDbEntity
  8
Z-OGRODZENIE
370
35
 48
0.2
100
AcDbPolyline
 90
2
 70
0
 10
31.7
 20
21.800000000000004
 10
32.06
 20
21.800000000000004
  0
LWPOLYLINE
  5
2C5
330
17
100
AcDbEntity
  8
Z-OGRODZENIE
370
35
 48
0.2
100
AcDbPolyline
 90
2
 70
0
 10
31.7
 20
20.60000000000001
 10
32.06
 20
20.60000000000001
  0
LWPOLYLINE
  5
2C6
330
17
100
AcDbEntity
  8
Z-OGRODZENIE
370
35
 48
0.2
100
AcDbPolyline
 90
2
 70
0
 10
31.7
 20
19.40000000000001
 10
32.06
 20
19.40000000000001
  0
LWPOLYLINE
  5
2C7
330
17
100
AcDbEntity
  8
Z-OGRODZENIE
370
35
 48
0.2
100
AcDbPolyline
 90
2
 70
0
 10
31.7
 20
18.200000000000014
 10
32.06
 20
18.200000000000014
  0
LWPOLYLINE
  5
2C8
330
17
100
AcDbEntity
  8
Z-OGRODZENIE
370
35
 48
0.2
100
AcDbPolyline
 90
2
 70
0
 10
31.7
 20
17.000000000000007
 10
32.06
 20
17.000000000000007
  0
LWPOLYLINE
  5
2C9
330
17
100
AcDbEntity
  8
Z-OGRODZENIE
370
35
 48
0.2
100
AcDbPolyline
 90
2
 70
0
 10
31.7
 20
15.800000000000004
 10
32.06
 20
15.800000000000004
  0
LWPOLYLINE
  5
2CA
330
17
100
AcDbEntity
  8
Z-OGRODZENIE
370
35
 48
0.2
100
AcDbPolyline
 90
2
 70
0
 10
31.7
 20
14.600000000000001
 10
32.06
 20
14.600000000000001
  0
LWPOLYLINE
  5
2CB
330
17
100
AcDbEntity
  8
Z-OGRODZENIE
370
35
 48
0.2
100
AcDbPolyline
 90
2
 70
0
 10
31.7
 20
13.399999999999999
 10
32.06
 20
13.399999999999999
  0
LWPOLYLINE
  5
2CC
330
17
100
AcDbEntity
  8
Z-OGRODZENIE
370
35
 48
0.2
100
AcDbPolyline
 90
2
 70
0
 10
31.7
 20
12.199999999999996
 10
32.06
 20
12.199999999999996
  0
LWPOLYLINE
  5
2CD
330
17
100
AcDbEntity
  8
Z-OGRODZENIE
370
35
 48
0.2
100
AcDbPolyline
 90
2
 70
0
 10
31.7
 20
10.999999999999993
 10
32.06
 20
10.999999999999993
  0
LWPOLYLINE
  5
2CE
330
17
100
AcDbEntity
  8
Z-OGRODZENIE
370
35
 48
0.2
100
AcDbPolyline
 90
2
 70
0
 10
31.7
 20
9.79999999999999
 10
32.06
 20
9.79999999999999
  0
LWPOLYLINE
  5
2CF
330
17
100
AcDbEntity
  8
Z-OGRODZENIE
370
35
 48
0.2
100
AcDbPolyline
 90
2
 70
0
 10
31.7
 20
8.599999999999987
 10
32.06
 20
8.599999999999987
  0
LWPOLYLINE
  5
2D0
330
17
100
AcDbEntity
  8
Z-OGRODZENIE
370
35
 48
0.2
100
AcDbPolyline
 90
2
 70
0
 10
31.7
 20
7.399999999999984
 10
32.06
 20
7.399999999999984
  0
LWPOLYLINE
  5
2D1
330
17
100
AcDbEntity
  8
Z-OGRODZENIE
370
35
 48
0.2
100
AcDbPolyline
 90
2
 70
0
 10
31.7
 20
6.1999999999999815
 10
32.06
 20
6.1999999999999815
  0
LWPOLYLINE
  5
2D2
330
17
100
AcDbEntity
  8
Z-OGRODZENIE
370
35
 48
0.2
100
AcDbPolyline
 90
2
 70
0
 10
31.7
 20
4.999999999999979
 10
32.06
 20
4.999999999999979
  0
LWPOLYLINE
  5
2D3
330
17
100
AcDbEntity
  8
Z-OGRODZENIE
370
35
 48
0.2
100
AcDbPolyline
 90
2
 70
0
 10
31.7
 20
3.799999999999976
 10
32.06
 20
3.799999999999976
  0
LWPOLYLINE
  5
2D4
330
17
100
AcDbEntity
  8
Z-OGRODZENIE
370
35
 48
0.2
100
AcDbPolyline
 90
2
 70
0
 10
31.7
 20
2.599999999999973
 10
32.06
 20
2.599999999999973
  0
LWPOLYLINE
  5
2D5
330
17
100
AcDbEntity
  8
Z-OGRODZENIE
370
35
 48
0.2
100
AcDbPolyline
 90
2
 70
0
 10
31.7
 20
1.3999999999999702
 10
32.06
 20
1.3999999999999702
  0
LWPOLYLINE
  5
2D6
330
17
100
AcDbEntity
  8
Z-OGRODZENIE
370
35
 48
0.2
100
AcDbPolyline
 90
2
 70
0
 10
31.7
 20
0.19999999999996732
 10
32.06
 20
0.19999999999996732
  0
LWPOLYLINE
  5
2D7
330
17
100
AcDbEntity
  8
Z-OGRODZENIE
370
35
 48
0.2
100
AcDbPolyline
 90
2
 70
0
 10
30.759999999999966
 20
0.30000000000000004
 10
30.759999999999966
 20
-0.060000000000000026
  0
LWPOLYLINE
  5
2D8
330
17
100
AcDbEntity
  8
Z-OGRODZENIE
370
35
 48
0.2
100
AcDbPolyline
 90
2
 70
0
 10
29.559999999999963
 20
0.30000000000000004
 10
29.559999999999963
 20
-0.060000000000000026
  0
LWPOLYLINE
  5
2D9
330
17
100
AcDbEntity
  8
Z-OGRODZENIE
370
35
 48
0.2
100
AcDbPolyline
 90
2
 70
0
 10
28.35999999999996
 20
0.30000000000000004
 10
28.35999999999996
 20
-0.060000000000000026
  0
LWPOLYLINE
  5
2DA
330
17
100
AcDbEntity
  8
Z-OGRODZENIE
370
35
 48
0.2
100
AcDbPolyline
 90
2
 70
0
 10
27.159999999999958
 20
0.30000000000000004
 10
27.159999999999958
 20
-0.060000000000000026
  0
LWPOLYLINE
  5
2DB
330
17
100
AcDbEntity
  8
Z-OGRODZENIE
370
35
 48
0.2
100
AcDbPolyline
 90
2
 70
0
 10
25.959999999999955
 20
0.30000000000000004
 10
25.959999999999955
 20
-0.060000000000000026
  0
LWPOLYLINE
  5
2DC
330
17
100
AcDbEntity
  8
Z-OGRODZENIE
370
35
 48
0.2
100
AcDbPolyline
 90
2
 70
0
 10
24.759999999999952
 20
0.30000000000000004
 10
24.759999999999952
 20
-0.060000000000000026
  0
LWPOLYLINE
  5
2DD
330
17
100
AcDbEntity
  8
Z-OGRODZENIE
370
35
 48
0.2
100
AcDbPolyline
 90
2
 70
0
 10
23.55999999999995
 20
0.30000000000000004
 10
23.55999999999995
 20
-0.060000000000000026
  0
LWPOLYLINE
  5
2DE
330
17
100
AcDbEntity
  8
Z-OGRODZENIE
370
35
 48
0.2
100
AcDbPolyline
 90
2
 70
0
 10
22.359999999999946
 20
0.30000000000000004
 10
22.359999999999946
 20
-0.060000000000000026
  0
LWPOLYLINE
  5
2DF
330
17
100
AcDbEntity
  8
Z-OGRODZENIE
370
35
 48
0.2
100
AcDbPolyline
 90
2
 70
0
 10
21.159999999999943
 20
0.30000000000000004
 10
21.159999999999943
 20
-0.060000000000000026
  0
LWPOLYLINE
  5
2E0
330
17
100
AcDbEntity
  8
Z-OGRODZENIE
370
35
 48
0.2
100
AcDbPolyline
 90
2
 70
0
 10
19.95999999999994
 20
0.30000000000000004
 10
19.95999999999994
 20
-0.060000000000000026
  0
LWPOLYLINE
  5
2E1
330
17
100
AcDbEntity
  8
Z-OGRODZENIE
370
35
 48
0.2
100
AcDbPolyline
 90
2
 70
0
 10
18.759999999999938
 20
0.30000000000000004
 10
18.759999999999938
 20
-0.060000000000000026
  0
LWPOLYLINE
  5
2E2
330
17
100
AcDbEntity
  8
Z-OGRODZENIE
370
35
 48
0.2
100
AcDbPolyline
 90
2
 70
0
 10
17.559999999999942
 20
0.30000000000000004
 10
17.559999999999942
 20
-0.060000000000000026
  0
LWPOLYLINE
  5
2E3
330
17
100
AcDbEntity
  8
Z-OGRODZENIE
370
35
 48
0.2
100
AcDbPolyline
 90
2
 70
0
 10
16.35999999999994
 20
0.30000000000000004
 10
16.35999999999994
 20
-0.060000000000000026
  0
LWPOLYLINE
  5
2E4
330
17
100
AcDbEntity
  8
Z-OGRODZENIE
370
35
 48
0.2
100
AcDbPolyline
 90
2
 70
0
 10
15.159999999999936
 20
0.30000000000000004
 10
15.159999999999936
 20
-0.060000000000000026
  0
LWPOLYLINE
  5
2E5
330
17
100
AcDbEntity
  8
Z-OGRODZENIE
370
35
 48
0.2
100
AcDbPolyline
 90
2
 70
0
 10
13.959999999999933
 20
0.30000000000000004
 10
13.959999999999933
 20
-0.060000000000000026
  0
LWPOLYLINE
  5
2E6
330
17
100
AcDbEntity
  8
Z-OGRODZENIE
370
35
 48
0.2
100
AcDbPolyline
 90
2
 70
0
 10
12.75999999999993
 20
0.30000000000000004
 10
12.75999999999993
 20
-0.060000000000000026
  0
LWPOLYLINE
  5
2E7
330
17
100
AcDbEntity
  8
Z-OGRODZENIE
370
35
 48
0.2
100
AcDbPolyline
 90
2
 70
0
 10
11.559999999999928
 20
0.30000000000000004
 10
11.559999999999928
 20
-0.060000000000000026
  0
LWPOLYLINE
  5
2E8
330
17
100
AcDbEntity
  8
Z-OGRODZENIE
370
35
 48
0.2
100
AcDbPolyline
 90
2
 70
0
 10
10.359999999999925
 20
0.30000000000000004
 10
10.359999999999925
 20
-0.060000000000000026
  0
LWPOLYLINE
  5
2E9
330
17
100
AcDbEntity
  8
Z-OGRODZENIE
370
35
 48
0.2
100
AcDbPolyline
 90
2
 70
0
 10
9.159999999999922
 20
0.30000000000000004
 10
9.159999999999922
 20
-0.060000000000000026
  0
LWPOLYLINE
  5
2EA
330
17
100
AcDbEntity
  8
Z-OGRODZENIE
370
35
 48
0.2
100
AcDbPolyline
 90
2
 70
0
 10
7.959999999999919
 20
0.30000000000000004
 10
7.959999999999919
 20
-0.060000000000000026
  0
LWPOLYLINE
  5
2EB
330
17
100
AcDbEntity
  8
Z-OGRODZENIE
370
35
 48
0.2
100
AcDbPolyline
 90
2
 70
0
 10
6.759999999999916
 20
0.30000000000000004
 10
6.759999999999916
 20
-0.060000000000000026
  0
LWPOLYLINE
  5
2EC
330
17
100
AcDbEntity
  8
Z-OGRODZENIE
370
35
 48
0.2
100
AcDbPolyline
 90
2
 70
0
 10
5.5599999999999135
 20
0.30000000000000004
 10
5.5599999999999135
 20
-0.060000000000000026
  0
LWPOLYLINE
  5
2ED
330
17
100
AcDbEntity
  8
Z-OGRODZENIE
370
35
 48
0.2
100
AcDbPolyline
 90
2
 70
0
 10
4.359999999999911
 20
0.30000000000000004
 10
4.359999999999911
 20
-0.060000000000000026
  0
LWPOLYLINE
  5
2EE
330
17
100
AcDbEntity
  8
Z-OGRODZENIE
370
35
 48
0.2
100
AcDbPolyline
 90
2
 70
0
 10
3.1599999999999078
 20
0.30000000000000004
 10
3.1599999999999078
 20
-0.060000000000000026
  0
LWPOLYLINE
  5
2EF
330
17
100
AcDbEntity
  8
Z-OGRODZENIE
370
35
 48
0.2
100
AcDbPolyline
 90
2
 70
0
 10
1.959999999999905
 20
0.30000000000000004
 10
1.959999999999905
 20
-0.060000000000000026
  0
LWPOLYLINE
  5
2F0
330
17
100
AcDbEntity
  8
Z-OGRODZENIE
370
35
 48
0.2
100
AcDbPolyline
 90
2
 70
0
 10
0.7599999999999021
 20
0.30000000000000004
 10
0.7599999999999021
 20
-0.060000000000000026
  0
LWPOLYLINE
  5
2F1
330
17
100
AcDbEntity
  8
Z-OGRODZENIE
370
35
 48
0.2
100
AcDbPolyline
 90
2
 70
0
 10
0.30000000000000004
 20
0.6800000000001017
 10
-0.060000000000000026
 20
0.6800000000001017
  0
LWPOLYLINE
  5
2F2
330
17
100
AcDbEntity
  8
Z-OGRODZENIE
370
35
 48
0.2
100
AcDbPolyline
 90
2
 70
0
 10
0.30000000000000004
 20
1.8800000000001047
 10
-0.060000000000000026
 20
1.8800000000001047
  0
LWPOLYLINE
  5
2F3
330
17
100
AcDbEntity
  8
Z-OGRODZENIE
370
35
 48
0.2
100
AcDbPolyline
 90
2
 70
0
 10
0.30000000000000004
 20
3.0800000000001075
 10
-0.060000000000000026
 20
3.0800000000001075
  0
LWPOLYLINE
  5
2F4
330
17
100
AcDbEntity
  8
Z-OGRODZENIE
370
35
 48
0.2
100
AcDbPolyline
 90
2
 70
0
 10
0.30000000000000004
 20
4.28000000000011
 10
-0.060000000000000026
 20
4.28000000000011
  0
LWPOLYLINE
  5
2F5
330
17
100
AcDbEntity
  8
Z-OGRODZENIE
370
35
 48
0.2
100
AcDbPolyline
 90
2
 70
0
 10
0.30000000000000004
 20
5.480000000000113
 10
-0.060000000000000026
 20
5.480000000000113
  0
LWPOLYLINE
  5
2F6
330
17
100
AcDbEntity
  8
Z-OGRODZENIE
370
35
 48
0.2
100
AcDbPolyline
 90
2
 70
0
 10
0.30000000000000004
 20
6.680000000000117
 10
-0.060000000000000026
 20
6.680000000000117
  0
LWPOLYLINE
  5
2F7
330
17
100
AcDbEntity
  8
Z-OGRODZENIE
370
35
 48
0.2
100
AcDbPolyline
 90
2
 70
0
 10
0.30000000000000004
 20
7.88000000000012
 10
-0.060000000000000026
 20
7.88000000000012
  0
LWPOLYLINE
  5
2F8
330
17
100
AcDbEntity
  8
Z-OGRODZENIE
370
35
 48
0.2
100
AcDbPolyline
 90
2
 70
0
 10
0.30000000000000004
 20
9.08000000000012
 10
-0.060000000000000026
 20
9.08000000000012
  0
LWPOLYLINE
  5
2F9
330
17
100
AcDbEntity
  8
Z-OGRODZENIE
370
35
 48
0.2
100
AcDbPolyline
 90
2
 70
0
 10
0.30000000000000004
 20
10.280000000000124
 10
-0.060000000000000026
 20
10.280000000000124
  0
LWPOLYLINE
  5
2FA
330
17
100
AcDbEntity
  8
Z-OGRODZENIE
370
35
 48
0.2
100
AcDbPolyline
 90
2
 70
0
 10
0.30000000000000004
 20
11.480000000000127
 10
-0.060000000000000026
 20
11.480000000000127
  0
LWPOLYLINE
  5
2FB
330
17
100
AcDbEntity
  8
Z-OGRODZENIE
370
35
 48
0.2
100
AcDbPolyline
 90
2
 70
0
 10
0.30000000000000004
 20
12.680000000000128
 10
-0.060000000000000026
 20
12.680000000000128
  0
LWPOLYLINE
  5
2FC
330
17
100
AcDbEntity
  8
Z-OGRODZENIE
370
35
 48
0.2
100
AcDbPolyline
 90
2
 70
0
 10
0.30000000000000004
 20
13.880000000000132
 10
-0.060000000000000026
 20
13.880000000000132
  0
LWPOLYLINE
  5
2FD
330
17
100
AcDbEntity
  8
Z-OGRODZENIE
370
35
 48
0.2
100
AcDbPolyline
 90
2
 70
0
 10
0.30000000000000004
 20
15.080000000000133
 10
-0.060000000000000026
 20
15.080000000000133
  0
LWPOLYLINE
  5
2FE
330
17
100
AcDbEntity
  8
Z-OGRODZENIE
370
35
 48
0.2
100
AcDbPolyline
 90
2
 70
0
 10
0.30000000000000004
 20
16.28000000000014
 10
-0.060000000000000026
 20
16.28000000000014
  0
LWPOLYLINE
  5
2FF
330
17
100
AcDbEntity
  8
Z-OGRODZENIE
370
35
 48
0.2
100
AcDbPolyline
 90
2
 70
0
 10
0.30000000000000004
 20
17.480000000000143
 10
-0.060000000000000026
 20
17.480000000000143
  0
LWPOLYLINE
  5
300
330
17
100
AcDbEntity
  8
Z-OGRODZENIE
370
35
 48
0.2
100
AcDbPolyline
 90
2
 70
0
 10
0.30000000000000004
 20
18.680000000000145
 10
-0.060000000000000026
 20
18.680000000000145
  0
LWPOLYLINE
  5
301
330
17
100
AcDbEntity
  8
Z-OGRODZENIE
370
35
 48
0.2
100
AcDbPolyline
 90
2
 70
0
 10
0.30000000000000004
 20
19.880000000000148
 10
-0.060000000000000026
 20
19.880000000000148
  0
LWPOLYLINE
  5
302
330
17
100
AcDbEntity
  8
Z-OGRODZENIE
370
35
 48
0.2
100
AcDbPolyline
 90
2
 70
0
 10
0.30000000000000004
 20
21.08000000000015
 10
-0.060000000000000026
 20
21.08000000000015
  0
LWPOLYLINE
  5
303
330
17
100
AcDbEntity
  8
Z-OGRODZENIE
370
35
 48
0.2
100
AcDbPolyline
 90
2
 70
0
 10
0.30000000000000004
 20
22.280000000000154
 10
-0.060000000000000026
 20
22.280000000000154
  0
LWPOLYLINE
  5
304
330
17
100
AcDbEntity
  8
Z-OGRODZENIE
370
35
 48
0.2
100
AcDbPolyline
 90
2
 70
0
 10
0.30000000000000004
 20
23.480000000000157
 10
-0.060000000000000026
 20
23.480000000000157
  0
LWPOLYLINE
  5
305
330
17
100
AcDbEntity
  8
Z-OGRODZENIE
370
35
 48
0.2
100
AcDbPolyline
 90
2
 70
0
 10
0.30000000000000004
 20
24.68000000000016
 10
-0.060000000000000026
 20
24.68000000000016
  0
LWPOLYLINE
  5
306
330
17
100
AcDbEntity
  8
Z-OGRODZENIE
370
35
 48
0.2
100
AcDbPolyline
 90
2
 70
0
 10
0.30000000000000004
 20
25.88000000000016
 10
-0.060000000000000026
 20
25.88000000000016
  0
LWPOLYLINE
  5
307
330
17
100
AcDbEntity
  8
Z-OGRODZENIE
370
35
 48
0.2
100
AcDbPolyline
 90
2
 70
0
 10
0.30000000000000004
 20
27.080000000000165
 10
-0.060000000000000026
 20
27.080000000000165
  0
LWPOLYLINE
  5
308
330
17
100
AcDbEntity
  8
Z-OGRODZENIE
370
35
 48
0.2
100
AcDbPolyline
 90
2
 70
0
 10
0.30000000000000004
 20
28.280000000000168
 10
-0.060000000000000026
 20
28.280000000000168
  0
LWPOLYLINE
  5
309
330
17
100
AcDbEntity
  8
Z-OGRODZENIE
370
35
 48
0.2
100
AcDbPolyline
 90
2
 70
0
 10
0.30000000000000004
 20
29.48000000000017
 10
-0.060000000000000026
 20
29.48000000000017
  0
LWPOLYLINE
  5
30A
330
17
100
AcDbEntity
  8
Z-OGRODZENIE
370
35
 48
0.2
100
AcDbPolyline
 90
2
 70
0
 10
0.30000000000000004
 20
30.68000000000017
 10
-0.060000000000000026
 20
30.68000000000017
  0
LWPOLYLINE
  5
30B
330
17
100
AcDbEntity
  8
Z-OGRODZENIE
370
35
 48
0.2
100
AcDbPolyline
 90
2
 70
0
 10
0.30000000000000004
 20
31.880000000000177
 10
-0.060000000000000026
 20
31.880000000000177
  0
LWPOLYLINE
  5
30C
330
17
100
AcDbEntity
  8
Z-OGRODZENIE
370
35
 48
0.2
100
AcDbPolyline
 90
2
 70
0
 10
0.30000000000000004
 20
33.080000000000176
 10
-0.060000000000000026
 20
33.080000000000176
  0
LWPOLYLINE
  5
30D
330
17
100
AcDbEntity
  8
Z-OGRODZENIE
370
35
 48
0.2
100
AcDbPolyline
 90
2
 70
0
 10
0.30000000000000004
 20
34.28000000000018
 10
-0.060000000000000026
 20
34.28000000000018
  0
LWPOLYLINE
  5
30E
330
17
100
AcDbEntity
  8
Z-OGRODZENIE
370
35
 48
0.2
100
AcDbPolyline
 90
2
 70
0
 10
0.30000000000000004
 20
35.48000000000018
 10
-0.060000000000000026
 20
35.48000000000018
  0
LWPOLYLINE
  5
30F
330
17
100
AcDbEntity
  8
Z-OGRODZENIE
370
35
 48
0.2
100
AcDbPolyline
 90
2
 70
0
 10
0.30000000000000004
 20
36.680000000000184
 10
-0.060000000000000026
 20
36.680000000000184
  0
LWPOLYLINE
  5
310
330
17
100
AcDbEntity
  8
Z-OGRODZENIE
370
35
 48
0.2
100
AcDbPolyline
 90
2
 70
0
 10
0.30000000000000004
 20
37.88000000000019
 10
-0.060000000000000026
 20
37.88000000000019
  0
LWPOLYLINE
  5
311
330
17
100
AcDbEntity
  8
Z-OGRODZENIE
370
35
 48
0.2
100
AcDbPolyline
 90
2
 70
0
 10
0.30000000000000004
 20
39.08000000000019
 10
-0.060000000000000026
 20
39.08000000000019
  0
LWPOLYLINE
  5
312
330
17
100
AcDbEntity
  8
Z-OGRODZENIE
370
35
 48
0.2
100
AcDbPolyline
 90
2
 70
0
 10
0.30000000000000004
 20
40.28000000000019
 10
-0.060000000000000026
 20
40.28000000000019
  0
LWPOLYLINE
  5
313
330
17
100
AcDbEntity
  8
Z-OGRODZENIE
370
35
 48
0.2
100
AcDbPolyline
 90
2
 70
0
 10
0.30000000000000004
 20
41.480000000000196
 10
-0.060000000000000026
 20
41.480000000000196
  0
LWPOLYLINE
  5
314
330
17
100
AcDbEntity
  8
Z-OGRODZENIE
370
35
 48
0.2
100
AcDbPolyline
 90
2
 70
0
 10
0.30000000000000004
 20
42.6800000000002
 10
-0.060000000000000026
 20
42.6800000000002
  0
LWPOLYLINE
  5
315
330
17
100
AcDbEntity
  8
Z-OGRODZENIE
370
35
 48
0.2
100
AcDbPolyline
 90
2
 70
0
 10
0.30000000000000004
 20
43.8800000000002
 10
-0.060000000000000026
 20
43.8800000000002
  0
LWPOLYLINE
  5
316
330
17
100
AcDbEntity
  8
Z-OGRODZENIE
370
35
 48
0.2
100
AcDbPolyline
 90
2
 70
0
 10
0.30000000000000004
 20
45.080000000000204
 10
-0.060000000000000026
 20
45.080000000000204
  0
LWPOLYLINE
  5
317
330
17
100
AcDbEntity
  8
Z-OGRODZENIE
370
35
 48
0.2
100
AcDbPolyline
 90
2
 70
0
 10
0.30000000000000004
 20
46.28000000000021
 10
-0.060000000000000026
 20
46.28000000000021
  0
LWPOLYLINE
  5
318
330
17
100
AcDbEntity
  8
Z-OGRODZENIE
370
35
 48
0.2
100
AcDbPolyline
 90
2
 70
0
 10
0.30000000000000004
 20
47.480000000000196
 10
-0.060000000000000026
 20
47.480000000000196
  0
LWPOLYLINE
  5
319
330
17
100
AcDbEntity
  8
Z-OGRODZENIE
370
35
 48
0.2
100
AcDbPolyline
 90
2
 70
0
 10
0.30000000000000004
 20
48.680000000000184
 10
-0.060000000000000026
 20
48.680000000000184
  0
LWPOLYLINE
  5
31A
330
17
100
AcDbEntity
  8
Z-OGRODZENIE
370
35
 48
0.2
100
AcDbPolyline
 90
2
 70
0
 10
0.30000000000000004
 20
49.88000000000017
 10
-0.060000000000000026
 20
49.88000000000017
  0
LWPOLYLINE
  5
31B
330
17
100
AcDbEntity
  8
Z-OGRODZENIE
370
35
 48
0.2
100
AcDbPolyline
 90
2
 70
0
 10
25.900000000000002
 20
49.84
 10
20.3
 20
49.84
  0
LWPOLYLINE
  5
31C
330
17
100
AcDbEntity
  8
Z-OGRODZENIE
370
25
 48
0.2
100
AcDbPolyline
 90
2
 70
0
 10
21.98
 20
49.48
 10
24.78
 20
49.48
  0
LWPOLYLINE
  5
31D
330
17
100
AcDbEntity
  8
Z-OGRODZENIE
370
25
 48
0.2
100
AcDbPolyline
 90
3
 70
1
 10
24.78
 20
49.48
 10
24.388740959706478
 20
49.396835323672896
 10
24.388740959706478
 20
49.5631646763271
  0
LWPOLYLINE
  5
31E
330
17
100
AcDbEntity
  8
Z-OGRODZENIE
370
35
 48
0.2
100
AcDbPolyline
 90
2
 70
0
 10
18.6
 20
50.0
 10
18.6
 20
49.0
  0
ARC
  5
31F
330
17
100
AcDbEntity
  8
Z-OGRODZENIE
370
18
 48
0.2
100
AcDbCircle
 10
18.6
 20
50.0
 30
0.0
 40
1.0
100
AcDbArc
 50
180.0
 51
270.0
  0
LWPOLYLINE
  5
320
330
17
100
AcDbEntity
  8
Z-OGRODZENIE
370
35
 48
0.2
100
AcDbPolyline
 90
4
 70
0
 10
23.2
 20
32.0
 10
23.2
 20
30.400000000000002
 10
25.6
 20
30.400000000000002
 10
25.6
 20
32.0
  0
LWPOLYLINE
  5
321
330
17
100
AcDbEntity
  8
Z-OGRODZENIE
370
18
 48
0.2
100
AcDbPolyline
 90
2
 70
0
 10
23.08
 20
32.0
 10
23.32
 20
32.0
  0
LWPOLYLINE
  5
322
330
17
100
AcDbEntity
  8
Z-OGRODZENIE
370
18
 48
0.2
100
AcDbPolyline
 90
2
 70
0
 10
23.08
 20
31.5
 10
23.32
 20
31.5
  0
LWPOLYLINE
  5
323
330
17
100
AcDbEntity
  8
Z-OGRODZENIE
370
18
 48
0.2
100
AcDbPolyline
 90
2
 70
0
 10
23.08
 20
31.0
 10
23.32
 20
31.0
  0
LWPOLYLINE
  5
324
330
17
100
AcDbEntity
  8
Z-OGRODZENIE
370
18
 48
0.2
100
AcDbPolyline
 90
2
 70
0
 10
23.08
 20
30.5
 10
23.32
 20
30.5
  0
LWPOLYLINE
  5
325
330
17
100
AcDbEntity
  8
Z-OGRODZENIE
370
18
 48
0.2
100
AcDbPolyline
 90
2
 70
0
 10
23.2
 20
30.28
 10
23.2
 20
30.520000000000003
  0
LWPOLYLINE
  5
326
330
17
100
AcDbEntity
  8
Z-OGRODZENIE
370
18
 48
0.2
100
AcDbPolyline
 90
2
 70
0
 10
23.7
 20
30.28
 10
23.7
 20
30.520000000000003
  0
LWPOLYLINE
  5
327
330
17
100
AcDbEntity
  8
Z-OGRODZENIE
370
18
 48
0.2
100
AcDbPolyline
 90
2
 70
0
 10
24.2
 20
30.28
 10
24.2
 20
30.520000000000003
  0
LWPOLYLINE
  5
328
330
17
100
AcDbEntity
  8
Z-OGRODZENIE
370
18
 48
0.2
100
AcDbPolyline
 90
2
 70
0
 10
24.7
 20
30.28
 10
24.7
 20
30.520000000000003
  0
LWPOLYLINE
  5
329
330
17
100
AcDbEntity
  8
Z-OGRODZENIE
370
18
 48
0.2
100
AcDbPolyline
 90
2
 70
0
 10
25.2
 20
30.28
 10
25.2
 20
30.520000000000003
  0
LWPOLYLINE
  5
32A
330
17
100
AcDbEntity
  8
Z-OGRODZENIE
370
18
 48
0.2
100
AcDbPolyline
 90
2
 70
0
 10
25.720000000000002
 20
30.400000000000002
 10
25.48
 20
30.400000000000002
  0
LWPOLYLINE
  5
32B
330
17
100
AcDbEntity
  8
Z-OGRODZENIE
370
18
 48
0.2
100
AcDbPolyline
 90
2
 70
0
 10
25.720000000000002
 20
30.900000000000002
 10
25.48
 20
30.900000000000002
  0
LWPOLYLINE
  5
32C
330
17
100
AcDbEntity
  8
Z-OGRODZENIE
370
18
 48
0.2
100
AcDbPolyline
 90
2
 70
0
 10
25.720000000000002
 20
31.400000000000002
 10
25.48
 20
31.400000000000002
  0
LWPOLYLINE
  5
32D
330
17
100
AcDbEntity
  8
Z-OGRODZENIE
370
18
 48
0.2
100
AcDbPolyline
 90
2
 70
0
 10
25.720000000000002
 20
31.900000000000002
 10
25.48
 20
31.900000000000002
  0
HATCH
  5
32E
330
17
100
AcDbEntity
  8
Z-ODWODNIENIE
 62
7
420
0
100
AcDbHatch
 10
0.0
 20
0.0
 30
0.0
210
0.0
220
0.0
230
1.0
  2
SOLID
 70
1
 71
0
 91
1
 92
3
 72
0
 73
1
 93
3
 10
8.746279860554633
 20
44.05
 10
8.25720606018773
 20
43.94604415459112
 10
8.25720606018773
 20
44.15395584540887
 97
0
 75
0
 76
1
 98
0
  0
HATCH
  5
32F
330
17
100
AcDbEntity
  8
Z-ODWODNIENIE
 62
7
420
0
100
AcDbHatch
 10
0.0
 20
0.0
 30
0.0
210
0.0
220
0.0
230
1.0
  2
SOLID
 70
1
 71
0
 91
1
 92
3
 72
0
 73
1
 93
3
 10
14.806547649401425
 20
44.05
 10
14.317473849034522
 20
43.94604415459112
 10
14.317473849034522
 20
44.15395584540887
 97
0
 75
0
 76
1
 98
0
  0
HATCH
  5
330
330
17
100
AcDbEntity
  8
Z-ODWODNIENIE
 62
7
420
0
100
AcDbHatch
 10
0.0
 20
0.0
 30
0.0
210
0.0
220
0.0
230
1.0
  2
SOLID
 70
1
 71
0
 91
1
 92
3
 72
0
 73
1
 93
3
 10
28.6
 20
37.303038463500584
 10
28.49604415459112
 20
37.79211226386749
 10
28.70395584540888
 20
37.79211226386749
 97
0
 75
0
 76
1
 98
0
  0
HATCH
  5
331
330
17
100
AcDbEntity
  8
Z-ODWODNIENIE
 62
7
420
0
100
AcDbHatch
 10
0.0
 20
0.0
 30
0.0
210
0.0
220
0.0
230
1.0
  2
SOLID
 70
1
 71
0
 91
1
 92
3
 72
0
 73
1
 93
3
 10
28.6
 20
30.878373630858476
 10
28.49604415459112
 20
31.36744743122538
 10
28.70395584540888
 20
31.36744743122538
 97
0
 75
0
 76
1
 98
0
  0
HATCH
  5
332
330
17
100
AcDbEntity
  8
Z-ODWODNIENIE
 62
7
420
0
100
AcDbHatch
 10
0.0
 20
0.0
 30
0.0
210
0.0
220
0.0
230
1.0
  2
SOLID
 70
1
 71
0
 91
1
 92
3
 72
0
 73
1
 93
24
 10
13.22
 20
38.150000000000006
 10
13.218296291314454
 20
38.162940952255134
 10
13.213301270189222
 20
38.175000000000004
 10
13.205355339059327
 20
38.185355339059335
 10
13.195
 20
38.19330127018923
 10
13.182940952255127
 20
38.198296291314456
 10
13.17
 20
38.2
 10
13.157059047744873
 20
38.198296291314456
 10
13.145
 20
38.19330127018923
 10
13.134644660940673
 20
38.185355339059335
 10
13.126698729810778
 20
38.175000000000004
 10
13.121703708685546
 20
38.162940952255134
 10
13.12
 20
38.150000000000006
 10
13.121703708685546
 20
38.13705904774488
 10
13.126698729810778
 20
38.12500000000001
 10
13.134644660940673
 20
38.11464466094068
 10
13.145
 20
38.10669872981078
 10
13.157059047744873
 20
38.101703708685555
 10
13.17
 20
38.10000000000001
 10
13.182940952255127
 20
38.101703708685555
 10
13.195
 20
38.10669872981078
 10
13.205355339059327
 20
38.11464466094068
 10
13.213301270189222
 20
38.12500000000001
 10
13.218296291314454
 20
38.13705904774488
 97
0
 75
0
 76
1
 98
0
  0
HATCH
  5
333
330
17
100
AcDbEntity
  8
Z-ODWODNIENIE
 62
7
420
0
100
AcDbHatch
 10
0.0
 20
0.0
 30
0.0
210
0.0
220
0.0
230
1.0
  2
SOLID
 70
1
 71
0
 91
1
 92
3
 72
0
 73
1
 93
24
 10
13.22
 20
38.550000000000004
 10
13.218296291314454
 20
38.56294095225513
 10
13.213301270189222
 20
38.575
 10
13.205355339059327
 20
38.58535533905933
 10
13.195
 20
38.59330127018923
 10
13.182940952255127
 20
38.598296291314455
 10
13.17
 20
38.6
 10
13.157059047744873
 20
38.598296291314455
 10
13.145
 20
38.59330127018923
 10
13.134644660940673
 20
38.58535533905933
 10
13.126698729810778
 20
38.575
 10
13.121703708685546
 20
38.56294095225513
 10
13.12
 20
38.550000000000004
 10
13.121703708685546
 20
38.537059047744876
 10
13.126698729810778
 20
38.525000000000006
 10
13.134644660940673
 20
38.514644660940675
 10
13.145
 20
38.50669872981078
 10
13.157059047744873
 20
38.501703708685554
 10
13.17
 20
38.50000000000001
 10
13.182940952255127
 20
38.501703708685554
 10
13.195
 20
38.50669872981078
 10
13.205355339059327
 20
38.514644660940675
 10
13.213301270189222
 20
38.525000000000006
 10
13.218296291314454
 20
38.537059047744876
 97
0
 75
0
 76
1
 98
0
  0
HATCH
  5
334
330
17
100
AcDbEntity
  8
Z-ODWODNIENIE
 62
7
420
0
100
AcDbHatch
 10
0.0
 20
0.0
 30
0.0
210
0.0
220
0.0
230
1.0
  2
SOLID
 70
1
 71
0
 91
1
 92
3
 72
0
 73
1
 93
24
 10
8.05
 20
41.81
 10
8.048296291314454
 20
41.82294095225513
 10
8.043301270189222
 20
41.835
 10
8.035355339059327
 20
41.84535533905933
 10
8.025
 20
41.85330127018923
 10
8.012940952255127
 20
41.85829629131445
 10
8.0
 20
41.86
 10
7.987059047744874
 20
41.85829629131445
 10
7.975
 20
41.85330127018923
 10
7.964644660940673
 20
41.84535533905933
 10
7.956698729810778
 20
41.835
 10
7.951703708685547
 20
41.82294095225513
 10
7.95
 20
41.81
 10
7.951703708685547
 20
41.797059047744874
 10
7.956698729810778
 20
41.785000000000004
 10
7.964644660940673
 20
41.77464466094067
 10
7.975
 20
41.76669872981078
 10
7.987059047744874
 20
41.76170370868555
 10
8.0
 20
41.760000000000005
 10
8.012940952255127
 20
41.76170370868555
 10
8.025
 20
41.76669872981078
 10
8.035355339059327
 20
41.77464466094067
 10
8.043301270189222
 20
41.785000000000004
 10
8.048296291314454
 20
41.797059047744874
 97
0
 75
0
 76
1
 98
0
  0
HATCH
  5
335
330
17
100
AcDbEntity
  8
Z-ODWODNIENIE
 62
7
420
0
100
AcDbHatch
 10
0.0
 20
0.0
 30
0.0
210
0.0
220
0.0
230
1.0
  2
SOLID
 70
1
 71
0
 91
1
 92
3
 72
0
 73
1
 93
24
 10
16.849999999999998
 20
41.81
 10
16.84829629131445
 20
41.82294095225513
 10
16.84330127018922
 20
41.835
 10
16.835355339059326
 20
41.84535533905933
 10
16.824999999999996
 20
41.85330127018923
 10
16.812940952255122
 20
41.85829629131445
 10
16.799999999999997
 20
41.86
 10
16.787059047744872
 20
41.85829629131445
 10
16.775
 20
41.85330127018923
 10
16.764644660940668
 20
41.84535533905933
 10
16.756698729810775
 20
41.835
 10
16.751703708685543
 20
41.82294095225513
 10
16.749999999999996
 20
41.81
 10
16.751703708685543
 20
41.797059047744874
 10
16.756698729810775
 20
41.785000000000004
 10
16.764644660940668
 20
41.77464466094067
 10
16.775
 20
41.76669872981078
 10
16.787059047744872
 20
41.76170370868555
 10
16.799999999999997
 20
41.760000000000005
 10
16.812940952255122
 20
41.76170370868555
 10
16.824999999999996
 20
41.76669872981078
 10
16.835355339059326
 20
41.77464466094067
 10
16.84330127018922
 20
41.785000000000004
 10
16.84829629131445
 20
41.797059047744874
 97
0
 75
0
 76
1
 98
0
  0
HATCH
  5
336
330
17
100
AcDbEntity
  8
Z-ODWODNIENIE
 62
7
420
0
100
AcDbHatch
 10
0.0
 20
0.0
 30
0.0
210
0.0
220
0.0
230
1.0
  2
SOLID
 70
1
 71
0
 91
1
 92
3
 72
0
 73
1
 93
24
 10
26.385
 20
41.75
 10
26.383296291314455
 20
41.76294095225513
 10
26.378301270189223
 20
41.775
 10
26.37035533905933
 20
41.78535533905933
 10
26.36
 20
41.793301270189225
 10
26.347940952255126
 20
41.79829629131445
 10
26.335
 20
41.8
 10
26.322059047744876
 20
41.79829629131445
 10
26.310000000000002
 20
41.793301270189225
 10
26.29964466094067
 20
41.78535533905933
 10
26.29169872981078
 20
41.775
 10
26.286703708685547
 20
41.76294095225513
 10
26.285
 20
41.75
 10
26.286703708685547
 20
41.73705904774487
 10
26.29169872981078
 20
41.725
 10
26.29964466094067
 20
41.71464466094067
 10
26.310000000000002
 20
41.706698729810775
 10
26.322059047744876
 20
41.70170370868555
 10
26.335
 20
41.7
 10
26.347940952255126
 20
41.70170370868555
 10
26.36
 20
41.706698729810775
 10
26.37035533905933
 20
41.71464466094067
 10
26.378301270189223
 20
41.725
 10
26.383296291314455
 20
41.73705904774487
 97
0
 75
0
 76
1
 98
0
  0
HATCH
  5
337
330
17
100
AcDbEntity
  8
Z-ODWODNIENIE
 62
7
420
0
100
AcDbHatch
 10
0.0
 20
0.0
 30
0.0
210
0.0
220
0.0
230
1.0
  2
SOLID
 70
1
 71
0
 91
1
 92
3
 72
0
 73
1
 93
24
 10
25.599999999999998
 20
33.050000000000004
 10
25.59829629131445
 20
33.06294095225513
 10
25.59330127018922
 20
33.075
 10
25.585355339059326
 20
33.08535533905933
 10
25.574999999999996
 20
33.09330127018923
 10
25.562940952255122
 20
33.098296291314455
 10
25.549999999999997
 20
33.1
 10
25.537059047744872
 20
33.098296291314455
 10
25.525
 20
33.09330127018923
 10
25.514644660940668
 20
33.08535533905933
 10
25.506698729810775
 20
33.075
 10
25.501703708685543
 20
33.06294095225513
 10
25.499999999999996
 20
33.050000000000004
 10
25.501703708685543
 20
33.037059047744876
 10
25.506698729810775
 20
33.025000000000006
 10
25.514644660940668
 20
33.014644660940675
 10
25.525
 20
33.00669872981078
 10
25.537059047744872
 20
33.001703708685554
 10
25.549999999999997
 20
33.00000000000001
 10
25.562940952255122
 20
33.001703708685554
 10
25.574999999999996
 20
33.00669872981078
 10
25.585355339059326
 20
33.014644660940675
 10
25.59330127018922
 20
33.025000000000006
 10
25.59829629131445
 20
33.037059047744876
 97
0
 75
0
 76
1
 98
0
  0
HATCH
  5
338
330
17
100
AcDbEntity
  8
Z-ODWODNIENIE
 62
7
420
0
100
AcDbHatch
 10
0.0
 20
0.0
 30
0.0
210
0.0
220
0.0
230
1.0
  2
SOLID
 70
1
 71
0
 91
1
 92
3
 72
0
 73
1
 93
24
 10
25.24875
 20
44.675
 10
25.246364807840237
 20
44.693117333157176
 10
25.23937177826491
 20
44.709999999999994
 10
25.22824747468306
 20
44.724497474683055
 10
25.21375
 20
44.73562177826491
 10
25.196867333157176
 20
44.74261480784023
 10
25.17875
 20
44.745
 10
25.160632666842826
 20
44.74261480784023
 10
25.14375
 20
44.73562177826491
 10
25.129252525316943
 20
44.724497474683055
 10
25.11812822173509
 20
44.709999999999994
 10
25.111135192159765
 20
44.693117333157176
 10
25.10875
 20
44.675
 10
25.111135192159765
 20
44.65688266684282
 10
25.11812822173509
 20
44.64
 10
25.129252525316943
 20
44.62550252531694
 10
25.14375
 20
44.61437822173509
 10
25.160632666842826
 20
44.60738519215976
 10
25.17875
 20
44.605
 10
25.196867333157176
 20
44.60738519215976
 10
25.21375
 20
44.61437822173509
 10
25.22824747468306
 20
44.62550252531694
 10
25.23937177826491
 20
44.64
 10
25.246364807840237
 20
44.65688266684282
 97
0
 75
0
 76
1
 98
0
  0
HATCH
  5
339
330
17
100
AcDbEntity
  8
Z-ODWODNIENIE
 62
7
420
0
100
AcDbHatch
 10
0.0
 20
0.0
 30
0.0
210
0.0
220
0.0
230
1.0
  2
SOLID
 70
1
 71
0
 91
1
 92
3
 72
0
 73
1
 93
24
 10
13.670000000000002
 20
32.3
 10
13.667614807840236
 20
32.318117333157176
 10
13.660621778264913
 20
32.334999999999994
 10
13.64949747468306
 20
32.349497474683055
 10
13.635000000000002
 20
32.36062177826491
 10
13.618117333157178
 20
32.36761480784023
 10
13.600000000000001
 20
32.37
 10
13.581882666842825
 20
32.36761480784023
 10
13.565000000000001
 20
32.36062177826491
 10
13.550502525316944
 20
32.349497474683055
 10
13.53937822173509
 20
32.334999999999994
 10
13.532385192159767
 20
32.318117333157176
 10
13.530000000000001
 20
32.3
 10
13.532385192159767
 20
32.28188266684282
 10
13.53937822173509
 20
32.265
 10
13.550502525316944
 20
32.25050252531694
 10
13.565000000000001
 20
32.23937822173509
 10
13.581882666842825
 20
32.23238519215976
 10
13.600000000000001
 20
32.23
 10
13.618117333157178
 20
32.23238519215976
 10
13.635000000000002
 20
32.23937822173509
 10
13.64949747468306
 20
32.25050252531694
 10
13.660621778264913
 20
32.265
 10
13.667614807840236
 20
32.28188266684282
 97
0
 75
0
 76
1
 98
0
  0
HATCH
  5
33A
330
17
100
AcDbEntity
  8
Z-ODWODNIENIE
 62
7
420
0
100
AcDbHatch
 10
0.0
 20
0.0
 30
0.0
210
0.0
220
0.0
230
1.0
  2
SOLID
 70
1
 71
0
 91
1
 92
3
 72
0
 73
1
 93
24
 10
7.2700000000000005
 20
35.099999999999994
 10
7.267614807840235
 20
35.11811733315717
 10
7.260621778264911
 20
35.13499999999999
 10
7.249497474683059
 20
35.14949747468305
 10
7.235
 20
35.160621778264904
 10
7.218117333157177
 20
35.16761480784023
 10
7.2
 20
35.169999999999995
 10
7.1818826668428235
 20
35.16761480784023
 10
7.165
 20
35.160621778264904
 10
7.150502525316941
 20
35.14949747468305
 10
7.13937822173509
 20
35.13499999999999
 10
7.132385192159766
 20
35.11811733315717
 10
7.13
 20
35.099999999999994
 10
7.132385192159766
 20
35.081882666842816
 10
7.13937822173509
 20
35.065
 10
7.150502525316941
 20
35.050502525316936
 10
7.165
 20
35.039378221735085
 10
7.1818826668428235
 20
35.03238519215976
 10
7.2
 20
35.029999999999994
 10
7.218117333157177
 20
35.03238519215976
 10
7.235
 20
35.039378221735085
 10
7.249497474683058
 20
35.050502525316936
 10
7.260621778264911
 20
35.065
 10
7.267614807840235
 20
35.081882666842816
 97
0
 75
0
 76
1
 98
0
  0
HATCH
  5
33B
330
17
100
AcDbEntity
  8
Z-ODWODNIENIE
 62
7
420
0
100
AcDbHatch
 10
0.0
 20
0.0
 30
0.0
210
0.0
220
0.0
230
1.0
  2
SOLID
 70
1
 71
0
 91
1
 92
3
 72
0
 73
1
 93
24
 10
19.0075
 20
43.1
 10
19.005114807840236
 20
43.11811733315718
 10
18.99812177826491
 20
43.135
 10
18.986997474683058
 20
43.14949747468306
 10
18.9725
 20
43.16062177826491
 10
18.955617333157175
 20
43.16761480784024
 10
18.9375
 20
43.17
 10
18.919382666842825
 20
43.16761480784024
 10
18.9025
 20
43.16062177826491
 10
18.888002525316942
 20
43.14949747468306
 10
18.87687822173509
 20
43.135
 10
18.869885192159764
 20
43.11811733315718
 10
18.8675
 20
43.1
 10
18.869885192159764
 20
43.08188266684282
 10
18.87687822173509
 20
43.065000000000005
 10
18.888002525316942
 20
43.05050252531694
 10
18.9025
 20
43.03937822173509
 10
18.919382666842825
 20
43.032385192159765
 10
18.9375
 20
43.03
 10
18.955617333157175
 20
43.032385192159765
 10
18.9725
 20
43.03937822173509
 10
18.986997474683058
 20
43.05050252531694
 10
18.99812177826491
 20
43.065000000000005
 10
19.005114807840236
 20
43.08188266684282
 97
0
 75
0
 76
1
 98
0
  0
HATCH
  5
33C
330
17
100
AcDbEntity
  8
Z-ODWODNIENIE
 62
7
420
0
100
AcDbHatch
 10
0.0
 20
0.0
 30
0.0
210
0.0
220
0.0
230
1.0
  2
SOLID
 70
1
 71
0
 91
1
 92
3
 72
0
 73
1
 93
24
 10
25.31375
 20
42.5
 10
25.311364807840235
 20
42.51811733315718
 10
25.30437177826491
 20
42.535
 10
25.293247474683056
 20
42.54949747468306
 10
25.27875
 20
42.56062177826491
 10
25.261867333157173
 20
42.567614807840236
 10
25.24375
 20
42.57
 10
25.225632666842824
 20
42.567614807840236
 10
25.20875
 20
42.56062177826491
 10
25.19425252531694
 20
42.54949747468306
 10
25.18312822173509
 20
42.535
 10
25.176135192159762
 20
42.51811733315718
 10
25.17375
 20
42.5
 10
25.176135192159762
 20
42.48188266684282
 10
25.18312822173509
 20
42.465
 10
25.19425252531694
 20
42.45050252531694
 10
25.20875
 20
42.43937822173509
 10
25.225632666842824
 20
42.432385192159764
 10
25.24375
 20
42.43
 10
25.261867333157173
 20
42.432385192159764
 10
25.27875
 20
42.43937822173509
 10
25.293247474683056
 20
42.45050252531694
 10
25.30437177826491
 20
42.465
 10
25.311364807840235
 20
42.48188266684282
 97
0
 75
0
 76
1
 98
0
  0
HATCH
  5
33D
330
17
100
AcDbEntity
  8
Z-ODWODNIENIE
 62
7
420
0
100
AcDbHatch
 10
0.0
 20
0.0
 30
0.0
210
0.0
220
0.0
230
1.0
  2
SOLID
 70
1
 71
0
 91
1
 92
3
 72
0
 73
1
 93
24
 10
19.27
 20
42.15
 10
19.267614807840236
 20
42.16811733315718
 10
19.26062177826491
 20
42.184999999999995
 10
19.249497474683057
 20
42.19949747468306
 10
19.235
 20
42.21062177826491
 10
19.218117333157174
 20
42.217614807840235
 10
19.2
 20
42.22
 10
19.181882666842824
 20
42.217614807840235
 10
19.165
 20
42.21062177826491
 10
19.15050252531694
 20
42.19949747468306
 10
19.13937822173509
 20
42.184999999999995
 10
19.132385192159763
 20
42.16811733315718
 10
19.13
 20
42.15
 10
19.132385192159763
 20
42.13188266684282
 10
19.13937822173509
 20
42.115
 10
19.15050252531694
 20
42.10050252531694
 10
19.165
 20
42.08937822173509
 10
19.181882666842824
 20
42.08238519215976
 10
19.2
 20
42.08
 10
19.218117333157174
 20
42.08238519215976
 10
19.235
 20
42.08937822173509
 10
19.249497474683057
 20
42.10050252531694
 10
19.26062177826491
 20
42.115
 10
19.267614807840236
 20
42.13188266684282
 97
0
 75
0
 76
1
 98
0
  0
HATCH
  5
33E
330
17
100
AcDbEntity
  8
Z-ODWODNIENIE
 62
7
420
0
100
AcDbHatch
 10
0.0
 20
0.0
 30
0.0
210
0.0
220
0.0
230
1.0
  2
SOLID
 70
1
 71
0
 91
1
 92
3
 72
0
 73
1
 93
24
 10
23.1575
 20
49.6
 10
23.155114807840235
 20
49.61811733315718
 10
23.14812177826491
 20
49.635
 10
23.136997474683056
 20
49.64949747468306
 10
23.1225
 20
49.66062177826491
 10
23.105617333157173
 20
49.66761480784024
 10
23.0875
 20
49.67
 10
23.069382666842824
 20
49.66761480784024
 10
23.0525
 20
49.66062177826491
 10
23.03800252531694
 20
49.64949747468306
 10
23.02687822173509
 20
49.635
 10
23.019885192159762
 20
49.61811733315718
 10
23.0175
 20
49.6
 10
23.019885192159762
 20
49.58188266684282
 10
23.02687822173509
 20
49.565000000000005
 10
23.03800252531694
 20
49.55050252531694
 10
23.0525
 20
49.53937822173509
 10
23.069382666842824
 20
49.532385192159765
 10
23.0875
 20
49.53
 10
23.105617333157173
 20
49.532385192159765
 10
23.1225
 20
49.53937822173509
 10
23.136997474683056
 20
49.55050252531694
 10
23.14812177826491
 20
49.565000000000005
 10
23.155114807840235
 20
49.58188266684282
 97
0
 75
0
 76
1
 98
0
  0
HATCH
  5
33F
330
17
100
AcDbEntity
  8
Z-ODWODNIENIE
 62
7
420
0
100
AcDbHatch
 10
0.0
 20
0.0
 30
0.0
210
0.0
220
0.0
230
1.0
  2
SOLID
 70
1
 71
0
 91
1
 92
3
 72
0
 73
1
 93
24
 10
6.87
 20
38.18875
 10
6.867614807840234
 20
38.20686733315718
 10
6.86062177826491
 20
38.223749999999995
 10
6.849497474683059
 20
38.23824747468306
 10
6.835
 20
38.24937177826491
 10
6.8181173331571765
 20
38.256364807840235
 10
6.8
 20
38.25875
 10
6.781882666842823
 20
38.256364807840235
 10
6.765
 20
38.24937177826491
 10
6.750502525316941
 20
38.23824747468306
 10
6.739378221735089
 20
38.223749999999995
 10
6.732385192159765
 20
38.20686733315718
 10
6.7299999999999995
 20
38.18875
 10
6.732385192159765
 20
38.17063266684282
 10
6.739378221735089
 20
38.15375
 10
6.750502525316941
 20
38.13925252531694
 10
6.765
 20
38.12812822173509
 10
6.781882666842823
 20
38.12113519215976
 10
6.8
 20
38.11875
 10
6.8181173331571765
 20
38.12113519215976
 10
6.835
 20
38.12812822173509
 10
6.849497474683058
 20
38.13925252531694
 10
6.86062177826491
 20
38.15375
 10
6.867614807840234
 20
38.17063266684282
 97
0
 75
0
 76
1
 98
0
  0
HATCH
  5
340
330
17
100
AcDbEntity
  8
Z-ODWODNIENIE
 62
7
420
0
100
AcDbHatch
 10
0.0
 20
0.0
 30
0.0
210
0.0
220
0.0
230
1.0
  2
SOLID
 70
1
 71
0
 91
1
 92
3
 72
0
 73
1
 93
24
 10
7.54291677290499
 20
44.05
 10
7.540531580745224
 20
44.068117333157176
 10
7.5335385511699
 20
44.084999999999994
 10
7.522414247588048
 20
44.099497474683055
 10
7.50791677290499
 20
44.11062177826491
 10
7.491034106062166
 20
44.11761480784023
 10
7.4729167729049895
 20
44.12
 10
7.454799439747813
 20
44.11761480784023
 10
7.437916772904989
 20
44.11062177826491
 10
7.423419298221932
 20
44.099497474683055
 10
7.412294994640079
 20
44.084999999999994
 10
7.405301965064755
 20
44.068117333157176
 10
7.402916772904989
 20
44.05
 10
7.405301965064755
 20
44.03188266684282
 10
7.412294994640079
 20
44.015
 10
7.423419298221931
 20
44.00050252531694
 10
7.437916772904989
 20
43.98937822173509
 10
7.454799439747813
 20
43.98238519215976
 10
7.4729167729049895
 20
43.98
 10
7.491034106062166
 20
43.98238519215976
 10
7.50791677290499
 20
43.98937822173509
 10
7.522414247588047
 20
44.00050252531694
 10
7.5335385511699
 20
44.015
 10
7.540531580745224
 20
44.03188266684282
 97
0
 75
0
 76
1
 98
0
  0
HATCH
  5
341
330
17
100
AcDbEntity
  8
Z-ODWODNIENIE
 62
7
420
0
100
AcDbHatch
 10
0.0
 20
0.0
 30
0.0
210
0.0
220
0.0
230
1.0
  2
SOLID
 70
1
 71
0
 91
1
 92
3
 72
0
 73
1
 93
24
 10
28.67
 20
35.76148351928655
 10
28.667614807840238
 20
35.77960085244373
 10
28.66062177826491
 20
35.79648351928655
 10
28.64949747468306
 20
35.81098099396961
 10
28.635
 20
35.82210529755146
 10
28.618117333157176
 20
35.829098327126786
 10
28.6
 20
35.83148351928655
 10
28.581882666842827
 20
35.829098327126786
 10
28.565
 20
35.82210529755146
 10
28.550502525316944
 20
35.81098099396961
 10
28.53937822173509
 20
35.79648351928655
 10
28.532385192159765
 20
35.77960085244373
 10
28.53
 20
35.76148351928655
 10
28.532385192159765
 20
35.74336618612937
 10
28.53937822173509
 20
35.72648351928655
 10
28.550502525316944
 20
35.71198604460349
 10
28.565
 20
35.70086174102164
 10
28.581882666842827
 20
35.693868711446314
 10
28.6
 20
35.69148351928655
 10
28.618117333157176
 20
35.693868711446314
 10
28.635
 20
35.70086174102164
 10
28.64949747468306
 20
35.71198604460349
 10
28.66062177826491
 20
35.72648351928655
 10
28.667614807840238
 20
35.74336618612937
 97
0
 75
0
 76
1
 98
0
  0
HATCH
  5
342
330
17
100
AcDbEntity
  8
Z-ODWODNIENIE
 62
7
420
0
100
AcDbHatch
 10
0.0
 20
0.0
 30
0.0
210
0.0
220
0.0
230
1.0
  2
SOLID
 70
1
 71
0
 91
1
 92
3
 72
0
 73
1
 93
24
 10
26.52
 20
38.1
 10
26.517614807840236
 20
38.11811733315718
 10
26.51062177826491
 20
38.135
 10
26.499497474683057
 20
38.14949747468306
 10
26.485
 20
38.16062177826491
 10
26.468117333157174
 20
38.16761480784024
 10
26.45
 20
38.17
 10
26.431882666842824
 20
38.16761480784024
 10
26.415
 20
38.16062177826491
 10
26.40050252531694
 20
38.14949747468306
 10
26.38937822173509
 20
38.135
 10
26.382385192159763
 20
38.11811733315718
 10
26.38
 20
38.1
 10
26.382385192159763
 20
38.08188266684282
 10
26.38937822173509
 20
38.065000000000005
 10
26.40050252531694
 20
38.05050252531694
 10
26.415
 20
38.03937822173509
 10
26.431882666842824
 20
38.032385192159765
 10
26.45
 20
38.03
 10
26.468117333157174
 20
38.032385192159765
 10
26.485
 20
38.03937822173509
 10
26.499497474683057
 20
38.05050252531694
 10
26.51062177826491
 20
38.065000000000005
 10
26.517614807840236
 20
38.08188266684282
 97
0
 75
0
 76
1
 98
0
  0
HATCH
  5
343
330
17
100
AcDbEntity
  8
Z-ODWODNIENIE
 62
7
420
0
100
AcDbHatch
 10
0.0
 20
0.0
 30
0.0
210
0.0
220
0.0
230
1.0
  2
SOLID
 70
1
 71
0
 91
1
 92
3
 72
0
 73
1
 93
24
 10
20.065
 20
32.25
 10
20.062614807840237
 20
32.26811733315718
 10
20.05562177826491
 20
32.285
 10
20.04449747468306
 20
32.29949747468306
 10
20.03
 20
32.31062177826491
 10
20.013117333157176
 20
32.317614807840236
 10
19.995
 20
32.32
 10
19.976882666842826
 20
32.317614807840236
 10
19.96
 20
32.31062177826491
 10
19.945502525316943
 20
32.29949747468306
 10
19.93437822173509
 20
32.285
 10
19.927385192159765
 20
32.26811733315718
 10
19.925
 20
32.25
 10
19.927385192159765
 20
32.23188266684282
 10
19.93437822173509
 20
32.215
 10
19.945502525316943
 20
32.20050252531694
 10
19.96
 20
32.18937822173509
 10
19.976882666842826
 20
32.182385192159764
 10
19.995
 20
32.18
 10
20.013117333157176
 20
32.182385192159764
 10
20.03
 20
32.18937822173509
 10
20.04449747468306
 20
32.20050252531694
 10
20.05562177826491
 20
32.215
 10
20.062614807840237
 20
32.23188266684282
 97
0
 75
0
 76
1
 98
0
  0
HATCH
  5
344
330
17
100
AcDbEntity
  8
Z-ODWODNIENIE
 62
7
420
0
100
AcDbHatch
 10
0.0
 20
0.0
 30
0.0
210
0.0
220
0.0
230
1.0
  2
SOLID
 70
1
 71
0
 91
1
 92
3
 72
0
 73
1
 93
3
 10
21.52865427318801
 20
44.7875
 10
21.429433595592208
 20
45.297946135392785
 10
21.627874950783813
 20
45.297946135392785
 97
0
 75
0
 76
1
 98
0
  0
HATCH
  5
345
330
17
100
AcDbEntity
  8
Z-ODWODNIENIE
 62
7
420
0
100
AcDbHatch
 10
0.0
 20
0.0
 30
0.0
210
0.0
220
0.0
230
1.0
  2
SOLID
 70
1
 71
0
 91
1
 92
3
 72
0
 73
1
 93
3
 10
5.782103440577022
 20
4.779964933588012
 10
6.071833478521637
 20
5.211771030247857
 10
6.212493864828259
 20
5.0717937921898315
 97
0
 75
0
 76
1
 98
0
  0
HATCH
  5
346
330
17
100
AcDbEntity
  8
Z-ODWODNIENIE
 62
7
420
0
100
AcDbHatch
 10
0.0
 20
0.0
 30
0.0
210
0.0
220
0.0
230
1.0
  2
SOLID
 70
1
 71
0
 91
1
 92
3
 72
0
 73
1
 93
3
 10
5.804011453827368
 20
12.920541024003168
 10
6.1180983418031065
 20
13.33496764814997
 10
6.250474691182091
 20
13.187131679673506
 97
0
 75
0
 76
1
 98
0
  0
HATCH
  5
347
330
17
100
AcDbEntity
  8
Z-ODWODNIENIE
 62
7
420
0
100
AcDbHatch
 10
0.0
 20
0.0
 30
0.0
210
0.0
220
0.0
230
1.0
  2
SOLID
 70
1
 71
0
 91
1
 92
3
 72
0
 73
1
 93
3
 10
14.592354660011647
 20
5.658676034249934
 10
14.767082743896786
 20
6.148441382862745
 10
14.93782904714634
 20
6.047324265731705
 97
0
 75
0
 76
1
 98
0
  0
HATCH
  5
348
330
17
100
AcDbEntity
  8
Z-ODWODNIENIE
 62
7
420
0
100
AcDbHatch
 10
0.0
 20
0.0
 30
0.0
210
0.0
220
0.0
230
1.0
  2
SOLID
 70
1
 71
0
 91
1
 92
3
 72
0
 73
1
 93
3
 10
16.183949253115724
 20
22.347186743248773
 10
16.09498984989024
 20
22.859520837934816
 10
16.293391260634323
 20
22.855539422980375
 97
0
 75
0
 76
1
 98
0
  0
HATCH
  5
349
330
17
100
AcDbEntity
  8
Z-ODWODNIENIE
 62
7
420
0
100
AcDbHatch
 10
0.0
 20
0.0
 30
0.0
210
0.0
220
0.0
230
1.0
  2
SOLID
 70
1
 71
0
 91
1
 92
3
 72
0
 73
1
 93
3
 10
24.61709826489365
 20
2.520636308849546
 10
24.921065899451104
 20
2.942541128852288
 10
25.05698047533316
 20
2.797951366029734
 97
0
 75
0
 76
1
 98
0
  0
HATCH
  5
34A
330
17
100
AcDbEntity
  8
Z-ODWODNIENIE
 62
7
420
0
100
AcDbHatch
 10
0.0
 20
0.0
 30
0.0
210
0.0
220
0.0
230
1.0
  2
SOLID
 70
1
 71
0
 91
1
 92
3
 72
0
 73
1
 93
3
 10
23.215095834727666
 20
15.501704252439046
 10
23.735094094175476
 20
15.500358826391825
 10
23.696725819822266
 20
15.305662018576601
 97
0
 75
0
 76
1
 98
0
  0
HATCH
  5
34B
330
17
100
AcDbEntity
  8
Z-ODWODNIENIE
 62
7
420
0
100
AcDbHatch
 10
0.0
 20
0.0
 30
0.0
210
0.0
220
0.0
230
1.0
  2
SOLID
 70
1
 71
0
 91
1
 92
3
 72
0
 73
1
 93
3
 10
26.106932771542695
 20
23.46427311170274
 10
25.68494524458712
 20
23.768125916682255
 10
25.829498013894163
 20
23.90407983658141
 97
0
 75
0
 76
1
 98
0
  0
LWPOLYLINE
  5
34C
330
17
100
AcDbEntity
  8
Z-ODWODNIENIE
370
18
 48
0.2
100
AcDbPolyline
 90
56
 70
0
 10
8.26
 20
15.950000000000003
 10
8.381454545454545
 20
16.050000000000004
 10
8.50290909090909
 20
15.950000000000003
 10
8.624363636363636
 20
16.050000000000004
 10
8.745818181818182
 20
15.950000000000003
 10
8.867272727272727
 20
16.050000000000004
 10
8.988727272727273
 20
15.950000000000003
 10
9.110181818181818
 20
16.050000000000004
 10
9.231636363636364
 20
15.950000000000003
 10
9.35309090909091
 20
16.050000000000004
 10
9.474545454545455
 20
15.950000000000003
 10
9.596
 20
16.050000000000004
 10
9.717454545454546
 20
15.950000000000003
 10
9.838909090909091
 20
16.050000000000004
 10
9.960363636363637
 20
15.950000000000003
 10
10.081818181818182
 20
16.050000000000004
 10
10.203272727272727
 20
15.950000000000003
 10
10.324727272727273
 20
16.050000000000004
 10
10.446181818181818
 20
15.950000000000003
 10
10.567636363636364
 20
16.050000000000004
 10
10.68909090909091
 20
15.950000000000003
 10
10.810545454545455
 20
16.050000000000004
 10
10.931999999999999
 20
15.950000000000003
 10
11.053454545454546
 20
16.050000000000004
 10
11.17490909090909
 20
15.950000000000003
 10
11.296363636363637
 20
16.050000000000004
 10
11.417818181818182
 20
15.950000000000003
 10
11.539272727272728
 20
16.050000000000004
 10
11.660727272727271
 20
15.950000000000003
 10
11.782181818181817
 20
16.050000000000004
 10
11.903636363636362
 20
15.950000000000003
 10
12.025090909090908
 20
16.050000000000004
 10
12.146545454545453
 20
15.950000000000003
 10
12.268
 20
16.050000000000004
 10
12.389454545454544
 20
15.950000000000003
 10
12.510909090909092
 20
16.050000000000004
 10
12.632363636363635
 20
15.950000000000003
 10
12.753818181818183
 20
16.050000000000004
 10
12.875272727272726
 20
15.950000000000003
 10
12.996727272727272
 20
16.050000000000004
 10
13.118181818181817
 20
15.950000000000003
 10
13.239636363636365
 20
16.050000000000004
 10
13.361090909090908
 20
15.950000000000003
 10
13.482545454545455
 20
16.050000000000004
 10
13.604
 20
15.950000000000003
 10
13.725454545454545
 20
16.050000000000004
 10
13.84690909090909
 20
15.950000000000003
 10
13.968363636363636
 20
16.050000000000004
 10
14.089818181818181
 20
15.950000000000003
 10
14.211272727272727
 20
16.050000000000004
 10
14.332727272727272
 20
15.950000000000003
 10
14.45418181818182
 20
16.050000000000004
 10
14.575636363636363
 20
15.950000000000003
 10
14.697090909090909
 20
16.050000000000004
 10
14.818545454545454
 20
15.950000000000003
 10
14.94
 20
16.050000000000004
  0
LWPOLYLINE
  5
34D
330
17
100
AcDbEntity
  8
Z-ODWODNIENIE
370
18
 48
0.2
100
AcDbPolyline
 90
56
 70
0
 10
8.26
 20
16.270000000000003
 10
8.381454545454545
 20
16.370000000000005
 10
8.50290909090909
 20
16.270000000000003
 10
8.624363636363636
 20
16.370000000000005
 10
8.745818181818182
 20
16.270000000000003
 10
8.867272727272727
 20
16.370000000000005
 10
8.988727272727273
 20
16.270000000000003
 10
9.110181818181818
 20
16.370000000000005
 10
9.231636363636364
 20
16.270000000000003
 10
9.35309090909091
 20
16.370000000000005
 10
9.474545454545455
 20
16.270000000000003
 10
9.596
 20
16.370000000000005
 10
9.717454545454546
 20
16.270000000000003
 10
9.838909090909091
 20
16.370000000000005
 10
9.960363636363637
 20
16.270000000000003
 10
10.081818181818182
 20
16.370000000000005
 10
10.203272727272727
 20
16.270000000000003
 10
10.324727272727273
 20
16.370000000000005
 10
10.446181818181818
 20
16.270000000000003
 10
10.567636363636364
 20
16.370000000000005
 10
10.68909090909091
 20
16.270000000000003
 10
10.810545454545455
 20
16.370000000000005
 10
10.931999999999999
 20
16.270000000000003
 10
11.053454545454546
 20
16.370000000000005
 10
11.17490909090909
 20
16.270000000000003
 10
11.296363636363637
 20
16.370000000000005
 10
11.417818181818182
 20
16.270000000000003
 10
11.539272727272728
 20
16.370000000000005
 10
11.660727272727271
 20
16.270000000000003
 10
11.782181818181817
 20
16.370000000000005
 10
11.903636363636362
 20
16.270000000000003
 10
12.025090909090908
 20
16.370000000000005
 10
12.146545454545453
 20
16.270000000000003
 10
12.268
 20
16.370000000000005
 10
12.389454545454544
 20
16.270000000000003
 10
12.510909090909092
 20
16.370000000000005
 10
12.632363636363635
 20
16.270000000000003
 10
12.753818181818183
 20
16.370000000000005
 10
12.875272727272726
 20
16.270000000000003
 10
12.996727272727272
 20
16.370000000000005
 10
13.118181818181817
 20
16.270000000000003
 10
13.239636363636365
 20
16.370000000000005
 10
13.361090909090908
 20
16.270000000000003
 10
13.482545454545455
 20
16.370000000000005
 10
13.604
 20
16.270000000000003
 10
13.725454545454545
 20
16.370000000000005
 10
13.84690909090909
 20
16.270000000000003
 10
13.968363636363636
 20
16.370000000000005
 10
14.089818181818181
 20
16.270000000000003
 10
14.211272727272727
 20
16.370000000000005
 10
14.332727272727272
 20
16.270000000000003
 10
14.45418181818182
 20
16.370000000000005
 10
14.575636363636363
 20
16.270000000000003
 10
14.697090909090909
 20
16.370000000000005
 10
14.818545454545454
 20
16.270000000000003
 10
14.94
 20
16.370000000000005
  0
LWPOLYLINE
  5
34E
330
17
100
AcDbEntity
  8
Z-ODWODNIENIE
370
18
 48
0.2
100
AcDbPolyline
 90
56
 70
0
 10
8.26
 20
16.590000000000003
 10
8.381454545454545
 20
16.690000000000005
 10
8.50290909090909
 20
16.590000000000003
 10
8.624363636363636
 20
16.690000000000005
 10
8.745818181818182
 20
16.590000000000003
 10
8.867272727272727
 20
16.690000000000005
 10
8.988727272727273
 20
16.590000000000003
 10
9.110181818181818
 20
16.690000000000005
 10
9.231636363636364
 20
16.590000000000003
 10
9.35309090909091
 20
16.690000000000005
 10
9.474545454545455
 20
16.590000000000003
 10
9.596
 20
16.690000000000005
 10
9.717454545454546
 20
16.590000000000003
 10
9.838909090909091
 20
16.690000000000005
 10
9.960363636363637
 20
16.590000000000003
 10
10.081818181818182
 20
16.690000000000005
 10
10.203272727272727
 20
16.590000000000003
 10
10.324727272727273
 20
16.690000000000005
 10
10.446181818181818
 20
16.590000000000003
 10
10.567636363636364
 20
16.690000000000005
 10
10.68909090909091
 20
16.590000000000003
 10
10.810545454545455
 20
16.690000000000005
 10
10.931999999999999
 20
16.590000000000003
 10
11.053454545454546
 20
16.690000000000005
 10
11.17490909090909
 20
16.590000000000003
 10
11.296363636363637
 20
16.690000000000005
 10
11.417818181818182
 20
16.590000000000003
 10
11.539272727272728
 20
16.690000000000005
 10
11.660727272727271
 20
16.590000000000003
 10
11.782181818181817
 20
16.690000000000005
 10
11.903636363636362
 20
16.590000000000003
 10
12.025090909090908
 20
16.690000000000005
 10
12.146545454545453
 20
16.590000000000003
 10
12.268
 20
16.690000000000005
 10
12.389454545454544
 20
16.590000000000003
 10
12.510909090909092
 20
16.690000000000005
 10
12.632363636363635
 20
16.590000000000003
 10
12.753818181818183
 20
16.690000000000005
 10
12.875272727272726
 20
16.590000000000003
 10
12.996727272727272
 20
16.690000000000005
 10
13.118181818181817
 20
16.590000000000003
 10
13.239636363636365
 20
16.690000000000005
 10
13.361090909090908
 20
16.590000000000003
 10
13.482545454545455
 20
16.690000000000005
 10
13.604
 20
16.590000000000003
 10
13.725454545454545
 20
16.690000000000005
 10
13.84690909090909
 20
16.590000000000003
 10
13.968363636363636
 20
16.690000000000005
 10
14.089818181818181
 20
16.590000000000003
 10
14.211272727272727
 20
16.690000000000005
 10
14.332727272727272
 20
16.590000000000003
 10
14.45418181818182
 20
16.690000000000005
 10
14.575636363636363
 20
16.590000000000003
 10
14.697090909090909
 20
16.690000000000005
 10
14.818545454545454
 20
16.590000000000003
 10
14.94
 20
16.690000000000005
  0
LWPOLYLINE
  5
34F
330
17
100
AcDbEntity
  8
Z-ODWODNIENIE
370
18
 48
0.2
100
AcDbPolyline
 90
56
 70
0
 10
8.26
 20
16.910000000000004
 10
8.381454545454545
 20
17.010000000000005
 10
8.50290909090909
 20
16.910000000000004
 10
8.624363636363636
 20
17.010000000000005
 10
8.745818181818182
 20
16.910000000000004
 10
8.867272727272727
 20
17.010000000000005
 10
8.988727272727273
 20
16.910000000000004
 10
9.110181818181818
 20
17.010000000000005
 10
9.231636363636364
 20
16.910000000000004
 10
9.35309090909091
 20
17.010000000000005
 10
9.474545454545455
 20
16.910000000000004
 10
9.596
 20
17.010000000000005
 10
9.717454545454546
 20
16.910000000000004
 10
9.838909090909091
 20
17.010000000000005
 10
9.960363636363637
 20
16.910000000000004
 10
10.081818181818182
 20
17.010000000000005
 10
10.203272727272727
 20
16.910000000000004
 10
10.324727272727273
 20
17.010000000000005
 10
10.446181818181818
 20
16.910000000000004
 10
10.567636363636364
 20
17.010000000000005
 10
10.68909090909091
 20
16.910000000000004
 10
10.810545454545455
 20
17.010000000000005
 10
10.931999999999999
 20
16.910000000000004
 10
11.053454545454546
 20
17.010000000000005
 10
11.17490909090909
 20
16.910000000000004
 10
11.296363636363637
 20
17.010000000000005
 10
11.417818181818182
 20
16.910000000000004
 10
11.539272727272728
 20
17.010000000000005
 10
11.660727272727271
 20
16.910000000000004
 10
11.782181818181817
 20
17.010000000000005
 10
11.903636363636362
 20
16.910000000000004
 10
12.025090909090908
 20
17.010000000000005
 10
12.146545454545453
 20
16.910000000000004
 10
12.268
 20
17.010000000000005
 10
12.389454545454544
 20
16.910000000000004
 10
12.510909090909092
 20
17.010000000000005
 10
12.632363636363635
 20
16.910000000000004
 10
12.753818181818183
 20
17.010000000000005
 10
12.875272727272726
 20
16.910000000000004
 10
12.996727272727272
 20
17.010000000000005
 10
13.118181818181817
 20
16.910000000000004
 10
13.239636363636365
 20
17.010000000000005
 10
13.361090909090908
 20
16.910000000000004
 10
13.482545454545455
 20
17.010000000000005
 10
13.604
 20
16.910000000000004
 10
13.725454545454545
 20
17.010000000000005
 10
13.84690909090909
 20
16.910000000000004
 10
13.968363636363636
 20
17.010000000000005
 10
14.089818181818181
 20
16.910000000000004
 10
14.211272727272727
 20
17.010000000000005
 10
14.332727272727272
 20
16.910000000000004
 10
14.45418181818182
 20
17.010000000000005
 10
14.575636363636363
 20
16.910000000000004
 10
14.697090909090909
 20
17.010000000000005
 10
14.818545454545454
 20
16.910000000000004
 10
14.94
 20
17.010000000000005
  0
LWPOLYLINE
  5
350
330
17
100
AcDbEntity
  8
Z-ODWODNIENIE
370
18
 48
0.2
100
AcDbPolyline
 90
56
 70
0
 10
8.26
 20
17.230000000000004
 10
8.381454545454545
 20
17.330000000000005
 10
8.50290909090909
 20
17.230000000000004
 10
8.624363636363636
 20
17.330000000000005
 10
8.745818181818182
 20
17.230000000000004
 10
8.867272727272727
 20
17.330000000000005
 10
8.988727272727273
 20
17.230000000000004
 10
9.110181818181818
 20
17.330000000000005
 10
9.231636363636364
 20
17.230000000000004
 10
9.35309090909091
 20
17.330000000000005
 10
9.474545454545455
 20
17.230000000000004
 10
9.596
 20
17.330000000000005
 10
9.717454545454546
 20
17.230000000000004
 10
9.838909090909091
 20
17.330000000000005
 10
9.960363636363637
 20
17.230000000000004
 10
10.081818181818182
 20
17.330000000000005
 10
10.203272727272727
 20
17.230000000000004
 10
10.324727272727273
 20
17.330000000000005
 10
10.446181818181818
 20
17.230000000000004
 10
10.567636363636364
 20
17.330000000000005
 10
10.68909090909091
 20
17.230000000000004
 10
10.810545454545455
 20
17.330000000000005
 10
10.931999999999999
 20
17.230000000000004
 10
11.053454545454546
 20
17.330000000000005
 10
11.17490909090909
 20
17.230000000000004
 10
11.296363636363637
 20
17.330000000000005
 10
11.417818181818182
 20
17.230000000000004
 10
11.539272727272728
 20
17.330000000000005
 10
11.660727272727271
 20
17.230000000000004
 10
11.782181818181817
 20
17.330000000000005
 10
11.903636363636362
 20
17.230000000000004
 10
12.025090909090908
 20
17.330000000000005
 10
12.146545454545453
 20
17.230000000000004
 10
12.268
 20
17.330000000000005
 10
12.389454545454544
 20
17.230000000000004
 10
12.510909090909092
 20
17.330000000000005
 10
12.632363636363635
 20
17.230000000000004
 10
12.753818181818183
 20
17.330000000000005
 10
12.875272727272726
 20
17.230000000000004
 10
12.996727272727272
 20
17.330000000000005
 10
13.118181818181817
 20
17.230000000000004
 10
13.239636363636365
 20
17.330000000000005
 10
13.361090909090908
 20
17.230000000000004
 10
13.482545454545455
 20
17.330000000000005
 10
13.604
 20
17.230000000000004
 10
13.725454545454545
 20
17.330000000000005
 10
13.84690909090909
 20
17.230000000000004
 10
13.968363636363636
 20
17.330000000000005
 10
14.089818181818181
 20
17.230000000000004
 10
14.211272727272727
 20
17.330000000000005
 10
14.332727272727272
 20
17.230000000000004
 10
14.45418181818182
 20
17.330000000000005
 10
14.575636363636363
 20
17.230000000000004
 10
14.697090909090909
 20
17.330000000000005
 10
14.818545454545454
 20
17.230000000000004
 10
14.94
 20
17.330000000000005
  0
LWPOLYLINE
  5
351
330
17
100
AcDbEntity
  8
Z-ODWODNIENIE
370
18
 48
0.2
100
AcDbPolyline
 90
56
 70
0
 10
8.26
 20
17.550000000000004
 10
8.381454545454545
 20
17.650000000000006
 10
8.50290909090909
 20
17.550000000000004
 10
8.624363636363636
 20
17.650000000000006
 10
8.745818181818182
 20
17.550000000000004
 10
8.867272727272727
 20
17.650000000000006
 10
8.988727272727273
 20
17.550000000000004
 10
9.110181818181818
 20
17.650000000000006
 10
9.231636363636364
 20
17.550000000000004
 10
9.35309090909091
 20
17.650000000000006
 10
9.474545454545455
 20
17.550000000000004
 10
9.596
 20
17.650000000000006
 10
9.717454545454546
 20
17.550000000000004
 10
9.838909090909091
 20
17.650000000000006
 10
9.960363636363637
 20
17.550000000000004
 10
10.081818181818182
 20
17.650000000000006
 10
10.203272727272727
 20
17.550000000000004
 10
10.324727272727273
 20
17.650000000000006
 10
10.446181818181818
 20
17.550000000000004
 10
10.567636363636364
 20
17.650000000000006
 10
10.68909090909091
 20
17.550000000000004
 10
10.810545454545455
 20
17.650000000000006
 10
10.931999999999999
 20
17.550000000000004
 10
11.053454545454546
 20
17.650000000000006
 10
11.17490909090909
 20
17.550000000000004
 10
11.296363636363637
 20
17.650000000000006
 10
11.417818181818182
 20
17.550000000000004
 10
11.539272727272728
 20
17.650000000000006
 10
11.660727272727271
 20
17.550000000000004
 10
11.782181818181817
 20
17.650000000000006
 10
11.903636363636362
 20
17.550000000000004
 10
12.025090909090908
 20
17.650000000000006
 10
12.146545454545453
 20
17.550000000000004
 10
12.268
 20
17.650000000000006
 10
12.389454545454544
 20
17.550000000000004
 10
12.510909090909092
 20
17.650000000000006
 10
12.632363636363635
 20
17.550000000000004
 10
12.753818181818183
 20
17.650000000000006
 10
12.875272727272726
 20
17.550000000000004
 10
12.996727272727272
 20
17.650000000000006
 10
13.118181818181817
 20
17.550000000000004
 10
13.239636363636365
 20
17.650000000000006
 10
13.361090909090908
 20
17.550000000000004
 10
13.482545454545455
 20
17.650000000000006
 10
13.604
 20
17.550000000000004
 10
13.725454545454545
 20
17.650000000000006
 10
13.84690909090909
 20
17.550000000000004
 10
13.968363636363636
 20
17.650000000000006
 10
14.089818181818181
 20
17.550000000000004
 10
14.211272727272727
 20
17.650000000000006
 10
14.332727272727272
 20
17.550000000000004
 10
14.45418181818182
 20
17.650000000000006
 10
14.575636363636363
 20
17.550000000000004
 10
14.697090909090909
 20
17.650000000000006
 10
14.818545454545454
 20
17.550000000000004
 10
14.94
 20
17.650000000000006
  0
LWPOLYLINE
  5
352
330
17
100
AcDbEntity
  8
Z-ODWODNIENIE
370
18
 48
0.2
100
AcDbPolyline
 90
56
 70
0
 10
8.26
 20
17.87
 10
8.381454545454545
 20
17.970000000000002
 10
8.50290909090909
 20
17.87
 10
8.624363636363636
 20
17.970000000000002
 10
8.745818181818182
 20
17.87
 10
8.867272727272727
 20
17.970000000000002
 10
8.988727272727273
 20
17.87
 10
9.110181818181818
 20
17.970000000000002
 10
9.231636363636364
 20
17.87
 10
9.35309090909091
 20
17.970000000000002
 10
9.474545454545455
 20
17.87
 10
9.596
 20
17.970000000000002
 10
9.717454545454546
 20
17.87
 10
9.838909090909091
 20
17.970000000000002
 10
9.960363636363637
 20
17.87
 10
10.081818181818182
 20
17.970000000000002
 10
10.203272727272727
 20
17.87
 10
10.324727272727273
 20
17.970000000000002
 10
10.446181818181818
 20
17.87
 10
10.567636363636364
 20
17.970000000000002
 10
10.68909090909091
 20
17.87
 10
10.810545454545455
 20
17.970000000000002
 10
10.931999999999999
 20
17.87
 10
11.053454545454546
 20
17.970000000000002
 10
11.17490909090909
 20
17.87
 10
11.296363636363637
 20
17.970000000000002
 10
11.417818181818182
 20
17.87
 10
11.539272727272728
 20
17.970000000000002
 10
11.660727272727271
 20
17.87
 10
11.782181818181817
 20
17.970000000000002
 10
11.903636363636362
 20
17.87
 10
12.025090909090908
 20
17.970000000000002
 10
12.146545454545453
 20
17.87
 10
12.268
 20
17.970000000000002
 10
12.389454545454544
 20
17.87
 10
12.510909090909092
 20
17.970000000000002
 10
12.632363636363635
 20
17.87
 10
12.753818181818183
 20
17.970000000000002
 10
12.875272727272726
 20
17.87
 10
12.996727272727272
 20
17.970000000000002
 10
13.118181818181817
 20
17.87
 10
13.239636363636365
 20
17.970000000000002
 10
13.361090909090908
 20
17.87
 10
13.482545454545455
 20
17.970000000000002
 10
13.604
 20
17.87
 10
13.725454545454545
 20
17.970000000000002
 10
13.84690909090909
 20
17.87
 10
13.968363636363636
 20
17.970000000000002
 10
14.089818181818181
 20
17.87
 10
14.211272727272727
 20
17.970000000000002
 10
14.332727272727272
 20
17.87
 10
14.45418181818182
 20
17.970000000000002
 10
14.575636363636363
 20
17.87
 10
14.697090909090909
 20
17.970000000000002
 10
14.818545454545454
 20
17.87
 10
14.94
 20
17.970000000000002
  0
LWPOLYLINE
  5
353
330
17
100
AcDbEntity
  8
Z-ODWODNIENIE
370
18
 48
0.2
100
AcDbPolyline
 90
56
 70
0
 10
8.26
 20
18.19
 10
8.381454545454545
 20
18.290000000000003
 10
8.50290909090909
 20
18.19
 10
8.624363636363636
 20
18.290000000000003
 10
8.745818181818182
 20
18.19
 10
8.867272727272727
 20
18.290000000000003
 10
8.988727272727273
 20
18.19
 10
9.110181818181818
 20
18.290000000000003
 10
9.231636363636364
 20
18.19
 10
9.35309090909091
 20
18.290000000000003
 10
9.474545454545455
 20
18.19
 10
9.596
 20
18.290000000000003
 10
9.717454545454546
 20
18.19
 10
9.838909090909091
 20
18.290000000000003
 10
9.960363636363637
 20
18.19
 10
10.081818181818182
 20
18.290000000000003
 10
10.203272727272727
 20
18.19
 10
10.324727272727273
 20
18.290000000000003
 10
10.446181818181818
 20
18.19
 10
10.567636363636364
 20
18.290000000000003
 10
10.68909090909091
 20
18.19
 10
10.810545454545455
 20
18.290000000000003
 10
10.931999999999999
 20
18.19
 10
11.053454545454546
 20
18.290000000000003
 10
11.17490909090909
 20
18.19
 10
11.296363636363637
 20
18.290000000000003
 10
11.417818181818182
 20
18.19
 10
11.539272727272728
 20
18.290000000000003
 10
11.660727272727271
 20
18.19
 10
11.782181818181817
 20
18.290000000000003
 10
11.903636363636362
 20
18.19
 10
12.025090909090908
 20
18.290000000000003
 10
12.146545454545453
 20
18.19
 10
12.268
 20
18.290000000000003
 10
12.389454545454544
 20
18.19
 10
12.510909090909092
 20
18.290000000000003
 10
12.632363636363635
 20
18.19
 10
12.753818181818183
 20
18.290000000000003
 10
12.875272727272726
 20
18.19
 10
12.996727272727272
 20
18.290000000000003
 10
13.118181818181817
 20
18.19
 10
13.239636363636365
 20
18.290000000000003
 10
13.361090909090908
 20
18.19
 10
13.482545454545455
 20
18.290000000000003
 10
13.604
 20
18.19
 10
13.725454545454545
 20
18.290000000000003
 10
13.84690909090909
 20
18.19
 10
13.968363636363636
 20
18.290000000000003
 10
14.089818181818181
 20
18.19
 10
14.211272727272727
 20
18.290000000000003
 10
14.332727272727272
 20
18.19
 10
14.45418181818182
 20
18.290000000000003
 10
14.575636363636363
 20
18.19
 10
14.697090909090909
 20
18.290000000000003
 10
14.818545454545454
 20
18.19
 10
14.94
 20
18.290000000000003
  0
LWPOLYLINE
  5
354
330
17
100
AcDbEntity
  8
Z-ODWODNIENIE
370
18
 48
0.2
100
AcDbPolyline
 90
56
 70
0
 10
8.26
 20
18.51
 10
8.381454545454545
 20
18.610000000000003
 10
8.50290909090909
 20
18.51
 10
8.624363636363636
 20
18.610000000000003
 10
8.745818181818182
 20
18.51
 10
8.867272727272727
 20
18.610000000000003
 10
8.988727272727273
 20
18.51
 10
9.110181818181818
 20
18.610000000000003
 10
9.231636363636364
 20
18.51
 10
9.35309090909091
 20
18.610000000000003
 10
9.474545454545455
 20
18.51
 10
9.596
 20
18.610000000000003
 10
9.717454545454546
 20
18.51
 10
9.838909090909091
 20
18.610000000000003
 10
9.960363636363637
 20
18.51
 10
10.081818181818182
 20
18.610000000000003
 10
10.203272727272727
 20
18.51
 10
10.324727272727273
 20
18.610000000000003
 10
10.446181818181818
 20
18.51
 10
10.567636363636364
 20
18.610000000000003
 10
10.68909090909091
 20
18.51
 10
10.810545454545455
 20
18.610000000000003
 10
10.931999999999999
 20
18.51
 10
11.053454545454546
 20
18.610000000000003
 10
11.17490909090909
 20
18.51
 10
11.296363636363637
 20
18.610000000000003
 10
11.417818181818182
 20
18.51
 10
11.539272727272728
 20
18.610000000000003
 10
11.660727272727271
 20
18.51
 10
11.782181818181817
 20
18.610000000000003
 10
11.903636363636362
 20
18.51
 10
12.025090909090908
 20
18.610000000000003
 10
12.146545454545453
 20
18.51
 10
12.268
 20
18.610000000000003
 10
12.389454545454544
 20
18.51
 10
12.510909090909092
 20
18.610000000000003
 10
12.632363636363635
 20
18.51
 10
12.753818181818183
 20
18.610000000000003
 10
12.875272727272726
 20
18.51
 10
12.996727272727272
 20
18.610000000000003
 10
13.118181818181817
 20
18.51
 10
13.239636363636365
 20
18.610000000000003
 10
13.361090909090908
 20
18.51
 10
13.482545454545455
 20
18.610000000000003
 10
13.604
 20
18.51
 10
13.725454545454545
 20
18.610000000000003
 10
13.84690909090909
 20
18.51
 10
13.968363636363636
 20
18.610000000000003
 10
14.089818181818181
 20
18.51
 10
14.211272727272727
 20
18.610000000000003
 10
14.332727272727272
 20
18.51
 10
14.45418181818182
 20
18.610000000000003
 10
14.575636363636363
 20
18.51
 10
14.697090909090909
 20
18.610000000000003
 10
14.818545454545454
 20
18.51
 10
14.94
 20
18.610000000000003
  0
LWPOLYLINE
  5
355
330
17
100
AcDbEntity
  8
Z-ODWODNIENIE
370
18
 48
0.2
100
AcDbPolyline
 90
56
 70
0
 10
8.26
 20
18.830000000000002
 10
8.381454545454545
 20
18.930000000000003
 10
8.50290909090909
 20
18.830000000000002
 10
8.624363636363636
 20
18.930000000000003
 10
8.745818181818182
 20
18.830000000000002
 10
8.867272727272727
 20
18.930000000000003
 10
8.988727272727273
 20
18.830000000000002
 10
9.110181818181818
 20
18.930000000000003
 10
9.231636363636364
 20
18.830000000000002
 10
9.35309090909091
 20
18.930000000000003
 10
9.474545454545455
 20
18.830000000000002
 10
9.596
 20
18.930000000000003
 10
9.717454545454546
 20
18.830000000000002
 10
9.838909090909091
 20
18.930000000000003
 10
9.960363636363637
 20
18.830000000000002
 10
10.081818181818182
 20
18.930000000000003
 10
10.203272727272727
 20
18.830000000000002
 10
10.324727272727273
 20
18.930000000000003
 10
10.446181818181818
 20
18.830000000000002
 10
10.567636363636364
 20
18.930000000000003
 10
10.68909090909091
 20
18.830000000000002
 10
10.810545454545455
 20
18.930000000000003
 10
10.931999999999999
 20
18.830000000000002
 10
11.053454545454546
 20
18.930000000000003
 10
11.17490909090909
 20
18.830000000000002
 10
11.296363636363637
 20
18.930000000000003
 10
11.417818181818182
 20
18.830000000000002
 10
11.539272727272728
 20
18.930000000000003
 10
11.660727272727271
 20
18.830000000000002
 10
11.782181818181817
 20
18.930000000000003
 10
11.903636363636362
 20
18.830000000000002
 10
12.025090909090908
 20
18.930000000000003
 10
12.146545454545453
 20
18.830000000000002
 10
12.268
 20
18.930000000000003
 10
12.389454545454544
 20
18.830000000000002
 10
12.510909090909092
 20
18.930000000000003
 10
12.632363636363635
 20
18.830000000000002
 10
12.753818181818183
 20
18.930000000000003
 10
12.875272727272726
 20
18.830000000000002
 10
12.996727272727272
 20
18.930000000000003
 10
13.118181818181817
 20
18.830000000000002
 10
13.239636363636365
 20
18.930000000000003
 10
13.361090909090908
 20
18.830000000000002
 10
13.482545454545455
 20
18.930000000000003
 10
13.604
 20
18.830000000000002
 10
13.725454545454545
 20
18.930000000000003
 10
13.84690909090909
 20
18.830000000000002
 10
13.968363636363636
 20
18.930000000000003
 10
14.089818181818181
 20
18.830000000000002
 10
14.211272727272727
 20
18.930000000000003
 10
14.332727272727272
 20
18.830000000000002
 10
14.45418181818182
 20
18.930000000000003
 10
14.575636363636363
 20
18.830000000000002
 10
14.697090909090909
 20
18.930000000000003
 10
14.818545454545454
 20
18.830000000000002
 10
14.94
 20
18.930000000000003
  0
LWPOLYLINE
  5
356
330
17
100
AcDbEntity
  8
Z-ODWODNIENIE
370
18
 48
0.2
100
AcDbPolyline
 90
56
 70
0
 10
8.26
 20
19.150000000000002
 10
8.381454545454545
 20
19.250000000000004
 10
8.50290909090909
 20
19.150000000000002
 10
8.624363636363636
 20
19.250000000000004
 10
8.745818181818182
 20
19.150000000000002
 10
8.867272727272727
 20
19.250000000000004
 10
8.988727272727273
 20
19.150000000000002
 10
9.110181818181818
 20
19.250000000000004
 10
9.231636363636364
 20
19.150000000000002
 10
9.35309090909091
 20
19.250000000000004
 10
9.474545454545455
 20
19.150000000000002
 10
9.596
 20
19.250000000000004
 10
9.717454545454546
 20
19.150000000000002
 10
9.838909090909091
 20
19.250000000000004
 10
9.960363636363637
 20
19.150000000000002
 10
10.081818181818182
 20
19.250000000000004
 10
10.203272727272727
 20
19.150000000000002
 10
10.324727272727273
 20
19.250000000000004
 10
10.446181818181818
 20
19.150000000000002
 10
10.567636363636364
 20
19.250000000000004
 10
10.68909090909091
 20
19.150000000000002
 10
10.810545454545455
 20
19.250000000000004
 10
10.931999999999999
 20
19.150000000000002
 10
11.053454545454546
 20
19.250000000000004
 10
11.17490909090909
 20
19.150000000000002
 10
11.296363636363637
 20
19.250000000000004
 10
11.417818181818182
 20
19.150000000000002
 10
11.539272727272728
 20
19.250000000000004
 10
11.660727272727271
 20
19.150000000000002
 10
11.782181818181817
 20
19.250000000000004
 10
11.903636363636362
 20
19.150000000000002
 10
12.025090909090908
 20
19.250000000000004
 10
12.146545454545453
 20
19.150000000000002
 10
12.268
 20
19.250000000000004
 10
12.389454545454544
 20
19.150000000000002
 10
12.510909090909092
 20
19.250000000000004
 10
12.632363636363635
 20
19.150000000000002
 10
12.753818181818183
 20
19.250000000000004
 10
12.875272727272726
 20
19.150000000000002
 10
12.996727272727272
 20
19.250000000000004
 10
13.118181818181817
 20
19.150000000000002
 10
13.239636363636365
 20
19.250000000000004
 10
13.361090909090908
 20
19.150000000000002
 10
13.482545454545455
 20
19.250000000000004
 10
13.604
 20
19.150000000000002
 10
13.725454545454545
 20
19.250000000000004
 10
13.84690909090909
 20
19.150000000000002
 10
13.968363636363636
 20
19.250000000000004
 10
14.089818181818181
 20
19.150000000000002
 10
14.211272727272727
 20
19.250000000000004
 10
14.332727272727272
 20
19.150000000000002
 10
14.45418181818182
 20
19.250000000000004
 10
14.575636363636363
 20
19.150000000000002
 10
14.697090909090909
 20
19.250000000000004
 10
14.818545454545454
 20
19.150000000000002
 10
14.94
 20
19.250000000000004
  0
LWPOLYLINE
  5
357
330
17
100
AcDbEntity
  8
Z-ODWODNIENIE
370
18
 48
0.2
100
AcDbPolyline
 90
56
 70
0
 10
8.26
 20
19.470000000000002
 10
8.381454545454545
 20
19.570000000000004
 10
8.50290909090909
 20
19.470000000000002
 10
8.624363636363636
 20
19.570000000000004
 10
8.745818181818182
 20
19.470000000000002
 10
8.867272727272727
 20
19.570000000000004
 10
8.988727272727273
 20
19.470000000000002
 10
9.110181818181818
 20
19.570000000000004
 10
9.231636363636364
 20
19.470000000000002
 10
9.35309090909091
 20
19.570000000000004
 10
9.474545454545455
 20
19.470000000000002
 10
9.596
 20
19.570000000000004
 10
9.717454545454546
 20
19.470000000000002
 10
9.838909090909091
 20
19.570000000000004
 10
9.960363636363637
 20
19.470000000000002
 10
10.081818181818182
 20
19.570000000000004
 10
10.203272727272727
 20
19.470000000000002
 10
10.324727272727273
 20
19.570000000000004
 10
10.446181818181818
 20
19.470000000000002
 10
10.567636363636364
 20
19.570000000000004
 10
10.68909090909091
 20
19.470000000000002
 10
10.810545454545455
 20
19.570000000000004
 10
10.931999999999999
 20
19.470000000000002
 10
11.053454545454546
 20
19.570000000000004
 10
11.17490909090909
 20
19.470000000000002
 10
11.296363636363637
 20
19.570000000000004
 10
11.417818181818182
 20
19.470000000000002
 10
11.539272727272728
 20
19.570000000000004
 10
11.660727272727271
 20
19.470000000000002
 10
11.782181818181817
 20
19.570000000000004
 10
11.903636363636362
 20
19.470000000000002
 10
12.025090909090908
 20
19.570000000000004
 10
12.146545454545453
 20
19.470000000000002
 10
12.268
 20
19.570000000000004
 10
12.389454545454544
 20
19.470000000000002
 10
12.510909090909092
 20
19.570000000000004
 10
12.632363636363635
 20
19.470000000000002
 10
12.753818181818183
 20
19.570000000000004
 10
12.875272727272726
 20
19.470000000000002
 10
12.996727272727272
 20
19.570000000000004
 10
13.118181818181817
 20
19.470000000000002
 10
13.239636363636365
 20
19.570000000000004
 10
13.361090909090908
 20
19.470000000000002
 10
13.482545454545455
 20
19.570000000000004
 10
13.604
 20
19.470000000000002
 10
13.725454545454545
 20
19.570000000000004
 10
13.84690909090909
 20
19.470000000000002
 10
13.968363636363636
 20
19.570000000000004
 10
14.089818181818181
 20
19.470000000000002
 10
14.211272727272727
 20
19.570000000000004
 10
14.332727272727272
 20
19.470000000000002
 10
14.45418181818182
 20
19.570000000000004
 10
14.575636363636363
 20
19.470000000000002
 10
14.697090909090909
 20
19.570000000000004
 10
14.818545454545454
 20
19.470000000000002
 10
14.94
 20
19.570000000000004
  0
LWPOLYLINE
  5
358
330
17
100
AcDbEntity
  8
Z-ODWODNIENIE
  6
Continuous
370
50
 48
0.2
100
AcDbPolyline
 90
4
 70
129
 10
8.1
 20
15.7
 10
15.1
 20
15.7
 10
15.1
 20
19.7
 10
8.1
 20
19.7
  0
LWPOLYLINE
  5
359
330
17
100
AcDbEntity
  8
Z-ODWODNIENIE
  6
Continuous
370
50
 48
0.2
100
AcDbPolyline
 90
4
 70
129
 10
12.35
 20
25.25
 10
12.35
 20
26.15
 10
10.85
 20
26.15
 10
10.85
 20
25.25
  0
LWPOLYLINE
  5
35A
330
17
100
AcDbEntity
  8
Z-ODWODNIENIE
370
25
 48
0.2
100
AcDbPolyline
 90
2
 70
0
 10
20.1
 20
44.584999999999994
 10
26.075
 20
44.584999999999994
  0
LWPOLYLINE
  5
35B
330
17
100
AcDbEntity
  8
Z-ODWODNIENIE
370
25
 48
0.2
100
AcDbPolyline
 90
2
 70
0
 10
20.1
 20
44.765
 10
26.075
 20
44.765
  0
LWPOLYLINE
  5
35C
330
17
100
AcDbEntity
  8
Z-ODWODNIENIE
370
18
 48
0.2
100
AcDbPolyline
 90
2
 70
0
 10
20.220000000000002
 20
44.584999999999994
 10
20.220000000000002
 20
44.765
  0
LWPOLYLINE
  5
35D
330
17
100
AcDbEntity
  8
Z-ODWODNIENIE
370
18
 48
0.2
100
AcDbPolyline
 90
2
 70
0
 10
20.42
 20
44.584999999999994
 10
20.42
 20
44.765
  0
LWPOLYLINE
  5
35E
330
17
100
AcDbEntity
  8
Z-ODWODNIENIE
370
18
 48
0.2
100
AcDbPolyline
 90
2
 70
0
 10
20.62
 20
44.584999999999994
 10
20.62
 20
44.765
  0
LWPOLYLINE
  5
35F
330
17
100
AcDbEntity
  8
Z-ODWODNIENIE
370
18
 48
0.2
100
AcDbPolyline
 90
2
 70
0
 10
20.82
 20
44.584999999999994
 10
20.82
 20
44.765
  0
LWPOLYLINE
  5
360
330
17
100
AcDbEntity
  8
Z-ODWODNIENIE
370
18
 48
0.2
100
AcDbPolyline
 90
2
 70
0
 10
21.02
 20
44.584999999999994
 10
21.02
 20
44.765
  0
LWPOLYLINE
  5
361
330
17
100
AcDbEntity
  8
Z-ODWODNIENIE
370
18
 48
0.2
100
AcDbPolyline
 90
2
 70
0
 10
21.220000000000002
 20
44.584999999999994
 10
21.220000000000002
 20
44.765
  0
LWPOLYLINE
  5
362
330
17
100
AcDbEntity
  8
Z-ODWODNIENIE
370
18
 48
0.2
100
AcDbPolyline
 90
2
 70
0
 10
21.42
 20
44.584999999999994
 10
21.42
 20
44.765
  0
LWPOLYLINE
  5
363
330
17
100
AcDbEntity
  8
Z-ODWODNIENIE
370
18
 48
0.2
100
AcDbPolyline
 90
2
 70
0
 10
21.62
 20
44.584999999999994
 10
21.62
 20
44.765
  0
LWPOLYLINE
  5
364
330
17
100
AcDbEntity
  8
Z-ODWODNIENIE
370
18
 48
0.2
100
AcDbPolyline
 90
2
 70
0
 10
21.82
 20
44.584999999999994
 10
21.82
 20
44.765
  0
LWPOLYLINE
  5
365
330
17
100
AcDbEntity
  8
Z-ODWODNIENIE
370
18
 48
0.2
100
AcDbPolyline
 90
2
 70
0
 10
22.02
 20
44.584999999999994
 10
22.02
 20
44.765
  0
LWPOLYLINE
  5
366
330
17
100
AcDbEntity
  8
Z-ODWODNIENIE
370
18
 48
0.2
100
AcDbPolyline
 90
2
 70
0
 10
22.220000000000002
 20
44.584999999999994
 10
22.220000000000002
 20
44.765
  0
LWPOLYLINE
  5
367
330
17
100
AcDbEntity
  8
Z-ODWODNIENIE
370
18
 48
0.2
100
AcDbPolyline
 90
2
 70
0
 10
22.42
 20
44.584999999999994
 10
22.42
 20
44.765
  0
LWPOLYLINE
  5
368
330
17
100
AcDbEntity
  8
Z-ODWODNIENIE
370
18
 48
0.2
100
AcDbPolyline
 90
2
 70
0
 10
22.62
 20
44.584999999999994
 10
22.62
 20
44.765
  0
LWPOLYLINE
  5
369
330
17
100
AcDbEntity
  8
Z-ODWODNIENIE
370
18
 48
0.2
100
AcDbPolyline
 90
2
 70
0
 10
22.82
 20
44.584999999999994
 10
22.82
 20
44.765
  0
LWPOLYLINE
  5
36A
330
17
100
AcDbEntity
  8
Z-ODWODNIENIE
370
18
 48
0.2
100
AcDbPolyline
 90
2
 70
0
 10
23.020000000000003
 20
44.584999999999994
 10
23.020000000000003
 20
44.765
  0
LWPOLYLINE
  5
36B
330
17
100
AcDbEntity
  8
Z-ODWODNIENIE
370
18
 48
0.2
100
AcDbPolyline
 90
2
 70
0
 10
23.220000000000002
 20
44.584999999999994
 10
23.220000000000002
 20
44.765
  0
LWPOLYLINE
  5
36C
330
17
100
AcDbEntity
  8
Z-ODWODNIENIE
370
18
 48
0.2
100
AcDbPolyline
 90
2
 70
0
 10
23.42
 20
44.584999999999994
 10
23.42
 20
44.765
  0
LWPOLYLINE
  5
36D
330
17
100
AcDbEntity
  8
Z-ODWODNIENIE
370
18
 48
0.2
100
AcDbPolyline
 90
2
 70
0
 10
23.62
 20
44.584999999999994
 10
23.62
 20
44.765
  0
LWPOLYLINE
  5
36E
330
17
100
AcDbEntity
  8
Z-ODWODNIENIE
370
18
 48
0.2
100
AcDbPolyline
 90
2
 70
0
 10
23.820000000000004
 20
44.584999999999994
 10
23.820000000000004
 20
44.765
  0
LWPOLYLINE
  5
36F
330
17
100
AcDbEntity
  8
Z-ODWODNIENIE
370
18
 48
0.2
100
AcDbPolyline
 90
2
 70
0
 10
24.020000000000003
 20
44.584999999999994
 10
24.020000000000003
 20
44.765
  0
LWPOLYLINE
  5
370
330
17
100
AcDbEntity
  8
Z-ODWODNIENIE
370
18
 48
0.2
100
AcDbPolyline
 90
2
 70
0
 10
24.220000000000002
 20
44.584999999999994
 10
24.220000000000002
 20
44.765
  0
LWPOLYLINE
  5
371
330
17
100
AcDbEntity
  8
Z-ODWODNIENIE
370
18
 48
0.2
100
AcDbPolyline
 90
2
 70
0
 10
24.42
 20
44.584999999999994
 10
24.42
 20
44.765
  0
LWPOLYLINE
  5
372
330
17
100
AcDbEntity
  8
Z-ODWODNIENIE
370
18
 48
0.2
100
AcDbPolyline
 90
2
 70
0
 10
24.620000000000005
 20
44.584999999999994
 10
24.620000000000005
 20
44.765
  0
LWPOLYLINE
  5
373
330
17
100
AcDbEntity
  8
Z-ODWODNIENIE
370
18
 48
0.2
100
AcDbPolyline
 90
2
 70
0
 10
24.820000000000004
 20
44.584999999999994
 10
24.820000000000004
 20
44.765
  0
LWPOLYLINE
  5
374
330
17
100
AcDbEntity
  8
Z-ODWODNIENIE
370
18
 48
0.2
100
AcDbPolyline
 90
2
 70
0
 10
25.020000000000003
 20
44.584999999999994
 10
25.020000000000003
 20
44.765
  0
LWPOLYLINE
  5
375
330
17
100
AcDbEntity
  8
Z-ODWODNIENIE
370
18
 48
0.2
100
AcDbPolyline
 90
2
 70
0
 10
25.220000000000002
 20
44.584999999999994
 10
25.220000000000002
 20
44.765
  0
LWPOLYLINE
  5
376
330
17
100
AcDbEntity
  8
Z-ODWODNIENIE
370
18
 48
0.2
100
AcDbPolyline
 90
2
 70
0
 10
25.42
 20
44.584999999999994
 10
25.42
 20
44.765
  0
LWPOLYLINE
  5
377
330
17
100
AcDbEntity
  8
Z-ODWODNIENIE
370
18
 48
0.2
100
AcDbPolyline
 90
2
 70
0
 10
25.620000000000005
 20
44.584999999999994
 10
25.620000000000005
 20
44.765
  0
LWPOLYLINE
  5
378
330
17
100
AcDbEntity
  8
Z-ODWODNIENIE
370
18
 48
0.2
100
AcDbPolyline
 90
2
 70
0
 10
25.820000000000004
 20
44.584999999999994
 10
25.820000000000004
 20
44.765
  0
LWPOLYLINE
  5
379
330
17
100
AcDbEntity
  8
Z-ODWODNIENIE
370
18
 48
0.2
100
AcDbPolyline
 90
2
 70
0
 10
26.020000000000003
 20
44.584999999999994
 10
26.020000000000003
 20
44.765
  0
LWPOLYLINE
  5
37A
330
17
100
AcDbEntity
  8
Z-ODWODNIENIE
370
25
 48
0.2
100
AcDbPolyline
 90
2
 70
0
 10
7.9
 20
32.209999999999994
 10
19.3
 20
32.209999999999994
  0
LWPOLYLINE
  5
37B
330
17
100
AcDbEntity
  8
Z-ODWODNIENIE
370
25
 48
0.2
100
AcDbPolyline
 90
2
 70
0
 10
7.9
 20
32.39
 10
19.3
 20
32.39
  0
LWPOLYLINE
  5
37C
330
17
100
AcDbEntity
  8
Z-ODWODNIENIE
370
18
 48
0.2
100
AcDbPolyline
 90
2
 70
0
 10
8.02
 20
32.209999999999994
 10
8.02
 20
32.39
  0
LWPOLYLINE
  5
37D
330
17
100
AcDbEntity
  8
Z-ODWODNIENIE
370
18
 48
0.2
100
AcDbPolyline
 90
2
 70
0
 10
8.22
 20
32.209999999999994
 10
8.22
 20
32.39
  0
LWPOLYLINE
  5
37E
330
17
100
AcDbEntity
  8
Z-ODWODNIENIE
370
18
 48
0.2
100
AcDbPolyline
 90
2
 70
0
 10
8.42
 20
32.209999999999994
 10
8.42
 20
32.39
  0
LWPOLYLINE
  5
37F
330
17
100
AcDbEntity
  8
Z-ODWODNIENIE
370
18
 48
0.2
100
AcDbPolyline
 90
2
 70
0
 10
8.620000000000001
 20
32.209999999999994
 10
8.620000000000001
 20
32.39
  0
LWPOLYLINE
  5
380
330
17
100
AcDbEntity
  8
Z-ODWODNIENIE
370
18
 48
0.2
100
AcDbPolyline
 90
2
 70
0
 10
8.82
 20
32.209999999999994
 10
8.82
 20
32.39
  0
LWPOLYLINE
  5
381
330
17
100
AcDbEntity
  8
Z-ODWODNIENIE
370
18
 48
0.2
100
AcDbPolyline
 90
2
 70
0
 10
9.02
 20
32.209999999999994
 10
9.02
 20
32.39
  0
LWPOLYLINE
  5
382
330
17
100
AcDbEntity
  8
Z-ODWODNIENIE
370
18
 48
0.2
100
AcDbPolyline
 90
2
 70
0
 10
9.22
 20
32.209999999999994
 10
9.22
 20
32.39
  0
LWPOLYLINE
  5
383
330
17
100
AcDbEntity
  8
Z-ODWODNIENIE
370
18
 48
0.2
100
AcDbPolyline
 90
2
 70
0
 10
9.42
 20
32.209999999999994
 10
9.42
 20
32.39
  0
LWPOLYLINE
  5
384
330
17
100
AcDbEntity
  8
Z-ODWODNIENIE
370
18
 48
0.2
100
AcDbPolyline
 90
2
 70
0
 10
9.620000000000001
 20
32.209999999999994
 10
9.620000000000001
 20
32.39
  0
LWPOLYLINE
  5
385
330
17
100
AcDbEntity
  8
Z-ODWODNIENIE
370
18
 48
0.2
100
AcDbPolyline
 90
2
 70
0
 10
9.82
 20
32.209999999999994
 10
9.82
 20
32.39
  0
LWPOLYLINE
  5
386
330
17
100
AcDbEntity
  8
Z-ODWODNIENIE
370
18
 48
0.2
100
AcDbPolyline
 90
2
 70
0
 10
10.02
 20
32.209999999999994
 10
10.02
 20
32.39
  0
LWPOLYLINE
  5
387
330
17
100
AcDbEntity
  8
Z-ODWODNIENIE
370
18
 48
0.2
100
AcDbPolyline
 90
2
 70
0
 10
10.22
 20
32.209999999999994
 10
10.22
 20
32.39
  0
LWPOLYLINE
  5
388
330
17
100
AcDbEntity
  8
Z-ODWODNIENIE
370
18
 48
0.2
100
AcDbPolyline
 90
2
 70
0
 10
10.42
 20
32.209999999999994
 10
10.42
 20
32.39
  0
LWPOLYLINE
  5
389
330
17
100
AcDbEntity
  8
Z-ODWODNIENIE
370
18
 48
0.2
100
AcDbPolyline
 90
2
 70
0
 10
10.620000000000001
 20
32.209999999999994
 10
10.620000000000001
 20
32.39
  0
LWPOLYLINE
  5
38A
330
17
100
AcDbEntity
  8
Z-ODWODNIENIE
370
18
 48
0.2
100
AcDbPolyline
 90
2
 70
0
 10
10.82
 20
32.209999999999994
 10
10.82
 20
32.39
  0
LWPOLYLINE
  5
38B
330
17
100
AcDbEntity
  8
Z-ODWODNIENIE
370
18
 48
0.2
100
AcDbPolyline
 90
2
 70
0
 10
11.02
 20
32.209999999999994
 10
11.02
 20
32.39
  0
LWPOLYLINE
  5
38C
330
17
100
AcDbEntity
  8
Z-ODWODNIENIE
370
18
 48
0.2
100
AcDbPolyline
 90
2
 70
0
 10
11.22
 20
32.209999999999994
 10
11.22
 20
32.39
  0
LWPOLYLINE
  5
38D
330
17
100
AcDbEntity
  8
Z-ODWODNIENIE
370
18
 48
0.2
100
AcDbPolyline
 90
2
 70
0
 10
11.420000000000002
 20
32.209999999999994
 10
11.420000000000002
 20
32.39
  0
LWPOLYLINE
  5
38E
330
17
100
AcDbEntity
  8
Z-ODWODNIENIE
370
18
 48
0.2
100
AcDbPolyline
 90
2
 70
0
 10
11.620000000000001
 20
32.209999999999994
 10
11.620000000000001
 20
32.39
  0
LWPOLYLINE
  5
38F
330
17
100
AcDbEntity
  8
Z-ODWODNIENIE
370
18
 48
0.2
100
AcDbPolyline
 90
2
 70
0
 10
11.820000000000002
 20
32.209999999999994
 10
11.820000000000002
 20
32.39
  0
LWPOLYLINE
  5
390
330
17
100
AcDbEntity
  8
Z-ODWODNIENIE
370
18
 48
0.2
100
AcDbPolyline
 90
2
 70
0
 10
12.020000000000001
 20
32.209999999999994
 10
12.020000000000001
 20
32.39
  0
LWPOLYLINE
  5
391
330
17
100
AcDbEntity
  8
Z-ODWODNIENIE
370
18
 48
0.2
100
AcDbPolyline
 90
2
 70
0
 10
12.220000000000002
 20
32.209999999999994
 10
12.220000000000002
 20
32.39
  0
LWPOLYLINE
  5
392
330
17
100
AcDbEntity
  8
Z-ODWODNIENIE
370
18
 48
0.2
100
AcDbPolyline
 90
2
 70
0
 10
12.420000000000002
 20
32.209999999999994
 10
12.420000000000002
 20
32.39
  0
LWPOLYLINE
  5
393
330
17
100
AcDbEntity
  8
Z-ODWODNIENIE
370
18
 48
0.2
100
AcDbPolyline
 90
2
 70
0
 10
12.620000000000001
 20
32.209999999999994
 10
12.620000000000001
 20
32.39
  0
LWPOLYLINE
  5
394
330
17
100
AcDbEntity
  8
Z-ODWODNIENIE
370
18
 48
0.2
100
AcDbPolyline
 90
2
 70
0
 10
12.820000000000002
 20
32.209999999999994
 10
12.820000000000002
 20
32.39
  0
LWPOLYLINE
  5
395
330
17
100
AcDbEntity
  8
Z-ODWODNIENIE
370
18
 48
0.2
100
AcDbPolyline
 90
2
 70
0
 10
13.020000000000003
 20
32.209999999999994
 10
13.020000000000003
 20
32.39
  0
LWPOLYLINE
  5
396
330
17
100
AcDbEntity
  8
Z-ODWODNIENIE
370
18
 48
0.2
100
AcDbPolyline
 90
2
 70
0
 10
13.220000000000002
 20
32.209999999999994
 10
13.220000000000002
 20
32.39
  0
LWPOLYLINE
  5
397
330
17
100
AcDbEntity
  8
Z-ODWODNIENIE
370
18
 48
0.2
100
AcDbPolyline
 90
2
 70
0
 10
13.420000000000002
 20
32.209999999999994
 10
13.420000000000002
 20
32.39
  0
LWPOLYLINE
  5
398
330
17
100
AcDbEntity
  8
Z-ODWODNIENIE
370
18
 48
0.2
100
AcDbPolyline
 90
2
 70
0
 10
13.620000000000003
 20
32.209999999999994
 10
13.620000000000003
 20
32.39
  0
LWPOLYLINE
  5
399
330
17
100
AcDbEntity
  8
Z-ODWODNIENIE
370
18
 48
0.2
100
AcDbPolyline
 90
2
 70
0
 10
13.820000000000002
 20
32.209999999999994
 10
13.820000000000002
 20
32.39
  0
LWPOLYLINE
  5
39A
330
17
100
AcDbEntity
  8
Z-ODWODNIENIE
370
18
 48
0.2
100
AcDbPolyline
 90
2
 70
0
 10
14.020000000000003
 20
32.209999999999994
 10
14.020000000000003
 20
32.39
  0
LWPOLYLINE
  5
39B
330
17
100
AcDbEntity
  8
Z-ODWODNIENIE
370
18
 48
0.2
100
AcDbPolyline
 90
2
 70
0
 10
14.220000000000002
 20
32.209999999999994
 10
14.220000000000002
 20
32.39
  0
LWPOLYLINE
  5
39C
330
17
100
AcDbEntity
  8
Z-ODWODNIENIE
370
18
 48
0.2
100
AcDbPolyline
 90
2
 70
0
 10
14.420000000000003
 20
32.209999999999994
 10
14.420000000000003
 20
32.39
  0
LWPOLYLINE
  5
39D
330
17
100
AcDbEntity
  8
Z-ODWODNIENIE
370
18
 48
0.2
100
AcDbPolyline
 90
2
 70
0
 10
14.620000000000005
 20
32.209999999999994
 10
14.620000000000005
 20
32.39
  0
LWPOLYLINE
  5
39E
330
17
100
AcDbEntity
  8
Z-ODWODNIENIE
370
18
 48
0.2
100
AcDbPolyline
 90
2
 70
0
 10
14.820000000000004
 20
32.209999999999994
 10
14.820000000000004
 20
32.39
  0
LWPOLYLINE
  5
39F
330
17
100
AcDbEntity
  8
Z-ODWODNIENIE
370
18
 48
0.2
100
AcDbPolyline
 90
2
 70
0
 10
15.020000000000003
 20
32.209999999999994
 10
15.020000000000003
 20
32.39
  0
LWPOLYLINE
  5
3A0
330
17
100
AcDbEntity
  8
Z-ODWODNIENIE
370
18
 48
0.2
100
AcDbPolyline
 90
2
 70
0
 10
15.220000000000004
 20
32.209999999999994
 10
15.220000000000004
 20
32.39
  0
LWPOLYLINE
  5
3A1
330
17
100
AcDbEntity
  8
Z-ODWODNIENIE
370
18
 48
0.2
100
AcDbPolyline
 90
2
 70
0
 10
15.420000000000005
 20
32.209999999999994
 10
15.420000000000005
 20
32.39
  0
LWPOLYLINE
  5
3A2
330
17
100
AcDbEntity
  8
Z-ODWODNIENIE
370
18
 48
0.2
100
AcDbPolyline
 90
2
 70
0
 10
15.620000000000005
 20
32.209999999999994
 10
15.620000000000005
 20
32.39
  0
LWPOLYLINE
  5
3A3
330
17
100
AcDbEntity
  8
Z-ODWODNIENIE
370
18
 48
0.2
100
AcDbPolyline
 90
2
 70
0
 10
15.820000000000004
 20
32.209999999999994
 10
15.820000000000004
 20
32.39
  0
LWPOLYLINE
  5
3A4
330
17
100
AcDbEntity
  8
Z-ODWODNIENIE
370
18
 48
0.2
100
AcDbPolyline
 90
2
 70
0
 10
16.020000000000003
 20
32.209999999999994
 10
16.020000000000003
 20
32.39
  0
LWPOLYLINE
  5
3A5
330
17
100
AcDbEntity
  8
Z-ODWODNIENIE
370
18
 48
0.2
100
AcDbPolyline
 90
2
 70
0
 10
16.220000000000006
 20
32.209999999999994
 10
16.220000000000006
 20
32.39
  0
LWPOLYLINE
  5
3A6
330
17
100
AcDbEntity
  8
Z-ODWODNIENIE
370
18
 48
0.2
100
AcDbPolyline
 90
2
 70
0
 10
16.42
 20
32.209999999999994
 10
16.42
 20
32.39
  0
LWPOLYLINE
  5
3A7
330
17
100
AcDbEntity
  8
Z-ODWODNIENIE
370
18
 48
0.2
100
AcDbPolyline
 90
2
 70
0
 10
16.620000000000005
 20
32.209999999999994
 10
16.620000000000005
 20
32.39
  0
LWPOLYLINE
  5
3A8
330
17
100
AcDbEntity
  8
Z-ODWODNIENIE
370
18
 48
0.2
100
AcDbPolyline
 90
2
 70
0
 10
16.82
 20
32.209999999999994
 10
16.82
 20
32.39
  0
LWPOLYLINE
  5
3A9
330
17
100
AcDbEntity
  8
Z-ODWODNIENIE
370
18
 48
0.2
100
AcDbPolyline
 90
2
 70
0
 10
17.020000000000003
 20
32.209999999999994
 10
17.020000000000003
 20
32.39
  0
LWPOLYLINE
  5
3AA
330
17
100
AcDbEntity
  8
Z-ODWODNIENIE
370
18
 48
0.2
100
AcDbPolyline
 90
2
 70
0
 10
17.22
 20
32.209999999999994
 10
17.22
 20
32.39
  0
LWPOLYLINE
  5
3AB
330
17
100
AcDbEntity
  8
Z-ODWODNIENIE
370
18
 48
0.2
100
AcDbPolyline
 90
2
 70
0
 10
17.42
 20
32.209999999999994
 10
17.42
 20
32.39
  0
LWPOLYLINE
  5
3AC
330
17
100
AcDbEntity
  8
Z-ODWODNIENIE
370
18
 48
0.2
100
AcDbPolyline
 90
2
 70
0
 10
17.619999999999997
 20
32.209999999999994
 10
17.619999999999997
 20
32.39
  0
LWPOLYLINE
  5
3AD
330
17
100
AcDbEntity
  8
Z-ODWODNIENIE
370
18
 48
0.2
100
AcDbPolyline
 90
2
 70
0
 10
17.82
 20
32.209999999999994
 10
17.82
 20
32.39
  0
LWPOLYLINE
  5
3AE
330
17
100
AcDbEntity
  8
Z-ODWODNIENIE
370
18
 48
0.2
100
AcDbPolyline
 90
2
 70
0
 10
18.019999999999996
 20
32.209999999999994
 10
18.019999999999996
 20
32.39
  0
LWPOLYLINE
  5
3AF
330
17
100
AcDbEntity
  8
Z-ODWODNIENIE
370
18
 48
0.2
100
AcDbPolyline
 90
2
 70
0
 10
18.22
 20
32.209999999999994
 10
18.22
 20
32.39
  0
LWPOLYLINE
  5
3B0
330
17
100
AcDbEntity
  8
Z-ODWODNIENIE
370
18
 48
0.2
100
AcDbPolyline
 90
2
 70
0
 10
18.419999999999995
 20
32.209999999999994
 10
18.419999999999995
 20
32.39
  0
LWPOLYLINE
  5
3B1
330
17
100
AcDbEntity
  8
Z-ODWODNIENIE
370
18
 48
0.2
100
AcDbPolyline
 90
2
 70
0
 10
18.619999999999997
 20
32.209999999999994
 10
18.619999999999997
 20
32.39
  0
LWPOLYLINE
  5
3B2
330
17
100
AcDbEntity
  8
Z-ODWODNIENIE
370
18
 48
0.2
100
AcDbPolyline
 90
2
 70
0
 10
18.819999999999993
 20
32.209999999999994
 10
18.819999999999993
 20
32.39
  0
LWPOLYLINE
  5
3B3
330
17
100
AcDbEntity
  8
Z-ODWODNIENIE
370
18
 48
0.2
100
AcDbPolyline
 90
2
 70
0
 10
19.019999999999996
 20
32.209999999999994
 10
19.019999999999996
 20
32.39
  0
LWPOLYLINE
  5
3B4
330
17
100
AcDbEntity
  8
Z-ODWODNIENIE
370
18
 48
0.2
100
AcDbPolyline
 90
2
 70
0
 10
19.21999999999999
 20
32.209999999999994
 10
19.21999999999999
 20
32.39
  0
LWPOLYLINE
  5
3B5
330
17
100
AcDbEntity
  8
Z-ODWODNIENIE
370
25
 48
0.2
100
AcDbPolyline
 90
2
 70
0
 10
7.29
 20
33.8
 10
7.29
 20
36.4
  0
LWPOLYLINE
  5
3B6
330
17
100
AcDbEntity
  8
Z-ODWODNIENIE
370
25
 48
0.2
100
AcDbPolyline
 90
2
 70
0
 10
7.11
 20
33.8
 10
7.11
 20
36.4
  0
LWPOLYLINE
  5
3B7
330
17
100
AcDbEntity
  8
Z-ODWODNIENIE
370
18
 48
0.2
100
AcDbPolyline
 90
2
 70
0
 10
7.29
 20
33.919999999999995
 10
7.11
 20
33.919999999999995
  0
LWPOLYLINE
  5
3B8
330
17
100
AcDbEntity
  8
Z-ODWODNIENIE
370
18
 48
0.2
100
AcDbPolyline
 90
2
 70
0
 10
7.29
 20
34.12
 10
7.11
 20
34.12
  0
LWPOLYLINE
  5
3B9
330
17
100
AcDbEntity
  8
Z-ODWODNIENIE
370
18
 48
0.2
100
AcDbPolyline
 90
2
 70
0
 10
7.29
 20
34.32
 10
7.11
 20
34.32
  0
LWPOLYLINE
  5
3BA
330
17
100
AcDbEntity
  8
Z-ODWODNIENIE
370
18
 48
0.2
100
AcDbPolyline
 90
2
 70
0
 10
7.29
 20
34.519999999999996
 10
7.11
 20
34.519999999999996
  0
LWPOLYLINE
  5
3BB
330
17
100
AcDbEntity
  8
Z-ODWODNIENIE
370
18
 48
0.2
100
AcDbPolyline
 90
2
 70
0
 10
7.29
 20
34.72
 10
7.11
 20
34.72
  0
LWPOLYLINE
  5
3BC
330
17
100
AcDbEntity
  8
Z-ODWODNIENIE
370
18
 48
0.2
100
AcDbPolyline
 90
2
 70
0
 10
7.29
 20
34.919999999999995
 10
7.11
 20
34.919999999999995
  0
LWPOLYLINE
  5
3BD
330
17
100
AcDbEntity
  8
Z-ODWODNIENIE
370
18
 48
0.2
100
AcDbPolyline
 90
2
 70
0
 10
7.29
 20
35.12
 10
7.11
 20
35.12
  0
LWPOLYLINE
  5
3BE
330
17
100
AcDbEntity
  8
Z-ODWODNIENIE
370
18
 48
0.2
100
AcDbPolyline
 90
2
 70
0
 10
7.29
 20
35.32
 10
7.11
 20
35.32
  0
LWPOLYLINE
  5
3BF
330
17
100
AcDbEntity
  8
Z-ODWODNIENIE
370
18
 48
0.2
100
AcDbPolyline
 90
2
 70
0
 10
7.29
 20
35.519999999999996
 10
7.11
 20
35.519999999999996
  0
LWPOLYLINE
  5
3C0
330
17
100
AcDbEntity
  8
Z-ODWODNIENIE
370
18
 48
0.2
100
AcDbPolyline
 90
2
 70
0
 10
7.29
 20
35.72
 10
7.11
 20
35.72
  0
LWPOLYLINE
  5
3C1
330
17
100
AcDbEntity
  8
Z-ODWODNIENIE
370
18
 48
0.2
100
AcDbPolyline
 90
2
 70
0
 10
7.29
 20
35.919999999999995
 10
7.11
 20
35.919999999999995
  0
LWPOLYLINE
  5
3C2
330
17
100
AcDbEntity
  8
Z-ODWODNIENIE
370
18
 48
0.2
100
AcDbPolyline
 90
2
 70
0
 10
7.29
 20
36.12
 10
7.11
 20
36.12
  0
LWPOLYLINE
  5
3C3
330
17
100
AcDbEntity
  8
Z-ODWODNIENIE
370
18
 48
0.2
100
AcDbPolyline
 90
2
 70
0
 10
7.29
 20
36.32
 10
7.11
 20
36.32
  0
LWPOLYLINE
  5
3C4
330
17
100
AcDbEntity
  8
Z-ODWODNIENIE
370
25
 48
0.2
100
AcDbPolyline
 90
2
 70
0
 10
17.45
 20
43.01
 10
19.2
 20
43.01
  0
LWPOLYLINE
  5
3C5
330
17
100
AcDbEntity
  8
Z-ODWODNIENIE
370
25
 48
0.2
100
AcDbPolyline
 90
2
 70
0
 10
17.45
 20
43.190000000000005
 10
19.2
 20
43.190000000000005
  0
LWPOLYLINE
  5
3C6
330
17
100
AcDbEntity
  8
Z-ODWODNIENIE
370
18
 48
0.2
100
AcDbPolyline
 90
2
 70
0
 10
17.57
 20
43.01
 10
17.57
 20
43.190000000000005
  0
LWPOLYLINE
  5
3C7
330
17
100
AcDbEntity
  8
Z-ODWODNIENIE
370
18
 48
0.2
100
AcDbPolyline
 90
2
 70
0
 10
17.77
 20
43.01
 10
17.77
 20
43.190000000000005
  0
LWPOLYLINE
  5
3C8
330
17
100
AcDbEntity
  8
Z-ODWODNIENIE
370
18
 48
0.2
100
AcDbPolyline
 90
2
 70
0
 10
17.97
 20
43.01
 10
17.97
 20
43.190000000000005
  0
LWPOLYLINE
  5
3C9
330
17
100
AcDbEntity
  8
Z-ODWODNIENIE
370
18
 48
0.2
100
AcDbPolyline
 90
2
 70
0
 10
18.169999999999998
 20
43.01
 10
18.169999999999998
 20
43.190000000000005
  0
LWPOLYLINE
  5
3CA
330
17
100
AcDbEntity
  8
Z-ODWODNIENIE
370
18
 48
0.2
100
AcDbPolyline
 90
2
 70
0
 10
18.369999999999997
 20
43.01
 10
18.369999999999997
 20
43.190000000000005
  0
LWPOLYLINE
  5
3CB
330
17
100
AcDbEntity
  8
Z-ODWODNIENIE
370
18
 48
0.2
100
AcDbPolyline
 90
2
 70
0
 10
18.57
 20
43.01
 10
18.57
 20
43.190000000000005
  0
LWPOLYLINE
  5
3CC
330
17
100
AcDbEntity
  8
Z-ODWODNIENIE
370
18
 48
0.2
100
AcDbPolyline
 90
2
 70
0
 10
18.77
 20
43.01
 10
18.77
 20
43.190000000000005
  0
LWPOLYLINE
  5
3CD
330
17
100
AcDbEntity
  8
Z-ODWODNIENIE
370
18
 48
0.2
100
AcDbPolyline
 90
2
 70
0
 10
18.97
 20
43.01
 10
18.97
 20
43.190000000000005
  0
LWPOLYLINE
  5
3CE
330
17
100
AcDbEntity
  8
Z-ODWODNIENIE
370
18
 48
0.2
100
AcDbPolyline
 90
2
 70
0
 10
19.169999999999998
 20
43.01
 10
19.169999999999998
 20
43.190000000000005
  0
LWPOLYLINE
  5
3CF
330
17
100
AcDbEntity
  8
Z-ODWODNIENIE
370
25
 48
0.2
100
AcDbPolyline
 90
2
 70
0
 10
19.4
 20
42.41
 10
26.275
 20
42.41
  0
LWPOLYLINE
  5
3D0
330
17
100
AcDbEntity
  8
Z-ODWODNIENIE
370
25
 48
0.2
100
AcDbPolyline
 90
2
 70
0
 10
19.4
 20
42.59
 10
26.275
 20
42.59
  0
LWPOLYLINE
  5
3D1
330
17
100
AcDbEntity
  8
Z-ODWODNIENIE
370
18
 48
0.2
100
AcDbPolyline
 90
2
 70
0
 10
19.52
 20
42.41
 10
19.52
 20
42.59
  0
LWPOLYLINE
  5
3D2
330
17
100
AcDbEntity
  8
Z-ODWODNIENIE
370
18
 48
0.2
100
AcDbPolyline
 90
2
 70
0
 10
19.72
 20
42.41
 10
19.72
 20
42.59
  0
LWPOLYLINE
  5
3D3
330
17
100
AcDbEntity
  8
Z-ODWODNIENIE
370
18
 48
0.2
100
AcDbPolyline
 90
2
 70
0
 10
19.919999999999998
 20
42.41
 10
19.919999999999998
 20
42.59
  0
LWPOLYLINE
  5
3D4
330
17
100
AcDbEntity
  8
Z-ODWODNIENIE
370
18
 48
0.2
100
AcDbPolyline
 90
2
 70
0
 10
20.119999999999997
 20
42.41
 10
20.119999999999997
 20
42.59
  0
LWPOLYLINE
  5
3D5
330
17
100
AcDbEntity
  8
Z-ODWODNIENIE
370
18
 48
0.2
100
AcDbPolyline
 90
2
 70
0
 10
20.32
 20
42.41
 10
20.32
 20
42.59
  0
LWPOLYLINE
  5
3D6
330
17
100
AcDbEntity
  8
Z-ODWODNIENIE
370
18
 48
0.2
100
AcDbPolyline
 90
2
 70
0
 10
20.52
 20
42.41
 10
20.52
 20
42.59
  0
LWPOLYLINE
  5
3D7
330
17
100
AcDbEntity
  8
Z-ODWODNIENIE
370
18
 48
0.2
100
AcDbPolyline
 90
2
 70
0
 10
20.72
 20
42.41
 10
20.72
 20
42.59
  0
LWPOLYLINE
  5
3D8
330
17
100
AcDbEntity
  8
Z-ODWODNIENIE
370
18
 48
0.2
100
AcDbPolyline
 90
2
 70
0
 10
20.919999999999998
 20
42.41
 10
20.919999999999998
 20
42.59
  0
LWPOLYLINE
  5
3D9
330
17
100
AcDbEntity
  8
Z-ODWODNIENIE
370
18
 48
0.2
100
AcDbPolyline
 90
2
 70
0
 10
21.119999999999997
 20
42.41
 10
21.119999999999997
 20
42.59
  0
LWPOLYLINE
  5
3DA
330
17
100
AcDbEntity
  8
Z-ODWODNIENIE
370
18
 48
0.2
100
AcDbPolyline
 90
2
 70
0
 10
21.319999999999997
 20
42.41
 10
21.319999999999997
 20
42.59
  0
LWPOLYLINE
  5
3DB
330
17
100
AcDbEntity
  8
Z-ODWODNIENIE
370
18
 48
0.2
100
AcDbPolyline
 90
2
 70
0
 10
21.52
 20
42.41
 10
21.52
 20
42.59
  0
LWPOLYLINE
  5
3DC
330
17
100
AcDbEntity
  8
Z-ODWODNIENIE
370
18
 48
0.2
100
AcDbPolyline
 90
2
 70
0
 10
21.72
 20
42.41
 10
21.72
 20
42.59
  0
LWPOLYLINE
  5
3DD
330
17
100
AcDbEntity
  8
Z-ODWODNIENIE
370
18
 48
0.2
100
AcDbPolyline
 90
2
 70
0
 10
21.919999999999998
 20
42.41
 10
21.919999999999998
 20
42.59
  0
LWPOLYLINE
  5
3DE
330
17
100
AcDbEntity
  8
Z-ODWODNIENIE
370
18
 48
0.2
100
AcDbPolyline
 90
2
 70
0
 10
22.119999999999997
 20
42.41
 10
22.119999999999997
 20
42.59
  0
LWPOLYLINE
  5
3DF
330
17
100
AcDbEntity
  8
Z-ODWODNIENIE
370
18
 48
0.2
100
AcDbPolyline
 90
2
 70
0
 10
22.32
 20
42.41
 10
22.32
 20
42.59
  0
LWPOLYLINE
  5
3E0
330
17
100
AcDbEntity
  8
Z-ODWODNIENIE
370
18
 48
0.2
100
AcDbPolyline
 90
2
 70
0
 10
22.52
 20
42.41
 10
22.52
 20
42.59
  0
LWPOLYLINE
  5
3E1
330
17
100
AcDbEntity
  8
Z-ODWODNIENIE
370
18
 48
0.2
100
AcDbPolyline
 90
2
 70
0
 10
22.72
 20
42.41
 10
22.72
 20
42.59
  0
LWPOLYLINE
  5
3E2
330
17
100
AcDbEntity
  8
Z-ODWODNIENIE
370
18
 48
0.2
100
AcDbPolyline
 90
2
 70
0
 10
22.919999999999998
 20
42.41
 10
22.919999999999998
 20
42.59
  0
LWPOLYLINE
  5
3E3
330
17
100
AcDbEntity
  8
Z-ODWODNIENIE
370
18
 48
0.2
100
AcDbPolyline
 90
2
 70
0
 10
23.12
 20
42.41
 10
23.12
 20
42.59
  0
LWPOLYLINE
  5
3E4
330
17
100
AcDbEntity
  8
Z-ODWODNIENIE
370
18
 48
0.2
100
AcDbPolyline
 90
2
 70
0
 10
23.32
 20
42.41
 10
23.32
 20
42.59
  0
LWPOLYLINE
  5
3E5
330
17
100
AcDbEntity
  8
Z-ODWODNIENIE
370
18
 48
0.2
100
AcDbPolyline
 90
2
 70
0
 10
23.52
 20
42.41
 10
23.52
 20
42.59
  0
LWPOLYLINE
  5
3E6
330
17
100
AcDbEntity
  8
Z-ODWODNIENIE
370
18
 48
0.2
100
AcDbPolyline
 90
2
 70
0
 10
23.72
 20
42.41
 10
23.72
 20
42.59
  0
LWPOLYLINE
  5
3E7
330
17
100
AcDbEntity
  8
Z-ODWODNIENIE
370
18
 48
0.2
100
AcDbPolyline
 90
2
 70
0
 10
23.92
 20
42.41
 10
23.92
 20
42.59
  0
LWPOLYLINE
  5
3E8
330
17
100
AcDbEntity
  8
Z-ODWODNIENIE
370
18
 48
0.2
100
AcDbPolyline
 90
2
 70
0
 10
24.12
 20
42.41
 10
24.12
 20
42.59
  0
LWPOLYLINE
  5
3E9
330
17
100
AcDbEntity
  8
Z-ODWODNIENIE
370
18
 48
0.2
100
AcDbPolyline
 90
2
 70
0
 10
24.32
 20
42.41
 10
24.32
 20
42.59
  0
LWPOLYLINE
  5
3EA
330
17
100
AcDbEntity
  8
Z-ODWODNIENIE
370
18
 48
0.2
100
AcDbPolyline
 90
2
 70
0
 10
24.52
 20
42.41
 10
24.52
 20
42.59
  0
LWPOLYLINE
  5
3EB
330
17
100
AcDbEntity
  8
Z-ODWODNIENIE
370
18
 48
0.2
100
AcDbPolyline
 90
2
 70
0
 10
24.72
 20
42.41
 10
24.72
 20
42.59
  0
LWPOLYLINE
  5
3EC
330
17
100
AcDbEntity
  8
Z-ODWODNIENIE
370
18
 48
0.2
100
AcDbPolyline
 90
2
 70
0
 10
24.92
 20
42.41
 10
24.92
 20
42.59
  0
LWPOLYLINE
  5
3ED
330
17
100
AcDbEntity
  8
Z-ODWODNIENIE
370
18
 48
0.2
100
AcDbPolyline
 90
2
 70
0
 10
25.12
 20
42.41
 10
25.12
 20
42.59
  0
LWPOLYLINE
  5
3EE
330
17
100
AcDbEntity
  8
Z-ODWODNIENIE
370
18
 48
0.2
100
AcDbPolyline
 90
2
 70
0
 10
25.32
 20
42.41
 10
25.32
 20
42.59
  0
LWPOLYLINE
  5
3EF
330
17
100
AcDbEntity
  8
Z-ODWODNIENIE
370
18
 48
0.2
100
AcDbPolyline
 90
2
 70
0
 10
25.520000000000003
 20
42.41
 10
25.520000000000003
 20
42.59
  0
LWPOLYLINE
  5
3F0
330
17
100
AcDbEntity
  8
Z-ODWODNIENIE
370
18
 48
0.2
100
AcDbPolyline
 90
2
 70
0
 10
25.720000000000002
 20
42.41
 10
25.720000000000002
 20
42.59
  0
LWPOLYLINE
  5
3F1
330
17
100
AcDbEntity
  8
Z-ODWODNIENIE
370
18
 48
0.2
100
AcDbPolyline
 90
2
 70
0
 10
25.92
 20
42.41
 10
25.92
 20
42.59
  0
LWPOLYLINE
  5
3F2
330
17
100
AcDbEntity
  8
Z-ODWODNIENIE
370
18
 48
0.2
100
AcDbPolyline
 90
2
 70
0
 10
26.12
 20
42.41
 10
26.12
 20
42.59
  0
LWPOLYLINE
  5
3F3
330
17
100
AcDbEntity
  8
Z-ODWODNIENIE
370
25
 48
0.2
100
AcDbPolyline
 90
2
 70
0
 10
19.29
 20
41.8
 10
19.29
 20
42.5
  0
LWPOLYLINE
  5
3F4
330
17
100
AcDbEntity
  8
Z-ODWODNIENIE
370
25
 48
0.2
100
AcDbPolyline
 90
2
 70
0
 10
19.11
 20
41.8
 10
19.11
 20
42.5
  0
LWPOLYLINE
  5
3F5
330
17
100
AcDbEntity
  8
Z-ODWODNIENIE
370
18
 48
0.2
100
AcDbPolyline
 90
2
 70
0
 10
19.29
 20
41.919999999999995
 10
19.11
 20
41.919999999999995
  0
LWPOLYLINE
  5
3F6
330
17
100
AcDbEntity
  8
Z-ODWODNIENIE
370
18
 48
0.2
100
AcDbPolyline
 90
2
 70
0
 10
19.29
 20
42.12
 10
19.11
 20
42.12
  0
LWPOLYLINE
  5
3F7
330
17
100
AcDbEntity
  8
Z-ODWODNIENIE
370
18
 48
0.2
100
AcDbPolyline
 90
2
 70
0
 10
19.29
 20
42.32
 10
19.11
 20
42.32
  0
LWPOLYLINE
  5
3F8
330
17
100
AcDbEntity
  8
Z-ODWODNIENIE
370
25
 48
0.2
100
AcDbPolyline
 90
2
 70
0
 10
20.1
 20
49.51
 10
26.075
 20
49.51
  0
LWPOLYLINE
  5
3F9
330
17
100
AcDbEntity
  8
Z-ODWODNIENIE
370
25
 48
0.2
100
AcDbPolyline
 90
2
 70
0
 10
20.1
 20
49.690000000000005
 10
26.075
 20
49.690000000000005
  0
LWPOLYLINE
  5
3FA
330
17
100
AcDbEntity
  8
Z-ODWODNIENIE
370
18
 48
0.2
100
AcDbPolyline
 90
2
 70
0
 10
20.220000000000002
 20
49.51
 10
20.220000000000002
 20
49.690000000000005
  0
LWPOLYLINE
  5
3FB
330
17
100
AcDbEntity
  8
Z-ODWODNIENIE
370
18
 48
0.2
100
AcDbPolyline
 90
2
 70
0
 10
20.42
 20
49.51
 10
20.42
 20
49.690000000000005
  0
LWPOLYLINE
  5
3FC
330
17
100
AcDbEntity
  8
Z-ODWODNIENIE
370
18
 48
0.2
100
AcDbPolyline
 90
2
 70
0
 10
20.62
 20
49.51
 10
20.62
 20
49.690000000000005
  0
LWPOLYLINE
  5
3FD
330
17
100
AcDbEntity
  8
Z-ODWODNIENIE
370
18
 48
0.2
100
AcDbPolyline
 90
2
 70
0
 10
20.82
 20
49.51
 10
20.82
 20
49.690000000000005
  0
LWPOLYLINE
  5
3FE
330
17
100
AcDbEntity
  8
Z-ODWODNIENIE
370
18
 48
0.2
100
AcDbPolyline
 90
2
 70
0
 10
21.02
 20
49.51
 10
21.02
 20
49.690000000000005
  0
LWPOLYLINE
  5
3FF
330
17
100
AcDbEntity
  8
Z-ODWODNIENIE
370
18
 48
0.2
100
AcDbPolyline
 90
2
 70
0
 10
21.220000000000002
 20
49.51
 10
21.220000000000002
 20
49.690000000000005
  0
LWPOLYLINE
  5
400
330
17
100
AcDbEntity
  8
Z-ODWODNIENIE
370
18
 48
0.2
100
AcDbPolyline
 90
2
 70
0
 10
21.42
 20
49.51
 10
21.42
 20
49.690000000000005
  0
LWPOLYLINE
  5
401
330
17
100
AcDbEntity
  8
Z-ODWODNIENIE
370
18
 48
0.2
100
AcDbPolyline
 90
2
 70
0
 10
21.62
 20
49.51
 10
21.62
 20
49.690000000000005
  0
LWPOLYLINE
  5
402
330
17
100
AcDbEntity
  8
Z-ODWODNIENIE
370
18
 48
0.2
100
AcDbPolyline
 90
2
 70
0
 10
21.82
 20
49.51
 10
21.82
 20
49.690000000000005
  0
LWPOLYLINE
  5
403
330
17
100
AcDbEntity
  8
Z-ODWODNIENIE
370
18
 48
0.2
100
AcDbPolyline
 90
2
 70
0
 10
22.02
 20
49.51
 10
22.02
 20
49.690000000000005
  0
LWPOLYLINE
  5
404
330
17
100
AcDbEntity
  8
Z-ODWODNIENIE
370
18
 48
0.2
100
AcDbPolyline
 90
2
 70
0
 10
22.220000000000002
 20
49.51
 10
22.220000000000002
 20
49.690000000000005
  0
LWPOLYLINE
  5
405
330
17
100
AcDbEntity
  8
Z-ODWODNIENIE
370
18
 48
0.2
100
AcDbPolyline
 90
2
 70
0
 10
22.42
 20
49.51
 10
22.42
 20
49.690000000000005
  0
LWPOLYLINE
  5
406
330
17
100
AcDbEntity
  8
Z-ODWODNIENIE
370
18
 48
0.2
100
AcDbPolyline
 90
2
 70
0
 10
22.62
 20
49.51
 10
22.62
 20
49.690000000000005
  0
LWPOLYLINE
  5
407
330
17
100
AcDbEntity
  8
Z-ODWODNIENIE
370
18
 48
0.2
100
AcDbPolyline
 90
2
 70
0
 10
22.82
 20
49.51
 10
22.82
 20
49.690000000000005
  0
LWPOLYLINE
  5
408
330
17
100
AcDbEntity
  8
Z-ODWODNIENIE
370
18
 48
0.2
100
AcDbPolyline
 90
2
 70
0
 10
23.020000000000003
 20
49.51
 10
23.020000000000003
 20
49.690000000000005
  0
LWPOLYLINE
  5
409
330
17
100
AcDbEntity
  8
Z-ODWODNIENIE
370
18
 48
0.2
100
AcDbPolyline
 90
2
 70
0
 10
23.220000000000002
 20
49.51
 10
23.220000000000002
 20
49.690000000000005
  0
LWPOLYLINE
  5
40A
330
17
100
AcDbEntity
  8
Z-ODWODNIENIE
370
18
 48
0.2
100
AcDbPolyline
 90
2
 70
0
 10
23.42
 20
49.51
 10
23.42
 20
49.690000000000005
  0
LWPOLYLINE
  5
40B
330
17
100
AcDbEntity
  8
Z-ODWODNIENIE
370
18
 48
0.2
100
AcDbPolyline
 90
2
 70
0
 10
23.62
 20
49.51
 10
23.62
 20
49.690000000000005
  0
LWPOLYLINE
  5
40C
330
17
100
AcDbEntity
  8
Z-ODWODNIENIE
370
18
 48
0.2
100
AcDbPolyline
 90
2
 70
0
 10
23.820000000000004
 20
49.51
 10
23.820000000000004
 20
49.690000000000005
  0
LWPOLYLINE
  5
40D
330
17
100
AcDbEntity
  8
Z-ODWODNIENIE
370
18
 48
0.2
100
AcDbPolyline
 90
2
 70
0
 10
24.020000000000003
 20
49.51
 10
24.020000000000003
 20
49.690000000000005
  0
LWPOLYLINE
  5
40E
330
17
100
AcDbEntity
  8
Z-ODWODNIENIE
370
18
 48
0.2
100
AcDbPolyline
 90
2
 70
0
 10
24.220000000000002
 20
49.51
 10
24.220000000000002
 20
49.690000000000005
  0
LWPOLYLINE
  5
40F
330
17
100
AcDbEntity
  8
Z-ODWODNIENIE
370
18
 48
0.2
100
AcDbPolyline
 90
2
 70
0
 10
24.42
 20
49.51
 10
24.42
 20
49.690000000000005
  0
LWPOLYLINE
  5
410
330
17
100
AcDbEntity
  8
Z-ODWODNIENIE
370
18
 48
0.2
100
AcDbPolyline
 90
2
 70
0
 10
24.620000000000005
 20
49.51
 10
24.620000000000005
 20
49.690000000000005
  0
LWPOLYLINE
  5
411
330
17
100
AcDbEntity
  8
Z-ODWODNIENIE
370
18
 48
0.2
100
AcDbPolyline
 90
2
 70
0
 10
24.820000000000004
 20
49.51
 10
24.820000000000004
 20
49.690000000000005
  0
LWPOLYLINE
  5
412
330
17
100
AcDbEntity
  8
Z-ODWODNIENIE
370
18
 48
0.2
100
AcDbPolyline
 90
2
 70
0
 10
25.020000000000003
 20
49.51
 10
25.020000000000003
 20
49.690000000000005
  0
LWPOLYLINE
  5
413
330
17
100
AcDbEntity
  8
Z-ODWODNIENIE
370
18
 48
0.2
100
AcDbPolyline
 90
2
 70
0
 10
25.220000000000002
 20
49.51
 10
25.220000000000002
 20
49.690000000000005
  0
LWPOLYLINE
  5
414
330
17
100
AcDbEntity
  8
Z-ODWODNIENIE
370
18
 48
0.2
100
AcDbPolyline
 90
2
 70
0
 10
25.42
 20
49.51
 10
25.42
 20
49.690000000000005
  0
LWPOLYLINE
  5
415
330
17
100
AcDbEntity
  8
Z-ODWODNIENIE
370
18
 48
0.2
100
AcDbPolyline
 90
2
 70
0
 10
25.620000000000005
 20
49.51
 10
25.620000000000005
 20
49.690000000000005
  0
LWPOLYLINE
  5
416
330
17
100
AcDbEntity
  8
Z-ODWODNIENIE
370
18
 48
0.2
100
AcDbPolyline
 90
2
 70
0
 10
25.820000000000004
 20
49.51
 10
25.820000000000004
 20
49.690000000000005
  0
LWPOLYLINE
  5
417
330
17
100
AcDbEntity
  8
Z-ODWODNIENIE
370
18
 48
0.2
100
AcDbPolyline
 90
2
 70
0
 10
26.020000000000003
 20
49.51
 10
26.020000000000003
 20
49.690000000000005
  0
LWPOLYLINE
  5
418
330
17
100
AcDbEntity
  8
Z-ODWODNIENIE
  6
KRESKA_DLUGA
370
35
 48
0.2
100
AcDbPolyline
 90
3
 70
128
 10
3.8
 20
43.2
 10
4.6
 20
44.05
 10
16.9
 20
44.05
  0
LWPOLYLINE
  5
419
330
17
100
AcDbEntity
  8
Z-ODWODNIENIE
370
25
 48
0.2
100
AcDbPolyline
 90
3
 70
1
 10
8.746279860554633
 20
44.05
 10
8.25720606018773
 20
43.94604415459112
 10
8.25720606018773
 20
44.15395584540887
  0
LWPOLYLINE
  5
41A
330
17
100
AcDbEntity
  8
Z-ODWODNIENIE
370
25
 48
0.2
100
AcDbPolyline
 90
3
 70
1
 10
14.806547649401425
 20
44.05
 10
14.317473849034522
 20
43.94604415459112
 10
14.317473849034522
 20
44.15395584540887
  0
LWPOLYLINE
  5
41B
330
17
100
AcDbEntity
  8
Z-ODWODNIENIE
  6
KRESKA_DLUGA
370
35
 48
0.2
100
AcDbPolyline
 90
3
 70
128
 10
28.6
 20
42.9
 10
28.6
 20
29.7
 10
27.6
 20
29.3
  0
LWPOLYLINE
  5
41C
330
17
100
AcDbEntity
  8
Z-ODWODNIENIE
370
25
 48
0.2
100
AcDbPolyline
 90
3
 70
1
 10
28.6
 20
37.303038463500584
 10
28.49604415459112
 20
37.79211226386749
 10
28.70395584540888
 20
37.79211226386749
  0
LWPOLYLINE
  5
41D
330
17
100
AcDbEntity
  8
Z-ODWODNIENIE
370
25
 48
0.2
100
AcDbPolyline
 90
3
 70
1
 10
28.6
 20
30.878373630858476
 10
28.49604415459112
 20
31.36744743122538
 10
28.70395584540888
 20
31.36744743122538
  0
LWPOLYLINE
  5
41E
330
17
100
AcDbEntity
  8
Z-ODWODNIENIE
370
25
 48
0.2
100
AcDbPolyline
 90
2
 70
0
 10
26.54
 20
37.45
 10
26.54
 20
38.75
  0
LWPOLYLINE
  5
41F
330
17
100
AcDbEntity
  8
Z-ODWODNIENIE
370
25
 48
0.2
100
AcDbPolyline
 90
2
 70
0
 10
26.36
 20
37.45
 10
26.36
 20
38.75
  0
LWPOLYLINE
  5
420
330
17
100
AcDbEntity
  8
Z-ODWODNIENIE
370
18
 48
0.2
100
AcDbPolyline
 90
2
 70
0
 10
26.54
 20
37.57
 10
26.36
 20
37.57
  0
LWPOLYLINE
  5
421
330
17
100
AcDbEntity
  8
Z-ODWODNIENIE
370
18
 48
0.2
100
AcDbPolyline
 90
2
 70
0
 10
26.54
 20
37.77
 10
26.36
 20
37.77
  0
LWPOLYLINE
  5
422
330
17
100
AcDbEntity
  8
Z-ODWODNIENIE
370
18
 48
0.2
100
AcDbPolyline
 90
2
 70
0
 10
26.54
 20
37.970000000000006
 10
26.36
 20
37.970000000000006
  0
LWPOLYLINE
  5
423
330
17
100
AcDbEntity
  8
Z-ODWODNIENIE
370
18
 48
0.2
100
AcDbPolyline
 90
2
 70
0
 10
26.54
 20
38.17
 10
26.36
 20
38.17
  0
LWPOLYLINE
  5
424
330
17
100
AcDbEntity
  8
Z-ODWODNIENIE
370
18
 48
0.2
100
AcDbPolyline
 90
2
 70
0
 10
26.54
 20
38.370000000000005
 10
26.36
 20
38.370000000000005
  0
LWPOLYLINE
  5
425
330
17
100
AcDbEntity
  8
Z-ODWODNIENIE
370
18
 48
0.2
100
AcDbPolyline
 90
2
 70
0
 10
26.54
 20
38.57
 10
26.36
 20
38.57
  0
LWPOLYLINE
  5
426
330
17
100
AcDbEntity
  8
Z-ODWODNIENIE
370
25
 48
0.2
100
AcDbPolyline
 90
2
 70
0
 10
19.8
 20
32.16
 10
21.1
 20
32.16
  0
LWPOLYLINE
  5
427
330
17
100
AcDbEntity
  8
Z-ODWODNIENIE
370
25
 48
0.2
100
AcDbPolyline
 90
2
 70
0
 10
19.8
 20
32.34
 10
21.1
 20
32.34
  0
LWPOLYLINE
  5
428
330
17
100
AcDbEntity
  8
Z-ODWODNIENIE
370
18
 48
0.2
100
AcDbPolyline
 90
2
 70
0
 10
19.92
 20
32.16
 10
19.92
 20
32.34
  0
LWPOLYLINE
  5
429
330
17
100
AcDbEntity
  8
Z-ODWODNIENIE
370
18
 48
0.2
100
AcDbPolyline
 90
2
 70
0
 10
20.12
 20
32.16
 10
20.12
 20
32.34
  0
LWPOLYLINE
  5
42A
330
17
100
AcDbEntity
  8
Z-ODWODNIENIE
370
18
 48
0.2
100
AcDbPolyline
 90
2
 70
0
 10
20.32
 20
32.16
 10
20.32
 20
32.34
  0
LWPOLYLINE
  5
42B
330
17
100
AcDbEntity
  8
Z-ODWODNIENIE
370
18
 48
0.2
100
AcDbPolyline
 90
2
 70
0
 10
20.52
 20
32.16
 10
20.52
 20
32.34
  0
LWPOLYLINE
  5
42C
330
17
100
AcDbEntity
  8
Z-ODWODNIENIE
370
18
 48
0.2
100
AcDbPolyline
 90
2
 70
0
 10
20.72
 20
32.16
 10
20.72
 20
32.34
  0
LWPOLYLINE
  5
42D
330
17
100
AcDbEntity
  8
Z-ODWODNIENIE
370
18
 48
0.2
100
AcDbPolyline
 90
2
 70
0
 10
20.92
 20
32.16
 10
20.92
 20
32.34
  0
CIRCLE
  5
42E
330
17
100
AcDbEntity
  8
Z-ODWODNIENIE
  6
KRESKOWA_DROBNA
370
35
 48
0.2
100
AcDbCircle
 10
13.17
 20
38.150000000000006
 30
0.0
 40
0.18000000000000002
  0
CIRCLE
  5
42F
330
17
100
AcDbEntity
  8
Z-ODWODNIENIE
  6
KRESKOWA_DROBNA
370
35
 48
0.2
100
AcDbCircle
 10
13.17
 20
38.550000000000004
 30
0.0
 40
0.18000000000000002
  0
CIRCLE
  5
430
330
17
100
AcDbEntity
  8
Z-ODWODNIENIE
  6
Continuous
370
35
 48
0.2
100
AcDbCircle
 10
8.0
 20
41.81
 30
0.0
 40
0.18000000000000002
  0
CIRCLE
  5
431
330
17
100
AcDbEntity
  8
Z-ODWODNIENIE
  6
Continuous
370
35
 48
0.2
100
AcDbCircle
 10
16.799999999999997
 20
41.81
 30
0.0
 40
0.18000000000000002
  0
CIRCLE
  5
432
330
17
100
AcDbEntity
  8
Z-ODWODNIENIE
  6
Continuous
370
35
 48
0.2
100
AcDbCircle
 10
26.335
 20
41.75
 30
0.0
 40
0.18000000000000002
  0
CIRCLE
  5
433
330
17
100
AcDbEntity
  8
Z-ODWODNIENIE
  6
KRESKOWA_DROBNA
370
35
 48
0.2
100
AcDbCircle
 10
25.549999999999997
 20
33.050000000000004
 30
0.0
 40
0.18000000000000002
  0
LWPOLYLINE
  5
434
330
17
100
AcDbEntity
  8
Z-ODWODNIENIE
370
18
 48
0.2
100
AcDbPolyline
 90
2
 70
0
 10
25.17875
 20
44.675
 10
25.85875
 20
45.37499999999999
  0
LWPOLYLINE
  5
435
330
17
100
AcDbEntity
  8
Z-ODWODNIENIE
370
18
 48
0.2
100
AcDbPolyline
 90
2
 70
0
 10
13.600000000000001
 20
32.3
 10
13.600000000000001
 20
31.0
  0
LWPOLYLINE
  5
436
330
17
100
AcDbEntity
  8
Z-ODWODNIENIE
370
18
 48
0.2
100
AcDbPolyline
 90
2
 70
0
 10
7.2
 20
35.099999999999994
 10
10.88
 20
36.747499999999995
  0
LWPOLYLINE
  5
437
330
17
100
AcDbEntity
  8
Z-ODWODNIENIE
370
18
 48
0.2
100
AcDbPolyline
 90
2
 70
0
 10
18.9375
 20
43.1
 10
19.813599250511015
 20
40.400000000000006
  0
LWPOLYLINE
  5
438
330
17
100
AcDbEntity
  8
Z-ODWODNIENIE
370
18
 48
0.2
100
AcDbPolyline
 90
2
 70
0
 10
25.24375
 20
42.5
 10
25.523749999999996
 20
42.8
  0
LWPOLYLINE
  5
439
330
17
100
AcDbEntity
  8
Z-ODWODNIENIE
370
18
 48
0.2
100
AcDbPolyline
 90
2
 70
0
 10
19.2
 20
42.15
 10
17.32
 20
42.8975
  0
LWPOLYLINE
  5
43A
330
17
100
AcDbEntity
  8
Z-ODWODNIENIE
370
18
 48
0.2
100
AcDbPolyline
 90
2
 70
0
 10
23.0875
 20
49.6
 10
24.367499999999996
 20
50.9
  0
LWPOLYLINE
  5
43B
330
17
100
AcDbEntity
  8
Z-ODWODNIENIE
370
18
 48
0.2
100
AcDbPolyline
 90
2
 70
0
 10
6.8
 20
38.18875
 10
7.48
 20
38.18875
  0
LWPOLYLINE
  5
43C
330
17
100
AcDbEntity
  8
Z-ODWODNIENIE
370
18
 48
0.2
100
AcDbPolyline
 90
2
 70
0
 10
7.4729167729049895
 20
44.05
 10
7.4729167729049895
 20
43.35
  0
LWPOLYLINE
  5
43D
330
17
100
AcDbEntity
  8
Z-ODWODNIENIE
370
18
 48
0.2
100
AcDbPolyline
 90
2
 70
0
 10
28.6
 20
35.76148351928655
 10
28.880000000000003
 20
35.76148351928655
  0
LWPOLYLINE
  5
43E
330
17
100
AcDbEntity
  8
Z-ODWODNIENIE
370
18
 48
0.2
100
AcDbPolyline
 90
2
 70
0
 10
26.45
 20
38.1
 10
29.13
 20
39.2475
  0
LWPOLYLINE
  5
43F
330
17
100
AcDbEntity
  8
Z-ODWODNIENIE
370
18
 48
0.2
100
AcDbPolyline
 90
2
 70
0
 10
19.995
 20
32.25
 10
19.995
 20
32.949999999999996
  0
LWPOLYLINE
  5
440
330
17
100
AcDbEntity
  8
Z-ODWODNIENIE
370
18
 48
0.2
100
AcDbPolyline
 90
2
 70
0
 10
13.17
 20
38.150000000000006
 10
12.79
 20
38.150000000000006
  0
LWPOLYLINE
  5
441
330
17
100
AcDbEntity
  8
Z-ODWODNIENIE
370
18
 48
0.2
100
AcDbPolyline
 90
2
 70
0
 10
13.17
 20
38.550000000000004
 10
12.79
 20
38.95
  0
LWPOLYLINE
  5
442
330
17
100
AcDbEntity
  8
Z-ODWODNIENIE
370
18
 48
0.2
100
AcDbPolyline
 90
2
 70
0
 10
8.0
 20
41.81
 10
10.68
 20
42.9575
  0
LWPOLYLINE
  5
443
330
17
100
AcDbEntity
  8
Z-ODWODNIENIE
370
18
 48
0.2
100
AcDbPolyline
 90
2
 70
0
 10
16.799999999999997
 20
41.81
 10
14.119999999999997
 20
42.9575
  0
LWPOLYLINE
  5
444
330
17
100
AcDbEntity
  8
Z-ODWODNIENIE
370
18
 48
0.2
100
AcDbPolyline
 90
2
 70
0
 10
26.335
 20
41.75
 10
29.015
 20
39.05
  0
LWPOLYLINE
  5
445
330
17
100
AcDbEntity
  8
Z-ODWODNIENIE
370
18
 48
0.2
100
AcDbPolyline
 90
2
 70
0
 10
25.549999999999997
 20
33.050000000000004
 10
29.229999999999997
 20
29.350000000000005
  0
LWPOLYLINE
  5
446
330
17
100
AcDbEntity
  8
Z-ODWODNIENIE
370
25
 48
0.2
100
AcDbPolyline
 90
2
 70
0
 10
21.52865427318801
 20
45.7875
 10
21.52865427318801
 20
45.2275
  0
LWPOLYLINE
  5
447
330
17
100
AcDbEntity
  8
Z-ODWODNIENIE
370
25
 48
0.2
100
AcDbPolyline
 90
3
 70
1
 10
21.52865427318801
 20
44.7875
 10
21.429433595592208
 20
45.297946135392785
 10
21.627874950783813
 20
45.297946135392785
  0
LWPOLYLINE
  5
448
330
17
100
AcDbEntity
  8
Z-ODWODNIENIE
370
25
 48
0.2
100
AcDbPolyline
 90
2
 70
0
 10
6.9107168824505285
 20
5.91408648740067
 10
6.092472137092236
 20
5.091848360886493
  0
LWPOLYLINE
  5
449
330
17
100
AcDbEntity
  8
Z-ODWODNIENIE
370
25
 48
0.2
100
AcDbPolyline
 90
3
 70
1
 10
5.782103440577022
 20
4.779964933588012
 10
6.071833478521637
 20
5.211771030247857
 10
6.212493864828259
 20
5.0717937921898315
  0
LWPOLYLINE
  5
44A
330
17
100
AcDbEntity
  8
Z-ODWODNIENIE
370
25
 48
0.2
100
AcDbPolyline
 90
2
 70
0
 10
6.995988546172633
 20
13.987869750930411
 10
6.131805154222316
 20
13.21405642390816
  0
LWPOLYLINE
  5
44B
330
17
100
AcDbEntity
  8
Z-ODWODNIENIE
370
25
 48
0.2
100
AcDbPolyline
 90
3
 70
1
 10
5.804011453827368
 20
12.920541024003168
 10
6.1180983418031065
 20
13.33496764814997
 10
6.250474691182091
 20
13.187131679673506
  0
LWPOLYLINE
  5
44C
330
17
100
AcDbEntity
  8
Z-ODWODNIENIE
370
25
 48
0.2
100
AcDbPolyline
 90
2
 70
0
 10
15.407645339988353
 20
7.035375386738748
 10
14.816559597005241
 20
6.0372683561843585
  0
LWPOLYLINE
  5
44D
330
17
100
AcDbEntity
  8
Z-ODWODNIENIE
370
25
 48
0.2
100
AcDbPolyline
 90
3
 70
1
 10
14.592354660011647
 20
5.658676034249934
 10
14.767082743896786
 20
6.148441382862745
 10
14.93782904714634
 20
6.047324265731705
  0
LWPOLYLINE
  5
44E
330
17
100
AcDbEntity
  8
Z-ODWODNIENIE
370
25
 48
0.2
100
AcDbPolyline
 90
2
 70
0
 10
16.216050746884275
 20
23.946864677739907
 10
16.192777163902075
 20
22.787098175233837
  0
LWPOLYLINE
  5
44F
330
17
100
AcDbEntity
  8
Z-ODWODNIENIE
370
25
 48
0.2
100
AcDbPolyline
 90
3
 70
1
 10
16.183949253115724
 20
22.347186743248773
 10
16.09498984989024
 20
22.859520837934816
 10
16.293391260634323
 20
22.855539422980375
  0
LWPOLYLINE
  5
450
330
17
100
AcDbEntity
  8
Z-ODWODNIENIE
370
25
 48
0.2
100
AcDbPolyline
 90
2
 70
0
 10
25.78290173510635
 20
3.6164931739738297
 10
24.937694219202143
 20
2.8219969467587243
  0
LWPOLYLINE
  5
451
330
17
100
AcDbEntity
  8
Z-ODWODNIENIE
370
25
 48
0.2
100
AcDbPolyline
 90
3
 70
1
 10
24.61709826489365
 20
2.520636308849546
 10
24.921065899451104
 20
2.942541128852288
 10
25.05698047533316
 20
2.797951366029734
  0
LWPOLYLINE
  5
452
330
17
100
AcDbEntity
  8
Z-ODWODNIENIE
370
25
 48
0.2
100
AcDbPolyline
 90
2
 70
0
 10
24.784904165272334
 20
15.192347168549633
 10
23.64679312562745
 20
15.416631054369457
  0
LWPOLYLINE
  5
453
330
17
100
AcDbEntity
  8
Z-ODWODNIENIE
370
25
 48
0.2
100
AcDbPolyline
 90
3
 70
1
 10
23.215095834727666
 20
15.501704252439046
 10
23.735094094175476
 20
15.500358826391825
 10
23.696725819822266
 20
15.305662018576601
  0
LWPOLYLINE
  5
454
330
17
100
AcDbEntity
  8
Z-ODWODNIENIE
370
25
 48
0.2
100
AcDbPolyline
 90
2
 70
0
 10
25.01075868208128
 20
24.629778309285935
 10
25.805484896940808
 20
23.78478704103812
  0
LWPOLYLINE
  5
455
330
17
100
AcDbEntity
  8
Z-ODWODNIENIE
370
25
 48
0.2
100
AcDbPolyline
 90
3
 70
1
 10
26.106932771542695
 20
23.46427311170274
 10
25.68494524458712
 20
23.768125916682255
 10
25.829498013894163
 20
23.90407983658141
  0
LWPOLYLINE
  5
456
330
17
100
AcDbEntity
  8
Z-LZ
  6
Continuous
370
35
 48
0.2
420
12582912
100
AcDbPolyline
 90
2
 70
128
 10
0.0
 20
44.0
 10
32.0
 20
44.0
  0
LWPOLYLINE
  5
457
330
17
100
AcDbEntity
  8
Z-LZ
  6
Continuous
370
25
 48
0.2
420
12582912
100
AcDbPolyline
 90
3
 70
129
 10
1.2000000000000002
 20
44.0
 10
1.6
 20
44.0
 10
1.4000000000000001
 20
43.6536
  0
LWPOLYLINE
  5
458
330
17
100
AcDbEntity
  8
Z-LZ
  6
Continuous
370
25
 48
0.2
420
12582912
100
AcDbPolyline
 90
3
 70
129
 10
4.0
 20
44.0
 10
4.4
 20
44.0
 10
4.2
 20
43.6536
  0
LWPOLYLINE
  5
459
330
17
100
AcDbEntity
  8
Z-LZ
  6
Continuous
370
25
 48
0.2
420
12582912
100
AcDbPolyline
 90
3
 70
129
 10
6.8
 20
44.0
 10
7.2
 20
44.0
 10
7.0
 20
43.6536
  0
LWPOLYLINE
  5
45A
330
17
100
AcDbEntity
  8
Z-LZ
  6
Continuous
370
25
 48
0.2
420
12582912
100
AcDbPolyline
 90
3
 70
129
 10
9.600000000000001
 20
44.0
 10
10.0
 20
44.0
 10
9.8
 20
43.6536
  0
LWPOLYLINE
  5
45B
330
17
100
AcDbEntity
  8
Z-LZ
  6
Continuous
370
25
 48
0.2
420
12582912
100
AcDbPolyline
 90
3
 70
129
 10
12.400000000000002
 20
44.0
 10
12.8
 20
44.0
 10
12.600000000000001
 20
43.6536
  0
LWPOLYLINE
  5
45C
330
17
100
AcDbEntity
  8
Z-LZ
  6
Continuous
370
25
 48
0.2
420
12582912
100
AcDbPolyline
 90
3
 70
129
 10
15.200000000000003
 20
44.0
 10
15.600000000000001
 20
44.0
 10
15.400000000000002
 20
43.6536
  0
LWPOLYLINE
  5
45D
330
17
100
AcDbEntity
  8
Z-LZ
  6
Continuous
370
25
 48
0.2
420
12582912
100
AcDbPolyline
 90
3
 70
129
 10
18.000000000000004
 20
44.0
 10
18.400000000000002
 20
44.0
 10
18.200000000000003
 20
43.6536
  0
LWPOLYLINE
  5
45E
330
17
100
AcDbEntity
  8
Z-LZ
  6
Continuous
370
25
 48
0.2
420
12582912
100
AcDbPolyline
 90
3
 70
129
 10
20.800000000000004
 20
44.0
 10
21.200000000000003
 20
44.0
 10
21.000000000000004
 20
43.6536
  0
LWPOLYLINE
  5
45F
330
17
100
AcDbEntity
  8
Z-LZ
  6
Continuous
370
25
 48
0.2
420
12582912
100
AcDbPolyline
 90
3
 70
129
 10
23.600000000000005
 20
44.0
 10
24.000000000000004
 20
44.0
 10
23.800000000000004
 20
43.6536
  0
LWPOLYLINE
  5
460
330
17
100
AcDbEntity
  8
Z-LZ
  6
Continuous
370
25
 48
0.2
420
12582912
100
AcDbPolyline
 90
3
 70
129
 10
26.400000000000006
 20
44.0
 10
26.800000000000004
 20
44.0
 10
26.600000000000005
 20
43.6536
  0
LWPOLYLINE
  5
461
330
17
100
AcDbEntity
  8
Z-LZ
  6
Continuous
370
25
 48
0.2
420
12582912
100
AcDbPolyline
 90
3
 70
129
 10
29.200000000000006
 20
44.0
 10
29.600000000000005
 20
44.0
 10
29.400000000000006
 20
43.6536
  0
LWPOLYLINE
  5
462
330
17
100
AcDbEntity
  8
Z-LZ
370
18
 48
0.2
420
12582912
100
AcDbPolyline
 90
2
 70
0
 10
1.0
 20
44.0
 10
1.0
 20
46.9
  0
HATCH
  5
463
330
17
100
AcDbEntity
  8
Z-DZIALKA
 62
7
420
0
100
AcDbHatch
 10
0.0
 20
0.0
 30
0.0
210
0.0
220
0.0
230
1.0
  2
SOLID
 70
1
 71
0
 91
1
 92
3
 72
0
 73
1
 93
24
 10
0.1
 20
0.0
 10
0.09659258262890684
 20
0.025881904510252074
 10
0.08660254037844388
 20
0.049999999999999996
 10
0.07071067811865477
 20
0.07071067811865475
 10
0.05000000000000002
 20
0.08660254037844387
 10
0.025881904510252098
 20
0.09659258262890683
 10
6.123233995736766e-18
 20
0.1
 10
-0.025881904510252064
 20
0.09659258262890684
 10
-0.04999999999999998
 20
0.08660254037844388
 10
-0.07071067811865475
 20
0.07071067811865477
 10
-0.08660254037844385
 20
0.05000000000000004
 10
-0.09659258262890683
 20
0.0258819045102521
 10
-0.1
 20
1.2246467991473533e-17
 10
-0.09659258262890685
 20
-0.025881904510252036
 10
-0.08660254037844389
 20
-0.049999999999999975
 10
-0.0707106781186548
 20
-0.07071067811865471
 10
-0.050000000000000044
 20
-0.08660254037844384
 10
-0.025881904510252154
 20
-0.09659258262890681
 10
-1.8369701987210297e-17
 20
-0.1
 10
0.025881904510252032
 20
-0.09659258262890685
 10
0.04999999999999993
 20
-0.0866025403784439
 10
0.07071067811865474
 20
-0.07071067811865477
 10
0.08660254037844384
 20
-0.050000000000000044
 10
0.09659258262890681
 20
-0.025881904510252157
 97
0
 75
0
 76
1
 98
0
  0
HATCH
  5
464
330
17
100
AcDbEntity
  8
Z-DZIALKA
 62
7
420
0
100
AcDbHatch
 10
0.0
 20
0.0
 30
0.0
210
0.0
220
0.0
230
1.0
  2
SOLID
 70
1
 71
0
 91
1
 92
3
 72
0
 73
1
 93
24
 10
32.1
 20
0.0
 10
32.09659258262891
 20
0.025881904510252074
 10
32.08660254037844
 20
0.049999999999999996
 10
32.07071067811866
 20
0.07071067811865475
 10
32.05
 20
0.08660254037844387
 10
32.02588190451025
 20
0.09659258262890683
 10
32.0
 20
0.1
 10
31.974118095489747
 20
0.09659258262890684
 10
31.95
 20
0.08660254037844388
 10
31.929289321881345
 20
0.07071067811865477
 10
31.913397459621557
 20
0.05000000000000004
 10
31.903407417371092
 20
0.0258819045102521
 10
31.9
 20
1.2246467991473533e-17
 10
31.903407417371092
 20
-0.025881904510252036
 10
31.913397459621557
 20
-0.049999999999999975
 10
31.929289321881345
 20
-0.07071067811865471
 10
31.95
 20
-0.08660254037844384
 10
31.974118095489747
 20
-0.09659258262890681
 10
32.0
 20
-0.1
 10
32.02588190451025
 20
-0.09659258262890685
 10
32.05
 20
-0.0866025403784439
 10
32.07071067811866
 20
-0.07071067811865477
 10
32.08660254037844
 20
-0.050000000000000044
 10
32.09659258262891
 20
-0.025881904510252157
 97
0
 75
0
 76
1
 98
0
  0
HATCH
  5
465
330
17
100
AcDbEntity
  8
Z-DZIALKA
 62
7
420
0
100
AcDbHatch
 10
0.0
 20
0.0
 30
0.0
210
0.0
220
0.0
230
1.0
  2
SOLID
 70
1
 71
0
 91
1
 92
3
 72
0
 73
1
 93
24
 10
32.1
 20
50.0
 10
32.09659258262891
 20
50.02588190451025
 10
32.08660254037844
 20
50.05
 10
32.07071067811866
 20
50.07071067811866
 10
32.05
 20
50.08660254037844
 10
32.02588190451025
 20
50.09659258262891
 10
32.0
 20
50.1
 10
31.974118095489747
 20
50.09659258262891
 10
31.95
 20
50.08660254037844
 10
31.929289321881345
 20
50.07071067811866
 10
31.913397459621557
 20
50.05
 10
31.903407417371092
 20
50.02588190451025
 10
31.9
 20
50.0
 10
31.903407417371092
 20
49.97411809548975
 10
31.913397459621557
 20
49.95
 10
31.929289321881345
 20
49.92928932188134
 10
31.95
 20
49.91339745962156
 10
31.974118095489747
 20
49.90340741737109
 10
32.0
 20
49.9
 10
32.02588190451025
 20
49.90340741737109
 10
32.05
 20
49.91339745962156
 10
32.07071067811866
 20
49.92928932188134
 10
32.08660254037844
 20
49.95
 10
32.09659258262891
 20
49.97411809548975
 97
0
 75
0
 76
1
 98
0
  0
HATCH
  5
466
330
17
100
AcDbEntity
  8
Z-DZIALKA
 62
7
420
0
100
AcDbHatch
 10
0.0
 20
0.0
 30
0.0
210
0.0
220
0.0
230
1.0
  2
SOLID
 70
1
 71
0
 91
1
 92
3
 72
0
 73
1
 93
24
 10
0.1
 20
50.0
 10
0.09659258262890684
 20
50.02588190451025
 10
0.08660254037844388
 20
50.05
 10
0.07071067811865477
 20
50.07071067811866
 10
0.05000000000000002
 20
50.08660254037844
 10
0.025881904510252098
 20
50.09659258262891
 10
6.123233995736766e-18
 20
50.1
 10
-0.025881904510252064
 20
50.09659258262891
 10
-0.04999999999999998
 20
50.08660254037844
 10
-0.07071067811865475
 20
50.07071067811866
 10
-0.08660254037844385
 20
50.05
 10
-0.09659258262890683
 20
50.02588190451025
 10
-0.1
 20
50.0
 10
-0.09659258262890685
 20
49.97411809548975
 10
-0.08660254037844389
 20
49.95
 10
-0.0707106781186548
 20
49.92928932188134
 10
-0.050000000000000044
 20
49.91339745962156
 10
-0.025881904510252154
 20
49.90340741737109
 10
-1.8369701987210297e-17
 20
49.9
 10
0.025881904510252032
 20
49.90340741737109
 10
0.04999999999999993
 20
49.91339745962156
 10
0.07071067811865474
 20
49.92928932188134
 10
0.08660254037844384
 20
49.95
 10
0.09659258262890681
 20
49.97411809548975
 97
0
 75
0
 76
1
 98
0
  0
LWPOLYLINE
  5
467
330
17
100
AcDbEntity
  8
Z-DZIALKA
  6
Continuous
370
35
 48
0.2
420
0
100
AcDbPolyline
 90
4
 70
129
 10
0.0
 20
0.0
 10
32.0
 20
0.0
 10
32.0
 20
50.0
 10
0.0
 20
50.0
  0
LWPOLYLINE
  5
468
330
17
100
AcDbEntity
  8
Z-BUDYNEK-NAD
  6
KRESKOWA
370
70
 48
0.2
100
AcDbPolyline
 90
3
 70
128
 10
6.3
 20
32.400000000000006
 10
6.3
 20
38.125
 10
7.28
 20
38.125
  0
LWPOLYLINE
  5
469
330
17
100
AcDbEntity
  8
Z-BUDYNEK-NAD
  6
KRESKOWA
370
70
 48
0.2
100
AcDbPolyline
 90
2
 70
128
 10
7.28
 20
32.400000000000006
 10
6.3
 20
32.400000000000006
  0
LWPOLYLINE
  5
46A
330
17
100
AcDbEntity
  8
Z-BUDYNEK-NAD
  6
PUNKTOWA
370
70
 48
0.2
100
AcDbPolyline
 90
11
 70
128
 10
26.275
 20
32.38
 10
26.275
 20
31.400000000000002
 10
21.4
 20
31.400000000000002
 10
21.049999999999997
 20
31.400000000000002
 10
20.2
 20
31.400000000000002
 10
11.2
 20
31.400000000000002
 10
7.3
 20
31.400000000000002
 10
7.3
 20
31.380000000000003
 10
5.18
 20
31.380000000000003
 10
5.18
 20
38.145
 10
6.28
 20
38.145
  0
LWPOLYLINE
  5
46B
330
17
100
AcDbEntity
  8
Z-BUDYNEK-NAD
  6
PUNKTOWA
370
70
 48
0.2
100
AcDbPolyline
 90
4
 70
128
 10
17.0
 20
41.77
 10
17.0
 20
43.050000000000004
 10
19.299999999999997
 20
43.050000000000004
 10
19.299999999999997
 20
42.395
  0
HATCH
  5
46C
330
17
100
AcDbEntity
  8
Z-BUDYNEK
 62
7
420
0
100
AcDbHatch
 10
0.0
 20
0.0
 30
0.0
210
0.0
220
0.0
230
1.0
  2
SOLID
 70
1
 71
0
 91
1
 92
3
 72
0
 73
1
 93
3
 10
18.2
 20
41.75
 10
18.599999999999998
 20
42.4428
 10
17.8
 20
42.4428
 97
0
 75
0
 76
1
 98
0
  0
LWPOLYLINE
  5
46D
330
17
100
AcDbEntity
  8
Z-BUDYNEK
  6
Continuous
370
140
 48
0.2
100
AcDbPolyline
 90
7
 70
129
 10
7.3
 20
32.400000000000006
 10
19.6
 20
32.400000000000006
 10
26.275
 20
32.400000000000006
 10
26.275
 20
42.375
 10
19.299999999999997
 20
42.375
 10
19.299999999999997
 20
41.75
 10
7.3
 20
41.75
  0
LWPOLYLINE
  5
46E
330
17
100
AcDbEntity
  8
Z-BUDYNEK
370
25
 48
0.2
100
AcDbPolyline
 90
3
 70
1
 10
18.2
 20
41.75
 10
18.599999999999998
 20
42.4428
 10
17.8
 20
42.4428
  0
LWPOLYLINE
  5
46F
330
17
100
AcDbEntity
  8
Z-BUDYNEK
370
35
 48
0.2
100
AcDbPolyline
 90
2
 70
0
 10
22.85
 20
44.175
 10
22.85
 20
42.615
  0
LWPOLYLINE
  5
470
330
17
100
AcDbEntity
  8
Z-BUDYNEK
370
35
 48
0.2
100
AcDbPolyline
 90
3
 70
0
 10
22.729039052200168
 20
43.100147863138
 10
22.85
 20
42.615
 10
22.970960947799835
 20
43.100147863138
  0
HATCH
  5
471
330
17
100
AcDbEntity
  8
Z-RZEDNE-PROJ
 62
7
420
0
100
AcDbHatch
 10
0.0
 20
0.0
 30
0.0
210
0.0
220
0.0
230
1.0
  2
SOLID
 70
1
 71
0
 91
1
 92
3
 72
0
 73
1
 93
24
 10
5.89
 20
35.112500000000004
 10
5.886933324366016
 20
35.13579371405923
 10
5.877942286340599
 20
35.157500000000006
 10
5.863639610306789
 20
35.17613961030679
 10
5.845
 20
35.190442286340605
 10
5.8232937140592265
 20
35.19943332436602
 10
5.8
 20
35.20250000000001
 10
5.776706285940773
 20
35.19943332436602
 10
5.755
 20
35.190442286340605
 10
5.7363603896932105
 20
35.17613961030679
 10
5.7220577136594
 20
35.157500000000006
 10
5.713066675633984
 20
35.13579371405923
 10
5.71
 20
35.112500000000004
 10
5.713066675633984
 20
35.089206285940776
 10
5.7220577136594
 20
35.0675
 10
5.7363603896932105
 20
35.04886038969322
 10
5.755
 20
35.0345577136594
 10
5.776706285940773
 20
35.02556667563399
 10
5.8
 20
35.0225
 10
5.8232937140592265
 20
35.02556667563399
 10
5.845
 20
35.0345577136594
 10
5.863639610306789
 20
35.04886038969322
 10
5.877942286340599
 20
35.0675
 10
5.886933324366016
 20
35.089206285940776
 97
0
 75
0
 76
1
 98
0
  0
HATCH
  5
472
330
17
100
AcDbEntity
  8
Z-RZEDNE-PROJ
 62
7
420
0
100
AcDbHatch
 10
0.0
 20
0.0
 30
0.0
210
0.0
220
0.0
230
1.0
  2
SOLID
 70
1
 71
0
 91
1
 92
3
 72
0
 73
1
 93
24
 10
18.49
 20
42.712500000000006
 10
18.486933324366014
 20
42.735793714059234
 10
18.4779422863406
 20
42.75750000000001
 10
18.46363961030679
 20
42.77613961030679
 10
18.445
 20
42.79044228634061
 10
18.423293714059227
 20
42.79943332436602
 10
18.4
 20
42.80250000000001
 10
18.37670628594077
 20
42.79943332436602
 10
18.354999999999997
 20
42.79044228634061
 10
18.33636038969321
 20
42.77613961030679
 10
18.322057713659397
 20
42.75750000000001
 10
18.313066675633983
 20
42.735793714059234
 10
18.31
 20
42.712500000000006
 10
18.313066675633983
 20
42.68920628594078
 10
18.322057713659397
 20
42.667500000000004
 10
18.33636038969321
 20
42.64886038969322
 10
18.354999999999997
 20
42.634557713659404
 10
18.37670628594077
 20
42.62556667563399
 10
18.4
 20
42.6225
 10
18.423293714059227
 20
42.62556667563399
 10
18.445
 20
42.634557713659404
 10
18.46363961030679
 20
42.64886038969322
 10
18.4779422863406
 20
42.667500000000004
 10
18.486933324366014
 20
42.68920628594078
 97
0
 75
0
 76
1
 98
0
  0
HATCH
  5
473
330
17
100
AcDbEntity
  8
Z-RZEDNE-PROJ
 62
7
420
0
100
AcDbHatch
 10
0.0
 20
0.0
 30
0.0
210
0.0
220
0.0
230
1.0
  2
SOLID
 70
1
 71
0
 91
1
 92
3
 72
0
 73
1
 93
24
 10
20.59
 20
31.900000000000006
 10
20.586933324366015
 20
31.923293714059234
 10
20.5779422863406
 20
31.945000000000007
 10
20.56363961030679
 20
31.963639610306796
 10
20.545
 20
31.977942286340607
 10
20.52329371405923
 20
31.98693332436602
 10
20.5
 20
31.990000000000006
 10
20.47670628594077
 20
31.98693332436602
 10
20.455
 20
31.977942286340607
 10
20.43636038969321
 20
31.963639610306796
 10
20.4220577136594
 20
31.945000000000007
 10
20.413066675633985
 20
31.923293714059234
 10
20.41
 20
31.900000000000006
 10
20.413066675633985
 20
31.876706285940777
 10
20.4220577136594
 20
31.855000000000004
 10
20.43636038969321
 20
31.836360389693215
 10
20.455
 20
31.822057713659404
 10
20.47670628594077
 20
31.81306667563399
 10
20.5
 20
31.810000000000006
 10
20.52329371405923
 20
31.81306667563399
 10
20.545
 20
31.822057713659404
 10
20.56363961030679
 20
31.836360389693215
 10
20.5779422863406
 20
31.855000000000004
 10
20.586933324366015
 20
31.876706285940777
 97
0
 75
0
 76
1
 98
0
  0
HATCH
  5
474
330
17
100
AcDbEntity
  8
Z-RZEDNE-PROJ
 62
7
420
0
100
AcDbHatch
 10
0.0
 20
0.0
 30
0.0
210
0.0
220
0.0
230
1.0
  2
SOLID
 70
1
 71
0
 91
1
 92
3
 72
0
 73
1
 93
24
 10
8.64
 20
32.4
 10
8.636933324366018
 20
32.42329371405923
 10
8.6279422863406
 20
32.445
 10
8.61363961030679
 20
32.463639610306785
 10
8.595
 20
32.4779422863406
 10
8.573293714059227
 20
32.486933324366014
 10
8.55
 20
32.49
 10
8.526706285940774
 20
32.486933324366014
 10
8.505
 20
32.4779422863406
 10
8.486360389693212
 20
32.463639610306785
 10
8.472057713659401
 20
32.445
 10
8.463066675633984
 20
32.42329371405923
 10
8.46
 20
32.4
 10
8.463066675633984
 20
32.37670628594077
 10
8.472057713659401
 20
32.355
 10
8.486360389693212
 20
32.33636038969321
 10
8.505
 20
32.3220577136594
 10
8.526706285940774
 20
32.31306667563398
 10
8.55
 20
32.309999999999995
 10
8.573293714059227
 20
32.31306667563398
 10
8.595
 20
32.3220577136594
 10
8.61363961030679
 20
32.33636038969321
 10
8.6279422863406
 20
32.355
 10
8.636933324366018
 20
32.37670628594077
 97
0
 75
0
 76
1
 98
0
  0
HATCH
  5
475
330
17
100
AcDbEntity
  8
Z-RZEDNE-PROJ
 62
7
420
0
100
AcDbHatch
 10
0.0
 20
0.0
 30
0.0
210
0.0
220
0.0
230
1.0
  2
SOLID
 70
1
 71
0
 91
1
 92
3
 72
0
 73
1
 93
24
 10
16.38
 20
32.4
 10
16.376933324366014
 20
32.42329371405923
 10
16.3679422863406
 20
32.445
 10
16.35363961030679
 20
32.463639610306785
 10
16.335
 20
32.4779422863406
 10
16.313293714059228
 20
32.486933324366014
 10
16.29
 20
32.49
 10
16.26670628594077
 20
32.486933324366014
 10
16.244999999999997
 20
32.4779422863406
 10
16.22636038969321
 20
32.463639610306785
 10
16.212057713659398
 20
32.445
 10
16.203066675633984
 20
32.42329371405923
 10
16.2
 20
32.4
 10
16.203066675633984
 20
32.37670628594077
 10
16.212057713659398
 20
32.355
 10
16.22636038969321
 20
32.33636038969321
 10
16.244999999999997
 20
32.3220577136594
 10
16.26670628594077
 20
32.31306667563398
 10
16.29
 20
32.309999999999995
 10
16.313293714059228
 20
32.31306667563398
 10
16.335
 20
32.3220577136594
 10
16.35363961030679
 20
32.33636038969321
 10
16.3679422863406
 20
32.355
 10
16.376933324366014
 20
32.37670628594077
 97
0
 75
0
 76
1
 98
0
  0
HATCH
  5
476
330
17
100
AcDbEntity
  8
Z-RZEDNE-PROJ
 62
7
420
0
100
AcDbHatch
 10
0.0
 20
0.0
 30
0.0
210
0.0
220
0.0
230
1.0
  2
SOLID
 70
1
 71
0
 91
1
 92
3
 72
0
 73
1
 93
24
 10
26.36
 20
32.9
 10
26.356933324366015
 20
32.92329371405923
 10
26.3479422863406
 20
32.945
 10
26.33363961030679
 20
32.963639610306785
 10
26.315
 20
32.9779422863406
 10
26.293293714059228
 20
32.986933324366014
 10
26.27
 20
32.99
 10
26.24670628594077
 20
32.986933324366014
 10
26.224999999999998
 20
32.9779422863406
 10
26.20636038969321
 20
32.963639610306785
 10
26.1920577136594
 20
32.945
 10
26.183066675633984
 20
32.92329371405923
 10
26.18
 20
32.9
 10
26.183066675633984
 20
32.87670628594077
 10
26.1920577136594
 20
32.855
 10
26.20636038969321
 20
32.83636038969321
 10
26.224999999999998
 20
32.8220577136594
 10
26.24670628594077
 20
32.81306667563398
 10
26.27
 20
32.809999999999995
 10
26.293293714059228
 20
32.81306667563398
 10
26.315
 20
32.8220577136594
 10
26.33363961030679
 20
32.83636038969321
 10
26.3479422863406
 20
32.855
 10
26.356933324366015
 20
32.87670628594077
 97
0
 75
0
 76
1
 98
0
  0
HATCH
  5
477
330
17
100
AcDbEntity
  8
Z-RZEDNE-PROJ
 62
7
420
0
100
AcDbHatch
 10
0.0
 20
0.0
 30
0.0
210
0.0
220
0.0
230
1.0
  2
SOLID
 70
1
 71
0
 91
1
 92
3
 72
0
 73
1
 93
24
 10
16.14
 20
41.75
 10
16.136933324366016
 20
41.77329371405923
 10
16.127942286340602
 20
41.795
 10
16.11363961030679
 20
41.81363961030679
 10
16.095000000000002
 20
41.8279422863406
 10
16.07329371405923
 20
41.836933324366015
 10
16.05
 20
41.84
 10
16.026706285940772
 20
41.836933324366015
 10
16.005
 20
41.8279422863406
 10
15.986360389693212
 20
41.81363961030679
 10
15.972057713659401
 20
41.795
 10
15.963066675633984
 20
41.77329371405923
 10
15.96
 20
41.75
 10
15.963066675633984
 20
41.72670628594077
 10
15.972057713659401
 20
41.705
 10
15.986360389693212
 20
41.68636038969321
 10
16.005
 20
41.6720577136594
 10
16.026706285940772
 20
41.663066675633985
 10
16.05
 20
41.66
 10
16.07329371405923
 20
41.663066675633985
 10
16.095000000000002
 20
41.6720577136594
 10
16.11363961030679
 20
41.68636038969321
 10
16.127942286340602
 20
41.705
 10
16.136933324366016
 20
41.72670628594077
 97
0
 75
0
 76
1
 98
0
  0
HATCH
  5
478
330
17
100
AcDbEntity
  8
Z-RZEDNE-PROJ
 62
7
420
0
100
AcDbHatch
 10
0.0
 20
0.0
 30
0.0
210
0.0
220
0.0
230
1.0
  2
SOLID
 70
1
 71
0
 91
1
 92
3
 72
0
 73
1
 93
24
 10
10.81
 20
32.1
 10
10.806933324366018
 20
32.12329371405923
 10
10.7979422863406
 20
32.145
 10
10.783639610306789
 20
32.16363961030679
 10
10.765
 20
32.1779422863406
 10
10.743293714059227
 20
32.18693332436602
 10
10.72
 20
32.190000000000005
 10
10.696706285940774
 20
32.18693332436602
 10
10.675
 20
32.1779422863406
 10
10.656360389693212
 20
32.16363961030679
 10
10.642057713659401
 20
32.145
 10
10.633066675633984
 20
32.12329371405923
 10
10.63
 20
32.1
 10
10.633066675633984
 20
32.07670628594077
 10
10.642057713659401
 20
32.055
 10
10.656360389693212
 20
32.036360389693215
 10
10.675
 20
32.0220577136594
 10
10.696706285940774
 20
32.013066675633986
 10
10.72
 20
32.01
 10
10.743293714059227
 20
32.013066675633986
 10
10.765
 20
32.0220577136594
 10
10.783639610306789
 20
32.036360389693215
 10
10.7979422863406
 20
32.055
 10
10.806933324366018
 20
32.07670628594077
 97
0
 75
0
 76
1
 98
0
  0
HATCH
  5
479
330
17
100
AcDbEntity
  8
Z-RZEDNE-PROJ
 62
7
420
0
100
AcDbHatch
 10
0.0
 20
0.0
 30
0.0
210
0.0
220
0.0
230
1.0
  2
SOLID
 70
1
 71
0
 91
1
 92
3
 72
0
 73
1
 93
24
 10
6.59
 20
31.6
 10
6.586933324366016
 20
31.62329371405923
 10
6.577942286340599
 20
31.645000000000003
 10
6.563639610306789
 20
31.66363961030679
 10
6.545
 20
31.677942286340603
 10
6.523293714059227
 20
31.686933324366017
 10
6.5
 20
31.69
 10
6.476706285940773
 20
31.686933324366017
 10
6.455
 20
31.677942286340603
 10
6.436360389693211
 20
31.66363961030679
 10
6.422057713659401
 20
31.645000000000003
 10
6.413066675633984
 20
31.62329371405923
 10
6.41
 20
31.6
 10
6.413066675633984
 20
31.576706285940773
 10
6.422057713659401
 20
31.555
 10
6.436360389693211
 20
31.53636038969321
 10
6.455
 20
31.5220577136594
 10
6.476706285940773
 20
31.513066675633986
 10
6.5
 20
31.51
 10
6.523293714059227
 20
31.513066675633986
 10
6.545
 20
31.5220577136594
 10
6.563639610306789
 20
31.53636038969321
 10
6.577942286340599
 20
31.555
 10
6.586933324366016
 20
31.576706285940773
 97
0
 75
0
 76
1
 98
0
  0
HATCH
  5
47A
330
17
100
AcDbEntity
  8
Z-RZEDNE-PROJ
 62
7
420
0
100
AcDbHatch
 10
0.0
 20
0.0
 30
0.0
210
0.0
220
0.0
230
1.0
  2
SOLID
 70
1
 71
0
 91
1
 92
3
 72
0
 73
1
 93
24
 10
6.59
 20
37.08
 10
6.586933324366016
 20
37.10329371405923
 10
6.577942286340599
 20
37.125
 10
6.563639610306789
 20
37.143639610306785
 10
6.545
 20
37.1579422863406
 10
6.523293714059227
 20
37.16693332436601
 10
6.5
 20
37.17
 10
6.476706285940773
 20
37.16693332436601
 10
6.455
 20
37.1579422863406
 10
6.436360389693211
 20
37.143639610306785
 10
6.422057713659401
 20
37.125
 10
6.413066675633984
 20
37.10329371405923
 10
6.41
 20
37.08
 10
6.413066675633984
 20
37.05670628594077
 10
6.422057713659401
 20
37.035
 10
6.436360389693211
 20
37.01636038969321
 10
6.455
 20
37.0020577136594
 10
6.476706285940773
 20
36.99306667563398
 10
6.5
 20
36.989999999999995
 10
6.523293714059227
 20
36.99306667563398
 10
6.545
 20
37.0020577136594
 10
6.563639610306789
 20
37.01636038969321
 10
6.577942286340599
 20
37.035
 10
6.586933324366016
 20
37.05670628594077
 97
0
 75
0
 76
1
 98
0
  0
HATCH
  5
47B
330
17
100
AcDbEntity
  8
Z-RZEDNE-PROJ
 62
7
420
0
100
AcDbHatch
 10
0.0
 20
0.0
 30
0.0
210
0.0
220
0.0
230
1.0
  2
SOLID
 70
1
 71
0
 91
1
 92
3
 72
0
 73
1
 93
24
 10
6.59
 20
42.55
 10
6.586933324366016
 20
42.573293714059226
 10
6.577942286340599
 20
42.595
 10
6.563639610306789
 20
42.613639610306784
 10
6.545
 20
42.6279422863406
 10
6.523293714059227
 20
42.63693332436601
 10
6.5
 20
42.64
 10
6.476706285940773
 20
42.63693332436601
 10
6.455
 20
42.6279422863406
 10
6.436360389693211
 20
42.613639610306784
 10
6.422057713659401
 20
42.595
 10
6.413066675633984
 20
42.573293714059226
 10
6.41
 20
42.55
 10
6.413066675633984
 20
42.52670628594077
 10
6.422057713659401
 20
42.504999999999995
 10
6.436360389693211
 20
42.48636038969321
 10
6.455
 20
42.472057713659396
 10
6.476706285940773
 20
42.46306667563398
 10
6.5
 20
42.459999999999994
 10
6.523293714059227
 20
42.46306667563398
 10
6.545
 20
42.472057713659396
 10
6.563639610306789
 20
42.48636038969321
 10
6.577942286340599
 20
42.504999999999995
 10
6.586933324366016
 20
42.52670628594077
 97
0
 75
0
 76
1
 98
0
  0
HATCH
  5
47C
330
17
100
AcDbEntity
  8
Z-RZEDNE-PROJ
 62
7
420
0
100
AcDbHatch
 10
0.0
 20
0.0
 30
0.0
210
0.0
220
0.0
230
1.0
  2
SOLID
 70
1
 71
0
 91
1
 92
3
 72
0
 73
1
 93
24
 10
11.59
 20
42.55
 10
11.586933324366017
 20
42.573293714059226
 10
11.5779422863406
 20
42.595
 10
11.563639610306788
 20
42.613639610306784
 10
11.545
 20
42.6279422863406
 10
11.523293714059227
 20
42.63693332436601
 10
11.5
 20
42.64
 10
11.476706285940773
 20
42.63693332436601
 10
11.455
 20
42.6279422863406
 10
11.436360389693212
 20
42.613639610306784
 10
11.4220577136594
 20
42.595
 10
11.413066675633983
 20
42.573293714059226
 10
11.41
 20
42.55
 10
11.413066675633983
 20
42.52670628594077
 10
11.4220577136594
 20
42.504999999999995
 10
11.436360389693212
 20
42.48636038969321
 10
11.455
 20
42.472057713659396
 10
11.476706285940773
 20
42.46306667563398
 10
11.5
 20
42.459999999999994
 10
11.523293714059227
 20
42.46306667563398
 10
11.545
 20
42.472057713659396
 10
11.563639610306788
 20
42.48636038969321
 10
11.5779422863406
 20
42.504999999999995
 10
11.586933324366017
 20
42.52670628594077
 97
0
 75
0
 76
1
 98
0
  0
HATCH
  5
47D
330
17
100
AcDbEntity
  8
Z-RZEDNE-PROJ
 62
7
420
0
100
AcDbHatch
 10
0.0
 20
0.0
 30
0.0
210
0.0
220
0.0
230
1.0
  2
SOLID
 70
1
 71
0
 91
1
 92
3
 72
0
 73
1
 93
24
 10
27.169999999999998
 20
42.21
 10
27.166933324366013
 20
42.23329371405923
 10
27.1579422863406
 20
42.255
 10
27.14363961030679
 20
42.27363961030679
 10
27.125
 20
42.2879422863406
 10
27.103293714059227
 20
42.296933324366016
 10
27.08
 20
42.300000000000004
 10
27.05670628594077
 20
42.296933324366016
 10
27.034999999999997
 20
42.2879422863406
 10
27.016360389693208
 20
42.27363961030679
 10
27.002057713659397
 20
42.255
 10
26.993066675633983
 20
42.23329371405923
 10
26.99
 20
42.21
 10
26.993066675633983
 20
42.18670628594077
 10
27.002057713659397
 20
42.165
 10
27.016360389693208
 20
42.146360389693214
 10
27.034999999999997
 20
42.1320577136594
 10
27.05670628594077
 20
42.123066675633986
 10
27.08
 20
42.12
 10
27.103293714059227
 20
42.123066675633986
 10
27.125
 20
42.1320577136594
 10
27.14363961030679
 20
42.146360389693214
 10
27.1579422863406
 20
42.165
 10
27.166933324366013
 20
42.18670628594077
 97
0
 75
0
 76
1
 98
0
  0
HATCH
  5
47E
330
17
100
AcDbEntity
  8
Z-RZEDNE-PROJ
 62
7
420
0
100
AcDbHatch
 10
0.0
 20
0.0
 30
0.0
210
0.0
220
0.0
230
1.0
  2
SOLID
 70
1
 71
0
 91
1
 92
3
 72
0
 73
1
 93
24
 10
27.169999999999998
 20
35.46
 10
27.166933324366013
 20
35.48329371405923
 10
27.1579422863406
 20
35.505
 10
27.14363961030679
 20
35.52363961030679
 10
27.125
 20
35.5379422863406
 10
27.103293714059227
 20
35.546933324366016
 10
27.08
 20
35.550000000000004
 10
27.05670628594077
 20
35.546933324366016
 10
27.034999999999997
 20
35.5379422863406
 10
27.016360389693208
 20
35.52363961030679
 10
27.002057713659397
 20
35.505
 10
26.993066675633983
 20
35.48329371405923
 10
26.99
 20
35.46
 10
26.993066675633983
 20
35.43670628594077
 10
27.002057713659397
 20
35.415
 10
27.016360389693208
 20
35.396360389693214
 10
27.034999999999997
 20
35.3820577136594
 10
27.05670628594077
 20
35.373066675633986
 10
27.08
 20
35.37
 10
27.103293714059227
 20
35.373066675633986
 10
27.125
 20
35.3820577136594
 10
27.14363961030679
 20
35.396360389693214
 10
27.1579422863406
 20
35.415
 10
27.166933324366013
 20
35.43670628594077
 97
0
 75
0
 76
1
 98
0
  0
HATCH
  5
47F
330
17
100
AcDbEntity
  8
Z-RZEDNE-PROJ
 62
7
420
0
100
AcDbHatch
 10
0.0
 20
0.0
 30
0.0
210
0.0
220
0.0
230
1.0
  2
SOLID
 70
1
 71
0
 91
1
 92
3
 72
0
 73
1
 93
24
 10
23.74
 20
31.6
 10
23.736933324366014
 20
31.62329371405923
 10
23.7279422863406
 20
31.645000000000003
 10
23.71363961030679
 20
31.66363961030679
 10
23.695
 20
31.677942286340603
 10
23.673293714059227
 20
31.686933324366017
 10
23.65
 20
31.69
 10
23.62670628594077
 20
31.686933324366017
 10
23.604999999999997
 20
31.677942286340603
 10
23.58636038969321
 20
31.66363961030679
 10
23.572057713659397
 20
31.645000000000003
 10
23.563066675633983
 20
31.62329371405923
 10
23.56
 20
31.6
 10
23.563066675633983
 20
31.576706285940773
 10
23.572057713659397
 20
31.555
 10
23.58636038969321
 20
31.53636038969321
 10
23.604999999999997
 20
31.5220577136594
 10
23.62670628594077
 20
31.513066675633986
 10
23.65
 20
31.51
 10
23.673293714059227
 20
31.513066675633986
 10
23.695
 20
31.5220577136594
 10
23.71363961030679
 20
31.53636038969321
 10
23.7279422863406
 20
31.555
 10
23.736933324366014
 20
31.576706285940773
 97
0
 75
0
 76
1
 98
0
  0
HATCH
  5
480
330
17
100
AcDbEntity
  8
Z-RZEDNE-PROJ
 62
7
420
0
100
AcDbHatch
 10
0.0
 20
0.0
 30
0.0
210
0.0
220
0.0
230
1.0
  2
SOLID
 70
1
 71
0
 91
1
 92
3
 72
0
 73
1
 93
24
 10
18.35
 20
31.6
 10
18.346933324366017
 20
31.62329371405923
 10
18.337942286340603
 20
31.645000000000003
 10
18.323639610306792
 20
31.66363961030679
 10
18.305000000000003
 20
31.677942286340603
 10
18.28329371405923
 20
31.686933324366017
 10
18.26
 20
31.69
 10
18.236706285940773
 20
31.686933324366017
 10
18.215
 20
31.677942286340603
 10
18.19636038969321
 20
31.66363961030679
 10
18.1820577136594
 20
31.645000000000003
 10
18.173066675633986
 20
31.62329371405923
 10
18.17
 20
31.6
 10
18.173066675633986
 20
31.576706285940773
 10
18.1820577136594
 20
31.555
 10
18.19636038969321
 20
31.53636038969321
 10
18.215
 20
31.5220577136594
 10
18.236706285940773
 20
31.513066675633986
 10
18.26
 20
31.51
 10
18.28329371405923
 20
31.513066675633986
 10
18.305000000000003
 20
31.5220577136594
 10
18.323639610306792
 20
31.53636038969321
 10
18.337942286340603
 20
31.555
 10
18.346933324366017
 20
31.576706285940773
 97
0
 75
0
 76
1
 98
0
  0
HATCH
  5
481
330
17
100
AcDbEntity
  8
Z-RZEDNE-PROJ
 62
7
420
0
100
AcDbHatch
 10
0.0
 20
0.0
 30
0.0
210
0.0
220
0.0
230
1.0
  2
SOLID
 70
1
 71
0
 91
1
 92
3
 72
0
 73
1
 93
24
 10
12.959999999999999
 20
31.6
 10
12.956933324366016
 20
31.62329371405923
 10
12.947942286340599
 20
31.645000000000003
 10
12.933639610306788
 20
31.66363961030679
 10
12.915
 20
31.677942286340603
 10
12.893293714059226
 20
31.686933324366017
 10
12.87
 20
31.69
 10
12.846706285940773
 20
31.686933324366017
 10
12.825
 20
31.677942286340603
 10
12.80636038969321
 20
31.66363961030679
 10
12.7920577136594
 20
31.645000000000003
 10
12.783066675633982
 20
31.62329371405923
 10
12.78
 20
31.6
 10
12.783066675633982
 20
31.576706285940773
 10
12.7920577136594
 20
31.555
 10
12.80636038969321
 20
31.53636038969321
 10
12.825
 20
31.5220577136594
 10
12.846706285940773
 20
31.513066675633986
 10
12.87
 20
31.51
 10
12.893293714059226
 20
31.513066675633986
 10
12.915
 20
31.5220577136594
 10
12.933639610306788
 20
31.53636038969321
 10
12.947942286340599
 20
31.555
 10
12.956933324366016
 20
31.576706285940773
 97
0
 75
0
 76
1
 98
0
  0
HATCH
  5
482
330
17
100
AcDbEntity
  8
Z-RZEDNE-PROJ
 62
7
420
0
100
AcDbHatch
 10
0.0
 20
0.0
 30
0.0
210
0.0
220
0.0
230
1.0
  2
SOLID
 70
1
 71
0
 91
1
 92
3
 72
0
 73
1
 93
24
 10
5.89
 20
33.86
 10
5.886933324366016
 20
33.88329371405923
 10
5.877942286340599
 20
33.905
 10
5.863639610306789
 20
33.923639610306786
 10
5.845
 20
33.9379422863406
 10
5.8232937140592265
 20
33.946933324366015
 10
5.8
 20
33.95
 10
5.776706285940773
 20
33.946933324366015
 10
5.755
 20
33.9379422863406
 10
5.7363603896932105
 20
33.923639610306786
 10
5.7220577136594
 20
33.905
 10
5.713066675633984
 20
33.88329371405923
 10
5.71
 20
33.86
 10
5.713066675633984
 20
33.83670628594077
 10
5.7220577136594
 20
33.815
 10
5.7363603896932105
 20
33.79636038969321
 10
5.755
 20
33.7820577136594
 10
5.776706285940773
 20
33.773066675633984
 10
5.8
 20
33.769999999999996
 10
5.8232937140592265
 20
33.773066675633984
 10
5.845
 20
33.7820577136594
 10
5.863639610306789
 20
33.79636038969321
 10
5.877942286340599
 20
33.815
 10
5.886933324366016
 20
33.83670628594077
 97
0
 75
0
 76
1
 98
0
  0
HATCH
  5
483
330
17
100
AcDbEntity
  8
Z-RZEDNE-PROJ
 62
7
420
0
100
AcDbHatch
 10
0.0
 20
0.0
 30
0.0
210
0.0
220
0.0
230
1.0
  2
SOLID
 70
1
 71
0
 91
1
 92
3
 72
0
 73
1
 93
24
 10
5.89
 20
39.3
 10
5.886933324366016
 20
39.323293714059226
 10
5.877942286340599
 20
39.345
 10
5.863639610306789
 20
39.363639610306784
 10
5.845
 20
39.3779422863406
 10
5.8232937140592265
 20
39.38693332436601
 10
5.8
 20
39.39
 10
5.776706285940773
 20
39.38693332436601
 10
5.755
 20
39.3779422863406
 10
5.7363603896932105
 20
39.363639610306784
 10
5.7220577136594
 20
39.345
 10
5.713066675633984
 20
39.323293714059226
 10
5.71
 20
39.3
 10
5.713066675633984
 20
39.27670628594077
 10
5.7220577136594
 20
39.254999999999995
 10
5.7363603896932105
 20
39.23636038969321
 10
5.755
 20
39.222057713659396
 10
5.776706285940773
 20
39.21306667563398
 10
5.8
 20
39.209999999999994
 10
5.8232937140592265
 20
39.21306667563398
 10
5.845
 20
39.222057713659396
 10
5.863639610306789
 20
39.23636038969321
 10
5.877942286340599
 20
39.254999999999995
 10
5.886933324366016
 20
39.27670628594077
 97
0
 75
0
 76
1
 98
0
  0
HATCH
  5
484
330
17
100
AcDbEntity
  8
Z-RZEDNE-PROJ
 62
7
420
0
100
AcDbHatch
 10
0.0
 20
0.0
 30
0.0
210
0.0
220
0.0
230
1.0
  2
SOLID
 70
1
 71
0
 91
1
 92
3
 72
0
 73
1
 93
24
 10
9.39
 20
43.25
 10
9.386933324366018
 20
43.27329371405923
 10
9.3779422863406
 20
43.295
 10
9.36363961030679
 20
43.31363961030679
 10
9.345
 20
43.3279422863406
 10
9.323293714059227
 20
43.336933324366015
 10
9.3
 20
43.34
 10
9.276706285940774
 20
43.336933324366015
 10
9.255
 20
43.3279422863406
 10
9.236360389693212
 20
43.31363961030679
 10
9.222057713659401
 20
43.295
 10
9.213066675633984
 20
43.27329371405923
 10
9.21
 20
43.25
 10
9.213066675633984
 20
43.22670628594077
 10
9.222057713659401
 20
43.205
 10
9.236360389693212
 20
43.18636038969321
 10
9.255
 20
43.1720577136594
 10
9.276706285940774
 20
43.163066675633985
 10
9.3
 20
43.16
 10
9.323293714059227
 20
43.163066675633985
 10
9.345
 20
43.1720577136594
 10
9.36363961030679
 20
43.18636038969321
 10
9.3779422863406
 20
43.205
 10
9.386933324366018
 20
43.22670628594077
 97
0
 75
0
 76
1
 98
0
  0
HATCH
  5
485
330
17
100
AcDbEntity
  8
Z-RZEDNE-PROJ
 62
7
420
0
100
AcDbHatch
 10
0.0
 20
0.0
 30
0.0
210
0.0
220
0.0
230
1.0
  2
SOLID
 70
1
 71
0
 91
1
 92
3
 72
0
 73
1
 93
24
 10
14.39
 20
43.25
 10
14.386933324366018
 20
43.27329371405923
 10
14.3779422863406
 20
43.295
 10
14.36363961030679
 20
43.31363961030679
 10
14.345
 20
43.3279422863406
 10
14.323293714059227
 20
43.336933324366015
 10
14.3
 20
43.34
 10
14.276706285940774
 20
43.336933324366015
 10
14.255
 20
43.3279422863406
 10
14.236360389693212
 20
43.31363961030679
 10
14.222057713659401
 20
43.295
 10
14.213066675633984
 20
43.27329371405923
 10
14.21
 20
43.25
 10
14.213066675633984
 20
43.22670628594077
 10
14.222057713659401
 20
43.205
 10
14.236360389693212
 20
43.18636038969321
 10
14.255
 20
43.1720577136594
 10
14.276706285940774
 20
43.163066675633985
 10
14.3
 20
43.16
 10
14.323293714059227
 20
43.163066675633985
 10
14.345
 20
43.1720577136594
 10
14.36363961030679
 20
43.18636038969321
 10
14.3779422863406
 20
43.205
 10
14.386933324366018
 20
43.22670628594077
 97
0
 75
0
 76
1
 98
0
  0
HATCH
  5
486
330
17
100
AcDbEntity
  8
Z-RZEDNE-PROJ
 62
7
420
0
100
AcDbHatch
 10
0.0
 20
0.0
 30
0.0
210
0.0
220
0.0
230
1.0
  2
SOLID
 70
1
 71
0
 91
1
 92
3
 72
0
 73
1
 93
24
 10
27.86
 20
39.88
 10
27.856933324366015
 20
39.90329371405923
 10
27.8479422863406
 20
39.925000000000004
 10
27.83363961030679
 20
39.94363961030679
 10
27.815
 20
39.957942286340604
 10
27.793293714059228
 20
39.96693332436602
 10
27.77
 20
39.970000000000006
 10
27.74670628594077
 20
39.96693332436602
 10
27.724999999999998
 20
39.957942286340604
 10
27.70636038969321
 20
39.94363961030679
 10
27.6920577136594
 20
39.925000000000004
 10
27.683066675633984
 20
39.90329371405923
 10
27.68
 20
39.88
 10
27.683066675633984
 20
39.856706285940774
 10
27.6920577136594
 20
39.835
 10
27.70636038969321
 20
39.816360389693216
 10
27.724999999999998
 20
39.8020577136594
 10
27.74670628594077
 20
39.79306667563399
 10
27.77
 20
39.79
 10
27.793293714059228
 20
39.79306667563399
 10
27.815
 20
39.8020577136594
 10
27.83363961030679
 20
39.816360389693216
 10
27.8479422863406
 20
39.835
 10
27.856933324366015
 20
39.856706285940774
 97
0
 75
0
 76
1
 98
0
  0
HATCH
  5
487
330
17
100
AcDbEntity
  8
Z-RZEDNE-PROJ
 62
7
420
0
100
AcDbHatch
 10
0.0
 20
0.0
 30
0.0
210
0.0
220
0.0
230
1.0
  2
SOLID
 70
1
 71
0
 91
1
 92
3
 72
0
 73
1
 93
24
 10
26.37
 20
30.9
 10
26.366933324366016
 20
30.923293714059227
 10
26.357942286340602
 20
30.945
 10
26.34363961030679
 20
30.96363961030679
 10
26.325000000000003
 20
30.9779422863406
 10
26.30329371405923
 20
30.986933324366014
 10
26.28
 20
30.99
 10
26.256706285940773
 20
30.986933324366014
 10
26.235
 20
30.9779422863406
 10
26.21636038969321
 20
30.96363961030679
 10
26.2020577136594
 20
30.945
 10
26.193066675633986
 20
30.923293714059227
 10
26.19
 20
30.9
 10
26.193066675633986
 20
30.87670628594077
 10
26.2020577136594
 20
30.854999999999997
 10
26.21636038969321
 20
30.83636038969321
 10
26.235
 20
30.822057713659397
 10
26.256706285940773
 20
30.813066675633983
 10
26.28
 20
30.81
 10
26.30329371405923
 20
30.813066675633983
 10
26.325000000000003
 20
30.822057713659397
 10
26.34363961030679
 20
30.83636038969321
 10
26.357942286340602
 20
30.854999999999997
 10
26.366933324366016
 20
30.87670628594077
 97
0
 75
0
 76
1
 98
0
  0
HATCH
  5
488
330
17
100
AcDbEntity
  8
Z-RZEDNE-PROJ
 62
7
420
0
100
AcDbHatch
 10
0.0
 20
0.0
 30
0.0
210
0.0
220
0.0
230
1.0
  2
SOLID
 70
1
 71
0
 91
1
 92
3
 72
0
 73
1
 93
24
 10
14.879999999999999
 20
30.9
 10
14.876933324366016
 20
30.923293714059227
 10
14.867942286340599
 20
30.945
 10
14.853639610306788
 20
30.96363961030679
 10
14.834999999999999
 20
30.9779422863406
 10
14.813293714059226
 20
30.986933324366014
 10
14.79
 20
30.99
 10
14.766706285940773
 20
30.986933324366014
 10
14.745
 20
30.9779422863406
 10
14.72636038969321
 20
30.96363961030679
 10
14.7120577136594
 20
30.945
 10
14.703066675633982
 20
30.923293714059227
 10
14.7
 20
30.9
 10
14.703066675633982
 20
30.87670628594077
 10
14.7120577136594
 20
30.854999999999997
 10
14.72636038969321
 20
30.83636038969321
 10
14.745
 20
30.822057713659397
 10
14.766706285940773
 20
30.813066675633983
 10
14.79
 20
30.81
 10
14.813293714059226
 20
30.813066675633983
 10
14.834999999999999
 20
30.822057713659397
 10
14.853639610306788
 20
30.83636038969321
 10
14.867942286340599
 20
30.854999999999997
 10
14.876933324366016
 20
30.87670628594077
 97
0
 75
0
 76
1
 98
0
  0
HATCH
  5
489
330
17
100
AcDbEntity
  8
Z-RZEDNE-PROJ
 62
7
420
0
100
AcDbHatch
 10
0.0
 20
0.0
 30
0.0
210
0.0
220
0.0
230
1.0
  2
SOLID
 70
1
 71
0
 91
1
 92
3
 72
0
 73
1
 93
24
 10
28.419999999999998
 20
44.68
 10
28.416933324366013
 20
44.70329371405923
 10
28.4079422863406
 20
44.725
 10
28.39363961030679
 20
44.743639610306786
 10
28.375
 20
44.7579422863406
 10
28.353293714059227
 20
44.766933324366015
 10
28.33
 20
44.77
 10
28.30670628594077
 20
44.766933324366015
 10
28.284999999999997
 20
44.7579422863406
 10
28.266360389693208
 20
44.743639610306786
 10
28.252057713659397
 20
44.725
 10
28.243066675633983
 20
44.70329371405923
 10
28.24
 20
44.68
 10
28.243066675633983
 20
44.65670628594077
 10
28.252057713659397
 20
44.635
 10
28.266360389693208
 20
44.61636038969321
 10
28.284999999999997
 20
44.6020577136594
 10
28.30670628594077
 20
44.593066675633985
 10
28.33
 20
44.589999999999996
 10
28.353293714059227
 20
44.593066675633985
 10
28.375
 20
44.6020577136594
 10
28.39363961030679
 20
44.61636038969321
 10
28.4079422863406
 20
44.635
 10
28.416933324366013
 20
44.65670628594077
 97
0
 75
0
 76
1
 98
0
  0
HATCH
  5
48A
330
17
100
AcDbEntity
  8
Z-RZEDNE-PROJ
 62
7
420
0
100
AcDbHatch
 10
0.0
 20
0.0
 30
0.0
210
0.0
220
0.0
230
1.0
  2
SOLID
 70
1
 71
0
 91
1
 92
3
 72
0
 73
1
 93
24
 10
28.669999999999998
 20
34.05
 10
28.666933324366013
 20
34.073293714059226
 10
28.6579422863406
 20
34.095
 10
28.64363961030679
 20
34.113639610306784
 10
28.625
 20
34.1279422863406
 10
28.603293714059227
 20
34.13693332436601
 10
28.58
 20
34.14
 10
28.55670628594077
 20
34.13693332436601
 10
28.534999999999997
 20
34.1279422863406
 10
28.516360389693208
 20
34.113639610306784
 10
28.502057713659397
 20
34.095
 10
28.493066675633983
 20
34.073293714059226
 10
28.49
 20
34.05
 10
28.493066675633983
 20
34.02670628594077
 10
28.502057713659397
 20
34.004999999999995
 10
28.516360389693208
 20
33.98636038969321
 10
28.534999999999997
 20
33.972057713659396
 10
28.55670628594077
 20
33.96306667563398
 10
28.58
 20
33.959999999999994
 10
28.603293714059227
 20
33.96306667563398
 10
28.625
 20
33.972057713659396
 10
28.64363961030679
 20
33.98636038969321
 10
28.6579422863406
 20
34.004999999999995
 10
28.666933324366013
 20
34.02670628594077
 97
0
 75
0
 76
1
 98
0
  0
HATCH
  5
48B
330
17
100
AcDbEntity
  8
Z-RZEDNE-PROJ
 62
7
420
0
100
AcDbHatch
 10
0.0
 20
0.0
 30
0.0
210
0.0
220
0.0
230
1.0
  2
SOLID
 70
1
 71
0
 91
1
 92
3
 72
0
 73
1
 93
24
 10
8.56
 20
30.1
 10
8.556933324366018
 20
30.12329371405923
 10
8.5479422863406
 20
30.145000000000003
 10
8.533639610306789
 20
30.16363961030679
 10
8.515
 20
30.177942286340603
 10
8.493293714059227
 20
30.186933324366017
 10
8.47
 20
30.19
 10
8.446706285940774
 20
30.186933324366017
 10
8.425
 20
30.177942286340603
 10
8.406360389693212
 20
30.16363961030679
 10
8.392057713659401
 20
30.145000000000003
 10
8.383066675633984
 20
30.12329371405923
 10
8.38
 20
30.1
 10
8.383066675633984
 20
30.076706285940773
 10
8.392057713659401
 20
30.055
 10
8.406360389693212
 20
30.03636038969321
 10
8.425
 20
30.0220577136594
 10
8.446706285940774
 20
30.013066675633986
 10
8.47
 20
30.01
 10
8.493293714059227
 20
30.013066675633986
 10
8.515
 20
30.0220577136594
 10
8.533639610306789
 20
30.03636038969321
 10
8.5479422863406
 20
30.055
 10
8.556933324366018
 20
30.076706285940773
 97
0
 75
0
 76
1
 98
0
  0
HATCH
  5
48C
330
17
100
AcDbEntity
  8
Z-RZEDNE-PROJ
 62
7
420
0
100
AcDbHatch
 10
0.0
 20
0.0
 30
0.0
210
0.0
220
0.0
230
1.0
  2
SOLID
 70
1
 71
0
 91
1
 92
3
 72
0
 73
1
 93
24
 10
17.61
 20
43.3
 10
17.606933324366015
 20
43.323293714059226
 10
17.5979422863406
 20
43.345
 10
17.58363961030679
 20
43.363639610306784
 10
17.565
 20
43.3779422863406
 10
17.543293714059228
 20
43.38693332436601
 10
17.52
 20
43.39
 10
17.49670628594077
 20
43.38693332436601
 10
17.474999999999998
 20
43.3779422863406
 10
17.45636038969321
 20
43.363639610306784
 10
17.4420577136594
 20
43.345
 10
17.433066675633984
 20
43.323293714059226
 10
17.43
 20
43.3
 10
17.433066675633984
 20
43.27670628594077
 10
17.4420577136594
 20
43.254999999999995
 10
17.45636038969321
 20
43.23636038969321
 10
17.474999999999998
 20
43.222057713659396
 10
17.49670628594077
 20
43.21306667563398
 10
17.52
 20
43.209999999999994
 10
17.543293714059228
 20
43.21306667563398
 10
17.565
 20
43.222057713659396
 10
17.58363961030679
 20
43.23636038969321
 10
17.5979422863406
 20
43.254999999999995
 10
17.606933324366015
 20
43.27670628594077
 97
0
 75
0
 76
1
 98
0
  0
HATCH
  5
48D
330
17
100
AcDbEntity
  8
Z-RZEDNE-PROJ
 62
7
420
0
100
AcDbHatch
 10
0.0
 20
0.0
 30
0.0
210
0.0
220
0.0
230
1.0
  2
SOLID
 70
1
 71
0
 91
1
 92
3
 72
0
 73
1
 93
24
 10
21.22
 20
31.35
 10
21.216933324366014
 20
31.37329371405923
 10
21.2079422863406
 20
31.395000000000003
 10
21.19363961030679
 20
31.41363961030679
 10
21.175
 20
31.427942286340603
 10
21.153293714059227
 20
31.436933324366017
 10
21.13
 20
31.44
 10
21.10670628594077
 20
31.436933324366017
 10
21.084999999999997
 20
31.427942286340603
 10
21.06636038969321
 20
31.41363961030679
 10
21.052057713659398
 20
31.395000000000003
 10
21.043066675633984
 20
31.37329371405923
 10
21.04
 20
31.35
 10
21.043066675633984
 20
31.326706285940773
 10
21.052057713659398
 20
31.305
 10
21.06636038969321
 20
31.28636038969321
 10
21.084999999999997
 20
31.2720577136594
 10
21.10670628594077
 20
31.263066675633986
 10
21.13
 20
31.26
 10
21.153293714059227
 20
31.263066675633986
 10
21.175
 20
31.2720577136594
 10
21.19363961030679
 20
31.28636038969321
 10
21.2079422863406
 20
31.305
 10
21.216933324366014
 20
31.326706285940773
 97
0
 75
0
 76
1
 98
0
  0
HATCH
  5
48E
330
17
100
AcDbEntity
  8
Z-RZEDNE-PROJ
 62
7
420
0
100
AcDbHatch
 10
0.0
 20
0.0
 30
0.0
210
0.0
220
0.0
230
1.0
  2
SOLID
 70
1
 71
0
 91
1
 92
3
 72
0
 73
1
 93
24
 10
26.39
 20
44.3
 10
26.386933324366016
 20
44.323293714059226
 10
26.377942286340602
 20
44.345
 10
26.36363961030679
 20
44.363639610306784
 10
26.345000000000002
 20
44.3779422863406
 10
26.32329371405923
 20
44.38693332436601
 10
26.3
 20
44.39
 10
26.276706285940772
 20
44.38693332436601
 10
26.255
 20
44.3779422863406
 10
26.23636038969321
 20
44.363639610306784
 10
26.2220577136594
 20
44.345
 10
26.213066675633986
 20
44.323293714059226
 10
26.21
 20
44.3
 10
26.213066675633986
 20
44.27670628594077
 10
26.2220577136594
 20
44.254999999999995
 10
26.23636038969321
 20
44.23636038969321
 10
26.255
 20
44.222057713659396
 10
26.276706285940772
 20
44.21306667563398
 10
26.3
 20
44.209999999999994
 10
26.32329371405923
 20
44.21306667563398
 10
26.345000000000002
 20
44.222057713659396
 10
26.36363961030679
 20
44.23636038969321
 10
26.377942286340602
 20
44.254999999999995
 10
26.386933324366016
 20
44.27670628594077
 97
0
 75
0
 76
1
 98
0
  0
HATCH
  5
48F
330
17
100
AcDbEntity
  8
Z-RZEDNE-PROJ
 62
7
420
0
100
AcDbHatch
 10
0.0
 20
0.0
 30
0.0
210
0.0
220
0.0
230
1.0
  2
SOLID
 70
1
 71
0
 91
1
 92
3
 72
0
 73
1
 93
24
 10
18.94
 20
41.8
 10
18.936933324366017
 20
41.823293714059226
 10
18.927942286340603
 20
41.845
 10
18.91363961030679
 20
41.863639610306784
 10
18.895000000000003
 20
41.8779422863406
 10
18.87329371405923
 20
41.88693332436601
 10
18.85
 20
41.89
 10
18.826706285940773
 20
41.88693332436601
 10
18.805
 20
41.8779422863406
 10
18.78636038969321
 20
41.863639610306784
 10
18.7720577136594
 20
41.845
 10
18.763066675633986
 20
41.823293714059226
 10
18.76
 20
41.8
 10
18.763066675633986
 20
41.77670628594077
 10
18.7720577136594
 20
41.754999999999995
 10
18.78636038969321
 20
41.73636038969321
 10
18.805
 20
41.722057713659396
 10
18.826706285940773
 20
41.71306667563398
 10
18.85
 20
41.709999999999994
 10
18.87329371405923
 20
41.71306667563398
 10
18.895000000000003
 20
41.722057713659396
 10
18.91363961030679
 20
41.73636038969321
 10
18.927942286340603
 20
41.754999999999995
 10
18.936933324366017
 20
41.77670628594077
 97
0
 75
0
 76
1
 98
0
  0
HATCH
  5
490
330
17
100
AcDbEntity
  8
Z-RZEDNE-PROJ
 62
7
420
0
100
AcDbHatch
 10
0.0
 20
0.0
 30
0.0
210
0.0
220
0.0
230
1.0
  2
SOLID
 70
1
 71
0
 91
1
 92
3
 72
0
 73
1
 93
24
 10
17.64
 20
49.8
 10
17.636933324366016
 20
49.823293714059226
 10
17.627942286340602
 20
49.845
 10
17.61363961030679
 20
49.863639610306784
 10
17.595000000000002
 20
49.8779422863406
 10
17.57329371405923
 20
49.88693332436601
 10
17.55
 20
49.89
 10
17.526706285940772
 20
49.88693332436601
 10
17.505
 20
49.8779422863406
 10
17.48636038969321
 20
49.863639610306784
 10
17.4720577136594
 20
49.845
 10
17.463066675633986
 20
49.823293714059226
 10
17.46
 20
49.8
 10
17.463066675633986
 20
49.77670628594077
 10
17.4720577136594
 20
49.754999999999995
 10
17.48636038969321
 20
49.73636038969321
 10
17.505
 20
49.722057713659396
 10
17.526706285940772
 20
49.71306667563398
 10
17.55
 20
49.709999999999994
 10
17.57329371405923
 20
49.71306667563398
 10
17.595000000000002
 20
49.722057713659396
 10
17.61363961030679
 20
49.73636038969321
 10
17.627942286340602
 20
49.754999999999995
 10
17.636933324366016
 20
49.77670628594077
 97
0
 75
0
 76
1
 98
0
  0
HATCH
  5
491
330
17
100
AcDbEntity
  8
Z-RZEDNE-PROJ
 62
7
420
0
100
AcDbHatch
 10
0.0
 20
0.0
 30
0.0
210
0.0
220
0.0
230
1.0
  2
SOLID
 70
1
 71
0
 91
1
 92
3
 72
0
 73
1
 93
24
 10
19.59
 20
44.68
 10
19.586933324366015
 20
44.70329371405923
 10
19.5779422863406
 20
44.725
 10
19.56363961030679
 20
44.743639610306786
 10
19.545
 20
44.7579422863406
 10
19.52329371405923
 20
44.766933324366015
 10
19.5
 20
44.77
 10
19.47670628594077
 20
44.766933324366015
 10
19.455
 20
44.7579422863406
 10
19.43636038969321
 20
44.743639610306786
 10
19.4220577136594
 20
44.725
 10
19.413066675633985
 20
44.70329371405923
 10
19.41
 20
44.68
 10
19.413066675633985
 20
44.65670628594077
 10
19.4220577136594
 20
44.635
 10
19.43636038969321
 20
44.61636038969321
 10
19.455
 20
44.6020577136594
 10
19.47670628594077
 20
44.593066675633985
 10
19.5
 20
44.589999999999996
 10
19.52329371405923
 20
44.593066675633985
 10
19.545
 20
44.6020577136594
 10
19.56363961030679
 20
44.61636038969321
 10
19.5779422863406
 20
44.635
 10
19.586933324366015
 20
44.65670628594077
 97
0
 75
0
 76
1
 98
0
  0
HATCH
  5
492
330
17
100
AcDbEntity
  8
Z-RZEDNE-PROJ
 62
7
420
0
100
AcDbHatch
 10
0.0
 20
0.0
 30
0.0
210
0.0
220
0.0
230
1.0
  2
SOLID
 70
1
 71
0
 91
1
 92
3
 72
0
 73
1
 93
24
 10
19.59
 20
46.7
 10
19.586933324366015
 20
46.72329371405923
 10
19.5779422863406
 20
46.745000000000005
 10
19.56363961030679
 20
46.76363961030679
 10
19.545
 20
46.777942286340604
 10
19.52329371405923
 20
46.78693332436602
 10
19.5
 20
46.790000000000006
 10
19.47670628594077
 20
46.78693332436602
 10
19.455
 20
46.777942286340604
 10
19.43636038969321
 20
46.76363961030679
 10
19.4220577136594
 20
46.745000000000005
 10
19.413066675633985
 20
46.72329371405923
 10
19.41
 20
46.7
 10
19.413066675633985
 20
46.676706285940774
 10
19.4220577136594
 20
46.655
 10
19.43636038969321
 20
46.636360389693216
 10
19.455
 20
46.6220577136594
 10
19.47670628594077
 20
46.61306667563399
 10
19.5
 20
46.61
 10
19.52329371405923
 20
46.61306667563399
 10
19.545
 20
46.6220577136594
 10
19.56363961030679
 20
46.636360389693216
 10
19.5779422863406
 20
46.655
 10
19.586933324366015
 20
46.676706285940774
 97
0
 75
0
 76
1
 98
0
  0
HATCH
  5
493
330
17
100
AcDbEntity
  8
Z-RZEDNE-PROJ
 62
7
420
0
100
AcDbHatch
 10
0.0
 20
0.0
 30
0.0
210
0.0
220
0.0
230
1.0
  2
SOLID
 70
1
 71
0
 91
1
 92
3
 72
0
 73
1
 93
24
 10
21.69
 20
42.4
 10
21.686933324366017
 20
42.42329371405923
 10
21.677942286340603
 20
42.445
 10
21.66363961030679
 20
42.463639610306785
 10
21.645000000000003
 20
42.4779422863406
 10
21.62329371405923
 20
42.486933324366014
 10
21.6
 20
42.49
 10
21.576706285940773
 20
42.486933324366014
 10
21.555
 20
42.4779422863406
 10
21.53636038969321
 20
42.463639610306785
 10
21.5220577136594
 20
42.445
 10
21.513066675633986
 20
42.42329371405923
 10
21.51
 20
42.4
 10
21.513066675633986
 20
42.37670628594077
 10
21.5220577136594
 20
42.355
 10
21.53636038969321
 20
42.33636038969321
 10
21.555
 20
42.3220577136594
 10
21.576706285940773
 20
42.31306667563398
 10
21.6
 20
42.309999999999995
 10
21.62329371405923
 20
42.31306667563398
 10
21.645000000000003
 20
42.3220577136594
 10
21.66363961030679
 20
42.33636038969321
 10
21.677942286340603
 20
42.355
 10
21.686933324366017
 20
42.37670628594077
 97
0
 75
0
 76
1
 98
0
  0
HATCH
  5
494
330
17
100
AcDbEntity
  8
Z-RZEDNE-PROJ
 62
7
420
0
100
AcDbHatch
 10
0.0
 20
0.0
 30
0.0
210
0.0
220
0.0
230
1.0
  2
SOLID
 70
1
 71
0
 91
1
 92
3
 72
0
 73
1
 93
24
 10
21.69
 20
45.7
 10
21.686933324366017
 20
45.72329371405923
 10
21.677942286340603
 20
45.745000000000005
 10
21.66363961030679
 20
45.76363961030679
 10
21.645000000000003
 20
45.777942286340604
 10
21.62329371405923
 20
45.78693332436602
 10
21.6
 20
45.790000000000006
 10
21.576706285940773
 20
45.78693332436602
 10
21.555
 20
45.777942286340604
 10
21.53636038969321
 20
45.76363961030679
 10
21.5220577136594
 20
45.745000000000005
 10
21.513066675633986
 20
45.72329371405923
 10
21.51
 20
45.7
 10
21.513066675633986
 20
45.676706285940774
 10
21.5220577136594
 20
45.655
 10
21.53636038969321
 20
45.636360389693216
 10
21.555
 20
45.6220577136594
 10
21.576706285940773
 20
45.61306667563399
 10
21.6
 20
45.61
 10
21.62329371405923
 20
45.61306667563399
 10
21.645000000000003
 20
45.6220577136594
 10
21.66363961030679
 20
45.636360389693216
 10
21.677942286340603
 20
45.655
 10
21.686933324366017
 20
45.676706285940774
 97
0
 75
0
 76
1
 98
0
  0
HATCH
  5
495
330
17
100
AcDbEntity
  8
Z-RZEDNE-PROJ
 62
7
420
0
100
AcDbHatch
 10
0.0
 20
0.0
 30
0.0
210
0.0
220
0.0
230
1.0
  2
SOLID
 70
1
 71
0
 91
1
 92
3
 72
0
 73
1
 93
24
 10
22.88
 20
49.6
 10
22.876933324366014
 20
49.62329371405923
 10
22.8679422863406
 20
49.645
 10
22.85363961030679
 20
49.66363961030679
 10
22.835
 20
49.6779422863406
 10
22.813293714059228
 20
49.68693332436602
 10
22.79
 20
49.690000000000005
 10
22.76670628594077
 20
49.68693332436602
 10
22.744999999999997
 20
49.6779422863406
 10
22.72636038969321
 20
49.66363961030679
 10
22.712057713659398
 20
49.645
 10
22.703066675633984
 20
49.62329371405923
 10
22.7
 20
49.6
 10
22.703066675633984
 20
49.57670628594077
 10
22.712057713659398
 20
49.555
 10
22.72636038969321
 20
49.536360389693215
 10
22.744999999999997
 20
49.5220577136594
 10
22.76670628594077
 20
49.513066675633986
 10
22.79
 20
49.51
 10
22.813293714059228
 20
49.513066675633986
 10
22.835
 20
49.5220577136594
 10
22.85363961030679
 20
49.536360389693215
 10
22.8679422863406
 20
49.555
 10
22.876933324366014
 20
49.57670628594077
 97
0
 75
0
 76
1
 98
0
  0
HATCH
  5
496
330
17
100
AcDbEntity
  8
Z-RZEDNE-PROJ
 62
7
420
0
100
AcDbHatch
 10
0.0
 20
0.0
 30
0.0
210
0.0
220
0.0
230
1.0
  2
SOLID
 70
1
 71
0
 91
1
 92
3
 72
0
 73
1
 93
24
 10
24.19
 20
42.68
 10
24.186933324366017
 20
42.70329371405923
 10
24.177942286340603
 20
42.725
 10
24.16363961030679
 20
42.743639610306786
 10
24.145000000000003
 20
42.7579422863406
 10
24.12329371405923
 20
42.766933324366015
 10
24.1
 20
42.77
 10
24.076706285940773
 20
42.766933324366015
 10
24.055
 20
42.7579422863406
 10
24.03636038969321
 20
42.743639610306786
 10
24.0220577136594
 20
42.725
 10
24.013066675633986
 20
42.70329371405923
 10
24.01
 20
42.68
 10
24.013066675633986
 20
42.65670628594077
 10
24.0220577136594
 20
42.635
 10
24.03636038969321
 20
42.61636038969321
 10
24.055
 20
42.6020577136594
 10
24.076706285940773
 20
42.593066675633985
 10
24.1
 20
42.589999999999996
 10
24.12329371405923
 20
42.593066675633985
 10
24.145000000000003
 20
42.6020577136594
 10
24.16363961030679
 20
42.61636038969321
 10
24.177942286340603
 20
42.635
 10
24.186933324366017
 20
42.65670628594077
 97
0
 75
0
 76
1
 98
0
  0
HATCH
  5
497
330
17
100
AcDbEntity
  8
Z-RZEDNE-PROJ
 62
7
420
0
100
AcDbHatch
 10
0.0
 20
0.0
 30
0.0
210
0.0
220
0.0
230
1.0
  2
SOLID
 70
1
 71
0
 91
1
 92
3
 72
0
 73
1
 93
24
 10
26.29
 20
48.2
 10
26.286933324366014
 20
48.22329371405923
 10
26.2779422863406
 20
48.245000000000005
 10
26.26363961030679
 20
48.26363961030679
 10
26.245
 20
48.277942286340604
 10
26.223293714059228
 20
48.28693332436602
 10
26.2
 20
48.290000000000006
 10
26.17670628594077
 20
48.28693332436602
 10
26.154999999999998
 20
48.277942286340604
 10
26.13636038969321
 20
48.26363961030679
 10
26.122057713659398
 20
48.245000000000005
 10
26.113066675633984
 20
48.22329371405923
 10
26.11
 20
48.2
 10
26.113066675633984
 20
48.176706285940774
 10
26.122057713659398
 20
48.155
 10
26.13636038969321
 20
48.136360389693216
 10
26.154999999999998
 20
48.1220577136594
 10
26.17670628594077
 20
48.11306667563399
 10
26.2
 20
48.11
 10
26.223293714059228
 20
48.11306667563399
 10
26.245
 20
48.1220577136594
 10
26.26363961030679
 20
48.136360389693216
 10
26.2779422863406
 20
48.155
 10
26.286933324366014
 20
48.176706285940774
 97
0
 75
0
 76
1
 98
0
  0
HATCH
  5
498
330
17
100
AcDbEntity
  8
Z-RZEDNE-PROJ
 62
7
420
0
100
AcDbHatch
 10
0.0
 20
0.0
 30
0.0
210
0.0
220
0.0
230
1.0
  2
SOLID
 70
1
 71
0
 91
1
 92
3
 72
0
 73
1
 93
24
 10
27.54
 20
37.65
 10
27.536933324366014
 20
37.67329371405923
 10
27.5279422863406
 20
37.695
 10
27.51363961030679
 20
37.713639610306785
 10
27.495
 20
37.7279422863406
 10
27.473293714059228
 20
37.736933324366014
 10
27.45
 20
37.74
 10
27.42670628594077
 20
37.736933324366014
 10
27.404999999999998
 20
37.7279422863406
 10
27.38636038969321
 20
37.713639610306785
 10
27.372057713659398
 20
37.695
 10
27.363066675633984
 20
37.67329371405923
 10
27.36
 20
37.65
 10
27.363066675633984
 20
37.62670628594077
 10
27.372057713659398
 20
37.605
 10
27.38636038969321
 20
37.58636038969321
 10
27.404999999999998
 20
37.5720577136594
 10
27.42670628594077
 20
37.56306667563398
 10
27.45
 20
37.559999999999995
 10
27.473293714059228
 20
37.56306667563398
 10
27.495
 20
37.5720577136594
 10
27.51363961030679
 20
37.58636038969321
 10
27.5279422863406
 20
37.605
 10
27.536933324366014
 20
37.62670628594077
 97
0
 75
0
 76
1
 98
0
  0
HATCH
  5
499
330
17
100
AcDbEntity
  8
Z-RZEDNE-PROJ
 62
7
420
0
100
AcDbHatch
 10
0.0
 20
0.0
 30
0.0
210
0.0
220
0.0
230
1.0
  2
SOLID
 70
1
 71
0
 91
1
 92
3
 72
0
 73
1
 93
24
 10
4.39
 20
29.5
 10
4.386933324366016
 20
29.52329371405923
 10
4.377942286340599
 20
29.545
 10
4.363639610306789
 20
29.56363961030679
 10
4.345
 20
29.5779422863406
 10
4.3232937140592265
 20
29.586933324366015
 10
4.3
 20
29.59
 10
4.276706285940773
 20
29.586933324366015
 10
4.255
 20
29.5779422863406
 10
4.2363603896932105
 20
29.56363961030679
 10
4.2220577136594
 20
29.545
 10
4.213066675633984
 20
29.52329371405923
 10
4.21
 20
29.5
 10
4.213066675633984
 20
29.47670628594077
 10
4.2220577136594
 20
29.455
 10
4.2363603896932105
 20
29.43636038969321
 10
4.255
 20
29.4220577136594
 10
4.276706285940773
 20
29.413066675633985
 10
4.3
 20
29.41
 10
4.3232937140592265
 20
29.413066675633985
 10
4.345
 20
29.4220577136594
 10
4.363639610306789
 20
29.43636038969321
 10
4.377942286340599
 20
29.455
 10
4.386933324366016
 20
29.47670628594077
 97
0
 75
0
 76
1
 98
0
  0
HATCH
  5
49A
330
17
100
AcDbEntity
  8
Z-RZEDNE-PROJ
 62
7
420
0
100
AcDbHatch
 10
0.0
 20
0.0
 30
0.0
210
0.0
220
0.0
230
1.0
  2
SOLID
 70
1
 71
0
 91
1
 92
3
 72
0
 73
1
 93
24
 10
4.39
 20
26.7
 10
4.386933324366016
 20
26.723293714059228
 10
4.377942286340599
 20
26.745
 10
4.363639610306789
 20
26.76363961030679
 10
4.345
 20
26.7779422863406
 10
4.3232937140592265
 20
26.786933324366014
 10
4.3
 20
26.79
 10
4.276706285940773
 20
26.786933324366014
 10
4.255
 20
26.7779422863406
 10
4.2363603896932105
 20
26.76363961030679
 10
4.2220577136594
 20
26.745
 10
4.213066675633984
 20
26.723293714059228
 10
4.21
 20
26.7
 10
4.213066675633984
 20
26.67670628594077
 10
4.2220577136594
 20
26.654999999999998
 10
4.2363603896932105
 20
26.63636038969321
 10
4.255
 20
26.622057713659398
 10
4.276706285940773
 20
26.613066675633984
 10
4.3
 20
26.61
 10
4.3232937140592265
 20
26.613066675633984
 10
4.345
 20
26.622057713659398
 10
4.363639610306789
 20
26.63636038969321
 10
4.377942286340599
 20
26.654999999999998
 10
4.386933324366016
 20
26.67670628594077
 97
0
 75
0
 76
1
 98
0
  0
HATCH
  5
49B
330
17
100
AcDbEntity
  8
Z-RZEDNE-PROJ
 62
7
420
0
100
AcDbHatch
 10
0.0
 20
0.0
 30
0.0
210
0.0
220
0.0
230
1.0
  2
SOLID
 70
1
 71
0
 91
1
 92
3
 72
0
 73
1
 93
24
 10
4.39
 20
23.7
 10
4.386933324366016
 20
23.723293714059228
 10
4.377942286340599
 20
23.745
 10
4.363639610306789
 20
23.76363961030679
 10
4.345
 20
23.7779422863406
 10
4.3232937140592265
 20
23.786933324366014
 10
4.3
 20
23.79
 10
4.276706285940773
 20
23.786933324366014
 10
4.255
 20
23.7779422863406
 10
4.2363603896932105
 20
23.76363961030679
 10
4.2220577136594
 20
23.745
 10
4.213066675633984
 20
23.723293714059228
 10
4.21
 20
23.7
 10
4.213066675633984
 20
23.67670628594077
 10
4.2220577136594
 20
23.654999999999998
 10
4.2363603896932105
 20
23.63636038969321
 10
4.255
 20
23.622057713659398
 10
4.276706285940773
 20
23.613066675633984
 10
4.3
 20
23.61
 10
4.3232937140592265
 20
23.613066675633984
 10
4.345
 20
23.622057713659398
 10
4.363639610306789
 20
23.63636038969321
 10
4.377942286340599
 20
23.654999999999998
 10
4.386933324366016
 20
23.67670628594077
 97
0
 75
0
 76
1
 98
0
  0
HATCH
  5
49C
330
17
100
AcDbEntity
  8
Z-RZEDNE-PROJ
 62
7
420
0
100
AcDbHatch
 10
0.0
 20
0.0
 30
0.0
210
0.0
220
0.0
230
1.0
  2
SOLID
 70
1
 71
0
 91
1
 92
3
 72
0
 73
1
 93
24
 10
4.39
 20
20.7
 10
4.386933324366016
 20
20.723293714059228
 10
4.377942286340599
 20
20.745
 10
4.363639610306789
 20
20.76363961030679
 10
4.345
 20
20.7779422863406
 10
4.3232937140592265
 20
20.786933324366014
 10
4.3
 20
20.79
 10
4.276706285940773
 20
20.786933324366014
 10
4.255
 20
20.7779422863406
 10
4.2363603896932105
 20
20.76363961030679
 10
4.2220577136594
 20
20.745
 10
4.213066675633984
 20
20.723293714059228
 10
4.21
 20
20.7
 10
4.213066675633984
 20
20.67670628594077
 10
4.2220577136594
 20
20.654999999999998
 10
4.2363603896932105
 20
20.63636038969321
 10
4.255
 20
20.622057713659398
 10
4.276706285940773
 20
20.613066675633984
 10
4.3
 20
20.61
 10
4.3232937140592265
 20
20.613066675633984
 10
4.345
 20
20.622057713659398
 10
4.363639610306789
 20
20.63636038969321
 10
4.377942286340599
 20
20.654999999999998
 10
4.386933324366016
 20
20.67670628594077
 97
0
 75
0
 76
1
 98
0
  0
HATCH
  5
49D
330
17
100
AcDbEntity
  8
Z-RZEDNE-PROJ
 62
7
420
0
100
AcDbHatch
 10
0.0
 20
0.0
 30
0.0
210
0.0
220
0.0
230
1.0
  2
SOLID
 70
1
 71
0
 91
1
 92
3
 72
0
 73
1
 93
24
 10
10.69
 20
29.5
 10
10.686933324366017
 20
29.52329371405923
 10
10.677942286340599
 20
29.545
 10
10.663639610306788
 20
29.56363961030679
 10
10.645
 20
29.5779422863406
 10
10.623293714059226
 20
29.586933324366015
 10
10.6
 20
29.59
 10
10.576706285940773
 20
29.586933324366015
 10
10.555
 20
29.5779422863406
 10
10.536360389693211
 20
29.56363961030679
 10
10.5220577136594
 20
29.545
 10
10.513066675633983
 20
29.52329371405923
 10
10.51
 20
29.5
 10
10.513066675633983
 20
29.47670628594077
 10
10.5220577136594
 20
29.455
 10
10.536360389693211
 20
29.43636038969321
 10
10.555
 20
29.4220577136594
 10
10.576706285940773
 20
29.413066675633985
 10
10.6
 20
29.41
 10
10.623293714059226
 20
29.413066675633985
 10
10.645
 20
29.4220577136594
 10
10.663639610306788
 20
29.43636038969321
 10
10.677942286340599
 20
29.455
 10
10.686933324366017
 20
29.47670628594077
 97
0
 75
0
 76
1
 98
0
  0
HATCH
  5
49E
330
17
100
AcDbEntity
  8
Z-RZEDNE-PROJ
 62
7
420
0
100
AcDbHatch
 10
0.0
 20
0.0
 30
0.0
210
0.0
220
0.0
230
1.0
  2
SOLID
 70
1
 71
0
 91
1
 92
3
 72
0
 73
1
 93
24
 10
10.69
 20
23.7
 10
10.686933324366017
 20
23.723293714059228
 10
10.677942286340599
 20
23.745
 10
10.663639610306788
 20
23.76363961030679
 10
10.645
 20
23.7779422863406
 10
10.623293714059226
 20
23.786933324366014
 10
10.6
 20
23.79
 10
10.576706285940773
 20
23.786933324366014
 10
10.555
 20
23.7779422863406
 10
10.536360389693211
 20
23.76363961030679
 10
10.5220577136594
 20
23.745
 10
10.513066675633983
 20
23.723293714059228
 10
10.51
 20
23.7
 10
10.513066675633983
 20
23.67670628594077
 10
10.5220577136594
 20
23.654999999999998
 10
10.536360389693211
 20
23.63636038969321
 10
10.555
 20
23.622057713659398
 10
10.576706285940773
 20
23.613066675633984
 10
10.6
 20
23.61
 10
10.623293714059226
 20
23.613066675633984
 10
10.645
 20
23.622057713659398
 10
10.663639610306788
 20
23.63636038969321
 10
10.677942286340599
 20
23.654999999999998
 10
10.686933324366017
 20
23.67670628594077
 97
0
 75
0
 76
1
 98
0
  0
HATCH
  5
49F
330
17
100
AcDbEntity
  8
Z-RZEDNE-PROJ
 62
7
420
0
100
AcDbHatch
 10
0.0
 20
0.0
 30
0.0
210
0.0
220
0.0
230
1.0
  2
SOLID
 70
1
 71
0
 91
1
 92
3
 72
0
 73
1
 93
24
 10
10.69
 20
20.7
 10
10.686933324366017
 20
20.723293714059228
 10
10.677942286340599
 20
20.745
 10
10.663639610306788
 20
20.76363961030679
 10
10.645
 20
20.7779422863406
 10
10.623293714059226
 20
20.786933324366014
 10
10.6
 20
20.79
 10
10.576706285940773
 20
20.786933324366014
 10
10.555
 20
20.7779422863406
 10
10.536360389693211
 20
20.76363961030679
 10
10.5220577136594
 20
20.745
 10
10.513066675633983
 20
20.723293714059228
 10
10.51
 20
20.7
 10
10.513066675633983
 20
20.67670628594077
 10
10.5220577136594
 20
20.654999999999998
 10
10.536360389693211
 20
20.63636038969321
 10
10.555
 20
20.622057713659398
 10
10.576706285940773
 20
20.613066675633984
 10
10.6
 20
20.61
 10
10.623293714059226
 20
20.613066675633984
 10
10.645
 20
20.622057713659398
 10
10.663639610306788
 20
20.63636038969321
 10
10.677942286340599
 20
20.654999999999998
 10
10.686933324366017
 20
20.67670628594077
 97
0
 75
0
 76
1
 98
0
  0
HATCH
  5
4A0
330
17
100
AcDbEntity
  8
Z-RZEDNE-PROJ
 62
7
420
0
100
AcDbHatch
 10
0.0
 20
0.0
 30
0.0
210
0.0
220
0.0
230
1.0
  2
SOLID
 70
1
 71
0
 91
1
 92
3
 72
0
 73
1
 93
24
 10
13.69
 20
26.7
 10
13.686933324366017
 20
26.723293714059228
 10
13.677942286340599
 20
26.745
 10
13.663639610306788
 20
26.76363961030679
 10
13.645
 20
26.7779422863406
 10
13.623293714059226
 20
26.786933324366014
 10
13.6
 20
26.79
 10
13.576706285940773
 20
26.786933324366014
 10
13.555
 20
26.7779422863406
 10
13.536360389693211
 20
26.76363961030679
 10
13.5220577136594
 20
26.745
 10
13.513066675633983
 20
26.723293714059228
 10
13.51
 20
26.7
 10
13.513066675633983
 20
26.67670628594077
 10
13.5220577136594
 20
26.654999999999998
 10
13.536360389693211
 20
26.63636038969321
 10
13.555
 20
26.622057713659398
 10
13.576706285940773
 20
26.613066675633984
 10
13.6
 20
26.61
 10
13.623293714059226
 20
26.613066675633984
 10
13.645
 20
26.622057713659398
 10
13.663639610306788
 20
26.63636038969321
 10
13.677942286340599
 20
26.654999999999998
 10
13.686933324366017
 20
26.67670628594077
 97
0
 75
0
 76
1
 98
0
  0
HATCH
  5
4A1
330
17
100
AcDbEntity
  8
Z-RZEDNE-PROJ
 62
7
420
0
100
AcDbHatch
 10
0.0
 20
0.0
 30
0.0
210
0.0
220
0.0
230
1.0
  2
SOLID
 70
1
 71
0
 91
1
 92
3
 72
0
 73
1
 93
24
 10
16.69
 20
29.5
 10
16.686933324366017
 20
29.52329371405923
 10
16.677942286340603
 20
29.545
 10
16.66363961030679
 20
29.56363961030679
 10
16.645000000000003
 20
29.5779422863406
 10
16.62329371405923
 20
29.586933324366015
 10
16.6
 20
29.59
 10
16.576706285940773
 20
29.586933324366015
 10
16.555
 20
29.5779422863406
 10
16.53636038969321
 20
29.56363961030679
 10
16.5220577136594
 20
29.545
 10
16.513066675633986
 20
29.52329371405923
 10
16.51
 20
29.5
 10
16.513066675633986
 20
29.47670628594077
 10
16.5220577136594
 20
29.455
 10
16.53636038969321
 20
29.43636038969321
 10
16.555
 20
29.4220577136594
 10
16.576706285940773
 20
29.413066675633985
 10
16.6
 20
29.41
 10
16.62329371405923
 20
29.413066675633985
 10
16.645000000000003
 20
29.4220577136594
 10
16.66363961030679
 20
29.43636038969321
 10
16.677942286340603
 20
29.455
 10
16.686933324366017
 20
29.47670628594077
 97
0
 75
0
 76
1
 98
0
  0
HATCH
  5
4A2
330
17
100
AcDbEntity
  8
Z-RZEDNE-PROJ
 62
7
420
0
100
AcDbHatch
 10
0.0
 20
0.0
 30
0.0
210
0.0
220
0.0
230
1.0
  2
SOLID
 70
1
 71
0
 91
1
 92
3
 72
0
 73
1
 93
24
 10
16.69
 20
23.7
 10
16.686933324366017
 20
23.723293714059228
 10
16.677942286340603
 20
23.745
 10
16.66363961030679
 20
23.76363961030679
 10
16.645000000000003
 20
23.7779422863406
 10
16.62329371405923
 20
23.786933324366014
 10
16.6
 20
23.79
 10
16.576706285940773
 20
23.786933324366014
 10
16.555
 20
23.7779422863406
 10
16.53636038969321
 20
23.76363961030679
 10
16.5220577136594
 20
23.745
 10
16.513066675633986
 20
23.723293714059228
 10
16.51
 20
23.7
 10
16.513066675633986
 20
23.67670628594077
 10
16.5220577136594
 20
23.654999999999998
 10
16.53636038969321
 20
23.63636038969321
 10
16.555
 20
23.622057713659398
 10
16.576706285940773
 20
23.613066675633984
 10
16.6
 20
23.61
 10
16.62329371405923
 20
23.613066675633984
 10
16.645000000000003
 20
23.622057713659398
 10
16.66363961030679
 20
23.63636038969321
 10
16.677942286340603
 20
23.654999999999998
 10
16.686933324366017
 20
23.67670628594077
 97
0
 75
0
 76
1
 98
0
  0
HATCH
  5
4A3
330
17
100
AcDbEntity
  8
Z-RZEDNE-PROJ
 62
7
420
0
100
AcDbHatch
 10
0.0
 20
0.0
 30
0.0
210
0.0
220
0.0
230
1.0
  2
SOLID
 70
1
 71
0
 91
1
 92
3
 72
0
 73
1
 93
24
 10
16.69
 20
20.7
 10
16.686933324366017
 20
20.723293714059228
 10
16.677942286340603
 20
20.745
 10
16.66363961030679
 20
20.76363961030679
 10
16.645000000000003
 20
20.7779422863406
 10
16.62329371405923
 20
20.786933324366014
 10
16.6
 20
20.79
 10
16.576706285940773
 20
20.786933324366014
 10
16.555
 20
20.7779422863406
 10
16.53636038969321
 20
20.76363961030679
 10
16.5220577136594
 20
20.745
 10
16.513066675633986
 20
20.723293714059228
 10
16.51
 20
20.7
 10
16.513066675633986
 20
20.67670628594077
 10
16.5220577136594
 20
20.654999999999998
 10
16.53636038969321
 20
20.63636038969321
 10
16.555
 20
20.622057713659398
 10
16.576706285940773
 20
20.613066675633984
 10
16.6
 20
20.61
 10
16.62329371405923
 20
20.613066675633984
 10
16.645000000000003
 20
20.622057713659398
 10
16.66363961030679
 20
20.63636038969321
 10
16.677942286340603
 20
20.654999999999998
 10
16.686933324366017
 20
20.67670628594077
 97
0
 75
0
 76
1
 98
0
  0
HATCH
  5
4A4
330
17
100
AcDbEntity
  8
Z-RZEDNE-PROJ
 62
7
420
0
100
AcDbHatch
 10
0.0
 20
0.0
 30
0.0
210
0.0
220
0.0
230
1.0
  2
SOLID
 70
1
 71
0
 91
1
 92
3
 72
0
 73
1
 93
24
 10
19.69
 20
26.7
 10
19.686933324366017
 20
26.723293714059228
 10
19.677942286340603
 20
26.745
 10
19.66363961030679
 20
26.76363961030679
 10
19.645000000000003
 20
26.7779422863406
 10
19.62329371405923
 20
26.786933324366014
 10
19.6
 20
26.79
 10
19.576706285940773
 20
26.786933324366014
 10
19.555
 20
26.7779422863406
 10
19.53636038969321
 20
26.76363961030679
 10
19.5220577136594
 20
26.745
 10
19.513066675633986
 20
26.723293714059228
 10
19.51
 20
26.7
 10
19.513066675633986
 20
26.67670628594077
 10
19.5220577136594
 20
26.654999999999998
 10
19.53636038969321
 20
26.63636038969321
 10
19.555
 20
26.622057713659398
 10
19.576706285940773
 20
26.613066675633984
 10
19.6
 20
26.61
 10
19.62329371405923
 20
26.613066675633984
 10
19.645000000000003
 20
26.622057713659398
 10
19.66363961030679
 20
26.63636038969321
 10
19.677942286340603
 20
26.654999999999998
 10
19.686933324366017
 20
26.67670628594077
 97
0
 75
0
 76
1
 98
0
  0
HATCH
  5
4A5
330
17
100
AcDbEntity
  8
Z-RZEDNE-PROJ
 62
7
420
0
100
AcDbHatch
 10
0.0
 20
0.0
 30
0.0
210
0.0
220
0.0
230
1.0
  2
SOLID
 70
1
 71
0
 91
1
 92
3
 72
0
 73
1
 93
24
 10
22.69
 20
29.5
 10
22.686933324366017
 20
29.52329371405923
 10
22.677942286340603
 20
29.545
 10
22.66363961030679
 20
29.56363961030679
 10
22.645000000000003
 20
29.5779422863406
 10
22.62329371405923
 20
29.586933324366015
 10
22.6
 20
29.59
 10
22.576706285940773
 20
29.586933324366015
 10
22.555
 20
29.5779422863406
 10
22.53636038969321
 20
29.56363961030679
 10
22.5220577136594
 20
29.545
 10
22.513066675633986
 20
29.52329371405923
 10
22.51
 20
29.5
 10
22.513066675633986
 20
29.47670628594077
 10
22.5220577136594
 20
29.455
 10
22.53636038969321
 20
29.43636038969321
 10
22.555
 20
29.4220577136594
 10
22.576706285940773
 20
29.413066675633985
 10
22.6
 20
29.41
 10
22.62329371405923
 20
29.413066675633985
 10
22.645000000000003
 20
29.4220577136594
 10
22.66363961030679
 20
29.43636038969321
 10
22.677942286340603
 20
29.455
 10
22.686933324366017
 20
29.47670628594077
 97
0
 75
0
 76
1
 98
0
  0
HATCH
  5
4A6
330
17
100
AcDbEntity
  8
Z-RZEDNE-PROJ
 62
7
420
0
100
AcDbHatch
 10
0.0
 20
0.0
 30
0.0
210
0.0
220
0.0
230
1.0
  2
SOLID
 70
1
 71
0
 91
1
 92
3
 72
0
 73
1
 93
24
 10
22.69
 20
23.7
 10
22.686933324366017
 20
23.723293714059228
 10
22.677942286340603
 20
23.745
 10
22.66363961030679
 20
23.76363961030679
 10
22.645000000000003
 20
23.7779422863406
 10
22.62329371405923
 20
23.786933324366014
 10
22.6
 20
23.79
 10
22.576706285940773
 20
23.786933324366014
 10
22.555
 20
23.7779422863406
 10
22.53636038969321
 20
23.76363961030679
 10
22.5220577136594
 20
23.745
 10
22.513066675633986
 20
23.723293714059228
 10
22.51
 20
23.7
 10
22.513066675633986
 20
23.67670628594077
 10
22.5220577136594
 20
23.654999999999998
 10
22.53636038969321
 20
23.63636038969321
 10
22.555
 20
23.622057713659398
 10
22.576706285940773
 20
23.613066675633984
 10
22.6
 20
23.61
 10
22.62329371405923
 20
23.613066675633984
 10
22.645000000000003
 20
23.622057713659398
 10
22.66363961030679
 20
23.63636038969321
 10
22.677942286340603
 20
23.654999999999998
 10
22.686933324366017
 20
23.67670628594077
 97
0
 75
0
 76
1
 98
0
  0
HATCH
  5
4A7
330
17
100
AcDbEntity
  8
Z-RZEDNE-PROJ
 62
7
420
0
100
AcDbHatch
 10
0.0
 20
0.0
 30
0.0
210
0.0
220
0.0
230
1.0
  2
SOLID
 70
1
 71
0
 91
1
 92
3
 72
0
 73
1
 93
24
 10
22.69
 20
20.7
 10
22.686933324366017
 20
20.723293714059228
 10
22.677942286340603
 20
20.745
 10
22.66363961030679
 20
20.76363961030679
 10
22.645000000000003
 20
20.7779422863406
 10
22.62329371405923
 20
20.786933324366014
 10
22.6
 20
20.79
 10
22.576706285940773
 20
20.786933324366014
 10
22.555
 20
20.7779422863406
 10
22.53636038969321
 20
20.76363961030679
 10
22.5220577136594
 20
20.745
 10
22.513066675633986
 20
20.723293714059228
 10
22.51
 20
20.7
 10
22.513066675633986
 20
20.67670628594077
 10
22.5220577136594
 20
20.654999999999998
 10
22.53636038969321
 20
20.63636038969321
 10
22.555
 20
20.622057713659398
 10
22.576706285940773
 20
20.613066675633984
 10
22.6
 20
20.61
 10
22.62329371405923
 20
20.613066675633984
 10
22.645000000000003
 20
20.622057713659398
 10
22.66363961030679
 20
20.63636038969321
 10
22.677942286340603
 20
20.654999999999998
 10
22.686933324366017
 20
20.67670628594077
 97
0
 75
0
 76
1
 98
0
  0
HATCH
  5
4A8
330
17
100
AcDbEntity
  8
Z-RZEDNE-PROJ
 62
7
420
0
100
AcDbHatch
 10
0.0
 20
0.0
 30
0.0
210
0.0
220
0.0
230
1.0
  2
SOLID
 70
1
 71
0
 91
1
 92
3
 72
0
 73
1
 93
24
 10
25.69
 20
26.7
 10
25.686933324366017
 20
26.723293714059228
 10
25.677942286340603
 20
26.745
 10
25.66363961030679
 20
26.76363961030679
 10
25.645000000000003
 20
26.7779422863406
 10
25.62329371405923
 20
26.786933324366014
 10
25.6
 20
26.79
 10
25.576706285940773
 20
26.786933324366014
 10
25.555
 20
26.7779422863406
 10
25.53636038969321
 20
26.76363961030679
 10
25.5220577136594
 20
26.745
 10
25.513066675633986
 20
26.723293714059228
 10
25.51
 20
26.7
 10
25.513066675633986
 20
26.67670628594077
 10
25.5220577136594
 20
26.654999999999998
 10
25.53636038969321
 20
26.63636038969321
 10
25.555
 20
26.622057713659398
 10
25.576706285940773
 20
26.613066675633984
 10
25.6
 20
26.61
 10
25.62329371405923
 20
26.613066675633984
 10
25.645000000000003
 20
26.622057713659398
 10
25.66363961030679
 20
26.63636038969321
 10
25.677942286340603
 20
26.654999999999998
 10
25.686933324366017
 20
26.67670628594077
 97
0
 75
0
 76
1
 98
0
  0
HATCH
  5
4A9
330
17
100
AcDbEntity
  8
Z-RZEDNE-PROJ
 62
7
420
0
100
AcDbHatch
 10
0.0
 20
0.0
 30
0.0
210
0.0
220
0.0
230
1.0
  2
SOLID
 70
1
 71
0
 91
1
 92
3
 72
0
 73
1
 93
24
 10
2.19
 20
40.7
 10
2.186933324366016
 20
40.72329371405923
 10
2.1779422863405995
 20
40.745000000000005
 10
2.1636396103067894
 20
40.76363961030679
 10
2.145
 20
40.777942286340604
 10
2.123293714059227
 20
40.78693332436602
 10
2.1
 20
40.790000000000006
 10
2.0767062859407734
 20
40.78693332436602
 10
2.055
 20
40.777942286340604
 10
2.0363603896932108
 20
40.76363961030679
 10
2.0220577136594007
 20
40.745000000000005
 10
2.013066675633984
 20
40.72329371405923
 10
2.0100000000000002
 20
40.7
 10
2.013066675633984
 20
40.676706285940774
 10
2.0220577136594007
 20
40.655
 10
2.0363603896932108
 20
40.636360389693216
 10
2.055
 20
40.6220577136594
 10
2.076706285940773
 20
40.61306667563399
 10
2.1
 20
40.61
 10
2.1232937140592267
 20
40.61306667563399
 10
2.145
 20
40.6220577136594
 10
2.1636396103067894
 20
40.636360389693216
 10
2.1779422863405995
 20
40.655
 10
2.186933324366016
 20
40.676706285940774
 97
0
 75
0
 76
1
 98
0
  0
HATCH
  5
4AA
330
17
100
AcDbEntity
  8
Z-RZEDNE-PROJ
 62
7
420
0
100
AcDbHatch
 10
0.0
 20
0.0
 30
0.0
210
0.0
220
0.0
230
1.0
  2
SOLID
 70
1
 71
0
 91
1
 92
3
 72
0
 73
1
 93
24
 10
3.8899999999999997
 20
37.7
 10
3.886933324366016
 20
37.72329371405923
 10
3.8779422863405992
 20
37.745000000000005
 10
3.863639610306789
 20
37.76363961030679
 10
3.8449999999999998
 20
37.777942286340604
 10
3.823293714059227
 20
37.78693332436602
 10
3.8
 20
37.790000000000006
 10
3.776706285940773
 20
37.78693332436602
 10
3.755
 20
37.777942286340604
 10
3.7363603896932105
 20
37.76363961030679
 10
3.7220577136594004
 20
37.745000000000005
 10
3.713066675633984
 20
37.72329371405923
 10
3.71
 20
37.7
 10
3.713066675633984
 20
37.676706285940774
 10
3.7220577136594004
 20
37.655
 10
3.7363603896932105
 20
37.636360389693216
 10
3.755
 20
37.6220577136594
 10
3.7767062859407727
 20
37.61306667563399
 10
3.8
 20
37.61
 10
3.8232937140592265
 20
37.61306667563399
 10
3.8449999999999998
 20
37.6220577136594
 10
3.863639610306789
 20
37.636360389693216
 10
3.8779422863405992
 20
37.655
 10
3.886933324366016
 20
37.676706285940774
 97
0
 75
0
 76
1
 98
0
  0
HATCH
  5
4AB
330
17
100
AcDbEntity
  8
Z-RZEDNE-PROJ
 62
7
420
0
100
AcDbHatch
 10
0.0
 20
0.0
 30
0.0
210
0.0
220
0.0
230
1.0
  2
SOLID
 70
1
 71
0
 91
1
 92
3
 72
0
 73
1
 93
24
 10
3.8899999999999997
 20
34.7
 10
3.886933324366016
 20
34.72329371405923
 10
3.8779422863405992
 20
34.745000000000005
 10
3.863639610306789
 20
34.76363961030679
 10
3.8449999999999998
 20
34.777942286340604
 10
3.823293714059227
 20
34.78693332436602
 10
3.8
 20
34.790000000000006
 10
3.776706285940773
 20
34.78693332436602
 10
3.755
 20
34.777942286340604
 10
3.7363603896932105
 20
34.76363961030679
 10
3.7220577136594004
 20
34.745000000000005
 10
3.713066675633984
 20
34.72329371405923
 10
3.71
 20
34.7
 10
3.713066675633984
 20
34.676706285940774
 10
3.7220577136594004
 20
34.655
 10
3.7363603896932105
 20
34.636360389693216
 10
3.755
 20
34.6220577136594
 10
3.7767062859407727
 20
34.61306667563399
 10
3.8
 20
34.61
 10
3.8232937140592265
 20
34.61306667563399
 10
3.8449999999999998
 20
34.6220577136594
 10
3.863639610306789
 20
34.636360389693216
 10
3.8779422863405992
 20
34.655
 10
3.886933324366016
 20
34.676706285940774
 97
0
 75
0
 76
1
 98
0
  0
HATCH
  5
4AC
330
17
100
AcDbEntity
  8
Z-RZEDNE-PROJ
 62
7
420
0
100
AcDbHatch
 10
0.0
 20
0.0
 30
0.0
210
0.0
220
0.0
230
1.0
  2
SOLID
 70
1
 71
0
 91
1
 92
3
 72
0
 73
1
 93
24
 10
3.8899999999999997
 20
43.2
 10
3.886933324366016
 20
43.22329371405923
 10
3.8779422863405992
 20
43.245000000000005
 10
3.863639610306789
 20
43.26363961030679
 10
3.8449999999999998
 20
43.277942286340604
 10
3.823293714059227
 20
43.28693332436602
 10
3.8
 20
43.290000000000006
 10
3.776706285940773
 20
43.28693332436602
 10
3.755
 20
43.277942286340604
 10
3.7363603896932105
 20
43.26363961030679
 10
3.7220577136594004
 20
43.245000000000005
 10
3.713066675633984
 20
43.22329371405923
 10
3.71
 20
43.2
 10
3.713066675633984
 20
43.176706285940774
 10
3.7220577136594004
 20
43.155
 10
3.7363603896932105
 20
43.136360389693216
 10
3.755
 20
43.1220577136594
 10
3.7767062859407727
 20
43.11306667563399
 10
3.8
 20
43.11
 10
3.8232937140592265
 20
43.11306667563399
 10
3.8449999999999998
 20
43.1220577136594
 10
3.863639610306789
 20
43.136360389693216
 10
3.8779422863405992
 20
43.155
 10
3.886933324366016
 20
43.176706285940774
 97
0
 75
0
 76
1
 98
0
  0
HATCH
  5
4AD
330
17
100
AcDbEntity
  8
Z-RZEDNE-PROJ
 62
7
420
0
100
AcDbHatch
 10
0.0
 20
0.0
 30
0.0
210
0.0
220
0.0
230
1.0
  2
SOLID
 70
1
 71
0
 91
1
 92
3
 72
0
 73
1
 93
24
 10
28.69
 20
31.7
 10
28.686933324366017
 20
31.723293714059228
 10
28.677942286340603
 20
31.745
 10
28.66363961030679
 20
31.76363961030679
 10
28.645000000000003
 20
31.7779422863406
 10
28.62329371405923
 20
31.786933324366014
 10
28.6
 20
31.79
 10
28.576706285940773
 20
31.786933324366014
 10
28.555
 20
31.7779422863406
 10
28.53636038969321
 20
31.76363961030679
 10
28.5220577136594
 20
31.745
 10
28.513066675633986
 20
31.723293714059228
 10
28.51
 20
31.7
 10
28.513066675633986
 20
31.67670628594077
 10
28.5220577136594
 20
31.654999999999998
 10
28.53636038969321
 20
31.63636038969321
 10
28.555
 20
31.622057713659398
 10
28.576706285940773
 20
31.613066675633984
 10
28.6
 20
31.61
 10
28.62329371405923
 20
31.613066675633984
 10
28.645000000000003
 20
31.622057713659398
 10
28.66363961030679
 20
31.63636038969321
 10
28.677942286340603
 20
31.654999999999998
 10
28.686933324366017
 20
31.67670628594077
 97
0
 75
0
 76
1
 98
0
  0
HATCH
  5
4AE
330
17
100
AcDbEntity
  8
Z-RZEDNE-PROJ
 62
7
420
0
100
AcDbHatch
 10
0.0
 20
0.0
 30
0.0
210
0.0
220
0.0
230
1.0
  2
SOLID
 70
1
 71
0
 91
1
 92
3
 72
0
 73
1
 93
24
 10
28.69
 20
29.7
 10
28.686933324366017
 20
29.723293714059228
 10
28.677942286340603
 20
29.745
 10
28.66363961030679
 20
29.76363961030679
 10
28.645000000000003
 20
29.7779422863406
 10
28.62329371405923
 20
29.786933324366014
 10
28.6
 20
29.79
 10
28.576706285940773
 20
29.786933324366014
 10
28.555
 20
29.7779422863406
 10
28.53636038969321
 20
29.76363961030679
 10
28.5220577136594
 20
29.745
 10
28.513066675633986
 20
29.723293714059228
 10
28.51
 20
29.7
 10
28.513066675633986
 20
29.67670628594077
 10
28.5220577136594
 20
29.654999999999998
 10
28.53636038969321
 20
29.63636038969321
 10
28.555
 20
29.622057713659398
 10
28.576706285940773
 20
29.613066675633984
 10
28.6
 20
29.61
 10
28.62329371405923
 20
29.613066675633984
 10
28.645000000000003
 20
29.622057713659398
 10
28.66363961030679
 20
29.63636038969321
 10
28.677942286340603
 20
29.654999999999998
 10
28.686933324366017
 20
29.67670628594077
 97
0
 75
0
 76
1
 98
0
  0
HATCH
  5
4AF
330
17
100
AcDbEntity
  8
Z-RZEDNE-PROJ
 62
7
420
0
100
AcDbHatch
 10
0.0
 20
0.0
 30
0.0
210
0.0
220
0.0
230
1.0
  2
SOLID
 70
1
 71
0
 91
1
 92
3
 72
0
 73
1
 93
24
 10
4.6899999999999995
 20
45.7
 10
4.686933324366016
 20
45.72329371405923
 10
4.677942286340599
 20
45.745000000000005
 10
4.663639610306789
 20
45.76363961030679
 10
4.645
 20
45.777942286340604
 10
4.623293714059226
 20
45.78693332436602
 10
4.6
 20
45.790000000000006
 10
4.576706285940773
 20
45.78693332436602
 10
4.555
 20
45.777942286340604
 10
4.53636038969321
 20
45.76363961030679
 10
4.5220577136594
 20
45.745000000000005
 10
4.513066675633984
 20
45.72329371405923
 10
4.51
 20
45.7
 10
4.513066675633984
 20
45.676706285940774
 10
4.5220577136594
 20
45.655
 10
4.53636038969321
 20
45.636360389693216
 10
4.555
 20
45.6220577136594
 10
4.576706285940773
 20
45.61306667563399
 10
4.6
 20
45.61
 10
4.623293714059226
 20
45.61306667563399
 10
4.645
 20
45.6220577136594
 10
4.663639610306789
 20
45.636360389693216
 10
4.677942286340599
 20
45.655
 10
4.686933324366016
 20
45.676706285940774
 97
0
 75
0
 76
1
 98
0
  0
HATCH
  5
4B0
330
17
100
AcDbEntity
  8
Z-RZEDNE-PROJ
 62
7
420
0
100
AcDbHatch
 10
0.0
 20
0.0
 30
0.0
210
0.0
220
0.0
230
1.0
  2
SOLID
 70
1
 71
0
 91
1
 92
3
 72
0
 73
1
 93
24
 10
8.69
 20
45.7
 10
8.686933324366017
 20
45.72329371405923
 10
8.677942286340599
 20
45.745000000000005
 10
8.663639610306788
 20
45.76363961030679
 10
8.645
 20
45.777942286340604
 10
8.623293714059226
 20
45.78693332436602
 10
8.6
 20
45.790000000000006
 10
8.576706285940773
 20
45.78693332436602
 10
8.555
 20
45.777942286340604
 10
8.536360389693211
 20
45.76363961030679
 10
8.5220577136594
 20
45.745000000000005
 10
8.513066675633983
 20
45.72329371405923
 10
8.51
 20
45.7
 10
8.513066675633983
 20
45.676706285940774
 10
8.5220577136594
 20
45.655
 10
8.536360389693211
 20
45.636360389693216
 10
8.555
 20
45.6220577136594
 10
8.576706285940773
 20
45.61306667563399
 10
8.6
 20
45.61
 10
8.623293714059226
 20
45.61306667563399
 10
8.645
 20
45.6220577136594
 10
8.663639610306788
 20
45.636360389693216
 10
8.677942286340599
 20
45.655
 10
8.686933324366017
 20
45.676706285940774
 97
0
 75
0
 76
1
 98
0
  0
HATCH
  5
4B1
330
17
100
AcDbEntity
  8
Z-RZEDNE-PROJ
 62
7
420
0
100
AcDbHatch
 10
0.0
 20
0.0
 30
0.0
210
0.0
220
0.0
230
1.0
  2
SOLID
 70
1
 71
0
 91
1
 92
3
 72
0
 73
1
 93
24
 10
12.69
 20
45.7
 10
12.686933324366017
 20
45.72329371405923
 10
12.677942286340599
 20
45.745000000000005
 10
12.663639610306788
 20
45.76363961030679
 10
12.645
 20
45.777942286340604
 10
12.623293714059226
 20
45.78693332436602
 10
12.6
 20
45.790000000000006
 10
12.576706285940773
 20
45.78693332436602
 10
12.555
 20
45.777942286340604
 10
12.536360389693211
 20
45.76363961030679
 10
12.5220577136594
 20
45.745000000000005
 10
12.513066675633983
 20
45.72329371405923
 10
12.51
 20
45.7
 10
12.513066675633983
 20
45.676706285940774
 10
12.5220577136594
 20
45.655
 10
12.536360389693211
 20
45.636360389693216
 10
12.555
 20
45.6220577136594
 10
12.576706285940773
 20
45.61306667563399
 10
12.6
 20
45.61
 10
12.623293714059226
 20
45.61306667563399
 10
12.645
 20
45.6220577136594
 10
12.663639610306788
 20
45.636360389693216
 10
12.677942286340599
 20
45.655
 10
12.686933324366017
 20
45.676706285940774
 97
0
 75
0
 76
1
 98
0
  0
HATCH
  5
4B2
330
17
100
AcDbEntity
  8
Z-RZEDNE-PROJ
 62
7
420
0
100
AcDbHatch
 10
0.0
 20
0.0
 30
0.0
210
0.0
220
0.0
230
1.0
  2
SOLID
 70
1
 71
0
 91
1
 92
3
 72
0
 73
1
 93
24
 10
16.69
 20
45.7
 10
16.686933324366017
 20
45.72329371405923
 10
16.677942286340603
 20
45.745000000000005
 10
16.66363961030679
 20
45.76363961030679
 10
16.645000000000003
 20
45.777942286340604
 10
16.62329371405923
 20
45.78693332436602
 10
16.6
 20
45.790000000000006
 10
16.576706285940773
 20
45.78693332436602
 10
16.555
 20
45.777942286340604
 10
16.53636038969321
 20
45.76363961030679
 10
16.5220577136594
 20
45.745000000000005
 10
16.513066675633986
 20
45.72329371405923
 10
16.51
 20
45.7
 10
16.513066675633986
 20
45.676706285940774
 10
16.5220577136594
 20
45.655
 10
16.53636038969321
 20
45.636360389693216
 10
16.555
 20
45.6220577136594
 10
16.576706285940773
 20
45.61306667563399
 10
16.6
 20
45.61
 10
16.62329371405923
 20
45.61306667563399
 10
16.645000000000003
 20
45.6220577136594
 10
16.66363961030679
 20
45.636360389693216
 10
16.677942286340603
 20
45.655
 10
16.686933324366017
 20
45.676706285940774
 97
0
 75
0
 76
1
 98
0
  0
HATCH
  5
4B3
330
17
100
AcDbEntity
  8
Z-RZEDNE-PROJ
 62
7
420
0
100
AcDbHatch
 10
0.0
 20
0.0
 30
0.0
210
0.0
220
0.0
230
1.0
  2
SOLID
 70
1
 71
0
 91
1
 92
3
 72
0
 73
1
 93
24
 10
30.69
 20
40.7
 10
30.686933324366017
 20
40.72329371405923
 10
30.677942286340603
 20
40.745000000000005
 10
30.66363961030679
 20
40.76363961030679
 10
30.645000000000003
 20
40.777942286340604
 10
30.62329371405923
 20
40.78693332436602
 10
30.6
 20
40.790000000000006
 10
30.576706285940773
 20
40.78693332436602
 10
30.555
 20
40.777942286340604
 10
30.53636038969321
 20
40.76363961030679
 10
30.5220577136594
 20
40.745000000000005
 10
30.513066675633986
 20
40.72329371405923
 10
30.51
 20
40.7
 10
30.513066675633986
 20
40.676706285940774
 10
30.5220577136594
 20
40.655
 10
30.53636038969321
 20
40.636360389693216
 10
30.555
 20
40.6220577136594
 10
30.576706285940773
 20
40.61306667563399
 10
30.6
 20
40.61
 10
30.62329371405923
 20
40.61306667563399
 10
30.645000000000003
 20
40.6220577136594
 10
30.66363961030679
 20
40.636360389693216
 10
30.677942286340603
 20
40.655
 10
30.686933324366017
 20
40.676706285940774
 97
0
 75
0
 76
1
 98
0
  0
HATCH
  5
4B4
330
17
100
AcDbEntity
  8
Z-RZEDNE-PROJ
 62
7
420
0
100
AcDbHatch
 10
0.0
 20
0.0
 30
0.0
210
0.0
220
0.0
230
1.0
  2
SOLID
 70
1
 71
0
 91
1
 92
3
 72
0
 73
1
 93
24
 10
30.69
 20
36.7
 10
30.686933324366017
 20
36.72329371405923
 10
30.677942286340603
 20
36.745000000000005
 10
30.66363961030679
 20
36.76363961030679
 10
30.645000000000003
 20
36.777942286340604
 10
30.62329371405923
 20
36.78693332436602
 10
30.6
 20
36.790000000000006
 10
30.576706285940773
 20
36.78693332436602
 10
30.555
 20
36.777942286340604
 10
30.53636038969321
 20
36.76363961030679
 10
30.5220577136594
 20
36.745000000000005
 10
30.513066675633986
 20
36.72329371405923
 10
30.51
 20
36.7
 10
30.513066675633986
 20
36.676706285940774
 10
30.5220577136594
 20
36.655
 10
30.53636038969321
 20
36.636360389693216
 10
30.555
 20
36.6220577136594
 10
30.576706285940773
 20
36.61306667563399
 10
30.6
 20
36.61
 10
30.62329371405923
 20
36.61306667563399
 10
30.645000000000003
 20
36.6220577136594
 10
30.66363961030679
 20
36.636360389693216
 10
30.677942286340603
 20
36.655
 10
30.686933324366017
 20
36.676706285940774
 97
0
 75
0
 76
1
 98
0
  0
HATCH
  5
4B5
330
17
100
AcDbEntity
  8
Z-RZEDNE-PROJ
 62
7
420
0
100
AcDbHatch
 10
0.0
 20
0.0
 30
0.0
210
0.0
220
0.0
230
1.0
  2
SOLID
 70
1
 71
0
 91
1
 92
3
 72
0
 73
1
 93
24
 10
30.69
 20
32.7
 10
30.686933324366017
 20
32.72329371405923
 10
30.677942286340603
 20
32.745000000000005
 10
30.66363961030679
 20
32.76363961030679
 10
30.645000000000003
 20
32.777942286340604
 10
30.62329371405923
 20
32.78693332436602
 10
30.6
 20
32.790000000000006
 10
30.576706285940773
 20
32.78693332436602
 10
30.555
 20
32.777942286340604
 10
30.53636038969321
 20
32.76363961030679
 10
30.5220577136594
 20
32.745000000000005
 10
30.513066675633986
 20
32.72329371405923
 10
30.51
 20
32.7
 10
30.513066675633986
 20
32.676706285940774
 10
30.5220577136594
 20
32.655
 10
30.53636038969321
 20
32.636360389693216
 10
30.555
 20
32.6220577136594
 10
30.576706285940773
 20
32.61306667563399
 10
30.6
 20
32.61
 10
30.62329371405923
 20
32.61306667563399
 10
30.645000000000003
 20
32.6220577136594
 10
30.66363961030679
 20
32.636360389693216
 10
30.677942286340603
 20
32.655
 10
30.686933324366017
 20
32.676706285940774
 97
0
 75
0
 76
1
 98
0
  0
LWPOLYLINE
  5
4B6
330
17
100
AcDbEntity
  8
Z-RZEDNE
  6
Continuous
370
18
 48
0.2
420
10516560
100
AcDbPolyline
 90
21
 70
128
 10
-3.0
 20
2.1625673246667274
 10
-2.786820277186054
 20
2.0
 10
-2.5
 20
1.7798541318135186
 10
-2.1282611754535234
 20
1.5
 10
-2.0
 20
1.4028973409737227
 10
-1.5
 20
1.0340157051204308
 10
-1.4523803254461543
 20
1.0
 10
-1.0
 20
0.6756047295577317
 10
-0.7454835150167438
 20
0.5
 10
-0.5
 20
0.32957509315318373
 10
0.0
 20
0.0
 10
0.5
 20
-0.16865713281180256
 10
1.0
 20
-0.36861330871330955
 10
1.2781244887871606
 20
-0.5
 10
1.5
 20
-0.6720893799325118
 10
1.9227764460984702
 20
-1.0
 10
2.0
 20
-1.0598955397760448
 10
2.5
 20
-1.4477016996172518
 10
2.567428403411448
 20
-1.5
 10
3.0
 20
-1.8355078594607845
 10
3.2120803607226986
 20
-2.0
  0
LWPOLYLINE
  5
4B7
330
17
100
AcDbEntity
  8
Z-RZEDNE
  6
Continuous
370
18
 48
0.2
420
10516560
100
AcDbPolyline
 90
96
 70
128
 10
-3.0
 20
18.78643560064393
 10
-2.627564240505192
 20
18.5
 10
-2.5
 20
18.40178743258189
 10
-2.0
 20
18.028496443350168
 10
-1.960430787675366
 20
18.0
 10
-1.5
 20
17.667408119893523
 10
-1.2584548521867942
 20
17.5
 10
-1.0
 20
17.320318500225838
 10
-0.5177241041244294
 20
17.0
 10
-0.5
 20
16.988190869964832
 10
0.0
 20
16.671541254992047
 10
0.2810898213562992
 20
16.5
 10
0.5
 20
16.365952422362515
 10
1.0
 20
16.0627037575492
 10
1.1028543260342234
 20
16.0
 10
1.5
 20
15.756887893394975
 10
1.9129329218076228
 20
15.5
 10
2.0
 20
15.445816935211639
 10
2.5
 20
15.127639529159342
 10
2.6944256396087907
 20
15.0
 10
3.0
 20
14.801576582020056
 10
3.4479550149503275
 20
14.5
 10
3.5
 20
14.465431772588438
 10
4.0
 20
14.11127077780064
 10
4.148027002378727
 20
14.0
 10
4.5
 20
13.738329467478481
 10
4.798383981822297
 20
13.5
 10
5.0
 20
13.337072994094294
 10
5.375019517458871
 20
13.0
 10
5.5
 20
12.886243693689082
 10
5.888933566602835
 20
12.5
 10
6.0
 20
12.388020836589103
 10
6.367949574482438
 20
12.0
 10
6.5
 20
11.866486408489667
 10
6.8707754085544055
 20
11.5
 10
7.0
 20
11.365444804436923
 10
7.332394226025066
 20
11.0
 10
7.5
 20
10.814496708503826
 10
7.78752097573328
 20
10.5
 10
8.0
 20
10.271933673018513
 10
8.258401855762404
 20
10.0
 10
8.5
 20
9.749880393676467
 10
8.748390986651568
 20
9.5
 10
9.0
 20
9.248990483642803
 10
9.259525910644221
 20
9.0
 10
9.5
 20
8.769017002193154
 10
9.79720609345775
 20
8.5
 10
10.0
 20
8.316424202386386
 10
10.378787218297848
 20
8.0
 10
10.5
 20
7.8988379630364385
 10
11.0
 20
7.512320161382897
 10
11.016970873944908
 20
7.5
 10
11.5
 20
7.146120562886004
 10
11.700684654704514
 20
7.0
 10
12.0
 20
6.779038018335501
 10
12.41212133610457
 20
6.5
 10
12.5
 20
6.442622535782265
 10
13.0
 20
6.13699793603187
 10
13.233774123827857
 20
6.0
 10
13.5
 20
5.8430491850647135
 10
14.0
 20
5.557395540264848
 10
14.102671894893762
 20
5.5
 10
14.5
 20
5.2771920264798435
 10
15.0
 20
5.0
 10
15.5
 20
4.724001568708253
 10
15.905784136794082
 20
4.5
 10
16.0
 20
4.447824830387088
 10
16.5
 20
4.163099322952545
 10
16.77417958360136
 20
4.0
 10
17.0
 20
3.864548915588405
 10
17.5
 20
3.544511231646941
 10
17.564298277660548
 20
3.5
 10
18.0
 20
3.1889239653407477
 10
18.2459995021921
 20
3.0
 10
18.5
 20
2.811306672779125
 10
18.920102916995035
 20
2.5
 10
19.0
 20
2.4419813621591127
 10
19.5
 20
2.0530671499063313
 10
19.562643460482366
 20
2.0
 10
20.0
 20
1.6316447535798473
 10
20.142454190389483
 20
1.5
 10
20.5
 20
1.1709207517313764
 10
20.673258067389913
 20
1.0
 10
21.0
 20
0.6806784649757889
 10
21.18015357218888
 20
0.5
 10
21.5
 20
0.18949558746822842
 10
21.692250475116374
 20
0.0
 10
22.0
 20
-0.25905919486545775
 10
22.379707015365447
 20
-0.5
 10
22.5
 20
-0.5933007208540517
 10
22.999999999999996
 20
-0.9811068806956927
 10
23.02435897267857
 20
-1.0
 10
23.5
 20
-1.3689130405368999
 10
23.6690109299914
 20
-1.5
 10
24.0
 20
-1.7567192003804326
 10
24.313662887303263
 20
-2.0
  0
LWPOLYLINE
  5
4B8
330
17
100
AcDbEntity
  8
Z-RZEDNE
  6
Continuous
370
18
 48
0.2
420
10516560
100
AcDbPolyline
 90
133
 70
128
 10
-3.0
 20
35.45082655632987
 10
-2.4999999999999996
 20
35.05800986166909
 10
-2.4258860147037846
 20
35.0
 10
-2.0
 20
34.667875493750174
 10
-1.7713082679501002
 20
34.5
 10
-1.5
 20
34.30247162085354
 10
-1.0552897245631414
 20
34.0
 10
-1.0
 20
33.96271904044098
 10
-0.5
 20
33.6437021441793
 10
-0.26433310373450875
 20
33.5
 10
0.0
 20
33.33775576341509
 10
0.5
 20
33.04314972000382
 10
0.5742563871261654
 20
33.0
 10
1.0
 20
32.75180334456921
 10
1.4232045043340946
 20
32.5
 10
1.5
 20
32.453748126196274
 10
2.0
 20
32.125291508540485
 10
2.18203254120876
 20
32.0
 10
2.5
 20
31.795750344341293
 10
2.985496909618491
 20
31.5
 10
3.0
 20
31.491347890577646
 10
3.5
 20
31.17257529616268
 10
3.7476619794204886
 20
31.0
 10
4.0
 20
30.82119504993903
 10
4.414040442930747
 20
30.5
 10
4.5
 20
30.43216301249771
 10
5.0
 20
30.0
 10
5.5
 20
29.53274631971791
 10
5.534174310529482
 20
29.5
 10
6.0
 20
29.047350781759274
 10
6.047854495952832
 20
29.0
 10
6.5
 20
28.54736091315141
 10
6.546678144776294
 20
28.5
 10
7.0
 20
28.036661327066874
 10
7.035549837971109
 20
28.0
 10
7.5
 20
27.51963752442429
 10
7.518900819557128
 20
27.5
 10
8.0
 20
27.000934780114044
 10
8.000900922301446
 20
27.0
 10
8.485837583297746
 20
26.5
 10
8.5
 20
26.485561331612445
 10
8.977755097929515
 20
26.0
 10
9.0
 20
25.97773767377915
 10
9.480921853779472
 20
25.5
 10
9.5
 20
25.48108643140999
 10
10.0
 20
25.0
 10
10.5
 20
24.55191525910479
 10
10.563516841086907
 20
24.499999999999996
 10
11.0
 20
24.147788375461314
 10
11.201235522002616
 20
24.0
 10
11.5
 20
23.78351885334402
 10
11.930713373031725
 20
23.5
 10
12.0
 20
23.454760286259017
 10
12.5
 20
23.146763989153904
 10
12.737016644035778
 20
23.0
 10
13.0
 20
22.83031874616278
 10
13.5
 20
22.522121764858447
 10
13.538119846978264
 20
22.5
 10
14.0
 20
22.232727388362655
 10
14.409912264299237
 20
22.0
 10
14.5
 20
21.948675245736204
 10
15.0
 20
21.66766100414589
 10
15.30048109165034
 20
21.5
 10
15.5
 20
21.38831955043463
 10
16.0
 20
21.106463976032007
 10
16.18439053525199
 20
21.0
 10
16.5
 20
20.817289604471238
 10
17.0
 20
20.51736662868012
 10
17.02767739362065
 20
20.5
 10
17.5
 20
20.205740253911152
 10
17.813066915708074
 20
20.0
 10
18.0
 20
19.87875231396181
 10
18.5
 20
19.53483291240937
 10
18.547403683421194
 20
19.5
 10
19.0
 20
19.163518488142557
 10
19.201821085597228
 20
19.0
 10
19.5
 20
18.759872963884217
 10
19.804157747411118
 20
18.5
 10
20.0
 20
18.332584095770123
 10
20.35636723141189
 20
18.0
 10
20.5
 20
17.866188195064943
 10
20.868089756992994
 20
17.5
 10
21.0
 20
17.36939059659676
 10
21.358508865563216
 20
17.0
 10
21.5
 20
16.85532721473871
 10
21.841531880324883
 20
16.5
 10
22.0
 20
16.336097744103235
 10
22.32358943882574
 20
16.0
 10
22.5
 20
15.815647638148969
 10
22.803677832155923
 20
15.5
 10
23.0
 20
15.292028576813827
 10
23.279870127896515
 20
15.0
 10
23.5
 20
14.763945075251264
 10
23.752513122595712
 20
14.5
 10
24.0
 20
14.247587850798276
 10
24.25755580257017
 20
14.0
 10
24.5
 20
13.76407795583275
 10
24.788999328476592
 20
13.5
 10
25.0
 20
13.310720173614603
 10
25.400756872862402
 20
13.0
 10
25.5
 20
12.924041812409882
 10
26.0
 20
12.586242241206646
 10
26.13854903943467
 20
12.5
 10
26.5
 20
12.271302288562193
 10
26.898952820305944
 20
12.0
 10
27.0
 20
11.9290211208192
 10
27.5
 20
11.601569663603456
 10
27.670664759249988
 20
11.5
 10
28.0
 20
11.308661515092778
 10
28.5
 20
11.011246781250012
 10
28.518082114628168
 20
11.0
 10
29.0
 20
10.696946391552416
 10
29.294673503021045
 20
10.5
 10
29.5
 20
10.361492964987841
 10
30.0
 20
10.0
 10
30.5
 20
9.609286055689712
 10
30.632322956635473
 20
9.5
 10
31.0
 20
9.195230791420272
 10
31.228064648560416
 20
9.0
 10
31.5
 20
8.768781624238953
 10
31.809581250772926
 20
8.5
 10
32.0
 20
8.33359221413025
 10
32.38429022759358
 20
8.0
 10
32.5
 20
7.899467095776832
 10
32.96306382927272
 20
7.5
 10
33.0
 20
7.468109206868164
 10
33.5
 20
7.039337961729228
 10
33.54617518890458
 20
7.0
 10
34.0
 20
6.612989517774983
 10
34.13327716017445
 20
6.5
 10
34.5
 20
6.188852064527151
 10
34.72374043155236
 20
6.0
 10
35.0
 20
5.766688406689838
  0
LWPOLYLINE
  5
4B9
330
17
100
AcDbEntity
  8
Z-RZEDNE
  6
Continuous
370
18
 48
0.2
420
10516560
100
AcDbPolyline
 90
46
 70
128
 10
-3.0
 20
51.88642704504319
 10
-2.5
 20
51.56818705675065
 10
-2.3910559857496034
 20
51.50000000000001
 10
-2.0
 20
51.25143296442424
 10
-1.6002851890025356
 20
51.0
 10
-1.5
 20
50.93581037514157
 10
-1.0
 20
50.62237479227281
 10
-0.8020120112000937
 20
50.5
 10
-0.5
 20
50.31000206599447
 10
0.0
 20
50.00000000000702
 10
1.1463825924997915e-11
 20
50.0
 10
0.5
 20
49.693258549510915
 10
0.8163964800820522
 20
49.5
 10
1.0
 20
49.38916469061094
 10
1.5
 20
49.09334905856173
 10
1.6602458816615857
 20
49.0
 10
2.0
 20
48.807794115695955
 10
2.5
 20
48.53119472694095
 10
2.554421487031918
 20
48.5
 10
3.0
 20
48.22923396943129
 10
3.3367820272951896
 20
48.0
 10
3.5
 20
47.8876737673349
 10
4.0
 20
47.536266924138005
 10
4.047741850016469
 20
47.49999999999999
 10
4.5
 20
47.149477192246565
 10
4.674894008059979
 20
47.0
 10
5.0
 20
46.719089318127146
 10
5.2405767711829965
 20
46.5
 10
5.5
 20
46.26380589900154
 10
5.795523404619128
 20
46.0
 10
6.0
 20
45.80877125359495
 10
6.289668916798757
 20
45.5
 10
6.5
 20
45.26246415074397
 10
6.72221845586399
 20
45.0
 10
7.0
 20
44.68628355699151
 10
7.1621356442408475
 20
44.5
 10
7.500000000000001
 20
44.12938576088672
 10
7.619390194045047
 20
44.0
 10
8.0
 20
43.60639753631912
 10
8.108183144340632
 20
43.5
 10
8.5
 20
43.12666255329532
 10
8.627355187975617
 20
43.0
 10
9.0
 20
42.611238659251256
 10
9.109765344392047
 20
42.5
 10
9.5
 20
42.10856551298032
 10
9.562735156412689
 20
42.05
  0
LWPOLYLINE
  5
4BA
330
17
100
AcDbEntity
  8
Z-RZEDNE
  6
Continuous
370
18
 48
0.2
420
10516560
100
AcDbPolyline
 90
44
 70
128
 10
22.872776907972394
 20
32.10000000000001
 10
22.976298644712134
 20
32.0
 10
23.0
 20
31.975482427168355
 10
23.446208109624642
 20
31.5
 10
23.5
 20
31.442603270479957
 10
23.92442204471103
 20
31.0
 10
24.0
 20
30.92170684880793
 10
24.432629435520564
 20
30.5
 10
24.5
 20
30.434836240635136
 10
25.0
 20
30.0
 10
25.5
 20
29.610762935823757
 10
25.649153715945413
 20
29.5
 10
26.0
 20
29.243281901307782
 10
26.345571020697925
 20
29.0
 10
26.5
 20
28.892551739568436
 10
27.0
 20
28.55804536275647
 10
27.090781301480504
 20
28.5
 10
27.5
 20
28.23929861257984
 10
27.884916113584538
 20
28.0
 10
28.0
 20
27.928329114865655
 10
28.5
 20
27.625464446322777
 10
28.709389473203757
 20
27.5
 10
29.0
 20
27.324999615084053
 10
29.5
 20
27.0098691327511
 10
29.51415657071074
 20
27.0
 10
30.0
 20
26.661956533561494
 10
30.20348615364
 20
26.5
 10
30.5
 20
26.268812952674253
 10
30.83487701938415
 20
26.0
 10
31.0
 20
25.866284026174412
 10
31.427613646798747
 20
25.5
 10
31.5
 20
25.437834421249853
 10
32.0
 20
25.0
 10
32.5
 20
24.563926393009357
 10
32.573752842503566
 20
24.5
 10
33.0
 20
24.130203219171747
 10
33.15096389408612
 20
24.0
 10
33.5
 20
23.69863604965944
 10
33.73132876870123
 20
23.5
 10
34.0
 20
23.26901976789191
 10
34.31452838462818
 20
23.0
 10
34.5
 20
22.841152592725223
 10
34.90021616296147
 20
22.5
 10
35.0
 20
22.41480388081635
  0
LWPOLYLINE
  5
4BB
330
17
100
AcDbEntity
  8
Z-RZEDNE
  6
Continuous
370
18
 48
0.2
420
10516560
100
AcDbPolyline
 90
110
 70
128
 10
6.392263845690033
 20
61.0
 10
6.5
 20
60.916438511441484
 10
7.0
 20
60.52863235160014
 10
7.03691580300301
 20
60.5
 10
6.999999999999999
 20
60.488030411687724
 10
6.500000000000001
 20
60.327305861277935
 10
6.0
 20
60.16938603523192
 10
5.5
 20
60.014532281691345
 10
5.452490551577803
 20
60.0
 10
5.5
 20
59.94655902217654
 10
5.883329887823464
 20
59.5
 10
6.0
 20
59.396740787823134
 10
6.434903883414377
 20
59.0
 10
6.5
 20
58.95055178837464
 10
7.0
 20
58.56190833220188
 10
7.077792039896342
 20
58.5
 10
7.5
 20
58.20523730847169
 10
7.787615199082455
 20
58.0
 10
8.0
 20
57.859439517073994
 10
8.500000000000002
 20
57.51490630905502
 10
8.520756665384324
 20
57.5
 10
9.0
 20
57.15238886453748
 10
9.197930662746963
 20
57.0
 10
9.5
 20
56.76464154340694
 10
9.819604423826668
 20
56.5
 10
10.0
 20
56.34854248959073
 10
10.390323827442385
 20
56.0
 10
10.5
 20
55.90049756653108
 10
10.914877367122212
 20
55.5
 10
11.0
 20
55.41319780153517
 10
11.349794889087308
 20
55.0
 10
11.5
 20
54.80812892599537
 10
11.761957023904294
 20
54.5
 10
12.0
 20
54.29081662069562
 10
12.5
 20
54.023131918205614
 10
12.514768723684465
 20
54.0
 10
12.645901579776897
 20
53.5
 10
12.742379911194138
 20
53.0
 10
12.999482153304104
 20
52.5
 10
13.0
 20
52.49949143764129
 10
13.5
 20
52.24642925487356
 10
14.0
 20
52.1604957035248
 10
14.499999999999998
 20
52.10277449581458
 10
15.0
 20
52.0239901431394
 10
15.11284444306618
 20
52.0
 10
15.5
 20
51.913270530390605
 10
16.0
 20
51.80506547041513
 10
16.5
 20
51.709893150780225
 10
17.0
 20
51.619461920706904
 10
17.5
 20
51.526538971032956
 10
17.63486587186017
 20
51.5
 10
18.0
 20
51.42142921754559
 10
18.5
 20
51.303121626649784
 10
19.0
 20
51.171518302701045
 10
19.499999999999996
 20
51.02354334042153
 10
19.56827075300883
 20
51.0
 10
20.0
 20
50.829106305687475
 10
20.5
 20
50.624583777933296
 10
20.800473050059637
 20
50.5
 10
21.0
 20
50.396282738467505
 10
21.5
 20
50.13078182243153
 10
21.74274379990707
 20
50.0
 10
22.0
 20
49.81805088356391
 10
22.440414440862718
 20
49.5
 10
22.5
 20
49.447678232725806
 10
22.999017559522226
 20
49.0
 10
23.0
 20
48.99897852059468
 10
23.469474599774088
 20
48.5
 10
23.5
 20
48.46506209245777
 10
23.907902592633477
 20
48.0
 10
24.0
 20
47.890747786078734
 10
24.354043275455357
 20
47.5
 10
24.5
 20
47.332637687226395
 10
24.8407352324474
 20
47.0
 10
25.0
 20
46.83873881242222
 10
25.375845582313595
 20
46.5
 10
25.5
 20
46.38470185253965
 10
25.920420058624693
 20
46.0
 10
26.0
 20
45.93103117182621
 10
26.5
 20
45.56154310438886
 10
26.594811382131624
 20
45.49999999999999
 10
27.0
 20
45.23151229942796
 10
27.368725122563244
 20
45.0
 10
27.5
 20
44.91631305209959
 10
27.999999999999996
 20
44.607752748400735
 10
28.175494082752905
 20
44.5
 10
28.5
 20
44.302672136304736
 10
28.990565574217616
 20
44.0
 10
29.0
 20
43.99427262915719
 10
29.5
 20
43.67346984523843
 10
29.74715959962279
 20
43.5
 10
30.0
 20
43.3237962580016
 10
30.416137201093864
 20
43.0
 10
30.5
 20
42.93496534748098
 10
31.0
 20
42.52731272715366
 10
31.031821268119884
 20
42.5
 10
31.5
 20
42.10182067954795
 10
31.615471439024915
 20
42.0
 10
32.0
 20
41.66079797540018
 10
32.18463722070807
 20
41.5
 10
32.5
 20
41.22479525617833
 10
32.76186323920275
 20
41.0
 10
33.0
 20
40.797262252934104
 10
33.36111996462733
 20
40.5
 10
33.5
 20
40.38561276511021
 10
33.98260786386206
 20
40.0
 10
34.0
 20
39.98615412201302
 10
34.5
 20
39.599038867481006
 10
34.62930734025127
 20
39.5
 10
35.0
 20
39.212503254430985
  0
LWPOLYLINE
  5
4BC
330
17
100
AcDbEntity
  8
Z-RZEDNE
  6
Continuous
370
18
 48
0.2
420
10516560
100
AcDbPolyline
 90
37
 70
128
 10
27.49384637226695
 20
61.0
 10
27.5
 20
60.995227170519506
 10
28.0
 20
60.6074210106778
 10
28.138498329579967
 20
60.5
 10
28.0
 20
60.46617272574376
 10
27.5
 20
60.342384879424515
 10
27.0
 20
60.215995137052055
 10
26.5
 20
60.0870090907531
 10
26.168229289151995
 20
60.0
 10
26.5
 20
59.60768674707097
 10
26.594021652723566
 20
59.49999999999999
 10
27.0
 20
59.15941166578996
 10
27.19567399978438
 20
59.0
 10
27.5
 20
58.796579913407356
 10
27.955608551784522
 20
58.5
 10
28.0
 20
58.47464176534956
 10
28.5
 20
58.192952770602034
 10
28.850132333676946
 20
58.0
 10
29.0
 20
57.923818632235815
 10
29.5
 20
57.67282721485702
 10
29.850065875058462
 20
57.5
 10
30.0
 20
57.429050829588064
 10
30.5
 20
57.19464822388719
 10
30.920587243359954
 20
57.0
 10
31.0
 20
56.963374599557255
 10
31.500000000000004
 20
56.73208102379324
 10
31.998803774411968
 20
56.5
 10
32.0
 20
56.499434781872594
 10
32.5
 20
56.26026255510187
 10
33.0
 20
56.01680175810603
 10
33.033858142356955
 20
56.0
 10
33.5
 20
55.76281634404242
 10
34.0
 20
55.500831486688504
 10
34.001544819279154
 20
55.5
 10
34.5
 20
55.222623160015814
 10
34.88467274695914
 20
55.0
 10
35.0
 20
54.930539816249286
  0
LWPOLYLINE
  5
4BD
330
17
100
AcDbEntity
  8
Z-WYMIARY
370
18
 48
0.2
100
AcDbPolyline
 90
2
 70
0
 10
7.3
 20
32.699999999999996
 10
7.300000000000002
 20
-0.2999999999999996
  0
LWPOLYLINE
  5
4BE
330
17
100
AcDbEntity
  8
Z-WYMIARY
370
18
 48
0.2
100
AcDbPolyline
 90
2
 70
0
 10
7.0
 20
32.4
 10
7.6
 20
32.4
  0
LWPOLYLINE
  5
4BF
330
17
100
AcDbEntity
  8
Z-WYMIARY
370
18
 48
0.2
100
AcDbPolyline
 90
2
 70
0
 10
7.123223304703363
 20
32.57677669529664
 10
7.476776695296636
 20
32.22322330470336
  0
LWPOLYLINE
  5
4C0
330
17
100
AcDbEntity
  8
Z-WYMIARY
370
18
 48
0.2
100
AcDbPolyline
 90
2
 70
0
 10
7.000000000000002
 20
4.2862637970157376e-16
 10
7.600000000000001
 20
4.653657836759944e-16
  0
LWPOLYLINE
  5
4C1
330
17
100
AcDbEntity
  8
Z-WYMIARY
370
18
 48
0.2
100
AcDbPolyline
 90
2
 70
0
 10
7.123223304703365
 20
0.17677669529663734
 10
7.476776695296638
 20
-0.17677669529663645
  0
LWPOLYLINE
  5
4C2
330
17
100
AcDbEntity
  8
Z-WYMIARY
370
18
 48
0.2
100
AcDbPolyline
 90
2
 70
0
 10
19.9
 20
29.7
 10
19.900000000000002
 20
-0.2999999999999988
  0
LWPOLYLINE
  5
4C3
330
17
100
AcDbEntity
  8
Z-WYMIARY
370
18
 48
0.2
100
AcDbPolyline
 90
2
 70
0
 10
19.599999999999998
 20
29.4
 10
20.2
 20
29.4
  0
LWPOLYLINE
  5
4C4
330
17
100
AcDbEntity
  8
Z-WYMIARY
370
18
 48
0.2
100
AcDbPolyline
 90
2
 70
0
 10
19.72322330470336
 20
29.576776695296637
 10
20.076776695296637
 20
29.22322330470336
  0
LWPOLYLINE
  5
4C5
330
17
100
AcDbEntity
  8
Z-WYMIARY
370
18
 48
0.2
100
AcDbPolyline
 90
2
 70
0
 10
19.6
 20
1.2001538631644063e-15
 10
20.200000000000003
 20
1.2368932671388268e-15
  0
LWPOLYLINE
  5
4C6
330
17
100
AcDbEntity
  8
Z-WYMIARY
370
18
 48
0.2
100
AcDbPolyline
 90
2
 70
0
 10
19.723223304703364
 20
0.17677669529663811
 10
20.07677669529664
 20
-0.17677669529663567
  0
LWPOLYLINE
  5
4C7
330
17
100
AcDbEntity
  8
Z-WYMIARY
370
18
 48
0.2
100
AcDbPolyline
 90
2
 70
0
 10
25.974999999999998
 20
42.150000000000006
 10
32.3
 20
42.150000000000006
  0
LWPOLYLINE
  5
4C8
330
17
100
AcDbEntity
  8
Z-WYMIARY
370
18
 48
0.2
100
AcDbPolyline
 90
2
 70
0
 10
26.275
 20
41.85000000000001
 10
26.275
 20
42.45
  0
LWPOLYLINE
  5
4C9
330
17
100
AcDbEntity
  8
Z-WYMIARY
370
18
 48
0.2
100
AcDbPolyline
 90
2
 70
0
 10
26.09822330470336
 20
41.97322330470337
 10
26.451776695296637
 20
42.326776695296644
  0
LWPOLYLINE
  5
4CA
330
17
100
AcDbEntity
  8
Z-WYMIARY
370
18
 48
0.2
100
AcDbPolyline
 90
2
 70
0
 10
32.0
 20
41.85000000000001
 10
32.0
 20
42.45
  0
LWPOLYLINE
  5
4CB
330
17
100
AcDbEntity
  8
Z-WYMIARY
370
18
 48
0.2
100
AcDbPolyline
 90
2
 70
0
 10
31.82322330470336
 20
41.97322330470337
 10
32.17677669529664
 20
42.326776695296644
  0
LWPOLYLINE
  5
4CC
330
17
100
AcDbEntity
  8
Z-WYMIARY
370
18
 48
0.2
100
AcDbPolyline
 90
2
 70
0
 10
6.600000000000004
 20
38.125
 10
-0.2999999999999954
 20
38.125
  0
LWPOLYLINE
  5
4CD
330
17
100
AcDbEntity
  8
Z-WYMIARY
370
18
 48
0.2
100
AcDbPolyline
 90
2
 70
0
 10
6.300000000000004
 20
38.425
 10
6.300000000000004
 20
37.825
  0
LWPOLYLINE
  5
4CE
330
17
100
AcDbEntity
  8
Z-WYMIARY
370
18
 48
0.2
100
AcDbPolyline
 90
2
 70
0
 10
6.476776695296641
 20
38.30177669529664
 10
6.123223304703368
 20
37.94822330470336
  0
LWPOLYLINE
  5
4CF
330
17
100
AcDbEntity
  8
Z-WYMIARY
370
18
 48
0.2
100
AcDbPolyline
 90
2
 70
0
 10
4.705705325723705e-15
 20
38.425
 10
4.632226517774863e-15
 20
37.825
  0
LWPOLYLINE
  5
4D0
330
17
100
AcDbEntity
  8
Z-WYMIARY
370
18
 48
0.2
100
AcDbPolyline
 90
2
 70
0
 10
0.17677669529664158
 20
38.30177669529664
 10
-0.17677669529663226
 20
37.94822330470336
  0
LWPOLYLINE
  5
4D1
330
17
100
AcDbEntity
  8
Z-WYMIARY
370
18
 48
0.2
100
AcDbPolyline
 90
2
 70
0
 10
4.600000000000003
 20
29.400000000000002
 10
-0.29999999999999644
 20
29.400000000000002
  0
LWPOLYLINE
  5
4D2
330
17
100
AcDbEntity
  8
Z-WYMIARY
370
18
 48
0.2
100
AcDbPolyline
 90
2
 70
0
 10
4.300000000000003
 20
29.700000000000003
 10
4.300000000000003
 20
29.1
  0
LWPOLYLINE
  5
4D3
330
17
100
AcDbEntity
  8
Z-WYMIARY
370
18
 48
0.2
100
AcDbPolyline
 90
2
 70
0
 10
4.47677669529664
 20
29.57677669529664
 10
4.123223304703367
 20
29.223223304703364
  0
LWPOLYLINE
  5
4D4
330
17
100
AcDbEntity
  8
Z-WYMIARY
370
18
 48
0.2
100
AcDbPolyline
 90
2
 70
0
 10
3.63720099346764e-15
 20
29.700000000000003
 10
3.563722185518798e-15
 20
29.1
  0
LWPOLYLINE
  5
4D5
330
17
100
AcDbEntity
  8
Z-WYMIARY
370
18
 48
0.2
100
AcDbPolyline
 90
2
 70
0
 10
0.17677669529664053
 20
29.57677669529664
 10
-0.1767766952966333
 20
29.223223304703364
  0
LWPOLYLINE
  5
4D6
330
17
100
AcDbEntity
  8
Z-WYMIARY
370
18
 48
0.2
100
AcDbPolyline
 90
2
 70
0
 10
15.0
 20
43.7
 10
15.0
 20
50.3
  0
LWPOLYLINE
  5
4D7
330
17
100
AcDbEntity
  8
Z-WYMIARY
370
18
 48
0.2
100
AcDbPolyline
 90
2
 70
0
 10
15.3
 20
44.0
 10
14.7
 20
44.0
  0
LWPOLYLINE
  5
4D8
330
17
100
AcDbEntity
  8
Z-WYMIARY
370
18
 48
0.2
100
AcDbPolyline
 90
2
 70
0
 10
15.176776695296637
 20
43.82322330470336
 10
14.823223304703363
 20
44.17677669529664
  0
LWPOLYLINE
  5
4D9
330
17
100
AcDbEntity
  8
Z-WYMIARY
370
18
 48
0.2
100
AcDbPolyline
 90
2
 70
0
 10
15.3
 20
50.0
 10
14.7
 20
50.0
  0
LWPOLYLINE
  5
4DA
330
17
100
AcDbEntity
  8
Z-WYMIARY
370
18
 48
0.2
100
AcDbPolyline
 90
2
 70
0
 10
15.176776695296637
 20
49.82322330470336
 10
14.823223304703363
 20
50.17677669529664
  0
LWPOLYLINE
  5
4DB
330
17
100
AcDbEntity
  8
Z-WYMIARY
370
18
 48
0.2
100
AcDbPolyline
 90
2
 70
0
 10
19.799999999999997
 20
42.075
 10
19.799999999999997
 20
44.3
  0
LWPOLYLINE
  5
4DC
330
17
100
AcDbEntity
  8
Z-WYMIARY
370
18
 48
0.2
100
AcDbPolyline
 90
2
 70
0
 10
20.099999999999998
 20
42.375
 10
19.499999999999996
 20
42.375
  0
LWPOLYLINE
  5
4DD
330
17
100
AcDbEntity
  8
Z-WYMIARY
370
18
 48
0.2
100
AcDbPolyline
 90
2
 70
0
 10
19.976776695296635
 20
42.19822330470336
 10
19.62322330470336
 20
42.55177669529664
  0
LWPOLYLINE
  5
4DE
330
17
100
AcDbEntity
  8
Z-WYMIARY
370
18
 48
0.2
100
AcDbPolyline
 90
2
 70
0
 10
20.099999999999998
 20
44.0
 10
19.499999999999996
 20
44.0
  0
LWPOLYLINE
  5
4DF
330
17
100
AcDbEntity
  8
Z-WYMIARY
370
18
 48
0.2
100
AcDbPolyline
 90
2
 70
0
 10
19.976776695296635
 20
43.82322330470336
 10
19.62322330470336
 20
44.17677669529664
  0
LWPOLYLINE
  5
4E0
330
17
100
AcDbEntity
  8
Z-WYMIARY
370
18
 48
0.2
100
AcDbPolyline
 90
2
 70
0
 10
4.0
 20
28.200000000000003
 10
26.575
 20
28.200000000000003
  0
LWPOLYLINE
  5
4E1
330
17
100
AcDbEntity
  8
Z-WYMIARY
370
18
 48
0.2
100
AcDbPolyline
 90
2
 70
0
 10
4.3
 20
28.500000000000004
 10
4.3
 20
27.900000000000002
  0
LWPOLYLINE
  5
4E2
330
17
100
AcDbEntity
  8
Z-WYMIARY
370
18
 48
0.2
100
AcDbPolyline
 90
2
 70
0
 10
4.123223304703363
 20
28.023223304703365
 10
4.476776695296636
 20
28.37677669529664
  0
LWPOLYLINE
  5
4E3
330
17
100
AcDbEntity
  8
Z-WYMIARY
370
18
 48
0.2
100
AcDbPolyline
 90
2
 70
0
 10
5.18
 20
28.500000000000004
 10
5.18
 20
27.900000000000002
  0
LWPOLYLINE
  5
4E4
330
17
100
AcDbEntity
  8
Z-WYMIARY
370
18
 48
0.2
100
AcDbPolyline
 90
2
 70
0
 10
5.003223304703363
 20
28.023223304703365
 10
5.356776695296636
 20
28.37677669529664
  0
LWPOLYLINE
  5
4E5
330
17
100
AcDbEntity
  8
Z-WYMIARY
370
18
 48
0.2
100
AcDbPolyline
 90
2
 70
0
 10
6.3
 20
28.500000000000004
 10
6.3
 20
27.900000000000002
  0
LWPOLYLINE
  5
4E6
330
17
100
AcDbEntity
  8
Z-WYMIARY
370
18
 48
0.2
100
AcDbPolyline
 90
2
 70
0
 10
6.123223304703363
 20
28.023223304703365
 10
6.476776695296636
 20
28.37677669529664
  0
LWPOLYLINE
  5
4E7
330
17
100
AcDbEntity
  8
Z-WYMIARY
370
18
 48
0.2
100
AcDbPolyline
 90
2
 70
0
 10
7.3
 20
28.500000000000004
 10
7.3
 20
27.900000000000002
  0
LWPOLYLINE
  5
4E8
330
17
100
AcDbEntity
  8
Z-WYMIARY
370
18
 48
0.2
100
AcDbPolyline
 90
2
 70
0
 10
7.123223304703363
 20
28.023223304703365
 10
7.476776695296636
 20
28.37677669529664
  0
LWPOLYLINE
  5
4E9
330
17
100
AcDbEntity
  8
Z-WYMIARY
370
18
 48
0.2
100
AcDbPolyline
 90
2
 70
0
 10
26.275
 20
28.500000000000004
 10
26.275
 20
27.900000000000002
  0
LWPOLYLINE
  5
4EA
330
17
100
AcDbEntity
  8
Z-WYMIARY
370
18
 48
0.2
100
AcDbPolyline
 90
2
 70
0
 10
26.09822330470336
 20
28.023223304703365
 10
26.451776695296637
 20
28.37677669529664
  0
LWPOLYLINE
  5
4EB
330
17
100
AcDbEntity
  8
Z-WYMIARY
370
18
 48
0.2
100
AcDbPolyline
 90
2
 70
0
 10
7.0
 20
44.975
 10
26.575
 20
44.975
  0
LWPOLYLINE
  5
4EC
330
17
100
AcDbEntity
  8
Z-WYMIARY
370
18
 48
0.2
100
AcDbPolyline
 90
2
 70
0
 10
7.3
 20
44.675000000000004
 10
7.3
 20
45.275
  0
LWPOLYLINE
  5
4ED
330
17
100
AcDbEntity
  8
Z-WYMIARY
370
18
 48
0.2
100
AcDbPolyline
 90
2
 70
0
 10
7.123223304703363
 20
44.79822330470336
 10
7.476776695296636
 20
45.15177669529664
  0
LWPOLYLINE
  5
4EE
330
17
100
AcDbEntity
  8
Z-WYMIARY
370
18
 48
0.2
100
AcDbPolyline
 90
2
 70
0
 10
19.3
 20
44.675000000000004
 10
19.3
 20
45.275
  0
LWPOLYLINE
  5
4EF
330
17
100
AcDbEntity
  8
Z-WYMIARY
370
18
 48
0.2
100
AcDbPolyline
 90
2
 70
0
 10
19.123223304703362
 20
44.79822330470336
 10
19.47677669529664
 20
45.15177669529664
  0
LWPOLYLINE
  5
4F0
330
17
100
AcDbEntity
  8
Z-WYMIARY
370
18
 48
0.2
100
AcDbPolyline
 90
2
 70
0
 10
26.275
 20
44.675000000000004
 10
26.275
 20
45.275
  0
LWPOLYLINE
  5
4F1
330
17
100
AcDbEntity
  8
Z-WYMIARY
370
18
 48
0.2
100
AcDbPolyline
 90
2
 70
0
 10
26.09822330470336
 20
44.79822330470336
 10
26.451776695296637
 20
45.15177669529664
  0
LWPOLYLINE
  5
4F2
330
17
100
AcDbEntity
  8
Z-WYMIARY
370
18
 48
0.2
100
AcDbPolyline
 90
2
 70
0
 10
2.3
 20
32.1
 10
2.3
 20
42.05
  0
LWPOLYLINE
  5
4F3
330
17
100
AcDbEntity
  8
Z-WYMIARY
370
18
 48
0.2
100
AcDbPolyline
 90
2
 70
0
 10
2.5999999999999996
 20
32.4
 10
1.9999999999999998
 20
32.4
  0
LWPOLYLINE
  5
4F4
330
17
100
AcDbEntity
  8
Z-WYMIARY
370
18
 48
0.2
100
AcDbPolyline
 90
2
 70
0
 10
2.476776695296637
 20
32.22322330470336
 10
2.123223304703363
 20
32.57677669529664
  0
LWPOLYLINE
  5
4F5
330
17
100
AcDbEntity
  8
Z-WYMIARY
370
18
 48
0.2
100
AcDbPolyline
 90
2
 70
0
 10
2.5999999999999996
 20
41.75
 10
1.9999999999999998
 20
41.75
  0
LWPOLYLINE
  5
4F6
330
17
100
AcDbEntity
  8
Z-WYMIARY
370
18
 48
0.2
100
AcDbPolyline
 90
2
 70
0
 10
2.476776695296637
 20
41.57322330470336
 10
2.123223304703363
 20
41.92677669529664
  0
LWPOLYLINE
  5
4F7
330
17
100
AcDbEntity
  8
Z-WYMIARY
370
18
 48
0.2
100
AcDbPolyline
 90
2
 70
0
 10
27.875
 20
32.1
 10
27.875
 20
42.675
  0
LWPOLYLINE
  5
4F8
330
17
100
AcDbEntity
  8
Z-WYMIARY
370
18
 48
0.2
100
AcDbPolyline
 90
2
 70
0
 10
27.575
 20
32.4
 10
28.175
 20
32.4
  0
LWPOLYLINE
  5
4F9
330
17
100
AcDbEntity
  8
Z-WYMIARY
370
18
 48
0.2
100
AcDbPolyline
 90
2
 70
0
 10
28.05177669529664
 20
32.22322330470336
 10
27.69822330470336
 20
32.57677669529664
  0
LWPOLYLINE
  5
4FA
330
17
100
AcDbEntity
  8
Z-WYMIARY
370
18
 48
0.2
100
AcDbPolyline
 90
2
 70
0
 10
27.575
 20
42.375
 10
28.175
 20
42.375
  0
LWPOLYLINE
  5
4FB
330
17
100
AcDbEntity
  8
Z-WYMIARY
370
18
 48
0.2
100
AcDbPolyline
 90
2
 70
0
 10
28.05177669529664
 20
42.19822330470336
 10
27.69822330470336
 20
42.55177669529664
  0
LWPOLYLINE
  5
4FC
330
17
100
AcDbEntity
  8
Z-WYMIARY
370
18
 48
0.2
100
AcDbPolyline
 90
2
 70
0
 10
19.599999999999998
 20
50.6
 10
26.575
 20
50.6
  0
LWPOLYLINE
  5
4FD
330
17
100
AcDbEntity
  8
Z-WYMIARY
370
18
 48
0.2
100
AcDbPolyline
 90
2
 70
0
 10
19.9
 20
50.300000000000004
 10
19.9
 20
50.9
  0
LWPOLYLINE
  5
4FE
330
17
100
AcDbEntity
  8
Z-WYMIARY
370
18
 48
0.2
100
AcDbPolyline
 90
2
 70
0
 10
19.72322330470336
 20
50.42322330470336
 10
20.076776695296637
 20
50.77677669529664
  0
LWPOLYLINE
  5
4FF
330
17
100
AcDbEntity
  8
Z-WYMIARY
370
18
 48
0.2
100
AcDbPolyline
 90
2
 70
0
 10
26.275
 20
50.300000000000004
 10
26.275
 20
50.9
  0
LWPOLYLINE
  5
500
330
17
100
AcDbEntity
  8
Z-WYMIARY
370
18
 48
0.2
100
AcDbPolyline
 90
2
 70
0
 10
26.09822330470336
 20
50.42322330470336
 10
26.451776695296637
 20
50.77677669529664
  0
LWPOLYLINE
  5
501
330
17
100
AcDbEntity
  8
Z-WYMIARY
370
18
 48
0.2
100
AcDbPolyline
 90
2
 70
0
 10
18.5
 20
42.075
 10
18.5
 20
50.3
  0
LWPOLYLINE
  5
502
330
17
100
AcDbEntity
  8
Z-WYMIARY
370
18
 48
0.2
100
AcDbPolyline
 90
2
 70
0
 10
18.8
 20
42.375
 10
18.2
 20
42.375
  0
LWPOLYLINE
  5
503
330
17
100
AcDbEntity
  8
Z-WYMIARY
370
18
 48
0.2
100
AcDbPolyline
 90
2
 70
0
 10
18.67677669529664
 20
42.19822330470336
 10
18.32322330470336
 20
42.55177669529664
  0
LWPOLYLINE
  5
504
330
17
100
AcDbEntity
  8
Z-WYMIARY
370
18
 48
0.2
100
AcDbPolyline
 90
2
 70
0
 10
18.8
 20
50.0
 10
18.2
 20
50.0
  0
LWPOLYLINE
  5
505
330
17
100
AcDbEntity
  8
Z-WYMIARY
370
18
 48
0.2
100
AcDbPolyline
 90
2
 70
0
 10
18.67677669529664
 20
49.82322330470336
 10
18.32322330470336
 20
50.17677669529664
  0
LWPOLYLINE
  5
506
330
17
100
AcDbEntity
  8
Z-WYMIARY
370
18
 48
0.2
100
AcDbPolyline
 90
2
 70
0
 10
17.25
 20
51.0
 10
19.150000000000002
 20
51.0
  0
LWPOLYLINE
  5
507
330
17
100
AcDbEntity
  8
Z-WYMIARY
370
18
 48
0.2
100
AcDbPolyline
 90
2
 70
0
 10
17.55
 20
50.7
 10
17.55
 20
51.3
  0
LWPOLYLINE
  5
508
330
17
100
AcDbEntity
  8
Z-WYMIARY
370
18
 48
0.2
100
AcDbPolyline
 90
2
 70
0
 10
17.373223304703362
 20
50.82322330470336
 10
17.72677669529664
 20
51.17677669529664
  0
LWPOLYLINE
  5
509
330
17
100
AcDbEntity
  8
Z-WYMIARY
370
18
 48
0.2
100
AcDbPolyline
 90
2
 70
0
 10
18.85
 20
50.7
 10
18.85
 20
51.3
  0
LWPOLYLINE
  5
50A
330
17
100
AcDbEntity
  8
Z-WYMIARY
370
18
 48
0.2
100
AcDbPolyline
 90
2
 70
0
 10
18.673223304703363
 20
50.82322330470336
 10
19.02677669529664
 20
51.17677669529664
  0
LWPOLYLINE
  5
50B
330
17
100
AcDbEntity
  8
Z-WYMIARY
370
18
 48
0.2
100
AcDbPolyline
 90
2
 70
0
 10
16.95
 20
42.75
 10
16.95
 20
50.3
  0
LWPOLYLINE
  5
50C
330
17
100
AcDbEntity
  8
Z-WYMIARY
370
18
 48
0.2
100
AcDbPolyline
 90
2
 70
0
 10
17.25
 20
43.05
 10
16.65
 20
43.05
  0
LWPOLYLINE
  5
50D
330
17
100
AcDbEntity
  8
Z-WYMIARY
370
18
 48
0.2
100
AcDbPolyline
 90
2
 70
0
 10
17.126776695296638
 20
42.87322330470336
 10
16.77322330470336
 20
43.226776695296635
  0
LWPOLYLINE
  5
50E
330
17
100
AcDbEntity
  8
Z-WYMIARY
370
18
 48
0.2
100
AcDbPolyline
 90
2
 70
0
 10
17.25
 20
50.0
 10
16.65
 20
50.0
  0
LWPOLYLINE
  5
50F
330
17
100
AcDbEntity
  8
Z-WYMIARY
370
18
 48
0.2
100
AcDbPolyline
 90
2
 70
0
 10
17.126776695296638
 20
49.82322330470336
 10
16.77322330470336
 20
50.17677669529664
  0
LWPOLYLINE
  5
510
330
17
100
AcDbEntity
  8
Z-WYMIARY
370
18
 48
0.2
100
AcDbPolyline
 90
2
 70
0
 10
20.2
 20
43.4
 10
23.3
 20
43.4
  0
LWPOLYLINE
  5
511
330
17
100
AcDbEntity
  8
Z-WYMIARY
370
18
 48
0.2
100
AcDbPolyline
 90
2
 70
0
 10
20.5
 20
43.1
 10
20.5
 20
43.699999999999996
  0
LWPOLYLINE
  5
512
330
17
100
AcDbEntity
  8
Z-WYMIARY
370
18
 48
0.2
100
AcDbPolyline
 90
2
 70
0
 10
20.32322330470336
 20
43.22322330470336
 10
20.67677669529664
 20
43.57677669529664
  0
LWPOLYLINE
  5
513
330
17
100
AcDbEntity
  8
Z-WYMIARY
370
18
 48
0.2
100
AcDbPolyline
 90
2
 70
0
 10
23.0
 20
43.1
 10
23.0
 20
43.699999999999996
  0
LWPOLYLINE
  5
514
330
17
100
AcDbEntity
  8
Z-WYMIARY
370
18
 48
0.2
100
AcDbPolyline
 90
2
 70
0
 10
22.82322330470336
 20
43.22322330470336
 10
23.17677669529664
 20
43.57677669529664
  0
LWPOLYLINE
  5
515
330
17
100
AcDbEntity
  8
Z-WYMIARY
370
18
 48
0.2
100
AcDbPolyline
 90
2
 70
0
 10
24.2
 20
44.300000000000004
 10
24.2
 20
49.9
  0
LWPOLYLINE
  5
516
330
17
100
AcDbEntity
  8
Z-WYMIARY
370
18
 48
0.2
100
AcDbPolyline
 90
2
 70
0
 10
24.5
 20
44.6
 10
23.9
 20
44.6
  0
LWPOLYLINE
  5
517
330
17
100
AcDbEntity
  8
Z-WYMIARY
370
18
 48
0.2
100
AcDbPolyline
 90
2
 70
0
 10
24.376776695296638
 20
44.42322330470336
 10
24.02322330470336
 20
44.77677669529664
  0
LWPOLYLINE
  5
518
330
17
100
AcDbEntity
  8
Z-WYMIARY
370
18
 48
0.2
100
AcDbPolyline
 90
2
 70
0
 10
24.5
 20
49.6
 10
23.9
 20
49.6
  0
LWPOLYLINE
  5
519
330
17
100
AcDbEntity
  8
Z-WYMIARY
370
18
 48
0.2
100
AcDbPolyline
 90
2
 70
0
 10
24.376776695296638
 20
49.42322330470336
 10
24.02322330470336
 20
49.77677669529664
  0
LWPOLYLINE
  5
51A
330
17
100
AcDbEntity
  8
Z-WYMIARY
370
18
 48
0.2
100
AcDbPolyline
 90
2
 70
0
 10
20.0
 20
48.6
 10
26.2
 20
48.6
  0
LWPOLYLINE
  5
51B
330
17
100
AcDbEntity
  8
Z-WYMIARY
370
18
 48
0.2
100
AcDbPolyline
 90
2
 70
0
 10
20.3
 20
48.300000000000004
 10
20.3
 20
48.9
  0
LWPOLYLINE
  5
51C
330
17
100
AcDbEntity
  8
Z-WYMIARY
370
18
 48
0.2
100
AcDbPolyline
 90
2
 70
0
 10
20.123223304703362
 20
48.42322330470336
 10
20.47677669529664
 20
48.77677669529664
  0
LWPOLYLINE
  5
51D
330
17
100
AcDbEntity
  8
Z-WYMIARY
370
18
 48
0.2
100
AcDbPolyline
 90
2
 70
0
 10
25.9
 20
48.300000000000004
 10
25.9
 20
48.9
  0
LWPOLYLINE
  5
51E
330
17
100
AcDbEntity
  8
Z-WYMIARY
370
18
 48
0.2
100
AcDbPolyline
 90
2
 70
0
 10
25.72322330470336
 20
48.42322330470336
 10
26.076776695296637
 20
48.77677669529664
  0
LWPOLYLINE
  5
51F
330
17
100
AcDbEntity
  8
Z-WYMIARY
370
18
 48
0.2
100
AcDbPolyline
 90
2
 70
0
 10
17.3
 20
48.6
 10
18.900000000000002
 20
48.6
  0
LWPOLYLINE
  5
520
330
17
100
AcDbEntity
  8
Z-WYMIARY
370
18
 48
0.2
100
AcDbPolyline
 90
2
 70
0
 10
17.6
 20
48.300000000000004
 10
17.6
 20
48.9
  0
LWPOLYLINE
  5
521
330
17
100
AcDbEntity
  8
Z-WYMIARY
370
18
 48
0.2
100
AcDbPolyline
 90
2
 70
0
 10
17.423223304703363
 20
48.42322330470336
 10
17.77677669529664
 20
48.77677669529664
  0
LWPOLYLINE
  5
522
330
17
100
AcDbEntity
  8
Z-WYMIARY
370
18
 48
0.2
100
AcDbPolyline
 90
2
 70
0
 10
18.6
 20
48.300000000000004
 10
18.6
 20
48.9
  0
LWPOLYLINE
  5
523
330
17
100
AcDbEntity
  8
Z-WYMIARY
370
18
 48
0.2
100
AcDbPolyline
 90
2
 70
0
 10
18.423223304703363
 20
48.42322330470336
 10
18.77677669529664
 20
48.77677669529664
  0
LWPOLYLINE
  5
524
330
17
100
AcDbEntity
  8
Z-WYMIARY
370
18
 48
0.2
100
AcDbPolyline
 90
2
 70
0
 10
24.8
 20
31.450000000000003
 10
32.3
 20
31.450000000000003
  0
LWPOLYLINE
  5
525
330
17
100
AcDbEntity
  8
Z-WYMIARY
370
18
 48
0.2
100
AcDbPolyline
 90
2
 70
0
 10
25.1
 20
31.150000000000002
 10
25.1
 20
31.750000000000004
  0
LWPOLYLINE
  5
526
330
17
100
AcDbEntity
  8
Z-WYMIARY
370
18
 48
0.2
100
AcDbPolyline
 90
2
 70
0
 10
24.923223304703363
 20
31.273223304703365
 10
25.27677669529664
 20
31.62677669529664
  0
LWPOLYLINE
  5
527
330
17
100
AcDbEntity
  8
Z-WYMIARY
370
18
 48
0.2
100
AcDbPolyline
 90
2
 70
0
 10
32.0
 20
31.150000000000002
 10
32.0
 20
31.750000000000004
  0
LWPOLYLINE
  5
528
330
17
100
AcDbEntity
  8
Z-WYMIARY
370
18
 48
0.2
100
AcDbPolyline
 90
2
 70
0
 10
31.82322330470336
 20
31.273223304703365
 10
32.17677669529664
 20
31.62677669529664
  0
LWPOLYLINE
  5
529
330
17
100
AcDbEntity
  8
Z-WYMIARY
370
18
 48
0.2
100
AcDbPolyline
 90
2
 70
0
 10
12.35
 20
25.849999999999994
 10
12.350000000000001
 20
32.699999999999996
  0
LWPOLYLINE
  5
52A
330
17
100
AcDbEntity
  8
Z-WYMIARY
370
18
 48
0.2
100
AcDbPolyline
 90
2
 70
0
 10
12.65
 20
26.149999999999995
 10
12.049999999999999
 20
26.149999999999995
  0
LWPOLYLINE
  5
52B
330
17
100
AcDbEntity
  8
Z-WYMIARY
370
18
 48
0.2
100
AcDbPolyline
 90
2
 70
0
 10
12.526776695296636
 20
25.973223304703357
 10
12.173223304703363
 20
26.326776695296633
  0
LWPOLYLINE
  5
52C
330
17
100
AcDbEntity
  8
Z-WYMIARY
370
18
 48
0.2
100
AcDbPolyline
 90
2
 70
0
 10
12.650000000000002
 20
32.4
 10
12.05
 20
32.4
  0
LWPOLYLINE
  5
52D
330
17
100
AcDbEntity
  8
Z-WYMIARY
370
18
 48
0.2
100
AcDbPolyline
 90
2
 70
0
 10
12.526776695296638
 20
32.22322330470336
 10
12.173223304703365
 20
32.57677669529664
  0
LWPOLYLINE
  5
52E
330
17
100
AcDbEntity
  8
Z-WYMIARY
370
18
 48
0.2
100
AcDbPolyline
 90
2
 70
0
 10
11.150000000000004
 20
26.4
 10
-0.2999999999999968
 20
26.4
  0
LWPOLYLINE
  5
52F
330
17
100
AcDbEntity
  8
Z-WYMIARY
370
18
 48
0.2
100
AcDbPolyline
 90
2
 70
0
 10
10.850000000000003
 20
26.7
 10
10.850000000000003
 20
26.099999999999998
  0
LWPOLYLINE
  5
530
330
17
100
AcDbEntity
  8
Z-WYMIARY
370
18
 48
0.2
100
AcDbPolyline
 90
2
 70
0
 10
11.02677669529664
 20
26.576776695296637
 10
10.673223304703367
 20
26.22322330470336
  0
LWPOLYLINE
  5
531
330
17
100
AcDbEntity
  8
Z-WYMIARY
370
18
 48
0.2
100
AcDbPolyline
 90
2
 70
0
 10
3.269806953723433e-15
 20
26.7
 10
3.196328145774592e-15
 20
26.099999999999998
  0
LWPOLYLINE
  5
532
330
17
100
AcDbEntity
  8
Z-WYMIARY
370
18
 48
0.2
100
AcDbPolyline
 90
2
 70
0
 10
0.17677669529664014
 20
26.576776695296637
 10
-0.1767766952966337
 20
26.22322330470336
  0
LWPOLYLINE
  5
533
330
17
100
AcDbEntity
  8
Z-WYMIARY
370
18
 48
0.2
100
AcDbPolyline
 90
2
 70
0
 10
15.1
 20
19.4
 10
15.1
 20
32.699999999999996
  0
LWPOLYLINE
  5
534
330
17
100
AcDbEntity
  8
Z-WYMIARY
370
18
 48
0.2
100
AcDbPolyline
 90
2
 70
0
 10
15.4
 20
19.7
 10
14.799999999999999
 20
19.7
  0
LWPOLYLINE
  5
535
330
17
100
AcDbEntity
  8
Z-WYMIARY
370
18
 48
0.2
100
AcDbPolyline
 90
2
 70
0
 10
15.276776695296636
 20
19.52322330470336
 10
14.923223304703363
 20
19.876776695296638
  0
LWPOLYLINE
  5
536
330
17
100
AcDbEntity
  8
Z-WYMIARY
370
18
 48
0.2
100
AcDbPolyline
 90
2
 70
0
 10
15.4
 20
32.4
 10
14.799999999999999
 20
32.4
  0
LWPOLYLINE
  5
537
330
17
100
AcDbEntity
  8
Z-WYMIARY
370
18
 48
0.2
100
AcDbPolyline
 90
2
 70
0
 10
15.276776695296636
 20
32.22322330470336
 10
14.923223304703363
 20
32.57677669529664
  0
LWPOLYLINE
  5
538
330
17
100
AcDbEntity
  8
Z-WYMIARY
370
18
 48
0.2
100
AcDbPolyline
 90
2
 70
0
 10
8.40000000000001
 20
14.95
 10
-0.29999999999999155
 20
14.950000000000005
  0
LWPOLYLINE
  5
539
330
17
100
AcDbEntity
  8
Z-WYMIARY
370
18
 48
0.2
100
AcDbPolyline
 90
2
 70
0
 10
8.100000000000009
 20
14.649999999999999
 10
8.100000000000009
 20
15.25
  0
LWPOLYLINE
  5
53A
330
17
100
AcDbEntity
  8
Z-WYMIARY
370
18
 48
0.2
100
AcDbPolyline
 90
2
 70
0
 10
8.276776695296645
 20
15.126776695296636
 10
7.923223304703371
 20
14.773223304703363
  0
LWPOLYLINE
  5
53B
330
17
100
AcDbEntity
  8
Z-WYMIARY
370
18
 48
0.2
100
AcDbPolyline
 90
2
 70
0
 10
8.300014485054292e-15
 20
14.650000000000004
 10
8.639946818913172e-15
 20
15.250000000000005
  0
LWPOLYLINE
  5
53C
330
17
100
AcDbEntity
  8
Z-WYMIARY
370
18
 48
0.2
100
AcDbPolyline
 90
2
 70
0
 10
0.17677669529664547
 20
15.126776695296641
 10
-0.17677669529662854
 20
14.773223304703368
  0
LWPOLYLINE
  5
53D
330
17
100
AcDbEntity
  8
Z-RZEDNE-PROJ
370
18
 48
0.2
100
AcDbPolyline
 90
4
 70
1
 10
10.942689075630252
 20
34.7075
 10
10.942689075630252
 20
35.517500000000005
 10
8.48
 20
35.517500000000005
 10
8.48
 20
34.7075
  0
LWPOLYLINE
  5
53E
330
17
100
AcDbEntity
  8
Z-RZEDNE-PROJ
370
18
 48
0.2
100
AcDbPolyline
 90
2
 70
0
 10
5.8
 20
35.112500000000004
 10
8.48
 20
35.112500000000004
  0
LWPOLYLINE
  5
53F
330
17
100
AcDbEntity
  8
Z-RZEDNE-PROJ
370
18
 48
0.2
100
AcDbPolyline
 90
4
 70
1
 10
19.631344537815124
 20
39.2025
 10
19.631344537815124
 20
40.0125
 10
17.168655462184873
 20
40.0125
 10
17.168655462184873
 20
39.2025
  0
LWPOLYLINE
  5
540
330
17
100
AcDbEntity
  8
Z-RZEDNE-PROJ
370
18
 48
0.2
100
AcDbPolyline
 90
2
 70
0
 10
18.4
 20
42.712500000000006
 10
18.4
 20
40.0125
  0
LWPOLYLINE
  5
541
330
17
100
AcDbEntity
  8
Z-RZEDNE-PROJ
370
18
 48
0.2
100
AcDbPolyline
 90
4
 70
1
 10
23.84268907563025
 20
32.800000000000004
 10
23.84268907563025
 20
33.61000000000001
 10
21.38
 20
33.61000000000001
 10
21.38
 20
32.800000000000004
  0
LWPOLYLINE
  5
542
330
17
100
AcDbEntity
  8
Z-RZEDNE-PROJ
370
18
 48
0.2
100
AcDbPolyline
 90
2
 70
0
 10
20.5
 20
31.900000000000006
 10
21.38
 20
32.800000000000004
  0
LWPOLYLINE
  5
543
330
17
100
AcDbEntity
  8
Z-RZEDNE-PROJ
370
18
 48
0.2
100
AcDbPolyline
 90
4
 70
1
 10
11.492689075630253
 20
32.9
 10
11.492689075630253
 20
33.71
 10
9.030000000000001
 20
33.71
 10
9.030000000000001
 20
32.9
  0
LWPOLYLINE
  5
544
330
17
100
AcDbEntity
  8
Z-RZEDNE-PROJ
370
18
 48
0.2
100
AcDbPolyline
 90
2
 70
0
 10
8.55
 20
32.4
 10
9.030000000000001
 20
32.9
  0
LWPOLYLINE
  5
545
330
17
100
AcDbEntity
  8
Z-RZEDNE-PROJ
370
18
 48
0.2
100
AcDbPolyline
 90
4
 70
1
 10
18.93268907563025
 20
32.599999999999994
 10
18.93268907563025
 20
33.41
 10
16.47
 20
33.41
 10
16.47
 20
32.599999999999994
  0
LWPOLYLINE
  5
546
330
17
100
AcDbEntity
  8
Z-RZEDNE-PROJ
370
18
 48
0.2
100
AcDbPolyline
 90
4
 70
1
 10
25.39
 20
33.8
 10
25.39
 20
34.61
 10
22.92731092436975
 20
34.61
 10
22.92731092436975
 20
33.8
  0
LWPOLYLINE
  5
547
330
17
100
AcDbEntity
  8
Z-RZEDNE-PROJ
370
18
 48
0.2
100
AcDbPolyline
 90
2
 70
0
 10
26.27
 20
32.9
 10
25.39
 20
33.8
  0
LWPOLYLINE
  5
548
330
17
100
AcDbEntity
  8
Z-RZEDNE-PROJ
370
18
 48
0.2
100
AcDbPolyline
 90
4
 70
1
 10
15.870000000000001
 20
40.74
 10
15.870000000000001
 20
41.550000000000004
 10
13.40731092436975
 20
41.550000000000004
 10
13.40731092436975
 20
40.74
  0
LWPOLYLINE
  5
549
330
17
100
AcDbEntity
  8
Z-RZEDNE-PROJ
370
18
 48
0.2
100
AcDbPolyline
 90
4
 70
1
 10
11.951344537815126
 20
30.39
 10
11.951344537815126
 20
31.200000000000003
 10
9.488655462184875
 20
31.200000000000003
 10
9.488655462184875
 20
30.39
  0
LWPOLYLINE
  5
54A
330
17
100
AcDbEntity
  8
Z-RZEDNE-PROJ
370
18
 48
0.2
100
AcDbPolyline
 90
2
 70
0
 10
10.72
 20
32.1
 10
10.72
 20
31.200000000000003
  0
LWPOLYLINE
  5
54B
330
17
100
AcDbEntity
  8
Z-RZEDNE-PROJ
370
18
 48
0.2
100
AcDbPolyline
 90
4
 70
1
 10
5.0200000000000005
 20
33.1
 10
5.0200000000000005
 20
33.910000000000004
 10
2.5573109243697476
 20
33.910000000000004
 10
2.5573109243697476
 20
33.1
  0
LWPOLYLINE
  5
54C
330
17
100
AcDbEntity
  8
Z-RZEDNE-PROJ
370
18
 48
0.2
100
AcDbPolyline
 90
2
 70
0
 10
6.5
 20
31.6
 10
5.0200000000000005
 20
33.1
  0
LWPOLYLINE
  5
54D
330
17
100
AcDbEntity
  8
Z-RZEDNE-PROJ
370
18
 48
0.2
100
AcDbPolyline
 90
4
 70
1
 10
10.442689075630252
 20
36.675
 10
10.442689075630252
 20
37.485
 10
7.9799999999999995
 20
37.485
 10
7.9799999999999995
 20
36.675
  0
LWPOLYLINE
  5
54E
330
17
100
AcDbEntity
  8
Z-RZEDNE-PROJ
370
18
 48
0.2
100
AcDbPolyline
 90
2
 70
0
 10
6.5
 20
37.08
 10
7.9799999999999995
 20
37.08
  0
LWPOLYLINE
  5
54F
330
17
100
AcDbEntity
  8
Z-RZEDNE-PROJ
370
18
 48
0.2
100
AcDbPolyline
 90
4
 70
1
 10
6.319999999999999
 20
42.144999999999996
 10
6.319999999999999
 20
42.955
 10
3.8573109243697474
 20
42.955
 10
3.8573109243697474
 20
42.144999999999996
  0
LWPOLYLINE
  5
550
330
17
100
AcDbEntity
  8
Z-RZEDNE-PROJ
370
18
 48
0.2
100
AcDbPolyline
 90
4
 70
1
 10
12.731344537815126
 20
40.239999999999995
 10
12.731344537815126
 20
41.05
 10
10.268655462184874
 20
41.05
 10
10.268655462184874
 20
40.239999999999995
  0
LWPOLYLINE
  5
551
330
17
100
AcDbEntity
  8
Z-RZEDNE-PROJ
370
18
 48
0.2
100
AcDbPolyline
 90
2
 70
0
 10
11.5
 20
42.55
 10
11.5
 20
41.05
  0
LWPOLYLINE
  5
552
330
17
100
AcDbEntity
  8
Z-RZEDNE-PROJ
370
18
 48
0.2
100
AcDbPolyline
 90
4
 70
1
 10
25.599999999999998
 20
39.9
 10
25.599999999999998
 20
40.71
 10
23.137310924369746
 20
40.71
 10
23.137310924369746
 20
39.9
  0
LWPOLYLINE
  5
553
330
17
100
AcDbEntity
  8
Z-RZEDNE-PROJ
370
18
 48
0.2
100
AcDbPolyline
 90
2
 70
0
 10
27.08
 20
42.21
 10
25.599999999999998
 20
40.71
  0
LWPOLYLINE
  5
554
330
17
100
AcDbEntity
  8
Z-RZEDNE-PROJ
370
18
 48
0.2
100
AcDbPolyline
 90
4
 70
1
 10
25.599999999999998
 20
35.055
 10
25.599999999999998
 20
35.865
 10
23.137310924369746
 20
35.865
 10
23.137310924369746
 20
35.055
  0
LWPOLYLINE
  5
555
330
17
100
AcDbEntity
  8
Z-RZEDNE-PROJ
370
18
 48
0.2
100
AcDbPolyline
 90
2
 70
0
 10
27.08
 20
35.46
 10
25.599999999999998
 20
35.46
  0
LWPOLYLINE
  5
556
330
17
100
AcDbEntity
  8
Z-RZEDNE-PROJ
370
18
 48
0.2
100
AcDbPolyline
 90
4
 70
1
 10
22.77
 20
29.89
 10
22.77
 20
30.700000000000003
 10
20.307310924369748
 20
30.700000000000003
 10
20.307310924369748
 20
29.89
  0
LWPOLYLINE
  5
557
330
17
100
AcDbEntity
  8
Z-RZEDNE-PROJ
370
18
 48
0.2
100
AcDbPolyline
 90
2
 70
0
 10
23.65
 20
31.6
 10
22.77
 20
30.700000000000003
  0
LWPOLYLINE
  5
558
330
17
100
AcDbEntity
  8
Z-RZEDNE-PROJ
370
18
 48
0.2
100
AcDbPolyline
 90
4
 70
1
 10
19.491344537815127
 20
30.29
 10
19.491344537815127
 20
31.1
 10
17.028655462184876
 20
31.1
 10
17.028655462184876
 20
30.29
  0
LWPOLYLINE
  5
559
330
17
100
AcDbEntity
  8
Z-RZEDNE-PROJ
370
18
 48
0.2
100
AcDbPolyline
 90
2
 70
0
 10
18.26
 20
31.6
 10
18.26
 20
31.1
  0
LWPOLYLINE
  5
55A
330
17
100
AcDbEntity
  8
Z-RZEDNE-PROJ
370
18
 48
0.2
100
AcDbPolyline
 90
4
 70
1
 10
15.457016806722688
 20
33.1
 10
15.457016806722688
 20
33.910000000000004
 10
12.994327731092437
 20
33.910000000000004
 10
12.994327731092437
 20
33.1
  0
LWPOLYLINE
  5
55B
330
17
100
AcDbEntity
  8
Z-RZEDNE-PROJ
370
18
 48
0.2
100
AcDbPolyline
 90
2
 70
0
 10
12.87
 20
31.6
 10
12.994327731092437
 20
33.1
  0
LWPOLYLINE
  5
55C
330
17
100
AcDbEntity
  8
Z-RZEDNE-PROJ
370
18
 48
0.2
100
AcDbPolyline
 90
4
 70
1
 10
4.92
 20
34.76
 10
4.92
 20
35.57
 10
2.4573109243697475
 20
35.57
 10
2.4573109243697475
 20
34.76
  0
LWPOLYLINE
  5
55D
330
17
100
AcDbEntity
  8
Z-RZEDNE-PROJ
370
18
 48
0.2
100
AcDbPolyline
 90
2
 70
0
 10
5.8
 20
33.86
 10
4.92
 20
34.76
  0
LWPOLYLINE
  5
55E
330
17
100
AcDbEntity
  8
Z-RZEDNE-PROJ
370
18
 48
0.2
100
AcDbPolyline
 90
4
 70
1
 10
5.62
 20
39.49999999999999
 10
5.62
 20
40.309999999999995
 10
3.1573109243697473
 20
40.309999999999995
 10
3.1573109243697473
 20
39.49999999999999
  0
LWPOLYLINE
  5
55F
330
17
100
AcDbEntity
  8
Z-RZEDNE-PROJ
370
18
 48
0.2
100
AcDbPolyline
 90
4
 70
1
 10
10.531344537815126
 20
38.74
 10
10.531344537815126
 20
39.550000000000004
 10
8.068655462184875
 20
39.550000000000004
 10
8.068655462184875
 20
38.74
  0
LWPOLYLINE
  5
560
330
17
100
AcDbEntity
  8
Z-RZEDNE-PROJ
370
18
 48
0.2
100
AcDbPolyline
 90
2
 70
0
 10
9.3
 20
43.25
 10
9.3
 20
39.550000000000004
  0
LWPOLYLINE
  5
561
330
17
100
AcDbEntity
  8
Z-RZEDNE-PROJ
370
18
 48
0.2
100
AcDbPolyline
 90
4
 70
1
 10
15.531344537815126
 20
41.94
 10
15.531344537815126
 20
42.75
 10
13.068655462184875
 20
42.75
 10
13.068655462184875
 20
41.94
  0
LWPOLYLINE
  5
562
330
17
100
AcDbEntity
  8
Z-RZEDNE-PROJ
370
18
 48
0.2
100
AcDbPolyline
 90
2
 70
0
 10
14.3
 20
43.25
 10
14.3
 20
42.75
  0
LWPOLYLINE
  5
563
330
17
100
AcDbEntity
  8
Z-RZEDNE-PROJ
370
18
 48
0.2
100
AcDbPolyline
 90
4
 70
1
 10
25.689999999999998
 20
36.97
 10
25.689999999999998
 20
37.78
 10
23.227310924369746
 20
37.78
 10
23.227310924369746
 20
36.97
  0
LWPOLYLINE
  5
564
330
17
100
AcDbEntity
  8
Z-RZEDNE-PROJ
370
18
 48
0.2
100
AcDbPolyline
 90
2
 70
0
 10
27.77
 20
39.88
 10
25.689999999999998
 20
37.78
  0
LWPOLYLINE
  5
565
330
17
100
AcDbEntity
  8
Z-RZEDNE-PROJ
370
18
 48
0.2
100
AcDbPolyline
 90
4
 70
1
 10
24.8
 20
28.589999999999996
 10
24.8
 20
29.4
 10
22.33731092436975
 20
29.4
 10
22.33731092436975
 20
28.589999999999996
  0
LWPOLYLINE
  5
566
330
17
100
AcDbEntity
  8
Z-RZEDNE-PROJ
370
18
 48
0.2
100
AcDbPolyline
 90
2
 70
0
 10
26.28
 20
30.9
 10
24.8
 20
29.4
  0
LWPOLYLINE
  5
567
330
17
100
AcDbEntity
  8
Z-RZEDNE-PROJ
370
18
 48
0.2
100
AcDbPolyline
 90
4
 70
1
 10
18.477016806722688
 20
34.599999999999994
 10
18.477016806722688
 20
35.41
 10
16.014327731092436
 20
35.41
 10
16.014327731092436
 20
34.599999999999994
  0
LWPOLYLINE
  5
568
330
17
100
AcDbEntity
  8
Z-RZEDNE-PROJ
370
18
 48
0.2
100
AcDbPolyline
 90
2
 70
0
 10
14.79
 20
30.9
 10
16.014327731092436
 20
34.599999999999994
  0
LWPOLYLINE
  5
569
330
17
100
AcDbEntity
  8
Z-RZEDNE-PROJ
370
18
 48
0.2
100
AcDbPolyline
 90
4
 70
1
 10
31.27268907563025
 20
45.18
 10
31.27268907563025
 20
45.99
 10
28.81
 20
45.99
 10
28.81
 20
45.18
  0
LWPOLYLINE
  5
56A
330
17
100
AcDbEntity
  8
Z-RZEDNE-PROJ
370
18
 48
0.2
100
AcDbPolyline
 90
2
 70
0
 10
28.33
 20
44.68
 10
28.81
 20
45.18
  0
LWPOLYLINE
  5
56B
330
17
100
AcDbEntity
  8
Z-RZEDNE-PROJ
370
18
 48
0.2
100
AcDbPolyline
 90
4
 70
1
 10
34.72268907563025
 20
33.644999999999996
 10
34.72268907563025
 20
34.455
 10
32.26
 20
34.455
 10
32.26
 20
33.644999999999996
  0
LWPOLYLINE
  5
56C
330
17
100
AcDbEntity
  8
Z-RZEDNE-PROJ
370
18
 48
0.2
100
AcDbPolyline
 90
2
 70
0
 10
28.58
 20
34.05
 10
32.26
 20
34.05
  0
LWPOLYLINE
  5
56D
330
17
100
AcDbEntity
  8
Z-RZEDNE-PROJ
370
18
 48
0.2
100
AcDbPolyline
 90
4
 70
1
 10
8.29
 20
29.695
 10
8.29
 20
30.505000000000003
 10
5.8273109243697485
 20
30.505000000000003
 10
5.8273109243697485
 20
29.695
  0
LWPOLYLINE
  5
56E
330
17
100
AcDbEntity
  8
Z-RZEDNE-PROJ
370
18
 48
0.2
100
AcDbPolyline
 90
4
 70
1
 10
16.295672268907563
 20
38.79
 10
16.295672268907563
 20
39.6
 10
13.832983193277311
 20
39.6
 10
13.832983193277311
 20
38.79
  0
LWPOLYLINE
  5
56F
330
17
100
AcDbEntity
  8
Z-RZEDNE-PROJ
370
18
 48
0.2
100
AcDbPolyline
 90
2
 70
0
 10
17.52
 20
43.3
 10
16.295672268907563
 20
39.6
  0
LWPOLYLINE
  5
570
330
17
100
AcDbEntity
  8
Z-RZEDNE-PROJ
370
18
 48
0.2
100
AcDbPolyline
 90
4
 70
1
 10
22.361344537815125
 20
34.05
 10
22.361344537815125
 20
34.86
 10
19.898655462184873
 20
34.86
 10
19.898655462184873
 20
34.05
  0
LWPOLYLINE
  5
571
330
17
100
AcDbEntity
  8
Z-RZEDNE-PROJ
370
18
 48
0.2
100
AcDbPolyline
 90
2
 70
0
 10
21.13
 20
31.35
 10
21.13
 20
34.05
  0
LWPOLYLINE
  5
572
330
17
100
AcDbEntity
  8
Z-RZEDNE-PROJ
370
18
 48
0.2
100
AcDbPolyline
 90
4
 70
1
 10
24.22
 20
41.38999999999999
 10
24.22
 20
42.199999999999996
 10
21.757310924369747
 20
42.199999999999996
 10
21.757310924369747
 20
41.38999999999999
  0
LWPOLYLINE
  5
573
330
17
100
AcDbEntity
  8
Z-RZEDNE-PROJ
370
18
 48
0.2
100
AcDbPolyline
 90
2
 70
0
 10
26.3
 20
44.3
 10
24.22
 20
42.199999999999996
  0
LWPOLYLINE
  5
574
330
17
100
AcDbEntity
  8
Z-RZEDNE-PROJ
370
18
 48
0.2
100
AcDbPolyline
 90
4
 70
1
 10
23.13701680672269
 20
46.699999999999996
 10
23.13701680672269
 20
47.51
 10
20.67432773109244
 20
47.51
 10
20.67432773109244
 20
46.699999999999996
  0
LWPOLYLINE
  5
575
330
17
100
AcDbEntity
  8
Z-RZEDNE-PROJ
370
18
 48
0.2
100
AcDbPolyline
 90
2
 70
0
 10
18.85
 20
41.8
 10
20.67432773109244
 20
46.699999999999996
  0
LWPOLYLINE
  5
576
330
17
100
AcDbEntity
  8
Z-RZEDNE-PROJ
370
18
 48
0.2
100
AcDbPolyline
 90
4
 70
1
 10
16.67
 20
50.699999999999996
 10
16.67
 20
51.51
 10
14.207310924369748
 20
51.51
 10
14.207310924369748
 20
50.699999999999996
  0
LWPOLYLINE
  5
577
330
17
100
AcDbEntity
  8
Z-RZEDNE-PROJ
370
18
 48
0.2
100
AcDbPolyline
 90
2
 70
0
 10
17.55
 20
49.8
 10
16.67
 20
50.699999999999996
  0
LWPOLYLINE
  5
578
330
17
100
AcDbEntity
  8
Z-RZEDNE-PROJ
370
18
 48
0.2
100
AcDbPolyline
 90
4
 70
1
 10
18.02
 20
44.275
 10
18.02
 20
45.085
 10
15.557310924369748
 20
45.085
 10
15.557310924369748
 20
44.275
  0
LWPOLYLINE
  5
579
330
17
100
AcDbEntity
  8
Z-RZEDNE-PROJ
370
18
 48
0.2
100
AcDbPolyline
 90
2
 70
0
 10
19.5
 20
44.68
 10
18.02
 20
44.68
  0
LWPOLYLINE
  5
57A
330
17
100
AcDbEntity
  8
Z-RZEDNE-PROJ
370
18
 48
0.2
100
AcDbPolyline
 90
4
 70
1
 10
22.84268907563025
 20
47.6
 10
22.84268907563025
 20
48.410000000000004
 10
20.38
 20
48.410000000000004
 10
20.38
 20
47.6
  0
LWPOLYLINE
  5
57B
330
17
100
AcDbEntity
  8
Z-RZEDNE-PROJ
370
18
 48
0.2
100
AcDbPolyline
 90
2
 70
0
 10
19.5
 20
46.7
 10
20.38
 20
47.6
  0
LWPOLYLINE
  5
57C
330
17
100
AcDbEntity
  8
Z-RZEDNE-PROJ
370
18
 48
0.2
100
AcDbPolyline
 90
4
 70
1
 10
22.831344537815127
 20
36.69
 10
22.831344537815127
 20
37.5
 10
20.368655462184876
 20
37.5
 10
20.368655462184876
 20
36.69
  0
LWPOLYLINE
  5
57D
330
17
100
AcDbEntity
  8
Z-RZEDNE-PROJ
370
18
 48
0.2
100
AcDbPolyline
 90
2
 70
0
 10
21.6
 20
42.4
 10
21.6
 20
37.5
  0
LWPOLYLINE
  5
57E
330
17
100
AcDbEntity
  8
Z-RZEDNE-PROJ
370
18
 48
0.2
100
AcDbPolyline
 90
4
 70
1
 10
20.12
 20
47.2
 10
20.12
 20
48.010000000000005
 10
17.65731092436975
 20
48.010000000000005
 10
17.65731092436975
 20
47.2
  0
LWPOLYLINE
  5
57F
330
17
100
AcDbEntity
  8
Z-RZEDNE-PROJ
370
18
 48
0.2
100
AcDbPolyline
 90
2
 70
0
 10
21.6
 20
45.7
 10
20.12
 20
47.2
  0
LWPOLYLINE
  5
580
330
17
100
AcDbEntity
  8
Z-RZEDNE-PROJ
370
18
 48
0.2
100
AcDbPolyline
 90
4
 70
1
 10
19.11
 20
53.3
 10
19.11
 20
54.11
 10
16.647310924369748
 20
54.11
 10
16.647310924369748
 20
53.3
  0
LWPOLYLINE
  5
581
330
17
100
AcDbEntity
  8
Z-RZEDNE-PROJ
370
18
 48
0.2
100
AcDbPolyline
 90
2
 70
0
 10
22.79
 20
49.6
 10
19.11
 20
53.3
  0
LWPOLYLINE
  5
582
330
17
100
AcDbEntity
  8
Z-RZEDNE-PROJ
370
18
 48
0.2
100
AcDbPolyline
 90
4
 70
1
 10
27.78701680672269
 20
46.379999999999995
 10
27.78701680672269
 20
47.19
 10
25.32432773109244
 20
47.19
 10
25.32432773109244
 20
46.379999999999995
  0
LWPOLYLINE
  5
583
330
17
100
AcDbEntity
  8
Z-RZEDNE-PROJ
370
18
 48
0.2
100
AcDbPolyline
 90
2
 70
0
 10
24.1
 20
42.68
 10
25.32432773109244
 20
46.379999999999995
  0
LWPOLYLINE
  5
584
330
17
100
AcDbEntity
  8
Z-RZEDNE-PROJ
370
18
 48
0.2
100
AcDbPolyline
 90
4
 70
1
 10
29.14268907563025
 20
48.7
 10
29.14268907563025
 20
49.510000000000005
 10
26.68
 20
49.510000000000005
 10
26.68
 20
48.7
  0
LWPOLYLINE
  5
585
330
17
100
AcDbEntity
  8
Z-RZEDNE-PROJ
370
18
 48
0.2
100
AcDbPolyline
 90
2
 70
0
 10
26.2
 20
48.2
 10
26.68
 20
48.7
  0
LWPOLYLINE
  5
586
330
17
100
AcDbEntity
  8
Z-RZEDNE-PROJ
370
18
 48
0.2
100
AcDbPolyline
 90
4
 70
1
 10
34.79268907563025
 20
37.245
 10
34.79268907563025
 20
38.055
 10
32.33
 20
38.055
 10
32.33
 20
37.245
  0
LWPOLYLINE
  5
587
330
17
100
AcDbEntity
  8
Z-RZEDNE-PROJ
370
18
 48
0.2
100
AcDbPolyline
 90
2
 70
0
 10
27.45
 20
37.65
 10
32.33
 20
37.65
  0
LWPOLYLINE
  5
588
330
17
100
AcDbEntity
  8
Z-RZEDNE-PROJ
370
18
 48
0.2
100
AcDbPolyline
 90
4
 70
1
 10
10.442689075630252
 20
27.0425
 10
10.442689075630252
 20
27.852500000000003
 10
7.9799999999999995
 20
27.852500000000003
 10
7.9799999999999995
 20
27.0425
  0
LWPOLYLINE
  5
589
330
17
100
AcDbEntity
  8
Z-RZEDNE-PROJ
370
18
 48
0.2
100
AcDbPolyline
 90
2
 70
0
 10
4.3
 20
29.5
 10
7.9799999999999995
 20
27.852500000000003
  0
LWPOLYLINE
  5
58A
330
17
100
AcDbEntity
  8
Z-RZEDNE-PROJ
370
18
 48
0.2
100
AcDbPolyline
 90
4
 70
1
 10
3.82
 20
25.389999999999997
 10
3.82
 20
26.2
 10
1.3573109243697474
 20
26.2
 10
1.3573109243697474
 20
25.389999999999997
  0
LWPOLYLINE
  5
58B
330
17
100
AcDbEntity
  8
Z-RZEDNE-PROJ
370
18
 48
0.2
100
AcDbPolyline
 90
2
 70
0
 10
4.3
 20
26.7
 10
3.82
 20
26.2
  0
LWPOLYLINE
  5
58C
330
17
100
AcDbEntity
  8
Z-RZEDNE-PROJ
370
18
 48
0.2
100
AcDbPolyline
 90
4
 70
1
 10
4.119999999999999
 20
23.294999999999998
 10
4.119999999999999
 20
24.105
 10
1.6573109243697473
 20
24.105
 10
1.6573109243697473
 20
23.294999999999998
  0
LWPOLYLINE
  5
58D
330
17
100
AcDbEntity
  8
Z-RZEDNE-PROJ
370
18
 48
0.2
100
AcDbPolyline
 90
4
 70
1
 10
6.942689075630253
 20
20.9
 10
6.942689075630253
 20
21.71
 10
4.4799999999999995
 20
21.71
 10
4.4799999999999995
 20
20.9
  0
LWPOLYLINE
  5
58E
330
17
100
AcDbEntity
  8
Z-RZEDNE-PROJ
370
18
 48
0.2
100
AcDbPolyline
 90
4
 70
1
 10
13.187016806722689
 20
27.189999999999998
 10
13.187016806722689
 20
28.0
 10
10.724327731092437
 20
28.0
 10
10.724327731092437
 20
27.189999999999998
  0
LWPOLYLINE
  5
58F
330
17
100
AcDbEntity
  8
Z-RZEDNE-PROJ
370
18
 48
0.2
100
AcDbPolyline
 90
2
 70
0
 10
10.6
 20
29.5
 10
10.724327731092437
 20
28.0
  0
LWPOLYLINE
  5
590
330
17
100
AcDbEntity
  8
Z-RZEDNE-PROJ
370
18
 48
0.2
100
AcDbPolyline
 90
4
 70
1
 10
10.42
 20
23.294999999999998
 10
10.42
 20
24.105
 10
7.9573109243697475
 20
24.105
 10
7.9573109243697475
 20
23.294999999999998
  0
LWPOLYLINE
  5
591
330
17
100
AcDbEntity
  8
Z-RZEDNE-PROJ
370
18
 48
0.2
100
AcDbPolyline
 90
4
 70
1
 10
13.24268907563025
 20
20.294999999999998
 10
13.24268907563025
 20
21.105
 10
10.78
 20
21.105
 10
10.78
 20
20.294999999999998
  0
LWPOLYLINE
  5
592
330
17
100
AcDbEntity
  8
Z-RZEDNE-PROJ
370
18
 48
0.2
100
AcDbPolyline
 90
4
 70
1
 10
14.831344537815125
 20
23.79
 10
14.831344537815125
 20
24.6
 10
12.368655462184874
 20
24.6
 10
12.368655462184874
 20
23.79
  0
LWPOLYLINE
  5
593
330
17
100
AcDbEntity
  8
Z-RZEDNE-PROJ
370
18
 48
0.2
100
AcDbPolyline
 90
2
 70
0
 10
13.6
 20
26.7
 10
13.6
 20
24.6
  0
LWPOLYLINE
  5
594
330
17
100
AcDbEntity
  8
Z-RZEDNE-PROJ
370
18
 48
0.2
100
AcDbPolyline
 90
4
 70
1
 10
22.742689075630253
 20
27.0425
 10
22.742689075630253
 20
27.852500000000003
 10
20.28
 20
27.852500000000003
 10
20.28
 20
27.0425
  0
LWPOLYLINE
  5
595
330
17
100
AcDbEntity
  8
Z-RZEDNE-PROJ
370
18
 48
0.2
100
AcDbPolyline
 90
2
 70
0
 10
16.6
 20
29.5
 10
20.28
 20
27.852500000000003
  0
LWPOLYLINE
  5
596
330
17
100
AcDbEntity
  8
Z-RZEDNE-PROJ
370
18
 48
0.2
100
AcDbPolyline
 90
4
 70
1
 10
19.242689075630253
 20
23.294999999999998
 10
19.242689075630253
 20
24.105
 10
16.78
 20
24.105
 10
16.78
 20
23.294999999999998
  0
LWPOLYLINE
  5
597
330
17
100
AcDbEntity
  8
Z-RZEDNE-PROJ
370
18
 48
0.2
100
AcDbPolyline
 90
4
 70
1
 10
19.242689075630253
 20
20.9
 10
19.242689075630253
 20
21.71
 10
16.78
 20
21.71
 10
16.78
 20
20.9
  0
LWPOLYLINE
  5
598
330
17
100
AcDbEntity
  8
Z-RZEDNE-PROJ
370
18
 48
0.2
100
AcDbPolyline
 90
4
 70
1
 10
19.42
 20
26.294999999999998
 10
19.42
 20
27.105
 10
16.95731092436975
 20
27.105
 10
16.95731092436975
 20
26.294999999999998
  0
LWPOLYLINE
  5
599
330
17
100
AcDbEntity
  8
Z-RZEDNE-PROJ
370
18
 48
0.2
100
AcDbPolyline
 90
4
 70
1
 10
27.742689075630253
 20
29.095
 10
27.742689075630253
 20
29.905
 10
25.28
 20
29.905
 10
25.28
 20
29.095
  0
LWPOLYLINE
  5
59A
330
17
100
AcDbEntity
  8
Z-RZEDNE-PROJ
370
18
 48
0.2
100
AcDbPolyline
 90
2
 70
0
 10
22.6
 20
29.5
 10
25.28
 20
29.5
  0
LWPOLYLINE
  5
59B
330
17
100
AcDbEntity
  8
Z-RZEDNE-PROJ
370
18
 48
0.2
100
AcDbPolyline
 90
4
 70
1
 10
25.242689075630253
 20
23.294999999999998
 10
25.242689075630253
 20
24.105
 10
22.78
 20
24.105
 10
22.78
 20
23.294999999999998
  0
LWPOLYLINE
  5
59C
330
17
100
AcDbEntity
  8
Z-RZEDNE-PROJ
370
18
 48
0.2
100
AcDbPolyline
 90
4
 70
1
 10
25.242689075630253
 20
20.9
 10
25.242689075630253
 20
21.71
 10
22.78
 20
21.71
 10
22.78
 20
20.9
  0
LWPOLYLINE
  5
59D
330
17
100
AcDbEntity
  8
Z-RZEDNE-PROJ
370
18
 48
0.2
100
AcDbPolyline
 90
4
 70
1
 10
28.242689075630253
 20
26.294999999999998
 10
28.242689075630253
 20
27.105
 10
25.78
 20
27.105
 10
25.78
 20
26.294999999999998
  0
LWPOLYLINE
  5
59E
330
17
100
AcDbEntity
  8
Z-RZEDNE-PROJ
370
18
 48
0.2
100
AcDbPolyline
 90
4
 70
1
 10
5.0426890756302525
 20
41.2
 10
5.0426890756302525
 20
42.010000000000005
 10
2.58
 20
42.010000000000005
 10
2.58
 20
41.2
  0
LWPOLYLINE
  5
59F
330
17
100
AcDbEntity
  8
Z-RZEDNE-PROJ
370
18
 48
0.2
100
AcDbPolyline
 90
2
 70
0
 10
2.1
 20
40.7
 10
2.58
 20
41.2
  0
LWPOLYLINE
  5
5A0
330
17
100
AcDbEntity
  8
Z-RZEDNE-PROJ
370
18
 48
0.2
100
AcDbPolyline
 90
4
 70
1
 10
5.031344537815126
 20
36.690000000000005
 10
5.031344537815126
 20
37.50000000000001
 10
2.5686554621848736
 20
37.50000000000001
 10
2.5686554621848736
 20
36.690000000000005
  0
LWPOLYLINE
  5
5A1
330
17
100
AcDbEntity
  8
Z-RZEDNE-PROJ
370
18
 48
0.2
100
AcDbPolyline
 90
4
 70
1
 10
5.031344537815126
 20
31.79
 10
5.031344537815126
 20
32.6
 10
2.5686554621848736
 20
32.6
 10
2.5686554621848736
 20
31.79
  0
LWPOLYLINE
  5
5A2
330
17
100
AcDbEntity
  8
Z-RZEDNE-PROJ
370
18
 48
0.2
100
AcDbPolyline
 90
2
 70
0
 10
3.8
 20
34.7
 10
3.8
 20
32.6
  0
LWPOLYLINE
  5
5A3
330
17
100
AcDbEntity
  8
Z-RZEDNE-PROJ
370
18
 48
0.2
100
AcDbPolyline
 90
4
 70
1
 10
3.6199999999999997
 20
42.190000000000005
 10
3.6199999999999997
 20
43.00000000000001
 10
1.1573109243697473
 20
43.00000000000001
 10
1.1573109243697473
 20
42.190000000000005
  0
LWPOLYLINE
  5
5A4
330
17
100
AcDbEntity
  8
Z-RZEDNE-PROJ
370
18
 48
0.2
100
AcDbPolyline
 90
4
 70
1
 10
34.74268907563025
 20
27.189999999999998
 10
34.74268907563025
 20
28.0
 10
32.28
 20
28.0
 10
32.28
 20
27.189999999999998
  0
LWPOLYLINE
  5
5A5
330
17
100
AcDbEntity
  8
Z-RZEDNE-PROJ
370
18
 48
0.2
100
AcDbPolyline
 90
2
 70
0
 10
28.6
 20
31.7
 10
32.28
 20
28.0
  0
LWPOLYLINE
  5
5A6
330
17
100
AcDbEntity
  8
Z-RZEDNE-PROJ
370
18
 48
0.2
100
AcDbPolyline
 90
4
 70
1
 10
34.74268907563025
 20
29.294999999999998
 10
34.74268907563025
 20
30.105
 10
32.28
 20
30.105
 10
32.28
 20
29.294999999999998
  0
LWPOLYLINE
  5
5A7
330
17
100
AcDbEntity
  8
Z-RZEDNE-PROJ
370
18
 48
0.2
100
AcDbPolyline
 90
2
 70
0
 10
28.6
 20
29.7
 10
32.28
 20
29.7
  0
LWPOLYLINE
  5
5A8
330
17
100
AcDbEntity
  8
Z-RZEDNE-PROJ
370
18
 48
0.2
100
AcDbPolyline
 90
4
 70
1
 10
4.419999999999999
 20
45.295
 10
4.419999999999999
 20
46.105000000000004
 10
1.957310924369747
 20
46.105000000000004
 10
1.957310924369747
 20
45.295
  0
LWPOLYLINE
  5
5A9
330
17
100
AcDbEntity
  8
Z-RZEDNE-PROJ
370
18
 48
0.2
100
AcDbPolyline
 90
4
 70
1
 10
12.542689075630252
 20
47.2
 10
12.542689075630252
 20
48.010000000000005
 10
10.08
 20
48.010000000000005
 10
10.08
 20
47.2
  0
LWPOLYLINE
  5
5AA
330
17
100
AcDbEntity
  8
Z-RZEDNE-PROJ
370
18
 48
0.2
100
AcDbPolyline
 90
2
 70
0
 10
8.6
 20
45.7
 10
10.08
 20
47.2
  0
LWPOLYLINE
  5
5AB
330
17
100
AcDbEntity
  8
Z-RZEDNE-PROJ
370
18
 48
0.2
100
AcDbPolyline
 90
4
 70
1
 10
12.42
 20
45.9
 10
12.42
 20
46.71
 10
9.957310924369748
 20
46.71
 10
9.957310924369748
 20
45.9
  0
LWPOLYLINE
  5
5AC
330
17
100
AcDbEntity
  8
Z-RZEDNE-PROJ
370
18
 48
0.2
100
AcDbPolyline
 90
4
 70
1
 10
11.72
 20
50.6
 10
11.72
 20
51.410000000000004
 10
9.25731092436975
 20
51.410000000000004
 10
9.25731092436975
 20
50.6
  0
LWPOLYLINE
  5
5AD
330
17
100
AcDbEntity
  8
Z-RZEDNE-PROJ
370
18
 48
0.2
100
AcDbPolyline
 90
2
 70
0
 10
16.6
 20
45.7
 10
11.72
 20
50.6
  0
LWPOLYLINE
  5
5AE
330
17
100
AcDbEntity
  8
Z-RZEDNE-PROJ
370
18
 48
0.2
100
AcDbPolyline
 90
4
 70
1
 10
34.88701680672269
 20
45.6
 10
34.88701680672269
 20
46.410000000000004
 10
32.42432773109244
 20
46.410000000000004
 10
32.42432773109244
 20
45.6
  0
LWPOLYLINE
  5
5AF
330
17
100
AcDbEntity
  8
Z-RZEDNE-PROJ
370
18
 48
0.2
100
AcDbPolyline
 90
2
 70
0
 10
30.6
 20
40.7
 10
32.42432773109244
 20
45.6
  0
LWPOLYLINE
  5
5B0
330
17
100
AcDbEntity
  8
Z-RZEDNE-PROJ
370
18
 48
0.2
100
AcDbPolyline
 90
4
 70
1
 10
34.88701680672269
 20
41.6
 10
34.88701680672269
 20
42.410000000000004
 10
32.42432773109244
 20
42.410000000000004
 10
32.42432773109244
 20
41.6
  0
LWPOLYLINE
  5
5B1
330
17
100
AcDbEntity
  8
Z-RZEDNE-PROJ
370
18
 48
0.2
100
AcDbPolyline
 90
2
 70
0
 10
30.6
 20
36.7
 10
32.42432773109244
 20
41.6
  0
LWPOLYLINE
  5
5B2
330
17
100
AcDbEntity
  8
Z-RZEDNE-PROJ
370
18
 48
0.2
100
AcDbPolyline
 90
4
 70
1
 10
34.54268907563026
 20
30.39
 10
34.54268907563026
 20
31.200000000000003
 10
32.080000000000005
 20
31.200000000000003
 10
32.080000000000005
 20
30.39
  0
LWPOLYLINE
  5
5B3
330
17
100
AcDbEntity
  8
Z-RZEDNE-PROJ
370
18
 48
0.2
100
AcDbPolyline
 90
2
 70
0
 10
30.6
 20
32.7
 10
32.080000000000005
 20
31.200000000000003
  0
LWPOLYLINE
  5
5B4
330
17
100
AcDbEntity
  8
Z-RZEDNE
370
18
 48
0.2
420
7029795
100
AcDbPolyline
 90
2
 70
0
 10
-0.16000000000000003
 20
0.0
 10
0.16000000000000003
 20
0.0
  0
LWPOLYLINE
  5
5B5
330
17
100
AcDbEntity
  8
Z-RZEDNE
370
18
 48
0.2
420
7029795
100
AcDbPolyline
 90
2
 70
0
 10
0.0
 20
-0.16000000000000003
 10
0.0
 20
0.16000000000000003
  0
LWPOLYLINE
  5
5B6
330
17
100
AcDbEntity
  8
Z-RZEDNE
370
18
 48
0.2
420
7029795
100
AcDbPolyline
 90
2
 70
0
 10
0.0
 20
0.0
 10
1.48
 20
1.5000000000000002
  0
LWPOLYLINE
  5
5B7
330
17
100
AcDbEntity
  8
Z-RZEDNE
370
18
 48
0.2
420
7029795
100
AcDbPolyline
 90
2
 70
0
 10
4.84
 20
0.0
 10
5.16
 20
0.0
  0
LWPOLYLINE
  5
5B8
330
17
100
AcDbEntity
  8
Z-RZEDNE
370
18
 48
0.2
420
7029795
100
AcDbPolyline
 90
2
 70
0
 10
5.0
 20
-0.16000000000000003
 10
5.0
 20
0.16000000000000003
  0
LWPOLYLINE
  5
5B9
330
17
100
AcDbEntity
  8
Z-RZEDNE
370
18
 48
0.2
420
7029795
100
AcDbPolyline
 90
2
 70
0
 10
9.84
 20
0.0
 10
10.16
 20
0.0
  0
LWPOLYLINE
  5
5BA
330
17
100
AcDbEntity
  8
Z-RZEDNE
370
18
 48
0.2
420
7029795
100
AcDbPolyline
 90
2
 70
0
 10
10.0
 20
-0.16000000000000003
 10
10.0
 20
0.16000000000000003
  0
LWPOLYLINE
  5
5BB
330
17
100
AcDbEntity
  8
Z-RZEDNE
370
18
 48
0.2
420
7029795
100
AcDbPolyline
 90
2
 70
0
 10
14.84
 20
0.0
 10
15.16
 20
0.0
  0
LWPOLYLINE
  5
5BC
330
17
100
AcDbEntity
  8
Z-RZEDNE
370
18
 48
0.2
420
7029795
100
AcDbPolyline
 90
2
 70
0
 10
15.0
 20
-0.16000000000000003
 10
15.0
 20
0.16000000000000003
  0
LWPOLYLINE
  5
5BD
330
17
100
AcDbEntity
  8
Z-RZEDNE
370
18
 48
0.2
420
7029795
100
AcDbPolyline
 90
2
 70
0
 10
19.84
 20
0.0
 10
20.16
 20
0.0
  0
LWPOLYLINE
  5
5BE
330
17
100
AcDbEntity
  8
Z-RZEDNE
370
18
 48
0.2
420
7029795
100
AcDbPolyline
 90
2
 70
0
 10
20.0
 20
-0.16000000000000003
 10
20.0
 20
0.16000000000000003
  0
LWPOLYLINE
  5
5BF
330
17
100
AcDbEntity
  8
Z-RZEDNE
370
18
 48
0.2
420
7029795
100
AcDbPolyline
 90
2
 70
0
 10
20.0
 20
0.0
 10
20.0
 20
-0.5000000000000001
  0
LWPOLYLINE
  5
5C0
330
17
100
AcDbEntity
  8
Z-RZEDNE
370
18
 48
0.2
420
7029795
100
AcDbPolyline
 90
2
 70
0
 10
24.84
 20
0.0
 10
25.16
 20
0.0
  0
LWPOLYLINE
  5
5C1
330
17
100
AcDbEntity
  8
Z-RZEDNE
370
18
 48
0.2
420
7029795
100
AcDbPolyline
 90
2
 70
0
 10
25.0
 20
-0.16000000000000003
 10
25.0
 20
0.16000000000000003
  0
LWPOLYLINE
  5
5C2
330
17
100
AcDbEntity
  8
Z-RZEDNE
370
18
 48
0.2
420
7029795
100
AcDbPolyline
 90
2
 70
0
 10
29.84
 20
0.0
 10
30.16
 20
0.0
  0
LWPOLYLINE
  5
5C3
330
17
100
AcDbEntity
  8
Z-RZEDNE
370
18
 48
0.2
420
7029795
100
AcDbPolyline
 90
2
 70
0
 10
30.0
 20
-0.16000000000000003
 10
30.0
 20
0.16000000000000003
  0
LWPOLYLINE
  5
5C4
330
17
100
AcDbEntity
  8
Z-RZEDNE
370
18
 48
0.2
420
7029795
100
AcDbPolyline
 90
2
 70
0
 10
30.0
 20
0.0
 10
30.0
 20
-0.5000000000000001
  0
LWPOLYLINE
  5
5C5
330
17
100
AcDbEntity
  8
Z-RZEDNE
370
18
 48
0.2
420
7029795
100
AcDbPolyline
 90
2
 70
0
 10
31.84
 20
0.0
 10
32.16
 20
0.0
  0
LWPOLYLINE
  5
5C6
330
17
100
AcDbEntity
  8
Z-RZEDNE
370
18
 48
0.2
420
7029795
100
AcDbPolyline
 90
2
 70
0
 10
32.0
 20
-0.16000000000000003
 10
32.0
 20
0.16000000000000003
  0
LWPOLYLINE
  5
5C7
330
17
100
AcDbEntity
  8
Z-RZEDNE
370
18
 48
0.2
420
7029795
100
AcDbPolyline
 90
2
 70
0
 10
-0.16000000000000003
 20
5.0
 10
0.16000000000000003
 20
5.0
  0
LWPOLYLINE
  5
5C8
330
17
100
AcDbEntity
  8
Z-RZEDNE
370
18
 48
0.2
420
7029795
100
AcDbPolyline
 90
2
 70
0
 10
0.0
 20
4.84
 10
0.0
 20
5.16
  0
LWPOLYLINE
  5
5C9
330
17
100
AcDbEntity
  8
Z-RZEDNE
370
18
 48
0.2
420
7029795
100
AcDbPolyline
 90
2
 70
0
 10
4.84
 20
5.0
 10
5.16
 20
5.0
  0
LWPOLYLINE
  5
5CA
330
17
100
AcDbEntity
  8
Z-RZEDNE
370
18
 48
0.2
420
7029795
100
AcDbPolyline
 90
2
 70
0
 10
5.0
 20
4.84
 10
5.0
 20
5.16
  0
LWPOLYLINE
  5
5CB
330
17
100
AcDbEntity
  8
Z-RZEDNE
370
18
 48
0.2
420
7029795
100
AcDbPolyline
 90
2
 70
0
 10
5.0
 20
5.0
 10
4.12
 20
5.9
  0
LWPOLYLINE
  5
5CC
330
17
100
AcDbEntity
  8
Z-RZEDNE
370
18
 48
0.2
420
7029795
100
AcDbPolyline
 90
2
 70
0
 10
9.84
 20
5.0
 10
10.16
 20
5.0
  0
LWPOLYLINE
  5
5CD
330
17
100
AcDbEntity
  8
Z-RZEDNE
370
18
 48
0.2
420
7029795
100
AcDbPolyline
 90
2
 70
0
 10
10.0
 20
4.84
 10
10.0
 20
5.16
  0
LWPOLYLINE
  5
5CE
330
17
100
AcDbEntity
  8
Z-RZEDNE
370
18
 48
0.2
420
7029795
100
AcDbPolyline
 90
2
 70
0
 10
14.84
 20
5.0
 10
15.16
 20
5.0
  0
LWPOLYLINE
  5
5CF
330
17
100
AcDbEntity
  8
Z-RZEDNE
370
18
 48
0.2
420
7029795
100
AcDbPolyline
 90
2
 70
0
 10
15.0
 20
4.84
 10
15.0
 20
5.16
  0
LWPOLYLINE
  5
5D0
330
17
100
AcDbEntity
  8
Z-RZEDNE
370
18
 48
0.2
420
7029795
100
AcDbPolyline
 90
2
 70
0
 10
15.0
 20
5.0
 10
16.48
 20
5.0
  0
LWPOLYLINE
  5
5D1
330
17
100
AcDbEntity
  8
Z-RZEDNE
370
18
 48
0.2
420
7029795
100
AcDbPolyline
 90
2
 70
0
 10
19.84
 20
5.0
 10
20.16
 20
5.0
  0
LWPOLYLINE
  5
5D2
330
17
100
AcDbEntity
  8
Z-RZEDNE
370
18
 48
0.2
420
7029795
100
AcDbPolyline
 90
2
 70
0
 10
20.0
 20
4.84
 10
20.0
 20
5.16
  0
LWPOLYLINE
  5
5D3
330
17
100
AcDbEntity
  8
Z-RZEDNE
370
18
 48
0.2
420
7029795
100
AcDbPolyline
 90
2
 70
0
 10
24.84
 20
5.0
 10
25.16
 20
5.0
  0
LWPOLYLINE
  5
5D4
330
17
100
AcDbEntity
  8
Z-RZEDNE
370
18
 48
0.2
420
7029795
100
AcDbPolyline
 90
2
 70
0
 10
25.0
 20
4.84
 10
25.0
 20
5.16
  0
LWPOLYLINE
  5
5D5
330
17
100
AcDbEntity
  8
Z-RZEDNE
370
18
 48
0.2
420
7029795
100
AcDbPolyline
 90
2
 70
0
 10
29.84
 20
5.0
 10
30.16
 20
5.0
  0
LWPOLYLINE
  5
5D6
330
17
100
AcDbEntity
  8
Z-RZEDNE
370
18
 48
0.2
420
7029795
100
AcDbPolyline
 90
2
 70
0
 10
30.0
 20
4.84
 10
30.0
 20
5.16
  0
LWPOLYLINE
  5
5D7
330
17
100
AcDbEntity
  8
Z-RZEDNE
370
18
 48
0.2
420
7029795
100
AcDbPolyline
 90
2
 70
0
 10
30.0
 20
5.0
 10
29.52
 20
4.499999999999999
  0
LWPOLYLINE
  5
5D8
330
17
100
AcDbEntity
  8
Z-RZEDNE
370
18
 48
0.2
420
7029795
100
AcDbPolyline
 90
2
 70
0
 10
31.84
 20
5.0
 10
32.16
 20
5.0
  0
LWPOLYLINE
  5
5D9
330
17
100
AcDbEntity
  8
Z-RZEDNE
370
18
 48
0.2
420
7029795
100
AcDbPolyline
 90
2
 70
0
 10
32.0
 20
4.84
 10
32.0
 20
5.16
  0
LWPOLYLINE
  5
5DA
330
17
100
AcDbEntity
  8
Z-RZEDNE
370
18
 48
0.2
420
7029795
100
AcDbPolyline
 90
2
 70
0
 10
-0.16000000000000003
 20
10.0
 10
0.16000000000000003
 20
10.0
  0
LWPOLYLINE
  5
5DB
330
17
100
AcDbEntity
  8
Z-RZEDNE
370
18
 48
0.2
420
7029795
100
AcDbPolyline
 90
2
 70
0
 10
0.0
 20
9.84
 10
0.0
 20
10.16
  0
LWPOLYLINE
  5
5DC
330
17
100
AcDbEntity
  8
Z-RZEDNE
370
18
 48
0.2
420
7029795
100
AcDbPolyline
 90
2
 70
0
 10
4.84
 20
10.0
 10
5.16
 20
10.0
  0
LWPOLYLINE
  5
5DD
330
17
100
AcDbEntity
  8
Z-RZEDNE
370
18
 48
0.2
420
7029795
100
AcDbPolyline
 90
2
 70
0
 10
5.0
 20
9.84
 10
5.0
 20
10.16
  0
LWPOLYLINE
  5
5DE
330
17
100
AcDbEntity
  8
Z-RZEDNE
370
18
 48
0.2
420
7029795
100
AcDbPolyline
 90
2
 70
0
 10
9.84
 20
10.0
 10
10.16
 20
10.0
  0
LWPOLYLINE
  5
5DF
330
17
100
AcDbEntity
  8
Z-RZEDNE
370
18
 48
0.2
420
7029795
100
AcDbPolyline
 90
2
 70
0
 10
10.0
 20
9.84
 10
10.0
 20
10.16
  0
LWPOLYLINE
  5
5E0
330
17
100
AcDbEntity
  8
Z-RZEDNE
370
18
 48
0.2
420
7029795
100
AcDbPolyline
 90
2
 70
0
 10
10.0
 20
10.0
 10
11.48
 20
8.499999999999998
  0
LWPOLYLINE
  5
5E1
330
17
100
AcDbEntity
  8
Z-RZEDNE
370
18
 48
0.2
420
7029795
100
AcDbPolyline
 90
2
 70
0
 10
14.84
 20
10.0
 10
15.16
 20
10.0
  0
LWPOLYLINE
  5
5E2
330
17
100
AcDbEntity
  8
Z-RZEDNE
370
18
 48
0.2
420
7029795
100
AcDbPolyline
 90
2
 70
0
 10
15.0
 20
9.84
 10
15.0
 20
10.16
  0
LWPOLYLINE
  5
5E3
330
17
100
AcDbEntity
  8
Z-RZEDNE
370
18
 48
0.2
420
7029795
100
AcDbPolyline
 90
2
 70
0
 10
15.0
 20
10.0
 10
16.224327731092437
 20
13.700000000000001
  0
LWPOLYLINE
  5
5E4
330
17
100
AcDbEntity
  8
Z-RZEDNE
370
18
 48
0.2
420
7029795
100
AcDbPolyline
 90
2
 70
0
 10
19.84
 20
10.0
 10
20.16
 20
10.0
  0
LWPOLYLINE
  5
5E5
330
17
100
AcDbEntity
  8
Z-RZEDNE
370
18
 48
0.2
420
7029795
100
AcDbPolyline
 90
2
 70
0
 10
20.0
 20
9.84
 10
20.0
 20
10.16
  0
LWPOLYLINE
  5
5E6
330
17
100
AcDbEntity
  8
Z-RZEDNE
370
18
 48
0.2
420
7029795
100
AcDbPolyline
 90
2
 70
0
 10
24.84
 20
10.0
 10
25.16
 20
10.0
  0
LWPOLYLINE
  5
5E7
330
17
100
AcDbEntity
  8
Z-RZEDNE
370
18
 48
0.2
420
7029795
100
AcDbPolyline
 90
2
 70
0
 10
25.0
 20
9.84
 10
25.0
 20
10.16
  0
LWPOLYLINE
  5
5E8
330
17
100
AcDbEntity
  8
Z-RZEDNE
370
18
 48
0.2
420
7029795
100
AcDbPolyline
 90
2
 70
0
 10
29.84
 20
10.0
 10
30.16
 20
10.0
  0
LWPOLYLINE
  5
5E9
330
17
100
AcDbEntity
  8
Z-RZEDNE
370
18
 48
0.2
420
7029795
100
AcDbPolyline
 90
2
 70
0
 10
30.0
 20
9.84
 10
30.0
 20
10.16
  0
LWPOLYLINE
  5
5EA
330
17
100
AcDbEntity
  8
Z-RZEDNE
370
18
 48
0.2
420
7029795
100
AcDbPolyline
 90
2
 70
0
 10
31.84
 20
10.0
 10
32.16
 20
10.0
  0
LWPOLYLINE
  5
5EB
330
17
100
AcDbEntity
  8
Z-RZEDNE
370
18
 48
0.2
420
7029795
100
AcDbPolyline
 90
2
 70
0
 10
32.0
 20
9.84
 10
32.0
 20
10.16
  0
LWPOLYLINE
  5
5EC
330
17
100
AcDbEntity
  8
Z-RZEDNE
370
18
 48
0.2
420
7029795
100
AcDbPolyline
 90
2
 70
0
 10
-0.16000000000000003
 20
15.0
 10
0.16000000000000003
 20
15.0
  0
LWPOLYLINE
  5
5ED
330
17
100
AcDbEntity
  8
Z-RZEDNE
370
18
 48
0.2
420
7029795
100
AcDbPolyline
 90
2
 70
0
 10
0.0
 20
14.84
 10
0.0
 20
15.16
  0
LWPOLYLINE
  5
5EE
330
17
100
AcDbEntity
  8
Z-RZEDNE
370
18
 48
0.2
420
7029795
100
AcDbPolyline
 90
2
 70
0
 10
4.84
 20
15.0
 10
5.16
 20
15.0
  0
LWPOLYLINE
  5
5EF
330
17
100
AcDbEntity
  8
Z-RZEDNE
370
18
 48
0.2
420
7029795
100
AcDbPolyline
 90
2
 70
0
 10
5.0
 20
14.84
 10
5.0
 20
15.16
  0
LWPOLYLINE
  5
5F0
330
17
100
AcDbEntity
  8
Z-RZEDNE
370
18
 48
0.2
420
7029795
100
AcDbPolyline
 90
2
 70
0
 10
5.0
 20
15.0
 10
4.275672268907563
 20
12.299999999999999
  0
LWPOLYLINE
  5
5F1
330
17
100
AcDbEntity
  8
Z-RZEDNE
370
18
 48
0.2
420
7029795
100
AcDbPolyline
 90
2
 70
0
 10
9.84
 20
15.0
 10
10.16
 20
15.0
  0
LWPOLYLINE
  5
5F2
330
17
100
AcDbEntity
  8
Z-RZEDNE
370
18
 48
0.2
420
7029795
100
AcDbPolyline
 90
2
 70
0
 10
10.0
 20
14.84
 10
10.0
 20
15.16
  0
LWPOLYLINE
  5
5F3
330
17
100
AcDbEntity
  8
Z-RZEDNE
370
18
 48
0.2
420
7029795
100
AcDbPolyline
 90
2
 70
0
 10
10.0
 20
15.0
 10
10.48
 20
15.0
  0
LWPOLYLINE
  5
5F4
330
17
100
AcDbEntity
  8
Z-RZEDNE
370
18
 48
0.2
420
7029795
100
AcDbPolyline
 90
2
 70
0
 10
14.84
 20
15.0
 10
15.16
 20
15.0
  0
LWPOLYLINE
  5
5F5
330
17
100
AcDbEntity
  8
Z-RZEDNE
370
18
 48
0.2
420
7029795
100
AcDbPolyline
 90
2
 70
0
 10
15.0
 20
14.84
 10
15.0
 20
15.16
  0
LWPOLYLINE
  5
5F6
330
17
100
AcDbEntity
  8
Z-RZEDNE
370
18
 48
0.2
420
7029795
100
AcDbPolyline
 90
2
 70
0
 10
15.0
 20
15.0
 10
15.48
 20
15.0
  0
LWPOLYLINE
  5
5F7
330
17
100
AcDbEntity
  8
Z-RZEDNE
370
18
 48
0.2
420
7029795
100
AcDbPolyline
 90
2
 70
0
 10
19.84
 20
15.0
 10
20.16
 20
15.0
  0
LWPOLYLINE
  5
5F8
330
17
100
AcDbEntity
  8
Z-RZEDNE
370
18
 48
0.2
420
7029795
100
AcDbPolyline
 90
2
 70
0
 10
20.0
 20
14.84
 10
20.0
 20
15.16
  0
LWPOLYLINE
  5
5F9
330
17
100
AcDbEntity
  8
Z-RZEDNE
370
18
 48
0.2
420
7029795
100
AcDbPolyline
 90
2
 70
0
 10
24.84
 20
15.0
 10
25.16
 20
15.0
  0
LWPOLYLINE
  5
5FA
330
17
100
AcDbEntity
  8
Z-RZEDNE
370
18
 48
0.2
420
7029795
100
AcDbPolyline
 90
2
 70
0
 10
25.0
 20
14.84
 10
25.0
 20
15.16
  0
LWPOLYLINE
  5
5FB
330
17
100
AcDbEntity
  8
Z-RZEDNE
370
18
 48
0.2
420
7029795
100
AcDbPolyline
 90
2
 70
0
 10
29.84
 20
15.0
 10
30.16
 20
15.0
  0
LWPOLYLINE
  5
5FC
330
17
100
AcDbEntity
  8
Z-RZEDNE
370
18
 48
0.2
420
7029795
100
AcDbPolyline
 90
2
 70
0
 10
30.0
 20
14.84
 10
30.0
 20
15.16
  0
LWPOLYLINE
  5
5FD
330
17
100
AcDbEntity
  8
Z-RZEDNE
370
18
 48
0.2
420
7029795
100
AcDbPolyline
 90
2
 70
0
 10
31.84
 20
15.0
 10
32.16
 20
15.0
  0
LWPOLYLINE
  5
5FE
330
17
100
AcDbEntity
  8
Z-RZEDNE
370
18
 48
0.2
420
7029795
100
AcDbPolyline
 90
2
 70
0
 10
32.0
 20
14.84
 10
32.0
 20
15.16
  0
LWPOLYLINE
  5
5FF
330
17
100
AcDbEntity
  8
Z-RZEDNE
370
18
 48
0.2
420
7029795
100
AcDbPolyline
 90
2
 70
0
 10
-0.16000000000000003
 20
20.0
 10
0.16000000000000003
 20
20.0
  0
LWPOLYLINE
  5
600
330
17
100
AcDbEntity
  8
Z-RZEDNE
370
18
 48
0.2
420
7029795
100
AcDbPolyline
 90
2
 70
0
 10
0.0
 20
19.84
 10
0.0
 20
20.16
  0
LWPOLYLINE
  5
601
330
17
100
AcDbEntity
  8
Z-RZEDNE
370
18
 48
0.2
420
7029795
100
AcDbPolyline
 90
2
 70
0
 10
29.84
 20
20.0
 10
30.16
 20
20.0
  0
LWPOLYLINE
  5
602
330
17
100
AcDbEntity
  8
Z-RZEDNE
370
18
 48
0.2
420
7029795
100
AcDbPolyline
 90
2
 70
0
 10
30.0
 20
19.84
 10
30.0
 20
20.16
  0
LWPOLYLINE
  5
603
330
17
100
AcDbEntity
  8
Z-RZEDNE
370
18
 48
0.2
420
7029795
100
AcDbPolyline
 90
2
 70
0
 10
31.84
 20
20.0
 10
32.16
 20
20.0
  0
LWPOLYLINE
  5
604
330
17
100
AcDbEntity
  8
Z-RZEDNE
370
18
 48
0.2
420
7029795
100
AcDbPolyline
 90
2
 70
0
 10
32.0
 20
19.84
 10
32.0
 20
20.16
  0
LWPOLYLINE
  5
605
330
17
100
AcDbEntity
  8
Z-RZEDNE
370
18
 48
0.2
420
7029795
100
AcDbPolyline
 90
2
 70
0
 10
-0.16000000000000003
 20
25.0
 10
0.16000000000000003
 20
25.0
  0
LWPOLYLINE
  5
606
330
17
100
AcDbEntity
  8
Z-RZEDNE
370
18
 48
0.2
420
7029795
100
AcDbPolyline
 90
2
 70
0
 10
0.0
 20
24.84
 10
0.0
 20
25.16
  0
LWPOLYLINE
  5
607
330
17
100
AcDbEntity
  8
Z-RZEDNE
370
18
 48
0.2
420
7029795
100
AcDbPolyline
 90
2
 70
0
 10
29.84
 20
25.0
 10
30.16
 20
25.0
  0
LWPOLYLINE
  5
608
330
17
100
AcDbEntity
  8
Z-RZEDNE
370
18
 48
0.2
420
7029795
100
AcDbPolyline
 90
2
 70
0
 10
30.0
 20
24.84
 10
30.0
 20
25.16
  0
LWPOLYLINE
  5
609
330
17
100
AcDbEntity
  8
Z-RZEDNE
370
18
 48
0.2
420
7029795
100
AcDbPolyline
 90
2
 70
0
 10
31.84
 20
25.0
 10
32.16
 20
25.0
  0
LWPOLYLINE
  5
60A
330
17
100
AcDbEntity
  8
Z-RZEDNE
370
18
 48
0.2
420
7029795
100
AcDbPolyline
 90
2
 70
0
 10
32.0
 20
24.84
 10
32.0
 20
25.16
  0
LWPOLYLINE
  5
60B
330
17
100
AcDbEntity
  8
Z-RZEDNE
370
18
 48
0.2
420
7029795
100
AcDbPolyline
 90
2
 70
0
 10
-0.16000000000000003
 20
30.0
 10
0.16000000000000003
 20
30.0
  0
LWPOLYLINE
  5
60C
330
17
100
AcDbEntity
  8
Z-RZEDNE
370
18
 48
0.2
420
7029795
100
AcDbPolyline
 90
2
 70
0
 10
0.0
 20
29.84
 10
0.0
 20
30.16
  0
LWPOLYLINE
  5
60D
330
17
100
AcDbEntity
  8
Z-RZEDNE
370
18
 48
0.2
420
7029795
100
AcDbPolyline
 90
2
 70
0
 10
31.84
 20
30.0
 10
32.16
 20
30.0
  0
LWPOLYLINE
  5
60E
330
17
100
AcDbEntity
  8
Z-RZEDNE
370
18
 48
0.2
420
7029795
100
AcDbPolyline
 90
2
 70
0
 10
32.0
 20
29.84
 10
32.0
 20
30.16
  0
LWPOLYLINE
  5
60F
330
17
100
AcDbEntity
  8
Z-RZEDNE
370
18
 48
0.2
420
7029795
100
AcDbPolyline
 90
2
 70
0
 10
32.0
 20
30.0
 10
30.17567226890756
 20
25.1
  0
LWPOLYLINE
  5
610
330
17
100
AcDbEntity
  8
Z-RZEDNE
370
18
 48
0.2
420
7029795
100
AcDbPolyline
 90
2
 70
0
 10
-0.16000000000000003
 20
35.0
 10
0.16000000000000003
 20
35.0
  0
LWPOLYLINE
  5
611
330
17
100
AcDbEntity
  8
Z-RZEDNE
370
18
 48
0.2
420
7029795
100
AcDbPolyline
 90
2
 70
0
 10
0.0
 20
34.84
 10
0.0
 20
35.16
  0
LWPOLYLINE
  5
612
330
17
100
AcDbEntity
  8
Z-RZEDNE
370
18
 48
0.2
420
7029795
100
AcDbPolyline
 90
2
 70
0
 10
31.84
 20
35.0
 10
32.16
 20
35.0
  0
LWPOLYLINE
  5
613
330
17
100
AcDbEntity
  8
Z-RZEDNE
370
18
 48
0.2
420
7029795
100
AcDbPolyline
 90
2
 70
0
 10
32.0
 20
34.84
 10
32.0
 20
35.16
  0
LWPOLYLINE
  5
614
330
17
100
AcDbEntity
  8
Z-RZEDNE
370
18
 48
0.2
420
7029795
100
AcDbPolyline
 90
2
 70
0
 10
-0.16000000000000003
 20
40.0
 10
0.16000000000000003
 20
40.0
  0
LWPOLYLINE
  5
615
330
17
100
AcDbEntity
  8
Z-RZEDNE
370
18
 48
0.2
420
7029795
100
AcDbPolyline
 90
2
 70
0
 10
0.0
 20
39.84
 10
0.0
 20
40.16
  0
LWPOLYLINE
  5
616
330
17
100
AcDbEntity
  8
Z-RZEDNE
370
18
 48
0.2
420
7029795
100
AcDbPolyline
 90
2
 70
0
 10
-0.16000000000000003
 20
45.0
 10
0.16000000000000003
 20
45.0
  0
LWPOLYLINE
  5
617
330
17
100
AcDbEntity
  8
Z-RZEDNE
370
18
 48
0.2
420
7029795
100
AcDbPolyline
 90
2
 70
0
 10
0.0
 20
44.84
 10
0.0
 20
45.16
  0
LWPOLYLINE
  5
618
330
17
100
AcDbEntity
  8
Z-RZEDNE
370
18
 48
0.2
420
7029795
100
AcDbPolyline
 90
2
 70
0
 10
31.84
 20
45.0
 10
32.16
 20
45.0
  0
LWPOLYLINE
  5
619
330
17
100
AcDbEntity
  8
Z-RZEDNE
370
18
 48
0.2
420
7029795
100
AcDbPolyline
 90
2
 70
0
 10
32.0
 20
44.84
 10
32.0
 20
45.16
  0
LWPOLYLINE
  5
61A
330
17
100
AcDbEntity
  8
Z-RZEDNE
370
18
 48
0.2
420
7029795
100
AcDbPolyline
 90
2
 70
0
 10
-0.16000000000000003
 20
50.0
 10
0.16000000000000003
 20
50.0
  0
LWPOLYLINE
  5
61B
330
17
100
AcDbEntity
  8
Z-RZEDNE
370
18
 48
0.2
420
7029795
100
AcDbPolyline
 90
2
 70
0
 10
0.0
 20
49.84
 10
0.0
 20
50.16
  0
LWPOLYLINE
  5
61C
330
17
100
AcDbEntity
  8
Z-RZEDNE
370
18
 48
0.2
420
7029795
100
AcDbPolyline
 90
2
 70
0
 10
4.84
 20
50.0
 10
5.16
 20
50.0
  0
LWPOLYLINE
  5
61D
330
17
100
AcDbEntity
  8
Z-RZEDNE
370
18
 48
0.2
420
7029795
100
AcDbPolyline
 90
2
 70
0
 10
5.0
 20
49.84
 10
5.0
 20
50.16
  0
LWPOLYLINE
  5
61E
330
17
100
AcDbEntity
  8
Z-RZEDNE
370
18
 48
0.2
420
7029795
100
AcDbPolyline
 90
2
 70
0
 10
9.84
 20
50.0
 10
10.16
 20
50.0
  0
LWPOLYLINE
  5
61F
330
17
100
AcDbEntity
  8
Z-RZEDNE
370
18
 48
0.2
420
7029795
100
AcDbPolyline
 90
2
 70
0
 10
10.0
 20
49.84
 10
10.0
 20
50.16
  0
LWPOLYLINE
  5
620
330
17
100
AcDbEntity
  8
Z-RZEDNE
370
18
 48
0.2
420
7029795
100
AcDbPolyline
 90
2
 70
0
 10
10.0
 20
50.0
 10
7.319999999999999
 20
51.1475
  0
LWPOLYLINE
  5
621
330
17
100
AcDbEntity
  8
Z-RZEDNE
370
18
 48
0.2
420
7029795
100
AcDbPolyline
 90
2
 70
0
 10
14.84
 20
50.0
 10
15.16
 20
50.0
  0
LWPOLYLINE
  5
622
330
17
100
AcDbEntity
  8
Z-RZEDNE
370
18
 48
0.2
420
7029795
100
AcDbPolyline
 90
2
 70
0
 10
15.0
 20
49.84
 10
15.0
 20
50.16
  0
LWPOLYLINE
  5
623
330
17
100
AcDbEntity
  8
Z-RZEDNE
370
18
 48
0.2
420
7029795
100
AcDbPolyline
 90
2
 70
0
 10
15.0
 20
50.0
 10
12.32
 20
52.7
  0
LWPOLYLINE
  5
624
330
17
100
AcDbEntity
  8
Z-RZEDNE
370
18
 48
0.2
420
7029795
100
AcDbPolyline
 90
2
 70
0
 10
29.84
 20
50.0
 10
30.16
 20
50.0
  0
LWPOLYLINE
  5
625
330
17
100
AcDbEntity
  8
Z-RZEDNE
370
18
 48
0.2
420
7029795
100
AcDbPolyline
 90
2
 70
0
 10
30.0
 20
49.84
 10
30.0
 20
50.16
  0
LWPOLYLINE
  5
626
330
17
100
AcDbEntity
  8
Z-RZEDNE
370
18
 48
0.2
420
7029795
100
AcDbPolyline
 90
2
 70
0
 10
31.84
 20
50.0
 10
32.16
 20
50.0
  0
LWPOLYLINE
  5
627
330
17
100
AcDbEntity
  8
Z-RZEDNE
370
18
 48
0.2
420
7029795
100
AcDbPolyline
 90
2
 70
0
 10
32.0
 20
49.84
 10
32.0
 20
50.16
  0
LWPOLYLINE
  5
628
330
17
100
AcDbEntity
  8
Z-RZEDNE
370
18
 48
0.2
420
7029795
100
AcDbPolyline
 90
2
 70
0
 10
15.84
 20
60.0
 10
16.16
 20
60.0
  0
LWPOLYLINE
  5
629
330
17
100
AcDbEntity
  8
Z-RZEDNE
370
18
 48
0.2
420
7029795
100
AcDbPolyline
 90
2
 70
0
 10
16.0
 20
59.84
 10
16.0
 20
60.16
  0
LWPOLYLINE
  5
62A
330
17
100
AcDbEntity
  8
Z-RZEDNE
370
18
 48
0.2
420
7029795
100
AcDbPolyline
 90
2
 70
0
 10
15.84
 20
55.0
 10
16.16
 20
55.0
  0
LWPOLYLINE
  5
62B
330
17
100
AcDbEntity
  8
Z-RZEDNE
370
18
 48
0.2
420
7029795
100
AcDbPolyline
 90
2
 70
0
 10
16.0
 20
54.84
 10
16.0
 20
55.16
  0
HATCH
  5
62C
330
17
100
AcDbEntity
  8
Z-OPISY
 62
7
420
0
100
AcDbHatch
 10
0.0
 20
0.0
 30
0.0
210
0.0
220
0.0
230
1.0
  2
SOLID
 70
1
 71
0
 91
1
 92
3
 72
0
 73
1
 93
24
 10
15.670000000000002
 20
49.25
 10
15.667614807840236
 20
49.26811733315718
 10
15.660621778264913
 20
49.285
 10
15.64949747468306
 20
49.29949747468306
 10
15.635000000000002
 20
49.31062177826491
 10
15.618117333157178
 20
49.317614807840236
 10
15.600000000000001
 20
49.32
 10
15.581882666842825
 20
49.317614807840236
 10
15.565000000000001
 20
49.31062177826491
 10
15.550502525316944
 20
49.29949747468306
 10
15.53937822173509
 20
49.285
 10
15.532385192159767
 20
49.26811733315718
 10
15.530000000000001
 20
49.25
 10
15.532385192159767
 20
49.23188266684282
 10
15.53937822173509
 20
49.215
 10
15.550502525316944
 20
49.20050252531694
 10
15.565000000000001
 20
49.18937822173509
 10
15.581882666842825
 20
49.182385192159764
 10
15.600000000000001
 20
49.18
 10
15.618117333157178
 20
49.182385192159764
 10
15.635000000000002
 20
49.18937822173509
 10
15.64949747468306
 20
49.20050252531694
 10
15.660621778264913
 20
49.215
 10
15.667614807840236
 20
49.23188266684282
 97
0
 75
0
 76
1
 98
0
  0
HATCH
  5
62D
330
17
100
AcDbEntity
  8
Z-OPISY
 62
7
420
0
100
AcDbHatch
 10
0.0
 20
0.0
 30
0.0
210
0.0
220
0.0
230
1.0
  2
SOLID
 70
1
 71
0
 91
1
 92
3
 72
0
 73
1
 93
24
 10
24.470000000000002
 20
31.649999999999995
 10
24.46761480784024
 20
31.66811733315717
 10
24.460621778264912
 20
31.684999999999995
 10
24.44949747468306
 20
31.699497474683053
 10
24.435000000000002
 20
31.710621778264905
 10
24.418117333157177
 20
31.71761480784023
 10
24.400000000000002
 20
31.719999999999995
 10
24.381882666842827
 20
31.71761480784023
 10
24.365000000000002
 20
31.710621778264905
 10
24.350502525316944
 20
31.699497474683053
 10
24.339378221735092
 20
31.684999999999995
 10
24.332385192159766
 20
31.66811733315717
 10
24.330000000000002
 20
31.649999999999995
 10
24.332385192159766
 20
31.63188266684282
 10
24.339378221735092
 20
31.614999999999995
 10
24.350502525316944
 20
31.600502525316937
 10
24.365000000000002
 20
31.589378221735085
 10
24.381882666842827
 20
31.58238519215976
 10
24.400000000000002
 20
31.579999999999995
 10
24.418117333157177
 20
31.58238519215976
 10
24.435000000000002
 20
31.589378221735085
 10
24.44949747468306
 20
31.600502525316937
 10
24.460621778264912
 20
31.614999999999995
 10
24.46761480784024
 20
31.63188266684282
 97
0
 75
0
 76
1
 98
0
  0
HATCH
  5
62E
330
17
100
AcDbEntity
  8
Z-OPISY
 62
7
420
0
100
AcDbHatch
 10
0.0
 20
0.0
 30
0.0
210
0.0
220
0.0
230
1.0
  2
SOLID
 70
1
 71
0
 91
1
 92
3
 72
0
 73
1
 93
24
 10
11.67
 20
25.7
 10
11.667614807840234
 20
25.718117333157174
 10
11.660621778264911
 20
25.735
 10
11.649497474683058
 20
25.749497474683057
 10
11.635
 20
25.76062177826491
 10
11.618117333157176
 20
25.767614807840236
 10
11.6
 20
25.77
 10
11.581882666842823
 20
25.767614807840236
 10
11.565
 20
25.76062177826491
 10
11.550502525316942
 20
25.749497474683057
 10
11.539378221735088
 20
25.735
 10
11.532385192159765
 20
25.718117333157174
 10
11.53
 20
25.7
 10
11.532385192159765
 20
25.681882666842824
 10
11.539378221735088
 20
25.665
 10
11.550502525316942
 20
25.65050252531694
 10
11.565
 20
25.63937822173509
 10
11.581882666842823
 20
25.632385192159763
 10
11.6
 20
25.63
 10
11.618117333157176
 20
25.632385192159763
 10
11.635
 20
25.63937822173509
 10
11.649497474683058
 20
25.65050252531694
 10
11.660621778264911
 20
25.665
 10
11.667614807840234
 20
25.681882666842824
 97
0
 75
0
 76
1
 98
0
  0
CIRCLE
  5
62F
330
17
100
AcDbEntity
  8
Z-TYCZENIE
370
25
 48
0.2
100
AcDbCircle
 10
7.3
 20
41.75
 30
0.0
 40
0.2
  0
LWPOLYLINE
  5
630
330
17
100
AcDbEntity
  8
Z-TYCZENIE
370
18
 48
0.2
100
AcDbPolyline
 90
2
 70
0
 10
6.9799999999999995
 20
41.75
 10
7.62
 20
41.75
  0
LWPOLYLINE
  5
631
330
17
100
AcDbEntity
  8
Z-TYCZENIE
370
18
 48
0.2
100
AcDbPolyline
 90
2
 70
0
 10
7.3
 20
41.43
 10
7.3
 20
42.07
  0
CIRCLE
  5
632
330
17
100
AcDbEntity
  8
Z-TYCZENIE
370
25
 48
0.2
100
AcDbCircle
 10
19.299999999999997
 20
41.75
 30
0.0
 40
0.2
  0
LWPOLYLINE
  5
633
330
17
100
AcDbEntity
  8
Z-TYCZENIE
370
18
 48
0.2
100
AcDbPolyline
 90
2
 70
0
 10
18.979999999999997
 20
41.75
 10
19.619999999999997
 20
41.75
  0
LWPOLYLINE
  5
634
330
17
100
AcDbEntity
  8
Z-TYCZENIE
370
18
 48
0.2
100
AcDbPolyline
 90
2
 70
0
 10
19.299999999999997
 20
41.43
 10
19.299999999999997
 20
42.07
  0
CIRCLE
  5
635
330
17
100
AcDbEntity
  8
Z-TYCZENIE
370
25
 48
0.2
100
AcDbCircle
 10
19.299999999999997
 20
42.375
 30
0.0
 40
0.2
  0
LWPOLYLINE
  5
636
330
17
100
AcDbEntity
  8
Z-TYCZENIE
370
18
 48
0.2
100
AcDbPolyline
 90
2
 70
0
 10
18.979999999999997
 20
42.375
 10
19.619999999999997
 20
42.375
  0
LWPOLYLINE
  5
637
330
17
100
AcDbEntity
  8
Z-TYCZENIE
370
18
 48
0.2
100
AcDbPolyline
 90
2
 70
0
 10
19.299999999999997
 20
42.055
 10
19.299999999999997
 20
42.695
  0
CIRCLE
  5
638
330
17
100
AcDbEntity
  8
Z-TYCZENIE
370
25
 48
0.2
100
AcDbCircle
 10
26.275
 20
42.375
 30
0.0
 40
0.2
  0
LWPOLYLINE
  5
639
330
17
100
AcDbEntity
  8
Z-TYCZENIE
370
18
 48
0.2
100
AcDbPolyline
 90
2
 70
0
 10
25.955
 20
42.375
 10
26.595
 20
42.375
  0
LWPOLYLINE
  5
63A
330
17
100
AcDbEntity
  8
Z-TYCZENIE
370
18
 48
0.2
100
AcDbPolyline
 90
2
 70
0
 10
26.275
 20
42.055
 10
26.275
 20
42.695
  0
CIRCLE
  5
63B
330
17
100
AcDbEntity
  8
Z-TYCZENIE
370
25
 48
0.2
100
AcDbCircle
 10
26.275
 20
32.400000000000006
 30
0.0
 40
0.2
  0
LWPOLYLINE
  5
63C
330
17
100
AcDbEntity
  8
Z-TYCZENIE
370
18
 48
0.2
100
AcDbPolyline
 90
2
 70
0
 10
25.955
 20
32.400000000000006
 10
26.595
 20
32.400000000000006
  0
LWPOLYLINE
  5
63D
330
17
100
AcDbEntity
  8
Z-TYCZENIE
370
18
 48
0.2
100
AcDbPolyline
 90
2
 70
0
 10
26.275
 20
32.080000000000005
 10
26.275
 20
32.720000000000006
  0
CIRCLE
  5
63E
330
17
100
AcDbEntity
  8
Z-TYCZENIE
370
25
 48
0.2
100
AcDbCircle
 10
7.3
 20
32.400000000000006
 30
0.0
 40
0.2
  0
LWPOLYLINE
  5
63F
330
17
100
AcDbEntity
  8
Z-TYCZENIE
370
18
 48
0.2
100
AcDbPolyline
 90
2
 70
0
 10
6.9799999999999995
 20
32.400000000000006
 10
7.62
 20
32.400000000000006
  0
LWPOLYLINE
  5
640
330
17
100
AcDbEntity
  8
Z-TYCZENIE
370
18
 48
0.2
100
AcDbPolyline
 90
2
 70
0
 10
7.3
 20
32.080000000000005
 10
7.3
 20
32.720000000000006
  0
LWPOLYLINE
  5
641
330
17
100
AcDbEntity
  8
Z-TYCZENIE
370
18
 48
0.2
100
AcDbPolyline
 90
2
 70
0
 10
19.299999999999997
 20
42.375
 10
18.22
 20
41.275
  0
LWPOLYLINE
  5
642
330
17
100
AcDbEntity
  8
Z-TYCZENIE
370
18
 48
0.2
100
AcDbPolyline
 90
2
 70
0
 10
26.275
 20
32.400000000000006
 10
26.955
 20
33.1
  0
LWPOLYLINE
  5
643
330
17
100
AcDbEntity
  8
Z-OPISY
370
18
 48
0.2
100
AcDbPolyline
 90
2
 70
0
 10
5.8
 20
35.112500000000004
 10
4.423900749488985
 20
31.412500000000005
  0
LWPOLYLINE
  5
644
330
17
100
AcDbEntity
  8
Z-OPISY
370
18
 48
0.2
100
AcDbPolyline
 90
2
 70
0
 10
23.0875
 20
46.1875
 10
25.7675
 20
47.335
  0
LWPOLYLINE
  5
645
330
17
100
AcDbEntity
  8
Z-OPISY
370
18
 48
0.2
100
AcDbPolyline
 90
2
 70
0
 10
18.200000000000003
 20
46.525
 10
13.320000000000002
 20
48.772499999999994
  0
LWPOLYLINE
  5
646
330
17
100
AcDbEntity
  8
Z-OPISY
370
18
 48
0.2
100
AcDbPolyline
 90
2
 70
0
 10
21.75
 20
47.10000000000001
 10
24.43
 20
48.24750000000001
  0
LWPOLYLINE
  5
647
330
17
100
AcDbEntity
  8
Z-OPISY
370
18
 48
0.2
100
AcDbPolyline
 90
2
 70
0
 10
15.600000000000001
 20
49.25
 10
11.92
 20
45.550000000000004
  0
LWPOLYLINE
  5
648
330
17
100
AcDbEntity
  8
Z-OPISY
370
18
 48
0.2
100
AcDbPolyline
 90
2
 70
0
 10
24.400000000000002
 20
31.649999999999995
 10
25.021778332954806
 20
28.549999999999997
  0
LWPOLYLINE
  5
649
330
17
100
AcDbEntity
  8
Z-OPISY
370
18
 48
0.2
100
AcDbPolyline
 90
2
 70
0
 10
23.549999999999997
 20
32.25
 10
24.229999999999993
 20
31.55
  0
LWPOLYLINE
  5
64A
330
17
100
AcDbEntity
  8
Z-OPISY
370
18
 48
0.2
100
AcDbPolyline
 90
2
 70
0
 10
11.6
 20
25.7
 10
11.6
 20
23.0
  0
LWPOLYLINE
  5
64B
330
17
100
AcDbEntity
  8
Z-OPISY
370
18
 48
0.2
100
AcDbPolyline
 90
2
 70
0
 10
11.599999999999998
 20
17.699999999999996
 10
16.479999999999997
 20
12.799999999999995
  0
LWPOLYLINE
  5
64C
330
17
100
AcDbEntity
  8
Z-OPISY
370
18
 48
0.2
100
AcDbPolyline
 90
2
 70
0
 10
3.1
 20
5.7
 10
7.980000000000001
 20
3.4525000000000006
  0
LWPOLYLINE
  5
64D
330
17
100
AcDbEntity
  8
Z-OPISY
370
18
 48
0.2
100
AcDbPolyline
 90
2
 70
0
 10
29.1
 20
47.5
 10
29.1
 20
44.6
  0
LWPOLYLINE
  5
64E
330
17
100
AcDbEntity
  8
Z-OPISY
370
18
 48
0.2
100
AcDbPolyline
 90
2
 70
0
 10
19.4
 20
49.8
 10
16.72
 20
48.652499999999996
  0
LWPOLYLINE
  5
64F
330
17
100
AcDbEntity
  8
Z-OPISY
370
18
 48
0.2
100
AcDbPolyline
 90
2
 70
0
 10
13.0
 20
43.8
 10
8.12
 20
48.699999999999996
  0
LWPOLYLINE
  5
650
330
17
100
AcDbEntity
  8
Z-OPISY
370
18
 48
0.2
100
AcDbPolyline
 90
2
 70
0
 10
27.4
 20
44.675
 10
28.879999999999995
 20
46.175
  0
LWPOLYLINE
  5
651
330
17
100
AcDbEntity
  8
Z-OPISY
370
18
 48
0.2
100
AcDbPolyline
 90
2
 70
0
 10
24.4
 20
29.8
 10
24.4
 20
26.1
  0
LWPOLYLINE
  5
652
330
17
100
AcDbEntity
  8
Z-OPISY
370
25
 48
0.2
100
AcDbPolyline
 90
2
 70
0
 10
36.6
 20
58.595
 10
50.92245287304111
 20
58.595
  0
LWPOLYLINE
  5
653
330
17
100
AcDbEntity
  8
Z-OPISY
370
13
 48
0.2
100
AcDbPolyline
 90
2
 70
0
 10
36.6
 20
57.714999999999996
 10
50.92245287304111
 20
57.714999999999996
  0
LWPOLYLINE
  5
654
330
17
100
AcDbEntity
  8
Z-OPISY
370
13
 48
0.2
100
AcDbPolyline
 90
2
 70
0
 10
36.6
 20
56.834999999999994
 10
50.92245287304111
 20
56.834999999999994
  0
LWPOLYLINE
  5
655
330
17
100
AcDbEntity
  8
Z-OPISY
370
13
 48
0.2
100
AcDbPolyline
 90
2
 70
0
 10
36.6
 20
55.95499999999999
 10
50.92245287304111
 20
55.95499999999999
  0
LWPOLYLINE
  5
656
330
17
100
AcDbEntity
  8
Z-OPISY
370
13
 48
0.2
100
AcDbPolyline
 90
2
 70
0
 10
36.6
 20
55.07499999999999
 10
50.92245287304111
 20
55.07499999999999
  0
LWPOLYLINE
  5
657
330
17
100
AcDbEntity
  8
Z-OPISY
370
13
 48
0.2
100
AcDbPolyline
 90
2
 70
0
 10
36.6
 20
54.194999999999986
 10
50.92245287304111
 20
54.194999999999986
  0
LWPOLYLINE
  5
658
330
17
100
AcDbEntity
  8
Z-OPISY
370
13
 48
0.2
100
AcDbPolyline
 90
2
 70
0
 10
36.6
 20
53.31499999999998
 10
50.92245287304111
 20
53.31499999999998
  0
LWPOLYLINE
  5
659
330
17
100
AcDbEntity
  8
Z-OPISY
370
13
 48
0.2
100
AcDbPolyline
 90
2
 70
0
 10
36.6
 20
52.43499999999998
 10
50.92245287304111
 20
52.43499999999998
  0
LWPOLYLINE
  5
65A
330
17
100
AcDbEntity
  8
Z-OPISY
370
13
 48
0.2
100
AcDbPolyline
 90
2
 70
0
 10
36.6
 20
51.55499999999998
 10
50.92245287304111
 20
51.55499999999998
  0
LWPOLYLINE
  5
65B
330
17
100
AcDbEntity
  8
Z-OPISY
370
13
 48
0.2
100
AcDbPolyline
 90
2
 70
0
 10
36.6
 20
50.674999999999976
 10
50.92245287304111
 20
50.674999999999976
  0
LWPOLYLINE
  5
65C
330
17
100
AcDbEntity
  8
Z-OPISY
370
13
 48
0.2
100
AcDbPolyline
 90
2
 70
0
 10
36.6
 20
49.79499999999997
 10
50.92245287304111
 20
49.79499999999997
  0
LWPOLYLINE
  5
65D
330
17
100
AcDbEntity
  8
Z-OPISY
370
13
 48
0.2
100
AcDbPolyline
 90
2
 70
0
 10
38.21093345446287
 20
49.79499999999997
 10
38.21093345446287
 20
59.72
  0
LWPOLYLINE
  5
65E
330
17
100
AcDbEntity
  8
Z-OPISY
370
13
 48
0.2
100
AcDbPolyline
 90
2
 70
0
 10
40.50946627299569
 20
49.79499999999997
 10
40.50946627299569
 20
59.72
  0
LWPOLYLINE
  5
65F
330
17
100
AcDbEntity
  8
Z-OPISY
370
13
 48
0.2
100
AcDbPolyline
 90
2
 70
0
 10
42.80799909152851
 20
49.79499999999997
 10
42.80799909152851
 20
59.72
  0
LWPOLYLINE
  5
660
330
17
100
AcDbEntity
  8
Z-OPISY
370
35
 48
0.2
100
AcDbPolyline
 90
4
 70
1
 10
36.6
 20
49.79499999999997
 10
50.92245287304111
 20
49.79499999999997
 10
50.92245287304111
 20
59.72
 10
36.6
 20
59.72
  0
LWPOLYLINE
  5
661
330
17
100
AcDbEntity
  8
Z-OPISY
370
25
 48
0.2
100
AcDbPolyline
 90
2
 70
0
 10
36.6
 20
43.08999999999996
 10
51.371605723370436
 20
43.08999999999996
  0
LWPOLYLINE
  5
662
330
17
100
AcDbEntity
  8
Z-OPISY
370
13
 48
0.2
100
AcDbPolyline
 90
2
 70
0
 10
36.6
 20
42.20999999999996
 10
51.371605723370436
 20
42.20999999999996
  0
LWPOLYLINE
  5
663
330
17
100
AcDbEntity
  8
Z-OPISY
370
13
 48
0.2
100
AcDbPolyline
 90
2
 70
0
 10
36.6
 20
41.329999999999956
 10
51.371605723370436
 20
41.329999999999956
  0
LWPOLYLINE
  5
664
330
17
100
AcDbEntity
  8
Z-OPISY
370
13
 48
0.2
100
AcDbPolyline
 90
2
 70
0
 10
36.6
 20
40.44999999999995
 10
51.371605723370436
 20
40.44999999999995
  0
LWPOLYLINE
  5
665
330
17
100
AcDbEntity
  8
Z-OPISY
370
13
 48
0.2
100
AcDbPolyline
 90
2
 70
0
 10
36.6
 20
39.56999999999995
 10
51.371605723370436
 20
39.56999999999995
  0
LWPOLYLINE
  5
666
330
17
100
AcDbEntity
  8
Z-OPISY
370
13
 48
0.2
100
AcDbPolyline
 90
2
 70
0
 10
36.6
 20
38.68999999999995
 10
51.371605723370436
 20
38.68999999999995
  0
LWPOLYLINE
  5
667
330
17
100
AcDbEntity
  8
Z-OPISY
370
13
 48
0.2
100
AcDbPolyline
 90
2
 70
0
 10
36.6
 20
37.809999999999945
 10
51.371605723370436
 20
37.809999999999945
  0
LWPOLYLINE
  5
668
330
17
100
AcDbEntity
  8
Z-OPISY
370
13
 48
0.2
100
AcDbPolyline
 90
2
 70
0
 10
36.6
 20
36.92999999999994
 10
51.371605723370436
 20
36.92999999999994
  0
LWPOLYLINE
  5
669
330
17
100
AcDbEntity
  8
Z-OPISY
370
13
 48
0.2
100
AcDbPolyline
 90
2
 70
0
 10
36.6
 20
36.04999999999994
 10
51.371605723370436
 20
36.04999999999994
  0
LWPOLYLINE
  5
66A
330
17
100
AcDbEntity
  8
Z-OPISY
370
13
 48
0.2
100
AcDbPolyline
 90
2
 70
0
 10
36.6
 20
35.16999999999994
 10
51.371605723370436
 20
35.16999999999994
  0
LWPOLYLINE
  5
66B
330
17
100
AcDbEntity
  8
Z-OPISY
370
13
 48
0.2
100
AcDbPolyline
 90
2
 70
0
 10
48.307231433113785
 20
35.16999999999994
 10
48.307231433113785
 20
44.21499999999996
  0
LWPOLYLINE
  5
66C
330
17
100
AcDbEntity
  8
Z-OPISY
370
35
 48
0.2
100
AcDbPolyline
 90
4
 70
1
 10
36.6
 20
35.16999999999994
 10
51.371605723370436
 20
35.16999999999994
 10
51.371605723370436
 20
44.21499999999996
 10
36.6
 20
44.21499999999996
  0
LWPOLYLINE
  5
66D
330
17
100
AcDbEntity
  8
Z-OPISY
370
25
 48
0.2
100
AcDbPolyline
 90
2
 70
0
 10
36.6
 20
29.18999999999993
 10
59.45900522371111
 20
29.18999999999993
  0
LWPOLYLINE
  5
66E
330
17
100
AcDbEntity
  8
Z-OPISY
370
13
 48
0.2
100
AcDbPolyline
 90
2
 70
0
 10
36.6
 20
28.30999999999993
 10
59.45900522371111
 20
28.30999999999993
  0
LWPOLYLINE
  5
66F
330
17
100
AcDbEntity
  8
Z-OPISY
370
13
 48
0.2
100
AcDbPolyline
 90
2
 70
0
 10
36.6
 20
27.429999999999932
 10
59.45900522371111
 20
27.429999999999932
  0
LWPOLYLINE
  5
670
330
17
100
AcDbEntity
  8
Z-OPISY
370
13
 48
0.2
100
AcDbPolyline
 90
2
 70
0
 10
36.6
 20
26.549999999999933
 10
59.45900522371111
 20
26.549999999999933
  0
LWPOLYLINE
  5
671
330
17
100
AcDbEntity
  8
Z-OPISY
370
13
 48
0.2
100
AcDbPolyline
 90
2
 70
0
 10
36.6
 20
25.669999999999934
 10
59.45900522371111
 20
25.669999999999934
  0
LWPOLYLINE
  5
672
330
17
100
AcDbEntity
  8
Z-OPISY
370
13
 48
0.2
100
AcDbPolyline
 90
2
 70
0
 10
36.6
 20
24.789999999999935
 10
59.45900522371111
 20
24.789999999999935
  0
LWPOLYLINE
  5
673
330
17
100
AcDbEntity
  8
Z-OPISY
370
13
 48
0.2
100
AcDbPolyline
 90
2
 70
0
 10
36.6
 20
23.909999999999936
 10
59.45900522371111
 20
23.909999999999936
  0
LWPOLYLINE
  5
674
330
17
100
AcDbEntity
  8
Z-OPISY
370
13
 48
0.2
100
AcDbPolyline
 90
2
 70
0
 10
36.6
 20
23.029999999999937
 10
59.45900522371111
 20
23.029999999999937
  0
LWPOLYLINE
  5
675
330
17
100
AcDbEntity
  8
Z-OPISY
370
13
 48
0.2
100
AcDbPolyline
 90
2
 70
0
 10
36.6
 20
22.149999999999938
 10
59.45900522371111
 20
22.149999999999938
  0
LWPOLYLINE
  5
676
330
17
100
AcDbEntity
  8
Z-OPISY
370
13
 48
0.2
100
AcDbPolyline
 90
2
 70
0
 10
36.6
 20
21.26999999999994
 10
59.45900522371111
 20
21.26999999999994
  0
LWPOLYLINE
  5
677
330
17
100
AcDbEntity
  8
Z-OPISY
370
13
 48
0.2
100
AcDbPolyline
 90
2
 70
0
 10
36.6
 20
20.38999999999994
 10
59.45900522371111
 20
20.38999999999994
  0
LWPOLYLINE
  5
678
330
17
100
AcDbEntity
  8
Z-OPISY
370
13
 48
0.2
100
AcDbPolyline
 90
2
 70
0
 10
36.6
 20
19.50999999999994
 10
59.45900522371111
 20
19.50999999999994
  0
LWPOLYLINE
  5
679
330
17
100
AcDbEntity
  8
Z-OPISY
370
13
 48
0.2
100
AcDbPolyline
 90
2
 70
0
 10
36.6
 20
18.629999999999942
 10
59.45900522371111
 20
18.629999999999942
  0
LWPOLYLINE
  5
67A
330
17
100
AcDbEntity
  8
Z-OPISY
370
13
 48
0.2
100
AcDbPolyline
 90
2
 70
0
 10
36.6
 20
17.749999999999943
 10
59.45900522371111
 20
17.749999999999943
  0
LWPOLYLINE
  5
67B
330
17
100
AcDbEntity
  8
Z-OPISY
370
13
 48
0.2
100
AcDbPolyline
 90
2
 70
0
 10
39.38161253690666
 20
17.749999999999943
 10
39.38161253690666
 20
30.31499999999993
  0
LWPOLYLINE
  5
67C
330
17
100
AcDbEntity
  8
Z-OPISY
370
13
 48
0.2
100
AcDbPolyline
 90
2
 70
0
 10
43.86047694753577
 20
17.749999999999943
 10
43.86047694753577
 20
30.31499999999993
  0
LWPOLYLINE
  5
67D
330
17
100
AcDbEntity
  8
Z-OPISY
370
13
 48
0.2
100
AcDbPolyline
 90
2
 70
0
 10
48.481290029525326
 20
17.749999999999943
 10
48.481290029525326
 20
30.31499999999993
  0
LWPOLYLINE
  5
67E
330
17
100
AcDbEntity
  8
Z-OPISY
370
13
 48
0.2
100
AcDbPolyline
 90
2
 70
0
 10
51.5463456734045
 20
17.749999999999943
 10
51.5463456734045
 20
30.31499999999993
  0
LWPOLYLINE
  5
67F
330
17
100
AcDbEntity
  8
Z-OPISY
370
35
 48
0.2
100
AcDbPolyline
 90
4
 70
1
 10
36.6
 20
17.749999999999943
 10
59.45900522371111
 20
17.749999999999943
 10
59.45900522371111
 20
30.31499999999993
 10
36.6
 20
30.31499999999993
  0
LWPOLYLINE
  5
680
330
17
100
AcDbEntity
  8
Z-OPISY
370
25
 48
0.2
100
AcDbPolyline
 90
2
 70
0
 10
36.6
 20
11.769999999999941
 10
56.091315012491485
 20
11.769999999999941
  0
LWPOLYLINE
  5
681
330
17
100
AcDbEntity
  8
Z-OPISY
370
13
 48
0.2
100
AcDbPolyline
 90
2
 70
0
 10
36.6
 20
10.88999999999994
 10
56.091315012491485
 20
10.88999999999994
  0
LWPOLYLINE
  5
682
330
17
100
AcDbEntity
  8
Z-OPISY
370
13
 48
0.2
100
AcDbPolyline
 90
2
 70
0
 10
36.6
 20
10.00999999999994
 10
56.091315012491485
 20
10.00999999999994
  0
LWPOLYLINE
  5
683
330
17
100
AcDbEntity
  8
Z-OPISY
370
13
 48
0.2
100
AcDbPolyline
 90
2
 70
0
 10
36.6
 20
9.129999999999939
 10
56.091315012491485
 20
9.129999999999939
  0
LWPOLYLINE
  5
684
330
17
100
AcDbEntity
  8
Z-OPISY
370
13
 48
0.2
100
AcDbPolyline
 90
2
 70
0
 10
36.6
 20
8.249999999999938
 10
56.091315012491485
 20
8.249999999999938
  0
LWPOLYLINE
  5
685
330
17
100
AcDbEntity
  8
Z-OPISY
370
13
 48
0.2
100
AcDbPolyline
 90
2
 70
0
 10
36.6
 20
7.369999999999938
 10
56.091315012491485
 20
7.369999999999938
  0
LWPOLYLINE
  5
686
330
17
100
AcDbEntity
  8
Z-OPISY
370
13
 48
0.2
100
AcDbPolyline
 90
2
 70
0
 10
36.6
 20
6.489999999999938
 10
56.091315012491485
 20
6.489999999999938
  0
LWPOLYLINE
  5
687
330
17
100
AcDbEntity
  8
Z-OPISY
370
13
 48
0.2
100
AcDbPolyline
 90
2
 70
0
 10
36.6
 20
5.609999999999938
 10
56.091315012491485
 20
5.609999999999938
  0
LWPOLYLINE
  5
688
330
17
100
AcDbEntity
  8
Z-OPISY
370
13
 48
0.2
100
AcDbPolyline
 90
2
 70
0
 10
36.6
 20
4.729999999999938
 10
56.091315012491485
 20
4.729999999999938
  0
LWPOLYLINE
  5
689
330
17
100
AcDbEntity
  8
Z-OPISY
370
13
 48
0.2
100
AcDbPolyline
 90
2
 70
0
 10
36.6
 20
3.8499999999999384
 10
56.091315012491485
 20
3.8499999999999384
  0
LWPOLYLINE
  5
68A
330
17
100
AcDbEntity
  8
Z-OPISY
370
13
 48
0.2
100
AcDbPolyline
 90
2
 70
0
 10
38.65449466272996
 20
3.8499999999999384
 10
38.65449466272996
 20
12.894999999999941
  0
LWPOLYLINE
  5
68B
330
17
100
AcDbEntity
  8
Z-OPISY
370
13
 48
0.2
100
AcDbPolyline
 90
2
 70
0
 10
49.03161026572791
 20
3.8499999999999384
 10
49.03161026572791
 20
12.894999999999941
  0
LWPOLYLINE
  5
68C
330
17
100
AcDbEntity
  8
Z-OPISY
370
13
 48
0.2
100
AcDbPolyline
 90
2
 70
0
 10
52.37942766295708
 20
3.8499999999999384
 10
52.37942766295708
 20
12.894999999999941
  0
LWPOLYLINE
  5
68D
330
17
100
AcDbEntity
  8
Z-OPISY
370
35
 48
0.2
100
AcDbPolyline
 90
4
 70
1
 10
36.6
 20
3.8499999999999384
 10
56.091315012491485
 20
3.8499999999999384
 10
56.091315012491485
 20
12.894999999999941
 10
36.6
 20
12.894999999999941
  0
LWPOLYLINE
  5
68E
330
17
100
AcDbEntity
  8
Z-OPISY
370
25
 48
0.2
100
AcDbPolyline
 90
2
 70
0
 10
36.6
 20
-2.130000000000062
 10
58.86543265955031
 20
-2.130000000000062
  0
LWPOLYLINE
  5
68F
330
17
100
AcDbEntity
  8
Z-OPISY
370
13
 48
0.2
100
AcDbPolyline
 90
2
 70
0
 10
36.6
 20
-3.010000000000062
 10
58.86543265955031
 20
-3.010000000000062
  0
LWPOLYLINE
  5
690
330
17
100
AcDbEntity
  8
Z-OPISY
370
13
 48
0.2
100
AcDbPolyline
 90
2
 70
0
 10
36.6
 20
-3.890000000000062
 10
58.86543265955031
 20
-3.890000000000062
  0
LWPOLYLINE
  5
691
330
17
100
AcDbEntity
  8
Z-OPISY
370
13
 48
0.2
100
AcDbPolyline
 90
2
 70
0
 10
36.6
 20
-4.770000000000062
 10
58.86543265955031
 20
-4.770000000000062
  0
LWPOLYLINE
  5
692
330
17
100
AcDbEntity
  8
Z-OPISY
370
13
 48
0.2
100
AcDbPolyline
 90
2
 70
0
 10
36.6
 20
-5.650000000000062
 10
58.86543265955031
 20
-5.650000000000062
  0
LWPOLYLINE
  5
693
330
17
100
AcDbEntity
  8
Z-OPISY
370
13
 48
0.2
100
AcDbPolyline
 90
2
 70
0
 10
36.6
 20
-6.5300000000000615
 10
58.86543265955031
 20
-6.5300000000000615
  0
LWPOLYLINE
  5
694
330
17
100
AcDbEntity
  8
Z-OPISY
370
13
 48
0.2
100
AcDbPolyline
 90
2
 70
0
 10
36.6
 20
-7.410000000000061
 10
58.86543265955031
 20
-7.410000000000061
  0
LWPOLYLINE
  5
695
330
17
100
AcDbEntity
  8
Z-OPISY
370
13
 48
0.2
100
AcDbPolyline
 90
2
 70
0
 10
36.6
 20
-8.290000000000061
 10
58.86543265955031
 20
-8.290000000000061
  0
LWPOLYLINE
  5
696
330
17
100
AcDbEntity
  8
Z-OPISY
370
13
 48
0.2
100
AcDbPolyline
 90
2
 70
0
 10
40.836756756756756
 20
-8.290000000000061
 10
40.836756756756756
 20
-0.2800000000000622
  0
LWPOLYLINE
  5
697
330
17
100
AcDbEntity
  8
Z-OPISY
370
13
 48
0.2
100
AcDbPolyline
 90
2
 70
0
 10
49.65050647285942
 20
-8.290000000000061
 10
49.65050647285942
 20
-0.2800000000000622
  0
LWPOLYLINE
  5
698
330
17
100
AcDbEntity
  8
Z-OPISY
370
13
 48
0.2
100
AcDbPolyline
 90
2
 70
0
 10
51.94903929139224
 20
-8.290000000000061
 10
51.94903929139224
 20
-0.2800000000000622
  0
LWPOLYLINE
  5
699
330
17
100
AcDbEntity
  8
Z-OPISY
370
13
 48
0.2
100
AcDbPolyline
 90
2
 70
0
 10
54.91370883488531
 20
-8.290000000000061
 10
54.91370883488531
 20
-0.2800000000000622
  0
LWPOLYLINE
  5
69A
330
17
100
AcDbEntity
  8
Z-OPISY
370
35
 48
0.2
100
AcDbPolyline
 90
4
 70
1
 10
36.6
 20
-8.290000000000061
 10
58.86543265955031
 20
-8.290000000000061
 10
58.86543265955031
 20
-0.2800000000000622
 10
36.6
 20
-0.2800000000000622
  0
HATCH
  5
69B
330
17
100
AcDbEntity
  8
Z-DZIALKA
 62
7
420
16777215
100
AcDbHatch
 10
0.0
 20
0.0
 30
0.0
210
0.0
220
0.0
230
1.0
  2
SOLID
 70
1
 71
0
 91
1
 92
3
 72
0
 73
1
 93
24
 10
0.007194895004371371
 20
-0.7075079765556697
 10
-0.008479224902657179
 20
-0.5884512158085101
 10
-0.05443341925478684
 20
-0.4775079765556697
 10
-0.12753598564981672
 20
-0.38223885720985784
 10
-0.22280510499562856
 20
-0.30913629081482796
 10
-0.33374834424846894
 20
-0.2631820964626983
 10
-0.45280510499562854
 20
-0.2475079765556697
 10
-0.5718618657427881
 20
-0.26318209646269825
 10
-0.6828051049956285
 20
-0.3091362908148279
 10
-0.7780742243414405
 20
-0.3822388572098578
 10
-0.8511767907364702
 20
-0.4775079765556695
 10
-0.8971309850886
 20
-0.58845121580851
 10
-0.9128051049956285
 20
-0.7075079765556695
 10
-0.8971309850886
 20
-0.826564737302829
 10
-0.8511767907364705
 20
-0.9375079765556695
 10
-0.7780742243414406
 20
-1.0327770959014813
 10
-0.6828051049956287
 20
-1.1058796622965112
 10
-0.5718618657427885
 20
-1.151833856648641
 10
-0.4528051049956287
 20
-1.1675079765556697
 10
-0.3337483442484693
 20
-1.151833856648641
 10
-0.22280510499562892
 20
-1.1058796622965117
 10
-0.12753598564981683
 20
-1.0327770959014817
 10
-0.05443341925478695
 20
-0.9375079765556699
 10
-0.00847922490265729
 20
-0.8265647373028295
 97
0
 75
0
 76
1
 98
0
  0
HATCH
  5
69C
330
17
100
AcDbEntity
  8
Z-DZIALKA
 62
7
420
16777215
100
AcDbHatch
 10
0.0
 20
0.0
 30
0.0
210
0.0
220
0.0
230
1.0
  2
SOLID
 70
1
 71
0
 91
1
 92
3
 72
0
 73
1
 93
24
 10
32.91280510499563
 20
-0.7075079765556697
 10
32.897130985088594
 20
-0.5884512158085101
 10
32.85117679073647
 20
-0.4775079765556697
 10
32.77807422434144
 20
-0.38223885720985784
 10
32.68280510499562
 20
-0.30913629081482796
 10
32.57186186574278
 20
-0.2631820964626983
 10
32.452805104995626
 20
-0.2475079765556697
 10
32.33374834424847
 20
-0.26318209646269825
 10
32.22280510499563
 20
-0.3091362908148279
 10
32.127535985649814
 20
-0.3822388572098578
 10
32.054433419254785
 20
-0.4775079765556695
 10
32.00847922490266
 20
-0.58845121580851
 10
31.992805104995625
 20
-0.7075079765556695
 10
32.00847922490266
 20
-0.826564737302829
 10
32.054433419254785
 20
-0.9375079765556695
 10
32.127535985649814
 20
-1.0327770959014813
 10
32.22280510499563
 20
-1.1058796622965112
 10
32.33374834424847
 20
-1.151833856648641
 10
32.452805104995626
 20
-1.1675079765556697
 10
32.57186186574278
 20
-1.151833856648641
 10
32.68280510499562
 20
-1.1058796622965117
 10
32.77807422434144
 20
-1.0327770959014817
 10
32.85117679073647
 20
-0.9375079765556699
 10
32.897130985088594
 20
-0.8265647373028295
 97
0
 75
0
 76
1
 98
0
  0
HATCH
  5
69D
330
17
100
AcDbEntity
  8
Z-DZIALKA
 62
7
420
16777215
100
AcDbHatch
 10
0.0
 20
0.0
 30
0.0
210
0.0
220
0.0
230
1.0
  2
SOLID
 70
1
 71
0
 91
1
 92
3
 72
0
 73
1
 93
24
 10
32.91280510499563
 20
50.70750797655567
 10
32.897130985088594
 20
50.826564737302824
 10
32.85117679073647
 20
50.937507976555665
 10
32.77807422434144
 20
51.03277709590148
 10
32.68280510499562
 20
51.10587966229651
 10
32.57186186574278
 20
51.151833856648636
 10
32.452805104995626
 20
51.16750797655567
 10
32.33374834424847
 20
51.151833856648636
 10
32.22280510499563
 20
51.10587966229651
 10
32.127535985649814
 20
51.03277709590148
 10
32.054433419254785
 20
50.937507976555665
 10
32.00847922490266
 20
50.826564737302824
 10
31.992805104995625
 20
50.70750797655567
 10
32.00847922490266
 20
50.58845121580851
 10
32.054433419254785
 20
50.47750797655567
 10
32.127535985649814
 20
50.382238857209856
 10
32.22280510499563
 20
50.30913629081483
 10
32.33374834424847
 20
50.2631820964627
 10
32.452805104995626
 20
50.24750797655567
 10
32.57186186574278
 20
50.2631820964627
 10
32.68280510499562
 20
50.30913629081483
 10
32.77807422434144
 20
50.382238857209856
 10
32.85117679073647
 20
50.47750797655567
 10
32.897130985088594
 20
50.58845121580851
 97
0
 75
0
 76
1
 98
0
  0
HATCH
  5
69E
330
17
100
AcDbEntity
  8
Z-DZIALKA
 62
7
420
16777215
100
AcDbHatch
 10
0.0
 20
0.0
 30
0.0
210
0.0
220
0.0
230
1.0
  2
SOLID
 70
1
 71
0
 91
1
 92
3
 72
0
 73
1
 93
24
 10
0.007194895004371371
 20
50.70750797655567
 10
-0.008479224902657179
 20
50.826564737302824
 10
-0.05443341925478684
 20
50.937507976555665
 10
-0.12753598564981672
 20
51.03277709590148
 10
-0.22280510499562856
 20
51.10587966229651
 10
-0.33374834424846894
 20
51.151833856648636
 10
-0.45280510499562854
 20
51.16750797655567
 10
-0.5718618657427881
 20
51.151833856648636
 10
-0.6828051049956285
 20
51.10587966229651
 10
-0.7780742243414405
 20
51.03277709590148
 10
-0.8511767907364702
 20
50.937507976555665
 10
-0.8971309850886
 20
50.826564737302824
 10
-0.9128051049956285
 20
50.70750797655567
 10
-0.8971309850886
 20
50.58845121580851
 10
-0.8511767907364705
 20
50.47750797655567
 10
-0.7780742243414406
 20
50.382238857209856
 10
-0.6828051049956287
 20
50.30913629081483
 10
-0.5718618657427885
 20
50.2631820964627
 10
-0.4528051049956287
 20
50.24750797655567
 10
-0.3337483442484693
 20
50.2631820964627
 10
-0.22280510499562892
 20
50.30913629081483
 10
-0.12753598564981683
 20
50.382238857209856
 10
-0.05443341925478695
 20
50.47750797655567
 10
-0.00847922490265729
 20
50.58845121580851
 97
0
 75
0
 76
1
 98
0
  0
HATCH
  5
69F
330
17
100
AcDbEntity
  8
Z-OPISY
 62
7
420
16777215
100
AcDbHatch
 10
0.0
 20
0.0
 30
0.0
210
0.0
220
0.0
230
1.0
  2
SOLID
 70
1
 71
0
 91
1
 92
3
 72
0
 73
1
 93
32
 10
18.107499999999998
 20
36.46411376953126
 10
18.09750834580968
 20
36.56556073697965
 10
18.067917356905866
 20
36.66310915436111
 10
18.019864198397322
 20
36.753010290701454
 10
17.955195526217004
 20
36.831809295748265
 10
17.876396521170193
 20
36.89647796792858
 10
17.786495384829845
 20
36.94453112643713
 10
17.688946967448384
 20
36.97412211534094
 10
17.5875
 20
36.98411376953126
 10
17.486053032551613
 20
36.97412211534094
 10
17.388504615170152
 20
36.94453112643713
 10
17.298603478829804
 20
36.89647796792858
 10
17.219804473782993
 20
36.831809295748265
 10
17.155135801602675
 20
36.753010290701454
 10
17.10708264309413
 20
36.66310915436111
 10
17.077491654190318
 20
36.56556073697965
 10
17.0675
 20
36.46411376953126
 10
17.077491654190318
 20
36.36266680208287
 10
17.10708264309413
 20
36.26511838470141
 10
17.155135801602675
 20
36.175217248361065
 10
17.219804473782993
 20
36.096418243314254
 10
17.298603478829804
 20
36.031749571133936
 10
17.388504615170152
 20
35.98369641262539
 10
17.486053032551613
 20
35.95410542372158
 10
17.5875
 20
35.944113769531256
 10
17.688946967448384
 20
35.95410542372158
 10
17.786495384829845
 20
35.98369641262539
 10
17.876396521170193
 20
36.031749571133936
 10
17.955195526217004
 20
36.096418243314254
 10
18.019864198397322
 20
36.175217248361065
 10
18.067917356905866
 20
36.26511838470141
 10
18.09750834580968
 20
36.36266680208287
 97
0
 75
0
 76
1
 98
0
  0
CIRCLE
  5
6A0
330
17
100
AcDbEntity
  8
Z-DZIALKA
370
25
 48
0.2
100
AcDbCircle
 10
-0.4528051049956286
 20
-0.7075079765556697
 30
0.0
 40
0.45999999999999996
  0
CIRCLE
  5
6A1
330
17
100
AcDbEntity
  8
Z-DZIALKA
370
25
 48
0.2
100
AcDbCircle
 10
32.452805104995626
 20
-0.7075079765556697
 30
0.0
 40
0.45999999999999996
  0
CIRCLE
  5
6A2
330
17
100
AcDbEntity
  8
Z-DZIALKA
370
25
 48
0.2
100
AcDbCircle
 10
32.452805104995626
 20
50.70750797655567
 30
0.0
 40
0.45999999999999996
  0
CIRCLE
  5
6A3
330
17
100
AcDbEntity
  8
Z-DZIALKA
370
25
 48
0.2
100
AcDbCircle
 10
-0.4528051049956286
 20
50.70750797655567
 30
0.0
 40
0.45999999999999996
  0
CIRCLE
  5
6A4
330
17
100
AcDbEntity
  8
Z-OPISY
370
25
 48
0.2
100
AcDbCircle
 10
17.5875
 20
36.46411376953126
 30
0.0
 40
0.52
  0
LWPOLYLINE
  5
6A5
330
17
100
AcDbEntity
  8
Z-MAPA-RAMKA
  6
Continuous
370
25
 48
0.2
100
AcDbPolyline
 90
4
 70
129
 10
-3.0
 20
-3.0
 10
35.0
 20
-3.0
 10
35.0
 20
61.0
 10
-3.0
 20
61.0
  0
HATCH
  5
6A6
330
17
100
AcDbEntity
  8
A-MASKA
 62
7
420
16777215
100
AcDbHatch
 10
0.0
 20
0.0
 30
0.0
210
0.0
220
0.0
230
1.0
  2
SOLID
 70
1
 71
0
 91
1
 92
3
 72
0
 73
1
 93
4
 10
11.075657506245742
 20
25.279999999999998
 10
12.124342493754257
 20
25.279999999999998
 10
12.124342493754257
 20
26.009999999999998
 10
11.075657506245742
 20
26.009999999999998
 97
0
 75
0
 76
1
 98
0
  0
TEXT
  5
6A7
330
17
100
AcDbEntity
  8
Z-ODWODNIENIE
100
AcDbText
 10
11.13565750624574
 20
25.45
 30
0.0
 40
0.5
  1
ZB
  7
PL_ARIAL
 11
11.13565750624574
 21
25.45
 31
0.0
100
AcDbText
  0
HATCH
  5
6A8
330
17
100
AcDbEntity
  8
A-MASKA
 62
7
420
16777215
100
AcDbHatch
 10
0.0
 20
0.0
 30
0.0
210
0.0
220
0.0
230
1.0
  2
SOLID
 70
1
 71
0
 91
1
 92
3
 72
0
 73
1
 93
4
 10
25.87875
 20
45.37499999999999
 10
27.694352997955942
 20
45.37499999999999
 10
27.694352997955942
 20
46.184999999999995
 10
25.87875
 20
46.184999999999995
 97
0
 75
0
 76
1
 98
0
  0
TEXT
  5
6A9
330
17
100
AcDbEntity
  8
Z-ODWODNIENIE
100
AcDbText
 10
25.97875
 20
45.584999999999994
 30
0.0
 40
0.5
  1
OL-1
  7
PL_ARIAL
 11
25.97875
 21
45.584999999999994
 31
0.0
100
AcDbText
  0
HATCH
  5
6AA
330
17
100
AcDbEntity
  8
A-MASKA
 62
7
420
16777215
100
AcDbHatch
 10
0.0
 20
0.0
 30
0.0
210
0.0
220
0.0
230
1.0
  2
SOLID
 70
1
 71
0
 91
1
 92
3
 72
0
 73
1
 93
4
 10
12.692198501022032
 20
30.189999999999998
 10
14.50780149897797
 20
30.189999999999998
 10
14.50780149897797
 20
31.0
 10
12.692198501022032
 20
31.0
 97
0
 75
0
 76
1
 98
0
  0
TEXT
  5
6AB
330
17
100
AcDbEntity
  8
Z-ODWODNIENIE
100
AcDbText
 10
12.792198501022032
 20
30.4
 30
0.0
 40
0.5
  1
OL-2
  7
PL_ARIAL
 11
12.792198501022032
 21
30.4
 31
0.0
100
AcDbText
  0
HATCH
  5
6AC
330
17
100
AcDbEntity
  8
A-MASKA
 62
7
420
16777215
100
AcDbHatch
 10
0.0
 20
0.0
 30
0.0
210
0.0
220
0.0
230
1.0
  2
SOLID
 70
1
 71
0
 91
1
 92
3
 72
0
 73
1
 93
4
 10
10.9
 20
36.747499999999995
 10
13.401612536906654
 20
36.747499999999995
 10
13.401612536906654
 20
37.5575
 10
10.9
 20
37.5575
 97
0
 75
0
 76
1
 98
0
  0
TEXT
  5
6AD
330
17
100
AcDbEntity
  8
Z-ODWODNIENIE
100
AcDbText
 10
11.0
 20
36.957499999999996
 30
0.0
 40
0.5
  1
OL-2W
  7
PL_ARIAL
 11
11.0
 21
36.957499999999996
 31
0.0
100
AcDbText
  0
HATCH
  5
6AE
330
17
100
AcDbEntity
  8
A-MASKA
 62
7
420
16777215
100
AcDbHatch
 10
0.0
 20
0.0
 30
0.0
210
0.0
220
0.0
230
1.0
  2
SOLID
 70
1
 71
0
 91
1
 92
3
 72
0
 73
1
 93
4
 10
19.833599250511014
 20
39.59
 10
21.649202248466956
 20
39.59
 10
21.649202248466956
 20
40.400000000000006
 10
19.833599250511014
 20
40.400000000000006
 97
0
 75
0
 76
1
 98
0
  0
TEXT
  5
6AF
330
17
100
AcDbEntity
  8
Z-ODWODNIENIE
100
AcDbText
 10
19.933599250511016
 20
39.800000000000004
 30
0.0
 40
0.5
  1
OL-3
  7
PL_ARIAL
 11
19.933599250511016
 21
39.800000000000004
 31
0.0
100
AcDbText
  0
HATCH
  5
6B0
330
17
100
AcDbEntity
  8
A-MASKA
 62
7
420
16777215
100
AcDbHatch
 10
0.0
 20
0.0
 30
0.0
210
0.0
220
0.0
230
1.0
  2
SOLID
 70
1
 71
0
 91
1
 92
3
 72
0
 73
1
 93
4
 10
25.543749999999996
 20
42.8
 10
27.359352997955938
 20
42.8
 10
27.359352997955938
 20
43.61
 10
25.543749999999996
 20
43.61
 97
0
 75
0
 76
1
 98
0
  0
TEXT
  5
6B1
330
17
100
AcDbEntity
  8
Z-ODWODNIENIE
100
AcDbText
 10
25.643749999999997
 20
43.01
 30
0.0
 40
0.5
  1
OL-7
  7
PL_ARIAL
 11
25.643749999999997
 21
43.01
 31
0.0
100
AcDbText
  0
HATCH
  5
6B2
330
17
100
AcDbEntity
  8
A-MASKA
 62
7
420
16777215
100
AcDbHatch
 10
0.0
 20
0.0
 30
0.0
210
0.0
220
0.0
230
1.0
  2
SOLID
 70
1
 71
0
 91
1
 92
3
 72
0
 73
1
 93
4
 10
15.080240744946627
 20
42.8975
 10
17.3
 20
42.8975
 10
17.3
 20
43.7075
 10
15.080240744946627
 20
43.7075
 97
0
 75
0
 76
1
 98
0
  0
TEXT
  5
6B3
330
17
100
AcDbEntity
  8
Z-ODWODNIENIE
100
AcDbText
 10
15.180240744946627
 20
43.1075
 30
0.0
 40
0.5
  1
OL-7a
  7
PL_ARIAL
 11
15.180240744946627
 21
43.1075
 31
0.0
100
AcDbText
  0
HATCH
  5
6B4
330
17
100
AcDbEntity
  8
A-MASKA
 62
7
420
16777215
100
AcDbHatch
 10
0.0
 20
0.0
 30
0.0
210
0.0
220
0.0
230
1.0
  2
SOLID
 70
1
 71
0
 91
1
 92
3
 72
0
 73
1
 93
4
 10
24.387499999999996
 20
50.9
 10
26.203102997955938
 20
50.9
 10
26.203102997955938
 20
51.71
 10
24.387499999999996
 20
51.71
 97
0
 75
0
 76
1
 98
0
  0
TEXT
  5
6B5
330
17
100
AcDbEntity
  8
Z-ODWODNIENIE
100
AcDbText
 10
24.487499999999997
 20
51.11
 30
0.0
 40
0.5
  1
OL-4
  7
PL_ARIAL
 11
24.487499999999997
 21
51.11
 31
0.0
100
AcDbText
  0
HATCH
  5
6B6
330
17
100
AcDbEntity
  8
A-MASKA
 62
7
420
16777215
100
AcDbHatch
 10
0.0
 20
0.0
 30
0.0
210
0.0
220
0.0
230
1.0
  2
SOLID
 70
1
 71
0
 91
1
 92
3
 72
0
 73
1
 93
4
 10
7.500000000000001
 20
37.78375
 10
9.355348625936863
 20
37.78375
 10
9.355348625936863
 20
38.59375
 10
7.500000000000001
 20
38.59375
 97
0
 75
0
 76
1
 98
0
  0
TEXT
  5
6B7
330
17
100
AcDbEntity
  8
Z-ODWODNIENIE
100
AcDbText
 10
7.6000000000000005
 20
37.99375
 30
0.0
 40
0.5
  1
OZ-1
  7
PL_ARIAL
 11
7.6000000000000005
 21
37.99375
 31
0.0
100
AcDbText
  0
HATCH
  5
6B8
330
17
100
AcDbEntity
  8
A-MASKA
 62
7
420
16777215
100
AcDbHatch
 10
0.0
 20
0.0
 30
0.0
210
0.0
220
0.0
230
1.0
  2
SOLID
 70
1
 71
0
 91
1
 92
3
 72
0
 73
1
 93
4
 10
6.525142528071921
 20
42.54
 10
8.420691017738058
 20
42.54
 10
8.420691017738058
 20
43.35
 10
6.525142528071921
 20
43.35
 97
0
 75
0
 76
1
 98
0
  0
TEXT
  5
6B9
330
17
100
AcDbEntity
  8
Z-ODWODNIENIE
100
AcDbText
 10
6.625142528071921
 20
42.75
 30
0.0
 40
0.5
  1
NT-N
  7
PL_ARIAL
 11
6.625142528071921
 21
42.75
 31
0.0
100
AcDbText
  0
HATCH
  5
6BA
330
17
100
AcDbEntity
  8
A-MASKA
 62
7
420
16777215
100
AcDbHatch
 10
0.0
 20
0.0
 30
0.0
210
0.0
220
0.0
230
1.0
  2
SOLID
 70
1
 71
0
 91
1
 92
3
 72
0
 73
1
 93
4
 10
28.900000000000002
 20
35.35648351928655
 10
30.755462184873952
 20
35.35648351928655
 10
30.755462184873952
 20
36.16648351928655
 10
28.900000000000002
 20
36.16648351928655
 97
0
 75
0
 76
1
 98
0
  0
TEXT
  5
6BB
330
17
100
AcDbEntity
  8
Z-ODWODNIENIE
100
AcDbText
 10
29.000000000000004
 20
35.56648351928655
 30
0.0
 40
0.5
  1
NT-E
  7
PL_ARIAL
 11
29.000000000000004
 21
35.56648351928655
 31
0.0
100
AcDbText
  0
HATCH
  5
6BC
330
17
100
AcDbEntity
  8
A-MASKA
 62
7
420
16777215
100
AcDbHatch
 10
0.0
 20
0.0
 30
0.0
210
0.0
220
0.0
230
1.0
  2
SOLID
 70
1
 71
0
 91
1
 92
3
 72
0
 73
1
 93
4
 10
29.15
 20
39.2475
 10
30.96560299795594
 20
39.2475
 10
30.96560299795594
 20
40.057500000000005
 10
29.15
 20
40.057500000000005
 97
0
 75
0
 76
1
 98
0
  0
TEXT
  5
6BD
330
17
100
AcDbEntity
  8
Z-ODWODNIENIE
100
AcDbText
 10
29.25
 20
39.4575
 30
0.0
 40
0.5
  1
OL-5
  7
PL_ARIAL
 11
29.25
 21
39.4575
 31
0.0
100
AcDbText
  0
HATCH
  5
6BE
330
17
100
AcDbEntity
  8
A-MASKA
 62
7
420
16777215
100
AcDbHatch
 10
0.0
 20
0.0
 30
0.0
210
0.0
220
0.0
230
1.0
  2
SOLID
 70
1
 71
0
 91
1
 92
3
 72
0
 73
1
 93
4
 10
19.08719850102203
 20
32.949999999999996
 10
20.902801498977972
 20
32.949999999999996
 10
20.902801498977972
 20
33.76
 10
19.08719850102203
 20
33.76
 97
0
 75
0
 76
1
 98
0
  0
TEXT
  5
6BF
330
17
100
AcDbEntity
  8
Z-ODWODNIENIE
100
AcDbText
 10
19.18719850102203
 20
33.16
 30
0.0
 40
0.5
  1
OL-6
  7
PL_ARIAL
 11
19.18719850102203
 21
33.16
 31
0.0
100
AcDbText
  0
HATCH
  5
6C0
330
17
100
AcDbEntity
  8
A-MASKA
 62
7
420
16777215
100
AcDbHatch
 10
0.0
 20
0.0
 30
0.0
210
0.0
220
0.0
230
1.0
  2
SOLID
 70
1
 71
0
 91
1
 92
3
 72
0
 73
1
 93
4
 10
11.156191233250057
 20
37.745000000000005
 10
12.77
 20
37.745000000000005
 10
12.77
 20
38.55500000000001
 10
11.156191233250057
 20
38.55500000000001
 97
0
 75
0
 76
1
 98
0
  0
TEXT
  5
6C1
330
17
100
AcDbEntity
  8
Z-ODWODNIENIE
100
AcDbText
 10
11.256191233250057
 20
37.955000000000005
 30
0.0
 40
0.5
  1
RS1
  7
PL_ARIAL
 11
11.256191233250057
 21
37.955000000000005
 31
0.0
100
AcDbText
  0
HATCH
  5
6C2
330
17
100
AcDbEntity
  8
A-MASKA
 62
7
420
16777215
100
AcDbHatch
 10
0.0
 20
0.0
 30
0.0
210
0.0
220
0.0
230
1.0
  2
SOLID
 70
1
 71
0
 91
1
 92
3
 72
0
 73
1
 93
4
 10
11.156191233250057
 20
38.95
 10
12.77
 20
38.95
 10
12.77
 20
39.760000000000005
 10
11.156191233250057
 20
39.760000000000005
 97
0
 75
0
 76
1
 98
0
  0
TEXT
  5
6C3
330
17
100
AcDbEntity
  8
Z-ODWODNIENIE
100
AcDbText
 10
11.256191233250057
 20
39.160000000000004
 30
0.0
 40
0.5
  1
RS2
  7
PL_ARIAL
 11
11.256191233250057
 21
39.160000000000004
 31
0.0
100
AcDbText
  0
HATCH
  5
6C4
330
17
100
AcDbEntity
  8
A-MASKA
 62
7
420
16777215
100
AcDbHatch
 10
0.0
 20
0.0
 30
0.0
210
0.0
220
0.0
230
1.0
  2
SOLID
 70
1
 71
0
 91
1
 92
3
 72
0
 73
1
 93
4
 10
10.7
 20
42.9575
 10
12.313808766749942
 20
42.9575
 10
12.313808766749942
 20
43.767500000000005
 10
10.7
 20
43.767500000000005
 97
0
 75
0
 76
1
 98
0
  0
TEXT
  5
6C5
330
17
100
AcDbEntity
  8
Z-ODWODNIENIE
100
AcDbText
 10
10.799999999999999
 20
43.167500000000004
 30
0.0
 40
0.5
  1
RS3
  7
PL_ARIAL
 11
10.799999999999999
 21
43.167500000000004
 31
0.0
100
AcDbText
  0
HATCH
  5
6C6
330
17
100
AcDbEntity
  8
A-MASKA
 62
7
420
16777215
100
AcDbHatch
 10
0.0
 20
0.0
 30
0.0
210
0.0
220
0.0
230
1.0
  2
SOLID
 70
1
 71
0
 91
1
 92
3
 72
0
 73
1
 93
4
 10
12.486191233250056
 20
42.9575
 10
14.099999999999998
 20
42.9575
 10
14.099999999999998
 20
43.767500000000005
 10
12.486191233250056
 20
43.767500000000005
 97
0
 75
0
 76
1
 98
0
  0
TEXT
  5
6C7
330
17
100
AcDbEntity
  8
Z-ODWODNIENIE
100
AcDbText
 10
12.586191233250055
 20
43.167500000000004
 30
0.0
 40
0.5
  1
RS4
  7
PL_ARIAL
 11
12.586191233250055
 21
43.167500000000004
 31
0.0
100
AcDbText
  0
HATCH
  5
6C8
330
17
100
AcDbEntity
  8
A-MASKA
 62
7
420
16777215
100
AcDbHatch
 10
0.0
 20
0.0
 30
0.0
210
0.0
220
0.0
230
1.0
  2
SOLID
 70
1
 71
0
 91
1
 92
3
 72
0
 73
1
 93
4
 10
29.035
 20
38.239999999999995
 10
30.648808766749944
 20
38.239999999999995
 10
30.648808766749944
 20
39.05
 10
29.035
 20
39.05
 97
0
 75
0
 76
1
 98
0
  0
TEXT
  5
6C9
330
17
100
AcDbEntity
  8
Z-ODWODNIENIE
100
AcDbText
 10
29.135
 20
38.449999999999996
 30
0.0
 40
0.5
  1
RS5
  7
PL_ARIAL
 11
29.135
 21
38.449999999999996
 31
0.0
100
AcDbText
  0
HATCH
  5
6CA
330
17
100
AcDbEntity
  8
A-MASKA
 62
7
420
16777215
100
AcDbHatch
 10
0.0
 20
0.0
 30
0.0
210
0.0
220
0.0
230
1.0
  2
SOLID
 70
1
 71
0
 91
1
 92
3
 72
0
 73
1
 93
4
 10
29.249999999999996
 20
28.540000000000003
 10
30.86380876674994
 20
28.540000000000003
 10
30.86380876674994
 20
29.350000000000005
 10
29.249999999999996
 20
29.350000000000005
 97
0
 75
0
 76
1
 98
0
  0
TEXT
  5
6CB
330
17
100
AcDbEntity
  8
Z-ODWODNIENIE
100
AcDbText
 10
29.349999999999998
 20
28.750000000000004
 30
0.0
 40
0.5
  1
RS6
  7
PL_ARIAL
 11
29.349999999999998
 21
28.750000000000004
 31
0.0
100
AcDbText
  0
TEXT
  5
6CC
330
17
100
AcDbEntity
  8
Z-ODWODNIENIE
100
AcDbText
 10
21.36865427318801
 20
44.45925789234613
 30
0.0
 40
0.5
  1
1,5%
 50
90.0
  7
PL_ARIAL
 11
21.36865427318801
 21
44.45925789234613
 31
0.0
100
AcDbText
  0
TEXT
  5
6CD
330
17
100
AcDbEntity
  8
Z-ODWODNIENIE
100
AcDbText
 10
5.648769771242632
 20
4.872807538390766
 30
0.0
 40
0.5
  1
0,8%
 50
45.13947322352735
  7
PL_ARIAL
 11
5.648769771242632
 21
4.872807538390766
 31
0.0
100
AcDbText
  0
TEXT
  5
6CE
330
17
100
AcDbEntity
  8
Z-ODWODNIENIE
100
AcDbText
 10
5.676238615282791
 20
13.020898975232726
 30
0.0
 40
0.5
  1
0,8%
 50
41.842130802803865
  7
PL_ARIAL
 11
5.676238615282791
 21
13.020898975232726
 31
0.0
100
AcDbText
  0
TEXT
  5
6CF
330
17
100
AcDbEntity
  8
Z-ODWODNIENIE
100
AcDbText
 10
14.440293770292078
 20
5.7159045451726005
 30
0.0
 40
0.5
  1
0,6%
 50
59.365695402343576
  7
PL_ARIAL
 11
14.440293770292078
 21
5.7159045451726005
 31
0.0
100
AcDbText
  0
TEXT
  5
6D0
330
17
100
AcDbEntity
  8
Z-ODWODNIENIE
100
AcDbText
 10
16.02341482601482
 20
22.32216046985224
 30
0.0
 40
0.5
  1
0,5%
 50
88.85037279432288
  7
PL_ARIAL
 11
16.02341482601482
 21
22.32216046985224
 31
0.0
100
AcDbText
  0
TEXT
  5
6D1
330
17
100
AcDbEntity
  8
Z-ODWODNIENIE
100
AcDbText
 10
24.48693461143809
 20
2.617873338647019
 30
0.0
 40
0.5
  1
0,8%
 50
43.22857208877676
  7
PL_ARIAL
 11
24.48693461143809
 21
2.617873338647019
 31
0.0
100
AcDbText
  0
TEXT
  5
6D2
330
17
100
AcDbEntity
  8
Z-ODWODNIENIE
100
AcDbText
 10
23.218322358199615
 20
15.664145645535196
 30
0.0
 40
0.5
  1
0,9%
 50
-11.148244846465502
  7
PL_ARIAL
 11
23.218322358199615
 21
15.664145645535196
 31
0.0
100
AcDbText
  0
TEXT
  5
6D3
330
17
100
AcDbEntity
  8
Z-ODWODNIENIE
100
AcDbText
 10
25.10796028518838
 20
24.759968420270386
 30
0.0
 40
0.5
  1
0,6%
 50
-46.755835282228816
  7
PL_ARIAL
 11
25.10796028518838
 21
24.759968420270386
 31
0.0
100
AcDbText
  0
HATCH
  5
6D4
330
17
100
AcDbEntity
  8
A-MASKA
 62
7
420
16777215
100
AcDbHatch
 10
0.0
 20
0.0
 30
0.0
210
0.0
220
0.0
230
1.0
  2
SOLID
 70
1
 71
0
 91
1
 92
3
 72
0
 73
1
 93
4
 10
0.6528957528957524
 20
47.62499999999999
 10
7.841312741312741
 20
47.62499999999999
 10
7.841312741312741
 20
48.434999999999995
 10
0.6528957528957524
 20
48.434999999999995
 97
0
 75
0
 76
1
 98
0
  0
TEXT
  5
6D5
330
17
100
AcDbEntity
  8
Z-LZ
420
12582912
100
AcDbText
 10
0.7528957528957525
 20
47.834999999999994
 30
0.0
 40
0.5
  1
nieprzekraczalna linia
  7
PL_ARIAL
 11
0.7528957528957525
 21
47.834999999999994
 31
0.0
100
AcDbText
  0
HATCH
  5
6D6
330
17
100
AcDbEntity
  8
A-MASKA
 62
7
420
16777215
100
AcDbHatch
 10
0.0
 20
0.0
 30
0.0
210
0.0
220
0.0
230
1.0
  2
SOLID
 70
1
 71
0
 91
1
 92
3
 72
0
 73
1
 93
4
 10
1.1585169202816257
 20
46.89999999999999
 10
7.3356915739268675
 20
46.89999999999999
 10
7.3356915739268675
 20
47.709999999999994
 10
1.1585169202816257
 20
47.709999999999994
 97
0
 75
0
 76
1
 98
0
  0
TEXT
  5
6D7
330
17
100
AcDbEntity
  8
Z-LZ
420
12582912
100
AcDbText
 10
1.2585169202816253
 20
47.10999999999999
 30
0.0
 40
0.5
  1
zabudowy (MPZP)
  7
PL_ARIAL
 11
1.2585169202816253
 21
47.10999999999999
 31
0.0
100
AcDbText
  0
TEXT
  5
6D8
330
17
100
AcDbEntity
  8
Z-DZIALKA
100
AcDbText
 10
-0.6951966562107093
 20
-0.9575079765556697
 30
0.0
 40
0.5
  1
A
  7
PL_ARIAL
 11
-0.6951966562107093
 21
-0.9575079765556697
 31
0.0
100
AcDbText
  0
TEXT
  5
6D9
330
17
100
AcDbEntity
  8
Z-DZIALKA
100
AcDbText
 10
32.21041355378055
 20
-0.9575079765556697
 30
0.0
 40
0.5
  1
B
  7
PL_ARIAL
 11
32.21041355378055
 21
-0.9575079765556697
 31
0.0
100
AcDbText
  0
TEXT
  5
6DA
330
17
100
AcDbEntity
  8
Z-DZIALKA
100
AcDbText
 10
32.19037040138445
 20
50.45750797655567
 30
0.0
 40
0.5
  1
C
  7
PL_ARIAL
 11
32.19037040138445
 21
50.45750797655567
 31
0.0
100
AcDbText
  0
TEXT
  5
6DB
330
17
100
AcDbEntity
  8
Z-DZIALKA
100
AcDbText
 10
-0.7152398086068028
 20
50.45750797655567
 30
0.0
 40
0.5
  1
D
  7
PL_ARIAL
 11
-0.7152398086068028
 21
50.45750797655567
 31
0.0
100
AcDbText
  0
HATCH
  5
6DC
330
17
100
AcDbEntity
  8
A-MASKA
 62
7
420
16777215
100
AcDbHatch
 10
0.0
 20
0.0
 30
0.0
210
0.0
220
0.0
230
1.0
  2
SOLID
 70
1
 71
0
 91
1
 92
3
 72
0
 73
1
 93
4
 10
7.2700000000000005
 20
15.23073359073359
 10
7.2700000000000005
 20
17.16926640926641
 10
6.540000000000001
 20
17.16926640926641
 10
6.540000000000001
 20
15.23073359073359
 97
0
 75
0
 76
1
 98
0
  0
TEXT
  5
6DD
330
17
100
AcDbEntity
  8
Z-WYMIARY
100
AcDbText
 10
7.1000000000000005
 20
15.29073359073359
 30
0.0
 40
0.5
  1
32,40
 50
90.0
  7
PL_ARIAL
 11
7.1000000000000005
 21
15.29073359073359
 31
0.0
100
AcDbText
  0
HATCH
  5
6DE
330
17
100
AcDbEntity
  8
A-MASKA
 62
7
420
16777215
100
AcDbHatch
 10
0.0
 20
0.0
 30
0.0
210
0.0
220
0.0
230
1.0
  2
SOLID
 70
1
 71
0
 91
1
 92
3
 72
0
 73
1
 93
4
 10
19.870000000000005
 20
13.730733590733593
 10
19.870000000000005
 20
15.66926640926641
 10
19.140000000000004
 20
15.66926640926641
 10
19.140000000000004
 20
13.730733590733593
 97
0
 75
0
 76
1
 98
0
  0
TEXT
  5
6DF
330
17
100
AcDbEntity
  8
Z-WYMIARY
100
AcDbText
 10
19.700000000000003
 20
13.790733590733591
 30
0.0
 40
0.5
  1
29,40
 50
90.0
  7
PL_ARIAL
 11
19.700000000000003
 21
13.790733590733591
 31
0.0
100
AcDbText
  0
HATCH
  5
6E0
330
17
100
AcDbEntity
  8
A-MASKA
 62
7
420
16777215
100
AcDbHatch
 10
0.0
 20
0.0
 30
0.0
210
0.0
220
0.0
230
1.0
  2
SOLID
 70
1
 71
0
 91
1
 92
3
 72
0
 73
1
 93
4
 10
28.370311719282306
 20
42.18000000000001
 10
29.904688280717693
 20
42.18000000000001
 10
29.904688280717693
 20
42.91000000000001
 10
28.370311719282306
 20
42.91000000000001
 97
0
 75
0
 76
1
 98
0
  0
TEXT
  5
6E1
330
17
100
AcDbEntity
  8
Z-WYMIARY
100
AcDbText
 10
28.430311719282308
 20
42.35000000000001
 30
0.0
 40
0.5
  1
5,73
  7
PL_ARIAL
 11
28.430311719282308
 21
42.35000000000001
 31
0.0
100
AcDbText
  0
HATCH
  5
6E2
330
17
100
AcDbEntity
  8
A-MASKA
 62
7
420
16777215
100
AcDbHatch
 10
0.0
 20
0.0
 30
0.0
210
0.0
220
0.0
230
1.0
  2
SOLID
 70
1
 71
0
 91
1
 92
3
 72
0
 73
1
 93
4
 10
2.382811719282312
 20
38.155
 10
3.9171882807176974
 20
38.155
 10
3.9171882807176974
 20
38.885000000000005
 10
2.382811719282312
 20
38.885000000000005
 97
0
 75
0
 76
1
 98
0
  0
TEXT
  5
6E3
330
17
100
AcDbEntity
  8
Z-WYMIARY
100
AcDbText
 10
2.442811719282312
 20
38.325
 30
0.0
 40
0.5
  1
6,30
  7
PL_ARIAL
 11
2.442811719282312
 21
38.325
 31
0.0
100
AcDbText
  0
HATCH
  5
6E4
330
17
100
AcDbEntity
  8
A-MASKA
 62
7
420
16777215
100
AcDbHatch
 10
0.0
 20
0.0
 30
0.0
210
0.0
220
0.0
230
1.0
  2
SOLID
 70
1
 71
0
 91
1
 92
3
 72
0
 73
1
 93
4
 10
1.3828117192823108
 20
29.43
 10
2.917188280717696
 20
29.43
 10
2.917188280717696
 20
30.16
 10
1.3828117192823108
 20
30.16
 97
0
 75
0
 76
1
 98
0
  0
TEXT
  5
6E5
330
17
100
AcDbEntity
  8
Z-WYMIARY
100
AcDbText
 10
1.442811719282311
 20
29.6
 30
0.0
 40
0.5
  1
4,30
  7
PL_ARIAL
 11
1.442811719282311
 21
29.6
 31
0.0
100
AcDbText
  0
HATCH
  5
6E6
330
17
100
AcDbEntity
  8
A-MASKA
 62
7
420
16777215
100
AcDbHatch
 10
0.0
 20
0.0
 30
0.0
210
0.0
220
0.0
230
1.0
  2
SOLID
 70
1
 71
0
 91
1
 92
3
 72
0
 73
1
 93
4
 10
14.97
 20
46.23281171928231
 10
14.97
 20
47.76718828071769
 10
14.24
 20
47.76718828071769
 10
14.24
 20
46.23281171928231
 97
0
 75
0
 76
1
 98
0
  0
TEXT
  5
6E7
330
17
100
AcDbEntity
  8
Z-WYMIARY
100
AcDbText
 10
14.8
 20
46.292811719282305
 30
0.0
 40
0.5
  1
6,00
 50
90.0
  7
PL_ARIAL
 11
14.8
 21
46.292811719282305
 31
0.0
100
AcDbText
  0
HATCH
  5
6E8
330
17
100
AcDbEntity
  8
A-MASKA
 62
7
420
16777215
100
AcDbHatch
 10
0.0
 20
0.0
 30
0.0
210
0.0
220
0.0
230
1.0
  2
SOLID
 70
1
 71
0
 91
1
 92
3
 72
0
 73
1
 93
4
 10
19.77
 20
44.190000000000005
 10
19.77
 20
45.724376561435385
 10
19.04
 20
45.724376561435385
 10
19.04
 20
44.190000000000005
 97
0
 75
0
 76
1
 98
0
  0
TEXT
  5
6E9
330
17
100
AcDbEntity
  8
Z-WYMIARY
100
AcDbText
 10
19.599999999999998
 20
44.25
 30
0.0
 40
0.5
  1
1,63
 50
90.0
  7
PL_ARIAL
 11
19.599999999999998
 21
44.25
 31
0.0
100
AcDbText
  0
HATCH
  5
6EA
330
17
100
AcDbEntity
  8
A-MASKA
 62
7
420
16777215
100
AcDbHatch
 10
0.0
 20
0.0
 30
0.0
210
0.0
220
0.0
230
1.0
  2
SOLID
 70
1
 71
0
 91
1
 92
3
 72
0
 73
1
 93
4
 10
2.5756234385646146
 20
28.23
 10
4.109999999999999
 20
28.23
 10
4.109999999999999
 20
28.96
 10
2.5756234385646146
 20
28.96
 97
0
 75
0
 76
1
 98
0
  0
TEXT
  5
6EB
330
17
100
AcDbEntity
  8
Z-WYMIARY
100
AcDbText
 10
2.6356234385646147
 20
28.400000000000002
 30
0.0
 40
0.5
  1
0,88
  7
PL_ARIAL
 11
2.6356234385646147
 21
28.400000000000002
 31
0.0
100
AcDbText
  0
HATCH
  5
6EC
330
17
100
AcDbEntity
  8
A-MASKA
 62
7
420
16777215
100
AcDbHatch
 10
0.0
 20
0.0
 30
0.0
210
0.0
220
0.0
230
1.0
  2
SOLID
 70
1
 71
0
 91
1
 92
3
 72
0
 73
1
 93
4
 10
4.972811719282308
 20
27.330000000000002
 10
6.507188280717693
 20
27.330000000000002
 10
6.507188280717693
 20
28.060000000000002
 10
4.972811719282308
 20
28.060000000000002
 97
0
 75
0
 76
1
 98
0
  0
TEXT
  5
6ED
330
17
100
AcDbEntity
  8
Z-WYMIARY
100
AcDbText
 10
5.032811719282307
 20
27.500000000000004
 30
0.0
 40
0.5
  1
1,12
  7
PL_ARIAL
 11
5.032811719282307
 21
27.500000000000004
 31
0.0
100
AcDbText
  0
HATCH
  5
6EE
330
17
100
AcDbEntity
  8
A-MASKA
 62
7
420
16777215
100
AcDbHatch
 10
0.0
 20
0.0
 30
0.0
210
0.0
220
0.0
230
1.0
  2
SOLID
 70
1
 71
0
 91
1
 92
3
 72
0
 73
1
 93
4
 10
7.489999999999999
 20
28.23
 10
9.024376561435384
 20
28.23
 10
9.024376561435384
 20
28.96
 10
7.489999999999999
 20
28.96
 97
0
 75
0
 76
1
 98
0
  0
TEXT
  5
6EF
330
17
100
AcDbEntity
  8
Z-WYMIARY
100
AcDbText
 10
7.549999999999999
 20
28.400000000000002
 30
0.0
 40
0.5
  1
1,00
  7
PL_ARIAL
 11
7.549999999999999
 21
28.400000000000002
 31
0.0
100
AcDbText
  0
HATCH
  5
6F0
330
17
100
AcDbEntity
  8
A-MASKA
 62
7
420
16777215
100
AcDbHatch
 10
0.0
 20
0.0
 30
0.0
210
0.0
220
0.0
230
1.0
  2
SOLID
 70
1
 71
0
 91
1
 92
3
 72
0
 73
1
 93
4
 10
15.81823359073359
 20
28.23
 10
17.756766409266408
 20
28.23
 10
17.756766409266408
 20
28.96
 10
15.81823359073359
 20
28.96
 97
0
 75
0
 76
1
 98
0
  0
TEXT
  5
6F1
330
17
100
AcDbEntity
  8
Z-WYMIARY
100
AcDbText
 10
15.878233590733588
 20
28.400000000000002
 30
0.0
 40
0.5
  1
18,98
  7
PL_ARIAL
 11
15.878233590733588
 21
28.400000000000002
 31
0.0
100
AcDbText
  0
HATCH
  5
6F2
330
17
100
AcDbEntity
  8
A-MASKA
 62
7
420
16777215
100
AcDbHatch
 10
0.0
 20
0.0
 30
0.0
210
0.0
220
0.0
230
1.0
  2
SOLID
 70
1
 71
0
 91
1
 92
3
 72
0
 73
1
 93
4
 10
12.330733590733592
 20
45.005
 10
14.26926640926641
 20
45.005
 10
14.26926640926641
 20
45.73500000000001
 10
12.330733590733592
 20
45.73500000000001
 97
0
 75
0
 76
1
 98
0
  0
TEXT
  5
6F3
330
17
100
AcDbEntity
  8
Z-WYMIARY
100
AcDbText
 10
12.390733590733591
 20
45.175000000000004
 30
0.0
 40
0.5
  1
12,00
  7
PL_ARIAL
 11
12.390733590733591
 21
45.175000000000004
 31
0.0
100
AcDbText
  0
HATCH
  5
6F4
330
17
100
AcDbEntity
  8
A-MASKA
 62
7
420
16777215
100
AcDbHatch
 10
0.0
 20
0.0
 30
0.0
210
0.0
220
0.0
230
1.0
  2
SOLID
 70
1
 71
0
 91
1
 92
3
 72
0
 73
1
 93
4
 10
22.020311719282308
 20
45.005
 10
23.554688280717695
 20
45.005
 10
23.554688280717695
 20
45.73500000000001
 10
22.020311719282308
 20
45.73500000000001
 97
0
 75
0
 76
1
 98
0
  0
TEXT
  5
6F5
330
17
100
AcDbEntity
  8
Z-WYMIARY
100
AcDbText
 10
22.08031171928231
 20
45.175000000000004
 30
0.0
 40
0.5
  1
6,98
  7
PL_ARIAL
 11
22.08031171928231
 21
45.175000000000004
 31
0.0
100
AcDbText
  0
HATCH
  5
6F6
330
17
100
AcDbEntity
  8
A-MASKA
 62
7
420
16777215
100
AcDbHatch
 10
0.0
 20
0.0
 30
0.0
210
0.0
220
0.0
230
1.0
  2
SOLID
 70
1
 71
0
 91
1
 92
3
 72
0
 73
1
 93
4
 10
2.2699999999999996
 20
36.30781171928231
 10
2.2699999999999996
 20
37.84218828071769
 10
1.5399999999999996
 20
37.84218828071769
 10
1.5399999999999996
 20
36.30781171928231
 97
0
 75
0
 76
1
 98
0
  0
TEXT
  5
6F7
330
17
100
AcDbEntity
  8
Z-WYMIARY
100
AcDbText
 10
2.0999999999999996
 20
36.36781171928231
 30
0.0
 40
0.5
  1
9,35
 50
90.0
  7
PL_ARIAL
 11
2.0999999999999996
 21
36.36781171928231
 31
0.0
100
AcDbText
  0
HATCH
  5
6F8
330
17
100
AcDbEntity
  8
A-MASKA
 62
7
420
16777215
100
AcDbHatch
 10
0.0
 20
0.0
 30
0.0
210
0.0
220
0.0
230
1.0
  2
SOLID
 70
1
 71
0
 91
1
 92
3
 72
0
 73
1
 93
4
 10
27.845000000000002
 20
36.62031171928231
 10
27.845000000000002
 20
38.15468828071769
 10
27.115000000000002
 20
38.15468828071769
 10
27.115000000000002
 20
36.62031171928231
 97
0
 75
0
 76
1
 98
0
  0
TEXT
  5
6F9
330
17
100
AcDbEntity
  8
Z-WYMIARY
100
AcDbText
 10
27.675
 20
36.68031171928231
 30
0.0
 40
0.5
  1
9,98
 50
90.0
  7
PL_ARIAL
 11
27.675
 21
36.68031171928231
 31
0.0
100
AcDbText
  0
HATCH
  5
6FA
330
17
100
AcDbEntity
  8
A-MASKA
 62
7
420
16777215
100
AcDbHatch
 10
0.0
 20
0.0
 30
0.0
210
0.0
220
0.0
230
1.0
  2
SOLID
 70
1
 71
0
 91
1
 92
3
 72
0
 73
1
 93
4
 10
22.320311719282305
 20
50.63
 10
23.854688280717692
 20
50.63
 10
23.854688280717692
 20
51.36000000000001
 10
22.320311719282305
 20
51.36000000000001
 97
0
 75
0
 76
1
 98
0
  0
TEXT
  5
6FB
330
17
100
AcDbEntity
  8
Z-WYMIARY
100
AcDbText
 10
22.380311719282307
 20
50.800000000000004
 30
0.0
 40
0.5
  1
6,38
  7
PL_ARIAL
 11
22.380311719282307
 21
50.800000000000004
 31
0.0
100
AcDbText
  0
HATCH
  5
6FC
330
17
100
AcDbEntity
  8
A-MASKA
 62
7
420
16777215
100
AcDbHatch
 10
0.0
 20
0.0
 30
0.0
210
0.0
220
0.0
230
1.0
  2
SOLID
 70
1
 71
0
 91
1
 92
3
 72
0
 73
1
 93
4
 10
18.470000000000002
 20
45.42031171928231
 10
18.470000000000002
 20
46.95468828071769
 10
17.740000000000002
 20
46.95468828071769
 10
17.740000000000002
 20
45.42031171928231
 97
0
 75
0
 76
1
 98
0
  0
TEXT
  5
6FD
330
17
100
AcDbEntity
  8
Z-WYMIARY
100
AcDbText
 10
18.3
 20
45.480311719282305
 30
0.0
 40
0.5
  1
7,63
 50
90.0
  7
PL_ARIAL
 11
18.3
 21
45.480311719282305
 31
0.0
100
AcDbText
  0
HATCH
  5
6FE
330
17
100
AcDbEntity
  8
A-MASKA
 62
7
420
16777215
100
AcDbHatch
 10
0.0
 20
0.0
 30
0.0
210
0.0
220
0.0
230
1.0
  2
SOLID
 70
1
 71
0
 91
1
 92
3
 72
0
 73
1
 93
4
 10
19.04
 20
51.03
 10
20.574376561435386
 20
51.03
 10
20.574376561435386
 20
51.760000000000005
 10
19.04
 20
51.760000000000005
 97
0
 75
0
 76
1
 98
0
  0
TEXT
  5
6FF
330
17
100
AcDbEntity
  8
Z-WYMIARY
100
AcDbText
 10
19.1
 20
51.2
 30
0.0
 40
0.5
  1
1,30
  7
PL_ARIAL
 11
19.1
 21
51.2
 31
0.0
100
AcDbText
  0
HATCH
  5
700
330
17
100
AcDbEntity
  8
A-MASKA
 62
7
420
16777215
100
AcDbHatch
 10
0.0
 20
0.0
 30
0.0
210
0.0
220
0.0
230
1.0
  2
SOLID
 70
1
 71
0
 91
1
 92
3
 72
0
 73
1
 93
4
 10
16.92
 20
45.75781171928231
 10
16.92
 20
47.29218828071769
 10
16.19
 20
47.29218828071769
 10
16.19
 20
45.75781171928231
 97
0
 75
0
 76
1
 98
0
  0
TEXT
  5
701
330
17
100
AcDbEntity
  8
Z-WYMIARY
100
AcDbText
 10
16.75
 20
45.817811719282304
 30
0.0
 40
0.5
  1
6,95
 50
90.0
  7
PL_ARIAL
 11
16.75
 21
45.817811719282304
 31
0.0
100
AcDbText
  0
HATCH
  5
702
330
17
100
AcDbEntity
  8
A-MASKA
 62
7
420
16777215
100
AcDbHatch
 10
0.0
 20
0.0
 30
0.0
210
0.0
220
0.0
230
1.0
  2
SOLID
 70
1
 71
0
 91
1
 92
3
 72
0
 73
1
 93
4
 10
20.982811719282306
 20
43.43
 10
22.517188280717694
 20
43.43
 10
22.517188280717694
 20
44.160000000000004
 10
20.982811719282306
 20
44.160000000000004
 97
0
 75
0
 76
1
 98
0
  0
TEXT
  5
703
330
17
100
AcDbEntity
  8
Z-WYMIARY
100
AcDbText
 10
21.04281171928231
 20
43.6
 30
0.0
 40
0.5
  1
2,50
  7
PL_ARIAL
 11
21.04281171928231
 21
43.6
 31
0.0
100
AcDbText
  0
HATCH
  5
704
330
17
100
AcDbEntity
  8
A-MASKA
 62
7
420
16777215
100
AcDbHatch
 10
0.0
 20
0.0
 30
0.0
210
0.0
220
0.0
230
1.0
  2
SOLID
 70
1
 71
0
 91
1
 92
3
 72
0
 73
1
 93
4
 10
24.17
 20
46.33281171928231
 10
24.17
 20
47.86718828071769
 10
23.44
 20
47.86718828071769
 10
23.44
 20
46.33281171928231
 97
0
 75
0
 76
1
 98
0
  0
TEXT
  5
705
330
17
100
AcDbEntity
  8
Z-WYMIARY
100
AcDbText
 10
24.0
 20
46.39281171928231
 30
0.0
 40
0.5
  1
5,00
 50
90.0
  7
PL_ARIAL
 11
24.0
 21
46.39281171928231
 31
0.0
100
AcDbText
  0
HATCH
  5
706
330
17
100
AcDbEntity
  8
A-MASKA
 62
7
420
16777215
100
AcDbHatch
 10
0.0
 20
0.0
 30
0.0
210
0.0
220
0.0
230
1.0
  2
SOLID
 70
1
 71
0
 91
1
 92
3
 72
0
 73
1
 93
4
 10
22.332811719282308
 20
48.63
 10
23.867188280717695
 20
48.63
 10
23.867188280717695
 20
49.36000000000001
 10
22.332811719282308
 20
49.36000000000001
 97
0
 75
0
 76
1
 98
0
  0
TEXT
  5
707
330
17
100
AcDbEntity
  8
Z-WYMIARY
100
AcDbText
 10
22.39281171928231
 20
48.800000000000004
 30
0.0
 40
0.5
  1
5,60
  7
PL_ARIAL
 11
22.39281171928231
 21
48.800000000000004
 31
0.0
100
AcDbText
  0
HATCH
  5
708
330
17
100
AcDbEntity
  8
A-MASKA
 62
7
420
16777215
100
AcDbHatch
 10
0.0
 20
0.0
 30
0.0
210
0.0
220
0.0
230
1.0
  2
SOLID
 70
1
 71
0
 91
1
 92
3
 72
0
 73
1
 93
4
 10
18.79
 20
48.63
 10
20.324376561435386
 20
48.63
 10
20.324376561435386
 20
49.36000000000001
 10
18.79
 20
49.36000000000001
 97
0
 75
0
 76
1
 98
0
  0
TEXT
  5
709
330
17
100
AcDbEntity
  8
Z-WYMIARY
100
AcDbText
 10
18.85
 20
48.800000000000004
 30
0.0
 40
0.5
  1
1,00
  7
PL_ARIAL
 11
18.85
 21
48.800000000000004
 31
0.0
100
AcDbText
  0
HATCH
  5
70A
330
17
100
AcDbEntity
  8
A-MASKA
 62
7
420
16777215
100
AcDbHatch
 10
0.0
 20
0.0
 30
0.0
210
0.0
220
0.0
230
1.0
  2
SOLID
 70
1
 71
0
 91
1
 92
3
 72
0
 73
1
 93
4
 10
27.782811719282307
 20
31.48
 10
29.317188280717694
 20
31.48
 10
29.317188280717694
 20
32.21
 10
27.782811719282307
 20
32.21
 97
0
 75
0
 76
1
 98
0
  0
TEXT
  5
70B
330
17
100
AcDbEntity
  8
Z-WYMIARY
100
AcDbText
 10
27.84281171928231
 20
31.650000000000002
 30
0.0
 40
0.5
  1
6,90
  7
PL_ARIAL
 11
27.84281171928231
 21
31.650000000000002
 31
0.0
100
AcDbText
  0
HATCH
  5
70C
330
17
100
AcDbEntity
  8
A-MASKA
 62
7
420
16777215
100
AcDbHatch
 10
0.0
 20
0.0
 30
0.0
210
0.0
220
0.0
230
1.0
  2
SOLID
 70
1
 71
0
 91
1
 92
3
 72
0
 73
1
 93
4
 10
12.320000000000002
 20
28.5078117192823
 10
12.320000000000002
 20
30.04218828071769
 10
11.590000000000002
 20
30.04218828071769
 10
11.590000000000002
 20
28.5078117192823
 97
0
 75
0
 76
1
 98
0
  0
TEXT
  5
70D
330
17
100
AcDbEntity
  8
Z-WYMIARY
100
AcDbText
 10
12.150000000000002
 20
28.567811719282304
 30
0.0
 40
0.5
  1
6,25
 50
90.0
  7
PL_ARIAL
 11
12.150000000000002
 21
28.567811719282304
 31
0.0
100
AcDbText
  0
HATCH
  5
70E
330
17
100
AcDbEntity
  8
A-MASKA
 62
7
420
16777215
100
AcDbHatch
 10
0.0
 20
0.0
 30
0.0
210
0.0
220
0.0
230
1.0
  2
SOLID
 70
1
 71
0
 91
1
 92
3
 72
0
 73
1
 93
4
 10
4.455733590733593
 20
26.429999999999996
 10
6.394266409266412
 20
26.429999999999996
 10
6.394266409266412
 20
27.159999999999997
 10
4.455733590733593
 20
27.159999999999997
 97
0
 75
0
 76
1
 98
0
  0
TEXT
  5
70F
330
17
100
AcDbEntity
  8
Z-WYMIARY
100
AcDbText
 10
4.515733590733593
 20
26.599999999999998
 30
0.0
 40
0.5
  1
10,85
  7
PL_ARIAL
 11
4.515733590733593
 21
26.599999999999998
 31
0.0
100
AcDbText
  0
HATCH
  5
710
330
17
100
AcDbEntity
  8
A-MASKA
 62
7
420
16777215
100
AcDbHatch
 10
0.0
 20
0.0
 30
0.0
210
0.0
220
0.0
230
1.0
  2
SOLID
 70
1
 71
0
 91
1
 92
3
 72
0
 73
1
 93
4
 10
15.07
 20
25.080733590733587
 10
15.07
 20
27.019266409266407
 10
14.34
 20
27.019266409266407
 10
14.34
 20
25.080733590733587
 97
0
 75
0
 76
1
 98
0
  0
TEXT
  5
711
330
17
100
AcDbEntity
  8
Z-WYMIARY
100
AcDbText
 10
14.9
 20
25.14073359073359
 30
0.0
 40
0.5
  1
12,70
 50
90.0
  7
PL_ARIAL
 11
14.9
 21
25.14073359073359
 31
0.0
100
AcDbText
  0
HATCH
  5
712
330
17
100
AcDbEntity
  8
A-MASKA
 62
7
420
16777215
100
AcDbHatch
 10
0.0
 20
0.0
 30
0.0
210
0.0
220
0.0
230
1.0
  2
SOLID
 70
1
 71
0
 91
1
 92
3
 72
0
 73
1
 93
4
 10
3.282811719282315
 20
14.980000000000002
 10
4.8171882807177
 20
14.980000000000002
 10
4.8171882807177
 20
15.710000000000003
 10
3.282811719282315
 20
15.710000000000003
 97
0
 75
0
 76
1
 98
0
  0
TEXT
  5
713
330
17
100
AcDbEntity
  8
Z-WYMIARY
100
AcDbText
 10
3.3428117192823152
 20
15.150000000000002
 30
0.0
 40
0.5
  1
8,10
  7
PL_ARIAL
 11
3.3428117192823152
 21
15.150000000000002
 31
0.0
100
AcDbText
  0
HATCH
  5
714
330
17
100
AcDbEntity
  8
A-MASKA
 62
7
420
16777215
100
AcDbHatch
 10
0.0
 20
0.0
 30
0.0
210
0.0
220
0.0
230
1.0
  2
SOLID
 70
1
 71
0
 91
1
 92
3
 72
0
 73
1
 93
4
 10
8.52
 20
34.727500000000006
 10
10.902689075630253
 20
34.727500000000006
 10
10.902689075630253
 20
35.4975
 10
8.52
 20
35.4975
 97
0
 75
0
 76
1
 98
0
  0
TEXT
  5
715
330
17
100
AcDbEntity
  8
Z-RZEDNE-PROJ
100
AcDbText
 10
8.6
 20
34.917500000000004
 30
0.0
 40
0.5
  1
101,63
  7
PL_ARIAL
 11
8.6
 21
34.917500000000004
 31
0.0
100
AcDbText
  0
HATCH
  5
716
330
17
100
AcDbEntity
  8
A-MASKA
 62
7
420
16777215
100
AcDbHatch
 10
0.0
 20
0.0
 30
0.0
210
0.0
220
0.0
230
1.0
  2
SOLID
 70
1
 71
0
 91
1
 92
3
 72
0
 73
1
 93
4
 10
17.208655462184872
 20
39.222500000000004
 10
19.591344537815125
 20
39.222500000000004
 10
19.591344537815125
 20
39.9925
 10
17.208655462184872
 20
39.9925
 97
0
 75
0
 76
1
 98
0
  0
TEXT
  5
717
330
17
100
AcDbEntity
  8
Z-RZEDNE-PROJ
100
AcDbText
 10
17.288655462184874
 20
39.4125
 30
0.0
 40
0.5
  1
101,63
  7
PL_ARIAL
 11
17.288655462184874
 21
39.4125
 31
0.0
100
AcDbText
  0
HATCH
  5
718
330
17
100
AcDbEntity
  8
A-MASKA
 62
7
420
16777215
100
AcDbHatch
 10
0.0
 20
0.0
 30
0.0
210
0.0
220
0.0
230
1.0
  2
SOLID
 70
1
 71
0
 91
1
 92
3
 72
0
 73
1
 93
4
 10
21.42
 20
32.82000000000001
 10
23.80268907563025
 20
32.82000000000001
 10
23.80268907563025
 20
33.59
 10
21.42
 20
33.59
 97
0
 75
0
 76
1
 98
0
  0
TEXT
  5
719
330
17
100
AcDbEntity
  8
Z-RZEDNE-PROJ
100
AcDbText
 10
21.5
 20
33.010000000000005
 30
0.0
 40
0.5
  1
101,63
  7
PL_ARIAL
 11
21.5
 21
33.010000000000005
 31
0.0
100
AcDbText
  0
HATCH
  5
71A
330
17
100
AcDbEntity
  8
A-MASKA
 62
7
420
16777215
100
AcDbHatch
 10
0.0
 20
0.0
 30
0.0
210
0.0
220
0.0
230
1.0
  2
SOLID
 70
1
 71
0
 91
1
 92
3
 72
0
 73
1
 93
4
 10
9.07
 20
32.92
 10
11.452689075630254
 20
32.92
 10
11.452689075630254
 20
33.69
 10
9.07
 20
33.69
 97
0
 75
0
 76
1
 98
0
  0
TEXT
  5
71B
330
17
100
AcDbEntity
  8
Z-RZEDNE-PROJ
100
AcDbText
 10
9.15
 20
33.11
 30
0.0
 40
0.5
  1
101,32
  7
PL_ARIAL
 11
9.15
 21
33.11
 31
0.0
100
AcDbText
  0
HATCH
  5
71C
330
17
100
AcDbEntity
  8
A-MASKA
 62
7
420
16777215
100
AcDbHatch
 10
0.0
 20
0.0
 30
0.0
210
0.0
220
0.0
230
1.0
  2
SOLID
 70
1
 71
0
 91
1
 92
3
 72
0
 73
1
 93
4
 10
16.51
 20
32.62
 10
18.89268907563025
 20
32.62
 10
18.89268907563025
 20
33.38999999999999
 10
16.51
 20
33.38999999999999
 97
0
 75
0
 76
1
 98
0
  0
TEXT
  5
71D
330
17
100
AcDbEntity
  8
Z-RZEDNE-PROJ
100
AcDbText
 10
16.59
 20
32.809999999999995
 30
0.0
 40
0.5
  1
101,32
  7
PL_ARIAL
 11
16.59
 21
32.809999999999995
 31
0.0
100
AcDbText
  0
HATCH
  5
71E
330
17
100
AcDbEntity
  8
A-MASKA
 62
7
420
16777215
100
AcDbHatch
 10
0.0
 20
0.0
 30
0.0
210
0.0
220
0.0
230
1.0
  2
SOLID
 70
1
 71
0
 91
1
 92
3
 72
0
 73
1
 93
4
 10
22.967310924369748
 20
33.82
 10
25.349999999999998
 20
33.82
 10
25.349999999999998
 20
34.589999999999996
 10
22.967310924369748
 20
34.589999999999996
 97
0
 75
0
 76
1
 98
0
  0
TEXT
  5
71F
330
17
100
AcDbEntity
  8
Z-RZEDNE-PROJ
100
AcDbText
 10
23.047310924369746
 20
34.01
 30
0.0
 40
0.5
  1
101,32
  7
PL_ARIAL
 11
23.047310924369746
 21
34.01
 31
0.0
100
AcDbText
  0
HATCH
  5
720
330
17
100
AcDbEntity
  8
A-MASKA
 62
7
420
16777215
100
AcDbHatch
 10
0.0
 20
0.0
 30
0.0
210
0.0
220
0.0
230
1.0
  2
SOLID
 70
1
 71
0
 91
1
 92
3
 72
0
 73
1
 93
4
 10
13.447310924369749
 20
40.760000000000005
 10
15.830000000000002
 20
40.760000000000005
 10
15.830000000000002
 20
41.53
 10
13.447310924369749
 20
41.53
 97
0
 75
0
 76
1
 98
0
  0
TEXT
  5
721
330
17
100
AcDbEntity
  8
Z-RZEDNE-PROJ
100
AcDbText
 10
13.52731092436975
 20
40.95
 30
0.0
 40
0.5
  1
101,32
  7
PL_ARIAL
 11
13.52731092436975
 21
40.95
 31
0.0
100
AcDbText
  0
HATCH
  5
722
330
17
100
AcDbEntity
  8
A-MASKA
 62
7
420
16777215
100
AcDbHatch
 10
0.0
 20
0.0
 30
0.0
210
0.0
220
0.0
230
1.0
  2
SOLID
 70
1
 71
0
 91
1
 92
3
 72
0
 73
1
 93
4
 10
9.528655462184874
 20
30.41
 10
11.911344537815127
 20
30.41
 10
11.911344537815127
 20
31.18
 10
9.528655462184874
 20
31.18
 97
0
 75
0
 76
1
 98
0
  0
TEXT
  5
723
330
17
100
AcDbEntity
  8
Z-RZEDNE-PROJ
100
AcDbText
 10
9.608655462184874
 20
30.6
 30
0.0
 40
0.5
  1
101,31
  7
PL_ARIAL
 11
9.608655462184874
 21
30.6
 31
0.0
100
AcDbText
  0
HATCH
  5
724
330
17
100
AcDbEntity
  8
A-MASKA
 62
7
420
16777215
100
AcDbHatch
 10
0.0
 20
0.0
 30
0.0
210
0.0
220
0.0
230
1.0
  2
SOLID
 70
1
 71
0
 91
1
 92
3
 72
0
 73
1
 93
4
 10
2.597310924369748
 20
33.120000000000005
 10
4.98
 20
33.120000000000005
 10
4.98
 20
33.89
 10
2.597310924369748
 20
33.89
 97
0
 75
0
 76
1
 98
0
  0
TEXT
  5
725
330
17
100
AcDbEntity
  8
Z-RZEDNE-PROJ
100
AcDbText
 10
2.677310924369748
 20
33.31
 30
0.0
 40
0.5
  1
101,30
  7
PL_ARIAL
 11
2.677310924369748
 21
33.31
 31
0.0
100
AcDbText
  0
HATCH
  5
726
330
17
100
AcDbEntity
  8
A-MASKA
 62
7
420
16777215
100
AcDbHatch
 10
0.0
 20
0.0
 30
0.0
210
0.0
220
0.0
230
1.0
  2
SOLID
 70
1
 71
0
 91
1
 92
3
 72
0
 73
1
 93
4
 10
8.02
 20
36.695
 10
10.402689075630253
 20
36.695
 10
10.402689075630253
 20
37.464999999999996
 10
8.02
 20
37.464999999999996
 97
0
 75
0
 76
1
 98
0
  0
TEXT
  5
727
330
17
100
AcDbEntity
  8
Z-RZEDNE-PROJ
100
AcDbText
 10
8.1
 20
36.885
 30
0.0
 40
0.5
  1
101,30
  7
PL_ARIAL
 11
8.1
 21
36.885
 31
0.0
100
AcDbText
  0
HATCH
  5
728
330
17
100
AcDbEntity
  8
A-MASKA
 62
7
420
16777215
100
AcDbHatch
 10
0.0
 20
0.0
 30
0.0
210
0.0
220
0.0
230
1.0
  2
SOLID
 70
1
 71
0
 91
1
 92
3
 72
0
 73
1
 93
4
 10
3.897310924369747
 20
42.165
 10
6.279999999999999
 20
42.165
 10
6.279999999999999
 20
42.934999999999995
 10
3.897310924369747
 20
42.934999999999995
 97
0
 75
0
 76
1
 98
0
  0
TEXT
  5
729
330
17
100
AcDbEntity
  8
Z-RZEDNE-PROJ
100
AcDbText
 10
3.977310924369747
 20
42.355
 30
0.0
 40
0.5
  1
101,30
  7
PL_ARIAL
 11
3.977310924369747
 21
42.355
 31
0.0
100
AcDbText
  0
HATCH
  5
72A
330
17
100
AcDbEntity
  8
A-MASKA
 62
7
420
16777215
100
AcDbHatch
 10
0.0
 20
0.0
 30
0.0
210
0.0
220
0.0
230
1.0
  2
SOLID
 70
1
 71
0
 91
1
 92
3
 72
0
 73
1
 93
4
 10
10.308655462184873
 20
40.26
 10
12.691344537815127
 20
40.26
 10
12.691344537815127
 20
41.029999999999994
 10
10.308655462184873
 20
41.029999999999994
 97
0
 75
0
 76
1
 98
0
  0
TEXT
  5
72B
330
17
100
AcDbEntity
  8
Z-RZEDNE-PROJ
100
AcDbText
 10
10.388655462184873
 20
40.449999999999996
 30
0.0
 40
0.5
  1
101,30
  7
PL_ARIAL
 11
10.388655462184873
 21
40.449999999999996
 31
0.0
100
AcDbText
  0
HATCH
  5
72C
330
17
100
AcDbEntity
  8
A-MASKA
 62
7
420
16777215
100
AcDbHatch
 10
0.0
 20
0.0
 30
0.0
210
0.0
220
0.0
230
1.0
  2
SOLID
 70
1
 71
0
 91
1
 92
3
 72
0
 73
1
 93
4
 10
23.177310924369745
 20
39.92
 10
25.559999999999995
 20
39.92
 10
25.559999999999995
 20
40.69
 10
23.177310924369745
 20
40.69
 97
0
 75
0
 76
1
 98
0
  0
TEXT
  5
72D
330
17
100
AcDbEntity
  8
Z-RZEDNE-PROJ
100
AcDbText
 10
23.257310924369744
 20
40.11
 30
0.0
 40
0.5
  1
101,30
  7
PL_ARIAL
 11
23.257310924369744
 21
40.11
 31
0.0
100
AcDbText
  0
HATCH
  5
72E
330
17
100
AcDbEntity
  8
A-MASKA
 62
7
420
16777215
100
AcDbHatch
 10
0.0
 20
0.0
 30
0.0
210
0.0
220
0.0
230
1.0
  2
SOLID
 70
1
 71
0
 91
1
 92
3
 72
0
 73
1
 93
4
 10
23.177310924369745
 20
35.075
 10
25.559999999999995
 20
35.075
 10
25.559999999999995
 20
35.845
 10
23.177310924369745
 20
35.845
 97
0
 75
0
 76
1
 98
0
  0
TEXT
  5
72F
330
17
100
AcDbEntity
  8
Z-RZEDNE-PROJ
100
AcDbText
 10
23.257310924369744
 20
35.265
 30
0.0
 40
0.5
  1
101,30
  7
PL_ARIAL
 11
23.257310924369744
 21
35.265
 31
0.0
100
AcDbText
  0
HATCH
  5
730
330
17
100
AcDbEntity
  8
A-MASKA
 62
7
420
16777215
100
AcDbHatch
 10
0.0
 20
0.0
 30
0.0
210
0.0
220
0.0
230
1.0
  2
SOLID
 70
1
 71
0
 91
1
 92
3
 72
0
 73
1
 93
4
 10
20.347310924369747
 20
29.91
 10
22.729999999999997
 20
29.91
 10
22.729999999999997
 20
30.68
 10
20.347310924369747
 20
30.68
 97
0
 75
0
 76
1
 98
0
  0
TEXT
  5
731
330
17
100
AcDbEntity
  8
Z-RZEDNE-PROJ
100
AcDbText
 10
20.427310924369745
 20
30.1
 30
0.0
 40
0.5
  1
101,30
  7
PL_ARIAL
 11
20.427310924369745
 21
30.1
 31
0.0
100
AcDbText
  0
HATCH
  5
732
330
17
100
AcDbEntity
  8
A-MASKA
 62
7
420
16777215
100
AcDbHatch
 10
0.0
 20
0.0
 30
0.0
210
0.0
220
0.0
230
1.0
  2
SOLID
 70
1
 71
0
 91
1
 92
3
 72
0
 73
1
 93
4
 10
17.068655462184875
 20
30.31
 10
19.451344537815128
 20
30.31
 10
19.451344537815128
 20
31.08
 10
17.068655462184875
 20
31.08
 97
0
 75
0
 76
1
 98
0
  0
TEXT
  5
733
330
17
100
AcDbEntity
  8
Z-RZEDNE-PROJ
100
AcDbText
 10
17.148655462184877
 20
30.5
 30
0.0
 40
0.5
  1
101,30
  7
PL_ARIAL
 11
17.148655462184877
 21
30.5
 31
0.0
100
AcDbText
  0
HATCH
  5
734
330
17
100
AcDbEntity
  8
A-MASKA
 62
7
420
16777215
100
AcDbHatch
 10
0.0
 20
0.0
 30
0.0
210
0.0
220
0.0
230
1.0
  2
SOLID
 70
1
 71
0
 91
1
 92
3
 72
0
 73
1
 93
4
 10
13.034327731092436
 20
33.120000000000005
 10
15.417016806722689
 20
33.120000000000005
 10
15.417016806722689
 20
33.89
 10
13.034327731092436
 20
33.89
 97
0
 75
0
 76
1
 98
0
  0
TEXT
  5
735
330
17
100
AcDbEntity
  8
Z-RZEDNE-PROJ
100
AcDbText
 10
13.114327731092436
 20
33.31
 30
0.0
 40
0.5
  1
101,30
  7
PL_ARIAL
 11
13.114327731092436
 21
33.31
 31
0.0
100
AcDbText
  0
HATCH
  5
736
330
17
100
AcDbEntity
  8
A-MASKA
 62
7
420
16777215
100
AcDbHatch
 10
0.0
 20
0.0
 30
0.0
210
0.0
220
0.0
230
1.0
  2
SOLID
 70
1
 71
0
 91
1
 92
3
 72
0
 73
1
 93
4
 10
2.4973109243697476
 20
34.78
 10
4.88
 20
34.78
 10
4.88
 20
35.55
 10
2.4973109243697476
 20
35.55
 97
0
 75
0
 76
1
 98
0
  0
TEXT
  5
737
330
17
100
AcDbEntity
  8
Z-RZEDNE-PROJ
100
AcDbText
 10
2.5773109243697476
 20
34.97
 30
0.0
 40
0.5
  1
101,28
  7
PL_ARIAL
 11
2.5773109243697476
 21
34.97
 31
0.0
100
AcDbText
  0
HATCH
  5
738
330
17
100
AcDbEntity
  8
A-MASKA
 62
7
420
16777215
100
AcDbHatch
 10
0.0
 20
0.0
 30
0.0
210
0.0
220
0.0
230
1.0
  2
SOLID
 70
1
 71
0
 91
1
 92
3
 72
0
 73
1
 93
4
 10
3.1973109243697477
 20
39.519999999999996
 10
5.58
 20
39.519999999999996
 10
5.58
 20
40.28999999999999
 10
3.1973109243697477
 20
40.28999999999999
 97
0
 75
0
 76
1
 98
0
  0
TEXT
  5
739
330
17
100
AcDbEntity
  8
Z-RZEDNE-PROJ
100
AcDbText
 10
3.277310924369748
 20
39.709999999999994
 30
0.0
 40
0.5
  1
101,28
  7
PL_ARIAL
 11
3.277310924369748
 21
39.709999999999994
 31
0.0
100
AcDbText
  0
HATCH
  5
73A
330
17
100
AcDbEntity
  8
A-MASKA
 62
7
420
16777215
100
AcDbHatch
 10
0.0
 20
0.0
 30
0.0
210
0.0
220
0.0
230
1.0
  2
SOLID
 70
1
 71
0
 91
1
 92
3
 72
0
 73
1
 93
4
 10
8.108655462184874
 20
38.760000000000005
 10
10.491344537815127
 20
38.760000000000005
 10
10.491344537815127
 20
39.53
 10
8.108655462184874
 20
39.53
 97
0
 75
0
 76
1
 98
0
  0
TEXT
  5
73B
330
17
100
AcDbEntity
  8
Z-RZEDNE-PROJ
100
AcDbText
 10
8.188655462184874
 20
38.95
 30
0.0
 40
0.5
  1
101,28
  7
PL_ARIAL
 11
8.188655462184874
 21
38.95
 31
0.0
100
AcDbText
  0
HATCH
  5
73C
330
17
100
AcDbEntity
  8
A-MASKA
 62
7
420
16777215
100
AcDbHatch
 10
0.0
 20
0.0
 30
0.0
210
0.0
220
0.0
230
1.0
  2
SOLID
 70
1
 71
0
 91
1
 92
3
 72
0
 73
1
 93
4
 10
13.108655462184874
 20
41.96
 10
15.491344537815127
 20
41.96
 10
15.491344537815127
 20
42.73
 10
13.108655462184874
 20
42.73
 97
0
 75
0
 76
1
 98
0
  0
TEXT
  5
73D
330
17
100
AcDbEntity
  8
Z-RZEDNE-PROJ
100
AcDbText
 10
13.188655462184874
 20
42.15
 30
0.0
 40
0.5
  1
101,28
  7
PL_ARIAL
 11
13.188655462184874
 21
42.15
 31
0.0
100
AcDbText
  0
HATCH
  5
73E
330
17
100
AcDbEntity
  8
A-MASKA
 62
7
420
16777215
100
AcDbHatch
 10
0.0
 20
0.0
 30
0.0
210
0.0
220
0.0
230
1.0
  2
SOLID
 70
1
 71
0
 91
1
 92
3
 72
0
 73
1
 93
4
 10
23.267310924369745
 20
36.99
 10
25.649999999999995
 20
36.99
 10
25.649999999999995
 20
37.76
 10
23.267310924369745
 20
37.76
 97
0
 75
0
 76
1
 98
0
  0
TEXT
  5
73F
330
17
100
AcDbEntity
  8
Z-RZEDNE-PROJ
100
AcDbText
 10
23.347310924369744
 20
37.18
 30
0.0
 40
0.5
  1
101,28
  7
PL_ARIAL
 11
23.347310924369744
 21
37.18
 31
0.0
100
AcDbText
  0
HATCH
  5
740
330
17
100
AcDbEntity
  8
A-MASKA
 62
7
420
16777215
100
AcDbHatch
 10
0.0
 20
0.0
 30
0.0
210
0.0
220
0.0
230
1.0
  2
SOLID
 70
1
 71
0
 91
1
 92
3
 72
0
 73
1
 93
4
 10
22.37731092436975
 20
28.609999999999996
 10
24.759999999999998
 20
28.609999999999996
 10
24.759999999999998
 20
29.379999999999995
 10
22.37731092436975
 20
29.379999999999995
 97
0
 75
0
 76
1
 98
0
  0
TEXT
  5
741
330
17
100
AcDbEntity
  8
Z-RZEDNE-PROJ
100
AcDbText
 10
22.457310924369747
 20
28.799999999999997
 30
0.0
 40
0.5
  1
101,28
  7
PL_ARIAL
 11
22.457310924369747
 21
28.799999999999997
 31
0.0
100
AcDbText
  0
HATCH
  5
742
330
17
100
AcDbEntity
  8
A-MASKA
 62
7
420
16777215
100
AcDbHatch
 10
0.0
 20
0.0
 30
0.0
210
0.0
220
0.0
230
1.0
  2
SOLID
 70
1
 71
0
 91
1
 92
3
 72
0
 73
1
 93
4
 10
16.054327731092435
 20
34.62
 10
18.43701680672269
 20
34.62
 10
18.43701680672269
 20
35.38999999999999
 10
16.054327731092435
 20
35.38999999999999
 97
0
 75
0
 76
1
 98
0
  0
TEXT
  5
743
330
17
100
AcDbEntity
  8
Z-RZEDNE-PROJ
100
AcDbText
 10
16.134327731092437
 20
34.809999999999995
 30
0.0
 40
0.5
  1
101,28
  7
PL_ARIAL
 11
16.134327731092437
 21
34.809999999999995
 31
0.0
100
AcDbText
  0
HATCH
  5
744
330
17
100
AcDbEntity
  8
A-MASKA
 62
7
420
16777215
100
AcDbHatch
 10
0.0
 20
0.0
 30
0.0
210
0.0
220
0.0
230
1.0
  2
SOLID
 70
1
 71
0
 91
1
 92
3
 72
0
 73
1
 93
4
 10
28.85
 20
45.2
 10
31.23268907563025
 20
45.2
 10
31.23268907563025
 20
45.97
 10
28.85
 20
45.97
 97
0
 75
0
 76
1
 98
0
  0
TEXT
  5
745
330
17
100
AcDbEntity
  8
Z-RZEDNE-PROJ
100
AcDbText
 10
28.93
 20
45.39
 30
0.0
 40
0.5
  1
101,25
  7
PL_ARIAL
 11
28.93
 21
45.39
 31
0.0
100
AcDbText
  0
HATCH
  5
746
330
17
100
AcDbEntity
  8
A-MASKA
 62
7
420
16777215
100
AcDbHatch
 10
0.0
 20
0.0
 30
0.0
210
0.0
220
0.0
230
1.0
  2
SOLID
 70
1
 71
0
 91
1
 92
3
 72
0
 73
1
 93
4
 10
32.3
 20
33.665
 10
34.68268907563025
 20
33.665
 10
34.68268907563025
 20
34.434999999999995
 10
32.3
 20
34.434999999999995
 97
0
 75
0
 76
1
 98
0
  0
TEXT
  5
747
330
17
100
AcDbEntity
  8
Z-RZEDNE-PROJ
100
AcDbText
 10
32.379999999999995
 20
33.855
 30
0.0
 40
0.5
  1
101,25
  7
PL_ARIAL
 11
32.379999999999995
 21
33.855
 31
0.0
100
AcDbText
  0
HATCH
  5
748
330
17
100
AcDbEntity
  8
A-MASKA
 62
7
420
16777215
100
AcDbHatch
 10
0.0
 20
0.0
 30
0.0
210
0.0
220
0.0
230
1.0
  2
SOLID
 70
1
 71
0
 91
1
 92
3
 72
0
 73
1
 93
4
 10
5.867310924369748
 20
29.715
 10
8.25
 20
29.715
 10
8.25
 20
30.485
 10
5.867310924369748
 20
30.485
 97
0
 75
0
 76
1
 98
0
  0
TEXT
  5
749
330
17
100
AcDbEntity
  8
Z-RZEDNE-PROJ
100
AcDbText
 10
5.947310924369748
 20
29.905
 30
0.0
 40
0.5
  1
101,25
  7
PL_ARIAL
 11
5.947310924369748
 21
29.905
 31
0.0
100
AcDbText
  0
HATCH
  5
74A
330
17
100
AcDbEntity
  8
A-MASKA
 62
7
420
16777215
100
AcDbHatch
 10
0.0
 20
0.0
 30
0.0
210
0.0
220
0.0
230
1.0
  2
SOLID
 70
1
 71
0
 91
1
 92
3
 72
0
 73
1
 93
4
 10
13.87298319327731
 20
38.81
 10
16.255672268907563
 20
38.81
 10
16.255672268907563
 20
39.58
 10
13.87298319327731
 20
39.58
 97
0
 75
0
 76
1
 98
0
  0
TEXT
  5
74B
330
17
100
AcDbEntity
  8
Z-RZEDNE-PROJ
100
AcDbText
 10
13.95298319327731
 20
39.0
 30
0.0
 40
0.5
  1
101,27
  7
PL_ARIAL
 11
13.95298319327731
 21
39.0
 31
0.0
100
AcDbText
  0
HATCH
  5
74C
330
17
100
AcDbEntity
  8
A-MASKA
 62
7
420
16777215
100
AcDbHatch
 10
0.0
 20
0.0
 30
0.0
210
0.0
220
0.0
230
1.0
  2
SOLID
 70
1
 71
0
 91
1
 92
3
 72
0
 73
1
 93
4
 10
19.938655462184872
 20
34.07
 10
22.321344537815126
 20
34.07
 10
22.321344537815126
 20
34.839999999999996
 10
19.938655462184872
 20
34.839999999999996
 97
0
 75
0
 76
1
 98
0
  0
TEXT
  5
74D
330
17
100
AcDbEntity
  8
Z-RZEDNE-PROJ
100
AcDbText
 10
20.018655462184874
 20
34.26
 30
0.0
 40
0.5
  1
101,29
  7
PL_ARIAL
 11
20.018655462184874
 21
34.26
 31
0.0
100
AcDbText
  0
HATCH
  5
74E
330
17
100
AcDbEntity
  8
A-MASKA
 62
7
420
16777215
100
AcDbHatch
 10
0.0
 20
0.0
 30
0.0
210
0.0
220
0.0
230
1.0
  2
SOLID
 70
1
 71
0
 91
1
 92
3
 72
0
 73
1
 93
4
 10
21.797310924369746
 20
41.41
 10
24.179999999999996
 20
41.41
 10
24.179999999999996
 20
42.17999999999999
 10
21.797310924369746
 20
42.17999999999999
 97
0
 75
0
 76
1
 98
0
  0
TEXT
  5
74F
330
17
100
AcDbEntity
  8
Z-RZEDNE-PROJ
100
AcDbText
 10
21.877310924369745
 20
41.599999999999994
 30
0.0
 40
0.5
  1
101,26
  7
PL_ARIAL
 11
21.877310924369745
 21
41.599999999999994
 31
0.0
100
AcDbText
  0
HATCH
  5
750
330
17
100
AcDbEntity
  8
A-MASKA
 62
7
420
16777215
100
AcDbHatch
 10
0.0
 20
0.0
 30
0.0
210
0.0
220
0.0
230
1.0
  2
SOLID
 70
1
 71
0
 91
1
 92
3
 72
0
 73
1
 93
4
 10
20.71432773109244
 20
46.72
 10
23.097016806722692
 20
46.72
 10
23.097016806722692
 20
47.489999999999995
 10
20.71432773109244
 20
47.489999999999995
 97
0
 75
0
 76
1
 98
0
  0
TEXT
  5
751
330
17
100
AcDbEntity
  8
Z-RZEDNE-PROJ
100
AcDbText
 10
20.79432773109244
 20
46.91
 30
0.0
 40
0.5
  1
101,63
  7
PL_ARIAL
 11
20.79432773109244
 21
46.91
 31
0.0
100
AcDbText
  0
HATCH
  5
752
330
17
100
AcDbEntity
  8
A-MASKA
 62
7
420
16777215
100
AcDbHatch
 10
0.0
 20
0.0
 30
0.0
210
0.0
220
0.0
230
1.0
  2
SOLID
 70
1
 71
0
 91
1
 92
3
 72
0
 73
1
 93
4
 10
14.24731092436975
 20
50.72
 10
16.63
 20
50.72
 10
16.63
 20
51.489999999999995
 10
14.24731092436975
 20
51.489999999999995
 97
0
 75
0
 76
1
 98
0
  0
TEXT
  5
753
330
17
100
AcDbEntity
  8
Z-RZEDNE-PROJ
100
AcDbText
 10
14.327310924369748
 20
50.91
 30
0.0
 40
0.5
  1
101,47
  7
PL_ARIAL
 11
14.327310924369748
 21
50.91
 31
0.0
100
AcDbText
  0
HATCH
  5
754
330
17
100
AcDbEntity
  8
A-MASKA
 62
7
420
16777215
100
AcDbHatch
 10
0.0
 20
0.0
 30
0.0
210
0.0
220
0.0
230
1.0
  2
SOLID
 70
1
 71
0
 91
1
 92
3
 72
0
 73
1
 93
4
 10
15.597310924369747
 20
44.295
 10
17.979999999999997
 20
44.295
 10
17.979999999999997
 20
45.065
 10
15.597310924369747
 20
45.065
 97
0
 75
0
 76
1
 98
0
  0
TEXT
  5
755
330
17
100
AcDbEntity
  8
Z-RZEDNE-PROJ
100
AcDbText
 10
15.677310924369745
 20
44.485
 30
0.0
 40
0.5
  1
101,47
  7
PL_ARIAL
 11
15.677310924369745
 21
44.485
 31
0.0
100
AcDbText
  0
HATCH
  5
756
330
17
100
AcDbEntity
  8
A-MASKA
 62
7
420
16777215
100
AcDbHatch
 10
0.0
 20
0.0
 30
0.0
210
0.0
220
0.0
230
1.0
  2
SOLID
 70
1
 71
0
 91
1
 92
3
 72
0
 73
1
 93
4
 10
20.42
 20
47.620000000000005
 10
22.80268907563025
 20
47.620000000000005
 10
22.80268907563025
 20
48.39
 10
20.42
 20
48.39
 97
0
 75
0
 76
1
 98
0
  0
TEXT
  5
757
330
17
100
AcDbEntity
  8
Z-RZEDNE-PROJ
100
AcDbText
 10
20.5
 20
47.81
 30
0.0
 40
0.5
  1
101,52
  7
PL_ARIAL
 11
20.5
 21
47.81
 31
0.0
100
AcDbText
  0
HATCH
  5
758
330
17
100
AcDbEntity
  8
A-MASKA
 62
7
420
16777215
100
AcDbHatch
 10
0.0
 20
0.0
 30
0.0
210
0.0
220
0.0
230
1.0
  2
SOLID
 70
1
 71
0
 91
1
 92
3
 72
0
 73
1
 93
4
 10
20.408655462184875
 20
36.71
 10
22.791344537815128
 20
36.71
 10
22.791344537815128
 20
37.48
 10
20.408655462184875
 20
37.48
 97
0
 75
0
 76
1
 98
0
  0
TEXT
  5
759
330
17
100
AcDbEntity
  8
Z-RZEDNE-PROJ
100
AcDbText
 10
20.488655462184877
 20
36.9
 30
0.0
 40
0.5
  1
101,53
  7
PL_ARIAL
 11
20.488655462184877
 21
36.9
 31
0.0
100
AcDbText
  0
HATCH
  5
75A
330
17
100
AcDbEntity
  8
A-MASKA
 62
7
420
16777215
100
AcDbHatch
 10
0.0
 20
0.0
 30
0.0
210
0.0
220
0.0
230
1.0
  2
SOLID
 70
1
 71
0
 91
1
 92
3
 72
0
 73
1
 93
4
 10
17.69731092436975
 20
47.220000000000006
 10
20.08
 20
47.220000000000006
 10
20.08
 20
47.99
 10
17.69731092436975
 20
47.99
 97
0
 75
0
 76
1
 98
0
  0
TEXT
  5
75B
330
17
100
AcDbEntity
  8
Z-RZEDNE-PROJ
100
AcDbText
 10
17.777310924369747
 20
47.410000000000004
 30
0.0
 40
0.5
  1
101,50
  7
PL_ARIAL
 11
17.777310924369747
 21
47.410000000000004
 31
0.0
100
AcDbText
  0
HATCH
  5
75C
330
17
100
AcDbEntity
  8
A-MASKA
 62
7
420
16777215
100
AcDbHatch
 10
0.0
 20
0.0
 30
0.0
210
0.0
220
0.0
230
1.0
  2
SOLID
 70
1
 71
0
 91
1
 92
3
 72
0
 73
1
 93
4
 10
16.687310924369747
 20
53.32
 10
19.069999999999997
 20
53.32
 10
19.069999999999997
 20
54.089999999999996
 10
16.687310924369747
 20
54.089999999999996
 97
0
 75
0
 76
1
 98
0
  0
TEXT
  5
75D
330
17
100
AcDbEntity
  8
Z-RZEDNE-PROJ
100
AcDbText
 10
16.767310924369745
 20
53.51
 30
0.0
 40
0.5
  1
101,47
  7
PL_ARIAL
 11
16.767310924369745
 21
53.51
 31
0.0
100
AcDbText
  0
HATCH
  5
75E
330
17
100
AcDbEntity
  8
A-MASKA
 62
7
420
16777215
100
AcDbHatch
 10
0.0
 20
0.0
 30
0.0
210
0.0
220
0.0
230
1.0
  2
SOLID
 70
1
 71
0
 91
1
 92
3
 72
0
 73
1
 93
4
 10
25.364327731092438
 20
46.4
 10
27.74701680672269
 20
46.4
 10
27.74701680672269
 20
47.169999999999995
 10
25.364327731092438
 20
47.169999999999995
 97
0
 75
0
 76
1
 98
0
  0
TEXT
  5
75F
330
17
100
AcDbEntity
  8
Z-RZEDNE-PROJ
100
AcDbText
 10
25.44432773109244
 20
46.589999999999996
 30
0.0
 40
0.5
  1
101,53
  7
PL_ARIAL
 11
25.44432773109244
 21
46.589999999999996
 31
0.0
100
AcDbText
  0
HATCH
  5
760
330
17
100
AcDbEntity
  8
A-MASKA
 62
7
420
16777215
100
AcDbHatch
 10
0.0
 20
0.0
 30
0.0
210
0.0
220
0.0
230
1.0
  2
SOLID
 70
1
 71
0
 91
1
 92
3
 72
0
 73
1
 93
4
 10
26.720000000000002
 20
48.720000000000006
 10
29.102689075630252
 20
48.720000000000006
 10
29.102689075630252
 20
49.49
 10
26.720000000000002
 20
49.49
 97
0
 75
0
 76
1
 98
0
  0
TEXT
  5
761
330
17
100
AcDbEntity
  8
Z-RZEDNE-PROJ
100
AcDbText
 10
26.8
 20
48.910000000000004
 30
0.0
 40
0.5
  1
101,50
  7
PL_ARIAL
 11
26.8
 21
48.910000000000004
 31
0.0
100
AcDbText
  0
HATCH
  5
762
330
17
100
AcDbEntity
  8
A-MASKA
 62
7
420
16777215
100
AcDbHatch
 10
0.0
 20
0.0
 30
0.0
210
0.0
220
0.0
230
1.0
  2
SOLID
 70
1
 71
0
 91
1
 92
3
 72
0
 73
1
 93
4
 10
32.37
 20
37.265
 10
34.75268907563025
 20
37.265
 10
34.75268907563025
 20
38.035
 10
32.37
 20
38.035
 97
0
 75
0
 76
1
 98
0
  0
TEXT
  5
763
330
17
100
AcDbEntity
  8
Z-RZEDNE-PROJ
100
AcDbText
 10
32.449999999999996
 20
37.455
 30
0.0
 40
0.5
  1
101,51
  7
PL_ARIAL
 11
32.449999999999996
 21
37.455
 31
0.0
100
AcDbText
  0
HATCH
  5
764
330
17
100
AcDbEntity
  8
A-MASKA
 62
7
420
16777215
100
AcDbHatch
 10
0.0
 20
0.0
 30
0.0
210
0.0
220
0.0
230
1.0
  2
SOLID
 70
1
 71
0
 91
1
 92
3
 72
0
 73
1
 93
4
 10
8.02
 20
27.0625
 10
10.402689075630253
 20
27.0625
 10
10.402689075630253
 20
27.8325
 10
8.02
 20
27.8325
 97
0
 75
0
 76
1
 98
0
  0
TEXT
  5
765
330
17
100
AcDbEntity
  8
Z-RZEDNE-PROJ
100
AcDbText
 10
8.1
 20
27.2525
 30
0.0
 40
0.5
  1
101,26
  7
PL_ARIAL
 11
8.1
 21
27.2525
 31
0.0
100
AcDbText
  0
HATCH
  5
766
330
17
100
AcDbEntity
  8
A-MASKA
 62
7
420
16777215
100
AcDbHatch
 10
0.0
 20
0.0
 30
0.0
210
0.0
220
0.0
230
1.0
  2
SOLID
 70
1
 71
0
 91
1
 92
3
 72
0
 73
1
 93
4
 10
1.3973109243697475
 20
25.409999999999997
 10
3.78
 20
25.409999999999997
 10
3.78
 20
26.179999999999996
 10
1.3973109243697475
 20
26.179999999999996
 97
0
 75
0
 76
1
 98
0
  0
TEXT
  5
767
330
17
100
AcDbEntity
  8
Z-RZEDNE-PROJ
100
AcDbText
 10
1.4773109243697475
 20
25.599999999999998
 30
0.0
 40
0.5
  1
101,25
  7
PL_ARIAL
 11
1.4773109243697475
 21
25.599999999999998
 31
0.0
100
AcDbText
  0
HATCH
  5
768
330
17
100
AcDbEntity
  8
A-MASKA
 62
7
420
16777215
100
AcDbHatch
 10
0.0
 20
0.0
 30
0.0
210
0.0
220
0.0
230
1.0
  2
SOLID
 70
1
 71
0
 91
1
 92
3
 72
0
 73
1
 93
4
 10
1.6973109243697473
 20
23.314999999999998
 10
4.079999999999999
 20
23.314999999999998
 10
4.079999999999999
 20
24.084999999999997
 10
1.6973109243697473
 20
24.084999999999997
 97
0
 75
0
 76
1
 98
0
  0
TEXT
  5
769
330
17
100
AcDbEntity
  8
Z-RZEDNE-PROJ
100
AcDbText
 10
1.7773109243697474
 20
23.505
 30
0.0
 40
0.5
  1
101,24
  7
PL_ARIAL
 11
1.7773109243697474
 21
23.505
 31
0.0
100
AcDbText
  0
HATCH
  5
76A
330
17
100
AcDbEntity
  8
A-MASKA
 62
7
420
16777215
100
AcDbHatch
 10
0.0
 20
0.0
 30
0.0
210
0.0
220
0.0
230
1.0
  2
SOLID
 70
1
 71
0
 91
1
 92
3
 72
0
 73
1
 93
4
 10
4.52
 20
20.919999999999998
 10
6.902689075630252
 20
20.919999999999998
 10
6.902689075630252
 20
21.689999999999998
 10
4.52
 20
21.689999999999998
 97
0
 75
0
 76
1
 98
0
  0
TEXT
  5
76B
330
17
100
AcDbEntity
  8
Z-RZEDNE-PROJ
100
AcDbText
 10
4.6
 20
21.11
 30
0.0
 40
0.5
  1
101,23
  7
PL_ARIAL
 11
4.6
 21
21.11
 31
0.0
100
AcDbText
  0
HATCH
  5
76C
330
17
100
AcDbEntity
  8
A-MASKA
 62
7
420
16777215
100
AcDbHatch
 10
0.0
 20
0.0
 30
0.0
210
0.0
220
0.0
230
1.0
  2
SOLID
 70
1
 71
0
 91
1
 92
3
 72
0
 73
1
 93
4
 10
10.764327731092436
 20
27.209999999999997
 10
13.14701680672269
 20
27.209999999999997
 10
13.14701680672269
 20
27.979999999999997
 10
10.764327731092436
 20
27.979999999999997
 97
0
 75
0
 76
1
 98
0
  0
TEXT
  5
76D
330
17
100
AcDbEntity
  8
Z-RZEDNE-PROJ
100
AcDbText
 10
10.844327731092436
 20
27.4
 30
0.0
 40
0.5
  1
101,26
  7
PL_ARIAL
 11
10.844327731092436
 21
27.4
 31
0.0
100
AcDbText
  0
HATCH
  5
76E
330
17
100
AcDbEntity
  8
A-MASKA
 62
7
420
16777215
100
AcDbHatch
 10
0.0
 20
0.0
 30
0.0
210
0.0
220
0.0
230
1.0
  2
SOLID
 70
1
 71
0
 91
1
 92
3
 72
0
 73
1
 93
4
 10
7.997310924369748
 20
23.314999999999998
 10
10.38
 20
23.314999999999998
 10
10.38
 20
24.084999999999997
 10
7.997310924369748
 20
24.084999999999997
 97
0
 75
0
 76
1
 98
0
  0
TEXT
  5
76F
330
17
100
AcDbEntity
  8
Z-RZEDNE-PROJ
100
AcDbText
 10
8.077310924369748
 20
23.505
 30
0.0
 40
0.5
  1
101,24
  7
PL_ARIAL
 11
8.077310924369748
 21
23.505
 31
0.0
100
AcDbText
  0
HATCH
  5
770
330
17
100
AcDbEntity
  8
A-MASKA
 62
7
420
16777215
100
AcDbHatch
 10
0.0
 20
0.0
 30
0.0
210
0.0
220
0.0
230
1.0
  2
SOLID
 70
1
 71
0
 91
1
 92
3
 72
0
 73
1
 93
4
 10
10.819999999999999
 20
20.314999999999998
 10
13.20268907563025
 20
20.314999999999998
 10
13.20268907563025
 20
21.084999999999997
 10
10.819999999999999
 20
21.084999999999997
 97
0
 75
0
 76
1
 98
0
  0
TEXT
  5
771
330
17
100
AcDbEntity
  8
Z-RZEDNE-PROJ
100
AcDbText
 10
10.899999999999999
 20
20.505
 30
0.0
 40
0.5
  1
101,23
  7
PL_ARIAL
 11
10.899999999999999
 21
20.505
 31
0.0
100
AcDbText
  0
HATCH
  5
772
330
17
100
AcDbEntity
  8
A-MASKA
 62
7
420
16777215
100
AcDbHatch
 10
0.0
 20
0.0
 30
0.0
210
0.0
220
0.0
230
1.0
  2
SOLID
 70
1
 71
0
 91
1
 92
3
 72
0
 73
1
 93
4
 10
12.408655462184873
 20
23.81
 10
14.791344537815126
 20
23.81
 10
14.791344537815126
 20
24.58
 10
12.408655462184873
 20
24.58
 97
0
 75
0
 76
1
 98
0
  0
TEXT
  5
773
330
17
100
AcDbEntity
  8
Z-RZEDNE-PROJ
100
AcDbText
 10
12.488655462184873
 20
24.0
 30
0.0
 40
0.5
  1
101,25
  7
PL_ARIAL
 11
12.488655462184873
 21
24.0
 31
0.0
100
AcDbText
  0
HATCH
  5
774
330
17
100
AcDbEntity
  8
A-MASKA
 62
7
420
16777215
100
AcDbHatch
 10
0.0
 20
0.0
 30
0.0
210
0.0
220
0.0
230
1.0
  2
SOLID
 70
1
 71
0
 91
1
 92
3
 72
0
 73
1
 93
4
 10
20.320000000000004
 20
27.0625
 10
22.702689075630254
 20
27.0625
 10
22.702689075630254
 20
27.8325
 10
20.320000000000004
 20
27.8325
 97
0
 75
0
 76
1
 98
0
  0
TEXT
  5
775
330
17
100
AcDbEntity
  8
Z-RZEDNE-PROJ
100
AcDbText
 10
20.400000000000002
 20
27.2525
 30
0.0
 40
0.5
  1
101,26
  7
PL_ARIAL
 11
20.400000000000002
 21
27.2525
 31
0.0
100
AcDbText
  0
HATCH
  5
776
330
17
100
AcDbEntity
  8
A-MASKA
 62
7
420
16777215
100
AcDbHatch
 10
0.0
 20
0.0
 30
0.0
210
0.0
220
0.0
230
1.0
  2
SOLID
 70
1
 71
0
 91
1
 92
3
 72
0
 73
1
 93
4
 10
16.820000000000004
 20
23.314999999999998
 10
19.202689075630254
 20
23.314999999999998
 10
19.202689075630254
 20
24.084999999999997
 10
16.820000000000004
 20
24.084999999999997
 97
0
 75
0
 76
1
 98
0
  0
TEXT
  5
777
330
17
100
AcDbEntity
  8
Z-RZEDNE-PROJ
100
AcDbText
 10
16.900000000000002
 20
23.505
 30
0.0
 40
0.5
  1
101,24
  7
PL_ARIAL
 11
16.900000000000002
 21
23.505
 31
0.0
100
AcDbText
  0
HATCH
  5
778
330
17
100
AcDbEntity
  8
A-MASKA
 62
7
420
16777215
100
AcDbHatch
 10
0.0
 20
0.0
 30
0.0
210
0.0
220
0.0
230
1.0
  2
SOLID
 70
1
 71
0
 91
1
 92
3
 72
0
 73
1
 93
4
 10
16.820000000000004
 20
20.919999999999998
 10
19.202689075630254
 20
20.919999999999998
 10
19.202689075630254
 20
21.689999999999998
 10
16.820000000000004
 20
21.689999999999998
 97
0
 75
0
 76
1
 98
0
  0
TEXT
  5
779
330
17
100
AcDbEntity
  8
Z-RZEDNE-PROJ
100
AcDbText
 10
16.900000000000002
 20
21.11
 30
0.0
 40
0.5
  1
101,23
  7
PL_ARIAL
 11
16.900000000000002
 21
21.11
 31
0.0
100
AcDbText
  0
HATCH
  5
77A
330
17
100
AcDbEntity
  8
A-MASKA
 62
7
420
16777215
100
AcDbHatch
 10
0.0
 20
0.0
 30
0.0
210
0.0
220
0.0
230
1.0
  2
SOLID
 70
1
 71
0
 91
1
 92
3
 72
0
 73
1
 93
4
 10
16.99731092436975
 20
26.314999999999998
 10
19.38
 20
26.314999999999998
 10
19.38
 20
27.084999999999997
 10
16.99731092436975
 20
27.084999999999997
 97
0
 75
0
 76
1
 98
0
  0
TEXT
  5
77B
330
17
100
AcDbEntity
  8
Z-RZEDNE-PROJ
100
AcDbText
 10
17.077310924369748
 20
26.505
 30
0.0
 40
0.5
  1
101,25
  7
PL_ARIAL
 11
17.077310924369748
 21
26.505
 31
0.0
100
AcDbText
  0
HATCH
  5
77C
330
17
100
AcDbEntity
  8
A-MASKA
 62
7
420
16777215
100
AcDbHatch
 10
0.0
 20
0.0
 30
0.0
210
0.0
220
0.0
230
1.0
  2
SOLID
 70
1
 71
0
 91
1
 92
3
 72
0
 73
1
 93
4
 10
25.320000000000004
 20
29.115
 10
27.702689075630254
 20
29.115
 10
27.702689075630254
 20
29.884999999999998
 10
25.320000000000004
 20
29.884999999999998
 97
0
 75
0
 76
1
 98
0
  0
TEXT
  5
77D
330
17
100
AcDbEntity
  8
Z-RZEDNE-PROJ
100
AcDbText
 10
25.400000000000002
 20
29.305
 30
0.0
 40
0.5
  1
101,26
  7
PL_ARIAL
 11
25.400000000000002
 21
29.305
 31
0.0
100
AcDbText
  0
HATCH
  5
77E
330
17
100
AcDbEntity
  8
A-MASKA
 62
7
420
16777215
100
AcDbHatch
 10
0.0
 20
0.0
 30
0.0
210
0.0
220
0.0
230
1.0
  2
SOLID
 70
1
 71
0
 91
1
 92
3
 72
0
 73
1
 93
4
 10
22.820000000000004
 20
23.314999999999998
 10
25.202689075630254
 20
23.314999999999998
 10
25.202689075630254
 20
24.084999999999997
 10
22.820000000000004
 20
24.084999999999997
 97
0
 75
0
 76
1
 98
0
  0
TEXT
  5
77F
330
17
100
AcDbEntity
  8
Z-RZEDNE-PROJ
100
AcDbText
 10
22.900000000000002
 20
23.505
 30
0.0
 40
0.5
  1
101,24
  7
PL_ARIAL
 11
22.900000000000002
 21
23.505
 31
0.0
100
AcDbText
  0
HATCH
  5
780
330
17
100
AcDbEntity
  8
A-MASKA
 62
7
420
16777215
100
AcDbHatch
 10
0.0
 20
0.0
 30
0.0
210
0.0
220
0.0
230
1.0
  2
SOLID
 70
1
 71
0
 91
1
 92
3
 72
0
 73
1
 93
4
 10
22.820000000000004
 20
20.919999999999998
 10
25.202689075630254
 20
20.919999999999998
 10
25.202689075630254
 20
21.689999999999998
 10
22.820000000000004
 20
21.689999999999998
 97
0
 75
0
 76
1
 98
0
  0
TEXT
  5
781
330
17
100
AcDbEntity
  8
Z-RZEDNE-PROJ
100
AcDbText
 10
22.900000000000002
 20
21.11
 30
0.0
 40
0.5
  1
101,23
  7
PL_ARIAL
 11
22.900000000000002
 21
21.11
 31
0.0
100
AcDbText
  0
HATCH
  5
782
330
17
100
AcDbEntity
  8
A-MASKA
 62
7
420
16777215
100
AcDbHatch
 10
0.0
 20
0.0
 30
0.0
210
0.0
220
0.0
230
1.0
  2
SOLID
 70
1
 71
0
 91
1
 92
3
 72
0
 73
1
 93
4
 10
25.820000000000004
 20
26.314999999999998
 10
28.202689075630254
 20
26.314999999999998
 10
28.202689075630254
 20
27.084999999999997
 10
25.820000000000004
 20
27.084999999999997
 97
0
 75
0
 76
1
 98
0
  0
TEXT
  5
783
330
17
100
AcDbEntity
  8
Z-RZEDNE-PROJ
100
AcDbText
 10
25.900000000000002
 20
26.505
 30
0.0
 40
0.5
  1
101,25
  7
PL_ARIAL
 11
25.900000000000002
 21
26.505
 31
0.0
100
AcDbText
  0
HATCH
  5
784
330
17
100
AcDbEntity
  8
A-MASKA
 62
7
420
16777215
100
AcDbHatch
 10
0.0
 20
0.0
 30
0.0
210
0.0
220
0.0
230
1.0
  2
SOLID
 70
1
 71
0
 91
1
 92
3
 72
0
 73
1
 93
4
 10
2.62
 20
41.220000000000006
 10
5.0026890756302524
 20
41.220000000000006
 10
5.0026890756302524
 20
41.99
 10
2.62
 20
41.99
 97
0
 75
0
 76
1
 98
0
  0
TEXT
  5
785
330
17
100
AcDbEntity
  8
Z-RZEDNE-PROJ
100
AcDbText
 10
2.7
 20
41.410000000000004
 30
0.0
 40
0.5
  1
101,27
  7
PL_ARIAL
 11
2.7
 21
41.410000000000004
 31
0.0
100
AcDbText
  0
HATCH
  5
786
330
17
100
AcDbEntity
  8
A-MASKA
 62
7
420
16777215
100
AcDbHatch
 10
0.0
 20
0.0
 30
0.0
210
0.0
220
0.0
230
1.0
  2
SOLID
 70
1
 71
0
 91
1
 92
3
 72
0
 73
1
 93
4
 10
2.6086554621848737
 20
36.71000000000001
 10
4.9913445378151255
 20
36.71000000000001
 10
4.9913445378151255
 20
37.480000000000004
 10
2.6086554621848737
 20
37.480000000000004
 97
0
 75
0
 76
1
 98
0
  0
TEXT
  5
787
330
17
100
AcDbEntity
  8
Z-RZEDNE-PROJ
100
AcDbText
 10
2.6886554621848737
 20
36.900000000000006
 30
0.0
 40
0.5
  1
101,26
  7
PL_ARIAL
 11
2.6886554621848737
 21
36.900000000000006
 31
0.0
100
AcDbText
  0
HATCH
  5
788
330
17
100
AcDbEntity
  8
A-MASKA
 62
7
420
16777215
100
AcDbHatch
 10
0.0
 20
0.0
 30
0.0
210
0.0
220
0.0
230
1.0
  2
SOLID
 70
1
 71
0
 91
1
 92
3
 72
0
 73
1
 93
4
 10
2.6086554621848737
 20
31.81
 10
4.9913445378151255
 20
31.81
 10
4.9913445378151255
 20
32.58
 10
2.6086554621848737
 20
32.58
 97
0
 75
0
 76
1
 98
0
  0
TEXT
  5
789
330
17
100
AcDbEntity
  8
Z-RZEDNE-PROJ
100
AcDbText
 10
2.6886554621848737
 20
32.0
 30
0.0
 40
0.5
  1
101,25
  7
PL_ARIAL
 11
2.6886554621848737
 21
32.0
 31
0.0
100
AcDbText
  0
HATCH
  5
78A
330
17
100
AcDbEntity
  8
A-MASKA
 62
7
420
16777215
100
AcDbHatch
 10
0.0
 20
0.0
 30
0.0
210
0.0
220
0.0
230
1.0
  2
SOLID
 70
1
 71
0
 91
1
 92
3
 72
0
 73
1
 93
4
 10
1.1973109243697473
 20
42.21000000000001
 10
3.5799999999999996
 20
42.21000000000001
 10
3.5799999999999996
 20
42.980000000000004
 10
1.1973109243697473
 20
42.980000000000004
 97
0
 75
0
 76
1
 98
0
  0
TEXT
  5
78B
330
17
100
AcDbEntity
  8
Z-RZEDNE-PROJ
100
AcDbText
 10
1.2773109243697474
 20
42.400000000000006
 30
0.0
 40
0.5
  1
101,26
  7
PL_ARIAL
 11
1.2773109243697474
 21
42.400000000000006
 31
0.0
100
AcDbText
  0
HATCH
  5
78C
330
17
100
AcDbEntity
  8
A-MASKA
 62
7
420
16777215
100
AcDbHatch
 10
0.0
 20
0.0
 30
0.0
210
0.0
220
0.0
230
1.0
  2
SOLID
 70
1
 71
0
 91
1
 92
3
 72
0
 73
1
 93
4
 10
32.32
 20
27.209999999999997
 10
34.70268907563025
 20
27.209999999999997
 10
34.70268907563025
 20
27.979999999999997
 10
32.32
 20
27.979999999999997
 97
0
 75
0
 76
1
 98
0
  0
TEXT
  5
78D
330
17
100
AcDbEntity
  8
Z-RZEDNE-PROJ
100
AcDbText
 10
32.4
 20
27.4
 30
0.0
 40
0.5
  1
101,21
  7
PL_ARIAL
 11
32.4
 21
27.4
 31
0.0
100
AcDbText
  0
HATCH
  5
78E
330
17
100
AcDbEntity
  8
A-MASKA
 62
7
420
16777215
100
AcDbHatch
 10
0.0
 20
0.0
 30
0.0
210
0.0
220
0.0
230
1.0
  2
SOLID
 70
1
 71
0
 91
1
 92
3
 72
0
 73
1
 93
4
 10
32.32
 20
29.314999999999998
 10
34.70268907563025
 20
29.314999999999998
 10
34.70268907563025
 20
30.084999999999997
 10
32.32
 20
30.084999999999997
 97
0
 75
0
 76
1
 98
0
  0
TEXT
  5
78F
330
17
100
AcDbEntity
  8
Z-RZEDNE-PROJ
100
AcDbText
 10
32.4
 20
29.505
 30
0.0
 40
0.5
  1
101,20
  7
PL_ARIAL
 11
32.4
 21
29.505
 31
0.0
100
AcDbText
  0
HATCH
  5
790
330
17
100
AcDbEntity
  8
A-MASKA
 62
7
420
16777215
100
AcDbHatch
 10
0.0
 20
0.0
 30
0.0
210
0.0
220
0.0
230
1.0
  2
SOLID
 70
1
 71
0
 91
1
 92
3
 72
0
 73
1
 93
4
 10
1.9973109243697467
 20
45.315000000000005
 10
4.379999999999999
 20
45.315000000000005
 10
4.379999999999999
 20
46.085
 10
1.9973109243697467
 20
46.085
 97
0
 75
0
 76
1
 98
0
  0
TEXT
  5
791
330
17
100
AcDbEntity
  8
Z-RZEDNE-PROJ
100
AcDbText
 10
2.0773109243697467
 20
45.505
 30
0.0
 40
0.5
  1
101,40
  7
PL_ARIAL
 11
2.0773109243697467
 21
45.505
 31
0.0
100
AcDbText
  0
HATCH
  5
792
330
17
100
AcDbEntity
  8
A-MASKA
 62
7
420
16777215
100
AcDbHatch
 10
0.0
 20
0.0
 30
0.0
210
0.0
220
0.0
230
1.0
  2
SOLID
 70
1
 71
0
 91
1
 92
3
 72
0
 73
1
 93
4
 10
10.12
 20
47.220000000000006
 10
12.50268907563025
 20
47.220000000000006
 10
12.50268907563025
 20
47.99
 10
10.12
 20
47.99
 97
0
 75
0
 76
1
 98
0
  0
TEXT
  5
793
330
17
100
AcDbEntity
  8
Z-RZEDNE-PROJ
100
AcDbText
 10
10.2
 20
47.410000000000004
 30
0.0
 40
0.5
  1
101,41
  7
PL_ARIAL
 11
10.2
 21
47.410000000000004
 31
0.0
100
AcDbText
  0
HATCH
  5
794
330
17
100
AcDbEntity
  8
A-MASKA
 62
7
420
16777215
100
AcDbHatch
 10
0.0
 20
0.0
 30
0.0
210
0.0
220
0.0
230
1.0
  2
SOLID
 70
1
 71
0
 91
1
 92
3
 72
0
 73
1
 93
4
 10
9.99731092436975
 20
45.92
 10
12.38
 20
45.92
 10
12.38
 20
46.69
 10
9.99731092436975
 20
46.69
 97
0
 75
0
 76
1
 98
0
  0
TEXT
  5
795
330
17
100
AcDbEntity
  8
Z-RZEDNE-PROJ
100
AcDbText
 10
10.077310924369748
 20
46.11
 30
0.0
 40
0.5
  1
101,43
  7
PL_ARIAL
 11
10.077310924369748
 21
46.11
 31
0.0
100
AcDbText
  0
HATCH
  5
796
330
17
100
AcDbEntity
  8
A-MASKA
 62
7
420
16777215
100
AcDbHatch
 10
0.0
 20
0.0
 30
0.0
210
0.0
220
0.0
230
1.0
  2
SOLID
 70
1
 71
0
 91
1
 92
3
 72
0
 73
1
 93
4
 10
9.29731092436975
 20
50.620000000000005
 10
11.680000000000001
 20
50.620000000000005
 10
11.680000000000001
 20
51.39
 10
9.29731092436975
 20
51.39
 97
0
 75
0
 76
1
 98
0
  0
TEXT
  5
797
330
17
100
AcDbEntity
  8
Z-RZEDNE-PROJ
100
AcDbText
 10
9.377310924369748
 20
50.81
 30
0.0
 40
0.5
  1
101,45
  7
PL_ARIAL
 11
9.377310924369748
 21
50.81
 31
0.0
100
AcDbText
  0
HATCH
  5
798
330
17
100
AcDbEntity
  8
A-MASKA
 62
7
420
16777215
100
AcDbHatch
 10
0.0
 20
0.0
 30
0.0
210
0.0
220
0.0
230
1.0
  2
SOLID
 70
1
 71
0
 91
1
 92
3
 72
0
 73
1
 93
4
 10
32.46432773109244
 20
45.620000000000005
 10
34.84701680672269
 20
45.620000000000005
 10
34.84701680672269
 20
46.39
 10
32.46432773109244
 20
46.39
 97
0
 75
0
 76
1
 98
0
  0
TEXT
  5
799
330
17
100
AcDbEntity
  8
Z-RZEDNE-PROJ
100
AcDbText
 10
32.54432773109244
 20
45.81
 30
0.0
 40
0.5
  1
101,49
  7
PL_ARIAL
 11
32.54432773109244
 21
45.81
 31
0.0
100
AcDbText
  0
HATCH
  5
79A
330
17
100
AcDbEntity
  8
A-MASKA
 62
7
420
16777215
100
AcDbHatch
 10
0.0
 20
0.0
 30
0.0
210
0.0
220
0.0
230
1.0
  2
SOLID
 70
1
 71
0
 91
1
 92
3
 72
0
 73
1
 93
4
 10
32.46432773109244
 20
41.620000000000005
 10
34.84701680672269
 20
41.620000000000005
 10
34.84701680672269
 20
42.39
 10
32.46432773109244
 20
42.39
 97
0
 75
0
 76
1
 98
0
  0
TEXT
  5
79B
330
17
100
AcDbEntity
  8
Z-RZEDNE-PROJ
100
AcDbText
 10
32.54432773109244
 20
41.81
 30
0.0
 40
0.5
  1
101,46
  7
PL_ARIAL
 11
32.54432773109244
 21
41.81
 31
0.0
100
AcDbText
  0
HATCH
  5
79C
330
17
100
AcDbEntity
  8
A-MASKA
 62
7
420
16777215
100
AcDbHatch
 10
0.0
 20
0.0
 30
0.0
210
0.0
220
0.0
230
1.0
  2
SOLID
 70
1
 71
0
 91
1
 92
3
 72
0
 73
1
 93
4
 10
32.120000000000005
 20
30.41
 10
34.50268907563026
 20
30.41
 10
34.50268907563026
 20
31.18
 10
32.120000000000005
 20
31.18
 97
0
 75
0
 76
1
 98
0
  0
TEXT
  5
79D
330
17
100
AcDbEntity
  8
Z-RZEDNE-PROJ
100
AcDbText
 10
32.2
 20
30.6
 30
0.0
 40
0.5
  1
101,44
  7
PL_ARIAL
 11
32.2
 21
30.6
 31
0.0
100
AcDbText
  0
HATCH
  5
79E
330
17
100
AcDbEntity
  8
A-MASKA
 62
7
420
16777215
100
AcDbHatch
 10
0.0
 20
0.0
 30
0.0
210
0.0
220
0.0
230
1.0
  2
SOLID
 70
1
 71
0
 91
1
 92
3
 72
0
 73
1
 93
4
 10
1.52
 20
1.5200000000000005
 10
3.9026890756302524
 20
1.5200000000000005
 10
3.9026890756302524
 20
2.2900000000000005
 10
1.52
 20
2.2900000000000005
 97
0
 75
0
 76
1
 98
0
  0
TEXT
  5
79F
330
17
100
AcDbEntity
  8
Z-RZEDNE
420
7029795
100
AcDbText
 10
1.6
 20
1.7100000000000004
 30
0.0
 40
0.5
  1
101,10
  7
PL_ARIAL_I
 11
1.6
 21
1.7100000000000004
 31
0.0
100
AcDbText
  0
HATCH
  5
7A0
330
17
100
AcDbEntity
  8
A-MASKA
 62
7
420
16777215
100
AcDbHatch
 10
0.0
 20
0.0
 30
0.0
210
0.0
220
0.0
230
1.0
  2
SOLID
 70
1
 71
0
 91
1
 92
3
 72
0
 73
1
 93
4
 10
2.397310924369747
 20
-0.9900000000000001
 10
4.779999999999999
 20
-0.9900000000000001
 10
4.779999999999999
 20
-0.22000000000000008
 10
2.397310924369747
 20
-0.22000000000000008
 97
0
 75
0
 76
1
 98
0
  0
TEXT
  5
7A1
330
17
100
AcDbEntity
  8
Z-RZEDNE
420
7029795
100
AcDbText
 10
2.477310924369747
 20
-0.8
 30
0.0
 40
0.5
  1
101,12
  7
PL_ARIAL_I
 11
2.477310924369747
 21
-0.8
 31
0.0
100
AcDbText
  0
HATCH
  5
7A2
330
17
100
AcDbEntity
  8
A-MASKA
 62
7
420
16777215
100
AcDbHatch
 10
0.0
 20
0.0
 30
0.0
210
0.0
220
0.0
230
1.0
  2
SOLID
 70
1
 71
0
 91
1
 92
3
 72
0
 73
1
 93
4
 10
10.219999999999999
 20
-0.9900000000000001
 10
12.602689075630252
 20
-0.9900000000000001
 10
12.602689075630252
 20
-0.22000000000000008
 10
10.219999999999999
 20
-0.22000000000000008
 97
0
 75
0
 76
1
 98
0
  0
TEXT
  5
7A3
330
17
100
AcDbEntity
  8
Z-RZEDNE
420
7029795
100
AcDbText
 10
10.299999999999999
 20
-0.8
 30
0.0
 40
0.5
  1
101,15
  7
PL_ARIAL_I
 11
10.299999999999999
 21
-0.8
 31
0.0
100
AcDbText
  0
HATCH
  5
7A4
330
17
100
AcDbEntity
  8
A-MASKA
 62
7
420
16777215
100
AcDbHatch
 10
0.0
 20
0.0
 30
0.0
210
0.0
220
0.0
230
1.0
  2
SOLID
 70
1
 71
0
 91
1
 92
3
 72
0
 73
1
 93
4
 10
15.219999999999999
 20
-0.9900000000000001
 10
17.602689075630252
 20
-0.9900000000000001
 10
17.602689075630252
 20
-0.22000000000000008
 10
15.219999999999999
 20
-0.22000000000000008
 97
0
 75
0
 76
1
 98
0
  0
TEXT
  5
7A5
330
17
100
AcDbEntity
  8
Z-RZEDNE
420
7029795
100
AcDbText
 10
15.299999999999999
 20
-0.8
 30
0.0
 40
0.5
  1
101,17
  7
PL_ARIAL_I
 11
15.299999999999999
 21
-0.8
 31
0.0
100
AcDbText
  0
HATCH
  5
7A6
330
17
100
AcDbEntity
  8
A-MASKA
 62
7
420
16777215
100
AcDbHatch
 10
0.0
 20
0.0
 30
0.0
210
0.0
220
0.0
230
1.0
  2
SOLID
 70
1
 71
0
 91
1
 92
3
 72
0
 73
1
 93
4
 10
18.808655462184873
 20
-1.29
 10
21.191344537815127
 20
-1.29
 10
21.191344537815127
 20
-0.5200000000000001
 10
18.808655462184873
 20
-0.5200000000000001
 97
0
 75
0
 76
1
 98
0
  0
TEXT
  5
7A7
330
17
100
AcDbEntity
  8
Z-RZEDNE
420
7029795
100
AcDbText
 10
18.888655462184875
 20
-1.1
 30
0.0
 40
0.5
  1
101,19
  7
PL_ARIAL_I
 11
18.888655462184875
 21
-1.1
 31
0.0
100
AcDbText
  0
HATCH
  5
7A8
330
17
100
AcDbEntity
  8
A-MASKA
 62
7
420
16777215
100
AcDbHatch
 10
0.0
 20
0.0
 30
0.0
210
0.0
220
0.0
230
1.0
  2
SOLID
 70
1
 71
0
 91
1
 92
3
 72
0
 73
1
 93
4
 10
25.220000000000002
 20
-0.9900000000000001
 10
27.602689075630252
 20
-0.9900000000000001
 10
27.602689075630252
 20
-0.22000000000000008
 10
25.220000000000002
 20
-0.22000000000000008
 97
0
 75
0
 76
1
 98
0
  0
TEXT
  5
7A9
330
17
100
AcDbEntity
  8
Z-RZEDNE
420
7029795
100
AcDbText
 10
25.3
 20
-0.8
 30
0.0
 40
0.5
  1
101,22
  7
PL_ARIAL_I
 11
25.3
 21
-0.8
 31
0.0
100
AcDbText
  0
HATCH
  5
7AA
330
17
100
AcDbEntity
  8
A-MASKA
 62
7
420
16777215
100
AcDbHatch
 10
0.0
 20
0.0
 30
0.0
210
0.0
220
0.0
230
1.0
  2
SOLID
 70
1
 71
0
 91
1
 92
3
 72
0
 73
1
 93
4
 10
28.808655462184873
 20
-1.29
 10
31.191344537815127
 20
-1.29
 10
31.191344537815127
 20
-0.5200000000000001
 10
28.808655462184873
 20
-0.5200000000000001
 97
0
 75
0
 76
1
 98
0
  0
TEXT
  5
7AB
330
17
100
AcDbEntity
  8
Z-RZEDNE
420
7029795
100
AcDbText
 10
28.888655462184875
 20
-1.1
 30
0.0
 40
0.5
  1
101,24
  7
PL_ARIAL_I
 11
28.888655462184875
 21
-1.1
 31
0.0
100
AcDbText
  0
HATCH
  5
7AC
330
17
100
AcDbEntity
  8
A-MASKA
 62
7
420
16777215
100
AcDbHatch
 10
0.0
 20
0.0
 30
0.0
210
0.0
220
0.0
230
1.0
  2
SOLID
 70
1
 71
0
 91
1
 92
3
 72
0
 73
1
 93
4
 10
32.22
 20
0.2199999999999999
 10
34.60268907563025
 20
0.2199999999999999
 10
34.60268907563025
 20
0.9899999999999999
 10
32.22
 20
0.9899999999999999
 97
0
 75
0
 76
1
 98
0
  0
TEXT
  5
7AD
330
17
100
AcDbEntity
  8
Z-RZEDNE
420
7029795
100
AcDbText
 10
32.3
 20
0.4099999999999999
 30
0.0
 40
0.5
  1
101,25
  7
PL_ARIAL_I
 11
32.3
 21
0.4099999999999999
 31
0.0
100
AcDbText
  0
HATCH
  5
7AE
330
17
100
AcDbEntity
  8
A-MASKA
 62
7
420
16777215
100
AcDbHatch
 10
0.0
 20
0.0
 30
0.0
210
0.0
220
0.0
230
1.0
  2
SOLID
 70
1
 71
0
 91
1
 92
3
 72
0
 73
1
 93
4
 10
-2.602689075630252
 20
5.22
 10
-0.22000000000000003
 20
5.22
 10
-0.22000000000000003
 20
5.99
 10
-2.602689075630252
 20
5.99
 97
0
 75
0
 76
1
 98
0
  0
TEXT
  5
7AF
330
17
100
AcDbEntity
  8
Z-RZEDNE
420
7029795
100
AcDbText
 10
-2.522689075630252
 20
5.41
 30
0.0
 40
0.5
  1
101,13
  7
PL_ARIAL_I
 11
-2.522689075630252
 21
5.41
 31
0.0
100
AcDbText
  0
HATCH
  5
7B0
330
17
100
AcDbEntity
  8
A-MASKA
 62
7
420
16777215
100
AcDbHatch
 10
0.0
 20
0.0
 30
0.0
210
0.0
220
0.0
230
1.0
  2
SOLID
 70
1
 71
0
 91
1
 92
3
 72
0
 73
1
 93
4
 10
1.6973109243697477
 20
5.919999999999999
 10
4.08
 20
5.919999999999999
 10
4.08
 20
6.6899999999999995
 10
1.6973109243697477
 20
6.6899999999999995
 97
0
 75
0
 76
1
 98
0
  0
TEXT
  5
7B1
330
17
100
AcDbEntity
  8
Z-RZEDNE
420
7029795
100
AcDbText
 10
1.7773109243697478
 20
6.109999999999999
 30
0.0
 40
0.5
  1
101,15
  7
PL_ARIAL_I
 11
1.7773109243697478
 21
6.109999999999999
 31
0.0
100
AcDbText
  0
HATCH
  5
7B2
330
17
100
AcDbEntity
  8
A-MASKA
 62
7
420
16777215
100
AcDbHatch
 10
0.0
 20
0.0
 30
0.0
210
0.0
220
0.0
230
1.0
  2
SOLID
 70
1
 71
0
 91
1
 92
3
 72
0
 73
1
 93
4
 10
10.219999999999999
 20
5.22
 10
12.602689075630252
 20
5.22
 10
12.602689075630252
 20
5.99
 10
10.219999999999999
 20
5.99
 97
0
 75
0
 76
1
 98
0
  0
TEXT
  5
7B3
330
17
100
AcDbEntity
  8
Z-RZEDNE
420
7029795
100
AcDbText
 10
10.299999999999999
 20
5.41
 30
0.0
 40
0.5
  1
101,18
  7
PL_ARIAL_I
 11
10.299999999999999
 21
5.41
 31
0.0
100
AcDbText
  0
HATCH
  5
7B4
330
17
100
AcDbEntity
  8
A-MASKA
 62
7
420
16777215
100
AcDbHatch
 10
0.0
 20
0.0
 30
0.0
210
0.0
220
0.0
230
1.0
  2
SOLID
 70
1
 71
0
 91
1
 92
3
 72
0
 73
1
 93
4
 10
16.520000000000003
 20
4.614999999999999
 10
18.902689075630253
 20
4.614999999999999
 10
18.902689075630253
 20
5.385
 10
16.520000000000003
 20
5.385
 97
0
 75
0
 76
1
 98
0
  0
TEXT
  5
7B5
330
17
100
AcDbEntity
  8
Z-RZEDNE
420
7029795
100
AcDbText
 10
16.6
 20
4.805
 30
0.0
 40
0.5
  1
101,20
  7
PL_ARIAL_I
 11
16.6
 21
4.805
 31
0.0
100
AcDbText
  0
HATCH
  5
7B6
330
17
100
AcDbEntity
  8
A-MASKA
 62
7
420
16777215
100
AcDbHatch
 10
0.0
 20
0.0
 30
0.0
210
0.0
220
0.0
230
1.0
  2
SOLID
 70
1
 71
0
 91
1
 92
3
 72
0
 73
1
 93
4
 10
20.220000000000002
 20
5.22
 10
22.602689075630252
 20
5.22
 10
22.602689075630252
 20
5.99
 10
20.220000000000002
 20
5.99
 97
0
 75
0
 76
1
 98
0
  0
TEXT
  5
7B7
330
17
100
AcDbEntity
  8
Z-RZEDNE
420
7029795
100
AcDbText
 10
20.3
 20
5.41
 30
0.0
 40
0.5
  1
101,22
  7
PL_ARIAL_I
 11
20.3
 21
5.41
 31
0.0
100
AcDbText
  0
HATCH
  5
7B8
330
17
100
AcDbEntity
  8
A-MASKA
 62
7
420
16777215
100
AcDbHatch
 10
0.0
 20
0.0
 30
0.0
210
0.0
220
0.0
230
1.0
  2
SOLID
 70
1
 71
0
 91
1
 92
3
 72
0
 73
1
 93
4
 10
22.397310924369748
 20
4.009999999999999
 10
24.779999999999998
 20
4.009999999999999
 10
24.779999999999998
 20
4.779999999999999
 10
22.397310924369748
 20
4.779999999999999
 97
0
 75
0
 76
1
 98
0
  0
TEXT
  5
7B9
330
17
100
AcDbEntity
  8
Z-RZEDNE
420
7029795
100
AcDbText
 10
22.477310924369746
 20
4.199999999999999
 30
0.0
 40
0.5
  1
101,25
  7
PL_ARIAL_I
 11
22.477310924369746
 21
4.199999999999999
 31
0.0
100
AcDbText
  0
HATCH
  5
7BA
330
17
100
AcDbEntity
  8
A-MASKA
 62
7
420
16777215
100
AcDbHatch
 10
0.0
 20
0.0
 30
0.0
210
0.0
220
0.0
230
1.0
  2
SOLID
 70
1
 71
0
 91
1
 92
3
 72
0
 73
1
 93
4
 10
27.097310924369747
 20
3.7099999999999995
 10
29.479999999999997
 20
3.7099999999999995
 10
29.479999999999997
 20
4.4799999999999995
 10
27.097310924369747
 20
4.4799999999999995
 97
0
 75
0
 76
1
 98
0
  0
TEXT
  5
7BB
330
17
100
AcDbEntity
  8
Z-RZEDNE
420
7029795
100
AcDbText
 10
27.177310924369745
 20
3.8999999999999995
 30
0.0
 40
0.5
  1
101,27
  7
PL_ARIAL_I
 11
27.177310924369745
 21
3.8999999999999995
 31
0.0
100
AcDbText
  0
HATCH
  5
7BC
330
17
100
AcDbEntity
  8
A-MASKA
 62
7
420
16777215
100
AcDbHatch
 10
0.0
 20
0.0
 30
0.0
210
0.0
220
0.0
230
1.0
  2
SOLID
 70
1
 71
0
 91
1
 92
3
 72
0
 73
1
 93
4
 10
32.22
 20
4.009999999999999
 10
34.60268907563025
 20
4.009999999999999
 10
34.60268907563025
 20
4.779999999999999
 10
32.22
 20
4.779999999999999
 97
0
 75
0
 76
1
 98
0
  0
TEXT
  5
7BD
330
17
100
AcDbEntity
  8
Z-RZEDNE
420
7029795
100
AcDbText
 10
32.3
 20
4.199999999999999
 30
0.0
 40
0.5
  1
101,28
  7
PL_ARIAL_I
 11
32.3
 21
4.199999999999999
 31
0.0
100
AcDbText
  0
HATCH
  5
7BE
330
17
100
AcDbEntity
  8
A-MASKA
 62
7
420
16777215
100
AcDbHatch
 10
0.0
 20
0.0
 30
0.0
210
0.0
220
0.0
230
1.0
  2
SOLID
 70
1
 71
0
 91
1
 92
3
 72
0
 73
1
 93
4
 10
-2.602689075630252
 20
10.22
 10
-0.22000000000000003
 20
10.22
 10
-0.22000000000000003
 20
10.99
 10
-2.602689075630252
 20
10.99
 97
0
 75
0
 76
1
 98
0
  0
TEXT
  5
7BF
330
17
100
AcDbEntity
  8
Z-RZEDNE
420
7029795
100
AcDbText
 10
-2.522689075630252
 20
10.41
 30
0.0
 40
0.5
  1
101,16
  7
PL_ARIAL_I
 11
-2.522689075630252
 21
10.41
 31
0.0
100
AcDbText
  0
HATCH
  5
7C0
330
17
100
AcDbEntity
  8
A-MASKA
 62
7
420
16777215
100
AcDbHatch
 10
0.0
 20
0.0
 30
0.0
210
0.0
220
0.0
230
1.0
  2
SOLID
 70
1
 71
0
 91
1
 92
3
 72
0
 73
1
 93
4
 10
2.397310924369747
 20
10.22
 10
4.779999999999999
 20
10.22
 10
4.779999999999999
 20
10.99
 10
2.397310924369747
 20
10.99
 97
0
 75
0
 76
1
 98
0
  0
TEXT
  5
7C1
330
17
100
AcDbEntity
  8
Z-RZEDNE
420
7029795
100
AcDbText
 10
2.477310924369747
 20
10.41
 30
0.0
 40
0.5
  1
101,18
  7
PL_ARIAL_I
 11
2.477310924369747
 21
10.41
 31
0.0
100
AcDbText
  0
HATCH
  5
7C2
330
17
100
AcDbEntity
  8
A-MASKA
 62
7
420
16777215
100
AcDbHatch
 10
0.0
 20
0.0
 30
0.0
210
0.0
220
0.0
230
1.0
  2
SOLID
 70
1
 71
0
 91
1
 92
3
 72
0
 73
1
 93
4
 10
11.52
 20
7.709999999999998
 10
13.902689075630253
 20
7.709999999999998
 10
13.902689075630253
 20
8.479999999999999
 10
11.52
 20
8.479999999999999
 97
0
 75
0
 76
1
 98
0
  0
TEXT
  5
7C3
330
17
100
AcDbEntity
  8
Z-RZEDNE
420
7029795
100
AcDbText
 10
11.6
 20
7.899999999999999
 30
0.0
 40
0.5
  1
101,21
  7
PL_ARIAL_I
 11
11.6
 21
7.899999999999999
 31
0.0
100
AcDbText
  0
HATCH
  5
7C4
330
17
100
AcDbEntity
  8
A-MASKA
 62
7
420
16777215
100
AcDbHatch
 10
0.0
 20
0.0
 30
0.0
210
0.0
220
0.0
230
1.0
  2
SOLID
 70
1
 71
0
 91
1
 92
3
 72
0
 73
1
 93
4
 10
16.264327731092436
 20
13.72
 10
18.64701680672269
 20
13.72
 10
18.64701680672269
 20
14.49
 10
16.264327731092436
 20
14.49
 97
0
 75
0
 76
1
 98
0
  0
TEXT
  5
7C5
330
17
100
AcDbEntity
  8
Z-RZEDNE
420
7029795
100
AcDbText
 10
16.344327731092438
 20
13.91
 30
0.0
 40
0.5
  1
101,23
  7
PL_ARIAL_I
 11
16.344327731092438
 21
13.91
 31
0.0
100
AcDbText
  0
HATCH
  5
7C6
330
17
100
AcDbEntity
  8
A-MASKA
 62
7
420
16777215
100
AcDbHatch
 10
0.0
 20
0.0
 30
0.0
210
0.0
220
0.0
230
1.0
  2
SOLID
 70
1
 71
0
 91
1
 92
3
 72
0
 73
1
 93
4
 10
20.220000000000002
 20
10.22
 10
22.602689075630252
 20
10.22
 10
22.602689075630252
 20
10.99
 10
20.220000000000002
 20
10.99
 97
0
 75
0
 76
1
 98
0
  0
TEXT
  5
7C7
330
17
100
AcDbEntity
  8
Z-RZEDNE
420
7029795
100
AcDbText
 10
20.3
 20
10.41
 30
0.0
 40
0.5
  1
101,25
  7
PL_ARIAL_I
 11
20.3
 21
10.41
 31
0.0
100
AcDbText
  0
HATCH
  5
7C8
330
17
100
AcDbEntity
  8
A-MASKA
 62
7
420
16777215
100
AcDbHatch
 10
0.0
 20
0.0
 30
0.0
210
0.0
220
0.0
230
1.0
  2
SOLID
 70
1
 71
0
 91
1
 92
3
 72
0
 73
1
 93
4
 10
25.220000000000002
 20
10.22
 10
27.602689075630252
 20
10.22
 10
27.602689075630252
 20
10.99
 10
25.220000000000002
 20
10.99
 97
0
 75
0
 76
1
 98
0
  0
TEXT
  5
7C9
330
17
100
AcDbEntity
  8
Z-RZEDNE
420
7029795
100
AcDbText
 10
25.3
 20
10.41
 30
0.0
 40
0.5
  1
101,28
  7
PL_ARIAL_I
 11
25.3
 21
10.41
 31
0.0
100
AcDbText
  0
HATCH
  5
7CA
330
17
100
AcDbEntity
  8
A-MASKA
 62
7
420
16777215
100
AcDbHatch
 10
0.0
 20
0.0
 30
0.0
210
0.0
220
0.0
230
1.0
  2
SOLID
 70
1
 71
0
 91
1
 92
3
 72
0
 73
1
 93
4
 10
27.397310924369748
 20
9.01
 10
29.779999999999998
 20
9.01
 10
29.779999999999998
 20
9.78
 10
27.397310924369748
 20
9.78
 97
0
 75
0
 76
1
 98
0
  0
TEXT
  5
7CB
330
17
100
AcDbEntity
  8
Z-RZEDNE
420
7029795
100
AcDbText
 10
27.477310924369746
 20
9.2
 30
0.0
 40
0.5
  1
101,30
  7
PL_ARIAL_I
 11
27.477310924369746
 21
9.2
 31
0.0
100
AcDbText
  0
HATCH
  5
7CC
330
17
100
AcDbEntity
  8
A-MASKA
 62
7
420
16777215
100
AcDbHatch
 10
0.0
 20
0.0
 30
0.0
210
0.0
220
0.0
230
1.0
  2
SOLID
 70
1
 71
0
 91
1
 92
3
 72
0
 73
1
 93
4
 10
32.22
 20
10.22
 10
34.60268907563025
 20
10.22
 10
34.60268907563025
 20
10.99
 10
32.22
 20
10.99
 97
0
 75
0
 76
1
 98
0
  0
TEXT
  5
7CD
330
17
100
AcDbEntity
  8
Z-RZEDNE
420
7029795
100
AcDbText
 10
32.3
 20
10.41
 30
0.0
 40
0.5
  1
101,31
  7
PL_ARIAL_I
 11
32.3
 21
10.41
 31
0.0
100
AcDbText
  0
HATCH
  5
7CE
330
17
100
AcDbEntity
  8
A-MASKA
 62
7
420
16777215
100
AcDbHatch
 10
0.0
 20
0.0
 30
0.0
210
0.0
220
0.0
230
1.0
  2
SOLID
 70
1
 71
0
 91
1
 92
3
 72
0
 73
1
 93
4
 10
-2.602689075630252
 20
15.22
 10
-0.22000000000000003
 20
15.22
 10
-0.22000000000000003
 20
15.99
 10
-2.602689075630252
 20
15.99
 97
0
 75
0
 76
1
 98
0
  0
TEXT
  5
7CF
330
17
100
AcDbEntity
  8
Z-RZEDNE
420
7029795
100
AcDbText
 10
-2.522689075630252
 20
15.41
 30
0.0
 40
0.5
  1
101,19
  7
PL_ARIAL_I
 11
-2.522689075630252
 21
15.41
 31
0.0
100
AcDbText
  0
HATCH
  5
7D0
330
17
100
AcDbEntity
  8
A-MASKA
 62
7
420
16777215
100
AcDbHatch
 10
0.0
 20
0.0
 30
0.0
210
0.0
220
0.0
230
1.0
  2
SOLID
 70
1
 71
0
 91
1
 92
3
 72
0
 73
1
 93
4
 10
1.8529831932773106
 20
11.51
 10
4.235672268907563
 20
11.51
 10
4.235672268907563
 20
12.28
 10
1.8529831932773106
 20
12.28
 97
0
 75
0
 76
1
 98
0
  0
TEXT
  5
7D1
330
17
100
AcDbEntity
  8
Z-RZEDNE
420
7029795
100
AcDbText
 10
1.9329831932773107
 20
11.7
 30
0.0
 40
0.5
  1
101,21
  7
PL_ARIAL_I
 11
1.9329831932773107
 21
11.7
 31
0.0
100
AcDbText
  0
HATCH
  5
7D2
330
17
100
AcDbEntity
  8
A-MASKA
 62
7
420
16777215
100
AcDbHatch
 10
0.0
 20
0.0
 30
0.0
210
0.0
220
0.0
230
1.0
  2
SOLID
 70
1
 71
0
 91
1
 92
3
 72
0
 73
1
 93
4
 10
10.52
 20
14.615
 10
12.902689075630253
 20
14.615
 10
12.902689075630253
 20
15.385
 10
10.52
 20
15.385
 97
0
 75
0
 76
1
 98
0
  0
TEXT
  5
7D3
330
17
100
AcDbEntity
  8
Z-RZEDNE
420
7029795
100
AcDbText
 10
10.6
 20
14.805
 30
0.0
 40
0.5
  1
101,24
  7
PL_ARIAL_I
 11
10.6
 21
14.805
 31
0.0
100
AcDbText
  0
HATCH
  5
7D4
330
17
100
AcDbEntity
  8
A-MASKA
 62
7
420
16777215
100
AcDbHatch
 10
0.0
 20
0.0
 30
0.0
210
0.0
220
0.0
230
1.0
  2
SOLID
 70
1
 71
0
 91
1
 92
3
 72
0
 73
1
 93
4
 10
15.52
 20
14.615
 10
17.902689075630253
 20
14.615
 10
17.902689075630253
 20
15.385
 10
15.52
 20
15.385
 97
0
 75
0
 76
1
 98
0
  0
TEXT
  5
7D5
330
17
100
AcDbEntity
  8
Z-RZEDNE
420
7029795
100
AcDbText
 10
15.6
 20
14.805
 30
0.0
 40
0.5
  1
101,26
  7
PL_ARIAL_I
 11
15.6
 21
14.805
 31
0.0
100
AcDbText
  0
HATCH
  5
7D6
330
17
100
AcDbEntity
  8
A-MASKA
 62
7
420
16777215
100
AcDbHatch
 10
0.0
 20
0.0
 30
0.0
210
0.0
220
0.0
230
1.0
  2
SOLID
 70
1
 71
0
 91
1
 92
3
 72
0
 73
1
 93
4
 10
20.220000000000002
 20
14.01
 10
22.602689075630252
 20
14.01
 10
22.602689075630252
 20
14.78
 10
20.220000000000002
 20
14.78
 97
0
 75
0
 76
1
 98
0
  0
TEXT
  5
7D7
330
17
100
AcDbEntity
  8
Z-RZEDNE
420
7029795
100
AcDbText
 10
20.3
 20
14.2
 30
0.0
 40
0.5
  1
101,28
  7
PL_ARIAL_I
 11
20.3
 21
14.2
 31
0.0
100
AcDbText
  0
HATCH
  5
7D8
330
17
100
AcDbEntity
  8
A-MASKA
 62
7
420
16777215
100
AcDbHatch
 10
0.0
 20
0.0
 30
0.0
210
0.0
220
0.0
230
1.0
  2
SOLID
 70
1
 71
0
 91
1
 92
3
 72
0
 73
1
 93
4
 10
25.220000000000002
 20
15.22
 10
27.602689075630252
 20
15.22
 10
27.602689075630252
 20
15.99
 10
25.220000000000002
 20
15.99
 97
0
 75
0
 76
1
 98
0
  0
TEXT
  5
7D9
330
17
100
AcDbEntity
  8
Z-RZEDNE
420
7029795
100
AcDbText
 10
25.3
 20
15.41
 30
0.0
 40
0.5
  1
101,31
  7
PL_ARIAL_I
 11
25.3
 21
15.41
 31
0.0
100
AcDbText
  0
HATCH
  5
7DA
330
17
100
AcDbEntity
  8
A-MASKA
 62
7
420
16777215
100
AcDbHatch
 10
0.0
 20
0.0
 30
0.0
210
0.0
220
0.0
230
1.0
  2
SOLID
 70
1
 71
0
 91
1
 92
3
 72
0
 73
1
 93
4
 10
27.397310924369748
 20
14.01
 10
29.779999999999998
 20
14.01
 10
29.779999999999998
 20
14.78
 10
27.397310924369748
 20
14.78
 97
0
 75
0
 76
1
 98
0
  0
TEXT
  5
7DB
330
17
100
AcDbEntity
  8
Z-RZEDNE
420
7029795
100
AcDbText
 10
27.477310924369746
 20
14.2
 30
0.0
 40
0.5
  1
101,33
  7
PL_ARIAL_I
 11
27.477310924369746
 21
14.2
 31
0.0
100
AcDbText
  0
HATCH
  5
7DC
330
17
100
AcDbEntity
  8
A-MASKA
 62
7
420
16777215
100
AcDbHatch
 10
0.0
 20
0.0
 30
0.0
210
0.0
220
0.0
230
1.0
  2
SOLID
 70
1
 71
0
 91
1
 92
3
 72
0
 73
1
 93
4
 10
32.22
 20
15.22
 10
34.60268907563025
 20
15.22
 10
34.60268907563025
 20
15.99
 10
32.22
 20
15.99
 97
0
 75
0
 76
1
 98
0
  0
TEXT
  5
7DD
330
17
100
AcDbEntity
  8
Z-RZEDNE
420
7029795
100
AcDbText
 10
32.3
 20
15.41
 30
0.0
 40
0.5
  1
101,34
  7
PL_ARIAL_I
 11
32.3
 21
15.41
 31
0.0
100
AcDbText
  0
HATCH
  5
7DE
330
17
100
AcDbEntity
  8
A-MASKA
 62
7
420
16777215
100
AcDbHatch
 10
0.0
 20
0.0
 30
0.0
210
0.0
220
0.0
230
1.0
  2
SOLID
 70
1
 71
0
 91
1
 92
3
 72
0
 73
1
 93
4
 10
-2.602689075630252
 20
20.22
 10
-0.22000000000000003
 20
20.22
 10
-0.22000000000000003
 20
20.99
 10
-2.602689075630252
 20
20.99
 97
0
 75
0
 76
1
 98
0
  0
TEXT
  5
7DF
330
17
100
AcDbEntity
  8
Z-RZEDNE
420
7029795
100
AcDbText
 10
-2.522689075630252
 20
20.41
 30
0.0
 40
0.5
  1
101,22
  7
PL_ARIAL_I
 11
-2.522689075630252
 21
20.41
 31
0.0
100
AcDbText
  0
HATCH
  5
7E0
330
17
100
AcDbEntity
  8
A-MASKA
 62
7
420
16777215
100
AcDbHatch
 10
0.0
 20
0.0
 30
0.0
210
0.0
220
0.0
230
1.0
  2
SOLID
 70
1
 71
0
 91
1
 92
3
 72
0
 73
1
 93
4
 10
27.397310924369748
 20
20.22
 10
29.779999999999998
 20
20.22
 10
29.779999999999998
 20
20.99
 10
27.397310924369748
 20
20.99
 97
0
 75
0
 76
1
 98
0
  0
TEXT
  5
7E1
330
17
100
AcDbEntity
  8
Z-RZEDNE
420
7029795
100
AcDbText
 10
27.477310924369746
 20
20.41
 30
0.0
 40
0.5
  1
101,36
  7
PL_ARIAL_I
 11
27.477310924369746
 21
20.41
 31
0.0
100
AcDbText
  0
HATCH
  5
7E2
330
17
100
AcDbEntity
  8
A-MASKA
 62
7
420
16777215
100
AcDbHatch
 10
0.0
 20
0.0
 30
0.0
210
0.0
220
0.0
230
1.0
  2
SOLID
 70
1
 71
0
 91
1
 92
3
 72
0
 73
1
 93
4
 10
32.22
 20
20.22
 10
34.60268907563025
 20
20.22
 10
34.60268907563025
 20
20.99
 10
32.22
 20
20.99
 97
0
 75
0
 76
1
 98
0
  0
TEXT
  5
7E3
330
17
100
AcDbEntity
  8
Z-RZEDNE
420
7029795
100
AcDbText
 10
32.3
 20
20.41
 30
0.0
 40
0.5
  1
101,37
  7
PL_ARIAL_I
 11
32.3
 21
20.41
 31
0.0
100
AcDbText
  0
HATCH
  5
7E4
330
17
100
AcDbEntity
  8
A-MASKA
 62
7
420
16777215
100
AcDbHatch
 10
0.0
 20
0.0
 30
0.0
210
0.0
220
0.0
230
1.0
  2
SOLID
 70
1
 71
0
 91
1
 92
3
 72
0
 73
1
 93
4
 10
-2.602689075630252
 20
25.22
 10
-0.22000000000000003
 20
25.22
 10
-0.22000000000000003
 20
25.99
 10
-2.602689075630252
 20
25.99
 97
0
 75
0
 76
1
 98
0
  0
TEXT
  5
7E5
330
17
100
AcDbEntity
  8
Z-RZEDNE
420
7029795
100
AcDbText
 10
-2.522689075630252
 20
25.41
 30
0.0
 40
0.5
  1
101,25
  7
PL_ARIAL_I
 11
-2.522689075630252
 21
25.41
 31
0.0
100
AcDbText
  0
HATCH
  5
7E6
330
17
100
AcDbEntity
  8
A-MASKA
 62
7
420
16777215
100
AcDbHatch
 10
0.0
 20
0.0
 30
0.0
210
0.0
220
0.0
230
1.0
  2
SOLID
 70
1
 71
0
 91
1
 92
3
 72
0
 73
1
 93
4
 10
27.397310924369748
 20
25.22
 10
29.779999999999998
 20
25.22
 10
29.779999999999998
 20
25.99
 10
27.397310924369748
 20
25.99
 97
0
 75
0
 76
1
 98
0
  0
TEXT
  5
7E7
330
17
100
AcDbEntity
  8
Z-RZEDNE
420
7029795
100
AcDbText
 10
27.477310924369746
 20
25.41
 30
0.0
 40
0.5
  1
101,39
  7
PL_ARIAL_I
 11
27.477310924369746
 21
25.41
 31
0.0
100
AcDbText
  0
HATCH
  5
7E8
330
17
100
AcDbEntity
  8
A-MASKA
 62
7
420
16777215
100
AcDbHatch
 10
0.0
 20
0.0
 30
0.0
210
0.0
220
0.0
230
1.0
  2
SOLID
 70
1
 71
0
 91
1
 92
3
 72
0
 73
1
 93
4
 10
32.22
 20
25.22
 10
34.60268907563025
 20
25.22
 10
34.60268907563025
 20
25.99
 10
32.22
 20
25.99
 97
0
 75
0
 76
1
 98
0
  0
TEXT
  5
7E9
330
17
100
AcDbEntity
  8
Z-RZEDNE
420
7029795
100
AcDbText
 10
32.3
 20
25.41
 30
0.0
 40
0.5
  1
101,40
  7
PL_ARIAL_I
 11
32.3
 21
25.41
 31
0.0
100
AcDbText
  0
HATCH
  5
7EA
330
17
100
AcDbEntity
  8
A-MASKA
 62
7
420
16777215
100
AcDbHatch
 10
0.0
 20
0.0
 30
0.0
210
0.0
220
0.0
230
1.0
  2
SOLID
 70
1
 71
0
 91
1
 92
3
 72
0
 73
1
 93
4
 10
-2.602689075630252
 20
30.22
 10
-0.22000000000000003
 20
30.22
 10
-0.22000000000000003
 20
30.99
 10
-2.602689075630252
 20
30.99
 97
0
 75
0
 76
1
 98
0
  0
TEXT
  5
7EB
330
17
100
AcDbEntity
  8
Z-RZEDNE
420
7029795
100
AcDbText
 10
-2.522689075630252
 20
30.41
 30
0.0
 40
0.5
  1
101,28
  7
PL_ARIAL_I
 11
-2.522689075630252
 21
30.41
 31
0.0
100
AcDbText
  0
HATCH
  5
7EC
330
17
100
AcDbEntity
  8
A-MASKA
 62
7
420
16777215
100
AcDbHatch
 10
0.0
 20
0.0
 30
0.0
210
0.0
220
0.0
230
1.0
  2
SOLID
 70
1
 71
0
 91
1
 92
3
 72
0
 73
1
 93
4
 10
27.75298319327731
 20
24.31
 10
30.135672268907562
 20
24.31
 10
30.135672268907562
 20
25.08
 10
27.75298319327731
 20
25.08
 97
0
 75
0
 76
1
 98
0
  0
TEXT
  5
7ED
330
17
100
AcDbEntity
  8
Z-RZEDNE
420
7029795
100
AcDbText
 10
27.83298319327731
 20
24.5
 30
0.0
 40
0.5
  1
101,43
  7
PL_ARIAL_I
 11
27.83298319327731
 21
24.5
 31
0.0
100
AcDbText
  0
HATCH
  5
7EE
330
17
100
AcDbEntity
  8
A-MASKA
 62
7
420
16777215
100
AcDbHatch
 10
0.0
 20
0.0
 30
0.0
210
0.0
220
0.0
230
1.0
  2
SOLID
 70
1
 71
0
 91
1
 92
3
 72
0
 73
1
 93
4
 10
-2.602689075630252
 20
35.22
 10
-0.22000000000000003
 20
35.22
 10
-0.22000000000000003
 20
35.989999999999995
 10
-2.602689075630252
 20
35.989999999999995
 97
0
 75
0
 76
1
 98
0
  0
TEXT
  5
7EF
330
17
100
AcDbEntity
  8
Z-RZEDNE
420
7029795
100
AcDbText
 10
-2.522689075630252
 20
35.41
 30
0.0
 40
0.5
  1
101,31
  7
PL_ARIAL_I
 11
-2.522689075630252
 21
35.41
 31
0.0
100
AcDbText
  0
HATCH
  5
7F0
330
17
100
AcDbEntity
  8
A-MASKA
 62
7
420
16777215
100
AcDbHatch
 10
0.0
 20
0.0
 30
0.0
210
0.0
220
0.0
230
1.0
  2
SOLID
 70
1
 71
0
 91
1
 92
3
 72
0
 73
1
 93
4
 10
32.22
 20
35.22
 10
34.60268907563025
 20
35.22
 10
34.60268907563025
 20
35.989999999999995
 10
32.22
 20
35.989999999999995
 97
0
 75
0
 76
1
 98
0
  0
TEXT
  5
7F1
330
17
100
AcDbEntity
  8
Z-RZEDNE
420
7029795
100
AcDbText
 10
32.3
 20
35.41
 30
0.0
 40
0.5
  1
101,46
  7
PL_ARIAL_I
 11
32.3
 21
35.41
 31
0.0
100
AcDbText
  0
HATCH
  5
7F2
330
17
100
AcDbEntity
  8
A-MASKA
 62
7
420
16777215
100
AcDbHatch
 10
0.0
 20
0.0
 30
0.0
210
0.0
220
0.0
230
1.0
  2
SOLID
 70
1
 71
0
 91
1
 92
3
 72
0
 73
1
 93
4
 10
-2.602689075630252
 20
40.22
 10
-0.22000000000000003
 20
40.22
 10
-0.22000000000000003
 20
40.989999999999995
 10
-2.602689075630252
 20
40.989999999999995
 97
0
 75
0
 76
1
 98
0
  0
TEXT
  5
7F3
330
17
100
AcDbEntity
  8
Z-RZEDNE
420
7029795
100
AcDbText
 10
-2.522689075630252
 20
40.41
 30
0.0
 40
0.5
  1
101,34
  7
PL_ARIAL_I
 11
-2.522689075630252
 21
40.41
 31
0.0
100
AcDbText
  0
HATCH
  5
7F4
330
17
100
AcDbEntity
  8
A-MASKA
 62
7
420
16777215
100
AcDbHatch
 10
0.0
 20
0.0
 30
0.0
210
0.0
220
0.0
230
1.0
  2
SOLID
 70
1
 71
0
 91
1
 92
3
 72
0
 73
1
 93
4
 10
-2.602689075630252
 20
45.22
 10
-0.22000000000000003
 20
45.22
 10
-0.22000000000000003
 20
45.989999999999995
 10
-2.602689075630252
 20
45.989999999999995
 97
0
 75
0
 76
1
 98
0
  0
TEXT
  5
7F5
330
17
100
AcDbEntity
  8
Z-RZEDNE
420
7029795
100
AcDbText
 10
-2.522689075630252
 20
45.41
 30
0.0
 40
0.5
  1
101,37
  7
PL_ARIAL_I
 11
-2.522689075630252
 21
45.41
 31
0.0
100
AcDbText
  0
HATCH
  5
7F6
330
17
100
AcDbEntity
  8
A-MASKA
 62
7
420
16777215
100
AcDbHatch
 10
0.0
 20
0.0
 30
0.0
210
0.0
220
0.0
230
1.0
  2
SOLID
 70
1
 71
0
 91
1
 92
3
 72
0
 73
1
 93
4
 10
32.22
 20
44.010000000000005
 10
34.60268907563025
 20
44.010000000000005
 10
34.60268907563025
 20
44.78
 10
32.22
 20
44.78
 97
0
 75
0
 76
1
 98
0
  0
TEXT
  5
7F7
330
17
100
AcDbEntity
  8
Z-RZEDNE
420
7029795
100
AcDbText
 10
32.3
 20
44.2
 30
0.0
 40
0.5
  1
101,52
  7
PL_ARIAL_I
 11
32.3
 21
44.2
 31
0.0
100
AcDbText
  0
HATCH
  5
7F8
330
17
100
AcDbEntity
  8
A-MASKA
 62
7
420
16777215
100
AcDbHatch
 10
0.0
 20
0.0
 30
0.0
210
0.0
220
0.0
230
1.0
  2
SOLID
 70
1
 71
0
 91
1
 92
3
 72
0
 73
1
 93
4
 10
0.22000000000000003
 20
50.22
 10
2.602689075630252
 20
50.22
 10
2.602689075630252
 20
50.989999999999995
 10
0.22000000000000003
 20
50.989999999999995
 97
0
 75
0
 76
1
 98
0
  0
TEXT
  5
7F9
330
17
100
AcDbEntity
  8
Z-RZEDNE
420
7029795
100
AcDbText
 10
0.30000000000000004
 20
50.41
 30
0.0
 40
0.5
  1
101,40
  7
PL_ARIAL_I
 11
0.30000000000000004
 21
50.41
 31
0.0
100
AcDbText
  0
HATCH
  5
7FA
330
17
100
AcDbEntity
  8
A-MASKA
 62
7
420
16777215
100
AcDbHatch
 10
0.0
 20
0.0
 30
0.0
210
0.0
220
0.0
230
1.0
  2
SOLID
 70
1
 71
0
 91
1
 92
3
 72
0
 73
1
 93
4
 10
5.220000000000001
 20
50.22
 10
7.602689075630253
 20
50.22
 10
7.602689075630253
 20
50.989999999999995
 10
5.220000000000001
 20
50.989999999999995
 97
0
 75
0
 76
1
 98
0
  0
TEXT
  5
7FB
330
17
100
AcDbEntity
  8
Z-RZEDNE
420
7029795
100
AcDbText
 10
5.300000000000001
 20
50.41
 30
0.0
 40
0.5
  1
101,42
  7
PL_ARIAL_I
 11
5.300000000000001
 21
50.41
 31
0.0
100
AcDbText
  0
HATCH
  5
7FC
330
17
100
AcDbEntity
  8
A-MASKA
 62
7
420
16777215
100
AcDbHatch
 10
0.0
 20
0.0
 30
0.0
210
0.0
220
0.0
230
1.0
  2
SOLID
 70
1
 71
0
 91
1
 92
3
 72
0
 73
1
 93
4
 10
4.897310924369747
 20
51.167500000000004
 10
7.279999999999999
 20
51.167500000000004
 10
7.279999999999999
 20
51.9375
 10
4.897310924369747
 20
51.9375
 97
0
 75
0
 76
1
 98
0
  0
TEXT
  5
7FD
330
17
100
AcDbEntity
  8
Z-RZEDNE
420
7029795
100
AcDbText
 10
4.977310924369747
 20
51.3575
 30
0.0
 40
0.5
  1
101,45
  7
PL_ARIAL_I
 11
4.977310924369747
 21
51.3575
 31
0.0
100
AcDbText
  0
HATCH
  5
7FE
330
17
100
AcDbEntity
  8
A-MASKA
 62
7
420
16777215
100
AcDbHatch
 10
0.0
 20
0.0
 30
0.0
210
0.0
220
0.0
230
1.0
  2
SOLID
 70
1
 71
0
 91
1
 92
3
 72
0
 73
1
 93
4
 10
9.897310924369748
 20
52.720000000000006
 10
12.280000000000001
 20
52.720000000000006
 10
12.280000000000001
 20
53.49
 10
9.897310924369748
 20
53.49
 97
0
 75
0
 76
1
 98
0
  0
TEXT
  5
7FF
330
17
100
AcDbEntity
  8
Z-RZEDNE
420
7029795
100
AcDbText
 10
9.97731092436975
 20
52.910000000000004
 30
0.0
 40
0.5
  1
101,47
  7
PL_ARIAL_I
 11
9.97731092436975
 21
52.910000000000004
 31
0.0
100
AcDbText
  0
HATCH
  5
800
330
17
100
AcDbEntity
  8
A-MASKA
 62
7
420
16777215
100
AcDbHatch
 10
0.0
 20
0.0
 30
0.0
210
0.0
220
0.0
230
1.0
  2
SOLID
 70
1
 71
0
 91
1
 92
3
 72
0
 73
1
 93
4
 10
27.397310924369748
 20
50.22
 10
29.779999999999998
 20
50.22
 10
29.779999999999998
 20
50.989999999999995
 10
27.397310924369748
 20
50.989999999999995
 97
0
 75
0
 76
1
 98
0
  0
TEXT
  5
801
330
17
100
AcDbEntity
  8
Z-RZEDNE
420
7029795
100
AcDbText
 10
27.477310924369746
 20
50.41
 30
0.0
 40
0.5
  1
101,54
  7
PL_ARIAL_I
 11
27.477310924369746
 21
50.41
 31
0.0
100
AcDbText
  0
HATCH
  5
802
330
17
100
AcDbEntity
  8
A-MASKA
 62
7
420
16777215
100
AcDbHatch
 10
0.0
 20
0.0
 30
0.0
210
0.0
220
0.0
230
1.0
  2
SOLID
 70
1
 71
0
 91
1
 92
3
 72
0
 73
1
 93
4
 10
32.22
 20
49.010000000000005
 10
34.60268907563025
 20
49.010000000000005
 10
34.60268907563025
 20
49.78
 10
32.22
 20
49.78
 97
0
 75
0
 76
1
 98
0
  0
TEXT
  5
803
330
17
100
AcDbEntity
  8
Z-RZEDNE
420
7029795
100
AcDbText
 10
32.3
 20
49.2
 30
0.0
 40
0.5
  1
101,55
  7
PL_ARIAL_I
 11
32.3
 21
49.2
 31
0.0
100
AcDbText
  0
HATCH
  5
804
330
17
100
AcDbEntity
  8
A-MASKA
 62
7
420
16777215
100
AcDbHatch
 10
0.0
 20
0.0
 30
0.0
210
0.0
220
0.0
230
1.0
  2
SOLID
 70
1
 71
0
 91
1
 92
3
 72
0
 73
1
 93
4
 10
16.220000000000002
 20
59.010000000000005
 10
18.602689075630252
 20
59.010000000000005
 10
18.602689075630252
 20
59.78
 10
16.220000000000002
 20
59.78
 97
0
 75
0
 76
1
 98
0
  0
TEXT
  5
805
330
17
100
AcDbEntity
  8
Z-RZEDNE
420
7029795
100
AcDbText
 10
16.3
 20
59.2
 30
0.0
 40
0.5
  1
101,55
  7
PL_ARIAL_I
 11
16.3
 21
59.2
 31
0.0
100
AcDbText
  0
HATCH
  5
806
330
17
100
AcDbEntity
  8
A-MASKA
 62
7
420
16777215
100
AcDbHatch
 10
0.0
 20
0.0
 30
0.0
210
0.0
220
0.0
230
1.0
  2
SOLID
 70
1
 71
0
 91
1
 92
3
 72
0
 73
1
 93
4
 10
16.220000000000002
 20
55.22
 10
18.602689075630252
 20
55.22
 10
18.602689075630252
 20
55.989999999999995
 10
16.220000000000002
 20
55.989999999999995
 97
0
 75
0
 76
1
 98
0
  0
TEXT
  5
807
330
17
100
AcDbEntity
  8
Z-RZEDNE
420
7029795
100
AcDbText
 10
16.3
 20
55.41
 30
0.0
 40
0.5
  1
101,55
  7
PL_ARIAL_I
 11
16.3
 21
55.41
 31
0.0
100
AcDbText
  0
HATCH
  5
808
330
17
100
AcDbEntity
  8
A-MASKA
 62
7
420
16777215
100
AcDbHatch
 10
0.0
 20
0.0
 30
0.0
210
0.0
220
0.0
230
1.0
  2
SOLID
 70
1
 71
0
 91
1
 92
3
 72
0
 73
1
 93
4
 10
15.257259255053372
 20
37.09411376953126
 10
19.917740744946627
 20
37.09411376953126
 10
19.917740744946627
 20
37.904113769531264
 10
15.257259255053372
 20
37.904113769531264
 97
0
 75
0
 76
1
 98
0
  0
TEXT
  5
809
330
17
100
AcDbEntity
  8
Z-OPISY
100
AcDbText
 10
15.357259255053371
 20
37.30411376953126
 30
0.0
 40
0.5
  1
±0,00=101,65
  7
PL_ARIAL
 11
15.357259255053371
 21
37.30411376953126
 31
0.0
100
AcDbText
  0
TEXT
  5
80A
330
17
100
AcDbEntity
  8
Z-OPISY
100
AcDbText
 10
17.284638314785372
 20
36.21411376953126
 30
0.0
 40
0.5
  1
III
  7
PL_ARIAL
 11
17.284638314785372
 21
36.21411376953126
 31
0.0
100
AcDbText
  0
TEXT
  5
80B
330
17
100
AcDbEntity
  8
Z-OPISY
100
AcDbText
 10
13.750002838973426
 20
38.10411376953126
 30
0.0
 40
0.5
  1
bud. mieszk. jednorodz.
  7
PL_ARIAL
 11
13.750002838973426
 21
38.10411376953126
 31
0.0
100
AcDbText
  0
HATCH
  5
80C
330
17
100
AcDbEntity
  8
A-MASKA
 62
7
420
16777215
100
AcDbHatch
 10
0.0
 20
0.0
 30
0.0
210
0.0
220
0.0
230
1.0
  2
SOLID
 70
1
 71
0
 91
1
 92
3
 72
0
 73
1
 93
4
 10
22.544999999999998
 20
38.80749999999999
 10
24.56285146491029
 20
38.80749999999999
 10
24.56285146491029
 20
39.61749999999999
 10
22.544999999999998
 20
39.61749999999999
 97
0
 75
0
 76
1
 98
0
  0
TEXT
  5
80D
330
17
100
AcDbEntity
  8
Z-OPISY
100
AcDbText
 10
22.645
 20
39.01749999999999
 30
0.0
 40
0.5
  1
garaż
  7
PL_ARIAL
 11
22.645
 21
39.01749999999999
 31
0.0
100
AcDbText
  0
HATCH
  5
80E
330
17
100
AcDbEntity
  8
A-MASKA
 62
7
420
16777215
100
AcDbHatch
 10
0.0
 20
0.0
 30
0.0
210
0.0
220
0.0
230
1.0
  2
SOLID
 70
1
 71
0
 91
1
 92
3
 72
0
 73
1
 93
4
 10
22.544999999999998
 20
38.08249999999999
 10
24.46223824665001
 20
38.08249999999999
 10
24.46223824665001
 20
38.89249999999999
 10
22.544999999999998
 20
38.89249999999999
 97
0
 75
0
 76
1
 98
0
  0
TEXT
  5
80F
330
17
100
AcDbEntity
  8
Z-OPISY
100
AcDbText
 10
22.645
 20
38.29249999999999
 30
0.0
 40
0.5
  1
2 × P
  7
PL_ARIAL
 11
22.645
 21
38.29249999999999
 31
0.0
100
AcDbText
  0
HATCH
  5
810
330
17
100
AcDbEntity
  8
A-MASKA
 62
7
420
16777215
100
AcDbHatch
 10
0.0
 20
0.0
 30
0.0
210
0.0
220
0.0
230
1.0
  2
SOLID
 70
1
 71
0
 91
1
 92
3
 72
0
 73
1
 93
4
 10
7.7
 20
40.54
 10
8.74805814217579
 20
40.54
 10
8.74805814217579
 20
41.35
 10
7.7
 20
41.35
 97
0
 75
0
 76
1
 98
0
  0
TEXT
  5
811
330
17
100
AcDbEntity
  8
Z-TYCZENIE
100
AcDbText
 10
7.8
 20
40.75
 30
0.0
 40
0.5
  1
T1
  7
PL_ARIAL_B
 11
7.8
 21
40.75
 31
0.0
100
AcDbText
  0
HATCH
  5
812
330
17
100
AcDbEntity
  8
A-MASKA
 62
7
420
16777215
100
AcDbHatch
 10
0.0
 20
0.0
 30
0.0
210
0.0
220
0.0
230
1.0
  2
SOLID
 70
1
 71
0
 91
1
 92
3
 72
0
 73
1
 93
4
 10
19.699999999999996
 20
40.54
 10
20.748058142175786
 20
40.54
 10
20.748058142175786
 20
41.35
 10
19.699999999999996
 20
41.35
 97
0
 75
0
 76
1
 98
0
  0
TEXT
  5
813
330
17
100
AcDbEntity
  8
Z-TYCZENIE
100
AcDbText
 10
19.799999999999997
 20
40.75
 30
0.0
 40
0.5
  1
T2
  7
PL_ARIAL_B
 11
19.799999999999997
 21
40.75
 31
0.0
100
AcDbText
  0
HATCH
  5
814
330
17
100
AcDbEntity
  8
A-MASKA
 62
7
420
16777215
100
AcDbHatch
 10
0.0
 20
0.0
 30
0.0
210
0.0
220
0.0
230
1.0
  2
SOLID
 70
1
 71
0
 91
1
 92
3
 72
0
 73
1
 93
4
 10
17.15194185782421
 20
40.464999999999996
 10
18.2
 20
40.464999999999996
 10
18.2
 20
41.275
 10
17.15194185782421
 20
41.275
 97
0
 75
0
 76
1
 98
0
  0
TEXT
  5
815
330
17
100
AcDbEntity
  8
Z-TYCZENIE
100
AcDbText
 10
17.251941857824207
 20
40.675
 30
0.0
 40
0.5
  1
T3
  7
PL_ARIAL_B
 11
17.251941857824207
 21
40.675
 31
0.0
100
AcDbText
  0
HATCH
  5
816
330
17
100
AcDbEntity
  8
A-MASKA
 62
7
420
16777215
100
AcDbHatch
 10
0.0
 20
0.0
 30
0.0
210
0.0
220
0.0
230
1.0
  2
SOLID
 70
1
 71
0
 91
1
 92
3
 72
0
 73
1
 93
4
 10
24.82694185782421
 20
41.165
 10
25.875
 20
41.165
 10
25.875
 20
41.975
 10
24.82694185782421
 20
41.975
 97
0
 75
0
 76
1
 98
0
  0
TEXT
  5
817
330
17
100
AcDbEntity
  8
Z-TYCZENIE
100
AcDbText
 10
24.92694185782421
 20
41.375
 30
0.0
 40
0.5
  1
T4
  7
PL_ARIAL_B
 11
24.92694185782421
 21
41.375
 31
0.0
100
AcDbText
  0
HATCH
  5
818
330
17
100
AcDbEntity
  8
A-MASKA
 62
7
420
16777215
100
AcDbHatch
 10
0.0
 20
0.0
 30
0.0
210
0.0
220
0.0
230
1.0
  2
SOLID
 70
1
 71
0
 91
1
 92
3
 72
0
 73
1
 93
4
 10
26.974999999999998
 20
33.1
 10
28.02305814217579
 20
33.1
 10
28.02305814217579
 20
33.910000000000004
 10
26.974999999999998
 20
33.910000000000004
 97
0
 75
0
 76
1
 98
0
  0
TEXT
  5
819
330
17
100
AcDbEntity
  8
Z-TYCZENIE
100
AcDbText
 10
27.075
 20
33.31
 30
0.0
 40
0.5
  1
T5
  7
PL_ARIAL_B
 11
27.075
 21
33.31
 31
0.0
100
AcDbText
  0
HATCH
  5
81A
330
17
100
AcDbEntity
  8
A-MASKA
 62
7
420
16777215
100
AcDbHatch
 10
0.0
 20
0.0
 30
0.0
210
0.0
220
0.0
230
1.0
  2
SOLID
 70
1
 71
0
 91
1
 92
3
 72
0
 73
1
 93
4
 10
7.7
 20
32.800000000000004
 10
8.74805814217579
 20
32.800000000000004
 10
8.74805814217579
 20
33.61000000000001
 10
7.7
 20
33.61000000000001
 97
0
 75
0
 76
1
 98
0
  0
TEXT
  5
81B
330
17
100
AcDbEntity
  8
Z-TYCZENIE
100
AcDbText
 10
7.8
 20
33.010000000000005
 30
0.0
 40
0.5
  1
T6
  7
PL_ARIAL_B
 11
7.8
 21
33.010000000000005
 31
0.0
100
AcDbText
  0
HATCH
  5
81C
330
17
100
AcDbEntity
  8
A-MASKA
 62
7
420
16777215
100
AcDbHatch
 10
0.0
 20
0.0
 30
0.0
210
0.0
220
0.0
230
1.0
  2
SOLID
 70
1
 71
0
 91
1
 92
3
 72
0
 73
1
 93
4
 10
9.158346581875993
 20
12.046000000000005
 10
14.899999999999999
 20
12.046000000000005
 10
14.899999999999999
 20
13.100000000000005
 10
9.158346581875993
 20
13.100000000000005
 97
0
 75
0
 76
1
 98
0
  0
TEXT
  5
81D
330
17
100
AcDbEntity
  8
Z-OPISY
100
AcDbText
 10
9.258346581875992
 20
12.300000000000004
 30
0.0
 40
0.7000000000000001
  1
dz. nr 123/4
  7
PL_ARIAL_B
 11
9.258346581875992
 21
12.300000000000004
 31
0.0
100
AcDbText
  0
HATCH
  5
81E
330
17
100
AcDbEntity
  8
A-MASKA
 62
7
420
16777215
100
AcDbHatch
 10
0.0
 20
0.0
 30
0.0
210
0.0
220
0.0
230
1.0
  2
SOLID
 70
1
 71
0
 91
1
 92
3
 72
0
 73
1
 93
4
 10
7.733545310015897
 20
11.031000000000004
 10
14.899999999999999
 20
11.031000000000004
 10
14.899999999999999
 20
12.085000000000004
 10
7.733545310015897
 20
12.085000000000004
 97
0
 75
0
 76
1
 98
0
  0
TEXT
  5
81F
330
17
100
AcDbEntity
  8
Z-OPISY
100
AcDbText
 10
7.833545310015897
 20
11.285000000000004
 30
0.0
 40
0.7000000000000001
  1
P = 1600,00 m²
  7
PL_ARIAL
 11
7.833545310015897
 21
11.285000000000004
 31
0.0
100
AcDbText
  0
HATCH
  5
820
330
17
100
AcDbEntity
  8
A-MASKA
 62
7
420
16777215
100
AcDbHatch
 10
0.0
 20
0.0
 30
0.0
210
0.0
220
0.0
230
1.0
  2
SOLID
 70
1
 71
0
 91
1
 92
3
 72
0
 73
1
 93
4
 10
2.5882977515330454
 20
30.602500000000003
 10
4.403900749488985
 20
30.602500000000003
 10
4.403900749488985
 20
31.412500000000005
 10
2.5882977515330454
 20
31.412500000000005
 97
0
 75
0
 76
1
 98
0
  0
TEXT
  5
821
330
17
100
AcDbEntity
  8
Z-OPISY
100
AcDbText
 10
2.6882977515330455
 20
30.812500000000004
 30
0.0
 40
0.5
  1
taras
  7
PL_ARIAL
 11
2.6882977515330455
 21
30.812500000000004
 31
0.0
100
AcDbText
  0
HATCH
  5
822
330
17
100
AcDbEntity
  8
A-MASKA
 62
7
420
16777215
100
AcDbHatch
 10
0.0
 20
0.0
 30
0.0
210
0.0
220
0.0
230
1.0
  2
SOLID
 70
1
 71
0
 91
1
 92
3
 72
0
 73
1
 93
4
 10
25.787499999999998
 20
47.335
 10
28.533150692709516
 20
47.335
 10
28.533150692709516
 20
48.145
 10
25.787499999999998
 20
48.145
 97
0
 75
0
 76
1
 98
0
  0
TEXT
  5
823
330
17
100
AcDbEntity
  8
Z-OPISY
100
AcDbText
 10
25.8875
 20
47.545
 30
0.0
 40
0.5
  1
podjazd
  7
PL_ARIAL
 11
25.8875
 21
47.545
 31
0.0
100
AcDbText
  0
HATCH
  5
824
330
17
100
AcDbEntity
  8
A-MASKA
 62
7
420
16777215
100
AcDbHatch
 10
0.0
 20
0.0
 30
0.0
210
0.0
220
0.0
230
1.0
  2
SOLID
 70
1
 71
0
 91
1
 92
3
 72
0
 73
1
 93
4
 10
10.837792414263005
 20
48.772499999999994
 10
13.300000000000002
 20
48.772499999999994
 10
13.300000000000002
 20
49.582499999999996
 10
10.837792414263005
 20
49.582499999999996
 97
0
 75
0
 76
1
 98
0
  0
TEXT
  5
825
330
17
100
AcDbEntity
  8
Z-OPISY
100
AcDbText
 10
10.937792414263004
 20
48.982499999999995
 30
0.0
 40
0.5
  1
dojście
  7
PL_ARIAL
 11
10.937792414263004
 21
48.982499999999995
 31
0.0
100
AcDbText
  0
HATCH
  5
826
330
17
100
AcDbEntity
  8
A-MASKA
 62
7
420
16777215
100
AcDbHatch
 10
0.0
 20
0.0
 30
0.0
210
0.0
220
0.0
230
1.0
  2
SOLID
 70
1
 71
0
 91
1
 92
3
 72
0
 73
1
 93
4
 10
24.45
 20
48.24750000000001
 10
25.134783102430163
 20
48.24750000000001
 10
25.134783102430163
 20
49.05750000000001
 10
24.45
 20
49.05750000000001
 97
0
 75
0
 76
1
 98
0
  0
TEXT
  5
827
330
17
100
AcDbEntity
  8
Z-OPISY
100
AcDbText
 10
24.55
 20
48.45750000000001
 30
0.0
 40
0.5
  1
P
  7
PL_ARIAL_B
 11
24.55
 21
48.45750000000001
 31
0.0
100
AcDbText
  0
HATCH
  5
828
330
17
100
AcDbEntity
  8
A-MASKA
 62
7
420
16777215
100
AcDbHatch
 10
0.0
 20
0.0
 30
0.0
210
0.0
220
0.0
230
1.0
  2
SOLID
 70
1
 71
0
 91
1
 92
3
 72
0
 73
1
 93
4
 10
24.549999999999994
 20
47.20000000000001
 10
25.234783102430157
 20
47.20000000000001
 10
25.234783102430157
 20
48.01000000000001
 10
24.549999999999994
 20
48.01000000000001
 97
0
 75
0
 76
1
 98
0
  0
TEXT
  5
829
330
17
100
AcDbEntity
  8
Z-OPISY
100
AcDbText
 10
24.649999999999995
 20
47.41000000000001
 30
0.0
 40
0.5
  1
P
  7
PL_ARIAL_B
 11
24.649999999999995
 21
47.41000000000001
 31
0.0
100
AcDbText
  0
HATCH
  5
82A
330
17
100
AcDbEntity
  8
A-MASKA
 62
7
420
16777215
100
AcDbHatch
 10
0.0
 20
0.0
 30
0.0
210
0.0
220
0.0
230
1.0
  2
SOLID
 70
1
 71
0
 91
1
 92
3
 72
0
 73
1
 93
4
 10
9.315830115830117
 20
44.74
 10
11.9
 20
44.74
 10
11.9
 20
45.550000000000004
 10
9.315830115830117
 20
45.550000000000004
 97
0
 75
0
 76
1
 98
0
  0
TEXT
  5
82B
330
17
100
AcDbEntity
  8
Z-OPISY
100
AcDbText
 10
9.415830115830117
 20
44.95
 30
0.0
 40
0.5
  1
odpady
  7
PL_ARIAL
 11
9.415830115830117
 21
44.95
 31
0.0
100
AcDbText
  0
HATCH
  5
82C
330
17
100
AcDbEntity
  8
A-MASKA
 62
7
420
16777215
100
AcDbHatch
 10
0.0
 20
0.0
 30
0.0
210
0.0
220
0.0
230
1.0
  2
SOLID
 70
1
 71
0
 91
1
 92
3
 72
0
 73
1
 93
4
 10
25.041778332954806
 20
27.739999999999995
 10
28.674665001135594
 20
27.739999999999995
 10
28.674665001135594
 20
28.549999999999997
 10
25.041778332954806
 20
28.549999999999997
 97
0
 75
0
 76
1
 98
0
  0
TEXT
  5
82D
330
17
100
AcDbEntity
  8
Z-OPISY
100
AcDbText
 10
25.141778332954807
 20
27.949999999999996
 30
0.0
 40
0.5
  1
PC (R290)
  7
PL_ARIAL
 11
25.141778332954807
 21
27.949999999999996
 31
0.0
100
AcDbText
  0
HATCH
  5
82E
330
17
100
AcDbEntity
  8
A-MASKA
 62
7
420
16777215
100
AcDbHatch
 10
0.0
 20
0.0
 30
0.0
210
0.0
220
0.0
230
1.0
  2
SOLID
 70
1
 71
0
 91
1
 92
3
 72
0
 73
1
 93
4
 10
24.249999999999993
 20
30.74
 10
31.842913922325682
 20
30.74
 10
31.842913922325682
 20
31.55
 10
24.249999999999993
 20
31.55
 97
0
 75
0
 76
1
 98
0
  0
TEXT
  5
82F
330
17
100
AcDbEntity
  8
Z-OPISY
100
AcDbText
 10
24.349999999999994
 20
30.95
 30
0.0
 40
0.5
  1
zielona ściana (pnącza
  7
PL_ARIAL
 11
24.349999999999994
 21
30.95
 31
0.0
100
AcDbText
  0
HATCH
  5
830
330
17
100
AcDbEntity
  8
A-MASKA
 62
7
420
16777215
100
AcDbHatch
 10
0.0
 20
0.0
 30
0.0
210
0.0
220
0.0
230
1.0
  2
SOLID
 70
1
 71
0
 91
1
 92
3
 72
0
 73
1
 93
4
 10
24.249999999999993
 20
30.014999999999997
 10
29.135101067454002
 20
30.014999999999997
 10
29.135101067454002
 20
30.825
 10
24.249999999999993
 20
30.825
 97
0
 75
0
 76
1
 98
0
  0
TEXT
  5
831
330
17
100
AcDbEntity
  8
Z-OPISY
100
AcDbText
 10
24.349999999999994
 20
30.224999999999998
 30
0.0
 40
0.5
  1
na kratownicy)
  7
PL_ARIAL
 11
24.349999999999994
 21
30.224999999999998
 31
0.0
100
AcDbText
  0
HATCH
  5
832
330
17
100
AcDbEntity
  8
A-MASKA
 62
7
420
16777215
100
AcDbHatch
 10
0.0
 20
0.0
 30
0.0
210
0.0
220
0.0
230
1.0
  2
SOLID
 70
1
 71
0
 91
1
 92
3
 72
0
 73
1
 93
4
 10
2.9054167612991124
 20
22.189999999999998
 10
12.698194412900296
 20
22.189999999999998
 10
12.698194412900296
 20
23.0
 10
2.9054167612991124
 20
23.0
 97
0
 75
0
 76
1
 98
0
  0
TEXT
  5
833
330
17
100
AcDbEntity
  8
Z-OPISY
100
AcDbText
 10
3.005416761299113
 20
22.4
 30
0.0
 40
0.5
  1
zbiornik retencyjny V = 5,0 m³
  7
PL_ARIAL
 11
3.005416761299113
 21
22.4
 31
0.0
100
AcDbText
  0
HATCH
  5
834
330
17
100
AcDbEntity
  8
A-MASKA
 62
7
420
16777215
100
AcDbHatch
 10
0.0
 20
0.0
 30
0.0
210
0.0
220
0.0
230
1.0
  2
SOLID
 70
1
 71
0
 91
1
 92
3
 72
0
 73
1
 93
4
 10
16.499999999999996
 20
11.989999999999995
 10
21.548285260049965
 20
11.989999999999995
 10
21.548285260049965
 20
12.799999999999995
 10
16.499999999999996
 20
12.799999999999995
 97
0
 75
0
 76
1
 98
0
  0
TEXT
  5
835
330
17
100
AcDbEntity
  8
Z-OPISY
100
AcDbText
 10
16.599999999999998
 20
12.199999999999996
 30
0.0
 40
0.5
  1
niecka chłonna
  7
PL_ARIAL
 11
16.599999999999998
 21
12.199999999999996
 31
0.0
100
AcDbText
  0
HATCH
  5
836
330
17
100
AcDbEntity
  8
A-MASKA
 62
7
420
16777215
100
AcDbHatch
 10
0.0
 20
0.0
 30
0.0
210
0.0
220
0.0
230
1.0
  2
SOLID
 70
1
 71
0
 91
1
 92
3
 72
0
 73
1
 93
4
 10
16.499999999999996
 20
11.264999999999995
 10
23.344219850102203
 20
11.264999999999995
 10
23.344219850102203
 20
12.074999999999996
 10
16.499999999999996
 20
12.074999999999996
 97
0
 75
0
 76
1
 98
0
  0
TEXT
  5
837
330
17
100
AcDbEntity
  8
Z-OPISY
100
AcDbText
 10
16.599999999999998
 20
11.474999999999996
 30
0.0
 40
0.5
  1
28,00 m², V = 8,4 m³
  7
PL_ARIAL
 11
16.599999999999998
 21
11.474999999999996
 31
0.0
100
AcDbText
  0
HATCH
  5
838
330
17
100
AcDbEntity
  8
A-MASKA
 62
7
420
16777215
100
AcDbHatch
 10
0.0
 20
0.0
 30
0.0
210
0.0
220
0.0
230
1.0
  2
SOLID
 70
1
 71
0
 91
1
 92
3
 72
0
 73
1
 93
4
 10
11.9
 20
9.499999999999998
 10
14.887076992959347
 20
9.499999999999998
 10
14.887076992959347
 20
10.309999999999999
 10
11.9
 20
10.309999999999999
 97
0
 75
0
 76
1
 98
0
  0
TEXT
  5
839
330
17
100
AcDbEntity
  8
Z-OPISY
100
AcDbText
 10
12.0
 20
9.709999999999999
 30
0.0
 40
0.5
  1
DR1 lipa
  7
PL_ARIAL
 11
12.0
 21
9.709999999999999
 31
0.0
100
AcDbText
  0
HATCH
  5
83A
330
17
100
AcDbEntity
  8
A-MASKA
 62
7
420
16777215
100
AcDbHatch
 10
0.0
 20
0.0
 30
0.0
210
0.0
220
0.0
230
1.0
  2
SOLID
 70
1
 71
0
 91
1
 92
3
 72
0
 73
1
 93
4
 10
2.9000000000000004
 20
24.294999999999998
 10
6.088984783102431
 20
24.294999999999998
 10
6.088984783102431
 20
25.105
 10
2.9000000000000004
 20
25.105
 97
0
 75
0
 76
1
 98
0
  0
TEXT
  5
83B
330
17
100
AcDbEntity
  8
Z-OPISY
100
AcDbText
 10
3.0000000000000004
 20
24.505
 30
0.0
 40
0.5
  1
DR2 klon
  7
PL_ARIAL
 11
3.0000000000000004
 21
24.505
 31
0.0
100
AcDbText
  0
HATCH
  5
83C
330
17
100
AcDbEntity
  8
A-MASKA
 62
7
420
16777215
100
AcDbHatch
 10
0.0
 20
0.0
 30
0.0
210
0.0
220
0.0
230
1.0
  2
SOLID
 70
1
 71
0
 91
1
 92
3
 72
0
 73
1
 93
4
 10
3.4
 20
19.0
 10
6.7102657279127875
 20
19.0
 10
6.7102657279127875
 20
19.810000000000002
 10
3.4
 20
19.810000000000002
 97
0
 75
0
 76
1
 98
0
  0
TEXT
  5
83D
330
17
100
AcDbEntity
  8
Z-OPISY
100
AcDbText
 10
3.5
 20
19.21
 30
0.0
 40
0.5
  1
DR3 grab
  7
PL_ARIAL
 11
3.5
 21
19.21
 31
0.0
100
AcDbText
  0
HATCH
  5
83E
330
17
100
AcDbEntity
  8
A-MASKA
 62
7
420
16777215
100
AcDbHatch
 10
0.0
 20
0.0
 30
0.0
210
0.0
220
0.0
230
1.0
  2
SOLID
 70
1
 71
0
 91
1
 92
3
 72
0
 73
1
 93
4
 10
23.9
 20
19.0
 10
27.695389507154214
 20
19.0
 10
27.695389507154214
 20
19.810000000000002
 10
23.9
 20
19.810000000000002
 97
0
 75
0
 76
1
 98
0
  0
TEXT
  5
83F
330
17
100
AcDbEntity
  8
Z-OPISY
100
AcDbText
 10
24.0
 20
19.21
 30
0.0
 40
0.5
  1
DR4 jabłoń
  7
PL_ARIAL
 11
24.0
 21
19.21
 31
0.0
100
AcDbText
  0
HATCH
  5
840
330
17
100
AcDbEntity
  8
A-MASKA
 62
7
420
16777215
100
AcDbHatch
 10
0.0
 20
0.0
 30
0.0
210
0.0
220
0.0
230
1.0
  2
SOLID
 70
1
 71
0
 91
1
 92
3
 72
0
 73
1
 93
4
 10
21.984219850102203
 20
6.295
 10
28.040000000000003
 20
6.295
 10
28.040000000000003
 20
7.105
 10
21.984219850102203
 20
7.105
 97
0
 75
0
 76
1
 98
0
  0
TEXT
  5
841
330
17
100
AcDbEntity
  8
Z-OPISY
100
AcDbText
 10
22.084219850102205
 20
6.505
 30
0.0
 40
0.5
  1
DR5 brzoza (istn.)
  7
PL_ARIAL
 11
22.084219850102205
 21
6.505
 31
0.0
100
AcDbText
  0
HATCH
  5
842
330
17
100
AcDbEntity
  8
A-MASKA
 62
7
420
16777215
100
AcDbHatch
 10
0.0
 20
0.0
 30
0.0
210
0.0
220
0.0
230
1.0
  2
SOLID
 70
1
 71
0
 91
1
 92
3
 72
0
 73
1
 93
4
 10
8.000000000000002
 20
2.6425000000000005
 10
13.813786054962527
 20
2.6425000000000005
 10
13.813786054962527
 20
3.4525000000000006
 10
8.000000000000002
 20
3.4525000000000006
 97
0
 75
0
 76
1
 98
0
  0
TEXT
  5
843
330
17
100
AcDbEntity
  8
Z-OPISY
100
AcDbText
 10
8.100000000000001
 20
2.8525000000000005
 30
0.0
 40
0.5
  1
DR6 sosna (istn.)
  7
PL_ARIAL
 11
8.100000000000001
 21
2.8525000000000005
 31
0.0
100
AcDbText
  0
HATCH
  5
844
330
17
100
AcDbEntity
  8
A-MASKA
 62
7
420
16777215
100
AcDbHatch
 10
0.0
 20
0.0
 30
0.0
210
0.0
220
0.0
230
1.0
  2
SOLID
 70
1
 71
0
 91
1
 92
3
 72
0
 73
1
 93
4
 10
27.44486713604361
 20
43.79
 10
30.755132863956394
 20
43.79
 10
30.755132863956394
 20
44.6
 10
27.44486713604361
 20
44.6
 97
0
 75
0
 76
1
 98
0
  0
TEXT
  5
845
330
17
100
AcDbEntity
  8
Z-OPISY
100
AcDbText
 10
27.544867136043607
 20
44.0
 30
0.0
 40
0.5
  1
DR7 grab
  7
PL_ARIAL
 11
27.544867136043607
 21
44.0
 31
0.0
100
AcDbText
  0
HATCH
  5
846
330
17
100
AcDbEntity
  8
A-MASKA
 62
7
420
16777215
100
AcDbHatch
 10
0.0
 20
0.0
 30
0.0
210
0.0
220
0.0
230
1.0
  2
SOLID
 70
1
 71
0
 91
1
 92
3
 72
0
 73
1
 93
4
 10
15.08653191006132
 20
47.842499999999994
 10
16.7
 20
47.842499999999994
 10
16.7
 20
48.652499999999996
 10
15.08653191006132
 20
48.652499999999996
 97
0
 75
0
 76
1
 98
0
  0
TEXT
  5
847
330
17
100
AcDbEntity
  8
Z-OPISY
100
AcDbText
 10
15.18653191006132
 20
48.052499999999995
 30
0.0
 40
0.5
  1
ZKP
  7
PL_ARIAL
 11
15.18653191006132
 21
48.052499999999995
 31
0.0
100
AcDbText
  0
HATCH
  5
848
330
17
100
AcDbEntity
  8
A-MASKA
 62
7
420
16777215
100
AcDbHatch
 10
0.0
 20
0.0
 30
0.0
210
0.0
220
0.0
230
1.0
  2
SOLID
 70
1
 71
0
 91
1
 92
3
 72
0
 73
1
 93
4
 10
6.4861912332500555
 20
48.699999999999996
 10
8.1
 20
48.699999999999996
 10
8.1
 20
49.51
 10
6.4861912332500555
 20
49.51
 97
0
 75
0
 76
1
 98
0
  0
TEXT
  5
849
330
17
100
AcDbEntity
  8
Z-OPISY
100
AcDbText
 10
6.586191233250056
 20
48.91
 30
0.0
 40
0.5
  1
SR1
  7
PL_ARIAL
 11
6.586191233250056
 21
48.91
 31
0.0
100
AcDbText
  0
HATCH
  5
84A
330
17
100
AcDbEntity
  8
A-MASKA
 62
7
420
16777215
100
AcDbHatch
 10
0.0
 20
0.0
 30
0.0
210
0.0
220
0.0
230
1.0
  2
SOLID
 70
1
 71
0
 91
1
 92
3
 72
0
 73
1
 93
4
 10
28.899999999999995
 20
46.175
 10
31.200499659323185
 20
46.175
 10
31.200499659323185
 20
46.985
 10
28.899999999999995
 20
46.985
 97
0
 75
0
 76
1
 98
0
  0
TEXT
  5
84B
330
17
100
AcDbEntity
  8
Z-OPISY
100
AcDbText
 10
28.999999999999996
 20
46.385
 30
0.0
 40
0.5
  1
SEP-1
  7
PL_ARIAL
 11
28.999999999999996
 21
46.385
 31
0.0
100
AcDbText
  0
HATCH
  5
84C
330
17
100
AcDbEntity
  8
A-MASKA
 62
7
420
16777215
100
AcDbHatch
 10
0.0
 20
0.0
 30
0.0
210
0.0
220
0.0
230
1.0
  2
SOLID
 70
1
 71
0
 91
1
 92
3
 72
0
 73
1
 93
4
 10
23.189393595275945
 20
25.29
 10
25.610606404724052
 20
25.29
 10
25.610606404724052
 20
26.1
 10
23.189393595275945
 20
26.1
 97
0
 75
0
 76
1
 98
0
  0
TEXT
  5
84D
330
17
100
AcDbEntity
  8
Z-OPISY
100
AcDbText
 10
23.289393595275946
 20
25.5
 30
0.0
 40
0.5
  1
SK-PC
  7
PL_ARIAL
 11
23.289393595275946
 21
25.5
 31
0.0
100
AcDbText
  0
TEXT
  5
84E
330
17
100
AcDbEntity
  8
Z-OPISY
100
AcDbText
 10
36.6
 20
60.3
 30
0.0
 40
0.7000000000000001
  1
WYKAZ PUNKTÓW TYCZENIA I GRANICZNYCH
  7
PL_ARIAL_B
 11
36.6
 21
60.3
 31
0.0
100
AcDbText
  0
TEXT
  5
84F
330
17
100
AcDbEntity
  8
Z-OPISY
100
AcDbText
 10
36.84
 20
58.9075
 30
0.0
 40
0.5
  1
Pkt
  7
PL_ARIAL_B
 11
36.84
 21
58.9075
 31
0.0
100
AcDbText
  0
TEXT
  5
850
330
17
100
AcDbEntity
  8
Z-OPISY
100
AcDbText
 10
38.49204178968885
 20
58.9075
 30
0.0
 40
0.5
  1
x [m]
  7
PL_ARIAL_B
 11
38.49204178968885
 21
58.9075
 31
0.0
100
AcDbText
  0
TEXT
  5
851
330
17
100
AcDbEntity
  8
Z-OPISY
100
AcDbText
 10
40.79057460822167
 20
58.9075
 30
0.0
 40
0.5
  1
y [m]
  7
PL_ARIAL_B
 11
40.79057460822167
 21
58.9075
 31
0.0
100
AcDbText
  0
TEXT
  5
852
330
17
100
AcDbEntity
  8
Z-OPISY
100
AcDbText
 10
46.05759482171248
 20
58.9075
 30
0.0
 40
0.5
  1
Opis
  7
PL_ARIAL_B
 11
46.05759482171248
 21
58.9075
 31
0.0
100
AcDbText
  0
TEXT
  5
853
330
17
100
AcDbEntity
  8
Z-OPISY
100
AcDbText
 10
36.98143765614354
 20
57.905
 30
0.0
 40
0.5
  1
T1
  7
PL_ARIAL
 11
36.98143765614354
 21
57.905
 31
0.0
100
AcDbText
  0
TEXT
  5
854
330
17
100
AcDbEntity
  8
Z-OPISY
100
AcDbText
 10
38.855089711560304
 20
57.905
 30
0.0
 40
0.5
  1
7,30
  7
PL_ARIAL
 11
38.855089711560304
 21
57.905
 31
0.0
100
AcDbText
  0
TEXT
  5
855
330
17
100
AcDbEntity
  8
Z-OPISY
100
AcDbText
 10
40.74946627299569
 20
57.905
 30
0.0
 40
0.5
  1
41,75
  7
PL_ARIAL
 11
40.74946627299569
 21
57.905
 31
0.0
100
AcDbText
  0
TEXT
  5
856
330
17
100
AcDbEntity
  8
Z-OPISY
100
AcDbText
 10
43.04799909152851
 20
57.905
 30
0.0
 40
0.5
  1
narożnik obrysu parteru
  7
PL_ARIAL
 11
43.04799909152851
 21
57.905
 31
0.0
100
AcDbText
  0
TEXT
  5
857
330
17
100
AcDbEntity
  8
Z-OPISY
100
AcDbText
 10
36.98143765614354
 20
57.025
 30
0.0
 40
0.5
  1
T2
  7
PL_ARIAL
 11
36.98143765614354
 21
57.025
 31
0.0
100
AcDbText
  0
TEXT
  5
858
330
17
100
AcDbEntity
  8
Z-OPISY
100
AcDbText
 10
38.45093345446287
 20
57.025
 30
0.0
 40
0.5
  1
19,30
  7
PL_ARIAL
 11
38.45093345446287
 21
57.025
 31
0.0
100
AcDbText
  0
TEXT
  5
859
330
17
100
AcDbEntity
  8
Z-OPISY
100
AcDbText
 10
40.74946627299569
 20
57.025
 30
0.0
 40
0.5
  1
41,75
  7
PL_ARIAL
 11
40.74946627299569
 21
57.025
 31
0.0
100
AcDbText
  0
TEXT
  5
85A
330
17
100
AcDbEntity
  8
Z-OPISY
100
AcDbText
 10
43.04799909152851
 20
57.025
 30
0.0
 40
0.5
  1
narożnik obrysu parteru
  7
PL_ARIAL
 11
43.04799909152851
 21
57.025
 31
0.0
100
AcDbText
  0
TEXT
  5
85B
330
17
100
AcDbEntity
  8
Z-OPISY
100
AcDbText
 10
36.98143765614354
 20
56.144999999999996
 30
0.0
 40
0.5
  1
T3
  7
PL_ARIAL
 11
36.98143765614354
 21
56.144999999999996
 31
0.0
100
AcDbText
  0
TEXT
  5
85C
330
17
100
AcDbEntity
  8
Z-OPISY
100
AcDbText
 10
38.45093345446287
 20
56.144999999999996
 30
0.0
 40
0.5
  1
19,30
  7
PL_ARIAL
 11
38.45093345446287
 21
56.144999999999996
 31
0.0
100
AcDbText
  0
TEXT
  5
85D
330
17
100
AcDbEntity
  8
Z-OPISY
100
AcDbText
 10
40.74946627299569
 20
56.144999999999996
 30
0.0
 40
0.5
  1
42,38
  7
PL_ARIAL
 11
40.74946627299569
 21
56.144999999999996
 31
0.0
100
AcDbText
  0
TEXT
  5
85E
330
17
100
AcDbEntity
  8
Z-OPISY
100
AcDbText
 10
43.04799909152851
 20
56.144999999999996
 30
0.0
 40
0.5
  1
narożnik obrysu parteru
  7
PL_ARIAL
 11
43.04799909152851
 21
56.144999999999996
 31
0.0
100
AcDbText
  0
TEXT
  5
85F
330
17
100
AcDbEntity
  8
Z-OPISY
100
AcDbText
 10
36.98143765614354
 20
55.26499999999999
 30
0.0
 40
0.5
  1
T4
  7
PL_ARIAL
 11
36.98143765614354
 21
55.26499999999999
 31
0.0
100
AcDbText
  0
TEXT
  5
860
330
17
100
AcDbEntity
  8
Z-OPISY
100
AcDbText
 10
38.45093345446287
 20
55.26499999999999
 30
0.0
 40
0.5
  1
26,28
  7
PL_ARIAL
 11
38.45093345446287
 21
55.26499999999999
 31
0.0
100
AcDbText
  0
TEXT
  5
861
330
17
100
AcDbEntity
  8
Z-OPISY
100
AcDbText
 10
40.74946627299569
 20
55.26499999999999
 30
0.0
 40
0.5
  1
42,38
  7
PL_ARIAL
 11
40.74946627299569
 21
55.26499999999999
 31
0.0
100
AcDbText
  0
TEXT
  5
862
330
17
100
AcDbEntity
  8
Z-OPISY
100
AcDbText
 10
43.04799909152851
 20
55.26499999999999
 30
0.0
 40
0.5
  1
narożnik obrysu parteru
  7
PL_ARIAL
 11
43.04799909152851
 21
55.26499999999999
 31
0.0
100
AcDbText
  0
TEXT
  5
863
330
17
100
AcDbEntity
  8
Z-OPISY
100
AcDbText
 10
36.98143765614354
 20
54.38499999999999
 30
0.0
 40
0.5
  1
T5
  7
PL_ARIAL
 11
36.98143765614354
 21
54.38499999999999
 31
0.0
100
AcDbText
  0
TEXT
  5
864
330
17
100
AcDbEntity
  8
Z-OPISY
100
AcDbText
 10
38.45093345446287
 20
54.38499999999999
 30
0.0
 40
0.5
  1
26,28
  7
PL_ARIAL
 11
38.45093345446287
 21
54.38499999999999
 31
0.0
100
AcDbText
  0
TEXT
  5
865
330
17
100
AcDbEntity
  8
Z-OPISY
100
AcDbText
 10
40.74946627299569
 20
54.38499999999999
 30
0.0
 40
0.5
  1
32,40
  7
PL_ARIAL
 11
40.74946627299569
 21
54.38499999999999
 31
0.0
100
AcDbText
  0
TEXT
  5
866
330
17
100
AcDbEntity
  8
Z-OPISY
100
AcDbText
 10
43.04799909152851
 20
54.38499999999999
 30
0.0
 40
0.5
  1
narożnik obrysu parteru
  7
PL_ARIAL
 11
43.04799909152851
 21
54.38499999999999
 31
0.0
100
AcDbText
  0
TEXT
  5
867
330
17
100
AcDbEntity
  8
Z-OPISY
100
AcDbText
 10
36.98143765614354
 20
53.50499999999999
 30
0.0
 40
0.5
  1
T6
  7
PL_ARIAL
 11
36.98143765614354
 21
53.50499999999999
 31
0.0
100
AcDbText
  0
TEXT
  5
868
330
17
100
AcDbEntity
  8
Z-OPISY
100
AcDbText
 10
38.855089711560304
 20
53.50499999999999
 30
0.0
 40
0.5
  1
7,30
  7
PL_ARIAL
 11
38.855089711560304
 21
53.50499999999999
 31
0.0
100
AcDbText
  0
TEXT
  5
869
330
17
100
AcDbEntity
  8
Z-OPISY
100
AcDbText
 10
40.74946627299569
 20
53.50499999999999
 30
0.0
 40
0.5
  1
32,40
  7
PL_ARIAL
 11
40.74946627299569
 21
53.50499999999999
 31
0.0
100
AcDbText
  0
TEXT
  5
86A
330
17
100
AcDbEntity
  8
Z-OPISY
100
AcDbText
 10
43.04799909152851
 20
53.50499999999999
 30
0.0
 40
0.5
  1
narożnik obrysu parteru
  7
PL_ARIAL
 11
43.04799909152851
 21
53.50499999999999
 31
0.0
100
AcDbText
  0
TEXT
  5
86B
330
17
100
AcDbEntity
  8
Z-OPISY
100
AcDbText
 10
37.163075176016356
 20
52.624999999999986
 30
0.0
 40
0.5
  1
A
  7
PL_ARIAL
 11
37.163075176016356
 21
52.624999999999986
 31
0.0
100
AcDbText
  0
TEXT
  5
86C
330
17
100
AcDbEntity
  8
Z-OPISY
100
AcDbText
 10
38.855089711560304
 20
52.624999999999986
 30
0.0
 40
0.5
  1
0,00
  7
PL_ARIAL
 11
38.855089711560304
 21
52.624999999999986
 31
0.0
100
AcDbText
  0
TEXT
  5
86D
330
17
100
AcDbEntity
  8
Z-OPISY
100
AcDbText
 10
41.15362253009312
 20
52.624999999999986
 30
0.0
 40
0.5
  1
0,00
  7
PL_ARIAL
 11
41.15362253009312
 21
52.624999999999986
 31
0.0
100
AcDbText
  0
TEXT
  5
86E
330
17
100
AcDbEntity
  8
Z-OPISY
100
AcDbText
 10
43.04799909152851
 20
52.624999999999986
 30
0.0
 40
0.5
  1
punkt graniczny działki
  7
PL_ARIAL
 11
43.04799909152851
 21
52.624999999999986
 31
0.0
100
AcDbText
  0
TEXT
  5
86F
330
17
100
AcDbEntity
  8
Z-OPISY
100
AcDbText
 10
37.163075176016356
 20
51.74499999999998
 30
0.0
 40
0.5
  1
B
  7
PL_ARIAL
 11
37.163075176016356
 21
51.74499999999998
 31
0.0
100
AcDbText
  0
TEXT
  5
870
330
17
100
AcDbEntity
  8
Z-OPISY
100
AcDbText
 10
38.45093345446287
 20
51.74499999999998
 30
0.0
 40
0.5
  1
32,00
  7
PL_ARIAL
 11
38.45093345446287
 21
51.74499999999998
 31
0.0
100
AcDbText
  0
TEXT
  5
871
330
17
100
AcDbEntity
  8
Z-OPISY
100
AcDbText
 10
41.15362253009312
 20
51.74499999999998
 30
0.0
 40
0.5
  1
0,00
  7
PL_ARIAL
 11
41.15362253009312
 21
51.74499999999998
 31
0.0
100
AcDbText
  0
TEXT
  5
872
330
17
100
AcDbEntity
  8
Z-OPISY
100
AcDbText
 10
43.04799909152851
 20
51.74499999999998
 30
0.0
 40
0.5
  1
punkt graniczny działki
  7
PL_ARIAL
 11
43.04799909152851
 21
51.74499999999998
 31
0.0
100
AcDbText
  0
TEXT
  5
873
330
17
100
AcDbEntity
  8
Z-OPISY
100
AcDbText
 10
37.14303202362026
 20
50.86499999999998
 30
0.0
 40
0.5
  1
C
  7
PL_ARIAL
 11
37.14303202362026
 21
50.86499999999998
 31
0.0
100
AcDbText
  0
TEXT
  5
874
330
17
100
AcDbEntity
  8
Z-OPISY
100
AcDbText
 10
38.45093345446287
 20
50.86499999999998
 30
0.0
 40
0.5
  1
32,00
  7
PL_ARIAL
 11
38.45093345446287
 21
50.86499999999998
 31
0.0
100
AcDbText
  0
TEXT
  5
875
330
17
100
AcDbEntity
  8
Z-OPISY
100
AcDbText
 10
40.74946627299569
 20
50.86499999999998
 30
0.0
 40
0.5
  1
50,00
  7
PL_ARIAL
 11
40.74946627299569
 21
50.86499999999998
 31
0.0
100
AcDbText
  0
TEXT
  5
876
330
17
100
AcDbEntity
  8
Z-OPISY
100
AcDbText
 10
43.04799909152851
 20
50.86499999999998
 30
0.0
 40
0.5
  1
punkt graniczny działki
  7
PL_ARIAL
 11
43.04799909152851
 21
50.86499999999998
 31
0.0
100
AcDbText
  0
TEXT
  5
877
330
17
100
AcDbEntity
  8
Z-OPISY
100
AcDbText
 10
37.14303202362026
 20
49.98499999999998
 30
0.0
 40
0.5
  1
D
  7
PL_ARIAL
 11
37.14303202362026
 21
49.98499999999998
 31
0.0
100
AcDbText
  0
TEXT
  5
878
330
17
100
AcDbEntity
  8
Z-OPISY
100
AcDbText
 10
38.855089711560304
 20
49.98499999999998
 30
0.0
 40
0.5
  1
0,00
  7
PL_ARIAL
 11
38.855089711560304
 21
49.98499999999998
 31
0.0
100
AcDbText
  0
TEXT
  5
879
330
17
100
AcDbEntity
  8
Z-OPISY
100
AcDbText
 10
40.74946627299569
 20
49.98499999999998
 30
0.0
 40
0.5
  1
50,00
  7
PL_ARIAL
 11
40.74946627299569
 21
49.98499999999998
 31
0.0
100
AcDbText
  0
TEXT
  5
87A
330
17
100
AcDbEntity
  8
Z-OPISY
100
AcDbText
 10
43.04799909152851
 20
49.98499999999998
 30
0.0
 40
0.5
  1
punkt graniczny działki
  7
PL_ARIAL
 11
43.04799909152851
 21
49.98499999999998
 31
0.0
100
AcDbText
  0
TEXT
  5
87B
330
17
100
AcDbEntity
  8
Z-OPISY
100
AcDbText
 10
36.6
 20
49.06999999999997
 30
0.0
 40
0.5
  1
Układ lokalny działki: początek — narożnik A, x → wschód, y → północ. W
  7
PL_ARIAL
 11
36.6
 21
49.06999999999997
 31
0.0
100
AcDbText
  0
TEXT
  5
87C
330
17
100
AcDbEntity
  8
Z-OPISY
100
AcDbText
 10
36.6
 20
48.34499999999997
 30
0.0
 40
0.5
  1
projekcie rzeczywistym współrzędne w układzie PL-2000 (X — północ, Y
  7
PL_ARIAL
 11
36.6
 21
48.34499999999997
 31
0.0
100
AcDbText
  0
TEXT
  5
87D
330
17
100
AcDbEntity
  8
Z-OPISY
100
AcDbText
 10
36.6
 20
47.61999999999997
 30
0.0
 40
0.5
  1
— wschód) z mapy do celów projektowych; tyczenie — geodeta
  7
PL_ARIAL
 11
36.6
 21
47.61999999999997
 31
0.0
100
AcDbText
  0
TEXT
  5
87E
330
17
100
AcDbEntity
  8
Z-OPISY
100
AcDbText
 10
36.6
 20
46.89499999999997
 30
0.0
 40
0.5
  1
uprawniony (PB art. 43 ust. 1).
  7
PL_ARIAL
 11
36.6
 21
46.89499999999997
 31
0.0
100
AcDbText
  0
TEXT
  5
87F
330
17
100
AcDbEntity
  8
Z-OPISY
100
AcDbText
 10
36.6
 20
44.79499999999996
 30
0.0
 40
0.7000000000000001
  1
RZĘDNE CHARAKTERYSTYCZNE [m n.p.m.]
  7
PL_ARIAL_B
 11
36.6
 21
44.79499999999996
 31
0.0
100
AcDbText
  0
TEXT
  5
880
330
17
100
AcDbEntity
  8
Z-OPISY
100
AcDbText
 10
41.16154213036566
 20
43.40249999999996
 30
0.0
 40
0.5
  1
Poziom
  7
PL_ARIAL_B
 11
41.16154213036566
 21
43.40249999999996
 31
0.0
100
AcDbText
  0
TEXT
  5
881
330
17
100
AcDbEntity
  8
Z-OPISY
100
AcDbText
 10
48.54723143311379
 20
43.40249999999996
 30
0.0
 40
0.5
  1
Rzędna
  7
PL_ARIAL_B
 11
48.54723143311379
 21
43.40249999999996
 31
0.0
100
AcDbText
  0
TEXT
  5
882
330
17
100
AcDbEntity
  8
Z-OPISY
100
AcDbText
 10
36.84
 20
42.39999999999996
 30
0.0
 40
0.5
  1
±0,00 — posadzka parteru
  7
PL_ARIAL
 11
36.84
 21
42.39999999999996
 31
0.0
100
AcDbText
  0
TEXT
  5
883
330
17
100
AcDbEntity
  8
Z-OPISY
100
AcDbText
 10
48.908916647740185
 20
42.39999999999996
 30
0.0
 40
0.5
  1
101,65
  7
PL_ARIAL
 11
48.908916647740185
 21
42.39999999999996
 31
0.0
100
AcDbText
  0
TEXT
  5
884
330
17
100
AcDbEntity
  8
Z-OPISY
100
AcDbText
 10
36.84
 20
41.51999999999996
 30
0.0
 40
0.5
  1
T1 — deska kompozytowa…
  7
PL_ARIAL
 11
36.84
 21
41.51999999999996
 31
0.0
100
AcDbText
  0
TEXT
  5
885
330
17
100
AcDbEntity
  8
Z-OPISY
100
AcDbText
 10
48.908916647740185
 20
41.51999999999996
 30
0.0
 40
0.5
  1
101,63
  7
PL_ARIAL
 11
48.908916647740185
 21
41.51999999999996
 31
0.0
100
AcDbText
  0
TEXT
  5
886
330
17
100
AcDbEntity
  8
Z-OPISY
100
AcDbText
 10
36.84
 20
40.63999999999996
 30
0.0
 40
0.5
  1
T2 — płyty betonowe 60…
  7
PL_ARIAL
 11
36.84
 21
40.63999999999996
 31
0.0
100
AcDbText
  0
TEXT
  5
887
330
17
100
AcDbEntity
  8
Z-OPISY
100
AcDbText
 10
48.908916647740185
 20
40.63999999999996
 30
0.0
 40
0.5
  1
101,63
  7
PL_ARIAL
 11
48.908916647740185
 21
40.63999999999996
 31
0.0
100
AcDbText
  0
TEXT
  5
888
330
17
100
AcDbEntity
  8
Z-OPISY
100
AcDbText
 10
36.84
 20
39.759999999999955
 30
0.0
 40
0.5
  1
T3 — płyty betonowe 60…
  7
PL_ARIAL
 11
36.84
 21
39.759999999999955
 31
0.0
100
AcDbText
  0
TEXT
  5
889
330
17
100
AcDbEntity
  8
Z-OPISY
100
AcDbText
 10
48.908916647740185
 20
39.759999999999955
 30
0.0
 40
0.5
  1
101,63
  7
PL_ARIAL
 11
48.908916647740185
 21
39.759999999999955
 31
0.0
100
AcDbText
  0
TEXT
  5
88A
330
17
100
AcDbEntity
  8
Z-OPISY
100
AcDbText
 10
36.84
 20
38.87999999999995
 30
0.0
 40
0.5
  1
teren proj. przy wejściu głównym
  7
PL_ARIAL
 11
36.84
 21
38.87999999999995
 31
0.0
100
AcDbText
  0
TEXT
  5
88B
330
17
100
AcDbEntity
  8
Z-OPISY
100
AcDbText
 10
48.908916647740185
 20
38.87999999999995
 30
0.0
 40
0.5
  1
101,62
  7
PL_ARIAL
 11
48.908916647740185
 21
38.87999999999995
 31
0.0
100
AcDbText
  0
TEXT
  5
88C
330
17
100
AcDbEntity
  8
Z-OPISY
100
AcDbText
 10
36.84
 20
37.99999999999995
 30
0.0
 40
0.5
  1
teren na obwodzie ścian — min.
  7
PL_ARIAL
 11
36.84
 21
37.99999999999995
 31
0.0
100
AcDbText
  0
TEXT
  5
88D
330
17
100
AcDbEntity
  8
Z-OPISY
100
AcDbText
 10
48.908916647740185
 20
37.99999999999995
 30
0.0
 40
0.5
  1
101,29
  7
PL_ARIAL
 11
48.908916647740185
 21
37.99999999999995
 31
0.0
100
AcDbText
  0
TEXT
  5
88E
330
17
100
AcDbEntity
  8
Z-OPISY
100
AcDbText
 10
36.84
 20
37.11999999999995
 30
0.0
 40
0.5
  1
teren na obwodzie ścian — maks.
  7
PL_ARIAL
 11
36.84
 21
37.11999999999995
 31
0.0
100
AcDbText
  0
TEXT
  5
88F
330
17
100
AcDbEntity
  8
Z-OPISY
100
AcDbText
 10
48.908916647740185
 20
37.11999999999995
 30
0.0
 40
0.5
  1
101,48
  7
PL_ARIAL
 11
48.908916647740185
 21
37.11999999999995
 31
0.0
100
AcDbText
  0
TEXT
  5
890
330
17
100
AcDbEntity
  8
Z-OPISY
100
AcDbText
 10
36.84
 20
36.239999999999945
 30
0.0
 40
0.5
  1
najwyższy punkt budynku
  7
PL_ARIAL
 11
36.84
 21
36.239999999999945
 31
0.0
100
AcDbText
  0
TEXT
  5
891
330
17
100
AcDbEntity
  8
Z-OPISY
100
AcDbText
 10
49.016797637974115
 20
36.239999999999945
 30
0.0
 40
0.5
  1
111,85
  7
PL_ARIAL
 11
49.016797637974115
 21
36.239999999999945
 31
0.0
100
AcDbText
  0
TEXT
  5
892
330
17
100
AcDbEntity
  8
Z-OPISY
100
AcDbText
 10
36.84
 20
35.35999999999994
 30
0.0
 40
0.5
  1
zwierciadło wody gruntowej (ZWG)
  7
PL_ARIAL
 11
36.84
 21
35.35999999999994
 31
0.0
100
AcDbText
  0
TEXT
  5
893
330
17
100
AcDbEntity
  8
Z-OPISY
100
AcDbText
 10
49.31307290483762
 20
35.35999999999994
 30
0.0
 40
0.5
  1
97,60
  7
PL_ARIAL
 11
49.31307290483762
 21
35.35999999999994
 31
0.0
100
AcDbText
  0
TEXT
  5
894
330
17
100
AcDbEntity
  8
Z-OPISY
100
AcDbText
 10
36.6
 20
34.444999999999936
 30
0.0
 40
0.5
  1
Rzędne projektowane terenu: spadek ≥ 2 % od budynku; na granicach
  7
PL_ARIAL
 11
36.6
 21
34.444999999999936
 31
0.0
100
AcDbText
  0
TEXT
  5
895
330
17
100
AcDbEntity
  8
Z-OPISY
100
AcDbText
 10
36.6
 20
33.719999999999935
 30
0.0
 40
0.5
  1
działki rzędne istniejące (bez zmiany spływu na działki sąsiednie — WT §
  7
PL_ARIAL
 11
36.6
 21
33.719999999999935
 31
0.0
100
AcDbText
  0
TEXT
  5
896
330
17
100
AcDbEntity
  8
Z-OPISY
100
AcDbText
 10
36.6
 20
32.99499999999993
 30
0.0
 40
0.5
  1
29, PW art. 234).
  7
PL_ARIAL
 11
36.6
 21
32.99499999999993
 31
0.0
100
AcDbText
  0
TEXT
  5
897
330
17
100
AcDbEntity
  8
Z-OPISY
100
AcDbText
 10
36.6
 20
30.894999999999932
 30
0.0
 40
0.7000000000000001
  1
ODWODNIENIE POWIERZCHNIOWE
  7
PL_ARIAL_B
 11
36.6
 21
30.894999999999932
 31
0.0
100
AcDbText
  0
TEXT
  5
898
330
17
100
AcDbEntity
  8
Z-OPISY
100
AcDbText
 10
37.203558937088346
 20
29.50249999999993
 30
0.0
 40
0.5
  1
Ozn.
  7
PL_ARIAL_B
 11
37.203558937088346
 21
29.50249999999993
 31
0.0
100
AcDbText
  0
TEXT
  5
899
330
17
100
AcDbEntity
  8
Z-OPISY
100
AcDbText
 10
41.00203497615263
 20
29.50249999999993
 30
0.0
 40
0.5
  1
Typ
  7
PL_ARIAL_B
 11
41.00203497615263
 21
29.50249999999993
 31
0.0
100
AcDbText
  0
TEXT
  5
89A
330
17
100
AcDbEntity
  8
Z-OPISY
100
AcDbText
 10
44.8647853736089
 20
29.50249999999993
 30
0.0
 40
0.5
  1
Wymiar
  7
PL_ARIAL_B
 11
44.8647853736089
 21
29.50249999999993
 31
0.0
100
AcDbText
  0
TEXT
  5
89B
330
17
100
AcDbEntity
  8
Z-OPISY
100
AcDbText
 10
48.72129002952533
 20
29.50249999999993
 30
0.0
 40
0.5
  1
Spadek
  7
PL_ARIAL_B
 11
48.72129002952533
 21
29.50249999999993
 31
0.0
100
AcDbText
  0
TEXT
  5
89C
330
17
100
AcDbEntity
  8
Z-OPISY
100
AcDbText
 10
53.786799909152855
 20
29.50249999999993
 30
0.0
 40
0.5
  1
Odbiornik
  7
PL_ARIAL_B
 11
53.786799909152855
 21
29.50249999999993
 31
0.0
100
AcDbText
  0
TEXT
  5
89D
330
17
100
AcDbEntity
  8
Z-OPISY
100
AcDbText
 10
36.84
 20
28.49999999999993
 30
0.0
 40
0.5
  1
OL-1
  7
PL_ARIAL
 11
36.84
 21
28.49999999999993
 31
0.0
100
AcDbText
  0
TEXT
  5
89E
330
17
100
AcDbEntity
  8
Z-OPISY
100
AcDbText
 10
39.62161253690665
 20
28.49999999999993
 30
0.0
 40
0.5
  1
liniowe
  7
PL_ARIAL
 11
39.62161253690665
 21
28.49999999999993
 31
0.0
100
AcDbText
  0
TEXT
  5
89F
330
17
100
AcDbEntity
  8
Z-OPISY
100
AcDbText
 10
44.81408130819896
 20
28.49999999999993
 30
0.0
 40
0.5
  1
L = 5,98 m
  7
PL_ARIAL
 11
44.81408130819896
 21
28.49999999999993
 31
0.0
100
AcDbText
  0
TEXT
  5
8A0
330
17
100
AcDbEntity
  8
Z-OPISY
100
AcDbText
 10
49.44795366795367
 20
28.49999999999993
 30
0.0
 40
0.5
  1
0,5 %
  7
PL_ARIAL
 11
49.44795366795367
 21
28.49999999999993
 31
0.0
100
AcDbText
  0
TEXT
  5
8A1
330
17
100
AcDbEntity
  8
Z-OPISY
100
AcDbText
 10
51.7863456734045
 20
28.49999999999993
 30
0.0
 40
0.5
  1
SEP-1 → NT-E
  7
PL_ARIAL
 11
51.7863456734045
 21
28.49999999999993
 31
0.0
100
AcDbText
  0
TEXT
  5
8A2
330
17
100
AcDbEntity
  8
Z-OPISY
100
AcDbText
 10
36.84
 20
27.61999999999993
 30
0.0
 40
0.5
  1
OL-2
  7
PL_ARIAL
 11
36.84
 21
27.61999999999993
 31
0.0
100
AcDbText
  0
TEXT
  5
8A3
330
17
100
AcDbEntity
  8
Z-OPISY
100
AcDbText
 10
39.62161253690665
 20
27.61999999999993
 30
0.0
 40
0.5
  1
liniowe
  7
PL_ARIAL
 11
39.62161253690665
 21
27.61999999999993
 31
0.0
100
AcDbText
  0
TEXT
  5
8A4
330
17
100
AcDbEntity
  8
Z-OPISY
100
AcDbText
 10
44.463865546218486
 20
27.61999999999993
 30
0.0
 40
0.5
  1
L = 11,40 m
  7
PL_ARIAL
 11
44.463865546218486
 21
27.61999999999993
 31
0.0
100
AcDbText
  0
TEXT
  5
8A5
330
17
100
AcDbEntity
  8
Z-OPISY
100
AcDbText
 10
49.44795366795367
 20
27.61999999999993
 30
0.0
 40
0.5
  1
0,5 %
  7
PL_ARIAL
 11
49.44795366795367
 21
27.61999999999993
 31
0.0
100
AcDbText
  0
TEXT
  5
8A6
330
17
100
AcDbEntity
  8
Z-OPISY
100
AcDbText
 10
51.7863456734045
 20
27.61999999999993
 30
0.0
 40
0.5
  1
opaska / KD-W
  7
PL_ARIAL
 11
51.7863456734045
 21
27.61999999999993
 31
0.0
100
AcDbText
  0
TEXT
  5
8A7
330
17
100
AcDbEntity
  8
Z-OPISY
100
AcDbText
 10
36.84
 20
26.73999999999993
 30
0.0
 40
0.5
  1
OL-2W
  7
PL_ARIAL
 11
36.84
 21
26.73999999999993
 31
0.0
100
AcDbText
  0
TEXT
  5
8A8
330
17
100
AcDbEntity
  8
Z-OPISY
100
AcDbText
 10
39.62161253690665
 20
26.73999999999993
 30
0.0
 40
0.5
  1
liniowe
  7
PL_ARIAL
 11
39.62161253690665
 21
26.73999999999993
 31
0.0
100
AcDbText
  0
TEXT
  5
8A9
330
17
100
AcDbEntity
  8
Z-OPISY
100
AcDbText
 10
44.81408130819896
 20
26.73999999999993
 30
0.0
 40
0.5
  1
L = 2,60 m
  7
PL_ARIAL
 11
44.81408130819896
 21
26.73999999999993
 31
0.0
100
AcDbText
  0
TEXT
  5
8AA
330
17
100
AcDbEntity
  8
Z-OPISY
100
AcDbText
 10
49.44795366795367
 20
26.73999999999993
 30
0.0
 40
0.5
  1
0,5 %
  7
PL_ARIAL
 11
49.44795366795367
 21
26.73999999999993
 31
0.0
100
AcDbText
  0
TEXT
  5
8AB
330
17
100
AcDbEntity
  8
Z-OPISY
100
AcDbText
 10
51.7863456734045
 20
26.73999999999993
 30
0.0
 40
0.5
  1
KD-W
  7
PL_ARIAL
 11
51.7863456734045
 21
26.73999999999993
 31
0.0
100
AcDbText
  0
TEXT
  5
8AC
330
17
100
AcDbEntity
  8
Z-OPISY
100
AcDbText
 10
36.84
 20
25.859999999999932
 30
0.0
 40
0.5
  1
OL-3
  7
PL_ARIAL
 11
36.84
 21
25.859999999999932
 31
0.0
100
AcDbText
  0
TEXT
  5
8AD
330
17
100
AcDbEntity
  8
Z-OPISY
100
AcDbText
 10
39.62161253690665
 20
25.859999999999932
 30
0.0
 40
0.5
  1
liniowe
  7
PL_ARIAL
 11
39.62161253690665
 21
25.859999999999932
 31
0.0
100
AcDbText
  0
TEXT
  5
8AE
330
17
100
AcDbEntity
  8
Z-OPISY
100
AcDbText
 10
44.81408130819896
 20
25.859999999999932
 30
0.0
 40
0.5
  1
L = 1,75 m
  7
PL_ARIAL
 11
44.81408130819896
 21
25.859999999999932
 31
0.0
100
AcDbText
  0
TEXT
  5
8AF
330
17
100
AcDbEntity
  8
Z-OPISY
100
AcDbText
 10
49.44795366795367
 20
25.859999999999932
 30
0.0
 40
0.5
  1
0,5 %
  7
PL_ARIAL
 11
49.44795366795367
 21
25.859999999999932
 31
0.0
100
AcDbText
  0
TEXT
  5
8B0
330
17
100
AcDbEntity
  8
Z-OPISY
100
AcDbText
 10
51.7863456734045
 20
25.859999999999932
 30
0.0
 40
0.5
  1
KD-W
  7
PL_ARIAL
 11
51.7863456734045
 21
25.859999999999932
 31
0.0
100
AcDbText
  0
TEXT
  5
8B1
330
17
100
AcDbEntity
  8
Z-OPISY
100
AcDbText
 10
36.84
 20
24.979999999999933
 30
0.0
 40
0.5
  1
OL-7
  7
PL_ARIAL
 11
36.84
 21
24.979999999999933
 31
0.0
100
AcDbText
  0
TEXT
  5
8B2
330
17
100
AcDbEntity
  8
Z-OPISY
100
AcDbText
 10
39.62161253690665
 20
24.979999999999933
 30
0.0
 40
0.5
  1
liniowe
  7
PL_ARIAL
 11
39.62161253690665
 21
24.979999999999933
 31
0.0
100
AcDbText
  0
TEXT
  5
8B3
330
17
100
AcDbEntity
  8
Z-OPISY
100
AcDbText
 10
44.81408130819896
 20
24.979999999999933
 30
0.0
 40
0.5
  1
L = 6,88 m
  7
PL_ARIAL
 11
44.81408130819896
 21
24.979999999999933
 31
0.0
100
AcDbText
  0
TEXT
  5
8B4
330
17
100
AcDbEntity
  8
Z-OPISY
100
AcDbText
 10
49.44795366795367
 20
24.979999999999933
 30
0.0
 40
0.5
  1
0,5 %
  7
PL_ARIAL
 11
49.44795366795367
 21
24.979999999999933
 31
0.0
100
AcDbText
  0
TEXT
  5
8B5
330
17
100
AcDbEntity
  8
Z-OPISY
100
AcDbText
 10
51.7863456734045
 20
24.979999999999933
 30
0.0
 40
0.5
  1
SEP-1 → NT-E
  7
PL_ARIAL
 11
51.7863456734045
 21
24.979999999999933
 31
0.0
100
AcDbText
  0
TEXT
  5
8B6
330
17
100
AcDbEntity
  8
Z-OPISY
100
AcDbText
 10
36.84
 20
24.099999999999934
 30
0.0
 40
0.5
  1
OL-7a
  7
PL_ARIAL
 11
36.84
 21
24.099999999999934
 31
0.0
100
AcDbText
  0
TEXT
  5
8B7
330
17
100
AcDbEntity
  8
Z-OPISY
100
AcDbText
 10
39.62161253690665
 20
24.099999999999934
 30
0.0
 40
0.5
  1
liniowe
  7
PL_ARIAL
 11
39.62161253690665
 21
24.099999999999934
 31
0.0
100
AcDbText
  0
TEXT
  5
8B8
330
17
100
AcDbEntity
  8
Z-OPISY
100
AcDbText
 10
44.81408130819896
 20
24.099999999999934
 30
0.0
 40
0.5
  1
L = 0,70 m
  7
PL_ARIAL
 11
44.81408130819896
 21
24.099999999999934
 31
0.0
100
AcDbText
  0
TEXT
  5
8B9
330
17
100
AcDbEntity
  8
Z-OPISY
100
AcDbText
 10
49.44795366795367
 20
24.099999999999934
 30
0.0
 40
0.5
  1
0,5 %
  7
PL_ARIAL
 11
49.44795366795367
 21
24.099999999999934
 31
0.0
100
AcDbText
  0
TEXT
  5
8BA
330
17
100
AcDbEntity
  8
Z-OPISY
100
AcDbText
 10
51.7863456734045
 20
24.099999999999934
 30
0.0
 40
0.5
  1
OL-7 → SEP-1
  7
PL_ARIAL
 11
51.7863456734045
 21
24.099999999999934
 31
0.0
100
AcDbText
  0
TEXT
  5
8BB
330
17
100
AcDbEntity
  8
Z-OPISY
100
AcDbText
 10
36.84
 20
23.219999999999935
 30
0.0
 40
0.5
  1
OL-4
  7
PL_ARIAL
 11
36.84
 21
23.219999999999935
 31
0.0
100
AcDbText
  0
TEXT
  5
8BC
330
17
100
AcDbEntity
  8
Z-OPISY
100
AcDbText
 10
39.62161253690665
 20
23.219999999999935
 30
0.0
 40
0.5
  1
liniowe
  7
PL_ARIAL
 11
39.62161253690665
 21
23.219999999999935
 31
0.0
100
AcDbText
  0
TEXT
  5
8BD
330
17
100
AcDbEntity
  8
Z-OPISY
100
AcDbText
 10
44.81408130819896
 20
23.219999999999935
 30
0.0
 40
0.5
  1
L = 5,98 m
  7
PL_ARIAL
 11
44.81408130819896
 21
23.219999999999935
 31
0.0
100
AcDbText
  0
TEXT
  5
8BE
330
17
100
AcDbEntity
  8
Z-OPISY
100
AcDbText
 10
49.44795366795367
 20
23.219999999999935
 30
0.0
 40
0.5
  1
0,5 %
  7
PL_ARIAL
 11
49.44795366795367
 21
23.219999999999935
 31
0.0
100
AcDbText
  0
TEXT
  5
8BF
330
17
100
AcDbEntity
  8
Z-OPISY
100
AcDbText
 10
51.7863456734045
 20
23.219999999999935
 30
0.0
 40
0.5
  1
SEP-1 → NT-E
  7
PL_ARIAL
 11
51.7863456734045
 21
23.219999999999935
 31
0.0
100
AcDbText
  0
TEXT
  5
8C0
330
17
100
AcDbEntity
  8
Z-OPISY
100
AcDbText
 10
36.84
 20
22.339999999999936
 30
0.0
 40
0.5
  1
OZ-1
  7
PL_ARIAL
 11
36.84
 21
22.339999999999936
 31
0.0
100
AcDbText
  0
TEXT
  5
8C1
330
17
100
AcDbEntity
  8
Z-OPISY
100
AcDbText
 10
39.62161253690665
 20
22.339999999999936
 30
0.0
 40
0.5
  1
opaska żwir.
  7
PL_ARIAL
 11
39.62161253690665
 21
22.339999999999936
 31
0.0
100
AcDbText
  0
TEXT
  5
8C2
330
17
100
AcDbEntity
  8
Z-OPISY
100
AcDbText
 10
44.787167840109014
 20
22.339999999999936
 30
0.0
 40
0.5
  1
b = 0,50 m
  7
PL_ARIAL
 11
44.787167840109014
 21
22.339999999999936
 31
0.0
100
AcDbText
  0
TEXT
  5
8C3
330
17
100
AcDbEntity
  8
Z-OPISY
100
AcDbText
 10
50.57956847603907
 20
22.339999999999936
 30
0.0
 40
0.5
  1
—
  7
PL_ARIAL
 11
50.57956847603907
 21
22.339999999999936
 31
0.0
100
AcDbText
  0
TEXT
  5
8C4
330
17
100
AcDbEntity
  8
Z-OPISY
100
AcDbText
 10
51.7863456734045
 20
22.339999999999936
 30
0.0
 40
0.5
  1
—
  7
PL_ARIAL
 11
51.7863456734045
 21
22.339999999999936
 31
0.0
100
AcDbText
  0
TEXT
  5
8C5
330
17
100
AcDbEntity
  8
Z-OPISY
100
AcDbText
 10
36.84
 20
21.459999999999937
 30
0.0
 40
0.5
  1
NT-N
  7
PL_ARIAL
 11
36.84
 21
21.459999999999937
 31
0.0
100
AcDbText
  0
TEXT
  5
8C6
330
17
100
AcDbEntity
  8
Z-OPISY
100
AcDbText
 10
39.62161253690665
 20
21.459999999999937
 30
0.0
 40
0.5
  1
niecka
  7
PL_ARIAL
 11
39.62161253690665
 21
21.459999999999937
 31
0.0
100
AcDbText
  0
TEXT
  5
8C7
330
17
100
AcDbEntity
  8
Z-OPISY
100
AcDbText
 10
44.409925051101524
 20
21.459999999999937
 30
0.0
 40
0.5
  1
L = 13,47 m
  7
PL_ARIAL
 11
44.409925051101524
 21
21.459999999999937
 31
0.0
100
AcDbText
  0
TEXT
  5
8C8
330
17
100
AcDbEntity
  8
Z-OPISY
100
AcDbText
 10
49.44795366795367
 20
21.459999999999937
 30
0.0
 40
0.5
  1
0,5 %
  7
PL_ARIAL
 11
49.44795366795367
 21
21.459999999999937
 31
0.0
100
AcDbText
  0
TEXT
  5
8C9
330
17
100
AcDbEntity
  8
Z-OPISY
100
AcDbText
 10
51.7863456734045
 20
21.459999999999937
 30
0.0
 40
0.5
  1
pas zach. → ogród p…
  7
PL_ARIAL
 11
51.7863456734045
 21
21.459999999999937
 31
0.0
100
AcDbText
  0
TEXT
  5
8CA
330
17
100
AcDbEntity
  8
Z-OPISY
100
AcDbText
 10
36.84
 20
20.579999999999938
 30
0.0
 40
0.5
  1
NT-E
  7
PL_ARIAL
 11
36.84
 21
20.579999999999938
 31
0.0
100
AcDbText
  0
TEXT
  5
8CB
330
17
100
AcDbEntity
  8
Z-OPISY
100
AcDbText
 10
39.62161253690665
 20
20.579999999999938
 30
0.0
 40
0.5
  1
niecka
  7
PL_ARIAL
 11
39.62161253690665
 21
20.579999999999938
 31
0.0
100
AcDbText
  0
TEXT
  5
8CC
330
17
100
AcDbEntity
  8
Z-OPISY
100
AcDbText
 10
44.409925051101524
 20
20.579999999999938
 30
0.0
 40
0.5
  1
L = 14,28 m
  7
PL_ARIAL
 11
44.409925051101524
 21
20.579999999999938
 31
0.0
100
AcDbText
  0
TEXT
  5
8CD
330
17
100
AcDbEntity
  8
Z-OPISY
100
AcDbText
 10
49.44795366795367
 20
20.579999999999938
 30
0.0
 40
0.5
  1
0,5 %
  7
PL_ARIAL
 11
49.44795366795367
 21
20.579999999999938
 31
0.0
100
AcDbText
  0
TEXT
  5
8CE
330
17
100
AcDbEntity
  8
Z-OPISY
100
AcDbText
 10
51.7863456734045
 20
20.579999999999938
 30
0.0
 40
0.5
  1
ogród pd.
  7
PL_ARIAL
 11
51.7863456734045
 21
20.579999999999938
 31
0.0
100
AcDbText
  0
TEXT
  5
8CF
330
17
100
AcDbEntity
  8
Z-OPISY
100
AcDbText
 10
36.84
 20
19.69999999999994
 30
0.0
 40
0.5
  1
OL-5
  7
PL_ARIAL
 11
36.84
 21
19.69999999999994
 31
0.0
100
AcDbText
  0
TEXT
  5
8D0
330
17
100
AcDbEntity
  8
Z-OPISY
100
AcDbText
 10
39.62161253690665
 20
19.69999999999994
 30
0.0
 40
0.5
  1
liniowe
  7
PL_ARIAL
 11
39.62161253690665
 21
19.69999999999994
 31
0.0
100
AcDbText
  0
TEXT
  5
8D1
330
17
100
AcDbEntity
  8
Z-OPISY
100
AcDbText
 10
44.81408130819896
 20
19.69999999999994
 30
0.0
 40
0.5
  1
L = 1,30 m
  7
PL_ARIAL
 11
44.81408130819896
 21
19.69999999999994
 31
0.0
100
AcDbText
  0
TEXT
  5
8D2
330
17
100
AcDbEntity
  8
Z-OPISY
100
AcDbText
 10
49.44795366795367
 20
19.69999999999994
 30
0.0
 40
0.5
  1
0,5 %
  7
PL_ARIAL
 11
49.44795366795367
 21
19.69999999999994
 31
0.0
100
AcDbText
  0
TEXT
  5
8D3
330
17
100
AcDbEntity
  8
Z-OPISY
100
AcDbText
 10
51.7863456734045
 20
19.69999999999994
 30
0.0
 40
0.5
  1
KD-E
  7
PL_ARIAL
 11
51.7863456734045
 21
19.69999999999994
 31
0.0
100
AcDbText
  0
TEXT
  5
8D4
330
17
100
AcDbEntity
  8
Z-OPISY
100
AcDbText
 10
36.84
 20
18.81999999999994
 30
0.0
 40
0.5
  1
OL-6
  7
PL_ARIAL
 11
36.84
 21
18.81999999999994
 31
0.0
100
AcDbText
  0
TEXT
  5
8D5
330
17
100
AcDbEntity
  8
Z-OPISY
100
AcDbText
 10
39.62161253690665
 20
18.81999999999994
 30
0.0
 40
0.5
  1
liniowe
  7
PL_ARIAL
 11
39.62161253690665
 21
18.81999999999994
 31
0.0
100
AcDbText
  0
TEXT
  5
8D6
330
17
100
AcDbEntity
  8
Z-OPISY
100
AcDbText
 10
44.81408130819896
 20
18.81999999999994
 30
0.0
 40
0.5
  1
L = 1,30 m
  7
PL_ARIAL
 11
44.81408130819896
 21
18.81999999999994
 31
0.0
100
AcDbText
  0
TEXT
  5
8D7
330
17
100
AcDbEntity
  8
Z-OPISY
100
AcDbText
 10
49.44795366795367
 20
18.81999999999994
 30
0.0
 40
0.5
  1
0,5 %
  7
PL_ARIAL
 11
49.44795366795367
 21
18.81999999999994
 31
0.0
100
AcDbText
  0
TEXT
  5
8D8
330
17
100
AcDbEntity
  8
Z-OPISY
100
AcDbText
 10
51.7863456734045
 20
18.81999999999994
 30
0.0
 40
0.5
  1
RS8 → KD-E
  7
PL_ARIAL
 11
51.7863456734045
 21
18.81999999999994
 31
0.0
100
AcDbText
  0
TEXT
  5
8D9
330
17
100
AcDbEntity
  8
Z-OPISY
100
AcDbText
 10
36.84
 20
17.93999999999994
 30
0.0
 40
0.5
  1
NCH-1
  7
PL_ARIAL
 11
36.84
 21
17.93999999999994
 31
0.0
100
AcDbText
  0
TEXT
  5
8DA
330
17
100
AcDbEntity
  8
Z-OPISY
100
AcDbText
 10
39.62161253690665
 20
17.93999999999994
 30
0.0
 40
0.5
  1
niecka
  7
PL_ARIAL
 11
39.62161253690665
 21
17.93999999999994
 31
0.0
100
AcDbText
  0
TEXT
  5
8DB
330
17
100
AcDbEntity
  8
Z-OPISY
100
AcDbText
 10
44.10047694753577
 20
17.93999999999994
 30
0.0
 40
0.5
  1
A = 28,00 m²
  7
PL_ARIAL
 11
44.10047694753577
 21
17.93999999999994
 31
0.0
100
AcDbText
  0
TEXT
  5
8DC
330
17
100
AcDbEntity
  8
Z-OPISY
100
AcDbText
 10
50.57956847603907
 20
17.93999999999994
 30
0.0
 40
0.5
  1
—
  7
PL_ARIAL
 11
50.57956847603907
 21
17.93999999999994
 31
0.0
100
AcDbText
  0
TEXT
  5
8DD
330
17
100
AcDbEntity
  8
Z-OPISY
100
AcDbText
 10
51.7863456734045
 20
17.93999999999994
 30
0.0
 40
0.5
  1
grunt (piaski, ZWG…
  7
PL_ARIAL
 11
51.7863456734045
 21
17.93999999999994
 31
0.0
100
AcDbText
  0
TEXT
  5
8DE
330
17
100
AcDbEntity
  8
Z-OPISY
100
AcDbText
 10
36.6
 20
17.02499999999994
 30
0.0
 40
0.5
  1
DR-0: NIE PROJEKTUJE SIĘ — piaski przepuszczalne, ZWG ≈ 3,8 m
  7
PL_ARIAL
 11
36.6
 21
17.02499999999994
 31
0.0
100
AcDbText
  0
TEXT
  5
8DF
330
17
100
AcDbEntity
  8
Z-OPISY
100
AcDbText
 10
36.6
 20
16.29999999999994
 30
0.0
 40
0.5
  1
p.p.t., posadowienie ≈ 0,5 m p.p.t. (W-285); ochrona płyty: XPS +
  7
PL_ARIAL
 11
36.6
 21
16.29999999999994
 31
0.0
100
AcDbText
  0
TEXT
  5
8E0
330
17
100
AcDbEntity
  8
Z-OPISY
100
AcDbText
 10
36.6
 20
15.57499999999994
 30
0.0
 40
0.5
  1
membrana SBS, opaska żwirowa i spadki terenu
  7
PL_ARIAL
 11
36.6
 21
15.57499999999994
 31
0.0
100
AcDbText
  0
TEXT
  5
8E1
330
17
100
AcDbEntity
  8
Z-OPISY
100
AcDbText
 10
36.6
 20
13.474999999999941
 30
0.0
 40
0.7000000000000001
  1
NAWIERZCHNIE UTWARDZONE I TARASY
  7
PL_ARIAL_B
 11
36.6
 21
13.474999999999941
 31
0.0
100
AcDbText
  0
TEXT
  5
8E2
330
17
100
AcDbEntity
  8
Z-OPISY
100
AcDbText
 10
36.839999999999996
 20
12.082499999999941
 30
0.0
 40
0.5
  1
Ozn.
  7
PL_ARIAL_B
 11
36.839999999999996
 21
12.082499999999941
 31
0.0
100
AcDbText
  0
TEXT
  5
8E3
330
17
100
AcDbEntity
  8
Z-OPISY
100
AcDbText
 10
41.520715421303656
 20
12.082499999999941
 30
0.0
 40
0.5
  1
Nawierzchnia
  7
PL_ARIAL_B
 11
41.520715421303656
 21
12.082499999999941
 31
0.0
100
AcDbText
  0
TEXT
  5
8E4
330
17
100
AcDbEntity
  8
Z-OPISY
100
AcDbText
 10
49.87103111514877
 20
12.082499999999941
 30
0.0
 40
0.5
  1
Pow.
  7
PL_ARIAL_B
 11
49.87103111514877
 21
12.082499999999941
 31
0.0
100
AcDbText
  0
TEXT
  5
8E5
330
17
100
AcDbEntity
  8
Z-OPISY
100
AcDbText
 10
52.94284351578469
 20
12.082499999999941
 30
0.0
 40
0.5
  1
Spadek
  7
PL_ARIAL_B
 11
52.94284351578469
 21
12.082499999999941
 31
0.0
100
AcDbText
  0
TEXT
  5
8E6
330
17
100
AcDbEntity
  8
Z-OPISY
100
AcDbText
 10
36.84
 20
11.079999999999941
 30
0.0
 40
0.5
  1
U1
  7
PL_ARIAL
 11
36.84
 21
11.079999999999941
 31
0.0
100
AcDbText
  0
TEXT
  5
8E7
330
17
100
AcDbEntity
  8
Z-OPISY
100
AcDbText
 10
38.89449466272996
 20
11.079999999999941
 30
0.0
 40
0.5
  1
podjazd
  7
PL_ARIAL
 11
38.89449466272996
 21
11.079999999999941
 31
0.0
100
AcDbText
  0
TEXT
  5
8E8
330
17
100
AcDbEntity
  8
Z-OPISY
100
AcDbText
 10
49.271610265727915
 20
11.079999999999941
 30
0.0
 40
0.5
  1
48,61 m²
  7
PL_ARIAL
 11
49.271610265727915
 21
11.079999999999941
 31
0.0
100
AcDbText
  0
TEXT
  5
8E9
330
17
100
AcDbEntity
  8
Z-OPISY
100
AcDbText
 10
53.99292300704065
 20
11.079999999999941
 30
0.0
 40
0.5
  1
1,5 %
  7
PL_ARIAL
 11
53.99292300704065
 21
11.079999999999941
 31
0.0
100
AcDbText
  0
TEXT
  5
8EA
330
17
100
AcDbEntity
  8
Z-OPISY
100
AcDbText
 10
36.84
 20
10.19999999999994
 30
0.0
 40
0.5
  1
U2
  7
PL_ARIAL
 11
36.84
 21
10.19999999999994
 31
0.0
100
AcDbText
  0
TEXT
  5
8EB
330
17
100
AcDbEntity
  8
Z-OPISY
100
AcDbText
 10
38.89449466272996
 20
10.19999999999994
 30
0.0
 40
0.5
  1
dojście
  7
PL_ARIAL
 11
38.89449466272996
 21
10.19999999999994
 31
0.0
100
AcDbText
  0
TEXT
  5
8EC
330
17
100
AcDbEntity
  8
Z-OPISY
100
AcDbText
 10
49.67576652282535
 20
10.19999999999994
 30
0.0
 40
0.5
  1
9,04 m²
  7
PL_ARIAL
 11
49.67576652282535
 21
10.19999999999994
 31
0.0
100
AcDbText
  0
TEXT
  5
8ED
330
17
100
AcDbEntity
  8
Z-OPISY
100
AcDbText
 10
53.99292300704065
 20
10.19999999999994
 30
0.0
 40
0.5
  1
2,0 %
  7
PL_ARIAL
 11
53.99292300704065
 21
10.19999999999994
 31
0.0
100
AcDbText
  0
TEXT
  5
8EE
330
17
100
AcDbEntity
  8
Z-OPISY
100
AcDbText
 10
36.84
 20
9.31999999999994
 30
0.0
 40
0.5
  1
U3
  7
PL_ARIAL
 11
36.84
 21
9.31999999999994
 31
0.0
100
AcDbText
  0
TEXT
  5
8EF
330
17
100
AcDbEntity
  8
Z-OPISY
100
AcDbText
 10
38.89449466272996
 20
9.31999999999994
 30
0.0
 40
0.5
  1
łącznik dojście–podjazd
  7
PL_ARIAL
 11
38.89449466272996
 21
9.31999999999994
 31
0.0
100
AcDbText
  0
TEXT
  5
8F0
330
17
100
AcDbEntity
  8
Z-OPISY
100
AcDbText
 10
49.67576652282535
 20
9.31999999999994
 30
0.0
 40
0.5
  1
1,05 m²
  7
PL_ARIAL
 11
49.67576652282535
 21
9.31999999999994
 31
0.0
100
AcDbText
  0
TEXT
  5
8F1
330
17
100
AcDbEntity
  8
Z-OPISY
100
AcDbText
 10
53.99292300704065
 20
9.31999999999994
 30
0.0
 40
0.5
  1
2,0 %
  7
PL_ARIAL
 11
53.99292300704065
 21
9.31999999999994
 31
0.0
100
AcDbText
  0
TEXT
  5
8F2
330
17
100
AcDbEntity
  8
Z-OPISY
100
AcDbText
 10
36.84
 20
8.439999999999939
 30
0.0
 40
0.5
  1
U4
  7
PL_ARIAL
 11
36.84
 21
8.439999999999939
 31
0.0
100
AcDbText
  0
TEXT
  5
8F3
330
17
100
AcDbEntity
  8
Z-OPISY
100
AcDbText
 10
38.89449466272996
 20
8.439999999999939
 30
0.0
 40
0.5
  1
stanowisko pojemników
  7
PL_ARIAL
 11
38.89449466272996
 21
8.439999999999939
 31
0.0
100
AcDbText
  0
TEXT
  5
8F4
330
17
100
AcDbEntity
  8
Z-OPISY
100
AcDbText
 10
49.67576652282535
 20
8.439999999999939
 30
0.0
 40
0.5
  1
4,16 m²
  7
PL_ARIAL
 11
49.67576652282535
 21
8.439999999999939
 31
0.0
100
AcDbText
  0
TEXT
  5
8F5
330
17
100
AcDbEntity
  8
Z-OPISY
100
AcDbText
 10
53.99292300704065
 20
8.439999999999939
 30
0.0
 40
0.5
  1
2,0 %
  7
PL_ARIAL
 11
53.99292300704065
 21
8.439999999999939
 31
0.0
100
AcDbText
  0
TEXT
  5
8F6
330
17
100
AcDbEntity
  8
Z-OPISY
100
AcDbText
 10
36.84
 20
7.559999999999937
 30
0.0
 40
0.5
  1
U5
  7
PL_ARIAL
 11
36.84
 21
7.559999999999937
 31
0.0
100
AcDbText
  0
TEXT
  5
8F7
330
17
100
AcDbEntity
  8
Z-OPISY
100
AcDbText
 10
38.89449466272996
 20
7.559999999999937
 30
0.0
 40
0.5
  1
fundament jednostki zewn.…
  7
PL_ARIAL
 11
38.89449466272996
 21
7.559999999999937
 31
0.0
100
AcDbText
  0
TEXT
  5
8F8
330
17
100
AcDbEntity
  8
Z-OPISY
100
AcDbText
 10
49.67576652282535
 20
7.559999999999937
 30
0.0
 40
0.5
  1
1,12 m²
  7
PL_ARIAL
 11
49.67576652282535
 21
7.559999999999937
 31
0.0
100
AcDbText
  0
TEXT
  5
8F9
330
17
100
AcDbEntity
  8
Z-OPISY
100
AcDbText
 10
55.12453781512605
 20
7.559999999999937
 30
0.0
 40
0.5
  1
—
  7
PL_ARIAL
 11
55.12453781512605
 21
7.559999999999937
 31
0.0
100
AcDbText
  0
TEXT
  5
8FA
330
17
100
AcDbEntity
  8
Z-OPISY
100
AcDbText
 10
36.84
 20
6.6799999999999375
 30
0.0
 40
0.5
  1
U6
  7
PL_ARIAL
 11
36.84
 21
6.6799999999999375
 31
0.0
100
AcDbText
  0
TEXT
  5
8FB
330
17
100
AcDbEntity
  8
Z-OPISY
100
AcDbText
 10
38.89449466272996
 20
6.6799999999999375
 30
0.0
 40
0.5
  1
ścieżka gospodarcza
  7
PL_ARIAL
 11
38.89449466272996
 21
6.6799999999999375
 31
0.0
100
AcDbText
  0
TEXT
  5
8FC
330
17
100
AcDbEntity
  8
Z-OPISY
100
AcDbText
 10
49.67576652282535
 20
6.6799999999999375
 30
0.0
 40
0.5
  1
0,90 m²
  7
PL_ARIAL
 11
49.67576652282535
 21
6.6799999999999375
 31
0.0
100
AcDbText
  0
TEXT
  5
8FD
330
17
100
AcDbEntity
  8
Z-OPISY
100
AcDbText
 10
53.99292300704065
 20
6.6799999999999375
 30
0.0
 40
0.5
  1
2,0 %
  7
PL_ARIAL
 11
53.99292300704065
 21
6.6799999999999375
 31
0.0
100
AcDbText
  0
TEXT
  5
8FE
330
17
100
AcDbEntity
  8
Z-OPISY
100
AcDbText
 10
36.84
 20
5.799999999999938
 30
0.0
 40
0.5
  1
T1
  7
PL_ARIAL
 11
36.84
 21
5.799999999999938
 31
0.0
100
AcDbText
  0
TEXT
  5
8FF
330
17
100
AcDbEntity
  8
Z-OPISY
100
AcDbText
 10
38.89449466272996
 20
5.799999999999938
 30
0.0
 40
0.5
  1
deska kompozytowa na lega…
  7
PL_ARIAL
 11
38.89449466272996
 21
5.799999999999938
 31
0.0
100
AcDbText
  0
TEXT
  5
900
330
17
100
AcDbEntity
  8
Z-OPISY
100
AcDbText
 10
49.271610265727915
 20
5.799999999999938
 30
0.0
 40
0.5
  1
63,08 m²
  7
PL_ARIAL
 11
49.271610265727915
 21
5.799999999999938
 31
0.0
100
AcDbText
  0
TEXT
  5
901
330
17
100
AcDbEntity
  8
Z-OPISY
100
AcDbText
 10
52.61942766295707
 20
5.799999999999938
 30
0.0
 40
0.5
  1
rz. 101,63
  7
PL_ARIAL
 11
52.61942766295707
 21
5.799999999999938
 31
0.0
100
AcDbText
  0
TEXT
  5
902
330
17
100
AcDbEntity
  8
Z-OPISY
100
AcDbText
 10
36.84
 20
4.919999999999938
 30
0.0
 40
0.5
  1
T2
  7
PL_ARIAL
 11
36.84
 21
4.919999999999938
 31
0.0
100
AcDbText
  0
TEXT
  5
903
330
17
100
AcDbEntity
  8
Z-OPISY
100
AcDbText
 10
38.89449466272996
 20
4.919999999999938
 30
0.0
 40
0.5
  1
płyty betonowe 60×60 na p…
  7
PL_ARIAL
 11
38.89449466272996
 21
4.919999999999938
 31
0.0
100
AcDbText
  0
TEXT
  5
904
330
17
100
AcDbEntity
  8
Z-OPISY
100
AcDbText
 10
49.67576652282535
 20
4.919999999999938
 30
0.0
 40
0.5
  1
2,34 m²
  7
PL_ARIAL
 11
49.67576652282535
 21
4.919999999999938
 31
0.0
100
AcDbText
  0
TEXT
  5
905
330
17
100
AcDbEntity
  8
Z-OPISY
100
AcDbText
 10
52.61942766295707
 20
4.919999999999938
 30
0.0
 40
0.5
  1
rz. 101,63
  7
PL_ARIAL
 11
52.61942766295707
 21
4.919999999999938
 31
0.0
100
AcDbText
  0
TEXT
  5
906
330
17
100
AcDbEntity
  8
Z-OPISY
100
AcDbText
 10
36.84
 20
4.039999999999938
 30
0.0
 40
0.5
  1
T3
  7
PL_ARIAL
 11
36.84
 21
4.039999999999938
 31
0.0
100
AcDbText
  0
TEXT
  5
907
330
17
100
AcDbEntity
  8
Z-OPISY
100
AcDbText
 10
38.89449466272996
 20
4.039999999999938
 30
0.0
 40
0.5
  1
płyty betonowe 60×60, spa…
  7
PL_ARIAL
 11
38.89449466272996
 21
4.039999999999938
 31
0.0
100
AcDbText
  0
TEXT
  5
908
330
17
100
AcDbEntity
  8
Z-OPISY
100
AcDbText
 10
49.67576652282535
 20
4.039999999999938
 30
0.0
 40
0.5
  1
1,20 m²
  7
PL_ARIAL
 11
49.67576652282535
 21
4.039999999999938
 31
0.0
100
AcDbText
  0
TEXT
  5
909
330
17
100
AcDbEntity
  8
Z-OPISY
100
AcDbText
 10
52.61942766295707
 20
4.039999999999938
 30
0.0
 40
0.5
  1
rz. 101,63
  7
PL_ARIAL
 11
52.61942766295707
 21
4.039999999999938
 31
0.0
100
AcDbText
  0
TEXT
  5
90A
330
17
100
AcDbEntity
  8
Z-OPISY
100
AcDbText
 10
36.6
 20
3.1249999999999383
 30
0.0
 40
0.5
  1
Kierunek spadku — strzałki na rysunku (od budynku, do odwodnień
  7
PL_ARIAL
 11
36.6
 21
3.1249999999999383
 31
0.0
100
AcDbText
  0
TEXT
  5
90B
330
17
100
AcDbEntity
  8
Z-OPISY
100
AcDbText
 10
36.6
 20
2.399999999999938
 30
0.0
 40
0.5
  1
liniowych i niecek).
  7
PL_ARIAL
 11
36.6
 21
2.399999999999938
 31
0.0
100
AcDbText
  0
TEXT
  5
90C
330
17
100
AcDbEntity
  8
Z-OPISY
100
AcDbText
 10
36.6
 20
0.29999999999993776
 30
0.0
 40
0.7000000000000001
  1
ODLEGŁOŚCI URZĄDZEŃ RETENCJI I PC
  7
PL_ARIAL_B
 11
36.6
 21
0.29999999999993776
 31
0.0
100
AcDbText
  0
TEXT
  5
90D
330
17
100
AcDbEntity
  8
Z-OPISY
100
AcDbText
 10
37.30479672950261
 20
-1.4550000000000622
 30
0.0
 40
0.5
  1
Element
  7
PL_ARIAL_B
 11
37.30479672950261
 21
-1.4550000000000622
 31
0.0
100
AcDbText
  0
TEXT
  5
90E
330
17
100
AcDbEntity
  8
Z-OPISY
100
AcDbText
 10
44.73903247785601
 20
-1.4550000000000622
 30
0.0
 40
0.5
  1
Od
  7
PL_ARIAL_B
 11
44.73903247785601
 21
-1.4550000000000622
 31
0.0
100
AcDbText
  0
TEXT
  5
90F
330
17
100
AcDbEntity
  8
Z-OPISY
100
AcDbText
 10
49.91174199409493
 20
-1.4550000000000622
 30
0.0
 40
0.5
  1
d [m]
  7
PL_ARIAL_B
 11
49.91174199409493
 21
-1.4550000000000622
 31
0.0
100
AcDbText
  0
TEXT
  5
910
330
17
100
AcDbEntity
  8
Z-OPISY
100
AcDbText
 10
52.78533727004316
 20
-1.0925000000000622
 30
0.0
 40
0.5
  1
min
  7
PL_ARIAL_B
 11
52.78533727004316
 21
-1.0925000000000622
 31
0.0
100
AcDbText
  0
TEXT
  5
911
330
17
100
AcDbEntity
  8
Z-OPISY
100
AcDbText
 10
52.86624801271861
 20
-1.8175000000000623
 30
0.0
 40
0.5
  1
[m]
  7
PL_ARIAL_B
 11
52.86624801271861
 21
-1.8175000000000623
 31
0.0
100
AcDbText
  0
TEXT
  5
912
330
17
100
AcDbEntity
  8
Z-OPISY
100
AcDbText
 10
55.15370883488531
 20
-1.4550000000000622
 30
0.0
 40
0.5
  1
Zgodność
  7
PL_ARIAL_B
 11
55.15370883488531
 21
-1.4550000000000622
 31
0.0
100
AcDbText
  0
TEXT
  5
913
330
17
100
AcDbEntity
  8
Z-OPISY
100
AcDbText
 10
36.84
 20
-2.820000000000062
 30
0.0
 40
0.5
  1
zbiornik
  7
PL_ARIAL
 11
36.84
 21
-2.820000000000062
 31
0.0
100
AcDbText
  0
TEXT
  5
914
330
17
100
AcDbEntity
  8
Z-OPISY
100
AcDbText
 10
41.07675675675676
 20
-2.820000000000062
 30
0.0
 40
0.5
  1
budynek
  7
PL_ARIAL
 11
41.07675675675676
 21
-2.820000000000062
 31
0.0
100
AcDbText
  0
TEXT
  5
915
330
17
100
AcDbEntity
  8
Z-OPISY
100
AcDbText
 10
50.294662729956855
 20
-2.820000000000062
 30
0.0
 40
0.5
  1
6,70
  7
PL_ARIAL
 11
50.294662729956855
 21
-2.820000000000062
 31
0.0
100
AcDbText
  0
TEXT
  5
916
330
17
100
AcDbEntity
  8
Z-OPISY
100
AcDbText
 10
53.25933227344992
 20
-2.820000000000062
 30
0.0
 40
0.5
  1
3,00
  7
PL_ARIAL
 11
53.25933227344992
 21
-2.820000000000062
 31
0.0
100
AcDbText
  0
TEXT
  5
917
330
17
100
AcDbEntity
  8
Z-OPISY
100
AcDbText
 10
56.20980694980695
 20
-2.820000000000062
 30
0.0
 40
0.5
  1
TAK
  7
PL_ARIAL
 11
56.20980694980695
 21
-2.820000000000062
 31
0.0
100
AcDbText
  0
TEXT
  5
918
330
17
100
AcDbEntity
  8
Z-OPISY
100
AcDbText
 10
36.84
 20
-3.700000000000062
 30
0.0
 40
0.5
  1
zbiornik
  7
PL_ARIAL
 11
36.84
 21
-3.700000000000062
 31
0.0
100
AcDbText
  0
TEXT
  5
919
330
17
100
AcDbEntity
  8
Z-OPISY
100
AcDbText
 10
41.07675675675676
 20
-3.700000000000062
 30
0.0
 40
0.5
  1
granica
  7
PL_ARIAL
 11
41.07675675675676
 21
-3.700000000000062
 31
0.0
100
AcDbText
  0
TEXT
  5
91A
330
17
100
AcDbEntity
  8
Z-OPISY
100
AcDbText
 10
49.94444696797638
 20
-3.700000000000062
 30
0.0
 40
0.5
  1
11,60
  7
PL_ARIAL
 11
49.94444696797638
 21
-3.700000000000062
 31
0.0
100
AcDbText
  0
TEXT
  5
91B
330
17
100
AcDbEntity
  8
Z-OPISY
100
AcDbText
 10
53.25933227344992
 20
-3.700000000000062
 30
0.0
 40
0.5
  1
2,00
  7
PL_ARIAL
 11
53.25933227344992
 21
-3.700000000000062
 31
0.0
100
AcDbText
  0
TEXT
  5
91C
330
17
100
AcDbEntity
  8
Z-OPISY
100
AcDbText
 10
56.20980694980695
 20
-3.700000000000062
 30
0.0
 40
0.5
  1
TAK
  7
PL_ARIAL
 11
56.20980694980695
 21
-3.700000000000062
 31
0.0
100
AcDbText
  0
TEXT
  5
91D
330
17
100
AcDbEntity
  8
Z-OPISY
100
AcDbText
 10
36.84
 20
-4.580000000000062
 30
0.0
 40
0.5
  1
zbiornik
  7
PL_ARIAL
 11
36.84
 21
-4.580000000000062
 31
0.0
100
AcDbText
  0
TEXT
  5
91E
330
17
100
AcDbEntity
  8
Z-OPISY
100
AcDbText
 10
41.07675675675676
 20
-4.580000000000062
 30
0.0
 40
0.5
  1
drzewo
  7
PL_ARIAL
 11
41.07675675675676
 21
-4.580000000000062
 31
0.0
100
AcDbText
  0
TEXT
  5
91F
330
17
100
AcDbEntity
  8
Z-OPISY
100
AcDbText
 10
50.294662729956855
 20
-4.580000000000062
 30
0.0
 40
0.5
  1
9,06
  7
PL_ARIAL
 11
50.294662729956855
 21
-4.580000000000062
 31
0.0
100
AcDbText
  0
TEXT
  5
920
330
17
100
AcDbEntity
  8
Z-OPISY
100
AcDbText
 10
53.25933227344992
 20
-4.580000000000062
 30
0.0
 40
0.5
  1
1,00
  7
PL_ARIAL
 11
53.25933227344992
 21
-4.580000000000062
 31
0.0
100
AcDbText
  0
TEXT
  5
921
330
17
100
AcDbEntity
  8
Z-OPISY
100
AcDbText
 10
56.20980694980695
 20
-4.580000000000062
 30
0.0
 40
0.5
  1
TAK
  7
PL_ARIAL
 11
56.20980694980695
 21
-4.580000000000062
 31
0.0
100
AcDbText
  0
TEXT
  5
922
330
17
100
AcDbEntity
  8
Z-OPISY
100
AcDbText
 10
36.84
 20
-5.460000000000062
 30
0.0
 40
0.5
  1
niecka
  7
PL_ARIAL
 11
36.84
 21
-5.460000000000062
 31
0.0
100
AcDbText
  0
TEXT
  5
923
330
17
100
AcDbEntity
  8
Z-OPISY
100
AcDbText
 10
41.07675675675676
 20
-5.460000000000062
 30
0.0
 40
0.5
  1
budynek
  7
PL_ARIAL
 11
41.07675675675676
 21
-5.460000000000062
 31
0.0
100
AcDbText
  0
TEXT
  5
924
330
17
100
AcDbEntity
  8
Z-OPISY
100
AcDbText
 10
49.89050647285942
 20
-5.460000000000062
 30
0.0
 40
0.5
  1
12,70
  7
PL_ARIAL
 11
49.89050647285942
 21
-5.460000000000062
 31
0.0
100
AcDbText
  0
TEXT
  5
925
330
17
100
AcDbEntity
  8
Z-OPISY
100
AcDbText
 10
53.25933227344992
 20
-5.460000000000062
 30
0.0
 40
0.5
  1
3,00
  7
PL_ARIAL
 11
53.25933227344992
 21
-5.460000000000062
 31
0.0
100
AcDbText
  0
TEXT
  5
926
330
17
100
AcDbEntity
  8
Z-OPISY
100
AcDbText
 10
56.20980694980695
 20
-5.460000000000062
 30
0.0
 40
0.5
  1
TAK
  7
PL_ARIAL
 11
56.20980694980695
 21
-5.460000000000062
 31
0.0
100
AcDbText
  0
TEXT
  5
927
330
17
100
AcDbEntity
  8
Z-OPISY
100
AcDbText
 10
36.84
 20
-6.340000000000062
 30
0.0
 40
0.5
  1
niecka
  7
PL_ARIAL
 11
36.84
 21
-6.340000000000062
 31
0.0
100
AcDbText
  0
TEXT
  5
928
330
17
100
AcDbEntity
  8
Z-OPISY
100
AcDbText
 10
41.07675675675676
 20
-6.340000000000062
 30
0.0
 40
0.5
  1
granica
  7
PL_ARIAL
 11
41.07675675675676
 21
-6.340000000000062
 31
0.0
100
AcDbText
  0
TEXT
  5
929
330
17
100
AcDbEntity
  8
Z-OPISY
100
AcDbText
 10
50.294662729956855
 20
-6.340000000000062
 30
0.0
 40
0.5
  1
8,10
  7
PL_ARIAL
 11
50.294662729956855
 21
-6.340000000000062
 31
0.0
100
AcDbText
  0
TEXT
  5
92A
330
17
100
AcDbEntity
  8
Z-OPISY
100
AcDbText
 10
53.25933227344992
 20
-6.340000000000062
 30
0.0
 40
0.5
  1
2,00
  7
PL_ARIAL
 11
53.25933227344992
 21
-6.340000000000062
 31
0.0
100
AcDbText
  0
TEXT
  5
92B
330
17
100
AcDbEntity
  8
Z-OPISY
100
AcDbText
 10
56.20980694980695
 20
-6.340000000000062
 30
0.0
 40
0.5
  1
TAK
  7
PL_ARIAL
 11
56.20980694980695
 21
-6.340000000000062
 31
0.0
100
AcDbText
  0
TEXT
  5
92C
330
17
100
AcDbEntity
  8
Z-OPISY
100
AcDbText
 10
36.84
 20
-7.220000000000062
 30
0.0
 40
0.5
  1
niecka
  7
PL_ARIAL
 11
36.84
 21
-7.220000000000062
 31
0.0
100
AcDbText
  0
TEXT
  5
92D
330
17
100
AcDbEntity
  8
Z-OPISY
100
AcDbText
 10
41.07675675675676
 20
-7.220000000000062
 30
0.0
 40
0.5
  1
drzewo
  7
PL_ARIAL
 11
41.07675675675676
 21
-7.220000000000062
 31
0.0
100
AcDbText
  0
TEXT
  5
92E
330
17
100
AcDbEntity
  8
Z-OPISY
100
AcDbText
 10
50.294662729956855
 20
-7.220000000000062
 30
0.0
 40
0.5
  1
5,00
  7
PL_ARIAL
 11
50.294662729956855
 21
-7.220000000000062
 31
0.0
100
AcDbText
  0
TEXT
  5
92F
330
17
100
AcDbEntity
  8
Z-OPISY
100
AcDbText
 10
53.25933227344992
 20
-7.220000000000062
 30
0.0
 40
0.5
  1
1,00
  7
PL_ARIAL
 11
53.25933227344992
 21
-7.220000000000062
 31
0.0
100
AcDbText
  0
TEXT
  5
930
330
17
100
AcDbEntity
  8
Z-OPISY
100
AcDbText
 10
56.20980694980695
 20
-7.220000000000062
 30
0.0
 40
0.5
  1
TAK
  7
PL_ARIAL
 11
56.20980694980695
 21
-7.220000000000062
 31
0.0
100
AcDbText
  0
TEXT
  5
931
330
17
100
AcDbEntity
  8
Z-OPISY
100
AcDbText
 10
36.84
 20
-8.100000000000062
 30
0.0
 40
0.5
  1
strefa R290
  7
PL_ARIAL
 11
36.84
 21
-8.100000000000062
 31
0.0
100
AcDbText
  0
TEXT
  5
932
330
17
100
AcDbEntity
  8
Z-OPISY
100
AcDbText
 10
41.07675675675676
 20
-8.100000000000062
 30
0.0
 40
0.5
  1
otwory, wpusty, studzienki
  7
PL_ARIAL
 11
41.07675675675676
 21
-8.100000000000062
 31
0.0
100
AcDbText
  0
TEXT
  5
933
330
17
100
AcDbEntity
  8
Z-OPISY
100
AcDbText
 10
50.98226209402681
 20
-8.100000000000062
 30
0.0
 40
0.5
  1
—
  7
PL_ARIAL
 11
50.98226209402681
 21
-8.100000000000062
 31
0.0
100
AcDbText
  0
TEXT
  5
934
330
17
100
AcDbEntity
  8
Z-OPISY
100
AcDbText
 10
52.189039291392234
 20
-8.100000000000062
 30
0.0
 40
0.5
  1
r = 1,00
  7
PL_ARIAL
 11
52.189039291392234
 21
-8.100000000000062
 31
0.0
100
AcDbText
  0
TEXT
  5
935
330
17
100
AcDbEntity
  8
Z-OPISY
100
AcDbText
 10
56.20980694980695
 20
-8.100000000000062
 30
0.0
 40
0.5
  1
TAK
  7
PL_ARIAL
 11
56.20980694980695
 21
-8.100000000000062
 31
0.0
100
AcDbText
  0
TEXT
  5
936
330
17
100
AcDbEntity
  8
Z-OPISY
100
AcDbText
 10
36.6
 20
-9.015000000000061
 30
0.0
 40
0.5
  1
Wymagania retencji — założenia projektowe (R8 pkt 3.5, W-144/W-145; nie przepis); zbiornik
  7
PL_ARIAL
 11
36.6
 21
-9.015000000000061
 31
0.0
100
AcDbText
  0
TEXT
  5
937
330
17
100
AcDbEntity
  8
Z-OPISY
100
AcDbText
 10
36.6
 20
-9.74000000000006
 30
0.0
 40
0.5
  1
— odległość od środka (brak wymiarów w modelu); strefa R290 — W-156 (wytyczne
  7
PL_ARIAL
 11
36.6
 21
-9.74000000000006
 31
0.0
100
AcDbText
  0
TEXT
  5
938
330
17
100
AcDbEntity
  8
Z-OPISY
100
AcDbText
 10
36.6
 20
-10.46500000000006
 30
0.0
 40
0.5
  1
producenta).
  7
PL_ARIAL
 11
36.6
 21
-10.46500000000006
 31
0.0
100
AcDbText
  0
VIEWPORT
  5
A3
330
1B
100
AcDbEntity
 67
1
  8
VIEWPORTS
100
AcDbViewport
 10
200.0
 20
297.0
 30
0.0
 40
400.0
 41
594.0
 68
1
 69
1
 12
200.0
 22
297.0
 13
0.0
 23
0.0
 14
10.0
 24
10.0
 15
10.0
 25
10.0
 16
0.0
 26
0.0
 36
1.0
 17
0.0
 27
0.0
 37
0.0
 42
50.0
 43
0.0
 44
0.0
 45
653.4000000000001
 50
0.0
 51
0.0
 72
100
 90
557088
  1

281
0
 71
0
 74
0
110
0.0
120
0.0
130
0.0
111
1.0
121
0.0
131
0.0
112
0.0
122
1.0
132
0.0
 79
0
146
0.0
282
0
  0
HATCH
  5
A4
330
1B
100
AcDbEntity
 67
1
  8
Z-DROGA
 62
7
420
15132390
100
AcDbHatch
 10
0.0
 20
0.0
 30
0.0
210
0.0
220
0.0
230
1.0
  2
SOLID
 70
1
 71
0
 91
1
 92
3
 72
0
 73
1
 93
4
 10
39.0
 20
169.8249999999997
 10
39.0
 20
173.42499999999973
 10
25.0
 20
173.42499999999973
 10
25.0
 20
169.8249999999997
 97
0
 75
0
 76
1
 98
0
  0
LWPOLYLINE
  5
A5
330
1B
100
AcDbEntity
 67
1
  8
Z-DROGA
  6
Continuous
370
70
420
3158064
100
AcDbPolyline
 90
2
 70
128
 10
25.0
 20
176.2249999999997
 10
39.0
 20
176.2249999999997
  0
LWPOLYLINE
  5
A6
330
1B
100
AcDbEntity
 67
1
  8
Z-UTWARDZENIA
370
25
100
AcDbPolyline
 90
4
 70
1
 10
39.0
 20
169.8249999999997
 10
39.0
 20
173.42499999999973
 10
25.0
 20
173.42499999999973
 10
25.0
 20
169.8249999999997
  0
LWPOLYLINE
  5
A7
330
1B
100
AcDbEntity
 67
1
  8
Z-UTWARDZENIA
  6
KRESKOWA
370
35
100
AcDbPolyline
 90
4
 70
129
 10
39.0
 20
122.02499999999978
 10
39.0
 20
125.62499999999977
 10
25.0
 20
125.62499999999977
 10
25.0
 20
122.02499999999978
  0
LWPOLYLINE
  5
A8
330
1B
100
AcDbEntity
 67
1
  8
Z-UTWARDZENIA
370
18
100
AcDbPolyline
 90
2
 70
0
 10
38.00000000000001
 20
116.42499999999978
 10
38.00000000000001
 20
120.02499999999978
  0
LWPOLYLINE
  5
A9
330
1B
100
AcDbEntity
 67
1
  8
Z-UTWARDZENIA
370
18
100
AcDbPolyline
 90
2
 70
0
 10
36.00000000000001
 20
116.42499999999978
 10
36.00000000000001
 20
117.62499999999979
  0
LWPOLYLINE
  5
AA
330
1B
100
AcDbEntity
 67
1
  8
Z-UTWARDZENIA
370
18
100
AcDbPolyline
 90
2
 70
0
 10
36.00000000000001
 20
118.82499999999978
 10
36.00000000000001
 20
120.02499999999978
  0
LWPOLYLINE
  5
AB
330
1B
100
AcDbEntity
 67
1
  8
Z-UTWARDZENIA
370
18
100
AcDbPolyline
 90
2
 70
0
 10
34.00000000000001
 20
116.42499999999978
 10
34.00000000000001
 20
117.62499999999979
  0
LWPOLYLINE
  5
AC
330
1B
100
AcDbEntity
 67
1
  8
Z-UTWARDZENIA
370
18
100
AcDbPolyline
 90
2
 70
0
 10
34.00000000000001
 20
118.82499999999978
 10
34.00000000000001
 20
120.02499999999978
  0
LWPOLYLINE
  5
AD
330
1B
100
AcDbEntity
 67
1
  8
Z-UTWARDZENIA
370
18
100
AcDbPolyline
 90
2
 70
0
 10
32.00000000000001
 20
116.42499999999978
 10
32.00000000000001
 20
117.62499999999979
  0
LWPOLYLINE
  5
AE
330
1B
100
AcDbEntity
 67
1
  8
Z-UTWARDZENIA
370
18
100
AcDbPolyline
 90
2
 70
0
 10
32.00000000000001
 20
118.82499999999978
 10
32.00000000000001
 20
120.02499999999978
  0
LWPOLYLINE
  5
AF
330
1B
100
AcDbEntity
 67
1
  8
Z-UTWARDZENIA
370
18
100
AcDbPolyline
 90
2
 70
0
 10
30.000000000000007
 20
116.42499999999978
 10
30.000000000000007
 20
117.62499999999979
  0
LWPOLYLINE
  5
B0
330
1B
100
AcDbEntity
 67
1
  8
Z-UTWARDZENIA
370
18
100
AcDbPolyline
 90
2
 70
0
 10
30.000000000000007
 20
118.82499999999978
 10
30.000000000000007
 20
120.02499999999978
  0
LWPOLYLINE
  5
B1
330
1B
100
AcDbEntity
 67
1
  8
Z-UTWARDZENIA
370
18
100
AcDbPolyline
 90
2
 70
0
 10
28.000000000000007
 20
116.42499999999978
 10
28.000000000000007
 20
117.62499999999979
  0
LWPOLYLINE
  5
B2
330
1B
100
AcDbEntity
 67
1
  8
Z-UTWARDZENIA
370
18
100
AcDbPolyline
 90
2
 70
0
 10
28.000000000000007
 20
118.82499999999978
 10
28.000000000000007
 20
120.02499999999978
  0
LWPOLYLINE
  5
B3
330
1B
100
AcDbEntity
 67
1
  8
Z-UTWARDZENIA
370
18
100
AcDbPolyline
 90
2
 70
0
 10
26.000000000000007
 20
116.42499999999978
 10
26.000000000000007
 20
120.02499999999978
  0
LWPOLYLINE
  5
B4
330
1B
100
AcDbEntity
 67
1
  8
Z-UTWARDZENIA
370
35
100
AcDbPolyline
 90
4
 70
1
 10
39.0
 20
116.42499999999978
 10
39.0
 20
120.02499999999978
 10
25.0
 20
120.02499999999978
 10
25.0
 20
116.42499999999978
  0
LWPOLYLINE
  5
B5
330
1B
100
AcDbEntity
 67
1
  8
Z-UTWARDZENIA
370
18
100
AcDbPolyline
 90
2
 70
0
 10
25.0
 20
112.0
 10
39.0
 20
112.0
  0
LWPOLYLINE
  5
B6
330
1B
100
AcDbEntity
 67
1
  8
Z-UTWARDZENIA
370
18
100
AcDbPolyline
 90
2
 70
0
 10
36.00000000000001
 20
111.82499999999979
 10
36.00000000000001
 20
115.42499999999978
  0
LWPOLYLINE
  5
B7
330
1B
100
AcDbEntity
 67
1
  8
Z-UTWARDZENIA
370
18
100
AcDbPolyline
 90
2
 70
0
 10
32.00000000000001
 20
111.82499999999979
 10
32.00000000000001
 20
115.42499999999978
  0
LWPOLYLINE
  5
B8
330
1B
100
AcDbEntity
 67
1
  8
Z-UTWARDZENIA
370
18
100
AcDbPolyline
 90
2
 70
0
 10
28.000000000000007
 20
111.82499999999979
 10
28.000000000000007
 20
115.42499999999978
  0
LWPOLYLINE
  5
B9
330
1B
100
AcDbEntity
 67
1
  8
Z-UTWARDZENIA
370
35
100
AcDbPolyline
 90
4
 70
1
 10
39.0
 20
111.82499999999979
 10
39.0
 20
115.42499999999978
 10
25.0
 20
115.42499999999978
 10
25.0
 20
111.82499999999979
  0
LWPOLYLINE
  5
BA
330
1B
100
AcDbEntity
 67
1
  8
Z-UTWARDZENIA
370
18
100
AcDbPolyline
 90
2
 70
0
 10
25.0
 20
108.0
 10
39.0
 20
108.0
  0
LWPOLYLINE
  5
BB
330
1B
100
AcDbEntity
 67
1
  8
Z-UTWARDZENIA
370
18
100
AcDbPolyline
 90
2
 70
0
 10
36.00000000000001
 20
107.2249999999998
 10
36.00000000000001
 20
110.82499999999979
  0
LWPOLYLINE
  5
BC
330
1B
100
AcDbEntity
 67
1
  8
Z-UTWARDZENIA
370
18
100
AcDbPolyline
 90
2
 70
0
 10
32.00000000000001
 20
107.2249999999998
 10
32.00000000000001
 20
110.82499999999979
  0
LWPOLYLINE
  5
BD
330
1B
100
AcDbEntity
 67
1
  8
Z-UTWARDZENIA
370
18
100
AcDbPolyline
 90
2
 70
0
 10
28.000000000000007
 20
107.2249999999998
 10
28.000000000000007
 20
110.82499999999979
  0
LWPOLYLINE
  5
BE
330
1B
100
AcDbEntity
 67
1
  8
Z-UTWARDZENIA
370
35
100
AcDbPolyline
 90
4
 70
1
 10
39.0
 20
107.2249999999998
 10
39.0
 20
110.82499999999979
 10
25.0
 20
110.82499999999979
 10
25.0
 20
107.2249999999998
  0
LWPOLYLINE
  5
BF
330
1B
100
AcDbEntity
 67
1
  8
Z-UTWARDZENIA
370
18
100
AcDbPolyline
 90
2
 70
0
 10
25.0
 20
103.0
 10
39.0
 20
103.0
  0
LWPOLYLINE
  5
C0
330
1B
100
AcDbEntity
 67
1
  8
Z-UTWARDZENIA
370
18
100
AcDbPolyline
 90
2
 70
0
 10
25.0
 20
104.0
 10
39.0
 20
104.0
  0
LWPOLYLINE
  5
C1
330
1B
100
AcDbEntity
 67
1
  8
Z-UTWARDZENIA
370
18
100
AcDbPolyline
 90
2
 70
0
 10
25.0
 20
105.0
 10
39.0
 20
105.0
  0
LWPOLYLINE
  5
C2
330
1B
100
AcDbEntity
 67
1
  8
Z-UTWARDZENIA
370
18
100
AcDbPolyline
 90
2
 70
0
 10
25.0
 20
106.0
 10
39.0
 20
106.0
  0
LWPOLYLINE
  5
C3
330
1B
100
AcDbEntity
 67
1
  8
Z-UTWARDZENIA
370
35
100
AcDbPolyline
 90
4
 70
1
 10
39.0
 20
102.6249999999998
 10
39.0
 20
106.2249999999998
 10
25.0
 20
106.2249999999998
 10
25.0
 20
102.6249999999998
  0
LWPOLYLINE
  5
C4
330
1B
100
AcDbEntity
 67
1
  8
Z-UTWARDZENIA
370
25
100
AcDbPolyline
 90
2
 70
0
 10
35.036116596868574
 20
98.46456818590018
 10
35.32468128608984
 20
98.54660732372251
  0
LWPOLYLINE
  5
C5
330
1B
100
AcDbEntity
 67
1
  8
Z-UTWARDZENIA
370
25
100
AcDbPolyline
 90
2
 70
0
 10
25.31165616044425
 20
100.38893585362267
 10
25.179830990686742
 20
100.65842077828155
  0
LWPOLYLINE
  5
C6
330
1B
100
AcDbEntity
 67
1
  8
Z-UTWARDZENIA
370
25
100
AcDbPolyline
 90
2
 70
0
 10
26.94231943685373
 20
99.15760166271008
 10
27.061173211154166
 20
99.43305361920075
  0
LWPOLYLINE
  5
C7
330
1B
100
AcDbEntity
 67
1
  8
Z-UTWARDZENIA
370
25
100
AcDbPolyline
 90
2
 70
0
 10
28.377373044587273
 20
99.7056025053967
 10
28.378024705273276
 20
100.00560179762644
  0
LWPOLYLINE
  5
C8
330
1B
100
AcDbEntity
 67
1
  8
Z-UTWARDZENIA
370
25
100
AcDbPolyline
 90
2
 70
0
 10
30.07126962517394
 20
100.4129394959039
 10
30.21951204898596
 20
100.67375395827578
  0
LWPOLYLINE
  5
C9
330
1B
100
AcDbEntity
 67
1
  8
Z-UTWARDZENIA
370
25
100
AcDbPolyline
 90
2
 70
0
 10
31.532947156799608
 20
99.29508772641434
 10
31.41027800966583
 20
99.56886186752608
  0
LWPOLYLINE
  5
CA
330
1B
100
AcDbEntity
 67
1
  8
Z-UTWARDZENIA
370
25
100
AcDbPolyline
 90
2
 70
0
 10
33.48514301029293
 20
99.93006868211624
 10
33.421300563550076
 20
100.223196882728
  0
LWPOLYLINE
  5
CB
330
1B
100
AcDbEntity
 67
1
  8
Z-UTWARDZENIA
370
25
100
AcDbPolyline
 90
2
 70
0
 10
35.80985480681088
 20
99.84007731462611
 10
35.701950263327205
 20
100.11999982085878
  0
LWPOLYLINE
  5
CC
330
1B
100
AcDbEntity
 67
1
  8
Z-UTWARDZENIA
370
25
100
AcDbPolyline
 90
2
 70
0
 10
36.4789696897975
 20
100.36911515162252
 10
36.773042416313906
 20
100.42845511723768
  0
LWPOLYLINE
  5
CD
330
1B
100
AcDbEntity
 67
1
  8
Z-UTWARDZENIA
370
25
100
AcDbPolyline
 90
2
 70
0
 10
38.50987993600668
 20
99.98275043762719
 10
38.737915030502904
 20
100.17768631343792
  0
LWPOLYLINE
  5
CE
330
1B
100
AcDbEntity
 67
1
  8
Z-UTWARDZENIA
370
25
100
AcDbPolyline
 90
2
 70
0
 10
26.21991197075195
 20
101.3446381446441
 10
26.512290192456344
 20
101.41183171184346
  0
LWPOLYLINE
  5
CF
330
1B
100
AcDbEntity
 67
1
  8
Z-UTWARDZENIA
370
25
100
AcDbPolyline
 90
2
 70
0
 10
28.170399356800115
 20
100.90470564962351
 10
28.277940962193043
 20
101.18476779113769
  0
LWPOLYLINE
  5
D0
330
1B
100
AcDbEntity
 67
1
  8
Z-UTWARDZENIA
370
25
100
AcDbPolyline
 90
2
 70
0
 10
32.345743982160606
 20
101.22655020387984
 10
32.36363243763303
 20
101.52601640090516
  0
LWPOLYLINE
  5
D1
330
1B
100
AcDbEntity
 67
1
  8
Z-UTWARDZENIA
370
25
100
AcDbPolyline
 90
2
 70
0
 10
33.81584784187776
 20
100.70882322699366
 10
34.097356767432444
 20
100.81251857323952
  0
LWPOLYLINE
  5
D2
330
1B
100
AcDbEntity
 67
1
  8
Z-UTWARDZENIA
370
25
100
AcDbPolyline
 90
2
 70
0
 10
35.77326830399311
 20
101.46216420441375
 10
35.62251604815052
 20
101.72153605592885
  0
LWPOLYLINE
  5
D3
330
1B
100
AcDbEntity
 67
1
  8
Z-UTWARDZENIA
370
25
100
AcDbPolyline
 90
2
 70
0
 10
37.319375820431574
 20
101.06475689602067
 10
37.33128866389219
 20
101.36452027630699
  0
LWPOLYLINE
  5
D4
330
1B
100
AcDbEntity
 67
1
  8
Z-UTWARDZENIA
370
25
100
AcDbPolyline
 90
2
 70
0
 10
38.334018000224006
 20
101.17444932342399
 10
38.33370725397934
 20
101.47444916248523
  0
LWPOLYLINE
  5
D5
330
1B
100
AcDbEntity
 67
1
  8
Z-UTWARDZENIA
370
35
100
AcDbPolyline
 90
4
 70
1
 10
39.0
 20
98.0249999999998
 10
39.0
 20
101.6249999999998
 10
25.0
 20
101.6249999999998
 10
25.0
 20
98.0249999999998
  0
LWPOLYLINE
  5
D6
330
1B
100
AcDbEntity
 67
1
  8
Z-UTWARDZENIA
370
25
100
AcDbPolyline
 90
4
 70
1
 10
37.0
 20
93.22499999999981
 10
37.0
 20
97.22499999999981
 10
27.0
 20
97.22499999999981
 10
27.0
 20
93.22499999999981
  0
HATCH
  5
D7
330
1B
100
AcDbEntity
 67
1
  8
Z-ZIELEN
 62
7
420
0
100
AcDbHatch
 10
0.0
 20
0.0
 30
0.0
210
0.0
220
0.0
230
1.0
  2
SOLID
 70
1
 71
0
 91
1
 92
3
 72
0
 73
1
 93
24
 10
121.5
 20
178.2249999999997
 10
121.48296291314453
 20
178.35440952255098
 10
121.43301270189222
 20
178.4749999999997
 10
121.35355339059328
 20
178.578553390593
 10
121.25
 20
178.65801270189192
 10
121.12940952255126
 20
178.70796291314426
 10
121.0
 20
178.7249999999997
 10
120.87059047744874
 20
178.70796291314426
 10
120.75
 20
178.65801270189192
 10
120.64644660940672
 20
178.578553390593
 10
120.56698729810778
 20
178.4749999999997
 10
120.51703708685547
 20
178.35440952255098
 10
120.5
 20
178.2249999999997
 10
120.51703708685547
 20
178.09559047744844
 10
120.56698729810778
 20
177.9749999999997
 10
120.64644660940672
 20
177.87144660940643
 10
120.75
 20
177.7919872981075
 10
120.87059047744874
 20
177.74203708685516
 10
121.0
 20
177.7249999999997
 10
121.12940952255126
 20
177.74203708685516
 10
121.25
 20
177.7919872981075
 10
121.35355339059328
 20
177.87144660940643
 10
121.43301270189222
 20
177.9749999999997
 10
121.48296291314453
 20
178.09559047744844
 97
0
 75
0
 76
1
 98
0
  0
LWPOLYLINE
  5
D8
330
1B
100
AcDbEntity
 67
1
  8
Z-ZIELEN
370
25
100
AcDbPolyline
 90
2
 70
0
 10
28.282087489300764
 20
107.41592731842047
 10
28.20603526347162
 20
107.5334690512069
  0
LWPOLYLINE
  5
D9
330
1B
100
AcDbEntity
 67
1
  8
Z-ZIELEN
370
25
100
AcDbPolyline
 90
2
 70
0
 10
27.08051771811249
 20
110.15218141295888
 10
26.962293959927656
 20
110.22716903194132
  0
LWPOLYLINE
  5
DA
330
1B
100
AcDbEntity
 67
1
  8
Z-ZIELEN
370
25
100
AcDbPolyline
 90
2
 70
0
 10
30.619942567361022
 20
109.32531544521802
 10
30.651094865329178
 20
109.46180549735115
  0
LWPOLYLINE
  5
DB
330
1B
100
AcDbEntity
 67
1
  8
Z-ZIELEN
370
25
100
AcDbPolyline
 90
2
 70
0
 10
34.859482366363586
 20
109.37473142770193
 10
34.757817360600946
 20
109.47098228018274
  0
LWPOLYLINE
  5
DC
330
1B
100
AcDbEntity
 67
1
  8
Z-ZIELEN
370
25
100
AcDbPolyline
 90
2
 70
0
 10
38.82019875877356
 20
110.00488968621835
 10
38.690277606297464
 20
110.05704804258896
  0
LWPOLYLINE
  5
DD
330
1B
100
AcDbEntity
 67
1
  8
Z-ZIELEN
  6
KRESKOWA
370
25
100
AcDbPolyline
 90
4
 70
129
 10
39.0
 20
84.22499999999982
 10
39.0
 20
87.82499999999982
 10
25.0
 20
87.82499999999982
 10
25.0
 20
84.22499999999982
  0
LWPOLYLINE
  5
DE
330
1B
100
AcDbEntity
 67
1
  8
Z-ZIELEN
370
25
100
AcDbPolyline
 90
84
 70
1
 10
29.6
 20
86.02499999999982
 10
29.53446510593601
 20
86.10252244265097
 10
29.4680653788744
 20
86.1709123785863
 10
29.40559119403503
 20
86.2316952805035
 10
29.350862907720472
 20
86.28745644836913
 10
29.306365614759777
 20
86.34147518273996
 10
29.273031288660277
 20
86.39727224816268
 10
29.250190998658333
 20
86.45812297501884
 10
29.235701059855447
 20
86.52659248952966
 10
29.22622775170925
 20
86.60414730625584
 10
29.2176577825214
 20
86.69088911027755
 10
29.20558793019231
 20
86.78544293492705
 10
29.185838782044605
 20
86.88501463071465
 10
29.084368957667323
 20
86.88211183974339
 10
28.9895
 20
86.87283887030479
 10
28.903025996558576
 20
86.86189210522859
 10
28.82530763163172
 20
86.8538703275103
 10
28.755330476086204
 20
86.85276107297855
 10
28.69092296133452
 20
86.86148814865183
 10
28.629107259459605
 20
86.88157069849011
 10
28.566541308352594
 20
86.9129320521907
 10
28.5
 20
86.95388015895267
 10
28.42683923837889
 20
87.0012625174402
 10
28.345388651643024
 20
87.05077927229627
 10
28.255226972648053
 20
87.09742070339983
 10
28.19423106532078
 20
87.01627853961365
 10
28.142331137145298
 20
86.9363253999225
 10
28.096974003441424
 20
86.86189210522859
 10
28.05478907385792
 20
86.7961279441627
 10
28.01202628112719
 20
86.74072599201546
 10
27.965045750005206
 20
86.6958114119574
 10
27.91080312057965
 20
86.66000321514022
 10
27.84727459446491
 20
86.630640669039
 10
27.77377224829075
 20
86.60414730625584
 10
27.69111223994464
 20
86.5764903368441
 10
27.601614871903283
 20
86.54368289554242
 10
27.50893424530734
 20
86.50227211302914
 10
27.53434341733727
 20
86.40399228075754
 10
27.56449422313537
 20
86.3135653157481
 10
27.59440880596497
 20
86.2316952805035
 10
27.619523424116938
 20
86.15771049071704
 10
27.636176249329242
 20
86.08973464091503
 10
27.642
 20
86.02499999999982
 10
27.636176249329242
 20
85.96026535908462
 10
27.619523424116938
 20
85.8922895092826
 10
27.59440880596497
 20
85.81830471949614
 10
27.56449422313537
 20
85.73643468425155
 10
27.53434341733727
 20
85.6460077192421
 10
27.50893424530734
 20
85.5477278869705
 10
27.601614871903283
 20
85.50631710445722
 10
27.69111223994464
 20
85.47350966315554
 10
27.77377224829075
 20
85.4458526937438
 10
27.84727459446491
 20
85.41935933096065
 10
27.91080312057965
 20
85.38999678485942
 10
27.965045750005206
 20
85.35418858804225
 10
28.01202628112719
 20
85.30927400798419
 10
28.05478907385792
 20
85.25387205583694
 10
28.096974003441424
 20
85.18810789477105
 10
28.142331137145298
 20
85.11367460007715
 10
28.19423106532078
 20
85.03372146038599
 10
28.255226972648053
 20
84.95257929659982
 10
28.345388651643024
 20
84.99922072770337
 10
28.426839238378893
 20
85.04873748255945
 10
28.5
 20
85.09611984104697
 10
28.566541308352594
 20
85.13706794780894
 10
28.629107259459605
 20
85.16842930150953
 10
28.69092296133452
 20
85.18851185134781
 10
28.755330476086204
 20
85.19723892702109
 10
28.82530763163172
 20
85.19612967248935
 10
28.903025996558576
 20
85.18810789477105
 10
28.9895
 20
85.17716112969485
 10
29.084368957667326
 20
85.16788816025625
 10
29.185838782044605
 20
85.16498536928499
 10
29.20558793019231
 20
85.2645570650726
 10
29.2176577825214
 20
85.35911088972209
 10
29.22622775170925
 20
85.4458526937438
 10
29.235701059855447
 20
85.52340751047
 10
29.250190998658333
 20
85.5918770249808
 10
29.273031288660274
 20
85.65272775183695
 10
29.306365614759777
 20
85.70852481725969
 10
29.350862907720472
 20
85.76254355163051
 10
29.40559119403503
 20
85.81830471949614
 10
29.4680653788744
 20
85.87908762141335
 10
29.53446510593601
 20
85.94747755734868
  0
LWPOLYLINE
  5
DF
330
1B
100
AcDbEntity
 67
1
  8
Z-ZIELEN
370
25
100
AcDbPolyline
 90
84
 70
1
 10
33.1
 20
86.02499999999982
 10
33.03446510593601
 20
86.10252244265097
 10
32.9680653788744
 20
86.1709123785863
 10
32.905591194035026
 20
86.2316952805035
 10
32.850862907720476
 20
86.28745644836913
 10
32.80636561475978
 20
86.34147518273996
 10
32.77303128866028
 20
86.39727224816268
 10
32.75019099865833
 20
86.45812297501884
 10
32.735701059855444
 20
86.52659248952966
 10
32.72622775170925
 20
86.60414730625584
 10
32.7176577825214
 20
86.69088911027755
 10
32.70558793019231
 20
86.78544293492705
 10
32.685838782044605
 20
86.88501463071465
 10
32.58436895766732
 20
86.88211183974339
 10
32.4895
 20
86.87283887030479
 10
32.403025996558576
 20
86.86189210522859
 10
32.32530763163172
 20
86.8538703275103
 10
32.2553304760862
 20
86.85276107297855
 10
32.190922961334515
 20
86.86148814865183
 10
32.1291072594596
 20
86.88157069849011
 10
32.06654130835259
 20
86.9129320521907
 10
32.0
 20
86.95388015895267
 10
31.92683923837889
 20
87.0012625174402
 10
31.845388651643024
 20
87.05077927229627
 10
31.755226972648053
 20
87.09742070339983
 10
31.69423106532078
 20
87.01627853961365
 10
31.642331137145298
 20
86.9363253999225
 10
31.596974003441424
 20
86.86189210522859
 10
31.55478907385792
 20
86.7961279441627
 10
31.51202628112719
 20
86.74072599201546
 10
31.465045750005206
 20
86.6958114119574
 10
31.41080312057965
 20
86.66000321514022
 10
31.34727459446491
 20
86.630640669039
 10
31.27377224829075
 20
86.60414730625584
 10
31.19111223994464
 20
86.5764903368441
 10
31.101614871903283
 20
86.54368289554242
 10
31.00893424530734
 20
86.50227211302914
 10
31.03434341733727
 20
86.40399228075754
 10
31.06449422313537
 20
86.3135653157481
 10
31.09440880596497
 20
86.2316952805035
 10
31.119523424116938
 20
86.15771049071704
 10
31.136176249329242
 20
86.08973464091503
 10
31.142
 20
86.02499999999982
 10
31.136176249329242
 20
85.96026535908462
 10
31.119523424116938
 20
85.8922895092826
 10
31.09440880596497
 20
85.81830471949614
 10
31.06449422313537
 20
85.73643468425155
 10
31.03434341733727
 20
85.6460077192421
 10
31.00893424530734
 20
85.5477278869705
 10
31.101614871903283
 20
85.50631710445722
 10
31.19111223994464
 20
85.47350966315554
 10
31.27377224829075
 20
85.4458526937438
 10
31.34727459446491
 20
85.41935933096065
 10
31.41080312057965
 20
85.38999678485942
 10
31.465045750005206
 20
85.35418858804225
 10
31.51202628112719
 20
85.30927400798419
 10
31.55478907385792
 20
85.25387205583694
 10
31.596974003441424
 20
85.18810789477105
 10
31.642331137145298
 20
85.11367460007715
 10
31.69423106532078
 20
85.03372146038599
 10
31.755226972648053
 20
84.95257929659982
 10
31.845388651643024
 20
84.99922072770337
 10
31.926839238378893
 20
85.04873748255945
 10
32.0
 20
85.09611984104697
 10
32.06654130835259
 20
85.13706794780894
 10
32.1291072594596
 20
85.16842930150953
 10
32.190922961334515
 20
85.18851185134781
 10
32.2553304760862
 20
85.19723892702109
 10
32.32530763163172
 20
85.19612967248935
 10
32.403025996558576
 20
85.18810789477105
 10
32.4895
 20
85.17716112969485
 10
32.58436895766732
 20
85.16788816025625
 10
32.685838782044605
 20
85.16498536928499
 10
32.70558793019231
 20
85.2645570650726
 10
32.7176577825214
 20
85.35911088972209
 10
32.72622775170925
 20
85.4458526937438
 10
32.735701059855444
 20
85.52340751047
 10
32.75019099865833
 20
85.5918770249808
 10
32.77303128866028
 20
85.65272775183695
 10
32.80636561475978
 20
85.70852481725969
 10
32.850862907720476
 20
85.76254355163051
 10
32.905591194035026
 20
85.81830471949614
 10
32.9680653788744
 20
85.87908762141335
 10
33.03446510593601
 20
85.94747755734868
  0
LWPOLYLINE
  5
E0
330
1B
100
AcDbEntity
 67
1
  8
Z-ZIELEN
370
25
100
AcDbPolyline
 90
84
 70
1
 10
36.6
 20
86.02499999999982
 10
36.53446510593601
 20
86.10252244265097
 10
36.4680653788744
 20
86.1709123785863
 10
36.405591194035026
 20
86.2316952805035
 10
36.350862907720476
 20
86.28745644836913
 10
36.30636561475978
 20
86.34147518273996
 10
36.27303128866028
 20
86.39727224816268
 10
36.25019099865833
 20
86.45812297501884
 10
36.235701059855444
 20
86.52659248952966
 10
36.22622775170925
 20
86.60414730625584
 10
36.2176577825214
 20
86.69088911027755
 10
36.20558793019231
 20
86.78544293492705
 10
36.185838782044605
 20
86.88501463071465
 10
36.08436895766732
 20
86.88211183974339
 10
35.9895
 20
86.87283887030479
 10
35.903025996558576
 20
86.86189210522859
 10
35.82530763163172
 20
86.8538703275103
 10
35.7553304760862
 20
86.85276107297855
 10
35.690922961334515
 20
86.86148814865183
 10
35.6291072594596
 20
86.88157069849011
 10
35.56654130835259
 20
86.9129320521907
 10
35.5
 20
86.95388015895267
 10
35.42683923837889
 20
87.0012625174402
 10
35.34538865164302
 20
87.05077927229627
 10
35.25522697264805
 20
87.09742070339983
 10
35.19423106532078
 20
87.01627853961365
 10
35.1423311371453
 20
86.9363253999225
 10
35.096974003441424
 20
86.86189210522859
 10
35.05478907385792
 20
86.7961279441627
 10
35.01202628112719
 20
86.74072599201546
 10
34.96504575000521
 20
86.6958114119574
 10
34.91080312057965
 20
86.66000321514022
 10
34.84727459446491
 20
86.630640669039
 10
34.77377224829075
 20
86.60414730625584
 10
34.691112239944644
 20
86.5764903368441
 10
34.60161487190329
 20
86.54368289554242
 10
34.50893424530734
 20
86.50227211302914
 10
34.53434341733727
 20
86.40399228075754
 10
34.56449422313537
 20
86.3135653157481
 10
34.594408805964974
 20
86.2316952805035
 10
34.61952342411694
 20
86.15771049071704
 10
34.63617624932924
 20
86.08973464091503
 10
34.642
 20
86.02499999999982
 10
34.63617624932924
 20
85.96026535908462
 10
34.61952342411694
 20
85.8922895092826
 10
34.594408805964974
 20
85.81830471949614
 10
34.56449422313537
 20
85.73643468425155
 10
34.53434341733727
 20
85.6460077192421
 10
34.50893424530734
 20
85.5477278869705
 10
34.60161487190329
 20
85.50631710445722
 10
34.691112239944644
 20
85.47350966315554
 10
34.77377224829075
 20
85.4458526937438
 10
34.84727459446491
 20
85.41935933096065
 10
34.91080312057965
 20
85.38999678485942
 10
34.96504575000521
 20
85.35418858804225
 10
35.01202628112719
 20
85.30927400798419
 10
35.05478907385792
 20
85.25387205583694
 10
35.096974003441424
 20
85.18810789477105
 10
35.1423311371453
 20
85.11367460007715
 10
35.19423106532078
 20
85.03372146038599
 10
35.25522697264805
 20
84.95257929659982
 10
35.34538865164302
 20
84.99922072770337
 10
35.42683923837889
 20
85.04873748255945
 10
35.5
 20
85.09611984104697
 10
35.56654130835259
 20
85.13706794780894
 10
35.6291072594596
 20
85.16842930150953
 10
35.690922961334515
 20
85.18851185134781
 10
35.7553304760862
 20
85.19723892702109
 10
35.82530763163172
 20
85.19612967248935
 10
35.903025996558576
 20
85.18810789477105
 10
35.9895
 20
85.17716112969485
 10
36.08436895766732
 20
85.16788816025625
 10
36.185838782044605
 20
85.16498536928499
 10
36.20558793019231
 20
85.2645570650726
 10
36.2176577825214
 20
85.35911088972209
 10
36.22622775170925
 20
85.4458526937438
 10
36.235701059855444
 20
85.52340751047
 10
36.25019099865833
 20
85.5918770249808
 10
36.27303128866028
 20
85.65272775183695
 10
36.30636561475978
 20
85.70852481725969
 10
36.350862907720476
 20
85.76254355163051
 10
36.405591194035026
 20
85.81830471949614
 10
36.4680653788744
 20
85.87908762141335
 10
36.53446510593601
 20
85.94747755734868
  0
LWPOLYLINE
  5
E1
330
1B
100
AcDbEntity
 67
1
  8
Z-ZIELEN
370
35
100
AcDbPolyline
 90
136
 70
0
 10
25.0
 20
80.62499999999983
 10
25.013671875
 20
80.64999999999984
 10
25.041015625
 20
80.69999999999982
 10
25.08203125
 20
80.77499999999984
 10
25.13671875
 20
80.87499999999983
 10
25.205078125
 20
80.99999999999983
 10
25.287109375
 20
81.14999999999984
 10
25.3828125
 20
81.32499999999982
 10
25.4921875
 20
81.52499999999984
 10
25.6015625
 20
81.67499999999983
 10
25.7109375
 20
81.77499999999982
 10
25.8203125
 20
81.82499999999982
 10
25.9296875
 20
81.82499999999982
 10
26.0390625
 20
81.77499999999982
 10
26.1484375
 20
81.67499999999983
 10
26.2578125
 20
81.52499999999984
 10
26.3671875
 20
81.32499999999982
 10
26.4765625
 20
81.17499999999983
 10
26.5859375
 20
81.07499999999983
 10
26.6953125
 20
81.02499999999984
 10
26.8046875
 20
81.02499999999984
 10
26.9140625
 20
81.07499999999983
 10
27.0234375
 20
81.17499999999983
 10
27.1328125
 20
81.32499999999982
 10
27.2421875
 20
81.52499999999984
 10
27.3515625
 20
81.67499999999983
 10
27.4609375
 20
81.77499999999982
 10
27.5703125
 20
81.82499999999982
 10
27.6796875
 20
81.82499999999982
 10
27.7890625
 20
81.77499999999982
 10
27.8984375
 20
81.67499999999983
 10
28.0078125
 20
81.52499999999984
 10
28.1171875
 20
81.32499999999982
 10
28.2265625
 20
81.17499999999983
 10
28.3359375
 20
81.07499999999983
 10
28.4453125
 20
81.02499999999984
 10
28.5546875
 20
81.02499999999984
 10
28.6640625
 20
81.07499999999983
 10
28.7734375
 20
81.17499999999983
 10
28.8828125
 20
81.32499999999982
 10
28.9921875
 20
81.52499999999984
 10
29.1015625
 20
81.67499999999983
 10
29.2109375
 20
81.77499999999982
 10
29.3203125
 20
81.82499999999982
 10
29.4296875
 20
81.82499999999982
 10
29.5390625
 20
81.77499999999982
 10
29.6484375
 20
81.67499999999983
 10
29.7578125
 20
81.52499999999984
 10
29.8671875
 20
81.32499999999982
 10
29.9765625
 20
81.17499999999983
 10
30.0859375
 20
81.07499999999983
 10
30.1953125
 20
81.02499999999984
 10
30.3046875
 20
81.02499999999984
 10
30.4140625
 20
81.07499999999983
 10
30.5234375
 20
81.17499999999983
 10
30.6328125
 20
81.32499999999982
 10
30.7421875
 20
81.52499999999984
 10
30.8515625
 20
81.67499999999983
 10
30.9609375
 20
81.77499999999982
 10
31.0703125
 20
81.82499999999982
 10
31.1796875
 20
81.82499999999982
 10
31.2890625
 20
81.77499999999982
 10
31.3984375
 20
81.67499999999983
 10
31.5078125
 20
81.52499999999984
 10
31.6171875
 20
81.32499999999982
 10
31.7265625
 20
81.17499999999983
 10
31.8359375
 20
81.07499999999983
 10
31.9453125
 20
81.02499999999984
 10
32.0546875
 20
81.02499999999984
 10
32.1640625
 20
81.07499999999983
 10
32.2734375
 20
81.17499999999983
 10
32.3828125
 20
81.32499999999982
 10
32.4921875
 20
81.52499999999984
 10
32.6015625
 20
81.67499999999983
 10
32.7109375
 20
81.77499999999982
 10
32.8203125
 20
81.82499999999982
 10
32.9296875
 20
81.82499999999982
 10
33.0390625
 20
81.77499999999982
 10
33.1484375
 20
81.67499999999983
 10
33.2578125
 20
81.52499999999984
 10
33.3671875
 20
81.32499999999982
 10
33.4765625
 20
81.17499999999983
 10
33.5859375
 20
81.07499999999983
 10
33.6953125
 20
81.02499999999984
 10
33.8046875
 20
81.02499999999984
 10
33.9140625
 20
81.07499999999983
 10
34.0234375
 20
81.17499999999983
 10
34.1328125
 20
81.32499999999982
 10
34.2421875
 20
81.52499999999984
 10
34.3515625
 20
81.67499999999983
 10
34.4609375
 20
81.77499999999982
 10
34.5703125
 20
81.82499999999982
 10
34.6796875
 20
81.82499999999982
 10
34.7890625
 20
81.77499999999982
 10
34.8984375
 20
81.67499999999983
 10
35.0078125
 20
81.52499999999984
 10
35.1171875
 20
81.32499999999982
 10
35.2265625
 20
81.17499999999983
 10
35.3359375
 20
81.07499999999983
 10
35.4453125
 20
81.02499999999984
 10
35.5546875
 20
81.02499999999984
 10
35.6640625
 20
81.07499999999983
 10
35.7734375
 20
81.17499999999983
 10
35.8828125
 20
81.32499999999982
 10
35.9921875
 20
81.52499999999984
 10
36.1015625
 20
81.67499999999983
 10
36.2109375
 20
81.77499999999982
 10
36.3203125
 20
81.82499999999982
 10
36.4296875
 20
81.82499999999982
 10
36.5390625
 20
81.77499999999982
 10
36.6484375
 20
81.67499999999983
 10
36.7578125
 20
81.52499999999984
 10
36.8671875
 20
81.32499999999982
 10
36.9765625
 20
81.17499999999983
 10
37.0859375
 20
81.07499999999983
 10
37.1953125
 20
81.02499999999984
 10
37.3046875
 20
81.02499999999984
 10
37.4140625
 20
81.07499999999983
 10
37.5234375
 20
81.17499999999983
 10
37.6328125
 20
81.32499999999982
 10
37.7421875
 20
81.52499999999984
 10
37.8515625
 20
81.67499999999983
 10
37.9609375
 20
81.77499999999982
 10
38.0703125
 20
81.82499999999982
 10
38.1796875
 20
81.82499999999982
 10
38.2890625
 20
81.77499999999982
 10
38.3984375
 20
81.67499999999983
 10
38.5078125
 20
81.52499999999984
 10
38.6171875
 20
81.32499999999982
 10
38.712890625
 20
81.14999999999984
 10
38.794921875
 20
80.99999999999983
 10
38.86328125
 20
80.87499999999983
 10
38.91796875
 20
80.77499999999984
 10
38.958984375
 20
80.69999999999982
 10
38.986328125
 20
80.64999999999984
 10
39.0
 20
80.62499999999983
  0
CIRCLE
  5
E2
330
1B
100
AcDbEntity
 67
1
  8
Z-ZIELEN
370
35
100
AcDbCircle
 10
121.0
 20
182.8249999999997
 30
0.0
 40
2.5
  0
LWPOLYLINE
  5
E3
330
1B
100
AcDbEntity
 67
1
  8
Z-ZIELEN
370
25
100
AcDbPolyline
 90
2
 70
0
 10
120.2
 20
182.8249999999997
 10
121.8
 20
182.8249999999997
  0
LWPOLYLINE
  5
E4
330
1B
100
AcDbEntity
 67
1
  8
Z-ZIELEN
370
25
100
AcDbPolyline
 90
2
 70
0
 10
121.0
 20
182.0249999999997
 10
121.0
 20
183.62499999999972
  0
CIRCLE
  5
E5
330
1B
100
AcDbEntity
 67
1
  8
Z-ZIELEN
370
35
100
AcDbCircle
 10
121.0
 20
178.2249999999997
 30
0.0
 40
2.5
  0
LWPOLYLINE
  5
E6
330
1B
100
AcDbEntity
 67
1
  8
Z-ZIELEN
  6
Continuous
370
50
420
3046706
100
AcDbPolyline
 90
2
 70
128
 10
114.0
 20
150.22499999999974
 10
128.0
 20
150.22499999999974
  0
HATCH
  5
E7
330
1B
100
AcDbEntity
 67
1
  8
R-OPISY
 62
7
420
0
100
AcDbHatch
 10
0.0
 20
0.0
 30
0.0
210
0.0
220
0.0
230
1.0
  2
SOLID
 70
1
 71
0
 91
1
 92
3
 72
0
 73
1
 93
4
 10
214.0
 20
132.0
 10
218.0
 20
132.0
 10
218.0
 20
133.6
 10
214.0
 20
133.6
 97
0
 75
0
 76
1
 98
0
  0
HATCH
  5
E8
330
1B
100
AcDbEntity
 67
1
  8
R-OPISY
 62
7
420
0
100
AcDbHatch
 10
0.0
 20
0.0
 30
0.0
210
0.0
220
0.0
230
1.0
  2
SOLID
 70
1
 71
0
 91
1
 92
3
 72
0
 73
1
 93
4
 10
222.0
 20
132.0
 10
226.0
 20
132.0
 10
226.0
 20
133.6
 10
222.0
 20
133.6
 97
0
 75
0
 76
1
 98
0
  0
HATCH
  5
E9
330
1B
100
AcDbEntity
 67
1
  8
R-OPISY
 62
7
420
0
100
AcDbHatch
 10
0.0
 20
0.0
 30
0.0
210
0.0
220
0.0
230
1.0
  2
SOLID
 70
1
 71
0
 91
1
 92
3
 72
0
 73
1
 93
4
 10
230.0
 20
132.0
 10
234.0
 20
132.0
 10
234.0
 20
133.6
 10
230.0
 20
133.6
 97
0
 75
0
 76
1
 98
0
  0
HATCH
  5
EA
330
1B
100
AcDbEntity
 67
1
  8
R-OPISY
 62
7
420
0
100
AcDbHatch
 10
0.0
 20
0.0
 30
0.0
210
0.0
220
0.0
230
1.0
  2
SOLID
 70
1
 71
0
 91
1
 92
3
 72
0
 73
1
 93
4
 10
254.0
 20
132.0
 10
274.0
 20
132.0
 10
274.0
 20
133.6
 10
254.0
 20
133.6
 97
0
 75
0
 76
1
 98
0
  0
HATCH
  5
EB
330
1B
100
AcDbEntity
 67
1
  8
R-OPISY
 62
7
420
0
100
AcDbHatch
 10
0.0
 20
0.0
 30
0.0
210
0.0
220
0.0
230
1.0
  2
SOLID
 70
1
 71
0
 91
1
 92
3
 72
0
 73
1
 93
4
 10
294.0
 20
132.0
 10
314.0
 20
132.0
 10
314.0
 20
133.6
 10
294.0
 20
133.6
 97
0
 75
0
 76
1
 98
0
  0
HATCH
  5
EC
330
1B
100
AcDbEntity
 67
1
  8
Z-OGRODZENIE
 62
7
420
0
100
AcDbHatch
 10
0.0
 20
0.0
 30
0.0
210
0.0
220
0.0
230
1.0
  2
SOLID
 70
1
 71
0
 91
1
 92
3
 72
0
 73
1
 93
3
 10
117.4
 20
168.12499999999972
 10
119.35629520146762
 20
168.54082338163522
 10
119.35629520146762
 20
167.7091766183642
 97
0
 75
0
 76
1
 98
0
  0
LWPOLYLINE
  5
ED
330
1B
100
AcDbEntity
 67
1
  8
R-OPISY
370
50
100
AcDbPolyline
 90
2
 70
0
 10
28.0
 20
205.62499999999972
 10
204.29866000454237
 20
205.62499999999972
  0
LWPOLYLINE
  5
EE
330
1B
100
AcDbEntity
 67
1
  8
R-OPISY
370
18
100
AcDbPolyline
 90
4
 70
1
 10
214.0
 20
132.0
 10
234.0
 20
132.0
 10
234.0
 20
133.6
 10
214.0
 20
133.6
  0
LWPOLYLINE
  5
EF
330
1B
100
AcDbEntity
 67
1
  8
R-OPISY
370
18
100
AcDbPolyline
 90
4
 70
1
 10
234.0
 20
132.0
 10
254.0
 20
132.0
 10
254.0
 20
133.6
 10
234.0
 20
133.6
  0
LWPOLYLINE
  5
F0
330
1B
100
AcDbEntity
 67
1
  8
R-OPISY
370
18
100
AcDbPolyline
 90
4
 70
1
 10
254.0
 20
132.0
 10
274.0
 20
132.0
 10
274.0
 20
133.6
 10
254.0
 20
133.6
  0
LWPOLYLINE
  5
F1
330
1B
100
AcDbEntity
 67
1
  8
R-OPISY
370
18
100
AcDbPolyline
 90
4
 70
1
 10
274.0
 20
132.0
 10
294.0
 20
132.0
 10
294.0
 20
133.6
 10
274.0
 20
133.6
  0
LWPOLYLINE
  5
F2
330
1B
100
AcDbEntity
 67
1
  8
R-OPISY
370
18
100
AcDbPolyline
 90
4
 70
1
 10
294.0
 20
132.0
 10
314.0
 20
132.0
 10
314.0
 20
133.6
 10
294.0
 20
133.6
  0
LWPOLYLINE
  5
F3
330
1B
100
AcDbEntity
 67
1
  8
R-OPISY
370
18
100
AcDbPolyline
 90
4
 70
1
 10
314.0
 20
132.0
 10
334.0
 20
132.0
 10
334.0
 20
133.6
 10
314.0
 20
133.6
  0
LWPOLYLINE
  5
F4
330
1B
100
AcDbEntity
 67
1
  8
Z-OGRODZENIE
370
35
100
AcDbPolyline
 90
4
 70
1
 10
38.0
 20
89.12499999999982
 10
38.0
 20
92.12499999999982
 10
26.0
 20
92.12499999999982
 10
26.0
 20
89.12499999999982
  0
LWPOLYLINE
  5
F5
330
1B
100
AcDbEntity
 67
1
  8
Z-OGRODZENIE
370
18
100
AcDbPolyline
 90
4
 70
1
 10
28.9
 20
89.72499999999981
 10
28.9
 20
91.52499999999982
 10
27.1
 20
91.52499999999982
 10
27.1
 20
89.72499999999981
  0
LWPOLYLINE
  5
F6
330
1B
100
AcDbEntity
 67
1
  8
Z-OGRODZENIE
370
18
100
AcDbPolyline
 90
4
 70
1
 10
31.9
 20
89.72499999999981
 10
31.9
 20
91.52499999999982
 10
30.1
 20
91.52499999999982
 10
30.1
 20
89.72499999999981
  0
LWPOLYLINE
  5
F7
330
1B
100
AcDbEntity
 67
1
  8
Z-OGRODZENIE
370
18
100
AcDbPolyline
 90
4
 70
1
 10
34.9
 20
89.72499999999981
 10
34.9
 20
91.52499999999982
 10
33.1
 20
91.52499999999982
 10
33.1
 20
89.72499999999981
  0
LWPOLYLINE
  5
F8
330
1B
100
AcDbEntity
 67
1
  8
Z-OGRODZENIE
370
18
100
AcDbPolyline
 90
4
 70
1
 10
37.4
 20
89.72499999999981
 10
37.4
 20
91.52499999999982
 10
35.6
 20
91.52499999999982
 10
35.6
 20
89.72499999999981
  0
LWPOLYLINE
  5
F9
330
1B
100
AcDbEntity
 67
1
  8
Z-OGRODZENIE
370
35
100
AcDbPolyline
 90
2
 70
0
 10
114.0
 20
172.62499999999972
 10
128.0
 20
172.62499999999972
  0
LWPOLYLINE
  5
FA
330
1B
100
AcDbEntity
 67
1
  8
Z-OGRODZENIE
370
35
100
AcDbPolyline
 90
2
 70
0
 10
117.0
 20
171.7249999999997
 10
117.0
 20
173.52499999999972
  0
LWPOLYLINE
  5
FB
330
1B
100
AcDbEntity
 67
1
  8
Z-OGRODZENIE
370
35
100
AcDbPolyline
 90
2
 70
0
 10
123.0
 20
171.7249999999997
 10
123.0
 20
173.52499999999972
  0
LWPOLYLINE
  5
FC
330
1B
100
AcDbEntity
 67
1
  8
Z-OGRODZENIE
370
35
100
AcDbPolyline
 90
2
 70
0
 10
115.0
 20
166.32499999999973
 10
127.0
 20
166.32499999999973
  0
LWPOLYLINE
  5
FD
330
1B
100
AcDbEntity
 67
1
  8
Z-OGRODZENIE
370
25
100
AcDbPolyline
 90
2
 70
0
 10
123.4
 20
168.12499999999972
 10
117.4
 20
168.12499999999972
  0
LWPOLYLINE
  5
FE
330
1B
100
AcDbEntity
 67
1
  8
Z-OGRODZENIE
370
25
100
AcDbPolyline
 90
3
 70
1
 10
117.4
 20
168.12499999999972
 10
119.35629520146762
 20
168.54082338163522
 10
119.35629520146762
 20
167.7091766183642
  0
LWPOLYLINE
  5
FF
330
1B
100
AcDbEntity
 67
1
  8
Z-OGRODZENIE
370
35
100
AcDbPolyline
 90
2
 70
0
 10
114.0
 20
160.92499999999973
 10
118.0
 20
160.92499999999973
  0
LWPOLYLINE
  5
100
330
1B
100
AcDbEntity
 67
1
  8
Z-OGRODZENIE
370
35
100
AcDbPolyline
 90
2
 70
0
 10
118.0
 20
160.92499999999973
 10
118.0
 20
164.92499999999973
  0
ARC
  5
101
330
1B
100
AcDbEntity
 67
1
  8
Z-OGRODZENIE
370
18
100
AcDbCircle
 10
118.0
 20
160.92499999999973
 30
0.0
 40
4.0
100
AcDbArc
 50
0.0
 51
90.0
  0
LWPOLYLINE
  5
102
330
1B
100
AcDbEntity
 67
1
  8
Z-OGRODZENIE
  6
Continuous
370
35
100
AcDbPolyline
 90
2
 70
128
 10
114.0
 20
156.82499999999973
 10
128.0
 20
156.82499999999973
  0
LWPOLYLINE
  5
103
330
1B
100
AcDbEntity
 67
1
  8
R-LEGENDA
370
18
100
AcDbPolyline
 90
2
 70
0
 10
112.5
 20
97.42499999999981
 10
129.5
 20
97.42499999999981
  0
LWPOLYLINE
  5
104
330
1B
100
AcDbEntity
 67
1
  8
R-LEGENDA
370
18
100
AcDbPolyline
 90
2
 70
0
 10
114.0
 20
95.92499999999981
 10
114.0
 20
98.92499999999981
  0
LWPOLYLINE
  5
105
330
1B
100
AcDbEntity
 67
1
  8
R-LEGENDA
370
18
100
AcDbPolyline
 90
2
 70
0
 10
113.11611652351681
 20
96.54111652351664
 10
114.88388347648319
 20
98.30888347648299
  0
LWPOLYLINE
  5
106
330
1B
100
AcDbEntity
 67
1
  8
R-LEGENDA
370
18
100
AcDbPolyline
 90
2
 70
0
 10
128.0
 20
95.92499999999981
 10
128.0
 20
98.92499999999981
  0
LWPOLYLINE
  5
107
330
1B
100
AcDbEntity
 67
1
  8
R-LEGENDA
370
18
100
AcDbPolyline
 90
2
 70
0
 10
127.11611652351681
 20
96.54111652351664
 10
128.8838834764832
 20
98.30888347648299
  0
LWPOLYLINE
  5
108
330
1B
100
AcDbEntity
 67
1
  8
R-OPISY
370
25
100
AcDbPolyline
 90
4
 70
1
 10
24.0
 20
26.94499999999243
 10
204.0
 20
26.94499999999243
 10
204.0
 20
74.12499999999244
 10
24.0
 20
74.12499999999244
  0
LWPOLYLINE
  5
109
330
1B
100
AcDbEntity
 67
1
  8
R-OPISY
370
35
100
AcDbPolyline
 90
2
 70
0
 10
11.0
 20
18.0
 10
11.0
 20
118.0
  0
LWPOLYLINE
  5
10A
330
1B
100
AcDbEntity
 67
1
  8
R-OPISY
370
18
100
AcDbPolyline
 90
2
 70
0
 10
11.0
 20
18.0
 10
9.4
 20
18.0
  0
LWPOLYLINE
  5
10B
330
1B
100
AcDbEntity
 67
1
  8
R-OPISY
370
18
100
AcDbPolyline
 90
2
 70
0
 10
11.0
 20
28.0
 10
10.1
 20
28.0
  0
LWPOLYLINE
  5
10C
330
1B
100
AcDbEntity
 67
1
  8
R-OPISY
370
18
100
AcDbPolyline
 90
2
 70
0
 10
11.0
 20
38.0
 10
10.1
 20
38.0
  0
LWPOLYLINE
  5
10D
330
1B
100
AcDbEntity
 67
1
  8
R-OPISY
370
18
100
AcDbPolyline
 90
2
 70
0
 10
11.0
 20
48.0
 10
10.1
 20
48.0
  0
LWPOLYLINE
  5
10E
330
1B
100
AcDbEntity
 67
1
  8
R-OPISY
370
18
100
AcDbPolyline
 90
2
 70
0
 10
11.0
 20
58.0
 10
10.1
 20
58.0
  0
LWPOLYLINE
  5
10F
330
1B
100
AcDbEntity
 67
1
  8
R-OPISY
370
18
100
AcDbPolyline
 90
2
 70
0
 10
11.0
 20
68.0
 10
9.4
 20
68.0
  0
LWPOLYLINE
  5
110
330
1B
100
AcDbEntity
 67
1
  8
R-OPISY
370
18
100
AcDbPolyline
 90
2
 70
0
 10
11.0
 20
78.0
 10
10.1
 20
78.0
  0
LWPOLYLINE
  5
111
330
1B
100
AcDbEntity
 67
1
  8
R-OPISY
370
18
100
AcDbPolyline
 90
2
 70
0
 10
11.0
 20
88.0
 10
10.1
 20
88.0
  0
LWPOLYLINE
  5
112
330
1B
100
AcDbEntity
 67
1
  8
R-OPISY
370
18
100
AcDbPolyline
 90
2
 70
0
 10
11.0
 20
98.0
 10
10.1
 20
98.0
  0
LWPOLYLINE
  5
113
330
1B
100
AcDbEntity
 67
1
  8
R-OPISY
370
18
100
AcDbPolyline
 90
2
 70
0
 10
11.0
 20
108.0
 10
10.1
 20
108.0
  0
LWPOLYLINE
  5
114
330
1B
100
AcDbEntity
 67
1
  8
R-OPISY
370
18
100
AcDbPolyline
 90
2
 70
0
 10
11.0
 20
118.0
 10
9.4
 20
118.0
  0
HATCH
  5
115
330
1B
100
AcDbEntity
 67
1
  8
Z-ODWODNIENIE
 62
7
420
0
100
AcDbHatch
 10
0.0
 20
0.0
 30
0.0
210
0.0
220
0.0
230
1.0
  2
SOLID
 70
1
 71
0
 91
1
 92
3
 72
0
 73
1
 93
3
 10
125.0
 20
130.82499999999976
 10
122.55463099816549
 20
130.30522077295535
 10
122.55463099816549
 20
131.34477922704417
 97
0
 75
0
 76
1
 98
0
  0
HATCH
  5
116
330
1B
100
AcDbEntity
 67
1
  8
Z-ODWODNIENIE
 62
7
420
0
100
AcDbHatch
 10
0.0
 20
0.0
 30
0.0
210
0.0
220
0.0
230
1.0
  2
SOLID
 70
1
 71
0
 91
1
 92
3
 72
0
 73
1
 93
24
 10
118.25
 20
126.22499999999978
 10
118.24148145657227
 20
126.28970476127542
 10
118.2165063509461
 20
126.34999999999978
 10
118.17677669529664
 20
126.40177669529642
 10
118.125
 20
126.44150635094589
 10
118.06470476127564
 20
126.46648145657205
 10
118.0
 20
126.47499999999978
 10
117.93529523872436
 20
126.46648145657205
 10
117.875
 20
126.44150635094589
 10
117.82322330470336
 20
126.40177669529642
 10
117.7834936490539
 20
126.34999999999978
 10
117.75851854342773
 20
126.28970476127542
 10
117.75
 20
126.22499999999978
 10
117.75851854342773
 20
126.16029523872415
 10
117.7834936490539
 20
126.09999999999978
 10
117.82322330470336
 20
126.04822330470314
 10
117.875
 20
126.00849364905368
 10
117.93529523872436
 20
125.98351854342751
 10
118.0
 20
125.97499999999978
 10
118.06470476127564
 20
125.98351854342751
 10
118.125
 20
126.00849364905368
 10
118.17677669529664
 20
126.04822330470314
 10
118.2165063509461
 20
126.09999999999978
 10
118.24148145657227
 20
126.16029523872415
 97
0
 75
0
 76
1
 98
0
  0
HATCH
  5
117
330
1B
100
AcDbEntity
 67
1
  8
Z-ODWODNIENIE
 62
7
420
0
100
AcDbHatch
 10
0.0
 20
0.0
 30
0.0
210
0.0
220
0.0
230
1.0
  2
SOLID
 70
1
 71
0
 91
1
 92
3
 72
0
 73
1
 93
24
 10
124.25
 20
126.22499999999978
 10
124.24148145657227
 20
126.28970476127542
 10
124.2165063509461
 20
126.34999999999978
 10
124.17677669529664
 20
126.40177669529642
 10
124.125
 20
126.44150635094589
 10
124.06470476127564
 20
126.46648145657205
 10
124.0
 20
126.47499999999978
 10
123.93529523872436
 20
126.46648145657205
 10
123.875
 20
126.44150635094589
 10
123.82322330470336
 20
126.40177669529642
 10
123.7834936490539
 20
126.34999999999978
 10
123.75851854342773
 20
126.28970476127542
 10
123.75
 20
126.22499999999978
 10
123.75851854342773
 20
126.16029523872415
 10
123.7834936490539
 20
126.09999999999978
 10
123.82322330470336
 20
126.04822330470314
 10
123.875
 20
126.00849364905368
 10
123.93529523872436
 20
125.98351854342751
 10
124.0
 20
125.97499999999978
 10
124.06470476127564
 20
125.98351854342751
 10
124.125
 20
126.00849364905368
 10
124.17677669529664
 20
126.04822330470314
 10
124.2165063509461
 20
126.09999999999978
 10
124.24148145657227
 20
126.16029523872415
 97
0
 75
0
 76
1
 98
0
  0
HATCH
  5
118
330
1B
100
AcDbEntity
 67
1
  8
Z-ODWODNIENIE
 62
7
420
0
100
AcDbHatch
 10
0.0
 20
0.0
 30
0.0
210
0.0
220
0.0
230
1.0
  2
SOLID
 70
1
 71
0
 91
1
 92
3
 72
0
 73
1
 93
3
 10
128.0
 20
107.22499999999981
 10
125.44776932303607
 20
106.72889661202079
 10
125.44776932303607
 20
107.72110338797883
 97
0
 75
0
 76
1
 98
0
  0
HATCH
  5
119
330
1B
100
AcDbEntity
 67
1
  8
Z-ODWODNIENIE
 62
7
420
0
100
AcDbHatch
 10
0.0
 20
0.0
 30
0.0
210
0.0
220
0.0
230
1.0
  2
SOLID
 70
1
 71
0
 91
1
 92
3
 72
0
 73
1
 93
3
 10
128.0
 20
102.62499999999982
 10
125.44776932303607
 20
102.1288966120208
 10
125.44776932303607
 20
103.12110338797883
 97
0
 75
0
 76
1
 98
0
  0
LWPOLYLINE
  5
11A
330
1B
100
AcDbEntity
 67
1
  8
Z-ODWODNIENIE
370
50
100
AcDbPolyline
 90
4
 70
1
 10
124.5
 20
142.62499999999974
 10
124.5
 20
146.62499999999974
 10
117.5
 20
146.62499999999974
 10
117.5
 20
142.62499999999974
  0
LWPOLYLINE
  5
11B
330
1B
100
AcDbEntity
 67
1
  8
Z-ODWODNIENIE
370
18
100
AcDbPolyline
 90
21
 70
0
 10
115.0
 20
138.97499999999974
 10
115.6
 20
139.47499999999974
 10
116.2
 20
138.97499999999974
 10
116.8
 20
139.47499999999974
 10
117.4
 20
138.97499999999974
 10
118.0
 20
139.47499999999974
 10
118.6
 20
138.97499999999974
 10
119.2
 20
139.47499999999974
 10
119.8
 20
138.97499999999974
 10
120.4
 20
139.47499999999974
 10
121.0
 20
138.97499999999974
 10
121.6
 20
139.47499999999974
 10
122.2
 20
138.97499999999974
 10
122.8
 20
139.47499999999974
 10
123.4
 20
138.97499999999974
 10
124.0
 20
139.47499999999974
 10
124.6
 20
138.97499999999974
 10
125.2
 20
139.47499999999974
 10
125.8
 20
138.97499999999974
 10
126.4
 20
139.47499999999974
 10
127.0
 20
138.97499999999974
  0
LWPOLYLINE
  5
11C
330
1B
100
AcDbEntity
 67
1
  8
Z-ODWODNIENIE
370
18
100
AcDbPolyline
 90
21
 70
0
 10
115.0
 20
140.57499999999976
 10
115.6
 20
141.07499999999976
 10
116.2
 20
140.57499999999976
 10
116.8
 20
141.07499999999976
 10
117.4
 20
140.57499999999976
 10
118.0
 20
141.07499999999976
 10
118.6
 20
140.57499999999976
 10
119.2
 20
141.07499999999976
 10
119.8
 20
140.57499999999976
 10
120.4
 20
141.07499999999976
 10
121.0
 20
140.57499999999976
 10
121.6
 20
141.07499999999976
 10
122.2
 20
140.57499999999976
 10
122.8
 20
141.07499999999976
 10
123.4
 20
140.57499999999976
 10
124.0
 20
141.07499999999976
 10
124.6
 20
140.57499999999976
 10
125.2
 20
141.07499999999976
 10
125.8
 20
140.57499999999976
 10
126.4
 20
141.07499999999976
 10
127.0
 20
140.57499999999976
  0
LWPOLYLINE
  5
11D
330
1B
100
AcDbEntity
 67
1
  8
Z-ODWODNIENIE
370
50
100
AcDbPolyline
 90
4
 70
1
 10
128.0
 20
138.22499999999974
 10
128.0
 20
141.82499999999976
 10
114.0
 20
141.82499999999976
 10
114.0
 20
138.22499999999974
  0
LWPOLYLINE
  5
11E
330
1B
100
AcDbEntity
 67
1
  8
Z-ODWODNIENIE
370
25
100
AcDbPolyline
 90
2
 70
0
 10
114.0
 20
134.97499999999977
 10
128.0
 20
134.97499999999977
  0
LWPOLYLINE
  5
11F
330
1B
100
AcDbEntity
 67
1
  8
Z-ODWODNIENIE
370
25
100
AcDbPolyline
 90
2
 70
0
 10
114.0
 20
135.87499999999974
 10
128.0
 20
135.87499999999974
  0
LWPOLYLINE
  5
120
330
1B
100
AcDbEntity
 67
1
  8
Z-ODWODNIENIE
370
18
100
AcDbPolyline
 90
2
 70
0
 10
114.5
 20
134.97499999999977
 10
114.5
 20
135.87499999999974
  0
LWPOLYLINE
  5
121
330
1B
100
AcDbEntity
 67
1
  8
Z-ODWODNIENIE
370
18
100
AcDbPolyline
 90
2
 70
0
 10
115.5
 20
134.97499999999977
 10
115.5
 20
135.87499999999974
  0
LWPOLYLINE
  5
122
330
1B
100
AcDbEntity
 67
1
  8
Z-ODWODNIENIE
370
18
100
AcDbPolyline
 90
2
 70
0
 10
116.5
 20
134.97499999999977
 10
116.5
 20
135.87499999999974
  0
LWPOLYLINE
  5
123
330
1B
100
AcDbEntity
 67
1
  8
Z-ODWODNIENIE
370
18
100
AcDbPolyline
 90
2
 70
0
 10
117.5
 20
134.97499999999977
 10
117.5
 20
135.87499999999974
  0
LWPOLYLINE
  5
124
330
1B
100
AcDbEntity
 67
1
  8
Z-ODWODNIENIE
370
18
100
AcDbPolyline
 90
2
 70
0
 10
118.5
 20
134.97499999999977
 10
118.5
 20
135.87499999999974
  0
LWPOLYLINE
  5
125
330
1B
100
AcDbEntity
 67
1
  8
Z-ODWODNIENIE
370
18
100
AcDbPolyline
 90
2
 70
0
 10
119.5
 20
134.97499999999977
 10
119.5
 20
135.87499999999974
  0
LWPOLYLINE
  5
126
330
1B
100
AcDbEntity
 67
1
  8
Z-ODWODNIENIE
370
18
100
AcDbPolyline
 90
2
 70
0
 10
120.5
 20
134.97499999999977
 10
120.5
 20
135.87499999999974
  0
LWPOLYLINE
  5
127
330
1B
100
AcDbEntity
 67
1
  8
Z-ODWODNIENIE
370
18
100
AcDbPolyline
 90
2
 70
0
 10
121.5
 20
134.97499999999977
 10
121.5
 20
135.87499999999974
  0
LWPOLYLINE
  5
128
330
1B
100
AcDbEntity
 67
1
  8
Z-ODWODNIENIE
370
18
100
AcDbPolyline
 90
2
 70
0
 10
122.5
 20
134.97499999999977
 10
122.5
 20
135.87499999999974
  0
LWPOLYLINE
  5
129
330
1B
100
AcDbEntity
 67
1
  8
Z-ODWODNIENIE
370
18
100
AcDbPolyline
 90
2
 70
0
 10
123.5
 20
134.97499999999977
 10
123.5
 20
135.87499999999974
  0
LWPOLYLINE
  5
12A
330
1B
100
AcDbEntity
 67
1
  8
Z-ODWODNIENIE
370
18
100
AcDbPolyline
 90
2
 70
0
 10
124.5
 20
134.97499999999977
 10
124.5
 20
135.87499999999974
  0
LWPOLYLINE
  5
12B
330
1B
100
AcDbEntity
 67
1
  8
Z-ODWODNIENIE
370
18
100
AcDbPolyline
 90
2
 70
0
 10
125.5
 20
134.97499999999977
 10
125.5
 20
135.87499999999974
  0
LWPOLYLINE
  5
12C
330
1B
100
AcDbEntity
 67
1
  8
Z-ODWODNIENIE
370
18
100
AcDbPolyline
 90
2
 70
0
 10
126.5
 20
134.97499999999977
 10
126.5
 20
135.87499999999974
  0
LWPOLYLINE
  5
12D
330
1B
100
AcDbEntity
 67
1
  8
Z-ODWODNIENIE
370
18
100
AcDbPolyline
 90
2
 70
0
 10
127.5
 20
134.97499999999977
 10
127.5
 20
135.87499999999974
  0
LWPOLYLINE
  5
12E
330
1B
100
AcDbEntity
 67
1
  8
Z-ODWODNIENIE
  6
KRESKA_DLUGA
370
35
100
AcDbPolyline
 90
2
 70
128
 10
114.0
 20
130.82499999999976
 10
128.0
 20
130.82499999999976
  0
LWPOLYLINE
  5
12F
330
1B
100
AcDbEntity
 67
1
  8
Z-ODWODNIENIE
370
25
100
AcDbPolyline
 90
3
 70
1
 10
125.0
 20
130.82499999999976
 10
122.55463099816549
 20
130.30522077295535
 10
122.55463099816549
 20
131.34477922704417
  0
CIRCLE
  5
130
330
1B
100
AcDbEntity
 67
1
  8
Z-ODWODNIENIE
370
35
100
AcDbCircle
 10
118.0
 20
126.22499999999978
 30
0.0
 40
0.9
  0
CIRCLE
  5
131
330
1B
100
AcDbEntity
 67
1
  8
Z-ODWODNIENIE
  6
KRESKOWA_DROBNA
370
35
100
AcDbCircle
 10
124.0
 20
126.22499999999978
 30
0.0
 40
0.9
  0
LWPOLYLINE
  5
132
330
1B
100
AcDbEntity
 67
1
  8
Z-ODWODNIENIE
370
18
100
AcDbPolyline
 90
2
 70
0
 10
114.0
 20
107.22499999999981
 10
125.8
 20
107.22499999999981
  0
LWPOLYLINE
  5
133
330
1B
100
AcDbEntity
 67
1
  8
Z-ODWODNIENIE
370
18
100
AcDbPolyline
 90
3
 70
1
 10
128.0
 20
107.22499999999981
 10
125.44776932303607
 20
106.72889661202079
 10
125.44776932303607
 20
107.72110338797883
  0
LWPOLYLINE
  5
134
330
1B
100
AcDbEntity
 67
1
  8
Z-ODWODNIENIE
370
18
100
AcDbPolyline
 90
2
 70
0
 10
114.0
 20
102.62499999999982
 10
125.8
 20
102.62499999999982
  0
LWPOLYLINE
  5
135
330
1B
100
AcDbEntity
 67
1
  8
Z-ODWODNIENIE
370
18
100
AcDbPolyline
 90
3
 70
1
 10
128.0
 20
102.62499999999982
 10
125.44776932303607
 20
102.1288966120208
 10
125.44776932303607
 20
103.12110338797883
  0
LWPOLYLINE
  5
136
330
1B
100
AcDbEntity
 67
1
  8
Z-LZ
  6
Continuous
370
35
420
12582912
100
AcDbPolyline
 90
2
 70
128
 10
25.0
 20
166.02499999999972
 10
39.0
 20
166.02499999999972
  0
LWPOLYLINE
  5
137
330
1B
100
AcDbEntity
 67
1
  8
Z-LZ
  6
Continuous
370
25
420
12582912
100
AcDbPolyline
 90
3
 70
129
 10
27.5
 20
166.02499999999972
 10
29.5
 20
166.02499999999972
 10
28.5
 20
164.29499999999973
  0
LWPOLYLINE
  5
138
330
1B
100
AcDbEntity
 67
1
  8
Z-LZ
  6
Continuous
370
25
420
12582912
100
AcDbPolyline
 90
3
 70
129
 10
34.5
 20
166.02499999999972
 10
36.5
 20
166.02499999999972
 10
35.5
 20
164.29499999999973
  0
HATCH
  5
139
330
1B
100
AcDbEntity
 67
1
  8
Z-DZIALKA
 62
7
420
0
100
AcDbHatch
 10
0.0
 20
0.0
 30
0.0
210
0.0
220
0.0
230
1.0
  2
SOLID
 70
1
 71
0
 91
1
 92
3
 72
0
 73
1
 93
24
 10
25.5
 20
181.8249999999997
 10
25.482962913144533
 20
181.95440952255097
 10
25.43301270189222
 20
182.0749999999997
 10
25.353553390593273
 20
182.17855339059298
 10
25.25
 20
182.25801270189191
 10
25.12940952255126
 20
182.30796291314425
 10
25.0
 20
182.3249999999997
 10
24.87059047744874
 20
182.30796291314425
 10
24.75
 20
182.25801270189191
 10
24.646446609406727
 20
182.17855339059298
 10
24.56698729810778
 20
182.0749999999997
 10
24.517037086855467
 20
181.95440952255097
 10
24.5
 20
181.8249999999997
 10
24.517037086855467
 20
181.69559047744843
 10
24.56698729810778
 20
181.5749999999997
 10
24.646446609406727
 20
181.47144660940643
 10
24.75
 20
181.3919872981075
 10
24.87059047744874
 20
181.34203708685516
 10
25.0
 20
181.3249999999997
 10
25.12940952255126
 20
181.34203708685516
 10
25.25
 20
181.3919872981075
 10
25.353553390593273
 20
181.47144660940643
 10
25.43301270189222
 20
181.5749999999997
 10
25.482962913144533
 20
181.69559047744843
 97
0
 75
0
 76
1
 98
0
  0
HATCH
  5
13A
330
1B
100
AcDbEntity
 67
1
  8
Z-DZIALKA
 62
7
420
0
100
AcDbHatch
 10
0.0
 20
0.0
 30
0.0
210
0.0
220
0.0
230
1.0
  2
SOLID
 70
1
 71
0
 91
1
 92
3
 72
0
 73
1
 93
24
 10
39.5
 20
181.8249999999997
 10
39.48296291314453
 20
181.95440952255097
 10
39.43301270189222
 20
182.0749999999997
 10
39.35355339059328
 20
182.17855339059298
 10
39.25
 20
182.25801270189191
 10
39.12940952255126
 20
182.30796291314425
 10
39.0
 20
182.3249999999997
 10
38.87059047744874
 20
182.30796291314425
 10
38.75
 20
182.25801270189191
 10
38.64644660940672
 20
182.17855339059298
 10
38.56698729810778
 20
182.0749999999997
 10
38.51703708685547
 20
181.95440952255097
 10
38.5
 20
181.8249999999997
 10
38.51703708685547
 20
181.69559047744843
 10
38.56698729810778
 20
181.5749999999997
 10
38.64644660940672
 20
181.47144660940643
 10
38.75
 20
181.3919872981075
 10
38.87059047744874
 20
181.34203708685516
 10
39.0
 20
181.3249999999997
 10
39.12940952255126
 20
181.34203708685516
 10
39.25
 20
181.3919872981075
 10
39.35355339059328
 20
181.47144660940643
 10
39.43301270189222
 20
181.5749999999997
 10
39.48296291314453
 20
181.69559047744843
 97
0
 75
0
 76
1
 98
0
  0
LWPOLYLINE
  5
13B
330
1B
100
AcDbEntity
 67
1
  8
Z-DZIALKA
  6
Continuous
370
35
420
0
100
AcDbPolyline
 90
2
 70
128
 10
25.0
 20
181.8249999999997
 10
39.0
 20
181.8249999999997
  0
LWPOLYLINE
  5
13C
330
1B
100
AcDbEntity
 67
1
  8
Z-BUDYNEK-NAD
  6
KRESKOWA
370
70
100
AcDbPolyline
 90
2
 70
128
 10
25.0
 20
152.82499999999973
 10
39.0
 20
152.82499999999973
  0
LWPOLYLINE
  5
13D
330
1B
100
AcDbEntity
 67
1
  8
Z-BUDYNEK-NAD
  6
PUNKTOWA
370
70
100
AcDbPolyline
 90
2
 70
128
 10
25.0
 20
146.22499999999974
 10
39.0
 20
146.22499999999974
  0
HATCH
  5
13E
330
1B
100
AcDbEntity
 67
1
  8
Z-BUDYNEK
 62
7
420
0
100
AcDbHatch
 10
0.0
 20
0.0
 30
0.0
210
0.0
220
0.0
230
1.0
  2
SOLID
 70
1
 71
0
 91
1
 92
3
 72
0
 73
1
 93
3
 10
34.0
 20
134.02499999999975
 10
30.536
 20
136.02499999999975
 10
30.536
 20
132.02499999999975
 97
0
 75
0
 76
1
 98
0
  0
LWPOLYLINE
  5
13F
330
1B
100
AcDbEntity
 67
1
  8
Z-BUDYNEK
  6
Continuous
370
140
100
AcDbPolyline
 90
2
 70
128
 10
25.0
 20
159.42499999999973
 10
39.0
 20
159.42499999999973
  0
LWPOLYLINE
  5
140
330
1B
100
AcDbEntity
 67
1
  8
Z-BUDYNEK
370
25
100
AcDbPolyline
 90
3
 70
1
 10
34.0
 20
134.02499999999975
 10
30.536
 20
136.02499999999975
 10
30.536
 20
132.02499999999975
  0
LWPOLYLINE
  5
141
330
1B
100
AcDbEntity
 67
1
  8
Z-BUDYNEK
370
35
100
AcDbPolyline
 90
2
 70
0
 10
26.0
 20
129.42499999999976
 10
37.0
 20
129.42499999999976
  0
LWPOLYLINE
  5
142
330
1B
100
AcDbEntity
 67
1
  8
Z-BUDYNEK
370
35
100
AcDbPolyline
 90
3
 70
0
 10
35.57426068431001
 20
128.82019526100058
 10
38.0
 20
129.42499999999976
 10
35.57426068431001
 20
130.02980473899893
  0
HATCH
  5
143
330
1B
100
AcDbEntity
 67
1
  8
Z-RZEDNE-PROJ
 62
7
420
0
100
AcDbHatch
 10
0.0
 20
0.0
 30
0.0
210
0.0
220
0.0
230
1.0
  2
SOLID
 70
1
 71
0
 91
1
 92
3
 72
0
 73
1
 93
24
 10
116.25
 20
112.4249999999998
 10
116.23466662183007
 20
112.54146857029593
 10
116.18971143170299
 20
112.64999999999979
 10
116.11819805153394
 20
112.74319805153374
 10
116.02499999999999
 20
112.81471143170279
 10
115.91646857029613
 20
112.85966662182987
 10
115.8
 20
112.8749999999998
 10
115.68353142970386
 20
112.85966662182987
 10
115.575
 20
112.81471143170279
 10
115.48180194846606
 20
112.74319805153374
 10
115.410288568297
 20
112.64999999999979
 10
115.36533337816992
 20
112.54146857029593
 10
115.35
 20
112.4249999999998
 10
115.36533337816992
 20
112.30853142970366
 10
115.410288568297
 20
112.1999999999998
 10
115.48180194846606
 20
112.10680194846586
 10
115.575
 20
112.0352885682968
 10
115.68353142970386
 20
111.99033337816972
 10
115.8
 20
111.9749999999998
 10
115.91646857029613
 20
111.99033337816972
 10
116.02499999999999
 20
112.0352885682968
 10
116.11819805153394
 20
112.10680194846586
 10
116.18971143170299
 20
112.1999999999998
 10
116.23466662183007
 20
112.30853142970366
 97
0
 75
0
 76
1
 98
0
  0
LWPOLYLINE
  5
144
330
1B
100
AcDbEntity
 67
1
  8
Z-RZEDNE
  6
Continuous
370
18
420
9067050
100
AcDbPolyline
 90
2
 70
128
 10
114.0
 20
121.62499999999979
 10
128.0
 20
121.62499999999979
  0
LWPOLYLINE
  5
145
330
1B
100
AcDbEntity
 67
1
  8
Z-RZEDNE
370
18
420
7029795
100
AcDbPolyline
 90
2
 70
0
 10
115.0
 20
117.02499999999979
 10
116.6
 20
117.02499999999979
  0
LWPOLYLINE
  5
146
330
1B
100
AcDbEntity
 67
1
  8
Z-RZEDNE
370
18
420
7029795
100
AcDbPolyline
 90
2
 70
0
 10
115.8
 20
116.2249999999998
 10
115.8
 20
117.82499999999979
  0
LWPOLYLINE
  5
147
330
1B
100
AcDbEntity
 67
1
  8
Z-RZEDNE-PROJ
370
18
100
AcDbPolyline
 90
4
 70
1
 10
116.9
 20
112.02499999999979
 10
125.90168067226891
 20
112.02499999999979
 10
125.90168067226891
 20
114.8249999999998
 10
116.9
 20
114.8249999999998
  0
HATCH
  5
148
330
1B
100
AcDbEntity
 67
1
  8
A-SYMBOLE
 62
7
420
0
100
AcDbHatch
 10
0.0
 20
0.0
 30
0.0
210
0.0
220
0.0
230
1.0
  2
SOLID
 70
1
 71
0
 91
1
 92
3
 72
0
 73
1
 93
3
 10
378.0
 20
141.05
 10
378.0
 20
130.55
 10
375.76
 20
129.15
 97
0
 75
0
 76
1
 98
0
  0
CIRCLE
  5
149
330
1B
100
AcDbEntity
 67
1
  8
A-SYMBOLE
370
18
100
AcDbCircle
 10
378.0
 20
133.0
 30
0.0
 40
7.0
  0
LWPOLYLINE
  5
14A
330
1B
100
AcDbEntity
 67
1
  8
A-SYMBOLE
370
25
100
AcDbPolyline
 90
4
 70
1
 10
378.0
 20
141.05
 10
380.24
 20
129.15
 10
378.0
 20
130.55
 10
375.76
 20
129.15
  0
LWPOLYLINE
  5
14B
330
1B
100
AcDbEntity
 67
1
  8
A-SYMBOLE
370
18
100
AcDbPolyline
 90
2
 70
0
 10
378.0
 20
130.55
 10
378.0
 20
126.35
  0
CIRCLE
  5
14C
330
1B
100
AcDbEntity
 67
1
  8
Z-TYCZENIE
370
25
100
AcDbCircle
 10
121.0
 20
93.02499999999982
 30
0.0
 40
1.0
  0
LWPOLYLINE
  5
14D
330
1B
100
AcDbEntity
 67
1
  8
Z-TYCZENIE
370
18
100
AcDbPolyline
 90
2
 70
0
 10
119.4
 20
93.02499999999982
 10
122.6
 20
93.02499999999982
  0
LWPOLYLINE
  5
14E
330
1B
100
AcDbEntity
 67
1
  8
Z-TYCZENIE
370
18
100
AcDbPolyline
 90
2
 70
0
 10
121.0
 20
91.42499999999983
 10
121.0
 20
94.62499999999982
  0
HATCH
  5
14F
330
1B
100
AcDbEntity
 67
1
  8
Z-DZIALKA
 62
7
420
16777215
100
AcDbHatch
 10
0.0
 20
0.0
 30
0.0
210
0.0
220
0.0
230
1.0
  2
SOLID
 70
1
 71
0
 91
1
 92
3
 72
0
 73
1
 93
24
 10
34.0
 20
181.8249999999997
 10
33.93185165257814
 20
182.34263809020476
 10
33.732050807568875
 20
182.8249999999997
 10
33.41421356237309
 20
183.2392135623728
 10
33.0
 20
183.55705080756857
 10
32.51763809020504
 20
183.75685165257784
 10
32.0
 20
183.8249999999997
 10
31.48236190979496
 20
183.75685165257784
 10
31.0
 20
183.55705080756857
 10
30.585786437626904
 20
183.2392135623728
 10
30.26794919243112
 20
182.8249999999997
 10
30.068148347421864
 20
182.34263809020476
 10
30.0
 20
181.8249999999997
 10
30.068148347421864
 20
181.30736190979465
 10
30.26794919243112
 20
180.8249999999997
 10
30.585786437626904
 20
180.4107864376266
 10
31.0
 20
180.09294919243084
 10
31.482361909794957
 20
179.89314834742157
 10
32.0
 20
179.8249999999997
 10
32.51763809020504
 20
179.89314834742157
 10
33.0
 20
180.09294919243084
 10
33.41421356237309
 20
180.4107864376266
 10
33.732050807568875
 20
180.8249999999997
 10
33.93185165257814
 20
181.30736190979465
 97
0
 75
0
 76
1
 98
0
  0
CIRCLE
  5
150
330
1B
100
AcDbEntity
 67
1
  8
Z-DZIALKA
370
25
100
AcDbCircle
 10
32.0
 20
181.8249999999997
 30
0.0
 40
2.0
  0
HATCH
  5
151
330
1B
100
AcDbEntity
 67
1
  8
R-TABLICZKA
 62
7
420
16777215
100
AcDbHatch
 10
0.0
 20
0.0
 30
0.0
210
0.0
220
0.0
230
1.0
  2
SOLID
 70
1
 71
0
 91
1
 92
3
 72
0
 73
1
 93
4
 10
210.0
 20
10.0
 10
390.0
 20
10.0
 10
390.0
 20
103.0
 10
210.0
 20
103.0
 97
0
 75
0
 76
1
 98
0
  0
HATCH
  5
152
330
1B
100
AcDbEntity
 67
1
  8
R-TABLICZKA
 62
7
420
16777215
100
AcDbHatch
 10
0.0
 20
0.0
 30
0.0
210
0.0
220
0.0
230
1.0
  2
SOLID
 70
1
 71
0
 91
1
 92
3
 72
0
 73
1
 93
4
 10
210.0
 20
103.0
 10
390.0
 20
103.0
 10
390.0
 20
113.0
 10
210.0
 20
113.0
 97
0
 75
0
 76
1
 98
0
  0
LWPOLYLINE
  5
153
330
1B
100
AcDbEntity
 67
1
  8
R-RAMKA
370
70
100
AcDbPolyline
 90
4
 70
1
 10
20.0
 20
10.0
 10
390.0
 20
10.0
 10
390.0
 20
584.0
 10
20.0
 20
584.0
  0
LWPOLYLINE
  5
154
330
1B
100
AcDbEntity
 67
1
  8
R-RAMKA
370
70
100
AcDbPolyline
 90
2
 70
0
 10
200.0
 20
0.0
 10
200.0
 20
20.0
  0
LWPOLYLINE
  5
155
330
1B
100
AcDbEntity
 67
1
  8
R-RAMKA
370
70
100
AcDbPolyline
 90
2
 70
0
 10
200.0
 20
594.0
 10
200.0
 20
576.5
  0
LWPOLYLINE
  5
156
330
1B
100
AcDbEntity
 67
1
  8
R-RAMKA
370
70
100
AcDbPolyline
 90
2
 70
0
 10
0.0
 20
297.0
 10
27.5
 20
297.0
  0
LWPOLYLINE
  5
157
330
1B
100
AcDbEntity
 67
1
  8
R-RAMKA
370
70
100
AcDbPolyline
 90
2
 70
0
 10
400.0
 20
297.0
 10
380.0
 20
297.0
  0
LWPOLYLINE
  5
158
330
1B
100
AcDbEntity
 67
1
  8
R-RAMKA
370
35
100
AcDbPolyline
 90
2
 70
0
 10
115.0
 20
0.0
 10
115.0
 20
5.0
  0
LWPOLYLINE
  5
159
330
1B
100
AcDbEntity
 67
1
  8
R-RAMKA
370
35
100
AcDbPolyline
 90
2
 70
0
 10
115.0
 20
594.0
 10
115.0
 20
589.0
  0
LWPOLYLINE
  5
15A
330
1B
100
AcDbEntity
 67
1
  8
R-RAMKA
370
35
100
AcDbPolyline
 90
2
 70
0
 10
210.0
 20
0.0
 10
210.0
 20
5.0
  0
LWPOLYLINE
  5
15B
330
1B
100
AcDbEntity
 67
1
  8
R-RAMKA
370
35
100
AcDbPolyline
 90
2
 70
0
 10
210.0
 20
594.0
 10
210.0
 20
589.0
  0
LWPOLYLINE
  5
15C
330
1B
100
AcDbEntity
 67
1
  8
R-RAMKA
370
35
100
AcDbPolyline
 90
2
 70
0
 10
0.0
 20
297.0
 10
5.0
 20
297.0
  0
LWPOLYLINE
  5
15D
330
1B
100
AcDbEntity
 67
1
  8
R-RAMKA
370
35
100
AcDbPolyline
 90
2
 70
0
 10
400.0
 20
297.0
 10
395.0
 20
297.0
  0
LWPOLYLINE
  5
15E
330
1B
100
AcDbEntity
 67
1
  8
R-TABLICZKA
370
25
100
AcDbPolyline
 90
2
 70
0
 10
320.0
 20
91.0
 10
320.0
 20
103.0
  0
LWPOLYLINE
  5
15F
330
1B
100
AcDbEntity
 67
1
  8
R-TABLICZKA
370
25
100
AcDbPolyline
 90
2
 70
0
 10
345.0
 20
91.0
 10
345.0
 20
103.0
  0
LWPOLYLINE
  5
160
330
1B
100
AcDbEntity
 67
1
  8
R-TABLICZKA
370
25
100
AcDbPolyline
 90
2
 70
0
 10
210.0
 20
91.0
 10
390.0
 20
91.0
  0
LWPOLYLINE
  5
161
330
1B
100
AcDbEntity
 67
1
  8
R-TABLICZKA
370
18
100
AcDbPolyline
 90
2
 70
0
 10
210.0
 20
83.0
 10
390.0
 20
83.0
  0
LWPOLYLINE
  5
162
330
1B
100
AcDbEntity
 67
1
  8
R-TABLICZKA
370
18
100
AcDbPolyline
 90
2
 70
0
 10
210.0
 20
72.5
 10
390.0
 20
72.5
  0
LWPOLYLINE
  5
163
330
1B
100
AcDbEntity
 67
1
  8
R-TABLICZKA
370
18
100
AcDbPolyline
 90
2
 70
0
 10
360.0
 20
63.5
 10
360.0
 20
72.5
  0
LWPOLYLINE
  5
164
330
1B
100
AcDbEntity
 67
1
  8
R-TABLICZKA
370
25
100
AcDbPolyline
 90
2
 70
0
 10
210.0
 20
63.5
 10
390.0
 20
63.5
  0
LWPOLYLINE
  5
165
330
1B
100
AcDbEntity
 67
1
  8
R-TABLICZKA
370
18
100
AcDbPolyline
 90
2
 70
0
 10
210.0
 20
59.0
 10
390.0
 20
59.0
  0
LWPOLYLINE
  5
166
330
1B
100
AcDbEntity
 67
1
  8
R-TABLICZKA
370
18
100
AcDbPolyline
 90
2
 70
0
 10
210.0
 20
52.0
 10
390.0
 20
52.0
  0
LWPOLYLINE
  5
167
330
1B
100
AcDbEntity
 67
1
  8
R-TABLICZKA
370
18
100
AcDbPolyline
 90
2
 70
0
 10
210.0
 20
45.0
 10
390.0
 20
45.0
  0
LWPOLYLINE
  5
168
330
1B
100
AcDbEntity
 67
1
  8
R-TABLICZKA
370
18
100
AcDbPolyline
 90
2
 70
0
 10
210.0
 20
38.0
 10
390.0
 20
38.0
  0
LWPOLYLINE
  5
169
330
1B
100
AcDbEntity
 67
1
  8
R-TABLICZKA
370
18
100
AcDbPolyline
 90
2
 70
0
 10
210.0
 20
31.0
 10
390.0
 20
31.0
  0
LWPOLYLINE
  5
16A
330
1B
100
AcDbEntity
 67
1
  8
R-TABLICZKA
370
18
100
AcDbPolyline
 90
2
 70
0
 10
237.0
 20
31.0
 10
237.0
 20
63.5
  0
LWPOLYLINE
  5
16B
330
1B
100
AcDbEntity
 67
1
  8
R-TABLICZKA
370
18
100
AcDbPolyline
 90
2
 70
0
 10
280.0
 20
31.0
 10
280.0
 20
63.5
  0
LWPOLYLINE
  5
16C
330
1B
100
AcDbEntity
 67
1
  8
R-TABLICZKA
370
18
100
AcDbPolyline
 90
2
 70
0
 10
335.0
 20
31.0
 10
335.0
 20
63.5
  0
LWPOLYLINE
  5
16D
330
1B
100
AcDbEntity
 67
1
  8
R-TABLICZKA
370
18
100
AcDbPolyline
 90
2
 70
0
 10
355.0
 20
31.0
 10
355.0
 20
63.5
  0
LWPOLYLINE
  5
16E
330
1B
100
AcDbEntity
 67
1
  8
R-TABLICZKA
370
25
100
AcDbPolyline
 90
2
 70
0
 10
210.0
 20
31.0
 10
390.0
 20
31.0
  0
LWPOLYLINE
  5
16F
330
1B
100
AcDbEntity
 67
1
  8
R-TABLICZKA
370
25
100
AcDbPolyline
 90
2
 70
0
 10
210.0
 20
19.0
 10
390.0
 20
19.0
  0
LWPOLYLINE
  5
170
330
1B
100
AcDbEntity
 67
1
  8
R-TABLICZKA
370
25
100
AcDbPolyline
 90
2
 70
0
 10
234.0
 20
10.0
 10
234.0
 20
19.0
  0
LWPOLYLINE
  5
171
330
1B
100
AcDbEntity
 67
1
  8
R-TABLICZKA
370
25
100
AcDbPolyline
 90
2
 70
0
 10
250.0
 20
10.0
 10
250.0
 20
19.0
  0
LWPOLYLINE
  5
172
330
1B
100
AcDbEntity
 67
1
  8
R-TABLICZKA
370
25
100
AcDbPolyline
 90
2
 70
0
 10
274.0
 20
10.0
 10
274.0
 20
19.0
  0
LWPOLYLINE
  5
173
330
1B
100
AcDbEntity
 67
1
  8
R-TABLICZKA
370
25
100
AcDbPolyline
 90
2
 70
0
 10
302.0
 20
10.0
 10
302.0
 20
19.0
  0
LWPOLYLINE
  5
174
330
1B
100
AcDbEntity
 67
1
  8
R-TABLICZKA
370
25
100
AcDbPolyline
 90
2
 70
0
 10
354.0
 20
10.0
 10
354.0
 20
19.0
  0
LWPOLYLINE
  5
175
330
1B
100
AcDbEntity
 67
1
  8
R-TABLICZKA
370
25
100
AcDbPolyline
 90
2
 70
0
 10
372.0
 20
10.0
 10
372.0
 20
19.0
  0
LWPOLYLINE
  5
176
330
1B
100
AcDbEntity
 67
1
  8
R-TABLICZKA
370
50
100
AcDbPolyline
 90
4
 70
1
 10
210.0
 20
10.0
 10
390.0
 20
10.0
 10
390.0
 20
103.0
 10
210.0
 20
103.0
  0
LWPOLYLINE
  5
177
330
1B
100
AcDbEntity
 67
1
  8
R-TABLICZKA
370
18
100
AcDbPolyline
 90
2
 70
0
 10
210.0
 20
108.0
 10
390.0
 20
108.0
  0
LWPOLYLINE
  5
178
330
1B
100
AcDbEntity
 67
1
  8
R-TABLICZKA
370
18
100
AcDbPolyline
 90
2
 70
0
 10
210.0
 20
113.0
 10
390.0
 20
113.0
  0
LWPOLYLINE
  5
179
330
1B
100
AcDbEntity
 67
1
  8
R-TABLICZKA
370
18
100
AcDbPolyline
 90
2
 70
0
 10
228.0
 20
103.0
 10
228.0
 20
113.0
  0
LWPOLYLINE
  5
17A
330
1B
100
AcDbEntity
 67
1
  8
R-TABLICZKA
370
18
100
AcDbPolyline
 90
2
 70
0
 10
350.0
 20
103.0
 10
350.0
 20
113.0
  0
LWPOLYLINE
  5
17B
330
1B
100
AcDbEntity
 67
1
  8
R-TABLICZKA
370
25
100
AcDbPolyline
 90
4
 70
1
 10
210.0
 20
103.0
 10
390.0
 20
103.0
 10
390.0
 20
113.0
 10
210.0
 20
113.0
  0
TEXT
  5
17C
330
1B
100
AcDbEntity
 67
1
  8
R-OPISY
100
AcDbText
 10
28.0
 20
207.12499999999972
 30
0.0
 40
5.0
  1
PLAN SZCZEGÓŁOWY — WYMIARY I RZĘDNE
  7
PL_ARIAL_B
 11
28.0
 21
207.12499999999972
 31
0.0
100
AcDbText
  0
TEXT
  5
17D
330
1B
100
AcDbEntity
 67
1
  8
R-OPISY
100
AcDbText
 10
191.56893027481263
 20
207.12499999999972
 30
0.0
 40
3.5
  1
1:200
  7
PL_ARIAL
 11
191.56893027481263
 21
207.12499999999972
 31
0.0
100
AcDbText
  0
TEXT
  5
17E
330
1B
100
AcDbEntity
 67
1
  8
R-OPISY
100
AcDbText
 10
213.27251873722463
 20
134.6
 30
0.0
 40
1.8
  1
4
  7
PL_ARIAL
 11
213.27251873722463
 21
134.6
 31
0.0
100
AcDbText
  0
TEXT
  5
17F
330
1B
100
AcDbEntity
 67
1
  8
R-OPISY
100
AcDbText
 10
233.27251873722463
 20
134.6
 30
0.0
 40
1.8
  1
0
  7
PL_ARIAL
 11
233.27251873722463
 21
134.6
 31
0.0
100
AcDbText
  0
TEXT
  5
180
330
1B
100
AcDbEntity
 67
1
  8
R-OPISY
100
AcDbText
 10
253.27251873722463
 20
134.6
 30
0.0
 40
1.8
  1
4
  7
PL_ARIAL
 11
253.27251873722463
 21
134.6
 31
0.0
100
AcDbText
  0
TEXT
  5
181
330
1B
100
AcDbEntity
 67
1
  8
R-OPISY
100
AcDbText
 10
273.27251873722463
 20
134.6
 30
0.0
 40
1.8
  1
8
  7
PL_ARIAL
 11
273.27251873722463
 21
134.6
 31
0.0
100
AcDbText
  0
TEXT
  5
182
330
1B
100
AcDbEntity
 67
1
  8
R-OPISY
100
AcDbText
 10
292.54503747444926
 20
134.6
 30
0.0
 40
1.8
  1
12
  7
PL_ARIAL
 11
292.54503747444926
 21
134.6
 31
0.0
100
AcDbText
  0
TEXT
  5
183
330
1B
100
AcDbEntity
 67
1
  8
R-OPISY
100
AcDbText
 10
312.54503747444926
 20
134.6
 30
0.0
 40
1.8
  1
16
  7
PL_ARIAL
 11
312.54503747444926
 21
134.6
 31
0.0
100
AcDbText
  0
TEXT
  5
184
330
1B
100
AcDbEntity
 67
1
  8
R-OPISY
100
AcDbText
 10
332.54503747444926
 20
134.6
 30
0.0
 40
1.8
  1
20
  7
PL_ARIAL
 11
332.54503747444926
 21
134.6
 31
0.0
100
AcDbText
  0
TEXT
  5
185
330
1B
100
AcDbEntity
 67
1
  8
R-OPISY
100
AcDbText
 10
336.0
 20
132.0
 30
0.0
 40
1.8
  1
m
  7
PL_ARIAL
 11
336.0
 21
132.0
 31
0.0
100
AcDbText
  0
TEXT
  5
186
330
1B
100
AcDbEntity
 67
1
  8
R-OPISY
100
AcDbText
 10
214.0
 20
129.0
 30
0.0
 40
1.8
  1
PODZIAŁKA 1:200
  7
PL_ARIAL_B
 11
214.0
 21
129.0
 31
0.0
100
AcDbText
  0
TEXT
  5
187
330
1B
100
AcDbEntity
 67
1
  8
R-LEGENDA
100
AcDbText
 10
24.0
 20
190.12499999999972
 30
0.0
 40
3.5
  1
LEGENDA
  7
PL_ARIAL_B
 11
24.0
 21
190.12499999999972
 31
0.0
100
AcDbText
  0
TEXT
  5
188
330
1B
100
AcDbEntity
 67
1
  8
R-LEGENDA
100
AcDbText
 10
42.0
 20
182.2249999999997
 30
0.0
 40
1.8
  1
granica działki budowlanej, punkt graniczny, narożnik
  7
PL_ARIAL
 11
42.0
 21
182.2249999999997
 31
0.0
100
AcDbText
  0
TEXT
  5
189
330
1B
100
AcDbEntity
 67
1
  8
R-LEGENDA
100
AcDbText
 10
42.0
 20
179.62499999999972
 30
0.0
 40
1.8
  1
(PN-B-01027 poz. 2.7)
  7
PL_ARIAL
 11
42.0
 21
179.62499999999972
 31
0.0
100
AcDbText
  0
TEXT
  5
18A
330
1B
100
AcDbEntity
 67
1
  8
R-LEGENDA
100
AcDbText
 10
42.0
 20
175.3249999999997
 30
0.0
 40
1.8
  1
linia rozgraniczająca drogi publicznej (PN-B-01027 poz. 2.5)
  7
PL_ARIAL
 11
42.0
 21
175.3249999999997
 31
0.0
100
AcDbText
  0
TEXT
  5
18B
330
1B
100
AcDbEntity
 67
1
  8
R-LEGENDA
100
AcDbText
 10
42.0
 20
170.7249999999997
 30
0.0
 40
1.8
  1
jezdnia drogi publicznej (wg mapy)
  7
PL_ARIAL
 11
42.0
 21
170.7249999999997
 31
0.0
100
AcDbText
  0
TEXT
  5
18C
330
1B
100
AcDbEntity
 67
1
  8
R-LEGENDA
100
AcDbText
 10
42.0
 20
166.42499999999973
 30
0.0
 40
1.8
  1
nieprzekraczalna linia zabudowy wg MPZP (PN-B-01027
  7
PL_ARIAL
 11
42.0
 21
166.42499999999973
 31
0.0
100
AcDbText
  0
TEXT
  5
18D
330
1B
100
AcDbEntity
 67
1
  8
R-LEGENDA
100
AcDbText
 10
42.0
 20
163.82499999999973
 30
0.0
 40
1.8
  1
poz. 2.2)
  7
PL_ARIAL
 11
42.0
 21
163.82499999999973
 31
0.0
100
AcDbText
  0
TEXT
  5
18E
330
1B
100
AcDbEntity
 67
1
  8
R-LEGENDA
100
AcDbText
 10
42.0
 20
159.82499999999973
 30
0.0
 40
1.8
  1
budynek projektowany — obrys ścian parteru 1,0 m nad
  7
PL_ARIAL
 11
42.0
 21
159.82499999999973
 31
0.0
100
AcDbText
  0
TEXT
  5
18F
330
1B
100
AcDbEntity
 67
1
  8
R-LEGENDA
100
AcDbText
 10
42.0
 20
157.22499999999974
 30
0.0
 40
1.8
  1
terenem (poz. 1.1)
  7
PL_ARIAL
 11
42.0
 21
157.22499999999974
 31
0.0
100
AcDbText
  0
TEXT
  5
190
330
1B
100
AcDbEntity
 67
1
  8
R-LEGENDA
100
AcDbText
 10
42.0
 20
153.22499999999974
 30
0.0
 40
1.8
  1
obrys wyższych kondygnacji poza obrysem parteru (poz. 1.6
  7
PL_ARIAL
 11
42.0
 21
153.22499999999974
 31
0.0
100
AcDbText
  0
TEXT
  5
191
330
1B
100
AcDbEntity
 67
1
  8
R-LEGENDA
100
AcDbText
 10
42.0
 20
150.62499999999974
 30
0.0
 40
1.8
  1
d)
  7
PL_ARIAL
 11
42.0
 21
150.62499999999974
 31
0.0
100
AcDbText
  0
TEXT
  5
192
330
1B
100
AcDbEntity
 67
1
  8
R-LEGENDA
100
AcDbText
 10
42.0
 20
146.62499999999974
 30
0.0
 40
1.8
  1
obrys płyt wspornikowych, okapów i daszku —
  7
PL_ARIAL
 11
42.0
 21
146.62499999999974
 31
0.0
100
AcDbText
  0
TEXT
  5
193
330
1B
100
AcDbEntity
 67
1
  8
R-LEGENDA
100
AcDbText
 10
42.0
 20
144.02499999999975
 30
0.0
 40
1.8
  1
przewieszenia (poz. 1.6 c)
  7
PL_ARIAL
 11
42.0
 21
144.02499999999975
 31
0.0
100
AcDbText
  0
TEXT
  5
194
330
1B
100
AcDbEntity
 67
1
  8
R-LEGENDA
100
AcDbText
 10
23.97113331819214
 20
139.82499999999973
 30
0.0
 40
1.8
  1
±0,00=101,65
  7
PL_ARIAL
 11
23.97113331819214
 21
139.82499999999973
 31
0.0
100
AcDbText
  0
TEXT
  5
195
330
1B
100
AcDbEntity
 67
1
  8
R-LEGENDA
100
AcDbText
 10
42.0
 20
140.02499999999975
 30
0.0
 40
1.8
  1
rzędna ±0,00 (posadzka parteru) w m n.p.m.; w kółku liczba
  7
PL_ARIAL
 11
42.0
 21
140.02499999999975
 31
0.0
100
AcDbText
  0
TEXT
  5
196
330
1B
100
AcDbEntity
 67
1
  8
R-LEGENDA
100
AcDbText
 10
42.0
 20
137.42499999999976
 30
0.0
 40
1.8
  1
kondygnacji nadziemnych
  7
PL_ARIAL
 11
42.0
 21
137.42499999999976
 31
0.0
100
AcDbText
  0
TEXT
  5
197
330
1B
100
AcDbEntity
 67
1
  8
R-LEGENDA
100
AcDbText
 10
42.0
 20
133.12499999999974
 30
0.0
 40
1.8
  1
wejście główne do budynku (poz. 1.7)
  7
PL_ARIAL
 11
42.0
 21
133.12499999999974
 31
0.0
100
AcDbText
  0
TEXT
  5
198
330
1B
100
AcDbEntity
 67
1
  8
R-LEGENDA
100
AcDbText
 10
42.0
 20
128.52499999999975
 30
0.0
 40
1.8
  1
wjazd do garażu
  7
PL_ARIAL
 11
42.0
 21
128.52499999999975
 31
0.0
100
AcDbText
  0
TEXT
  5
199
330
1B
100
AcDbEntity
 67
1
  8
R-LEGENDA
100
AcDbText
 10
42.0
 20
124.22499999999977
 30
0.0
 40
1.8
  1
zjazd z drogi publicznej — wg zezwolenia zarządcy drogi
  7
PL_ARIAL
 11
42.0
 21
124.22499999999977
 31
0.0
100
AcDbText
  0
TEXT
  5
19A
330
1B
100
AcDbEntity
 67
1
  8
R-LEGENDA
100
AcDbText
 10
42.0
 20
121.62499999999977
 30
0.0
 40
1.8
  1
[DO UZUPEŁNIENIA]
  7
PL_ARIAL
 11
42.0
 21
121.62499999999977
 31
0.0
100
AcDbText
  0
TEXT
  5
19B
330
1B
100
AcDbEntity
 67
1
  8
R-LEGENDA
100
AcDbText
 10
42.0
 20
117.32499999999978
 30
0.0
 40
1.8
  1
nawierzchnia z kostki betonowej (poz. 7.10)
  7
PL_ARIAL
 11
42.0
 21
117.32499999999978
 31
0.0
100
AcDbText
  0
TEXT
  5
19C
330
1B
100
AcDbEntity
 67
1
  8
R-LEGENDA
100
AcDbText
 10
42.0
 20
112.72499999999978
 30
0.0
 40
1.8
  1
nawierzchnia z płyt betonowych (poz. 7.11)
  7
PL_ARIAL
 11
42.0
 21
112.72499999999978
 31
0.0
100
AcDbText
  0
TEXT
  5
19D
330
1B
100
AcDbEntity
 67
1
  8
R-LEGENDA
100
AcDbText
 10
42.0
 20
108.12499999999979
 30
0.0
 40
1.8
  1
płyty w trawie (ażur) — poza PBC
  7
PL_ARIAL
 11
42.0
 21
108.12499999999979
 31
0.0
100
AcDbText
  0
TEXT
  5
19E
330
1B
100
AcDbEntity
 67
1
  8
R-LEGENDA
100
AcDbText
 10
42.0
 20
103.52499999999979
 30
0.0
 40
1.8
  1
taras naziemny — deska kompozytowa na legarach
  7
PL_ARIAL
 11
42.0
 21
103.52499999999979
 31
0.0
100
AcDbText
  0
TEXT
  5
19F
330
1B
100
AcDbEntity
 67
1
  8
R-LEGENDA
100
AcDbText
 10
42.0
 20
98.9249999999998
 30
0.0
 40
1.8
  1
opaska żwirowa 16/32 na geowłókninie
  7
PL_ARIAL
 11
42.0
 21
98.9249999999998
 31
0.0
100
AcDbText
  0
TEXT
  5
1A0
330
1B
100
AcDbEntity
 67
1
  8
R-LEGENDA
100
AcDbText
 10
31.127390415625708
 20
94.3249999999998
 30
0.0
 40
1.8
  1
P
  7
PL_ARIAL_B
 11
31.127390415625708
 21
94.3249999999998
 31
0.0
100
AcDbText
  0
TEXT
  5
1A1
330
1B
100
AcDbEntity
 67
1
  8
R-LEGENDA
100
AcDbText
 10
42.0
 20
94.3249999999998
 30
0.0
 40
1.8
  1
stanowisko postojowe 2,50 × 5,00 m (WT § 21)
  7
PL_ARIAL
 11
42.0
 21
94.3249999999998
 31
0.0
100
AcDbText
  0
TEXT
  5
1A2
330
1B
100
AcDbEntity
 67
1
  8
R-LEGENDA
100
AcDbText
 10
42.0
 20
89.72499999999981
 30
0.0
 40
1.8
  1
osłona pojemników na odpady — segregacja (WT § 22)
  7
PL_ARIAL
 11
42.0
 21
89.72499999999981
 31
0.0
100
AcDbText
  0
TEXT
  5
1A3
330
1B
100
AcDbEntity
 67
1
  8
R-LEGENDA
100
AcDbText
 10
42.0
 20
85.12499999999982
 30
0.0
 40
1.8
  1
rabata z krzewami
  7
PL_ARIAL
 11
42.0
 21
85.12499999999982
 31
0.0
100
AcDbText
  0
TEXT
  5
1A4
330
1B
100
AcDbEntity
 67
1
  8
R-LEGENDA
100
AcDbText
 10
42.0
 20
80.52499999999982
 30
0.0
 40
1.8
  1
żywopłot projektowany (poz. 7.6)
  7
PL_ARIAL
 11
42.0
 21
80.52499999999982
 31
0.0
100
AcDbText
  0
TEXT
  5
1A5
330
1B
100
AcDbEntity
 67
1
  8
R-LEGENDA
100
AcDbText
 10
131.0
 20
181.9249999999997
 30
0.0
 40
1.8
  1
drzewo liściaste projektowane (poz. 7.1)
  7
PL_ARIAL
 11
131.0
 21
181.9249999999997
 31
0.0
100
AcDbText
  0
TEXT
  5
1A6
330
1B
100
AcDbEntity
 67
1
  8
R-LEGENDA
100
AcDbText
 10
131.0
 20
177.3249999999997
 30
0.0
 40
1.8
  1
drzewo istniejące — zachowane (poz. 7.2)
  7
PL_ARIAL
 11
131.0
 21
177.3249999999997
 31
0.0
100
AcDbText
  0
TEXT
  5
1A7
330
1B
100
AcDbEntity
 67
1
  8
R-LEGENDA
100
AcDbText
 10
131.0
 20
173.02499999999972
 30
0.0
 40
1.8
  1
ogrodzenie projektowane (poz. 2.8; na granicy — odsunięte
  7
PL_ARIAL
 11
131.0
 21
173.02499999999972
 31
0.0
100
AcDbText
  0
TEXT
  5
1A8
330
1B
100
AcDbEntity
 67
1
  8
R-LEGENDA
100
AcDbText
 10
131.0
 20
170.42499999999973
 30
0.0
 40
1.8
  1
graficznie)
  7
PL_ARIAL
 11
131.0
 21
170.42499999999973
 31
0.0
100
AcDbText
  0
TEXT
  5
1A9
330
1B
100
AcDbEntity
 67
1
  8
R-LEGENDA
100
AcDbText
 10
131.0
 20
166.12499999999972
 30
0.0
 40
1.8
  1
brama przesuwna (poz. 2.9)
  7
PL_ARIAL
 11
131.0
 21
166.12499999999972
 31
0.0
100
AcDbText
  0
TEXT
  5
1AA
330
1B
100
AcDbEntity
 67
1
  8
R-LEGENDA
100
AcDbText
 10
131.0
 20
161.52499999999972
 30
0.0
 40
1.8
  1
furtka otwierana do wewnątrz działki (WT § 42)
  7
PL_ARIAL
 11
131.0
 21
161.52499999999972
 31
0.0
100
AcDbText
  0
TEXT
  5
1AB
330
1B
100
AcDbEntity
 67
1
  8
R-LEGENDA
100
AcDbText
 10
131.0
 20
157.22499999999974
 30
0.0
 40
1.8
  1
ażurowa osłona z lamel jednostki PC (bez dachu, prześwit
  7
PL_ARIAL
 11
131.0
 21
157.22499999999974
 31
0.0
100
AcDbText
  0
TEXT
  5
1AC
330
1B
100
AcDbEntity
 67
1
  8
R-LEGENDA
100
AcDbText
 10
131.0
 20
154.62499999999974
 30
0.0
 40
1.8
  1
przy terenie)
  7
PL_ARIAL
 11
131.0
 21
154.62499999999974
 31
0.0
100
AcDbText
  0
TEXT
  5
1AD
330
1B
100
AcDbEntity
 67
1
  8
R-LEGENDA
100
AcDbText
 10
131.0
 20
150.62499999999974
 30
0.0
 40
1.8
  1
zielona ściana — pnącza na kratownicy stalowej odsuniętej
  7
PL_ARIAL
 11
131.0
 21
150.62499999999974
 31
0.0
100
AcDbText
  0
TEXT
  5
1AE
330
1B
100
AcDbEntity
 67
1
  8
R-LEGENDA
100
AcDbText
 10
131.0
 20
148.02499999999975
 30
0.0
 40
1.8
  1
od elewacji
  7
PL_ARIAL
 11
131.0
 21
148.02499999999975
 31
0.0
100
AcDbText
  0
TEXT
  5
1AF
330
1B
100
AcDbEntity
 67
1
  8
R-LEGENDA
100
AcDbText
 10
131.0
 20
143.72499999999974
 30
0.0
 40
1.8
  1
zbiornik retencyjny szczelny (ZB)
  7
PL_ARIAL
 11
131.0
 21
143.72499999999974
 31
0.0
100
AcDbText
  0
TEXT
  5
1B0
330
1B
100
AcDbEntity
 67
1
  8
R-LEGENDA
100
AcDbText
 10
131.0
 20
139.12499999999974
 30
0.0
 40
1.8
  1
niecka chłonna — ogród deszczowy (przelew zbiornika)
  7
PL_ARIAL
 11
131.0
 21
139.12499999999974
 31
0.0
100
AcDbText
  0
TEXT
  5
1B1
330
1B
100
AcDbEntity
 67
1
  8
R-LEGENDA
100
AcDbText
 10
131.0
 20
134.52499999999975
 30
0.0
 40
1.8
  1
odwodnienie liniowe
  7
PL_ARIAL
 11
131.0
 21
134.52499999999975
 31
0.0
100
AcDbText
  0
TEXT
  5
1B2
330
1B
100
AcDbEntity
 67
1
  8
R-LEGENDA
100
AcDbText
 10
131.0
 20
129.92499999999976
 30
0.0
 40
1.8
  1
niecka trawiasta — grot w kierunku spływu
  7
PL_ARIAL
 11
131.0
 21
129.92499999999976
 31
0.0
100
AcDbText
  0
TEXT
  5
1B3
330
1B
100
AcDbEntity
 67
1
  8
R-LEGENDA
100
AcDbText
 10
131.0
 20
125.32499999999978
 30
0.0
 40
1.8
  1
rura spustowa: zewnętrzna / w szachcie (RS)
  7
PL_ARIAL
 11
131.0
 21
125.32499999999978
 31
0.0
100
AcDbText
  0
TEXT
  5
1B4
330
1B
100
AcDbEntity
 67
1
  8
R-LEGENDA
100
AcDbText
 10
131.0
 20
120.72499999999978
 30
0.0
 40
1.8
  1
warstwica terenu istniejącego (PN-B-01027 poz. 5.2)
  7
PL_ARIAL
 11
131.0
 21
120.72499999999978
 31
0.0
100
AcDbText
  0
TEXT
  5
1B5
330
1B
100
AcDbEntity
 67
1
  8
R-LEGENDA
100
AcDbText
 10
131.0
 20
116.12499999999979
 30
0.0
 40
1.8
  1
rzędna terenu istniejącego [m n.p.m.]
  7
PL_ARIAL
 11
131.0
 21
116.12499999999979
 31
0.0
100
AcDbText
  0
TEXT
  5
1B6
330
1B
100
AcDbEntity
 67
1
  8
R-LEGENDA
100
AcDbText
 10
131.0
 20
111.52499999999979
 30
0.0
 40
1.8
  1
rzędna terenu projektowanego [m n.p.m.]
  7
PL_ARIAL
 11
131.0
 21
111.52499999999979
 31
0.0
100
AcDbText
  0
TEXT
  5
1B7
330
1B
100
AcDbEntity
 67
1
  8
R-LEGENDA
100
AcDbText
 10
131.0
 20
106.9249999999998
 30
0.0
 40
1.8
  1
spadek nawierzchni [%] — grot w kierunku spadku
  7
PL_ARIAL
 11
131.0
 21
106.9249999999998
 31
0.0
100
AcDbText
  0
TEXT
  5
1B8
330
1B
100
AcDbEntity
 67
1
  8
R-LEGENDA
100
AcDbText
 10
131.0
 20
102.3249999999998
 30
0.0
 40
1.8
  1
kierunek spływu wód opadowych, spadek terenu [%]
  7
PL_ARIAL
 11
131.0
 21
102.3249999999998
 31
0.0
100
AcDbText
  0
HATCH
  5
1B9
330
1B
100
AcDbEntity
 67
1
  8
R-LEGENDA
 62
7
420
16777215
100
AcDbHatch
 10
0.0
 20
0.0
 30
0.0
210
0.0
220
0.0
230
1.0
  2
SOLID
 70
1
 71
0
 91
1
 92
3
 72
0
 73
1
 93
4
 10
118.15412218941631
 20
97.72899999999981
 10
123.84587781058369
 20
97.72899999999981
 10
123.84587781058369
 20
100.5249999999998
 10
118.15412218941631
 20
100.5249999999998
 97
0
 75
0
 76
1
 98
0
  0
TEXT
  5
1BA
330
1B
100
AcDbEntity
 67
1
  8
R-LEGENDA
100
AcDbText
 10
118.45412218941631
 20
98.42499999999981
 30
0.0
 40
1.8
  1
4,30
  7
PL_ARIAL
 11
118.45412218941631
 21
98.42499999999981
 31
0.0
100
AcDbText
  0
TEXT
  5
1BB
330
1B
100
AcDbEntity
 67
1
  8
R-LEGENDA
100
AcDbText
 10
131.0
 20
97.72499999999981
 30
0.0
 40
1.8
  1
wymiar / odległość w m z dokładnością 0,01 m
  7
PL_ARIAL
 11
131.0
 21
97.72499999999981
 31
0.0
100
AcDbText
  0
TEXT
  5
1BC
330
1B
100
AcDbEntity
 67
1
  8
R-LEGENDA
100
AcDbText
 10
131.0
 20
93.42499999999981
 30
0.0
 40
1.8
  1
punkt tyczenia (narożnik obrysu parteru) — wykaz
  7
PL_ARIAL
 11
131.0
 21
93.42499999999981
 31
0.0
100
AcDbText
  0
TEXT
  5
1BD
330
1B
100
AcDbEntity
 67
1
  8
R-LEGENDA
100
AcDbText
 10
131.0
 20
90.82499999999982
 30
0.0
 40
1.8
  1
współrzędnych
  7
PL_ARIAL
 11
131.0
 21
90.82499999999982
 31
0.0
100
AcDbText
  0
TEXT
  5
1BE
330
1B
100
AcDbEntity
 67
1
  8
R-OPISY
100
AcDbText
 10
26.0
 20
68.62499999999244
 30
0.0
 40
3.5
  1
OBJAŚNIENIA I UWAGI
  7
PL_ARIAL_B
 11
26.0
 21
68.62499999999244
 31
0.0
100
AcDbText
  0
TEXT
  5
1BF
330
1B
100
AcDbEntity
 67
1
  8
R-OPISY
100
AcDbText
 10
26.0
 20
62.32499999999244
 30
0.0
 40
1.8
  1
1. 
  7
PL_ARIAL
 11
26.0
 21
62.32499999999244
 31
0.0
100
AcDbText
  0
TEXT
  5
1C0
330
1B
100
AcDbEntity
 67
1
  8
R-OPISY
100
AcDbText
 10
28.908698614580967
 20
62.32499999999244
 30
0.0
 40
1.8
  1
Wymiary i odległości w m (dokładność 0,01 m), rzędne w m n.p.m. (PL-EVRF2007-NH).
  7
PL_ARIAL
 11
28.908698614580967
 21
62.32499999999244
 31
0.0
100
AcDbText
  0
TEXT
  5
1C1
330
1B
100
AcDbEntity
 67
1
  8
R-OPISY
100
AcDbText
 10
26.0
 20
58.90499999999244
 30
0.0
 40
1.8
  1
2. 
  7
PL_ARIAL
 11
26.0
 21
58.90499999999244
 31
0.0
100
AcDbText
  0
TEXT
  5
1C2
330
1B
100
AcDbEntity
 67
1
  8
R-OPISY
100
AcDbText
 10
28.908698614580967
 20
58.90499999999244
 30
0.0
 40
1.8
  1
Wymiary obrysu — lico zewnętrzne ścian parteru (1,0 m nad terenem); odległości od granic w miejscu najmniejszego oddalenia (WT § 9), z
  7
PL_ARIAL
 11
28.908698614580967
 21
58.90499999999244
 31
0.0
100
AcDbText
  0
TEXT
  5
1C3
330
1B
100
AcDbEntity
 67
1
  8
R-OPISY
100
AcDbText
 10
28.908698614580967
 20
56.02499999999244
 30
0.0
 40
1.8
  1
dokładnością 0,01 m (RPB § 15 ust. 3 w brzmieniu Dz.U. 2026 poz. 597, od 5.11.2026 — stosowane).
  7
PL_ARIAL
 11
28.908698614580967
 21
56.02499999999244
 31
0.0
100
AcDbText
  0
TEXT
  5
1C4
330
1B
100
AcDbEntity
 67
1
  8
R-OPISY
100
AcDbText
 10
26.0
 20
52.60499999999244
 30
0.0
 40
1.8
  1
3. 
  7
PL_ARIAL
 11
26.0
 21
52.60499999999244
 31
0.0
100
AcDbText
  0
TEXT
  5
1C5
330
1B
100
AcDbEntity
 67
1
  8
R-OPISY
100
AcDbText
 10
28.908698614580967
 20
52.60499999999244
 30
0.0
 40
1.8
  1
Rzędne terenu istniejącego — z mapy (przykładowej); projektowanego — z modelu (dzialka.yaml: teren.punkty_projektowane); spadki nawierzchni
  7
PL_ARIAL
 11
28.908698614580967
 21
52.60499999999244
 31
0.0
100
AcDbText
  0
TEXT
  5
1C6
330
1B
100
AcDbEntity
 67
1
  8
R-OPISY
100
AcDbText
 10
28.908698614580967
 20
49.724999999992434
 30
0.0
 40
1.8
  1
wg modelu, kierunek wg terenu projektowanego; kierunki spływu na trawnikach — wg spadku terenu projektowanego (interpolacja).
  7
PL_ARIAL
 11
28.908698614580967
 21
49.724999999992434
 31
0.0
100
AcDbText
  0
TEXT
  5
1C7
330
1B
100
AcDbEntity
 67
1
  8
R-OPISY
100
AcDbText
 10
26.0
 20
46.30499999999243
 30
0.0
 40
1.8
  1
4. 
  7
PL_ARIAL
 11
26.0
 21
46.30499999999243
 31
0.0
100
AcDbText
  0
TEXT
  5
1C8
330
1B
100
AcDbEntity
 67
1
  8
R-OPISY
100
AcDbText
 10
28.908698614580967
 20
46.30499999999243
 30
0.0
 40
1.8
  1
Wody opadowe z nawierzchni i dachów — na teren własny, do niecek i zbiornika (WT § 28 ust. 2); zakaz zmiany spływu w kierunku działek
  7
PL_ARIAL
 11
28.908698614580967
 21
46.30499999999243
 31
0.0
100
AcDbText
  0
TEXT
  5
1C9
330
1B
100
AcDbEntity
 67
1
  8
R-OPISY
100
AcDbText
 10
28.908698614580967
 20
43.42499999999243
 30
0.0
 40
1.8
  1
sąsiednich (WT § 29) i odprowadzania na drogę (u.d.p. art. 39).
  7
PL_ARIAL
 11
28.908698614580967
 21
43.42499999999243
 31
0.0
100
AcDbText
  0
TEXT
  5
1CA
330
1B
100
AcDbEntity
 67
1
  8
R-OPISY
100
AcDbText
 10
26.0
 20
40.00499999999243
 30
0.0
 40
1.8
  1
5. 
  7
PL_ARIAL
 11
26.0
 21
40.00499999999243
 31
0.0
100
AcDbText
  0
TEXT
  5
1CB
330
1B
100
AcDbEntity
 67
1
  8
R-OPISY
100
AcDbText
 10
28.908698614580967
 20
40.00499999999243
 30
0.0
 40
1.8
  1
Punkty tyczenia — narożniki obrysu zewnętrznego ścian parteru; współrzędne w wykazie obok rysunku.
  7
PL_ARIAL
 11
28.908698614580967
 21
40.00499999999243
 31
0.0
100
AcDbText
  0
TEXT
  5
1CC
330
1B
100
AcDbEntity
 67
1
  8
R-OPISY
100
AcDbText
 10
26.0
 20
36.58499999999243
 30
0.0
 40
1.8
  1
6. 
  7
PL_ARIAL
 11
26.0
 21
36.58499999999243
 31
0.0
100
AcDbText
  0
TEXT
  5
1CD
330
1B
100
AcDbEntity
 67
1
  8
R-OPISY
100
AcDbText
 10
28.908698614580967
 20
36.58499999999243
 30
0.0
 40
1.8
  1
Zjazd — geometria zastępcza [DO UZUPEŁNIENIA] (wg zezwolenia zarządcy drogi).
  7
PL_ARIAL
 11
28.908698614580967
 21
36.58499999999243
 31
0.0
100
AcDbText
  0
TEXT
  5
1CE
330
1B
100
AcDbEntity
 67
1
  8
R-OPISY
100
AcDbText
 10
26.0
 20
33.164999999992425
 30
0.0
 40
1.8
  1
7. 
  7
PL_ARIAL
 11
26.0
 21
33.164999999992425
 31
0.0
100
AcDbText
  0
TEXT
  5
1CF
330
1B
100
AcDbEntity
 67
1
  8
R-OPISY
100
AcDbText
 10
28.908698614580967
 20
33.164999999992425
 30
0.0
 40
1.8
  1
Braki danych modelu oznaczono [DO UZUPEŁNIENIA]; wykaz: projekt/02_PZT/BRAKI_DANYCH.md.
  7
PL_ARIAL
 11
28.908698614580967
 21
33.164999999992425
 31
0.0
100
AcDbText
  0
TEXT
  5
1D0
330
1B
100
AcDbEntity
 67
1
  8
R-OPISY
100
AcDbText
 10
26.0
 20
29.744999999992427
 30
0.0
 40
1.8
  1
8. 
  7
PL_ARIAL
 11
26.0
 21
29.744999999992427
 31
0.0
100
AcDbText
  0
TEXT
  5
1D1
330
1B
100
AcDbEntity
 67
1
  8
R-OPISY
100
AcDbText
 10
28.908698614580967
 20
29.744999999992427
 30
0.0
 40
1.8
  1
Rysunek wygenerowany automatycznie z modelu model/budynek.yaml (wersja 1.0, 2026-09-25) — generatory lamela.views.
  7
PL_ARIAL
 11
28.908698614580967
 21
29.744999999992427
 31
0.0
100
AcDbText
  0
TEXT
  5
1D2
330
1B
100
AcDbEntity
 67
1
  8
R-OPISY
100
AcDbText
 10
12.8
 20
119.5
 30
0.0
 40
1.8
  1
odcinek kontrolny 100 mm (wydruk 1:1)
 50
90.0
  7
PL_ARIAL
 11
12.8
 21
119.5
 31
0.0
100
AcDbText
  0
TEXT
  5
1D3
330
1B
100
AcDbEntity
 67
1
  8
Z-ODWODNIENIE
100
AcDbText
 10
119.32836702248467
 20
143.72499999999974
 30
0.0
 40
1.8
  1
ZB
  7
PL_ARIAL
 11
119.32836702248467
 21
143.72499999999974
 31
0.0
100
AcDbText
  0
TEXT
  5
1D4
330
1B
100
AcDbEntity
 67
1
  8
Z-ODWODNIENIE
100
AcDbText
 10
118.01832841244605
 20
108.0249999999998
 30
0.0
 40
1.8
  1
2,0%
  7
PL_ARIAL
 11
118.01832841244605
 21
108.0249999999998
 31
0.0
100
AcDbText
  0
TEXT
  5
1D5
330
1B
100
AcDbEntity
 67
1
  8
Z-ODWODNIENIE
100
AcDbText
 10
120.70933454462866
 20
103.42499999999981
 30
0.0
 40
1.8
  1
i
  7
PL_ARIAL
 11
120.70933454462866
 21
103.42499999999981
 31
0.0
100
AcDbText
  0
TEXT
  5
1D6
330
1B
100
AcDbEntity
 67
1
  8
Z-DZIALKA
100
AcDbText
 10
31.127390415625708
 20
180.9249999999997
 30
0.0
 40
1.8
  1
A
  7
PL_ARIAL
 11
31.127390415625708
 21
180.9249999999997
 31
0.0
100
AcDbText
  0
TEXT
  5
1D7
330
1B
100
AcDbEntity
 67
1
  8
Z-RZEDNE
420
7029795
100
AcDbText
 10
117.2
 20
117.32499999999979
 30
0.0
 40
1.8
  1
101,25
  7
PL_ARIAL_I
 11
117.2
 21
117.32499999999979
 31
0.0
100
AcDbText
  0
TEXT
  5
1D8
330
1B
100
AcDbEntity
 67
1
  8
Z-RZEDNE-PROJ
100
AcDbText
 10
117.4
 20
112.7249999999998
 30
0.0
 40
1.8
  1
101,35
  7
PL_ARIAL
 11
117.4
 21
112.7249999999998
 31
0.0
100
AcDbText
  0
TEXT
  5
1D9
330
1B
100
AcDbEntity
 67
1
  8
A-SYMBOLE
100
AcDbText
 10
375.3756529638883
 20
143.78985918691802
 30
0.0
 40
5.0
  1
N
  7
PL_ARIAL_B
 11
375.3756529638883
 21
143.78985918691802
 31
0.0
100
AcDbText
  0
TEXT
  5
1DA
330
1B
100
AcDbEntity
 67
1
  8
Z-TYCZENIE
100
AcDbText
 10
123.2
 20
93.42499999999983
 30
0.0
 40
1.8
  1
T1
  7
PL_ARIAL
 11
123.2
 21
93.42499999999983
 31
0.0
100
AcDbText
  0
TEXT
  5
1DB
330
1B
100
AcDbEntity
 67
1
  8
R-RAMKA
100
AcDbText
 10
210.8
 20
0.8
 30
0.0
 40
1.8
  1
1
  7
PL_ARIAL
 11
210.8
 21
0.8
 31
0.0
100
AcDbText
  0
TEXT
  5
1DC
330
1B
100
AcDbEntity
 67
1
  8
R-RAMKA
100
AcDbText
 10
115.8
 20
0.8
 30
0.0
 40
1.8
  1
2
  7
PL_ARIAL
 11
115.8
 21
0.8
 31
0.0
100
AcDbText
  0
TEXT
  5
1DD
330
1B
100
AcDbEntity
 67
1
  8
R-RAMKA
100
AcDbText
 10
0.8
 20
297.8
 30
0.0
 40
1.8
  1
3
  7
PL_ARIAL
 11
0.8
 21
297.8
 31
0.0
100
AcDbText
  0
TEXT
  5
1DE
330
1B
100
AcDbEntity
 67
1
  8
R-RAMKA
100
AcDbText
 10
374.79831932773106
 20
4.1
 30
0.0
 40
1.8
  1
nst. 400×594
  7
PL_ARIAL
 11
374.79831932773106
 21
4.1
 31
0.0
100
AcDbText
  0
TEXT
  5
1DF
330
1B
100
AcDbEntity
 67
1
  8
R-TABLICZKA
100
AcDbText
 10
211.2
 20
100.0
 30
0.0
 40
1.8
  1
PRACOWNIA PROJEKTOWA
  7
PL_ARIAL
 11
211.2
 21
100.0
 31
0.0
100
AcDbText
  0
TEXT
  5
1E0
330
1B
100
AcDbEntity
 67
1
  8
R-TABLICZKA
100
AcDbText
 10
211.2
 20
96.1
 30
0.0
 40
2.5
  1
PRACOWNIA PROJEKTOWA — nazwa do uzupełnienia
  7
PL_ARIAL_B
 11
211.2
 21
96.1
 31
0.0
100
AcDbText
  0
TEXT
  5
1E1
330
1B
100
AcDbEntity
 67
1
  8
R-TABLICZKA
100
AcDbText
 10
211.2
 20
92.4
 30
0.0
 40
1.8
  1
adres pracowni do uzupełnienia
  7
PL_ARIAL
 11
211.2
 21
92.4
 31
0.0
100
AcDbText
  0
TEXT
  5
1E2
330
1B
100
AcDbEntity
 67
1
  8
R-TABLICZKA
100
AcDbText
 10
321.2
 20
100.0
 30
0.0
 40
1.8
  1
STADIUM
  7
PL_ARIAL
 11
321.2
 21
100.0
 31
0.0
100
AcDbText
  0
TEXT
  5
1E3
330
1B
100
AcDbEntity
 67
1
  8
R-TABLICZKA
100
AcDbText
 10
327.4517374517375
 20
93.5
 30
0.0
 40
5.0
  1
PB
  7
PL_ARIAL_B
 11
327.4517374517375
 21
93.5
 31
0.0
100
AcDbText
  0
TEXT
  5
1E4
330
1B
100
AcDbEntity
 67
1
  8
R-TABLICZKA
100
AcDbText
 10
346.2
 20
100.0
 30
0.0
 40
1.8
  1
BRANŻA
  7
PL_ARIAL
 11
346.2
 21
100.0
 31
0.0
100
AcDbText
  0
TEXT
  5
1E5
330
1B
100
AcDbEntity
 67
1
  8
R-TABLICZKA
100
AcDbText
 10
346.2
 20
96.26249999999999
 30
0.0
 40
2.5
  1
ZAGOSPODAROWANIE
  7
PL_ARIAL_B
 11
346.2
 21
96.26249999999999
 31
0.0
100
AcDbText
  0
TEXT
  5
1E6
330
1B
100
AcDbEntity
 67
1
  8
R-TABLICZKA
100
AcDbText
 10
346.2
 20
92.63749999999999
 30
0.0
 40
2.5
  1
TERENU
  7
PL_ARIAL_B
 11
346.2
 21
92.63749999999999
 31
0.0
100
AcDbText
  0
TEXT
  5
1E7
330
1B
100
AcDbEntity
 67
1
  8
R-TABLICZKA
100
AcDbText
 10
211.2
 20
88.0
 30
0.0
 40
1.8
  1
INWESTOR
  7
PL_ARIAL
 11
211.2
 21
88.0
 31
0.0
100
AcDbText
  0
TEXT
  5
1E8
330
1B
100
AcDbEntity
 67
1
  8
R-TABLICZKA
100
AcDbText
 10
211.2
 20
84.44999999999999
 30
0.0
 40
2.5
  1
(do uzupełnienia)
  7
PL_ARIAL
 11
211.2
 21
84.44999999999999
 31
0.0
100
AcDbText
  0
TEXT
  5
1E9
330
1B
100
AcDbEntity
 67
1
  8
R-TABLICZKA
100
AcDbText
 10
211.2
 20
80.0
 30
0.0
 40
1.8
  1
OBIEKT / NAZWA ZAMIERZENIA BUDOWLANEGO
  7
PL_ARIAL
 11
211.2
 21
80.0
 31
0.0
100
AcDbText
  0
TEXT
  5
1EA
330
1B
100
AcDbEntity
 67
1
  8
R-TABLICZKA
100
AcDbText
 10
211.2
 20
75.19999999999999
 30
0.0
 40
2.5
  1
Budynek mieszkalny jednorodzinny wolnostojący „Dom LAMELA” z zagospodarowaniem działki
  7
PL_ARIAL_B
 11
211.2
 21
75.19999999999999
 31
0.0
100
AcDbText
  0
TEXT
  5
1EB
330
1B
100
AcDbEntity
 67
1
  8
R-TABLICZKA
100
AcDbText
 10
211.2
 20
69.5
 30
0.0
 40
1.8
  1
ADRES / LOKALIZACJA (NR DZIAŁKI, OBRĘB, JEDN. EWIDENCYJNA)
  7
PL_ARIAL
 11
211.2
 21
69.5
 31
0.0
100
AcDbText
  0
TEXT
  5
1EC
330
1B
100
AcDbEntity
 67
1
  8
R-TABLICZKA
100
AcDbText
 10
211.2
 20
65.716
 30
0.0
 40
1.8
  1
ul. Lipowa (fikcyjna), dz. nr ewid. 123/4, obręb 0005 Przykładowo, gm. Przykładowo (fikcyjna)
  7
PL_ARIAL
 11
211.2
 21
65.716
 31
0.0
100
AcDbText
  0
TEXT
  5
1ED
330
1B
100
AcDbEntity
 67
1
  8
R-TABLICZKA
100
AcDbText
 10
361.2
 20
69.5
 30
0.0
 40
1.8
  1
KAT. OBIEKTU
  7
PL_ARIAL
 11
361.2
 21
69.5
 31
0.0
100
AcDbText
  0
TEXT
  5
1EE
330
1B
100
AcDbEntity
 67
1
  8
R-TABLICZKA
100
AcDbText
 10
374.2933227344992
 20
65.07
 30
0.0
 40
3.5
  1
I
  7
PL_ARIAL_B
 11
374.2933227344992
 21
65.07
 31
0.0
100
AcDbText
  0
TEXT
  5
1EF
330
1B
100
AcDbEntity
 67
1
  8
R-TABLICZKA
100
AcDbText
 10
217.46736316148082
 20
60.35
 30
0.0
 40
1.8
  1
FUNKCJA
  7
PL_ARIAL
 11
217.46736316148082
 21
60.35
 31
0.0
100
AcDbText
  0
TEXT
  5
1F0
330
1B
100
AcDbEntity
 67
1
  8
R-TABLICZKA
100
AcDbText
 10
247.74312968430615
 20
60.35
 30
0.0
 40
1.8
  1
IMIĘ I NAZWISKO
  7
PL_ARIAL
 11
247.74312968430615
 21
60.35
 31
0.0
100
AcDbText
  0
TEXT
  5
1F1
330
1B
100
AcDbEntity
 67
1
  8
R-TABLICZKA
100
AcDbText
 10
286.9770156711333
 20
60.35
 30
0.0
 40
1.8
  1
SPECJALNOŚĆ, NR UPRAWNIEŃ
  7
PL_ARIAL
 11
286.9770156711333
 21
60.35
 31
0.0
100
AcDbText
  0
TEXT
  5
1F2
330
1B
100
AcDbEntity
 67
1
  8
R-TABLICZKA
100
AcDbText
 10
341.7051782875312
 20
60.35
 30
0.0
 40
1.8
  1
DATA
  7
PL_ARIAL
 11
341.7051782875312
 21
60.35
 31
0.0
100
AcDbText
  0
TEXT
  5
1F3
330
1B
100
AcDbEntity
 67
1
  8
R-TABLICZKA
100
AcDbText
 10
367.5564387917329
 20
60.35
 30
0.0
 40
1.8
  1
PODPIS
  7
PL_ARIAL
 11
367.5564387917329
 21
60.35
 31
0.0
100
AcDbText
  0
TEXT
  5
1F4
330
1B
100
AcDbEntity
 67
1
  8
R-TABLICZKA
100
AcDbText
 10
211.2
 20
54.6
 30
0.0
 40
1.8
  1
Projektant
  7
PL_ARIAL
 11
211.2
 21
54.6
 31
0.0
100
AcDbText
  0
TEXT
  5
1F5
330
1B
100
AcDbEntity
 67
1
  8
R-TABLICZKA
100
AcDbText
 10
238.2
 20
54.25
 30
0.0
 40
2.5
  1
[DO UZUPEŁNIENIA]
  7
PL_ARIAL
 11
238.2
 21
54.25
 31
0.0
100
AcDbText
  0
TEXT
  5
1F6
330
1B
100
AcDbEntity
 67
1
  8
R-TABLICZKA
100
AcDbText
 10
281.2
 20
54.6
 30
0.0
 40
1.8
  1
[DO UZUPEŁNIENIA]
  7
PL_ARIAL
 11
281.2
 21
54.6
 31
0.0
100
AcDbText
  0
TEXT
  5
1F7
330
1B
100
AcDbEntity
 67
1
  8
R-TABLICZKA
100
AcDbText
 10
211.2
 20
47.6
 30
0.0
 40
1.8
  1
Projektant (wsp.)
  7
PL_ARIAL
 11
211.2
 21
47.6
 31
0.0
100
AcDbText
  0
TEXT
  5
1F8
330
1B
100
AcDbEntity
 67
1
  8
R-TABLICZKA
100
AcDbText
 10
238.2
 20
47.25
 30
0.0
 40
2.5
  1
[DO UZUPEŁNIENIA]
  7
PL_ARIAL
 11
238.2
 21
47.25
 31
0.0
100
AcDbText
  0
TEXT
  5
1F9
330
1B
100
AcDbEntity
 67
1
  8
R-TABLICZKA
100
AcDbText
 10
281.2
 20
47.6
 30
0.0
 40
1.8
  1
[DO UZUPEŁNIENIA]
  7
PL_ARIAL
 11
281.2
 21
47.6
 31
0.0
100
AcDbText
  0
TEXT
  5
1FA
330
1B
100
AcDbEntity
 67
1
  8
R-TABLICZKA
100
AcDbText
 10
211.2
 20
40.6
 30
0.0
 40
1.8
  1
Sprawdzający
  7
PL_ARIAL
 11
211.2
 21
40.6
 31
0.0
100
AcDbText
  0
TEXT
  5
1FB
330
1B
100
AcDbEntity
 67
1
  8
R-TABLICZKA
100
AcDbText
 10
238.2
 20
40.6
 30
0.0
 40
1.8
  1
nie dotyczy (art. 20 ust. 3 pkt 2 PB)
  7
PL_ARIAL
 11
238.2
 21
40.6
 31
0.0
100
AcDbText
  0
TEXT
  5
1FC
330
1B
100
AcDbEntity
 67
1
  8
R-TABLICZKA
100
AcDbText
 10
281.2
 20
40.6
 30
0.0
 40
1.8
  1
—
  7
PL_ARIAL
 11
281.2
 21
40.6
 31
0.0
100
AcDbText
  0
TEXT
  5
1FD
330
1B
100
AcDbEntity
 67
1
  8
R-TABLICZKA
100
AcDbText
 10
211.2
 20
33.6
 30
0.0
 40
1.8
  1
Opracował
  7
PL_ARIAL
 11
211.2
 21
33.6
 31
0.0
100
AcDbText
  0
TEXT
  5
1FE
330
1B
100
AcDbEntity
 67
1
  8
R-TABLICZKA
100
AcDbText
 10
238.2
 20
33.25
 30
0.0
 40
2.5
  1
[DO UZUPEŁNIENIA]
  7
PL_ARIAL
 11
238.2
 21
33.25
 31
0.0
100
AcDbText
  0
TEXT
  5
1FF
330
1B
100
AcDbEntity
 67
1
  8
R-TABLICZKA
100
AcDbText
 10
281.2
 20
33.6
 30
0.0
 40
1.8
  1
[DO UZUPEŁNIENIA]
  7
PL_ARIAL
 11
281.2
 21
33.6
 31
0.0
100
AcDbText
  0
TEXT
  5
200
330
1B
100
AcDbEntity
 67
1
  8
R-TABLICZKA
100
AcDbText
 10
211.2
 20
28.0
 30
0.0
 40
1.8
  1
TYTUŁ RYSUNKU
  7
PL_ARIAL
 11
211.2
 21
28.0
 31
0.0
100
AcDbText
  0
TEXT
  5
201
330
1B
100
AcDbEntity
 67
1
  8
R-TABLICZKA
100
AcDbText
 10
211.2
 20
21.5
 30
0.0
 40
5.0
  1
PLAN SZCZEGÓŁOWY — WYMIARY I RZĘDNE
  7
PL_ARIAL_B
 11
211.2
 21
21.5
 31
0.0
100
AcDbText
  0
TEXT
  5
202
330
1B
100
AcDbEntity
 67
1
  8
R-TABLICZKA
100
AcDbText
 10
211.2
 20
16.0
 30
0.0
 40
1.8
  1
SKALA
  7
PL_ARIAL
 11
211.2
 21
16.0
 31
0.0
100
AcDbText
  0
TEXT
  5
203
330
1B
100
AcDbEntity
 67
1
  8
R-TABLICZKA
100
AcDbText
 10
215.49483306836248
 20
11.57
 30
0.0
 40
3.5
  1
1:200
  7
PL_ARIAL_B
 11
215.49483306836248
 21
11.57
 31
0.0
100
AcDbText
  0
TEXT
  5
204
330
1B
100
AcDbEntity
 67
1
  8
R-TABLICZKA
100
AcDbText
 10
235.2
 20
16.0
 30
0.0
 40
1.8
  1
FORMAT
  7
PL_ARIAL
 11
235.2
 21
16.0
 31
0.0
100
AcDbText
  0
TEXT
  5
205
330
1B
100
AcDbEntity
 67
1
  8
R-TABLICZKA
100
AcDbText
 10
236.87104247104247
 20
12.216000000000001
 30
0.0
 40
1.8
  1
400×594
  7
PL_ARIAL
 11
236.87104247104247
 21
12.216000000000001
 31
0.0
100
AcDbText
  0
TEXT
  5
206
330
1B
100
AcDbEntity
 67
1
  8
R-TABLICZKA
100
AcDbText
 10
251.2
 20
16.0
 30
0.0
 40
1.8
  1
DATA WYDANIA
  7
PL_ARIAL
 11
251.2
 21
16.0
 31
0.0
100
AcDbText
  0
TEXT
  5
207
330
1B
100
AcDbEntity
 67
1
  8
R-TABLICZKA
100
AcDbText
 10
252.70690438337496
 20
11.95
 30
0.0
 40
2.5
  1
2026-09-25
  7
PL_ARIAL
 11
252.70690438337496
 21
11.95
 31
0.0
100
AcDbText
  0
TEXT
  5
208
330
1B
100
AcDbEntity
 67
1
  8
R-TABLICZKA
100
AcDbText
 10
275.2
 20
16.0
 30
0.0
 40
1.8
  1
RODZAJ DOK.
  7
PL_ARIAL
 11
275.2
 21
16.0
 31
0.0
100
AcDbText
  0
TEXT
  5
209
330
1B
100
AcDbEntity
 67
1
  8
R-TABLICZKA
100
AcDbText
 10
277.74760390642746
 20
12.216000000000001
 30
0.0
 40
1.8
  1
plan szczegółowy
  7
PL_ARIAL
 11
277.74760390642746
 21
12.216000000000001
 31
0.0
100
AcDbText
  0
TEXT
  5
20A
330
1B
100
AcDbEntity
 67
1
  8
R-TABLICZKA
100
AcDbText
 10
303.2
 20
16.0
 30
0.0
 40
1.8
  1
NR RYSUNKU
  7
PL_ARIAL
 11
303.2
 21
16.0
 31
0.0
100
AcDbText
  0
TEXT
  5
20B
330
1B
100
AcDbEntity
 67
1
  8
R-TABLICZKA
100
AcDbText
 10
319.6601748807631
 20
11.57
 30
0.0
 40
3.5
  1
PZT-02
  7
PL_ARIAL_B
 11
319.6601748807631
 21
11.57
 31
0.0
100
AcDbText
  0
TEXT
  5
20C
330
1B
100
AcDbEntity
 67
1
  8
R-TABLICZKA
100
AcDbText
 10
355.2
 20
16.0
 30
0.0
 40
1.8
  1
ARKUSZ
  7
PL_ARIAL
 11
355.2
 21
16.0
 31
0.0
100
AcDbText
  0
TEXT
  5
20D
330
1B
100
AcDbEntity
 67
1
  8
R-TABLICZKA
100
AcDbText
 10
360.47444923915515
 20
11.95
 30
0.0
 40
2.5
  1
2/3
  7
PL_ARIAL
 11
360.47444923915515
 21
11.95
 31
0.0
100
AcDbText
  0
TEXT
  5
20E
330
1B
100
AcDbEntity
 67
1
  8
R-TABLICZKA
100
AcDbText
 10
373.2
 20
16.0
 30
0.0
 40
1.8
  1
REW.
  7
PL_ARIAL
 11
373.2
 21
16.0
 31
0.0
100
AcDbText
  0
TEXT
  5
20F
330
1B
100
AcDbEntity
 67
1
  8
R-TABLICZKA
100
AcDbText
 10
379.585453100159
 20
11.57
 30
0.0
 40
3.5
  1
0
  7
PL_ARIAL_B
 11
379.585453100159
 21
11.57
 31
0.0
100
AcDbText
  0
TEXT
  5
210
330
1B
100
AcDbEntity
 67
1
  8
R-TABLICZKA
100
AcDbText
 10
211.2
 20
104.25
 30
0.0
 40
2.5
  1
0
  7
PL_ARIAL
 11
211.2
 21
104.25
 31
0.0
100
AcDbText
  0
TEXT
  5
211
330
1B
100
AcDbEntity
 67
1
  8
R-TABLICZKA
100
AcDbText
 10
229.2
 20
104.25
 30
0.0
 40
2.5
  1
Wydanie — rysunek wygenerowany z modelu
  7
PL_ARIAL
 11
229.2
 21
104.25
 31
0.0
100
AcDbText
  0
TEXT
  5
212
330
1B
100
AcDbEntity
 67
1
  8
R-TABLICZKA
100
AcDbText
 10
351.2
 20
104.25
 30
0.0
 40
2.5
  1
2026-09-25
  7
PL_ARIAL
 11
351.2
 21
104.25
 31
0.0
100
AcDbText
  0
TEXT
  5
213
330
1B
100
AcDbEntity
 67
1
  8
R-TABLICZKA
100
AcDbText
 10
211.2
 20
109.6
 30
0.0
 40
1.8
  1
REW.
  7
PL_ARIAL
 11
211.2
 21
109.6
 31
0.0
100
AcDbText
  0
TEXT
  5
214
330
1B
100
AcDbEntity
 67
1
  8
R-TABLICZKA
100
AcDbText
 10
229.2
 20
109.6
 30
0.0
 40
1.8
  1
OPIS ZMIANY
  7
PL_ARIAL
 11
229.2
 21
109.6
 31
0.0
100
AcDbText
  0
TEXT
  5
215
330
1B
100
AcDbEntity
 67
1
  8
R-TABLICZKA
100
AcDbText
 10
351.2
 20
109.6
 30
0.0
 40
1.8
  1
DATA
  7
PL_ARIAL
 11
351.2
 21
109.6
 31
0.0
100
AcDbText
  0
VIEWPORT
  5
939
330
1B
100
AcDbEntity
 67
1
  8
R-RZUTNIA
100
AcDbViewport
 10
202.9443561208267
 20
396.0624999999999
 30
0.0
 40
353.8887122416534
 41
363.8750000000003
 68
2
 69
3
 12
31.78887122416534
 22
25.212499999999977
 13
0.0
 23
0.0
 14
10.0
 24
10.0
 15
10.0
 25
10.0
 16
0.0
 26
0.0
 36
1.0
 17
0.0
 27
0.0
 37
0.0
 42
50.0
 43
0.0
 44
0.0
 45
72.77500000000006
 50
0.0
 51
0.0
 72
100
 90
16384
  1

281
0
 71
0
 74
0
110
0.0
120
0.0
130
0.0
111
1.0
121
0.0
131
0.0
112
0.0
122
1.0
132
0.0
 79
0
146
0.0
282
0
  0
ENDSEC
  0
SECTION
  2
OBJECTS
  0
DICTIONARY
  5
A
330
0
100
AcDbDictionary
281
1
  3
ACAD_COLOR
350
B
  3
ACAD_GROUP
350
C
  3
ACAD_LAYOUT
350
D
  3
ACAD_MATERIAL
350
E
  3
ACAD_MLEADERSTYLE
350
F
  3
ACAD_MLINESTYLE
350
10
  3
ACAD_PLOTSETTINGS
350
11
  3
ACAD_PLOTSTYLENAME
350
12
  3
ACAD_SCALELIST
350
14
  3
ACAD_TABLESTYLE
350
15
  3
ACAD_VISUALSTYLE
350
16
  3
EZDXF_META
350
2D
  0
DICTIONARY
  5
B
330
A
100
AcDbDictionary
281
1
  0
DICTIONARY
  5
C
330
A
100
AcDbDictionary
281
1
  0
DICTIONARY
  5
D
330
A
100
AcDbDictionary
281
1
  3
Model
350
1A
  3
Arkusz PZT-02
350
1E
  0
DICTIONARY
  5
E
330
A
100
AcDbDictionary
281
1
  3
ByBlock
350
1F
  3
ByLayer
350
20
  3
Global
350
21
  0
DICTIONARY
  5
F
330
A
100
AcDbDictionary
281
1
  3
Standard
350
2C
  0
DICTIONARY
  5
10
330
A
100
AcDbDictionary
281
1
  3
Standard
350
22
  0
DICTIONARY
  5
11
330
A
100
AcDbDictionary
281
1
  0
ACDBDICTIONARYWDFLT
  5
12
330
A
100
AcDbDictionary
281
1
  3
Normal
350
13
100
AcDbDictionaryWithDefault
340
13
  0
ACDBPLACEHOLDER
  5
13
330
12
  0
DICTIONARY
  5
14
330
A
100
AcDbDictionary
281
1
  0
DICTIONARY
  5
15
330
A
100
AcDbDictionary
281
1
  0
DICTIONARY
  5
16
330
A
100
AcDbDictionary
281
1
  0
LAYOUT
  5
1A
330
D
100
AcDbPlotSettings
  1

  4
A3
  6

 40
7.5
 41
20.0
 42
7.5
 43
20.0
 44
420.0
 45
297.0
 46
0.0
 47
0.0
 48
0.0
 49
0.0
140
0.0
141
0.0
142
1.0
143
1.0
 70
1024
 72
1
 73
0
 74
5
  7

 75
16
 76
0
 77
2
 78
300
147
1.0
148
0.0
149
0.0
100
AcDbLayout
  1
Model
 70
1
 71
0
 10
0.0
 20
0.0
 11
420.0
 21
297.0
 12
0.0
 22
0.0
 32
0.0
 14
1e+20
 24
1e+20
 34
1e+20
 15
-1e+20
 25
-1e+20
 35
-1e+20
146
0.0
 13
0.0
 23
0.0
 33
0.0
 16
1.0
 26
0.0
 36
0.0
 17
0.0
 27
1.0
 37
0.0
 76
1
330
17
  0
LAYOUT
  5
1E
330
D
100
AcDbPlotSettings
  1

  2
DWG to PDF.pc3
  4
LAMELA_(400.00_x_594.00_MM)
  6

 40
0.0
 41
0.0
 42
0.0
 43
0.0
 44
400.0
 45
594.0
 46
0.0
 47
0.0
 48
0.0
 49
0.0
140
0.0
141
0.0
142
1.0
143
1.0
 70
672
 72
1
 73
0
 74
5
  7

 75
16
 76
0
 77
2
 78
300
147
1.0
148
0.0
149
0.0
100
AcDbLayout
  1
Arkusz PZT-02
 70
1
 71
1
 10
-0.0
 20
-0.0
 11
400.0
 21
594.0
 12
0.0
 22
0.0
 32
0.0
 14
1e+20
 24
1e+20
 34
1e+20
 15
-1e+20
 25
-1e+20
 35
-1e+20
146
0.0
 13
0.0
 23
0.0
 33
0.0
 16
1.0
 26
0.0
 36
0.0
 17
0.0
 27
1.0
 37
0.0
 76
1
330
1B
331
A3
  0
MATERIAL
  5
1F
102
{ACAD_REACTORS
330
E
102
}
330
E
100
AcDbMaterial
  1
ByBlock
  2

 70
0
 40
1.0
 71
1
 41
1.0
 91
-1023410177
 42
1.0
 72
1
  3

 73
1
 74
1
 75
1
 44
0.5
 73
0
 45
1.0
 46
1.0
 77
1
  4

 78
1
 79
1
170
1
 48
1.0
171
1
  6

172
1
173
1
174
1
140
1.0
141
1.0
175
1
  7

176
1
177
1
178
1
143
1.0
179
1
  8

270
1
271
1
272
1
145
1.0
146
1.0
273
1
  9

274
1
275
1
276
1
 42
1.0
 72
1
  3

 73
1
 74
1
 75
1
 94
63
  0
MATERIAL
  5
20
102
{ACAD_REACTORS
330
E
102
}
330
E
100
AcDbMaterial
  1
ByLayer
  2

 70
0
 40
1.0
 71
1
 41
1.0
 91
-1023410177
 42
1.0
 72
1
  3

 73
1
 74
1
 75
1
 44
0.5
 73
0
 45
1.0
 46
1.0
 77
1
  4

 78
1
 79
1
170
1
 48
1.0
171
1
  6

172
1
173
1
174
1
140
1.0
141
1.0
175
1
  7

176
1
177
1
178
1
143
1.0
179
1
  8

270
1
271
1
272
1
145
1.0
146
1.0
273
1
  9

274
1
275
1
276
1
 42
1.0
 72
1
  3

 73
1
 74
1
 75
1
 94
63
  0
MATERIAL
  5
21
102
{ACAD_REACTORS
330
E
102
}
330
E
100
AcDbMaterial
  1
Global
  2

 70
0
 40
1.0
 71
1
 41
1.0
 91
-1023410177
 42
1.0
 72
1
  3

 73
1
 74
1
 75
1
 44
0.5
 73
0
 45
1.0
 46
1.0
 77
1
  4

 78
1
 79
1
170
1
 48
1.0
171
1
  6

172
1
173
1
174
1
140
1.0
141
1.0
175
1
  7

176
1
177
1
178
1
143
1.0
179
1
  8

270
1
271
1
272
1
145
1.0
146
1.0
273
1
  9

274
1
275
1
276
1
 42
1.0
 72
1
  3

 73
1
 74
1
 75
1
 94
63
  0
MLINESTYLE
  5
22
102
{ACAD_REACTORS
330
10
102
}
330
10
100
AcDbMlineStyle
  2
Standard
 70
0
  3

 62
256
 51
90.0
 52
90.0
 71
2
 49
0.5
 62
256
  6
BYLAYER
 49
-0.5
 62
256
  6
BYLAYER
  0
MLEADERSTYLE
  5
2C
102
{ACAD_REACTORS
330
F
102
}
330
F
100
AcDbMLeaderStyle
179
2
170
2
171
1
172
0
 90
2
 40
0.0
 41
0.0
173
1
 91
-1056964608
 92
-2
290
1
 42
2.0
291
1
 43
8.0
  3
Standard
 44
4.0
300

342
29
174
1
175
1
176
0
178
1
 93
-1056964608
 45
4.0
292
0
297
0
 46
4.0
 94
-1056964608
 47
1.0
 49
1.0
140
1.0
294
1
141
0.0
177
0
142
1.0
295
0
296
0
143
3.75
271
0
272
9
273
9
  0
DICTIONARY
  5
2D
330
A
100
AcDbDictionary
280
1
281
1
  3
CREATED_BY_EZDXF
350
2E
  3
WRITTEN_BY_EZDXF
350
93C
  0
DICTIONARYVAR
  5
2E
330
2D
100
DictionaryVariables
280
0
  1
1.4.4 @ 2026-09-25T09:40:40.755855+00:00
  0
DICTIONARYVAR
  5
93C
330
2D
100
DictionaryVariables
280
0
  1
1.4.4 @ 2026-09-25T09:40:41.017055+00:00
  0
ENDSEC
  0
EOF
