  0
SECTION
  2
HEADER
  9
$ACADVER
  1
AC1032
  9
$ACADMAINTVER
 90
4
  9
$DWGCODEPAGE
  3
ANSI_1252
  9
$LASTSAVEDBY
  1
ezdxf
  9
$REQUIREDVERSIONS
160
0
  9
$INSBASE
 10
0.0
 20
0.0
 30
0.0
  9
$EXTMIN
 10
1e+20
 20
1e+20
 30
1e+20
  9
$EXTMAX
 10
-1e+20
 20
-1e+20
 30
-1e+20
  9
$LIMMIN
 10
0.0
 20
0.0
  9
$LIMMAX
 10
420.0
 20
297.0
  9
$ORTHOMODE
 70
0
  9
$REGENMODE
 70
1
  9
$FILLMODE
 70
1
  9
$QTEXTMODE
 70
0
  9
$MIRRTEXT
 70
1
  9
$LTSCALE
 40
1.0
  9
$ATTMODE
 70
1
  9
$TEXTSIZE
 40
2.5
  9
$TRACEWID
 40
1.0
  9
$TEXTSTYLE
  7
Standard
  9
$CLAYER
  8
0
  9
$CELTYPE
  6
ByLayer
  9
$CECOLOR
 62
256
  9
$CELTSCALE
 40
1.0
  9
$DISPSILH
 70
0
  9
$DIMSCALE
 40
1.0
  9
$DIMASZ
 40
2.5
  9
$DIMEXO
 40
0.625
  9
$DIMDLI
 40
3.75
  9
$DIMRND
 40
0.0
  9
$DIMDLE
 40
0.0
  9
$DIMEXE
 40
1.25
  9
$DIMTP
 40
0.0
  9
$DIMTM
 40
0.0
  9
$DIMTXT
 40
2.5
  9
$DIMCEN
 40
2.5
  9
$DIMTSZ
 40
0.0
  9
$DIMTOL
 70
0
  9
$DIMLIM
 70
0
  9
$DIMTIH
 70
0
  9
$DIMTOH
 70
0
  9
$DIMSE1
 70
0
  9
$DIMSE2
 70
0
  9
$DIMTAD
 70
1
  9
$DIMZIN
 70
8
  9
$DIMBLK
  1

  9
$DIMASO
 70
1
  9
$DIMSHO
 70
1
  9
$DIMPOST
  1

  9
$DIMAPOST
  1

  9
$DIMALT
 70
0
  9
$DIMALTD
 70
3
  9
$DIMALTF
 40
0.03937007874
  9
$DIMLFAC
 40
1.0
  9
$DIMTOFL
 70
1
  9
$DIMTVP
 40
0.0
  9
$DIMTIX
 70
0
  9
$DIMSOXD
 70
0
  9
$DIMSAH
 70
0
  9
$DIMBLK1
  1

  9
$DIMBLK2
  1

  9
$DIMSTYLE
  2
ISO-25
  9
$DIMCLRD
 70
0
  9
$DIMCLRE
 70
0
  9
$DIMCLRT
 70
0
  9
$DIMTFAC
 40
1.0
  9
$DIMGAP
 40
0.625
  9
$DIMJUST
 70
0
  9
$DIMSD1
 70
0
  9
$DIMSD2
 70
0
  9
$DIMTOLJ
 70
0
  9
$DIMTZIN
 70
8
  9
$DIMALTZ
 70
0
  9
$DIMALTTZ
 70
0
  9
$DIMUPT
 70
0
  9
$DIMDEC
 70
2
  9
$DIMTDEC
 70
2
  9
$DIMALTU
 70
2
  9
$DIMALTTD
 70
3
  9
$DIMTXSTY
  7
Standard
  9
$DIMAUNIT
 70
0
  9
$DIMADEC
 70
0
  9
$DIMALTRND
 40
0.0
  9
$DIMAZIN
 70
0
  9
$DIMDSEP
 70
44
  9
$DIMATFIT
 70
3
  9
$DIMFRAC
 70
0
  9
$DIMLDRBLK
  1

  9
$DIMLUNIT
 70
2
  9
$DIMLWD
 70
-2
  9
$DIMLWE
 70
-2
  9
$DIMTMOVE
 70
0
  9
$DIMFXL
 40
1.0
  9
$DIMFXLON
 70
0
  9
$DIMJOGANG
 40
0.785398163397
  9
$DIMTFILL
 70
0
  9
$DIMTFILLCLR
 70
0
  9
$DIMARCSYM
 70
0
  9
$DIMLTYPE
  6

  9
$DIMLTEX1
  6

  9
$DIMLTEX2
  6

  9
$DIMTXTDIRECTION
 70
0
  9
$LUNITS
 70
2
  9
$LUPREC
 70
4
  9
$SKETCHINC
 40
1.0
  9
$FILLETRAD
 40
10.0
  9
$AUNITS
 70
0
  9
$AUPREC
 70
2
  9
$MENU
  1
.
  9
$ELEVATION
 40
0.0
  9
$PELEVATION
 40
0.0
  9
$THICKNESS
 40
0.0
  9
$LIMCHECK
 70
0
  9
$CHAMFERA
 40
0.0
  9
$CHAMFERB
 40
0.0
  9
$CHAMFERC
 40
0.0
  9
$CHAMFERD
 40
0.0
  9
$SKPOLY
 70
0
  9
$TDCREATE
 40
2461309.2119444446
  9
$TDUCREATE
 40
2458532.153996898
  9
$TDUPDATE
 40
2461309.2119444446
  9
$TDUUPDATE
 40
2458532.1544311
  9
$TDINDWG
 40
0.0
  9
$TDUSRTIMER
 40
0.0
  9
$USRTIMER
 70
1
  9
$ANGBASE
 50
0.0
  9
$ANGDIR
 70
0
  9
$PDMODE
 70
0
  9
$PDSIZE
 40
0.0
  9
$PLINEWID
 40
0.0
  9
$SPLFRAME
 70
0
  9
$SPLINETYPE
 70
6
  9
$SPLINESEGS
 70
8
  9
$HANDSEED
  5
5CD
  9
$SURFTAB1
 70
6
  9
$SURFTAB2
 70
6
  9
$SURFTYPE
 70
6
  9
$SURFU
 70
6
  9
$SURFV
 70
6
  9
$UCSBASE
  2

  9
$UCSNAME
  2

  9
$UCSORG
 10
0.0
 20
0.0
 30
0.0
  9
$UCSXDIR
 10
1.0
 20
0.0
 30
0.0
  9
$UCSYDIR
 10
0.0
 20
1.0
 30
0.0
  9
$UCSORTHOREF
  2

  9
$UCSORTHOVIEW
 70
0
  9
$UCSORGTOP
 10
0.0
 20
0.0
 30
0.0
  9
$UCSORGBOTTOM
 10
0.0
 20
0.0
 30
0.0
  9
$UCSORGLEFT
 10
0.0
 20
0.0
 30
0.0
  9
$UCSORGRIGHT
 10
0.0
 20
0.0
 30
0.0
  9
$UCSORGFRONT
 10
0.0
 20
0.0
 30
0.0
  9
$UCSORGBACK
 10
0.0
 20
0.0
 30
0.0
  9
$PUCSBASE
  2

  9
$PUCSNAME
  2

  9
$PUCSORG
 10
0.0
 20
0.0
 30
0.0
  9
$PUCSXDIR
 10
1.0
 20
0.0
 30
0.0
  9
$PUCSYDIR
 10
0.0
 20
1.0
 30
0.0
  9
$PUCSORTHOREF
  2

  9
$PUCSORTHOVIEW
 70
0
  9
$PUCSORGTOP
 10
0.0
 20
0.0
 30
0.0
  9
$PUCSORGBOTTOM
 10
0.0
 20
0.0
 30
0.0
  9
$PUCSORGLEFT
 10
0.0
 20
0.0
 30
0.0
  9
$PUCSORGRIGHT
 10
0.0
 20
0.0
 30
0.0
  9
$PUCSORGFRONT
 10
0.0
 20
0.0
 30
0.0
  9
$PUCSORGBACK
 10
0.0
 20
0.0
 30
0.0
  9
$USERI1
 70
0
  9
$USERI2
 70
0
  9
$USERI3
 70
0
  9
$USERI4
 70
0
  9
$USERI5
 70
0
  9
$USERR1
 40
0.0
  9
$USERR2
 40
0.0
  9
$USERR3
 40
0.0
  9
$USERR4
 40
0.0
  9
$USERR5
 40
0.0
  9
$WORLDVIEW
 70
1
  9
$SHADEDGE
 70
3
  9
$SHADEDIF
 70
70
  9
$TILEMODE
 70
1
  9
$MAXACTVP
 70
64
  9
$PINSBASE
 10
0.0
 20
0.0
 30
0.0
  9
$PLIMCHECK
 70
0
  9
$PEXTMIN
 10
1e+20
 20
1e+20
 30
1e+20
  9
$PEXTMAX
 10
-1e+20
 20
-1e+20
 30
-1e+20
  9
$PLIMMIN
 10
-0.0
 20
-0.0
  9
$PLIMMAX
 10
891.0
 20
420.0
  9
$UNITMODE
 70
0
  9
$VISRETAIN
 70
1
  9
$PLINEGEN
 70
0
  9
$PSLTSCALE
 70
0
  9
$TREEDEPTH
 70
3020
  9
$CMLSTYLE
  2
Standard
  9
$CMLJUST
 70
0
  9
$CMLSCALE
 40
20.0
  9
$PROXYGRAPHICS
 70
1
  9
$MEASUREMENT
 70
1
  9
$CELWEIGHT
370
-1
  9
$ENDCAPS
280
0
  9
$JOINSTYLE
280
0
  9
$LWDISPLAY
290
1
  9
$INSUNITS
 70
6
  9
$HYPERLINKBASE
  1

  9
$STYLESHEET
  1

  9
$XEDIT
290
1
  9
$CEPSNTYPE
380
0
  9
$PSTYLEMODE
290
1
  9
$FINGERPRINTGUID
  2
{91279A9C-8532-41ED-8C93-A87ED36582C4}
  9
$VERSIONGUID
  2
{971A6AEC-4E5E-4923-987E-B530DCA70A50}
  9
$EXTNAMES
290
1
  9
$PSVPSCALE
 40
0.0
  9
$OLESTARTUP
290
0
  9
$SORTENTS
280
127
  9
$INDEXCTL
280
0
  9
$HIDETEXT
280
1
  9
$XCLIPFRAME
280
1
  9
$HALOGAP
280
0
  9
$OBSCOLOR
 70
257
  9
$OBSLTYPE
280
0
  9
$INTERSECTIONDISPLAY
280
0
  9
$INTERSECTIONCOLOR
 70
257
  9
$DIMASSOC
280
2
  9
$PROJECTNAME
  1

  9
$CAMERADISPLAY
290
0
  9
$LENSLENGTH
 40
50.0
  9
$CAMERAHEIGHT
 40
0.0
  9
$STEPSPERSEC
 40
24.0
  9
$STEPSIZE
 40
100.0
  9
$3DDWFPREC
 40
2.0
  9
$PSOLWIDTH
 40
0.005
  9
$PSOLHEIGHT
 40
0.08
  9
$LOFTANG1
 40
1.570796326795
  9
$LOFTANG2
 40
1.570796326795
  9
$LOFTMAG1
 40
0.0
  9
$LOFTMAG2
 40
0.0
  9
$LOFTPARAM
 70
7
  9
$LOFTNORMALS
280
1
  9
$LATITUDE
 40
37.795
  9
$LONGITUDE
 40
-122.394
  9
$NORTHDIRECTION
 40
0.0
  9
$TIMEZONE
 70
-8000
  9
$LIGHTGLYPHDISPLAY
280
1
  9
$TILEMODELIGHTSYNCH
280
1
  9
$CMATERIAL
347
20
  9
$SOLIDHIST
280
0
  9
$SHOWHIST
280
1
  9
$DWFFRAME
280
2
  9
$DGNFRAME
280
2
  9
$REALWORLDSCALE
290
1
  9
$INTERFERECOLOR
 62
256
  9
$CSHADOW
280
0
  9
$SHADOWPLANELOCATION
 40
0.0
  0
ENDSEC
  0
SECTION
  2
CLASSES
  0
CLASS
  1
ACDBDICTIONARYWDFLT
  2
AcDbDictionaryWithDefault
  3
ObjectDBX Classes
 90
0
 91
0
280
0
281
0
  0
CLASS
  1
SUN
  2
AcDbSun
  3
SCENEOE
 90
1153
 91
0
280
0
281
0
  0
CLASS
  1
VISUALSTYLE
  2
AcDbVisualStyle
  3
ObjectDBX Classes
 90
4095
 91
0
280
0
281
0
  0
CLASS
  1
MATERIAL
  2
AcDbMaterial
  3
ObjectDBX Classes
 90
1153
 91
0
280
0
281
0
  0
CLASS
  1
SCALE
  2
AcDbScale
  3
ObjectDBX Classes
 90
1153
 91
0
280
0
281
0
  0
CLASS
  1
TABLESTYLE
  2
AcDbTableStyle
  3
ObjectDBX Classes
 90
4095
 91
0
280
0
281
0
  0
CLASS
  1
MLEADERSTYLE
  2
AcDbMLeaderStyle
  3
ACDB_MLEADERSTYLE_CLASS
 90
4095
 91
0
280
0
281
0
  0
CLASS
  1
DICTIONARYVAR
  2
AcDbDictionaryVar
  3
ObjectDBX Classes
 90
0
 91
0
280
0
281
0
  0
CLASS
  1
CELLSTYLEMAP
  2
AcDbCellStyleMap
  3
ObjectDBX Classes
 90
1152
 91
0
280
0
281
0
  0
CLASS
  1
MENTALRAYRENDERSETTINGS
  2
AcDbMentalRayRenderSettings
  3
SCENEOE
 90
1024
 91
0
280
0
281
0
  0
CLASS
  1
ACDBDETAILVIEWSTYLE
  2
AcDbDetailViewStyle
  3
ObjectDBX Classes
 90
1025
 91
0
280
0
281
0
  0
CLASS
  1
ACDBSECTIONVIEWSTYLE
  2
AcDbSectionViewStyle
  3
ObjectDBX Classes
 90
1025
 91
0
280
0
281
0
  0
CLASS
  1
RASTERVARIABLES
  2
AcDbRasterVariables
  3
ISM
 90
0
 91
0
280
0
281
0
  0
CLASS
  1
LAYOUT
  2
AcDbLayout
  3
ObjectDBX Classes
 90
0
 91
0
280
0
281
0
  0
CLASS
  1
ACDBPLACEHOLDER
  2
AcDbPlaceHolder
  3
ObjectDBX Classes
 90
0
 91
0
280
0
281
0
  0
ENDSEC
  0
SECTION
  2
TABLES
  0
TABLE
  2
VPORT
  5
8
330
0
100
AcDbSymbolTable
 70
1
  0
VPORT
  5
23
330
8
100
AcDbSymbolTableRecord
100
AcDbViewportTableRecord
  2
*Active
 70
0
 10
0.0
 20
0.0
 11
1.0
 21
1.0
 12
0.0
 22
0.0
 13
0.0
 23
0.0
 14
0.5
 24
0.5
 15
0.5
 25
0.5
 16
0.0
 26
0.0
 36
1.0
 17
0.0
 27
0.0
 37
0.0
 40
1000.0
 41
1.34
 42
50.0
 43
0.0
 44
0.0
 50
0.0
 51
0.0
 71
0
 72
1000
 73
1
 74
3
 75
0
 76
0
 77
0
 78
0
281
0
 65
0
146
0.0
  0
ENDTAB
  0
TABLE
  2
LTYPE
  5
2
330
0
100
AcDbSymbolTable
 70
14
  0
LTYPE
  5
24
330
2
100
AcDbSymbolTableRecord
100
AcDbLinetypeTableRecord
  2
ByBlock
 70
0
  3

 72
65
 73
0
 40
0.0
  0
LTYPE
  5
25
330
2
100
AcDbSymbolTableRecord
100
AcDbLinetypeTableRecord
  2
ByLayer
 70
0
  3

 72
65
 73
0
 40
0.0
  0
LTYPE
  5
26
330
2
100
AcDbSymbolTableRecord
100
AcDbLinetypeTableRecord
  2
Continuous
 70
0
  3

 72
65
 73
0
 40
0.0
  0
LTYPE
  5
2F
330
2
100
AcDbSymbolTableRecord
100
AcDbLinetypeTableRecord
  2
KRESKOWA
 70
0
  3
Linia kreskowa (02): krawędzie niewidoczne, elementy pod/nad płaszczyzną cięcia
 72
65
 73
2
 40
5.249999999999999
 49
4.199999999999999
 74
0
 49
-1.0499999999999998
 74
0
  0
LTYPE
  5
30
330
2
100
AcDbSymbolTableRecord
100
AcDbLinetypeTableRecord
  2
KRESKOWA_DROBNA
 70
0
  3
Linia kreskowa drobna (kreska krótka 6d)
 72
65
 73
2
 40
3.1499999999999995
 49
2.0999999999999996
 74
0
 49
-1.0499999999999998
 74
0
  0
LTYPE
  5
31
330
2
100
AcDbSymbolTableRecord
100
AcDbLinetypeTableRecord
  2
PUNKTOWA
 70
0
  3
Linia punktowa (04): osie, płaszczyzny przekroju
 72
65
 73
4
 40
10.5
 49
8.399999999999999
 74
0
 49
-1.0499999999999998
 74
0
 49
0.0
 74
0
 49
-1.0499999999999998
 74
0
  0
LTYPE
  5
32
330
2
100
AcDbSymbolTableRecord
100
AcDbLinetypeTableRecord
  2
PUNKTOWA_KROTKA
 70
0
  3
Linia punktowa z kreską zwykłą (końce przekrojów, gaz)
 72
65
 73
4
 40
6.299999999999999
 49
4.199999999999999
 74
0
 49
-1.0499999999999998
 74
0
 49
0.0
 74
0
 49
-1.0499999999999998
 74
0
  0
LTYPE
  5
33
330
2
100
AcDbSymbolTableRecord
100
AcDbLinetypeTableRecord
  2
DWUPUNKTOWA
 70
0
  3
Linia dwupunktowa (05): położenia skrajne, części przyległe
 72
65
 73
6
 40
11.55
 49
8.399999999999999
 74
0
 49
-1.0499999999999998
 74
0
 49
0.0
 74
0
 49
-1.0499999999999998
 74
0
 49
0.0
 74
0
 49
-1.0499999999999998
 74
0
  0
LTYPE
  5
34
330
2
100
AcDbSymbolTableRecord
100
AcDbLinetypeTableRecord
  2
KROPKOWA
 70
0
  3
Linia kropkowa (07): elementy nieobjęte projektem
 72
65
 73
2
 40
1.0499999999999998
 49
0.0
 74
0
 49
-1.0499999999999998
 74
0
  0
LTYPE
  5
35
330
2
100
AcDbSymbolTableRecord
100
AcDbLinetypeTableRecord
  2
KRESKA_DLUGA
 70
0
  3
Linia kreskowa długa (instalacje)
 72
65
 73
2
 40
9.45
 49
8.399999999999999
 74
0
 49
-1.0499999999999998
 74
0
  0
LTYPE
  5
36
330
2
100
AcDbSymbolTableRecord
100
AcDbLinetypeTableRecord
  2
KRESKOWA_3_1
 70
0
  3
Linia kreskowa 3/1 mm (paroizolacja, R4 pkt 3.8)
 72
65
 73
2
 40
4.0
 49
3.0
 74
0
 49
-1.0
 74
0
  0
LTYPE
  5
37
330
2
100
AcDbSymbolTableRecord
100
AcDbLinetypeTableRecord
  2
HYDRO_OKNA
 70
0
  3
Białe okna pasa izolacji przeciwwodnej (czarny 3 / biały 1,5 mm)
 72
65
 73
2
 40
4.5
 49
1.5
 74
0
 49
-3.0
 74
0
  0
LTYPE
  5
38
330
2
100
AcDbSymbolTableRecord
100
AcDbLinetypeTableRecord
  2
WIELOPUNKTOWA
 70
0
  3
Linia wielopunktowa (telekomunikacja, PN-B-01027)
 72
65
 73
8
 40
13.399999999999999
 49
9.0
 74
0
 49
-1.2
 74
0
 49
0.0
 74
0
 49
-1.0
 74
0
 49
0.0
 74
0
 49
-1.0
 74
0
 49
0.0
 74
0
 49
-1.2
 74
0
  0
LTYPE
  5
39
330
2
100
AcDbSymbolTableRecord
100
AcDbLinetypeTableRecord
  2
KABEL_E
 70
0
  3
Kabel elektroenergetyczny (PN-B-01027: kreskowa 2·9·2)
 72
65
 73
2
 40
11.0
 49
9.0
 74
0
 49
-2.0
 74
0
  0
ENDTAB
  0
TABLE
  2
LAYER
  5
1
330
0
100
AcDbSymbolTable
 70
102
  0
LAYER
  5
27
330
1
100
AcDbSymbolTableRecord
100
AcDbLayerTableRecord
  2
0
 70
0
 62
7
  6
Continuous
370
-3
390
13
347
21
  0
LAYER
  5
28
330
1
100
AcDbSymbolTableRecord
100
AcDbLayerTableRecord
  2
Defpoints
 70
0
 62
7
  6
Continuous
290
0
370
-3
390
13
347
21
  0
LAYER
  5
3E
330
1
100
AcDbSymbolTableRecord
100
AcDbLayerTableRecord
  2
R-RAMKA
 70
0
 62
7
  6
Continuous
370
50
390
13
347
21
1001
AcAecLayerStandard
1000

1000
Ramka arkusza, znaki składania i centrowania
  0
LAYER
  5
40
330
1
100
AcDbSymbolTableRecord
100
AcDbLayerTableRecord
  2
R-TABLICZKA
 70
0
 62
7
  6
Continuous
370
25
390
13
347
21
1001
AcAecLayerStandard
1000

1000
Tabliczka rysunkowa (PN-EN ISO 7200)
  0
LAYER
  5
41
330
1
100
AcDbSymbolTableRecord
100
AcDbLayerTableRecord
  2
R-OPISY
 70
0
 62
7
  6
Continuous
370
25
390
13
347
21
1001
AcAecLayerStandard
1000

1000
Opisy arkusza: tytuły rzutni, uwagi, legendy
  0
LAYER
  5
42
330
1
100
AcDbSymbolTableRecord
100
AcDbLayerTableRecord
  2
R-LEGENDA
 70
0
 62
7
  6
Continuous
370
25
390
13
347
21
1001
AcAecLayerStandard
1000

1000
Legenda oznaczeń
  0
LAYER
  5
43
330
1
100
AcDbSymbolTableRecord
100
AcDbLayerTableRecord
  2
R-RZUTNIA
 70
0
 62
8
  6
Continuous
290
0
370
18
390
13
347
21
1001
AcAecLayerStandard
1000

1000
Obrys rzutni (nie drukowany)
  0
LAYER
  5
44
330
1
100
AcDbSymbolTableRecord
100
AcDbLayerTableRecord
  2
A-SCIANY-KONSTR
 70
0
 62
7
  6
Continuous
370
50
390
13
347
21
1001
AcAecLayerStandard
1000

1000
Ściany i słupy konstrukcyjne w przekroju — kontur
  0
LAYER
  5
45
330
1
100
AcDbSymbolTableRecord
100
AcDbLayerTableRecord
  2
A-SCIANY-DZIAL
 70
0
 62
7
  6
Continuous
370
35
390
13
347
21
1001
AcAecLayerStandard
1000

1000
Ścianki działowe w przekroju — kontur
  0
LAYER
  5
46
330
1
100
AcDbSymbolTableRecord
100
AcDbLayerTableRecord
  2
A-SCIANY-IZOL
 70
0
 62
4
  6
Continuous
370
35
390
13
347
21
1001
AcAecLayerStandard
1000

1000
Warstwy izolacji termicznej ścian — kontur
  0
LAYER
  5
47
330
1
100
AcDbSymbolTableRecord
100
AcDbLayerTableRecord
  2
A-SCIANY-WYK
 70
0
 62
8
  6
Continuous
370
18
390
13
347
21
1001
AcAecLayerStandard
1000

1000
Tynki, okładziny, warstwy wykończeniowe — kontur
  0
LAYER
  5
48
330
1
100
AcDbSymbolTableRecord
100
AcDbLayerTableRecord
  2
A-STROPY
 70
0
 62
7
  6
Continuous
370
50
390
13
347
21
1001
AcAecLayerStandard
1000

1000
Stropy, płyty, stropodachy w przekroju — kontur
  0
LAYER
  5
49
330
1
100
AcDbSymbolTableRecord
100
AcDbLayerTableRecord
  2
A-WARSTWY
 70
0
 62
8
  6
Continuous
370
25
390
13
347
21
1001
AcAecLayerStandard
1000

1000
Warstwy przegród poziomych (podłogi, dachy) — kontur
  0
LAYER
  5
4A
330
1
100
AcDbSymbolTableRecord
100
AcDbLayerTableRecord
  2
A-IZOL-WODNA
 70
0
 62
5
  6
Continuous
370
100
390
13
347
21
1001
AcAecLayerStandard
1000

1000
Izolacje przeciwwodne/przeciwwilgociowe/paroizolacje
  0
LAYER
  5
4B
330
1
100
AcDbSymbolTableRecord
100
AcDbLayerTableRecord
  2
A-FUNDAMENTY
 70
0
 62
7
  6
Continuous
370
50
390
13
347
21
1001
AcAecLayerStandard
1000

1000
Fundamenty w przekroju — kontur
  0
LAYER
  5
4C
330
1
100
AcDbSymbolTableRecord
100
AcDbLayerTableRecord
  2
A-KRESKOWANIE
 70
0
 62
8
  6
Continuous
370
18
390
13
347
21
1001
AcAecLayerStandard
1000

1000
Kreskowanie materiałów (PN-B-01030)
  0
LAYER
  5
4D
330
1
100
AcDbSymbolTableRecord
100
AcDbLayerTableRecord
  2
A-WYPELNIENIA
 70
0
 62
9
  6
Continuous
370
18
390
13
347
21
1001
AcAecLayerStandard
1000

1000
Wypełnienia (zaczernienia, tła)
  0
LAYER
  5
4E
330
1
100
AcDbSymbolTableRecord
100
AcDbLayerTableRecord
  2
A-WIDOK
 70
0
 62
7
  6
Continuous
370
25
390
13
347
21
1001
AcAecLayerStandard
1000

1000
Krawędzie widoczne (poza płaszczyzną cięcia)
  0
LAYER
  5
4F
330
1
100
AcDbSymbolTableRecord
100
AcDbLayerTableRecord
  2
A-NIEWIDOCZNE
 70
0
 62
8
  6
KRESKOWA
370
25
390
13
347
21
1001
AcAecLayerStandard
1000

1000
Krawędzie niewidoczne
  0
LAYER
  5
50
330
1
100
AcDbSymbolTableRecord
100
AcDbLayerTableRecord
  2
A-NAD-CIECIEM
 70
0
 62
8
  6
KRESKOWA
370
25
390
13
347
21
1001
AcAecLayerStandard
1000

1000
Elementy nad płaszczyzną cięcia (belki, nadproża, okapy)
  0
LAYER
  5
51
330
1
100
AcDbSymbolTableRecord
100
AcDbLayerTableRecord
  2
A-OKNA
 70
0
 62
3
  6
Continuous
370
35
390
13
347
21
1001
AcAecLayerStandard
1000

1000
Stolarka okienna
  0
LAYER
  5
52
330
1
100
AcDbSymbolTableRecord
100
AcDbLayerTableRecord
  2
A-DRZWI
 70
0
 62
3
  6
Continuous
370
35
390
13
347
21
1001
AcAecLayerStandard
1000

1000
Stolarka drzwiowa
  0
LAYER
  5
53
330
1
100
AcDbSymbolTableRecord
100
AcDbLayerTableRecord
  2
A-SCHODY
 70
0
 62
6
  6
Continuous
370
25
390
13
347
21
1001
AcAecLayerStandard
1000

1000
Schody, pochylnie, balustrady
  0
LAYER
  5
54
330
1
100
AcDbSymbolTableRecord
100
AcDbLayerTableRecord
  2
A-MEBLE
 70
0
 62
8
  6
Continuous
370
18
390
13
347
21
1001
AcAecLayerStandard
1000

1000
Meble i wyposażenie ruchome
  0
LAYER
  5
55
330
1
100
AcDbSymbolTableRecord
100
AcDbLayerTableRecord
  2
A-SANITARNE
 70
0
 62
6
  6
Continuous
370
25
390
13
347
21
1001
AcAecLayerStandard
1000

1000
Wyposażenie sanitarne i kuchenne
  0
LAYER
  5
56
330
1
100
AcDbSymbolTableRecord
100
AcDbLayerTableRecord
  2
A-WYMIARY
 70
0
 62
1
  6
Continuous
370
25
390
13
347
21
1001
AcAecLayerStandard
1000

1000
Wymiarowanie (PN-B-01029)
  0
LAYER
  5
57
330
1
100
AcDbSymbolTableRecord
100
AcDbLayerTableRecord
  2
A-OPISY
 70
0
 62
2
  6
Continuous
370
25
390
13
347
21
1001
AcAecLayerStandard
1000

1000
Opisy, odnośniki, opisy warstw
  0
LAYER
  5
58
330
1
100
AcDbSymbolTableRecord
100
AcDbLayerTableRecord
  2
A-POMIESZCZENIA
 70
0
 62
2
  6
Continuous
370
25
390
13
347
21
1001
AcAecLayerStandard
1000

1000
Oznaczenia pomieszczeń (PN-EN ISO 4157)
  0
LAYER
  5
59
330
1
100
AcDbSymbolTableRecord
100
AcDbLayerTableRecord
  2
A-OSIE
 70
0
 62
1
  6
PUNKTOWA
370
25
390
13
347
21
1001
AcAecLayerStandard
1000

1000
Osie konstrukcyjne
  0
LAYER
  5
5A
330
1
100
AcDbSymbolTableRecord
100
AcDbLayerTableRecord
  2
A-RZEDNE
 70
0
 62
1
  6
Continuous
370
25
390
13
347
21
1001
AcAecLayerStandard
1000

1000
Rzędne wysokościowe
  0
LAYER
  5
5B
330
1
100
AcDbSymbolTableRecord
100
AcDbLayerTableRecord
  2
A-PRZEKROJE
 70
0
 62
1
  6
PUNKTOWA_KROTKA
370
50
390
13
347
21
1001
AcAecLayerStandard
1000

1000
Oznaczenia przekrojów i widoków
  0
LAYER
  5
5C
330
1
100
AcDbSymbolTableRecord
100
AcDbLayerTableRecord
  2
A-SYMBOLE
 70
0
 62
2
  6
Continuous
370
25
390
13
347
21
1001
AcAecLayerStandard
1000

1000
Symbole ogólne (północ, spadki, odnośniki)
  0
LAYER
  5
5D
330
1
100
AcDbSymbolTableRecord
100
AcDbLayerTableRecord
  2
A-TEREN
 70
0
 62
32
  6
Continuous
370
50
390
13
347
21
1001
AcAecLayerStandard
1000

1000
Linia terenu, grunt
  0
LAYER
  5
5E
330
1
100
AcDbSymbolTableRecord
100
AcDbLayerTableRecord
  2
A-ELEWACJE
 70
0
 62
7
  6
Continuous
370
35
390
13
347
21
1001
AcAecLayerStandard
1000

1000
Elewacje — krawędzie
  0
LAYER
  5
5F
330
1
100
AcDbSymbolTableRecord
100
AcDbLayerTableRecord
  2
A-MASKA
 70
0
 62
7
  6
Continuous
370
18
390
13
347
21
1001
AcAecLayerStandard
1000

1000
Maski (tło napisów)
  0
LAYER
  5
60
330
1
100
AcDbSymbolTableRecord
100
AcDbLayerTableRecord
  2
K-KONSTR
 70
0
 62
7
  6
Continuous
370
50
390
13
347
21
1001
AcAecLayerStandard
1000

1000
Konstrukcja — kontury elementów
  0
LAYER
  5
61
330
1
100
AcDbSymbolTableRecord
100
AcDbLayerTableRecord
  2
K-ZBROJENIE
 70
0
 62
1
  6
Continuous
370
100
390
13
347
21
1001
AcAecLayerStandard
1000

1000
Zbrojenie — pręty (PN-EN ISO 3766)
  0
LAYER
  5
62
330
1
100
AcDbSymbolTableRecord
100
AcDbLayerTableRecord
  2
K-ZBROJENIE-OPIS
 70
0
 62
2
  6
Continuous
370
25
390
13
347
21
1001
AcAecLayerStandard
1000

1000
Zbrojenie — opisy pozycji
  0
LAYER
  5
63
330
1
100
AcDbSymbolTableRecord
100
AcDbLayerTableRecord
  2
K-WYMIARY
 70
0
 62
1
  6
Continuous
370
25
390
13
347
21
1001
AcAecLayerStandard
1000

1000
Konstrukcja — wymiary
  0
LAYER
  5
64
330
1
100
AcDbSymbolTableRecord
100
AcDbLayerTableRecord
  2
K-OSIE
 70
0
 62
1
  6
PUNKTOWA
370
25
390
13
347
21
1001
AcAecLayerStandard
1000

1000
Konstrukcja — osie
  0
LAYER
  5
65
330
1
100
AcDbSymbolTableRecord
100
AcDbLayerTableRecord
  2
S-WODA
 70
0
 62
5
420
20680
  6
Continuous
370
35
390
13
347
21
1001
AcAecLayerStandard
1000

1000
Instalacja wody zimnej
  0
LAYER
  5
66
330
1
100
AcDbSymbolTableRecord
100
AcDbLayerTableRecord
  2
S-CWU
 70
0
 62
1
420
13631488
  6
KRESKOWA
370
35
390
13
347
21
1001
AcAecLayerStandard
1000

1000
Instalacja ciepłej wody użytkowej
  0
LAYER
  5
67
330
1
100
AcDbSymbolTableRecord
100
AcDbLayerTableRecord
  2
S-CYRK
 70
0
 62
6
420
11534512
  6
PUNKTOWA_KROTKA
370
25
390
13
347
21
1001
AcAecLayerStandard
1000

1000
Instalacja cyrkulacji CWU
  0
LAYER
  5
68
330
1
100
AcDbSymbolTableRecord
100
AcDbLayerTableRecord
  2
S-KANAL
 70
0
 62
34
420
8013056
  6
Continuous
370
50
390
13
347
21
1001
AcAecLayerStandard
1000

1000
Kanalizacja sanitarna
  0
LAYER
  5
69
330
1
100
AcDbSymbolTableRecord
100
AcDbLayerTableRecord
  2
S-DESZCZ
 70
0
 62
150
420
32906
  6
KRESKA_DLUGA
370
35
390
13
347
21
1001
AcAecLayerStandard
1000

1000
Kanalizacja deszczowa / odwodnienie
  0
LAYER
  5
6A
330
1
100
AcDbSymbolTableRecord
100
AcDbLayerTableRecord
  2
S-OGRZ
 70
0
 62
1
420
14700544
  6
Continuous
370
25
390
13
347
21
1001
AcAecLayerStandard
1000

1000
Ogrzewanie (zasilanie/powrót, pętle podłogowe)
  0
LAYER
  5
6B
330
1
100
AcDbSymbolTableRecord
100
AcDbLayerTableRecord
  2
S-WENT
 70
0
 62
3
420
35328
  6
Continuous
370
35
390
13
347
21
1001
AcAecLayerStandard
1000

1000
Wentylacja mechaniczna
  0
LAYER
  5
6C
330
1
100
AcDbSymbolTableRecord
100
AcDbLayerTableRecord
  2
S-URZADZENIA
 70
0
 62
2
420
3158064
  6
Continuous
370
35
390
13
347
21
1001
AcAecLayerStandard
1000

1000
Urządzenia i armatura instalacji sanitarnych
  0
LAYER
  5
6D
330
1
100
AcDbSymbolTableRecord
100
AcDbLayerTableRecord
  2
S-OPISY
 70
0
 62
2
  6
Continuous
370
25
390
13
347
21
1001
AcAecLayerStandard
1000

1000
Instalacje sanitarne — opisy
  0
LAYER
  5
6E
330
1
100
AcDbSymbolTableRecord
100
AcDbLayerTableRecord
  2
E-GNIAZDA
 70
0
 62
1
420
12582912
  6
Continuous
370
35
390
13
347
21
1001
AcAecLayerStandard
1000

1000
Gniazda wtyczkowe (PN-EN 60617)
  0
LAYER
  5
6F
330
1
100
AcDbSymbolTableRecord
100
AcDbLayerTableRecord
  2
E-OSWIETLENIE
 70
0
 62
30
420
13656064
  6
Continuous
370
35
390
13
347
21
1001
AcAecLayerStandard
1000

1000
Oprawy oświetleniowe
  0
LAYER
  5
70
330
1
100
AcDbSymbolTableRecord
100
AcDbLayerTableRecord
  2
E-LACZNIKI
 70
0
 62
30
420
13656064
  6
Continuous
370
35
390
13
347
21
1001
AcAecLayerStandard
1000

1000
Łączniki, czujniki
  0
LAYER
  5
71
330
1
100
AcDbSymbolTableRecord
100
AcDbLayerTableRecord
  2
E-TRASY
 70
0
 62
8
420
6316128
  6
Continuous
370
25
390
13
347
21
1001
AcAecLayerStandard
1000

1000
Trasy przewodów
  0
LAYER
  5
72
330
1
100
AcDbSymbolTableRecord
100
AcDbLayerTableRecord
  2
E-ROZDZIELNICE
 70
0
 62
1
420
12582912
  6
Continuous
370
35
390
13
347
21
1001
AcAecLayerStandard
1000

1000
Rozdzielnice, złącza, puszki
  0
LAYER
  5
73
330
1
100
AcDbSymbolTableRecord
100
AcDbLayerTableRecord
  2
E-TELETECH
 70
0
 62
5
420
20680
  6
Continuous
370
35
390
13
347
21
1001
AcAecLayerStandard
1000

1000
Instalacje teletechniczne (LAN, TV, domofon)
  0
LAYER
  5
74
330
1
100
AcDbSymbolTableRecord
100
AcDbLayerTableRecord
  2
E-ODGROM
 70
0
 62
3
420
35328
  6
Continuous
370
35
390
13
347
21
1001
AcAecLayerStandard
1000

1000
Uziemienia, połączenia wyrównawcze, ochrona odgromowa
  0
LAYER
  5
75
330
1
100
AcDbSymbolTableRecord
100
AcDbLayerTableRecord
  2
E-OPISY
 70
0
 62
2
  6
Continuous
370
25
390
13
347
21
1001
AcAecLayerStandard
1000

1000
Instalacje elektryczne — opisy
  0
LAYER
  5
76
330
1
100
AcDbSymbolTableRecord
100
AcDbLayerTableRecord
  2
Z-GRANICE
 70
0
 62
1
  6
DWUPUNKTOWA
370
50
390
13
347
21
1001
AcAecLayerStandard
1000

1000
Granice działki, punkty graniczne
  0
LAYER
  5
77
330
1
100
AcDbSymbolTableRecord
100
AcDbLayerTableRecord
  2
Z-ZABUDOWA
 70
0
 62
7
  6
Continuous
370
50
390
13
347
21
1001
AcAecLayerStandard
1000

1000
Budynki projektowane i istniejące
  0
LAYER
  5
78
330
1
100
AcDbSymbolTableRecord
100
AcDbLayerTableRecord
  2
Z-LINIE-ZABUDOWY
 70
0
 62
1
420
12582912
  6
PUNKTOWA
370
35
390
13
347
21
1001
AcAecLayerStandard
1000

1000
Linie zabudowy (MPZP)
  0
LAYER
  5
79
330
1
100
AcDbSymbolTableRecord
100
AcDbLayerTableRecord
  2
Z-UTWARDZENIA
 70
0
 62
8
  6
Continuous
370
25
390
13
347
21
1001
AcAecLayerStandard
1000

1000
Nawierzchnie utwardzone
  0
LAYER
  5
7A
330
1
100
AcDbSymbolTableRecord
100
AcDbLayerTableRecord
  2
Z-ZIELEN
 70
0
 62
3
420
1997342
  6
Continuous
370
25
390
13
347
21
1001
AcAecLayerStandard
1000

1000
Zieleń: drzewa, krzewy, trawniki
  0
LAYER
  5
7B
330
1
100
AcDbSymbolTableRecord
100
AcDbLayerTableRecord
  2
Z-UZBROJENIE
 70
0
 62
5
  6
Continuous
370
35
390
13
347
21
1001
AcAecLayerStandard
1000

1000
Uzbrojenie terenu, sieci i przyłącza
  0
LAYER
  5
7C
330
1
100
AcDbSymbolTableRecord
100
AcDbLayerTableRecord
  2
Z-WARSTWICE
 70
0
 62
32
420
9067050
  6
Continuous
370
18
390
13
347
21
1001
AcAecLayerStandard
1000

1000
Warstwice i punkty wysokościowe
  0
LAYER
  5
7D
330
1
100
AcDbSymbolTableRecord
100
AcDbLayerTableRecord
  2
Z-OGRODZENIE
 70
0
 62
7
  6
Continuous
370
35
390
13
347
21
1001
AcAecLayerStandard
1000

1000
Ogrodzenie, bramy, furtki
  0
LAYER
  5
7E
330
1
100
AcDbSymbolTableRecord
100
AcDbLayerTableRecord
  2
Z-OPISY
 70
0
 62
2
  6
Continuous
370
25
390
13
347
21
1001
AcAecLayerStandard
1000

1000
Opisy zagospodarowania
  0
LAYER
  5
7F
330
1
100
AcDbSymbolTableRecord
100
AcDbLayerTableRecord
  2
Z-MAPA
 70
0
 62
8
420
5921370
  6
Continuous
370
18
390
13
347
21
1001
AcAecLayerStandard
1000

1000
Podkład: mapa do celów projektowych (przykładowa, fikcyjna)
  0
LAYER
  5
80
330
1
100
AcDbSymbolTableRecord
100
AcDbLayerTableRecord
  2
Z-MAPA-OPISY
 70
0
 62
8
420
5921370
  6
Continuous
370
25
390
13
347
21
1001
AcAecLayerStandard
1000

1000
Podkład: opisy mapy (numery działek, budynki, sieci)
  0
LAYER
  5
81
330
1
100
AcDbSymbolTableRecord
100
AcDbLayerTableRecord
  2
Z-MAPA-RAMKA
 70
0
 62
7
  6
Continuous
370
35
390
13
347
21
1001
AcAecLayerStandard
1000

1000
Ramka i opis podkładu mapowego
  0
LAYER
  5
82
330
1
100
AcDbSymbolTableRecord
100
AcDbLayerTableRecord
  2
Z-DZIALKA
 70
0
 62
1
  6
Continuous
370
35
390
13
347
21
1001
AcAecLayerStandard
1000

1000
Granica działki budowlanej (PN-B-01027 poz. 2.7)
  0
LAYER
  5
83
330
1
100
AcDbSymbolTableRecord
100
AcDbLayerTableRecord
  2
Z-LZ
 70
0
 62
1
420
12582912
  6
Continuous
370
35
390
13
347
21
1001
AcAecLayerStandard
1000

1000
Nieprzekraczalna linia zabudowy (MPZP, PN-B-01027 poz. 2.2)
  0
LAYER
  5
84
330
1
100
AcDbSymbolTableRecord
100
AcDbLayerTableRecord
  2
Z-DROGA
 70
0
 62
8
420
4210752
  6
Continuous
370
35
390
13
347
21
1001
AcAecLayerStandard
1000

1000
Droga publiczna: linie rozgraniczające, jezdnia
  0
LAYER
  5
85
330
1
100
AcDbSymbolTableRecord
100
AcDbLayerTableRecord
  2
Z-BUDYNEK
 70
0
 62
7
  6
Continuous
370
100
390
13
347
21
1001
AcAecLayerStandard
1000

1000
Budynek projektowany — obrys przyziemia 1,0 m nad terenem (PN-B-01027 poz. 1.1)
  0
LAYER
  5
86
330
1
100
AcDbSymbolTableRecord
100
AcDbLayerTableRecord
  2
Z-BUDYNEK-NAD
 70
0
 62
7
  6
KRESKOWA
370
50
390
13
347
21
1001
AcAecLayerStandard
1000

1000
Obrys wyższych kondygnacji, płyt i okapów (PN-B-01027 poz. 1.6)
  0
LAYER
  5
87
330
1
100
AcDbSymbolTableRecord
100
AcDbLayerTableRecord
  2
Z-WYMIARY
 70
0
 62
1
  6
Continuous
370
18
390
13
347
21
1001
AcAecLayerStandard
1000

1000
Wymiarowanie PZT — linie 0,18 (PN-B-01027 poz. 4)
  0
LAYER
  5
88
330
1
100
AcDbSymbolTableRecord
100
AcDbLayerTableRecord
  2
Z-RZEDNE
 70
0
 62
32
420
7029795
  6
Continuous
370
18
390
13
347
21
1001
AcAecLayerStandard
1000

1000
Rzędne terenu istniejącego i projektowanego (PN-B-01025)
  0
LAYER
  5
89
330
1
100
AcDbSymbolTableRecord
100
AcDbLayerTableRecord
  2
Z-RZEDNE-PROJ
 70
0
 62
1
  6
Continuous
370
18
390
13
347
21
1001
AcAecLayerStandard
1000

1000
Rzędne terenu projektowanego
  0
LAYER
  5
8A
330
1
100
AcDbSymbolTableRecord
100
AcDbLayerTableRecord
  2
Z-ODWODNIENIE
 70
0
 62
150
420
32906
  6
Continuous
370
25
390
13
347
21
1001
AcAecLayerStandard
1000

1000
Odwodnienie terenu, spadki, kierunki spływu
  0
LAYER
  5
8B
330
1
100
AcDbSymbolTableRecord
100
AcDbLayerTableRecord
  2
Z-SIECI-IST
 70
0
 62
5
  6
Continuous
370
25
390
13
347
21
1001
AcAecLayerStandard
1000

1000
Uzbrojenie istniejące (wg mapy)
  0
LAYER
  5
8C
330
1
100
AcDbSymbolTableRecord
100
AcDbLayerTableRecord
  2
Z-SIECI-PROJ
 70
0
 62
5
  6
Continuous
370
50
390
13
347
21
1001
AcAecLayerStandard
1000

1000
Uzbrojenie projektowane (przyłącza, kolektory)
  0
LAYER
  5
8D
330
1
100
AcDbSymbolTableRecord
100
AcDbLayerTableRecord
  2
Z-KOLIZJE
 70
0
 62
6
420
12583104
  6
Continuous
370
35
390
13
347
21
1001
AcAecLayerStandard
1000

1000
Kolizje, zbliżenia i skrzyżowania sieci
  0
LAYER
  5
8E
330
1
100
AcDbSymbolTableRecord
100
AcDbLayerTableRecord
  2
Z-TYCZENIE
 70
0
 62
1
  6
Continuous
370
25
390
13
347
21
1001
AcAecLayerStandard
1000

1000
Punkty tyczenia budynku
  0
LAYER
  5
8F
330
1
100
AcDbSymbolTableRecord
100
AcDbLayerTableRecord
  2
Z-STREFY
 70
0
 62
6
420
11534512
  6
Continuous
370
25
390
13
347
21
1001
AcAecLayerStandard
1000

1000
Strefy (R290 pompy ciepła)
  0
LAYER
  5
90
330
1
100
AcDbSymbolTableRecord
100
AcDbLayerTableRecord
  2
Z-TLO
 70
0
 62
7
  6
Continuous
370
18
390
13
347
21
1001
AcAecLayerStandard
1000

1000
Tło (maski wypełnień)
  0
LAYER
  5
91
330
1
100
AcDbSymbolTableRecord
100
AcDbLayerTableRecord
  2
I-PODKLAD
 70
0
 62
8
420
10132122
  6
Continuous
370
18
390
13
347
21
1001
AcAecLayerStandard
1000

1000
Podkład architektoniczny — rzut AR (szary, cienki)
  0
LAYER
  5
92
330
1
100
AcDbSymbolTableRecord
100
AcDbLayerTableRecord
  2
I-PODKLAD-SCIANY
 70
0
 62
8
420
7237230
  6
Continuous
370
25
390
13
347
21
1001
AcAecLayerStandard
1000

1000
Podkład architektoniczny — kontury ścian przeciętych
  0
LAYER
  5
93
330
1
100
AcDbSymbolTableRecord
100
AcDbLayerTableRecord
  2
I-PODKLAD-WYPELN
 70
0
 62
254
420
15132390
  6
Continuous
370
18
390
13
347
21
1001
AcAecLayerStandard
1000

1000
Podkład architektoniczny — wypełnienie ścian przeciętych
  0
LAYER
  5
94
330
1
100
AcDbSymbolTableRecord
100
AcDbLayerTableRecord
  2
I-POMIESZCZENIA
 70
0
 62
8
420
4868682
  6
Continuous
370
25
390
13
347
21
1001
AcAecLayerStandard
1000

1000
Podkład — numery i nazwy pomieszczeń
  0
LAYER
  5
95
330
1
100
AcDbSymbolTableRecord
100
AcDbLayerTableRecord
  2
I-OSIE
 70
0
 62
8
420
8026746
  6
PUNKTOWA
370
18
390
13
347
21
1001
AcAecLayerStandard
1000

1000
Podkład — osie konstrukcyjne
  0
LAYER
  5
96
330
1
100
AcDbSymbolTableRecord
100
AcDbLayerTableRecord
  2
I-BRAKI
 70
0
 62
6
420
11534474
  6
KRESKOWA
370
25
390
13
347
21
1001
AcAecLayerStandard
1000

1000
Elementy do uzupełnienia w modelu [DO UZUPEŁNIENIA] / proponowane
  0
LAYER
  5
97
330
1
100
AcDbSymbolTableRecord
100
AcDbLayerTableRecord
  2
E-PV
 70
0
 62
200
420
5975171
  6
Continuous
370
35
390
13
347
21
1001
AcAecLayerStandard
1000

1000
Instalacja fotowoltaiczna: moduły, trasy DC
  0
LAYER
  5
98
330
1
100
AcDbSymbolTableRecord
100
AcDbLayerTableRecord
  2
E-ALARM
 70
0
 62
5
420
2056104
  6
Continuous
370
35
390
13
347
21
1001
AcAecLayerStandard
1000

1000
Sygnalizacja włamania i napadu (SSWiN), czujki
  0
LAYER
  5
99
330
1
100
AcDbSymbolTableRecord
100
AcDbLayerTableRecord
  2
S-PC
 70
0
 62
1
420
12597547
  6
Continuous
370
35
390
13
347
21
1001
AcAecLayerStandard
1000

1000
Pompa ciepła — przewody czynnika grzewczego (zasilanie/powrót)
  0
LAYER
  5
9A
330
1
100
AcDbSymbolTableRecord
100
AcDbLayerTableRecord
  2
A-DET-HYDRO
 70
0
 62
5
420
1402304
  6
Continuous
370
50
390
13
347
21
1001
AcAecLayerStandard
1000

1000
Detal — hydroizolacja / ochrona przed wodą (linia niebieska)
  0
LAYER
  5
9B
330
1
100
AcDbSymbolTableRecord
100
AcDbLayerTableRecord
  2
A-DET-SZCZEL
 70
0
 62
1
420
13840175
  6
KRESKOWA
370
35
390
13
347
21
1001
AcAecLayerStandard
1000

1000
Detal — szczelność powietrzna (czerwona przerywana)
  0
LAYER
  5
9C
330
1
100
AcDbSymbolTableRecord
100
AcDbLayerTableRecord
  2
A-DET-PARO
 70
0
 62
6
420
8069026
  6
Continuous
370
35
390
13
347
21
1001
AcAecLayerStandard
1000

1000
Detal — paroizolacja / kontrola pary (fioletowa)
  0
LAYER
  5
9D
330
1
100
AcDbSymbolTableRecord
100
AcDbLayerTableRecord
  2
A-DET-IZOL
 70
0
 62
30
420
15690752
  6
Continuous
370
35
390
13
347
21
1001
AcAecLayerStandard
1000

1000
Detal — obrys izolacji cieplnej (pomarańczowy)
  0
LAYER
  5
9E
330
1
100
AcDbSymbolTableRecord
100
AcDbLayerTableRecord
  2
A-DET-TASMA
 70
0
 62
6
  6
Continuous
370
50
390
13
347
21
1001
AcAecLayerStandard
1000

1000
Detal — taśmy uszczelniające (paroszczelne / paroprzepuszczalne)
  0
LAYER
  5
9F
330
1
100
AcDbSymbolTableRecord
100
AcDbLayerTableRecord
  2
A-DET-MEMBRANY
 70
0
 62
8
420
4545124
  6
PUNKTOWA_KROTKA
370
25
390
13
347
21
1001
AcAecLayerStandard
1000

1000
Detal — membrany wiatroizolacyjne, włókniny, bariery
  0
LAYER
  5
A0
330
1
100
AcDbSymbolTableRecord
100
AcDbLayerTableRecord
  2
A-DET-OBROBKI
 70
0
 62
7
  6
Continuous
370
35
390
13
347
21
1001
AcAecLayerStandard
1000

1000
Detal — obróbki blacharskie, okapniki, rynny
  0
LAYER
  5
A1
330
1
100
AcDbSymbolTableRecord
100
AcDbLayerTableRecord
  2
A-DET-PRZERWA
 70
0
 62
8
  6
Continuous
370
25
390
13
347
21
1001
AcAecLayerStandard
1000

1000
Detal — linie przerwania
  0
LAYER
  5
A2
330
1
100
AcDbSymbolTableRecord
100
AcDbLayerTableRecord
  2
A-DET-OPIS
 70
0
 62
2
  6
Continuous
370
25
390
13
347
21
1001
AcAecLayerStandard
1000

1000
Detal — pole opisu (wyniki mostków, ocena 4 linii)
  0
ENDTAB
  0
TABLE
  2
STYLE
  5
5
330
0
100
AcDbSymbolTable
 70
5
  0
STYLE
  5
29
330
5
100
AcDbSymbolTableRecord
100
AcDbTextStyleTableRecord
  2
Standard
 70
0
 40
0.0
 41
1.0
 50
0.0
 71
0
 42
2.5
  3
txt
  4

  0
STYLE
  5
3A
330
5
100
AcDbSymbolTableRecord
100
AcDbTextStyleTableRecord
  2
PL_ARIAL
 70
0
 40
0.0
 41
1.0
 50
0.0
 71
0
 42
2.5
  3
arial.ttf
  4

  0
STYLE
  5
3B
330
5
100
AcDbSymbolTableRecord
100
AcDbTextStyleTableRecord
  2
PL_ARIAL_B
 70
0
 40
0.0
 41
1.0
 50
0.0
 71
0
 42
2.5
  3
arialbd.ttf
  4

  0
STYLE
  5
3C
330
5
100
AcDbSymbolTableRecord
100
AcDbTextStyleTableRecord
  2
PL_ARIAL_I
 70
0
 40
0.0
 41
1.0
 50
0.0
 71
0
 42
2.5
  3
ariali.ttf
  4

  0
STYLE
  5
3D
330
5
100
AcDbSymbolTableRecord
100
AcDbTextStyleTableRecord
  2
PL_ARIAL_BI
 70
0
 40
0.0
 41
1.0
 50
0.0
 71
0
 42
2.5
  3
arialbi.ttf
  4

  0
ENDTAB
  0
TABLE
  2
VIEW
  5
7
330
0
100
AcDbSymbolTable
 70
0
  0
ENDTAB
  0
TABLE
  2
UCS
  5
6
330
0
100
AcDbSymbolTable
 70
0
  0
ENDTAB
  0
TABLE
  2
APPID
  5
3
330
0
100
AcDbSymbolTable
 70
4
  0
APPID
  5
2A
330
3
100
AcDbSymbolTableRecord
100
AcDbRegAppTableRecord
  2
ACAD
 70
0
  0
APPID
  5
3F
330
3
100
AcDbSymbolTableRecord
100
AcDbRegAppTableRecord
  2
AcAecLayerStandard
 70
0
  0
APPID
  5
5CA
330
3
100
AcDbSymbolTableRecord
100
AcDbRegAppTableRecord
  2
HATCHBACKGROUNDCOLOR
 70
0
  0
APPID
  5
5CB
330
3
100
AcDbSymbolTableRecord
100
AcDbRegAppTableRecord
  2
EZDXF
 70
0
  0
ENDTAB
  0
TABLE
  2
DIMSTYLE
  5
4
330
0
100
AcDbSymbolTable
 70
1
100
AcDbDimStyleTable
  0
DIMSTYLE
105
2B
330
4
100
AcDbSymbolTableRecord
100
AcDbDimStyleTableRecord
  2
Standard
 70
0
 40
1.0
 41
2.5
 42
0.625
 43
3.75
 44
1.25
 45
0.0
 46
0.0
 47
0.0
 48
0.0
 49
2.5
140
2.5
141
2.5
142
0.0
143
0.03937007874
144
1.0
145
0.0
146
1.0
147
0.625
148
0.0
 69
0
 70
0
 71
0
 72
0
 73
0
 74
0
 75
0
 76
0
 77
1
 78
8
 79
3
170
0
171
3
172
1
173
0
174
0
175
0
176
0
177
0
178
0
179
2
271
2
272
2
273
2
274
3
275
0
276
0
277
2
278
44
279
0
280
0
281
0
282
0
283
0
284
8
285
0
286
0
288
0
289
3
290
0
371
-2
372
-2
  0
ENDTAB
  0
TABLE
  2
BLOCK_RECORD
  5
9
330
0
100
AcDbSymbolTable
 70
2
  0
BLOCK_RECORD
  5
17
330
9
100
AcDbSymbolTableRecord
100
AcDbBlockTableRecord
  2
*Model_Space
340
1A
 70
0
280
1
281
0
  0
BLOCK_RECORD
  5
1B
330
9
100
AcDbSymbolTableRecord
100
AcDbBlockTableRecord
  2
*Paper_Space
340
1E
 70
0
280
1
281
0
  0
ENDTAB
  0
ENDSEC
  0
SECTION
  2
BLOCKS
  0
BLOCK
  5
18
330
17
100
AcDbEntity
  8
0
100
AcDbBlockBegin
  2
*Model_Space
 70
0
 10
0.0
 20
0.0
 30
0.0
  3
*Model_Space
  1

  0
ENDBLK
  5
19
330
17
100
AcDbEntity
  8
0
100
AcDbBlockEnd
  0
BLOCK
  5
1C
330
1B
100
AcDbEntity
  8
0
100
AcDbBlockBegin
  2
*Paper_Space
 70
0
 10
0.0
 20
0.0
 30
0.0
  3
*Paper_Space
  1

  0
ENDBLK
  5
1D
330
1B
100
AcDbEntity
  8
0
100
AcDbBlockEnd
  0
ENDSEC
  0
SECTION
  2
ENTITIES
  0
HATCH
  5
1FB
330
17
100
AcDbEntity
  8
I-PODKLAD-WYPELN
 62
7
420
13619151
100
AcDbHatch
 10
0.0
 20
0.0
 30
0.0
210
0.0
220
0.0
230
1.0
  2
SOLID
 70
1
 71
0
 91
1
 92
3
 72
0
 73
1
 93
4
 10
2.26
 20
-0.06
 10
2.14
 20
-0.06
 10
2.14
 20
0.06
 10
2.26
 20
0.06
 97
0
 75
0
 76
1
 98
0
  0
HATCH
  5
1FC
330
17
100
AcDbEntity
  8
I-PODKLAD-WYPELN
 62
7
420
13619151
100
AcDbHatch
 10
0.0
 20
0.0
 30
0.0
210
0.0
220
0.0
230
1.0
  2
SOLID
 70
1
 71
0
 91
1
 92
3
 72
0
 73
1
 93
4
 10
4.04
 20
-0.06
 10
4.04
 20
0.06
 10
4.16
 20
0.06
 10
4.16
 20
-0.06
 97
0
 75
0
 76
1
 98
0
  0
HATCH
  5
1FD
330
17
100
AcDbEntity
  8
I-PODKLAD-WYPELN
 62
7
420
13619151
100
AcDbHatch
 10
0.0
 20
0.0
 30
0.0
210
0.0
220
0.0
230
1.0
  2
SOLID
 70
1
 71
0
 91
1
 92
3
 72
0
 73
1
 93
4
 10
6.380000000000001
 20
-0.06
 10
6.380000000000001
 20
0.06
 10
6.5
 20
0.06
 10
6.5
 20
-0.06
 97
0
 75
0
 76
1
 98
0
  0
HATCH
  5
1FE
330
17
100
AcDbEntity
  8
I-PODKLAD-WYPELN
 62
7
420
13619151
100
AcDbHatch
 10
0.0
 20
0.0
 30
0.0
210
0.0
220
0.0
230
1.0
  2
SOLID
 70
1
 71
0
 91
1
 92
3
 72
0
 73
1
 93
4
 10
8.72
 20
-0.06
 10
8.72
 20
0.06
 10
8.84
 20
0.06
 10
8.84
 20
-0.06
 97
0
 75
0
 76
1
 98
0
  0
HATCH
  5
1FF
330
17
100
AcDbEntity
  8
I-PODKLAD-WYPELN
 62
7
420
13619151
100
AcDbHatch
 10
0.0
 20
0.0
 30
0.0
210
0.0
220
0.0
230
1.0
  2
SOLID
 70
1
 71
0
 91
1
 92
3
 72
0
 73
1
 93
4
 10
11.91
 20
6.6
 10
11.05
 20
6.6
 10
11.05
 20
6.65
 10
11.91
 20
6.65
 97
0
 75
0
 76
1
 98
0
  0
HATCH
  5
200
330
17
100
AcDbEntity
  8
I-PODKLAD-WYPELN
 62
7
420
13619151
100
AcDbHatch
 10
0.0
 20
0.0
 30
0.0
210
0.0
220
0.0
230
1.0
  2
SOLID
 70
1
 71
0
 91
1
 92
3
 72
0
 73
1
 93
4
 10
9.875
 20
6.65
 10
10.15
 20
6.65
 10
10.15
 20
6.6
 10
9.875
 20
6.6
 97
0
 75
0
 76
1
 98
0
  0
HATCH
  5
201
330
17
100
AcDbEntity
  8
I-PODKLAD-WYPELN
 62
7
420
13619151
100
AcDbHatch
 10
0.0
 20
0.0
 30
0.0
210
0.0
220
0.0
230
1.0
  2
SOLID
 70
1
 71
0
 91
1
 92
3
 72
0
 73
1
 93
3
 10
6.5475
 20
7.008000000000001
 10
6.5724494028981315
 20
6.8906222879119445
 10
6.522550597101869
 20
6.8906222879119445
 97
0
 75
0
 76
1
 98
0
  0
HATCH
  5
202
330
17
100
AcDbEntity
  8
I-PODKLAD-WYPELN
 62
7
420
13619151
100
AcDbHatch
 10
0.0
 20
0.0
 30
0.0
210
0.0
220
0.0
230
1.0
  2
SOLID
 70
1
 71
0
 91
1
 92
3
 72
0
 73
1
 93
3
 10
5.14425
 20
0.06500000000000003
 10
5.036653763919282
 20
0.042129714010046504
 10
5.036653763919282
 20
0.08787028598995356
 97
0
 75
0
 76
1
 98
0
  0
HATCH
  5
203
330
17
100
AcDbEntity
  8
I-PODKLAD-WYPELN
 62
7
420
13619151
100
AcDbHatch
 10
0.0
 20
0.0
 30
0.0
210
0.0
220
0.0
230
1.0
  2
SOLID
 70
1
 71
0
 91
1
 92
3
 72
0
 73
1
 93
3
 10
7.48425
 20
0.06500000000000003
 10
7.376653763919282
 20
0.042129714010046504
 10
7.376653763919282
 20
0.08787028598995356
 97
0
 75
0
 76
1
 98
0
  0
HATCH
  5
204
330
17
100
AcDbEntity
  8
I-PODKLAD-WYPELN
 62
7
420
13619151
100
AcDbHatch
 10
0.0
 20
0.0
 30
0.0
210
0.0
220
0.0
230
1.0
  2
SOLID
 70
1
 71
0
 91
1
 92
3
 72
0
 73
1
 93
3
 10
0.06500000000000003
 20
2.5392499999999996
 10
0.042129714010046504
 20
2.646846236080718
 10
0.08787028598995356
 20
2.646846236080718
 97
0
 75
0
 76
1
 98
0
  0
HATCH
  5
205
330
17
100
AcDbEntity
  8
I-PODKLAD-WYPELN
 62
7
420
13619151
100
AcDbHatch
 10
0.0
 20
0.0
 30
0.0
210
0.0
220
0.0
230
1.0
  2
SOLID
 70
1
 71
0
 91
1
 92
3
 72
0
 73
1
 93
3
 10
4.18
 20
8.35
 10
4.268033284066043
 20
8.368712052173597
 10
4.268033284066043
 20
8.331287947826402
 97
0
 75
0
 76
1
 98
0
  0
HATCH
  5
206
330
17
100
AcDbEntity
  8
I-PODKLAD-WYPELN
 62
7
420
13619151
100
AcDbHatch
 10
0.0
 20
0.0
 30
0.0
210
0.0
220
0.0
230
1.0
  2
SOLID
 70
1
 71
0
 91
1
 92
3
 72
0
 73
1
 93
3
 10
4.18
 20
8.1
 10
4.268033284066043
 20
8.118712052173597
 10
4.268033284066043
 20
8.081287947826402
 97
0
 75
0
 76
1
 98
0
  0
HATCH
  5
207
330
17
100
AcDbEntity
  8
I-PODKLAD-WYPELN
 62
7
420
13619151
100
AcDbHatch
 10
0.0
 20
0.0
 30
0.0
210
0.0
220
0.0
230
1.0
  2
SOLID
 70
1
 71
0
 91
1
 92
3
 72
0
 73
1
 93
3
 10
4.18
 20
7.85
 10
4.268033284066043
 20
7.868712052173598
 10
4.268033284066043
 20
7.831287947826401
 97
0
 75
0
 76
1
 98
0
  0
HATCH
  5
208
330
17
100
AcDbEntity
  8
I-PODKLAD-WYPELN
 62
7
420
13619151
100
AcDbHatch
 10
0.0
 20
0.0
 30
0.0
210
0.0
220
0.0
230
1.0
  2
SOLID
 70
1
 71
0
 91
1
 92
3
 72
0
 73
1
 93
3
 10
12.8
 20
-0.65
 10
12.695
 20
-0.9500000000000001
 10
12.905000000000001
 20
-0.9500000000000001
 97
0
 75
0
 76
1
 98
0
  0
HATCH
  5
209
330
17
100
AcDbEntity
  8
I-PODKLAD-WYPELN
 62
7
420
13619151
100
AcDbHatch
 10
0.0
 20
0.0
 30
0.0
210
0.0
220
0.0
230
1.0
  2
SOLID
 70
1
 71
0
 91
1
 92
3
 72
0
 73
1
 93
3
 10
19.025000000000002
 20
5.4
 10
19.325000000000003
 20
5.295
 10
19.325000000000003
 20
5.505000000000001
 97
0
 75
0
 76
1
 98
0
  0
HATCH
  5
20A
330
17
100
AcDbEntity
  8
I-PODKLAD-WYPELN
 62
7
420
13619151
100
AcDbHatch
 10
0.0
 20
0.0
 30
0.0
210
0.0
220
0.0
230
1.0
  2
SOLID
 70
1
 71
0
 91
1
 92
3
 72
0
 73
1
 93
3
 10
10.6
 20
9.4
 10
10.705
 20
9.700000000000001
 10
10.495
 20
9.700000000000001
 97
0
 75
0
 76
1
 98
0
  0
HATCH
  5
20B
330
17
100
AcDbEntity
  8
I-PODKLAD-WYPELN
 62
7
420
15000804
100
AcDbHatch
 10
0.0
 20
0.0
 30
0.0
210
0.0
220
0.0
230
1.0
  2
SOLID
 70
1
 71
0
 91
1
 92
3
 72
0
 73
1
 93
38
 10
2.1400000000000574
 20
-0.29999999999994253
 10
2.14
 20
-0.299999999998777
 10
2.14
 20
-0.09000000000122296
 10
2.1400000000000574
 20
-0.09000000000005746
 10
2.140000000001227
 20
-0.09
 10
2.1400000000000574
 20
-0.08999999999994253
 10
2.14
 20
-0.08999999999877703
 10
2.14
 20
-0.06000000000122296
 10
2.1400000000000574
 20
-0.06000000000005747
 10
2.140000000001227
 20
-0.06
 10
2.14
 20
-0.06
 10
2.14
 20
0.06
 10
2.140000000001227
 20
0.06
 10
2.1400000000000574
 20
0.060000000000057466
 10
2.14
 20
0.06000000000122296
 10
2.14
 20
0.10499999999877703
 10
2.1400000000000574
 20
0.10499999999994253
 10
2.140000000001227
 20
0.105
 10
2.2599999999987728
 20
0.105
 10
2.2599999999999425
 20
0.10499999999994253
 10
2.26
 20
0.10499999999877703
 10
2.26
 20
0.06000000000122296
 10
2.2599999999999425
 20
0.06000000000005747
 10
2.2599999999987728
 20
0.06
 10
2.26
 20
0.06
 10
2.26
 20
-0.06
 10
2.2599999999987728
 20
-0.06
 10
2.2599999999999425
 20
-0.060000000000057466
 10
2.26
 20
-0.06000000000122296
 10
2.26
 20
-0.08999999999877703
 10
2.2599999999999425
 20
-0.08999999999994253
 10
2.2599999999987728
 20
-0.09
 10
2.2599999999999425
 20
-0.09000000000005746
 10
2.26
 20
-0.09000000000122296
 10
2.26
 20
-0.299999999998777
 10
2.2599999999999425
 20
-0.2999999999999425
 10
2.2599999999987728
 20
-0.3
 10
2.140000000001227
 20
-0.3
 97
0
 75
0
 76
1
 98
0
  0
HATCH
  5
20C
330
17
100
AcDbEntity
  8
I-PODKLAD-WYPELN
 62
7
420
15000804
100
AcDbHatch
 10
0.0
 20
0.0
 30
0.0
210
0.0
220
0.0
230
1.0
  2
SOLID
 70
1
 71
0
 91
1
 92
3
 72
0
 73
1
 93
38
 10
4.0400000000012275
 20
0.06
 10
4.040000000000057
 20
0.0600000000000575
 10
4.04
 20
0.06000000000122296
 10
4.04
 20
0.10499999999877703
 10
4.040000000000057
 20
0.10499999999994293
 10
4.0400000000012275
 20
0.105
 10
4.159999999998773
 20
0.105
 10
4.159999999999943
 20
0.1049999999999425
 10
4.16
 20
0.10499999999877703
 10
4.16
 20
0.06000000000122296
 10
4.159999999999943
 20
0.06000000000005709
 10
4.159999999998773
 20
0.06
 10
4.16
 20
0.06
 10
4.16
 20
-0.06
 10
4.159999999998773
 20
-0.06
 10
4.159999999999943
 20
-0.0600000000000575
 10
4.16
 20
-0.06000000000122296
 10
4.16
 20
-0.08999999999877703
 10
4.159999999999943
 20
-0.08999999999994293
 10
4.159999999998773
 20
-0.09
 10
4.159999999999943
 20
-0.09000000000005749
 10
4.16
 20
-0.09000000000122296
 10
4.16
 20
-0.299999999998777
 10
4.159999999999943
 20
-0.2999999999999425
 10
4.159999999998773
 20
-0.3
 10
4.0400000000012275
 20
-0.3
 10
4.040000000000057
 20
-0.2999999999999425
 10
4.04
 20
-0.299999999998777
 10
4.04
 20
-0.09000000000122296
 10
4.040000000000057
 20
-0.09000000000005706
 10
4.0400000000012275
 20
-0.09
 10
4.040000000000057
 20
-0.0899999999999425
 10
4.04
 20
-0.08999999999877703
 10
4.04
 20
-0.06000000000122296
 10
4.040000000000057
 20
-0.06000000000005709
 10
4.0400000000012275
 20
-0.06
 10
4.04
 20
-0.06
 10
4.04
 20
0.06
 97
0
 75
0
 76
1
 98
0
  0
HATCH
  5
20D
330
17
100
AcDbEntity
  8
I-PODKLAD-WYPELN
 62
7
420
15000804
100
AcDbHatch
 10
0.0
 20
0.0
 30
0.0
210
0.0
220
0.0
230
1.0
  2
SOLID
 70
1
 71
0
 91
1
 92
3
 72
0
 73
1
 93
38
 10
6.380000000000001
 20
-0.299999999998777
 10
6.380000000000001
 20
-0.09000000000122296
 10
6.380000000000058
 20
-0.09000000000005706
 10
6.380000000001228
 20
-0.09
 10
6.380000000000058
 20
-0.0899999999999425
 10
6.380000000000001
 20
-0.08999999999877703
 10
6.380000000000001
 20
-0.06000000000122296
 10
6.380000000000058
 20
-0.06000000000005709
 10
6.380000000001228
 20
-0.06
 10
6.380000000000001
 20
-0.06
 10
6.380000000000001
 20
0.06
 10
6.380000000001228
 20
0.06
 10
6.380000000000058
 20
0.0600000000000575
 10
6.380000000000001
 20
0.06000000000122296
 10
6.380000000000001
 20
0.10499999999877703
 10
6.380000000000058
 20
0.10499999999994293
 10
6.380000000001228
 20
0.105
 10
6.4999999999987725
 20
0.105
 10
6.499999999999943
 20
0.1049999999999425
 10
6.5
 20
0.10499999999877703
 10
6.5
 20
0.06000000000122296
 10
6.499999999999943
 20
0.06000000000005709
 10
6.4999999999987725
 20
0.06
 10
6.5
 20
0.06
 10
6.5
 20
-0.06
 10
6.4999999999987725
 20
-0.06
 10
6.499999999999943
 20
-0.0600000000000575
 10
6.5
 20
-0.06000000000122296
 10
6.5
 20
-0.08999999999877703
 10
6.499999999999943
 20
-0.08999999999994293
 10
6.4999999999987725
 20
-0.09
 10
6.499999999999943
 20
-0.09000000000005749
 10
6.5
 20
-0.09000000000122296
 10
6.5
 20
-0.299999999998777
 10
6.499999999999943
 20
-0.2999999999999425
 10
6.4999999999987725
 20
-0.3
 10
6.380000000001228
 20
-0.3
 10
6.380000000000058
 20
-0.2999999999999425
 97
0
 75
0
 76
1
 98
0
  0
HATCH
  5
20E
330
17
100
AcDbEntity
  8
I-PODKLAD-WYPELN
 62
7
420
15000804
100
AcDbHatch
 10
0.0
 20
0.0
 30
0.0
210
0.0
220
0.0
230
1.0
  2
SOLID
 70
1
 71
0
 91
3
 92
3
 72
0
 73
1
 93
32
 10
0.35999999999994253
 20
-0.08999999999994253
 10
0.3599999999987725
 20
-0.09
 10
0.35999999999994253
 20
-0.09000000000005746
 10
0.36
 20
-0.0900000000012272
 10
0.36
 20
-0.2999999999987728
 10
0.35999999999994253
 20
-0.29999999999994253
 10
0.3599999999987728
 20
-0.3
 10
-0.2999999999987728
 20
-0.3
 10
-0.29999999999986987
 20
-0.2999999999999461
 10
-0.2999999999991322
 20
-0.2999999999991322
 10
-0.2999999999999461
 20
-0.29999999999986987
 10
-0.3
 20
-0.2999999999987728
 10
-0.3
 20
1.199999999998772
 10
-0.29999999999994253
 20
1.1999999999999418
 10
-0.29999999999877247
 20
1.1999999999999993
 10
-0.09000000000122749
 20
1.1999999999999993
 10
-0.09000000000005748
 20
1.1999999999999418
 10
-0.09
 20
1.1999999999987718
 10
-0.08999999999994251
 20
1.1999999999999418
 10
-0.0899999999987725
 20
1.1999999999999993
 10
0.1049999999987725
 20
1.1999999999999993
 10
0.10499999999994251
 20
1.1999999999999418
 10
0.105
 20
1.1999999999987718
 10
0.105
 20
0.1050000000012274
 10
0.1049999999999409
 20
0.10500000000002446
 10
0.10499999999913215
 20
0.10499999999913215
 10
0.10500000000002446
 20
0.1049999999999409
 10
0.1050000000012274
 20
0.105
 10
0.3599999999987725
 20
0.105
 10
0.35999999999994253
 20
0.10499999999994253
 10
0.36
 20
0.1049999999987728
 10
0.36
 20
-0.0899999999987728
 97
0
 92
2
 72
0
 73
1
 93
6
 10
-0.08999999999877259
 20
-0.09
 10
-0.08999999999994253
 20
-0.08999999999994253
 10
-0.09
 20
-0.08999999999877259
 10
-0.09000000000005909
 20
-0.08999999999997553
 10
-0.09000000000086784
 20
-0.09000000000086784
 10
-0.08999999999997553
 20
-0.09000000000005909
 97
0
 92
2
 72
0
 73
1
 93
5
 10
-0.08999999999877259
 20
0.09
 10
-0.08999999999994253
 20
0.09000000000005746
 10
-0.09
 20
0.0900000000012274
 10
-0.09
 20
0.08999999999877259
 10
-0.08999999999994253
 20
0.08999999999994253
 97
0
 75
0
 76
1
 98
0
  0
HATCH
  5
20F
330
17
100
AcDbEntity
  8
I-PODKLAD-WYPELN
 62
7
420
15000804
100
AcDbHatch
 10
0.0
 20
0.0
 30
0.0
210
0.0
220
0.0
230
1.0
  2
SOLID
 70
1
 71
0
 91
1
 92
3
 72
0
 73
1
 93
46
 10
3.77
 20
5.23
 10
3.77
 20
5.33
 10
3.965
 20
5.33
 10
3.98
 20
5.33
 10
3.98
 20
5.23
 10
4.199999999998175
 20
5.23
 10
4.199999999998928
 20
5.229999999999982
 10
4.199999999999887
 20
5.229999999999888
 10
4.1999999999999815
 20
5.229999999998928
 10
4.2
 20
5.229999999998175
 10
4.2
 20
5.035000000001825
 10
4.199999999999995
 20
5.035000000001602
 10
4.199999999999981
 20
5.035000000000406
 10
4.2
 20
5.020000000001222
 10
4.199999999999943
 20
5.020000000000056
 10
4.199999999998778
 20
5.02
 10
0.10500000000122296
 20
5.02
 10
0.10500000000005706
 20
5.020000000000056
 10
0.105
 20
5.020000000001227
 10
0.105
 20
3.6000000000012267
 10
0.10499999999994253
 20
3.600000000000057
 10
0.10499999999877703
 20
3.5999999999999996
 10
-0.08999999999877703
 20
3.5999999999999996
 10
-0.08999999999994253
 20
3.600000000000057
 10
-0.09
 20
3.6000000000012267
 10
-0.09000000000005746
 20
3.600000000000057
 10
-0.09000000000122296
 20
3.5999999999999996
 10
-0.299999999998777
 20
3.5999999999999996
 10
-0.2999999999999425
 20
3.600000000000057
 10
-0.3
 20
3.6000000000012267
 10
-0.3
 20
5.799999999998772
 10
-0.2999999999999425
 20
5.799999999999943
 10
-0.299999999998777
 20
5.8
 10
-0.09000000000122296
 20
5.8
 10
-0.09000000000005706
 20
5.799999999999943
 10
-0.09
 20
5.799999999998772
 10
-0.0899999999999425
 20
5.799999999999943
 10
-0.08999999999877703
 20
5.8
 10
0.10499999999877703
 20
5.8
 10
0.10499999999994293
 20
5.799999999999943
 10
0.105
 20
5.799999999998772
 10
0.105
 20
5.22999999999816
 10
0.10500000000001912
 20
5.229999999998939
 10
0.10500000000011253
 20
5.229999999999888
 10
0.10500000000107516
 20
5.229999999999982
 10
0.10500000000182613
 20
5.23
 97
0
 75
0
 76
1
 98
0
  0
HATCH
  5
210
330
17
100
AcDbEntity
  8
I-PODKLAD-WYPELN
 62
7
420
15000804
100
AcDbHatch
 10
0.0
 20
0.0
 30
0.0
210
0.0
220
0.0
230
1.0
  2
SOLID
 70
1
 71
0
 91
1
 92
3
 72
0
 73
1
 93
60
 10
7.114999999977779
 20
5.035000000008426
 10
7.11499999998172
 20
5.035000000011349
 10
7.114999999985356
 20
5.035000000014644
 10
7.114999999988651
 20
5.035000000018281
 10
7.114999999991574
 20
5.0350000000222215
 10
7.1149999999940965
 20
5.0350000000264306
 10
7.114999999996194
 20
5.035000000030866
 10
7.114999999997847
 20
5.0350000000354855
 10
7.114999999999039
 20
5.035000000040245
 10
7.1149999999997595
 20
5.035000000045099
 10
7.115
 20
5.03500000005
 10
7.115
 20
5.214999999998175
 10
7.115000000000019
 20
5.214999999998928
 10
7.115000000000113
 20
5.214999999999887
 10
7.115000000001072
 20
5.214999999999981
 10
7.115000000001825
 20
5.215
 10
7.115
 20
5.215
 10
7.115
 20
7.47
 10
7.265
 20
7.47
 10
7.265
 20
5.215
 10
7.279999999978067
 20
5.215
 10
7.27999999998051
 20
5.215000000000059
 10
7.279999999981708
 20
5.215000000000118
 10
7.279999999986595
 20
5.2150000000005985
 10
7.279999999991411
 20
5.215000000001556
 10
7.279999999996109
 20
5.2150000000029815
 10
7.280000000000645
 20
5.21500000000486
 10
7.280000000004976
 20
5.2150000000071755
 10
7.280000000009058
 20
5.215000000009904
 10
7.280000000012852
 20
5.21500000001302
 10
7.280000000013739
 20
5.2150000000138235
 10
7.280000000015507
 20
5.215000000015507
 10
7.294999999998713
 20
5.2299999999987135
 10
7.29499999999928
 20
5.229999999999253
 10
7.295000000000048
 20
5.229999999999883
 10
7.2950000000010435
 20
5.229999999999981
 10
7.29500000000182
 20
5.23
 10
7.399999999998175
 20
5.23
 10
7.399999999998928
 20
5.229999999999982
 10
7.399999999999888
 20
5.229999999999888
 10
7.399999999999982
 20
5.229999999998928
 10
7.4
 20
5.229999999998175
 10
7.4
 20
5.035000000001825
 10
7.399999999999995
 20
5.035000000001602
 10
7.399999999999981
 20
5.035000000000406
 10
7.4
 20
5.020000000001222
 10
7.3999999999999435
 20
5.020000000000056
 10
7.399999999998778
 20
5.02
 10
7.085000000001222
 20
5.02
 10
7.08500000000013
 20
5.020000000000053
 10
7.085000000000862
 20
5.020000000000862
 10
7.099999999999137
 20
5.034999999999138
 10
7.100000000000024
 20
5.0349999999999415
 10
7.100000000001222
 20
5.035
 10
7.11499999995
 20
5.035
 10
7.114999999954901
 20
5.035000000000241
 10
7.114999999959755
 20
5.035000000000961
 10
7.114999999964515
 20
5.035000000002153
 10
7.114999999969134
 20
5.035000000003806
 10
7.11499999997357
 20
5.035000000005904
 97
0
 75
0
 76
1
 98
0
  0
HATCH
  5
211
330
17
100
AcDbEntity
  8
I-PODKLAD-WYPELN
 62
7
420
15000804
100
AcDbHatch
 10
0.0
 20
0.0
 30
0.0
210
0.0
220
0.0
230
1.0
  2
SOLID
 70
1
 71
0
 91
4
 92
3
 72
0
 73
1
 93
53
 10
4.079999999998928
 20
6.487499999999981
 10
4.079999999999887
 20
6.487499999999887
 10
4.079999999999981
 20
6.487499999998928
 10
4.08
 20
6.487499999998175
 10
4.08
 20
6.387500000001825
 10
4.079999999999995
 20
6.3875000000016025
 10
4.0799999999999805
 20
6.387500000000406
 10
4.08
 20
6.362500000001222
 10
4.079999999999943
 20
6.362500000000057
 10
4.079999999998778
 20
6.3625
 10
3.980000000001223
 20
6.3625
 10
3.9800000000000573
 20
6.362500000000057
 10
3.98
 20
6.362500000001222
 10
3.98
 20
6.23
 10
3.965
 20
6.23
 10
3.77
 20
6.23
 10
3.77
 20
8.645
 10
0.10500000000124565
 20
8.645
 10
0.10500000000002223
 20
8.64500000000006
 10
0.10499999999913534
 20
8.645000000000865
 10
0.10499999999912661
 20
8.645000000000874
 10
0.10499999999994125
 20
8.644999999999975
 10
0.105
 20
8.644999999998772
 10
0.105
 20
7.600000000001227
 10
0.1049999999999425
 20
7.6000000000000565
 10
0.10499999999877703
 20
7.6
 10
-0.08999999999877703
 20
7.6
 10
-0.08999999999994293
 20
7.6000000000000565
 10
-0.09
 20
7.600000000001227
 10
-0.09000000000005749
 20
7.6000000000000565
 10
-0.09000000000122296
 20
7.6
 10
-0.299999999998777
 20
7.6
 10
-0.2999999999999425
 20
7.6000000000000565
 10
-0.3
 20
7.600000000001227
 10
-0.3
 20
9.049999999998773
 10
-0.29999999999994603
 20
9.049999999999871
 10
-0.2999999999991381
 20
9.04999999999914
 10
-0.3
 20
9.05
 10
4.3
 20
9.05
 10
4.3
 20
8.84
 10
4.299999999998755
 20
8.84
 10
4.299999999999943
 20
8.839999999999941
 10
4.3
 20
8.839999999998776
 10
4.3
 20
8.645000000001223
 10
4.299999999999943
 20
8.645000000000058
 10
4.299999999998755
 20
8.645
 10
3.98
 20
8.645
 10
3.98
 20
6.487499999998161
 10
3.980000000000019
 20
6.4874999999989384
 10
3.9800000000001123
 20
6.487499999999887
 10
3.9800000000010756
 20
6.487499999999982
 10
3.9800000000018265
 20
6.4875
 10
4.079999999998175
 20
6.4875
 97
0
 92
2
 72
0
 73
1
 93
3
 10
0.09000000001464428
 20
8.659999999985356
 10
0.09000000001463969
 20
8.65999999998536
 10
0.09830357142957179
 20
8.651696428570428
 97
0
 92
2
 72
0
 73
1
 93
5
 10
-0.08999999999994296
 20
8.660000000000059
 10
-0.09
 20
8.660000000001228
 10
-0.09
 20
8.659999999998773
 10
-0.08999999999994261
 20
8.659999999999942
 10
-0.08999999999875431
 20
8.66
 97
0
 92
2
 72
0
 73
1
 93
6
 10
-0.08999999999994261
 20
8.839999999999941
 10
-0.08999999999875431
 20
8.84
 10
-0.09
 20
8.84
 10
-0.0900000000008692
 20
8.840000000000868
 10
-0.09000000000005874
 20
8.839999999999975
 10
-0.09
 20
8.839999999998772
 97
0
 75
0
 76
1
 98
0
  0
HATCH
  5
212
330
17
100
AcDbEntity
  8
I-PODKLAD-WYPELN
 62
7
420
15000804
100
AcDbHatch
 10
0.0
 20
0.0
 30
0.0
210
0.0
220
0.0
230
1.0
  2
SOLID
 70
1
 71
0
 91
1
 92
3
 72
0
 73
1
 93
38
 10
8.72000000000006
 20
-0.2999999999999426
 10
8.72
 20
-0.2999999999987543
 10
8.72
 20
-0.09000000000124568
 10
8.72000000000006
 20
-0.09000000000005703
 10
8.720000000001228
 20
-0.09
 10
8.72000000000006
 20
-0.08999999999994261
 10
8.72
 20
-0.08999999999875431
 10
8.72
 20
-0.06000000000124568
 10
8.72000000000006
 20
-0.06000000000005709
 10
8.720000000001228
 20
-0.06
 10
8.72
 20
-0.06
 10
8.72
 20
0.06
 10
8.720000000001228
 20
0.06
 10
8.72000000000006
 20
0.06000000000005739
 10
8.72
 20
0.06000000000124568
 10
8.72
 20
0.10499999999875431
 10
8.72000000000006
 20
0.10499999999994296
 10
8.720000000001228
 20
0.105
 10
8.839999999998772
 20
0.105
 10
8.839999999999941
 20
0.10499999999994261
 10
8.84
 20
0.10499999999875431
 10
8.84
 20
0.06000000000124568
 10
8.839999999999941
 20
0.06000000000005709
 10
8.839999999998772
 20
0.06
 10
8.84
 20
0.06
 10
8.84
 20
-0.06
 10
8.839999999998772
 20
-0.06
 10
8.839999999999941
 20
-0.06000000000005739
 10
8.84
 20
-0.06000000000124568
 10
8.84
 20
-0.08999999999875431
 10
8.839999999999941
 20
-0.08999999999994296
 10
8.839999999998772
 20
-0.09
 10
8.839999999999941
 20
-0.09000000000005738
 10
8.84
 20
-0.09000000000124568
 10
8.84
 20
-0.2999999999987543
 10
8.839999999999941
 20
-0.2999999999999429
 10
8.839999999998772
 20
-0.3
 10
8.720000000001228
 20
-0.3
 97
0
 75
0
 76
1
 98
0
  0
HATCH
  5
213
330
17
100
AcDbEntity
  8
I-PODKLAD-WYPELN
 62
7
420
15000804
100
AcDbHatch
 10
0.0
 20
0.0
 30
0.0
210
0.0
220
0.0
230
1.0
  2
SOLID
 70
1
 71
0
 91
4
 92
3
 72
0
 73
1
 93
23
 10
12.09
 20
0.35
 10
12.105
 20
0.35
 10
12.105
 20
0.105
 10
12.35
 20
0.105
 10
12.35
 20
-0.09
 10
12.35
 20
-0.3
 10
12.0
 20
-0.3
 10
12.0
 20
-0.2999999999987543
 10
11.999999999999941
 20
-0.2999999999999429
 10
11.999999999998773
 20
-0.3
 10
11.700000000001227
 20
-0.3
 10
11.700000000000058
 20
-0.2999999999999426
 10
11.7
 20
-0.2999999999987543
 10
11.7
 20
-0.09000000000124568
 10
11.700000000000058
 20
-0.09000000000005703
 10
11.700000000001227
 20
-0.09
 10
11.700000000000058
 20
-0.08999999999994261
 10
11.7
 20
-0.08999999999875431
 10
11.7
 20
0.10499999999875431
 10
11.700000000000058
 20
0.10499999999994296
 10
11.700000000001227
 20
0.105
 10
11.895
 20
0.105
 10
11.895
 20
0.35
 97
0
 92
2
 72
0
 73
1
 93
4
 10
11.91
 20
0.10499999999875431
 10
11.91
 20
0.105
 10
11.909999999998773
 20
0.105
 10
11.909999999999942
 20
0.10499999999994261
 97
0
 92
2
 72
0
 73
1
 93
4
 10
12.0
 20
0.08999999999875431
 10
12.0
 20
0.09
 10
11.999999999998773
 20
0.09
 10
11.999999999999941
 20
0.08999999999994261
 97
0
 92
2
 72
0
 73
1
 93
6
 10
12.0
 20
-0.08999999999875431
 10
11.999999999999941
 20
-0.08999999999994296
 10
11.999999999998773
 20
-0.09
 10
11.999999999999941
 20
-0.09000000000005738
 10
12.0
 20
-0.09000000000124568
 10
12.0
 20
-0.09
 97
0
 75
0
 76
1
 98
0
  0
HATCH
  5
214
330
17
100
AcDbEntity
  8
I-PODKLAD-WYPELN
 62
7
420
15000804
100
AcDbHatch
 10
0.0
 20
0.0
 30
0.0
210
0.0
220
0.0
230
1.0
  2
SOLID
 70
1
 71
0
 91
1
 92
3
 72
0
 73
1
 93
23
 10
18.27
 20
0.105
 10
18.27
 20
2.77
 10
14.95
 20
2.77
 10
14.95
 20
2.5
 10
14.935
 20
2.5
 10
14.8
 20
2.5
 10
14.8
 20
2.77
 10
14.5
 20
2.77
 10
14.5
 20
2.965
 10
14.5
 20
3.095
 10
18.27
 20
3.095
 10
18.27
 20
4.9
 10
18.465
 20
4.9
 10
18.675
 20
4.9
 10
18.675
 20
-0.3
 10
13.25
 20
-0.3
 10
13.25
 20
-0.09
 10
13.25
 20
0.105
 10
14.8
 20
0.105
 10
14.8
 20
1.6
 10
14.935
 20
1.6
 10
14.95
 20
1.6
 10
14.95
 20
0.105
 97
0
 75
0
 76
1
 98
0
  0
HATCH
  5
215
330
17
100
AcDbEntity
  8
I-PODKLAD-WYPELN
 62
7
420
15000804
100
AcDbHatch
 10
0.0
 20
0.0
 30
0.0
210
0.0
220
0.0
230
1.0
  2
SOLID
 70
1
 71
0
 91
9
 92
3
 72
0
 73
1
 93
88
 10
11.894999999999884
 20
5.2299999999998885
 10
11.894999999999978
 20
5.229999999998935
 10
11.895
 20
5.2299999999981095
 10
11.895
 20
6.599999999998754
 10
11.895000000000058
 20
6.599999999999943
 10
11.895000000001223
 20
6.6
 10
11.05
 20
6.6
 10
11.05
 20
6.65
 10
11.895000000001223
 20
6.65
 10
11.895000000000058
 20
6.650000000000057
 10
11.895
 20
6.650000000001246
 10
11.895
 20
8.659999999998753
 10
11.895000000000058
 20
8.659999999999942
 10
11.895000000001247
 20
8.66
 10
11.700000000049998
 20
8.66
 10
11.700000000045097
 20
8.65999999999976
 10
11.700000000040244
 20
8.659999999999041
 10
11.700000000035484
 20
8.659999999997847
 10
11.700000000030863
 20
8.659999999996195
 10
11.700000000026428
 20
8.659999999994097
 10
11.70000000002222
 20
8.659999999991575
 10
11.700000000018278
 20
8.659999999988651
 10
11.700000000014644
 20
8.659999999985356
 10
11.700000000011348
 20
8.659999999981721
 10
11.700000000008425
 20
8.65999999997778
 10
11.700000000005902
 20
8.659999999973572
 10
11.700000000003804
 20
8.659999999969136
 10
11.700000000002152
 20
8.659999999964516
 10
11.700000000000959
 20
8.659999999959755
 10
11.700000000000239
 20
8.659999999954902
 10
11.7
 20
8.659999999950001
 10
11.7
 20
8.645000000001247
 10
11.69999999999994
 20
8.645000000000058
 10
11.699999999998752
 20
8.645
 10
11.600000000001247
 20
8.645
 10
11.600000000000058
 20
8.645000000000058
 10
11.6
 20
8.645000000001247
 10
11.6
 20
8.839999999998753
 10
11.600000000000058
 20
8.839999999999941
 10
11.600000000001247
 20
8.84
 10
11.6
 20
8.84
 10
11.6
 20
9.05
 10
11.7
 20
9.05
 10
11.7
 20
9.675
 10
12.75
 20
9.675
 10
12.75
 20
9.465
 10
12.75
 20
9.27
 10
12.105
 20
9.27
 10
12.104999999999123
 20
9.270000000000877
 10
12.10499999999994
 20
9.269999999999976
 10
12.105
 20
9.269999999998753
 10
12.105
 20
8.750000000001247
 10
12.104999999999942
 20
8.750000000000059
 10
12.104999999998753
 20
8.75
 10
12.219999999998754
 20
8.75
 10
12.219999999999942
 20
8.749999999999941
 10
12.22
 20
8.749999999998753
 10
12.22
 20
3.095
 10
13.6
 20
3.095
 10
13.6
 20
2.965
 10
13.6
 20
2.77
 10
12.22
 20
2.77
 10
12.22
 20
2.785
 10
12.105
 20
2.785
 10
12.105
 20
1.25
 10
12.09
 20
1.25
 10
11.895
 20
1.25
 10
11.895
 20
2.875
 10
11.895000000001223
 20
2.875
 10
11.895000000000058
 20
2.8750000000000573
 10
11.895
 20
2.8750000000012457
 10
11.895
 20
5.020000000001245
 10
11.894999999999941
 20
5.020000000000056
 10
11.894999999998776
 20
5.02
 10
10.400000000001224
 20
5.02
 10
10.400000000000059
 20
5.020000000000056
 10
10.4
 20
5.020000000001245
 10
10.4
 20
5.035
 10
10.399999999999988
 20
5.035
 10
10.400000000000007
 20
5.0350000000015935
 10
10.4
 20
5.0350000000018955
 10
10.4
 20
5.2299999999981095
 10
10.400000000000022
 20
5.229999999998935
 10
10.400000000000116
 20
5.2299999999998885
 10
10.400000000001063
 20
5.229999999999982
 10
10.400000000001828
 20
5.23
 10
11.894999999998172
 20
5.23
 10
11.894999999998937
 20
5.229999999999982
 97
0
 92
2
 72
0
 73
1
 93
4
 10
11.910000000000059
 20
9.284999999999942
 10
11.910000000001247
 20
9.285
 10
11.91
 20
9.285
 10
11.91
 20
9.284999999998753
 97
0
 92
2
 72
0
 73
1
 93
4
 10
11.909999999999942
 20
8.839999999999941
 10
11.91
 20
8.839999999998753
 10
11.91
 20
8.84
 10
11.909999999998753
 20
8.84
 97
0
 92
2
 72
0
 73
1
 93
5
 10
11.91
 20
8.749999999998753
 10
11.910000000000059
 20
8.749999999999941
 10
11.910000000001247
 20
8.75
 10
11.910000000000059
 20
8.750000000000059
 10
11.91
 20
8.750000000001247
 97
0
 92
2
 72
0
 73
1
 93
4
 10
12.089999999999941
 20
2.8750000000000573
 10
12.089999999998776
 20
2.875
 10
12.09
 20
2.875
 10
12.09
 20
2.8750000000012457
 97
0
 92
2
 72
0
 73
1
 93
4
 10
12.09
 20
2.9650000000012455
 10
12.09
 20
2.965
 10
12.090000000001224
 20
2.965
 10
12.090000000000058
 20
2.965000000000057
 97
0
 92
2
 72
0
 73
1
 93
4
 10
12.219999999999942
 20
2.965000000000057
 10
12.219999999998777
 20
2.965
 10
12.22
 20
2.965
 10
12.22
 20
2.9650000000012455
 97
0
 92
2
 72
0
 73
1
 93
5
 10
12.090000000000058
 20
8.749999999999941
 10
12.090000000001247
 20
8.75
 10
12.089999999998753
 20
8.75
 10
12.089999999999941
 20
8.749999999999941
 10
12.09
 20
8.749999999998753
 97
0
 92
2
 72
0
 73
1
 93
4
 10
12.090000000000877
 20
9.284999999999123
 10
12.09
 20
9.285
 10
12.089999999998753
 20
9.285
 10
12.089999999999977
 20
9.28499999999994
 97
0
 75
0
 76
1
 98
0
  0
HATCH
  5
216
330
17
100
AcDbEntity
  8
I-PODKLAD-WYPELN
 62
7
420
15000804
100
AcDbHatch
 10
0.0
 20
0.0
 30
0.0
210
0.0
220
0.0
230
1.0
  2
SOLID
 70
1
 71
0
 91
4
 92
3
 72
0
 73
1
 93
174
 10
5.270000000000112
 20
5.230000000000113
 10
5.270000000000018
 20
5.2300000000010725
 10
5.27
 20
5.230000000001826
 10
5.27
 20
6.362499999998175
 10
5.270000000000018
 20
6.362499999998928
 10
5.270000000000112
 20
6.362499999999887
 10
5.270000000001072
 20
6.362499999999981
 10
5.270000000001825
 20
6.3625
 10
4.880000000001222
 20
6.3625
 10
4.880000000000057
 20
6.362500000000057
 10
4.88
 20
6.362500000001222
 10
4.88
 20
6.3875
 10
4.879999999999986
 20
6.3875
 10
4.880000000000005
 20
6.3875000000016025
 10
4.88
 20
6.387500000001825
 10
4.88
 20
6.487499999998175
 10
4.8800000000000185
 20
6.487499999998928
 10
4.880000000000113
 20
6.487499999999887
 10
4.880000000001072
 20
6.487499999999981
 10
4.880000000001825
 20
6.4875
 10
5.769999999998174
 20
6.4875
 10
5.7699999999989275
 20
6.487499999999981
 10
5.769999999999887
 20
6.487499999999887
 10
5.769999999999981
 20
6.487499999998928
 10
5.77
 20
6.487499999998175
 10
5.77
 20
8.644999999998172
 10
5.770000000000018
 20
8.644999999998937
 10
5.7700000000001115
 20
8.644999999999884
 10
5.770000000001065
 20
8.644999999999978
 10
5.7700000000018905
 20
8.645
 10
5.100000000001245
 20
8.645
 10
5.1000000000000565
 20
8.645000000000058
 10
5.1
 20
8.645000000001223
 10
5.1
 20
8.839999999998776
 10
5.1000000000000565
 20
8.839999999999941
 10
5.100000000001245
 20
8.84
 10
5.1
 20
8.84
 10
5.1
 20
9.05
 10
10.05
 20
9.05
 10
10.05
 20
8.84
 10
10.049999999998754
 20
8.84
 10
10.049999999999942
 20
8.839999999999941
 10
10.05
 20
8.839999999998753
 10
10.05
 20
8.645000000001247
 10
10.049999999999942
 20
8.645000000000058
 10
10.049999999998754
 20
8.645
 10
9.95
 20
8.645
 10
9.95
 20
6.7
 10
9.93500000005
 20
6.7
 10
9.93500000004
 20
6.7
 10
9.93500000003
 20
6.7
 10
9.93500000003
 20
6.69999999999
 10
9.93500000002
 20
6.69999999999
 10
9.93500000001
 20
6.69999999999
 10
9.93500000001
 20
6.69999999998
 10
9.93500000001
 20
6.69999999997
 10
9.935
 20
6.69999999997
 10
9.935
 20
6.69999999996
 10
9.935
 20
6.69999999995
 10
9.935
 20
6.685
 10
9.874999999998172
 20
6.685
 10
9.874999999998938
 20
6.684999999999981
 10
9.874999999999885
 20
6.684999999999888
 10
9.874999999999979
 20
6.684999999998934
 10
9.875
 20
6.684999999998109
 10
9.875
 20
6.65
 10
10.15
 20
6.65
 10
10.15
 20
6.6
 10
9.875
 20
6.6
 10
9.875
 20
6.565000000001896
 10
9.874999999999993
 20
6.565000000001594
 10
9.87499999999998
 20
6.565000000000416
 10
9.875
 20
6.550000000001245
 10
9.874999999999941
 20
6.550000000000057
 10
9.874999999998776
 20
6.55
 10
9.610000000001223
 20
6.55
 10
9.610000000000058
 20
6.550000000000057
 10
9.61
 20
6.550000000001245
 10
9.61
 20
6.565
 10
9.609999999999987
 20
6.565
 10
9.610000000000007
 20
6.565000000001594
 10
9.61
 20
6.565000000001896
 10
9.61
 20
6.699999999998109
 10
9.61000000000002
 20
6.699999999998934
 10
9.610000000000115
 20
6.699999999999888
 10
9.610000000001062
 20
6.6999999999999815
 10
9.610000000001827
 20
6.7
 10
9.8
 20
6.7
 10
9.8
 20
8.645
 10
8.604999999998753
 20
8.645
 10
8.604999999999942
 20
8.644999999999941
 10
8.605
 20
8.644999999998753
 10
8.605
 20
6.699999999998109
 10
8.605000000000022
 20
6.699999999998934
 10
8.605000000000116
 20
6.699999999999888
 10
8.605000000001063
 20
6.6999999999999815
 10
8.605000000001828
 20
6.7
 10
8.709999999998173
 20
6.7
 10
8.709999999998939
 20
6.6999999999999815
 10
8.709999999999885
 20
6.699999999999888
 10
8.70999999999998
 20
6.699999999998934
 10
8.71
 20
6.699999999998109
 10
8.71
 20
6.565000000001896
 10
8.709999999999994
 20
6.565000000001594
 10
8.709999999999981
 20
6.565000000000416
 10
8.71
 20
6.550000000001245
 10
8.709999999999942
 20
6.550000000000057
 10
8.709999999998777
 20
6.55
 10
8.605000000001224
 20
6.55
 10
8.605000000000059
 20
6.550000000000057
 10
8.605
 20
6.550000000001245
 10
8.605
 20
5.230000000001246
 10
8.604999999999942
 20
5.230000000000057
 10
8.604999999998777
 20
5.23
 10
8.899999999998172
 20
5.23
 10
8.899999999998938
 20
5.229999999999982
 10
8.899999999999885
 20
5.2299999999998885
 10
8.899999999999979
 20
5.229999999998935
 10
8.9
 20
5.2299999999981095
 10
8.9
 20
5.0350000000018955
 10
8.899999999999993
 20
5.0350000000015935
 10
8.89999999999998
 20
5.035000000000416
 10
8.9
 20
5.020000000001245
 10
8.899999999999942
 20
5.020000000000056
 10
8.899999999998776
 20
5.02
 10
8.500000000001224
 20
5.02
 10
8.500000000000059
 20
5.020000000000056
 10
8.5
 20
5.020000000001245
 10
8.499999999999941
 20
5.020000000000056
 10
8.499999999998776
 20
5.02
 10
8.200000000001225
 20
5.02
 10
8.20000000000006
 20
5.020000000000056
 10
8.200000000000001
 20
5.020000000001245
 10
8.200000000000001
 20
5.035
 10
8.199999999999989
 20
5.035
 10
8.200000000000008
 20
5.0350000000015935
 10
8.200000000000001
 20
5.0350000000018955
 10
8.200000000000001
 20
5.2299999999981095
 10
8.200000000000022
 20
5.229999999998935
 10
8.200000000000117
 20
5.2299999999998885
 10
8.200000000001063
 20
5.229999999999982
 10
8.200000000001829
 20
5.23
 10
8.395000000001827
 20
5.23
 10
8.395000000001062
 20
5.230000000000019
 10
8.395000000000115
 20
5.230000000000112
 10
8.395000000000021
 20
5.230000000001066
 10
8.395
 20
5.230000000001891
 10
8.395
 20
8.644999999998106
 10
8.39500000000002
 20
8.644999999998925
 10
8.395000000000115
 20
8.644999999999884
 10
8.395000000001074
 20
8.64499999999998
 10
8.395000000001893
 20
8.645
 10
5.979999999998755
 20
8.645
 10
5.979999999999944
 20
8.644999999999941
 10
5.98
 20
8.644999999998776
 10
5.98
 20
5.020000000001222
 10
5.979999999999947
 20
5.020000000000129
 10
5.979999999999138
 20
5.020000000000862
 10
5.979999999999871
 20
5.020000000000053
 10
5.979999999998778
 20
5.02
 10
5.100000000001223
 20
5.02
 10
5.100000000000057
 20
5.020000000000056
 10
5.1000000000000005
 20
5.020000000001222
 10
5.1000000000000005
 20
5.035
 10
5.099999999999986
 20
5.035
 10
5.100000000000006
 20
5.035000000001602
 10
5.1000000000000005
 20
5.035000000001825
 10
5.1000000000000005
 20
5.229999999998175
 10
5.100000000000019
 20
5.229999999998928
 10
5.100000000000113
 20
5.229999999999888
 10
5.100000000001073
 20
5.229999999999982
 10
5.100000000001826
 20
5.23
 10
5.270000000001825
 20
5.23
 10
5.270000000001072
 20
5.230000000000019
 97
0
 92
2
 72
0
 73
1
 93
7
 10
8.5
 20
5.035
 10
8.499999999999988
 20
5.035
 10
8.500000000000007
 20
5.0350000000015935
 10
8.5
 20
5.0350000000018955
 10
8.499999999999993
 20
5.0350000000015935
 10
8.49999999999998
 20
5.035000000000416
 10
8.5
 20
5.020000000001245
 97
0
 92
2
 72
0
 73
1
 93
18
 10
5.76999999999818
 20
5.23
 10
5.769999999998956
 20
5.229999999999981
 10
5.769999999999952
 20
5.229999999999883
 10
5.77000000000072
 20
5.229999999999253
 10
5.7700000000012865
 20
5.2299999999987135
 10
5.770000000000747
 20
5.22999999999928
 10
5.770000000000117
 20
5.230000000000048
 10
5.770000000000019
 20
5.230000000001044
 10
5.77
 20
5.23000000000182
 10
5.77
 20
6.362500000001222
 10
5.769999999999943
 20
6.362500000000057
 10
5.769999999998777
 20
6.3625
 10
5.369999999998778
 20
6.3625
 10
5.369999999999943
 20
6.362499999999943
 10
5.37
 20
6.362499999998778
 10
5.37
 20
5.230000000001223
 10
5.369999999999943
 20
5.230000000000057
 10
5.369999999998778
 20
5.23
 97
0
 92
2
 72
0
 73
1
 93
9
 10
8.500000000000021
 20
5.214999999998934
 10
8.500000000000115
 20
5.214999999999888
 10
8.500000000001062
 20
5.214999999999981
 10
8.500000000001828
 20
5.215
 10
8.499999999998172
 20
5.215
 10
8.499999999998938
 20
5.214999999999981
 10
8.499999999999885
 20
5.214999999999888
 10
8.499999999999979
 20
5.214999999998934
 10
8.5
 20
5.214999999998109
 97
0
 75
0
 76
1
 98
0
  0
HATCH
  5
217
330
17
100
AcDbEntity
  8
I-PODKLAD-WYPELN
 62
7
420
15000804
100
AcDbHatch
 10
0.0
 20
0.0
 30
0.0
210
0.0
220
0.0
230
1.0
  2
SOLID
 70
1
 71
0
 91
1
 92
3
 72
0
 73
1
 93
8
 10
18.675
 20
9.675
 10
18.675
 20
5.9
 10
18.465
 20
5.9
 10
18.27
 20
5.9
 10
18.27
 20
9.27
 10
17.75
 20
9.27
 10
17.75
 20
9.465
 10
17.75
 20
9.675
 97
0
 75
0
 76
1
 98
0
  0
HATCH
  5
218
330
17
100
AcDbEntity
  8
I-PODKLAD-WYPELN
 62
7
420
15000804
100
AcDbHatch
 10
0.0
 20
0.0
 30
0.0
210
0.0
220
0.0
230
1.0
  2
SOLID
 70
1
 71
0
 91
1
 92
3
 72
0
 73
1
 93
16
 10
11.15
 20
8.645000000001247
 10
11.15
 20
8.839999999998753
 10
11.150000000000059
 20
8.839999999999941
 10
11.150000000001247
 20
8.84
 10
11.15
 20
8.84
 10
11.15
 20
9.05
 10
11.25
 20
9.05
 10
11.25
 20
8.84
 10
11.249999999998753
 20
8.84
 10
11.249999999999941
 20
8.839999999999941
 10
11.25
 20
8.839999999998753
 10
11.25
 20
8.645000000001247
 10
11.249999999999941
 20
8.645000000000058
 10
11.249999999998753
 20
8.645
 10
11.150000000001247
 20
8.645
 10
11.150000000000059
 20
8.645000000000058
 97
0
 75
0
 76
1
 98
0
  0
LWPOLYLINE
  5
219
330
17
100
AcDbEntity
  8
I-PODKLAD
370
13
 48
0.05
100
AcDbPolyline
 90
2
 70
0
 10
0.105
 20
1.2005
 10
0.105
 20
3.5995
  0
LWPOLYLINE
  5
21A
330
17
100
AcDbEntity
  8
I-PODKLAD
370
13
 48
0.05
100
AcDbPolyline
 90
2
 70
0
 10
0.105
 20
5.8005
 10
0.105
 20
7.5995
  0
LWPOLYLINE
  5
21B
330
17
100
AcDbEntity
  8
I-PODKLAD
370
13
 48
0.05
100
AcDbPolyline
 90
2
 70
0
 10
2.1395
 20
0.105
 10
0.3605
 20
0.105
  0
LWPOLYLINE
  5
21C
330
17
100
AcDbEntity
  8
I-PODKLAD
370
13
 48
0.05
100
AcDbPolyline
 90
2
 70
0
 10
4.0395
 20
0.105
 10
2.2605
 20
0.105
  0
LWPOLYLINE
  5
21D
330
17
100
AcDbEntity
  8
I-PODKLAD
370
13
 48
0.05
100
AcDbPolyline
 90
2
 70
0
 10
3.77
 20
6.2295
 10
3.77
 20
5.3305
  0
LWPOLYLINE
  5
21E
330
17
100
AcDbEntity
  8
I-PODKLAD
370
13
 48
0.05
100
AcDbPolyline
 90
2
 70
0
 10
3.98
 20
5.3305
 10
3.98
 20
6.2295
  0
LWPOLYLINE
  5
21F
330
17
100
AcDbEntity
  8
I-PODKLAD
370
13
 48
0.05
100
AcDbPolyline
 90
2
 70
0
 10
4.0805
 20
6.3625
 10
4.8795
 20
6.3625
  0
LWPOLYLINE
  5
220
330
17
100
AcDbEntity
  8
I-PODKLAD
370
13
 48
0.05
100
AcDbPolyline
 90
2
 70
0
 10
6.3795
 20
0.105
 10
4.1605
 20
0.105
  0
LWPOLYLINE
  5
221
330
17
100
AcDbEntity
  8
I-PODKLAD
370
13
 48
0.05
100
AcDbPolyline
 90
2
 70
0
 10
4.2005
 20
5.02
 10
5.0995
 20
5.02
  0
LWPOLYLINE
  5
222
330
17
100
AcDbEntity
  8
I-PODKLAD
370
13
 48
0.05
100
AcDbPolyline
 90
2
 70
0
 10
5.0995
 20
5.23
 10
4.2005
 20
5.23
  0
LWPOLYLINE
  5
223
330
17
100
AcDbEntity
  8
I-PODKLAD
370
13
 48
0.05
100
AcDbPolyline
 90
2
 70
0
 10
5.9805
 20
7.47
 10
7.1145
 20
7.47
  0
LWPOLYLINE
  5
224
330
17
100
AcDbEntity
  8
I-PODKLAD
370
13
 48
0.05
100
AcDbPolyline
 90
2
 70
0
 10
8.7195
 20
0.105
 10
6.5005
 20
0.105
  0
LWPOLYLINE
  5
225
330
17
100
AcDbEntity
  8
I-PODKLAD
370
13
 48
0.05
100
AcDbPolyline
 90
2
 70
0
 10
7.2655
 20
5.23
 10
7.29429
 20
5.23
  0
LWPOLYLINE
  5
226
330
17
100
AcDbEntity
  8
I-PODKLAD
370
13
 48
0.05
100
AcDbPolyline
 90
2
 70
0
 10
7.4005
 20
5.02
 10
8.1995
 20
5.02
  0
LWPOLYLINE
  5
227
330
17
100
AcDbEntity
  8
I-PODKLAD
370
13
 48
0.05
100
AcDbPolyline
 90
2
 70
0
 10
11.6995
 20
0.105
 10
8.8405
 20
0.105
  0
LWPOLYLINE
  5
228
330
17
100
AcDbEntity
  8
I-PODKLAD
370
13
 48
0.05
100
AcDbPolyline
 90
2
 70
0
 10
8.9005
 20
5.02
 10
10.3995
 20
5.02
  0
LWPOLYLINE
  5
229
330
17
100
AcDbEntity
  8
I-PODKLAD
370
13
 48
0.05
100
AcDbPolyline
 90
2
 70
0
 10
11.895
 20
1.2495
 10
11.895
 20
0.3505
  0
LWPOLYLINE
  5
22A
330
17
100
AcDbEntity
  8
I-PODKLAD
370
13
 48
0.05
100
AcDbPolyline
 90
2
 70
0
 10
4.8795
 20
6.4875
 10
4.0805
 20
6.4875
  0
LWPOLYLINE
  5
22B
330
17
100
AcDbEntity
  8
I-PODKLAD
370
13
 48
0.05
100
AcDbPolyline
 90
2
 70
0
 10
4.3005
 20
8.645
 10
5.0995
 20
8.645
  0
LWPOLYLINE
  5
22C
330
17
100
AcDbEntity
  8
I-PODKLAD
370
13
 48
0.05
100
AcDbPolyline
 90
2
 70
0
 10
8.1995
 20
5.23
 10
7.4005
 20
5.23
  0
LWPOLYLINE
  5
22D
330
17
100
AcDbEntity
  8
I-PODKLAD
370
13
 48
0.05
100
AcDbPolyline
 90
2
 70
0
 10
8.7105
 20
6.55
 10
9.6095
 20
6.55
  0
LWPOLYLINE
  5
22E
330
17
100
AcDbEntity
  8
I-PODKLAD
370
13
 48
0.05
100
AcDbPolyline
 90
2
 70
0
 10
9.6095
 20
6.7
 10
8.7105
 20
6.7
  0
LWPOLYLINE
  5
22F
330
17
100
AcDbEntity
  8
I-PODKLAD
370
13
 48
0.05
100
AcDbPolyline
 90
2
 70
0
 10
10.3995
 20
5.23
 10
8.9005
 20
5.23
  0
LWPOLYLINE
  5
230
330
17
100
AcDbEntity
  8
I-PODKLAD
370
13
 48
0.05
100
AcDbPolyline
 90
2
 70
0
 10
10.0505
 20
8.645
 10
11.1495
 20
8.645
  0
LWPOLYLINE
  5
231
330
17
100
AcDbEntity
  8
I-PODKLAD
370
13
 48
0.05
100
AcDbPolyline
 90
2
 70
0
 10
10.1505
 20
6.6
 10
11.0495
 20
6.6
  0
LWPOLYLINE
  5
232
330
17
100
AcDbEntity
  8
I-PODKLAD
370
13
 48
0.05
100
AcDbPolyline
 90
2
 70
0
 10
11.0495
 20
6.65
 10
10.1505
 20
6.65
  0
LWPOLYLINE
  5
233
330
17
100
AcDbEntity
  8
I-PODKLAD
370
13
 48
0.05
100
AcDbPolyline
 90
2
 70
0
 10
11.2505
 20
8.645
 10
11.5995
 20
8.645
  0
LWPOLYLINE
  5
234
330
17
100
AcDbEntity
  8
I-PODKLAD
370
13
 48
0.05
100
AcDbPolyline
 90
2
 70
0
 10
12.105
 20
0.3505
 10
12.105
 20
1.2495
  0
LWPOLYLINE
  5
235
330
17
100
AcDbEntity
  8
I-PODKLAD
370
13
 48
0.05
100
AcDbPolyline
 90
2
 70
0
 10
13.2495
 20
0.105
 10
12.3505
 20
0.105
  0
LWPOLYLINE
  5
236
330
17
100
AcDbEntity
  8
I-PODKLAD
370
13
 48
0.05
100
AcDbPolyline
 90
2
 70
0
 10
13.6005
 20
2.77
 10
14.4995
 20
2.77
  0
LWPOLYLINE
  5
237
330
17
100
AcDbEntity
  8
I-PODKLAD
370
13
 48
0.05
100
AcDbPolyline
 90
2
 70
0
 10
14.8
 20
2.4995
 10
14.8
 20
1.6005
  0
LWPOLYLINE
  5
238
330
17
100
AcDbEntity
  8
I-PODKLAD
370
13
 48
0.05
100
AcDbPolyline
 90
2
 70
0
 10
14.95
 20
1.6005
 10
14.95
 20
2.4995
  0
LWPOLYLINE
  5
239
330
17
100
AcDbEntity
  8
I-PODKLAD
370
13
 48
0.05
100
AcDbPolyline
 90
2
 70
0
 10
12.7505
 20
9.27
 10
17.7495
 20
9.27
  0
LWPOLYLINE
  5
23A
330
17
100
AcDbEntity
  8
I-PODKLAD
370
13
 48
0.05
100
AcDbPolyline
 90
2
 70
0
 10
14.4995
 20
3.095
 10
13.6005
 20
3.095
  0
LWPOLYLINE
  5
23B
330
17
100
AcDbEntity
  8
I-PODKLAD
370
13
 48
0.05
100
AcDbPolyline
 90
2
 70
0
 10
18.27
 20
5.8995
 10
18.27
 20
4.9005
  0
LWPOLYLINE
  5
23C
330
17
100
AcDbEntity
  8
I-PODKLAD
370
13
 48
0.05
100
AcDbPolyline
 90
5
 70
0
 10
12.3
 20
-0.3005
 10
12.3
 20
-3.3
 10
-3.3
 20
-3.3
 10
-3.3
 20
5.125
 10
-0.3005
 20
5.125
  0
LWPOLYLINE
  5
23D
330
17
100
AcDbEntity
  8
I-PODKLAD
370
13
 48
0.05
100
AcDbPolyline
 90
2
 70
0
 10
-0.3
 20
3.5995
 10
-0.3
 20
1.2005
  0
LWPOLYLINE
  5
23E
330
17
100
AcDbEntity
  8
I-PODKLAD
370
13
 48
0.05
100
AcDbPolyline
 90
2
 70
0
 10
0.3605
 20
-0.3
 10
2.1395
 20
-0.3
  0
LWPOLYLINE
  5
23F
330
17
100
AcDbEntity
  8
I-PODKLAD
370
13
 48
0.05
100
AcDbPolyline
 90
2
 70
0
 10
2.2605
 20
-0.3
 10
4.0395
 20
-0.3
  0
LWPOLYLINE
  5
240
330
17
100
AcDbEntity
  8
I-PODKLAD
370
13
 48
0.05
100
AcDbPolyline
 90
2
 70
0
 10
4.1605
 20
-0.3
 10
6.3795
 20
-0.3
  0
LWPOLYLINE
  5
241
330
17
100
AcDbEntity
  8
I-PODKLAD
370
13
 48
0.05
100
AcDbPolyline
 90
2
 70
0
 10
6.5005
 20
-0.3
 10
8.7195
 20
-0.3
  0
LWPOLYLINE
  5
242
330
17
100
AcDbEntity
  8
I-PODKLAD
370
13
 48
0.05
100
AcDbPolyline
 90
2
 70
0
 10
8.8405
 20
-0.3
 10
11.6995
 20
-0.3
  0
LWPOLYLINE
  5
243
330
17
100
AcDbEntity
  8
I-PODKLAD
370
13
 48
0.05
100
AcDbPolyline
 90
4
 70
0
 10
9.4
 20
9.0505
 10
9.4
 20
10.35
 10
11.7
 20
10.35
 10
11.7
 20
9.6755
  0
LWPOLYLINE
  5
244
330
17
100
AcDbEntity
  8
I-PODKLAD
370
13
 48
0.05
100
AcDbPolyline
 90
2
 70
0
 10
11.1495
 20
9.05
 10
10.0505
 20
9.05
  0
LWPOLYLINE
  5
245
330
17
100
AcDbEntity
  8
I-PODKLAD
370
13
 48
0.05
100
AcDbPolyline
 90
2
 70
0
 10
11.5995
 20
9.05
 10
11.2505
 20
9.05
  0
LWPOLYLINE
  5
246
330
17
100
AcDbEntity
  8
I-PODKLAD
370
13
 48
0.05
100
AcDbPolyline
 90
3
 70
0
 10
13.5
 20
-0.3005
 10
13.5
 20
-1.3
 10
12.3005
 20
-1.3
  0
LWPOLYLINE
  5
247
330
17
100
AcDbEntity
  8
I-PODKLAD
370
13
 48
0.05
100
AcDbPolyline
 90
2
 70
0
 10
12.3505
 20
-0.3
 10
13.2495
 20
-0.3
  0
LWPOLYLINE
  5
248
330
17
100
AcDbEntity
  8
I-PODKLAD
  6
KRESKOWA
370
13
 48
0.05
100
AcDbPolyline
 90
2
 70
128
 10
12.7495
 20
9.25
 10
12.5
 20
9.25
  0
LWPOLYLINE
  5
249
330
17
100
AcDbEntity
  8
I-PODKLAD
  6
KRESKOWA
370
13
 48
0.05
100
AcDbPolyline
 90
3
 70
128
 10
17.95
 20
9.2695
 10
17.95
 20
9.25
 10
17.7505
 20
9.25
  0
LWPOLYLINE
  5
24A
330
17
100
AcDbEntity
  8
I-PODKLAD
  6
KRESKOWA
370
13
 48
0.05
100
AcDbPolyline
 90
2
 70
128
 10
7.3995
 20
5.0
 10
5.875
 20
5.0
  0
LWPOLYLINE
  5
24B
330
17
100
AcDbEntity
  8
I-PODKLAD
  6
KRESKOWA
370
13
 48
0.05
100
AcDbPolyline
 90
2
 70
128
 10
5.9805
 20
5.25
 10
7.1145
 20
5.25
  0
LWPOLYLINE
  5
24C
330
17
100
AcDbEntity
  8
I-PODKLAD
  6
KRESKOWA
370
13
 48
0.05
100
AcDbPolyline
 90
2
 70
128
 10
7.2655
 20
5.25
 10
7.3995
 20
5.25
  0
LWPOLYLINE
  5
24D
330
17
100
AcDbEntity
  8
I-PODKLAD
  6
KRESKOWA
370
13
 48
0.05
100
AcDbPolyline
 90
3
 70
128
 10
8.5
 20
5.0195
 10
8.5
 20
5.0
 10
8.2005
 20
5.0
  0
LWPOLYLINE
  5
24E
330
17
100
AcDbEntity
  8
I-PODKLAD
  6
KRESKOWA
370
13
 48
0.05
100
AcDbPolyline
 90
2
 70
128
 10
8.2005
 20
5.25
 10
8.3945
 20
5.25
  0
LWPOLYLINE
  5
24F
330
17
100
AcDbEntity
  8
I-PODKLAD
  6
KRESKOWA
370
13
 48
0.05
100
AcDbPolyline
 90
3
 70
128
 10
-0.32
 20
1.1995
 10
-0.32
 20
-0.32
 10
0.3595
 20
-0.32
  0
LWPOLYLINE
  5
250
330
17
100
AcDbEntity
  8
I-PODKLAD
  6
KRESKOWA
370
13
 48
0.05
100
AcDbPolyline
 90
7
 70
128
 10
13.2505
 20
-0.32
 10
13.8
 20
-0.32
 10
13.8
 20
-1.3
 10
-1.8
 20
-1.3
 10
-1.8
 20
5.125
 10
-0.32
 20
5.125
 10
-0.32
 20
3.6005
  0
LWPOLYLINE
  5
251
330
17
100
AcDbEntity
  8
I-PODKLAD
  6
KRESKOWA
370
13
 48
0.05
100
AcDbPolyline
 90
2
 70
128
 10
2.1405
 20
-0.32
 10
2.2595
 20
-0.32
  0
LWPOLYLINE
  5
252
330
17
100
AcDbEntity
  8
I-PODKLAD
  6
KRESKOWA
370
13
 48
0.05
100
AcDbPolyline
 90
2
 70
128
 10
4.0405
 20
-0.32
 10
4.1595
 20
-0.32
  0
LWPOLYLINE
  5
253
330
17
100
AcDbEntity
  8
I-PODKLAD
  6
KRESKOWA
370
13
 48
0.05
100
AcDbPolyline
 90
2
 70
128
 10
6.3805
 20
-0.32
 10
6.4995
 20
-0.32
  0
LWPOLYLINE
  5
254
330
17
100
AcDbEntity
  8
I-PODKLAD
  6
KRESKOWA
370
13
 48
0.05
100
AcDbPolyline
 90
2
 70
128
 10
8.7205
 20
-0.32
 10
8.8395
 20
-0.32
  0
LWPOLYLINE
  5
255
330
17
100
AcDbEntity
  8
I-PODKLAD
  6
KRESKOWA
370
13
 48
0.05
100
AcDbPolyline
 90
2
 70
128
 10
11.7005
 20
-0.32
 10
12.3495
 20
-0.32
  0
LWPOLYLINE
  5
256
330
17
100
AcDbEntity
  8
I-PODKLAD
  6
KRESKOWA
370
13
 48
0.05
100
AcDbPolyline
 90
8
 70
128
 10
10.0495
 20
9.07
 10
9.4
 20
9.07
 10
9.4
 20
10.35
 10
11.7
 20
10.35
 10
11.7
 20
9.695
 10
11.68
 20
9.695
 10
11.68
 20
9.07
 10
11.6005
 20
9.07
  0
LWPOLYLINE
  5
257
330
17
100
AcDbEntity
  8
I-PODKLAD
  6
KRESKOWA
370
13
 48
0.05
100
AcDbPolyline
 90
2
 70
128
 10
11.2495
 20
9.07
 10
11.1505
 20
9.07
  0
LWPOLYLINE
  5
258
330
17
100
AcDbEntity
  8
I-PODKLAD
  6
KRESKOWA
370
13
 48
0.05
100
AcDbPolyline
 90
3
 70
128
 10
12.3
 20
3.0955
 10
12.3
 20
9.05
 10
12.1055
 20
9.05
  0
LWPOLYLINE
  5
259
330
17
100
AcDbEntity
  8
I-PODKLAD
  6
KRESKOWA
370
13
 48
0.05
100
AcDbPolyline
 90
2
 70
128
 10
12.3
 20
0.1055
 10
12.3
 20
2.7695
  0
LWPOLYLINE
  5
25A
330
17
100
AcDbEntity
  8
I-PODKLAD
  6
KRESKOWA
370
13
 48
0.05
100
AcDbPolyline
 90
2
 70
128
 10
12.1055
 20
8.84
 10
12.2995
 20
8.84
  0
LWPOLYLINE
  5
25B
330
17
100
AcDbEntity
  8
I-PODKLAD
  6
KRESKOWA
370
13
 48
0.05
100
AcDbPolyline
 90
3
 70
128
 10
18.675
 20
-0.3005
 10
18.675
 20
-1.3
 10
13.8005
 20
-1.3
  0
LWPOLYLINE
  5
25C
330
17
100
AcDbEntity
  8
I-PODKLAD
  6
KRESKOWA
370
13
 48
0.05
100
AcDbPolyline
 90
4
 70
128
 10
11.7005
 20
9.7
 10
18.7
 20
9.7
 10
18.7
 20
-0.325
 10
18.6755
 20
-0.325
  0
LWPOLYLINE
  5
25D
330
17
100
AcDbEntity
  8
I-PODKLAD
  6
KRESKOWA
370
13
 48
0.05
100
AcDbPolyline
 90
9
 70
128
 10
-0.3
 20
-1.3005
 10
-0.3
 20
-1.32
 10
-2.42
 20
-1.32
 10
-2.42
 20
5.445
 10
-0.32
 20
5.445
 10
-0.32
 20
5.425
 10
-2.4
 20
5.425
 10
-2.4
 20
-1.3
 10
-1.8005
 20
-1.3
  0
LWPOLYLINE
  5
25E
330
17
100
AcDbEntity
  8
I-PODKLAD
  6
KRESKOWA
370
13
 48
0.05
100
AcDbPolyline
 90
2
 70
128
 10
-0.32
 20
5.4245
 10
-0.32
 20
5.1255
  0
LWPOLYLINE
  5
25F
330
17
100
AcDbEntity
  8
I-PODKLAD
  6
KRESKOWA
370
13
 48
0.05
100
AcDbPolyline
 90
4
 70
128
 10
-0.325
 20
5.4455
 10
-0.325
 20
9.075
 10
3.81
 20
9.075
 10
3.81
 20
9.0505
  0
LWPOLYLINE
  5
260
330
17
100
AcDbEntity
  8
I-PODKLAD
  6
KRESKOWA
370
13
 48
0.05
100
AcDbPolyline
 90
3
 70
128
 10
8.565
 20
9.0505
 10
8.565
 20
9.075
 10
9.3995
 20
9.075
  0
LWPOLYLINE
  5
261
330
17
100
AcDbEntity
  8
I-PODKLAD
  6
KRESKOWA
370
13
 48
0.05
100
AcDbPolyline
 90
5
 70
128
 10
6.1
 20
7.55
 10
8.3
 20
7.55
 10
8.3
 20
8.55
 10
6.1
 20
8.55
 10
6.1
 20
7.55
  0
LWPOLYLINE
  5
262
330
17
100
AcDbEntity
  8
I-PODKLAD
  6
KRESKOWA
370
13
 48
0.05
100
AcDbPolyline
 90
3
 70
128
 10
-1.335
 20
5.4455
 10
-1.335
 20
5.45
 10
-0.3255
 20
5.45
  0
LWPOLYLINE
  5
263
330
17
100
AcDbEntity
  8
I-PODKLAD
  6
KRESKOWA
370
13
 48
0.05
100
AcDbPolyline
 90
2
 70
128
 10
3.8105
 20
9.075
 10
8.5645
 20
9.075
  0
LWPOLYLINE
  5
264
330
17
100
AcDbEntity
  8
I-PODKLAD
370
13
 48
0.05
100
AcDbPolyline
 90
2
 70
0
 10
5.9801
 20
6.630000000000001
 10
7.1149000000000004
 20
6.630000000000001
  0
LWPOLYLINE
  5
265
330
17
100
AcDbEntity
  8
I-PODKLAD
370
13
 48
0.05
100
AcDbPolyline
 90
2
 70
0
 10
7.1149000000000004
 20
6.91
 10
5.9801
 20
6.91
  0
LWPOLYLINE
  5
266
330
17
100
AcDbEntity
  8
I-PODKLAD
370
13
 48
0.05
100
AcDbPolyline
 90
2
 70
0
 10
5.9801
 20
6.3500000000000005
 10
7.1149000000000004
 20
6.3500000000000005
  0
LWPOLYLINE
  5
267
330
17
100
AcDbEntity
  8
I-PODKLAD
370
13
 48
0.05
100
AcDbPolyline
 90
2
 70
0
 10
5.9801
 20
6.07
 10
7.1149000000000004
 20
6.07
  0
LWPOLYLINE
  5
268
330
17
100
AcDbEntity
  8
I-PODKLAD
370
13
 48
0.05
100
AcDbPolyline
 90
2
 70
0
 10
5.9801
 20
5.790000000000001
 10
7.1149000000000004
 20
5.790000000000001
  0
LWPOLYLINE
  5
269
330
17
100
AcDbEntity
  8
I-PODKLAD
370
13
 48
0.05
100
AcDbPolyline
 90
2
 70
0
 10
5.9801
 20
5.510000000000001
 10
7.1149000000000004
 20
5.510000000000001
  0
LWPOLYLINE
  5
26A
330
17
100
AcDbEntity
  8
I-PODKLAD
370
13
 48
0.05
100
AcDbPolyline
 90
2
 70
0
 10
5.9801
 20
5.23
 10
7.1149000000000004
 20
5.23
  0
LWPOLYLINE
  5
26B
330
17
100
AcDbEntity
  8
I-PODKLAD
  6
KRESKOWA
370
13
 48
0.05
100
AcDbPolyline
 90
2
 70
128
 10
5.9801
 20
6.91
 10
7.1149000000000004
 20
6.91
  0
LWPOLYLINE
  5
26C
330
17
100
AcDbEntity
  8
I-PODKLAD
  6
KRESKOWA
370
13
 48
0.05
100
AcDbPolyline
 90
2
 70
128
 10
7.1149000000000004
 20
7.19
 10
5.9801
 20
7.19
  0
LWPOLYLINE
  5
26D
330
17
100
AcDbEntity
  8
I-PODKLAD
  6
KRESKOWA
370
13
 48
0.05
100
AcDbPolyline
 90
2
 70
128
 10
5.9801
 20
7.19
 10
7.1149000000000004
 20
7.19
  0
LWPOLYLINE
  5
26E
330
17
100
AcDbEntity
  8
I-PODKLAD
  6
KRESKOWA
370
13
 48
0.05
100
AcDbPolyline
 90
2
 70
128
 10
7.1149000000000004
 20
7.470000000000001
 10
5.9801
 20
7.470000000000001
  0
LWPOLYLINE
  5
26F
330
17
100
AcDbEntity
  8
I-PODKLAD
  6
KRESKOWA
370
13
 48
0.05
100
AcDbPolyline
 90
2
 70
128
 10
7.2650999999999994
 20
7.1899999999999995
 10
8.3949
 20
7.1899999999999995
  0
LWPOLYLINE
  5
270
330
17
100
AcDbEntity
  8
I-PODKLAD
  6
KRESKOWA
370
13
 48
0.05
100
AcDbPolyline
 90
2
 70
128
 10
8.3949
 20
7.47
 10
7.2650999999999994
 20
7.47
  0
LWPOLYLINE
  5
271
330
17
100
AcDbEntity
  8
I-PODKLAD
  6
KRESKOWA
370
13
 48
0.05
100
AcDbPolyline
 90
2
 70
128
 10
7.2650999999999994
 20
6.91
 10
8.3949
 20
6.91
  0
LWPOLYLINE
  5
272
330
17
100
AcDbEntity
  8
I-PODKLAD
  6
KRESKOWA
370
13
 48
0.05
100
AcDbPolyline
 90
2
 70
128
 10
8.3949
 20
7.1899999999999995
 10
7.2650999999999994
 20
7.1899999999999995
  0
LWPOLYLINE
  5
273
330
17
100
AcDbEntity
  8
I-PODKLAD
  6
KRESKOWA
370
13
 48
0.05
100
AcDbPolyline
 90
2
 70
128
 10
7.2650999999999994
 20
6.63
 10
8.3949
 20
6.63
  0
LWPOLYLINE
  5
274
330
17
100
AcDbEntity
  8
I-PODKLAD
  6
KRESKOWA
370
13
 48
0.05
100
AcDbPolyline
 90
2
 70
128
 10
8.3949
 20
6.91
 10
7.2650999999999994
 20
6.91
  0
LWPOLYLINE
  5
275
330
17
100
AcDbEntity
  8
I-PODKLAD
  6
KRESKOWA
370
13
 48
0.05
100
AcDbPolyline
 90
2
 70
128
 10
7.2650999999999994
 20
6.35
 10
8.3949
 20
6.35
  0
LWPOLYLINE
  5
276
330
17
100
AcDbEntity
  8
I-PODKLAD
  6
KRESKOWA
370
13
 48
0.05
100
AcDbPolyline
 90
2
 70
128
 10
8.3949
 20
6.63
 10
7.2650999999999994
 20
6.63
  0
LWPOLYLINE
  5
277
330
17
100
AcDbEntity
  8
I-PODKLAD
  6
KRESKOWA
370
13
 48
0.05
100
AcDbPolyline
 90
2
 70
128
 10
7.2650999999999994
 20
6.069999999999999
 10
8.3949
 20
6.069999999999999
  0
LWPOLYLINE
  5
278
330
17
100
AcDbEntity
  8
I-PODKLAD
  6
KRESKOWA
370
13
 48
0.05
100
AcDbPolyline
 90
2
 70
128
 10
8.3949
 20
6.35
 10
7.2650999999999994
 20
6.35
  0
LWPOLYLINE
  5
279
330
17
100
AcDbEntity
  8
I-PODKLAD
  6
KRESKOWA
370
13
 48
0.05
100
AcDbPolyline
 90
2
 70
128
 10
7.2650999999999994
 20
5.789999999999999
 10
8.3949
 20
5.789999999999999
  0
LWPOLYLINE
  5
27A
330
17
100
AcDbEntity
  8
I-PODKLAD
  6
KRESKOWA
370
13
 48
0.05
100
AcDbPolyline
 90
2
 70
128
 10
8.3949
 20
6.069999999999999
 10
7.2650999999999994
 20
6.069999999999999
  0
LWPOLYLINE
  5
27B
330
17
100
AcDbEntity
  8
I-PODKLAD
  6
KRESKOWA
370
13
 48
0.05
100
AcDbPolyline
 90
2
 70
128
 10
7.2650999999999994
 20
5.51
 10
8.3949
 20
5.51
  0
LWPOLYLINE
  5
27C
330
17
100
AcDbEntity
  8
I-PODKLAD
  6
KRESKOWA
370
13
 48
0.05
100
AcDbPolyline
 90
2
 70
128
 10
8.3949
 20
5.789999999999999
 10
7.2650999999999994
 20
5.789999999999999
  0
LWPOLYLINE
  5
27D
330
17
100
AcDbEntity
  8
I-PODKLAD
  6
KRESKOWA
370
13
 48
0.05
100
AcDbPolyline
 90
2
 70
128
 10
7.2650999999999994
 20
5.2299999999999995
 10
7.294858578643659
 20
5.2299999999999995
  0
LWPOLYLINE
  5
27E
330
17
100
AcDbEntity
  8
I-PODKLAD
  6
KRESKOWA
370
13
 48
0.05
100
AcDbPolyline
 90
2
 70
128
 10
8.3949
 20
5.51
 10
7.2650999999999994
 20
5.51
  0
LWPOLYLINE
  5
27F
330
17
100
AcDbEntity
  8
I-PODKLAD
  6
KRESKOWA
370
13
 48
0.05
100
AcDbPolyline
 90
2
 70
128
 10
7.400099999999978
 20
5.2299999999999995
 10
8.199900000000026
 20
5.2299999999999995
  0
LWPOLYLINE
  5
280
330
17
100
AcDbEntity
  8
I-PODKLAD
  6
KRESKOWA
370
13
 48
0.05
100
AcDbPolyline
 90
2
 70
128
 10
5.9801
 20
7.47
 10
7.1149000000000004
 20
7.47
  0
LWPOLYLINE
  5
281
330
17
100
AcDbEntity
  8
I-PODKLAD
  6
KRESKOWA
370
13
 48
0.05
100
AcDbPolyline
 90
2
 70
128
 10
7.2650999999999994
 20
7.47
 10
8.3949
 20
7.47
  0
LWPOLYLINE
  5
282
330
17
100
AcDbEntity
  8
I-PODKLAD
370
13
 48
0.05
100
AcDbPolyline
 90
6
 70
0
 10
7.163254831362018
 20
6.882905296863876
 10
6.605405797634422
 20
7.0342863562366515
 10
6.527072263107646
 20
6.974722463075253
 10
6.567927736892354
 20
7.125277536924749
 10
6.489594202365579
 20
7.06571364376335
 10
5.931745168637983
 20
7.217094703136126
  0
LWPOLYLINE
  5
283
330
17
100
AcDbEntity
  8
I-PODKLAD
370
13
 48
0.05
100
AcDbPolyline
 90
2
 70
0
 10
6.5475
 20
5.37
 10
6.5475
 20
7.008000000000001
  0
LWPOLYLINE
  5
284
330
17
100
AcDbEntity
  8
I-PODKLAD
370
13
 48
0.05
100
AcDbPolyline
 90
3
 70
1
 10
6.5475
 20
7.008000000000001
 10
6.5724494028981315
 20
6.8906222879119445
 10
6.522550597101869
 20
6.8906222879119445
  0
LWPOLYLINE
  5
285
330
17
100
AcDbEntity
  8
I-PODKLAD
370
13
 48
0.05
100
AcDbPolyline
 90
2
 70
0
 10
7.044
 20
5.23
 10
7.044
 20
5.2700000000000005
  0
LWPOLYLINE
  5
286
330
17
100
AcDbEntity
  8
I-PODKLAD
370
13
 48
0.05
100
AcDbPolyline
 90
2
 70
0
 10
7.044
 20
5.2700000000000005
 10
7.044
 20
6.71
  0
LWPOLYLINE
  5
287
330
17
100
AcDbEntity
  8
I-PODKLAD
  6
KRESKOWA
370
13
 48
0.05
100
AcDbPolyline
 90
2
 70
128
 10
7.044
 20
6.71
 10
7.044
 20
7.47
  0
LWPOLYLINE
  5
288
330
17
100
AcDbEntity
  8
I-PODKLAD
  6
KRESKOWA
370
13
 48
0.05
100
AcDbPolyline
 90
2
 70
128
 10
7.044
 20
7.47
 10
7.044
 20
7.541
  0
LWPOLYLINE
  5
289
330
17
100
AcDbEntity
  8
I-PODKLAD
  6
KRESKOWA
370
13
 48
0.05
100
AcDbPolyline
 90
2
 70
128
 10
7.044
 20
7.541
 10
7.336
 20
7.541
  0
LWPOLYLINE
  5
28A
330
17
100
AcDbEntity
  8
I-PODKLAD
  6
KRESKOWA
370
13
 48
0.05
100
AcDbPolyline
 90
2
 70
128
 10
7.336
 20
7.541
 10
7.336
 20
7.47
  0
LWPOLYLINE
  5
28B
330
17
100
AcDbEntity
  8
I-PODKLAD
  6
KRESKOWA
370
13
 48
0.05
100
AcDbPolyline
 90
2
 70
128
 10
7.336
 20
7.47
 10
7.336
 20
5.2301
  0
LWPOLYLINE
  5
28C
330
17
100
AcDbEntity
  8
I-PODKLAD
370
18
 48
0.05
100
AcDbPolyline
 90
4
 70
1
 10
0.36
 20
-0.039999999999999994
 10
2.14
 20
-0.039999999999999994
 10
2.14
 20
-0.13
 10
0.36
 20
-0.13
  0
LWPOLYLINE
  5
28D
330
17
100
AcDbEntity
  8
I-PODKLAD
370
18
 48
0.05
100
AcDbPolyline
 90
2
 70
0
 10
0.42
 20
-0.039999999999999994
 10
0.42
 20
-0.13
  0
LWPOLYLINE
  5
28E
330
17
100
AcDbEntity
  8
I-PODKLAD
370
18
 48
0.05
100
AcDbPolyline
 90
2
 70
0
 10
2.08
 20
-0.039999999999999994
 10
2.08
 20
-0.13
  0
LWPOLYLINE
  5
28F
330
17
100
AcDbEntity
  8
I-PODKLAD
370
18
 48
0.05
100
AcDbPolyline
 90
2
 70
0
 10
0.42
 20
-0.1012
 10
2.08
 20
-0.1012
  0
LWPOLYLINE
  5
290
330
17
100
AcDbEntity
  8
I-PODKLAD
370
18
 48
0.05
100
AcDbPolyline
 90
2
 70
0
 10
0.42
 20
-0.06879999999999999
 10
2.08
 20
-0.06879999999999999
  0
LWPOLYLINE
  5
291
330
17
100
AcDbEntity
  8
I-PODKLAD
370
18
 48
0.05
100
AcDbPolyline
 90
4
 70
1
 10
2.26
 20
-0.039999999999999994
 10
4.04
 20
-0.039999999999999994
 10
4.04
 20
-0.13
 10
2.26
 20
-0.13
  0
LWPOLYLINE
  5
292
330
17
100
AcDbEntity
  8
I-PODKLAD
370
18
 48
0.05
100
AcDbPolyline
 90
2
 70
0
 10
2.32
 20
-0.039999999999999994
 10
2.32
 20
-0.13
  0
LWPOLYLINE
  5
293
330
17
100
AcDbEntity
  8
I-PODKLAD
370
18
 48
0.05
100
AcDbPolyline
 90
2
 70
0
 10
3.98
 20
-0.039999999999999994
 10
3.98
 20
-0.13
  0
LWPOLYLINE
  5
294
330
17
100
AcDbEntity
  8
I-PODKLAD
370
18
 48
0.05
100
AcDbPolyline
 90
2
 70
0
 10
2.32
 20
-0.1012
 10
3.98
 20
-0.1012
  0
LWPOLYLINE
  5
295
330
17
100
AcDbEntity
  8
I-PODKLAD
370
18
 48
0.05
100
AcDbPolyline
 90
2
 70
0
 10
2.32
 20
-0.06879999999999999
 10
3.98
 20
-0.06879999999999999
  0
LWPOLYLINE
  5
296
330
17
100
AcDbEntity
  8
I-PODKLAD
370
18
 48
0.05
100
AcDbPolyline
 90
4
 70
1
 10
4.16
 20
-0.024999999999999994
 10
6.380000000000001
 20
-0.024999999999999994
 10
6.380000000000001
 20
-0.145
 10
4.16
 20
-0.145
  0
LWPOLYLINE
  5
297
330
17
100
AcDbEntity
  8
I-PODKLAD
370
18
 48
0.05
100
AcDbPolyline
 90
4
 70
1
 10
4.205
 20
-0.08499999999999999
 10
5.3100000000000005
 20
-0.08499999999999999
 10
5.3100000000000005
 20
-0.024999999999999994
 10
4.205
 20
-0.024999999999999994
  0
LWPOLYLINE
  5
298
330
17
100
AcDbEntity
  8
I-PODKLAD
370
18
 48
0.05
100
AcDbPolyline
 90
2
 70
0
 10
4.245
 20
-0.05499999999999999
 10
5.2700000000000005
 20
-0.05499999999999999
  0
LWPOLYLINE
  5
299
330
17
100
AcDbEntity
  8
I-PODKLAD
370
18
 48
0.05
100
AcDbPolyline
 90
2
 70
0
 10
4.37075
 20
0.06500000000000003
 10
5.14425
 20
0.06500000000000003
  0
LWPOLYLINE
  5
29A
330
17
100
AcDbEntity
  8
I-PODKLAD
370
18
 48
0.05
100
AcDbPolyline
 90
3
 70
1
 10
5.14425
 20
0.06500000000000003
 10
5.036653763919282
 20
0.042129714010046504
 10
5.036653763919282
 20
0.08787028598995356
  0
LWPOLYLINE
  5
29B
330
17
100
AcDbEntity
  8
I-PODKLAD
370
18
 48
0.05
100
AcDbPolyline
 90
4
 70
1
 10
5.23
 20
-0.145
 10
6.335000000000001
 20
-0.145
 10
6.335000000000001
 20
-0.08499999999999999
 10
5.23
 20
-0.08499999999999999
  0
LWPOLYLINE
  5
29C
330
17
100
AcDbEntity
  8
I-PODKLAD
370
18
 48
0.05
100
AcDbPolyline
 90
2
 70
0
 10
5.2700000000000005
 20
-0.11499999999999999
 10
6.295000000000001
 20
-0.11499999999999999
  0
LWPOLYLINE
  5
29D
330
17
100
AcDbEntity
  8
I-PODKLAD
370
18
 48
0.05
100
AcDbPolyline
 90
4
 70
1
 10
6.5
 20
-0.024999999999999994
 10
8.72
 20
-0.024999999999999994
 10
8.72
 20
-0.145
 10
6.5
 20
-0.145
  0
LWPOLYLINE
  5
29E
330
17
100
AcDbEntity
  8
I-PODKLAD
370
18
 48
0.05
100
AcDbPolyline
 90
4
 70
1
 10
6.545
 20
-0.08499999999999999
 10
7.65
 20
-0.08499999999999999
 10
7.65
 20
-0.024999999999999994
 10
6.545
 20
-0.024999999999999994
  0
LWPOLYLINE
  5
29F
330
17
100
AcDbEntity
  8
I-PODKLAD
370
18
 48
0.05
100
AcDbPolyline
 90
2
 70
0
 10
6.585
 20
-0.05499999999999999
 10
7.61
 20
-0.05499999999999999
  0
LWPOLYLINE
  5
2A0
330
17
100
AcDbEntity
  8
I-PODKLAD
370
18
 48
0.05
100
AcDbPolyline
 90
2
 70
0
 10
6.71075
 20
0.06500000000000003
 10
7.48425
 20
0.06500000000000003
  0
LWPOLYLINE
  5
2A1
330
17
100
AcDbEntity
  8
I-PODKLAD
370
18
 48
0.05
100
AcDbPolyline
 90
3
 70
1
 10
7.48425
 20
0.06500000000000003
 10
7.376653763919282
 20
0.042129714010046504
 10
7.376653763919282
 20
0.08787028598995356
  0
LWPOLYLINE
  5
2A2
330
17
100
AcDbEntity
  8
I-PODKLAD
370
18
 48
0.05
100
AcDbPolyline
 90
4
 70
1
 10
7.57
 20
-0.145
 10
8.675
 20
-0.145
 10
8.675
 20
-0.08499999999999999
 10
7.57
 20
-0.08499999999999999
  0
LWPOLYLINE
  5
2A3
330
17
100
AcDbEntity
  8
I-PODKLAD
370
18
 48
0.05
100
AcDbPolyline
 90
2
 70
0
 10
7.61
 20
-0.11499999999999999
 10
8.635000000000002
 20
-0.11499999999999999
  0
LWPOLYLINE
  5
2A4
330
17
100
AcDbEntity
  8
I-PODKLAD
370
18
 48
0.05
100
AcDbPolyline
 90
4
 70
1
 10
8.84
 20
-0.039999999999999994
 10
11.7
 20
-0.039999999999999994
 10
11.7
 20
-0.13
 10
8.84
 20
-0.13
  0
LWPOLYLINE
  5
2A5
330
17
100
AcDbEntity
  8
I-PODKLAD
370
18
 48
0.05
100
AcDbPolyline
 90
2
 70
0
 10
8.9
 20
-0.039999999999999994
 10
8.9
 20
-0.13
  0
LWPOLYLINE
  5
2A6
330
17
100
AcDbEntity
  8
I-PODKLAD
370
18
 48
0.05
100
AcDbPolyline
 90
2
 70
0
 10
11.639999999999999
 20
-0.039999999999999994
 10
11.639999999999999
 20
-0.13
  0
LWPOLYLINE
  5
2A7
330
17
100
AcDbEntity
  8
I-PODKLAD
370
18
 48
0.05
100
AcDbPolyline
 90
2
 70
0
 10
8.9
 20
-0.1012
 10
11.639999999999999
 20
-0.1012
  0
LWPOLYLINE
  5
2A8
330
17
100
AcDbEntity
  8
I-PODKLAD
370
18
 48
0.05
100
AcDbPolyline
 90
2
 70
0
 10
8.9
 20
-0.06879999999999999
 10
11.639999999999999
 20
-0.06879999999999999
  0
LWPOLYLINE
  5
2A9
330
17
100
AcDbEntity
  8
I-PODKLAD
370
18
 48
0.05
100
AcDbPolyline
 90
4
 70
1
 10
12.35
 20
-0.13
 10
12.4
 20
-0.13
 10
12.4
 20
-0.03999999999999999
 10
12.35
 20
-0.03999999999999999
  0
LWPOLYLINE
  5
2AA
330
17
100
AcDbEntity
  8
I-PODKLAD
370
18
 48
0.05
100
AcDbPolyline
 90
4
 70
1
 10
13.25
 20
-0.13
 10
13.2
 20
-0.13
 10
13.2
 20
-0.03999999999999999
 10
13.25
 20
-0.03999999999999999
  0
LWPOLYLINE
  5
2AB
330
17
100
AcDbEntity
  8
I-PODKLAD
370
18
 48
0.05
100
AcDbPolyline
 90
2
 70
0
 10
12.4
 20
-0.08499999999999999
 10
13.2
 20
-0.08499999999999999
  0
LWPOLYLINE
  5
2AC
330
17
100
AcDbEntity
  8
I-PODKLAD
370
18
 48
0.05
100
AcDbPolyline
 90
4
 70
1
 10
12.4
 20
-0.13
 10
12.4
 20
-0.9300000000000004
 10
12.44
 20
-0.9300000000000004
 10
12.44
 20
-0.13
  0
ARC
  5
2AD
330
17
100
AcDbEntity
  8
I-PODKLAD
370
13
 48
0.05
100
AcDbCircle
 10
12.4
 20
-0.13
 30
0.0
 40
0.8000000000000004
100
AcDbArc
 50
-90.0
 51
0.0
  0
LWPOLYLINE
  5
2AE
330
17
100
AcDbEntity
  8
I-PODKLAD
370
18
 48
0.05
100
AcDbPolyline
 90
4
 70
1
 10
18.505000000000003
 20
4.9
 10
18.505000000000003
 20
4.95
 10
18.415
 20
4.95
 10
18.415
 20
4.9
  0
LWPOLYLINE
  5
2AF
330
17
100
AcDbEntity
  8
I-PODKLAD
370
18
 48
0.05
100
AcDbPolyline
 90
4
 70
1
 10
18.505000000000003
 20
5.9
 10
18.505000000000003
 20
5.8500000000000005
 10
18.415
 20
5.8500000000000005
 10
18.415
 20
5.9
  0
LWPOLYLINE
  5
2B0
330
17
100
AcDbEntity
  8
I-PODKLAD
370
18
 48
0.05
100
AcDbPolyline
 90
2
 70
0
 10
18.46
 20
4.95
 10
18.46
 20
5.8500000000000005
  0
LWPOLYLINE
  5
2B1
330
17
100
AcDbEntity
  8
I-PODKLAD
370
18
 48
0.05
100
AcDbPolyline
 90
4
 70
1
 10
18.505000000000003
 20
4.95
 10
19.405
 20
4.95
 10
19.405
 20
4.99
 10
18.505000000000003
 20
4.99
  0
ARC
  5
2B2
330
17
100
AcDbEntity
  8
I-PODKLAD
370
13
 48
0.05
100
AcDbCircle
 10
18.505000000000003
 20
4.95
 30
0.0
 40
0.9
100
AcDbArc
 50
0.0
 51
90.0
  0
LWPOLYLINE
  5
2B3
330
17
100
AcDbEntity
  8
I-PODKLAD
370
18
 48
0.05
100
AcDbPolyline
 90
4
 70
1
 10
17.73
 20
9.505
 10
12.77
 20
9.505
 10
12.77
 20
9.415
 10
17.73
 20
9.415
  0
LWPOLYLINE
  5
2B4
330
17
100
AcDbEntity
  8
I-PODKLAD
  6
KRESKOWA
370
18
 48
0.05
100
AcDbPolyline
 90
4
 70
129
 10
17.7
 20
9.285
 10
12.8
 20
9.285
 10
12.8
 20
7.035
 10
17.7
 20
7.035
  0
LWPOLYLINE
  5
2B5
330
17
100
AcDbEntity
  8
I-PODKLAD
370
18
 48
0.05
100
AcDbPolyline
 90
4
 70
1
 10
11.15
 20
8.790000000000001
 10
11.1
 20
8.790000000000001
 10
11.1
 20
8.88
 10
11.15
 20
8.88
  0
LWPOLYLINE
  5
2B6
330
17
100
AcDbEntity
  8
I-PODKLAD
370
18
 48
0.05
100
AcDbPolyline
 90
4
 70
1
 10
10.05
 20
8.790000000000001
 10
10.100000000000001
 20
8.790000000000001
 10
10.100000000000001
 20
8.88
 10
10.05
 20
8.88
  0
LWPOLYLINE
  5
2B7
330
17
100
AcDbEntity
  8
I-PODKLAD
370
18
 48
0.05
100
AcDbPolyline
 90
2
 70
0
 10
11.1
 20
8.835
 10
10.100000000000001
 20
8.835
  0
LWPOLYLINE
  5
2B8
330
17
100
AcDbEntity
  8
I-PODKLAD
370
18
 48
0.05
100
AcDbPolyline
 90
4
 70
1
 10
11.1
 20
8.790000000000001
 10
11.1
 20
7.790000000000001
 10
11.06
 20
7.790000000000001
 10
11.06
 20
8.790000000000001
  0
ARC
  5
2B9
330
17
100
AcDbEntity
  8
I-PODKLAD
370
13
 48
0.05
100
AcDbCircle
 10
11.1
 20
8.790000000000001
 30
0.0
 40
0.9999999999999997
100
AcDbArc
 50
180.0
 51
270.0
  0
LWPOLYLINE
  5
2BA
330
17
100
AcDbEntity
  8
I-PODKLAD
370
18
 48
0.05
100
AcDbPolyline
 90
4
 70
1
 10
11.6
 20
8.79
 10
11.25
 20
8.79
 10
11.25
 20
8.88
 10
11.6
 20
8.88
  0
LWPOLYLINE
  5
2BB
330
17
100
AcDbEntity
  8
I-PODKLAD
370
18
 48
0.05
100
AcDbPolyline
 90
2
 70
0
 10
11.54
 20
8.79
 10
11.54
 20
8.88
  0
LWPOLYLINE
  5
2BC
330
17
100
AcDbEntity
  8
I-PODKLAD
370
18
 48
0.05
100
AcDbPolyline
 90
2
 70
0
 10
11.31
 20
8.79
 10
11.31
 20
8.88
  0
LWPOLYLINE
  5
2BD
330
17
100
AcDbEntity
  8
I-PODKLAD
370
18
 48
0.05
100
AcDbPolyline
 90
2
 70
0
 10
11.54
 20
8.8512
 10
11.31
 20
8.8512
  0
LWPOLYLINE
  5
2BE
330
17
100
AcDbEntity
  8
I-PODKLAD
370
18
 48
0.05
100
AcDbPolyline
 90
2
 70
0
 10
11.54
 20
8.8188
 10
11.31
 20
8.8188
  0
LWPOLYLINE
  5
2BF
330
17
100
AcDbEntity
  8
I-PODKLAD
370
18
 48
0.05
100
AcDbPolyline
 90
4
 70
1
 10
5.1
 20
8.79
 10
4.3
 20
8.79
 10
4.3
 20
8.88
 10
5.1
 20
8.88
  0
LWPOLYLINE
  5
2C0
330
17
100
AcDbEntity
  8
I-PODKLAD
370
18
 48
0.05
100
AcDbPolyline
 90
2
 70
0
 10
5.04
 20
8.79
 10
5.04
 20
8.88
  0
LWPOLYLINE
  5
2C1
330
17
100
AcDbEntity
  8
I-PODKLAD
370
18
 48
0.05
100
AcDbPolyline
 90
2
 70
0
 10
4.359999999999999
 20
8.79
 10
4.359999999999999
 20
8.88
  0
LWPOLYLINE
  5
2C2
330
17
100
AcDbEntity
  8
I-PODKLAD
370
18
 48
0.05
100
AcDbPolyline
 90
2
 70
0
 10
5.04
 20
8.8512
 10
4.359999999999999
 20
8.8512
  0
LWPOLYLINE
  5
2C3
330
17
100
AcDbEntity
  8
I-PODKLAD
370
18
 48
0.05
100
AcDbPolyline
 90
2
 70
0
 10
5.04
 20
8.8188
 10
4.359999999999999
 20
8.8188
  0
LWPOLYLINE
  5
2C4
330
17
100
AcDbEntity
  8
I-PODKLAD
370
18
 48
0.05
100
AcDbPolyline
 90
4
 70
1
 10
5.119999999999999
 20
8.79
 10
4.28
 20
8.79
 10
4.28
 20
8.615
 10
5.119999999999999
 20
8.615
  0
LWPOLYLINE
  5
2C5
330
17
100
AcDbEntity
  8
I-PODKLAD
370
18
 48
0.05
100
AcDbPolyline
 90
4
 70
1
 10
5.13
 20
8.88
 10
4.27
 20
8.88
 10
4.27
 20
9.09
 10
5.13
 20
9.09
  0
LWPOLYLINE
  5
2C6
330
17
100
AcDbEntity
  8
I-PODKLAD
370
18
 48
0.05
100
AcDbPolyline
 90
4
 70
1
 10
-0.024999999999999994
 20
3.5999999999999996
 10
-0.024999999999999994
 20
1.1999999999999993
 10
-0.145
 20
1.1999999999999993
 10
-0.145
 20
3.5999999999999996
  0
LWPOLYLINE
  5
2C7
330
17
100
AcDbEntity
  8
I-PODKLAD
370
18
 48
0.05
100
AcDbPolyline
 90
4
 70
1
 10
-0.08499999999999999
 20
3.5549999999999997
 10
-0.08499999999999999
 20
2.3599999999999994
 10
-0.024999999999999994
 20
2.3599999999999994
 10
-0.024999999999999994
 20
3.5549999999999997
  0
LWPOLYLINE
  5
2C8
330
17
100
AcDbEntity
  8
I-PODKLAD
370
18
 48
0.05
100
AcDbPolyline
 90
2
 70
0
 10
-0.05499999999999999
 20
3.5149999999999997
 10
-0.05499999999999999
 20
2.3999999999999995
  0
LWPOLYLINE
  5
2C9
330
17
100
AcDbEntity
  8
I-PODKLAD
370
18
 48
0.05
100
AcDbPolyline
 90
2
 70
0
 10
0.06500000000000003
 20
3.3757499999999996
 10
0.06500000000000003
 20
2.5392499999999996
  0
LWPOLYLINE
  5
2CA
330
17
100
AcDbEntity
  8
I-PODKLAD
370
18
 48
0.05
100
AcDbPolyline
 90
3
 70
1
 10
0.06500000000000003
 20
2.5392499999999996
 10
0.042129714010046504
 20
2.646846236080718
 10
0.08787028598995356
 20
2.646846236080718
  0
LWPOLYLINE
  5
2CB
330
17
100
AcDbEntity
  8
I-PODKLAD
370
18
 48
0.05
100
AcDbPolyline
 90
4
 70
1
 10
-0.145
 20
2.4399999999999995
 10
-0.145
 20
1.2449999999999992
 10
-0.08499999999999999
 20
1.2449999999999992
 10
-0.08499999999999999
 20
2.4399999999999995
  0
LWPOLYLINE
  5
2CC
330
17
100
AcDbEntity
  8
I-PODKLAD
370
18
 48
0.05
100
AcDbPolyline
 90
2
 70
0
 10
-0.11499999999999999
 20
2.3999999999999995
 10
-0.11499999999999999
 20
1.2849999999999993
  0
LWPOLYLINE
  5
2CD
330
17
100
AcDbEntity
  8
I-PODKLAD
370
18
 48
0.05
100
AcDbPolyline
 90
4
 70
1
 10
-0.039999999999999994
 20
7.6
 10
-0.039999999999999994
 20
5.8
 10
-0.13
 20
5.8
 10
-0.13
 20
7.6
  0
LWPOLYLINE
  5
2CE
330
17
100
AcDbEntity
  8
I-PODKLAD
370
18
 48
0.05
100
AcDbPolyline
 90
2
 70
0
 10
-0.039999999999999994
 20
7.54
 10
-0.13
 20
7.54
  0
LWPOLYLINE
  5
2CF
330
17
100
AcDbEntity
  8
I-PODKLAD
370
18
 48
0.05
100
AcDbPolyline
 90
2
 70
0
 10
-0.039999999999999994
 20
5.859999999999999
 10
-0.13
 20
5.859999999999999
  0
LWPOLYLINE
  5
2D0
330
17
100
AcDbEntity
  8
I-PODKLAD
370
18
 48
0.05
100
AcDbPolyline
 90
2
 70
0
 10
-0.039999999999999994
 20
6.699999999999999
 10
-0.13
 20
6.699999999999999
  0
LWPOLYLINE
  5
2D1
330
17
100
AcDbEntity
  8
I-PODKLAD
370
18
 48
0.05
100
AcDbPolyline
 90
2
 70
0
 10
-0.1012
 20
7.54
 10
-0.1012
 20
5.859999999999999
  0
LWPOLYLINE
  5
2D2
330
17
100
AcDbEntity
  8
I-PODKLAD
370
18
 48
0.05
100
AcDbPolyline
 90
2
 70
0
 10
-0.06879999999999999
 20
7.54
 10
-0.06879999999999999
 20
5.859999999999999
  0
LWPOLYLINE
  5
2D3
330
17
100
AcDbEntity
  8
I-PODKLAD
370
18
 48
0.05
100
AcDbPolyline
 90
4
 70
1
 10
-0.039999999999999994
 20
7.619999999999999
 10
-0.039999999999999994
 20
5.78
 10
0.135
 20
5.78
 10
0.135
 20
7.619999999999999
  0
LWPOLYLINE
  5
2D4
330
17
100
AcDbEntity
  8
I-PODKLAD
370
18
 48
0.05
100
AcDbPolyline
 90
4
 70
1
 10
-0.13
 20
7.63
 10
-0.13
 20
5.77
 10
-0.34
 20
5.77
 10
-0.34
 20
7.63
  0
LWPOLYLINE
  5
2D5
330
17
100
AcDbEntity
  8
I-PODKLAD
370
18
 48
0.05
100
AcDbPolyline
 90
4
 70
1
 10
4.2
 20
5.23
 10
4.25
 20
5.23
 10
4.25
 20
5.02
 10
4.2
 20
5.02
  0
LWPOLYLINE
  5
2D6
330
17
100
AcDbEntity
  8
I-PODKLAD
370
18
 48
0.05
100
AcDbPolyline
 90
4
 70
1
 10
5.1000000000000005
 20
5.23
 10
5.050000000000001
 20
5.23
 10
5.050000000000001
 20
5.02
 10
5.1000000000000005
 20
5.02
  0
LWPOLYLINE
  5
2D7
330
17
100
AcDbEntity
  8
I-PODKLAD
370
18
 48
0.05
100
AcDbPolyline
 90
4
 70
1
 10
5.050000000000001
 20
5.23
 10
5.050000000000001
 20
6.030000000000001
 10
5.010000000000001
 20
6.030000000000001
 10
5.010000000000001
 20
5.23
  0
ARC
  5
2D8
330
17
100
AcDbEntity
  8
I-PODKLAD
370
13
 48
0.05
100
AcDbCircle
 10
5.050000000000001
 20
5.23
 30
0.0
 40
0.8000000000000004
100
AcDbArc
 50
-270.0
 51
-180.0
  0
LWPOLYLINE
  5
2D9
330
17
100
AcDbEntity
  8
I-PODKLAD
370
18
 48
0.05
100
AcDbPolyline
 90
4
 70
1
 10
7.4
 20
5.23
 10
7.45
 20
5.23
 10
7.45
 20
5.02
 10
7.4
 20
5.02
  0
LWPOLYLINE
  5
2DA
330
17
100
AcDbEntity
  8
I-PODKLAD
370
18
 48
0.05
100
AcDbPolyline
 90
4
 70
1
 10
8.200000000000001
 20
5.23
 10
8.15
 20
5.23
 10
8.15
 20
5.02
 10
8.200000000000001
 20
5.02
  0
LWPOLYLINE
  5
2DB
330
17
100
AcDbEntity
  8
I-PODKLAD
370
18
 48
0.05
100
AcDbPolyline
 90
4
 70
1
 10
8.15
 20
5.23
 10
8.15
 20
5.9300000000000015
 10
8.110000000000001
 20
5.9300000000000015
 10
8.110000000000001
 20
5.23
  0
ARC
  5
2DC
330
17
100
AcDbEntity
  8
I-PODKLAD
370
13
 48
0.05
100
AcDbCircle
 10
8.15
 20
5.23
 30
0.0
 40
0.7000000000000007
100
AcDbArc
 50
-270.0
 51
-180.0
  0
LWPOLYLINE
  5
2DD
330
17
100
AcDbEntity
  8
I-PODKLAD
  6
KRESKOWA
370
13
 48
0.05
100
AcDbPolyline
 90
2
 70
128
 10
8.9
 20
5.02
 10
10.4
 20
5.02
  0
LWPOLYLINE
  5
2DE
330
17
100
AcDbEntity
  8
I-PODKLAD
  6
KRESKOWA
370
13
 48
0.05
100
AcDbPolyline
 90
2
 70
128
 10
8.9
 20
5.23
 10
10.4
 20
5.23
  0
LWPOLYLINE
  5
2DF
330
17
100
AcDbEntity
  8
I-PODKLAD
370
18
 48
0.05
100
AcDbPolyline
 90
4
 70
1
 10
3.77
 20
5.33
 10
3.77
 20
5.38
 10
3.98
 20
5.38
 10
3.98
 20
5.33
  0
LWPOLYLINE
  5
2E0
330
17
100
AcDbEntity
  8
I-PODKLAD
370
18
 48
0.05
100
AcDbPolyline
 90
4
 70
1
 10
3.77
 20
6.23
 10
3.77
 20
6.180000000000001
 10
3.98
 20
6.180000000000001
 10
3.98
 20
6.23
  0
LWPOLYLINE
  5
2E1
330
17
100
AcDbEntity
  8
I-PODKLAD
370
18
 48
0.05
100
AcDbPolyline
 90
4
 70
1
 10
3.77
 20
6.180000000000001
 10
2.9699999999999998
 20
6.180000000000001
 10
2.9699999999999998
 20
6.140000000000001
 10
3.77
 20
6.140000000000001
  0
ARC
  5
2E2
330
17
100
AcDbEntity
  8
I-PODKLAD
370
13
 48
0.05
100
AcDbCircle
 10
3.77
 20
6.180000000000001
 30
0.0
 40
0.8000000000000004
100
AcDbArc
 50
-180.0
 51
-90.0
  0
LWPOLYLINE
  5
2E3
330
17
100
AcDbEntity
  8
I-PODKLAD
370
18
 48
0.05
100
AcDbPolyline
 90
4
 70
1
 10
12.105
 20
0.35
 10
12.105
 20
0.39999999999999997
 10
11.895
 20
0.39999999999999997
 10
11.895
 20
0.35
  0
LWPOLYLINE
  5
2E4
330
17
100
AcDbEntity
  8
I-PODKLAD
370
18
 48
0.05
100
AcDbPolyline
 90
4
 70
1
 10
12.105
 20
1.25
 10
12.105
 20
1.2
 10
11.895
 20
1.2
 10
11.895
 20
1.25
  0
LWPOLYLINE
  5
2E5
330
17
100
AcDbEntity
  8
I-PODKLAD
370
18
 48
0.05
100
AcDbPolyline
 90
4
 70
1
 10
12.105
 20
0.39999999999999997
 10
12.905000000000001
 20
0.39999999999999997
 10
12.905000000000001
 20
0.43999999999999995
 10
12.105
 20
0.43999999999999995
  0
ARC
  5
2E6
330
17
100
AcDbEntity
  8
I-PODKLAD
370
13
 48
0.05
100
AcDbCircle
 10
12.105
 20
0.39999999999999997
 30
0.0
 40
0.8
100
AcDbArc
 50
0.0
 51
90.0
  0
LWPOLYLINE
  5
2E7
330
17
100
AcDbEntity
  8
I-PODKLAD
370
18
 48
0.05
100
AcDbPolyline
 90
4
 70
1
 10
14.5
 20
2.915
 10
14.45
 20
2.915
 10
14.45
 20
3.005
 10
14.5
 20
3.005
  0
LWPOLYLINE
  5
2E8
330
17
100
AcDbEntity
  8
I-PODKLAD
370
18
 48
0.05
100
AcDbPolyline
 90
4
 70
1
 10
13.6
 20
2.915
 10
13.65
 20
2.915
 10
13.65
 20
3.005
 10
13.6
 20
3.005
  0
LWPOLYLINE
  5
2E9
330
17
100
AcDbEntity
  8
I-PODKLAD
370
18
 48
0.05
100
AcDbPolyline
 90
4
 70
1
 10
13.65
 20
2.915
 10
13.65
 20
2.1149999999999998
 10
13.69
 20
2.1149999999999998
 10
13.69
 20
2.915
  0
ARC
  5
2EA
330
17
100
AcDbEntity
  8
I-PODKLAD
370
13
 48
0.05
100
AcDbCircle
 10
13.65
 20
2.915
 30
0.0
 40
0.8000000000000004
100
AcDbArc
 50
-90.0
 51
-0.0
  0
LWPOLYLINE
  5
2EB
330
17
100
AcDbEntity
  8
I-PODKLAD
370
18
 48
0.05
100
AcDbPolyline
 90
4
 70
1
 10
14.95
 20
1.6
 10
14.95
 20
1.6500000000000001
 10
14.8
 20
1.6500000000000001
 10
14.8
 20
1.6
  0
LWPOLYLINE
  5
2EC
330
17
100
AcDbEntity
  8
I-PODKLAD
370
18
 48
0.05
100
AcDbPolyline
 90
4
 70
1
 10
14.95
 20
2.5
 10
14.95
 20
2.45
 10
14.8
 20
2.45
 10
14.8
 20
2.5
  0
LWPOLYLINE
  5
2ED
330
17
100
AcDbEntity
  8
I-PODKLAD
370
18
 48
0.05
100
AcDbPolyline
 90
4
 70
1
 10
14.95
 20
2.45
 10
15.75
 20
2.45
 10
15.75
 20
2.41
 10
14.95
 20
2.41
  0
ARC
  5
2EE
330
17
100
AcDbEntity
  8
I-PODKLAD
370
13
 48
0.05
100
AcDbCircle
 10
14.95
 20
2.45
 30
0.0
 40
0.7999999999999999
100
AcDbArc
 50
-90.0
 51
0.0
  0
LWPOLYLINE
  5
2EF
330
17
100
AcDbEntity
  8
I-PODKLAD
370
18
 48
0.05
100
AcDbPolyline
 90
4
 70
1
 10
4.08
 20
6.3625
 10
4.13
 20
6.3625
 10
4.13
 20
6.4875
 10
4.08
 20
6.4875
  0
LWPOLYLINE
  5
2F0
330
17
100
AcDbEntity
  8
I-PODKLAD
370
18
 48
0.05
100
AcDbPolyline
 90
4
 70
1
 10
4.88
 20
6.3625
 10
4.83
 20
6.3625
 10
4.83
 20
6.4875
 10
4.88
 20
6.4875
  0
LWPOLYLINE
  5
2F1
330
17
100
AcDbEntity
  8
I-PODKLAD
370
18
 48
0.05
100
AcDbPolyline
 90
4
 70
1
 10
4.13
 20
6.3625
 10
4.13
 20
5.6625
 10
4.17
 20
5.6625
 10
4.17
 20
6.3625
  0
ARC
  5
2F2
330
17
100
AcDbEntity
  8
I-PODKLAD
370
13
 48
0.05
100
AcDbCircle
 10
4.13
 20
6.3625
 30
0.0
 40
0.6999999999999998
100
AcDbArc
 50
-90.0
 51
0.0
  0
LWPOLYLINE
  5
2F3
330
17
100
AcDbEntity
  8
I-PODKLAD
370
18
 48
0.05
100
AcDbPolyline
 90
4
 70
1
 10
8.71
 20
6.55
 10
8.760000000000002
 20
6.55
 10
8.760000000000002
 20
6.7
 10
8.71
 20
6.7
  0
LWPOLYLINE
  5
2F4
330
17
100
AcDbEntity
  8
I-PODKLAD
370
18
 48
0.05
100
AcDbPolyline
 90
4
 70
1
 10
9.61
 20
6.55
 10
9.559999999999999
 20
6.55
 10
9.559999999999999
 20
6.7
 10
9.61
 20
6.7
  0
LWPOLYLINE
  5
2F5
330
17
100
AcDbEntity
  8
I-PODKLAD
370
18
 48
0.05
100
AcDbPolyline
 90
4
 70
1
 10
8.760000000000002
 20
6.55
 10
8.760000000000002
 20
5.750000000000001
 10
8.8
 20
5.750000000000001
 10
8.8
 20
6.55
  0
ARC
  5
2F6
330
17
100
AcDbEntity
  8
I-PODKLAD
370
13
 48
0.05
100
AcDbCircle
 10
8.760000000000002
 20
6.55
 30
0.0
 40
0.7999999999999986
100
AcDbArc
 50
-90.0
 51
0.0
  0
LWPOLYLINE
  5
2F7
330
17
100
AcDbEntity
  8
I-PODKLAD
370
18
 48
0.05
100
AcDbPolyline
 90
4
 70
1
 10
10.15
 20
6.6
 10
10.200000000000001
 20
6.6
 10
10.200000000000001
 20
6.65
 10
10.15
 20
6.65
  0
LWPOLYLINE
  5
2F8
330
17
100
AcDbEntity
  8
I-PODKLAD
370
18
 48
0.05
100
AcDbPolyline
 90
4
 70
1
 10
11.05
 20
6.6
 10
11.0
 20
6.6
 10
11.0
 20
6.65
 10
11.05
 20
6.65
  0
LWPOLYLINE
  5
2F9
330
17
100
AcDbEntity
  8
I-PODKLAD
370
18
 48
0.05
100
AcDbPolyline
 90
4
 70
1
 10
10.200000000000001
 20
6.6
 10
10.200000000000001
 20
5.799999999999999
 10
10.24
 20
5.799999999999999
 10
10.24
 20
6.6
  0
ARC
  5
2FA
330
17
100
AcDbEntity
  8
I-PODKLAD
370
13
 48
0.05
100
AcDbCircle
 10
10.200000000000001
 20
6.6
 30
0.0
 40
0.8000000000000004
100
AcDbArc
 50
-90.0
 51
0.0
  0
LWPOLYLINE
  5
2FB
330
17
100
AcDbEntity
  8
I-PODKLAD
370
13
 48
0.05
420
12105912
100
AcDbPolyline
 90
4
 70
1
 10
11.895
 20
6.720000000000001
 10
11.895
 20
8.0
 10
11.295
 20
8.0
 10
11.295
 20
6.720000000000001
  0
LWPOLYLINE
  5
2FC
330
17
100
AcDbEntity
  8
I-PODKLAD
370
13
 48
0.05
420
12105912
100
AcDbPolyline
 90
2
 70
0
 10
11.625
 20
6.75
 10
11.625
 20
7.970000000000001
  0
LWPOLYLINE
  5
2FD
330
17
100
AcDbEntity
  8
I-PODKLAD
370
13
 48
0.05
420
12105912
100
AcDbPolyline
 90
2
 70
0
 10
11.786999999999999
 20
6.7700000000000005
 10
11.427
 20
6.83
  0
LWPOLYLINE
  5
2FE
330
17
100
AcDbEntity
  8
I-PODKLAD
370
13
 48
0.05
420
12105912
100
AcDbPolyline
 90
2
 70
0
 10
11.786999999999999
 20
6.894444444444445
 10
11.427
 20
6.954444444444444
  0
LWPOLYLINE
  5
2FF
330
17
100
AcDbEntity
  8
I-PODKLAD
370
13
 48
0.05
420
12105912
100
AcDbPolyline
 90
2
 70
0
 10
11.786999999999999
 20
7.018888888888889
 10
11.427
 20
7.07888888888889
  0
LWPOLYLINE
  5
300
330
17
100
AcDbEntity
  8
I-PODKLAD
370
13
 48
0.05
420
12105912
100
AcDbPolyline
 90
2
 70
0
 10
11.786999999999999
 20
7.1433333333333335
 10
11.427
 20
7.203333333333334
  0
LWPOLYLINE
  5
301
330
17
100
AcDbEntity
  8
I-PODKLAD
370
13
 48
0.05
420
12105912
100
AcDbPolyline
 90
2
 70
0
 10
11.786999999999999
 20
7.267777777777778
 10
11.427
 20
7.327777777777778
  0
LWPOLYLINE
  5
302
330
17
100
AcDbEntity
  8
I-PODKLAD
370
13
 48
0.05
420
12105912
100
AcDbPolyline
 90
2
 70
0
 10
11.786999999999999
 20
7.392222222222222
 10
11.427
 20
7.452222222222223
  0
LWPOLYLINE
  5
303
330
17
100
AcDbEntity
  8
I-PODKLAD
370
13
 48
0.05
420
12105912
100
AcDbPolyline
 90
2
 70
0
 10
11.786999999999999
 20
7.516666666666667
 10
11.427
 20
7.576666666666667
  0
LWPOLYLINE
  5
304
330
17
100
AcDbEntity
  8
I-PODKLAD
370
13
 48
0.05
420
12105912
100
AcDbPolyline
 90
2
 70
0
 10
11.786999999999999
 20
7.641111111111112
 10
11.427
 20
7.7011111111111115
  0
LWPOLYLINE
  5
305
330
17
100
AcDbEntity
  8
I-PODKLAD
370
13
 48
0.05
420
12105912
100
AcDbPolyline
 90
2
 70
0
 10
11.786999999999999
 20
7.765555555555556
 10
11.427
 20
7.825555555555556
  0
LWPOLYLINE
  5
306
330
17
100
AcDbEntity
  8
I-PODKLAD
370
13
 48
0.05
420
12105912
100
AcDbPolyline
 90
2
 70
0
 10
11.786999999999999
 20
7.890000000000001
 10
11.427
 20
7.95
  0
LWPOLYLINE
  5
307
330
17
100
AcDbEntity
  8
I-PODKLAD
370
13
 48
0.05
420
12105912
100
AcDbPolyline
 90
4
 70
1
 10
11.895
 20
5.239999999999999
 10
11.895
 20
6.54
 10
11.295
 20
6.54
 10
11.295
 20
5.239999999999999
  0
LWPOLYLINE
  5
308
330
17
100
AcDbEntity
  8
I-PODKLAD
370
13
 48
0.05
420
12105912
100
AcDbPolyline
 90
2
 70
0
 10
11.625
 20
5.27
 10
11.625
 20
6.51
  0
LWPOLYLINE
  5
309
330
17
100
AcDbEntity
  8
I-PODKLAD
370
13
 48
0.05
420
12105912
100
AcDbPolyline
 90
2
 70
0
 10
11.786999999999999
 20
5.289999999999999
 10
11.427
 20
5.35
  0
LWPOLYLINE
  5
30A
330
17
100
AcDbEntity
  8
I-PODKLAD
370
13
 48
0.05
420
12105912
100
AcDbPolyline
 90
2
 70
0
 10
11.786999999999999
 20
5.416666666666666
 10
11.427
 20
5.476666666666667
  0
LWPOLYLINE
  5
30B
330
17
100
AcDbEntity
  8
I-PODKLAD
370
13
 48
0.05
420
12105912
100
AcDbPolyline
 90
2
 70
0
 10
11.786999999999999
 20
5.543333333333333
 10
11.427
 20
5.603333333333333
  0
LWPOLYLINE
  5
30C
330
17
100
AcDbEntity
  8
I-PODKLAD
370
13
 48
0.05
420
12105912
100
AcDbPolyline
 90
2
 70
0
 10
11.786999999999999
 20
5.67
 10
11.427
 20
5.7299999999999995
  0
LWPOLYLINE
  5
30D
330
17
100
AcDbEntity
  8
I-PODKLAD
370
13
 48
0.05
420
12105912
100
AcDbPolyline
 90
2
 70
0
 10
11.786999999999999
 20
5.796666666666666
 10
11.427
 20
5.8566666666666665
  0
LWPOLYLINE
  5
30E
330
17
100
AcDbEntity
  8
I-PODKLAD
370
13
 48
0.05
420
12105912
100
AcDbPolyline
 90
2
 70
0
 10
11.786999999999999
 20
5.923333333333333
 10
11.427
 20
5.983333333333333
  0
LWPOLYLINE
  5
30F
330
17
100
AcDbEntity
  8
I-PODKLAD
370
13
 48
0.05
420
12105912
100
AcDbPolyline
 90
2
 70
0
 10
11.786999999999999
 20
6.05
 10
11.427
 20
6.109999999999999
  0
LWPOLYLINE
  5
310
330
17
100
AcDbEntity
  8
I-PODKLAD
370
13
 48
0.05
420
12105912
100
AcDbPolyline
 90
2
 70
0
 10
11.786999999999999
 20
6.176666666666666
 10
11.427
 20
6.236666666666666
  0
LWPOLYLINE
  5
311
330
17
100
AcDbEntity
  8
I-PODKLAD
370
13
 48
0.05
420
12105912
100
AcDbPolyline
 90
2
 70
0
 10
11.786999999999999
 20
6.303333333333333
 10
11.427
 20
6.363333333333333
  0
LWPOLYLINE
  5
312
330
17
100
AcDbEntity
  8
I-PODKLAD
370
13
 48
0.05
420
12105912
100
AcDbPolyline
 90
2
 70
0
 10
11.786999999999999
 20
6.43
 10
11.427
 20
6.49
  0
LWPOLYLINE
  5
313
330
17
100
AcDbEntity
  8
I-PODKLAD
  6
KRESKOWA
370
18
 48
0.05
100
AcDbPolyline
 90
4
 70
129
 10
9.45
 20
8.795
 10
8.95
 20
8.795
 10
8.95
 20
8.645
 10
9.45
 20
8.645
  0
LWPOLYLINE
  5
314
330
17
100
AcDbEntity
  8
I-PODKLAD
370
18
 48
0.05
100
AcDbPolyline
 90
4
 70
1
 10
9.399999999999999
 20
8.645
 10
9.0
 20
8.645
 10
9.0
 20
8.525
 10
9.399999999999999
 20
8.525
  0
LWPOLYLINE
  5
315
330
17
100
AcDbEntity
  8
I-PODKLAD
370
18
 48
0.05
100
AcDbPolyline
 90
40
 70
0
 10
9.0
 20
8.525
 10
9.000648538373158
 20
8.486376047015971
 10
9.002589947472417
 20
8.448002585188275
 10
9.005811636514789
 20
8.410128481141971
 10
9.010292711610571
 20
8.372999362975293
 10
9.016004111268234
 20
8.336856027267164
 10
9.022908794869357
 20
8.301932877418992
 10
9.03096198289124
 20
8.268456403458655
 10
9.0401114473193
 20
8.236643713165769
 10
9.050297850365778
 20
8.206701124044418
 10
9.06145512929808
 20
8.178822825274969
 10
9.073510924880924
 20
8.153189618322726
 10
9.086387050653768
 20
8.129967744371044
 10
9.1
 20
8.10930780618347
 10
9.11426148771939
 20
8.091343791387017
 10
9.129079022591492
 20
8.076192203511
 10
9.14435650721671
 20
8.063951306416941
 10
9.15999486124479
 20
8.05470048701971
 10
9.175892663948934
 20
8.048499740432934
 10
9.191946811978116
 20
8.045389280877647
 10
9.208053188021882
 20
8.045389280877647
 10
9.224107336051064
 20
8.048499740432934
 10
9.240005138755208
 20
8.05470048701971
 10
9.25564349278329
 20
8.063951306416941
 10
9.270920977408506
 20
8.076192203511
 10
9.28573851228061
 20
8.091343791387017
 10
9.299999999999999
 20
8.10930780618347
 10
9.313612949346231
 20
8.129967744371044
 10
9.326489075119074
 20
8.153189618322726
 10
9.33854487070192
 20
8.178822825274969
 10
9.34970214963422
 20
8.206701124044418
 10
9.3598885526807
 20
8.236643713165769
 10
9.369038017108759
 20
8.268456403458655
 10
9.377091205130641
 20
8.301932877418992
 10
9.383995888731764
 20
8.336856027267164
 10
9.38970728838943
 20
8.372999362975293
 10
9.39418836348521
 20
8.410128481141971
 10
9.397410052527581
 20
8.448002585188275
 10
9.399351461626841
 20
8.486376047015971
 10
9.399999999999999
 20
8.525
  0
LWPOLYLINE
  5
316
330
17
100
AcDbEntity
  8
I-PODKLAD
370
18
 48
0.05
100
AcDbPolyline
 90
40
 70
1
 10
9.045
 20
8.3042
 10
9.046908307207753
 20
8.277168124441047
 10
9.05258623997425
 20
8.25080186337201
 10
9.061893988750802
 20
8.225750441645006
 10
9.074602365871883
 20
8.202630708403861
 10
9.090398448916085
 20
8.182011948210965
 10
9.108893285894666
 20
8.164401863372008
 10
9.12963147254037
 20
8.15023407262025
 10
9.152102365871883
 20
8.139857433984197
 10
9.175752657918764
 20
8.13352745474516
 10
9.2
 20
8.1314
 10
9.224247342081235
 20
8.13352745474516
 10
9.247897634128115
 20
8.139857433984197
 10
9.27036852745963
 20
8.15023407262025
 10
9.291106714105332
 20
8.164401863372008
 10
9.309601551083913
 20
8.182011948210965
 10
9.325397634128116
 20
8.202630708403861
 10
9.338106011249197
 20
8.225750441645006
 10
9.347413760025749
 20
8.25080186337201
 10
9.353091692792246
 20
8.277168124441047
 10
9.354999999999999
 20
8.3042
 10
9.353091692792246
 20
8.331231875558952
 10
9.347413760025749
 20
8.35759813662799
 10
9.338106011249197
 20
8.382649558354993
 10
9.325397634128116
 20
8.405769291596139
 10
9.309601551083913
 20
8.426388051789035
 10
9.291106714105332
 20
8.443998136627991
 10
9.27036852745963
 20
8.45816592737975
 10
9.247897634128115
 20
8.468542566015802
 10
9.224247342081235
 20
8.47487254525484
 10
9.2
 20
8.477
 10
9.175752657918764
 20
8.47487254525484
 10
9.152102365871883
 20
8.468542566015802
 10
9.12963147254037
 20
8.45816592737975
 10
9.108893285894666
 20
8.443998136627991
 10
9.090398448916085
 20
8.426388051789035
 10
9.074602365871883
 20
8.405769291596139
 10
9.061893988750802
 20
8.382649558354993
 10
9.05258623997425
 20
8.35759813662799
 10
9.046908307207753
 20
8.331231875558952
  0
LWPOLYLINE
  5
317
330
17
100
AcDbEntity
  8
I-PODKLAD
370
18
 48
0.05
100
AcDbPolyline
 90
24
 70
1
 10
8.605
 20
7.435
 10
8.60793660902229
 20
7.416458980337503
 10
8.616458980337503
 20
7.399732884862451
 10
8.629732884862452
 20
7.386458980337503
 10
8.646458980337503
 20
7.37793660902229
 10
8.665000000000001
 20
7.375
 10
8.845
 20
7.375
 10
8.863541019662497
 20
7.37793660902229
 10
8.88026711513755
 20
7.386458980337503
 10
8.893541019662496
 20
7.399732884862451
 10
8.902063390977709
 20
7.416458980337503
 10
8.905000000000001
 20
7.435
 10
8.905000000000001
 20
7.765
 10
8.902063390977709
 20
7.783541019662496
 10
8.893541019662496
 20
7.800267115137548
 10
8.88026711513755
 20
7.813541019662496
 10
8.863541019662497
 20
7.822063390977709
 10
8.845
 20
7.824999999999999
 10
8.665000000000001
 20
7.824999999999999
 10
8.646458980337503
 20
7.822063390977709
 10
8.629732884862452
 20
7.813541019662496
 10
8.616458980337503
 20
7.800267115137548
 10
8.60793660902229
 20
7.783541019662496
 10
8.605
 20
7.765
  0
LWPOLYLINE
  5
318
330
17
100
AcDbEntity
  8
I-PODKLAD
370
18
 48
0.05
100
AcDbPolyline
 90
40
 70
1
 10
8.77
 20
7.438
 10
8.785487012038983
 20
7.439994488823587
 10
8.80059268244312
 20
7.445928844360185
 10
8.814945059474216
 20
7.455656943081484
 10
8.828190739976955
 20
7.468939246911258
 10
8.84000357133747
 20
7.485448701447779
 10
8.85009268244312
 20
7.504778789128619
 10
8.858209645894648
 20
7.526453539042193
 10
8.86415459511322
 20
7.549939246911258
 10
8.867781145718919
 20
7.574657616663482
 10
8.869
 20
7.6
 10
8.867781145718919
 20
7.625342383336517
 10
8.86415459511322
 20
7.6500607530887414
 10
8.858209645894648
 20
7.673546460957806
 10
8.85009268244312
 20
7.69522121087138
 10
8.84000357133747
 20
7.71455129855222
 10
8.828190739976955
 20
7.731060753088741
 10
8.814945059474216
 20
7.744343056918515
 10
8.80059268244312
 20
7.7540711556398145
 10
8.785487012038983
 20
7.760005511176412
 10
8.77
 20
7.762
 10
8.754512987961018
 20
7.760005511176412
 10
8.73940731755688
 20
7.7540711556398145
 10
8.725054940525785
 20
7.744343056918515
 10
8.711809260023045
 20
7.731060753088741
 10
8.699996428662532
 20
7.71455129855222
 10
8.68990731755688
 20
7.69522121087138
 10
8.681790354105352
 20
7.673546460957806
 10
8.67584540488678
 20
7.6500607530887414
 10
8.672218854281082
 20
7.625342383336517
 10
8.671000000000001
 20
7.6
 10
8.672218854281082
 20
7.574657616663482
 10
8.67584540488678
 20
7.549939246911258
 10
8.681790354105352
 20
7.526453539042193
 10
8.68990731755688
 20
7.504778789128619
 10
8.699996428662532
 20
7.485448701447779
 10
8.711809260023045
 20
7.468939246911258
 10
8.725054940525785
 20
7.455656943081484
 10
8.73940731755688
 20
7.445928844360185
 10
8.754512987961018
 20
7.439994488823587
  0
CIRCLE
  5
319
330
17
100
AcDbEntity
  8
I-PODKLAD
370
13
 48
0.05
100
AcDbCircle
 10
8.675
 20
7.6
 30
0.0
 40
0.015
  0
LWPOLYLINE
  5
31A
330
17
100
AcDbEntity
  8
I-PODKLAD
  6
KRESKOWA_DROBNA
370
18
 48
0.05
100
AcDbPolyline
 90
4
 70
129
 10
3.98
 20
8.6
 10
3.98
 20
7.6
 10
4.88
 20
7.6
 10
4.88
 20
8.6
  0
LWPOLYLINE
  5
31B
330
17
100
AcDbEntity
  8
I-PODKLAD
370
18
 48
0.05
100
AcDbPolyline
 90
4
 70
1
 10
4.03
 20
8.5
 10
4.03
 20
7.699999999999999
 10
4.1
 20
7.699999999999999
 10
4.1
 20
8.5
  0
LWPOLYLINE
  5
31C
330
17
100
AcDbEntity
  8
I-PODKLAD
370
18
 48
0.05
100
AcDbPolyline
 90
2
 70
0
 10
4.065
 20
8.48
 10
4.065
 20
7.72
  0
LWPOLYLINE
  5
31D
330
17
100
AcDbEntity
  8
I-PODKLAD
370
18
 48
0.05
100
AcDbPolyline
 90
2
 70
0
 10
4.61
 20
8.35
 10
4.27
 20
8.35
  0
LWPOLYLINE
  5
31E
330
17
100
AcDbEntity
  8
I-PODKLAD
370
18
 48
0.05
100
AcDbPolyline
 90
3
 70
1
 10
4.18
 20
8.35
 10
4.268033284066043
 20
8.368712052173597
 10
4.268033284066043
 20
8.331287947826402
  0
LWPOLYLINE
  5
31F
330
17
100
AcDbEntity
  8
I-PODKLAD
370
18
 48
0.05
100
AcDbPolyline
 90
2
 70
0
 10
4.61
 20
8.1
 10
4.27
 20
8.1
  0
LWPOLYLINE
  5
320
330
17
100
AcDbEntity
  8
I-PODKLAD
370
18
 48
0.05
100
AcDbPolyline
 90
3
 70
1
 10
4.18
 20
8.1
 10
4.268033284066043
 20
8.118712052173597
 10
4.268033284066043
 20
8.081287947826402
  0
LWPOLYLINE
  5
321
330
17
100
AcDbEntity
  8
I-PODKLAD
370
18
 48
0.05
100
AcDbPolyline
 90
2
 70
0
 10
4.61
 20
7.85
 10
4.27
 20
7.85
  0
LWPOLYLINE
  5
322
330
17
100
AcDbEntity
  8
I-PODKLAD
370
18
 48
0.05
100
AcDbPolyline
 90
3
 70
1
 10
4.18
 20
7.85
 10
4.268033284066043
 20
7.868712052173598
 10
4.268033284066043
 20
7.831287947826401
  0
LWPOLYLINE
  5
323
330
17
100
AcDbEntity
  8
I-PODKLAD
370
18
 48
0.05
100
AcDbPolyline
 90
4
 70
1
 10
3.98
 20
7.6049999999999995
 10
3.98
 20
7.595
 10
4.88
 20
7.595
 10
4.88
 20
7.6049999999999995
  0
LWPOLYLINE
  5
324
330
17
100
AcDbEntity
  8
I-PODKLAD
  6
KRESKOWA
370
18
 48
0.05
100
AcDbPolyline
 90
4
 70
129
 10
5.92
 20
6.95
 10
5.92
 20
7.45
 10
5.77
 20
7.45
 10
5.77
 20
6.95
  0
LWPOLYLINE
  5
325
330
17
100
AcDbEntity
  8
I-PODKLAD
370
18
 48
0.05
100
AcDbPolyline
 90
4
 70
1
 10
5.77
 20
7.0
 10
5.77
 20
7.4
 10
5.6499999999999995
 20
7.4
 10
5.6499999999999995
 20
7.0
  0
LWPOLYLINE
  5
326
330
17
100
AcDbEntity
  8
I-PODKLAD
370
18
 48
0.05
100
AcDbPolyline
 90
40
 70
0
 10
5.6499999999999995
 20
7.4
 10
5.6113760470159715
 20
7.399351461626842
 10
5.5730025851882745
 20
7.397410052527583
 10
5.535128481141972
 20
7.394188363485211
 10
5.497999362975293
 20
7.389707288389429
 10
5.461856027267164
 20
7.383995888731765
 10
5.426932877418991
 20
7.377091205130642
 10
5.393456403458655
 20
7.3690380171087595
 10
5.36164371316577
 20
7.3598885526807
 10
5.331701124044418
 20
7.34970214963422
 10
5.303822825274969
 20
7.33854487070192
 10
5.278189618322726
 20
7.326489075119076
 10
5.2549677443710445
 20
7.313612949346231
 10
5.23430780618347
 20
7.3
 10
5.2163437913870165
 20
7.285738512280611
 10
5.201192203511001
 20
7.270920977408507
 10
5.188951306416941
 20
7.255643492783291
 10
5.179700487019711
 20
7.240005138755209
 10
5.173499740432934
 20
7.224107336051065
 10
5.170389280877647
 20
7.208053188021883
 10
5.170389280877647
 20
7.191946811978117
 10
5.173499740432934
 20
7.175892663948936
 10
5.179700487019711
 20
7.159994861244791
 10
5.188951306416941
 20
7.14435650721671
 10
5.201192203511001
 20
7.129079022591493
 10
5.2163437913870165
 20
7.114261487719389
 10
5.234307806183469
 20
7.1000000000000005
 10
5.2549677443710445
 20
7.086387050653769
 10
5.278189618322726
 20
7.0735109248809245
 10
5.303822825274969
 20
7.06145512929808
 10
5.331701124044418
 20
7.05029785036578
 10
5.36164371316577
 20
7.0401114473193
 10
5.393456403458655
 20
7.030961982891241
 10
5.426932877418991
 20
7.022908794869358
 10
5.461856027267164
 20
7.016004111268235
 10
5.497999362975293
 20
7.010292711610571
 10
5.535128481141972
 20
7.00581163651479
 10
5.5730025851882745
 20
7.002589947472417
 10
5.6113760470159715
 20
7.0006485383731585
 10
5.6499999999999995
 20
7.0
  0
LWPOLYLINE
  5
327
330
17
100
AcDbEntity
  8
I-PODKLAD
370
18
 48
0.05
100
AcDbPolyline
 90
40
 70
1
 10
5.4292
 20
7.355
 10
5.402168124441047
 20
7.353091692792247
 10
5.375801863372009
 20
7.347413760025749
 10
5.350750441645006
 20
7.338106011249197
 10
5.32763070840386
 20
7.325397634128117
 10
5.307011948210964
 20
7.309601551083915
 10
5.289401863372008
 20
7.291106714105333
 10
5.27523407262025
 20
7.27036852745963
 10
5.264857433984197
 20
7.247897634128117
 10
5.25852745474516
 20
7.224247342081236
 10
5.256399999999999
 20
7.2
 10
5.25852745474516
 20
7.175752657918764
 10
5.264857433984197
 20
7.152102365871883
 10
5.27523407262025
 20
7.12963147254037
 10
5.289401863372008
 20
7.108893285894667
 10
5.307011948210964
 20
7.090398448916085
 10
5.32763070840386
 20
7.0746023658718835
 10
5.350750441645006
 20
7.061893988750803
 10
5.375801863372009
 20
7.052586239974252
 10
5.402168124441047
 20
7.046908307207754
 10
5.4292
 20
7.045
 10
5.456231875558951
 20
7.046908307207754
 10
5.48259813662799
 20
7.052586239974251
 10
5.507649558354993
 20
7.061893988750803
 10
5.530769291596139
 20
7.0746023658718835
 10
5.551388051789035
 20
7.090398448916085
 10
5.56899813662799
 20
7.108893285894667
 10
5.583165927379749
 20
7.12963147254037
 10
5.5935425660158025
 20
7.152102365871883
 10
5.599872545254839
 20
7.175752657918764
 10
5.601999999999999
 20
7.2
 10
5.599872545254839
 20
7.224247342081236
 10
5.5935425660158025
 20
7.247897634128117
 10
5.583165927379749
 20
7.27036852745963
 10
5.56899813662799
 20
7.291106714105333
 10
5.551388051789035
 20
7.309601551083915
 10
5.530769291596139
 20
7.325397634128117
 10
5.507649558354993
 20
7.338106011249197
 10
5.48259813662799
 20
7.347413760025749
 10
5.456231875558951
 20
7.353091692792247
  0
LWPOLYLINE
  5
328
330
17
100
AcDbEntity
  8
I-PODKLAD
370
18
 48
0.05
100
AcDbPolyline
 90
24
 70
1
 10
5.77
 20
8.44
 10
5.767063390977709
 20
8.458541019662496
 10
5.758541019662497
 20
8.475267115137548
 10
5.745267115137548
 20
8.488541019662495
 10
5.728541019662496
 20
8.497063390977708
 10
5.71
 20
8.5
 10
5.38
 20
8.5
 10
5.361458980337503
 20
8.497063390977708
 10
5.344732884862451
 20
8.488541019662495
 10
5.331458980337502
 20
8.475267115137548
 10
5.322936609022291
 20
8.458541019662496
 10
5.319999999999999
 20
8.44
 10
5.319999999999999
 20
7.959999999999999
 10
5.322936609022291
 20
7.941458980337503
 10
5.331458980337502
 20
7.9247328848624505
 10
5.344732884862451
 20
7.911458980337502
 10
5.361458980337503
 20
7.90293660902229
 10
5.38
 20
7.8999999999999995
 10
5.71
 20
7.8999999999999995
 10
5.728541019662496
 20
7.90293660902229
 10
5.745267115137548
 20
7.911458980337502
 10
5.758541019662497
 20
7.9247328848624505
 10
5.767063390977709
 20
7.941458980337503
 10
5.77
 20
7.959999999999999
  0
LWPOLYLINE
  5
329
330
17
100
AcDbEntity
  8
I-PODKLAD
370
18
 48
0.05
100
AcDbPolyline
 90
40
 70
1
 10
5.5225
 20
8.415999999999999
 10
5.499269481941525
 20
8.413340681568549
 10
5.47661097633532
 20
8.405428207519753
 10
5.455082410788677
 20
8.392457409224686
 10
5.435213890034567
 20
8.374747670784988
 10
5.417494642993797
 20
8.352735064736294
 10
5.40236097633532
 20
8.326961614495174
 10
5.390185531158027
 20
8.298061947943742
 10
5.381268107330169
 20
8.266747670784987
 10
5.375828281421621
 20
8.233789844448689
 10
5.374
 20
8.2
 10
5.375828281421621
 20
8.16621015555131
 10
5.381268107330169
 20
8.133252329215011
 10
5.390185531158027
 20
8.101938052056257
 10
5.40236097633532
 20
8.073038385504825
 10
5.417494642993797
 20
8.047264935263705
 10
5.435213890034567
 20
8.02525232921501
 10
5.455082410788677
 20
8.007542590775312
 10
5.47661097633532
 20
7.994571792480246
 10
5.499269481941525
 20
7.98665931843145
 10
5.522499999999999
 20
7.983999999999999
 10
5.545730518058474
 20
7.98665931843145
 10
5.568389023664679
 20
7.994571792480246
 10
5.589917589211322
 20
8.007542590775312
 10
5.609786109965432
 20
8.02525232921501
 10
5.627505357006202
 20
8.047264935263705
 10
5.642639023664679
 20
8.073038385504825
 10
5.654814468841972
 20
8.101938052056257
 10
5.66373189266983
 20
8.133252329215011
 10
5.669171718578378
 20
8.16621015555131
 10
5.670999999999999
 20
8.2
 10
5.669171718578378
 20
8.233789844448689
 10
5.66373189266983
 20
8.266747670784987
 10
5.654814468841972
 20
8.298061947943742
 10
5.642639023664679
 20
8.326961614495174
 10
5.627505357006202
 20
8.352735064736294
 10
5.609786109965432
 20
8.374747670784988
 10
5.589917589211322
 20
8.392457409224686
 10
5.568389023664679
 20
8.405428207519753
 10
5.545730518058474
 20
8.413340681568549
  0
CIRCLE
  5
32A
330
17
100
AcDbEntity
  8
I-PODKLAD
370
13
 48
0.05
100
AcDbCircle
 10
5.699999999999999
 20
8.2
 30
0.0
 40
0.015
  0
LWPOLYLINE
  5
32B
330
17
100
AcDbEntity
  8
I-PODKLAD
370
13
 48
0.05
420
12105912
100
AcDbPolyline
 90
4
 70
1
 10
3.0
 20
8.645
 10
1.4000000000000001
 20
8.645
 10
1.4000000000000004
 20
6.645
 10
3.0000000000000004
 20
6.645
  0
LWPOLYLINE
  5
32C
330
17
100
AcDbEntity
  8
I-PODKLAD
370
13
 48
0.05
420
12105912
100
AcDbPolyline
 90
2
 70
0
 10
3.0
 20
8.584999999999999
 10
1.4000000000000001
 20
8.584999999999999
  0
LWPOLYLINE
  5
32D
330
17
100
AcDbEntity
  8
I-PODKLAD
370
13
 48
0.05
420
12105912
100
AcDbPolyline
 90
24
 70
1
 10
2.2800000000000002
 20
8.545
 10
2.264549150281253
 20
8.542552825814758
 10
2.2506107373853768
 20
8.535450849718748
 10
2.239549150281253
 20
8.524389262614623
 10
2.2324471741852427
 20
8.510450849718747
 10
2.2300000000000004
 20
8.495
 10
2.2300000000000004
 20
8.275
 10
2.2324471741852427
 20
8.259549150281252
 10
2.239549150281253
 20
8.245610737385375
 10
2.2506107373853768
 20
8.234549150281252
 10
2.264549150281253
 20
8.227447174185242
 10
2.2800000000000002
 20
8.225
 10
2.89
 20
8.225
 10
2.9054508497187475
 20
8.227447174185242
 10
2.9193892626146236
 20
8.234549150281252
 10
2.9304508497187474
 20
8.245610737385377
 10
2.937552825814758
 20
8.259549150281252
 10
2.9400000000000004
 20
8.275
 10
2.9400000000000004
 20
8.495
 10
2.937552825814758
 20
8.510450849718747
 10
2.9304508497187474
 20
8.524389262614623
 10
2.919389262614624
 20
8.535450849718748
 10
2.9054508497187475
 20
8.542552825814758
 10
2.89
 20
8.545
  0
LWPOLYLINE
  5
32E
330
17
100
AcDbEntity
  8
I-PODKLAD
370
13
 48
0.05
420
12105912
100
AcDbPolyline
 90
24
 70
1
 10
1.5100000000000002
 20
8.545
 10
1.494549150281253
 20
8.542552825814758
 10
1.4806107373853765
 20
8.535450849718746
 10
1.469549150281253
 20
8.524389262614623
 10
1.4624471741852425
 20
8.510450849718747
 10
1.4600000000000002
 20
8.495
 10
1.4600000000000002
 20
8.274999999999999
 10
1.4624471741852425
 20
8.259549150281252
 10
1.469549150281253
 20
8.245610737385375
 10
1.4806107373853765
 20
8.234549150281252
 10
1.494549150281253
 20
8.227447174185242
 10
1.5100000000000002
 20
8.225
 10
2.12
 20
8.225
 10
2.1354508497187474
 20
8.227447174185242
 10
2.149389262614624
 20
8.234549150281252
 10
2.160450849718748
 20
8.245610737385375
 10
2.167552825814758
 20
8.259549150281252
 10
2.1700000000000004
 20
8.275
 10
2.1700000000000004
 20
8.495
 10
2.167552825814758
 20
8.510450849718747
 10
2.1604508497187473
 20
8.524389262614623
 10
2.149389262614624
 20
8.535450849718748
 10
2.1354508497187474
 20
8.542552825814758
 10
2.12
 20
8.545
  0
LWPOLYLINE
  5
32F
330
17
100
AcDbEntity
  8
I-PODKLAD
370
13
 48
0.05
420
12105912
100
AcDbPolyline
 90
2
 70
0
 10
3.0000000000000004
 20
8.025
 10
1.4000000000000004
 20
8.024999999999999
  0
LWPOLYLINE
  5
330
330
17
100
AcDbEntity
  8
I-PODKLAD
370
13
 48
0.05
420
12105912
100
AcDbPolyline
 90
3
 70
0
 10
3.0000000000000004
 20
8.025
 10
2.6500000000000004
 20
7.694999999999999
 10
1.4000000000000004
 20
7.694999999999999
  0
LWPOLYLINE
  5
331
330
17
100
AcDbEntity
  8
I-PODKLAD
370
13
 48
0.05
420
12105912
100
AcDbPolyline
 90
4
 70
1
 10
0.10499999999999995
 20
6.699999999999999
 10
0.10500000000000004
 20
5.5
 10
0.705
 20
5.5
 10
0.705
 20
6.699999999999999
  0
LWPOLYLINE
  5
332
330
17
100
AcDbEntity
  8
I-PODKLAD
370
13
 48
0.05
420
12105912
100
AcDbPolyline
 90
24
 70
1
 10
1.155
 20
6.26
 10
1.1510845213036123
 20
6.284721359549995
 10
1.1397213595499958
 20
6.3070228201833975
 10
1.122022820183398
 20
6.324721359549995
 10
1.0997213595499957
 20
6.336084521303612
 10
1.075
 20
6.34
 10
0.775
 20
6.34
 10
0.7502786404500043
 20
6.336084521303612
 10
0.7279771798166021
 20
6.324721359549995
 10
0.7102786404500042
 20
6.3070228201833975
 10
0.6989154786963877
 20
6.284721359549995
 10
0.6950000000000001
 20
6.26
 10
0.6950000000000001
 20
5.9399999999999995
 10
0.6989154786963877
 20
5.915278640450004
 10
0.7102786404500042
 20
5.892977179816602
 10
0.7279771798166021
 20
5.875278640450004
 10
0.7502786404500041
 20
5.863915478696388
 10
0.775
 20
5.859999999999999
 10
1.075
 20
5.859999999999999
 10
1.0997213595499957
 20
5.863915478696387
 10
1.122022820183398
 20
5.875278640450004
 10
1.1397213595499958
 20
5.892977179816602
 10
1.1510845213036123
 20
5.915278640450004
 10
1.155
 20
5.9399999999999995
  0
LWPOLYLINE
  5
333
330
17
100
AcDbEntity
  8
I-PODKLAD
370
13
 48
0.05
420
12105912
100
AcDbPolyline
 90
2
 70
0
 10
0.755
 20
5.8999999999999995
 10
0.755
 20
6.3
  0
LWPOLYLINE
  5
334
330
17
100
AcDbEntity
  8
I-PODKLAD
370
13
 48
0.05
420
12105912
100
AcDbPolyline
 90
4
 70
1
 10
0.9999999999999999
 20
5.23
 10
2.8
 20
5.23
 10
2.8
 20
5.83
 10
0.9999999999999999
 20
5.83
  0
LWPOLYLINE
  5
335
330
17
100
AcDbEntity
  8
I-PODKLAD
370
13
 48
0.05
420
12105912
100
AcDbPolyline
 90
2
 70
0
 10
1.0299999999999998
 20
5.5
 10
2.77
 20
5.5
  0
LWPOLYLINE
  5
336
330
17
100
AcDbEntity
  8
I-PODKLAD
370
13
 48
0.05
420
12105912
100
AcDbPolyline
 90
2
 70
0
 10
1.0499999999999998
 20
5.338
 10
1.1099999999999999
 20
5.698
  0
LWPOLYLINE
  5
337
330
17
100
AcDbEntity
  8
I-PODKLAD
370
13
 48
0.05
420
12105912
100
AcDbPolyline
 90
2
 70
0
 10
1.1671428571428568
 20
5.338
 10
1.2271428571428569
 20
5.698
  0
LWPOLYLINE
  5
338
330
17
100
AcDbEntity
  8
I-PODKLAD
370
13
 48
0.05
420
12105912
100
AcDbPolyline
 90
2
 70
0
 10
1.2842857142857143
 20
5.338
 10
1.3442857142857143
 20
5.698
  0
LWPOLYLINE
  5
339
330
17
100
AcDbEntity
  8
I-PODKLAD
370
13
 48
0.05
420
12105912
100
AcDbPolyline
 90
2
 70
0
 10
1.4014285714285712
 20
5.338
 10
1.4614285714285713
 20
5.698
  0
LWPOLYLINE
  5
33A
330
17
100
AcDbEntity
  8
I-PODKLAD
370
13
 48
0.05
420
12105912
100
AcDbPolyline
 90
2
 70
0
 10
1.5185714285714285
 20
5.338
 10
1.5785714285714283
 20
5.698
  0
LWPOLYLINE
  5
33B
330
17
100
AcDbEntity
  8
I-PODKLAD
370
13
 48
0.05
420
12105912
100
AcDbPolyline
 90
2
 70
0
 10
1.6357142857142857
 20
5.338
 10
1.6957142857142855
 20
5.698
  0
LWPOLYLINE
  5
33C
330
17
100
AcDbEntity
  8
I-PODKLAD
370
13
 48
0.05
420
12105912
100
AcDbPolyline
 90
2
 70
0
 10
1.7528571428571427
 20
5.338
 10
1.8128571428571427
 20
5.698
  0
LWPOLYLINE
  5
33D
330
17
100
AcDbEntity
  8
I-PODKLAD
370
13
 48
0.05
420
12105912
100
AcDbPolyline
 90
2
 70
0
 10
1.8699999999999999
 20
5.338
 10
1.93
 20
5.698
  0
LWPOLYLINE
  5
33E
330
17
100
AcDbEntity
  8
I-PODKLAD
370
13
 48
0.05
420
12105912
100
AcDbPolyline
 90
2
 70
0
 10
1.987142857142857
 20
5.338
 10
2.047142857142857
 20
5.698
  0
LWPOLYLINE
  5
33F
330
17
100
AcDbEntity
  8
I-PODKLAD
370
13
 48
0.05
420
12105912
100
AcDbPolyline
 90
2
 70
0
 10
2.104285714285714
 20
5.338
 10
2.164285714285714
 20
5.698
  0
LWPOLYLINE
  5
340
330
17
100
AcDbEntity
  8
I-PODKLAD
370
13
 48
0.05
420
12105912
100
AcDbPolyline
 90
2
 70
0
 10
2.2214285714285715
 20
5.338
 10
2.281428571428571
 20
5.698
  0
LWPOLYLINE
  5
341
330
17
100
AcDbEntity
  8
I-PODKLAD
370
13
 48
0.05
420
12105912
100
AcDbPolyline
 90
2
 70
0
 10
2.3385714285714285
 20
5.338
 10
2.3985714285714286
 20
5.698
  0
LWPOLYLINE
  5
342
330
17
100
AcDbEntity
  8
I-PODKLAD
370
13
 48
0.05
420
12105912
100
AcDbPolyline
 90
2
 70
0
 10
2.4557142857142855
 20
5.338
 10
2.5157142857142856
 20
5.698
  0
LWPOLYLINE
  5
343
330
17
100
AcDbEntity
  8
I-PODKLAD
370
13
 48
0.05
420
12105912
100
AcDbPolyline
 90
2
 70
0
 10
2.572857142857143
 20
5.338
 10
2.6328571428571426
 20
5.698
  0
LWPOLYLINE
  5
344
330
17
100
AcDbEntity
  8
I-PODKLAD
370
13
 48
0.05
420
12105912
100
AcDbPolyline
 90
2
 70
0
 10
2.69
 20
5.338
 10
2.75
 20
5.698
  0
LWPOLYLINE
  5
345
330
17
100
AcDbEntity
  8
I-PODKLAD
370
13
 48
0.05
420
12105912
100
AcDbPolyline
 90
24
 70
1
 10
0.96
 20
3.4
 10
0.9414589803375031
 20
3.397063390977709
 10
0.9247328848624516
 20
3.3885410196624965
 10
0.911458980337503
 20
3.375267115137548
 10
0.9029366090222908
 20
3.3585410196624967
 10
0.8999999999999999
 20
3.34
 10
0.8999999999999999
 20
2.51
 10
0.902936609022291
 20
2.491458980337503
 10
0.9114589803375033
 20
2.4747328848624512
 10
0.9247328848624519
 20
2.461458980337503
 10
0.9414589803375033
 20
2.4529366090222906
 10
0.9600000000000002
 20
2.4499999999999997
 10
3.6399999999999997
 20
2.45
 10
3.658541019662497
 20
2.452936609022291
 10
3.6752671151375482
 20
2.4614589803375035
 10
3.688541019662497
 20
2.4747328848624517
 10
3.697063390977709
 20
2.4914589803375033
 10
3.6999999999999997
 20
2.5100000000000002
 10
3.6999999999999997
 20
3.34
 10
3.697063390977709
 20
3.3585410196624967
 10
3.6885410196624964
 20
3.3752671151375484
 10
3.6752671151375482
 20
3.388541019662497
 10
3.6585410196624966
 20
3.3970633909777095
 10
3.6399999999999997
 20
3.4
  0
LWPOLYLINE
  5
346
330
17
100
AcDbEntity
  8
I-PODKLAD
370
13
 48
0.05
420
12105912
100
AcDbPolyline
 90
4
 70
1
 10
3.5
 20
3.2
 10
1.0999999999999999
 20
3.1999999999999997
 10
1.1
 20
2.4699999999999998
 10
3.5
 20
2.47
  0
LWPOLYLINE
  5
347
330
17
100
AcDbEntity
  8
I-PODKLAD
370
13
 48
0.05
420
12105912
100
AcDbPolyline
 90
2
 70
0
 10
2.6999999999999997
 20
3.2
 10
2.7
 20
2.4699999999999998
  0
LWPOLYLINE
  5
348
330
17
100
AcDbEntity
  8
I-PODKLAD
370
13
 48
0.05
420
12105912
100
AcDbPolyline
 90
2
 70
0
 10
1.9
 20
3.1999999999999997
 10
1.9
 20
2.4699999999999998
  0
LWPOLYLINE
  5
349
330
17
100
AcDbEntity
  8
I-PODKLAD
370
13
 48
0.05
420
12105912
100
AcDbPolyline
 90
4
 70
1
 10
6.1
 20
3.2
 10
6.1
 20
1.0
 10
7.1
 20
1.0
 10
7.1
 20
3.2
  0
LWPOLYLINE
  5
34A
330
17
100
AcDbEntity
  8
I-PODKLAD
370
13
 48
0.05
420
12105912
100
AcDbPolyline
 90
24
 70
1
 10
7.18
 20
2.7550000000000003
 10
7.182447174185242
 20
2.739549150281253
 10
7.189549150281253
 20
2.7256107373853764
 10
7.200610737385376
 20
2.714549150281253
 10
7.214549150281252
 20
2.7074471741852424
 10
7.2299999999999995
 20
2.705
 10
7.55
 20
2.7050000000000005
 10
7.565450849718747
 20
2.707447174185243
 10
7.579389262614623
 20
2.714549150281253
 10
7.5904508497187475
 20
2.725610737385377
 10
7.597552825814757
 20
2.739549150281253
 10
7.6
 20
2.7550000000000003
 10
7.6
 20
3.095
 10
7.597552825814757
 20
3.1104508497187475
 10
7.5904508497187475
 20
3.124389262614624
 10
7.579389262614623
 20
3.1354508497187474
 10
7.565450849718747
 20
3.142552825814758
 10
7.55
 20
3.1450000000000005
 10
7.2299999999999995
 20
3.1450000000000005
 10
7.214549150281252
 20
3.142552825814758
 10
7.200610737385376
 20
3.1354508497187474
 10
7.189549150281253
 20
3.124389262614624
 10
7.182447174185242
 20
3.1104508497187475
 10
7.18
 20
3.095
  0
LWPOLYLINE
  5
34B
330
17
100
AcDbEntity
  8
I-PODKLAD
370
13
 48
0.05
420
12105912
100
AcDbPolyline
 90
2
 70
0
 10
7.529999999999999
 20
3.115
 10
7.529999999999999
 20
2.7350000000000003
  0
LWPOLYLINE
  5
34C
330
17
100
AcDbEntity
  8
I-PODKLAD
370
13
 48
0.05
420
12105912
100
AcDbPolyline
 90
24
 70
1
 10
6.02
 20
3.095
 10
6.017552825814757
 20
3.1104508497187475
 10
6.0104508497187465
 20
3.124389262614624
 10
5.999389262614623
 20
3.1354508497187474
 10
5.985450849718747
 20
3.142552825814758
 10
5.97
 20
3.1450000000000005
 10
5.6499999999999995
 20
3.1450000000000005
 10
5.634549150281252
 20
3.142552825814758
 10
5.620610737385376
 20
3.1354508497187474
 10
5.609549150281252
 20
3.124389262614624
 10
5.602447174185242
 20
3.1104508497187475
 10
5.6
 20
3.095
 10
5.6
 20
2.7550000000000003
 10
5.602447174185242
 20
2.739549150281253
 10
5.609549150281252
 20
2.725610737385377
 10
5.620610737385376
 20
2.714549150281253
 10
5.634549150281252
 20
2.707447174185243
 10
5.6499999999999995
 20
2.7050000000000005
 10
5.97
 20
2.705
 10
5.985450849718747
 20
2.7074471741852424
 10
5.999389262614623
 20
2.714549150281253
 10
6.0104508497187465
 20
2.7256107373853764
 10
6.017552825814757
 20
2.739549150281253
 10
6.02
 20
2.7550000000000003
  0
LWPOLYLINE
  5
34D
330
17
100
AcDbEntity
  8
I-PODKLAD
370
13
 48
0.05
420
12105912
100
AcDbPolyline
 90
2
 70
0
 10
5.67
 20
2.7350000000000003
 10
5.67
 20
3.115
  0
LWPOLYLINE
  5
34E
330
17
100
AcDbEntity
  8
I-PODKLAD
370
13
 48
0.05
420
12105912
100
AcDbPolyline
 90
24
 70
1
 10
7.18
 20
2.205
 10
7.182447174185242
 20
2.1895491502812527
 10
7.189549150281253
 20
2.1756107373853766
 10
7.200610737385376
 20
2.164549150281253
 10
7.214549150281252
 20
2.1574471741852426
 10
7.2299999999999995
 20
2.1550000000000002
 10
7.55
 20
2.1550000000000002
 10
7.565450849718747
 20
2.1574471741852426
 10
7.579389262614623
 20
2.164549150281253
 10
7.5904508497187475
 20
2.1756107373853766
 10
7.597552825814757
 20
2.1895491502812527
 10
7.6
 20
2.205
 10
7.6
 20
2.545
 10
7.597552825814757
 20
2.5604508497187473
 10
7.5904508497187475
 20
2.574389262614624
 10
7.579389262614623
 20
2.5854508497187476
 10
7.565450849718747
 20
2.592552825814758
 10
7.55
 20
2.595
 10
7.2299999999999995
 20
2.5949999999999998
 10
7.214549150281252
 20
2.5925528258147574
 10
7.200610737385376
 20
2.585450849718747
 10
7.189549150281253
 20
2.5743892626146234
 10
7.182447174185242
 20
2.5604508497187473
 10
7.18
 20
2.545
  0
LWPOLYLINE
  5
34F
330
17
100
AcDbEntity
  8
I-PODKLAD
370
13
 48
0.05
420
12105912
100
AcDbPolyline
 90
2
 70
0
 10
7.529999999999999
 20
2.565
 10
7.529999999999999
 20
2.185
  0
LWPOLYLINE
  5
350
330
17
100
AcDbEntity
  8
I-PODKLAD
370
13
 48
0.05
420
12105912
100
AcDbPolyline
 90
24
 70
1
 10
6.02
 20
2.545
 10
6.017552825814757
 20
2.5604508497187473
 10
6.0104508497187465
 20
2.5743892626146234
 10
5.999389262614623
 20
2.585450849718747
 10
5.985450849718747
 20
2.5925528258147574
 10
5.97
 20
2.5949999999999998
 10
5.6499999999999995
 20
2.595
 10
5.634549150281252
 20
2.592552825814758
 10
5.620610737385376
 20
2.5854508497187476
 10
5.609549150281252
 20
2.574389262614624
 10
5.602447174185242
 20
2.5604508497187473
 10
5.6
 20
2.545
 10
5.6
 20
2.205
 10
5.602447174185242
 20
2.1895491502812527
 10
5.609549150281252
 20
2.1756107373853766
 10
5.620610737385376
 20
2.164549150281253
 10
5.634549150281252
 20
2.1574471741852426
 10
5.6499999999999995
 20
2.1550000000000002
 10
5.97
 20
2.1550000000000002
 10
5.985450849718747
 20
2.1574471741852426
 10
5.999389262614623
 20
2.164549150281253
 10
6.0104508497187465
 20
2.1756107373853766
 10
6.017552825814757
 20
2.1895491502812527
 10
6.02
 20
2.205
  0
LWPOLYLINE
  5
351
330
17
100
AcDbEntity
  8
I-PODKLAD
370
13
 48
0.05
420
12105912
100
AcDbPolyline
 90
2
 70
0
 10
5.67
 20
2.185
 10
5.67
 20
2.565
  0
LWPOLYLINE
  5
352
330
17
100
AcDbEntity
  8
I-PODKLAD
370
13
 48
0.05
420
12105912
100
AcDbPolyline
 90
24
 70
1
 10
7.18
 20
1.6550000000000002
 10
7.182447174185242
 20
1.639549150281253
 10
7.189549150281253
 20
1.6256107373853765
 10
7.200610737385376
 20
1.6145491502812528
 10
7.214549150281252
 20
1.6074471741852425
 10
7.2299999999999995
 20
1.6050000000000002
 10
7.55
 20
1.6050000000000002
 10
7.565450849718747
 20
1.6074471741852425
 10
7.579389262614623
 20
1.6145491502812528
 10
7.5904508497187475
 20
1.6256107373853765
 10
7.597552825814757
 20
1.639549150281253
 10
7.6
 20
1.6550000000000002
 10
7.6
 20
1.995
 10
7.597552825814757
 20
2.0104508497187474
 10
7.5904508497187475
 20
2.024389262614624
 10
7.579389262614623
 20
2.035450849718748
 10
7.565450849718747
 20
2.042552825814758
 10
7.55
 20
2.0450000000000004
 10
7.2299999999999995
 20
2.045
 10
7.214549150281252
 20
2.0425528258147576
 10
7.200610737385376
 20
2.0354508497187473
 10
7.189549150281253
 20
2.0243892626146236
 10
7.182447174185242
 20
2.0104508497187474
 10
7.18
 20
1.995
  0
LWPOLYLINE
  5
353
330
17
100
AcDbEntity
  8
I-PODKLAD
370
13
 48
0.05
420
12105912
100
AcDbPolyline
 90
2
 70
0
 10
7.529999999999999
 20
2.015
 10
7.529999999999999
 20
1.6350000000000002
  0
LWPOLYLINE
  5
354
330
17
100
AcDbEntity
  8
I-PODKLAD
370
13
 48
0.05
420
12105912
100
AcDbPolyline
 90
24
 70
1
 10
6.02
 20
1.995
 10
6.017552825814757
 20
2.0104508497187474
 10
6.0104508497187465
 20
2.0243892626146236
 10
5.999389262614623
 20
2.0354508497187473
 10
5.985450849718747
 20
2.0425528258147576
 10
5.97
 20
2.045
 10
5.6499999999999995
 20
2.0450000000000004
 10
5.634549150281252
 20
2.042552825814758
 10
5.620610737385376
 20
2.035450849718748
 10
5.609549150281252
 20
2.024389262614624
 10
5.602447174185242
 20
2.0104508497187474
 10
5.6
 20
1.995
 10
5.6
 20
1.6550000000000002
 10
5.602447174185242
 20
1.639549150281253
 10
5.609549150281252
 20
1.6256107373853765
 10
5.620610737385376
 20
1.6145491502812528
 10
5.634549150281252
 20
1.6074471741852425
 10
5.6499999999999995
 20
1.6050000000000002
 10
5.97
 20
1.6050000000000002
 10
5.985450849718747
 20
1.6074471741852425
 10
5.999389262614623
 20
1.6145491502812528
 10
6.0104508497187465
 20
1.6256107373853765
 10
6.017552825814757
 20
1.639549150281253
 10
6.02
 20
1.6550000000000002
  0
LWPOLYLINE
  5
355
330
17
100
AcDbEntity
  8
I-PODKLAD
370
13
 48
0.05
420
12105912
100
AcDbPolyline
 90
2
 70
0
 10
5.67
 20
1.6350000000000002
 10
5.67
 20
2.015
  0
LWPOLYLINE
  5
356
330
17
100
AcDbEntity
  8
I-PODKLAD
370
13
 48
0.05
420
12105912
100
AcDbPolyline
 90
24
 70
1
 10
7.18
 20
1.105
 10
7.182447174185242
 20
1.0895491502812527
 10
7.189549150281253
 20
1.0756107373853763
 10
7.200610737385376
 20
1.0645491502812525
 10
7.214549150281252
 20
1.0574471741852423
 10
7.2299999999999995
 20
1.055
 10
7.55
 20
1.055
 10
7.565450849718747
 20
1.0574471741852423
 10
7.579389262614623
 20
1.0645491502812525
 10
7.5904508497187475
 20
1.0756107373853763
 10
7.597552825814757
 20
1.0895491502812527
 10
7.6
 20
1.105
 10
7.6
 20
1.4449999999999998
 10
7.597552825814757
 20
1.4604508497187472
 10
7.5904508497187475
 20
1.4743892626146236
 10
7.579389262614623
 20
1.4854508497187473
 10
7.565450849718747
 20
1.4925528258147576
 10
7.55
 20
1.4949999999999999
 10
7.2299999999999995
 20
1.4949999999999999
 10
7.214549150281252
 20
1.4925528258147576
 10
7.200610737385376
 20
1.4854508497187473
 10
7.189549150281253
 20
1.4743892626146236
 10
7.182447174185242
 20
1.4604508497187472
 10
7.18
 20
1.4449999999999998
  0
LWPOLYLINE
  5
357
330
17
100
AcDbEntity
  8
I-PODKLAD
370
13
 48
0.05
420
12105912
100
AcDbPolyline
 90
2
 70
0
 10
7.529999999999999
 20
1.4649999999999999
 10
7.529999999999999
 20
1.085
  0
LWPOLYLINE
  5
358
330
17
100
AcDbEntity
  8
I-PODKLAD
370
13
 48
0.05
420
12105912
100
AcDbPolyline
 90
24
 70
1
 10
6.02
 20
1.4449999999999998
 10
6.017552825814757
 20
1.4604508497187472
 10
6.0104508497187465
 20
1.4743892626146236
 10
5.999389262614623
 20
1.4854508497187473
 10
5.985450849718747
 20
1.4925528258147576
 10
5.97
 20
1.4949999999999999
 10
5.6499999999999995
 20
1.4949999999999999
 10
5.634549150281252
 20
1.4925528258147576
 10
5.620610737385376
 20
1.4854508497187473
 10
5.609549150281252
 20
1.4743892626146236
 10
5.602447174185242
 20
1.4604508497187474
 10
5.6
 20
1.4449999999999998
 10
5.6
 20
1.105
 10
5.602447174185242
 20
1.0895491502812527
 10
5.609549150281252
 20
1.0756107373853763
 10
5.620610737385376
 20
1.0645491502812525
 10
5.634549150281252
 20
1.0574471741852423
 10
5.6499999999999995
 20
1.055
 10
5.97
 20
1.055
 10
5.985450849718747
 20
1.0574471741852423
 10
5.999389262614623
 20
1.0645491502812525
 10
6.0104508497187465
 20
1.0756107373853763
 10
6.017552825814757
 20
1.0895491502812527
 10
6.02
 20
1.105
  0
LWPOLYLINE
  5
359
330
17
100
AcDbEntity
  8
I-PODKLAD
370
13
 48
0.05
420
12105912
100
AcDbPolyline
 90
2
 70
0
 10
5.67
 20
1.085
 10
5.67
 20
1.4649999999999999
  0
LWPOLYLINE
  5
35A
330
17
100
AcDbEntity
  8
I-PODKLAD
370
13
 48
0.05
420
12105912
100
AcDbPolyline
 90
4
 70
1
 10
8.700000000000001
 20
2.2
 10
10.9
 20
2.2
 10
10.9
 20
3.2
 10
8.700000000000001
 20
3.2
  0
LWPOLYLINE
  5
35B
330
17
100
AcDbEntity
  8
I-PODKLAD
  6
KRESKOWA_DROBNA
370
13
 48
0.05
420
12105912
100
AcDbPolyline
 90
2
 70
128
 10
8.700000000000001
 20
2.9000000000000004
 10
10.9
 20
2.9000000000000004
  0
CIRCLE
  5
35C
330
17
100
AcDbEntity
  8
I-PODKLAD
370
13
 48
0.05
420
12105912
100
AcDbCircle
 10
9.066666666666666
 20
3.45
 30
0.0
 40
0.18
  0
CIRCLE
  5
35D
330
17
100
AcDbEntity
  8
I-PODKLAD
370
13
 48
0.05
420
12105912
100
AcDbCircle
 10
9.8
 20
3.45
 30
0.0
 40
0.18
  0
CIRCLE
  5
35E
330
17
100
AcDbEntity
  8
I-PODKLAD
370
13
 48
0.05
420
12105912
100
AcDbCircle
 10
10.533333333333333
 20
3.45
 30
0.0
 40
0.18
  0
LWPOLYLINE
  5
35F
330
17
100
AcDbEntity
  8
I-PODKLAD
370
18
 48
0.05
100
AcDbPolyline
 90
4
 70
1
 10
9.5
 20
2.24
 10
10.100000000000001
 20
2.24
 10
10.100000000000001
 20
2.74
 10
9.5
 20
2.74
  0
CIRCLE
  5
360
330
17
100
AcDbEntity
  8
I-PODKLAD
370
13
 48
0.05
100
AcDbCircle
 10
9.656
 20
2.39
 30
0.0
 40
0.09
  0
CIRCLE
  5
361
330
17
100
AcDbEntity
  8
I-PODKLAD
370
13
 48
0.05
100
AcDbCircle
 10
9.944
 20
2.39
 30
0.0
 40
0.075
  0
CIRCLE
  5
362
330
17
100
AcDbEntity
  8
I-PODKLAD
370
13
 48
0.05
100
AcDbCircle
 10
9.656
 20
2.6
 30
0.0
 40
0.075
  0
CIRCLE
  5
363
330
17
100
AcDbEntity
  8
I-PODKLAD
370
13
 48
0.05
100
AcDbCircle
 10
9.944
 20
2.6
 30
0.0
 40
0.09
  0
LWPOLYLINE
  5
364
330
17
100
AcDbEntity
  8
I-PODKLAD
370
13
 48
0.05
420
12105912
100
AcDbPolyline
 90
2
 70
0
 10
11.295
 20
1.4
 10
11.295
 20
5.02
  0
LWPOLYLINE
  5
365
330
17
100
AcDbEntity
  8
I-PODKLAD
370
13
 48
0.05
420
12105912
100
AcDbPolyline
 90
2
 70
0
 10
11.895
 20
1.4
 10
11.295
 20
1.4
  0
LWPOLYLINE
  5
366
330
17
100
AcDbEntity
  8
I-PODKLAD
370
13
 48
0.05
420
12105912
100
AcDbPolyline
 90
2
 70
0
 10
11.895
 20
5.02
 10
11.295
 20
5.02
  0
LWPOLYLINE
  5
367
330
17
100
AcDbEntity
  8
I-PODKLAD
  6
KRESKOWA
370
13
 48
0.05
420
12105912
100
AcDbPolyline
 90
2
 70
128
 10
11.545
 20
1.4
 10
11.545
 20
5.02
  0
LWPOLYLINE
  5
368
330
17
100
AcDbEntity
  8
I-PODKLAD
370
18
 48
0.05
100
AcDbPolyline
 90
24
 70
1
 10
11.844999999999999
 20
2.97
 10
11.843531695488855
 20
2.9792705098312484
 10
11.839270509831248
 20
2.9876335575687745
 10
11.832633557568775
 20
2.9942705098312485
 10
11.824270509831248
 20
2.998531695488855
 10
11.815
 20
3.0
 10
11.455
 20
3.0
 10
11.445729490168752
 20
2.998531695488855
 10
11.437366442431225
 20
2.9942705098312485
 10
11.430729490168751
 20
2.9876335575687745
 10
11.426468304511145
 20
2.9792705098312484
 10
11.424999999999999
 20
2.97
 10
11.424999999999999
 20
2.23
 10
11.426468304511145
 20
2.2207294901687518
 10
11.430729490168751
 20
2.212366442431226
 10
11.437366442431225
 20
2.2057294901687516
 10
11.445729490168752
 20
2.2014683045111454
 10
11.455
 20
2.2
 10
11.815
 20
2.2
 10
11.824270509831248
 20
2.2014683045111454
 10
11.832633557568773
 20
2.2057294901687516
 10
11.839270509831248
 20
2.2123664424312257
 10
11.843531695488855
 20
2.2207294901687518
 10
11.844999999999999
 20
2.23
  0
LWPOLYLINE
  5
369
330
17
100
AcDbEntity
  8
I-PODKLAD
370
18
 48
0.05
100
AcDbPolyline
 90
24
 70
1
 10
11.795
 20
2.6300000000000003
 10
11.793042260651806
 20
2.642360679774998
 10
11.787360679774997
 20
2.653511410091699
 10
11.7785114100917
 20
2.662360679774998
 10
11.767360679774997
 20
2.668042260651806
 10
11.754999999999999
 20
2.67
 10
11.514999999999999
 20
2.67
 10
11.502639320225002
 20
2.668042260651806
 10
11.4914885899083
 20
2.662360679774998
 10
11.482639320225001
 20
2.653511410091699
 10
11.476957739348194
 20
2.642360679774998
 10
11.475
 20
2.6300000000000003
 10
11.475
 20
2.29
 10
11.476957739348194
 20
2.2776393202250023
 10
11.482639320225001
 20
2.266488589908301
 10
11.4914885899083
 20
2.2576393202250022
 10
11.502639320225002
 20
2.2519577393481938
 10
11.514999999999999
 20
2.25
 10
11.754999999999999
 20
2.25
 10
11.767360679774997
 20
2.2519577393481938
 10
11.7785114100917
 20
2.2576393202250022
 10
11.787360679774997
 20
2.266488589908301
 10
11.793042260651806
 20
2.2776393202250023
 10
11.795
 20
2.29
  0
CIRCLE
  5
36A
330
17
100
AcDbEntity
  8
I-PODKLAD
370
13
 48
0.05
100
AcDbCircle
 10
11.635
 20
2.46
 30
0.0
 40
0.02
  0
LWPOLYLINE
  5
36B
330
17
100
AcDbEntity
  8
I-PODKLAD
370
18
 48
0.05
100
AcDbPolyline
 90
2
 70
0
 10
11.754999999999999
 20
2.73
 10
11.754999999999999
 20
2.95
  0
LWPOLYLINE
  5
36C
330
17
100
AcDbEntity
  8
I-PODKLAD
370
18
 48
0.05
100
AcDbPolyline
 90
2
 70
0
 10
11.695
 20
2.73
 10
11.695
 20
2.95
  0
LWPOLYLINE
  5
36D
330
17
100
AcDbEntity
  8
I-PODKLAD
370
18
 48
0.05
100
AcDbPolyline
 90
2
 70
0
 10
11.635
 20
2.73
 10
11.635
 20
2.95
  0
LWPOLYLINE
  5
36E
330
17
100
AcDbEntity
  8
I-PODKLAD
370
18
 48
0.05
100
AcDbPolyline
 90
2
 70
0
 10
11.575
 20
2.73
 10
11.575
 20
2.95
  0
LWPOLYLINE
  5
36F
330
17
100
AcDbEntity
  8
I-PODKLAD
370
18
 48
0.05
100
AcDbPolyline
 90
2
 70
0
 10
11.514999999999999
 20
2.73
 10
11.514999999999999
 20
2.95
  0
CIRCLE
  5
370
330
17
100
AcDbEntity
  8
I-PODKLAD
370
13
 48
0.05
100
AcDbCircle
 10
11.815
 20
2.46
 30
0.0
 40
0.018
  0
LWPOLYLINE
  5
371
330
17
100
AcDbEntity
  8
I-PODKLAD
370
18
 48
0.05
100
AcDbPolyline
 90
4
 70
1
 10
11.895
 20
1.5999999999999999
 10
11.895
 20
2.1999999999999997
 10
11.315
 20
2.2
 10
11.315
 20
1.6
  0
LWPOLYLINE
  5
372
330
17
100
AcDbEntity
  8
I-PODKLAD
370
18
 48
0.05
100
AcDbPolyline
 90
2
 70
0
 10
11.355
 20
1.6
 10
11.355
 20
2.2
  0
LWPOLYLINE
  5
373
330
17
100
AcDbEntity
  8
I-PODKLAD
370
18
 48
0.05
100
AcDbPolyline
 90
4
 70
1
 10
9.4
 20
2.74
 10
10.200000000000001
 20
2.74
 10
10.200000000000001
 20
3.2600000000000002
 10
9.4
 20
3.2600000000000002
  0
CIRCLE
  5
374
330
17
100
AcDbEntity
  8
I-PODKLAD
370
13
 48
0.05
100
AcDbCircle
 10
9.608
 20
2.8960000000000004
 30
0.0
 40
0.09
  0
CIRCLE
  5
375
330
17
100
AcDbEntity
  8
I-PODKLAD
370
13
 48
0.05
100
AcDbCircle
 10
9.992
 20
2.8960000000000004
 30
0.0
 40
0.075
  0
CIRCLE
  5
376
330
17
100
AcDbEntity
  8
I-PODKLAD
370
13
 48
0.05
100
AcDbCircle
 10
9.608
 20
3.1144000000000003
 30
0.0
 40
0.075
  0
CIRCLE
  5
377
330
17
100
AcDbEntity
  8
I-PODKLAD
370
13
 48
0.05
100
AcDbCircle
 10
9.992
 20
3.1144000000000003
 30
0.0
 40
0.09
  0
LWPOLYLINE
  5
378
330
17
100
AcDbEntity
  8
I-PODKLAD
370
18
 48
0.05
100
AcDbPolyline
 90
4
 70
1
 10
11.895
 20
4.3
 10
11.895
 20
4.8999999999999995
 10
11.245
 20
4.8999999999999995
 10
11.245
 20
4.3
  0
LWPOLYLINE
  5
379
330
17
100
AcDbEntity
  8
I-PODKLAD
370
18
 48
0.05
100
AcDbPolyline
 90
2
 70
0
 10
11.285
 20
4.3
 10
11.285
 20
4.8999999999999995
  0
LWPOLYLINE
  5
37A
330
17
100
AcDbEntity
  8
I-PODKLAD
370
18
 48
0.05
100
AcDbPolyline
 90
4
 70
1
 10
11.895
 20
3.6
 10
11.895
 20
4.2
 10
11.295
 20
4.2
 10
11.295
 20
3.6
  0
LWPOLYLINE
  5
37B
330
17
100
AcDbEntity
  8
I-PODKLAD
370
18
 48
0.05
100
AcDbPolyline
 90
2
 70
0
 10
11.334999999999999
 20
3.6
 10
11.334999999999999
 20
4.2
  0
LWPOLYLINE
  5
37C
330
17
100
AcDbEntity
  8
I-PODKLAD
370
13
 48
0.05
420
12105912
100
AcDbPolyline
 90
4
 70
1
 10
8.395
 20
6.2
 10
8.395
 20
7.3999999999999995
 10
7.994999999999999
 20
7.3999999999999995
 10
7.994999999999999
 20
6.2
  0
LWPOLYLINE
  5
37D
330
17
100
AcDbEntity
  8
I-PODKLAD
370
13
 48
0.05
420
12105912
100
AcDbPolyline
 90
2
 70
0
 10
8.225
 20
6.2299999999999995
 10
8.225
 20
7.37
  0
LWPOLYLINE
  5
37E
330
17
100
AcDbEntity
  8
I-PODKLAD
370
13
 48
0.05
420
12105912
100
AcDbPolyline
 90
2
 70
0
 10
8.323
 20
6.25
 10
8.083
 20
6.31
  0
LWPOLYLINE
  5
37F
330
17
100
AcDbEntity
  8
I-PODKLAD
370
13
 48
0.05
420
12105912
100
AcDbPolyline
 90
2
 70
0
 10
8.323
 20
6.365555555555556
 10
8.083
 20
6.4255555555555555
  0
LWPOLYLINE
  5
380
330
17
100
AcDbEntity
  8
I-PODKLAD
370
13
 48
0.05
420
12105912
100
AcDbPolyline
 90
2
 70
0
 10
8.323
 20
6.481111111111111
 10
8.083
 20
6.541111111111111
  0
LWPOLYLINE
  5
381
330
17
100
AcDbEntity
  8
I-PODKLAD
370
13
 48
0.05
420
12105912
100
AcDbPolyline
 90
2
 70
0
 10
8.323
 20
6.596666666666667
 10
8.083
 20
6.656666666666666
  0
LWPOLYLINE
  5
382
330
17
100
AcDbEntity
  8
I-PODKLAD
370
13
 48
0.05
420
12105912
100
AcDbPolyline
 90
2
 70
0
 10
8.323
 20
6.712222222222222
 10
8.083
 20
6.772222222222222
  0
LWPOLYLINE
  5
383
330
17
100
AcDbEntity
  8
I-PODKLAD
370
13
 48
0.05
420
12105912
100
AcDbPolyline
 90
2
 70
0
 10
8.323
 20
6.8277777777777775
 10
8.083
 20
6.887777777777778
  0
LWPOLYLINE
  5
384
330
17
100
AcDbEntity
  8
I-PODKLAD
370
13
 48
0.05
420
12105912
100
AcDbPolyline
 90
2
 70
0
 10
8.323
 20
6.943333333333333
 10
8.083
 20
7.003333333333333
  0
LWPOLYLINE
  5
385
330
17
100
AcDbEntity
  8
I-PODKLAD
370
13
 48
0.05
420
12105912
100
AcDbPolyline
 90
2
 70
0
 10
8.323
 20
7.058888888888889
 10
8.083
 20
7.118888888888889
  0
LWPOLYLINE
  5
386
330
17
100
AcDbEntity
  8
I-PODKLAD
370
13
 48
0.05
420
12105912
100
AcDbPolyline
 90
2
 70
0
 10
8.323
 20
7.174444444444444
 10
8.083
 20
7.234444444444445
  0
LWPOLYLINE
  5
387
330
17
100
AcDbEntity
  8
I-PODKLAD
370
13
 48
0.05
420
12105912
100
AcDbPolyline
 90
2
 70
0
 10
8.323
 20
7.29
 10
8.083
 20
7.35
  0
LWPOLYLINE
  5
388
330
17
100
AcDbEntity
  8
I-PODKLAD
370
13
 48
0.05
420
12105912
100
AcDbPolyline
 90
4
 70
1
 10
12.105
 20
2.7
 10
12.105
 20
1.3
 10
12.705
 20
1.3
 10
12.705
 20
2.7
  0
LWPOLYLINE
  5
389
330
17
100
AcDbEntity
  8
I-PODKLAD
370
13
 48
0.05
420
12105912
100
AcDbPolyline
 90
2
 70
0
 10
12.375
 20
2.67
 10
12.375
 20
1.33
  0
LWPOLYLINE
  5
38A
330
17
100
AcDbEntity
  8
I-PODKLAD
370
13
 48
0.05
420
12105912
100
AcDbPolyline
 90
2
 70
0
 10
12.213000000000001
 20
2.65
 10
12.573
 20
2.59
  0
LWPOLYLINE
  5
38B
330
17
100
AcDbEntity
  8
I-PODKLAD
370
13
 48
0.05
420
12105912
100
AcDbPolyline
 90
2
 70
0
 10
12.213000000000001
 20
2.526
 10
12.573
 20
2.466
  0
LWPOLYLINE
  5
38C
330
17
100
AcDbEntity
  8
I-PODKLAD
370
13
 48
0.05
420
12105912
100
AcDbPolyline
 90
2
 70
0
 10
12.213000000000001
 20
2.402
 10
12.573
 20
2.342
  0
LWPOLYLINE
  5
38D
330
17
100
AcDbEntity
  8
I-PODKLAD
370
13
 48
0.05
420
12105912
100
AcDbPolyline
 90
2
 70
0
 10
12.213000000000001
 20
2.278
 10
12.573
 20
2.218
  0
LWPOLYLINE
  5
38E
330
17
100
AcDbEntity
  8
I-PODKLAD
370
13
 48
0.05
420
12105912
100
AcDbPolyline
 90
2
 70
0
 10
12.213000000000001
 20
2.154
 10
12.573
 20
2.094
  0
LWPOLYLINE
  5
38F
330
17
100
AcDbEntity
  8
I-PODKLAD
370
13
 48
0.05
420
12105912
100
AcDbPolyline
 90
2
 70
0
 10
12.213000000000001
 20
2.03
 10
12.573
 20
1.97
  0
LWPOLYLINE
  5
390
330
17
100
AcDbEntity
  8
I-PODKLAD
370
13
 48
0.05
420
12105912
100
AcDbPolyline
 90
2
 70
0
 10
12.213000000000001
 20
1.906
 10
12.573
 20
1.846
  0
LWPOLYLINE
  5
391
330
17
100
AcDbEntity
  8
I-PODKLAD
370
13
 48
0.05
420
12105912
100
AcDbPolyline
 90
2
 70
0
 10
12.213000000000001
 20
1.782
 10
12.573
 20
1.722
  0
LWPOLYLINE
  5
392
330
17
100
AcDbEntity
  8
I-PODKLAD
370
13
 48
0.05
420
12105912
100
AcDbPolyline
 90
2
 70
0
 10
12.213000000000001
 20
1.658
 10
12.573
 20
1.598
  0
LWPOLYLINE
  5
393
330
17
100
AcDbEntity
  8
I-PODKLAD
370
13
 48
0.05
420
12105912
100
AcDbPolyline
 90
2
 70
0
 10
12.213000000000001
 20
1.5339999999999998
 10
12.573
 20
1.4739999999999998
  0
LWPOLYLINE
  5
394
330
17
100
AcDbEntity
  8
I-PODKLAD
370
13
 48
0.05
420
12105912
100
AcDbPolyline
 90
2
 70
0
 10
12.213000000000001
 20
1.4100000000000001
 10
12.573
 20
1.35
  0
LWPOLYLINE
  5
395
330
17
100
AcDbEntity
  8
I-PODKLAD
370
13
 48
0.05
420
12105912
100
AcDbPolyline
 90
4
 70
1
 10
13.35
 20
0.105
 10
14.65
 20
0.105
 10
14.65
 20
0.45499999999999996
 10
13.35
 20
0.45499999999999996
  0
LWPOLYLINE
  5
396
330
17
100
AcDbEntity
  8
I-PODKLAD
370
13
 48
0.05
420
12105912
100
AcDbPolyline
 90
2
 70
0
 10
13.38
 20
0.25
 10
14.62
 20
0.25
  0
LWPOLYLINE
  5
397
330
17
100
AcDbEntity
  8
I-PODKLAD
370
13
 48
0.05
420
12105912
100
AcDbPolyline
 90
2
 70
0
 10
13.4
 20
0.16799999999999998
 10
13.46
 20
0.37799999999999995
  0
LWPOLYLINE
  5
398
330
17
100
AcDbEntity
  8
I-PODKLAD
370
13
 48
0.05
420
12105912
100
AcDbPolyline
 90
2
 70
0
 10
13.526666666666667
 20
0.16799999999999998
 10
13.586666666666666
 20
0.37799999999999995
  0
LWPOLYLINE
  5
399
330
17
100
AcDbEntity
  8
I-PODKLAD
370
13
 48
0.05
420
12105912
100
AcDbPolyline
 90
2
 70
0
 10
13.653333333333332
 20
0.16799999999999998
 10
13.713333333333333
 20
0.37799999999999995
  0
LWPOLYLINE
  5
39A
330
17
100
AcDbEntity
  8
I-PODKLAD
370
13
 48
0.05
420
12105912
100
AcDbPolyline
 90
2
 70
0
 10
13.78
 20
0.16799999999999998
 10
13.84
 20
0.37799999999999995
  0
LWPOLYLINE
  5
39B
330
17
100
AcDbEntity
  8
I-PODKLAD
370
13
 48
0.05
420
12105912
100
AcDbPolyline
 90
2
 70
0
 10
13.906666666666666
 20
0.16799999999999998
 10
13.966666666666667
 20
0.37799999999999995
  0
LWPOLYLINE
  5
39C
330
17
100
AcDbEntity
  8
I-PODKLAD
370
13
 48
0.05
420
12105912
100
AcDbPolyline
 90
2
 70
0
 10
14.033333333333333
 20
0.16799999999999998
 10
14.093333333333334
 20
0.37799999999999995
  0
LWPOLYLINE
  5
39D
330
17
100
AcDbEntity
  8
I-PODKLAD
370
13
 48
0.05
420
12105912
100
AcDbPolyline
 90
2
 70
0
 10
14.16
 20
0.16799999999999998
 10
14.22
 20
0.37799999999999995
  0
LWPOLYLINE
  5
39E
330
17
100
AcDbEntity
  8
I-PODKLAD
370
13
 48
0.05
420
12105912
100
AcDbPolyline
 90
2
 70
0
 10
14.286666666666667
 20
0.16799999999999998
 10
14.346666666666668
 20
0.37799999999999995
  0
LWPOLYLINE
  5
39F
330
17
100
AcDbEntity
  8
I-PODKLAD
370
13
 48
0.05
420
12105912
100
AcDbPolyline
 90
2
 70
0
 10
14.413333333333334
 20
0.16799999999999998
 10
14.473333333333333
 20
0.37799999999999995
  0
LWPOLYLINE
  5
3A0
330
17
100
AcDbEntity
  8
I-PODKLAD
370
13
 48
0.05
420
12105912
100
AcDbPolyline
 90
2
 70
0
 10
14.54
 20
0.16799999999999998
 10
14.6
 20
0.37799999999999995
  0
LWPOLYLINE
  5
3A1
330
17
100
AcDbEntity
  8
I-PODKLAD
370
13
 48
0.05
100
AcDbPolyline
 90
4
 70
1
 10
15.6
 20
3.07
 10
15.6
 20
2.47
 10
16.0
 20
2.47
 10
16.0
 20
3.07
  0
CIRCLE
  5
3A2
330
17
100
AcDbEntity
  8
I-PODKLAD
370
13
 48
0.05
100
AcDbCircle
 10
15.799999999999999
 20
2.878
 30
0.0
 40
0.168
  0
LWPOLYLINE
  5
3A3
330
17
100
AcDbEntity
  8
I-PODKLAD
370
13
 48
0.05
100
AcDbPolyline
 90
2
 70
0
 10
15.799999999999999
 20
3.0460000000000003
 10
15.799999999999999
 20
2.71
  0
LWPOLYLINE
  5
3A4
330
17
100
AcDbEntity
  8
I-PODKLAD
370
13
 48
0.05
100
AcDbPolyline
 90
2
 70
0
 10
15.681206060760658
 20
2.99679393923934
 10
15.91879393923934
 20
2.7592060607606603
  0
LWPOLYLINE
  5
3A5
330
17
100
AcDbEntity
  8
I-PODKLAD
370
13
 48
0.05
100
AcDbPolyline
 90
2
 70
0
 10
15.632
 20
2.878
 10
15.967999999999998
 20
2.878
  0
LWPOLYLINE
  5
3A6
330
17
100
AcDbEntity
  8
I-PODKLAD
370
13
 48
0.05
100
AcDbPolyline
 90
2
 70
0
 10
15.681206060760658
 20
2.7592060607606603
 10
15.91879393923934
 20
2.99679393923934
  0
CIRCLE
  5
3A7
330
17
100
AcDbEntity
  8
I-PODKLAD
370
13
 48
0.05
100
AcDbCircle
 10
16.55
 20
2.77
 30
0.0
 40
0.35
  0
CIRCLE
  5
3A8
330
17
100
AcDbEntity
  8
I-PODKLAD
370
13
 48
0.05
100
AcDbCircle
 10
16.55
 20
2.77
 30
0.0
 40
0.31
  0
CIRCLE
  5
3A9
330
17
100
AcDbEntity
  8
I-PODKLAD
370
13
 48
0.05
100
AcDbCircle
 10
17.5
 20
2.77
 30
0.0
 40
0.275
  0
CIRCLE
  5
3AA
330
17
100
AcDbEntity
  8
I-PODKLAD
370
13
 48
0.05
100
AcDbCircle
 10
17.5
 20
2.77
 30
0.0
 40
0.23500000000000001
  0
LWPOLYLINE
  5
3AB
330
17
100
AcDbEntity
  8
I-PODKLAD
370
18
 48
0.05
100
AcDbPolyline
 90
4
 70
1
 10
14.95
 20
1.3
 10
14.95
 20
0.5
 10
15.2
 20
0.5
 10
15.2
 20
1.3
  0
LWPOLYLINE
  5
3AC
330
17
100
AcDbEntity
  8
I-PODKLAD
370
18
 48
0.05
100
AcDbPolyline
 90
2
 70
0
 10
15.16
 20
1.3
 10
15.16
 20
0.5
  0
LWPOLYLINE
  5
3AD
330
17
100
AcDbEntity
  8
I-PODKLAD
370
18
 48
0.05
100
AcDbPolyline
 90
4
 70
1
 10
18.27
 20
1.0
 10
18.27
 20
1.4
 10
18.07
 20
1.4
 10
18.07
 20
1.0
  0
LWPOLYLINE
  5
3AE
330
17
100
AcDbEntity
  8
I-PODKLAD
370
18
 48
0.05
100
AcDbPolyline
 90
2
 70
0
 10
18.11
 20
1.0
 10
18.11
 20
1.4
  0
LWPOLYLINE
  5
3AF
330
17
100
AcDbEntity
  8
I-PODKLAD
370
18
 48
0.05
100
AcDbPolyline
 90
4
 70
1
 10
15.6
 20
0.105
 10
16.4
 20
0.105
 10
16.4
 20
0.255
 10
15.6
 20
0.255
  0
LWPOLYLINE
  5
3B0
330
17
100
AcDbEntity
  8
I-PODKLAD
370
18
 48
0.05
100
AcDbPolyline
 90
2
 70
0
 10
15.6
 20
0.21499999999999997
 10
16.4
 20
0.21499999999999997
  0
LWPOLYLINE
  5
3B1
330
17
100
AcDbEntity
  8
I-PODKLAD
370
18
 48
0.05
100
AcDbPolyline
 90
24
 70
1
 10
18.22
 20
2.4200000000000004
 10
18.218531695488853
 20
2.4292705098312486
 10
18.21427050983125
 20
2.437633557568774
 10
18.207633557568773
 20
2.4442705098312487
 10
18.199270509831248
 20
2.448531695488855
 10
18.19
 20
2.45
 10
17.93
 20
2.45
 10
17.92072949016875
 20
2.448531695488855
 10
17.912366442431225
 20
2.4442705098312487
 10
17.905729490168753
 20
2.437633557568774
 10
17.901468304511145
 20
2.4292705098312486
 10
17.9
 20
2.4200000000000004
 10
17.9
 20
1.9800000000000002
 10
17.901468304511145
 20
1.9707294901687518
 10
17.905729490168753
 20
1.962366442431226
 10
17.912366442431225
 20
1.9557294901687519
 10
17.92072949016875
 20
1.9514683045111456
 10
17.93
 20
1.9500000000000002
 10
18.19
 20
1.9500000000000002
 10
18.199270509831248
 20
1.9514683045111456
 10
18.207633557568773
 20
1.9557294901687516
 10
18.21427050983125
 20
1.962366442431226
 10
18.218531695488853
 20
1.9707294901687518
 10
18.22
 20
1.9800000000000002
  0
LWPOLYLINE
  5
3B2
330
17
100
AcDbEntity
  8
I-PODKLAD
370
18
 48
0.05
100
AcDbPolyline
 90
24
 70
1
 10
18.169999999999998
 20
2.2150000000000003
 10
18.168042260651806
 20
2.227360679774998
 10
18.162360679775
 20
2.238511410091699
 10
18.1535114100917
 20
2.247360679774998
 10
18.142360679775
 20
2.2530422606518066
 10
18.13
 20
2.2550000000000003
 10
17.99
 20
2.2550000000000003
 10
17.977639320225002
 20
2.2530422606518066
 10
17.9664885899083
 20
2.247360679774998
 10
17.957639320225002
 20
2.238511410091699
 10
17.95195773934819
 20
2.227360679774998
 10
17.95
 20
2.2150000000000003
 10
17.95
 20
2.04
 10
17.95195773934819
 20
2.0276393202250023
 10
17.957639320225002
 20
2.016488589908301
 10
17.9664885899083
 20
2.0076393202250022
 10
17.977639320225002
 20
2.001957739348194
 10
17.99
 20
2.0
 10
18.13
 20
2.0
 10
18.142360679775
 20
2.001957739348194
 10
18.1535114100917
 20
2.0076393202250022
 10
18.162360679775
 20
2.016488589908301
 10
18.168042260651806
 20
2.0276393202250023
 10
18.169999999999998
 20
2.04
  0
CIRCLE
  5
3B3
330
17
100
AcDbEntity
  8
I-PODKLAD
370
13
 48
0.05
100
AcDbCircle
 10
18.06
 20
2.1275000000000004
 30
0.0
 40
0.02
  0
LWPOLYLINE
  5
3B4
330
17
100
AcDbEntity
  8
I-PODKLAD
370
18
 48
0.05
100
AcDbPolyline
 90
2
 70
0
 10
18.13
 20
2.3150000000000004
 10
18.13
 20
2.4000000000000004
  0
LWPOLYLINE
  5
3B5
330
17
100
AcDbEntity
  8
I-PODKLAD
370
18
 48
0.05
100
AcDbPolyline
 90
2
 70
0
 10
18.095
 20
2.3150000000000004
 10
18.095
 20
2.4000000000000004
  0
LWPOLYLINE
  5
3B6
330
17
100
AcDbEntity
  8
I-PODKLAD
370
18
 48
0.05
100
AcDbPolyline
 90
2
 70
0
 10
18.06
 20
2.3150000000000004
 10
18.06
 20
2.4000000000000004
  0
LWPOLYLINE
  5
3B7
330
17
100
AcDbEntity
  8
I-PODKLAD
370
18
 48
0.05
100
AcDbPolyline
 90
2
 70
0
 10
18.025
 20
2.3150000000000004
 10
18.025
 20
2.4000000000000004
  0
LWPOLYLINE
  5
3B8
330
17
100
AcDbEntity
  8
I-PODKLAD
370
18
 48
0.05
100
AcDbPolyline
 90
2
 70
0
 10
17.99
 20
2.3150000000000004
 10
17.99
 20
2.4000000000000004
  0
CIRCLE
  5
3B9
330
17
100
AcDbEntity
  8
I-PODKLAD
370
13
 48
0.05
100
AcDbCircle
 10
18.19
 20
2.1275000000000004
 30
0.0
 40
0.018
  0
LWPOLYLINE
  5
3BA
330
17
100
AcDbEntity
  8
I-PODKLAD
370
13
 48
0.05
420
12105912
100
AcDbPolyline
 90
4
 70
1
 10
18.27
 20
6.45
 10
18.27
 20
8.85
 10
17.87
 20
8.85
 10
17.87
 20
6.45
  0
LWPOLYLINE
  5
3BB
330
17
100
AcDbEntity
  8
I-PODKLAD
370
13
 48
0.05
420
12105912
100
AcDbPolyline
 90
2
 70
0
 10
18.099999999999998
 20
6.48
 10
18.1
 20
8.82
  0
LWPOLYLINE
  5
3BC
330
17
100
AcDbEntity
  8
I-PODKLAD
370
13
 48
0.05
420
12105912
100
AcDbPolyline
 90
2
 70
0
 10
18.198
 20
6.5
 10
17.958
 20
6.5600000000000005
  0
LWPOLYLINE
  5
3BD
330
17
100
AcDbEntity
  8
I-PODKLAD
370
13
 48
0.05
420
12105912
100
AcDbPolyline
 90
2
 70
0
 10
18.198
 20
6.617894736842105
 10
17.958
 20
6.677894736842106
  0
LWPOLYLINE
  5
3BE
330
17
100
AcDbEntity
  8
I-PODKLAD
370
13
 48
0.05
420
12105912
100
AcDbPolyline
 90
2
 70
0
 10
18.198
 20
6.7357894736842105
 10
17.958
 20
6.795789473684211
  0
LWPOLYLINE
  5
3BF
330
17
100
AcDbEntity
  8
I-PODKLAD
370
13
 48
0.05
420
12105912
100
AcDbPolyline
 90
2
 70
0
 10
18.198
 20
6.853684210526316
 10
17.958
 20
6.913684210526316
  0
LWPOLYLINE
  5
3C0
330
17
100
AcDbEntity
  8
I-PODKLAD
370
13
 48
0.05
420
12105912
100
AcDbPolyline
 90
2
 70
0
 10
18.198
 20
6.971578947368421
 10
17.958
 20
7.031578947368422
  0
LWPOLYLINE
  5
3C1
330
17
100
AcDbEntity
  8
I-PODKLAD
370
13
 48
0.05
420
12105912
100
AcDbPolyline
 90
2
 70
0
 10
18.198
 20
7.089473684210526
 10
17.958
 20
7.149473684210527
  0
LWPOLYLINE
  5
3C2
330
17
100
AcDbEntity
  8
I-PODKLAD
370
13
 48
0.05
420
12105912
100
AcDbPolyline
 90
2
 70
0
 10
18.198
 20
7.207368421052632
 10
17.958
 20
7.267368421052632
  0
LWPOLYLINE
  5
3C3
330
17
100
AcDbEntity
  8
I-PODKLAD
370
13
 48
0.05
420
12105912
100
AcDbPolyline
 90
2
 70
0
 10
18.198
 20
7.325263157894737
 10
17.958
 20
7.385263157894737
  0
LWPOLYLINE
  5
3C4
330
17
100
AcDbEntity
  8
I-PODKLAD
370
13
 48
0.05
420
12105912
100
AcDbPolyline
 90
2
 70
0
 10
18.198
 20
7.443157894736842
 10
17.958
 20
7.503157894736843
  0
LWPOLYLINE
  5
3C5
330
17
100
AcDbEntity
  8
I-PODKLAD
370
13
 48
0.05
420
12105912
100
AcDbPolyline
 90
2
 70
0
 10
18.198
 20
7.5610526315789475
 10
17.958
 20
7.621052631578948
  0
LWPOLYLINE
  5
3C6
330
17
100
AcDbEntity
  8
I-PODKLAD
370
13
 48
0.05
420
12105912
100
AcDbPolyline
 90
2
 70
0
 10
18.198
 20
7.678947368421053
 10
17.958
 20
7.738947368421053
  0
LWPOLYLINE
  5
3C7
330
17
100
AcDbEntity
  8
I-PODKLAD
370
13
 48
0.05
420
12105912
100
AcDbPolyline
 90
2
 70
0
 10
18.198
 20
7.796842105263158
 10
17.958
 20
7.8568421052631585
  0
LWPOLYLINE
  5
3C8
330
17
100
AcDbEntity
  8
I-PODKLAD
370
13
 48
0.05
420
12105912
100
AcDbPolyline
 90
2
 70
0
 10
18.198
 20
7.914736842105263
 10
17.958
 20
7.974736842105264
  0
LWPOLYLINE
  5
3C9
330
17
100
AcDbEntity
  8
I-PODKLAD
370
13
 48
0.05
420
12105912
100
AcDbPolyline
 90
2
 70
0
 10
18.198
 20
8.032631578947369
 10
17.958
 20
8.092631578947369
  0
LWPOLYLINE
  5
3CA
330
17
100
AcDbEntity
  8
I-PODKLAD
370
13
 48
0.05
420
12105912
100
AcDbPolyline
 90
2
 70
0
 10
18.198
 20
8.150526315789474
 10
17.958
 20
8.210526315789474
  0
LWPOLYLINE
  5
3CB
330
17
100
AcDbEntity
  8
I-PODKLAD
370
13
 48
0.05
420
12105912
100
AcDbPolyline
 90
2
 70
0
 10
18.198
 20
8.26842105263158
 10
17.958
 20
8.32842105263158
  0
LWPOLYLINE
  5
3CC
330
17
100
AcDbEntity
  8
I-PODKLAD
370
13
 48
0.05
420
12105912
100
AcDbPolyline
 90
2
 70
0
 10
18.198
 20
8.386315789473684
 10
17.958
 20
8.446315789473685
  0
LWPOLYLINE
  5
3CD
330
17
100
AcDbEntity
  8
I-PODKLAD
370
13
 48
0.05
420
12105912
100
AcDbPolyline
 90
2
 70
0
 10
18.198
 20
8.50421052631579
 10
17.958
 20
8.56421052631579
  0
LWPOLYLINE
  5
3CE
330
17
100
AcDbEntity
  8
I-PODKLAD
370
13
 48
0.05
420
12105912
100
AcDbPolyline
 90
2
 70
0
 10
18.198
 20
8.622105263157895
 10
17.958
 20
8.682105263157895
  0
LWPOLYLINE
  5
3CF
330
17
100
AcDbEntity
  8
I-PODKLAD
370
13
 48
0.05
420
12105912
100
AcDbPolyline
 90
2
 70
0
 10
18.198
 20
8.74
 10
17.958
 20
8.8
  0
LWPOLYLINE
  5
3D0
330
17
100
AcDbEntity
  8
I-PODKLAD
370
13
 48
0.05
100
AcDbPolyline
 90
3
 70
1
 10
12.8
 20
-0.65
 10
12.695
 20
-0.9500000000000001
 10
12.905000000000001
 20
-0.9500000000000001
  0
LWPOLYLINE
  5
3D1
330
17
100
AcDbEntity
  8
I-PODKLAD
370
13
 48
0.05
100
AcDbPolyline
 90
3
 70
1
 10
19.025000000000002
 20
5.4
 10
19.325000000000003
 20
5.295
 10
19.325000000000003
 20
5.505000000000001
  0
LWPOLYLINE
  5
3D2
330
17
100
AcDbEntity
  8
I-PODKLAD
370
13
 48
0.05
100
AcDbPolyline
 90
3
 70
1
 10
10.6
 20
9.4
 10
10.705
 20
9.700000000000001
 10
10.495
 20
9.700000000000001
  0
LWPOLYLINE
  5
3D3
330
17
100
AcDbEntity
  8
I-PODKLAD-SCIANY
370
25
 48
0.05
100
AcDbPolyline
 90
12
 70
1
 10
8.720000000005749
 20
-0.059999999994252345
 10
8.72
 20
-0.05999999987726965
 10
8.72
 20
0.05999999987726965
 10
8.720000000005749
 20
0.059999999994252345
 10
8.720000000122743
 20
0.06
 10
8.839999999877257
 20
0.06
 10
8.839999999994252
 20
0.059999999994252345
 10
8.84
 20
0.05999999987726965
 10
8.84
 20
-0.05999999987726965
 10
8.839999999994252
 20
-0.059999999994252345
 10
8.839999999877257
 20
-0.06
 10
8.720000000122743
 20
-0.06
  0
LWPOLYLINE
  5
3D4
330
17
100
AcDbEntity
  8
I-PODKLAD-SCIANY
370
25
 48
0.05
100
AcDbPolyline
 90
12
 70
1
 10
6.380000000005748
 20
-0.059999999994252345
 10
6.380000000000001
 20
-0.05999999987726965
 10
6.380000000000001
 20
0.05999999987726965
 10
6.380000000005748
 20
0.059999999994252345
 10
6.380000000122744
 20
0.06
 10
6.499999999877256
 20
0.06
 10
6.499999999994253
 20
0.059999999994252345
 10
6.5
 20
0.05999999987726965
 10
6.5
 20
-0.05999999987726965
 10
6.499999999994253
 20
-0.059999999994252345
 10
6.499999999877256
 20
-0.06
 10
6.380000000122744
 20
-0.06
  0
LWPOLYLINE
  5
3D5
330
17
100
AcDbEntity
  8
I-PODKLAD-SCIANY
370
25
 48
0.05
100
AcDbPolyline
 90
12
 70
1
 10
4.040000000005747
 20
-0.059999999994252345
 10
4.04
 20
-0.05999999987726965
 10
4.04
 20
0.05999999987726965
 10
4.040000000005747
 20
0.059999999994252345
 10
4.040000000122744
 20
0.06
 10
4.1599999998772565
 20
0.06
 10
4.159999999994253
 20
0.059999999994252345
 10
4.16
 20
0.05999999987726965
 10
4.16
 20
-0.05999999987726965
 10
4.159999999994253
 20
-0.059999999994252345
 10
4.1599999998772565
 20
-0.06
 10
4.040000000122744
 20
-0.06
  0
LWPOLYLINE
  5
3D6
330
17
100
AcDbEntity
  8
I-PODKLAD-SCIANY
370
25
 48
0.05
100
AcDbPolyline
 90
12
 70
1
 10
2.14
 20
0.05999999987725834
 10
2.140000000005748
 20
0.059999999994252366
 10
2.1400000001227433
 20
0.06
 10
2.2599999998772566
 20
0.06
 10
2.259999999994252
 20
0.059999999994252366
 10
2.26
 20
0.05999999987725834
 10
2.26
 20
-0.05999999987725834
 10
2.259999999994252
 20
-0.059999999994252366
 10
2.2599999998772566
 20
-0.06
 10
2.1400000001227433
 20
-0.06
 10
2.140000000005748
 20
-0.059999999994252366
 10
2.14
 20
-0.05999999987725834
  0
LWPOLYLINE
  5
3D7
330
17
100
AcDbEntity
  8
I-PODKLAD-SCIANY
370
25
 48
0.05
100
AcDbPolyline
 90
32
 70
1
 10
17.750000000005752
 20
9.270000000005746
 10
17.75
 20
9.270000000122765
 10
17.75
 20
9.464999999877234
 10
17.750000000005752
 20
9.464999999994253
 10
17.750000000122732
 20
9.465
 10
18.464999999877268
 20
9.465
 10
18.464999999994248
 20
9.464999999994253
 10
18.465
 20
9.464999999877234
 10
18.465
 20
5.900000000122767
 10
18.46499999999425
 20
5.900000000005748
 10
18.464999999877268
 20
5.9
 10
18.27000000012273
 20
5.9
 10
18.270000000005748
 20
5.900000000005748
 10
18.27
 20
5.900000000122767
 10
18.27
 20
9.269999995
 10
18.269999999975923
 20
9.269999995490085
 10
18.269999999903927
 20
9.26999999597545
 10
18.2699999997847
 20
9.269999996451423
 10
18.269999999619397
 20
9.269999996913416
 10
18.269999999409606
 20
9.269999997356983
 10
18.269999999157346
 20
9.26999999777785
 10
18.26999999886505
 20
9.269999998171965
 10
18.269999998535532
 20
9.269999998535534
 10
18.269999998171965
 20
9.269999998865051
 10
18.26999999777785
 20
9.269999999157347
 10
18.269999997356983
 20
9.269999999409606
 10
18.269999996913416
 20
9.269999999619397
 10
18.26999999645142
 20
9.269999999784702
 10
18.26999999597545
 20
9.269999999903925
 10
18.269999995490085
 20
9.269999999975923
 10
18.269999995
 20
9.27
 10
17.750000000122732
 20
9.27
  0
LWPOLYLINE
  5
3D8
330
17
100
AcDbEntity
  8
I-PODKLAD-SCIANY
370
25
 48
0.05
100
AcDbPolyline
 90
152
 70
1
 10
13.250000000005748
 20
-0.08999999999425234
 10
13.25
 20
-0.08999999987726966
 10
13.25
 20
0.10499999987726966
 10
13.250000000005748
 20
0.10499999999425234
 10
13.250000000122743
 20
0.105
 10
14.814999999877257
 20
0.105
 10
14.814999999994251
 20
0.10499999999425234
 10
14.815
 20
0.10499999987726966
 10
14.815
 20
0.090000005
 10
14.815000000024076
 20
0.09000000450991429
 10
14.815000000096074
 20
0.09000000402454839
 10
14.815000000215298
 20
0.09000000354857661
 10
14.815000000380602
 20
0.09000000308658283
 10
14.815000000590393
 20
0.09000000264301632
 10
14.815000000842652
 20
0.09000000222214882
 10
14.815000001134948
 20
0.09000000182803357
 10
14.815000001464465
 20
0.09000000146446609
 10
14.815000001828034
 20
0.09000000113494773
 10
14.815000002222149
 20
0.09000000084265193
 10
14.815000002643016
 20
0.09000000059039368
 10
14.815000003086583
 20
0.09000000038060234
 10
14.815000003548576
 20
0.09000000021529832
 10
14.815000004024549
 20
0.09000000009607359
 10
14.815000004509914
 20
0.09000000002407636
 10
14.815000005
 20
0.09
 10
14.934999995
 20
0.09
 10
14.934999995490086
 20
0.09000000002407636
 10
14.934999995975451
 20
0.09000000009607359
 10
14.934999996451424
 20
0.09000000021529832
 10
14.934999996913417
 20
0.09000000038060234
 10
14.934999997356984
 20
0.09000000059039368
 10
14.934999997777851
 20
0.09000000084265193
 10
14.934999998171966
 20
0.09000000113494773
 10
14.934999998535535
 20
0.09000000146446609
 10
14.934999998865052
 20
0.09000000182803357
 10
14.934999999157348
 20
0.09000000222214882
 10
14.934999999409607
 20
0.09000000264301632
 10
14.934999999619398
 20
0.09000000308658283
 10
14.934999999784702
 20
0.09000000354857661
 10
14.934999999903926
 20
0.09000000402454839
 10
14.934999999975924
 20
0.09000000450991429
 10
14.935
 20
0.090000005
 10
14.935
 20
0.10499999987726966
 10
14.935000000005749
 20
0.10499999999425234
 10
14.935000000122743
 20
0.105
 10
18.269999995
 20
0.105
 10
18.269999995490085
 20
0.10500000002407636
 10
18.26999999597545
 20
0.10500000009607359
 10
18.26999999645142
 20
0.10500000021529832
 10
18.269999996913416
 20
0.10500000038060234
 10
18.269999997356983
 20
0.10500000059039367
 10
18.26999999777785
 20
0.10500000084265193
 10
18.269999998171965
 20
0.10500000113494773
 10
18.269999998535532
 20
0.10500000146446609
 10
18.26999999886505
 20
0.10500000182803357
 10
18.269999999157346
 20
0.10500000222214882
 10
18.269999999409606
 20
0.10500000264301632
 10
18.269999999619397
 20
0.10500000308658283
 10
18.2699999997847
 20
0.10500000354857661
 10
18.269999999903927
 20
0.10500000402454839
 10
18.269999999975923
 20
0.10500000450991429
 10
18.27
 20
0.105000005
 10
18.27
 20
2.769999995
 10
18.269999999975923
 20
2.769999995490086
 10
18.269999999903927
 20
2.7699999959754518
 10
18.2699999997847
 20
2.7699999964514235
 10
18.269999999619397
 20
2.769999996913417
 10
18.269999999409606
 20
2.7699999973569835
 10
18.269999999157346
 20
2.7699999977778513
 10
18.26999999886505
 20
2.7699999981719663
 10
18.269999998535532
 20
2.769999998535534
 10
18.269999998171965
 20
2.7699999988650523
 10
18.26999999777785
 20
2.7699999991573483
 10
18.269999997356983
 20
2.7699999994096065
 10
18.269999996913416
 20
2.769999999619398
 10
18.26999999645142
 20
2.7699999997847016
 10
18.26999999597545
 20
2.7699999999039266
 10
18.269999995490085
 20
2.7699999999759237
 10
18.269999995
 20
2.77
 10
14.935000000122743
 20
2.77
 10
14.935000000005749
 20
2.7700000000057474
 10
14.935
 20
2.7700000001227303
 10
14.935
 20
2.784999995
 10
14.934999999975924
 20
2.784999995490086
 10
14.934999999903926
 20
2.784999995975452
 10
14.934999999784702
 20
2.7849999964514236
 10
14.934999999619398
 20
2.784999996913417
 10
14.934999999409607
 20
2.7849999973569837
 10
14.934999999157348
 20
2.7849999977778515
 10
14.934999998865052
 20
2.7849999981719664
 10
14.934999998535535
 20
2.7849999985355343
 10
14.934999998171966
 20
2.7849999988650525
 10
14.934999997777851
 20
2.7849999991573484
 10
14.934999997356984
 20
2.7849999994096066
 10
14.934999996913417
 20
2.784999999619398
 10
14.934999996451424
 20
2.7849999997847017
 10
14.934999995975451
 20
2.7849999999039268
 10
14.934999995490086
 20
2.784999999975924
 10
14.934999995
 20
2.785
 10
14.815000005
 20
2.785
 10
14.815000004509914
 20
2.784999999975924
 10
14.815000004024549
 20
2.7849999999039268
 10
14.815000003548576
 20
2.7849999997847017
 10
14.815000003086583
 20
2.784999999619398
 10
14.815000002643016
 20
2.7849999994096066
 10
14.815000002222149
 20
2.7849999991573484
 10
14.815000001828034
 20
2.7849999988650525
 10
14.815000001464465
 20
2.7849999985355343
 10
14.815000001134948
 20
2.7849999981719664
 10
14.815000000842652
 20
2.7849999977778515
 10
14.815000000590393
 20
2.7849999973569837
 10
14.815000000380602
 20
2.784999996913417
 10
14.815000000215298
 20
2.7849999964514236
 10
14.815000000096074
 20
2.784999995975452
 10
14.815000000024076
 20
2.784999995490086
 10
14.815
 20
2.784999995
 10
14.815
 20
2.7700000001227303
 10
14.814999999994251
 20
2.7700000000057474
 10
14.814999999877257
 20
2.77
 10
14.500000000122743
 20
2.77
 10
14.500000000005748
 20
2.7700000000057474
 10
14.5
 20
2.7700000001227303
 10
14.5
 20
2.9649999998772696
 10
14.500000000005748
 20
2.9649999999942525
 10
14.500000000122743
 20
2.965
 10
18.269999995
 20
2.965
 10
18.269999995490085
 20
2.965000000024076
 10
18.26999999597545
 20
2.9650000000960732
 10
18.26999999645142
 20
2.9650000002152983
 10
18.269999996913416
 20
2.965000000380602
 10
18.269999997356983
 20
2.9650000005903934
 10
18.26999999777785
 20
2.9650000008426516
 10
18.269999998171965
 20
2.9650000011349475
 10
18.269999998535532
 20
2.9650000014644657
 10
18.26999999886505
 20
2.9650000018280336
 10
18.269999999157346
 20
2.9650000022221485
 10
18.269999999409606
 20
2.9650000026430163
 10
18.269999999619397
 20
2.965000003086583
 10
18.2699999997847
 20
2.9650000035485764
 10
18.269999999903927
 20
2.965000004024548
 10
18.269999999975923
 20
2.965000004509914
 10
18.27
 20
2.965000005
 10
18.27
 20
4.899999999877234
 10
18.270000000005748
 20
4.899999999994253
 10
18.27000000012273
 20
4.9
 10
18.464999999877268
 20
4.9
 10
18.46499999999425
 20
4.899999999994253
 10
18.465
 20
4.899999999877234
 10
18.465
 20
-0.08999999987723349
 10
18.46499999999425
 20
-0.08999999999425239
 10
18.464999999877254
 20
-0.09
 10
13.250000000122743
 20
-0.09
  0
LWPOLYLINE
  5
3D9
330
17
100
AcDbEntity
  8
I-PODKLAD-SCIANY
370
25
 48
0.05
100
AcDbPolyline
 90
268
 70
1
 10
10.399999999999988
 20
5.035000000000253
 10
10.4
 20
5.229999999945289
 10
10.400000000001352
 20
5.229999999967059
 10
10.40000000000544
 20
5.229999999994591
 10
10.400000000031095
 20
5.229999999998397
 10
10.400000000057188
 20
5.23
 10
11.894999994998171
 20
5.23
 10
11.894999995488257
 20
5.230000000024077
 10
11.894999995973622
 20
5.230000000096075
 10
11.894999996449595
 20
5.230000000215299
 10
11.894999996911588
 20
5.2300000003806035
 10
11.894999997355155
 20
5.230000000590395
 10
11.894999997776022
 20
5.230000000842653
 10
11.894999998170137
 20
5.230000001134949
 10
11.894999998533706
 20
5.230000001464467
 10
11.894999998863224
 20
5.230000001828034
 10
11.89499999915552
 20
5.23000000222215
 10
11.894999999407778
 20
5.230000002643017
 10
11.89499999961757
 20
5.230000003086584
 10
11.894999999782874
 20
5.230000003548578
 10
11.894999999902097
 20
5.230000004024549
 10
11.894999999974095
 20
5.2300000045099155
 10
11.894999999998172
 20
5.230000005000001
 10
11.895
 20
6.599999999937174
 10
11.895000000000016
 20
6.599999999937816
 10
11.895000000005597
 20
6.599999999994433
 10
11.895000000062268
 20
6.599999999999995
 10
11.909999995
 20
6.6
 10
11.909999995490086
 20
6.600000000024076
 10
11.90999999597545
 20
6.600000000096074
 10
11.909999996451424
 20
6.6000000002152985
 10
11.909999996913417
 20
6.600000000380603
 10
11.909999997356984
 20
6.600000000590394
 10
11.90999999777785
 20
6.600000000842652
 10
11.909999998171966
 20
6.600000001134948
 10
11.909999998535534
 20
6.600000001464466
 10
11.909999998865052
 20
6.600000001828033
 10
11.909999999157348
 20
6.600000002222149
 10
11.909999999409607
 20
6.600000002643016
 10
11.909999999619398
 20
6.600000003086583
 10
11.909999999784702
 20
6.600000003548577
 10
11.909999999903926
 20
6.600000004024548
 10
11.909999999975923
 20
6.600000004509915
 10
11.91
 20
6.600000005
 10
11.91
 20
6.649999995
 10
11.909999999975923
 20
6.649999995490085
 10
11.909999999903926
 20
6.649999995975452
 10
11.909999999784702
 20
6.649999996451423
 10
11.909999999619398
 20
6.649999996913417
 10
11.909999999409607
 20
6.649999997356984
 10
11.909999999157348
 20
6.649999997777851
 10
11.909999998865052
 20
6.649999998171967
 10
11.909999998535534
 20
6.649999998535534
 10
11.909999998171966
 20
6.649999998865052
 10
11.90999999777785
 20
6.649999999157348
 10
11.909999997356984
 20
6.649999999409606
 10
11.909999996913417
 20
6.649999999619397
 10
11.909999996451424
 20
6.6499999997847015
 10
11.90999999597545
 20
6.649999999903926
 10
11.909999995490086
 20
6.649999999975924
 10
11.909999995
 20
6.65
 10
11.89500000006268
 20
6.65
 10
11.895000000005563
 20
6.650000000005599
 10
11.895000000000039
 20
6.650000000061578
 10
11.895
 20
6.650000000063138
 10
11.895
 20
8.659999994998753
 10
11.894999999975923
 20
8.659999995488839
 10
11.894999999903925
 20
8.659999995974204
 10
11.894999999784702
 20
8.659999996450177
 10
11.894999999619397
 20
8.65999999691217
 10
11.894999999409606
 20
8.659999997355737
 10
11.894999999157347
 20
8.659999997776604
 10
11.894999998865051
 20
8.659999998170719
 10
11.894999998535534
 20
8.659999998534287
 10
11.894999998171965
 20
8.659999998863805
 10
11.89499999777785
 20
8.659999999156101
 10
11.894999997356983
 20
8.65999999940836
 10
11.894999996913416
 20
8.659999999618151
 10
11.894999996451423
 20
8.659999999783455
 10
11.89499999597545
 20
8.659999999902679
 10
11.894999995490085
 20
8.659999999974676
 10
11.894999995
 20
8.659999999998753
 10
11.700000005
 20
8.66
 10
11.700000004509914
 20
8.659999999975923
 10
11.700000004024549
 20
8.659999999903926
 10
11.700000003548576
 20
8.659999999784702
 10
11.700000003086583
 20
8.659999999619398
 10
11.700000002643016
 20
8.659999999409607
 10
11.700000002222149
 20
8.659999999157348
 10
11.700000001828034
 20
8.659999998865052
 10
11.700000001464465
 20
8.659999998535534
 10
11.700000001134947
 20
8.659999998171966
 10
11.700000000842651
 20
8.65999999777785
 10
11.700000000590393
 20
8.659999997356984
 10
11.700000000380602
 20
8.659999996913417
 10
11.700000000215297
 20
8.659999996451424
 10
11.700000000096074
 20
8.65999999597545
 10
11.700000000024076
 20
8.659999995490086
 10
11.7
 20
8.659999995
 10
11.7
 20
8.645000000062826
 10
11.699999999999982
 20
8.645000000062138
 10
11.699999999994406
 20
8.64500000000556
 10
11.699999999938466
 20
8.645000000000039
 10
11.69999999993686
 20
8.645
 10
11.600000000062826
 20
8.645
 10
11.600000000062138
 20
8.645000000000017
 10
11.60000000000556
 20
8.645000000005593
 10
11.600000000000039
 20
8.645000000061533
 10
11.6
 20
8.645000000063138
 10
11.6
 20
8.839999999937174
 10
11.600000000000017
 20
8.839999999937861
 10
11.600000000005593
 20
8.83999999999444
 10
11.600000000061533
 20
8.83999999999996
 10
11.600000000063138
 20
8.84
 10
11.909999994998753
 20
8.84
 10
11.909999995488839
 20
8.840000000024077
 10
11.909999995974204
 20
8.840000000096074
 10
11.909999996450177
 20
8.840000000215298
 10
11.90999999691217
 20
8.840000000380602
 10
11.909999997355737
 20
8.840000000590393
 10
11.909999997776604
 20
8.840000000842652
 10
11.909999998170719
 20
8.840000001134948
 10
11.909999998534287
 20
8.840000001464466
 10
11.909999998863805
 20
8.840000001828034
 10
11.909999999156101
 20
8.84000000222215
 10
11.90999999940836
 20
8.840000002643016
 10
11.909999999618151
 20
8.840000003086583
 10
11.909999999783455
 20
8.840000003548576
 10
11.909999999902679
 20
8.84000000402455
 10
11.909999999974676
 20
8.840000004509914
 10
11.909999999998753
 20
8.840000005
 10
11.91
 20
9.284999999998753
 10
11.91
 20
9.46499999987727
 10
11.910000000005748
 20
9.464999999994252
 10
11.91000000012273
 20
9.465
 10
12.74999999987727
 20
9.465
 10
12.749999999994252
 20
9.464999999994252
 10
12.75
 20
9.46499999987727
 10
12.75
 20
9.27000000012273
 10
12.749999999994252
 20
9.270000000005748
 10
12.74999999987727
 20
9.27
 10
12.105000005
 20
9.27
 10
12.105000004509915
 20
9.269999999975923
 10
12.10500000402455
 20
9.269999999903925
 10
12.105000003548577
 20
9.269999999784702
 10
12.105000003086584
 20
9.269999999619397
 10
12.105000002643017
 20
9.269999999409606
 10
12.10500000222215
 20
9.269999999157347
 10
12.105000001828035
 20
9.269999998865051
 10
12.105000001464466
 20
9.269999998535534
 10
12.105000001134949
 20
9.269999998171965
 10
12.105000000842653
 20
9.26999999777785
 10
12.105000000590394
 20
9.269999997356983
 10
12.105000000380603
 20
9.269999996913416
 10
12.105000000215298
 20
9.269999996451423
 10
12.105000000096075
 20
9.26999999597545
 10
12.105000000024077
 20
9.269999995490085
 10
12.105
 20
9.269999995
 10
12.105
 20
8.750000000062826
 10
12.104999999999983
 20
8.750000000062139
 10
12.104999999994407
 20
8.75000000000556
 10
12.104999999938467
 20
8.750000000000039
 10
12.104999999936862
 20
8.75
 10
12.090000005
 20
8.75
 10
12.090000004509914
 20
8.749999999975923
 10
12.09000000402455
 20
8.749999999903926
 10
12.090000003548576
 20
8.749999999784702
 10
12.090000003086583
 20
8.749999999619398
 10
12.090000002643016
 20
8.749999999409606
 10
12.09000000222215
 20
8.749999999157348
 10
12.090000001828034
 20
8.749999998865052
 10
12.090000001464466
 20
8.749999998535534
 10
12.090000001134948
 20
8.749999998171965
 10
12.090000000842652
 20
8.74999999777785
 10
12.090000000590393
 20
8.749999997356984
 10
12.090000000380602
 20
8.749999996913417
 10
12.090000000215298
 20
8.749999996451423
 10
12.090000000096074
 20
8.74999999597545
 10
12.090000000024077
 20
8.749999995490086
 10
12.09
 20
8.749999995
 10
12.09
 20
2.965000005
 10
12.090000000024077
 20
2.965000004509914
 10
12.090000000096074
 20
2.965000004024548
 10
12.090000000215298
 20
2.9650000035485764
 10
12.090000000380602
 20
2.965000003086583
 10
12.090000000590393
 20
2.9650000026430163
 10
12.090000000842652
 20
2.9650000022221485
 10
12.090000001134948
 20
2.9650000018280336
 10
12.090000001464466
 20
2.9650000014644657
 10
12.090000001828034
 20
2.9650000011349475
 10
12.09000000222215
 20
2.9650000008426516
 10
12.090000002643016
 20
2.9650000005903934
 10
12.090000003086583
 20
2.965000000380602
 10
12.090000003548576
 20
2.9650000002152983
 10
12.09000000402455
 20
2.9650000000960732
 10
12.090000004509914
 20
2.965000000024076
 10
12.090000005
 20
2.965
 10
13.599999999877257
 20
2.965
 10
13.599999999994251
 20
2.9649999999942525
 10
13.6
 20
2.9649999998772696
 10
13.6
 20
2.7700000001227303
 10
13.599999999994251
 20
2.7700000000057474
 10
13.599999999877257
 20
2.77
 10
12.220000000122743
 20
2.77
 10
12.220000000005749
 20
2.7700000000057474
 10
12.22
 20
2.7700000001227303
 10
12.22
 20
2.784999995
 10
12.219999999975924
 20
2.784999995490086
 10
12.219999999903926
 20
2.784999995975452
 10
12.219999999784703
 20
2.7849999964514236
 10
12.219999999619398
 20
2.784999996913417
 10
12.219999999409607
 20
2.7849999973569837
 10
12.219999999157348
 20
2.7849999977778515
 10
12.219999998865053
 20
2.7849999981719664
 10
12.219999998535535
 20
2.7849999985355343
 10
12.219999998171966
 20
2.7849999988650525
 10
12.219999997777851
 20
2.7849999991573484
 10
12.219999997356984
 20
2.7849999994096066
 10
12.219999996913417
 20
2.784999999619398
 10
12.219999996451424
 20
2.7849999997847017
 10
12.219999995975451
 20
2.7849999999039268
 10
12.219999995490086
 20
2.784999999975924
 10
12.219999995
 20
2.785
 10
12.105000005
 20
2.785
 10
12.105000004509915
 20
2.784999999975924
 10
12.10500000402455
 20
2.7849999999039268
 10
12.105000003548577
 20
2.7849999997847017
 10
12.105000003086584
 20
2.784999999619398
 10
12.105000002643017
 20
2.7849999994096066
 10
12.10500000222215
 20
2.7849999991573484
 10
12.105000001828035
 20
2.7849999988650525
 10
12.105000001464466
 20
2.7849999985355343
 10
12.105000001134949
 20
2.7849999981719664
 10
12.105000000842653
 20
2.7849999977778515
 10
12.105000000590394
 20
2.7849999973569837
 10
12.105000000380603
 20
2.784999996913417
 10
12.105000000215298
 20
2.7849999964514236
 10
12.105000000096075
 20
2.784999995975452
 10
12.105000000024077
 20
2.784999995490086
 10
12.105
 20
2.784999995
 10
12.105
 20
1.2500000001227303
 10
12.104999999994252
 20
1.2500000000057474
 10
12.104999999877258
 20
1.25
 10
11.895000000122742
 20
1.25
 10
11.895000000005748
 20
1.2500000000057474
 10
11.895
 20
1.2500000001227303
 10
11.895
 20
5.019999994999999
 10
11.894999999975923
 20
5.0199999954900845
 10
11.894999999903925
 20
5.019999995975451
 10
11.894999999784702
 20
5.019999996451422
 10
11.894999999619397
 20
5.019999996913416
 10
11.894999999409606
 20
5.019999997356983
 10
11.894999999157347
 20
5.01999999777785
 10
11.894999998865051
 20
5.019999998171966
 10
11.894999998535534
 20
5.019999998535533
 10
11.894999998171965
 20
5.019999998865051
 10
11.89499999777785
 20
5.019999999157347
 10
11.894999997356983
 20
5.019999999409605
 10
11.894999996913416
 20
5.0199999996193965
 10
11.894999996451423
 20
5.019999999784701
 10
11.89499999597545
 20
5.019999999903925
 10
11.894999995490085
 20
5.019999999975923
 10
11.894999995
 20
5.02
 10
10.40000000006268
 20
5.02
 10
10.400000000005564
 20
5.020000000005599
 10
10.40000000000004
 20
5.020000000061577
 10
10.4
 20
5.0200000000631375
 10
10.4
 20
5.034999999999747
  0
LWPOLYLINE
  5
3DA
330
17
100
AcDbEntity
  8
I-PODKLAD-SCIANY
370
25
 48
0.05
100
AcDbPolyline
 90
58
 70
1
 10
11.700000000005561
 20
-0.089999999994404
 10
11.70000000000004
 20
-0.08999999993845903
 10
11.7
 20
-0.08999999993682094
 10
11.7
 20
0.10499999993718795
 10
11.700000000000014
 20
0.10499999993778664
 10
11.700000000005597
 20
0.10499999999443382
 10
11.700000000062243
 20
0.1049999999999944
 10
11.894999995
 20
0.105
 10
11.894999995490085
 20
0.10500000002407636
 10
11.89499999597545
 20
0.10500000009607359
 10
11.894999996451423
 20
0.10500000021529832
 10
11.894999996913416
 20
0.10500000038060234
 10
11.894999997356983
 20
0.10500000059039367
 10
11.89499999777785
 20
0.10500000084265193
 10
11.894999998171965
 20
0.10500000113494773
 10
11.894999998535534
 20
0.10500000146446609
 10
11.894999998865051
 20
0.10500000182803357
 10
11.894999999157347
 20
0.10500000222214882
 10
11.894999999409606
 20
0.10500000264301632
 10
11.894999999619397
 20
0.10500000308658283
 10
11.894999999784702
 20
0.10500000354857661
 10
11.894999999903925
 20
0.10500000402454839
 10
11.894999999975923
 20
0.10500000450991429
 10
11.895
 20
0.105000005
 10
11.895
 20
0.3499999998772696
 10
11.895000000005748
 20
0.34999999999425235
 10
11.895000000122742
 20
0.35
 10
12.104999999877258
 20
0.35
 10
12.104999999994252
 20
0.34999999999425235
 10
12.105
 20
0.3499999998772696
 10
12.105
 20
0.105000005
 10
12.105000000024077
 20
0.10500000450991429
 10
12.105000000096075
 20
0.10500000402454839
 10
12.105000000215298
 20
0.10500000354857661
 10
12.105000000380603
 20
0.10500000308658283
 10
12.105000000590394
 20
0.10500000264301632
 10
12.105000000842653
 20
0.10500000222214882
 10
12.105000001134949
 20
0.10500000182803357
 10
12.105000001464466
 20
0.10500000146446609
 10
12.105000001828035
 20
0.10500000113494773
 10
12.10500000222215
 20
0.10500000084265193
 10
12.105000002643017
 20
0.10500000059039367
 10
12.105000003086584
 20
0.10500000038060234
 10
12.105000003548577
 20
0.10500000021529832
 10
12.10500000402455
 20
0.10500000009607359
 10
12.105000004509915
 20
0.10500000002407636
 10
12.105000005
 20
0.105
 10
12.349999999877257
 20
0.105
 10
12.349999999994251
 20
0.10499999999425234
 10
12.35
 20
0.10499999987726966
 10
12.35
 20
-0.08999999987726966
 10
12.349999999994251
 20
-0.08999999999425234
 10
12.349999999877257
 20
-0.09
 10
12.0
 20
-0.09
 10
12.0
 20
-0.09000000000297671
 10
11.999999999998773
 20
-0.09000000000296152
 10
11.999999999998773
 20
-0.09
 10
11.70000000006255
 20
-0.09
  0
LWPOLYLINE
  5
3DB
330
17
100
AcDbEntity
  8
I-PODKLAD-SCIANY
370
25
 48
0.05
100
AcDbPolyline
 90
20
 70
1
 10
11.15000000000556
 20
8.645000000005593
 10
11.15000000000004
 20
8.645000000061533
 10
11.15
 20
8.645000000063138
 10
11.15
 20
8.839999999937174
 10
11.150000000000018
 20
8.839999999937861
 10
11.150000000005594
 20
8.83999999999444
 10
11.150000000061533
 20
8.83999999999996
 10
11.15000000006314
 20
8.84
 10
11.249999999937174
 20
8.84
 10
11.249999999937861
 20
8.839999999999982
 10
11.24999999999444
 20
8.839999999994406
 10
11.249999999999972
 20
8.839999999938351
 10
11.25
 20
8.839999999937174
 10
11.25
 20
8.645000000062826
 10
11.249999999999982
 20
8.645000000062138
 10
11.249999999994406
 20
8.64500000000556
 10
11.249999999938467
 20
8.645000000000039
 10
11.249999999936861
 20
8.645
 10
11.150000000062827
 20
8.645
 10
11.150000000062139
 20
8.645000000000017
  0
LWPOLYLINE
  5
3DC
330
17
100
AcDbEntity
  8
I-PODKLAD-SCIANY
370
25
 48
0.05
100
AcDbPolyline
 90
148
 70
1
 10
5.1
 20
8.83999999993732
 10
5.100000000005599
 20
8.839999999994436
 10
5.100000000061577
 20
8.83999999999996
 10
5.100000000063138
 20
8.84
 10
10.049999999937175
 20
8.84
 10
10.049999999937862
 20
8.839999999999982
 10
10.04999999999444
 20
8.839999999994406
 10
10.049999999999962
 20
8.839999999938467
 10
10.05
 20
8.839999999936861
 10
10.05
 20
8.645000000062826
 10
10.049999999999983
 20
8.645000000062138
 10
10.049999999994407
 20
8.64500000000556
 10
10.049999999938468
 20
8.645000000000039
 10
10.049999999936862
 20
8.645
 10
9.935000000062827
 20
8.645
 10
9.93500000006214
 20
8.645000000000017
 10
9.93500000000556
 20
8.645000000005593
 10
9.93500000000004
 20
8.645000000061533
 10
9.935
 20
8.645000000063138
 10
9.935
 20
8.659999995
 10
9.934999999975924
 20
8.659999995490086
 10
9.934999999903926
 20
8.65999999597545
 10
9.934999999784702
 20
8.659999996451424
 10
9.934999999619398
 20
8.659999996913417
 10
9.934999999409607
 20
8.659999997356984
 10
9.934999999157348
 20
8.65999999777785
 10
9.934999998865052
 20
8.659999998171966
 10
9.934999998535535
 20
8.659999998535534
 10
9.934999998171966
 20
8.659999998865052
 10
9.934999997777851
 20
8.659999999157348
 10
9.934999997356984
 20
8.659999999409607
 10
9.934999996913417
 20
8.659999999619398
 10
9.934999996451424
 20
8.659999999784702
 10
9.934999995975451
 20
8.659999999903926
 10
9.934999995490086
 20
8.659999999975923
 10
9.934999995
 20
8.66
 10
9.815000005
 20
8.66
 10
9.815000004509914
 20
8.659999999975923
 10
9.815000004024549
 20
8.659999999903926
 10
9.815000003548576
 20
8.659999999784702
 10
9.815000003086583
 20
8.659999999619398
 10
9.815000002643016
 20
8.659999999409607
 10
9.815000002222149
 20
8.659999999157348
 10
9.815000001828034
 20
8.659999998865052
 10
9.815000001464465
 20
8.659999998535534
 10
9.815000001134948
 20
8.659999998171966
 10
9.815000000842652
 20
8.65999999777785
 10
9.815000000590393
 20
8.659999997356984
 10
9.815000000380602
 20
8.659999996913417
 10
9.815000000215298
 20
8.659999996451424
 10
9.815000000096074
 20
8.65999999597545
 10
9.815000000024076
 20
8.659999995490086
 10
9.815
 20
8.659999995
 10
9.815
 20
8.645000000062826
 10
9.814999999999982
 20
8.645000000062138
 10
9.814999999994406
 20
8.64500000000556
 10
9.814999999938467
 20
8.645000000000039
 10
9.81499999993686
 20
8.645
 10
8.590000000062826
 20
8.645
 10
8.590000000062139
 20
8.645000000000017
 10
8.59000000000556
 20
8.645000000005593
 10
8.590000000000039
 20
8.645000000061533
 10
8.59
 20
8.645000000063138
 10
8.59
 20
8.659999995
 10
8.589999999975923
 20
8.659999995490086
 10
8.589999999903926
 20
8.65999999597545
 10
8.589999999784702
 20
8.659999996451424
 10
8.589999999619398
 20
8.659999996913417
 10
8.589999999409606
 20
8.659999997356984
 10
8.589999999157348
 20
8.65999999777785
 10
8.589999998865052
 20
8.659999998171966
 10
8.589999998535534
 20
8.659999998535534
 10
8.589999998171965
 20
8.659999998865052
 10
8.58999999777785
 20
8.659999999157348
 10
8.589999997356983
 20
8.659999999409607
 10
8.589999996913416
 20
8.659999999619398
 10
8.589999996451423
 20
8.659999999784702
 10
8.58999999597545
 20
8.659999999903926
 10
8.589999995490086
 20
8.659999999975923
 10
8.589999995
 20
8.66
 10
8.410000005
 20
8.66
 10
8.410000004509914
 20
8.659999999975923
 10
8.41000000402455
 20
8.659999999903926
 10
8.410000003548577
 20
8.659999999784702
 10
8.410000003086584
 20
8.659999999619398
 10
8.410000002643017
 20
8.659999999409607
 10
8.41000000222215
 20
8.659999999157348
 10
8.410000001828035
 20
8.659999998865052
 10
8.410000001464466
 20
8.659999998535534
 10
8.410000001134948
 20
8.659999998171966
 10
8.410000000842652
 20
8.65999999777785
 10
8.410000000590394
 20
8.659999997356984
 10
8.410000000380602
 20
8.659999996913417
 10
8.410000000215298
 20
8.659999996451424
 10
8.410000000096074
 20
8.65999999597545
 10
8.410000000024077
 20
8.659999995490086
 10
8.41
 20
8.659999995
 10
8.41
 20
8.645000000062826
 10
8.409999999999982
 20
8.645000000062138
 10
8.409999999994406
 20
8.64500000000556
 10
8.409999999938467
 20
8.645000000000039
 10
8.409999999936861
 20
8.645
 10
5.965000000062825
 20
8.645
 10
5.965000000062184
 20
8.645000000000016
 10
5.965000000005566
 20
8.645000000005597
 10
5.965000000000004
 20
8.645000000062268
 10
5.965
 20
8.659999995
 10
5.964999999975923
 20
8.659999995490086
 10
5.964999999903926
 20
8.65999999597545
 10
5.964999999784701
 20
8.659999996451424
 10
5.964999999619397
 20
8.659999996913417
 10
5.9649999994096055
 20
8.659999997356984
 10
5.964999999157348
 20
8.65999999777785
 10
5.964999998865052
 20
8.659999998171966
 10
5.964999998535533
 20
8.659999998535534
 10
5.964999998171966
 20
8.659999998865052
 10
5.96499999777785
 20
8.659999999157348
 10
5.964999997356983
 20
8.659999999409607
 10
5.964999996913416
 20
8.659999999619398
 10
5.964999996451422
 20
8.659999999784702
 10
5.964999995975451
 20
8.659999999903926
 10
5.964999995490085
 20
8.659999999975923
 10
5.9649999949999994
 20
8.66
 10
5.7850000050000006
 20
8.66
 10
5.785000004509915
 20
8.659999999975923
 10
5.785000004024549
 20
8.659999999903926
 10
5.785000003548578
 20
8.659999999784702
 10
5.785000003086584
 20
8.659999999619398
 10
5.785000002643017
 20
8.659999999409607
 10
5.78500000222215
 20
8.659999999157348
 10
5.785000001828034
 20
8.659999998865052
 10
5.785000001464467
 20
8.659999998535534
 10
5.785000001134948
 20
8.659999998171966
 10
5.785000000842652
 20
8.65999999777785
 10
5.7850000005903945
 20
8.659999997356984
 10
5.785000000380603
 20
8.659999996913417
 10
5.785000000215299
 20
8.659999996451424
 10
5.785000000096074
 20
8.65999999597545
 10
5.785000000024077
 20
8.659999995490086
 10
5.785
 20
8.659999995
 10
5.785
 20
8.64500000006268
 10
5.784999999994401
 20
8.645000000005563
 10
5.784999999938423
 20
8.645000000000039
 10
5.784999999936862
 20
8.645
 10
5.100000000062825
 20
8.645
 10
5.100000000062184
 20
8.645000000000016
 10
5.100000000005566
 20
8.645000000005597
 10
5.100000000000004
 20
8.645000000062268
  0
LWPOLYLINE
  5
3DD
330
17
100
AcDbEntity
  8
I-PODKLAD-SCIANY
370
25
 48
0.05
100
AcDbPolyline
 90
65
 70
1
 10
8.199999999999989
 20
5.035000000000253
 10
8.200000000000001
 20
5.229999999945289
 10
8.200000000001353
 20
5.229999999967059
 10
8.20000000000544
 20
5.229999999994591
 10
8.200000000031096
 20
5.229999999998397
 10
8.200000000057189
 20
5.23
 10
8.409999999942702
 20
5.23
 10
8.40999999996862
 20
5.229999999998412
 10
8.40999999999459
 20
5.229999999994563
 10
8.409999999998634
 20
5.2299999999673235
 10
8.41
 20
5.229999999945387
 10
8.41
 20
5.215000005000595
 10
8.410000000024077
 20
5.21500000451051
 10
8.410000000096074
 20
5.215000004025144
 10
8.410000000215298
 20
5.215000003549172
 10
8.410000000380602
 20
5.215000003087178
 10
8.410000000590394
 20
5.215000002643611
 10
8.410000000842652
 20
5.2150000022227445
 10
8.410000001134948
 20
5.215000001828629
 10
8.410000001464466
 20
5.215000001465062
 10
8.410000001828035
 20
5.215000001135543
 10
8.41000000222215
 20
5.215000000843247
 10
8.410000002643017
 20
5.215000000590989
 10
8.410000003086584
 20
5.215000000381198
 10
8.410000003548577
 20
5.215000000215894
 10
8.41000000402455
 20
5.215000000096669
 10
8.410000004509914
 20
5.215000000024672
 10
8.410000005
 20
5.215000000000595
 10
8.499999999998172
 20
5.215
 10
8.589999994999399
 20
5.215
 10
8.589999995489485
 20
5.215000000024077
 10
8.58999999597485
 20
5.215000000096074
 10
8.589999996450823
 20
5.215000000215299
 10
8.589999996912816
 20
5.215000000380603
 10
8.589999997356383
 20
5.215000000590394
 10
8.58999999777725
 20
5.215000000842652
 10
8.589999998171365
 20
5.215000001134948
 10
8.589999998534934
 20
5.215000001464467
 10
8.589999998864451
 20
5.215000001828034
 10
8.589999999156747
 20
5.215000002222149
 10
8.589999999409006
 20
5.215000002643016
 10
8.589999999618797
 20
5.215000003086583
 10
8.589999999784101
 20
5.215000003548577
 10
8.589999999903325
 20
5.2150000040245486
 10
8.589999999975323
 20
5.215000004509915
 10
8.5899999999994
 20
5.215000005
 10
8.59
 20
5.229999999945289
 10
8.590000000001352
 20
5.229999999967059
 10
8.590000000005439
 20
5.229999999994591
 10
8.590000000031095
 20
5.229999999998397
 10
8.590000000057188
 20
5.23
 10
8.899999999942702
 20
5.23
 10
8.899999999968621
 20
5.229999999998412
 10
8.89999999999459
 20
5.229999999994563
 10
8.899999999998634
 20
5.2299999999673235
 10
8.9
 20
5.229999999945387
 10
8.9
 20
5.020000000062825
 10
8.899999999999984
 20
5.020000000062184
 10
8.899999999994403
 20
5.020000000005566
 10
8.899999999937732
 20
5.020000000000004
 10
8.200000000062682
 20
5.02
 10
8.200000000005565
 20
5.020000000005599
 10
8.20000000000004
 20
5.020000000061577
 10
8.200000000000001
 20
5.0200000000631375
 10
8.200000000000001
 20
5.034999999999747
  0
LWPOLYLINE
  5
3DE
330
17
100
AcDbEntity
  8
I-PODKLAD-SCIANY
370
25
 48
0.05
100
AcDbPolyline
 90
16
 70
1
 10
8.720000000005562
 20
0.060000000005596126
 10
8.720000000000041
 20
0.060000000061543046
 10
8.72
 20
0.06000000006317799
 10
8.72
 20
0.10499999993718795
 10
8.720000000000015
 20
0.10499999993778664
 10
8.720000000005598
 20
0.10499999999443382
 10
8.720000000062244
 20
0.1049999999999944
 10
8.839999999937449
 20
0.105
 10
8.839999999994438
 20
0.104999999994404
 10
8.839999999999959
 20
0.10499999993845903
 10
8.84
 20
0.10499999993682094
 10
8.84
 20
0.06000000006280344
 10
8.839999999999986
 20
0.060000000062198244
 10
8.839999999994403
 20
0.06000000000556555
 10
8.83999999993782
 20
0.06000000000000861
 10
8.72000000006256
 20
0.06
  0
LWPOLYLINE
  5
3DF
330
17
100
AcDbEntity
  8
I-PODKLAD-SCIANY
370
25
 48
0.05
100
AcDbPolyline
 90
16
 70
1
 10
8.720000000005562
 20
-0.089999999994404
 10
8.720000000000041
 20
-0.08999999993845903
 10
8.72
 20
-0.08999999993682094
 10
8.72
 20
-0.06000000006280344
 10
8.720000000000015
 20
-0.060000000062198244
 10
8.720000000005598
 20
-0.06000000000556555
 10
8.72000000006218
 20
-0.06000000000000861
 10
8.83999999993744
 20
-0.06
 10
8.839999999994438
 20
-0.060000000005596126
 10
8.839999999999959
 20
-0.060000000061543046
 10
8.84
 20
-0.06000000006317799
 10
8.84
 20
-0.08999999993718795
 10
8.839999999999986
 20
-0.08999999993778664
 10
8.839999999994403
 20
-0.08999999999443382
 10
8.839999999937756
 20
-0.0899999999999944
 10
8.720000000062551
 20
-0.09
  0
LWPOLYLINE
  5
3E0
330
17
100
AcDbEntity
  8
I-PODKLAD-SCIANY
370
25
 48
0.05
100
AcDbPolyline
 90
51
 70
1
 10
7.085000000011951
 20
5.0200000000049725
 10
7.085000000043414
 20
5.020000000043342
 10
7.085000000044822
 20
5.0200000000448215
 10
7.099999999955692
 20
5.0349999999556925
 10
7.100000000002488
 20
5.034999999994124
 10
7.100000000062133
 20
5.034999999999989
 10
7.114999994954901
 20
5.035
 10
7.114999995444986
 20
5.035000000024077
 10
7.1149999959303525
 20
5.035000000096074
 10
7.114999996406324
 20
5.035000000215299
 10
7.114999996868318
 20
5.035000000380603
 10
7.114999997311885
 20
5.0350000005903945
 10
7.114999997732752
 20
5.035000000842652
 10
7.1149999981268675
 20
5.035000001134948
 10
7.114999998490434
 20
5.035000001464467
 10
7.114999998819953
 20
5.035000001828034
 10
7.114999999112249
 20
5.03500000222215
 10
7.114999999364507
 20
5.035000002643017
 10
7.114999999574298
 20
5.035000003086584
 10
7.114999999739602
 20
5.035000003548578
 10
7.114999999858827
 20
5.035000004024549
 10
7.114999999930824
 20
5.035000004509915
 10
7.114999999954901
 20
5.0350000050000006
 10
7.115
 20
5.2149999999438545
 10
7.115000000001456
 20
5.214999999967602
 10
7.115000000005447
 20
5.214999999994582
 10
7.115000000032095
 20
5.214999999998526
 10
7.115000000056065
 20
5.215
 10
7.279999997907
 20
5.215
 10
7.279999998397085
 20
5.215000000024077
 10
7.2799999988824515
 20
5.215000000096074
 10
7.279999999358423
 20
5.215000000215299
 10
7.279999999820417
 20
5.215000000380603
 10
7.280000000263984
 20
5.215000000590394
 10
7.280000000684851
 20
5.215000000842652
 10
7.2800000010789665
 20
5.215000001134948
 10
7.2800000014425335
 20
5.215000001464467
 10
7.294999999960302
 20
5.229999999960302
 10
7.294999999978252
 20
5.229999999976173
 10
7.295000000002479
 20
5.2299999999941456
 10
7.2950000000326085
 20
5.229999999998605
 10
7.295000000055244
 20
5.23
 10
7.399999999943855
 20
5.23
 10
7.399999999967602
 20
5.229999999998545
 10
7.3999999999945825
 20
5.229999999994553
 10
7.399999999998527
 20
5.229999999967905
 10
7.4
 20
5.229999999943936
 10
7.4
 20
5.020000000062703
 10
7.399999999994399
 20
5.0200000000055685
 10
7.3999999999377
 20
5.020000000000003
 10
7.085000000062682
 20
5.02
  0
LWPOLYLINE
  5
3E1
330
17
100
AcDbEntity
  8
I-PODKLAD-SCIANY
370
25
 48
0.05
100
AcDbPolyline
 90
12
 70
1
 10
6.380000000000001
 20
0.10499999993726962
 10
6.380000000005603
 20
0.10499999999442938
 10
6.3800000000623545
 20
0.10499999999999864
 10
6.499999999937424
 20
0.105
 10
6.499999999994433
 20
0.10499999999440023
 10
6.499999999999997
 20
0.1049999999376976
 10
6.5
 20
0.060000000062727314
 10
6.499999999994397
 20
0.06000000000557027
 10
6.499999999937678
 20
0.060000000000002864
 10
6.3800000000625845
 20
0.06
 10
6.380000000005567
 20
0.06000000000559987
 10
6.3800000000000034
 20
0.06000000006229125
  0
LWPOLYLINE
  5
3E2
330
17
100
AcDbEntity
  8
I-PODKLAD-SCIANY
370
25
 48
0.05
100
AcDbPolyline
 90
12
 70
1
 10
6.380000000000001
 20
-0.060000000062727314
 10
6.380000000005603
 20
-0.06000000000557027
 10
6.3800000000623225
 20
-0.060000000000002864
 10
6.499999999937416
 20
-0.06
 10
6.499999999994434
 20
-0.06000000000559987
 10
6.499999999999997
 20
-0.06000000006229125
 10
6.5
 20
-0.08999999993726962
 10
6.499999999994397
 20
-0.08999999999442938
 10
6.499999999937646
 20
-0.08999999999999864
 10
6.3800000000625765
 20
-0.09
 10
6.380000000005568
 20
-0.08999999999440023
 10
6.3800000000000034
 20
-0.0899999999376976
  0
LWPOLYLINE
  5
3E3
330
17
100
AcDbEntity
  8
I-PODKLAD-SCIANY
370
25
 48
0.05
100
AcDbPolyline
 90
86
 70
1
 10
5.099999999999986
 20
5.03500000000029
 10
5.1000000000000005
 20
5.229999999943855
 10
5.100000000001456
 20
5.229999999967602
 10
5.100000000005448
 20
5.2299999999945825
 10
5.100000000032096
 20
5.229999999998527
 10
5.100000000056065
 20
5.23
 10
5.294999999943855
 20
5.23
 10
5.294999999967602
 20
5.229999999998545
 10
5.294999999994582
 20
5.229999999994553
 10
5.294999999998526
 20
5.229999999967905
 10
5.295
 20
5.229999999943936
 10
5.295
 20
5.215000005000596
 10
5.295000000024077
 20
5.215000004510511
 10
5.295000000096074
 20
5.2150000040251445
 10
5.295000000215299
 20
5.215000003549173
 10
5.295000000380603
 20
5.215000003087179
 10
5.295000000590394
 20
5.215000002643612
 10
5.295000000842652
 20
5.215000002222745
 10
5.295000001134948
 20
5.2150000018286296
 10
5.295000001464467
 20
5.215000001465063
 10
5.295000001828034
 20
5.215000001135544
 10
5.2950000022221495
 20
5.215000000843248
 10
5.295000002643016
 20
5.21500000059099
 10
5.295000003086583
 20
5.215000000381199
 10
5.295000003548577
 20
5.215000000215895
 10
5.295000004024549
 20
5.21500000009667
 10
5.295000004509915
 20
5.215000000024673
 10
5.295000005
 20
5.215000000000596
 10
5.344999994999403
 20
5.215
 10
5.344999995489489
 20
5.215000000024077
 10
5.344999995974855
 20
5.215000000096074
 10
5.344999996450826
 20
5.215000000215299
 10
5.34499999691282
 20
5.215000000380603
 10
5.344999997356387
 20
5.215000000590394
 10
5.344999997777254
 20
5.215000000842652
 10
5.34499999817137
 20
5.215000001134948
 10
5.344999998534937
 20
5.215000001464467
 10
5.344999998864456
 20
5.215000001828034
 10
5.344999999156752
 20
5.215000002222149
 10
5.344999999409009
 20
5.215000002643016
 10
5.344999999618801
 20
5.215000003086583
 10
5.344999999784105
 20
5.215000003548577
 10
5.3449999999033295
 20
5.2150000040245486
 10
5.344999999975327
 20
5.215000004509915
 10
5.344999999999404
 20
5.215000005
 10
5.345
 20
5.229999999943855
 10
5.3450000000014555
 20
5.229999999967602
 10
5.345000000005447
 20
5.2299999999945825
 10
5.345000000032095
 20
5.229999999998527
 10
5.345000000056064
 20
5.23
 10
5.769999999944672
 20
5.23
 10
5.769999999967084
 20
5.229999999998622
 10
5.769999999997617
 20
5.2299999999941065
 10
5.770000000021517
 20
5.229999999976379
 10
5.77000000003963
 20
5.22999999996037
 10
5.784999998520027
 20
5.215000001479973
 10
5.784999998883594
 20
5.215000001150455
 10
5.7849999992777095
 20
5.215000000858159
 10
5.784999999698576
 20
5.215000000605901
 10
5.785000000142143
 20
5.21500000039611
 10
5.785000000604137
 20
5.2150000002308055
 10
5.785000001080109
 20
5.215000000111581
 10
5.785000001565475
 20
5.215000000039583
 10
5.78500000205556
 20
5.215000000015507
 10
5.9649999999438545
 20
5.215
 10
5.964999999967602
 20
5.214999999998544
 10
5.964999999994582
 20
5.214999999994553
 10
5.964999999998526
 20
5.214999999967905
 10
5.965
 20
5.214999999943935
 10
5.965
 20
5.0350000020917784
 10
5.965000000024077
 20
5.035000001601693
 10
5.965000000096074
 20
5.035000001116327
 10
5.965000000215299
 20
5.0350000006403555
 10
5.965000000380603
 20
5.0350000001783615
 10
5.965000000590394
 20
5.0349999997347945
 10
5.965000000842652
 20
5.034999999313928
 10
5.965000001134948
 20
5.034999998919812
 10
5.965000001464467
 20
5.034999998556245
 10
5.979999999955379
 20
5.020000000044621
 10
5.979999999956213
 20
5.020000000043744
 10
5.979999999988037
 20
5.020000000004943
 10
5.979999999937693
 20
5.020000000000002
 10
5.100000000062704
 20
5.02
 10
5.100000000005569
 20
5.020000000005601
 10
5.100000000000004
 20
5.0200000000623
 10
5.1000000000000005
 20
5.034999999999711
  0
LWPOLYLINE
  5
3E4
330
17
100
AcDbEntity
  8
I-PODKLAD-SCIANY
370
25
 48
0.05
100
AcDbPolyline
 90
115
 70
1
 10
-0.08999999999442938
 20
7.600000000005602
 10
-0.08999999999999864
 20
7.600000000062353
 10
-0.09
 20
8.839999999937449
 10
-0.089999999994404
 20
8.839999999994438
 10
-0.08999999993845903
 20
8.839999999999959
 10
-0.08999999993682094
 20
8.84
 10
4.2999999999371745
 20
8.84
 10
4.299999999937816
 20
8.839999999999984
 10
4.299999999994434
 20
8.839999999994403
 10
4.299999999999995
 20
8.839999999937731
 10
4.3
 20
8.64500000006268
 10
4.299999999994401
 20
8.645000000005563
 10
4.299999999938422
 20
8.645000000000039
 10
4.299999999936862
 20
8.645
 10
3.980000005
 20
8.645
 10
3.980000004509914
 20
8.644999999975923
 10
3.9800000040245482
 20
8.644999999903925
 10
3.9800000035485765
 20
8.644999999784702
 10
3.980000003086583
 20
8.644999999619397
 10
3.9800000026430165
 20
8.644999999409606
 10
3.9800000022221487
 20
8.644999999157347
 10
3.9800000018280337
 20
8.644999998865051
 10
3.980000001464466
 20
8.644999998535534
 10
3.9800000011349477
 20
8.644999998171965
 10
3.9800000008426517
 20
8.64499999777785
 10
3.9800000005903935
 20
8.644999997356983
 10
3.980000000380602
 20
8.644999996913416
 10
3.9800000002152984
 20
8.644999996451423
 10
3.9800000000960734
 20
8.64499999597545
 10
3.9800000000240763
 20
8.644999995490085
 10
3.98
 20
8.644999995
 10
3.98
 20
6.462500000122742
 10
3.979999999994252
 20
6.462500000005748
 10
3.9799999998772697
 20
6.4625
 10
3.96500000501
 20
6.4625
 10
3.965000004519914
 20
6.462499999975924
 10
3.965000004034548
 20
6.462499999903926
 10
3.9650000035585764
 20
6.4624999997847015
 10
3.965000003096583
 20
6.462499999619397
 10
3.9650000026530163
 20
6.462499999409606
 10
3.9650000022321485
 20
6.462499999157348
 10
3.9650000018380336
 20
6.462499998865052
 10
3.9650000014744657
 20
6.462499998535534
 10
3.9650000011449476
 20
6.462499998171967
 10
3.9650000008526516
 20
6.462499997777851
 10
3.9650000006003934
 20
6.462499997356984
 10
3.965000000390602
 20
6.462499996913417
 10
3.9650000002252983
 20
6.462499996451423
 10
3.9650000001060732
 20
6.462499995975452
 10
3.965000000034076
 20
6.462499995490085
 10
3.96500000001
 20
6.462499995
 10
3.965
 20
6.387500005010001
 10
3.965000000024076
 20
6.387500004519915
 10
3.9650000000960732
 20
6.387500004034549
 10
3.9650000002152983
 20
6.387500003558578
 10
3.965000000380602
 20
6.387500003096584
 10
3.9650000005903934
 20
6.387500002653017
 10
3.9650000008426516
 20
6.38750000223215
 10
3.9650000011349475
 20
6.387500001838034
 10
3.9650000014644657
 20
6.387500001474467
 10
3.9650000018280336
 20
6.387500001144948
 10
3.9650000022221485
 20
6.387500000852652
 10
3.9650000026430163
 20
6.387500000600395
 10
3.965000003086583
 20
6.387500000390603
 10
3.9650000035485764
 20
6.387500000225299
 10
3.965000004024548
 20
6.387500000106074
 10
3.965000004509914
 20
6.387500000034077
 10
3.965000005
 20
6.38750000001
 10
3.9799999998772697
 20
6.3875
 10
3.979999999994252
 20
6.387499999994253
 10
3.98
 20
6.387499999877258
 10
3.98
 20
6.230000000122742
 10
3.979999999994252
 20
6.230000000005748
 10
3.9799999998772697
 20
6.23
 10
3.7700000001227303
 20
6.23
 10
3.770000000005748
 20
6.230000000005748
 10
3.77
 20
6.230000000122742
 10
3.77
 20
8.644999995
 10
3.7699999999759237
 20
8.644999995490085
 10
3.7699999999039266
 20
8.64499999597545
 10
3.7699999997847016
 20
8.644999996451423
 10
3.769999999619398
 20
8.644999996913416
 10
3.7699999994096065
 20
8.644999997356983
 10
3.7699999991573483
 20
8.64499999777785
 10
3.7699999988650523
 20
8.644999998171965
 10
3.769999998535534
 20
8.644999998535534
 10
3.7699999981719663
 20
8.644999998865051
 10
3.7699999977778513
 20
8.644999999157347
 10
3.7699999973569835
 20
8.644999999409606
 10
3.769999996913417
 20
8.644999999619397
 10
3.7699999964514235
 20
8.644999999784702
 10
3.7699999959754518
 20
8.644999999903925
 10
3.769999995490086
 20
8.644999999975923
 10
3.769999995
 20
8.645
 10
0.10500000500124565
 20
8.645
 10
0.10500000451115994
 20
8.644999999975923
 10
0.10500000402579404
 20
8.644999999903925
 10
0.10500000354982227
 20
8.644999999784702
 10
0.10500000308782849
 20
8.644999999619397
 10
0.10500000264426197
 20
8.644999999409606
 10
0.10500000222339448
 20
8.644999999157347
 10
0.10500000182927922
 20
8.644999998865051
 10
0.10500000146571174
 20
8.644999998535534
 10
0.10500000113619339
 20
8.644999998171965
 10
0.10500000084389759
 20
8.64499999777785
 10
0.10500000059163933
 20
8.644999997356983
 10
0.105000000381848
 20
8.644999996913416
 10
0.10500000021654397
 20
8.644999996451423
 10
0.10500000009731925
 20
8.64499999597545
 10
0.10500000002532202
 20
8.644999995490085
 10
0.10500000000124565
 20
8.644999995
 10
0.105
 20
7.600000000062575
 10
0.10499999999440023
 20
7.600000000005567
 10
0.1049999999376976
 20
7.600000000000002
 10
-0.08999999993726962
 20
7.6
  0
LWPOLYLINE
  5
3E5
330
17
100
AcDbEntity
  8
I-PODKLAD-SCIANY
370
25
 48
0.05
100
AcDbPolyline
 90
96
 70
1
 10
-0.08999999999443652
 20
3.600000000005597
 10
-0.08999999999997367
 20
3.6000000000618155
 10
-0.09
 20
3.600000000062883
 10
-0.09
 20
5.799999999937424
 10
-0.08999999999440023
 20
5.799999999994433
 10
-0.0899999999376976
 20
5.799999999999997
 10
0.10499999993726962
 20
5.8
 10
0.10499999999442938
 20
5.799999999994397
 10
0.10499999999999864
 20
5.799999999937646
 10
0.105
 20
5.230000005000001
 10
0.10500000002407636
 20
5.2300000045099155
 10
0.10500000009607359
 20
5.230000004024549
 10
0.10500000021529832
 20
5.230000003548578
 10
0.10500000038060234
 20
5.230000003086584
 10
0.10500000059039367
 20
5.230000002643017
 10
0.10500000084265193
 20
5.23000000222215
 10
0.10500000113494773
 20
5.230000001828034
 10
0.10500000146446609
 20
5.230000001464467
 10
0.10500000182803357
 20
5.230000001134949
 10
0.10500000222214882
 20
5.230000000842653
 10
0.10500000264301632
 20
5.230000000590395
 10
0.10500000308658283
 20
5.2300000003806035
 10
0.10500000354857661
 20
5.230000000215299
 10
0.10500000402454839
 20
5.230000000096075
 10
0.10500000450991429
 20
5.230000000024077
 10
0.105000005
 20
5.23
 10
3.769999995
 20
5.23
 10
3.769999995490086
 20
5.230000000024077
 10
3.7699999959754518
 20
5.230000000096075
 10
3.7699999964514235
 20
5.230000000215299
 10
3.769999996913417
 20
5.2300000003806035
 10
3.7699999973569835
 20
5.230000000590395
 10
3.7699999977778513
 20
5.230000000842653
 10
3.7699999981719663
 20
5.230000001134949
 10
3.769999998535534
 20
5.230000001464467
 10
3.7699999988650523
 20
5.230000001828034
 10
3.7699999991573483
 20
5.23000000222215
 10
3.7699999994096065
 20
5.230000002643017
 10
3.769999999619398
 20
5.230000003086584
 10
3.7699999997847016
 20
5.230000003548578
 10
3.7699999999039266
 20
5.230000004024549
 10
3.7699999999759237
 20
5.2300000045099155
 10
3.77
 20
5.230000005000001
 10
3.77
 20
5.329999999877258
 10
3.770000000005748
 20
5.329999999994253
 10
3.7700000001227303
 20
5.33
 10
3.9799999998772697
 20
5.33
 10
3.979999999994252
 20
5.329999999994253
 10
3.98
 20
5.329999999877258
 10
3.98
 20
5.230000005000001
 10
3.9800000000240763
 20
5.2300000045099155
 10
3.9800000000960734
 20
5.230000004024549
 10
3.9800000002152984
 20
5.230000003548578
 10
3.980000000380602
 20
5.230000003086584
 10
3.9800000005903935
 20
5.230000002643017
 10
3.9800000008426517
 20
5.23000000222215
 10
3.9800000011349477
 20
5.230000001828034
 10
3.980000001464466
 20
5.230000001464467
 10
3.9800000018280337
 20
5.230000001134949
 10
3.9800000022221487
 20
5.230000000842653
 10
3.9800000026430165
 20
5.230000000590395
 10
3.980000003086583
 20
5.2300000003806035
 10
3.9800000035485765
 20
5.230000000215299
 10
3.9800000040245482
 20
5.230000000096075
 10
3.980000004509914
 20
5.230000000024077
 10
3.980000005
 20
5.23
 10
4.199999999943855
 20
5.23
 10
4.199999999967602
 20
5.229999999998545
 10
4.199999999994582
 20
5.229999999994553
 10
4.199999999998527
 20
5.229999999967905
 10
4.2
 20
5.229999999943936
 10
4.2
 20
5.020000000062703
 10
4.199999999994398
 20
5.0200000000055685
 10
4.1999999999377
 20
5.020000000000003
 10
0.10500000500122296
 20
5.02
 10
0.10500000451113725
 20
5.019999999975923
 10
0.10500000402577135
 20
5.019999999903925
 10
0.10500000354979958
 20
5.019999999784701
 10
0.1050000030878058
 20
5.0199999996193965
 10
0.10500000264423928
 20
5.019999999409605
 10
0.10500000222337179
 20
5.019999999157347
 10
0.10500000182925653
 20
5.019999998865051
 10
0.10500000146568905
 20
5.019999998535533
 10
0.1050000011361707
 20
5.019999998171966
 10
0.1050000008438749
 20
5.01999999777785
 10
0.10500000059161664
 20
5.019999997356983
 10
0.1050000003818253
 20
5.019999996913416
 10
0.10500000021652128
 20
5.019999996451422
 10
0.10500000009729656
 20
5.019999995975451
 10
0.10500000002529933
 20
5.0199999954900845
 10
0.10500000000122296
 20
5.019999994999999
 10
0.105
 20
3.600000000062592
 10
0.10499999999440268
 20
3.6000000000055628
 10
0.10499999993821592
 20
3.600000000000027
 10
0.10499999993709984
 20
3.5999999999999996
 10
-0.0899999999373755
 20
3.5999999999999996
  0
LWPOLYLINE
  5
3E6
330
17
100
AcDbEntity
  8
I-PODKLAD-SCIANY
370
25
 48
0.05
100
AcDbPolyline
 90
12
 70
1
 10
4.04
 20
0.10499999993726962
 10
4.040000000005603
 20
0.10499999999442938
 10
4.040000000062354
 20
0.10499999999999864
 10
4.159999999937424
 20
0.105
 10
4.159999999994433
 20
0.10499999999440023
 10
4.1599999999999975
 20
0.1049999999376976
 10
4.16
 20
0.060000000062727314
 10
4.1599999999943975
 20
0.06000000000557027
 10
4.159999999937678
 20
0.060000000000002864
 10
4.040000000062584
 20
0.06
 10
4.040000000005566
 20
0.06000000000559987
 10
4.040000000000003
 20
0.06000000006229125
  0
LWPOLYLINE
  5
3E7
330
17
100
AcDbEntity
  8
I-PODKLAD-SCIANY
370
25
 48
0.05
100
AcDbPolyline
 90
12
 70
1
 10
4.04
 20
-0.060000000062727314
 10
4.040000000005603
 20
-0.06000000000557027
 10
4.040000000062322
 20
-0.060000000000002864
 10
4.159999999937416
 20
-0.06
 10
4.159999999994434
 20
-0.06000000000559987
 10
4.1599999999999975
 20
-0.06000000006229125
 10
4.16
 20
-0.08999999993726962
 10
4.1599999999943975
 20
-0.08999999999442938
 10
4.1599999999376465
 20
-0.08999999999999864
 10
4.040000000062576
 20
-0.09
 10
4.040000000005567
 20
-0.08999999999440023
 10
4.040000000000003
 20
-0.0899999999376976
  0
LWPOLYLINE
  5
3E8
330
17
100
AcDbEntity
  8
I-PODKLAD-SCIANY
370
25
 48
0.05
100
AcDbPolyline
 90
16
 70
1
 10
2.1400000000055632
 20
-0.08999999999440268
 10
2.1400000000000277
 20
-0.08999999993821592
 10
2.14
 20
-0.08999999993709984
 10
2.14
 20
-0.060000000062617784
 10
2.1400000000055974
 20
-0.06000000000556341
 10
2.1400000000618076
 20
-0.06000000000002673
 10
2.1400000000628916
 20
-0.06
 10
2.259999999937407
 20
-0.06
 10
2.259999999994437
 20
-0.06000000000559738
 10
2.2599999999999723
 20
-0.060000000061784915
 10
2.26
 20
-0.06000000006289906
 10
2.26
 20
-0.0899999999373755
 10
2.2599999999944025
 20
-0.08999999999443652
 10
2.259999999938184
 20
-0.08999999999997367
 10
2.2599999999371163
 20
-0.09
 10
2.1400000000625923
 20
-0.09
  0
LWPOLYLINE
  5
3E9
330
17
100
AcDbEntity
  8
I-PODKLAD-SCIANY
370
25
 48
0.05
100
AcDbPolyline
 90
16
 70
1
 10
2.140000000005563
 20
0.06000000000559738
 10
2.1400000000000277
 20
0.060000000061784915
 10
2.14
 20
0.06000000006289906
 10
2.14
 20
0.10499999993737548
 10
2.1400000000055974
 20
0.10499999999443652
 10
2.140000000061816
 20
0.10499999999997367
 10
2.1400000000628836
 20
0.105
 10
2.2599999999374076
 20
0.105
 10
2.2599999999944367
 20
0.10499999999440268
 10
2.2599999999999723
 20
0.10499999993821592
 10
2.26
 20
0.10499999993709984
 10
2.26
 20
0.060000000062617784
 10
2.2599999999944025
 20
0.06000000000556341
 10
2.2599999999381923
 20
0.06000000000002673
 10
2.2599999999371083
 20
0.06
 10
2.1400000000625927
 20
0.06
  0
LWPOLYLINE
  5
3EA
330
17
100
AcDbEntity
  8
I-PODKLAD-SCIANY
370
25
 48
0.05
100
AcDbPolyline
 90
41
 70
1
 10
-0.09000000000134312
 20
0.0900000000012274
 10
-0.09
 20
0.0900000000012274
 10
-0.09
 20
1.1999999999374034
 10
-0.08999999999440264
 20
1.199999999994436
 10
-0.08999999993821471
 20
1.1999999999999715
 10
-0.08999999993708632
 20
1.1999999999999993
 10
0.10499999993737436
 20
1.1999999999999993
 10
0.10499999999443659
 20
1.1999999999944015
 10
0.10499999999997348
 20
1.199999999938187
 10
0.105
 20
1.1999999999371116
 10
0.105
 20
0.1050000050012274
 10
0.10500000002407636
 20
0.10500000451114169
 10
0.10500000009607359
 20
0.10500000402577579
 10
0.10500000021529832
 20
0.10500000354980402
 10
0.10500000038060234
 20
0.10500000308781024
 10
0.10500000059039367
 20
0.10500000264424372
 10
0.10500000084265193
 20
0.10500000222337623
 10
0.10500000113494773
 20
0.10500000182926097
 10
0.10500000146446609
 20
0.1050000014656935
 10
0.10500000182803357
 20
0.10500000113617514
 10
0.10500000222214882
 20
0.10500000084387934
 10
0.10500000264301632
 20
0.10500000059162108
 10
0.10500000308658283
 20
0.10500000038182974
 10
0.10500000354857661
 20
0.10500000021652572
 10
0.10500000402454839
 20
0.105000000097301
 10
0.10500000450991429
 20
0.10500000002530377
 10
0.105000005
 20
0.1050000000012274
 10
0.359999999937422
 20
0.105
 10
0.35999999999443616
 20
0.10499999999440246
 10
0.35999999999997445
 20
0.10499999993816563
 10
0.36
 20
0.10499999993713098
 10
0.36
 20
-0.0899999999374229
 10
0.35999999999440246
 20
-0.08999999999443613
 10
0.3599999999381657
 20
-0.08999999999997446
 10
0.3599999999371304
 20
-0.09
 10
-0.0899999999374181
 20
-0.09
 10
-0.08999999999443617
 20
-0.08999999999440247
 10
-0.08999999999997427
 20
-0.08999999993816987
 10
-0.09
 20
-0.08999999993712655
 10
-0.09
 20
0.08999999999877259
 10
-0.09000000000134042
 20
0.08999999999877259
  0
LWPOLYLINE
  5
3EB
330
17
100
AcDbEntity
  8
I-PODKLAD-SCIANY
370
25
 48
0.05
100
AcDbPolyline
 90
149
 70
1
 10
8.395
 20
8.64499999994009
 10
8.395000000001929
 20
8.644999999971324
 10
8.395000000005412
 20
8.644999999994614
 10
8.395000000028583
 20
8.644999999998083
 10
8.395000000059575
 20
8.645
 10
8.4099999949994
 20
8.645
 10
8.409999995489486
 20
8.645000000024076
 10
8.40999999597485
 20
8.645000000096074
 10
8.409999996450823
 20
8.645000000215298
 10
8.409999996912816
 20
8.645000000380602
 10
8.409999997356383
 20
8.645000000590393
 10
8.40999999777725
 20
8.645000000842652
 10
8.409999998171365
 20
8.645000001134948
 10
8.409999998534934
 20
8.645000001464465
 10
8.409999998864452
 20
8.645000001828034
 10
8.409999999156748
 20
8.64500000222215
 10
8.409999999409006
 20
8.645000002643016
 10
8.409999999618798
 20
8.645000003086583
 10
8.409999999784102
 20
8.645000003548576
 10
8.409999999903325
 20
8.64500000402455
 10
8.409999999975323
 20
8.645000004509914
 10
8.4099999999994
 20
8.645000005
 10
8.41
 20
8.65999999994009
 10
8.41000000000193
 20
8.659999999971324
 10
8.410000000005413
 20
8.659999999994614
 10
8.4100000000284
 20
8.659999999998057
 10
8.410000000059776
 20
8.66
 10
8.58999999994009
 20
8.66
 10
8.589999999971324
 20
8.659999999998071
 10
8.589999999994614
 20
8.659999999994588
 10
8.589999999998057
 20
8.6599999999716
 10
8.59
 20
8.659999999940224
 10
8.59
 20
8.645000005
 10
8.590000000024077
 20
8.645000004509914
 10
8.590000000096074
 20
8.64500000402455
 10
8.590000000215298
 20
8.645000003548576
 10
8.590000000380602
 20
8.645000003086583
 10
8.590000000590393
 20
8.645000002643016
 10
8.590000000842652
 20
8.64500000222215
 10
8.590000001134948
 20
8.645000001828034
 10
8.590000001464466
 20
8.645000001464465
 10
8.590000001828034
 20
8.645000001134948
 10
8.59000000222215
 20
8.645000000842652
 10
8.590000002643016
 20
8.645000000590393
 10
8.590000003086583
 20
8.645000000380602
 10
8.590000003548576
 20
8.645000000215298
 10
8.59000000402455
 20
8.645000000096074
 10
8.590000004509914
 20
8.645000000024076
 10
8.590000005
 20
8.645
 10
8.604999999937174
 20
8.645
 10
8.604999999937862
 20
8.644999999999982
 10
8.60499999999444
 20
8.644999999994406
 10
8.604999999999961
 20
8.644999999938467
 10
8.605
 20
8.64499999993686
 10
8.605
 20
6.685000000062825
 10
8.604999999999984
 20
6.685000000062184
 10
8.604999999994403
 20
6.685000000005566
 10
8.604999999937732
 20
6.685000000000004
 10
8.590000005
 20
6.685
 10
8.590000004509914
 20
6.684999999975923
 10
8.59000000402455
 20
6.684999999903925
 10
8.590000003548576
 20
6.684999999784701
 10
8.590000003086583
 20
6.6849999996193965
 10
8.590000002643016
 20
6.684999999409605
 10
8.59000000222215
 20
6.684999999157347
 10
8.590000001828034
 20
6.6849999988650515
 10
8.590000001464466
 20
6.684999998535533
 10
8.590000001134948
 20
6.684999998171966
 10
8.590000000842652
 20
6.68499999777785
 10
8.590000000590393
 20
6.684999997356983
 10
8.590000000380602
 20
6.684999996913416
 10
8.590000000215298
 20
6.684999996451422
 10
8.590000000096074
 20
6.684999995975451
 10
8.590000000024077
 20
6.6849999954900845
 10
8.59
 20
6.684999994999999
 10
8.59
 20
6.565000005000001
 10
8.590000000024077
 20
6.5650000045099155
 10
8.590000000096074
 20
6.565000004024549
 10
8.590000000215298
 20
6.565000003548578
 10
8.590000000380602
 20
6.565000003086584
 10
8.590000000590393
 20
6.565000002643017
 10
8.590000000842652
 20
6.56500000222215
 10
8.590000001134948
 20
6.565000001828034
 10
8.590000001464466
 20
6.565000001464467
 10
8.590000001828034
 20
6.5650000011349485
 10
8.59000000222215
 20
6.565000000842653
 10
8.590000002643016
 20
6.565000000590395
 10
8.590000003086583
 20
6.5650000003806035
 10
8.590000003548576
 20
6.565000000215299
 10
8.59000000402455
 20
6.565000000096075
 10
8.590000004509914
 20
6.565000000024077
 10
8.590000005
 20
6.565
 10
8.60499999993732
 20
6.565
 10
8.604999999994437
 20
6.564999999994401
 10
8.604999999999961
 20
6.564999999938423
 10
8.605
 20
6.5649999999368625
 10
8.605
 20
5.230000000062826
 10
8.604999999999984
 20
5.2300000000621845
 10
8.604999999994403
 20
5.230000000005567
 10
8.604999999937732
 20
5.230000000000005
 10
8.590000005
 20
5.23
 10
8.590000004509914
 20
5.229999999975924
 10
8.59000000402455
 20
5.229999999903926
 10
8.590000003548576
 20
5.2299999997847015
 10
8.590000003086583
 20
5.229999999619397
 10
8.590000002643016
 20
5.229999999409606
 10
8.59000000222215
 20
5.229999999157348
 10
8.590000001828034
 20
5.229999998865052
 10
8.590000001464466
 20
5.229999998535534
 10
8.590000001134948
 20
5.229999998171967
 10
8.590000000842652
 20
5.229999997777851
 10
8.590000000590393
 20
5.229999997356984
 10
8.590000000380602
 20
5.229999996913417
 10
8.590000000215298
 20
5.229999996451423
 10
8.590000000096074
 20
5.229999995975452
 10
8.590000000024077
 20
5.229999995490085
 10
8.59
 20
5.229999995
 10
8.59
 20
5.215000000054712
 10
8.589999999998648
 20
5.2150000000329415
 10
8.58999999999456
 20
5.215000000005409
 10
8.589999999968905
 20
5.215000000001603
 10
8.589999999942812
 20
5.215
 10
8.410000000057298
 20
5.215
 10
8.41000000003138
 20
5.215000000001588
 10
8.410000000005411
 20
5.215000000005437
 10
8.410000000001366
 20
5.215000000032677
 10
8.41
 20
5.215000000054613
 10
8.41
 20
5.229999994999405
 10
8.409999999975923
 20
5.22999999548949
 10
8.409999999903926
 20
5.229999995974857
 10
8.409999999784702
 20
5.229999996450828
 10
8.409999999619398
 20
5.229999996912822
 10
8.409999999409607
 20
5.229999997356389
 10
8.409999999157348
 20
5.229999997777256
 10
8.409999998865052
 20
5.229999998171372
 10
8.409999998535534
 20
5.229999998534939
 10
8.409999998171966
 20
5.229999998864457
 10
8.40999999777785
 20
5.229999999156753
 10
8.409999997356984
 20
5.229999999409011
 10
8.409999996913417
 20
5.229999999618802
 10
8.409999996451424
 20
5.2299999997841065
 10
8.40999999597545
 20
5.229999999903331
 10
8.409999995490086
 20
5.229999999975329
 10
8.409999995
 20
5.229999999999405
 10
8.395000000057298
 20
5.23
 10
8.395000000031379
 20
5.2300000000015885
 10
8.39500000000541
 20
5.230000000005438
 10
8.395000000001366
 20
5.230000000032677
 10
8.395
 20
5.230000000054614
  0
LWPOLYLINE
  5
3EC
330
17
100
AcDbEntity
  8
I-PODKLAD-SCIANY
370
25
 48
0.05
100
AcDbPolyline
 90
12
 70
1
 10
7.115000000005748
 20
5.215000000005747
 10
7.115
 20
5.21500000012273
 10
7.115
 20
7.4699999998772695
 10
7.115000000005748
 20
7.469999999994252
 10
7.1150000001227305
 20
7.47
 10
7.264999999877269
 20
7.47
 10
7.264999999994252
 20
7.469999999994252
 10
7.265
 20
7.4699999998772695
 10
7.265
 20
5.21500000012273
 10
7.264999999994252
 20
5.215000000005747
 10
7.264999999877269
 20
5.215
 10
7.1150000001227305
 20
5.215
  0
LWPOLYLINE
  5
3ED
330
17
100
AcDbEntity
  8
I-PODKLAD-SCIANY
370
25
 48
0.05
100
AcDbPolyline
 90
131
 70
1
 10
5.770000000005447
 20
6.387499999994583
 10
5.770000000032266
 20
6.3874999999985524
 10
5.770000000055855
 20
6.3875
 10
5.784999994999404
 20
6.3875
 10
5.784999995489489
 20
6.387500000024077
 10
5.7849999959748555
 20
6.387500000096074
 10
5.784999996450827
 20
6.387500000215299
 10
5.784999996912821
 20
6.387500000380603
 10
5.784999997356388
 20
6.387500000590395
 10
5.784999997777255
 20
6.387500000842652
 10
5.7849999981713704
 20
6.387500001134948
 10
5.784999998534937
 20
6.387500001464467
 10
5.784999998864456
 20
6.387500001828034
 10
5.784999999156752
 20
6.38750000222215
 10
5.78499999940901
 20
6.387500002643017
 10
5.784999999618801
 20
6.387500003086584
 10
5.784999999784105
 20
6.387500003548578
 10
5.78499999990333
 20
6.387500004024549
 10
5.784999999975327
 20
6.387500004509915
 10
5.784999999999404
 20
6.387500005000001
 10
5.785
 20
6.462499994999404
 10
5.784999999975923
 20
6.462499995489489
 10
5.784999999903926
 20
6.462499995974856
 10
5.784999999784701
 20
6.462499996450827
 10
5.784999999619397
 20
6.462499996912821
 10
5.784999999409606
 20
6.462499997356388
 10
5.784999999157348
 20
6.462499997777255
 10
5.784999998865052
 20
6.462499998171371
 10
5.784999998535533
 20
6.462499998534938
 10
5.784999998171966
 20
6.462499998864456
 10
5.784999997777851
 20
6.462499999156752
 10
5.784999997356984
 20
6.46249999940901
 10
5.784999996913417
 20
6.462499999618801
 10
5.784999996451423
 20
6.4624999997841055
 10
5.7849999959754514
 20
6.46249999990333
 10
5.784999995490085
 20
6.462499999975328
 10
5.784999995
 20
6.462499999999404
 10
5.770000000056145
 20
6.4625
 10
5.770000000032398
 20
6.462500000001456
 10
5.7700000000054175
 20
6.4625000000054476
 10
5.770000000001473
 20
6.462500000032096
 10
5.77
 20
6.462500000056065
 10
5.77
 20
8.644999999942701
 10
5.770000000001588
 20
8.64499999996862
 10
5.770000000005437
 20
8.644999999994589
 10
5.7700000000326765
 20
8.644999999998634
 10
5.770000000054613
 20
8.645
 10
5.784999994999405
 20
8.645
 10
5.78499999548949
 20
8.645000000024076
 10
5.784999995974856
 20
8.645000000096074
 10
5.784999996450828
 20
8.645000000215298
 10
5.784999996912822
 20
8.645000000380602
 10
5.784999997356389
 20
8.645000000590393
 10
5.7849999977772555
 20
8.645000000842652
 10
5.784999998171371
 20
8.645000001134948
 10
5.784999998534938
 20
8.645000001464465
 10
5.784999998864457
 20
8.645000001828034
 10
5.784999999156753
 20
8.64500000222215
 10
5.784999999409011
 20
8.645000002643016
 10
5.784999999618802
 20
8.645000003086583
 10
5.784999999784106
 20
8.645000003548576
 10
5.784999999903331
 20
8.64500000402455
 10
5.784999999975328
 20
8.645000004509914
 10
5.784999999999405
 20
8.645000005
 10
5.785
 20
8.659999999942702
 10
5.785000000001588
 20
8.65999999996862
 10
5.785000000005438
 20
8.65999999999459
 10
5.785000000032677
 20
8.659999999998634
 10
5.785000000054613
 20
8.66
 10
5.964999999945288
 20
8.66
 10
5.964999999967058
 20
8.659999999998648
 10
5.964999999994591
 20
8.659999999994561
 10
5.964999999998397
 20
8.659999999968905
 10
5.965
 20
8.659999999942812
 10
5.965
 20
8.645000005
 10
5.965000000024077
 20
8.645000004509914
 10
5.965000000096074
 20
8.64500000402455
 10
5.965000000215299
 20
8.645000003548576
 10
5.965000000380603
 20
8.645000003086583
 10
5.965000000590394
 20
8.645000002643016
 10
5.965000000842652
 20
8.64500000222215
 10
5.965000001134948
 20
8.645000001828034
 10
5.965000001464467
 20
8.645000001464465
 10
5.965000001828034
 20
8.645000001134948
 10
5.965000002222149
 20
8.645000000842652
 10
5.965000002643016
 20
8.645000000590393
 10
5.965000003086583
 20
8.645000000380602
 10
5.965000003548577
 20
8.645000000215298
 10
5.9650000040245486
 20
8.645000000096074
 10
5.965000004509915
 20
8.645000000024076
 10
5.965000005
 20
8.645
 10
5.979999999937175
 20
8.645
 10
5.979999999937816
 20
8.644999999999984
 10
5.979999999994434
 20
8.644999999994402
 10
5.979999999999996
 20
8.644999999937731
 10
5.98
 20
5.020000000062682
 10
5.9799999999950275
 20
5.020000000011951
 10
5.979999999956658
 20
5.020000000043414
 10
5.9799999999551785
 20
5.0200000000448215
 10
5.9650000000443075
 20
5.0349999999556925
 10
5.965000000005876
 20
5.035000000002489
 10
5.965000000000011
 20
5.0350000000621336
 10
5.965
 20
5.2149999949999994
 10
5.964999999975923
 20
5.214999995490085
 10
5.964999999903926
 20
5.214999995975451
 10
5.964999999784701
 20
5.214999996451422
 10
5.964999999619397
 20
5.214999996913416
 10
5.9649999994096055
 20
5.214999997356983
 10
5.964999999157348
 20
5.21499999777785
 10
5.964999998865052
 20
5.214999998171966
 10
5.964999998535533
 20
5.214999998535533
 10
5.964999998171966
 20
5.214999998865052
 10
5.96499999777785
 20
5.214999999157348
 10
5.964999997356983
 20
5.2149999994096055
 10
5.964999996913416
 20
5.214999999619397
 10
5.964999996451422
 20
5.214999999784701
 10
5.964999995975451
 20
5.214999999903926
 10
5.964999995490085
 20
5.214999999975923
 10
5.9649999949999994
 20
5.215
 10
5.785000000055327
 20
5.215
 10
5.785000000032916
 20
5.215000000001378
 10
5.785000000002383
 20
5.215000000005894
 10
5.784999999978483
 20
5.215000000023621
 10
5.78499999996037
 20
5.21500000003963
 10
5.770000000039698
 20
5.229999999960302
 10
5.770000000023827
 20
5.2299999999782525
 10
5.7700000000058544
 20
5.230000000002479
 10
5.770000000001395
 20
5.230000000032609
 10
5.77
 20
5.230000000055244
 10
5.77
 20
6.387499999943855
 10
5.770000000001455
 20
6.387499999967602
  0
LWPOLYLINE
  5
3EE
330
17
100
AcDbEntity
  8
I-PODKLAD-SCIANY
370
25
 48
0.05
100
AcDbPolyline
 90
52
 70
1
 10
14.800000000005749
 20
0.10500000000574765
 10
14.8
 20
0.10500000012273034
 10
14.8
 20
1.5999999998772698
 10
14.800000000005749
 20
1.5999999999942527
 10
14.800000000122743
 20
1.6
 10
14.949999999877257
 20
1.6
 10
14.949999999994251
 20
1.5999999999942527
 10
14.95
 20
1.5999999998772698
 10
14.95
 20
0.10500000012273034
 10
14.949999999994251
 20
0.10500000000574765
 10
14.949999999877257
 20
0.105
 10
14.935000005000001
 20
0.105
 10
14.935000004509915
 20
0.10499999997592363
 10
14.93500000402455
 20
0.1049999999039264
 10
14.935000003548577
 20
0.10499999978470168
 10
14.935000003086584
 20
0.10499999961939765
 10
14.935000002643017
 20
0.10499999940960632
 10
14.93500000222215
 20
0.10499999915734806
 10
14.935000001828035
 20
0.10499999886505226
 10
14.935000001464466
 20
0.1049999985355339
 10
14.935000001134949
 20
0.10499999817196642
 10
14.935000000842653
 20
0.10499999777785117
 10
14.935000000590394
 20
0.10499999735698368
 10
14.935000000380603
 20
0.10499999691341716
 10
14.935000000215298
 20
0.10499999645142338
 10
14.935000000096075
 20
0.10499999597545161
 10
14.935000000024077
 20
0.1049999954900857
 10
14.935
 20
0.104999995
 10
14.935
 20
0.09000000012273034
 10
14.934999999994252
 20
0.09000000000574765
 10
14.934999999877258
 20
0.09
 10
14.815000000122742
 20
0.09
 10
14.815000000005748
 20
0.09000000000574765
 10
14.815
 20
0.09000000012273034
 10
14.815
 20
0.104999995
 10
14.814999999975923
 20
0.1049999954900857
 10
14.814999999903925
 20
0.10499999597545161
 10
14.814999999784702
 20
0.10499999645142338
 10
14.814999999619397
 20
0.10499999691341716
 10
14.814999999409606
 20
0.10499999735698368
 10
14.814999999157347
 20
0.10499999777785117
 10
14.814999998865051
 20
0.10499999817196642
 10
14.814999998535534
 20
0.1049999985355339
 10
14.814999998171965
 20
0.10499999886505226
 10
14.81499999777785
 20
0.10499999915734806
 10
14.814999997356983
 20
0.10499999940960632
 10
14.814999996913416
 20
0.10499999961939765
 10
14.814999996451423
 20
0.10499999978470168
 10
14.81499999597545
 20
0.1049999999039264
 10
14.814999995490085
 20
0.10499999997592363
 10
14.814999994999999
 20
0.105
 10
14.800000000122743
 20
0.105
  0
LWPOLYLINE
  5
3EF
330
17
100
AcDbEntity
  8
I-PODKLAD-SCIANY
370
25
 48
0.05
100
AcDbPolyline
 90
52
 70
1
 10
14.800000000005749
 20
2.5000000000057474
 10
14.8
 20
2.5000000001227303
 10
14.8
 20
2.7699999998772697
 10
14.800000000005749
 20
2.7699999999942526
 10
14.800000000122743
 20
2.77
 10
14.814999994999999
 20
2.77
 10
14.814999995490085
 20
2.7700000000240763
 10
14.81499999597545
 20
2.7700000000960734
 10
14.814999996451423
 20
2.7700000002152985
 10
14.814999996913416
 20
2.7700000003806022
 10
14.814999997356983
 20
2.7700000005903935
 10
14.81499999777785
 20
2.7700000008426517
 10
14.814999998171965
 20
2.7700000011349477
 10
14.814999998535534
 20
2.770000001464466
 10
14.814999998865051
 20
2.7700000018280337
 10
14.814999999157347
 20
2.7700000022221487
 10
14.814999999409606
 20
2.7700000026430165
 10
14.814999999619397
 20
2.770000003086583
 10
14.814999999784702
 20
2.7700000035485766
 10
14.814999999903925
 20
2.7700000040245483
 10
14.814999999975923
 20
2.7700000045099142
 10
14.815
 20
2.770000005
 10
14.815
 20
2.78499999987727
 10
14.815000000005748
 20
2.7849999999942527
 10
14.815000000122742
 20
2.785
 10
14.934999999877258
 20
2.785
 10
14.934999999994252
 20
2.7849999999942527
 10
14.935
 20
2.78499999987727
 10
14.935
 20
2.770000005
 10
14.935000000024077
 20
2.7700000045099142
 10
14.935000000096075
 20
2.7700000040245483
 10
14.935000000215298
 20
2.7700000035485766
 10
14.935000000380603
 20
2.770000003086583
 10
14.935000000590394
 20
2.7700000026430165
 10
14.935000000842653
 20
2.7700000022221487
 10
14.935000001134949
 20
2.7700000018280337
 10
14.935000001464466
 20
2.770000001464466
 10
14.935000001828035
 20
2.7700000011349477
 10
14.93500000222215
 20
2.7700000008426517
 10
14.935000002643017
 20
2.7700000005903935
 10
14.935000003086584
 20
2.7700000003806022
 10
14.935000003548577
 20
2.7700000002152985
 10
14.93500000402455
 20
2.7700000000960734
 10
14.935000004509915
 20
2.7700000000240763
 10
14.935000005000001
 20
2.77
 10
14.949999999877257
 20
2.77
 10
14.949999999994251
 20
2.7699999999942526
 10
14.95
 20
2.7699999998772697
 10
14.95
 20
2.5000000001227303
 10
14.949999999994251
 20
2.5000000000057474
 10
14.949999999877257
 20
2.5
 10
14.800000000122743
 20
2.5
  0
LWPOLYLINE
  5
3F0
330
17
100
AcDbEntity
  8
I-PODKLAD-SCIANY
370
25
 48
0.05
100
AcDbPolyline
 90
118
 70
1
 10
9.609999999999987
 20
6.5650000000002535
 10
9.61
 20
6.699999999945288
 10
9.610000000001351
 20
6.6999999999670585
 10
9.610000000005439
 20
6.699999999994591
 10
9.610000000031095
 20
6.699999999998397
 10
9.610000000057187
 20
6.7
 10
9.799999995
 20
6.7
 10
9.799999995490086
 20
6.700000000024077
 10
9.799999995975451
 20
6.700000000096074
 10
9.799999996451424
 20
6.700000000215299
 10
9.799999996913417
 20
6.700000000380603
 10
9.799999997356984
 20
6.700000000590395
 10
9.799999997777851
 20
6.700000000842652
 10
9.799999998171966
 20
6.700000001134948
 10
9.799999998535535
 20
6.700000001464467
 10
9.799999998865053
 20
6.700000001828034
 10
9.799999999157349
 20
6.70000000222215
 10
9.799999999409607
 20
6.700000002643017
 10
9.799999999619398
 20
6.700000003086584
 10
9.799999999784703
 20
6.700000003548578
 10
9.799999999903926
 20
6.700000004024549
 10
9.799999999975924
 20
6.700000004509915
 10
9.8
 20
6.700000005000001
 10
9.8
 20
8.64499999987727
 10
9.800000000005749
 20
8.644999999994251
 10
9.800000000122731
 20
8.645
 10
9.814999994999999
 20
8.645
 10
9.814999995490085
 20
8.645000000024076
 10
9.81499999597545
 20
8.645000000096074
 10
9.814999996451423
 20
8.645000000215298
 10
9.814999996913416
 20
8.645000000380602
 10
9.814999997356983
 20
8.645000000590393
 10
9.81499999777785
 20
8.645000000842652
 10
9.814999998171965
 20
8.645000001134948
 10
9.814999998535534
 20
8.645000001464465
 10
9.814999998865051
 20
8.645000001828034
 10
9.814999999157347
 20
8.64500000222215
 10
9.814999999409606
 20
8.645000002643016
 10
9.814999999619397
 20
8.645000003086583
 10
9.814999999784702
 20
8.645000003548576
 10
9.814999999903925
 20
8.64500000402455
 10
9.814999999975923
 20
8.645000004509914
 10
9.815
 20
8.645000005
 10
9.815
 20
8.65999999987727
 10
9.815000000005748
 20
8.659999999994252
 10
9.81500000012273
 20
8.66
 10
9.93499999987727
 20
8.66
 10
9.934999999994252
 20
8.659999999994252
 10
9.935
 20
8.65999999987727
 10
9.935
 20
8.64500000505
 10
9.935000000024077
 20
8.645000004559915
 10
9.935000000096075
 20
8.64500000407455
 10
9.935000000215298
 20
8.645000003598577
 10
9.935000000380603
 20
8.645000003136584
 10
9.935000000590394
 20
8.645000002693017
 10
9.935000000842653
 20
8.64500000227215
 10
9.935000001134949
 20
8.645000001878035
 10
9.935000001464466
 20
8.645000001514466
 10
9.935000001828035
 20
8.645000001184949
 10
9.93500000222215
 20
8.645000000892653
 10
9.935000002643017
 20
8.645000000640394
 10
9.935000003086584
 20
8.645000000430603
 10
9.935000003548577
 20
8.645000000265298
 10
9.93500000402455
 20
8.645000000146075
 10
9.935000004509915
 20
8.645000000074077
 10
9.935000005000001
 20
8.64500000005
 10
9.949999999877269
 20
8.645
 10
9.949999999994251
 20
8.644999999994251
 10
9.95
 20
8.64499999987727
 10
9.95
 20
6.7000000001227304
 10
9.949999999994251
 20
6.700000000005747
 10
9.949999999877269
 20
6.7
 10
9.93500000501
 20
6.7
 10
9.935000004519914
 20
6.699999999975923
 10
9.93500000403455
 20
6.699999999903926
 10
9.935000003558576
 20
6.699999999784701
 10
9.935000003096583
 20
6.699999999619397
 10
9.935000002653016
 20
6.699999999409606
 10
9.93500000223215
 20
6.699999999157348
 10
9.935000001838034
 20
6.699999998865052
 10
9.935000001474465
 20
6.699999998535533
 10
9.935000001144948
 20
6.6999999981719665
 10
9.935000000852652
 20
6.699999997777851
 10
9.935000000600393
 20
6.699999997356984
 10
9.935000000390602
 20
6.699999996913417
 10
9.935000000225298
 20
6.699999996451423
 10
9.935000000106074
 20
6.6999999959754515
 10
9.935000000034076
 20
6.699999995490085
 10
9.93500000001
 20
6.699999995
 10
9.935
 20
6.68500000012273
 10
9.934999999994252
 20
6.685000000005746
 10
9.93499999987727
 20
6.685
 10
9.875000005
 20
6.685
 10
9.875000004509914
 20
6.684999999975923
 10
9.87500000402455
 20
6.684999999903925
 10
9.875000003548577
 20
6.684999999784701
 10
9.875000003086583
 20
6.6849999996193965
 10
9.875000002643016
 20
6.684999999409605
 10
9.87500000222215
 20
6.684999999157347
 10
9.875000001828035
 20
6.6849999988650515
 10
9.875000001464466
 20
6.684999998535533
 10
9.875000001134948
 20
6.684999998171966
 10
9.875000000842652
 20
6.68499999777785
 10
9.875000000590394
 20
6.684999997356983
 10
9.875000000380602
 20
6.684999996913416
 10
9.875000000215298
 20
6.684999996451422
 10
9.875000000096074
 20
6.684999995975451
 10
9.875000000024077
 20
6.6849999954900845
 10
9.875
 20
6.684999994999999
 10
9.875
 20
6.550000000062825
 10
9.874999999999984
 20
6.550000000062184
 10
9.874999999994403
 20
6.550000000005566
 10
9.874999999937732
 20
6.550000000000004
 10
9.61000000006268
 20
6.55
 10
9.610000000005563
 20
6.550000000005599
 10
9.610000000000039
 20
6.550000000061577
 10
9.61
 20
6.550000000063138
 10
9.61
 20
6.564999999999747
  0
LWPOLYLINE
  5
3F1
330
17
100
AcDbEntity
  8
I-PODKLAD-SCIANY
370
25
 48
0.05
100
AcDbPolyline
 90
62
 70
1
 10
8.59
 20
6.565000000054614
 10
8.59
 20
6.684999999945288
 10
8.590000000001352
 20
6.684999999967058
 10
8.590000000005439
 20
6.684999999994591
 10
8.590000000031095
 20
6.6849999999983964
 10
8.590000000057188
 20
6.685
 10
8.6049999949994
 20
6.685
 10
8.604999995489486
 20
6.685000000024076
 10
8.60499999597485
 20
6.685000000096074
 10
8.604999996450823
 20
6.6850000002152985
 10
8.604999996912817
 20
6.685000000380603
 10
8.604999997356384
 20
6.685000000590394
 10
8.60499999777725
 20
6.685000000842652
 10
8.604999998171365
 20
6.685000001134948
 10
8.604999998534934
 20
6.685000001464466
 10
8.604999998864452
 20
6.685000001828033
 10
8.604999999156748
 20
6.685000002222149
 10
8.604999999409007
 20
6.685000002643016
 10
8.604999999618798
 20
6.685000003086583
 10
8.604999999784102
 20
6.685000003548577
 10
8.604999999903326
 20
6.685000004024548
 10
8.604999999975323
 20
6.685000004509915
 10
8.6049999999994
 20
6.685000005
 10
8.605
 20
6.699999999945288
 10
8.605000000001352
 20
6.6999999999670585
 10
8.60500000000544
 20
6.699999999994591
 10
8.605000000031096
 20
6.699999999998397
 10
8.605000000057188
 20
6.7
 10
8.709999999942703
 20
6.7
 10
8.709999999968622
 20
6.699999999998412
 10
8.70999999999459
 20
6.699999999994563
 10
8.709999999998635
 20
6.699999999967323
 10
8.71
 20
6.699999999945387
 10
8.71
 20
6.550000000062825
 10
8.709999999999985
 20
6.550000000062184
 10
8.709999999994404
 20
6.550000000005566
 10
8.709999999937732
 20
6.550000000000004
 10
8.605000000062681
 20
6.55
 10
8.605000000005564
 20
6.550000000005599
 10
8.60500000000004
 20
6.550000000061577
 10
8.605
 20
6.550000000063138
 10
8.605
 20
6.564999995
 10
8.604999999975924
 20
6.564999995490085
 10
8.604999999903926
 20
6.564999995975452
 10
8.604999999784702
 20
6.564999996451423
 10
8.604999999619398
 20
6.564999996913417
 10
8.604999999409607
 20
6.564999997356984
 10
8.604999999157348
 20
6.564999997777851
 10
8.604999998865052
 20
6.564999998171967
 10
8.604999998535535
 20
6.564999998535534
 10
8.604999998171966
 20
6.564999998865052
 10
8.60499999777785
 20
6.564999999157348
 10
8.604999997356984
 20
6.564999999409606
 10
8.604999996913417
 20
6.564999999619397
 10
8.604999996451424
 20
6.5649999997847015
 10
8.60499999597545
 20
6.564999999903926
 10
8.604999995490086
 20
6.564999999975924
 10
8.604999995
 20
6.565
 10
8.590000000057298
 20
6.565
 10
8.59000000003138
 20
6.5650000000015885
 10
8.59000000000541
 20
6.565000000005438
 10
8.590000000001366
 20
6.565000000032677
  0
LWPOLYLINE
  5
3F2
330
17
100
AcDbEntity
  8
I-PODKLAD-SCIANY
370
25
 48
0.05
100
AcDbPolyline
 90
148
 70
1
 10
4.879999999999986
 20
6.38750000000029
 10
4.88
 20
6.4874999999438545
 10
4.880000000001456
 20
6.487499999967602
 10
4.880000000005447
 20
6.487499999994582
 10
4.880000000032095
 20
6.487499999998526
 10
4.880000000056064
 20
6.4875
 10
5.769999999943854
 20
6.4875
 10
5.7699999999676015
 20
6.487499999998544
 10
5.769999999994582
 20
6.487499999994553
 10
5.769999999998526
 20
6.487499999967905
 10
5.77
 20
6.487499999943935
 10
5.77
 20
6.462500005000597
 10
5.770000000024076
 20
6.462500004510511
 10
5.770000000096074
 20
6.462500004025145
 10
5.7700000002152985
 20
6.462500003549174
 10
5.770000000380603
 20
6.46250000308718
 10
5.770000000590394
 20
6.462500002643613
 10
5.770000000842652
 20
6.462500002222746
 10
5.770000001134948
 20
6.46250000182863
 10
5.770000001464466
 20
6.462500001465063
 10
5.770000001828033
 20
6.4625000011355445
 10
5.770000002222149
 20
6.4625000008432485
 10
5.770000002643016
 20
6.462500000590991
 10
5.770000003086583
 20
6.462500000381199
 10
5.770000003548577
 20
6.462500000215895
 10
5.770000004024548
 20
6.462500000096671
 10
5.770000004509915
 20
6.462500000024673
 10
5.770000005
 20
6.462500000000596
 10
5.784999999943855
 20
6.4625
 10
5.784999999967602
 20
6.462499999998545
 10
5.784999999994582
 20
6.462499999994553
 10
5.784999999998527
 20
6.462499999967905
 10
5.785
 20
6.462499999943936
 10
5.785
 20
6.3875000000561455
 10
5.784999999998544
 20
6.387500000032398
 10
5.784999999994553
 20
6.387500000005418
 10
5.784999999967905
 20
6.387500000001474
 10
5.784999999943936
 20
6.3875
 10
5.770000005
 20
6.3875
 10
5.770000004509915
 20
6.387499999975923
 10
5.770000004024548
 20
6.387499999903926
 10
5.770000003548577
 20
6.387499999784701
 10
5.770000003086583
 20
6.387499999619397
 10
5.770000002643016
 20
6.387499999409606
 10
5.770000002222149
 20
6.387499999157348
 10
5.770000001828033
 20
6.387499998865052
 10
5.770000001464466
 20
6.387499998535533
 10
5.770000001134948
 20
6.3874999981719665
 10
5.770000000842652
 20
6.387499997777851
 10
5.770000000590394
 20
6.387499997356984
 10
5.770000000380603
 20
6.387499996913417
 10
5.7700000002152985
 20
6.387499996451423
 10
5.770000000096074
 20
6.3874999959754515
 10
5.770000000024076
 20
6.387499995490085
 10
5.77
 20
6.387499995
 10
5.77
 20
6.362500000062703
 10
5.769999999994398
 20
6.362500000005569
 10
5.769999999937699
 20
6.362500000000003
 10
5.3700000050000005
 20
6.3625
 10
5.370000004509915
 20
6.362499999975923
 10
5.370000004024549
 20
6.362499999903926
 10
5.3700000035485775
 20
6.362499999784701
 10
5.3700000030865835
 20
6.362499999619397
 10
5.370000002643017
 20
6.362499999409605
 10
5.37000000222215
 20
6.362499999157348
 10
5.370000001828034
 20
6.362499998865052
 10
5.370000001464467
 20
6.362499998535533
 10
5.370000001134948
 20
6.362499998171966
 10
5.370000000842652
 20
6.36249999777785
 10
5.3700000005903945
 20
6.362499997356983
 10
5.370000000380603
 20
6.362499996913416
 10
5.370000000215299
 20
6.362499996451422
 10
5.370000000096074
 20
6.362499995975451
 10
5.370000000024077
 20
6.362499995490085
 10
5.37
 20
6.362499994999999
 10
5.37
 20
5.230000000062704
 10
5.369999999994398
 20
5.230000000005569
 10
5.3699999999377
 20
5.230000000000004
 10
5.345000005
 20
5.23
 10
5.345000004509915
 20
5.229999999975924
 10
5.3450000040245484
 20
5.229999999903926
 10
5.345000003548577
 20
5.2299999997847015
 10
5.345000003086583
 20
5.229999999619397
 10
5.345000002643016
 20
5.229999999409606
 10
5.345000002222149
 20
5.229999999157348
 10
5.3450000018280335
 20
5.229999998865052
 10
5.3450000014644665
 20
5.229999998535534
 10
5.345000001134948
 20
5.229999998171967
 10
5.345000000842652
 20
5.229999997777851
 10
5.345000000590394
 20
5.229999997356984
 10
5.345000000380603
 20
5.229999996913417
 10
5.345000000215299
 20
5.229999996451423
 10
5.345000000096074
 20
5.229999995975452
 10
5.3450000000240765
 20
5.229999995490085
 10
5.345
 20
5.229999995
 10
5.345
 20
5.215000000056145
 10
5.344999999998544
 20
5.215000000032398
 10
5.3449999999945526
 20
5.215000000005418
 10
5.3449999999679045
 20
5.215000000001473
 10
5.344999999943935
 20
5.215
 10
5.295000000056145
 20
5.215
 10
5.295000000032398
 20
5.215000000001456
 10
5.295000000005418
 20
5.215000000005447
 10
5.295000000001473
 20
5.215000000032095
 10
5.295
 20
5.215000000056064
 10
5.295
 20
5.229999994999404
 10
5.294999999975923
 20
5.229999995489489
 10
5.294999999903926
 20
5.229999995974856
 10
5.294999999784701
 20
5.229999996450827
 10
5.294999999619397
 20
5.229999996912821
 10
5.2949999994096055
 20
5.229999997356388
 10
5.294999999157348
 20
5.229999997777255
 10
5.294999998865052
 20
5.229999998171371
 10
5.294999998535533
 20
5.229999998534938
 10
5.294999998171966
 20
5.229999998864456
 10
5.29499999777785
 20
5.229999999156752
 10
5.2949999973569835
 20
5.22999999940901
 10
5.2949999969134165
 20
5.229999999618801
 10
5.2949999964514225
 20
5.229999999784106
 10
5.294999995975451
 20
5.22999999990333
 10
5.294999995490085
 20
5.229999999975328
 10
5.2949999949999995
 20
5.2299999999994045
 10
5.270000000056145
 20
5.23
 10
5.270000000032398
 20
5.230000000001456
 10
5.2700000000054175
 20
5.230000000005448
 10
5.270000000001473
 20
5.230000000032096
 10
5.27
 20
5.230000000056065
 10
5.27
 20
6.362499994998174
 10
5.269999999975923
 20
6.3624999954882595
 10
5.269999999903925
 20
6.362499995973626
 10
5.269999999784701
 20
6.362499996449597
 10
5.2699999996193965
 20
6.362499996911591
 10
5.269999999409605
 20
6.362499997355158
 10
5.269999999157347
 20
6.362499997776025
 10
5.269999998865051
 20
6.362499998170141
 10
5.269999998535533
 20
6.362499998533708
 10
5.269999998171966
 20
6.3624999988632265
 10
5.26999999777785
 20
6.3624999991555224
 10
5.269999997356983
 20
6.36249999940778
 10
5.269999996913416
 20
6.3624999996175715
 10
5.269999996451422
 20
6.362499999782876
 10
5.269999995975451
 20
6.3624999999021
 10
5.2699999954900845
 20
6.362499999974098
 10
5.269999994999999
 20
6.362499999998175
 10
4.8800000000627035
 20
6.3625
 10
4.880000000005569
 20
6.362500000005602
 10
4.8800000000000034
 20
6.3625000000623
 10
4.88
 20
6.387499999999711
  0
LWPOLYLINE
  5
3F3
330
17
100
AcDbEntity
  8
I-PODKLAD-SCIANY
370
25
 48
0.05
100
AcDbPolyline
 90
61
 70
1
 10
3.965
 20
6.387500000056702
 10
3.965
 20
6.462499999943298
 10
3.965000000001521
 20
6.46249999996812
 10
3.96500000000544
 20
6.46249999999459
 10
3.965000000030037
 20
6.462499999998243
 10
3.965000000058772
 20
6.4625
 10
3.979999994999401
 20
6.4625
 10
3.9799999954894867
 20
6.462500000024077
 10
3.9799999959748527
 20
6.462500000096075
 10
3.9799999964508244
 20
6.462500000215299
 10
3.979999996912818
 20
6.4625000003806035
 10
3.9799999973563844
 20
6.462500000590395
 10
3.979999997777252
 20
6.4625000008426525
 10
3.979999998171367
 20
6.4625000011349485
 10
3.979999998534935
 20
6.462500001464467
 10
3.979999998864453
 20
6.462500001828034
 10
3.979999999156749
 20
6.46250000222215
 10
3.9799999994090074
 20
6.462500002643017
 10
3.9799999996187987
 20
6.462500003086584
 10
3.9799999997841025
 20
6.462500003548578
 10
3.9799999999033275
 20
6.462500004024549
 10
3.9799999999753246
 20
6.4625000045099155
 10
3.979999999999401
 20
6.462500005000001
 10
3.98
 20
6.487499999943298
 10
3.980000000001521
 20
6.4874999999681195
 10
3.98000000000544
 20
6.487499999994589
 10
3.9800000000300373
 20
6.487499999998242
 10
3.980000000058772
 20
6.4875
 10
4.079999999943855
 20
6.4875
 10
4.079999999967602
 20
6.487499999998544
 10
4.079999999994582
 20
6.487499999994553
 10
4.079999999998527
 20
6.487499999967905
 10
4.08
 20
6.487499999943935
 10
4.08
 20
6.362500000062703
 10
4.079999999994398
 20
6.362500000005569
 10
4.0799999999377
 20
6.362500000000003
 10
3.9800000000626965
 20
6.3625
 10
3.9800000000055658
 20
6.3625000000056
 10
3.9800000000000275
 20
6.362500000061806
 10
3.98
 20
6.362500000062917
 10
3.98
 20
6.387499995
 10
3.9799999999759237
 20
6.387499995490085
 10
3.9799999999039266
 20
6.3874999959754515
 10
3.9799999997847015
 20
6.387499996451423
 10
3.9799999996193978
 20
6.387499996913417
 10
3.9799999994096065
 20
6.387499997356984
 10
3.9799999991573483
 20
6.387499997777851
 10
3.9799999988650523
 20
6.3874999981719665
 10
3.979999998535534
 20
6.387499998535533
 10
3.9799999981719663
 20
6.387499998865052
 10
3.9799999977778513
 20
6.387499999157348
 10
3.9799999973569835
 20
6.387499999409606
 10
3.979999996913417
 20
6.387499999619397
 10
3.9799999964514234
 20
6.387499999784701
 10
3.9799999959754517
 20
6.387499999903926
 10
3.9799999954900858
 20
6.387499999975923
 10
3.979999995
 20
6.3875
 10
3.965000000058823
 20
6.3875
 10
3.965000000030404
 20
6.387500000001733
 10
3.9650000000054124
 20
6.38750000000544
 10
3.96500000000154
 20
6.387500000031595
  0
LWPOLYLINE
  5
3F4
330
17
100
AcDbEntity
  8
I-PODKLAD-SCIANY
370
13
 48
0.05
100
AcDbPolyline
 90
32
 70
1
 10
13.250000000005748
 20
-0.29999999999425236
 10
13.25
 20
-0.2999999998772696
 10
13.25
 20
-0.09000000012273034
 10
13.250000000005748
 20
-0.09000000000574765
 10
13.250000000122743
 20
-0.09
 10
18.464999995
 20
-0.09
 10
18.464999995490086
 20
-0.08999999997592363
 10
18.46499999597545
 20
-0.0899999999039264
 10
18.46499999645142
 20
-0.08999999978470168
 10
18.464999996913416
 20
-0.08999999961939766
 10
18.464999997356983
 20
-0.08999999940960632
 10
18.464999997777852
 20
-0.08999999915734806
 10
18.464999998171965
 20
-0.08999999886505226
 10
18.464999998535532
 20
-0.0899999985355339
 10
18.46499999886505
 20
-0.08999999817196642
 10
18.464999999157346
 20
-0.08999999777785117
 10
18.464999999409606
 20
-0.08999999735698368
 10
18.464999999619398
 20
-0.08999999691341716
 10
18.464999999784702
 20
-0.08999999645142338
 10
18.464999999903927
 20
-0.08999999597545161
 10
18.464999999975923
 20
-0.08999999549008571
 10
18.465
 20
-0.089999995
 10
18.465
 20
4.899999999877234
 10
18.465000000005748
 20
4.899999999994253
 10
18.465000000122732
 20
4.9
 10
18.67499999987727
 20
4.9
 10
18.674999999994252
 20
4.899999999994253
 10
18.675
 20
4.899999999877234
 10
18.675
 20
-0.29999999987723347
 10
18.674999999994252
 20
-0.2999999999942524
 10
18.674999999877258
 20
-0.3
 10
13.250000000122743
 20
-0.3
  0
LWPOLYLINE
  5
3F5
330
17
100
AcDbEntity
  8
I-PODKLAD-SCIANY
370
13
 48
0.05
100
AcDbPolyline
 90
32
 70
1
 10
17.750000000005752
 20
9.465000000005746
 10
17.75
 20
9.465000000122766
 10
17.75
 20
9.674999999877235
 10
17.750000000005752
 20
9.674999999994254
 10
17.750000000122732
 20
9.675
 10
18.67499999987727
 20
9.675
 10
18.67499999999425
 20
9.674999999994254
 10
18.675
 20
9.674999999877235
 10
18.675
 20
5.900000000122767
 10
18.674999999994252
 20
5.900000000005748
 10
18.67499999987727
 20
5.9
 10
18.465000000122732
 20
5.9
 10
18.465000000005748
 20
5.900000000005748
 10
18.465
 20
5.900000000122767
 10
18.465
 20
9.464999995
 10
18.464999999975923
 20
9.464999995490086
 10
18.464999999903927
 20
9.46499999597545
 10
18.464999999784702
 20
9.464999996451423
 10
18.464999999619398
 20
9.464999996913416
 10
18.464999999409606
 20
9.464999997356983
 10
18.464999999157346
 20
9.46499999777785
 10
18.46499999886505
 20
9.464999998171965
 10
18.464999998535532
 20
9.464999998535534
 10
18.464999998171965
 20
9.464999998865052
 10
18.464999997777852
 20
9.464999999157348
 10
18.464999997356983
 20
9.464999999409606
 10
18.464999996913416
 20
9.464999999619398
 10
18.46499999645142
 20
9.464999999784702
 10
18.46499999597545
 20
9.464999999903926
 10
18.464999995490086
 20
9.464999999975923
 10
18.464999995
 20
9.465
 10
17.750000000122732
 20
9.465
  0
LWPOLYLINE
  5
3F6
330
17
100
AcDbEntity
  8
I-PODKLAD-SCIANY
370
13
 48
0.05
100
AcDbPolyline
 90
52
 70
1
 10
11.600000000005748
 20
8.840000000005748
 10
11.6
 20
8.84000000012273
 10
11.6
 20
9.04999999987727
 10
11.600000000005748
 20
9.049999999994252
 10
11.60000000012273
 20
9.05
 10
11.699999994999999
 20
9.05
 10
11.699999995490085
 20
9.050000000024077
 10
11.69999999597545
 20
9.050000000096075
 10
11.699999996451423
 20
9.050000000215299
 10
11.699999996913416
 20
9.050000000380603
 10
11.699999997356983
 20
9.050000000590394
 10
11.69999999777785
 20
9.050000000842653
 10
11.699999998171965
 20
9.050000001134949
 10
11.699999998535533
 20
9.050000001464467
 10
11.699999998865051
 20
9.050000001828035
 10
11.699999999157347
 20
9.05000000222215
 10
11.699999999409606
 20
9.050000002643017
 10
11.699999999619397
 20
9.050000003086584
 10
11.699999999784701
 20
9.050000003548577
 10
11.699999999903925
 20
9.05000000402455
 10
11.699999999975923
 20
9.050000004509915
 10
11.7
 20
9.050000005000001
 10
11.7
 20
9.67499999987727
 10
11.700000000005748
 20
9.674999999994252
 10
11.70000000012273
 20
9.675
 10
12.74999999987727
 20
9.675
 10
12.749999999994252
 20
9.674999999994252
 10
12.75
 20
9.67499999987727
 10
12.75
 20
9.46500000012273
 10
12.749999999994252
 20
9.465000000005748
 10
12.74999999987727
 20
9.465
 10
11.910000005
 20
9.465
 10
11.910000004509914
 20
9.464999999975923
 10
11.91000000402455
 20
9.464999999903926
 10
11.910000003548577
 20
9.464999999784702
 10
11.910000003086584
 20
9.464999999619398
 10
11.910000002643017
 20
9.464999999409606
 10
11.91000000222215
 20
9.464999999157348
 10
11.910000001828035
 20
9.464999998865052
 10
11.910000001464466
 20
9.464999998535534
 10
11.910000001134948
 20
9.464999998171965
 10
11.910000000842652
 20
9.46499999777785
 10
11.910000000590394
 20
9.464999997356983
 10
11.910000000380602
 20
9.464999996913416
 10
11.910000000215298
 20
9.464999996451423
 10
11.910000000096074
 20
9.46499999597545
 10
11.910000000024077
 20
9.464999995490086
 10
11.91
 20
9.464999995
 10
11.91
 20
8.84000000012273
 10
11.909999999994252
 20
8.840000000005748
 10
11.90999999987727
 20
8.84
 10
11.60000000012273
 20
8.84
  0
LWPOLYLINE
  5
3F7
330
17
100
AcDbEntity
  8
I-PODKLAD-SCIANY
370
13
 48
0.05
100
AcDbPolyline
 90
18
 70
1
 10
11.700000000005561
 20
-0.2999999999944041
 10
11.70000000000004
 20
-0.2999999999384573
 10
11.7
 20
-0.2999999999368252
 10
11.7
 20
-0.09000000006281204
 10
11.700000000000014
 20
-0.09000000006221336
 10
11.700000000005597
 20
-0.09000000000556617
 10
11.700000000062243
 20
-0.09000000000000559
 10
11.999999999998773
 20
-0.09
 10
11.999999999998773
 20
-0.08999999999702012
 10
12.0
 20
-0.08999999999700502
 10
12.0
 20
-0.09
 10
12.349999999877257
 20
-0.09
 10
12.349999999994251
 20
-0.09000000000574765
 10
12.35
 20
-0.09000000012273034
 10
12.35
 20
-0.2999999998772696
 10
12.349999999994251
 20
-0.29999999999425236
 10
12.349999999877257
 20
-0.3
 10
11.700000000062563
 20
-0.3
  0
LWPOLYLINE
  5
3F8
330
17
100
AcDbEntity
  8
I-PODKLAD-SCIANY
370
13
 48
0.05
100
AcDbPolyline
 90
12
 70
1
 10
11.150000000005749
 20
8.840000000005748
 10
11.15
 20
8.84000000012273
 10
11.15
 20
9.04999999987727
 10
11.150000000005749
 20
9.049999999994252
 10
11.15000000012273
 20
9.05
 10
11.24999999987727
 20
9.05
 10
11.249999999994252
 20
9.049999999994252
 10
11.25
 20
9.04999999987727
 10
11.25
 20
8.84000000012273
 10
11.249999999994252
 20
8.840000000005748
 10
11.24999999987727
 20
8.84
 10
11.15000000012273
 20
8.84
  0
LWPOLYLINE
  5
3F9
330
17
100
AcDbEntity
  8
I-PODKLAD-SCIANY
370
13
 48
0.05
100
AcDbPolyline
 90
12
 70
1
 10
5.100000000005746
 20
8.840000000005748
 10
5.1
 20
8.84000000012273
 10
5.1
 20
9.04999999987727
 10
5.100000000005746
 20
9.049999999994252
 10
5.10000000012273
 20
9.05
 10
10.04999999987727
 20
9.05
 10
10.049999999994252
 20
9.049999999994252
 10
10.05
 20
9.04999999987727
 10
10.05
 20
8.84000000012273
 10
10.049999999994252
 20
8.840000000005748
 10
10.04999999987727
 20
8.84
 10
5.10000000012273
 20
8.84
  0
LWPOLYLINE
  5
3FA
330
17
100
AcDbEntity
  8
I-PODKLAD-SCIANY
370
13
 48
0.05
100
AcDbPolyline
 90
16
 70
1
 10
8.720000000005562
 20
-0.2999999999944041
 10
8.720000000000041
 20
-0.2999999999384573
 10
8.72
 20
-0.2999999999368252
 10
8.72
 20
-0.09000000006281204
 10
8.720000000000015
 20
-0.09000000006221336
 10
8.720000000005598
 20
-0.09000000000556617
 10
8.720000000062244
 20
-0.09000000000000559
 10
8.839999999937449
 20
-0.09
 10
8.839999999994438
 20
-0.09000000000559599
 10
8.83999999999997
 20
-0.09000000006165533
 10
8.84
 20
-0.09000000006286635
 10
8.84
 20
-0.29999999993719445
 10
8.839999999999986
 20
-0.29999999993778037
 10
8.8399999999944
 20
-0.29999999999443433
 10
8.83999999993779
 20
-0.29999999999999283
 10
8.720000000062564
 20
-0.3
  0
LWPOLYLINE
  5
3FB
330
17
100
AcDbEntity
  8
I-PODKLAD-SCIANY
370
13
 48
0.05
100
AcDbPolyline
 90
13
 70
1
 10
6.380000000000001
 20
-0.09000000006273037
 10
6.380000000005603
 20
-0.09000000000557061
 10
6.3800000000623545
 20
-0.09000000000000136
 10
6.499999999937424
 20
-0.09
 10
6.499999999994433
 20
-0.09000000000559977
 10
6.5
 20
-0.09000000006232642
 10
6.5
 20
-0.2999999999373108
 10
6.4999999999944
 20
-0.29999999999443366
 10
6.49999999993815
 20
-0.29999999999997456
 10
6.499999999937119
 20
-0.3
 10
6.380000000062592
 20
-0.3
 10
6.380000000005568
 20
-0.29999999999440013
 10
6.3800000000000034
 20
-0.2999999999377052
  0
LWPOLYLINE
  5
3FC
330
17
100
AcDbEntity
  8
I-PODKLAD-SCIANY
370
13
 48
0.05
100
AcDbPolyline
 90
33
 70
1
 10
-0.29999999999443366
 20
7.6000000000056
 10
-0.29999999999997456
 20
7.60000000006185
 10
-0.3
 20
7.600000000062881
 10
-0.3
 20
9.049999999877258
 10
-0.29999999999425236
 20
9.049999999994252
 10
-0.2999999998772696
 20
9.05
 10
4.2999999998772696
 20
9.05
 10
4.299999999994253
 20
9.049999999994252
 10
4.3
 20
9.04999999987727
 10
4.3
 20
8.84000000012273
 10
4.299999999994253
 20
8.840000000005748
 10
4.2999999998772696
 20
8.84
 10
-0.089999995
 20
8.84
 10
-0.08999999549008571
 20
8.839999999975923
 10
-0.08999999597545161
 20
8.839999999903926
 10
-0.08999999645142338
 20
8.839999999784702
 10
-0.08999999691341716
 20
8.839999999619398
 10
-0.08999999735698368
 20
8.839999999409606
 10
-0.08999999777785117
 20
8.839999999157348
 10
-0.08999999817196642
 20
8.839999998865052
 10
-0.0899999985355339
 20
8.839999998535534
 10
-0.08999999886505226
 20
8.839999998171965
 10
-0.08999999915734806
 20
8.83999999777785
 10
-0.08999999940960632
 20
8.839999997356983
 10
-0.08999999961939766
 20
8.839999996913416
 10
-0.08999999978470168
 20
8.839999996451423
 10
-0.0899999999039264
 20
8.83999999597545
 10
-0.08999999997592363
 20
8.839999995490086
 10
-0.09
 20
8.839999995
 10
-0.09
 20
7.600000000062575
 10
-0.09000000000559977
 20
7.600000000005567
 10
-0.0900000000623024
 20
7.600000000000002
 10
-0.2999999999373108
 20
7.6
  0
LWPOLYLINE
  5
3FD
330
17
100
AcDbEntity
  8
I-PODKLAD-SCIANY
370
13
 48
0.05
100
AcDbPolyline
 90
14
 70
1
 10
4.04
 20
-0.09000000006273037
 10
4.040000000005603
 20
-0.09000000000557061
 10
4.040000000062354
 20
-0.09000000000000136
 10
4.159999999937424
 20
-0.09
 10
4.159999999938036
 20
-0.09000000000001501
 10
4.1599999999944295
 20
-0.09000000000556932
 10
4.1599999999999975
 20
-0.0900000000623024
 10
4.16
 20
-0.2999999999373108
 10
4.1599999999944
 20
-0.29999999999443366
 10
4.15999999993815
 20
-0.29999999999997456
 10
4.159999999937119
 20
-0.3
 10
4.040000000062591
 20
-0.3
 10
4.040000000005567
 20
-0.29999999999440013
 10
4.040000000000003
 20
-0.2999999999377052
  0
LWPOLYLINE
  5
3FE
330
17
100
AcDbEntity
  8
I-PODKLAD-SCIANY
370
13
 48
0.05
100
AcDbPolyline
 90
17
 70
1
 10
2.1400000000055632
 20
-0.2999999999944027
 10
2.1400000000000277
 20
-0.2999999999382121
 10
2.14
 20
-0.29999999993709764
 10
2.14
 20
-0.0900000000626245
 10
2.1400000000055974
 20
-0.09000000000556348
 10
2.140000000061816
 20
-0.09000000000002632
 10
2.1400000000628836
 20
-0.09
 10
2.2599999999374076
 20
-0.09
 10
2.2599999999380853
 20
-0.09000000000001664
 10
2.259999999994434
 20
-0.09000000000556656
 10
2.2599999999999723
 20
-0.09000000006178407
 10
2.26
 20
-0.09000000006290015
 10
2.26
 20
-0.2999999999373866
 10
2.259999999994403
 20
-0.29999999999443694
 10
2.259999999938231
 20
-0.2999999999999714
 10
2.2599999999370732
 20
-0.3
 10
2.140000000062577
 20
-0.3
  0
LWPOLYLINE
  5
3FF
330
17
100
AcDbEntity
  8
I-PODKLAD-SCIANY
370
13
 48
0.05
100
AcDbPolyline
 90
36
 70
1
 10
-0.3
 20
-0.2999999999312355
 10
-0.3
 20
1.1999999999374222
 10
-0.29999999999440274
 20
1.1999999999944357
 10
-0.29999999993820975
 20
1.1999999999999715
 10
-0.29999999993708887
 20
1.1999999999999993
 10
-0.09000000006262564
 20
1.1999999999999993
 10
-0.09000000000556341
 20
1.1999999999944015
 10
-0.09000000000002652
 20
1.199999999938187
 10
-0.09
 20
1.1999999999371116
 10
-0.09
 20
-0.089999995
 10
-0.08999999997592363
 20
-0.08999999549008571
 10
-0.0899999999039264
 20
-0.08999999597545161
 10
-0.08999999978470168
 20
-0.08999999645142338
 10
-0.08999999961939766
 20
-0.08999999691341716
 10
-0.08999999940960632
 20
-0.08999999735698368
 10
-0.08999999915734806
 20
-0.08999999777785117
 10
-0.08999999886505226
 20
-0.08999999817196642
 10
-0.0899999985355339
 20
-0.0899999985355339
 10
-0.08999999817196642
 20
-0.08999999886505226
 10
-0.08999999777785117
 20
-0.08999999915734806
 10
-0.08999999735698368
 20
-0.08999999940960632
 10
-0.08999999691341716
 20
-0.08999999961939766
 10
-0.08999999645142338
 20
-0.08999999978470168
 10
-0.08999999597545161
 20
-0.0899999999039264
 10
-0.08999999549008571
 20
-0.08999999997592363
 10
-0.089999995
 20
-0.09
 10
0.359999999937422
 20
-0.09
 10
0.35999999999443616
 20
-0.09000000000559753
 10
0.35999999999997445
 20
-0.09000000006183437
 10
0.36
 20
-0.09000000006286901
 10
0.36
 20
-0.2999999999374229
 10
0.3599999999944025
 20
-0.2999999999944361
 10
0.3599999999381657
 20
-0.29999999999997445
 10
0.359999999937131
 20
-0.3
 10
-0.29999999993087684
 20
-0.3
 10
-0.2999999999936361
 20
-0.29999999999360316
  0
LWPOLYLINE
  5
400
330
17
100
AcDbEntity
  8
I-PODKLAD-SCIANY
370
13
 48
0.05
100
AcDbPolyline
 90
14
 70
1
 10
-0.29999999999440013
 20
5.799999999994433
 10
-0.29999999993767784
 20
5.8
 10
-0.09000000006273037
 20
5.8
 10
-0.09000000000557061
 20
5.799999999994397
 10
-0.09000000000000136
 20
5.799999999937646
 10
-0.09
 20
3.600000000062592
 10
-0.09000000000559731
 20
3.6000000000055628
 10
-0.09000000006178407
 20
3.600000000000027
 10
-0.09000000006290015
 20
3.5999999999999996
 10
-0.2999999999373866
 20
3.5999999999999996
 10
-0.29999999999443694
 20
3.6000000000055965
 10
-0.2999999999999714
 20
3.6000000000617685
 10
-0.3
 20
3.600000000062926
 10
-0.3
 20
5.799999999937409
  0
LWPOLYLINE
  5
401
330
17
100
AcDbEntity
  8
I-PODKLAD-SCIANY
370
13
 48
0.05
100
AcDbPolyline
 90
12
 70
1
 10
14.500000000005748
 20
2.9650000000057473
 10
14.5
 20
2.96500000012273
 10
14.5
 20
3.09499999987727
 10
14.500000000005748
 20
3.094999999994253
 10
14.500000000122743
 20
3.095
 10
18.26999999987726
 20
3.095
 10
18.269999999994248
 20
3.094999999994253
 10
18.27
 20
3.094999999877234
 10
18.27
 20
2.965000000122766
 10
18.269999999994248
 20
2.9650000000057473
 10
18.26999999987726
 20
2.965
 10
14.500000000122743
 20
2.965
  0
LWPOLYLINE
  5
402
330
17
100
AcDbEntity
  8
I-PODKLAD-SCIANY
370
13
 48
0.05
100
AcDbPolyline
 90
41
 70
1
 10
12.090000000005562
 20
2.965000000005596
 10
12.090000000000039
 20
2.9650000000615493
 10
12.09
 20
2.965000000063138
 10
12.09
 20
8.749999999937174
 10
12.090000000000018
 20
8.749999999937861
 10
12.090000000005594
 20
8.74999999999444
 10
12.090000000061533
 20
8.749999999999961
 10
12.090000000063139
 20
8.75
 10
12.219999999937174
 20
8.75
 10
12.219999999937862
 20
8.749999999999982
 10
12.21999999999444
 20
8.749999999994406
 10
12.219999999999962
 20
8.749999999938467
 10
12.22
 20
8.749999999936861
 10
12.22
 20
3.095000005
 10
12.220000000024077
 20
3.0950000045099144
 10
12.220000000096075
 20
3.0950000040245484
 10
12.220000000215299
 20
3.0950000035485767
 10
12.220000000380603
 20
3.095000003086583
 10
12.220000000590394
 20
3.0950000026430167
 10
12.220000000842653
 20
3.095000002222149
 10
12.220000001134949
 20
3.095000001828034
 10
12.220000001464467
 20
3.095000001464466
 10
12.220000001828035
 20
3.095000001134948
 10
12.22000000222215
 20
3.095000000842652
 10
12.220000002643017
 20
3.0950000005903937
 10
12.220000003086584
 20
3.0950000003806024
 10
12.220000003548577
 20
3.0950000002152986
 10
12.22000000402455
 20
3.0950000000960736
 10
12.220000004509915
 20
3.0950000000240765
 10
12.220000005000001
 20
3.095
 10
13.599999999877257
 20
3.095
 10
13.599999999994251
 20
3.094999999994253
 10
13.6
 20
3.09499999987727
 10
13.6
 20
2.96500000012273
 10
13.599999999994251
 20
2.9650000000057473
 10
13.599999999877257
 20
2.965
 10
12.22
 20
2.965
 10
12.22
 20
2.964999999997021
 10
12.219999999998777
 20
2.964999999997036
 10
12.219999999998777
 20
2.965
 10
12.090000000062624
 20
2.965
  0
LWPOLYLINE
  5
403
330
17
100
AcDbEntity
  8
I-PODKLAD-SCIANY
370
25
 48
0.05
100
AcDbPolyline
 90
4
 70
1
 10
5.935
 20
3.8
 10
5.935
 20
3.74
 10
5.965
 20
3.74
 10
5.965
 20
3.8
  0
LWPOLYLINE
  5
404
330
17
100
AcDbEntity
  8
I-PODKLAD-SCIANY
370
25
 48
0.05
100
AcDbPolyline
 90
4
 70
1
 10
6.035
 20
3.8
 10
6.035
 20
3.74
 10
6.065
 20
3.74
 10
6.065
 20
3.8
  0
LWPOLYLINE
  5
405
330
17
100
AcDbEntity
  8
I-PODKLAD-SCIANY
370
25
 48
0.05
100
AcDbPolyline
 90
4
 70
1
 10
6.135
 20
3.8
 10
6.135
 20
3.74
 10
6.165
 20
3.74
 10
6.165
 20
3.8
  0
LWPOLYLINE
  5
406
330
17
100
AcDbEntity
  8
I-PODKLAD-SCIANY
370
25
 48
0.05
100
AcDbPolyline
 90
4
 70
1
 10
6.235
 20
3.8
 10
6.235
 20
3.74
 10
6.265
 20
3.74
 10
6.265
 20
3.8
  0
LWPOLYLINE
  5
407
330
17
100
AcDbEntity
  8
I-PODKLAD-SCIANY
370
25
 48
0.05
100
AcDbPolyline
 90
4
 70
1
 10
6.335
 20
3.8
 10
6.335
 20
3.74
 10
6.365
 20
3.74
 10
6.365
 20
3.8
  0
LWPOLYLINE
  5
408
330
17
100
AcDbEntity
  8
I-PODKLAD-SCIANY
370
25
 48
0.05
100
AcDbPolyline
 90
4
 70
1
 10
6.435
 20
3.8
 10
6.435
 20
3.74
 10
6.465
 20
3.74
 10
6.465
 20
3.8
  0
LWPOLYLINE
  5
409
330
17
100
AcDbEntity
  8
I-PODKLAD-SCIANY
370
25
 48
0.05
100
AcDbPolyline
 90
4
 70
1
 10
6.535
 20
3.8
 10
6.535
 20
3.74
 10
6.565
 20
3.74
 10
6.565
 20
3.8
  0
LWPOLYLINE
  5
40A
330
17
100
AcDbEntity
  8
I-PODKLAD-SCIANY
370
25
 48
0.05
100
AcDbPolyline
 90
4
 70
1
 10
6.635
 20
3.8
 10
6.635
 20
3.74
 10
6.665
 20
3.74
 10
6.665
 20
3.8
  0
LWPOLYLINE
  5
40B
330
17
100
AcDbEntity
  8
I-PODKLAD-SCIANY
370
25
 48
0.05
100
AcDbPolyline
 90
4
 70
1
 10
6.735
 20
3.8
 10
6.735
 20
3.74
 10
6.765
 20
3.74
 10
6.765
 20
3.8
  0
LWPOLYLINE
  5
40C
330
17
100
AcDbEntity
  8
I-PODKLAD-SCIANY
370
25
 48
0.05
100
AcDbPolyline
 90
4
 70
1
 10
6.835
 20
3.8
 10
6.835
 20
3.74
 10
6.865
 20
3.74
 10
6.865
 20
3.8
  0
LWPOLYLINE
  5
40D
330
17
100
AcDbEntity
  8
I-PODKLAD-SCIANY
370
25
 48
0.05
100
AcDbPolyline
 90
4
 70
1
 10
6.935
 20
3.8
 10
6.935
 20
3.74
 10
6.965
 20
3.74
 10
6.965
 20
3.8
  0
LWPOLYLINE
  5
40E
330
17
100
AcDbEntity
  8
I-PODKLAD-SCIANY
370
25
 48
0.05
100
AcDbPolyline
 90
4
 70
1
 10
7.035
 20
3.8
 10
7.035
 20
3.74
 10
7.065
 20
3.74
 10
7.065
 20
3.8
  0
LWPOLYLINE
  5
40F
330
17
100
AcDbEntity
  8
I-PODKLAD-SCIANY
370
25
 48
0.05
100
AcDbPolyline
 90
4
 70
1
 10
7.135
 20
3.8
 10
7.135
 20
3.74
 10
7.165
 20
3.74
 10
7.165
 20
3.8
  0
LWPOLYLINE
  5
410
330
17
100
AcDbEntity
  8
I-PODKLAD-SCIANY
370
25
 48
0.05
100
AcDbPolyline
 90
4
 70
1
 10
7.235
 20
3.8
 10
7.235
 20
3.74
 10
7.265
 20
3.74
 10
7.265
 20
3.8
  0
LWPOLYLINE
  5
411
330
17
100
AcDbEntity
  8
I-PODKLAD-SCIANY
370
25
 48
0.05
100
AcDbPolyline
 90
4
 70
1
 10
7.335
 20
3.8
 10
7.335
 20
3.74
 10
7.365
 20
3.74
 10
7.365
 20
3.8
  0
LWPOLYLINE
  5
412
330
17
100
AcDbEntity
  8
I-PODKLAD-SCIANY
370
25
 48
0.05
100
AcDbPolyline
 90
4
 70
1
 10
7.435
 20
3.8
 10
7.435
 20
3.74
 10
7.465
 20
3.74
 10
7.465
 20
3.8
  0
LWPOLYLINE
  5
413
330
17
100
AcDbEntity
  8
I-PODKLAD-SCIANY
370
25
 48
0.05
100
AcDbPolyline
 90
4
 70
1
 10
7.535
 20
3.8
 10
7.535
 20
3.74
 10
7.565
 20
3.74
 10
7.565
 20
3.8
  0
LWPOLYLINE
  5
414
330
17
100
AcDbEntity
  8
I-PODKLAD-SCIANY
370
25
 48
0.05
100
AcDbPolyline
 90
4
 70
1
 10
7.635
 20
3.8
 10
7.635
 20
3.74
 10
7.665
 20
3.74
 10
7.665
 20
3.8
  0
LWPOLYLINE
  5
415
330
17
100
AcDbEntity
  8
I-PODKLAD-SCIANY
370
25
 48
0.05
100
AcDbPolyline
 90
4
 70
1
 10
7.735
 20
3.8
 10
7.735
 20
3.74
 10
7.765
 20
3.74
 10
7.765
 20
3.8
  0
LWPOLYLINE
  5
416
330
17
100
AcDbEntity
  8
I-PODKLAD-SCIANY
370
25
 48
0.05
100
AcDbPolyline
 90
4
 70
1
 10
7.835
 20
3.8
 10
7.835
 20
3.74
 10
7.865
 20
3.74
 10
7.865
 20
3.8
  0
LWPOLYLINE
  5
417
330
17
100
AcDbEntity
  8
I-PODKLAD-SCIANY
370
25
 48
0.05
100
AcDbPolyline
 90
4
 70
1
 10
7.935
 20
3.8
 10
7.935
 20
3.74
 10
7.965
 20
3.74
 10
7.965
 20
3.8
  0
LWPOLYLINE
  5
418
330
17
100
AcDbEntity
  8
I-PODKLAD-SCIANY
370
25
 48
0.05
100
AcDbPolyline
 90
4
 70
1
 10
8.035
 20
3.8
 10
8.035
 20
3.74
 10
8.065
 20
3.74
 10
8.065
 20
3.8
  0
LWPOLYLINE
  5
419
330
17
100
AcDbEntity
  8
I-PODKLAD-SCIANY
370
25
 48
0.05
100
AcDbPolyline
 90
4
 70
1
 10
8.135
 20
3.8
 10
8.135
 20
3.74
 10
8.165
 20
3.74
 10
8.165
 20
3.8
  0
LWPOLYLINE
  5
41A
330
17
100
AcDbEntity
  8
I-PODKLAD-SCIANY
370
25
 48
0.05
100
AcDbPolyline
 90
4
 70
1
 10
8.235
 20
3.8
 10
8.235
 20
3.74
 10
8.265
 20
3.74
 10
8.265
 20
3.8
  0
LWPOLYLINE
  5
41B
330
17
100
AcDbEntity
  8
I-PODKLAD-SCIANY
370
25
 48
0.05
100
AcDbPolyline
 90
4
 70
1
 10
8.335
 20
3.8
 10
8.335
 20
3.74
 10
8.365
 20
3.74
 10
8.365
 20
3.8
  0
LWPOLYLINE
  5
41C
330
17
100
AcDbEntity
  8
I-PODKLAD-SCIANY
370
25
 48
0.05
100
AcDbPolyline
 90
4
 70
1
 10
8.435
 20
3.8
 10
8.435
 20
3.74
 10
8.465
 20
3.74
 10
8.465
 20
3.8
  0
LWPOLYLINE
  5
41D
330
17
100
AcDbEntity
  8
I-PODKLAD-SCIANY
370
25
 48
0.05
100
AcDbPolyline
 90
4
 70
1
 10
8.535
 20
3.8
 10
8.535
 20
3.74
 10
8.565
 20
3.74
 10
8.565
 20
3.8
  0
LWPOLYLINE
  5
41E
330
17
100
AcDbEntity
  8
I-PODKLAD-SCIANY
370
25
 48
0.05
100
AcDbPolyline
 90
4
 70
1
 10
8.635
 20
3.8
 10
8.635
 20
3.74
 10
8.665
 20
3.74
 10
8.665
 20
3.8
  0
LWPOLYLINE
  5
41F
330
17
100
AcDbEntity
  8
I-OSIE
  6
PUNKTOWA
370
25
 48
0.05046197583511017
100
AcDbPolyline
 90
2
 70
128
 10
-1.0
 20
-3.75
 10
-1.0
 20
10.45
  0
LWPOLYLINE
  5
420
330
17
100
AcDbEntity
  8
I-OSIE
  6
PUNKTOWA
370
25
 48
0.05046197583511017
100
AcDbPolyline
 90
2
 70
128
 10
0.0
 20
-3.75
 10
0.0
 20
10.45
  0
LWPOLYLINE
  5
421
330
17
100
AcDbEntity
  8
I-OSIE
  6
PUNKTOWA
370
25
 48
0.05046197583511017
100
AcDbPolyline
 90
2
 70
128
 10
3.875
 20
-3.75
 10
3.875
 20
10.45
  0
LWPOLYLINE
  5
422
330
17
100
AcDbEntity
  8
I-OSIE
  6
PUNKTOWA
370
25
 48
0.05046197583511017
100
AcDbPolyline
 90
2
 70
128
 10
5.875
 20
-3.75
 10
5.875
 20
10.45
  0
LWPOLYLINE
  5
423
330
17
100
AcDbEntity
  8
I-OSIE
  6
PUNKTOWA
370
25
 48
0.05046197583511017
100
AcDbPolyline
 90
2
 70
128
 10
7.19
 20
-3.75
 10
7.19
 20
10.45
  0
LWPOLYLINE
  5
424
330
17
100
AcDbEntity
  8
I-OSIE
  6
PUNKTOWA
370
25
 48
0.05046197583511017
100
AcDbPolyline
 90
2
 70
128
 10
8.5
 20
-3.75
 10
8.5
 20
10.45
  0
LWPOLYLINE
  5
425
330
17
100
AcDbEntity
  8
I-OSIE
  6
PUNKTOWA
370
25
 48
0.05046197583511017
100
AcDbPolyline
 90
2
 70
128
 10
9.875
 20
-3.75
 10
9.875
 20
10.45
  0
LWPOLYLINE
  5
426
330
17
100
AcDbEntity
  8
I-OSIE
  6
PUNKTOWA
370
25
 48
0.05046197583511017
100
AcDbPolyline
 90
2
 70
128
 10
12.0
 20
-3.75
 10
12.0
 20
10.45
  0
LWPOLYLINE
  5
427
330
17
100
AcDbEntity
  8
I-OSIE
  6
PUNKTOWA
370
25
 48
0.05046197583511017
100
AcDbPolyline
 90
2
 70
128
 10
14.875
 20
-3.75
 10
14.875
 20
10.45
  0
LWPOLYLINE
  5
428
330
17
100
AcDbEntity
  8
I-OSIE
  6
PUNKTOWA
370
25
 48
0.05046197583511017
100
AcDbPolyline
 90
2
 70
128
 10
18.375
 20
-3.75
 10
18.375
 20
10.45
  0
LWPOLYLINE
  5
429
330
17
100
AcDbEntity
  8
I-OSIE
  6
PUNKTOWA
370
25
 48
0.049656990308250826
100
AcDbPolyline
 90
2
 70
128
 10
-3.75
 20
0.0
 10
20.651445037474453
 20
0.0
  0
LWPOLYLINE
  5
42A
330
17
100
AcDbEntity
  8
I-OSIE
  6
PUNKTOWA
370
25
 48
0.049656990308250826
100
AcDbPolyline
 90
2
 70
128
 10
-3.75
 20
2.875
 10
20.651445037474453
 20
2.875
  0
LWPOLYLINE
  5
42B
330
17
100
AcDbEntity
  8
I-OSIE
  6
PUNKTOWA
370
25
 48
0.049656990308250826
100
AcDbPolyline
 90
2
 70
128
 10
-3.75
 20
3.75
 10
20.651445037474453
 20
3.75
  0
LWPOLYLINE
  5
42C
330
17
100
AcDbEntity
  8
I-OSIE
  6
PUNKTOWA
370
25
 48
0.049656990308250826
100
AcDbPolyline
 90
2
 70
128
 10
-3.75
 20
5.125
 10
20.651445037474453
 20
5.125
  0
LWPOLYLINE
  5
42D
330
17
100
AcDbEntity
  8
I-OSIE
  6
PUNKTOWA
370
25
 48
0.049656990308250826
100
AcDbPolyline
 90
2
 70
128
 10
-3.75
 20
8.75
 10
20.651445037474453
 20
8.75
  0
LWPOLYLINE
  5
42E
330
17
100
AcDbEntity
  8
I-OSIE
  6
PUNKTOWA
370
25
 48
0.049656990308250826
100
AcDbPolyline
 90
2
 70
128
 10
-3.75
 20
9.375
 10
20.651445037474453
 20
9.375
  0
HATCH
  5
42F
330
17
100
AcDbEntity
  8
I-OSIE
 62
7
420
16777215
100
AcDbHatch
 10
0.0
 20
0.0
 30
0.0
210
0.0
220
0.0
230
1.0
  2
SOLID
 70
1
 71
0
 91
1
 92
3
 72
0
 73
1
 93
48
 10
-0.825
 20
-3.925
 10
-0.8264971492595832
 20
-3.902157916361491
 10
-0.830962980399413
 20
-3.8797066671070586
 10
-0.8383210818105248
 20
-3.858030399336109
 10
-0.8484455543377232
 20
-3.8375
 10
-0.8611631654490338
 20
-3.818466749923474
 10
-0.8762563132923542
 20
-3.801256313292354
 10
-0.8934667499234739
 20
-3.7861631654490338
 10
-0.9125
 20
-3.773445554337723
 10
-0.9330303993361093
 20
-3.7633210818105245
 10
-0.9547066671070589
 20
-3.755962980399413
 10
-0.977157916361491
 20
-3.751497149259583
 10
-1.0
 20
-3.75
 10
-1.022842083638509
 20
-3.751497149259583
 10
-1.045293332892941
 20
-3.755962980399413
 10
-1.0669696006638907
 20
-3.7633210818105245
 10
-1.0875
 20
-3.773445554337723
 10
-1.1065332500765261
 20
-3.7861631654490338
 10
-1.1237436867076458
 20
-3.801256313292354
 10
-1.138836834550966
 20
-3.8184667499234735
 10
-1.1515544456622768
 20
-3.8375
 10
-1.161678918189475
 20
-3.858030399336109
 10
-1.169037019600587
 20
-3.8797066671070586
 10
-1.1735028507404168
 20
-3.9021579163614906
 10
-1.175
 20
-3.925
 10
-1.1735028507404168
 20
-3.9478420836385086
 10
-1.169037019600587
 20
-3.970293332892941
 10
-1.1616789181894753
 20
-3.9919696006638903
 10
-1.1515544456622768
 20
-4.0125
 10
-1.1388368345509663
 20
-4.031533250076526
 10
-1.1237436867076458
 20
-4.048743686707645
 10
-1.1065332500765261
 20
-4.063836834550966
 10
-1.0875000000000001
 20
-4.076554445662277
 10
-1.066969600663891
 20
-4.086678918189475
 10
-1.0452933328929412
 20
-4.094037019600587
 10
-1.0228420836385093
 20
-4.098502850740417
 10
-1.0
 20
-4.1
 10
-0.9771579163614911
 20
-4.098502850740417
 10
-0.954706667107059
 20
-4.094037019600587
 10
-0.9330303993361094
 20
-4.086678918189475
 10
-0.9125000000000001
 20
-4.076554445662277
 10
-0.893466749923474
 20
-4.063836834550966
 10
-0.8762563132923542
 20
-4.048743686707645
 10
-0.8611631654490339
 20
-4.031533250076526
 10
-0.8484455543377233
 20
-4.0125
 10
-0.8383210818105249
 20
-3.9919696006638907
 10
-0.8309629803994131
 20
-3.970293332892941
 10
-0.8264971492595832
 20
-3.947842083638509
 97
0
 75
0
 76
1
 98
0
  0
HATCH
  5
430
330
17
100
AcDbEntity
  8
I-OSIE
 62
7
420
16777215
100
AcDbHatch
 10
0.0
 20
0.0
 30
0.0
210
0.0
220
0.0
230
1.0
  2
SOLID
 70
1
 71
0
 91
1
 92
3
 72
0
 73
1
 93
48
 10
0.17500000000000002
 20
-3.925
 10
0.17350285074041683
 20
-3.902157916361491
 10
0.16903701960058698
 20
-3.8797066671070586
 10
0.1616789181894752
 20
-3.858030399336109
 10
0.1515544456622768
 20
-3.8375
 10
0.13883683455096618
 20
-3.818466749923474
 10
0.12374368670764584
 20
-3.801256313292354
 10
0.10653325007652613
 20
-3.7861631654490338
 10
0.08750000000000002
 20
-3.773445554337723
 10
0.06696960066389072
 20
-3.7633210818105245
 10
0.04529333289294117
 20
-3.755962980399413
 10
0.02284208363850905
 20
-3.751497149259583
 10
1.0715659492539341e-17
 20
-3.75
 10
-0.022842083638508995
 20
-3.751497149259583
 10
-0.045293332892941116
 20
-3.755962980399413
 10
-0.06696960066389067
 20
-3.7633210818105245
 10
-0.08749999999999997
 20
-3.773445554337723
 10
-0.10653325007652607
 20
-3.7861631654490338
 10
-0.12374368670764582
 20
-3.801256313292354
 10
-0.13883683455096615
 20
-3.8184667499234735
 10
-0.15155444566227674
 20
-3.8375
 10
-0.1616789181894752
 20
-3.858030399336109
 10
-0.16903701960058695
 20
-3.8797066671070586
 10
-0.17350285074041683
 20
-3.9021579163614906
 10
-0.17500000000000002
 20
-3.925
 10
-0.17350285074041685
 20
-3.9478420836385086
 10
-0.16903701960058698
 20
-3.970293332892941
 10
-0.16167891818947525
 20
-3.9919696006638903
 10
-0.1515544456622768
 20
-4.0125
 10
-0.1388368345509662
 20
-4.031533250076526
 10
-0.12374368670764589
 20
-4.048743686707645
 10
-0.10653325007652617
 20
-4.063836834550966
 10
-0.08750000000000009
 20
-4.076554445662277
 10
-0.06696960066389082
 20
-4.086678918189475
 10
-0.04529333289294127
 20
-4.094037019600587
 10
-0.02284208363850919
 20
-4.098502850740417
 10
-3.2146978477618024e-17
 20
-4.1
 10
0.022842083638508974
 20
-4.098502850740417
 10
0.04529333289294105
 20
-4.094037019600587
 10
0.06696960066389061
 20
-4.086678918189475
 10
0.0874999999999999
 20
-4.076554445662277
 10
0.10653325007652599
 20
-4.063836834550966
 10
0.1237436867076458
 20
-4.048743686707645
 10
0.13883683455096613
 20
-4.031533250076526
 10
0.15155444566227674
 20
-4.0125
 10
0.16167891818947516
 20
-3.9919696006638907
 10
0.16903701960058692
 20
-3.970293332892941
 10
0.17350285074041683
 20
-3.947842083638509
 97
0
 75
0
 76
1
 98
0
  0
HATCH
  5
431
330
17
100
AcDbEntity
  8
I-OSIE
 62
7
420
16777215
100
AcDbHatch
 10
0.0
 20
0.0
 30
0.0
210
0.0
220
0.0
230
1.0
  2
SOLID
 70
1
 71
0
 91
1
 92
3
 72
0
 73
1
 93
48
 10
4.05
 20
-3.925
 10
4.048502850740417
 20
-3.902157916361491
 10
4.044037019600587
 20
-3.8797066671070586
 10
4.036678918189475
 20
-3.858030399336109
 10
4.026554445662277
 20
-3.8375
 10
4.0138368345509665
 20
-3.818466749923474
 10
3.998743686707646
 20
-3.801256313292354
 10
3.981533250076526
 20
-3.7861631654490338
 10
3.9625
 20
-3.773445554337723
 10
3.941969600663891
 20
-3.7633210818105245
 10
3.9202933328929412
 20
-3.755962980399413
 10
3.8978420836385093
 20
-3.751497149259583
 10
3.875
 20
-3.75
 10
3.852157916361491
 20
-3.751497149259583
 10
3.8297066671070588
 20
-3.755962980399413
 10
3.8080303993361095
 20
-3.7633210818105245
 10
3.7875
 20
-3.773445554337723
 10
3.768466749923474
 20
-3.7861631654490338
 10
3.751256313292354
 20
-3.801256313292354
 10
3.736163165449034
 20
-3.8184667499234735
 10
3.723445554337723
 20
-3.8375
 10
3.7133210818105247
 20
-3.858030399336109
 10
3.705962980399413
 20
-3.8797066671070586
 10
3.701497149259583
 20
-3.9021579163614906
 10
3.7
 20
-3.925
 10
3.701497149259583
 20
-3.9478420836385086
 10
3.705962980399413
 20
-3.970293332892941
 10
3.7133210818105247
 20
-3.9919696006638903
 10
3.723445554337723
 20
-4.0125
 10
3.736163165449034
 20
-4.031533250076526
 10
3.751256313292354
 20
-4.048743686707645
 10
3.7684667499234736
 20
-4.063836834550966
 10
3.7875
 20
-4.076554445662277
 10
3.808030399336109
 20
-4.086678918189475
 10
3.8297066671070588
 20
-4.094037019600587
 10
3.8521579163614907
 20
-4.098502850740417
 10
3.875
 20
-4.1
 10
3.897842083638509
 20
-4.098502850740417
 10
3.9202933328929412
 20
-4.094037019600587
 10
3.9419696006638905
 20
-4.086678918189475
 10
3.9625
 20
-4.076554445662277
 10
3.981533250076526
 20
-4.063836834550966
 10
3.9987436867076456
 20
-4.048743686707645
 10
4.0138368345509665
 20
-4.031533250076526
 10
4.026554445662277
 20
-4.0125
 10
4.036678918189475
 20
-3.9919696006638907
 10
4.044037019600587
 20
-3.970293332892941
 10
4.048502850740417
 20
-3.947842083638509
 97
0
 75
0
 76
1
 98
0
  0
HATCH
  5
432
330
17
100
AcDbEntity
  8
I-OSIE
 62
7
420
16777215
100
AcDbHatch
 10
0.0
 20
0.0
 30
0.0
210
0.0
220
0.0
230
1.0
  2
SOLID
 70
1
 71
0
 91
1
 92
3
 72
0
 73
1
 93
48
 10
6.05
 20
-3.925
 10
6.048502850740417
 20
-3.902157916361491
 10
6.044037019600587
 20
-3.8797066671070586
 10
6.036678918189475
 20
-3.858030399336109
 10
6.026554445662277
 20
-3.8375
 10
6.0138368345509665
 20
-3.818466749923474
 10
5.998743686707646
 20
-3.801256313292354
 10
5.981533250076526
 20
-3.7861631654490338
 10
5.9625
 20
-3.773445554337723
 10
5.9419696006638905
 20
-3.7633210818105245
 10
5.920293332892941
 20
-3.755962980399413
 10
5.897842083638509
 20
-3.751497149259583
 10
5.875
 20
-3.75
 10
5.852157916361491
 20
-3.751497149259583
 10
5.829706667107059
 20
-3.755962980399413
 10
5.8080303993361095
 20
-3.7633210818105245
 10
5.7875
 20
-3.773445554337723
 10
5.768466749923474
 20
-3.7861631654490338
 10
5.751256313292354
 20
-3.801256313292354
 10
5.7361631654490335
 20
-3.8184667499234735
 10
5.723445554337723
 20
-3.8375
 10
5.713321081810525
 20
-3.858030399336109
 10
5.705962980399413
 20
-3.8797066671070586
 10
5.701497149259583
 20
-3.9021579163614906
 10
5.7
 20
-3.925
 10
5.701497149259583
 20
-3.9478420836385086
 10
5.705962980399413
 20
-3.970293332892941
 10
5.713321081810525
 20
-3.9919696006638903
 10
5.723445554337723
 20
-4.0125
 10
5.7361631654490335
 20
-4.031533250076526
 10
5.751256313292354
 20
-4.048743686707645
 10
5.768466749923474
 20
-4.063836834550966
 10
5.7875
 20
-4.076554445662277
 10
5.8080303993361095
 20
-4.086678918189475
 10
5.829706667107058
 20
-4.094037019600587
 10
5.852157916361491
 20
-4.098502850740417
 10
5.875
 20
-4.1
 10
5.897842083638509
 20
-4.098502850740417
 10
5.920293332892941
 20
-4.094037019600587
 10
5.9419696006638905
 20
-4.086678918189475
 10
5.9624999999999995
 20
-4.076554445662277
 10
5.981533250076526
 20
-4.063836834550966
 10
5.998743686707646
 20
-4.048743686707645
 10
6.0138368345509665
 20
-4.031533250076526
 10
6.026554445662277
 20
-4.0125
 10
6.036678918189475
 20
-3.9919696006638907
 10
6.044037019600587
 20
-3.970293332892941
 10
6.048502850740417
 20
-3.947842083638509
 97
0
 75
0
 76
1
 98
0
  0
HATCH
  5
433
330
17
100
AcDbEntity
  8
I-OSIE
 62
7
420
16777215
100
AcDbHatch
 10
0.0
 20
0.0
 30
0.0
210
0.0
220
0.0
230
1.0
  2
SOLID
 70
1
 71
0
 91
1
 92
3
 72
0
 73
1
 93
48
 10
7.365
 20
-3.925
 10
7.363502850740417
 20
-3.902157916361491
 10
7.359037019600588
 20
-3.8797066671070586
 10
7.351678918189475
 20
-3.858030399336109
 10
7.341554445662277
 20
-3.8375
 10
7.328836834550967
 20
-3.818466749923474
 10
7.313743686707646
 20
-3.801256313292354
 10
7.296533250076527
 20
-3.7861631654490338
 10
7.277500000000001
 20
-3.773445554337723
 10
7.256969600663891
 20
-3.7633210818105245
 10
7.235293332892941
 20
-3.755962980399413
 10
7.21284208363851
 20
-3.751497149259583
 10
7.19
 20
-3.75
 10
7.167157916361491
 20
-3.751497149259583
 10
7.14470666710706
 20
-3.755962980399413
 10
7.12303039933611
 20
-3.7633210818105245
 10
7.1025
 20
-3.773445554337723
 10
7.083466749923474
 20
-3.7861631654490338
 10
7.066256313292355
 20
-3.801256313292354
 10
7.051163165449034
 20
-3.8184667499234735
 10
7.038445554337724
 20
-3.8375
 10
7.0283210818105255
 20
-3.858030399336109
 10
7.020962980399413
 20
-3.8797066671070586
 10
7.016497149259584
 20
-3.9021579163614906
 10
7.015000000000001
 20
-3.925
 10
7.016497149259584
 20
-3.9478420836385086
 10
7.020962980399413
 20
-3.970293332892941
 10
7.0283210818105255
 20
-3.9919696006638903
 10
7.038445554337724
 20
-4.0125
 10
7.051163165449034
 20
-4.031533250076526
 10
7.066256313292355
 20
-4.048743686707645
 10
7.083466749923474
 20
-4.063836834550966
 10
7.1025
 20
-4.076554445662277
 10
7.12303039933611
 20
-4.086678918189475
 10
7.144706667107059
 20
-4.094037019600587
 10
7.167157916361491
 20
-4.098502850740417
 10
7.19
 20
-4.1
 10
7.21284208363851
 20
-4.098502850740417
 10
7.235293332892941
 20
-4.094037019600587
 10
7.256969600663891
 20
-4.086678918189475
 10
7.2775
 20
-4.076554445662277
 10
7.296533250076527
 20
-4.063836834550966
 10
7.313743686707646
 20
-4.048743686707645
 10
7.328836834550967
 20
-4.031533250076526
 10
7.341554445662277
 20
-4.0125
 10
7.351678918189475
 20
-3.9919696006638907
 10
7.359037019600588
 20
-3.970293332892941
 10
7.363502850740417
 20
-3.947842083638509
 97
0
 75
0
 76
1
 98
0
  0
HATCH
  5
434
330
17
100
AcDbEntity
  8
I-OSIE
 62
7
420
16777215
100
AcDbHatch
 10
0.0
 20
0.0
 30
0.0
210
0.0
220
0.0
230
1.0
  2
SOLID
 70
1
 71
0
 91
1
 92
3
 72
0
 73
1
 93
48
 10
8.675
 20
-3.925
 10
8.673502850740416
 20
-3.902157916361491
 10
8.669037019600587
 20
-3.8797066671070586
 10
8.661678918189475
 20
-3.858030399336109
 10
8.651554445662276
 20
-3.8375
 10
8.638836834550967
 20
-3.818466749923474
 10
8.623743686707646
 20
-3.801256313292354
 10
8.606533250076525
 20
-3.7861631654490338
 10
8.5875
 20
-3.773445554337723
 10
8.56696960066389
 20
-3.7633210818105245
 10
8.54529333289294
 20
-3.755962980399413
 10
8.522842083638508
 20
-3.751497149259583
 10
8.5
 20
-3.75
 10
8.477157916361492
 20
-3.751497149259583
 10
8.45470666710706
 20
-3.755962980399413
 10
8.43303039933611
 20
-3.7633210818105245
 10
8.4125
 20
-3.773445554337723
 10
8.393466749923475
 20
-3.7861631654490338
 10
8.376256313292354
 20
-3.801256313292354
 10
8.361163165449033
 20
-3.8184667499234735
 10
8.348445554337724
 20
-3.8375
 10
8.338321081810525
 20
-3.858030399336109
 10
8.330962980399413
 20
-3.8797066671070586
 10
8.326497149259584
 20
-3.9021579163614906
 10
8.325
 20
-3.925
 10
8.326497149259582
 20
-3.9478420836385086
 10
8.330962980399413
 20
-3.970293332892941
 10
8.338321081810525
 20
-3.9919696006638903
 10
8.348445554337724
 20
-4.0125
 10
8.361163165449033
 20
-4.031533250076526
 10
8.376256313292354
 20
-4.048743686707645
 10
8.393466749923475
 20
-4.063836834550966
 10
8.4125
 20
-4.076554445662277
 10
8.43303039933611
 20
-4.086678918189475
 10
8.45470666710706
 20
-4.094037019600587
 10
8.477157916361492
 20
-4.098502850740417
 10
8.5
 20
-4.1
 10
8.522842083638508
 20
-4.098502850740417
 10
8.54529333289294
 20
-4.094037019600587
 10
8.56696960066389
 20
-4.086678918189475
 10
8.5875
 20
-4.076554445662277
 10
8.606533250076525
 20
-4.063836834550966
 10
8.623743686707646
 20
-4.048743686707645
 10
8.638836834550967
 20
-4.031533250076526
 10
8.651554445662276
 20
-4.0125
 10
8.661678918189475
 20
-3.9919696006638907
 10
8.669037019600587
 20
-3.970293332892941
 10
8.673502850740416
 20
-3.947842083638509
 97
0
 75
0
 76
1
 98
0
  0
HATCH
  5
435
330
17
100
AcDbEntity
  8
I-OSIE
 62
7
420
16777215
100
AcDbHatch
 10
0.0
 20
0.0
 30
0.0
210
0.0
220
0.0
230
1.0
  2
SOLID
 70
1
 71
0
 91
1
 92
3
 72
0
 73
1
 93
48
 10
10.05
 20
-3.925
 10
10.048502850740416
 20
-3.902157916361491
 10
10.044037019600587
 20
-3.8797066671070586
 10
10.036678918189475
 20
-3.858030399336109
 10
10.026554445662276
 20
-3.8375
 10
10.013836834550967
 20
-3.818466749923474
 10
9.998743686707646
 20
-3.801256313292354
 10
9.981533250076525
 20
-3.7861631654490338
 10
9.9625
 20
-3.773445554337723
 10
9.94196960066389
 20
-3.7633210818105245
 10
9.92029333289294
 20
-3.755962980399413
 10
9.897842083638508
 20
-3.751497149259583
 10
9.875
 20
-3.75
 10
9.852157916361492
 20
-3.751497149259583
 10
9.82970666710706
 20
-3.755962980399413
 10
9.80803039933611
 20
-3.7633210818105245
 10
9.7875
 20
-3.773445554337723
 10
9.768466749923475
 20
-3.7861631654490338
 10
9.751256313292354
 20
-3.801256313292354
 10
9.736163165449033
 20
-3.8184667499234735
 10
9.723445554337724
 20
-3.8375
 10
9.713321081810525
 20
-3.858030399336109
 10
9.705962980399413
 20
-3.8797066671070586
 10
9.701497149259584
 20
-3.9021579163614906
 10
9.7
 20
-3.925
 10
9.701497149259582
 20
-3.9478420836385086
 10
9.705962980399413
 20
-3.970293332892941
 10
9.713321081810525
 20
-3.9919696006638903
 10
9.723445554337724
 20
-4.0125
 10
9.736163165449033
 20
-4.031533250076526
 10
9.751256313292354
 20
-4.048743686707645
 10
9.768466749923475
 20
-4.063836834550966
 10
9.7875
 20
-4.076554445662277
 10
9.80803039933611
 20
-4.086678918189475
 10
9.82970666710706
 20
-4.094037019600587
 10
9.852157916361492
 20
-4.098502850740417
 10
9.875
 20
-4.1
 10
9.897842083638508
 20
-4.098502850740417
 10
9.92029333289294
 20
-4.094037019600587
 10
9.94196960066389
 20
-4.086678918189475
 10
9.9625
 20
-4.076554445662277
 10
9.981533250076525
 20
-4.063836834550966
 10
9.998743686707646
 20
-4.048743686707645
 10
10.013836834550967
 20
-4.031533250076526
 10
10.026554445662276
 20
-4.0125
 10
10.036678918189475
 20
-3.9919696006638907
 10
10.044037019600587
 20
-3.970293332892941
 10
10.048502850740416
 20
-3.947842083638509
 97
0
 75
0
 76
1
 98
0
  0
HATCH
  5
436
330
17
100
AcDbEntity
  8
I-OSIE
 62
7
420
16777215
100
AcDbHatch
 10
0.0
 20
0.0
 30
0.0
210
0.0
220
0.0
230
1.0
  2
SOLID
 70
1
 71
0
 91
1
 92
3
 72
0
 73
1
 93
48
 10
12.175
 20
-3.925
 10
12.173502850740416
 20
-3.902157916361491
 10
12.169037019600587
 20
-3.8797066671070586
 10
12.161678918189475
 20
-3.858030399336109
 10
12.151554445662276
 20
-3.8375
 10
12.138836834550967
 20
-3.818466749923474
 10
12.123743686707646
 20
-3.801256313292354
 10
12.106533250076525
 20
-3.7861631654490338
 10
12.0875
 20
-3.773445554337723
 10
12.06696960066389
 20
-3.7633210818105245
 10
12.04529333289294
 20
-3.755962980399413
 10
12.022842083638508
 20
-3.751497149259583
 10
12.0
 20
-3.75
 10
11.977157916361492
 20
-3.751497149259583
 10
11.95470666710706
 20
-3.755962980399413
 10
11.93303039933611
 20
-3.7633210818105245
 10
11.9125
 20
-3.773445554337723
 10
11.893466749923475
 20
-3.7861631654490338
 10
11.876256313292354
 20
-3.801256313292354
 10
11.861163165449033
 20
-3.8184667499234735
 10
11.848445554337724
 20
-3.8375
 10
11.838321081810525
 20
-3.858030399336109
 10
11.830962980399413
 20
-3.8797066671070586
 10
11.826497149259584
 20
-3.9021579163614906
 10
11.825
 20
-3.925
 10
11.826497149259582
 20
-3.9478420836385086
 10
11.830962980399413
 20
-3.970293332892941
 10
11.838321081810525
 20
-3.9919696006638903
 10
11.848445554337724
 20
-4.0125
 10
11.861163165449033
 20
-4.031533250076526
 10
11.876256313292354
 20
-4.048743686707645
 10
11.893466749923475
 20
-4.063836834550966
 10
11.9125
 20
-4.076554445662277
 10
11.93303039933611
 20
-4.086678918189475
 10
11.95470666710706
 20
-4.094037019600587
 10
11.977157916361492
 20
-4.098502850740417
 10
12.0
 20
-4.1
 10
12.022842083638508
 20
-4.098502850740417
 10
12.04529333289294
 20
-4.094037019600587
 10
12.06696960066389
 20
-4.086678918189475
 10
12.0875
 20
-4.076554445662277
 10
12.106533250076525
 20
-4.063836834550966
 10
12.123743686707646
 20
-4.048743686707645
 10
12.138836834550967
 20
-4.031533250076526
 10
12.151554445662276
 20
-4.0125
 10
12.161678918189475
 20
-3.9919696006638907
 10
12.169037019600587
 20
-3.970293332892941
 10
12.173502850740416
 20
-3.947842083638509
 97
0
 75
0
 76
1
 98
0
  0
HATCH
  5
437
330
17
100
AcDbEntity
  8
I-OSIE
 62
7
420
16777215
100
AcDbHatch
 10
0.0
 20
0.0
 30
0.0
210
0.0
220
0.0
230
1.0
  2
SOLID
 70
1
 71
0
 91
1
 92
3
 72
0
 73
1
 93
48
 10
15.05
 20
-3.925
 10
15.048502850740416
 20
-3.902157916361491
 10
15.044037019600587
 20
-3.8797066671070586
 10
15.036678918189475
 20
-3.858030399336109
 10
15.026554445662276
 20
-3.8375
 10
15.013836834550967
 20
-3.818466749923474
 10
14.998743686707646
 20
-3.801256313292354
 10
14.981533250076525
 20
-3.7861631654490338
 10
14.9625
 20
-3.773445554337723
 10
14.94196960066389
 20
-3.7633210818105245
 10
14.92029333289294
 20
-3.755962980399413
 10
14.897842083638508
 20
-3.751497149259583
 10
14.875
 20
-3.75
 10
14.852157916361492
 20
-3.751497149259583
 10
14.82970666710706
 20
-3.755962980399413
 10
14.80803039933611
 20
-3.7633210818105245
 10
14.7875
 20
-3.773445554337723
 10
14.768466749923475
 20
-3.7861631654490338
 10
14.751256313292354
 20
-3.801256313292354
 10
14.736163165449033
 20
-3.8184667499234735
 10
14.723445554337724
 20
-3.8375
 10
14.713321081810525
 20
-3.858030399336109
 10
14.705962980399413
 20
-3.8797066671070586
 10
14.701497149259584
 20
-3.9021579163614906
 10
14.7
 20
-3.925
 10
14.701497149259582
 20
-3.9478420836385086
 10
14.705962980399413
 20
-3.970293332892941
 10
14.713321081810525
 20
-3.9919696006638903
 10
14.723445554337724
 20
-4.0125
 10
14.736163165449033
 20
-4.031533250076526
 10
14.751256313292354
 20
-4.048743686707645
 10
14.768466749923475
 20
-4.063836834550966
 10
14.7875
 20
-4.076554445662277
 10
14.80803039933611
 20
-4.086678918189475
 10
14.82970666710706
 20
-4.094037019600587
 10
14.852157916361492
 20
-4.098502850740417
 10
14.875
 20
-4.1
 10
14.897842083638508
 20
-4.098502850740417
 10
14.92029333289294
 20
-4.094037019600587
 10
14.94196960066389
 20
-4.086678918189475
 10
14.9625
 20
-4.076554445662277
 10
14.981533250076525
 20
-4.063836834550966
 10
14.998743686707646
 20
-4.048743686707645
 10
15.013836834550967
 20
-4.031533250076526
 10
15.026554445662276
 20
-4.0125
 10
15.036678918189475
 20
-3.9919696006638907
 10
15.044037019600587
 20
-3.970293332892941
 10
15.048502850740416
 20
-3.947842083638509
 97
0
 75
0
 76
1
 98
0
  0
HATCH
  5
438
330
17
100
AcDbEntity
  8
I-OSIE
 62
7
420
16777215
100
AcDbHatch
 10
0.0
 20
0.0
 30
0.0
210
0.0
220
0.0
230
1.0
  2
SOLID
 70
1
 71
0
 91
1
 92
3
 72
0
 73
1
 93
48
 10
18.55
 20
-3.925
 10
18.548502850740416
 20
-3.902157916361491
 10
18.544037019600587
 20
-3.8797066671070586
 10
18.536678918189477
 20
-3.858030399336109
 10
18.526554445662278
 20
-3.8375
 10
18.513836834550965
 20
-3.818466749923474
 10
18.498743686707645
 20
-3.801256313292354
 10
18.481533250076527
 20
-3.7861631654490338
 10
18.4625
 20
-3.773445554337723
 10
18.441969600663892
 20
-3.7633210818105245
 10
18.420293332892943
 20
-3.755962980399413
 10
18.39784208363851
 20
-3.751497149259583
 10
18.375
 20
-3.75
 10
18.35215791636149
 20
-3.751497149259583
 10
18.329706667107057
 20
-3.755962980399413
 10
18.308030399336108
 20
-3.7633210818105245
 10
18.2875
 20
-3.773445554337723
 10
18.268466749923473
 20
-3.7861631654490338
 10
18.251256313292355
 20
-3.801256313292354
 10
18.236163165449035
 20
-3.8184667499234735
 10
18.223445554337722
 20
-3.8375
 10
18.213321081810523
 20
-3.858030399336109
 10
18.205962980399413
 20
-3.8797066671070586
 10
18.201497149259584
 20
-3.9021579163614906
 10
18.2
 20
-3.925
 10
18.201497149259584
 20
-3.9478420836385086
 10
18.205962980399413
 20
-3.970293332892941
 10
18.213321081810523
 20
-3.9919696006638903
 10
18.223445554337722
 20
-4.0125
 10
18.236163165449035
 20
-4.031533250076526
 10
18.251256313292355
 20
-4.048743686707645
 10
18.268466749923473
 20
-4.063836834550966
 10
18.2875
 20
-4.076554445662277
 10
18.308030399336108
 20
-4.086678918189475
 10
18.329706667107057
 20
-4.094037019600587
 10
18.35215791636149
 20
-4.098502850740417
 10
18.375
 20
-4.1
 10
18.39784208363851
 20
-4.098502850740417
 10
18.420293332892943
 20
-4.094037019600587
 10
18.441969600663892
 20
-4.086678918189475
 10
18.4625
 20
-4.076554445662277
 10
18.481533250076527
 20
-4.063836834550966
 10
18.498743686707645
 20
-4.048743686707645
 10
18.513836834550965
 20
-4.031533250076526
 10
18.526554445662278
 20
-4.0125
 10
18.536678918189477
 20
-3.9919696006638907
 10
18.544037019600587
 20
-3.970293332892941
 10
18.548502850740416
 20
-3.947842083638509
 97
0
 75
0
 76
1
 98
0
  0
HATCH
  5
439
330
17
100
AcDbEntity
  8
I-OSIE
 62
7
420
16777215
100
AcDbHatch
 10
0.0
 20
0.0
 30
0.0
210
0.0
220
0.0
230
1.0
  2
SOLID
 70
1
 71
0
 91
1
 92
3
 72
0
 73
1
 93
48
 10
-3.75
 20
0.0
 10
-3.751497149259583
 20
0.022842083638509026
 10
-3.755962980399413
 20
0.045293332892941136
 10
-3.7633210818105245
 20
0.06696960066389072
 10
-3.773445554337723
 20
0.0875
 10
-3.7861631654490338
 20
0.1065332500765261
 10
-3.801256313292354
 20
0.12374368670764582
 10
-3.818466749923474
 20
0.13883683455096615
 10
-3.8375
 20
0.15155444566227677
 10
-3.858030399336109
 20
0.1616789181894752
 10
-3.8797066671070586
 20
0.16903701960058695
 10
-3.9021579163614906
 20
0.17350285074041683
 10
-3.925
 20
0.17500000000000002
 10
-3.9478420836385086
 20
0.17350285074041685
 10
-3.970293332892941
 20
0.16903701960058698
 10
-3.9919696006638903
 20
0.16167891818947522
 10
-4.0125
 20
0.1515544456622768
 10
-4.031533250076526
 20
0.1388368345509662
 10
-4.048743686707645
 20
0.12374368670764584
 10
-4.063836834550966
 20
0.10653325007652617
 10
-4.076554445662277
 20
0.08750000000000006
 10
-4.086678918189475
 20
0.06696960066389074
 10
-4.094037019600587
 20
0.045293332892941185
 10
-4.098502850740417
 20
0.0228420836385091
 10
-4.1
 20
2.1431318985078683e-17
 10
-4.098502850740417
 20
-0.022842083638508984
 10
-4.094037019600587
 20
-0.04529333289294107
 10
-4.086678918189475
 20
-0.06696960066389063
 10
-4.076554445662277
 20
-0.08749999999999995
 10
-4.063836834550966
 20
-0.10653325007652607
 10
-4.048743686707645
 20
-0.12374368670764575
 10
-4.031533250076526
 20
-0.13883683455096613
 10
-4.0125
 20
-0.15155444566227674
 10
-3.9919696006638907
 20
-0.16167891818947516
 10
-3.970293332892941
 20
-0.16903701960058692
 10
-3.947842083638509
 20
-0.17350285074041683
 10
-3.925
 20
-0.17500000000000002
 10
-3.902157916361491
 20
-0.17350285074041685
 10
-3.8797066671070586
 20
-0.16903701960058698
 10
-3.8580303993361094
 20
-0.16167891818947525
 10
-3.8375
 20
-0.15155444566227685
 10
-3.818466749923474
 20
-0.13883683455096626
 10
-3.8012563132923542
 20
-0.12374368670764585
 10
-3.7861631654490338
 20
-0.10653325007652617
 10
-3.773445554337723
 20
-0.08750000000000009
 10
-3.7633210818105245
 20
-0.06696960066389082
 10
-3.755962980399413
 20
-0.04529333289294128
 10
-3.751497149259583
 20
-0.022842083638509203
 97
0
 75
0
 76
1
 98
0
  0
HATCH
  5
43A
330
17
100
AcDbEntity
  8
I-OSIE
 62
7
420
16777215
100
AcDbHatch
 10
0.0
 20
0.0
 30
0.0
210
0.0
220
0.0
230
1.0
  2
SOLID
 70
1
 71
0
 91
1
 92
3
 72
0
 73
1
 93
48
 10
-3.75
 20
2.875
 10
-3.751497149259583
 20
2.897842083638509
 10
-3.755962980399413
 20
2.9202933328929412
 10
-3.7633210818105245
 20
2.941969600663891
 10
-3.773445554337723
 20
2.9625
 10
-3.7861631654490338
 20
2.981533250076526
 10
-3.801256313292354
 20
2.998743686707646
 10
-3.818466749923474
 20
3.013836834550966
 10
-3.8375
 20
3.026554445662277
 10
-3.858030399336109
 20
3.0366789181894753
 10
-3.8797066671070586
 20
3.044037019600587
 10
-3.9021579163614906
 20
3.048502850740417
 10
-3.925
 20
3.05
 10
-3.9478420836385086
 20
3.048502850740417
 10
-3.970293332892941
 20
3.044037019600587
 10
-3.9919696006638903
 20
3.0366789181894753
 10
-4.0125
 20
3.026554445662277
 10
-4.031533250076526
 20
3.013836834550966
 10
-4.048743686707645
 20
2.998743686707646
 10
-4.063836834550966
 20
2.9815332500765264
 10
-4.076554445662277
 20
2.9625
 10
-4.086678918189475
 20
2.941969600663891
 10
-4.094037019600587
 20
2.9202933328929412
 10
-4.098502850740417
 20
2.8978420836385093
 10
-4.1
 20
2.875
 10
-4.098502850740417
 20
2.852157916361491
 10
-4.094037019600587
 20
2.8297066671070588
 10
-4.086678918189475
 20
2.8080303993361095
 10
-4.076554445662277
 20
2.7875
 10
-4.063836834550966
 20
2.768466749923474
 10
-4.048743686707645
 20
2.7512563132923544
 10
-4.031533250076526
 20
2.736163165449034
 10
-4.0125
 20
2.723445554337723
 10
-3.9919696006638907
 20
2.7133210818105247
 10
-3.970293332892941
 20
2.705962980399413
 10
-3.947842083638509
 20
2.701497149259583
 10
-3.925
 20
2.7
 10
-3.902157916361491
 20
2.701497149259583
 10
-3.8797066671070586
 20
2.705962980399413
 10
-3.8580303993361094
 20
2.7133210818105247
 10
-3.8375
 20
2.723445554337723
 10
-3.818466749923474
 20
2.736163165449034
 10
-3.8012563132923542
 20
2.751256313292354
 10
-3.7861631654490338
 20
2.7684667499234736
 10
-3.773445554337723
 20
2.7875
 10
-3.7633210818105245
 20
2.808030399336109
 10
-3.755962980399413
 20
2.8297066671070588
 10
-3.751497149259583
 20
2.8521579163614907
 97
0
 75
0
 76
1
 98
0
  0
HATCH
  5
43B
330
17
100
AcDbEntity
  8
I-OSIE
 62
7
420
16777215
100
AcDbHatch
 10
0.0
 20
0.0
 30
0.0
210
0.0
220
0.0
230
1.0
  2
SOLID
 70
1
 71
0
 91
1
 92
3
 72
0
 73
1
 93
48
 10
-3.75
 20
3.75
 10
-3.751497149259583
 20
3.772842083638509
 10
-3.755962980399413
 20
3.7952933328929412
 10
-3.7633210818105245
 20
3.816969600663891
 10
-3.773445554337723
 20
3.8375
 10
-3.7861631654490338
 20
3.856533250076526
 10
-3.801256313292354
 20
3.873743686707646
 10
-3.818466749923474
 20
3.888836834550966
 10
-3.8375
 20
3.901554445662277
 10
-3.858030399336109
 20
3.9116789181894753
 10
-3.8797066671070586
 20
3.919037019600587
 10
-3.9021579163614906
 20
3.923502850740417
 10
-3.925
 20
3.925
 10
-3.9478420836385086
 20
3.923502850740417
 10
-3.970293332892941
 20
3.919037019600587
 10
-3.9919696006638903
 20
3.9116789181894753
 10
-4.0125
 20
3.901554445662277
 10
-4.031533250076526
 20
3.888836834550966
 10
-4.048743686707645
 20
3.873743686707646
 10
-4.063836834550966
 20
3.8565332500765264
 10
-4.076554445662277
 20
3.8375
 10
-4.086678918189475
 20
3.816969600663891
 10
-4.094037019600587
 20
3.7952933328929412
 10
-4.098502850740417
 20
3.7728420836385093
 10
-4.1
 20
3.75
 10
-4.098502850740417
 20
3.727157916361491
 10
-4.094037019600587
 20
3.7047066671070588
 10
-4.086678918189475
 20
3.6830303993361095
 10
-4.076554445662277
 20
3.6625
 10
-4.063836834550966
 20
3.643466749923474
 10
-4.048743686707645
 20
3.6262563132923544
 10
-4.031533250076526
 20
3.611163165449034
 10
-4.0125
 20
3.598445554337723
 10
-3.9919696006638907
 20
3.5883210818105247
 10
-3.970293332892941
 20
3.580962980399413
 10
-3.947842083638509
 20
3.576497149259583
 10
-3.925
 20
3.575
 10
-3.902157916361491
 20
3.576497149259583
 10
-3.8797066671070586
 20
3.580962980399413
 10
-3.8580303993361094
 20
3.5883210818105247
 10
-3.8375
 20
3.598445554337723
 10
-3.818466749923474
 20
3.611163165449034
 10
-3.8012563132923542
 20
3.626256313292354
 10
-3.7861631654490338
 20
3.6434667499234736
 10
-3.773445554337723
 20
3.6625
 10
-3.7633210818105245
 20
3.683030399336109
 10
-3.755962980399413
 20
3.7047066671070588
 10
-3.751497149259583
 20
3.7271579163614907
 97
0
 75
0
 76
1
 98
0
  0
HATCH
  5
43C
330
17
100
AcDbEntity
  8
I-OSIE
 62
7
420
16777215
100
AcDbHatch
 10
0.0
 20
0.0
 30
0.0
210
0.0
220
0.0
230
1.0
  2
SOLID
 70
1
 71
0
 91
1
 92
3
 72
0
 73
1
 93
48
 10
-3.75
 20
5.125
 10
-3.751497149259583
 20
5.147842083638509
 10
-3.755962980399413
 20
5.170293332892941
 10
-3.7633210818105245
 20
5.1919696006638905
 10
-3.773445554337723
 20
5.2125
 10
-3.7861631654490338
 20
5.231533250076526
 10
-3.801256313292354
 20
5.248743686707646
 10
-3.818466749923474
 20
5.2638368345509665
 10
-3.8375
 20
5.276554445662277
 10
-3.858030399336109
 20
5.286678918189475
 10
-3.8797066671070586
 20
5.294037019600587
 10
-3.9021579163614906
 20
5.298502850740417
 10
-3.925
 20
5.3
 10
-3.9478420836385086
 20
5.298502850740417
 10
-3.970293332892941
 20
5.294037019600587
 10
-3.9919696006638903
 20
5.286678918189475
 10
-4.0125
 20
5.276554445662277
 10
-4.031533250076526
 20
5.2638368345509665
 10
-4.048743686707645
 20
5.248743686707646
 10
-4.063836834550966
 20
5.231533250076526
 10
-4.076554445662277
 20
5.2125
 10
-4.086678918189475
 20
5.1919696006638905
 10
-4.094037019600587
 20
5.170293332892941
 10
-4.098502850740417
 20
5.147842083638509
 10
-4.1
 20
5.125
 10
-4.098502850740417
 20
5.102157916361491
 10
-4.094037019600587
 20
5.079706667107059
 10
-4.086678918189475
 20
5.0580303993361095
 10
-4.076554445662277
 20
5.0375
 10
-4.063836834550966
 20
5.018466749923474
 10
-4.048743686707645
 20
5.001256313292354
 10
-4.031533250076526
 20
4.9861631654490335
 10
-4.0125
 20
4.973445554337723
 10
-3.9919696006638907
 20
4.963321081810525
 10
-3.970293332892941
 20
4.955962980399413
 10
-3.947842083638509
 20
4.951497149259583
 10
-3.925
 20
4.95
 10
-3.902157916361491
 20
4.951497149259583
 10
-3.8797066671070586
 20
4.955962980399413
 10
-3.8580303993361094
 20
4.963321081810525
 10
-3.8375
 20
4.973445554337723
 10
-3.818466749923474
 20
4.9861631654490335
 10
-3.8012563132923542
 20
5.001256313292354
 10
-3.7861631654490338
 20
5.018466749923474
 10
-3.773445554337723
 20
5.0375
 10
-3.7633210818105245
 20
5.0580303993361095
 10
-3.755962980399413
 20
5.079706667107058
 10
-3.751497149259583
 20
5.102157916361491
 97
0
 75
0
 76
1
 98
0
  0
HATCH
  5
43D
330
17
100
AcDbEntity
  8
I-OSIE
 62
7
420
16777215
100
AcDbHatch
 10
0.0
 20
0.0
 30
0.0
210
0.0
220
0.0
230
1.0
  2
SOLID
 70
1
 71
0
 91
1
 92
3
 72
0
 73
1
 93
48
 10
-3.75
 20
8.75
 10
-3.751497149259583
 20
8.772842083638508
 10
-3.755962980399413
 20
8.79529333289294
 10
-3.7633210818105245
 20
8.81696960066389
 10
-3.773445554337723
 20
8.8375
 10
-3.7861631654490338
 20
8.856533250076525
 10
-3.801256313292354
 20
8.873743686707646
 10
-3.818466749923474
 20
8.888836834550967
 10
-3.8375
 20
8.901554445662276
 10
-3.858030399336109
 20
8.911678918189475
 10
-3.8797066671070586
 20
8.919037019600587
 10
-3.9021579163614906
 20
8.923502850740416
 10
-3.925
 20
8.925
 10
-3.9478420836385086
 20
8.923502850740418
 10
-3.970293332892941
 20
8.919037019600587
 10
-3.9919696006638903
 20
8.911678918189475
 10
-4.0125
 20
8.901554445662276
 10
-4.031533250076526
 20
8.888836834550967
 10
-4.048743686707645
 20
8.873743686707646
 10
-4.063836834550966
 20
8.856533250076525
 10
-4.076554445662277
 20
8.8375
 10
-4.086678918189475
 20
8.81696960066389
 10
-4.094037019600587
 20
8.79529333289294
 10
-4.098502850740417
 20
8.772842083638508
 10
-4.1
 20
8.75
 10
-4.098502850740417
 20
8.727157916361492
 10
-4.094037019600587
 20
8.70470666710706
 10
-4.086678918189475
 20
8.68303039933611
 10
-4.076554445662277
 20
8.6625
 10
-4.063836834550966
 20
8.643466749923475
 10
-4.048743686707645
 20
8.626256313292354
 10
-4.031533250076526
 20
8.611163165449033
 10
-4.0125
 20
8.598445554337724
 10
-3.9919696006638907
 20
8.588321081810525
 10
-3.970293332892941
 20
8.580962980399413
 10
-3.947842083638509
 20
8.576497149259584
 10
-3.925
 20
8.575
 10
-3.902157916361491
 20
8.576497149259582
 10
-3.8797066671070586
 20
8.580962980399413
 10
-3.8580303993361094
 20
8.588321081810525
 10
-3.8375
 20
8.598445554337722
 10
-3.818466749923474
 20
8.611163165449033
 10
-3.8012563132923542
 20
8.626256313292354
 10
-3.7861631654490338
 20
8.643466749923475
 10
-3.773445554337723
 20
8.6625
 10
-3.7633210818105245
 20
8.68303039933611
 10
-3.755962980399413
 20
8.70470666710706
 10
-3.751497149259583
 20
8.727157916361492
 97
0
 75
0
 76
1
 98
0
  0
HATCH
  5
43E
330
17
100
AcDbEntity
  8
I-OSIE
 62
7
420
16777215
100
AcDbHatch
 10
0.0
 20
0.0
 30
0.0
210
0.0
220
0.0
230
1.0
  2
SOLID
 70
1
 71
0
 91
1
 92
3
 72
0
 73
1
 93
48
 10
-3.75
 20
9.375
 10
-3.751497149259583
 20
9.397842083638508
 10
-3.755962980399413
 20
9.42029333289294
 10
-3.7633210818105245
 20
9.44196960066389
 10
-3.773445554337723
 20
9.4625
 10
-3.7861631654490338
 20
9.481533250076525
 10
-3.801256313292354
 20
9.498743686707646
 10
-3.818466749923474
 20
9.513836834550967
 10
-3.8375
 20
9.526554445662276
 10
-3.858030399336109
 20
9.536678918189475
 10
-3.8797066671070586
 20
9.544037019600587
 10
-3.9021579163614906
 20
9.548502850740416
 10
-3.925
 20
9.55
 10
-3.9478420836385086
 20
9.548502850740418
 10
-3.970293332892941
 20
9.544037019600587
 10
-3.9919696006638903
 20
9.536678918189475
 10
-4.0125
 20
9.526554445662276
 10
-4.031533250076526
 20
9.513836834550967
 10
-4.048743686707645
 20
9.498743686707646
 10
-4.063836834550966
 20
9.481533250076525
 10
-4.076554445662277
 20
9.4625
 10
-4.086678918189475
 20
9.44196960066389
 10
-4.094037019600587
 20
9.42029333289294
 10
-4.098502850740417
 20
9.397842083638508
 10
-4.1
 20
9.375
 10
-4.098502850740417
 20
9.352157916361492
 10
-4.094037019600587
 20
9.32970666710706
 10
-4.086678918189475
 20
9.30803039933611
 10
-4.076554445662277
 20
9.2875
 10
-4.063836834550966
 20
9.268466749923475
 10
-4.048743686707645
 20
9.251256313292354
 10
-4.031533250076526
 20
9.236163165449033
 10
-4.0125
 20
9.223445554337724
 10
-3.9919696006638907
 20
9.213321081810525
 10
-3.970293332892941
 20
9.205962980399413
 10
-3.947842083638509
 20
9.201497149259584
 10
-3.925
 20
9.2
 10
-3.902157916361491
 20
9.201497149259582
 10
-3.8797066671070586
 20
9.205962980399413
 10
-3.8580303993361094
 20
9.213321081810525
 10
-3.8375
 20
9.223445554337722
 10
-3.818466749923474
 20
9.236163165449033
 10
-3.8012563132923542
 20
9.251256313292354
 10
-3.7861631654490338
 20
9.268466749923475
 10
-3.773445554337723
 20
9.2875
 10
-3.7633210818105245
 20
9.30803039933611
 10
-3.755962980399413
 20
9.32970666710706
 10
-3.751497149259583
 20
9.352157916361492
 97
0
 75
0
 76
1
 98
0
  0
CIRCLE
  5
43F
330
17
100
AcDbEntity
  8
I-OSIE
  6
Continuous
370
35
 48
0.05
100
AcDbCircle
 10
-1.0
 20
-3.925
 30
0.0
 40
0.17500000000000002
  0
CIRCLE
  5
440
330
17
100
AcDbEntity
  8
I-OSIE
  6
Continuous
370
35
 48
0.05
100
AcDbCircle
 10
0.0
 20
-3.925
 30
0.0
 40
0.17500000000000002
  0
CIRCLE
  5
441
330
17
100
AcDbEntity
  8
I-OSIE
  6
Continuous
370
35
 48
0.05
100
AcDbCircle
 10
3.875
 20
-3.925
 30
0.0
 40
0.17500000000000002
  0
CIRCLE
  5
442
330
17
100
AcDbEntity
  8
I-OSIE
  6
Continuous
370
35
 48
0.05
100
AcDbCircle
 10
5.875
 20
-3.925
 30
0.0
 40
0.17500000000000002
  0
CIRCLE
  5
443
330
17
100
AcDbEntity
  8
I-OSIE
  6
Continuous
370
35
 48
0.05
100
AcDbCircle
 10
7.19
 20
-3.925
 30
0.0
 40
0.17500000000000002
  0
CIRCLE
  5
444
330
17
100
AcDbEntity
  8
I-OSIE
  6
Continuous
370
35
 48
0.05
100
AcDbCircle
 10
8.5
 20
-3.925
 30
0.0
 40
0.17500000000000002
  0
CIRCLE
  5
445
330
17
100
AcDbEntity
  8
I-OSIE
  6
Continuous
370
35
 48
0.05
100
AcDbCircle
 10
9.875
 20
-3.925
 30
0.0
 40
0.17500000000000002
  0
CIRCLE
  5
446
330
17
100
AcDbEntity
  8
I-OSIE
  6
Continuous
370
35
 48
0.05
100
AcDbCircle
 10
12.0
 20
-3.925
 30
0.0
 40
0.17500000000000002
  0
CIRCLE
  5
447
330
17
100
AcDbEntity
  8
I-OSIE
  6
Continuous
370
35
 48
0.05
100
AcDbCircle
 10
14.875
 20
-3.925
 30
0.0
 40
0.17500000000000002
  0
CIRCLE
  5
448
330
17
100
AcDbEntity
  8
I-OSIE
  6
Continuous
370
35
 48
0.05
100
AcDbCircle
 10
18.375
 20
-3.925
 30
0.0
 40
0.17500000000000002
  0
CIRCLE
  5
449
330
17
100
AcDbEntity
  8
I-OSIE
  6
Continuous
370
35
 48
0.05
100
AcDbCircle
 10
-3.925
 20
0.0
 30
0.0
 40
0.17500000000000002
  0
CIRCLE
  5
44A
330
17
100
AcDbEntity
  8
I-OSIE
  6
Continuous
370
35
 48
0.05
100
AcDbCircle
 10
-3.925
 20
2.875
 30
0.0
 40
0.17500000000000002
  0
CIRCLE
  5
44B
330
17
100
AcDbEntity
  8
I-OSIE
  6
Continuous
370
35
 48
0.05
100
AcDbCircle
 10
-3.925
 20
3.75
 30
0.0
 40
0.17500000000000002
  0
CIRCLE
  5
44C
330
17
100
AcDbEntity
  8
I-OSIE
  6
Continuous
370
35
 48
0.05
100
AcDbCircle
 10
-3.925
 20
5.125
 30
0.0
 40
0.17500000000000002
  0
CIRCLE
  5
44D
330
17
100
AcDbEntity
  8
I-OSIE
  6
Continuous
370
35
 48
0.05
100
AcDbCircle
 10
-3.925
 20
8.75
 30
0.0
 40
0.17500000000000002
  0
CIRCLE
  5
44E
330
17
100
AcDbEntity
  8
I-OSIE
  6
Continuous
370
35
 48
0.05
100
AcDbCircle
 10
-3.925
 20
9.375
 30
0.0
 40
0.17500000000000002
  0
TEXT
  5
44F
330
17
100
AcDbEntity
  8
I-OSIE
100
AcDbText
 10
-1.0779440154440154
 20
-3.9875
 30
0.0
 40
0.125
  1
A'
  7
PL_ARIAL
 11
-1.0779440154440154
 21
-3.9875
 31
0.0
100
AcDbText
  0
TEXT
  5
450
330
17
100
AcDbEntity
  8
I-OSIE
100
AcDbText
 10
-0.06059788780377016
 20
-3.9875
 30
0.0
 40
0.125
  1
A
  7
PL_ARIAL
 11
-0.06059788780377016
 21
-3.9875
 31
0.0
100
AcDbText
  0
TEXT
  5
451
330
17
100
AcDbEntity
  8
I-OSIE
100
AcDbText
 10
3.81440211219623
 20
-3.9875
 30
0.0
 40
0.125
  1
B
  7
PL_ARIAL
 11
3.81440211219623
 21
-3.9875
 31
0.0
100
AcDbText
  0
TEXT
  5
452
330
17
100
AcDbEntity
  8
I-OSIE
100
AcDbText
 10
5.809391324097207
 20
-3.9875
 30
0.0
 40
0.125
  1
C
  7
PL_ARIAL
 11
5.809391324097207
 21
-3.9875
 31
0.0
100
AcDbText
  0
TEXT
  5
453
330
17
100
AcDbEntity
  8
I-OSIE
100
AcDbText
 10
7.114327163297752
 20
-3.9875
 30
0.0
 40
0.125
  1
M
  7
PL_ARIAL
 11
7.114327163297752
 21
-3.9875
 31
0.0
100
AcDbText
  0
TEXT
  5
454
330
17
100
AcDbEntity
  8
I-OSIE
100
AcDbText
 10
8.434391324097206
 20
-3.9875
 30
0.0
 40
0.125
  1
D
  7
PL_ARIAL
 11
8.434391324097206
 21
-3.9875
 31
0.0
100
AcDbText
  0
TEXT
  5
455
330
17
100
AcDbEntity
  8
I-OSIE
100
AcDbText
 10
9.79204519645696
 20
-3.9875
 30
0.0
 40
0.125
  1
D'
  7
PL_ARIAL
 11
9.79204519645696
 21
-3.9875
 31
0.0
100
AcDbText
  0
TEXT
  5
456
330
17
100
AcDbEntity
  8
I-OSIE
100
AcDbText
 10
11.93940211219623
 20
-3.9875
 30
0.0
 40
0.125
  1
E
  7
PL_ARIAL
 11
11.93940211219623
 21
-3.9875
 31
0.0
100
AcDbText
  0
TEXT
  5
457
330
17
100
AcDbEntity
  8
I-OSIE
100
AcDbText
 10
14.81440211219623
 20
-3.9875
 30
0.0
 40
0.125
  1
P
  7
PL_ARIAL
 11
14.81440211219623
 21
-3.9875
 31
0.0
100
AcDbText
  0
TEXT
  5
458
330
17
100
AcDbEntity
  8
I-OSIE
100
AcDbText
 10
18.319512264365205
 20
-3.9875
 30
0.0
 40
0.125
  1
F
  7
PL_ARIAL
 11
18.319512264365205
 21
-3.9875
 31
0.0
100
AcDbText
  0
TEXT
  5
459
330
17
100
AcDbEntity
  8
I-OSIE
100
AcDbText
 10
-3.975519532137179
 20
-0.0625
 30
0.0
 40
0.125
  1
1
  7
PL_ARIAL
 11
-3.975519532137179
 21
-0.0625
 31
0.0
100
AcDbText
  0
TEXT
  5
45A
330
17
100
AcDbEntity
  8
I-OSIE
100
AcDbText
 10
-3.975519532137179
 20
2.8125
 30
0.0
 40
0.125
  1
2
  7
PL_ARIAL
 11
-3.975519532137179
 21
2.8125
 31
0.0
100
AcDbText
  0
TEXT
  5
45B
330
17
100
AcDbEntity
  8
I-OSIE
100
AcDbText
 10
-3.9906086759027932
 20
3.6875
 30
0.0
 40
0.125
  1
H
  7
PL_ARIAL
 11
-3.9906086759027932
 21
3.6875
 31
0.0
100
AcDbText
  0
TEXT
  5
45C
330
17
100
AcDbEntity
  8
I-OSIE
100
AcDbText
 10
-3.975519532137179
 20
5.0625
 30
0.0
 40
0.125
  1
3
  7
PL_ARIAL
 11
-3.975519532137179
 21
5.0625
 31
0.0
100
AcDbText
  0
TEXT
  5
45D
330
17
100
AcDbEntity
  8
I-OSIE
100
AcDbText
 10
-3.975519532137179
 20
8.6875
 30
0.0
 40
0.125
  1
4
  7
PL_ARIAL
 11
-3.975519532137179
 21
8.6875
 31
0.0
100
AcDbText
  0
TEXT
  5
45E
330
17
100
AcDbEntity
  8
I-OSIE
100
AcDbText
 10
-3.975519532137179
 20
9.3125
 30
0.0
 40
0.125
  1
5
  7
PL_ARIAL
 11
-3.975519532137179
 21
9.3125
 31
0.0
100
AcDbText
  0
HATCH
  5
45F
330
17
100
AcDbEntity
  8
I-PODKLAD-WYPELN
 62
7
420
16777215
100
AcDbHatch
 10
0.0
 20
0.0
 30
0.0
210
0.0
220
0.0
230
1.0
  2
SOLID
 70
1
 71
0
 91
1
 92
3
 72
0
 73
1
 93
64
 10
6.5925
 20
5.37
 10
6.592283312700249
 20
5.36558922868517
 10
6.591635337618146
 20
5.361220935509274
 10
6.59056231510795
 20
5.356937189523549
 10
6.589074578963008
 20
5.352779245543571
 10
6.587186456895676
 20
5.34878714684283
 10
6.584916132553615
 20
5.344999339514118
 10
6.582285470401324
 20
5.341452302212636
 10
6.5793198051533945
 20
5.338180194846606
 10
6.576047697787365
 20
5.335214529598677
 10
6.572500660485883
 20
5.3325838674463855
 10
6.56871285315717
 20
5.3303135431043245
 10
6.564720754456429
 20
5.328425421036992
 10
6.560562810476451
 20
5.326937684892051
 10
6.5562790644907265
 20
5.325864662381854
 10
6.55191077131483
 20
5.3252166872997515
 10
6.5475
 20
5.325
 10
6.5430892286851705
 20
5.3252166872997515
 10
6.538720935509274
 20
5.325864662381854
 10
6.534437189523549
 20
5.326937684892051
 10
6.530279245543571
 20
5.328425421036992
 10
6.52628714684283
 20
5.3303135431043245
 10
6.522499339514118
 20
5.3325838674463855
 10
6.518952302212636
 20
5.335214529598677
 10
6.515680194846606
 20
5.338180194846606
 10
6.512714529598677
 20
5.341452302212636
 10
6.510083867446386
 20
5.344999339514118
 10
6.507813543104325
 20
5.34878714684283
 10
6.505925421036992
 20
5.352779245543571
 10
6.504437684892051
 20
5.356937189523549
 10
6.503364662381855
 20
5.361220935509274
 10
6.502716687299752
 20
5.36558922868517
 10
6.5025
 20
5.37
 10
6.502716687299752
 20
5.37441077131483
 10
6.503364662381855
 20
5.378779064490726
 10
6.504437684892051
 20
5.383062810476451
 10
6.505925421036992
 20
5.387220754456429
 10
6.507813543104325
 20
5.39121285315717
 10
6.510083867446386
 20
5.3950006604858824
 10
6.512714529598677
 20
5.3985476977873645
 10
6.515680194846606
 20
5.401819805153394
 10
6.518952302212636
 20
5.404785470401324
 10
6.522499339514118
 20
5.407416132553615
 10
6.52628714684283
 20
5.409686456895676
 10
6.530279245543571
 20
5.411574578963008
 10
6.534437189523549
 20
5.4130623151079496
 10
6.538720935509274
 20
5.414135337618146
 10
6.5430892286851705
 20
5.414783312700249
 10
6.5475
 20
5.415
 10
6.55191077131483
 20
5.414783312700249
 10
6.5562790644907265
 20
5.414135337618146
 10
6.560562810476451
 20
5.4130623151079496
 10
6.564720754456429
 20
5.411574578963008
 10
6.56871285315717
 20
5.409686456895676
 10
6.572500660485883
 20
5.407416132553615
 10
6.576047697787365
 20
5.404785470401324
 10
6.5793198051533945
 20
5.401819805153394
 10
6.582285470401324
 20
5.3985476977873645
 10
6.584916132553615
 20
5.3950006604858824
 10
6.587186456895676
 20
5.39121285315717
 10
6.589074578963008
 20
5.387220754456429
 10
6.59056231510795
 20
5.383062810476451
 10
6.591635337618146
 20
5.378779064490726
 10
6.592283312700249
 20
5.37441077131483
 97
0
 75
0
 76
1
 98
0
  0
CIRCLE
  5
460
330
17
100
AcDbEntity
  8
I-PODKLAD
370
13
 48
0.05
100
AcDbCircle
 10
6.5475
 20
5.37
 30
0.0
 40
0.045000000000000005
  0
LWPOLYLINE
  5
461
330
17
100
AcDbEntity
  8
E-TRASY
  6
Continuous
370
25
 48
0.05
100
AcDbPolyline
 90
3
 70
128
 10
11.38
 20
8.545
 10
10.9225
 20
8.545
 10
10.9225
 20
7.6475
  0
LWPOLYLINE
  5
462
330
17
100
AcDbEntity
  8
E-TRASY
  6
Continuous
370
25
 48
0.05
100
AcDbPolyline
 90
3
 70
128
 10
11.28
 20
6.75
 10
10.9225
 20
6.75
 10
10.9225
 20
7.6475
  0
LWPOLYLINE
  5
463
330
17
100
AcDbEntity
  8
E-TRASY
  6
Continuous
370
25
 48
0.05
100
AcDbPolyline
 90
3
 70
128
 10
8.67
 20
5.33
 10
10.580976562499998
 20
5.33
 10
10.580976562499998
 20
5.906054687499999
  0
LWPOLYLINE
  5
464
330
17
100
AcDbEntity
  8
E-TRASY
  6
Continuous
370
25
 48
0.05
100
AcDbPolyline
 90
3
 70
128
 10
11.28
 20
6.5
 10
11.28
 20
5.906054687499999
 10
10.580976562499998
 20
5.906054687499999
  0
LWPOLYLINE
  5
465
330
17
100
AcDbEntity
  8
E-TRASY
  6
Continuous
370
25
 48
0.05
100
AcDbPolyline
 90
4
 70
128
 10
9.74
 20
6.8
 10
9.65
 20
6.8
 10
9.65
 20
7.672499999999999
 10
9.2025
 20
7.672499999999999
  0
LWPOLYLINE
  5
466
330
17
100
AcDbEntity
  8
E-TRASY
  6
Continuous
370
25
 48
0.05
100
AcDbPolyline
 90
3
 70
128
 10
9.2025
 20
7.672499999999999
 10
8.705
 20
7.672499999999999
 10
8.705
 20
7.6
  0
LWPOLYLINE
  5
467
330
17
100
AcDbEntity
  8
E-TRASY
  6
Continuous
370
25
 48
0.05
100
AcDbPolyline
 90
3
 70
128
 10
7.015000000000001
 20
5.911250000000001
 10
7.015000000000001
 20
6.244999999999999
 10
6.5475
 20
6.244999999999999
  0
LWPOLYLINE
  5
468
330
17
100
AcDbEntity
  8
E-TRASY
  6
Continuous
370
25
 48
0.05
100
AcDbPolyline
 90
3
 70
128
 10
8.33
 20
5.33
 10
7.83
 20
5.33
 10
7.83
 20
5.68
  0
LWPOLYLINE
  5
469
330
17
100
AcDbEntity
  8
E-TRASY
  6
Continuous
370
25
 48
0.05
100
AcDbPolyline
 90
3
 70
128
 10
8.295
 20
6.941666666666666
 10
8.295
 20
6.77
 10
7.83
 20
6.77
  0
LWPOLYLINE
  5
46A
330
17
100
AcDbEntity
  8
E-TRASY
  6
Continuous
370
25
 48
0.05
100
AcDbPolyline
 90
3
 70
128
 10
7.83
 20
6.77
 10
8.705
 20
6.77
 10
8.705
 20
7.6
  0
LWPOLYLINE
  5
46B
330
17
100
AcDbEntity
  8
E-TRASY
  6
Continuous
370
25
 48
0.05
100
AcDbPolyline
 90
3
 70
128
 10
6.790833333333334
 20
8.545
 10
7.1875
 20
8.545
 10
7.1875
 20
8.0575
  0
LWPOLYLINE
  5
46C
330
17
100
AcDbEntity
  8
E-TRASY
  6
Continuous
370
25
 48
0.05
100
AcDbPolyline
 90
3
 70
128
 10
7.1875
 20
8.0575
 10
7.1875
 20
8.2
 10
5.67
 20
8.2
  0
LWPOLYLINE
  5
46D
330
17
100
AcDbEntity
  8
E-TRASY
  6
Continuous
370
25
 48
0.05
100
AcDbPolyline
 90
3
 70
128
 10
5.67
 20
8.2
 10
8.705
 20
8.2
 10
8.705
 20
7.6
  0
LWPOLYLINE
  5
46E
330
17
100
AcDbEntity
  8
E-TRASY
  6
Continuous
370
25
 48
0.05
100
AcDbPolyline
 90
3
 70
128
 10
6.610000000000001
 20
0.20500000000000002
 10
6.610000000000001
 20
1.9775
 10
7.113790983606353
 20
1.9775
  0
LWPOLYLINE
  5
46F
330
17
100
AcDbEntity
  8
E-TRASY
  6
Continuous
370
25
 48
0.05
100
AcDbPolyline
 90
2
 70
128
 10
7.113790983606353
 20
1.9775
 10
4.2034640569051325
 20
1.9775
  0
LWPOLYLINE
  5
470
330
17
100
AcDbEntity
  8
E-TRASY
  6
Continuous
370
25
 48
0.05
100
AcDbPolyline
 90
2
 70
128
 10
4.2034640569051325
 20
1.9775
 10
10.109651639345762
 20
1.9775
  0
LWPOLYLINE
  5
471
330
17
100
AcDbEntity
  8
E-TRASY
  6
Continuous
370
25
 48
0.05
100
AcDbPolyline
 90
3
 70
128
 10
10.109651639345762
 20
1.9775
 10
11.645
 20
1.9775
 10
11.645
 20
1.5999999999999999
  0
LWPOLYLINE
  5
472
330
17
100
AcDbEntity
  8
E-TRASY
  6
Continuous
370
25
 48
0.05
100
AcDbPolyline
 90
4
 70
128
 10
11.645
 20
1.5999999999999999
 10
11.645
 20
1.9499999999999997
 10
1.8043247126445414
 20
1.9499999999999997
 10
1.8043247126445414
 20
2.5625
  0
LWPOLYLINE
  5
473
330
17
100
AcDbEntity
  8
E-TRASY
  6
Continuous
370
25
 48
0.05
100
AcDbPolyline
 90
3
 70
128
 10
8.33
 20
4.92
 10
7.4
 20
4.92
 10
7.4
 20
4.435
  0
LWPOLYLINE
  5
474
330
17
100
AcDbEntity
  8
E-TRASY
  6
Continuous
370
25
 48
0.05
100
AcDbPolyline
 90
3
 70
128
 10
5.11
 20
6.2625
 10
5.11
 20
5.796250000000001
 10
4.625
 20
5.796250000000001
  0
LWPOLYLINE
  5
475
330
17
100
AcDbEntity
  8
E-TRASY
  6
Continuous
370
25
 48
0.05
100
AcDbPolyline
 90
3
 70
128
 10
5.11
 20
6.5874999999999995
 10
4.875
 20
6.5874999999999995
 10
4.875
 20
7.56625
  0
LWPOLYLINE
  5
476
330
17
100
AcDbEntity
  8
E-TRASY
  6
Continuous
370
25
 48
0.05
100
AcDbPolyline
 90
3
 70
128
 10
4.875
 20
7.56625
 10
5.67
 20
7.56625
 10
5.67
 20
8.2
  0
LWPOLYLINE
  5
477
330
17
100
AcDbEntity
  8
E-TRASY
  6
Continuous
370
25
 48
0.05
100
AcDbPolyline
 90
3
 70
128
 10
3.67
 20
6.46
 10
3.67
 20
6.9375
 10
1.9375
 20
6.9375
  0
LWPOLYLINE
  5
478
330
17
100
AcDbEntity
  8
E-TRASY
  6
Continuous
370
25
 48
0.05
100
AcDbPolyline
 90
3
 70
128
 10
13.48
 20
0.20500000000000002
 10
13.4525
 20
0.20500000000000002
 10
13.4525
 20
1.4375
  0
LWPOLYLINE
  5
479
330
17
100
AcDbEntity
  8
E-TRASY
  6
Continuous
370
25
 48
0.05
100
AcDbPolyline
 90
3
 70
128
 10
13.4525
 20
1.4375
 10
11.645
 20
1.4375
 10
11.645
 20
1.5999999999999999
  0
LWPOLYLINE
  5
47A
330
17
100
AcDbEntity
  8
E-TRASY
  6
Continuous
370
25
 48
0.05
100
AcDbPolyline
 90
3
 70
128
 10
12.205
 20
1.48
 10
13.4525
 20
1.48
 10
13.4525
 20
1.4375
  0
LWPOLYLINE
  5
47B
330
17
100
AcDbEntity
  8
E-TRASY
  6
Continuous
370
25
 48
0.05
100
AcDbPolyline
 90
3
 70
128
 10
15.049999999999999
 20
1.37
 10
15.049999999999999
 20
1.4375
 10
16.61
 20
1.4375
  0
LWPOLYLINE
  5
47C
330
17
100
AcDbEntity
  8
E-TRASY
  6
Continuous
370
25
 48
0.05
100
AcDbPolyline
 90
3
 70
128
 10
18.169999999999998
 20
6.130000000000001
 10
18.169999999999998
 20
4.888749999998824
 10
15.245000000000001
 20
4.888749999998824
  0
LWPOLYLINE
  5
47D
330
17
100
AcDbEntity
  8
E-TRASY
  6
Continuous
370
25
 48
0.05
100
AcDbPolyline
 90
2
 70
128
 10
15.245000000000001
 20
4.888749999998824
 10
15.245000000000001
 20
7.4762499999988234
  0
HATCH
  5
47E
330
17
100
AcDbEntity
  8
E-OSWIETLENIE
 62
7
420
0
100
AcDbHatch
 10
0.0
 20
0.0
 30
0.0
210
0.0
220
0.0
230
1.0
  2
SOLID
 70
1
 71
0
 91
1
 92
3
 72
0
 73
1
 93
24
 10
9.225000000000001
 20
7.672499999999999
 10
9.224233331091504
 20
7.6783234285148065
 10
9.22198557158515
 20
7.68375
 10
9.218409902576697
 20
7.688409902576697
 10
9.213750000000001
 20
7.69198557158515
 10
9.208323428514808
 20
7.694233331091503
 10
9.2025
 20
7.694999999999999
 10
9.196676571485193
 20
7.694233331091503
 10
9.19125
 20
7.69198557158515
 10
9.186590097423304
 20
7.688409902576697
 10
9.18301442841485
 20
7.68375
 10
9.180766668908497
 20
7.6783234285148065
 10
9.18
 20
7.672499999999999
 10
9.180766668908497
 20
7.666676571485192
 10
9.18301442841485
 20
7.661249999999999
 10
9.186590097423304
 20
7.656590097423302
 10
9.19125
 20
7.653014428414849
 10
9.196676571485193
 20
7.650766668908496
 10
9.2025
 20
7.6499999999999995
 10
9.208323428514808
 20
7.650766668908496
 10
9.213750000000001
 20
7.653014428414849
 10
9.218409902576697
 20
7.656590097423302
 10
9.22198557158515
 20
7.661249999999999
 10
9.224233331091504
 20
7.666676571485192
 97
0
 75
0
 76
1
 98
0
  0
HATCH
  5
47F
330
17
100
AcDbEntity
  8
E-OSWIETLENIE
 62
7
420
0
100
AcDbHatch
 10
0.0
 20
0.0
 30
0.0
210
0.0
220
0.0
230
1.0
  2
SOLID
 70
1
 71
0
 91
1
 92
3
 72
0
 73
1
 93
24
 10
4.8975
 20
7.56625
 10
4.896733331091504
 20
7.572073428514807
 10
4.89448557158515
 20
7.577500000000001
 10
4.8909099025766976
 20
7.582159902576698
 10
4.88625
 20
7.58573557158515
 10
4.880823428514807
 20
7.587983331091504
 10
4.875
 20
7.58875
 10
4.869176571485193
 20
7.587983331091504
 10
4.86375
 20
7.58573557158515
 10
4.8590900974233024
 20
7.582159902576698
 10
4.85551442841485
 20
7.577500000000001
 10
4.853266668908496
 20
7.572073428514807
 10
4.8525
 20
7.56625
 10
4.853266668908496
 20
7.560426571485193
 10
4.85551442841485
 20
7.555
 10
4.8590900974233024
 20
7.550340097423303
 10
4.86375
 20
7.54676442841485
 10
4.869176571485193
 20
7.544516668908496
 10
4.875
 20
7.54375
 10
4.880823428514807
 20
7.544516668908496
 10
4.88625
 20
7.54676442841485
 10
4.8909099025766976
 20
7.550340097423303
 10
4.89448557158515
 20
7.555
 10
4.896733331091504
 20
7.560426571485193
 97
0
 75
0
 76
1
 98
0
  0
HATCH
  5
480
330
17
100
AcDbEntity
  8
E-LACZNIKI
 62
7
420
0
100
AcDbHatch
 10
0.0
 20
0.0
 30
0.0
210
0.0
220
0.0
230
1.0
  2
SOLID
 70
1
 71
0
 91
1
 92
3
 72
0
 73
1
 93
24
 10
15.065499999999998
 20
1.37
 10
15.064375552267538
 20
1.3785410284883832
 10
15.061078838324885
 20
1.3865
 10
15.055834523779154
 20
1.3933345237791561
 10
15.049
 20
1.3985788383248865
 10
15.041041028488381
 20
1.4018755522675395
 10
15.032499999999999
 20
1.403
 10
15.023958971511616
 20
1.4018755522675395
 10
15.015999999999998
 20
1.3985788383248865
 10
15.009165476220844
 20
1.3933345237791561
 10
15.003921161675112
 20
1.3865
 10
15.00062444773246
 20
1.3785410284883832
 10
14.9995
 20
1.37
 10
15.00062444773246
 20
1.361458971511617
 10
15.003921161675112
 20
1.3535000000000001
 10
15.009165476220844
 20
1.346665476220844
 10
15.015999999999998
 20
1.3414211616751137
 10
15.023958971511616
 20
1.3381244477324608
 10
15.032499999999999
 20
1.3370000000000002
 10
15.041041028488381
 20
1.3381244477324608
 10
15.049
 20
1.3414211616751137
 10
15.055834523779154
 20
1.346665476220844
 10
15.061078838324885
 20
1.3535000000000001
 10
15.064375552267538
 20
1.361458971511617
 97
0
 75
0
 76
1
 98
0
  0
HATCH
  5
481
330
17
100
AcDbEntity
  8
E-LACZNIKI
 62
7
420
0
100
AcDbHatch
 10
0.0
 20
0.0
 30
0.0
210
0.0
220
0.0
230
1.0
  2
SOLID
 70
1
 71
0
 91
1
 92
3
 72
0
 73
1
 93
24
 10
18.2205
 20
6.130000000000001
 10
18.21937555226754
 20
6.138541028488384
 10
18.216078838324886
 20
6.1465000000000005
 10
18.210834523779155
 20
6.153334523779157
 10
18.204
 20
6.158578838324887
 10
18.196041028488384
 20
6.16187555226754
 10
18.1875
 20
6.163000000000001
 10
18.178958971511616
 20
6.16187555226754
 10
18.171
 20
6.158578838324887
 10
18.164165476220845
 20
6.153334523779157
 10
18.158921161675114
 20
6.1465000000000005
 10
18.15562444773246
 20
6.138541028488384
 10
18.1545
 20
6.130000000000001
 10
18.15562444773246
 20
6.121458971511617
 10
18.158921161675114
 20
6.113500000000001
 10
18.164165476220845
 20
6.1066654762208445
 10
18.171
 20
6.101421161675114
 10
18.178958971511616
 20
6.098124447732461
 10
18.1875
 20
6.097
 10
18.196041028488384
 20
6.098124447732461
 10
18.204
 20
6.101421161675114
 10
18.210834523779155
 20
6.1066654762208445
 10
18.216078838324886
 20
6.113500000000001
 10
18.21937555226754
 20
6.121458971511617
 97
0
 75
0
 76
1
 98
0
  0
HATCH
  5
482
330
17
100
AcDbEntity
  8
E-ROZDZIELNICE
 62
7
420
0
100
AcDbHatch
 10
0.0
 20
0.0
 30
0.0
210
0.0
220
0.0
230
1.0
  2
SOLID
 70
1
 71
0
 91
1
 92
3
 72
0
 73
1
 93
3
 10
14.95
 20
1.3
 10
14.95
 20
0.5
 10
15.2
 20
0.5
 97
0
 75
0
 76
1
 98
0
  0
CIRCLE
  5
483
330
17
100
AcDbEntity
  8
E-OSWIETLENIE
370
50
 48
0.05
100
AcDbCircle
 10
10.9225
 20
7.6475
 30
0.0
 40
0.1
  0
LWPOLYLINE
  5
484
330
17
100
AcDbEntity
  8
E-OSWIETLENIE
370
50
 48
0.05
100
AcDbPolyline
 90
2
 70
0
 10
10.85179
 20
7.57679
 10
10.99321
 20
7.71821
  0
LWPOLYLINE
  5
485
330
17
100
AcDbEntity
  8
E-OSWIETLENIE
370
50
 48
0.05
100
AcDbPolyline
 90
2
 70
0
 10
10.85179
 20
7.71821
 10
10.99321
 20
7.57679
  0
CIRCLE
  5
486
330
17
100
AcDbEntity
  8
E-LACZNIKI
370
50
 48
0.05
100
AcDbCircle
 10
11.38
 20
8.5625
 30
0.0
 40
0.03300000000000001
  0
LWPOLYLINE
  5
487
330
17
100
AcDbEntity
  8
E-LACZNIKI
370
50
 48
0.05
100
AcDbPolyline
 90
2
 70
0
 10
11.356665476220845
 20
8.539165476220843
 10
11.268630681963119
 20
8.451130681963118
  0
LWPOLYLINE
  5
488
330
17
100
AcDbEntity
  8
E-LACZNIKI
370
50
 48
0.05
100
AcDbPolyline
 90
2
 70
0
 10
11.268630681963119
 20
8.451130681963118
 10
11.298329166772955
 20
8.421432197153283
  0
LWPOLYLINE
  5
489
330
17
100
AcDbEntity
  8
E-LACZNIKI
370
50
 48
0.05
100
AcDbPolyline
 90
2
 70
0
 10
11.403334523779156
 20
8.585834523779155
 10
11.491369318036883
 20
8.67386931803688
  0
LWPOLYLINE
  5
48A
330
17
100
AcDbEntity
  8
E-LACZNIKI
370
50
 48
0.05
100
AcDbPolyline
 90
2
 70
0
 10
11.491369318036883
 20
8.67386931803688
 10
11.461670833227046
 20
8.703567802846715
  0
CIRCLE
  5
48B
330
17
100
AcDbEntity
  8
E-LACZNIKI
370
50
 48
0.05
100
AcDbCircle
 10
11.28
 20
6.7325
 30
0.0
 40
0.03300000000000001
  0
LWPOLYLINE
  5
48C
330
17
100
AcDbEntity
  8
E-LACZNIKI
370
50
 48
0.05
100
AcDbPolyline
 90
2
 70
0
 10
11.303334523779155
 20
6.755834523779156
 10
11.391369318036881
 20
6.843869318036882
  0
LWPOLYLINE
  5
48D
330
17
100
AcDbEntity
  8
E-LACZNIKI
370
50
 48
0.05
100
AcDbPolyline
 90
2
 70
0
 10
11.391369318036881
 20
6.843869318036882
 10
11.361670833227045
 20
6.873567802846717
  0
LWPOLYLINE
  5
48E
330
17
100
AcDbEntity
  8
E-LACZNIKI
370
50
 48
0.05
100
AcDbPolyline
 90
2
 70
0
 10
11.256665476220844
 20
6.709165476220845
 10
11.168630681963117
 20
6.621130681963119
  0
LWPOLYLINE
  5
48F
330
17
100
AcDbEntity
  8
E-LACZNIKI
370
50
 48
0.05
100
AcDbPolyline
 90
2
 70
0
 10
11.168630681963117
 20
6.621130681963119
 10
11.198329166772954
 20
6.591432197153284
  0
CIRCLE
  5
490
330
17
100
AcDbEntity
  8
E-OSWIETLENIE
370
50
 48
0.05
100
AcDbCircle
 10
10.580976562499998
 20
5.906054687499999
 30
0.0
 40
0.1
  0
LWPOLYLINE
  5
491
330
17
100
AcDbEntity
  8
E-OSWIETLENIE
370
50
 48
0.05
100
AcDbPolyline
 90
2
 70
0
 10
10.510266562499998
 20
5.835344687499999
 10
10.651686562499998
 20
5.976764687499999
  0
LWPOLYLINE
  5
492
330
17
100
AcDbEntity
  8
E-OSWIETLENIE
370
50
 48
0.05
100
AcDbPolyline
 90
2
 70
0
 10
10.510266562499998
 20
5.976764687499999
 10
10.651686562499998
 20
5.835344687499999
  0
CIRCLE
  5
493
330
17
100
AcDbEntity
  8
E-LACZNIKI
370
50
 48
0.05
100
AcDbCircle
 10
8.67
 20
5.3125
 30
0.0
 40
0.03300000000000001
  0
LWPOLYLINE
  5
494
330
17
100
AcDbEntity
  8
E-LACZNIKI
370
50
 48
0.05
100
AcDbPolyline
 90
2
 70
0
 10
8.693334523779155
 20
5.335834523779156
 10
8.781369318036882
 20
5.423869318036882
  0
LWPOLYLINE
  5
495
330
17
100
AcDbEntity
  8
E-LACZNIKI
370
50
 48
0.05
100
AcDbPolyline
 90
2
 70
0
 10
8.781369318036882
 20
5.423869318036882
 10
8.751670833227045
 20
5.453567802846717
  0
LWPOLYLINE
  5
496
330
17
100
AcDbEntity
  8
E-LACZNIKI
370
50
 48
0.05
100
AcDbPolyline
 90
2
 70
0
 10
8.646665476220845
 20
5.289165476220845
 10
8.558630681963118
 20
5.201130681963119
  0
LWPOLYLINE
  5
497
330
17
100
AcDbEntity
  8
E-LACZNIKI
370
50
 48
0.05
100
AcDbPolyline
 90
2
 70
0
 10
8.558630681963118
 20
5.201130681963119
 10
8.588329166772954
 20
5.171432197153284
  0
CIRCLE
  5
498
330
17
100
AcDbEntity
  8
E-LACZNIKI
370
50
 48
0.05
100
AcDbCircle
 10
11.28
 20
6.5175
 30
0.0
 40
0.03300000000000001
  0
LWPOLYLINE
  5
499
330
17
100
AcDbEntity
  8
E-LACZNIKI
370
50
 48
0.05
100
AcDbPolyline
 90
2
 70
0
 10
11.256665476220844
 20
6.494165476220844
 10
11.168630681963117
 20
6.406130681963118
  0
LWPOLYLINE
  5
49A
330
17
100
AcDbEntity
  8
E-LACZNIKI
370
50
 48
0.05
100
AcDbPolyline
 90
2
 70
0
 10
11.168630681963117
 20
6.406130681963118
 10
11.198329166772954
 20
6.376432197153283
  0
LWPOLYLINE
  5
49B
330
17
100
AcDbEntity
  8
E-LACZNIKI
370
50
 48
0.05
100
AcDbPolyline
 90
2
 70
0
 10
11.303334523779155
 20
6.540834523779155
 10
11.391369318036881
 20
6.628869318036881
  0
LWPOLYLINE
  5
49C
330
17
100
AcDbEntity
  8
E-LACZNIKI
370
50
 48
0.05
100
AcDbPolyline
 90
2
 70
0
 10
11.391369318036881
 20
6.628869318036881
 10
11.361670833227045
 20
6.658567802846716
  0
CIRCLE
  5
49D
330
17
100
AcDbEntity
  8
E-OSWIETLENIE
370
50
 48
0.05
100
AcDbCircle
 10
9.2025
 20
7.672499999999999
 30
0.0
 40
0.06
  0
LWPOLYLINE
  5
49E
330
17
100
AcDbEntity
  8
E-OSWIETLENIE
370
50
 48
0.05
100
AcDbPolyline
 90
2
 70
0
 10
8.605
 20
7.547499999999999
 10
8.605
 20
7.6525
  0
LWPOLYLINE
  5
49F
330
17
100
AcDbEntity
  8
E-OSWIETLENIE
370
50
 48
0.05
100
AcDbPolyline
 90
2
 70
0
 10
8.6225
 20
7.5562499999999995
 10
8.709999999999999
 20
7.64375
  0
LWPOLYLINE
  5
4A0
330
17
100
AcDbEntity
  8
E-OSWIETLENIE
370
50
 48
0.05
100
AcDbPolyline
 90
2
 70
0
 10
8.6225
 20
7.64375
 10
8.709999999999999
 20
7.5562499999999995
  0
CIRCLE
  5
4A1
330
17
100
AcDbEntity
  8
E-LACZNIKI
370
50
 48
0.05
100
AcDbCircle
 10
9.74
 20
6.782500000000001
 30
0.0
 40
0.03300000000000001
  0
LWPOLYLINE
  5
4A2
330
17
100
AcDbEntity
  8
E-LACZNIKI
370
50
 48
0.05
100
AcDbPolyline
 90
2
 70
0
 10
9.763334523779156
 20
6.805834523779156
 10
9.851369318036882
 20
6.893869318036882
  0
LWPOLYLINE
  5
4A3
330
17
100
AcDbEntity
  8
E-LACZNIKI
370
50
 48
0.05
100
AcDbPolyline
 90
2
 70
0
 10
9.851369318036882
 20
6.893869318036882
 10
9.821670833227046
 20
6.9235678028467165
  0
CIRCLE
  5
4A4
330
17
100
AcDbEntity
  8
E-OSWIETLENIE
370
50
 48
0.05
100
AcDbCircle
 10
6.5475
 20
6.244999999999999
 30
0.0
 40
0.1
  0
LWPOLYLINE
  5
4A5
330
17
100
AcDbEntity
  8
E-OSWIETLENIE
370
50
 48
0.05
100
AcDbPolyline
 90
2
 70
0
 10
6.47679
 20
6.174289999999999
 10
6.61821
 20
6.315709999999999
  0
LWPOLYLINE
  5
4A6
330
17
100
AcDbEntity
  8
E-OSWIETLENIE
370
50
 48
0.05
100
AcDbPolyline
 90
2
 70
0
 10
6.47679
 20
6.315709999999999
 10
6.61821
 20
6.174289999999999
  0
CIRCLE
  5
4A7
330
17
100
AcDbEntity
  8
E-LACZNIKI
370
50
 48
0.05
100
AcDbCircle
 10
7.032500000000001
 20
5.911250000000001
 30
0.0
 40
0.03300000000000001
  0
LWPOLYLINE
  5
4A8
330
17
100
AcDbEntity
  8
E-LACZNIKI
370
50
 48
0.05
100
AcDbPolyline
 90
2
 70
0
 10
7.009165476220844
 20
5.934584523779157
 10
6.921130681963119
 20
6.022619318036882
  0
LWPOLYLINE
  5
4A9
330
17
100
AcDbEntity
  8
E-LACZNIKI
370
50
 48
0.05
100
AcDbPolyline
 90
2
 70
0
 10
6.921130681963119
 20
6.022619318036882
 10
6.891432197153284
 20
5.992920833227047
  0
CIRCLE
  5
4AA
330
17
100
AcDbEntity
  8
E-OSWIETLENIE
370
50
 48
0.05
100
AcDbCircle
 10
7.83
 20
5.68
 30
0.0
 40
0.1
  0
LWPOLYLINE
  5
4AB
330
17
100
AcDbEntity
  8
E-OSWIETLENIE
370
50
 48
0.05
100
AcDbPolyline
 90
2
 70
0
 10
7.75929
 20
5.60929
 10
7.90071
 20
5.75071
  0
LWPOLYLINE
  5
4AC
330
17
100
AcDbEntity
  8
E-OSWIETLENIE
370
50
 48
0.05
100
AcDbPolyline
 90
2
 70
0
 10
7.75929
 20
5.75071
 10
7.90071
 20
5.60929
  0
CIRCLE
  5
4AD
330
17
100
AcDbEntity
  8
E-LACZNIKI
370
50
 48
0.05
100
AcDbCircle
 10
8.33
 20
5.3125
 30
0.0
 40
0.03300000000000001
  0
LWPOLYLINE
  5
4AE
330
17
100
AcDbEntity
  8
E-LACZNIKI
370
50
 48
0.05
100
AcDbPolyline
 90
2
 70
0
 10
8.353334523779155
 20
5.335834523779156
 10
8.441369318036882
 20
5.423869318036882
  0
LWPOLYLINE
  5
4AF
330
17
100
AcDbEntity
  8
E-LACZNIKI
370
50
 48
0.05
100
AcDbPolyline
 90
2
 70
0
 10
8.441369318036882
 20
5.423869318036882
 10
8.411670833227046
 20
5.453567802846717
  0
CIRCLE
  5
4B0
330
17
100
AcDbEntity
  8
E-OSWIETLENIE
370
50
 48
0.05
100
AcDbCircle
 10
7.83
 20
6.77
 30
0.0
 40
0.1
  0
LWPOLYLINE
  5
4B1
330
17
100
AcDbEntity
  8
E-OSWIETLENIE
370
50
 48
0.05
100
AcDbPolyline
 90
2
 70
0
 10
7.75929
 20
6.6992899999999995
 10
7.90071
 20
6.84071
  0
LWPOLYLINE
  5
4B2
330
17
100
AcDbEntity
  8
E-OSWIETLENIE
370
50
 48
0.05
100
AcDbPolyline
 90
2
 70
0
 10
7.75929
 20
6.84071
 10
7.90071
 20
6.6992899999999995
  0
LWPOLYLINE
  5
4B3
330
17
100
AcDbEntity
  8
E-OSWIETLENIE
370
50
 48
0.05
100
AcDbPolyline
 90
2
 70
0
 10
8.605
 20
7.547499999999999
 10
8.605
 20
7.6525
  0
LWPOLYLINE
  5
4B4
330
17
100
AcDbEntity
  8
E-OSWIETLENIE
370
50
 48
0.05
100
AcDbPolyline
 90
2
 70
0
 10
8.6225
 20
7.5562499999999995
 10
8.709999999999999
 20
7.64375
  0
LWPOLYLINE
  5
4B5
330
17
100
AcDbEntity
  8
E-OSWIETLENIE
370
50
 48
0.05
100
AcDbPolyline
 90
2
 70
0
 10
8.6225
 20
7.64375
 10
8.709999999999999
 20
7.5562499999999995
  0
CIRCLE
  5
4B6
330
17
100
AcDbEntity
  8
E-LACZNIKI
370
50
 48
0.05
100
AcDbCircle
 10
8.3125
 20
6.941666666666666
 30
0.0
 40
0.03300000000000001
  0
LWPOLYLINE
  5
4B7
330
17
100
AcDbEntity
  8
E-LACZNIKI
370
50
 48
0.05
100
AcDbPolyline
 90
2
 70
0
 10
8.289165476220843
 20
6.965001190445823
 10
8.201130681963118
 20
7.0530359847035475
  0
LWPOLYLINE
  5
4B8
330
17
100
AcDbEntity
  8
E-LACZNIKI
370
50
 48
0.05
100
AcDbPolyline
 90
2
 70
0
 10
8.201130681963118
 20
7.0530359847035475
 10
8.171432197153283
 20
7.023337499893713
  0
CIRCLE
  5
4B9
330
17
100
AcDbEntity
  8
E-OSWIETLENIE
370
50
 48
0.05
100
AcDbCircle
 10
7.1875
 20
8.0575
 30
0.0
 40
0.1
  0
LWPOLYLINE
  5
4BA
330
17
100
AcDbEntity
  8
E-OSWIETLENIE
370
50
 48
0.05
100
AcDbPolyline
 90
2
 70
0
 10
7.11679
 20
7.986789999999999
 10
7.25821
 20
8.12821
  0
LWPOLYLINE
  5
4BB
330
17
100
AcDbEntity
  8
E-OSWIETLENIE
370
50
 48
0.05
100
AcDbPolyline
 90
2
 70
0
 10
7.11679
 20
8.12821
 10
7.25821
 20
7.986789999999999
  0
LWPOLYLINE
  5
4BC
330
17
100
AcDbEntity
  8
E-OSWIETLENIE
370
50
 48
0.05
100
AcDbPolyline
 90
2
 70
0
 10
8.605
 20
7.547499999999999
 10
8.605
 20
7.6525
  0
LWPOLYLINE
  5
4BD
330
17
100
AcDbEntity
  8
E-OSWIETLENIE
370
50
 48
0.05
100
AcDbPolyline
 90
2
 70
0
 10
8.6225
 20
7.5562499999999995
 10
8.709999999999999
 20
7.64375
  0
LWPOLYLINE
  5
4BE
330
17
100
AcDbEntity
  8
E-OSWIETLENIE
370
50
 48
0.05
100
AcDbPolyline
 90
2
 70
0
 10
8.6225
 20
7.64375
 10
8.709999999999999
 20
7.5562499999999995
  0
LWPOLYLINE
  5
4BF
330
17
100
AcDbEntity
  8
E-OSWIETLENIE
370
50
 48
0.05
100
AcDbPolyline
 90
2
 70
0
 10
5.77
 20
8.2525
 10
5.77
 20
8.147499999999999
  0
LWPOLYLINE
  5
4C0
330
17
100
AcDbEntity
  8
E-OSWIETLENIE
370
50
 48
0.05
100
AcDbPolyline
 90
2
 70
0
 10
5.7524999999999995
 20
8.243749999999999
 10
5.664999999999999
 20
8.15625
  0
LWPOLYLINE
  5
4C1
330
17
100
AcDbEntity
  8
E-OSWIETLENIE
370
50
 48
0.05
100
AcDbPolyline
 90
2
 70
0
 10
5.7524999999999995
 20
8.15625
 10
5.664999999999999
 20
8.243749999999999
  0
CIRCLE
  5
4C2
330
17
100
AcDbEntity
  8
E-LACZNIKI
370
50
 48
0.05
100
AcDbCircle
 10
6.790833333333334
 20
8.5625
 30
0.0
 40
0.03300000000000001
  0
LWPOLYLINE
  5
4C3
330
17
100
AcDbEntity
  8
E-LACZNIKI
370
50
 48
0.05
100
AcDbPolyline
 90
2
 70
0
 10
6.762254495008448
 20
8.546
 10
6.654434332237285
 20
8.483749999999999
  0
LWPOLYLINE
  5
4C4
330
17
100
AcDbEntity
  8
E-LACZNIKI
370
50
 48
0.05
100
AcDbPolyline
 90
2
 70
0
 10
6.654434332237285
 20
8.483749999999999
 10
6.675434332237285
 20
8.447376933041053
  0
LWPOLYLINE
  5
4C5
330
17
100
AcDbEntity
  8
E-LACZNIKI
370
50
 48
0.05
100
AcDbPolyline
 90
2
 70
0
 10
6.7795466686035875
 20
8.531490143514064
 10
6.736965160759541
 20
8.41449841222622
  0
LWPOLYLINE
  5
4C6
330
17
100
AcDbEntity
  8
E-LACZNIKI
370
50
 48
0.05
100
AcDbPolyline
 90
2
 70
0
 10
6.736965160759541
 20
8.41449841222622
 10
6.77643225083255
 20
8.400133566206542
  0
CIRCLE
  5
4C7
330
17
100
AcDbEntity
  8
E-OSWIETLENIE
370
50
 48
0.05
100
AcDbCircle
 10
1.8043247126445414
 20
2.5625
 30
0.0
 40
0.1
  0
LWPOLYLINE
  5
4C8
330
17
100
AcDbEntity
  8
E-OSWIETLENIE
370
50
 48
0.05
100
AcDbPolyline
 90
2
 70
0
 10
1.7336147126445414
 20
2.49179
 10
1.8750347126445415
 20
2.63321
  0
LWPOLYLINE
  5
4C9
330
17
100
AcDbEntity
  8
E-OSWIETLENIE
370
50
 48
0.05
100
AcDbPolyline
 90
2
 70
0
 10
1.7336147126445414
 20
2.63321
 10
1.8750347126445415
 20
2.49179
  0
CIRCLE
  5
4CA
330
17
100
AcDbEntity
  8
E-OSWIETLENIE
370
50
 48
0.05
100
AcDbCircle
 10
4.2034640569051325
 20
1.9775
 30
0.0
 40
0.1
  0
LWPOLYLINE
  5
4CB
330
17
100
AcDbEntity
  8
E-OSWIETLENIE
370
50
 48
0.05
100
AcDbPolyline
 90
2
 70
0
 10
4.132754056905132
 20
1.90679
 10
4.2741740569051325
 20
2.04821
  0
LWPOLYLINE
  5
4CC
330
17
100
AcDbEntity
  8
E-OSWIETLENIE
370
50
 48
0.05
100
AcDbPolyline
 90
2
 70
0
 10
4.132754056905132
 20
2.04821
 10
4.2741740569051325
 20
1.90679
  0
CIRCLE
  5
4CD
330
17
100
AcDbEntity
  8
E-OSWIETLENIE
370
50
 48
0.05
100
AcDbCircle
 10
7.113790983606353
 20
1.9775
 30
0.0
 40
0.1
  0
LWPOLYLINE
  5
4CE
330
17
100
AcDbEntity
  8
E-OSWIETLENIE
370
50
 48
0.05
100
AcDbPolyline
 90
2
 70
0
 10
7.043080983606353
 20
1.90679
 10
7.184500983606353
 20
2.04821
  0
LWPOLYLINE
  5
4CF
330
17
100
AcDbEntity
  8
E-OSWIETLENIE
370
50
 48
0.05
100
AcDbPolyline
 90
2
 70
0
 10
7.043080983606353
 20
2.04821
 10
7.184500983606353
 20
1.90679
  0
CIRCLE
  5
4D0
330
17
100
AcDbEntity
  8
E-OSWIETLENIE
370
50
 48
0.05
100
AcDbCircle
 10
10.109651639345762
 20
1.9775
 30
0.0
 40
0.1
  0
LWPOLYLINE
  5
4D1
330
17
100
AcDbEntity
  8
E-OSWIETLENIE
370
50
 48
0.05
100
AcDbPolyline
 90
2
 70
0
 10
10.038941639345762
 20
1.90679
 10
10.180361639345762
 20
2.04821
  0
LWPOLYLINE
  5
4D2
330
17
100
AcDbEntity
  8
E-OSWIETLENIE
370
50
 48
0.05
100
AcDbPolyline
 90
2
 70
0
 10
10.038941639345762
 20
2.04821
 10
10.180361639345762
 20
1.90679
  0
LWPOLYLINE
  5
4D3
330
17
100
AcDbEntity
  8
E-OSWIETLENIE
370
50
 48
0.05
100
AcDbPolyline
 90
2
 70
0
 10
11.645
 20
1.5999999999999999
 10
11.645
 20
4.819999999999999
  0
LWPOLYLINE
  5
4D4
330
17
100
AcDbEntity
  8
E-OSWIETLENIE
370
50
 48
0.05
100
AcDbPolyline
 90
2
 70
0
 10
11.684999999999999
 20
1.5999999999999999
 10
11.605
 20
1.5999999999999999
  0
LWPOLYLINE
  5
4D5
330
17
100
AcDbEntity
  8
E-OSWIETLENIE
370
50
 48
0.05
100
AcDbPolyline
 90
2
 70
0
 10
11.684999999999999
 20
4.819999999999999
 10
11.605
 20
4.819999999999999
  0
CIRCLE
  5
4D6
330
17
100
AcDbEntity
  8
E-LACZNIKI
370
50
 48
0.05
100
AcDbCircle
 10
6.610000000000001
 20
0.1875
 30
0.0
 40
0.03300000000000001
  0
LWPOLYLINE
  5
4D7
330
17
100
AcDbEntity
  8
E-LACZNIKI
370
50
 48
0.05
100
AcDbPolyline
 90
2
 70
0
 10
6.638578838324888
 20
0.20400000000000001
 10
6.746399001096051
 20
0.26625
  0
LWPOLYLINE
  5
4D8
330
17
100
AcDbEntity
  8
E-LACZNIKI
370
50
 48
0.05
100
AcDbPolyline
 90
2
 70
0
 10
6.746399001096051
 20
0.26625
 10
6.725399001096051
 20
0.3026230669589464
  0
LWPOLYLINE
  5
4D9
330
17
100
AcDbEntity
  8
E-LACZNIKI
370
50
 48
0.05
100
AcDbPolyline
 90
2
 70
0
 10
6.621286664729748
 20
0.21850985648593502
 10
6.663868172573794
 20
0.3355015877737806
  0
LWPOLYLINE
  5
4DA
330
17
100
AcDbEntity
  8
E-LACZNIKI
370
50
 48
0.05
100
AcDbPolyline
 90
2
 70
0
 10
6.663868172573794
 20
0.3355015877737806
 10
6.6244010825007855
 20
0.3498664337934587
  0
CIRCLE
  5
4DB
330
17
100
AcDbEntity
  8
E-OSWIETLENIE
370
50
 48
0.05
100
AcDbCircle
 10
7.4
 20
4.435
 30
0.0
 40
0.1
  0
LWPOLYLINE
  5
4DC
330
17
100
AcDbEntity
  8
E-OSWIETLENIE
370
50
 48
0.05
100
AcDbPolyline
 90
2
 70
0
 10
7.32929
 20
4.36429
 10
7.47071
 20
4.50571
  0
LWPOLYLINE
  5
4DD
330
17
100
AcDbEntity
  8
E-OSWIETLENIE
370
50
 48
0.05
100
AcDbPolyline
 90
2
 70
0
 10
7.32929
 20
4.50571
 10
7.47071
 20
4.36429
  0
CIRCLE
  5
4DE
330
17
100
AcDbEntity
  8
E-LACZNIKI
370
50
 48
0.05
100
AcDbCircle
 10
8.33
 20
4.9375
 30
0.0
 40
0.03300000000000001
  0
LWPOLYLINE
  5
4DF
330
17
100
AcDbEntity
  8
E-LACZNIKI
370
50
 48
0.05
100
AcDbPolyline
 90
2
 70
0
 10
8.306665476220845
 20
4.914165476220844
 10
8.218630681963118
 20
4.826130681963118
  0
LWPOLYLINE
  5
4E0
330
17
100
AcDbEntity
  8
E-LACZNIKI
370
50
 48
0.05
100
AcDbPolyline
 90
2
 70
0
 10
8.218630681963118
 20
4.826130681963118
 10
8.248329166772955
 20
4.796432197153283
  0
CIRCLE
  5
4E1
330
17
100
AcDbEntity
  8
E-OSWIETLENIE
370
50
 48
0.05
100
AcDbCircle
 10
4.625
 20
5.796250000000001
 30
0.0
 40
0.1
  0
LWPOLYLINE
  5
4E2
330
17
100
AcDbEntity
  8
E-OSWIETLENIE
370
50
 48
0.05
100
AcDbPolyline
 90
2
 70
0
 10
4.55429
 20
5.7255400000000005
 10
4.69571
 20
5.866960000000001
  0
LWPOLYLINE
  5
4E3
330
17
100
AcDbEntity
  8
E-OSWIETLENIE
370
50
 48
0.05
100
AcDbPolyline
 90
2
 70
0
 10
4.55429
 20
5.866960000000001
 10
4.69571
 20
5.7255400000000005
  0
CIRCLE
  5
4E4
330
17
100
AcDbEntity
  8
E-LACZNIKI
370
50
 48
0.05
100
AcDbCircle
 10
5.11
 20
6.279999999999999
 30
0.0
 40
0.03300000000000001
  0
LWPOLYLINE
  5
4E5
330
17
100
AcDbEntity
  8
E-LACZNIKI
370
50
 48
0.05
100
AcDbPolyline
 90
2
 70
0
 10
5.086665476220844
 20
6.256665476220844
 10
4.998630681963119
 20
6.168630681963118
  0
LWPOLYLINE
  5
4E6
330
17
100
AcDbEntity
  8
E-LACZNIKI
370
50
 48
0.05
100
AcDbPolyline
 90
2
 70
0
 10
4.998630681963119
 20
6.168630681963118
 10
5.028329166772954
 20
6.1389321971532835
  0
CIRCLE
  5
4E7
330
17
100
AcDbEntity
  8
E-OSWIETLENIE
370
50
 48
0.05
100
AcDbCircle
 10
4.875
 20
7.56625
 30
0.0
 40
0.06
  0
LWPOLYLINE
  5
4E8
330
17
100
AcDbEntity
  8
E-OSWIETLENIE
370
50
 48
0.05
100
AcDbPolyline
 90
2
 70
0
 10
5.77
 20
8.2525
 10
5.77
 20
8.147499999999999
  0
LWPOLYLINE
  5
4E9
330
17
100
AcDbEntity
  8
E-OSWIETLENIE
370
50
 48
0.05
100
AcDbPolyline
 90
2
 70
0
 10
5.7524999999999995
 20
8.243749999999999
 10
5.664999999999999
 20
8.15625
  0
LWPOLYLINE
  5
4EA
330
17
100
AcDbEntity
  8
E-OSWIETLENIE
370
50
 48
0.05
100
AcDbPolyline
 90
2
 70
0
 10
5.7524999999999995
 20
8.15625
 10
5.664999999999999
 20
8.243749999999999
  0
CIRCLE
  5
4EB
330
17
100
AcDbEntity
  8
E-LACZNIKI
370
50
 48
0.05
100
AcDbCircle
 10
5.11
 20
6.57
 30
0.0
 40
0.03300000000000001
  0
LWPOLYLINE
  5
4EC
330
17
100
AcDbEntity
  8
E-LACZNIKI
370
50
 48
0.05
100
AcDbPolyline
 90
2
 70
0
 10
5.1333345237791566
 20
6.593334523779156
 10
5.221369318036881
 20
6.681369318036881
  0
LWPOLYLINE
  5
4ED
330
17
100
AcDbEntity
  8
E-LACZNIKI
370
50
 48
0.05
100
AcDbPolyline
 90
2
 70
0
 10
5.221369318036881
 20
6.681369318036881
 10
5.191670833227047
 20
6.711067802846716
  0
CIRCLE
  5
4EE
330
17
100
AcDbEntity
  8
E-OSWIETLENIE
370
50
 48
0.05
100
AcDbCircle
 10
1.9375
 20
6.9375
 30
0.0
 40
0.1
  0
LWPOLYLINE
  5
4EF
330
17
100
AcDbEntity
  8
E-OSWIETLENIE
370
50
 48
0.05
100
AcDbPolyline
 90
2
 70
0
 10
1.86679
 20
6.86679
 10
2.00821
 20
7.00821
  0
LWPOLYLINE
  5
4F0
330
17
100
AcDbEntity
  8
E-OSWIETLENIE
370
50
 48
0.05
100
AcDbPolyline
 90
2
 70
0
 10
1.86679
 20
7.00821
 10
2.00821
 20
6.86679
  0
CIRCLE
  5
4F1
330
17
100
AcDbEntity
  8
E-LACZNIKI
370
50
 48
0.05
100
AcDbCircle
 10
3.6875
 20
6.46
 30
0.0
 40
0.03300000000000001
  0
LWPOLYLINE
  5
4F2
330
17
100
AcDbEntity
  8
E-LACZNIKI
370
50
 48
0.05
100
AcDbPolyline
 90
2
 70
0
 10
3.6641654762208438
 20
6.483334523779156
 10
3.576130681963119
 20
6.571369318036881
  0
LWPOLYLINE
  5
4F3
330
17
100
AcDbEntity
  8
E-LACZNIKI
370
50
 48
0.05
100
AcDbPolyline
 90
2
 70
0
 10
3.576130681963119
 20
6.571369318036881
 10
3.5464321971532837
 20
6.541670833227046
  0
CIRCLE
  5
4F4
330
17
100
AcDbEntity
  8
E-OSWIETLENIE
370
50
 48
0.05
100
AcDbCircle
 10
13.4525
 20
1.4375
 30
0.0
 40
0.1
  0
LWPOLYLINE
  5
4F5
330
17
100
AcDbEntity
  8
E-OSWIETLENIE
370
50
 48
0.05
100
AcDbPolyline
 90
2
 70
0
 10
13.38179
 20
1.36679
 10
13.52321
 20
1.50821
  0
LWPOLYLINE
  5
4F6
330
17
100
AcDbEntity
  8
E-OSWIETLENIE
370
50
 48
0.05
100
AcDbPolyline
 90
2
 70
0
 10
13.38179
 20
1.50821
 10
13.52321
 20
1.36679
  0
LWPOLYLINE
  5
4F7
330
17
100
AcDbEntity
  8
E-OSWIETLENIE
370
50
 48
0.05
100
AcDbPolyline
 90
2
 70
0
 10
11.645
 20
1.5999999999999999
 10
11.645
 20
4.819999999999999
  0
LWPOLYLINE
  5
4F8
330
17
100
AcDbEntity
  8
E-OSWIETLENIE
370
50
 48
0.05
100
AcDbPolyline
 90
2
 70
0
 10
11.684999999999999
 20
1.5999999999999999
 10
11.605
 20
1.5999999999999999
  0
LWPOLYLINE
  5
4F9
330
17
100
AcDbEntity
  8
E-OSWIETLENIE
370
50
 48
0.05
100
AcDbPolyline
 90
2
 70
0
 10
11.684999999999999
 20
4.819999999999999
 10
11.605
 20
4.819999999999999
  0
CIRCLE
  5
4FA
330
17
100
AcDbEntity
  8
E-LACZNIKI
370
50
 48
0.05
100
AcDbCircle
 10
13.48
 20
0.1875
 30
0.0
 40
0.03300000000000001
  0
LWPOLYLINE
  5
4FB
330
17
100
AcDbEntity
  8
E-LACZNIKI
370
50
 48
0.05
100
AcDbPolyline
 90
2
 70
0
 10
13.503334523779156
 20
0.21083452377915607
 10
13.591369318036882
 20
0.29886931803688127
  0
LWPOLYLINE
  5
4FC
330
17
100
AcDbEntity
  8
E-LACZNIKI
370
50
 48
0.05
100
AcDbPolyline
 90
2
 70
0
 10
13.591369318036882
 20
0.29886931803688127
 10
13.561670833227046
 20
0.3285678028467163
  0
LWPOLYLINE
  5
4FD
330
17
100
AcDbEntity
  8
E-LACZNIKI
370
50
 48
0.05
100
AcDbPolyline
 90
2
 70
0
 10
13.456665476220845
 20
0.16416547622084393
 10
13.368630681963118
 20
0.07613068196311877
  0
LWPOLYLINE
  5
4FE
330
17
100
AcDbEntity
  8
E-LACZNIKI
370
50
 48
0.05
100
AcDbPolyline
 90
2
 70
0
 10
13.368630681963118
 20
0.07613068196311877
 10
13.398329166772955
 20
0.04643219715328377
  0
CIRCLE
  5
4FF
330
17
100
AcDbEntity
  8
E-LACZNIKI
370
50
 48
0.05
100
AcDbCircle
 10
12.1875
 20
1.48
 30
0.0
 40
0.03300000000000001
  0
LWPOLYLINE
  5
500
330
17
100
AcDbEntity
  8
E-LACZNIKI
370
50
 48
0.05
100
AcDbPolyline
 90
2
 70
0
 10
12.210834523779157
 20
1.456665476220844
 10
12.298869318036882
 20
1.3686306819631187
  0
LWPOLYLINE
  5
501
330
17
100
AcDbEntity
  8
E-LACZNIKI
370
50
 48
0.05
100
AcDbPolyline
 90
2
 70
0
 10
12.298869318036882
 20
1.3686306819631187
 10
12.328567802846717
 20
1.3983291667729538
  0
LWPOLYLINE
  5
502
330
17
100
AcDbEntity
  8
E-LACZNIKI
370
50
 48
0.05
100
AcDbPolyline
 90
2
 70
0
 10
12.164165476220845
 20
1.503334523779156
 10
12.07613068196312
 20
1.5913693180368813
  0
LWPOLYLINE
  5
503
330
17
100
AcDbEntity
  8
E-LACZNIKI
370
50
 48
0.05
100
AcDbPolyline
 90
2
 70
0
 10
12.07613068196312
 20
1.5913693180368813
 10
12.046432197153285
 20
1.5616708332270464
  0
CIRCLE
  5
504
330
17
100
AcDbEntity
  8
E-OSWIETLENIE
370
50
 48
0.05
100
AcDbCircle
 10
16.61
 20
1.4375
 30
0.0
 40
0.1
  0
LWPOLYLINE
  5
505
330
17
100
AcDbEntity
  8
E-OSWIETLENIE
370
50
 48
0.05
100
AcDbPolyline
 90
2
 70
0
 10
16.53929
 20
1.36679
 10
16.680709999999998
 20
1.50821
  0
LWPOLYLINE
  5
506
330
17
100
AcDbEntity
  8
E-OSWIETLENIE
370
50
 48
0.05
100
AcDbPolyline
 90
2
 70
0
 10
16.53929
 20
1.50821
 10
16.680709999999998
 20
1.36679
  0
CIRCLE
  5
507
330
17
100
AcDbEntity
  8
E-LACZNIKI
370
50
 48
0.05
100
AcDbCircle
 10
15.032499999999999
 20
1.37
 30
0.0
 40
0.03300000000000001
  0
LWPOLYLINE
  5
508
330
17
100
AcDbEntity
  8
E-LACZNIKI
370
50
 48
0.05
100
AcDbPolyline
 90
2
 70
0
 10
15.055834523779156
 20
1.346665476220844
 10
15.14386931803688
 20
1.2586306819631188
  0
LWPOLYLINE
  5
509
330
17
100
AcDbEntity
  8
E-LACZNIKI
370
50
 48
0.05
100
AcDbPolyline
 90
2
 70
0
 10
15.14386931803688
 20
1.2586306819631188
 10
15.173567802846716
 20
1.288329166772954
  0
LWPOLYLINE
  5
50A
330
17
100
AcDbEntity
  8
E-OSWIETLENIE
370
50
 48
0.05
100
AcDbPolyline
 90
2
 70
0
 10
14.645000000000001
 20
4.888749999998824
 10
15.845
 20
4.888749999998824
  0
LWPOLYLINE
  5
50B
330
17
100
AcDbEntity
  8
E-OSWIETLENIE
370
50
 48
0.05
100
AcDbPolyline
 90
2
 70
0
 10
14.645000000000001
 20
4.848749999998824
 10
14.645000000000001
 20
4.928749999998824
  0
LWPOLYLINE
  5
50C
330
17
100
AcDbEntity
  8
E-OSWIETLENIE
370
50
 48
0.05
100
AcDbPolyline
 90
2
 70
0
 10
15.845
 20
4.848749999998824
 10
15.845
 20
4.928749999998824
  0
LWPOLYLINE
  5
50D
330
17
100
AcDbEntity
  8
E-OSWIETLENIE
370
50
 48
0.05
100
AcDbPolyline
 90
2
 70
0
 10
14.645000000000001
 20
7.4762499999988234
 10
15.845
 20
7.4762499999988234
  0
LWPOLYLINE
  5
50E
330
17
100
AcDbEntity
  8
E-OSWIETLENIE
370
50
 48
0.05
100
AcDbPolyline
 90
2
 70
0
 10
14.645000000000001
 20
7.436249999998823
 10
14.645000000000001
 20
7.5162499999988235
  0
LWPOLYLINE
  5
50F
330
17
100
AcDbEntity
  8
E-OSWIETLENIE
370
50
 48
0.05
100
AcDbPolyline
 90
2
 70
0
 10
15.845
 20
7.436249999998823
 10
15.845
 20
7.5162499999988235
  0
CIRCLE
  5
510
330
17
100
AcDbEntity
  8
E-LACZNIKI
370
50
 48
0.05
100
AcDbCircle
 10
18.1875
 20
6.130000000000001
 30
0.0
 40
0.03300000000000001
  0
LWPOLYLINE
  5
511
330
17
100
AcDbEntity
  8
E-LACZNIKI
370
50
 48
0.05
100
AcDbPolyline
 90
2
 70
0
 10
18.164165476220845
 20
6.153334523779157
 10
18.076130681963118
 20
6.241369318036882
  0
LWPOLYLINE
  5
512
330
17
100
AcDbEntity
  8
E-LACZNIKI
370
50
 48
0.05
100
AcDbPolyline
 90
2
 70
0
 10
18.076130681963118
 20
6.241369318036882
 10
18.046432197153283
 20
6.211670833227047
  0
LWPOLYLINE
  5
513
330
17
100
AcDbEntity
  8
E-OSWIETLENIE
370
50
 48
0.05
100
AcDbPolyline
 90
2
 70
0
 10
6.6775
 20
-0.30000000000000004
 10
6.782500000000001
 20
-0.30000000000000004
  0
LWPOLYLINE
  5
514
330
17
100
AcDbEntity
  8
E-OSWIETLENIE
370
50
 48
0.05
100
AcDbPolyline
 90
2
 70
0
 10
6.68625
 20
-0.31750000000000006
 10
6.773750000000001
 20
-0.4050000000000001
  0
LWPOLYLINE
  5
515
330
17
100
AcDbEntity
  8
E-OSWIETLENIE
370
50
 48
0.05
100
AcDbPolyline
 90
2
 70
0
 10
6.773750000000001
 20
-0.31750000000000006
 10
6.68625
 20
-0.4050000000000001
  0
LWPOLYLINE
  5
516
330
17
100
AcDbEntity
  8
E-OSWIETLENIE
370
50
 48
0.05
100
AcDbPolyline
 90
2
 70
0
 10
9.0175
 20
-0.30000000000000004
 10
9.1225
 20
-0.30000000000000004
  0
LWPOLYLINE
  5
517
330
17
100
AcDbEntity
  8
E-OSWIETLENIE
370
50
 48
0.05
100
AcDbPolyline
 90
2
 70
0
 10
9.026250000000001
 20
-0.31750000000000006
 10
9.11375
 20
-0.4050000000000001
  0
LWPOLYLINE
  5
518
330
17
100
AcDbEntity
  8
E-OSWIETLENIE
370
50
 48
0.05
100
AcDbPolyline
 90
2
 70
0
 10
9.11375
 20
-0.31750000000000006
 10
9.026250000000001
 20
-0.4050000000000001
  0
LWPOLYLINE
  5
519
330
17
100
AcDbEntity
  8
E-OSWIETLENIE
370
50
 48
0.05
100
AcDbPolyline
 90
2
 70
0
 10
13.5475
 20
-0.30000000000000004
 10
13.6525
 20
-0.30000000000000004
  0
LWPOLYLINE
  5
51A
330
17
100
AcDbEntity
  8
E-OSWIETLENIE
370
50
 48
0.05
100
AcDbPolyline
 90
2
 70
0
 10
13.55625
 20
-0.31750000000000006
 10
13.643749999999999
 20
-0.4050000000000001
  0
LWPOLYLINE
  5
51B
330
17
100
AcDbEntity
  8
E-OSWIETLENIE
370
50
 48
0.05
100
AcDbPolyline
 90
2
 70
0
 10
13.643749999999999
 20
-0.31750000000000006
 10
13.55625
 20
-0.4050000000000001
  0
LWPOLYLINE
  5
51C
330
17
100
AcDbEntity
  8
E-OSWIETLENIE
370
50
 48
0.05
100
AcDbPolyline
 90
2
 70
0
 10
18.675
 20
6.1975
 10
18.675
 20
6.3025
  0
LWPOLYLINE
  5
51D
330
17
100
AcDbEntity
  8
E-OSWIETLENIE
370
50
 48
0.05
100
AcDbPolyline
 90
2
 70
0
 10
18.692500000000003
 20
6.20625
 10
18.78
 20
6.29375
  0
LWPOLYLINE
  5
51E
330
17
100
AcDbEntity
  8
E-OSWIETLENIE
370
50
 48
0.05
100
AcDbPolyline
 90
2
 70
0
 10
18.692500000000003
 20
6.29375
 10
18.78
 20
6.20625
  0
LWPOLYLINE
  5
51F
330
17
100
AcDbEntity
  8
E-OSWIETLENIE
370
50
 48
0.05
100
AcDbPolyline
 90
2
 70
0
 10
9.7525
 20
9.05
 10
9.647499999999999
 20
9.05
  0
LWPOLYLINE
  5
520
330
17
100
AcDbEntity
  8
E-OSWIETLENIE
370
50
 48
0.05
100
AcDbPolyline
 90
2
 70
0
 10
9.743749999999999
 20
9.0675
 10
9.65625
 20
9.155
  0
LWPOLYLINE
  5
521
330
17
100
AcDbEntity
  8
E-OSWIETLENIE
370
50
 48
0.05
100
AcDbPolyline
 90
2
 70
0
 10
9.65625
 20
9.0675
 10
9.743749999999999
 20
9.155
  0
LWPOLYLINE
  5
522
330
17
100
AcDbEntity
  8
E-OSWIETLENIE
370
50
 48
0.05
100
AcDbPolyline
 90
2
 70
0
 10
-0.30000000000000004
 20
0.9024999999999996
 10
-0.30000000000000004
 20
0.7974999999999997
  0
LWPOLYLINE
  5
523
330
17
100
AcDbEntity
  8
E-OSWIETLENIE
370
50
 48
0.05
100
AcDbPolyline
 90
2
 70
0
 10
-0.31750000000000006
 20
0.8937499999999996
 10
-0.4050000000000001
 20
0.8062499999999997
  0
LWPOLYLINE
  5
524
330
17
100
AcDbEntity
  8
E-OSWIETLENIE
370
50
 48
0.05
100
AcDbPolyline
 90
2
 70
0
 10
-0.31750000000000006
 20
0.8062499999999997
 10
-0.4050000000000001
 20
0.8937499999999996
  0
LWPOLYLINE
  5
525
330
17
100
AcDbEntity
  8
E-ROZDZIELNICE
370
50
 48
0.05
100
AcDbPolyline
 90
4
 70
1
 10
14.95
 20
1.3
 10
14.95
 20
0.5
 10
15.2
 20
0.5
 10
15.2
 20
1.3
  0
HATCH
  5
526
330
17
100
AcDbEntity
  8
E-OPISY
 62
7
420
0
100
AcDbHatch
 10
0.0
 20
0.0
 30
0.0
210
0.0
220
0.0
230
1.0
  2
SOLID
 70
1
 71
0
 91
1
 92
3
 72
0
 73
1
 93
24
 10
10.94
 20
7.6475
 10
10.939403701960059
 20
7.652029333289294
 10
10.937655444566227
 20
7.65625
 10
10.934874368670764
 20
7.659874368670764
 10
10.931249999999999
 20
7.662655444566227
 10
10.927029333289294
 20
7.664403701960059
 10
10.9225
 20
7.665
 10
10.917970666710705
 20
7.664403701960059
 10
10.91375
 20
7.662655444566227
 10
10.910125631329235
 20
7.659874368670764
 10
10.907344555433772
 20
7.65625
 10
10.90559629803994
 20
7.652029333289294
 10
10.905
 20
7.6475
 10
10.90559629803994
 20
7.642970666710706
 10
10.907344555433772
 20
7.63875
 10
10.910125631329235
 20
7.6351256313292355
 10
10.91375
 20
7.6323445554337725
 10
10.917970666710705
 20
7.630596298039941
 10
10.9225
 20
7.63
 10
10.927029333289294
 20
7.630596298039941
 10
10.931249999999999
 20
7.6323445554337725
 10
10.934874368670764
 20
7.6351256313292355
 10
10.937655444566227
 20
7.63875
 10
10.939403701960059
 20
7.642970666710706
 97
0
 75
0
 76
1
 98
0
  0
HATCH
  5
527
330
17
100
AcDbEntity
  8
E-OPISY
 62
7
420
0
100
AcDbHatch
 10
0.0
 20
0.0
 30
0.0
210
0.0
220
0.0
230
1.0
  2
SOLID
 70
1
 71
0
 91
1
 92
3
 72
0
 73
1
 93
24
 10
10.598476562499998
 20
5.906054687499999
 10
10.597880264460057
 20
5.910584020789293
 10
10.596132007066226
 20
5.914804687499999
 10
10.593350931170763
 20
5.918429056170764
 10
10.589726562499997
 20
5.921210132066227
 10
10.585505895789293
 20
5.922958389460058
 10
10.580976562499998
 20
5.923554687499999
 10
10.576447229210704
 20
5.922958389460058
 10
10.5722265625
 20
5.921210132066227
 10
10.568602193829234
 20
5.918429056170764
 10
10.56582111793377
 20
5.914804687499999
 10
10.56407286053994
 20
5.910584020789293
 10
10.563476562499998
 20
5.906054687499999
 10
10.56407286053994
 20
5.901525354210706
 10
10.56582111793377
 20
5.897304687499999
 10
10.568602193829234
 20
5.893680318829235
 10
10.5722265625
 20
5.890899242933772
 10
10.576447229210704
 20
5.88915098553994
 10
10.580976562499998
 20
5.888554687499999
 10
10.585505895789293
 20
5.88915098553994
 10
10.589726562499997
 20
5.890899242933772
 10
10.593350931170763
 20
5.893680318829235
 10
10.596132007066226
 20
5.897304687499999
 10
10.597880264460057
 20
5.901525354210706
 97
0
 75
0
 76
1
 98
0
  0
HATCH
  5
528
330
17
100
AcDbEntity
  8
E-OPISY
 62
7
420
0
100
AcDbHatch
 10
0.0
 20
0.0
 30
0.0
210
0.0
220
0.0
230
1.0
  2
SOLID
 70
1
 71
0
 91
1
 92
3
 72
0
 73
1
 93
24
 10
9.22
 20
7.672499999999999
 10
9.21940370196006
 20
7.677029333289293
 10
9.217655444566228
 20
7.6812499999999995
 10
9.214874368670765
 20
7.684874368670764
 10
9.21125
 20
7.687655444566227
 10
9.207029333289295
 20
7.6894037019600585
 10
9.2025
 20
7.6899999999999995
 10
9.197970666710706
 20
7.6894037019600585
 10
9.193750000000001
 20
7.687655444566227
 10
9.190125631329236
 20
7.684874368670764
 10
9.187344555433773
 20
7.6812499999999995
 10
9.185596298039941
 20
7.677029333289293
 10
9.185
 20
7.672499999999999
 10
9.185596298039941
 20
7.667970666710706
 10
9.187344555433773
 20
7.663749999999999
 10
9.190125631329236
 20
7.660125631329235
 10
9.193750000000001
 20
7.657344555433772
 10
9.197970666710706
 20
7.65559629803994
 10
9.2025
 20
7.654999999999999
 10
9.207029333289295
 20
7.65559629803994
 10
9.21125
 20
7.657344555433772
 10
9.214874368670765
 20
7.660125631329235
 10
9.217655444566228
 20
7.663749999999999
 10
9.21940370196006
 20
7.667970666710706
 97
0
 75
0
 76
1
 98
0
  0
HATCH
  5
529
330
17
100
AcDbEntity
  8
E-OPISY
 62
7
420
0
100
AcDbHatch
 10
0.0
 20
0.0
 30
0.0
210
0.0
220
0.0
230
1.0
  2
SOLID
 70
1
 71
0
 91
1
 92
3
 72
0
 73
1
 93
24
 10
6.565
 20
6.244999999999999
 10
6.564403701960059
 20
6.249529333289293
 10
6.562655444566228
 20
6.253749999999999
 10
6.559874368670765
 20
6.257374368670764
 10
6.55625
 20
6.260155444566227
 10
6.552029333289294
 20
6.261903701960058
 10
6.5475
 20
6.262499999999999
 10
6.542970666710707
 20
6.261903701960058
 10
6.53875
 20
6.260155444566227
 10
6.535125631329236
 20
6.257374368670764
 10
6.532344555433773
 20
6.253749999999999
 10
6.530596298039941
 20
6.249529333289293
 10
6.53
 20
6.244999999999999
 10
6.530596298039941
 20
6.2404706667107055
 10
6.532344555433773
 20
6.236249999999999
 10
6.535125631329236
 20
6.232625631329235
 10
6.53875
 20
6.229844555433772
 10
6.542970666710707
 20
6.22809629803994
 10
6.5475
 20
6.227499999999999
 10
6.552029333289294
 20
6.22809629803994
 10
6.55625
 20
6.229844555433772
 10
6.559874368670765
 20
6.232625631329235
 10
6.562655444566228
 20
6.236249999999999
 10
6.564403701960059
 20
6.2404706667107055
 97
0
 75
0
 76
1
 98
0
  0
HATCH
  5
52A
330
17
100
AcDbEntity
  8
E-OPISY
 62
7
420
0
100
AcDbHatch
 10
0.0
 20
0.0
 30
0.0
210
0.0
220
0.0
230
1.0
  2
SOLID
 70
1
 71
0
 91
1
 92
3
 72
0
 73
1
 93
24
 10
7.8475
 20
5.68
 10
7.846903701960059
 20
5.684529333289293
 10
7.8451554445662275
 20
5.68875
 10
7.8423743686707645
 20
5.692374368670764
 10
7.83875
 20
5.695155444566227
 10
7.834529333289294
 20
5.696903701960059
 10
7.83
 20
5.6975
 10
7.825470666710706
 20
5.696903701960059
 10
7.82125
 20
5.695155444566227
 10
7.817625631329236
 20
5.692374368670764
 10
7.814844555433773
 20
5.68875
 10
7.813096298039941
 20
5.684529333289293
 10
7.8125
 20
5.68
 10
7.813096298039941
 20
5.675470666710706
 10
7.814844555433773
 20
5.67125
 10
7.817625631329236
 20
5.667625631329235
 10
7.82125
 20
5.664844555433772
 10
7.825470666710706
 20
5.663096298039941
 10
7.83
 20
5.6625
 10
7.834529333289294
 20
5.663096298039941
 10
7.83875
 20
5.664844555433772
 10
7.8423743686707645
 20
5.667625631329235
 10
7.8451554445662275
 20
5.67125
 10
7.846903701960059
 20
5.675470666710706
 97
0
 75
0
 76
1
 98
0
  0
HATCH
  5
52B
330
17
100
AcDbEntity
  8
E-OPISY
 62
7
420
0
100
AcDbHatch
 10
0.0
 20
0.0
 30
0.0
210
0.0
220
0.0
230
1.0
  2
SOLID
 70
1
 71
0
 91
1
 92
3
 72
0
 73
1
 93
24
 10
7.8475
 20
6.77
 10
7.846903701960059
 20
6.774529333289293
 10
7.8451554445662275
 20
6.77875
 10
7.8423743686707645
 20
6.782374368670764
 10
7.83875
 20
6.785155444566227
 10
7.834529333289294
 20
6.786903701960059
 10
7.83
 20
6.7875
 10
7.825470666710706
 20
6.786903701960059
 10
7.82125
 20
6.785155444566227
 10
7.817625631329236
 20
6.782374368670764
 10
7.814844555433773
 20
6.77875
 10
7.813096298039941
 20
6.774529333289293
 10
7.8125
 20
6.77
 10
7.813096298039941
 20
6.765470666710706
 10
7.814844555433773
 20
6.7612499999999995
 10
7.817625631329236
 20
6.757625631329235
 10
7.82125
 20
6.754844555433772
 10
7.825470666710706
 20
6.7530962980399405
 10
7.83
 20
6.7524999999999995
 10
7.834529333289294
 20
6.7530962980399405
 10
7.83875
 20
6.754844555433772
 10
7.8423743686707645
 20
6.757625631329235
 10
7.8451554445662275
 20
6.7612499999999995
 10
7.846903701960059
 20
6.765470666710706
 97
0
 75
0
 76
1
 98
0
  0
HATCH
  5
52C
330
17
100
AcDbEntity
  8
E-OPISY
 62
7
420
0
100
AcDbHatch
 10
0.0
 20
0.0
 30
0.0
210
0.0
220
0.0
230
1.0
  2
SOLID
 70
1
 71
0
 91
1
 92
3
 72
0
 73
1
 93
24
 10
7.205
 20
8.0575
 10
7.204403701960059
 20
8.062029333289294
 10
7.202655444566227
 20
8.066249999999998
 10
7.1998743686707645
 20
8.069874368670764
 10
7.19625
 20
8.072655444566227
 10
7.192029333289294
 20
8.074403701960058
 10
7.1875
 20
8.075
 10
7.182970666710706
 20
8.074403701960058
 10
7.17875
 20
8.072655444566227
 10
7.1751256313292355
 20
8.069874368670764
 10
7.172344555433773
 20
8.066249999999998
 10
7.170596298039941
 20
8.062029333289294
 10
7.17
 20
8.0575
 10
7.170596298039941
 20
8.052970666710705
 10
7.172344555433773
 20
8.04875
 10
7.1751256313292355
 20
8.045125631329235
 10
7.17875
 20
8.042344555433772
 10
7.182970666710706
 20
8.04059629803994
 10
7.1875
 20
8.04
 10
7.192029333289294
 20
8.04059629803994
 10
7.19625
 20
8.042344555433772
 10
7.1998743686707645
 20
8.045125631329235
 10
7.202655444566227
 20
8.04875
 10
7.204403701960059
 20
8.052970666710705
 97
0
 75
0
 76
1
 98
0
  0
HATCH
  5
52D
330
17
100
AcDbEntity
  8
E-OPISY
 62
7
420
0
100
AcDbHatch
 10
0.0
 20
0.0
 30
0.0
210
0.0
220
0.0
230
1.0
  2
SOLID
 70
1
 71
0
 91
1
 92
3
 72
0
 73
1
 93
24
 10
1.8218247126445415
 20
2.5625
 10
1.8212284146046
 20
2.567029333289294
 10
1.819480157210769
 20
2.57125
 10
1.816699081315306
 20
2.5748743686707645
 10
1.8130747126445415
 20
2.577655444566228
 10
1.8088540459338356
 20
2.5794037019600586
 10
1.8043247126445414
 20
2.58
 10
1.7997953793552472
 20
2.5794037019600586
 10
1.7955747126445414
 20
2.577655444566228
 10
1.791950343973777
 20
2.5748743686707645
 10
1.7891692680783138
 20
2.57125
 10
1.7874210106844828
 20
2.567029333289294
 10
1.7868247126445413
 20
2.5625
 10
1.7874210106844828
 20
2.557970666710706
 10
1.7891692680783138
 20
2.55375
 10
1.7919503439737767
 20
2.5501256313292355
 10
1.7955747126445414
 20
2.547344555433772
 10
1.7997953793552472
 20
2.5455962980399414
 10
1.8043247126445414
 20
2.545
 10
1.8088540459338356
 20
2.5455962980399414
 10
1.8130747126445415
 20
2.547344555433772
 10
1.8166990813153059
 20
2.5501256313292355
 10
1.819480157210769
 20
2.55375
 10
1.8212284146046
 20
2.557970666710706
 97
0
 75
0
 76
1
 98
0
  0
HATCH
  5
52E
330
17
100
AcDbEntity
  8
E-OPISY
 62
7
420
0
100
AcDbHatch
 10
0.0
 20
0.0
 30
0.0
210
0.0
220
0.0
230
1.0
  2
SOLID
 70
1
 71
0
 91
1
 92
3
 72
0
 73
1
 93
24
 10
7.4175
 20
4.435
 10
7.416903701960059
 20
4.439529333289293
 10
7.415155444566228
 20
4.44375
 10
7.412374368670765
 20
4.447374368670764
 10
7.40875
 20
4.450155444566227
 10
7.404529333289294
 20
4.451903701960059
 10
7.4
 20
4.4525
 10
7.395470666710707
 20
4.451903701960059
 10
7.39125
 20
4.450155444566227
 10
7.387625631329236
 20
4.447374368670764
 10
7.384844555433773
 20
4.44375
 10
7.383096298039941
 20
4.439529333289293
 10
7.3825
 20
4.435
 10
7.383096298039941
 20
4.430470666710706
 10
7.384844555433773
 20
4.42625
 10
7.387625631329236
 20
4.422625631329235
 10
7.39125
 20
4.419844555433772
 10
7.395470666710707
 20
4.4180962980399405
 10
7.4
 20
4.4174999999999995
 10
7.404529333289294
 20
4.4180962980399405
 10
7.40875
 20
4.419844555433772
 10
7.412374368670765
 20
4.422625631329235
 10
7.415155444566228
 20
4.42625
 10
7.416903701960059
 20
4.430470666710706
 97
0
 75
0
 76
1
 98
0
  0
HATCH
  5
52F
330
17
100
AcDbEntity
  8
E-OPISY
 62
7
420
0
100
AcDbHatch
 10
0.0
 20
0.0
 30
0.0
210
0.0
220
0.0
230
1.0
  2
SOLID
 70
1
 71
0
 91
1
 92
3
 72
0
 73
1
 93
24
 10
4.6425
 20
5.796250000000001
 10
4.641903701960059
 20
5.800779333289294
 10
4.640155444566227
 20
5.805000000000001
 10
4.6373743686707645
 20
5.808624368670765
 10
4.63375
 20
5.811405444566228
 10
4.629529333289294
 20
5.81315370196006
 10
4.625
 20
5.813750000000001
 10
4.620470666710706
 20
5.81315370196006
 10
4.61625
 20
5.811405444566228
 10
4.6126256313292355
 20
5.808624368670765
 10
4.609844555433773
 20
5.805000000000001
 10
4.608096298039941
 20
5.800779333289294
 10
4.6075
 20
5.796250000000001
 10
4.608096298039941
 20
5.791720666710707
 10
4.609844555433773
 20
5.7875000000000005
 10
4.6126256313292355
 20
5.783875631329236
 10
4.61625
 20
5.781094555433773
 10
4.620470666710706
 20
5.7793462980399415
 10
4.625
 20
5.7787500000000005
 10
4.629529333289294
 20
5.7793462980399415
 10
4.63375
 20
5.781094555433773
 10
4.6373743686707645
 20
5.783875631329236
 10
4.640155444566227
 20
5.7875000000000005
 10
4.641903701960059
 20
5.791720666710707
 97
0
 75
0
 76
1
 98
0
  0
HATCH
  5
530
330
17
100
AcDbEntity
  8
E-OPISY
 62
7
420
0
100
AcDbHatch
 10
0.0
 20
0.0
 30
0.0
210
0.0
220
0.0
230
1.0
  2
SOLID
 70
1
 71
0
 91
1
 92
3
 72
0
 73
1
 93
24
 10
4.8925
 20
7.56625
 10
4.891903701960059
 20
7.570779333289294
 10
4.890155444566227
 20
7.575
 10
4.8873743686707645
 20
7.578624368670765
 10
4.88375
 20
7.581405444566228
 10
4.879529333289294
 20
7.583153701960059
 10
4.875
 20
7.58375
 10
4.870470666710706
 20
7.583153701960059
 10
4.86625
 20
7.581405444566228
 10
4.8626256313292355
 20
7.578624368670765
 10
4.859844555433773
 20
7.575
 10
4.858096298039941
 20
7.570779333289294
 10
4.8575
 20
7.56625
 10
4.858096298039941
 20
7.561720666710706
 10
4.859844555433773
 20
7.5575
 10
4.8626256313292355
 20
7.553875631329236
 10
4.86625
 20
7.551094555433773
 10
4.870470666710706
 20
7.549346298039941
 10
4.875
 20
7.54875
 10
4.879529333289294
 20
7.549346298039941
 10
4.88375
 20
7.551094555433773
 10
4.8873743686707645
 20
7.553875631329236
 10
4.890155444566227
 20
7.5575
 10
4.891903701960059
 20
7.561720666710706
 97
0
 75
0
 76
1
 98
0
  0
HATCH
  5
531
330
17
100
AcDbEntity
  8
E-OPISY
 62
7
420
0
100
AcDbHatch
 10
0.0
 20
0.0
 30
0.0
210
0.0
220
0.0
230
1.0
  2
SOLID
 70
1
 71
0
 91
1
 92
3
 72
0
 73
1
 93
24
 10
1.955
 20
6.9375
 10
1.9544037019600586
 20
6.942029333289294
 10
1.9526554445662276
 20
6.94625
 10
1.9498743686707647
 20
6.9498743686707645
 10
1.94625
 20
6.952655444566227
 10
1.9420293332892942
 20
6.954403701960059
 10
1.9375
 20
6.955
 10
1.9329706667107058
 20
6.954403701960059
 10
1.92875
 20
6.952655444566227
 10
1.9251256313292355
 20
6.9498743686707645
 10
1.9223445554337724
 20
6.94625
 10
1.9205962980399414
 20
6.942029333289294
 10
1.92
 20
6.9375
 10
1.9205962980399414
 20
6.932970666710706
 10
1.9223445554337724
 20
6.92875
 10
1.9251256313292353
 20
6.9251256313292355
 10
1.92875
 20
6.922344555433773
 10
1.9329706667107058
 20
6.920596298039941
 10
1.9375
 20
6.92
 10
1.9420293332892942
 20
6.920596298039941
 10
1.94625
 20
6.922344555433773
 10
1.9498743686707645
 20
6.9251256313292355
 10
1.9526554445662276
 20
6.92875
 10
1.9544037019600586
 20
6.932970666710706
 97
0
 75
0
 76
1
 98
0
  0
HATCH
  5
532
330
17
100
AcDbEntity
  8
E-OPISY
 62
7
420
0
100
AcDbHatch
 10
0.0
 20
0.0
 30
0.0
210
0.0
220
0.0
230
1.0
  2
SOLID
 70
1
 71
0
 91
1
 92
3
 72
0
 73
1
 93
24
 10
13.47
 20
1.4375
 10
13.46940370196006
 20
1.4420293332892942
 10
13.467655444566228
 20
1.44625
 10
13.464874368670765
 20
1.4498743686707645
 10
13.46125
 20
1.4526554445662276
 10
13.457029333289295
 20
1.4544037019600586
 10
13.4525
 20
1.455
 10
13.447970666710706
 20
1.4544037019600586
 10
13.443750000000001
 20
1.4526554445662276
 10
13.440125631329236
 20
1.4498743686707647
 10
13.437344555433773
 20
1.44625
 10
13.435596298039941
 20
1.4420293332892942
 10
13.435
 20
1.4375
 10
13.435596298039941
 20
1.4329706667107058
 10
13.437344555433773
 20
1.42875
 10
13.440125631329236
 20
1.4251256313292355
 10
13.443750000000001
 20
1.4223445554337724
 10
13.447970666710706
 20
1.4205962980399414
 10
13.4525
 20
1.42
 10
13.457029333289295
 20
1.4205962980399414
 10
13.46125
 20
1.4223445554337724
 10
13.464874368670765
 20
1.4251256313292353
 10
13.467655444566228
 20
1.42875
 10
13.46940370196006
 20
1.4329706667107058
 97
0
 75
0
 76
1
 98
0
  0
HATCH
  5
533
330
17
100
AcDbEntity
  8
E-OPISY
 62
7
420
0
100
AcDbHatch
 10
0.0
 20
0.0
 30
0.0
210
0.0
220
0.0
230
1.0
  2
SOLID
 70
1
 71
0
 91
1
 92
3
 72
0
 73
1
 93
24
 10
16.627499999999998
 20
1.4375
 10
16.626903701960057
 20
1.4420293332892942
 10
16.62515544456623
 20
1.44625
 10
16.622374368670766
 20
1.4498743686707645
 10
16.61875
 20
1.4526554445662276
 10
16.614529333289294
 20
1.4544037019600586
 10
16.61
 20
1.455
 10
16.605470666710705
 20
1.4544037019600586
 10
16.60125
 20
1.4526554445662276
 10
16.597625631329233
 20
1.4498743686707647
 10
16.59484455543377
 20
1.44625
 10
16.593096298039942
 20
1.4420293332892942
 10
16.5925
 20
1.4375
 10
16.593096298039942
 20
1.4329706667107058
 10
16.59484455543377
 20
1.42875
 10
16.597625631329233
 20
1.4251256313292355
 10
16.60125
 20
1.4223445554337724
 10
16.605470666710705
 20
1.4205962980399414
 10
16.61
 20
1.42
 10
16.614529333289294
 20
1.4205962980399414
 10
16.61875
 20
1.4223445554337724
 10
16.622374368670766
 20
1.4251256313292353
 10
16.62515544456623
 20
1.42875
 10
16.626903701960057
 20
1.4329706667107058
 97
0
 75
0
 76
1
 98
0
  0
HATCH
  5
534
330
17
100
AcDbEntity
  8
E-OPISY
 62
7
420
0
100
AcDbHatch
 10
0.0
 20
0.0
 30
0.0
210
0.0
220
0.0
230
1.0
  2
SOLID
 70
1
 71
0
 91
1
 92
3
 72
0
 73
1
 93
24
 10
15.262500000000001
 20
4.888749999998824
 10
15.26190370196006
 20
4.893279333288118
 10
15.260155444566228
 20
4.897499999998824
 10
15.257374368670765
 20
4.9011243686695884
 10
15.25375
 20
4.903905444565051
 10
15.249529333289296
 20
4.905653701958883
 10
15.245000000000001
 20
4.906249999998824
 10
15.240470666710706
 20
4.905653701958883
 10
15.236250000000002
 20
4.903905444565051
 10
15.232625631329237
 20
4.9011243686695884
 10
15.229844555433774
 20
4.897499999998824
 10
15.228096298039942
 20
4.893279333288118
 10
15.227500000000001
 20
4.888749999998824
 10
15.228096298039942
 20
4.88422066670953
 10
15.229844555433774
 20
4.879999999998824
 10
15.232625631329237
 20
4.8763756313280595
 10
15.236250000000002
 20
4.873594555432597
 10
15.240470666710706
 20
4.871846298038765
 10
15.245000000000001
 20
4.871249999998824
 10
15.249529333289296
 20
4.871846298038765
 10
15.25375
 20
4.873594555432597
 10
15.257374368670765
 20
4.8763756313280595
 10
15.260155444566228
 20
4.879999999998824
 10
15.26190370196006
 20
4.88422066670953
 97
0
 75
0
 76
1
 98
0
  0
HATCH
  5
535
330
17
100
AcDbEntity
  8
E-OPISY
 62
7
420
0
100
AcDbHatch
 10
0.0
 20
0.0
 30
0.0
210
0.0
220
0.0
230
1.0
  2
SOLID
 70
1
 71
0
 91
1
 92
3
 72
0
 73
1
 93
24
 10
6.7475000000000005
 20
-0.45000000000000007
 10
6.7469037019600595
 20
-0.44547066671070595
 10
6.745155444566228
 20
-0.4412500000000001
 10
6.742374368670765
 20
-0.4376256313292355
 10
6.7387500000000005
 20
-0.4348445554337724
 10
6.734529333289294
 20
-0.4330962980399414
 10
6.73
 20
-0.43250000000000005
 10
6.725470666710707
 20
-0.4330962980399414
 10
6.72125
 20
-0.4348445554337724
 10
6.717625631329236
 20
-0.4376256313292355
 10
6.714844555433773
 20
-0.4412500000000001
 10
6.713096298039941
 20
-0.44547066671070595
 10
6.7125
 20
-0.45000000000000007
 10
6.713096298039941
 20
-0.4545293332892942
 10
6.714844555433773
 20
-0.45875000000000005
 10
6.717625631329236
 20
-0.46237436867076465
 10
6.72125
 20
-0.46515544456622776
 10
6.725470666710707
 20
-0.46690370196005876
 10
6.73
 20
-0.4675000000000001
 10
6.734529333289294
 20
-0.46690370196005876
 10
6.7387500000000005
 20
-0.46515544456622776
 10
6.742374368670765
 20
-0.46237436867076465
 10
6.745155444566228
 20
-0.45875000000000005
 10
6.7469037019600595
 20
-0.4545293332892942
 97
0
 75
0
 76
1
 98
0
  0
HATCH
  5
536
330
17
100
AcDbEntity
  8
E-OPISY
 62
7
420
0
100
AcDbHatch
 10
0.0
 20
0.0
 30
0.0
210
0.0
220
0.0
230
1.0
  2
SOLID
 70
1
 71
0
 91
1
 92
3
 72
0
 73
1
 93
24
 10
9.0875
 20
-0.45000000000000007
 10
9.08690370196006
 20
-0.44547066671070595
 10
9.085155444566228
 20
-0.4412500000000001
 10
9.082374368670765
 20
-0.4376256313292355
 10
9.07875
 20
-0.4348445554337724
 10
9.074529333289295
 20
-0.4330962980399414
 10
9.07
 20
-0.43250000000000005
 10
9.065470666710706
 20
-0.4330962980399414
 10
9.061250000000001
 20
-0.4348445554337724
 10
9.057625631329236
 20
-0.4376256313292355
 10
9.054844555433773
 20
-0.4412500000000001
 10
9.053096298039941
 20
-0.44547066671070595
 10
9.0525
 20
-0.45000000000000007
 10
9.053096298039941
 20
-0.4545293332892942
 10
9.054844555433773
 20
-0.45875000000000005
 10
9.057625631329236
 20
-0.46237436867076465
 10
9.061250000000001
 20
-0.46515544456622776
 10
9.065470666710706
 20
-0.46690370196005876
 10
9.07
 20
-0.4675000000000001
 10
9.074529333289295
 20
-0.46690370196005876
 10
9.07875
 20
-0.46515544456622776
 10
9.082374368670765
 20
-0.46237436867076465
 10
9.085155444566228
 20
-0.45875000000000005
 10
9.08690370196006
 20
-0.4545293332892942
 97
0
 75
0
 76
1
 98
0
  0
HATCH
  5
537
330
17
100
AcDbEntity
  8
E-OPISY
 62
7
420
0
100
AcDbHatch
 10
0.0
 20
0.0
 30
0.0
210
0.0
220
0.0
230
1.0
  2
SOLID
 70
1
 71
0
 91
1
 92
3
 72
0
 73
1
 93
24
 10
13.6175
 20
-0.45000000000000007
 10
13.616903701960059
 20
-0.44547066671070595
 10
13.615155444566227
 20
-0.4412500000000001
 10
13.612374368670764
 20
-0.4376256313292355
 10
13.608749999999999
 20
-0.4348445554337724
 10
13.604529333289294
 20
-0.4330962980399414
 10
13.6
 20
-0.43250000000000005
 10
13.595470666710705
 20
-0.4330962980399414
 10
13.59125
 20
-0.4348445554337724
 10
13.587625631329235
 20
-0.4376256313292355
 10
13.584844555433772
 20
-0.4412500000000001
 10
13.58309629803994
 20
-0.44547066671070595
 10
13.5825
 20
-0.45000000000000007
 10
13.58309629803994
 20
-0.4545293332892942
 10
13.584844555433772
 20
-0.45875000000000005
 10
13.587625631329235
 20
-0.46237436867076465
 10
13.59125
 20
-0.46515544456622776
 10
13.595470666710705
 20
-0.46690370196005876
 10
13.6
 20
-0.4675000000000001
 10
13.604529333289294
 20
-0.46690370196005876
 10
13.608749999999999
 20
-0.46515544456622776
 10
13.612374368670764
 20
-0.46237436867076465
 10
13.615155444566227
 20
-0.45875000000000005
 10
13.616903701960059
 20
-0.4545293332892942
 97
0
 75
0
 76
1
 98
0
  0
HATCH
  5
538
330
17
100
AcDbEntity
  8
E-OPISY
 62
7
420
0
100
AcDbHatch
 10
0.0
 20
0.0
 30
0.0
210
0.0
220
0.0
230
1.0
  2
SOLID
 70
1
 71
0
 91
1
 92
3
 72
0
 73
1
 93
24
 10
18.842499999999998
 20
6.25
 10
18.841903701960057
 20
6.254529333289294
 10
18.84015544456623
 20
6.25875
 10
18.837374368670766
 20
6.2623743686707645
 10
18.83375
 20
6.265155444566227
 10
18.829529333289294
 20
6.266903701960059
 10
18.825
 20
6.2675
 10
18.820470666710705
 20
6.266903701960059
 10
18.81625
 20
6.265155444566227
 10
18.812625631329233
 20
6.2623743686707645
 10
18.80984455543377
 20
6.25875
 10
18.808096298039942
 20
6.254529333289294
 10
18.8075
 20
6.25
 10
18.808096298039942
 20
6.245470666710706
 10
18.80984455543377
 20
6.24125
 10
18.812625631329233
 20
6.2376256313292355
 10
18.81625
 20
6.234844555433773
 10
18.820470666710705
 20
6.233096298039941
 10
18.825
 20
6.2325
 10
18.829529333289294
 20
6.233096298039941
 10
18.83375
 20
6.234844555433773
 10
18.837374368670766
 20
6.2376256313292355
 10
18.84015544456623
 20
6.24125
 10
18.841903701960057
 20
6.245470666710706
 97
0
 75
0
 76
1
 98
0
  0
HATCH
  5
539
330
17
100
AcDbEntity
  8
E-OPISY
 62
7
420
0
100
AcDbHatch
 10
0.0
 20
0.0
 30
0.0
210
0.0
220
0.0
230
1.0
  2
SOLID
 70
1
 71
0
 91
1
 92
3
 72
0
 73
1
 93
24
 10
9.7175
 20
9.200000000000001
 10
9.716903701960058
 20
9.204529333289296
 10
9.715155444566227
 20
9.20875
 10
9.712374368670764
 20
9.212374368670766
 10
9.708749999999998
 20
9.215155444566228
 10
9.704529333289294
 20
9.21690370196006
 10
9.7
 20
9.217500000000001
 10
9.695470666710705
 20
9.21690370196006
 10
9.69125
 20
9.215155444566228
 10
9.687625631329235
 20
9.212374368670766
 10
9.684844555433772
 20
9.20875
 10
9.68309629803994
 20
9.204529333289296
 10
9.6825
 20
9.200000000000001
 10
9.68309629803994
 20
9.195470666710706
 10
9.684844555433772
 20
9.191250000000002
 10
9.687625631329235
 20
9.187625631329237
 10
9.69125
 20
9.184844555433774
 10
9.695470666710705
 20
9.183096298039942
 10
9.7
 20
9.182500000000001
 10
9.704529333289294
 20
9.183096298039942
 10
9.708749999999998
 20
9.184844555433774
 10
9.712374368670764
 20
9.187625631329237
 10
9.715155444566227
 20
9.191250000000002
 10
9.716903701960058
 20
9.195470666710706
 97
0
 75
0
 76
1
 98
0
  0
HATCH
  5
53A
330
17
100
AcDbEntity
  8
E-OPISY
 62
7
420
0
100
AcDbHatch
 10
0.0
 20
0.0
 30
0.0
210
0.0
220
0.0
230
1.0
  2
SOLID
 70
1
 71
0
 91
1
 92
3
 72
0
 73
1
 93
24
 10
-0.43250000000000005
 20
0.8499999999999996
 10
-0.4330962980399414
 20
0.8545293332892937
 10
-0.4348445554337724
 20
0.8587499999999997
 10
-0.4376256313292355
 20
0.8623743686707642
 10
-0.4412500000000001
 20
0.8651554445662273
 10
-0.44547066671070595
 20
0.8669037019600583
 10
-0.45000000000000007
 20
0.8674999999999996
 10
-0.4545293332892942
 20
0.8669037019600583
 10
-0.45875000000000005
 20
0.8651554445662273
 10
-0.46237436867076465
 20
0.8623743686707642
 10
-0.46515544456622776
 20
0.8587499999999997
 10
-0.46690370196005876
 20
0.8545293332892938
 10
-0.4675000000000001
 20
0.8499999999999996
 10
-0.46690370196005876
 20
0.8454706667107056
 10
-0.46515544456622776
 20
0.8412499999999996
 10
-0.46237436867076465
 20
0.8376256313292351
 10
-0.45875000000000005
 20
0.834844555433772
 10
-0.4545293332892942
 20
0.833096298039941
 10
-0.45000000000000007
 20
0.8324999999999997
 10
-0.44547066671070595
 20
0.8330962980399409
 10
-0.4412500000000001
 20
0.834844555433772
 10
-0.4376256313292355
 20
0.8376256313292351
 10
-0.4348445554337724
 20
0.8412499999999996
 10
-0.4330962980399414
 20
0.8454706667107055
 97
0
 75
0
 76
1
 98
0
  0
HATCH
  5
53B
330
17
100
AcDbEntity
  8
E-OPISY
 62
7
420
0
100
AcDbHatch
 10
0.0
 20
0.0
 30
0.0
210
0.0
220
0.0
230
1.0
  2
SOLID
 70
1
 71
0
 91
1
 92
3
 72
0
 73
1
 93
24
 10
14.9675
 20
0.9
 10
14.966903701960058
 20
0.9045293332892941
 10
14.965155444566227
 20
0.9087500000000001
 10
14.962374368670764
 20
0.9123743686707646
 10
14.958749999999998
 20
0.9151554445662277
 10
14.954529333289294
 20
0.9169037019600588
 10
14.95
 20
0.9175
 10
14.945470666710705
 20
0.9169037019600588
 10
14.94125
 20
0.9151554445662277
 10
14.937625631329235
 20
0.9123743686707646
 10
14.934844555433772
 20
0.9087500000000001
 10
14.93309629803994
 20
0.9045293332892942
 10
14.9325
 20
0.9
 10
14.93309629803994
 20
0.895470666710706
 10
14.934844555433772
 20
0.89125
 10
14.937625631329235
 20
0.8876256313292354
 10
14.94125
 20
0.8848445554337724
 10
14.945470666710705
 20
0.8830962980399414
 10
14.95
 20
0.8825000000000001
 10
14.954529333289294
 20
0.8830962980399413
 10
14.958749999999998
 20
0.8848445554337724
 10
14.962374368670764
 20
0.8876256313292354
 10
14.965155444566227
 20
0.89125
 10
14.966903701960058
 20
0.8954706667107059
 97
0
 75
0
 76
1
 98
0
  0
LWPOLYLINE
  5
53C
330
17
100
AcDbEntity
  8
E-OPISY
370
25
 48
0.05
100
AcDbPolyline
 90
2
 70
0
 10
10.9225
 20
7.6475
 10
10.747499999999999
 20
7.6475
  0
LWPOLYLINE
  5
53D
330
17
100
AcDbEntity
  8
E-OPISY
370
25
 48
0.05
100
AcDbPolyline
 90
2
 70
0
 10
10.580976562499998
 20
5.906054687499999
 10
10.580976562499998
 20
6.1113046875
  0
LWPOLYLINE
  5
53E
330
17
100
AcDbEntity
  8
E-OPISY
370
25
 48
0.05
100
AcDbPolyline
 90
2
 70
0
 10
9.2025
 20
7.672499999999999
 10
9.2025
 20
7.56725
  0
LWPOLYLINE
  5
53F
330
17
100
AcDbEntity
  8
E-OPISY
370
25
 48
0.05
100
AcDbPolyline
 90
2
 70
0
 10
6.5475
 20
6.244999999999999
 10
6.6850000000000005
 20
6.4134069860407195
  0
LWPOLYLINE
  5
540
330
17
100
AcDbEntity
  8
E-OPISY
370
25
 48
0.05
100
AcDbPolyline
 90
2
 70
0
 10
7.83
 20
5.68
 10
7.6925
 20
5.848406986040721
  0
LWPOLYLINE
  5
541
330
17
100
AcDbEntity
  8
E-OPISY
370
25
 48
0.05
100
AcDbPolyline
 90
2
 70
0
 10
7.83
 20
6.77
 10
7.655
 20
6.77
  0
LWPOLYLINE
  5
542
330
17
100
AcDbEntity
  8
E-OPISY
370
25
 48
0.05
100
AcDbPolyline
 90
2
 70
0
 10
7.1875
 20
8.0575
 10
7.3625
 20
8.0575
  0
LWPOLYLINE
  5
543
330
17
100
AcDbEntity
  8
E-OPISY
370
25
 48
0.05
100
AcDbPolyline
 90
2
 70
0
 10
1.8043247126445414
 20
2.5625
 10
2.042481698685262
 20
2.63025
  0
LWPOLYLINE
  5
544
330
17
100
AcDbEntity
  8
E-OPISY
370
25
 48
0.05
100
AcDbPolyline
 90
2
 70
0
 10
7.4
 20
4.435
 10
7.575
 20
4.435
  0
LWPOLYLINE
  5
545
330
17
100
AcDbEntity
  8
E-OPISY
370
25
 48
0.05
100
AcDbPolyline
 90
2
 70
0
 10
4.625
 20
5.796250000000001
 10
4.4875
 20
5.964656986040722
  0
LWPOLYLINE
  5
546
330
17
100
AcDbEntity
  8
E-OPISY
370
25
 48
0.05
100
AcDbPolyline
 90
2
 70
0
 10
4.875
 20
7.56625
 10
5.113156986040721
 20
7.634
  0
LWPOLYLINE
  5
547
330
17
100
AcDbEntity
  8
E-OPISY
370
25
 48
0.05
100
AcDbPolyline
 90
2
 70
0
 10
1.9375
 20
6.9375
 10
1.7625
 20
6.9375
  0
LWPOLYLINE
  5
548
330
17
100
AcDbEntity
  8
E-OPISY
370
25
 48
0.05
100
AcDbPolyline
 90
2
 70
0
 10
13.4525
 20
1.4375
 10
13.627500000000001
 20
1.4375
  0
LWPOLYLINE
  5
549
330
17
100
AcDbEntity
  8
E-OPISY
370
25
 48
0.05
100
AcDbPolyline
 90
2
 70
0
 10
16.61
 20
1.4375
 10
16.785
 20
1.4375
  0
LWPOLYLINE
  5
54A
330
17
100
AcDbEntity
  8
E-OPISY
370
25
 48
0.05
100
AcDbPolyline
 90
2
 70
0
 10
15.245000000000001
 20
4.888749999998824
 10
15.332500000000001
 20
4.970554445661101
  0
LWPOLYLINE
  5
54B
330
17
100
AcDbEntity
  8
E-OPISY
370
25
 48
0.05
100
AcDbPolyline
 90
2
 70
0
 10
6.73
 20
-0.45000000000000007
 10
6.905
 20
-0.45000000000000007
  0
LWPOLYLINE
  5
54C
330
17
100
AcDbEntity
  8
E-OPISY
370
25
 48
0.05
100
AcDbPolyline
 90
2
 70
0
 10
9.07
 20
-0.45000000000000007
 10
9.245000000000001
 20
-0.45000000000000007
  0
LWPOLYLINE
  5
54D
330
17
100
AcDbEntity
  8
E-OPISY
370
25
 48
0.05
100
AcDbPolyline
 90
2
 70
0
 10
13.6
 20
-0.45000000000000007
 10
13.882842712474618
 20
-0.5933427124746191
  0
LWPOLYLINE
  5
54E
330
17
100
AcDbEntity
  8
E-OPISY
370
25
 48
0.05
100
AcDbPolyline
 90
2
 70
0
 10
18.825
 20
6.25
 10
19.0
 20
6.25
  0
LWPOLYLINE
  5
54F
330
17
100
AcDbEntity
  8
E-OPISY
370
25
 48
0.05
100
AcDbPolyline
 90
2
 70
0
 10
9.7
 20
9.200000000000001
 10
9.851554445662275
 20
9.200000000000001
  0
LWPOLYLINE
  5
550
330
17
100
AcDbEntity
  8
E-OPISY
370
25
 48
0.05
100
AcDbPolyline
 90
2
 70
0
 10
-0.45000000000000007
 20
0.8499999999999996
 10
-0.5375000000000001
 20
0.9318044456622765
  0
LWPOLYLINE
  5
551
330
17
100
AcDbEntity
  8
E-OPISY
370
25
 48
0.05
100
AcDbPolyline
 90
2
 70
0
 10
14.95
 20
0.9
 10
13.839185299767571
 20
0.741858098132101
  0
LWPOLYLINE
  5
552
330
17
100
AcDbEntity
  8
I-POMIESZCZENIA
370
18
 48
0.05
100
AcDbPolyline
 90
2
 70
0
 10
2.641161914195577
 20
2.184076166611225
 10
2.9947560545544234
 20
2.184076166611225
  0
LWPOLYLINE
  5
553
330
17
100
AcDbEntity
  8
I-POMIESZCZENIA
370
18
 48
0.05
100
AcDbPolyline
 90
2
 70
0
 10
15.921005664195578
 20
6.101697265624999
 10
16.274599804554423
 20
6.101697265624999
  0
LWPOLYLINE
  5
554
330
17
100
AcDbEntity
  8
I-POMIESZCZENIA
370
18
 48
0.05
100
AcDbPolyline
 90
2
 70
0
 10
1.7607029298205767
 20
6.316999999999999
 10
2.1142970701794233
 20
6.316999999999999
  0
LWPOLYLINE
  5
555
330
17
100
AcDbEntity
  8
I-POMIESZCZENIA
370
18
 48
0.05
100
AcDbPolyline
 90
2
 70
0
 10
16.633202929820577
 20
1.7634101615137754
 10
16.98679707017942
 20
1.7634101615137754
  0
LWPOLYLINE
  5
556
330
17
100
AcDbEntity
  8
I-POMIESZCZENIA
370
18
 48
0.05
100
AcDbPolyline
 90
2
 70
0
 10
13.4807137179196
 20
1.7634101615137754
 10
13.824286282080399
 20
1.7634101615137754
  0
LWPOLYLINE
  5
557
330
17
100
AcDbEntity
  8
I-POMIESZCZENIA
370
18
 48
0.05
100
AcDbPolyline
 90
2
 70
0
 10
9.726792768306801
 20
6.094499999999999
 10
10.080386908665648
 20
6.094499999999999
  0
LWPOLYLINE
  5
558
330
17
100
AcDbEntity
  8
I-POMIESZCZENIA
370
18
 48
0.05
100
AcDbPolyline
 90
2
 70
0
 10
10.226087687549912
 20
7.3519999999999985
 10
10.57968182790876
 20
7.3519999999999985
  0
LWPOLYLINE
  5
559
330
17
100
AcDbEntity
  8
I-POMIESZCZENIA
370
18
 48
0.05
100
AcDbPolyline
 90
2
 70
0
 10
4.351792768306802
 20
7.273749999999999
 10
4.7053869086656475
 20
7.273749999999999
  0
LWPOLYLINE
  5
55A
330
17
100
AcDbEntity
  8
I-POMIESZCZENIA
370
18
 48
0.05
100
AcDbPolyline
 90
2
 70
0
 10
6.876792768306802
 20
4.214499999999998
 10
7.230386908665648
 20
4.214499999999998
  0
LWPOLYLINE
  5
55B
330
17
100
AcDbEntity
  8
I-POMIESZCZENIA
370
18
 48
0.05
100
AcDbPolyline
 90
2
 70
0
 10
7.579081836070578
 20
7.925566406249999
 10
7.932675976429423
 20
7.925566406249999
  0
LWPOLYLINE
  5
55C
330
17
100
AcDbEntity
  8
I-POMIESZCZENIA
370
18
 48
0.05
100
AcDbPolyline
 90
2
 70
0
 10
6.070702929820578
 20
6.679615242270661
 10
6.424297070179423
 20
6.679615242270661
  0
LWPOLYLINE
  5
55D
330
17
100
AcDbEntity
  8
I-POMIESZCZENIA
370
18
 48
0.05
100
AcDbPolyline
 90
2
 70
0
 10
9.025702929820577
 20
7.051999999999999
 10
9.379297070179424
 20
7.051999999999999
  0
LWPOLYLINE
  5
55E
330
17
100
AcDbEntity
  8
I-POMIESZCZENIA
370
18
 48
0.05
100
AcDbPolyline
 90
2
 70
0
 10
4.448202929820577
 20
5.453749999999999
 10
4.801797070179423
 20
5.453749999999999
  0
LWPOLYLINE
  5
55F
330
17
100
AcDbEntity
  8
I-POMIESZCZENIA
370
18
 48
0.05
100
AcDbPolyline
 90
2
 70
0
 10
7.653202929820577
 20
6.427499999999998
 10
8.006797070179424
 20
6.427499999999998
  0
LWPOLYLINE
  5
560
330
17
100
AcDbEntity
  8
I-POMIESZCZENIA
370
18
 48
0.05
100
AcDbPolyline
 90
2
 70
0
 10
7.653202929820577
 20
5.337499999999999
 10
8.006797070179424
 20
5.337499999999999
  0
LWPOLYLINE
  5
561
330
17
100
AcDbEntity
  8
I-POMIESZCZENIA
370
18
 48
0.05
100
AcDbPolyline
 90
2
 70
0
 10
5.3932029298205775
 20
5.703749999999999
 10
5.746797070179423
 20
5.703749999999999
  0
TEXT
  5
562
330
17
100
AcDbEntity
  8
E-ROZDZIELNICE
100
AcDbText
 10
15.12372927549398
 20
0.9384964796729502
 30
0.0
 40
0.125
  1
RG
  7
PL_ARIAL_B
 11
15.12372927549398
 21
0.9384964796729502
 31
0.0
100
AcDbText
  0
HATCH
  5
563
330
17
100
AcDbEntity
  8
A-MASKA
 62
7
420
16777215
100
AcDbHatch
 10
0.0
 20
0.0
 30
0.0
210
0.0
220
0.0
230
1.0
  2
SOLID
 70
1
 71
0
 91
1
 92
3
 72
0
 73
1
 93
4
 10
10.577349534408357
 20
7.57195
 10
10.764999999999999
 20
7.57195
 10
10.764999999999999
 20
7.71675
 10
10.577349534408357
 20
7.71675
 97
0
 75
0
 76
1
 98
0
  0
TEXT
  5
564
330
17
100
AcDbEntity
  8
E-OPISY
100
AcDbText
 10
10.594849534408358
 20
7.60925
 30
0.0
 40
0.09000000000000001
  1
L1
  7
PL_ARIAL_B
 11
10.594849534408358
 21
7.60925
 31
0.0
100
AcDbText
  0
HATCH
  5
565
330
17
100
AcDbEntity
  8
A-MASKA
 62
7
420
16777215
100
AcDbHatch
 10
0.0
 20
0.0
 30
0.0
210
0.0
220
0.0
230
1.0
  2
SOLID
 70
1
 71
0
 91
1
 92
3
 72
0
 73
1
 93
4
 10
10.563476562499998
 20
6.1055046875
 10
10.75112702809164
 20
6.1055046875
 10
10.75112702809164
 20
6.2503046875
 10
10.563476562499998
 20
6.2503046875
 97
0
 75
0
 76
1
 98
0
  0
TEXT
  5
566
330
17
100
AcDbEntity
  8
E-OPISY
100
AcDbText
 10
10.580976562499998
 20
6.1428046875
 30
0.0
 40
0.09000000000000001
  1
L1
  7
PL_ARIAL_B
 11
10.580976562499998
 21
6.1428046875
 31
0.0
100
AcDbText
  0
HATCH
  5
567
330
17
100
AcDbEntity
  8
A-MASKA
 62
7
420
16777215
100
AcDbHatch
 10
0.0
 20
0.0
 30
0.0
210
0.0
220
0.0
230
1.0
  2
SOLID
 70
1
 71
0
 91
1
 92
3
 72
0
 73
1
 93
4
 10
9.185
 20
7.42195
 10
9.372650465591642
 20
7.42195
 10
9.372650465591642
 20
7.56675
 10
9.185
 20
7.56675
 97
0
 75
0
 76
1
 98
0
  0
TEXT
  5
568
330
17
100
AcDbEntity
  8
E-OPISY
100
AcDbText
 10
9.2025
 20
7.45925
 30
0.0
 40
0.09000000000000001
  1
L1
  7
PL_ARIAL_B
 11
9.2025
 21
7.45925
 31
0.0
100
AcDbText
  0
HATCH
  5
569
330
17
100
AcDbEntity
  8
A-MASKA
 62
7
420
16777215
100
AcDbHatch
 10
0.0
 20
0.0
 30
0.0
210
0.0
220
0.0
230
1.0
  2
SOLID
 70
1
 71
0
 91
1
 92
3
 72
0
 73
1
 93
4
 10
6.6675
 20
6.40760698604072
 10
6.855150465591643
 20
6.40760698604072
 10
6.855150465591643
 20
6.55240698604072
 10
6.6675
 20
6.55240698604072
 97
0
 75
0
 76
1
 98
0
  0
TEXT
  5
56A
330
17
100
AcDbEntity
  8
E-OPISY
100
AcDbText
 10
6.6850000000000005
 20
6.44490698604072
 30
0.0
 40
0.09000000000000001
  1
L1
  7
PL_ARIAL_B
 11
6.6850000000000005
 21
6.44490698604072
 31
0.0
100
AcDbText
  0
HATCH
  5
56B
330
17
100
AcDbEntity
  8
A-MASKA
 62
7
420
16777215
100
AcDbHatch
 10
0.0
 20
0.0
 30
0.0
210
0.0
220
0.0
230
1.0
  2
SOLID
 70
1
 71
0
 91
1
 92
3
 72
0
 73
1
 93
4
 10
7.522349534408358
 20
5.842606986040721
 10
7.71
 20
5.842606986040721
 10
7.71
 20
5.987406986040721
 10
7.522349534408358
 20
5.987406986040721
 97
0
 75
0
 76
1
 98
0
  0
TEXT
  5
56C
330
17
100
AcDbEntity
  8
E-OPISY
100
AcDbText
 10
7.539849534408358
 20
5.879906986040721
 30
0.0
 40
0.09000000000000001
  1
L1
  7
PL_ARIAL_B
 11
7.539849534408358
 21
5.879906986040721
 31
0.0
100
AcDbText
  0
HATCH
  5
56D
330
17
100
AcDbEntity
  8
A-MASKA
 62
7
420
16777215
100
AcDbHatch
 10
0.0
 20
0.0
 30
0.0
210
0.0
220
0.0
230
1.0
  2
SOLID
 70
1
 71
0
 91
1
 92
3
 72
0
 73
1
 93
4
 10
7.484849534408358
 20
6.69445
 10
7.6725
 20
6.69445
 10
7.6725
 20
6.83925
 10
7.484849534408358
 20
6.83925
 97
0
 75
0
 76
1
 98
0
  0
TEXT
  5
56E
330
17
100
AcDbEntity
  8
E-OPISY
100
AcDbText
 10
7.502349534408358
 20
6.73175
 30
0.0
 40
0.09000000000000001
  1
L1
  7
PL_ARIAL_B
 11
7.502349534408358
 21
6.73175
 31
0.0
100
AcDbText
  0
HATCH
  5
56F
330
17
100
AcDbEntity
  8
A-MASKA
 62
7
420
16777215
100
AcDbHatch
 10
0.0
 20
0.0
 30
0.0
210
0.0
220
0.0
230
1.0
  2
SOLID
 70
1
 71
0
 91
1
 92
3
 72
0
 73
1
 93
4
 10
7.345
 20
7.981949999999999
 10
7.532650465591642
 20
7.981949999999999
 10
7.532650465591642
 20
8.12675
 10
7.345
 20
8.12675
 97
0
 75
0
 76
1
 98
0
  0
TEXT
  5
570
330
17
100
AcDbEntity
  8
E-OPISY
100
AcDbText
 10
7.3625
 20
8.01925
 30
0.0
 40
0.09000000000000001
  1
L1
  7
PL_ARIAL_B
 11
7.3625
 21
8.01925
 31
0.0
100
AcDbText
  0
HATCH
  5
571
330
17
100
AcDbEntity
  8
A-MASKA
 62
7
420
16777215
100
AcDbHatch
 10
0.0
 20
0.0
 30
0.0
210
0.0
220
0.0
230
1.0
  2
SOLID
 70
1
 71
0
 91
1
 92
3
 72
0
 73
1
 93
4
 10
2.024981698685262
 20
2.62445
 10
2.2126321642769042
 20
2.62445
 10
2.2126321642769042
 20
2.76925
 10
2.024981698685262
 20
2.76925
 97
0
 75
0
 76
1
 98
0
  0
TEXT
  5
572
330
17
100
AcDbEntity
  8
E-OPISY
100
AcDbText
 10
2.042481698685262
 20
2.66175
 30
0.0
 40
0.09000000000000001
  1
L1
  7
PL_ARIAL_B
 11
2.042481698685262
 21
2.66175
 31
0.0
100
AcDbText
  0
HATCH
  5
573
330
17
100
AcDbEntity
  8
A-MASKA
 62
7
420
16777215
100
AcDbHatch
 10
0.0
 20
0.0
 30
0.0
210
0.0
220
0.0
230
1.0
  2
SOLID
 70
1
 71
0
 91
1
 92
3
 72
0
 73
1
 93
4
 10
7.5575
 20
4.35945
 10
7.745150465591642
 20
4.35945
 10
7.745150465591642
 20
4.50425
 10
7.5575
 20
4.50425
 97
0
 75
0
 76
1
 98
0
  0
TEXT
  5
574
330
17
100
AcDbEntity
  8
E-OPISY
100
AcDbText
 10
7.575
 20
4.39675
 30
0.0
 40
0.09000000000000001
  1
L1
  7
PL_ARIAL_B
 11
7.575
 21
4.39675
 31
0.0
100
AcDbText
  0
HATCH
  5
575
330
17
100
AcDbEntity
  8
A-MASKA
 62
7
420
16777215
100
AcDbHatch
 10
0.0
 20
0.0
 30
0.0
210
0.0
220
0.0
230
1.0
  2
SOLID
 70
1
 71
0
 91
1
 92
3
 72
0
 73
1
 93
4
 10
4.317349534408358
 20
5.958856986040722
 10
4.505
 20
5.958856986040722
 10
4.505
 20
6.103656986040722
 10
4.317349534408358
 20
6.103656986040722
 97
0
 75
0
 76
1
 98
0
  0
TEXT
  5
576
330
17
100
AcDbEntity
  8
E-OPISY
100
AcDbText
 10
4.334849534408358
 20
5.996156986040722
 30
0.0
 40
0.09000000000000001
  1
L1
  7
PL_ARIAL_B
 11
4.334849534408358
 21
5.996156986040722
 31
0.0
100
AcDbText
  0
HATCH
  5
577
330
17
100
AcDbEntity
  8
A-MASKA
 62
7
420
16777215
100
AcDbHatch
 10
0.0
 20
0.0
 30
0.0
210
0.0
220
0.0
230
1.0
  2
SOLID
 70
1
 71
0
 91
1
 92
3
 72
0
 73
1
 93
4
 10
5.095656986040721
 20
7.6282000000000005
 10
5.283307451632363
 20
7.6282000000000005
 10
5.283307451632363
 20
7.773000000000001
 10
5.095656986040721
 20
7.773000000000001
 97
0
 75
0
 76
1
 98
0
  0
TEXT
  5
578
330
17
100
AcDbEntity
  8
E-OPISY
100
AcDbText
 10
5.113156986040721
 20
7.665500000000001
 30
0.0
 40
0.09000000000000001
  1
L1
  7
PL_ARIAL_B
 11
5.113156986040721
 21
7.665500000000001
 31
0.0
100
AcDbText
  0
HATCH
  5
579
330
17
100
AcDbEntity
  8
A-MASKA
 62
7
420
16777215
100
AcDbHatch
 10
0.0
 20
0.0
 30
0.0
210
0.0
220
0.0
230
1.0
  2
SOLID
 70
1
 71
0
 91
1
 92
3
 72
0
 73
1
 93
4
 10
1.5923495344083578
 20
6.86195
 10
1.78
 20
6.86195
 10
1.78
 20
7.00675
 10
1.5923495344083578
 20
7.00675
 97
0
 75
0
 76
1
 98
0
  0
TEXT
  5
57A
330
17
100
AcDbEntity
  8
E-OPISY
100
AcDbText
 10
1.6098495344083579
 20
6.89925
 30
0.0
 40
0.09000000000000001
  1
L1
  7
PL_ARIAL_B
 11
1.6098495344083579
 21
6.89925
 31
0.0
100
AcDbText
  0
HATCH
  5
57B
330
17
100
AcDbEntity
  8
A-MASKA
 62
7
420
16777215
100
AcDbHatch
 10
0.0
 20
0.0
 30
0.0
210
0.0
220
0.0
230
1.0
  2
SOLID
 70
1
 71
0
 91
1
 92
3
 72
0
 73
1
 93
4
 10
13.610000000000001
 20
1.3619500000000002
 10
13.797650465591643
 20
1.3619500000000002
 10
13.797650465591643
 20
1.50675
 10
13.610000000000001
 20
1.50675
 97
0
 75
0
 76
1
 98
0
  0
TEXT
  5
57C
330
17
100
AcDbEntity
  8
E-OPISY
100
AcDbText
 10
13.627500000000001
 20
1.39925
 30
0.0
 40
0.09000000000000001
  1
L1
  7
PL_ARIAL_B
 11
13.627500000000001
 21
1.39925
 31
0.0
100
AcDbText
  0
HATCH
  5
57D
330
17
100
AcDbEntity
  8
A-MASKA
 62
7
420
16777215
100
AcDbHatch
 10
0.0
 20
0.0
 30
0.0
210
0.0
220
0.0
230
1.0
  2
SOLID
 70
1
 71
0
 91
1
 92
3
 72
0
 73
1
 93
4
 10
16.767500000000002
 20
1.3619500000000002
 10
16.955150465591643
 20
1.3619500000000002
 10
16.955150465591643
 20
1.50675
 10
16.767500000000002
 20
1.50675
 97
0
 75
0
 76
1
 98
0
  0
TEXT
  5
57E
330
17
100
AcDbEntity
  8
E-OPISY
100
AcDbText
 10
16.785
 20
1.39925
 30
0.0
 40
0.09000000000000001
  1
L1
  7
PL_ARIAL_B
 11
16.785
 21
1.39925
 31
0.0
100
AcDbText
  0
HATCH
  5
57F
330
17
100
AcDbEntity
  8
A-MASKA
 62
7
420
16777215
100
AcDbHatch
 10
0.0
 20
0.0
 30
0.0
210
0.0
220
0.0
230
1.0
  2
SOLID
 70
1
 71
0
 91
1
 92
3
 72
0
 73
1
 93
4
 10
15.315000000000001
 20
4.964754445661101
 10
15.502650465591643
 20
4.964754445661101
 10
15.502650465591643
 20
5.109554445661101
 10
15.315000000000001
 20
5.109554445661101
 97
0
 75
0
 76
1
 98
0
  0
TEXT
  5
580
330
17
100
AcDbEntity
  8
E-OPISY
100
AcDbText
 10
15.332500000000001
 20
5.002054445661101
 30
0.0
 40
0.09000000000000001
  1
L4
  7
PL_ARIAL_B
 11
15.332500000000001
 21
5.002054445661101
 31
0.0
100
AcDbText
  0
HATCH
  5
581
330
17
100
AcDbEntity
  8
A-MASKA
 62
7
420
16777215
100
AcDbHatch
 10
0.0
 20
0.0
 30
0.0
210
0.0
220
0.0
230
1.0
  2
SOLID
 70
1
 71
0
 91
1
 92
3
 72
0
 73
1
 93
4
 10
6.8875
 20
-0.5255500000000002
 10
7.075150465591642
 20
-0.5255500000000002
 10
7.075150465591642
 20
-0.3807500000000002
 10
6.8875
 20
-0.3807500000000002
 97
0
 75
0
 76
1
 98
0
  0
TEXT
  5
582
330
17
100
AcDbEntity
  8
E-OPISY
100
AcDbText
 10
6.905
 20
-0.4882500000000002
 30
0.0
 40
0.09000000000000001
  1
L5
  7
PL_ARIAL_B
 11
6.905
 21
-0.4882500000000002
 31
0.0
100
AcDbText
  0
HATCH
  5
583
330
17
100
AcDbEntity
  8
A-MASKA
 62
7
420
16777215
100
AcDbHatch
 10
0.0
 20
0.0
 30
0.0
210
0.0
220
0.0
230
1.0
  2
SOLID
 70
1
 71
0
 91
1
 92
3
 72
0
 73
1
 93
4
 10
9.227500000000001
 20
-0.5255500000000002
 10
9.415150465591642
 20
-0.5255500000000002
 10
9.415150465591642
 20
-0.3807500000000002
 10
9.227500000000001
 20
-0.3807500000000002
 97
0
 75
0
 76
1
 98
0
  0
TEXT
  5
584
330
17
100
AcDbEntity
  8
E-OPISY
100
AcDbText
 10
9.245000000000001
 20
-0.4882500000000002
 30
0.0
 40
0.09000000000000001
  1
L5
  7
PL_ARIAL_B
 11
9.245000000000001
 21
-0.4882500000000002
 31
0.0
100
AcDbText
  0
HATCH
  5
585
330
17
100
AcDbEntity
  8
A-MASKA
 62
7
420
16777215
100
AcDbHatch
 10
0.0
 20
0.0
 30
0.0
210
0.0
220
0.0
230
1.0
  2
SOLID
 70
1
 71
0
 91
1
 92
3
 72
0
 73
1
 93
4
 10
13.865342712474618
 20
-0.7386427124746191
 10
14.05299317806626
 20
-0.7386427124746191
 10
14.05299317806626
 20
-0.5938427124746191
 10
13.865342712474618
 20
-0.5938427124746191
 97
0
 75
0
 76
1
 98
0
  0
TEXT
  5
586
330
17
100
AcDbEntity
  8
E-OPISY
100
AcDbText
 10
13.882842712474618
 20
-0.7013427124746191
 30
0.0
 40
0.09000000000000001
  1
L5
  7
PL_ARIAL_B
 11
13.882842712474618
 21
-0.7013427124746191
 31
0.0
100
AcDbText
  0
HATCH
  5
587
330
17
100
AcDbEntity
  8
A-MASKA
 62
7
420
16777215
100
AcDbHatch
 10
0.0
 20
0.0
 30
0.0
210
0.0
220
0.0
230
1.0
  2
SOLID
 70
1
 71
0
 91
1
 92
3
 72
0
 73
1
 93
4
 10
13.865342712474618
 20
-0.8781427124746192
 10
15.434287749949068
 20
-0.8781427124746192
 10
15.434287749949068
 20
-0.7333427124746191
 10
13.865342712474618
 20
-0.7333427124746191
 97
0
 75
0
 76
1
 98
0
  0
TEXT
  5
588
330
17
100
AcDbEntity
  8
E-OPISY
100
AcDbText
 10
13.882842712474618
 20
-0.8408427124746192
 30
0.0
 40
0.09000000000000001
  1
IP44, czujnik zmierzchowy
  7
PL_ARIAL
 11
13.882842712474618
 21
-0.8408427124746192
 31
0.0
100
AcDbText
  0
HATCH
  5
589
330
17
100
AcDbEntity
  8
A-MASKA
 62
7
420
16777215
100
AcDbHatch
 10
0.0
 20
0.0
 30
0.0
210
0.0
220
0.0
230
1.0
  2
SOLID
 70
1
 71
0
 91
1
 92
3
 72
0
 73
1
 93
4
 10
18.9825
 20
6.2442
 10
19.170150465591643
 20
6.2442
 10
19.170150465591643
 20
6.389
 10
18.9825
 20
6.389
 97
0
 75
0
 76
1
 98
0
  0
TEXT
  5
58A
330
17
100
AcDbEntity
  8
E-OPISY
100
AcDbText
 10
19.0
 20
6.2815
 30
0.0
 40
0.09000000000000001
  1
L5
  7
PL_ARIAL_B
 11
19.0
 21
6.2815
 31
0.0
100
AcDbText
  0
HATCH
  5
58B
330
17
100
AcDbEntity
  8
A-MASKA
 62
7
420
16777215
100
AcDbHatch
 10
0.0
 20
0.0
 30
0.0
210
0.0
220
0.0
230
1.0
  2
SOLID
 70
1
 71
0
 91
1
 92
3
 72
0
 73
1
 93
4
 10
18.9825
 20
6.1047
 10
20.55144503747445
 20
6.1047
 10
20.55144503747445
 20
6.2495
 10
18.9825
 20
6.2495
 97
0
 75
0
 76
1
 98
0
  0
TEXT
  5
58C
330
17
100
AcDbEntity
  8
E-OPISY
100
AcDbText
 10
19.0
 20
6.142
 30
0.0
 40
0.09000000000000001
  1
IP44, czujnik zmierzchowy
  7
PL_ARIAL
 11
19.0
 21
6.142
 31
0.0
100
AcDbText
  0
HATCH
  5
58D
330
17
100
AcDbEntity
  8
A-MASKA
 62
7
420
16777215
100
AcDbHatch
 10
0.0
 20
0.0
 30
0.0
210
0.0
220
0.0
230
1.0
  2
SOLID
 70
1
 71
0
 91
1
 92
3
 72
0
 73
1
 93
4
 10
9.834054445662275
 20
9.2817
 10
10.021704911253916
 20
9.2817
 10
10.021704911253916
 20
9.4265
 10
9.834054445662275
 20
9.4265
 97
0
 75
0
 76
1
 98
0
  0
TEXT
  5
58E
330
17
100
AcDbEntity
  8
E-OPISY
100
AcDbText
 10
9.851554445662275
 20
9.319
 30
0.0
 40
0.09000000000000001
  1
L5
  7
PL_ARIAL_B
 11
9.851554445662275
 21
9.319
 31
0.0
100
AcDbText
  0
HATCH
  5
58F
330
17
100
AcDbEntity
  8
A-MASKA
 62
7
420
16777215
100
AcDbHatch
 10
0.0
 20
0.0
 30
0.0
210
0.0
220
0.0
230
1.0
  2
SOLID
 70
1
 71
0
 91
1
 92
3
 72
0
 73
1
 93
4
 10
9.834054445662275
 20
9.1422
 10
11.402999483136725
 20
9.1422
 10
11.402999483136725
 20
9.287
 10
9.834054445662275
 20
9.287
 97
0
 75
0
 76
1
 98
0
  0
TEXT
  5
590
330
17
100
AcDbEntity
  8
E-OPISY
100
AcDbText
 10
9.851554445662275
 20
9.1795
 30
0.0
 40
0.09000000000000001
  1
IP44, czujnik zmierzchowy
  7
PL_ARIAL
 11
9.851554445662275
 21
9.1795
 31
0.0
100
AcDbText
  0
HATCH
  5
591
330
17
100
AcDbEntity
  8
A-MASKA
 62
7
420
16777215
100
AcDbHatch
 10
0.0
 20
0.0
 30
0.0
210
0.0
220
0.0
230
1.0
  2
SOLID
 70
1
 71
0
 91
1
 92
3
 72
0
 73
1
 93
4
 10
-0.7076504655916421
 20
0.9260044456622765
 10
-0.52
 20
0.9260044456622765
 10
-0.52
 20
1.0708044456622765
 10
-0.7076504655916421
 20
1.0708044456622765
 97
0
 75
0
 76
1
 98
0
  0
TEXT
  5
592
330
17
100
AcDbEntity
  8
E-OPISY
100
AcDbText
 10
-0.6901504655916422
 20
0.9633044456622765
 30
0.0
 40
0.09000000000000001
  1
L5
  7
PL_ARIAL_B
 11
-0.6901504655916422
 21
0.9633044456622765
 31
0.0
100
AcDbText
  0
HATCH
  5
593
330
17
100
AcDbEntity
  8
A-MASKA
 62
7
420
16777215
100
AcDbHatch
 10
0.0
 20
0.0
 30
0.0
210
0.0
220
0.0
230
1.0
  2
SOLID
 70
1
 71
0
 91
1
 92
3
 72
0
 73
1
 93
4
 10
9.656625113530913
 20
0.596558098132101
 10
13.85668529976757
 20
0.596558098132101
 10
13.85668529976757
 20
0.7413580981321011
 10
9.656625113530913
 20
0.7413580981321011
 97
0
 75
0
 76
1
 98
0
  0
TEXT
  5
594
330
17
100
AcDbEntity
  8
E-OPISY
100
AcDbText
 10
9.674125113530913
 20
0.633858098132101
 30
0.0
 40
0.09000000000000001
  1
RG — rozdzielnica główna (schemat — arkusz schematu RG), TN-S
  7
PL_ARIAL_B
 11
9.674125113530913
 21
0.633858098132101
 31
0.0
100
AcDbText
  0
HATCH
  5
595
330
17
100
AcDbEntity
  8
A-MASKA
 62
7
420
16777215
100
AcDbHatch
 10
0.0
 20
0.0
 30
0.0
210
0.0
220
0.0
230
1.0
  2
SOLID
 70
1
 71
0
 91
1
 92
3
 72
0
 73
1
 93
4
 10
9.656625113530913
 20
0.45705809813210097
 10
13.218304650210449
 20
0.45705809813210097
 10
13.218304650210449
 20
0.601858098132101
 10
9.656625113530913
 20
0.601858098132101
 97
0
 75
0
 76
1
 98
0
  0
TEXT
  5
596
330
17
100
AcDbEntity
  8
E-OPISY
100
AcDbText
 10
9.674125113530913
 20
0.49435809813210096
 30
0.0
 40
0.09000000000000001
  1
WLZ YKY 5×16 z ZKP, L = 28,3 m, ∆U = 0,61 %; SPD T1+T2
  7
PL_ARIAL
 11
9.674125113530913
 21
0.49435809813210096
 31
0.0
100
AcDbText
  0
HATCH
  5
597
330
17
100
AcDbEntity
  8
A-MASKA
 62
7
420
16777215
100
AcDbHatch
 10
0.0
 20
0.0
 30
0.0
210
0.0
220
0.0
230
1.0
  2
SOLID
 70
1
 71
0
 91
1
 92
3
 72
0
 73
1
 93
4
 10
2.626161914195577
 20
2.1715761666112248
 10
3.009756054554423
 20
2.1715761666112248
 10
3.009756054554423
 20
2.354076166611225
 10
2.626161914195577
 20
2.354076166611225
 97
0
 75
0
 76
1
 98
0
  0
TEXT
  5
598
330
17
100
AcDbEntity
  8
I-POMIESZCZENIA
100
AcDbText
 10
2.641161914195577
 20
2.2140761666112247
 30
0.0
 40
0.125
  1
1.06
  7
PL_ARIAL_B
 11
2.641161914195577
 21
2.2140761666112247
 31
0.0
100
AcDbText
  0
HATCH
  5
599
330
17
100
AcDbEntity
  8
A-MASKA
 62
7
420
16777215
100
AcDbHatch
 10
0.0
 20
0.0
 30
0.0
210
0.0
220
0.0
230
1.0
  2
SOLID
 70
1
 71
0
 91
1
 92
3
 72
0
 73
1
 93
4
 10
2.035669636203299
 20
2.0247761666112245
 10
3.6002483325467014
 20
2.0247761666112245
 10
3.6002483325467014
 20
2.1645761666112247
 10
2.035669636203299
 20
2.1645761666112247
 97
0
 75
0
 76
1
 98
0
  0
TEXT
  5
59A
330
17
100
AcDbEntity
  8
I-POMIESZCZENIA
100
AcDbText
 10
2.050669636203299
 20
2.0595761666112247
 30
0.0
 40
0.09000000000000001
  1
Salon + jadalnia + kuchnia
  7
PL_ARIAL
 11
2.050669636203299
 21
2.0595761666112247
 31
0.0
100
AcDbText
  0
HATCH
  5
59B
330
17
100
AcDbEntity
  8
A-MASKA
 62
7
420
16777215
100
AcDbHatch
 10
0.0
 20
0.0
 30
0.0
210
0.0
220
0.0
230
1.0
  2
SOLID
 70
1
 71
0
 91
1
 92
3
 72
0
 73
1
 93
4
 10
15.906005664195579
 20
6.089197265624999
 10
16.289599804554424
 20
6.089197265624999
 10
16.289599804554424
 20
6.271697265624999
 10
15.906005664195579
 20
6.271697265624999
 97
0
 75
0
 76
1
 98
0
  0
TEXT
  5
59C
330
17
100
AcDbEntity
  8
I-POMIESZCZENIA
100
AcDbText
 10
15.921005664195578
 20
6.131697265624999
 30
0.0
 40
0.125
  1
1.13
  7
PL_ARIAL_B
 11
15.921005664195578
 21
6.131697265624999
 31
0.0
100
AcDbText
  0
HATCH
  5
59D
330
17
100
AcDbEntity
  8
A-MASKA
 62
7
420
16777215
100
AcDbHatch
 10
0.0
 20
0.0
 30
0.0
210
0.0
220
0.0
230
1.0
  2
SOLID
 70
1
 71
0
 91
1
 92
3
 72
0
 73
1
 93
4
 10
15.42487064261938
 20
5.942397265625
 10
16.770734826130624
 20
5.942397265625
 10
16.770734826130624
 20
6.082197265625
 10
15.42487064261938
 20
6.082197265625
 97
0
 75
0
 76
1
 98
0
  0
TEXT
  5
59E
330
17
100
AcDbEntity
  8
I-POMIESZCZENIA
100
AcDbText
 10
15.43987064261938
 20
5.977197265625
 30
0.0
 40
0.09000000000000001
  1
Garaż 2-stanowiskowy
  7
PL_ARIAL
 11
15.43987064261938
 21
5.977197265625
 31
0.0
100
AcDbText
  0
HATCH
  5
59F
330
17
100
AcDbEntity
  8
A-MASKA
 62
7
420
16777215
100
AcDbHatch
 10
0.0
 20
0.0
 30
0.0
210
0.0
220
0.0
230
1.0
  2
SOLID
 70
1
 71
0
 91
1
 92
3
 72
0
 73
1
 93
4
 10
1.7457029298205768
 20
6.304499999999999
 10
2.129297070179423
 20
6.304499999999999
 10
2.129297070179423
 20
6.486999999999999
 10
1.7457029298205768
 20
6.486999999999999
 97
0
 75
0
 76
1
 98
0
  0
TEXT
  5
5A0
330
17
100
AcDbEntity
  8
I-POMIESZCZENIA
100
AcDbText
 10
1.7607029298205767
 20
6.3469999999999995
 30
0.0
 40
0.125
  1
1.10
  7
PL_ARIAL_B
 11
1.7607029298205767
 21
6.3469999999999995
 31
0.0
100
AcDbText
  0
HATCH
  5
5A1
330
17
100
AcDbEntity
  8
A-MASKA
 62
7
420
16777215
100
AcDbHatch
 10
0.0
 20
0.0
 30
0.0
210
0.0
220
0.0
230
1.0
  2
SOLID
 70
1
 71
0
 91
1
 92
3
 72
0
 73
1
 93
4
 10
1.2134766068589595
 20
6.1577
 10
2.6615233931410405
 20
6.1577
 10
2.6615233931410405
 20
6.2975
 10
1.2134766068589595
 20
6.2975
 97
0
 75
0
 76
1
 98
0
  0
TEXT
  5
5A2
330
17
100
AcDbEntity
  8
I-POMIESZCZENIA
100
AcDbText
 10
1.2284766068589597
 20
6.1925
 30
0.0
 40
0.09000000000000001
  1
Pokój gościnny / gabinet
  7
PL_ARIAL
 11
1.2284766068589597
 21
6.1925
 31
0.0
100
AcDbText
  0
HATCH
  5
5A3
330
17
100
AcDbEntity
  8
A-MASKA
 62
7
420
16777215
100
AcDbHatch
 10
0.0
 20
0.0
 30
0.0
210
0.0
220
0.0
230
1.0
  2
SOLID
 70
1
 71
0
 91
1
 92
3
 72
0
 73
1
 93
4
 10
16.618202929820576
 20
1.7509101615137754
 10
17.00179707017942
 20
1.7509101615137754
 10
17.00179707017942
 20
1.9334101615137753
 10
16.618202929820576
 20
1.9334101615137753
 97
0
 75
0
 76
1
 98
0
  0
TEXT
  5
5A4
330
17
100
AcDbEntity
  8
I-POMIESZCZENIA
100
AcDbText
 10
16.633202929820577
 20
1.7934101615137754
 30
0.0
 40
0.125
  1
1.12
  7
PL_ARIAL_B
 11
16.633202929820577
 21
1.7934101615137754
 31
0.0
100
AcDbText
  0
HATCH
  5
5A5
330
17
100
AcDbEntity
  8
A-MASKA
 62
7
420
16777215
100
AcDbHatch
 10
0.0
 20
0.0
 30
0.0
210
0.0
220
0.0
230
1.0
  2
SOLID
 70
1
 71
0
 91
1
 92
3
 72
0
 73
1
 93
4
 10
16.024266409266406
 20
1.6041101615137752
 10
17.59573359073359
 20
1.6041101615137752
 10
17.59573359073359
 20
1.743910161513775
 10
16.024266409266406
 20
1.743910161513775
 97
0
 75
0
 76
1
 98
0
  0
TEXT
  5
5A6
330
17
100
AcDbEntity
  8
I-POMIESZCZENIA
100
AcDbText
 10
16.039266409266407
 20
1.638910161513775
 30
0.0
 40
0.09000000000000001
  1
Pomieszczenie techniczne
  7
PL_ARIAL
 11
16.039266409266407
 21
1.638910161513775
 31
0.0
100
AcDbText
  0
HATCH
  5
5A7
330
17
100
AcDbEntity
  8
A-MASKA
 62
7
420
16777215
100
AcDbHatch
 10
0.0
 20
0.0
 30
0.0
210
0.0
220
0.0
230
1.0
  2
SOLID
 70
1
 71
0
 91
1
 92
3
 72
0
 73
1
 93
4
 10
13.4657137179196
 20
1.7509101615137754
 10
13.8392862820804
 20
1.7509101615137754
 10
13.8392862820804
 20
1.9334101615137753
 10
13.4657137179196
 20
1.9334101615137753
 97
0
 75
0
 76
1
 98
0
  0
TEXT
  5
5A8
330
17
100
AcDbEntity
  8
I-POMIESZCZENIA
100
AcDbText
 10
13.4807137179196
 20
1.7934101615137754
 30
0.0
 40
0.125
  1
1.11
  7
PL_ARIAL_B
 11
13.4807137179196
 21
1.7934101615137754
 31
0.0
100
AcDbText
  0
HATCH
  5
5A9
330
17
100
AcDbEntity
  8
A-MASKA
 62
7
420
16777215
100
AcDbHatch
 10
0.0
 20
0.0
 30
0.0
210
0.0
220
0.0
230
1.0
  2
SOLID
 70
1
 71
0
 91
1
 92
3
 72
0
 73
1
 93
4
 10
12.888556098114922
 20
1.6041101615137752
 10
14.416443901885078
 20
1.6041101615137752
 10
14.416443901885078
 20
1.743910161513775
 10
12.888556098114922
 20
1.743910161513775
 97
0
 75
0
 76
1
 98
0
  0
TEXT
  5
5AA
330
17
100
AcDbEntity
  8
I-POMIESZCZENIA
100
AcDbText
 10
12.903556098114922
 20
1.638910161513775
 30
0.0
 40
0.09000000000000001
  1
Przedsionek gospodarczy
  7
PL_ARIAL
 11
12.903556098114922
 21
1.638910161513775
 31
0.0
100
AcDbText
  0
HATCH
  5
5AB
330
17
100
AcDbEntity
  8
A-MASKA
 62
7
420
16777215
100
AcDbHatch
 10
0.0
 20
0.0
 30
0.0
210
0.0
220
0.0
230
1.0
  2
SOLID
 70
1
 71
0
 91
1
 92
3
 72
0
 73
1
 93
4
 10
9.711792768306802
 20
6.081999999999999
 10
10.095386908665647
 20
6.081999999999999
 10
10.095386908665647
 20
6.264499999999999
 10
9.711792768306802
 20
6.264499999999999
 97
0
 75
0
 76
1
 98
0
  0
TEXT
  5
5AC
330
17
100
AcDbEntity
  8
I-POMIESZCZENIA
100
AcDbText
 10
9.726792768306801
 20
6.124499999999999
 30
0.0
 40
0.125
  1
1.02
  7
PL_ARIAL_B
 11
9.726792768306801
 21
6.124499999999999
 31
0.0
100
AcDbText
  0
HATCH
  5
5AD
330
17
100
AcDbEntity
  8
A-MASKA
 62
7
420
16777215
100
AcDbHatch
 10
0.0
 20
0.0
 30
0.0
210
0.0
220
0.0
230
1.0
  2
SOLID
 70
1
 71
0
 91
1
 92
3
 72
0
 73
1
 93
4
 10
9.790444255928877
 20
5.9352
 10
10.016735421043572
 20
5.9352
 10
10.016735421043572
 20
6.075
 10
9.790444255928877
 20
6.075
 97
0
 75
0
 76
1
 98
0
  0
TEXT
  5
5AE
330
17
100
AcDbEntity
  8
I-POMIESZCZENIA
100
AcDbText
 10
9.805444255928878
 20
5.97
 30
0.0
 40
0.09000000000000001
  1
Hol
  7
PL_ARIAL
 11
9.805444255928878
 21
5.97
 31
0.0
100
AcDbText
  0
HATCH
  5
5AF
330
17
100
AcDbEntity
  8
A-MASKA
 62
7
420
16777215
100
AcDbHatch
 10
0.0
 20
0.0
 30
0.0
210
0.0
220
0.0
230
1.0
  2
SOLID
 70
1
 71
0
 91
1
 92
3
 72
0
 73
1
 93
4
 10
10.211087687549913
 20
7.339499999999998
 10
10.594681827908758
 20
7.339499999999998
 10
10.594681827908758
 20
7.5219999999999985
 10
10.211087687549913
 20
7.5219999999999985
 97
0
 75
0
 76
1
 98
0
  0
TEXT
  5
5B0
330
17
100
AcDbEntity
  8
I-POMIESZCZENIA
100
AcDbText
 10
10.226087687549912
 20
7.381999999999999
 30
0.0
 40
0.125
  1
1.01
  7
PL_ARIAL_B
 11
10.226087687549912
 21
7.381999999999999
 31
0.0
100
AcDbText
  0
HATCH
  5
5B1
330
17
100
AcDbEntity
  8
A-MASKA
 62
7
420
16777215
100
AcDbHatch
 10
0.0
 20
0.0
 30
0.0
210
0.0
220
0.0
230
1.0
  2
SOLID
 70
1
 71
0
 91
1
 92
3
 72
0
 73
1
 93
4
 10
10.111629931474509
 20
7.192699999999999
 10
10.694139583984162
 20
7.192699999999999
 10
10.694139583984162
 20
7.3325
 10
10.111629931474509
 20
7.3325
 97
0
 75
0
 76
1
 98
0
  0
TEXT
  5
5B2
330
17
100
AcDbEntity
  8
I-POMIESZCZENIA
100
AcDbText
 10
10.12662993147451
 20
7.227499999999999
 30
0.0
 40
0.09000000000000001
  1
Wiatrołap
  7
PL_ARIAL
 11
10.12662993147451
 21
7.227499999999999
 31
0.0
100
AcDbText
  0
HATCH
  5
5B3
330
17
100
AcDbEntity
  8
A-MASKA
 62
7
420
16777215
100
AcDbHatch
 10
0.0
 20
0.0
 30
0.0
210
0.0
220
0.0
230
1.0
  2
SOLID
 70
1
 71
0
 91
1
 92
3
 72
0
 73
1
 93
4
 10
4.336792768306801
 20
7.261249999999999
 10
4.720386908665648
 20
7.261249999999999
 10
4.720386908665648
 20
7.443749999999999
 10
4.336792768306801
 20
7.443749999999999
 97
0
 75
0
 76
1
 98
0
  0
TEXT
  5
5B4
330
17
100
AcDbEntity
  8
I-POMIESZCZENIA
100
AcDbText
 10
4.351792768306802
 20
7.303749999999999
 30
0.0
 40
0.125
  1
1.09
  7
PL_ARIAL_B
 11
4.351792768306802
 21
7.303749999999999
 31
0.0
100
AcDbText
  0
HATCH
  5
5B5
330
17
100
AcDbEntity
  8
A-MASKA
 62
7
420
16777215
100
AcDbHatch
 10
0.0
 20
0.0
 30
0.0
210
0.0
220
0.0
230
1.0
  2
SOLID
 70
1
 71
0
 91
1
 92
3
 72
0
 73
1
 93
4
 10
6.861792768306802
 20
4.201999999999998
 10
7.245386908665648
 20
4.201999999999998
 10
7.245386908665648
 20
4.384499999999998
 10
6.861792768306802
 20
4.384499999999998
 97
0
 75
0
 76
1
 98
0
  0
TEXT
  5
5B6
330
17
100
AcDbEntity
  8
I-POMIESZCZENIA
100
AcDbText
 10
6.876792768306802
 20
4.244499999999999
 30
0.0
 40
0.125
  1
1.07
  7
PL_ARIAL_B
 11
6.876792768306802
 21
4.244499999999999
 31
0.0
100
AcDbText
  0
HATCH
  5
5B7
330
17
100
AcDbEntity
  8
A-MASKA
 62
7
420
16777215
100
AcDbHatch
 10
0.0
 20
0.0
 30
0.0
210
0.0
220
0.0
230
1.0
  2
SOLID
 70
1
 71
0
 91
1
 92
3
 72
0
 73
1
 93
4
 10
6.188035670873234
 20
4.055199999999999
 10
7.919144006099216
 20
4.055199999999999
 10
7.919144006099216
 20
4.194999999999999
 10
6.188035670873234
 20
4.194999999999999
 97
0
 75
0
 76
1
 98
0
  0
TEXT
  5
5B8
330
17
100
AcDbEntity
  8
I-POMIESZCZENIA
100
AcDbText
 10
6.203035670873234
 20
4.089999999999999
 30
0.0
 40
0.09000000000000001
  1
Pas komunikacyjny przy sc…
  7
PL_ARIAL
 11
6.203035670873234
 21
4.089999999999999
 31
0.0
100
AcDbText
  0
HATCH
  5
5B9
330
17
100
AcDbEntity
  8
A-MASKA
 62
7
420
16777215
100
AcDbHatch
 10
0.0
 20
0.0
 30
0.0
210
0.0
220
0.0
230
1.0
  2
SOLID
 70
1
 71
0
 91
1
 92
3
 72
0
 73
1
 93
4
 10
7.564081836070577
 20
7.913066406249999
 10
7.947675976429424
 20
7.913066406249999
 10
7.947675976429424
 20
8.095566406249999
 10
7.564081836070577
 20
8.095566406249999
 97
0
 75
0
 76
1
 98
0
  0
TEXT
  5
5BA
330
17
100
AcDbEntity
  8
I-POMIESZCZENIA
100
AcDbText
 10
7.579081836070578
 20
7.955566406249999
 30
0.0
 40
0.125
  1
1.16
  7
PL_ARIAL_B
 11
7.579081836070578
 21
7.955566406249999
 31
0.0
100
AcDbText
  0
HATCH
  5
5BB
330
17
100
AcDbEntity
  8
A-MASKA
 62
7
420
16777215
100
AcDbHatch
 10
0.0
 20
0.0
 30
0.0
210
0.0
220
0.0
230
1.0
  2
SOLID
 70
1
 71
0
 91
1
 92
3
 72
0
 73
1
 93
4
 10
6.055702929820577
 20
6.667115242270661
 10
6.439297070179424
 20
6.667115242270661
 10
6.439297070179424
 20
6.849615242270661
 10
6.055702929820577
 20
6.849615242270661
 97
0
 75
0
 76
1
 98
0
  0
TEXT
  5
5BC
330
17
100
AcDbEntity
  8
I-POMIESZCZENIA
100
AcDbText
 10
6.070702929820578
 20
6.709615242270662
 30
0.0
 40
0.125
  1
1.04
  7
PL_ARIAL_B
 11
6.070702929820578
 21
6.709615242270662
 31
0.0
100
AcDbText
  0
HATCH
  5
5BD
330
17
100
AcDbEntity
  8
A-MASKA
 62
7
420
16777215
100
AcDbHatch
 10
0.0
 20
0.0
 30
0.0
210
0.0
220
0.0
230
1.0
  2
SOLID
 70
1
 71
0
 91
1
 92
3
 72
0
 73
1
 93
4
 10
9.010702929820578
 20
7.0394999999999985
 10
9.394297070179423
 20
7.0394999999999985
 10
9.394297070179423
 20
7.221999999999999
 10
9.010702929820578
 20
7.221999999999999
 97
0
 75
0
 76
1
 98
0
  0
TEXT
  5
5BE
330
17
100
AcDbEntity
  8
I-POMIESZCZENIA
100
AcDbText
 10
9.025702929820577
 20
7.081999999999999
 30
0.0
 40
0.125
  1
1.03
  7
PL_ARIAL_B
 11
9.025702929820577
 21
7.081999999999999
 31
0.0
100
AcDbText
  0
HATCH
  5
5BF
330
17
100
AcDbEntity
  8
A-MASKA
 62
7
420
16777215
100
AcDbHatch
 10
0.0
 20
0.0
 30
0.0
210
0.0
220
0.0
230
1.0
  2
SOLID
 70
1
 71
0
 91
1
 92
3
 72
0
 73
1
 93
4
 10
8.798535657506246
 20
6.8927
 10
9.606464342493755
 20
6.8927
 10
9.606464342493755
 20
7.0325
 10
8.798535657506246
 20
7.0325
 97
0
 75
0
 76
1
 98
0
  0
TEXT
  5
5C0
330
17
100
AcDbEntity
  8
I-POMIESZCZENIA
100
AcDbText
 10
8.813535657506247
 20
6.927499999999999
 30
0.0
 40
0.09000000000000001
  1
WC gościnne
  7
PL_ARIAL
 11
8.813535657506247
 21
6.927499999999999
 31
0.0
100
AcDbText
  0
HATCH
  5
5C1
330
17
100
AcDbEntity
  8
A-MASKA
 62
7
420
16777215
100
AcDbHatch
 10
0.0
 20
0.0
 30
0.0
210
0.0
220
0.0
230
1.0
  2
SOLID
 70
1
 71
0
 91
1
 92
3
 72
0
 73
1
 93
4
 10
4.433202929820577
 20
5.441249999999999
 10
4.816797070179423
 20
5.441249999999999
 10
4.816797070179423
 20
5.623749999999999
 10
4.433202929820577
 20
5.623749999999999
 97
0
 75
0
 76
1
 98
0
  0
TEXT
  5
5C2
330
17
100
AcDbEntity
  8
I-POMIESZCZENIA
100
AcDbText
 10
4.448202929820577
 20
5.48375
 30
0.0
 40
0.125
  1
1.08
  7
PL_ARIAL_B
 11
4.448202929820577
 21
5.48375
 31
0.0
100
AcDbText
  0
HATCH
  5
5C3
330
17
100
AcDbEntity
  8
A-MASKA
 62
7
420
16777215
100
AcDbHatch
 10
0.0
 20
0.0
 30
0.0
210
0.0
220
0.0
230
1.0
  2
SOLID
 70
1
 71
0
 91
1
 92
3
 72
0
 73
1
 93
4
 10
7.638202929820577
 20
6.414999999999998
 10
8.021797070179423
 20
6.414999999999998
 10
8.021797070179423
 20
6.597499999999998
 10
7.638202929820577
 20
6.597499999999998
 97
0
 75
0
 76
1
 98
0
  0
TEXT
  5
5C4
330
17
100
AcDbEntity
  8
I-POMIESZCZENIA
100
AcDbText
 10
7.653202929820577
 20
6.457499999999999
 30
0.0
 40
0.125
  1
1.15
  7
PL_ARIAL_B
 11
7.653202929820577
 21
6.457499999999999
 31
0.0
100
AcDbText
  0
HATCH
  5
5C5
330
17
100
AcDbEntity
  8
A-MASKA
 62
7
420
16777215
100
AcDbHatch
 10
0.0
 20
0.0
 30
0.0
210
0.0
220
0.0
230
1.0
  2
SOLID
 70
1
 71
0
 91
1
 92
3
 72
0
 73
1
 93
4
 10
7.638202929820577
 20
5.324999999999998
 10
8.021797070179423
 20
5.324999999999998
 10
8.021797070179423
 20
5.5074999999999985
 10
7.638202929820577
 20
5.5074999999999985
 97
0
 75
0
 76
1
 98
0
  0
TEXT
  5
5C6
330
17
100
AcDbEntity
  8
I-POMIESZCZENIA
100
AcDbText
 10
7.653202929820577
 20
5.367499999999999
 30
0.0
 40
0.125
  1
1.05
  7
PL_ARIAL_B
 11
7.653202929820577
 21
5.367499999999999
 31
0.0
100
AcDbText
  0
HATCH
  5
5C7
330
17
100
AcDbEntity
  8
A-MASKA
 62
7
420
16777215
100
AcDbHatch
 10
0.0
 20
0.0
 30
0.0
210
0.0
220
0.0
230
1.0
  2
SOLID
 70
1
 71
0
 91
1
 92
3
 72
0
 73
1
 93
4
 10
5.378202929820577
 20
5.691249999999999
 10
5.761797070179424
 20
5.691249999999999
 10
5.761797070179424
 20
5.873749999999999
 10
5.378202929820577
 20
5.873749999999999
 97
0
 75
0
 76
1
 98
0
  0
TEXT
  5
5C8
330
17
100
AcDbEntity
  8
I-POMIESZCZENIA
100
AcDbText
 10
5.3932029298205775
 20
5.73375
 30
0.0
 40
0.125
  1
1.14
  7
PL_ARIAL_B
 11
5.3932029298205775
 21
5.73375
 31
0.0
100
AcDbText
  0
VIEWPORT
  5
A3
330
1B
100
AcDbEntity
 67
1
  8
VIEWPORTS
100
AcDbViewport
 10
445.5
 20
210.0
 30
0.0
 40
891.0
 41
420.0
 68
1
 69
1
 12
445.5
 22
210.0
 13
0.0
 23
0.0
 14
10.0
 24
10.0
 15
10.0
 25
10.0
 16
0.0
 26
0.0
 36
1.0
 17
0.0
 27
0.0
 37
0.0
 42
50.0
 43
0.0
 44
0.0
 45
462.00000000000006
 50
0.0
 51
0.0
 72
100
 90
557088
  1

281
0
 71
0
 74
0
110
0.0
120
0.0
130
0.0
111
1.0
121
0.0
131
0.0
112
0.0
122
1.0
132
0.0
 79
0
146
0.0
282
0
  0
HATCH
  5
A4
330
1B
100
AcDbEntity
 67
1
  8
R-OPISY
 62
7
420
15658734
100
AcDbHatch
 10
0.0
 20
0.0
 30
0.0
210
0.0
220
0.0
230
1.0
  2
SOLID
 70
1
 71
0
 91
1
 92
3
 72
0
 73
1
 93
4
 10
701.0
 20
312.70000000000005
 10
881.0
 20
312.70000000000005
 10
881.0
 20
318.70000000000005
 10
701.0
 20
318.70000000000005
 97
0
 75
0
 76
1
 98
0
  0
LWPOLYLINE
  5
A5
330
1B
100
AcDbEntity
 67
1
  8
I-PODKLAD-SCIANY
370
25
100
AcDbPolyline
 90
2
 70
0
 10
702.0
 20
360.6
 10
716.0
 20
360.6
  0
HATCH
  5
A6
330
1B
100
AcDbEntity
 67
1
  8
R-OPISY
 62
7
420
0
100
AcDbHatch
 10
0.0
 20
0.0
 30
0.0
210
0.0
220
0.0
230
1.0
  2
SOLID
 70
1
 71
0
 91
1
 92
3
 72
0
 73
1
 93
4
 10
705.0
 20
238.88000000000005
 10
709.0
 20
238.88000000000005
 10
709.0
 20
240.48000000000005
 10
705.0
 20
240.48000000000005
 97
0
 75
0
 76
1
 98
0
  0
HATCH
  5
A7
330
1B
100
AcDbEntity
 67
1
  8
R-OPISY
 62
7
420
0
100
AcDbHatch
 10
0.0
 20
0.0
 30
0.0
210
0.0
220
0.0
230
1.0
  2
SOLID
 70
1
 71
0
 91
1
 92
3
 72
0
 73
1
 93
4
 10
713.0
 20
238.88000000000005
 10
717.0
 20
238.88000000000005
 10
717.0
 20
240.48000000000005
 10
713.0
 20
240.48000000000005
 97
0
 75
0
 76
1
 98
0
  0
HATCH
  5
A8
330
1B
100
AcDbEntity
 67
1
  8
R-OPISY
 62
7
420
0
100
AcDbHatch
 10
0.0
 20
0.0
 30
0.0
210
0.0
220
0.0
230
1.0
  2
SOLID
 70
1
 71
0
 91
1
 92
3
 72
0
 73
1
 93
4
 10
721.0
 20
238.88000000000005
 10
725.0
 20
238.88000000000005
 10
725.0
 20
240.48000000000005
 10
721.0
 20
240.48000000000005
 97
0
 75
0
 76
1
 98
0
  0
HATCH
  5
A9
330
1B
100
AcDbEntity
 67
1
  8
R-OPISY
 62
7
420
0
100
AcDbHatch
 10
0.0
 20
0.0
 30
0.0
210
0.0
220
0.0
230
1.0
  2
SOLID
 70
1
 71
0
 91
1
 92
3
 72
0
 73
1
 93
4
 10
745.0
 20
238.88000000000005
 10
765.0
 20
238.88000000000005
 10
765.0
 20
240.48000000000005
 10
745.0
 20
240.48000000000005
 97
0
 75
0
 76
1
 98
0
  0
HATCH
  5
AA
330
1B
100
AcDbEntity
 67
1
  8
R-OPISY
 62
7
420
0
100
AcDbHatch
 10
0.0
 20
0.0
 30
0.0
210
0.0
220
0.0
230
1.0
  2
SOLID
 70
1
 71
0
 91
1
 92
3
 72
0
 73
1
 93
4
 10
785.0
 20
238.88000000000005
 10
805.0
 20
238.88000000000005
 10
805.0
 20
240.48000000000005
 10
785.0
 20
240.48000000000005
 97
0
 75
0
 76
1
 98
0
  0
LWPOLYLINE
  5
AB
330
1B
100
AcDbEntity
 67
1
  8
R-OPISY
370
50
100
AcDbPolyline
 90
2
 70
0
 10
110.98554962525549
 20
60.0
 10
288.6181864637747
 20
60.0
  0
LWPOLYLINE
  5
AC
330
1B
100
AcDbEntity
 67
1
  8
R-OPISY
370
25
100
AcDbPolyline
 90
2
 70
0
 10
701.0
 20
312.70000000000005
 10
881.0
 20
312.70000000000005
  0
LWPOLYLINE
  5
AD
330
1B
100
AcDbEntity
 67
1
  8
R-OPISY
370
13
100
AcDbPolyline
 90
2
 70
0
 10
701.0
 20
308.50000000000006
 10
881.0
 20
308.50000000000006
  0
LWPOLYLINE
  5
AE
330
1B
100
AcDbEntity
 67
1
  8
R-OPISY
370
13
100
AcDbPolyline
 90
2
 70
0
 10
701.0
 20
304.30000000000007
 10
881.0
 20
304.30000000000007
  0
LWPOLYLINE
  5
AF
330
1B
100
AcDbEntity
 67
1
  8
R-OPISY
370
13
100
AcDbPolyline
 90
2
 70
0
 10
701.0
 20
300.1000000000001
 10
881.0
 20
300.1000000000001
  0
LWPOLYLINE
  5
B0
330
1B
100
AcDbEntity
 67
1
  8
R-OPISY
370
13
100
AcDbPolyline
 90
2
 70
0
 10
712.0
 20
300.1000000000001
 10
712.0
 20
318.70000000000005
  0
LWPOLYLINE
  5
B1
330
1B
100
AcDbEntity
 67
1
  8
R-OPISY
370
13
100
AcDbPolyline
 90
2
 70
0
 10
774.0
 20
300.1000000000001
 10
774.0
 20
318.70000000000005
  0
LWPOLYLINE
  5
B2
330
1B
100
AcDbEntity
 67
1
  8
R-OPISY
370
13
100
AcDbPolyline
 90
2
 70
0
 10
788.0
 20
300.1000000000001
 10
788.0
 20
318.70000000000005
  0
LWPOLYLINE
  5
B3
330
1B
100
AcDbEntity
 67
1
  8
R-OPISY
370
13
100
AcDbPolyline
 90
2
 70
0
 10
810.0
 20
300.1000000000001
 10
810.0
 20
318.70000000000005
  0
LWPOLYLINE
  5
B4
330
1B
100
AcDbEntity
 67
1
  8
R-OPISY
370
13
100
AcDbPolyline
 90
2
 70
0
 10
822.0
 20
300.1000000000001
 10
822.0
 20
318.70000000000005
  0
LWPOLYLINE
  5
B5
330
1B
100
AcDbEntity
 67
1
  8
R-OPISY
370
13
100
AcDbPolyline
 90
2
 70
0
 10
835.0
 20
300.1000000000001
 10
835.0
 20
318.70000000000005
  0
LWPOLYLINE
  5
B6
330
1B
100
AcDbEntity
 67
1
  8
R-OPISY
370
13
100
AcDbPolyline
 90
2
 70
0
 10
845.0
 20
300.1000000000001
 10
845.0
 20
318.70000000000005
  0
LWPOLYLINE
  5
B7
330
1B
100
AcDbEntity
 67
1
  8
R-OPISY
370
35
100
AcDbPolyline
 90
4
 70
1
 10
701.0
 20
300.1000000000001
 10
881.0
 20
300.1000000000001
 10
881.0
 20
318.70000000000005
 10
701.0
 20
318.70000000000005
  0
LWPOLYLINE
  5
B8
330
1B
100
AcDbEntity
 67
1
  8
R-OPISY
370
25
100
AcDbPolyline
 90
4
 70
1
 10
701.0
 20
251.88000000000005
 10
881.0
 20
251.88000000000005
 10
881.0
 20
295.1000000000001
 10
701.0
 20
295.1000000000001
  0
LWPOLYLINE
  5
B9
330
1B
100
AcDbEntity
 67
1
  8
R-OPISY
370
18
100
AcDbPolyline
 90
4
 70
1
 10
705.0
 20
238.88000000000005
 10
725.0
 20
238.88000000000005
 10
725.0
 20
240.48000000000005
 10
705.0
 20
240.48000000000005
  0
LWPOLYLINE
  5
BA
330
1B
100
AcDbEntity
 67
1
  8
R-OPISY
370
18
100
AcDbPolyline
 90
4
 70
1
 10
725.0
 20
238.88000000000005
 10
745.0
 20
238.88000000000005
 10
745.0
 20
240.48000000000005
 10
725.0
 20
240.48000000000005
  0
LWPOLYLINE
  5
BB
330
1B
100
AcDbEntity
 67
1
  8
R-OPISY
370
18
100
AcDbPolyline
 90
4
 70
1
 10
745.0
 20
238.88000000000005
 10
765.0
 20
238.88000000000005
 10
765.0
 20
240.48000000000005
 10
745.0
 20
240.48000000000005
  0
LWPOLYLINE
  5
BC
330
1B
100
AcDbEntity
 67
1
  8
R-OPISY
370
18
100
AcDbPolyline
 90
4
 70
1
 10
765.0
 20
238.88000000000005
 10
785.0
 20
238.88000000000005
 10
785.0
 20
240.48000000000005
 10
765.0
 20
240.48000000000005
  0
LWPOLYLINE
  5
BD
330
1B
100
AcDbEntity
 67
1
  8
R-OPISY
370
18
100
AcDbPolyline
 90
4
 70
1
 10
785.0
 20
238.88000000000005
 10
805.0
 20
238.88000000000005
 10
805.0
 20
240.48000000000005
 10
785.0
 20
240.48000000000005
  0
LWPOLYLINE
  5
BE
330
1B
100
AcDbEntity
 67
1
  8
R-OPISY
370
18
100
AcDbPolyline
 90
4
 70
1
 10
805.0
 20
238.88000000000005
 10
825.0
 20
238.88000000000005
 10
825.0
 20
240.48000000000005
 10
805.0
 20
240.48000000000005
  0
LWPOLYLINE
  5
BF
330
1B
100
AcDbEntity
 67
1
  8
R-OPISY
370
35
100
AcDbPolyline
 90
2
 70
0
 10
11.0
 20
18.0
 10
11.0
 20
118.0
  0
LWPOLYLINE
  5
C0
330
1B
100
AcDbEntity
 67
1
  8
R-OPISY
370
18
100
AcDbPolyline
 90
2
 70
0
 10
11.0
 20
18.0
 10
9.4
 20
18.0
  0
LWPOLYLINE
  5
C1
330
1B
100
AcDbEntity
 67
1
  8
R-OPISY
370
18
100
AcDbPolyline
 90
2
 70
0
 10
11.0
 20
28.0
 10
10.1
 20
28.0
  0
LWPOLYLINE
  5
C2
330
1B
100
AcDbEntity
 67
1
  8
R-OPISY
370
18
100
AcDbPolyline
 90
2
 70
0
 10
11.0
 20
38.0
 10
10.1
 20
38.0
  0
LWPOLYLINE
  5
C3
330
1B
100
AcDbEntity
 67
1
  8
R-OPISY
370
18
100
AcDbPolyline
 90
2
 70
0
 10
11.0
 20
48.0
 10
10.1
 20
48.0
  0
LWPOLYLINE
  5
C4
330
1B
100
AcDbEntity
 67
1
  8
R-OPISY
370
18
100
AcDbPolyline
 90
2
 70
0
 10
11.0
 20
58.0
 10
10.1
 20
58.0
  0
LWPOLYLINE
  5
C5
330
1B
100
AcDbEntity
 67
1
  8
R-OPISY
370
18
100
AcDbPolyline
 90
2
 70
0
 10
11.0
 20
68.0
 10
9.4
 20
68.0
  0
LWPOLYLINE
  5
C6
330
1B
100
AcDbEntity
 67
1
  8
R-OPISY
370
18
100
AcDbPolyline
 90
2
 70
0
 10
11.0
 20
78.0
 10
10.1
 20
78.0
  0
LWPOLYLINE
  5
C7
330
1B
100
AcDbEntity
 67
1
  8
R-OPISY
370
18
100
AcDbPolyline
 90
2
 70
0
 10
11.0
 20
88.0
 10
10.1
 20
88.0
  0
LWPOLYLINE
  5
C8
330
1B
100
AcDbEntity
 67
1
  8
R-OPISY
370
18
100
AcDbPolyline
 90
2
 70
0
 10
11.0
 20
98.0
 10
10.1
 20
98.0
  0
LWPOLYLINE
  5
C9
330
1B
100
AcDbEntity
 67
1
  8
R-OPISY
370
18
100
AcDbPolyline
 90
2
 70
0
 10
11.0
 20
108.0
 10
10.1
 20
108.0
  0
LWPOLYLINE
  5
CA
330
1B
100
AcDbEntity
 67
1
  8
R-OPISY
370
18
100
AcDbPolyline
 90
2
 70
0
 10
11.0
 20
118.0
 10
9.4
 20
118.0
  0
LWPOLYLINE
  5
CB
330
1B
100
AcDbEntity
 67
1
  8
E-TRASY
370
13
100
AcDbPolyline
 90
2
 70
0
 10
702.0
 20
352.25
 10
716.0
 20
352.25
  0
HATCH
  5
CC
330
1B
100
AcDbEntity
 67
1
  8
E-OSWIETLENIE
 62
7
420
0
100
AcDbHatch
 10
0.0
 20
0.0
 30
0.0
210
0.0
220
0.0
230
1.0
  2
SOLID
 70
1
 71
0
 91
1
 92
3
 72
0
 73
1
 93
24
 10
799.45
 20
355.40000000000003
 10
799.43466662183
 20
355.5164685702962
 10
799.389711431703
 20
355.62500000000006
 10
799.318198051534
 20
355.718198051534
 10
799.225
 20
355.78971143170304
 10
799.1164685702961
 20
355.83466662183014
 10
799.0
 20
355.85
 10
798.8835314297039
 20
355.83466662183014
 10
798.775
 20
355.78971143170304
 10
798.681801948466
 20
355.718198051534
 10
798.610288568297
 20
355.62500000000006
 10
798.56533337817
 20
355.5164685702962
 10
798.55
 20
355.40000000000003
 10
798.56533337817
 20
355.2835314297039
 10
798.610288568297
 20
355.175
 10
798.681801948466
 20
355.0818019484661
 10
798.775
 20
355.010288568297
 10
798.8835314297039
 20
354.96533337816993
 10
799.0
 20
354.95000000000005
 10
799.1164685702961
 20
354.96533337816993
 10
799.225
 20
355.010288568297
 10
799.318198051534
 20
355.0818019484661
 10
799.389711431703
 20
355.175
 10
799.43466662183
 20
355.2835314297039
 97
0
 75
0
 76
1
 98
0
  0
HATCH
  5
CD
330
1B
100
AcDbEntity
 67
1
  8
E-ROZDZIELNICE
 62
7
420
0
100
AcDbHatch
 10
0.0
 20
0.0
 30
0.0
210
0.0
220
0.0
230
1.0
  2
SOLID
 70
1
 71
0
 91
1
 92
3
 72
0
 73
1
 93
3
 10
795.0
 20
337.40000000000003
 10
803.0
 20
337.40000000000003
 10
803.0
 20
340.40000000000003
 97
0
 75
0
 76
1
 98
0
  0
CIRCLE
  5
CE
330
1B
100
AcDbEntity
 67
1
  8
E-OSWIETLENIE
370
25
100
AcDbCircle
 10
709.0
 20
344.8
 30
0.0
 40
2.0
  0
LWPOLYLINE
  5
CF
330
1B
100
AcDbEntity
 67
1
  8
E-OSWIETLENIE
370
25
100
AcDbPolyline
 90
2
 70
0
 10
707.5858
 20
343.3858
 10
710.4142
 20
346.2142
  0
LWPOLYLINE
  5
D0
330
1B
100
AcDbEntity
 67
1
  8
E-OSWIETLENIE
370
25
100
AcDbPolyline
 90
2
 70
0
 10
707.5858
 20
346.2142
 10
710.4142
 20
343.3858
  0
CIRCLE
  5
D1
330
1B
100
AcDbEntity
 67
1
  8
E-LACZNIKI
370
25
100
AcDbCircle
 10
709.0
 20
339.75
 30
0.0
 40
0.66
  0
LWPOLYLINE
  5
D2
330
1B
100
AcDbEntity
 67
1
  8
E-LACZNIKI
370
25
100
AcDbPolyline
 90
2
 70
0
 10
709.4666904755832
 20
340.21669047558316
 10
711.2273863607376
 20
341.9773863607376
  0
LWPOLYLINE
  5
D3
330
1B
100
AcDbEntity
 67
1
  8
E-LACZNIKI
370
25
100
AcDbPolyline
 90
2
 70
0
 10
711.2273863607376
 20
341.9773863607376
 10
710.633416664541
 20
342.57135605693435
  0
CIRCLE
  5
D4
330
1B
100
AcDbEntity
 67
1
  8
E-LACZNIKI
370
25
100
AcDbCircle
 10
709.0
 20
334.55
 30
0.0
 40
0.66
  0
LWPOLYLINE
  5
D5
330
1B
100
AcDbEntity
 67
1
  8
E-LACZNIKI
370
25
100
AcDbPolyline
 90
2
 70
0
 10
709.4666904755832
 20
335.0166904755832
 10
711.2273863607376
 20
336.77738636073764
  0
LWPOLYLINE
  5
D6
330
1B
100
AcDbEntity
 67
1
  8
E-LACZNIKI
370
25
100
AcDbPolyline
 90
2
 70
0
 10
711.2273863607376
 20
336.77738636073764
 10
710.633416664541
 20
337.37135605693436
  0
LWPOLYLINE
  5
D7
330
1B
100
AcDbEntity
 67
1
  8
E-LACZNIKI
370
25
100
AcDbPolyline
 90
2
 70
0
 10
708.5333095244168
 20
334.0833095244169
 10
706.7726136392624
 20
332.3226136392624
  0
LWPOLYLINE
  5
D8
330
1B
100
AcDbEntity
 67
1
  8
E-LACZNIKI
370
25
100
AcDbPolyline
 90
2
 70
0
 10
706.7726136392624
 20
332.3226136392624
 10
707.366583335459
 20
331.7286439430657
  0
LWPOLYLINE
  5
D9
330
1B
100
AcDbEntity
 67
1
  8
E-OSWIETLENIE
370
25
100
AcDbPolyline
 90
2
 70
0
 10
793.0
 20
361.5
 10
805.0
 20
361.5
  0
LWPOLYLINE
  5
DA
330
1B
100
AcDbEntity
 67
1
  8
E-OSWIETLENIE
370
25
100
AcDbPolyline
 90
2
 70
0
 10
793.0
 20
360.7
 10
793.0
 20
362.3
  0
LWPOLYLINE
  5
DB
330
1B
100
AcDbEntity
 67
1
  8
E-OSWIETLENIE
370
25
100
AcDbPolyline
 90
2
 70
0
 10
805.0
 20
360.7
 10
805.0
 20
362.3
  0
CIRCLE
  5
DC
330
1B
100
AcDbEntity
 67
1
  8
E-OSWIETLENIE
370
25
100
AcDbCircle
 10
799.0
 20
355.40000000000003
 30
0.0
 40
1.2
  0
LWPOLYLINE
  5
DD
330
1B
100
AcDbEntity
 67
1
  8
E-OSWIETLENIE
370
25
100
AcDbPolyline
 90
2
 70
0
 10
800.05
 20
347.8
 10
797.95
 20
347.8
  0
LWPOLYLINE
  5
DE
330
1B
100
AcDbEntity
 67
1
  8
E-OSWIETLENIE
370
25
100
AcDbPolyline
 90
2
 70
0
 10
799.875
 20
348.15000000000003
 10
798.125
 20
349.90000000000003
  0
LWPOLYLINE
  5
DF
330
1B
100
AcDbEntity
 67
1
  8
E-OSWIETLENIE
370
25
100
AcDbPolyline
 90
2
 70
0
 10
798.125
 20
348.15000000000003
 10
799.875
 20
349.90000000000003
  0
CIRCLE
  5
E0
330
1B
100
AcDbEntity
 67
1
  8
E-LACZNIKI
370
25
100
AcDbCircle
 10
799.0
 20
344.25
 30
0.0
 40
0.66
  0
LWPOLYLINE
  5
E1
330
1B
100
AcDbEntity
 67
1
  8
E-LACZNIKI
370
25
100
AcDbPolyline
 90
2
 70
0
 10
799.5715767664977
 20
344.58000000000004
 10
801.727980021921
 20
345.82500000000005
  0
LWPOLYLINE
  5
E2
330
1B
100
AcDbEntity
 67
1
  8
E-LACZNIKI
370
25
100
AcDbPolyline
 90
2
 70
0
 10
801.727980021921
 20
345.82500000000005
 10
801.307980021921
 20
346.55246133917893
  0
LWPOLYLINE
  5
E3
330
1B
100
AcDbEntity
 67
1
  8
E-LACZNIKI
370
25
100
AcDbPolyline
 90
2
 70
0
 10
799.225733294595
 20
344.87019712971875
 10
800.0773634514759
 20
347.21003175547565
  0
LWPOLYLINE
  5
E4
330
1B
100
AcDbEntity
 67
1
  8
E-LACZNIKI
370
25
100
AcDbPolyline
 90
2
 70
0
 10
800.0773634514759
 20
347.21003175547565
 10
799.2880216500157
 20
347.4973286758692
  0
LWPOLYLINE
  5
E5
330
1B
100
AcDbEntity
 67
1
  8
E-ROZDZIELNICE
370
25
100
AcDbPolyline
 90
4
 70
1
 10
795.0
 20
337.40000000000003
 10
803.0
 20
337.40000000000003
 10
803.0
 20
340.40000000000003
 10
795.0
 20
340.40000000000003
  0
HATCH
  5
E6
330
1B
100
AcDbEntity
 67
1
  8
A-SYMBOLE
 62
7
420
0
100
AcDbHatch
 10
0.0
 20
0.0
 30
0.0
210
0.0
220
0.0
230
1.0
  2
SOLID
 70
1
 71
0
 91
1
 92
3
 72
0
 73
1
 93
3
 10
869.0
 20
400.05
 10
869.0
 20
389.55
 10
866.76
 20
388.15
 97
0
 75
0
 76
1
 98
0
  0
CIRCLE
  5
E7
330
1B
100
AcDbEntity
 67
1
  8
A-SYMBOLE
370
18
100
AcDbCircle
 10
869.0
 20
392.0
 30
0.0
 40
7.0
  0
LWPOLYLINE
  5
E8
330
1B
100
AcDbEntity
 67
1
  8
A-SYMBOLE
370
25
100
AcDbPolyline
 90
4
 70
1
 10
869.0
 20
400.05
 10
871.24
 20
388.15
 10
869.0
 20
389.55
 10
866.76
 20
388.15
  0
LWPOLYLINE
  5
E9
330
1B
100
AcDbEntity
 67
1
  8
A-SYMBOLE
370
18
100
AcDbPolyline
 90
2
 70
0
 10
869.0
 20
389.55
 10
869.0
 20
385.35
  0
HATCH
  5
EA
330
1B
100
AcDbEntity
 67
1
  8
R-TABLICZKA
 62
7
420
16777215
100
AcDbHatch
 10
0.0
 20
0.0
 30
0.0
210
0.0
220
0.0
230
1.0
  2
SOLID
 70
1
 71
0
 91
1
 92
3
 72
0
 73
1
 93
4
 10
701.0
 20
10.0
 10
881.0
 20
10.0
 10
881.0
 20
103.0
 10
701.0
 20
103.0
 97
0
 75
0
 76
1
 98
0
  0
HATCH
  5
EB
330
1B
100
AcDbEntity
 67
1
  8
R-TABLICZKA
 62
7
420
16777215
100
AcDbHatch
 10
0.0
 20
0.0
 30
0.0
210
0.0
220
0.0
230
1.0
  2
SOLID
 70
1
 71
0
 91
1
 92
3
 72
0
 73
1
 93
4
 10
701.0
 20
103.0
 10
881.0
 20
103.0
 10
881.0
 20
113.0
 10
701.0
 20
113.0
 97
0
 75
0
 76
1
 98
0
  0
LWPOLYLINE
  5
EC
330
1B
100
AcDbEntity
 67
1
  8
R-RAMKA
370
70
100
AcDbPolyline
 90
4
 70
1
 10
20.0
 20
10.0
 10
881.0
 20
10.0
 10
881.0
 20
410.0
 10
20.0
 20
410.0
  0
LWPOLYLINE
  5
ED
330
1B
100
AcDbEntity
 67
1
  8
R-RAMKA
370
70
100
AcDbPolyline
 90
2
 70
0
 10
445.5
 20
0.0
 10
445.5
 20
20.0
  0
LWPOLYLINE
  5
EE
330
1B
100
AcDbEntity
 67
1
  8
R-RAMKA
370
70
100
AcDbPolyline
 90
2
 70
0
 10
445.5
 20
420.0
 10
445.5
 20
400.0
  0
LWPOLYLINE
  5
EF
330
1B
100
AcDbEntity
 67
1
  8
R-RAMKA
370
70
100
AcDbPolyline
 90
2
 70
0
 10
0.0
 20
210.0
 10
30.0
 20
210.0
  0
LWPOLYLINE
  5
F0
330
1B
100
AcDbEntity
 67
1
  8
R-RAMKA
370
70
100
AcDbPolyline
 90
2
 70
0
 10
891.0
 20
210.0
 10
871.0
 20
210.0
  0
LWPOLYLINE
  5
F1
330
1B
100
AcDbEntity
 67
1
  8
R-RAMKA
370
35
100
AcDbPolyline
 90
2
 70
0
 10
210.0
 20
0.0
 10
210.0
 20
5.0
  0
LWPOLYLINE
  5
F2
330
1B
100
AcDbEntity
 67
1
  8
R-RAMKA
370
35
100
AcDbPolyline
 90
2
 70
0
 10
210.0
 20
420.0
 10
210.0
 20
415.0
  0
LWPOLYLINE
  5
F3
330
1B
100
AcDbEntity
 67
1
  8
R-RAMKA
370
35
100
AcDbPolyline
 90
2
 70
0
 10
360.5
 20
0.0
 10
360.5
 20
5.0
  0
LWPOLYLINE
  5
F4
330
1B
100
AcDbEntity
 67
1
  8
R-RAMKA
370
35
100
AcDbPolyline
 90
2
 70
0
 10
360.5
 20
420.0
 10
360.5
 20
415.0
  0
LWPOLYLINE
  5
F5
330
1B
100
AcDbEntity
 67
1
  8
R-RAMKA
370
35
100
AcDbPolyline
 90
2
 70
0
 10
511.0
 20
0.0
 10
511.0
 20
5.0
  0
LWPOLYLINE
  5
F6
330
1B
100
AcDbEntity
 67
1
  8
R-RAMKA
370
35
100
AcDbPolyline
 90
2
 70
0
 10
511.0
 20
420.0
 10
511.0
 20
415.0
  0
LWPOLYLINE
  5
F7
330
1B
100
AcDbEntity
 67
1
  8
R-RAMKA
370
35
100
AcDbPolyline
 90
2
 70
0
 10
701.0
 20
0.0
 10
701.0
 20
5.0
  0
LWPOLYLINE
  5
F8
330
1B
100
AcDbEntity
 67
1
  8
R-RAMKA
370
35
100
AcDbPolyline
 90
2
 70
0
 10
701.0
 20
420.0
 10
701.0
 20
415.0
  0
LWPOLYLINE
  5
F9
330
1B
100
AcDbEntity
 67
1
  8
R-RAMKA
370
35
100
AcDbPolyline
 90
2
 70
0
 10
0.0
 20
297.0
 10
5.0
 20
297.0
  0
LWPOLYLINE
  5
FA
330
1B
100
AcDbEntity
 67
1
  8
R-RAMKA
370
35
100
AcDbPolyline
 90
2
 70
0
 10
891.0
 20
297.0
 10
886.0
 20
297.0
  0
LWPOLYLINE
  5
FB
330
1B
100
AcDbEntity
 67
1
  8
R-RAMKA
370
35
100
AcDbPolyline
 90
2
 70
0
 10
45.5
 20
10.0
 10
45.5
 20
5.0
  0
LWPOLYLINE
  5
FC
330
1B
100
AcDbEntity
 67
1
  8
R-RAMKA
370
35
100
AcDbPolyline
 90
2
 70
0
 10
45.5
 20
410.0
 10
45.5
 20
415.0
  0
LWPOLYLINE
  5
FD
330
1B
100
AcDbEntity
 67
1
  8
R-RAMKA
370
35
100
AcDbPolyline
 90
2
 70
0
 10
95.5
 20
10.0
 10
95.5
 20
5.0
  0
LWPOLYLINE
  5
FE
330
1B
100
AcDbEntity
 67
1
  8
R-RAMKA
370
35
100
AcDbPolyline
 90
2
 70
0
 10
95.5
 20
410.0
 10
95.5
 20
415.0
  0
LWPOLYLINE
  5
FF
330
1B
100
AcDbEntity
 67
1
  8
R-RAMKA
370
35
100
AcDbPolyline
 90
2
 70
0
 10
145.5
 20
10.0
 10
145.5
 20
5.0
  0
LWPOLYLINE
  5
100
330
1B
100
AcDbEntity
 67
1
  8
R-RAMKA
370
35
100
AcDbPolyline
 90
2
 70
0
 10
145.5
 20
410.0
 10
145.5
 20
415.0
  0
LWPOLYLINE
  5
101
330
1B
100
AcDbEntity
 67
1
  8
R-RAMKA
370
35
100
AcDbPolyline
 90
2
 70
0
 10
195.5
 20
10.0
 10
195.5
 20
5.0
  0
LWPOLYLINE
  5
102
330
1B
100
AcDbEntity
 67
1
  8
R-RAMKA
370
35
100
AcDbPolyline
 90
2
 70
0
 10
195.5
 20
410.0
 10
195.5
 20
415.0
  0
LWPOLYLINE
  5
103
330
1B
100
AcDbEntity
 67
1
  8
R-RAMKA
370
35
100
AcDbPolyline
 90
2
 70
0
 10
245.5
 20
10.0
 10
245.5
 20
5.0
  0
LWPOLYLINE
  5
104
330
1B
100
AcDbEntity
 67
1
  8
R-RAMKA
370
35
100
AcDbPolyline
 90
2
 70
0
 10
245.5
 20
410.0
 10
245.5
 20
415.0
  0
LWPOLYLINE
  5
105
330
1B
100
AcDbEntity
 67
1
  8
R-RAMKA
370
35
100
AcDbPolyline
 90
2
 70
0
 10
295.5
 20
10.0
 10
295.5
 20
5.0
  0
LWPOLYLINE
  5
106
330
1B
100
AcDbEntity
 67
1
  8
R-RAMKA
370
35
100
AcDbPolyline
 90
2
 70
0
 10
295.5
 20
410.0
 10
295.5
 20
415.0
  0
LWPOLYLINE
  5
107
330
1B
100
AcDbEntity
 67
1
  8
R-RAMKA
370
35
100
AcDbPolyline
 90
2
 70
0
 10
345.5
 20
10.0
 10
345.5
 20
5.0
  0
LWPOLYLINE
  5
108
330
1B
100
AcDbEntity
 67
1
  8
R-RAMKA
370
35
100
AcDbPolyline
 90
2
 70
0
 10
345.5
 20
410.0
 10
345.5
 20
415.0
  0
LWPOLYLINE
  5
109
330
1B
100
AcDbEntity
 67
1
  8
R-RAMKA
370
35
100
AcDbPolyline
 90
2
 70
0
 10
395.5
 20
10.0
 10
395.5
 20
5.0
  0
LWPOLYLINE
  5
10A
330
1B
100
AcDbEntity
 67
1
  8
R-RAMKA
370
35
100
AcDbPolyline
 90
2
 70
0
 10
395.5
 20
410.0
 10
395.5
 20
415.0
  0
LWPOLYLINE
  5
10B
330
1B
100
AcDbEntity
 67
1
  8
R-RAMKA
370
35
100
AcDbPolyline
 90
2
 70
0
 10
445.5
 20
10.0
 10
445.5
 20
5.0
  0
LWPOLYLINE
  5
10C
330
1B
100
AcDbEntity
 67
1
  8
R-RAMKA
370
35
100
AcDbPolyline
 90
2
 70
0
 10
445.5
 20
410.0
 10
445.5
 20
415.0
  0
LWPOLYLINE
  5
10D
330
1B
100
AcDbEntity
 67
1
  8
R-RAMKA
370
35
100
AcDbPolyline
 90
2
 70
0
 10
495.5
 20
10.0
 10
495.5
 20
5.0
  0
LWPOLYLINE
  5
10E
330
1B
100
AcDbEntity
 67
1
  8
R-RAMKA
370
35
100
AcDbPolyline
 90
2
 70
0
 10
495.5
 20
410.0
 10
495.5
 20
415.0
  0
LWPOLYLINE
  5
10F
330
1B
100
AcDbEntity
 67
1
  8
R-RAMKA
370
35
100
AcDbPolyline
 90
2
 70
0
 10
545.5
 20
10.0
 10
545.5
 20
5.0
  0
LWPOLYLINE
  5
110
330
1B
100
AcDbEntity
 67
1
  8
R-RAMKA
370
35
100
AcDbPolyline
 90
2
 70
0
 10
545.5
 20
410.0
 10
545.5
 20
415.0
  0
LWPOLYLINE
  5
111
330
1B
100
AcDbEntity
 67
1
  8
R-RAMKA
370
35
100
AcDbPolyline
 90
2
 70
0
 10
595.5
 20
10.0
 10
595.5
 20
5.0
  0
LWPOLYLINE
  5
112
330
1B
100
AcDbEntity
 67
1
  8
R-RAMKA
370
35
100
AcDbPolyline
 90
2
 70
0
 10
595.5
 20
410.0
 10
595.5
 20
415.0
  0
LWPOLYLINE
  5
113
330
1B
100
AcDbEntity
 67
1
  8
R-RAMKA
370
35
100
AcDbPolyline
 90
2
 70
0
 10
645.5
 20
10.0
 10
645.5
 20
5.0
  0
LWPOLYLINE
  5
114
330
1B
100
AcDbEntity
 67
1
  8
R-RAMKA
370
35
100
AcDbPolyline
 90
2
 70
0
 10
645.5
 20
410.0
 10
645.5
 20
415.0
  0
LWPOLYLINE
  5
115
330
1B
100
AcDbEntity
 67
1
  8
R-RAMKA
370
35
100
AcDbPolyline
 90
2
 70
0
 10
695.5
 20
10.0
 10
695.5
 20
5.0
  0
LWPOLYLINE
  5
116
330
1B
100
AcDbEntity
 67
1
  8
R-RAMKA
370
35
100
AcDbPolyline
 90
2
 70
0
 10
695.5
 20
410.0
 10
695.5
 20
415.0
  0
LWPOLYLINE
  5
117
330
1B
100
AcDbEntity
 67
1
  8
R-RAMKA
370
35
100
AcDbPolyline
 90
2
 70
0
 10
745.5
 20
10.0
 10
745.5
 20
5.0
  0
LWPOLYLINE
  5
118
330
1B
100
AcDbEntity
 67
1
  8
R-RAMKA
370
35
100
AcDbPolyline
 90
2
 70
0
 10
745.5
 20
410.0
 10
745.5
 20
415.0
  0
LWPOLYLINE
  5
119
330
1B
100
AcDbEntity
 67
1
  8
R-RAMKA
370
35
100
AcDbPolyline
 90
2
 70
0
 10
795.5
 20
10.0
 10
795.5
 20
5.0
  0
LWPOLYLINE
  5
11A
330
1B
100
AcDbEntity
 67
1
  8
R-RAMKA
370
35
100
AcDbPolyline
 90
2
 70
0
 10
795.5
 20
410.0
 10
795.5
 20
415.0
  0
LWPOLYLINE
  5
11B
330
1B
100
AcDbEntity
 67
1
  8
R-RAMKA
370
35
100
AcDbPolyline
 90
2
 70
0
 10
845.5
 20
10.0
 10
845.5
 20
5.0
  0
LWPOLYLINE
  5
11C
330
1B
100
AcDbEntity
 67
1
  8
R-RAMKA
370
35
100
AcDbPolyline
 90
2
 70
0
 10
845.5
 20
410.0
 10
845.5
 20
415.0
  0
LWPOLYLINE
  5
11D
330
1B
100
AcDbEntity
 67
1
  8
R-RAMKA
370
35
100
AcDbPolyline
 90
2
 70
0
 10
20.0
 20
60.0
 10
15.0
 20
60.0
  0
LWPOLYLINE
  5
11E
330
1B
100
AcDbEntity
 67
1
  8
R-RAMKA
370
35
100
AcDbPolyline
 90
2
 70
0
 10
881.0
 20
60.0
 10
886.0
 20
60.0
  0
LWPOLYLINE
  5
11F
330
1B
100
AcDbEntity
 67
1
  8
R-RAMKA
370
35
100
AcDbPolyline
 90
2
 70
0
 10
20.0
 20
110.0
 10
15.0
 20
110.0
  0
LWPOLYLINE
  5
120
330
1B
100
AcDbEntity
 67
1
  8
R-RAMKA
370
35
100
AcDbPolyline
 90
2
 70
0
 10
881.0
 20
110.0
 10
886.0
 20
110.0
  0
LWPOLYLINE
  5
121
330
1B
100
AcDbEntity
 67
1
  8
R-RAMKA
370
35
100
AcDbPolyline
 90
2
 70
0
 10
20.0
 20
160.0
 10
15.0
 20
160.0
  0
LWPOLYLINE
  5
122
330
1B
100
AcDbEntity
 67
1
  8
R-RAMKA
370
35
100
AcDbPolyline
 90
2
 70
0
 10
881.0
 20
160.0
 10
886.0
 20
160.0
  0
LWPOLYLINE
  5
123
330
1B
100
AcDbEntity
 67
1
  8
R-RAMKA
370
35
100
AcDbPolyline
 90
2
 70
0
 10
20.0
 20
210.0
 10
15.0
 20
210.0
  0
LWPOLYLINE
  5
124
330
1B
100
AcDbEntity
 67
1
  8
R-RAMKA
370
35
100
AcDbPolyline
 90
2
 70
0
 10
881.0
 20
210.0
 10
886.0
 20
210.0
  0
LWPOLYLINE
  5
125
330
1B
100
AcDbEntity
 67
1
  8
R-RAMKA
370
35
100
AcDbPolyline
 90
2
 70
0
 10
20.0
 20
260.0
 10
15.0
 20
260.0
  0
LWPOLYLINE
  5
126
330
1B
100
AcDbEntity
 67
1
  8
R-RAMKA
370
35
100
AcDbPolyline
 90
2
 70
0
 10
881.0
 20
260.0
 10
886.0
 20
260.0
  0
LWPOLYLINE
  5
127
330
1B
100
AcDbEntity
 67
1
  8
R-RAMKA
370
35
100
AcDbPolyline
 90
2
 70
0
 10
20.0
 20
310.0
 10
15.0
 20
310.0
  0
LWPOLYLINE
  5
128
330
1B
100
AcDbEntity
 67
1
  8
R-RAMKA
370
35
100
AcDbPolyline
 90
2
 70
0
 10
881.0
 20
310.0
 10
886.0
 20
310.0
  0
LWPOLYLINE
  5
129
330
1B
100
AcDbEntity
 67
1
  8
R-RAMKA
370
35
100
AcDbPolyline
 90
2
 70
0
 10
20.0
 20
360.0
 10
15.0
 20
360.0
  0
LWPOLYLINE
  5
12A
330
1B
100
AcDbEntity
 67
1
  8
R-RAMKA
370
35
100
AcDbPolyline
 90
2
 70
0
 10
881.0
 20
360.0
 10
886.0
 20
360.0
  0
LWPOLYLINE
  5
12B
330
1B
100
AcDbEntity
 67
1
  8
R-TABLICZKA
370
25
100
AcDbPolyline
 90
2
 70
0
 10
811.0
 20
91.0
 10
811.0
 20
103.0
  0
LWPOLYLINE
  5
12C
330
1B
100
AcDbEntity
 67
1
  8
R-TABLICZKA
370
25
100
AcDbPolyline
 90
2
 70
0
 10
836.0
 20
91.0
 10
836.0
 20
103.0
  0
LWPOLYLINE
  5
12D
330
1B
100
AcDbEntity
 67
1
  8
R-TABLICZKA
370
25
100
AcDbPolyline
 90
2
 70
0
 10
701.0
 20
91.0
 10
881.0
 20
91.0
  0
LWPOLYLINE
  5
12E
330
1B
100
AcDbEntity
 67
1
  8
R-TABLICZKA
370
18
100
AcDbPolyline
 90
2
 70
0
 10
701.0
 20
83.0
 10
881.0
 20
83.0
  0
LWPOLYLINE
  5
12F
330
1B
100
AcDbEntity
 67
1
  8
R-TABLICZKA
370
18
100
AcDbPolyline
 90
2
 70
0
 10
701.0
 20
72.5
 10
881.0
 20
72.5
  0
LWPOLYLINE
  5
130
330
1B
100
AcDbEntity
 67
1
  8
R-TABLICZKA
370
18
100
AcDbPolyline
 90
2
 70
0
 10
851.0
 20
63.5
 10
851.0
 20
72.5
  0
LWPOLYLINE
  5
131
330
1B
100
AcDbEntity
 67
1
  8
R-TABLICZKA
370
25
100
AcDbPolyline
 90
2
 70
0
 10
701.0
 20
63.5
 10
881.0
 20
63.5
  0
LWPOLYLINE
  5
132
330
1B
100
AcDbEntity
 67
1
  8
R-TABLICZKA
370
18
100
AcDbPolyline
 90
2
 70
0
 10
701.0
 20
59.0
 10
881.0
 20
59.0
  0
LWPOLYLINE
  5
133
330
1B
100
AcDbEntity
 67
1
  8
R-TABLICZKA
370
18
100
AcDbPolyline
 90
2
 70
0
 10
701.0
 20
52.0
 10
881.0
 20
52.0
  0
LWPOLYLINE
  5
134
330
1B
100
AcDbEntity
 67
1
  8
R-TABLICZKA
370
18
100
AcDbPolyline
 90
2
 70
0
 10
701.0
 20
45.0
 10
881.0
 20
45.0
  0
LWPOLYLINE
  5
135
330
1B
100
AcDbEntity
 67
1
  8
R-TABLICZKA
370
18
100
AcDbPolyline
 90
2
 70
0
 10
701.0
 20
38.0
 10
881.0
 20
38.0
  0
LWPOLYLINE
  5
136
330
1B
100
AcDbEntity
 67
1
  8
R-TABLICZKA
370
18
100
AcDbPolyline
 90
2
 70
0
 10
701.0
 20
31.0
 10
881.0
 20
31.0
  0
LWPOLYLINE
  5
137
330
1B
100
AcDbEntity
 67
1
  8
R-TABLICZKA
370
18
100
AcDbPolyline
 90
2
 70
0
 10
728.0
 20
31.0
 10
728.0
 20
63.5
  0
LWPOLYLINE
  5
138
330
1B
100
AcDbEntity
 67
1
  8
R-TABLICZKA
370
18
100
AcDbPolyline
 90
2
 70
0
 10
771.0
 20
31.0
 10
771.0
 20
63.5
  0
LWPOLYLINE
  5
139
330
1B
100
AcDbEntity
 67
1
  8
R-TABLICZKA
370
18
100
AcDbPolyline
 90
2
 70
0
 10
826.0
 20
31.0
 10
826.0
 20
63.5
  0
LWPOLYLINE
  5
13A
330
1B
100
AcDbEntity
 67
1
  8
R-TABLICZKA
370
18
100
AcDbPolyline
 90
2
 70
0
 10
846.0
 20
31.0
 10
846.0
 20
63.5
  0
LWPOLYLINE
  5
13B
330
1B
100
AcDbEntity
 67
1
  8
R-TABLICZKA
370
25
100
AcDbPolyline
 90
2
 70
0
 10
701.0
 20
31.0
 10
881.0
 20
31.0
  0
LWPOLYLINE
  5
13C
330
1B
100
AcDbEntity
 67
1
  8
R-TABLICZKA
370
25
100
AcDbPolyline
 90
2
 70
0
 10
701.0
 20
19.0
 10
881.0
 20
19.0
  0
LWPOLYLINE
  5
13D
330
1B
100
AcDbEntity
 67
1
  8
R-TABLICZKA
370
25
100
AcDbPolyline
 90
2
 70
0
 10
725.0
 20
10.0
 10
725.0
 20
19.0
  0
LWPOLYLINE
  5
13E
330
1B
100
AcDbEntity
 67
1
  8
R-TABLICZKA
370
25
100
AcDbPolyline
 90
2
 70
0
 10
741.0
 20
10.0
 10
741.0
 20
19.0
  0
LWPOLYLINE
  5
13F
330
1B
100
AcDbEntity
 67
1
  8
R-TABLICZKA
370
25
100
AcDbPolyline
 90
2
 70
0
 10
765.0
 20
10.0
 10
765.0
 20
19.0
  0
LWPOLYLINE
  5
140
330
1B
100
AcDbEntity
 67
1
  8
R-TABLICZKA
370
25
100
AcDbPolyline
 90
2
 70
0
 10
793.0
 20
10.0
 10
793.0
 20
19.0
  0
LWPOLYLINE
  5
141
330
1B
100
AcDbEntity
 67
1
  8
R-TABLICZKA
370
25
100
AcDbPolyline
 90
2
 70
0
 10
845.0
 20
10.0
 10
845.0
 20
19.0
  0
LWPOLYLINE
  5
142
330
1B
100
AcDbEntity
 67
1
  8
R-TABLICZKA
370
25
100
AcDbPolyline
 90
2
 70
0
 10
863.0
 20
10.0
 10
863.0
 20
19.0
  0
LWPOLYLINE
  5
143
330
1B
100
AcDbEntity
 67
1
  8
R-TABLICZKA
370
50
100
AcDbPolyline
 90
4
 70
1
 10
701.0
 20
10.0
 10
881.0
 20
10.0
 10
881.0
 20
103.0
 10
701.0
 20
103.0
  0
LWPOLYLINE
  5
144
330
1B
100
AcDbEntity
 67
1
  8
R-TABLICZKA
370
18
100
AcDbPolyline
 90
2
 70
0
 10
701.0
 20
108.0
 10
881.0
 20
108.0
  0
LWPOLYLINE
  5
145
330
1B
100
AcDbEntity
 67
1
  8
R-TABLICZKA
370
18
100
AcDbPolyline
 90
2
 70
0
 10
701.0
 20
113.0
 10
881.0
 20
113.0
  0
LWPOLYLINE
  5
146
330
1B
100
AcDbEntity
 67
1
  8
R-TABLICZKA
370
18
100
AcDbPolyline
 90
2
 70
0
 10
719.0
 20
103.0
 10
719.0
 20
113.0
  0
LWPOLYLINE
  5
147
330
1B
100
AcDbEntity
 67
1
  8
R-TABLICZKA
370
18
100
AcDbPolyline
 90
2
 70
0
 10
841.0
 20
103.0
 10
841.0
 20
113.0
  0
LWPOLYLINE
  5
148
330
1B
100
AcDbEntity
 67
1
  8
R-TABLICZKA
370
25
100
AcDbPolyline
 90
4
 70
1
 10
701.0
 20
103.0
 10
881.0
 20
103.0
 10
881.0
 20
113.0
 10
701.0
 20
113.0
  0
TEXT
  5
149
330
1B
100
AcDbEntity
 67
1
  8
R-OPISY
100
AcDbText
 10
110.98554962525549
 20
61.5
 30
0.0
 40
5.0
  1
INSTALACJA OŚWIETLENIA — RZUT PARTERU
  7
PL_ARIAL_B
 11
110.98554962525549
 21
61.5
 31
0.0
100
AcDbText
  0
TEXT
  5
14A
330
1B
100
AcDbEntity
 67
1
  8
R-OPISY
100
AcDbText
 10
278.71755053372704
 20
61.5
 30
0.0
 40
3.5
  1
1:50
  7
PL_ARIAL
 11
278.71755053372704
 21
61.5
 31
0.0
100
AcDbText
  0
TEXT
  5
14B
330
1B
100
AcDbEntity
 67
1
  8
R-LEGENDA
100
AcDbText
 10
701.0
 20
368.5
 30
0.0
 40
3.5
  1
OZNACZENIA — LEGENDA SYMBOLI
  7
PL_ARIAL_B
 11
701.0
 21
368.5
 31
0.0
100
AcDbText
  0
TEXT
  5
14C
330
1B
100
AcDbEntity
 67
1
  8
R-LEGENDA
100
AcDbText
 10
719.0
 20
361.3
 30
0.0
 40
1.8
  1
podkład architektoniczny (rzut AR — ściany przecięte,
  7
PL_ARIAL
 11
719.0
 21
361.3
 31
0.0
100
AcDbText
  0
TEXT
  5
14D
330
1B
100
AcDbEntity
 67
1
  8
R-LEGENDA
100
AcDbText
 10
719.0
 20
358.6
 30
0.0
 40
1.8
  1
stolarka, wyposażenie) — linie cienkie szare
  7
PL_ARIAL
 11
719.0
 21
358.6
 31
0.0
100
AcDbText
  0
TEXT
  5
14E
330
1B
100
AcDbEntity
 67
1
  8
R-LEGENDA
100
AcDbText
 10
719.0
 20
354.3
 30
0.0
 40
1.8
  1
przewody obwodów oświetlenia YDYp 3×1,5 / 4×1,5 (w
  7
PL_ARIAL
 11
719.0
 21
354.3
 31
0.0
100
AcDbText
  0
TEXT
  5
14F
330
1B
100
AcDbEntity
 67
1
  8
R-LEGENDA
100
AcDbText
 10
719.0
 20
351.6
 30
0.0
 40
1.8
  1
tynku, w stropie) — połączenia punktów (przebieg
  7
PL_ARIAL
 11
719.0
 21
351.6
 31
0.0
100
AcDbText
  0
TEXT
  5
150
330
1B
100
AcDbEntity
 67
1
  8
R-LEGENDA
100
AcDbText
 10
719.0
 20
348.90000000000003
 30
0.0
 40
1.8
  1
schematyczny)
  7
PL_ARIAL
 11
719.0
 21
348.90000000000003
 31
0.0
100
AcDbText
  0
TEXT
  5
151
330
1B
100
AcDbEntity
 67
1
  8
R-LEGENDA
100
AcDbText
 10
719.0
 20
344.6
 30
0.0
 40
1.8
  1
oprawa oświetleniowa sufitowa (PN-EN 60617-11-15)
  7
PL_ARIAL
 11
719.0
 21
344.6
 31
0.0
100
AcDbText
  0
TEXT
  5
152
330
1B
100
AcDbEntity
 67
1
  8
R-LEGENDA
100
AcDbText
 10
719.0
 20
339.40000000000003
 30
0.0
 40
1.8
  1
łącznik jednobiegunowy, h = 1,10 m (IP44 — zaczerniony)
  7
PL_ARIAL
 11
719.0
 21
339.40000000000003
 31
0.0
100
AcDbText
  0
TEXT
  5
153
330
1B
100
AcDbEntity
 67
1
  8
R-LEGENDA
100
AcDbText
 10
719.0
 20
334.20000000000005
 30
0.0
 40
1.8
  1
łącznik schodowy (przełącznik dwukierunkowy)
  7
PL_ARIAL
 11
719.0
 21
334.20000000000005
 31
0.0
100
AcDbText
  0
TEXT
  5
154
330
1B
100
AcDbEntity
 67
1
  8
R-LEGENDA
100
AcDbText
 10
809.0
 20
361.3
 30
0.0
 40
1.8
  1
oprawa liniowa LED (garaż IP65; pod szafkami kuchennymi)
  7
PL_ARIAL
 11
809.0
 21
361.3
 31
0.0
100
AcDbText
  0
TEXT
  5
155
330
1B
100
AcDbEntity
 67
1
  8
R-LEGENDA
100
AcDbText
 10
809.0
 20
356.1
 30
0.0
 40
1.8
  1
oprawa wpuszczana (downlight) IP44 — strefy łazienek wg
  7
PL_ARIAL
 11
809.0
 21
356.1
 31
0.0
100
AcDbText
  0
TEXT
  5
156
330
1B
100
AcDbEntity
 67
1
  8
R-LEGENDA
100
AcDbText
 10
809.0
 20
353.40000000000003
 30
0.0
 40
1.8
  1
PN-HD 60364-7-701
  7
PL_ARIAL
 11
809.0
 21
353.40000000000003
 31
0.0
100
AcDbText
  0
TEXT
  5
157
330
1B
100
AcDbEntity
 67
1
  8
R-LEGENDA
100
AcDbText
 10
809.0
 20
349.1
 30
0.0
 40
1.8
  1
wypust / oprawa ścienna (kinkiet), nad lustrem IP44
  7
PL_ARIAL
 11
809.0
 21
349.1
 31
0.0
100
AcDbText
  0
TEXT
  5
158
330
1B
100
AcDbEntity
 67
1
  8
R-LEGENDA
100
AcDbText
 10
809.0
 20
343.90000000000003
 30
0.0
 40
1.8
  1
łącznik świecznikowy (dwuobwodowy)
  7
PL_ARIAL
 11
809.0
 21
343.90000000000003
 31
0.0
100
AcDbText
  0
TEXT
  5
159
330
1B
100
AcDbEntity
 67
1
  8
R-LEGENDA
100
AcDbText
 10
809.0
 20
338.70000000000005
 30
0.0
 40
1.8
  1
RG — rozdzielnica główna (PN-EN IEC 61439-3)
  7
PL_ARIAL
 11
809.0
 21
338.70000000000005
 31
0.0
100
AcDbText
  0
TEXT
  5
15A
330
1B
100
AcDbEntity
 67
1
  8
R-OPISY
100
AcDbText
 10
701.0
 20
320.70000000000005
 30
0.0
 40
3.5
  1
OBWODY NA ARKUSZU (lamela.obliczenia.elektryka.obwody)
  7
PL_ARIAL_B
 11
701.0
 21
320.70000000000005
 31
0.0
100
AcDbText
  0
TEXT
  5
15B
330
1B
100
AcDbEntity
 67
1
  8
R-OPISY
100
AcDbText
 10
703.3509198273904
 20
314.80000000000007
 30
0.0
 40
1.8
  1
Obw.
  7
PL_ARIAL_B
 11
703.3509198273904
 21
314.80000000000007
 31
0.0
100
AcDbText
  0
TEXT
  5
15C
330
1B
100
AcDbEntity
 67
1
  8
R-OPISY
100
AcDbText
 10
736.4594140358846
 20
314.80000000000007
 30
0.0
 40
1.8
  1
Odbiorniki
  7
PL_ARIAL_B
 11
736.4594140358846
 21
314.80000000000007
 31
0.0
100
AcDbText
  0
TEXT
  5
15D
330
1B
100
AcDbEntity
 67
1
  8
R-OPISY
100
AcDbText
 10
778.311037928685
 20
314.80000000000007
 30
0.0
 40
1.8
  1
Zab.
  7
PL_ARIAL_B
 11
778.311037928685
 21
314.80000000000007
 31
0.0
100
AcDbText
  0
TEXT
  5
15E
330
1B
100
AcDbEntity
 67
1
  8
R-OPISY
100
AcDbText
 10
793.6210538269362
 20
314.80000000000007
 30
0.0
 40
1.8
  1
Przewód
  7
PL_ARIAL_B
 11
793.6210538269362
 21
314.80000000000007
 31
0.0
100
AcDbText
  0
TEXT
  5
15F
330
1B
100
AcDbEntity
 67
1
  8
R-OPISY
100
AcDbText
 10
812.8267999091529
 20
314.80000000000007
 30
0.0
 40
1.8
  1
L [m]
  7
PL_ARIAL_B
 11
812.8267999091529
 21
314.80000000000007
 31
0.0
100
AcDbText
  0
TEXT
  5
160
330
1B
100
AcDbEntity
 67
1
  8
R-OPISY
100
AcDbText
 10
824.3568930274813
 20
314.80000000000007
 30
0.0
 40
1.8
  1
∆U [%]
  7
PL_ARIAL_B
 11
824.3568930274813
 21
314.80000000000007
 31
0.0
100
AcDbText
  0
TEXT
  5
161
330
1B
100
AcDbEntity
 67
1
  8
R-OPISY
100
AcDbText
 10
837.0919146036794
 20
314.80000000000007
 30
0.0
 40
1.8
  1
Faza
  7
PL_ARIAL_B
 11
837.0919146036794
 21
314.80000000000007
 31
0.0
100
AcDbText
  0
TEXT
  5
162
330
1B
100
AcDbEntity
 67
1
  8
R-OPISY
100
AcDbText
 10
860.1657052009994
 20
314.80000000000007
 30
0.0
 40
1.8
  1
RCD
  7
PL_ARIAL_B
 11
860.1657052009994
 21
314.80000000000007
 31
0.0
100
AcDbText
  0
TEXT
  5
163
330
1B
100
AcDbEntity
 67
1
  8
R-OPISY
100
AcDbText
 10
702.0
 20
309.70000000000005
 30
0.0
 40
1.8
  1
L1
  7
PL_ARIAL
 11
702.0
 21
309.70000000000005
 31
0.0
100
AcDbText
  0
TEXT
  5
164
330
1B
100
AcDbEntity
 67
1
  8
R-OPISY
100
AcDbText
 10
713.0
 20
309.70000000000005
 30
0.0
 40
1.8
  1
Oświetlenie P0
  7
PL_ARIAL
 11
713.0
 21
309.70000000000005
 31
0.0
100
AcDbText
  0
TEXT
  5
165
330
1B
100
AcDbEntity
 67
1
  8
R-OPISY
100
AcDbText
 10
778.6724278900749
 20
309.70000000000005
 30
0.0
 40
1.8
  1
B10
  7
PL_ARIAL
 11
778.6724278900749
 21
309.70000000000005
 31
0.0
100
AcDbText
  0
TEXT
  5
166
330
1B
100
AcDbEntity
 67
1
  8
R-OPISY
100
AcDbText
 10
789.0
 20
309.70000000000005
 30
0.0
 40
1.8
  1
YDYp 3×1,5
  7
PL_ARIAL
 11
789.0
 21
309.70000000000005
 31
0.0
100
AcDbText
  0
TEXT
  5
167
330
1B
100
AcDbEntity
 67
1
  8
R-OPISY
100
AcDbText
 10
815.9082443788326
 20
309.70000000000005
 30
0.0
 40
1.8
  1
15,8
  7
PL_ARIAL
 11
815.9082443788326
 21
309.70000000000005
 31
0.0
100
AcDbText
  0
TEXT
  5
168
330
1B
100
AcDbEntity
 67
1
  8
R-OPISY
100
AcDbText
 10
828.9082443788326
 20
309.70000000000005
 30
0.0
 40
1.8
  1
1,03
  7
PL_ARIAL
 11
828.9082443788326
 21
309.70000000000005
 31
0.0
100
AcDbText
  0
TEXT
  5
169
330
1B
100
AcDbEntity
 67
1
  8
R-OPISY
100
AcDbText
 10
838.5450374744493
 20
309.70000000000005
 30
0.0
 40
1.8
  1
L2
  7
PL_ARIAL
 11
838.5450374744493
 21
309.70000000000005
 31
0.0
100
AcDbText
  0
TEXT
  5
16A
330
1B
100
AcDbEntity
 67
1
  8
R-OPISY
100
AcDbText
 10
846.0
 20
309.70000000000005
 30
0.0
 40
1.8
  1
RCBO typ A 30 mA
  7
PL_ARIAL
 11
846.0
 21
309.70000000000005
 31
0.0
100
AcDbText
  0
TEXT
  5
16B
330
1B
100
AcDbEntity
 67
1
  8
R-OPISY
100
AcDbText
 10
702.0
 20
305.50000000000006
 30
0.0
 40
1.8
  1
L4
  7
PL_ARIAL
 11
702.0
 21
305.50000000000006
 31
0.0
100
AcDbText
  0
TEXT
  5
16C
330
1B
100
AcDbEntity
 67
1
  8
R-OPISY
100
AcDbText
 10
713.0
 20
305.50000000000006
 30
0.0
 40
1.8
  1
Oświetlenie garażu i pom. technicznego
  7
PL_ARIAL
 11
713.0
 21
305.50000000000006
 31
0.0
100
AcDbText
  0
TEXT
  5
16D
330
1B
100
AcDbEntity
 67
1
  8
R-OPISY
100
AcDbText
 10
778.6724278900749
 20
305.50000000000006
 30
0.0
 40
1.8
  1
B10
  7
PL_ARIAL
 11
778.6724278900749
 21
305.50000000000006
 31
0.0
100
AcDbText
  0
TEXT
  5
16E
330
1B
100
AcDbEntity
 67
1
  8
R-OPISY
100
AcDbText
 10
789.0
 20
305.50000000000006
 30
0.0
 40
1.8
  1
YDYp 3×1,5
  7
PL_ARIAL
 11
789.0
 21
305.50000000000006
 31
0.0
100
AcDbText
  0
TEXT
  5
16F
330
1B
100
AcDbEntity
 67
1
  8
R-OPISY
100
AcDbText
 10
817.3632069043833
 20
305.50000000000006
 30
0.0
 40
1.8
  1
5,5
  7
PL_ARIAL
 11
817.3632069043833
 21
305.50000000000006
 31
0.0
100
AcDbText
  0
TEXT
  5
170
330
1B
100
AcDbEntity
 67
1
  8
R-OPISY
100
AcDbText
 10
828.9082443788326
 20
305.50000000000006
 30
0.0
 40
1.8
  1
0,68
  7
PL_ARIAL
 11
828.9082443788326
 21
305.50000000000006
 31
0.0
100
AcDbText
  0
TEXT
  5
171
330
1B
100
AcDbEntity
 67
1
  8
R-OPISY
100
AcDbText
 10
838.5450374744493
 20
305.50000000000006
 30
0.0
 40
1.8
  1
L3
  7
PL_ARIAL
 11
838.5450374744493
 21
305.50000000000006
 31
0.0
100
AcDbText
  0
TEXT
  5
172
330
1B
100
AcDbEntity
 67
1
  8
R-OPISY
100
AcDbText
 10
846.0
 20
305.50000000000006
 30
0.0
 40
1.8
  1
RCBO typ A 30 mA
  7
PL_ARIAL
 11
846.0
 21
305.50000000000006
 31
0.0
100
AcDbText
  0
TEXT
  5
173
330
1B
100
AcDbEntity
 67
1
  8
R-OPISY
100
AcDbText
 10
702.0
 20
301.30000000000007
 30
0.0
 40
1.8
  1
L5
  7
PL_ARIAL
 11
702.0
 21
301.30000000000007
 31
0.0
100
AcDbText
  0
TEXT
  5
174
330
1B
100
AcDbEntity
 67
1
  8
R-OPISY
100
AcDbText
 10
713.0
 20
301.30000000000007
 30
0.0
 40
1.8
  1
Oświetlenie zewnętrzne (wejście, elewacje, taras)
  7
PL_ARIAL
 11
713.0
 21
301.30000000000007
 31
0.0
100
AcDbText
  0
TEXT
  5
175
330
1B
100
AcDbEntity
 67
1
  8
R-OPISY
100
AcDbText
 10
778.6724278900749
 20
301.30000000000007
 30
0.0
 40
1.8
  1
B10
  7
PL_ARIAL
 11
778.6724278900749
 21
301.30000000000007
 31
0.0
100
AcDbText
  0
TEXT
  5
176
330
1B
100
AcDbEntity
 67
1
  8
R-OPISY
100
AcDbText
 10
789.0
 20
301.30000000000007
 30
0.0
 40
1.8
  1
YDYp 3×1,5
  7
PL_ARIAL
 11
789.0
 21
301.30000000000007
 31
0.0
100
AcDbText
  0
TEXT
  5
177
330
1B
100
AcDbEntity
 67
1
  8
R-OPISY
100
AcDbText
 10
815.9082443788326
 20
301.30000000000007
 30
0.0
 40
1.8
  1
16,8
  7
PL_ARIAL
 11
815.9082443788326
 21
301.30000000000007
 31
0.0
100
AcDbText
  0
TEXT
  5
178
330
1B
100
AcDbEntity
 67
1
  8
R-OPISY
100
AcDbText
 10
828.9082443788326
 20
301.30000000000007
 30
0.0
 40
1.8
  1
0,77
  7
PL_ARIAL
 11
828.9082443788326
 21
301.30000000000007
 31
0.0
100
AcDbText
  0
TEXT
  5
179
330
1B
100
AcDbEntity
 67
1
  8
R-OPISY
100
AcDbText
 10
838.5450374744493
 20
301.30000000000007
 30
0.0
 40
1.8
  1
L1
  7
PL_ARIAL
 11
838.5450374744493
 21
301.30000000000007
 31
0.0
100
AcDbText
  0
TEXT
  5
17A
330
1B
100
AcDbEntity
 67
1
  8
R-OPISY
100
AcDbText
 10
846.0
 20
301.30000000000007
 30
0.0
 40
1.8
  1
RCBO typ A 30 mA
  7
PL_ARIAL
 11
846.0
 21
301.30000000000007
 31
0.0
100
AcDbText
  0
TEXT
  5
17B
330
1B
100
AcDbEntity
 67
1
  8
R-OPISY
100
AcDbText
 10
703.0
 20
289.6000000000001
 30
0.0
 40
3.5
  1
OBJAŚNIENIA I UWAGI
  7
PL_ARIAL_B
 11
703.0
 21
289.6000000000001
 31
0.0
100
AcDbText
  0
TEXT
  5
17C
330
1B
100
AcDbEntity
 67
1
  8
R-OPISY
100
AcDbText
 10
703.0
 20
283.30000000000007
 30
0.0
 40
1.8
  1
1. 
  7
PL_ARIAL
 11
703.0
 21
283.30000000000007
 31
0.0
100
AcDbText
  0
TEXT
  5
17D
330
1B
100
AcDbEntity
 67
1
  8
R-OPISY
100
AcDbText
 10
705.908698614581
 20
283.30000000000007
 30
0.0
 40
1.8
  1
Wymiary w cm (mm w indeksie górnym, np. 24⁵ = 24,5 cm), rzędne w m względem ±0,000 = 101,650 m n.p.m. (PL-EVRF2007-NH).
  7
PL_ARIAL
 11
705.908698614581
 21
283.30000000000007
 31
0.0
100
AcDbText
  0
TEXT
  5
17E
330
1B
100
AcDbEntity
 67
1
  8
R-OPISY
100
AcDbText
 10
703.0
 20
279.88000000000005
 30
0.0
 40
1.8
  1
2. 
  7
PL_ARIAL
 11
703.0
 21
279.88000000000005
 31
0.0
100
AcDbText
  0
TEXT
  5
17F
330
1B
100
AcDbEntity
 67
1
  8
R-OPISY
100
AcDbText
 10
705.908698614581
 20
279.88000000000005
 30
0.0
 40
1.8
  1
Rysunki instalacji na podkładzie rzutów architektury (PB-AR); podkład — linie cienkie szare (warstwy I-PODKLAD*).
  7
PL_ARIAL
 11
705.908698614581
 21
279.88000000000005
 31
0.0
100
AcDbText
  0
TEXT
  5
180
330
1B
100
AcDbEntity
 67
1
  8
R-OPISY
100
AcDbText
 10
703.0
 20
276.46000000000004
 30
0.0
 40
1.8
  1
3. 
  7
PL_ARIAL
 11
703.0
 21
276.46000000000004
 31
0.0
100
AcDbText
  0
TEXT
  5
181
330
1B
100
AcDbEntity
 67
1
  8
R-OPISY
100
AcDbText
 10
705.908698614581
 20
276.46000000000004
 30
0.0
 40
1.8
  1
Instalacja oświetlenia wg PN-HD 60364 (seria), WT § 180–186 i § 64 (oświetlenie wejścia); natężenie oświetlenia wg PN-EN 12464-1 (wartości
  7
PL_ARIAL
 11
705.908698614581
 21
276.46000000000004
 31
0.0
100
AcDbText
  0
TEXT
  5
182
330
1B
100
AcDbEntity
 67
1
  8
R-OPISY
100
AcDbText
 10
705.908698614581
 20
273.58000000000004
 30
0.0
 40
1.8
  1
zalecane); obwody i zabezpieczenia z obliczeń (lamela.obliczenia.elektryka): wyłączniki nadprądowe B10, RCBO/RCD 30 mA.
  7
PL_ARIAL
 11
705.908698614581
 21
273.58000000000004
 31
0.0
100
AcDbText
  0
TEXT
  5
183
330
1B
100
AcDbEntity
 67
1
  8
R-OPISY
100
AcDbText
 10
703.0
 20
270.16
 30
0.0
 40
1.8
  1
4. 
  7
PL_ARIAL
 11
703.0
 21
270.16
 31
0.0
100
AcDbText
  0
TEXT
  5
184
330
1B
100
AcDbEntity
 67
1
  8
R-OPISY
100
AcDbText
 10
705.908698614581
 20
270.16
 30
0.0
 40
1.8
  1
Rozmieszczenie opraw i łączników wyznaczono algorytmicznie (model nie zawiera punktów elektrycznych): oprawy w siatce ok. 3 m w obrysie
  7
PL_ARIAL
 11
705.908698614581
 21
270.16
 31
0.0
100
AcDbText
  0
TEXT
  5
185
330
1B
100
AcDbEntity
 67
1
  8
R-OPISY
100
AcDbText
 10
705.908698614581
 20
267.28000000000003
 30
0.0
 40
1.8
  1
pomieszczenia, łączniki przy drzwiach od strony klamki 0,15 m od ościeżnicy na h = 1,10 m; typy opraw — do uzgodnienia z Inwestorem (projekt
  7
PL_ARIAL
 11
705.908698614581
 21
267.28000000000003
 31
0.0
100
AcDbText
  0
TEXT
  5
186
330
1B
100
AcDbEntity
 67
1
  8
R-OPISY
100
AcDbText
 10
705.908698614581
 20
264.40000000000003
 30
0.0
 40
1.8
  1
oświetlenia wnętrz).
  7
PL_ARIAL
 11
705.908698614581
 21
264.40000000000003
 31
0.0
100
AcDbText
  0
TEXT
  5
187
330
1B
100
AcDbEntity
 67
1
  8
R-OPISY
100
AcDbText
 10
703.0
 20
260.98
 30
0.0
 40
1.8
  1
5. 
  7
PL_ARIAL
 11
703.0
 21
260.98
 31
0.0
100
AcDbText
  0
TEXT
  5
188
330
1B
100
AcDbEntity
 67
1
  8
R-OPISY
100
AcDbText
 10
705.908698614581
 20
260.98
 30
0.0
 40
1.8
  1
Przewody YDYp 3×1,5 (4×1,5 łączniki schodowe/świecznikowe) w tynku i w warstwach stropu, w strefach instalacyjnych; w łazienkach osprzęt poza
  7
PL_ARIAL
 11
705.908698614581
 21
260.98
 31
0.0
100
AcDbText
  0
TEXT
  5
189
330
1B
100
AcDbEntity
 67
1
  8
R-OPISY
100
AcDbText
 10
705.908698614581
 20
258.1
 30
0.0
 40
1.8
  1
strefami 0–1 wg PN-HD 60364-7-701, IP44 w strefie 2.
  7
PL_ARIAL
 11
705.908698614581
 21
258.1
 31
0.0
100
AcDbText
  0
TEXT
  5
18A
330
1B
100
AcDbEntity
 67
1
  8
R-OPISY
100
AcDbText
 10
703.0
 20
254.68000000000004
 30
0.0
 40
1.8
  1
6. 
  7
PL_ARIAL
 11
703.0
 21
254.68000000000004
 31
0.0
100
AcDbText
  0
TEXT
  5
18B
330
1B
100
AcDbEntity
 67
1
  8
R-OPISY
100
AcDbText
 10
705.908698614581
 20
254.68000000000004
 30
0.0
 40
1.8
  1
Rysunek wygenerowany automatycznie z modelu /home/user/aihouse/model/budynek.yaml (wersja 1.0, 2026-09-25) — generatory lamela.views.
  7
PL_ARIAL
 11
705.908698614581
 21
254.68000000000004
 31
0.0
100
AcDbText
  0
TEXT
  5
18C
330
1B
100
AcDbEntity
 67
1
  8
R-OPISY
100
AcDbText
 10
704.2725187372246
 20
241.48000000000005
 30
0.0
 40
1.8
  1
1
  7
PL_ARIAL
 11
704.2725187372246
 21
241.48000000000005
 31
0.0
100
AcDbText
  0
TEXT
  5
18D
330
1B
100
AcDbEntity
 67
1
  8
R-OPISY
100
AcDbText
 10
724.2725187372246
 20
241.48000000000005
 30
0.0
 40
1.8
  1
0
  7
PL_ARIAL
 11
724.2725187372246
 21
241.48000000000005
 31
0.0
100
AcDbText
  0
TEXT
  5
18E
330
1B
100
AcDbEntity
 67
1
  8
R-OPISY
100
AcDbText
 10
744.2725187372246
 20
241.48000000000005
 30
0.0
 40
1.8
  1
1
  7
PL_ARIAL
 11
744.2725187372246
 21
241.48000000000005
 31
0.0
100
AcDbText
  0
TEXT
  5
18F
330
1B
100
AcDbEntity
 67
1
  8
R-OPISY
100
AcDbText
 10
764.2725187372246
 20
241.48000000000005
 30
0.0
 40
1.8
  1
2
  7
PL_ARIAL
 11
764.2725187372246
 21
241.48000000000005
 31
0.0
100
AcDbText
  0
TEXT
  5
190
330
1B
100
AcDbEntity
 67
1
  8
R-OPISY
100
AcDbText
 10
784.2725187372246
 20
241.48000000000005
 30
0.0
 40
1.8
  1
3
  7
PL_ARIAL
 11
784.2725187372246
 21
241.48000000000005
 31
0.0
100
AcDbText
  0
TEXT
  5
191
330
1B
100
AcDbEntity
 67
1
  8
R-OPISY
100
AcDbText
 10
804.2725187372246
 20
241.48000000000005
 30
0.0
 40
1.8
  1
4
  7
PL_ARIAL
 11
804.2725187372246
 21
241.48000000000005
 31
0.0
100
AcDbText
  0
TEXT
  5
192
330
1B
100
AcDbEntity
 67
1
  8
R-OPISY
100
AcDbText
 10
824.2725187372246
 20
241.48000000000005
 30
0.0
 40
1.8
  1
5
  7
PL_ARIAL
 11
824.2725187372246
 21
241.48000000000005
 31
0.0
100
AcDbText
  0
TEXT
  5
193
330
1B
100
AcDbEntity
 67
1
  8
R-OPISY
100
AcDbText
 10
827.0
 20
238.88000000000005
 30
0.0
 40
1.8
  1
m
  7
PL_ARIAL
 11
827.0
 21
238.88000000000005
 31
0.0
100
AcDbText
  0
TEXT
  5
194
330
1B
100
AcDbEntity
 67
1
  8
R-OPISY
100
AcDbText
 10
705.0
 20
235.88000000000005
 30
0.0
 40
1.8
  1
PODZIAŁKA 1:50
  7
PL_ARIAL_B
 11
705.0
 21
235.88000000000005
 31
0.0
100
AcDbText
  0
TEXT
  5
195
330
1B
100
AcDbEntity
 67
1
  8
R-OPISY
100
AcDbText
 10
12.8
 20
119.5
 30
0.0
 40
1.8
  1
odcinek kontrolny 100 mm (wydruk 1:1)
 50
90.0
  7
PL_ARIAL
 11
12.8
 21
119.5
 31
0.0
100
AcDbText
  0
TEXT
  5
196
330
1B
100
AcDbEntity
 67
1
  8
A-SYMBOLE
100
AcDbText
 10
866.3756529638882
 20
402.789859186918
 30
0.0
 40
5.0
  1
N
  7
PL_ARIAL_B
 11
866.3756529638882
 21
402.789859186918
 31
0.0
100
AcDbText
  0
TEXT
  5
197
330
1B
100
AcDbEntity
 67
1
  8
R-RAMKA
100
AcDbText
 10
31.335453100158983
 20
413.25
 30
0.0
 40
3.5
  1
1
  7
PL_ARIAL
 11
31.335453100158983
 21
413.25
 31
0.0
100
AcDbText
  0
TEXT
  5
198
330
1B
100
AcDbEntity
 67
1
  8
R-RAMKA
100
AcDbText
 10
31.335453100158983
 20
3.25
 30
0.0
 40
3.5
  1
1
  7
PL_ARIAL
 11
31.335453100158983
 21
3.25
 31
0.0
100
AcDbText
  0
TEXT
  5
199
330
1B
100
AcDbEntity
 67
1
  8
R-RAMKA
100
AcDbText
 10
69.08545310015899
 20
413.25
 30
0.0
 40
3.5
  1
2
  7
PL_ARIAL
 11
69.08545310015899
 21
413.25
 31
0.0
100
AcDbText
  0
TEXT
  5
19A
330
1B
100
AcDbEntity
 67
1
  8
R-RAMKA
100
AcDbText
 10
69.08545310015899
 20
3.25
 30
0.0
 40
3.5
  1
2
  7
PL_ARIAL
 11
69.08545310015899
 21
3.25
 31
0.0
100
AcDbText
  0
TEXT
  5
19B
330
1B
100
AcDbEntity
 67
1
  8
R-RAMKA
100
AcDbText
 10
119.08545310015899
 20
413.25
 30
0.0
 40
3.5
  1
3
  7
PL_ARIAL
 11
119.08545310015899
 21
413.25
 31
0.0
100
AcDbText
  0
TEXT
  5
19C
330
1B
100
AcDbEntity
 67
1
  8
R-RAMKA
100
AcDbText
 10
119.08545310015899
 20
3.25
 30
0.0
 40
3.5
  1
3
  7
PL_ARIAL
 11
119.08545310015899
 21
3.25
 31
0.0
100
AcDbText
  0
TEXT
  5
19D
330
1B
100
AcDbEntity
 67
1
  8
R-RAMKA
100
AcDbText
 10
169.085453100159
 20
413.25
 30
0.0
 40
3.5
  1
4
  7
PL_ARIAL
 11
169.085453100159
 21
413.25
 31
0.0
100
AcDbText
  0
TEXT
  5
19E
330
1B
100
AcDbEntity
 67
1
  8
R-RAMKA
100
AcDbText
 10
169.085453100159
 20
3.25
 30
0.0
 40
3.5
  1
4
  7
PL_ARIAL
 11
169.085453100159
 21
3.25
 31
0.0
100
AcDbText
  0
TEXT
  5
19F
330
1B
100
AcDbEntity
 67
1
  8
R-RAMKA
100
AcDbText
 10
219.085453100159
 20
413.25
 30
0.0
 40
3.5
  1
5
  7
PL_ARIAL
 11
219.085453100159
 21
413.25
 31
0.0
100
AcDbText
  0
TEXT
  5
1A0
330
1B
100
AcDbEntity
 67
1
  8
R-RAMKA
100
AcDbText
 10
219.085453100159
 20
3.25
 30
0.0
 40
3.5
  1
5
  7
PL_ARIAL
 11
219.085453100159
 21
3.25
 31
0.0
100
AcDbText
  0
TEXT
  5
1A1
330
1B
100
AcDbEntity
 67
1
  8
R-RAMKA
100
AcDbText
 10
269.085453100159
 20
413.25
 30
0.0
 40
3.5
  1
6
  7
PL_ARIAL
 11
269.085453100159
 21
413.25
 31
0.0
100
AcDbText
  0
TEXT
  5
1A2
330
1B
100
AcDbEntity
 67
1
  8
R-RAMKA
100
AcDbText
 10
269.085453100159
 20
3.25
 30
0.0
 40
3.5
  1
6
  7
PL_ARIAL
 11
269.085453100159
 21
3.25
 31
0.0
100
AcDbText
  0
TEXT
  5
1A3
330
1B
100
AcDbEntity
 67
1
  8
R-RAMKA
100
AcDbText
 10
319.085453100159
 20
413.25
 30
0.0
 40
3.5
  1
7
  7
PL_ARIAL
 11
319.085453100159
 21
413.25
 31
0.0
100
AcDbText
  0
TEXT
  5
1A4
330
1B
100
AcDbEntity
 67
1
  8
R-RAMKA
100
AcDbText
 10
319.085453100159
 20
3.25
 30
0.0
 40
3.5
  1
7
  7
PL_ARIAL
 11
319.085453100159
 21
3.25
 31
0.0
100
AcDbText
  0
TEXT
  5
1A5
330
1B
100
AcDbEntity
 67
1
  8
R-RAMKA
100
AcDbText
 10
369.085453100159
 20
413.25
 30
0.0
 40
3.5
  1
8
  7
PL_ARIAL
 11
369.085453100159
 21
413.25
 31
0.0
100
AcDbText
  0
TEXT
  5
1A6
330
1B
100
AcDbEntity
 67
1
  8
R-RAMKA
100
AcDbText
 10
369.085453100159
 20
3.25
 30
0.0
 40
3.5
  1
8
  7
PL_ARIAL
 11
369.085453100159
 21
3.25
 31
0.0
100
AcDbText
  0
TEXT
  5
1A7
330
1B
100
AcDbEntity
 67
1
  8
R-RAMKA
100
AcDbText
 10
419.085453100159
 20
413.25
 30
0.0
 40
3.5
  1
9
  7
PL_ARIAL
 11
419.085453100159
 21
413.25
 31
0.0
100
AcDbText
  0
TEXT
  5
1A8
330
1B
100
AcDbEntity
 67
1
  8
R-RAMKA
100
AcDbText
 10
419.085453100159
 20
3.25
 30
0.0
 40
3.5
  1
9
  7
PL_ARIAL
 11
419.085453100159
 21
3.25
 31
0.0
100
AcDbText
  0
TEXT
  5
1A9
330
1B
100
AcDbEntity
 67
1
  8
R-RAMKA
100
AcDbText
 10
467.670906200318
 20
413.25
 30
0.0
 40
3.5
  1
10
  7
PL_ARIAL
 11
467.670906200318
 21
413.25
 31
0.0
100
AcDbText
  0
TEXT
  5
1AA
330
1B
100
AcDbEntity
 67
1
  8
R-RAMKA
100
AcDbText
 10
467.670906200318
 20
3.25
 30
0.0
 40
3.5
  1
10
  7
PL_ARIAL
 11
467.670906200318
 21
3.25
 31
0.0
100
AcDbText
  0
TEXT
  5
1AB
330
1B
100
AcDbEntity
 67
1
  8
R-RAMKA
100
AcDbText
 10
517.8596979332274
 20
413.25
 30
0.0
 40
3.5
  1
11
  7
PL_ARIAL
 11
517.8596979332274
 21
413.25
 31
0.0
100
AcDbText
  0
TEXT
  5
1AC
330
1B
100
AcDbEntity
 67
1
  8
R-RAMKA
100
AcDbText
 10
517.8596979332274
 20
3.25
 30
0.0
 40
3.5
  1
11
  7
PL_ARIAL
 11
517.8596979332274
 21
3.25
 31
0.0
100
AcDbText
  0
TEXT
  5
1AD
330
1B
100
AcDbEntity
 67
1
  8
R-RAMKA
100
AcDbText
 10
567.670906200318
 20
413.25
 30
0.0
 40
3.5
  1
12
  7
PL_ARIAL
 11
567.670906200318
 21
413.25
 31
0.0
100
AcDbText
  0
TEXT
  5
1AE
330
1B
100
AcDbEntity
 67
1
  8
R-RAMKA
100
AcDbText
 10
567.670906200318
 20
3.25
 30
0.0
 40
3.5
  1
12
  7
PL_ARIAL
 11
567.670906200318
 21
3.25
 31
0.0
100
AcDbText
  0
TEXT
  5
1AF
330
1B
100
AcDbEntity
 67
1
  8
R-RAMKA
100
AcDbText
 10
617.670906200318
 20
413.25
 30
0.0
 40
3.5
  1
13
  7
PL_ARIAL
 11
617.670906200318
 21
413.25
 31
0.0
100
AcDbText
  0
TEXT
  5
1B0
330
1B
100
AcDbEntity
 67
1
  8
R-RAMKA
100
AcDbText
 10
617.670906200318
 20
3.25
 30
0.0
 40
3.5
  1
13
  7
PL_ARIAL
 11
617.670906200318
 21
3.25
 31
0.0
100
AcDbText
  0
TEXT
  5
1B1
330
1B
100
AcDbEntity
 67
1
  8
R-RAMKA
100
AcDbText
 10
667.670906200318
 20
413.25
 30
0.0
 40
3.5
  1
14
  7
PL_ARIAL
 11
667.670906200318
 21
413.25
 31
0.0
100
AcDbText
  0
TEXT
  5
1B2
330
1B
100
AcDbEntity
 67
1
  8
R-RAMKA
100
AcDbText
 10
667.670906200318
 20
3.25
 30
0.0
 40
3.5
  1
14
  7
PL_ARIAL
 11
667.670906200318
 21
3.25
 31
0.0
100
AcDbText
  0
TEXT
  5
1B3
330
1B
100
AcDbEntity
 67
1
  8
R-RAMKA
100
AcDbText
 10
717.670906200318
 20
413.25
 30
0.0
 40
3.5
  1
15
  7
PL_ARIAL
 11
717.670906200318
 21
413.25
 31
0.0
100
AcDbText
  0
TEXT
  5
1B4
330
1B
100
AcDbEntity
 67
1
  8
R-RAMKA
100
AcDbText
 10
717.670906200318
 20
3.25
 30
0.0
 40
3.5
  1
15
  7
PL_ARIAL
 11
717.670906200318
 21
3.25
 31
0.0
100
AcDbText
  0
TEXT
  5
1B5
330
1B
100
AcDbEntity
 67
1
  8
R-RAMKA
100
AcDbText
 10
767.670906200318
 20
413.25
 30
0.0
 40
3.5
  1
16
  7
PL_ARIAL
 11
767.670906200318
 21
413.25
 31
0.0
100
AcDbText
  0
TEXT
  5
1B6
330
1B
100
AcDbEntity
 67
1
  8
R-RAMKA
100
AcDbText
 10
767.670906200318
 20
3.25
 30
0.0
 40
3.5
  1
16
  7
PL_ARIAL
 11
767.670906200318
 21
3.25
 31
0.0
100
AcDbText
  0
TEXT
  5
1B7
330
1B
100
AcDbEntity
 67
1
  8
R-RAMKA
100
AcDbText
 10
817.670906200318
 20
413.25
 30
0.0
 40
3.5
  1
17
  7
PL_ARIAL
 11
817.670906200318
 21
413.25
 31
0.0
100
AcDbText
  0
TEXT
  5
1B8
330
1B
100
AcDbEntity
 67
1
  8
R-RAMKA
100
AcDbText
 10
817.670906200318
 20
3.25
 30
0.0
 40
3.5
  1
17
  7
PL_ARIAL
 11
817.670906200318
 21
3.25
 31
0.0
100
AcDbText
  0
TEXT
  5
1B9
330
1B
100
AcDbEntity
 67
1
  8
R-RAMKA
100
AcDbText
 10
860.420906200318
 20
413.25
 30
0.0
 40
3.5
  1
18
  7
PL_ARIAL
 11
860.420906200318
 21
413.25
 31
0.0
100
AcDbText
  0
TEXT
  5
1BA
330
1B
100
AcDbEntity
 67
1
  8
R-RAMKA
100
AcDbText
 10
860.420906200318
 20
3.25
 30
0.0
 40
3.5
  1
18
  7
PL_ARIAL
 11
860.420906200318
 21
3.25
 31
0.0
100
AcDbText
  0
TEXT
  5
1BB
330
1B
100
AcDbEntity
 67
1
  8
R-RAMKA
100
AcDbText
 10
884.3032591414944
 20
383.25
 30
0.0
 40
3.5
  1
A
  7
PL_ARIAL
 11
884.3032591414944
 21
383.25
 31
0.0
100
AcDbText
  0
TEXT
  5
1BC
330
1B
100
AcDbEntity
 67
1
  8
R-RAMKA
100
AcDbText
 10
13.303259141494436
 20
383.25
 30
0.0
 40
3.5
  1
A
  7
PL_ARIAL
 11
13.303259141494436
 21
383.25
 31
0.0
100
AcDbText
  0
TEXT
  5
1BD
330
1B
100
AcDbEntity
 67
1
  8
R-RAMKA
100
AcDbText
 10
884.3032591414944
 20
333.25
 30
0.0
 40
3.5
  1
B
  7
PL_ARIAL
 11
884.3032591414944
 21
333.25
 31
0.0
100
AcDbText
  0
TEXT
  5
1BE
330
1B
100
AcDbEntity
 67
1
  8
R-RAMKA
100
AcDbText
 10
13.303259141494436
 20
333.25
 30
0.0
 40
3.5
  1
B
  7
PL_ARIAL
 11
13.303259141494436
 21
333.25
 31
0.0
100
AcDbText
  0
TEXT
  5
1BF
330
1B
100
AcDbEntity
 67
1
  8
R-RAMKA
100
AcDbText
 10
884.1629570747218
 20
283.25
 30
0.0
 40
3.5
  1
C
  7
PL_ARIAL
 11
884.1629570747218
 21
283.25
 31
0.0
100
AcDbText
  0
TEXT
  5
1C0
330
1B
100
AcDbEntity
 67
1
  8
R-RAMKA
100
AcDbText
 10
13.162957074721781
 20
283.25
 30
0.0
 40
3.5
  1
C
  7
PL_ARIAL
 11
13.162957074721781
 21
283.25
 31
0.0
100
AcDbText
  0
TEXT
  5
1C1
330
1B
100
AcDbEntity
 67
1
  8
R-RAMKA
100
AcDbText
 10
884.1629570747218
 20
233.25
 30
0.0
 40
3.5
  1
D
  7
PL_ARIAL
 11
884.1629570747218
 21
233.25
 31
0.0
100
AcDbText
  0
TEXT
  5
1C2
330
1B
100
AcDbEntity
 67
1
  8
R-RAMKA
100
AcDbText
 10
13.162957074721781
 20
233.25
 30
0.0
 40
3.5
  1
D
  7
PL_ARIAL
 11
13.162957074721781
 21
233.25
 31
0.0
100
AcDbText
  0
TEXT
  5
1C3
330
1B
100
AcDbEntity
 67
1
  8
R-RAMKA
100
AcDbText
 10
884.3032591414944
 20
183.25
 30
0.0
 40
3.5
  1
E
  7
PL_ARIAL
 11
884.3032591414944
 21
183.25
 31
0.0
100
AcDbText
  0
TEXT
  5
1C4
330
1B
100
AcDbEntity
 67
1
  8
R-RAMKA
100
AcDbText
 10
13.303259141494436
 20
183.25
 30
0.0
 40
3.5
  1
E
  7
PL_ARIAL
 11
13.303259141494436
 21
183.25
 31
0.0
100
AcDbText
  0
TEXT
  5
1C5
330
1B
100
AcDbEntity
 67
1
  8
R-RAMKA
100
AcDbText
 10
884.4463434022258
 20
133.25
 30
0.0
 40
3.5
  1
F
  7
PL_ARIAL
 11
884.4463434022258
 21
133.25
 31
0.0
100
AcDbText
  0
TEXT
  5
1C6
330
1B
100
AcDbEntity
 67
1
  8
R-RAMKA
100
AcDbText
 10
13.446343402225756
 20
133.25
 30
0.0
 40
3.5
  1
F
  7
PL_ARIAL
 11
13.446343402225756
 21
133.25
 31
0.0
100
AcDbText
  0
TEXT
  5
1C7
330
1B
100
AcDbEntity
 67
1
  8
R-RAMKA
100
AcDbText
 10
884.0214626391097
 20
83.25
 30
0.0
 40
3.5
  1
G
  7
PL_ARIAL
 11
884.0214626391097
 21
83.25
 31
0.0
100
AcDbText
  0
TEXT
  5
1C8
330
1B
100
AcDbEntity
 67
1
  8
R-RAMKA
100
AcDbText
 10
13.021462639109698
 20
83.25
 30
0.0
 40
3.5
  1
G
  7
PL_ARIAL
 11
13.021462639109698
 21
83.25
 31
0.0
100
AcDbText
  0
TEXT
  5
1C9
330
1B
100
AcDbEntity
 67
1
  8
R-RAMKA
100
AcDbText
 10
884.1629570747218
 20
33.25
 30
0.0
 40
3.5
  1
H
  7
PL_ARIAL
 11
884.1629570747218
 21
33.25
 31
0.0
100
AcDbText
  0
TEXT
  5
1CA
330
1B
100
AcDbEntity
 67
1
  8
R-RAMKA
100
AcDbText
 10
13.162957074721781
 20
33.25
 30
0.0
 40
3.5
  1
H
  7
PL_ARIAL
 11
13.162957074721781
 21
33.25
 31
0.0
100
AcDbText
  0
TEXT
  5
1CB
330
1B
100
AcDbEntity
 67
1
  8
R-RAMKA
100
AcDbText
 10
862.0895752895752
 20
4.1
 30
0.0
 40
1.8
  1
A3×3 (891×420)
  7
PL_ARIAL
 11
862.0895752895752
 21
4.1
 31
0.0
100
AcDbText
  0
TEXT
  5
1CC
330
1B
100
AcDbEntity
 67
1
  8
R-TABLICZKA
100
AcDbText
 10
702.2
 20
100.0
 30
0.0
 40
1.8
  1
PRACOWNIA PROJEKTOWA
  7
PL_ARIAL
 11
702.2
 21
100.0
 31
0.0
100
AcDbText
  0
TEXT
  5
1CD
330
1B
100
AcDbEntity
 67
1
  8
R-TABLICZKA
100
AcDbText
 10
702.2
 20
96.1
 30
0.0
 40
2.5
  1
PRACOWNIA PROJEKTOWA — nazwa do uzupełnienia
  7
PL_ARIAL_B
 11
702.2
 21
96.1
 31
0.0
100
AcDbText
  0
TEXT
  5
1CE
330
1B
100
AcDbEntity
 67
1
  8
R-TABLICZKA
100
AcDbText
 10
702.2
 20
92.4
 30
0.0
 40
1.8
  1
adres pracowni do uzupełnienia
  7
PL_ARIAL
 11
702.2
 21
92.4
 31
0.0
100
AcDbText
  0
TEXT
  5
1CF
330
1B
100
AcDbEntity
 67
1
  8
R-TABLICZKA
100
AcDbText
 10
812.2
 20
100.0
 30
0.0
 40
1.8
  1
STADIUM
  7
PL_ARIAL
 11
812.2
 21
100.0
 31
0.0
100
AcDbText
  0
TEXT
  5
1D0
330
1B
100
AcDbEntity
 67
1
  8
R-TABLICZKA
100
AcDbText
 10
818.8565750624574
 20
93.5
 30
0.0
 40
5.0
  1
PT
  7
PL_ARIAL_B
 11
818.8565750624574
 21
93.5
 31
0.0
100
AcDbText
  0
TEXT
  5
1D1
330
1B
100
AcDbEntity
 67
1
  8
R-TABLICZKA
100
AcDbText
 10
837.2
 20
100.0
 30
0.0
 40
1.8
  1
BRANŻA
  7
PL_ARIAL
 11
837.2
 21
100.0
 31
0.0
100
AcDbText
  0
TEXT
  5
1D2
330
1B
100
AcDbEntity
 67
1
  8
R-TABLICZKA
100
AcDbText
 10
837.2
 20
96.26249999999999
 30
0.0
 40
2.5
  1
INSTALACJE
  7
PL_ARIAL_B
 11
837.2
 21
96.26249999999999
 31
0.0
100
AcDbText
  0
TEXT
  5
1D3
330
1B
100
AcDbEntity
 67
1
  8
R-TABLICZKA
100
AcDbText
 10
837.2
 20
92.63749999999999
 30
0.0
 40
2.5
  1
ELEKTRYCZNE (IE)
  7
PL_ARIAL_B
 11
837.2
 21
92.63749999999999
 31
0.0
100
AcDbText
  0
TEXT
  5
1D4
330
1B
100
AcDbEntity
 67
1
  8
R-TABLICZKA
100
AcDbText
 10
702.2
 20
88.0
 30
0.0
 40
1.8
  1
INWESTOR
  7
PL_ARIAL
 11
702.2
 21
88.0
 31
0.0
100
AcDbText
  0
TEXT
  5
1D5
330
1B
100
AcDbEntity
 67
1
  8
R-TABLICZKA
100
AcDbText
 10
702.2
 20
84.44999999999999
 30
0.0
 40
2.5
  1
(do uzupełnienia)
  7
PL_ARIAL
 11
702.2
 21
84.44999999999999
 31
0.0
100
AcDbText
  0
TEXT
  5
1D6
330
1B
100
AcDbEntity
 67
1
  8
R-TABLICZKA
100
AcDbText
 10
702.2
 20
80.0
 30
0.0
 40
1.8
  1
OBIEKT / NAZWA ZAMIERZENIA BUDOWLANEGO
  7
PL_ARIAL
 11
702.2
 21
80.0
 31
0.0
100
AcDbText
  0
TEXT
  5
1D7
330
1B
100
AcDbEntity
 67
1
  8
R-TABLICZKA
100
AcDbText
 10
702.2
 20
75.19999999999999
 30
0.0
 40
2.5
  1
Budynek mieszkalny jednorodzinny wolnostojący „Dom LAMELA”
  7
PL_ARIAL_B
 11
702.2
 21
75.19999999999999
 31
0.0
100
AcDbText
  0
TEXT
  5
1D8
330
1B
100
AcDbEntity
 67
1
  8
R-TABLICZKA
100
AcDbText
 10
702.2
 20
69.5
 30
0.0
 40
1.8
  1
ADRES / LOKALIZACJA (NR DZIAŁKI, OBRĘB, JEDN. EWIDENCYJNA)
  7
PL_ARIAL
 11
702.2
 21
69.5
 31
0.0
100
AcDbText
  0
TEXT
  5
1D9
330
1B
100
AcDbEntity
 67
1
  8
R-TABLICZKA
100
AcDbText
 10
702.2
 20
65.716
 30
0.0
 40
1.8
  1
ul. Lipowa (fikcyjna), dz. nr ewid. 123/4, obręb 0005 Przykładowo, gm. Przykładowo (fikcyjna)
  7
PL_ARIAL
 11
702.2
 21
65.716
 31
0.0
100
AcDbText
  0
TEXT
  5
1DA
330
1B
100
AcDbEntity
 67
1
  8
R-TABLICZKA
100
AcDbText
 10
852.2
 20
69.5
 30
0.0
 40
1.8
  1
KAT. OBIEKTU
  7
PL_ARIAL
 11
852.2
 21
69.5
 31
0.0
100
AcDbText
  0
TEXT
  5
1DB
330
1B
100
AcDbEntity
 67
1
  8
R-TABLICZKA
100
AcDbText
 10
865.2933227344992
 20
65.07
 30
0.0
 40
3.5
  1
I
  7
PL_ARIAL_B
 11
865.2933227344992
 21
65.07
 31
0.0
100
AcDbText
  0
TEXT
  5
1DC
330
1B
100
AcDbEntity
 67
1
  8
R-TABLICZKA
100
AcDbText
 10
708.4673631614808
 20
60.35
 30
0.0
 40
1.8
  1
FUNKCJA
  7
PL_ARIAL
 11
708.4673631614808
 21
60.35
 31
0.0
100
AcDbText
  0
TEXT
  5
1DD
330
1B
100
AcDbEntity
 67
1
  8
R-TABLICZKA
100
AcDbText
 10
738.7431296843062
 20
60.35
 30
0.0
 40
1.8
  1
IMIĘ I NAZWISKO
  7
PL_ARIAL
 11
738.7431296843062
 21
60.35
 31
0.0
100
AcDbText
  0
TEXT
  5
1DE
330
1B
100
AcDbEntity
 67
1
  8
R-TABLICZKA
100
AcDbText
 10
777.9770156711334
 20
60.35
 30
0.0
 40
1.8
  1
SPECJALNOŚĆ, NR UPRAWNIEŃ
  7
PL_ARIAL
 11
777.9770156711334
 21
60.35
 31
0.0
100
AcDbText
  0
TEXT
  5
1DF
330
1B
100
AcDbEntity
 67
1
  8
R-TABLICZKA
100
AcDbText
 10
832.7051782875312
 20
60.35
 30
0.0
 40
1.8
  1
DATA
  7
PL_ARIAL
 11
832.7051782875312
 21
60.35
 31
0.0
100
AcDbText
  0
TEXT
  5
1E0
330
1B
100
AcDbEntity
 67
1
  8
R-TABLICZKA
100
AcDbText
 10
858.556438791733
 20
60.35
 30
0.0
 40
1.8
  1
PODPIS
  7
PL_ARIAL
 11
858.556438791733
 21
60.35
 31
0.0
100
AcDbText
  0
TEXT
  5
1E1
330
1B
100
AcDbEntity
 67
1
  8
R-TABLICZKA
100
AcDbText
 10
702.2
 20
54.6
 30
0.0
 40
1.8
  1
Projektant
  7
PL_ARIAL
 11
702.2
 21
54.6
 31
0.0
100
AcDbText
  0
TEXT
  5
1E2
330
1B
100
AcDbEntity
 67
1
  8
R-TABLICZKA
100
AcDbText
 10
702.2
 20
47.6
 30
0.0
 40
1.8
  1
Projektant (wsp.)
  7
PL_ARIAL
 11
702.2
 21
47.6
 31
0.0
100
AcDbText
  0
TEXT
  5
1E3
330
1B
100
AcDbEntity
 67
1
  8
R-TABLICZKA
100
AcDbText
 10
702.2
 20
40.6
 30
0.0
 40
1.8
  1
Sprawdzający
  7
PL_ARIAL
 11
702.2
 21
40.6
 31
0.0
100
AcDbText
  0
TEXT
  5
1E4
330
1B
100
AcDbEntity
 67
1
  8
R-TABLICZKA
100
AcDbText
 10
702.2
 20
33.6
 30
0.0
 40
1.8
  1
Opracował
  7
PL_ARIAL
 11
702.2
 21
33.6
 31
0.0
100
AcDbText
  0
TEXT
  5
1E5
330
1B
100
AcDbEntity
 67
1
  8
R-TABLICZKA
100
AcDbText
 10
702.2
 20
28.0
 30
0.0
 40
1.8
  1
TYTUŁ RYSUNKU
  7
PL_ARIAL
 11
702.2
 21
28.0
 31
0.0
100
AcDbText
  0
TEXT
  5
1E6
330
1B
100
AcDbEntity
 67
1
  8
R-TABLICZKA
100
AcDbText
 10
702.2
 20
21.5
 30
0.0
 40
5.0
  1
INSTALACJA OŚWIETLENIA — RZUT PARTERU
  7
PL_ARIAL_B
 11
702.2
 21
21.5
 31
0.0
100
AcDbText
  0
TEXT
  5
1E7
330
1B
100
AcDbEntity
 67
1
  8
R-TABLICZKA
100
AcDbText
 10
702.2
 20
16.0
 30
0.0
 40
1.8
  1
SKALA
  7
PL_ARIAL
 11
702.2
 21
16.0
 31
0.0
100
AcDbText
  0
TEXT
  5
1E8
330
1B
100
AcDbEntity
 67
1
  8
R-TABLICZKA
100
AcDbText
 10
707.9093799682036
 20
11.57
 30
0.0
 40
3.5
  1
1:50
  7
PL_ARIAL_B
 11
707.9093799682036
 21
11.57
 31
0.0
100
AcDbText
  0
TEXT
  5
1E9
330
1B
100
AcDbEntity
 67
1
  8
R-TABLICZKA
100
AcDbText
 10
726.2
 20
16.0
 30
0.0
 40
1.8
  1
FORMAT
  7
PL_ARIAL
 11
726.2
 21
16.0
 31
0.0
100
AcDbText
  0
TEXT
  5
1EA
330
1B
100
AcDbEntity
 67
1
  8
R-TABLICZKA
100
AcDbText
 10
728.7060526913468
 20
11.95
 30
0.0
 40
2.5
  1
A3×3
  7
PL_ARIAL
 11
728.7060526913468
 21
11.95
 31
0.0
100
AcDbText
  0
TEXT
  5
1EB
330
1B
100
AcDbEntity
 67
1
  8
R-TABLICZKA
100
AcDbText
 10
742.2
 20
16.0
 30
0.0
 40
1.8
  1
DATA WYDANIA
  7
PL_ARIAL
 11
742.2
 21
16.0
 31
0.0
100
AcDbText
  0
TEXT
  5
1EC
330
1B
100
AcDbEntity
 67
1
  8
R-TABLICZKA
100
AcDbText
 10
743.706904383375
 20
11.95
 30
0.0
 40
2.5
  1
2026-09-25
  7
PL_ARIAL
 11
743.706904383375
 21
11.95
 31
0.0
100
AcDbText
  0
TEXT
  5
1ED
330
1B
100
AcDbEntity
 67
1
  8
R-TABLICZKA
100
AcDbText
 10
766.2
 20
16.0
 30
0.0
 40
1.8
  1
RODZAJ DOK.
  7
PL_ARIAL
 11
766.2
 21
16.0
 31
0.0
100
AcDbText
  0
TEXT
  5
1EE
330
1B
100
AcDbEntity
 67
1
  8
R-TABLICZKA
100
AcDbText
 10
768.4989211900977
 20
11.95
 30
0.0
 40
2.5
  1
rzut instalacji
  7
PL_ARIAL
 11
768.4989211900977
 21
11.95
 31
0.0
100
AcDbText
  0
TEXT
  5
1EF
330
1B
100
AcDbEntity
 67
1
  8
R-TABLICZKA
100
AcDbText
 10
794.2
 20
16.0
 30
0.0
 40
1.8
  1
NR RYSUNKU
  7
PL_ARIAL
 11
794.2
 21
16.0
 31
0.0
100
AcDbText
  0
TEXT
  5
1F0
330
1B
100
AcDbEntity
 67
1
  8
R-TABLICZKA
100
AcDbText
 10
808.9634340222575
 20
11.57
 30
0.0
 40
3.5
  1
PT-IE-01
  7
PL_ARIAL_B
 11
808.9634340222575
 21
11.57
 31
0.0
100
AcDbText
  0
TEXT
  5
1F1
330
1B
100
AcDbEntity
 67
1
  8
R-TABLICZKA
100
AcDbText
 10
846.2
 20
16.0
 30
0.0
 40
1.8
  1
ARKUSZ
  7
PL_ARIAL
 11
846.2
 21
16.0
 31
0.0
100
AcDbText
  0
TEXT
  5
1F2
330
1B
100
AcDbEntity
 67
1
  8
R-TABLICZKA
100
AcDbText
 10
850.4640585964115
 20
11.95
 30
0.0
 40
2.5
  1
1/14
  7
PL_ARIAL
 11
850.4640585964115
 21
11.95
 31
0.0
100
AcDbText
  0
TEXT
  5
1F3
330
1B
100
AcDbEntity
 67
1
  8
R-TABLICZKA
100
AcDbText
 10
864.2
 20
16.0
 30
0.0
 40
1.8
  1
REW.
  7
PL_ARIAL
 11
864.2
 21
16.0
 31
0.0
100
AcDbText
  0
TEXT
  5
1F4
330
1B
100
AcDbEntity
 67
1
  8
R-TABLICZKA
100
AcDbText
 10
870.5854531001589
 20
11.57
 30
0.0
 40
3.5
  1
0
  7
PL_ARIAL_B
 11
870.5854531001589
 21
11.57
 31
0.0
100
AcDbText
  0
TEXT
  5
1F5
330
1B
100
AcDbEntity
 67
1
  8
R-TABLICZKA
100
AcDbText
 10
702.2
 20
104.25
 30
0.0
 40
2.5
  1
0
  7
PL_ARIAL
 11
702.2
 21
104.25
 31
0.0
100
AcDbText
  0
TEXT
  5
1F6
330
1B
100
AcDbEntity
 67
1
  8
R-TABLICZKA
100
AcDbText
 10
720.2
 20
104.25
 30
0.0
 40
2.5
  1
Wydanie — rysunek wygenerowany z modelu
  7
PL_ARIAL
 11
720.2
 21
104.25
 31
0.0
100
AcDbText
  0
TEXT
  5
1F7
330
1B
100
AcDbEntity
 67
1
  8
R-TABLICZKA
100
AcDbText
 10
842.2
 20
104.25
 30
0.0
 40
2.5
  1
2026-09-25
  7
PL_ARIAL
 11
842.2
 21
104.25
 31
0.0
100
AcDbText
  0
TEXT
  5
1F8
330
1B
100
AcDbEntity
 67
1
  8
R-TABLICZKA
100
AcDbText
 10
702.2
 20
109.6
 30
0.0
 40
1.8
  1
REW.
  7
PL_ARIAL
 11
702.2
 21
109.6
 31
0.0
100
AcDbText
  0
TEXT
  5
1F9
330
1B
100
AcDbEntity
 67
1
  8
R-TABLICZKA
100
AcDbText
 10
720.2
 20
109.6
 30
0.0
 40
1.8
  1
OPIS ZMIANY
  7
PL_ARIAL
 11
720.2
 21
109.6
 31
0.0
100
AcDbText
  0
TEXT
  5
1FA
330
1B
100
AcDbEntity
 67
1
  8
R-TABLICZKA
100
AcDbText
 10
842.2
 20
109.6
 30
0.0
 40
1.8
  1
DATA
  7
PL_ARIAL
 11
842.2
 21
109.6
 31
0.0
100
AcDbText
  0
VIEWPORT
  5
5C9
330
1B
100
AcDbEntity
 67
1
  8
R-RZUTNIA
100
AcDbViewport
 10
359.5
 20
217.0
 30
0.0
 40
501.02890074948897
 41
297.0
 68
2
 69
3
 12
8.275722518737226
 22
3.1750000000000007
 13
0.0
 23
0.0
 14
10.0
 24
10.0
 15
10.0
 25
10.0
 16
0.0
 26
0.0
 36
1.0
 17
0.0
 27
0.0
 37
0.0
 42
50.0
 43
0.0
 44
0.0
 45
14.850000000000001
 50
0.0
 51
0.0
 72
100
 90
16384
  1

281
0
 71
0
 74
0
110
0.0
120
0.0
130
0.0
111
1.0
121
0.0
131
0.0
112
0.0
122
1.0
132
0.0
 79
0
146
0.0
282
0
  0
ENDSEC
  0
SECTION
  2
OBJECTS
  0
DICTIONARY
  5
A
330
0
100
AcDbDictionary
281
1
  3
ACAD_COLOR
350
B
  3
ACAD_GROUP
350
C
  3
ACAD_LAYOUT
350
D
  3
ACAD_MATERIAL
350
E
  3
ACAD_MLEADERSTYLE
350
F
  3
ACAD_MLINESTYLE
350
10
  3
ACAD_PLOTSETTINGS
350
11
  3
ACAD_PLOTSTYLENAME
350
12
  3
ACAD_SCALELIST
350
14
  3
ACAD_TABLESTYLE
350
15
  3
ACAD_VISUALSTYLE
350
16
  3
EZDXF_META
350
2D
  0
DICTIONARY
  5
B
330
A
100
AcDbDictionary
281
1
  0
DICTIONARY
  5
C
330
A
100
AcDbDictionary
281
1
  0
DICTIONARY
  5
D
330
A
100
AcDbDictionary
281
1
  3
Model
350
1A
  3
Arkusz PT-IE-01
350
1E
  0
DICTIONARY
  5
E
330
A
100
AcDbDictionary
281
1
  3
ByBlock
350
1F
  3
ByLayer
350
20
  3
Global
350
21
  0
DICTIONARY
  5
F
330
A
100
AcDbDictionary
281
1
  3
Standard
350
2C
  0
DICTIONARY
  5
10
330
A
100
AcDbDictionary
281
1
  3
Standard
350
22
  0
DICTIONARY
  5
11
330
A
100
AcDbDictionary
281
1
  0
ACDBDICTIONARYWDFLT
  5
12
330
A
100
AcDbDictionary
281
1
  3
Normal
350
13
100
AcDbDictionaryWithDefault
340
13
  0
ACDBPLACEHOLDER
  5
13
330
12
  0
DICTIONARY
  5
14
330
A
100
AcDbDictionary
281
1
  0
DICTIONARY
  5
15
330
A
100
AcDbDictionary
281
1
  0
DICTIONARY
  5
16
330
A
100
AcDbDictionary
281
1
  0
LAYOUT
  5
1A
330
D
100
AcDbPlotSettings
  1

  4
A3
  6

 40
7.5
 41
20.0
 42
7.5
 43
20.0
 44
420.0
 45
297.0
 46
0.0
 47
0.0
 48
0.0
 49
0.0
140
0.0
141
0.0
142
1.0
143
1.0
 70
1024
 72
1
 73
0
 74
5
  7

 75
16
 76
0
 77
2
 78
300
147
1.0
148
0.0
149
0.0
100
AcDbLayout
  1
Model
 70
1
 71
0
 10
0.0
 20
0.0
 11
420.0
 21
297.0
 12
0.0
 22
0.0
 32
0.0
 14
1e+20
 24
1e+20
 34
1e+20
 15
-1e+20
 25
-1e+20
 35
-1e+20
146
0.0
 13
0.0
 23
0.0
 33
0.0
 16
1.0
 26
0.0
 36
0.0
 17
0.0
 27
1.0
 37
0.0
 76
1
330
17
  0
LAYOUT
  5
1E
330
D
100
AcDbPlotSettings
  1

  2
DWG to PDF.pc3
  4
LAMELA_(891.00_x_420.00_MM)
  6

 40
0.0
 41
0.0
 42
0.0
 43
0.0
 44
891.0
 45
420.0
 46
0.0
 47
0.0
 48
0.0
 49
0.0
140
0.0
141
0.0
142
1.0
143
1.0
 70
672
 72
1
 73
0
 74
5
  7

 75
16
 76
0
 77
2
 78
300
147
1.0
148
0.0
149
0.0
100
AcDbLayout
  1
Arkusz PT-IE-01
 70
1
 71
1
 10
-0.0
 20
-0.0
 11
891.0
 21
420.0
 12
0.0
 22
0.0
 32
0.0
 14
1e+20
 24
1e+20
 34
1e+20
 15
-1e+20
 25
-1e+20
 35
-1e+20
146
0.0
 13
0.0
 23
0.0
 33
0.0
 16
1.0
 26
0.0
 36
0.0
 17
0.0
 27
1.0
 37
0.0
 76
1
330
1B
331
A3
  0
MATERIAL
  5
1F
102
{ACAD_REACTORS
330
E
102
}
330
E
100
AcDbMaterial
  1
ByBlock
  2

 70
0
 40
1.0
 71
1
 41
1.0
 91
-1023410177
 42
1.0
 72
1
  3

 73
1
 74
1
 75
1
 44
0.5
 73
0
 45
1.0
 46
1.0
 77
1
  4

 78
1
 79
1
170
1
 48
1.0
171
1
  6

172
1
173
1
174
1
140
1.0
141
1.0
175
1
  7

176
1
177
1
178
1
143
1.0
179
1
  8

270
1
271
1
272
1
145
1.0
146
1.0
273
1
  9

274
1
275
1
276
1
 42
1.0
 72
1
  3

 73
1
 74
1
 75
1
 94
63
  0
MATERIAL
  5
20
102
{ACAD_REACTORS
330
E
102
}
330
E
100
AcDbMaterial
  1
ByLayer
  2

 70
0
 40
1.0
 71
1
 41
1.0
 91
-1023410177
 42
1.0
 72
1
  3

 73
1
 74
1
 75
1
 44
0.5
 73
0
 45
1.0
 46
1.0
 77
1
  4

 78
1
 79
1
170
1
 48
1.0
171
1
  6

172
1
173
1
174
1
140
1.0
141
1.0
175
1
  7

176
1
177
1
178
1
143
1.0
179
1
  8

270
1
271
1
272
1
145
1.0
146
1.0
273
1
  9

274
1
275
1
276
1
 42
1.0
 72
1
  3

 73
1
 74
1
 75
1
 94
63
  0
MATERIAL
  5
21
102
{ACAD_REACTORS
330
E
102
}
330
E
100
AcDbMaterial
  1
Global
  2

 70
0
 40
1.0
 71
1
 41
1.0
 91
-1023410177
 42
1.0
 72
1
  3

 73
1
 74
1
 75
1
 44
0.5
 73
0
 45
1.0
 46
1.0
 77
1
  4

 78
1
 79
1
170
1
 48
1.0
171
1
  6

172
1
173
1
174
1
140
1.0
141
1.0
175
1
  7

176
1
177
1
178
1
143
1.0
179
1
  8

270
1
271
1
272
1
145
1.0
146
1.0
273
1
  9

274
1
275
1
276
1
 42
1.0
 72
1
  3

 73
1
 74
1
 75
1
 94
63
  0
MLINESTYLE
  5
22
102
{ACAD_REACTORS
330
10
102
}
330
10
100
AcDbMlineStyle
  2
Standard
 70
0
  3

 62
256
 51
90.0
 52
90.0
 71
2
 49
0.5
 62
256
  6
BYLAYER
 49
-0.5
 62
256
  6
BYLAYER
  0
MLEADERSTYLE
  5
2C
102
{ACAD_REACTORS
330
F
102
}
330
F
100
AcDbMLeaderStyle
179
2
170
2
171
1
172
0
 90
2
 40
0.0
 41
0.0
173
1
 91
-1056964608
 92
-2
290
1
 42
2.0
291
1
 43
8.0
  3
Standard
 44
4.0
300

342
29
174
1
175
1
176
0
178
1
 93
-1056964608
 45
4.0
292
0
297
0
 46
4.0
 94
-1056964608
 47
1.0
 49
1.0
140
1.0
294
1
141
0.0
177
0
142
1.0
295
0
296
0
143
3.75
271
0
272
9
273
9
  0
DICTIONARY
  5
2D
330
A
100
AcDbDictionary
280
1
281
1
  3
CREATED_BY_EZDXF
350
2E
  3
WRITTEN_BY_EZDXF
350
5CC
  0
DICTIONARYVAR
  5
2E
330
2D
100
DictionaryVariables
280
0
  1
1.4.4 @ 2026-09-25T05:05:12.349828+00:00
  0
DICTIONARYVAR
  5
5CC
330
2D
100
DictionaryVariables
280
0
  1
1.4.4 @ 2026-09-25T05:05:12.463489+00:00
  0
ENDSEC
  0
EOF
